<?xml version="1.0" encoding="UTF-8" ?><gpx version="1.1" creator="GPSLogger 135 - http://gpslogger.mendhak.com/" xmlns:xsi="http://www.w3.org/2001/XMLSchema-instance" xmlns="http://www.topografix.com/GPX/1/1" xmlns:gpxtpx="http://www.garmin.com/xmlschemas/TrackPointExtension/v2" xsi:schemaLocation="http://www.topografix.com/GPX/1/1 http://www.topografix.com/GPX/1/1/gpx.xsd http://www.garmin.com/xmlschemas/TrackPointExtension/v2 https://www8.garmin.com/xmlschemas/TrackPointExtensionv2.xsd "><metadata><time>2025-12-04T18:14:32.000Z</time></metadata><trk><name>20251204</name><trkseg><trkpt lat="29.379141333333337" lon="-95.59344866666667"><ele>27.1</ele><time>2025-12-04T18:14:32.000Z</time><extensions><gpxtpx:TrackPointExtension><gpxtpx:speed>0.25375804</gpxtpx:speed></gpxtpx:TrackPointExtension></extensions><geoidheight>-23.8</geoidheight><src>gps</src><sat>6</sat><hdop>2.80</hdop><vdop>1.91</vdop><pdop>3.39</pdop></trkpt>
<trkpt lat="29.379243166666665" lon="-95.59345383333333"><ele>32.9</ele><time>2025-12-04T18:14:38.000Z</time><extensions><gpxtpx:TrackPointExtension><gpxtpx:speed>0.157505</gpxtpx:speed></gpxtpx:TrackPointExtension></extensions><geoidheight>-23.8</geoidheight><src>gps</src><sat>7</sat><hdop>2.80</hdop><vdop>1.91</vdop><pdop>3.39</pdop></trkpt>
<trkpt lat="29.37919433333333" lon="-95.59343349999999"><ele>29.2</ele><time>2025-12-04T18:15:02.000Z</time><extensions><gpxtpx:TrackPointExtension><gpxtpx:speed>0.027795</gpxtpx:speed></gpxtpx:TrackPointExtension></extensions><geoidheight>-23.8</geoidheight><src>gps</src><sat>9</sat><hdop>1.13</hdop><vdop>1.42</vdop><pdop>1.81</pdop></trkpt>
<trkpt lat="29.379145499999996" lon="-95.59342166666666"><ele>29.3</ele><time>2025-12-04T18:15:44.000Z</time><extensions><gpxtpx:TrackPointExtension><gpxtpx:speed>0.13176888</gpxtpx:speed></gpxtpx:TrackPointExtension></extensions><geoidheight>-23.8</geoidheight><src>gps</src><sat>9</sat><hdop>1.02</hdop><vdop>1.40</vdop><pdop>1.74</pdop></trkpt>
<trkpt lat="29.379191999999996" lon="-95.59343883333334"><ele>31.8</ele><time>2025-12-04T18:16:38.000Z</time><extensions><gpxtpx:TrackPointExtension><gpxtpx:speed>0.047354445</gpxtpx:speed></gpxtpx:TrackPointExtension></extensions><geoidheight>-23.8</geoidheight><src>gps</src><sat>11</sat><hdop>0.97</hdop><vdop>1.26</vdop><pdop>1.59</pdop></trkpt>
<trkpt lat="29.3792375" lon="-95.59343783333334"><ele>35.3</ele><time>2025-12-04T18:17:08.000Z</time><extensions><gpxtpx:TrackPointExtension><gpxtpx:speed>0.038089443</gpxtpx:speed></gpxtpx:TrackPointExtension></extensions><geoidheight>-23.8</geoidheight><src>gps</src><sat>12</sat><hdop>0.97</hdop><vdop>1.26</vdop><pdop>1.59</pdop></trkpt>
<trkpt lat="29.379182833333335" lon="-95.59343966666665"><ele>18.7</ele><time>2025-12-04T18:21:26.000Z</time><extensions><gpxtpx:TrackPointExtension><gpxtpx:speed>0.012868055</gpxtpx:speed></gpxtpx:TrackPointExtension></extensions><geoidheight>-23.8</geoidheight><src>gps</src><sat>12</sat><hdop>1.00</hdop><vdop>1.29</vdop><pdop>1.63</pdop></trkpt>
<trkpt lat="29.37922116666667" lon="-95.59347016666668"><ele>14.2</ele><time>2025-12-04T18:27:20.000Z</time><extensions><gpxtpx:TrackPointExtension><gpxtpx:speed>0.04786917</gpxtpx:speed></gpxtpx:TrackPointExtension></extensions><geoidheight>-23.8</geoidheight><src>gps</src><sat>13</sat><hdop>0.87</hdop><vdop>1.28</vdop><pdop>1.55</pdop></trkpt>
<trkpt lat="29.379262" lon="-95.59344683333332"><ele>23.3</ele><time>2025-12-04T18:32:20.000Z</time><extensions><gpxtpx:TrackPointExtension><gpxtpx:speed>0.02573611</gpxtpx:speed></gpxtpx:TrackPointExtension></extensions><geoidheight>-23.8</geoidheight><src>gps</src><sat>14</sat><hdop>0.74</hdop><vdop>1.22</vdop><pdop>1.42</pdop></trkpt>
<trkpt lat="29.379319499999998" lon="-95.59343183333334"><ele>17.8</ele><time>2025-12-04T18:33:14.000Z</time><extensions><gpxtpx:TrackPointExtension><gpxtpx:bearing>340.98</gpxtpx:bearing><gpxtpx:speed>1.5225483</gpxtpx:speed></gpxtpx:TrackPointExtension></extensions><geoidheight>-23.8</geoidheight><src>gps</src><sat>14</sat><hdop>1.06</hdop><vdop>1.35</vdop><pdop>1.72</pdop></trkpt>
<trkpt lat="29.379346333333334" lon="-95.59356216666666"><ele>13.6</ele><time>2025-12-04T18:33:20.000Z</time><extensions><gpxtpx:TrackPointExtension><gpxtpx:bearing>278.98</gpxtpx:bearing><gpxtpx:speed>2.4505925</gpxtpx:speed></gpxtpx:TrackPointExtension></extensions><geoidheight>-23.8</geoidheight><src>gps</src><sat>12</sat><hdop>0.77</hdop><vdop>1.21</vdop><pdop>1.44</pdop></trkpt>
<trkpt lat="29.3793685" lon="-95.59368766666667"><ele>12.2</ele><time>2025-12-04T18:33:26.000Z</time><extensions><gpxtpx:TrackPointExtension><gpxtpx:bearing>285.42</gpxtpx:bearing><gpxtpx:speed>2.1417592</gpxtpx:speed></gpxtpx:TrackPointExtension></extensions><geoidheight>-23.8</geoidheight><src>gps</src><sat>13</sat><hdop>0.77</hdop><vdop>1.21</vdop><pdop>1.44</pdop></trkpt>
<trkpt lat="29.379394833333336" lon="-95.59386066666666"><ele>6.5</ele><time>2025-12-04T18:33:32.000Z</time><extensions><gpxtpx:TrackPointExtension><gpxtpx:bearing>280.65</gpxtpx:bearing><gpxtpx:speed>2.8793561</gpxtpx:speed></gpxtpx:TrackPointExtension></extensions><geoidheight>-23.8</geoidheight><src>gps</src><sat>14</sat><hdop>0.81</hdop><vdop>1.13</vdop><pdop>1.39</pdop></trkpt>
<trkpt lat="29.3794165" lon="-95.59399783333335"><ele>4.4</ele><time>2025-12-04T18:33:38.000Z</time><extensions><gpxtpx:TrackPointExtension><gpxtpx:bearing>284.6</gpxtpx:bearing><gpxtpx:speed>1.3104827</gpxtpx:speed></gpxtpx:TrackPointExtension></extensions><geoidheight>-23.8</geoidheight><src>gps</src><sat>13</sat><hdop>0.82</hdop><vdop>1.21</vdop><pdop>1.46</pdop></trkpt>
<trkpt lat="29.379425666666666" lon="-95.59409666666667"><ele>3.6</ele><time>2025-12-04T18:33:44.000Z</time><extensions><gpxtpx:TrackPointExtension><gpxtpx:bearing>280.62</gpxtpx:bearing><gpxtpx:speed>1.1009909</gpxtpx:speed></gpxtpx:TrackPointExtension></extensions><geoidheight>-23.8</geoidheight><src>gps</src><sat>14</sat><hdop>0.82</hdop><vdop>1.10</vdop><pdop>1.37</pdop></trkpt>
<trkpt lat="29.379421" lon="-95.59419316666666"><ele>2.5</ele><time>2025-12-04T18:33:50.000Z</time><extensions><gpxtpx:TrackPointExtension><gpxtpx:speed>0.6866394</gpxtpx:speed></gpxtpx:TrackPointExtension></extensions><geoidheight>-23.8</geoidheight><src>gps</src><sat>14</sat><hdop>0.82</hdop><vdop>1.21</vdop><pdop>1.46</pdop></trkpt>
<trkpt lat="29.379415" lon="-95.59432666666667"><ele>1.6</ele><time>2025-12-04T18:33:56.000Z</time><extensions><gpxtpx:TrackPointExtension><gpxtpx:bearing>270.17</gpxtpx:bearing><gpxtpx:speed>2.5710375</gpxtpx:speed></gpxtpx:TrackPointExtension></extensions><geoidheight>-23.8</geoidheight><src>gps</src><sat>14</sat><hdop>0.77</hdop><vdop>1.10</vdop><pdop>1.34</pdop></trkpt>
<trkpt lat="29.379423499999998" lon="-95.59451466666665"><ele>-2.0</ele><time>2025-12-04T18:34:02.000Z</time><extensions><gpxtpx:TrackPointExtension><gpxtpx:bearing>280.59</gpxtpx:bearing><gpxtpx:speed>2.599347</gpxtpx:speed></gpxtpx:TrackPointExtension></extensions><geoidheight>-23.8</geoidheight><src>gps</src><sat>14</sat><hdop>0.74</hdop><vdop>1.09</vdop><pdop>1.31</pdop></trkpt>
<trkpt lat="29.379466" lon="-95.59469616666665"><ele>-6.6</ele><time>2025-12-04T18:34:08.000Z</time><extensions><gpxtpx:TrackPointExtension><gpxtpx:bearing>295.68</gpxtpx:bearing><gpxtpx:speed>2.7321455</gpxtpx:speed></gpxtpx:TrackPointExtension></extensions><geoidheight>-23.8</geoidheight><src>gps</src><sat>13</sat><hdop>0.82</hdop><vdop>1.21</vdop><pdop>1.46</pdop></trkpt>
<trkpt lat="29.379544166666665" lon="-95.59491433333332"><ele>-12.9</ele><time>2025-12-04T18:34:14.000Z</time><extensions><gpxtpx:TrackPointExtension><gpxtpx:bearing>302.84</gpxtpx:bearing><gpxtpx:speed>4.320578</gpxtpx:speed></gpxtpx:TrackPointExtension></extensions><geoidheight>-23.8</geoidheight><src>gps</src><sat>13</sat><hdop>0.81</hdop><vdop>1.23</vdop><pdop>1.47</pdop></trkpt>
<trkpt lat="29.379604166666663" lon="-95.59513399999999"><ele>-17.1</ele><time>2025-12-04T18:34:20.000Z</time><extensions><gpxtpx:TrackPointExtension><gpxtpx:bearing>271.98</gpxtpx:bearing><gpxtpx:speed>1.3959267</gpxtpx:speed></gpxtpx:TrackPointExtension></extensions><geoidheight>-23.8</geoidheight><src>gps</src><sat>13</sat><hdop>1.55</hdop><vdop>1.84</vdop><pdop>2.40</pdop></trkpt>
<trkpt lat="29.379627833333334" lon="-95.59532983333332"><ele>-15.7</ele><time>2025-12-04T18:34:26.000Z</time><extensions><gpxtpx:TrackPointExtension><gpxtpx:bearing>267.68</gpxtpx:bearing><gpxtpx:speed>2.567949</gpxtpx:speed></gpxtpx:TrackPointExtension></extensions><geoidheight>-23.8</geoidheight><src>gps</src><sat>14</sat><hdop>1.15</hdop><vdop>1.64</vdop><pdop>2.01</pdop></trkpt>
<trkpt lat="29.379664499999997" lon="-95.59556483333333"><ele>-12.1</ele><time>2025-12-04T18:34:32.000Z</time><extensions><gpxtpx:TrackPointExtension><gpxtpx:bearing>281.59</gpxtpx:bearing><gpxtpx:speed>2.647731</gpxtpx:speed></gpxtpx:TrackPointExtension></extensions><geoidheight>-23.8</geoidheight><src>gps</src><sat>14</sat><hdop>0.98</hdop><vdop>1.96</vdop><pdop>2.19</pdop></trkpt>
<trkpt lat="29.37969033333333" lon="-95.59568433333334"><ele>-8.3</ele><time>2025-12-04T18:34:38.000Z</time><extensions><gpxtpx:TrackPointExtension><gpxtpx:bearing>286.35</gpxtpx:bearing><gpxtpx:speed>1.0001053</gpxtpx:speed></gpxtpx:TrackPointExtension></extensions><geoidheight>-23.8</geoidheight><src>gps</src><sat>14</sat><hdop>1.54</hdop><vdop>1.84</vdop><pdop>2.40</pdop></trkpt>
<trkpt lat="29.3797295" lon="-95.59578083333332"><ele>-5.0</ele><time>2025-12-04T18:34:44.000Z</time><extensions><gpxtpx:TrackPointExtension><gpxtpx:bearing>320.33</gpxtpx:bearing><gpxtpx:speed>1.4906355</gpxtpx:speed></gpxtpx:TrackPointExtension></extensions><geoidheight>-23.8</geoidheight><src>gps</src><sat>14</sat><hdop>1.03</hdop><vdop>1.64</vdop><pdop>1.93</pdop></trkpt>
<trkpt lat="29.379812" lon="-95.59581616666668"><ele>-2.2</ele><time>2025-12-04T18:34:50.000Z</time><extensions><gpxtpx:TrackPointExtension><gpxtpx:bearing>26.92</gpxtpx:bearing><gpxtpx:speed>1.8293228</gpxtpx:speed></gpxtpx:TrackPointExtension></extensions><geoidheight>-23.8</geoidheight><src>gps</src><sat>12</sat><hdop>1.14</hdop><vdop>1.99</vdop><pdop>2.29</pdop></trkpt>
<trkpt lat="29.37995433333333" lon="-95.59582266666666"><ele>-2.9</ele><time>2025-12-04T18:34:56.000Z</time><extensions><gpxtpx:TrackPointExtension><gpxtpx:bearing>348.49</gpxtpx:bearing><gpxtpx:speed>2.9920802</gpxtpx:speed></gpxtpx:TrackPointExtension></extensions><geoidheight>-23.8</geoidheight><src>gps</src><sat>13</sat><hdop>1.18</hdop><vdop>2.29</vdop><pdop>2.58</pdop></trkpt>
<trkpt lat="29.380013666666667" lon="-95.59592983333332"><ele>-0.3</ele><time>2025-12-04T18:35:02.000Z</time><extensions><gpxtpx:TrackPointExtension><gpxtpx:speed>0.056619443</gpxtpx:speed></gpxtpx:TrackPointExtension></extensions><geoidheight>-23.8</geoidheight><src>gps</src><sat>12</sat><hdop>1.02</hdop><vdop>1.64</vdop><pdop>1.93</pdop></trkpt>
<trkpt lat="29.380022333333333" lon="-95.59598416666668"><ele>4.7</ele><time>2025-12-04T18:35:14.000Z</time><extensions><gpxtpx:TrackPointExtension><gpxtpx:speed>0.29750943</gpxtpx:speed></gpxtpx:TrackPointExtension></extensions><geoidheight>-23.8</geoidheight><src>gps</src><sat>14</sat><hdop>1.04</hdop><vdop>1.63</vdop><pdop>1.93</pdop></trkpt>
<trkpt lat="29.3799015" lon="-95.59604800000001"><ele>9.5</ele><time>2025-12-04T18:35:38.000Z</time><extensions><gpxtpx:TrackPointExtension><gpxtpx:bearing>195.9</gpxtpx:bearing><gpxtpx:speed>1.0994467</gpxtpx:speed></gpxtpx:TrackPointExtension></extensions><geoidheight>-23.8</geoidheight><src>gps</src><sat>14</sat><hdop>0.77</hdop><vdop>1.19</vdop><pdop>1.42</pdop></trkpt>
<trkpt lat="29.379847" lon="-95.59606966666666"><ele>9.6</ele><time>2025-12-04T18:35:44.000Z</time><extensions><gpxtpx:TrackPointExtension><gpxtpx:bearing>201.6</gpxtpx:bearing><gpxtpx:speed>0.5311933</gpxtpx:speed></gpxtpx:TrackPointExtension></extensions><geoidheight>-23.8</geoidheight><src>gps</src><sat>14</sat><hdop>0.78</hdop><vdop>1.24</vdop><pdop>1.47</pdop></trkpt>
<trkpt lat="29.379901166666667" lon="-95.59615800000002"><time>2025-12-04T18:39:40.000Z</time><extensions><gpxtpx:TrackPointExtension><gpxtpx:speed>0.044266112</gpxtpx:speed></gpxtpx:TrackPointExtension></extensions><src>gps</src><hdop>1.60</hdop><vdop>3.38</vdop><pdop>3.74</pdop></trkpt>
<trkpt lat="29.380018000000003" lon="-95.59601550000001"><ele>0.4</ele><time>2025-12-04T18:39:46.000Z</time><extensions><gpxtpx:TrackPointExtension><gpxtpx:speed>0.047354445</gpxtpx:speed></gpxtpx:TrackPointExtension></extensions><geoidheight>-23.8</geoidheight><src>gps</src><sat>5</sat><hdop>1.60</hdop><vdop>3.38</vdop><pdop>3.73</pdop></trkpt>
<trkpt lat="29.379958333333335" lon="-95.59602016666668"><ele>10.1</ele><time>2025-12-04T18:39:58.000Z</time><extensions><gpxtpx:TrackPointExtension><gpxtpx:speed>0.03448639</gpxtpx:speed></gpxtpx:TrackPointExtension></extensions><geoidheight>-23.8</geoidheight><src>gps</src><sat>5</sat><hdop>1.60</hdop><vdop>3.37</vdop><pdop>3.72</pdop></trkpt>
<trkpt lat="29.37989716666667" lon="-95.59604050000002"><ele>12.5</ele><time>2025-12-04T18:40:28.000Z</time><extensions><gpxtpx:TrackPointExtension><gpxtpx:speed>0.023677222</gpxtpx:speed></gpxtpx:TrackPointExtension></extensions><geoidheight>-23.8</geoidheight><src>gps</src><sat>7</sat><hdop>1.30</hdop><vdop>2.46</vdop><pdop>2.78</pdop></trkpt>
<trkpt lat="29.379850333333334" lon="-95.59606000000001"><ele>17.9</ele><time>2025-12-04T18:40:52.000Z</time><extensions><gpxtpx:TrackPointExtension><gpxtpx:speed>0.20485945</gpxtpx:speed></gpxtpx:TrackPointExtension></extensions><geoidheight>-23.8</geoidheight><src>gps</src><sat>8</sat><hdop>1.20</hdop><vdop>2.35</vdop><pdop>2.64</pdop></trkpt>
<trkpt lat="29.379833833333336" lon="-95.59601033333333"><ele>18.9</ele><time>2025-12-04T18:45:16.000Z</time><extensions><gpxtpx:TrackPointExtension><gpxtpx:speed>0.04683972</gpxtpx:speed></gpxtpx:TrackPointExtension></extensions><geoidheight>-23.8</geoidheight><src>gps</src><sat>11</sat><hdop>0.94</hdop><vdop>1.68</vdop><pdop>1.93</pdop><dgpsid>0000</dgpsid></trkpt>
<trkpt lat="29.379797500000002" lon="-95.59604149999998"><ele>13.6</ele><time>2025-12-04T18:48:10.000Z</time><extensions><gpxtpx:TrackPointExtension><gpxtpx:speed>0.07103167</gpxtpx:speed></gpxtpx:TrackPointExtension></extensions><geoidheight>-23.8</geoidheight><src>gps</src><sat>11</sat><hdop>0.93</hdop><vdop>1.54</vdop><pdop>1.80</pdop><dgpsid>0000</dgpsid></trkpt>
<trkpt lat="29.379836666666666" lon="-95.596072"><ele>15.8</ele><time>2025-12-04T18:50:52.000Z</time><extensions><gpxtpx:TrackPointExtension><gpxtpx:speed>0.011838611</gpxtpx:speed></gpxtpx:TrackPointExtension></extensions><geoidheight>-23.8</geoidheight><src>gps</src><sat>12</sat><hdop>0.92</hdop><vdop>1.51</vdop><pdop>1.77</pdop><dgpsid>0000</dgpsid></trkpt>
<trkpt lat="29.379791500000003" lon="-95.596078"><ele>23.3</ele><time>2025-12-04T18:52:22.000Z</time><extensions><gpxtpx:TrackPointExtension><gpxtpx:speed>0.03448639</gpxtpx:speed></gpxtpx:TrackPointExtension></extensions><geoidheight>-23.8</geoidheight><src>gps</src><sat>12</sat><hdop>0.85</hdop><vdop>1.41</vdop><pdop>1.65</pdop><dgpsid>0000</dgpsid></trkpt>
<trkpt lat="29.379784333333337" lon="-95.59602000000001"><ele>15.2</ele><time>2025-12-04T18:53:52.000Z</time><extensions><gpxtpx:TrackPointExtension><gpxtpx:speed>0.036545277</gpxtpx:speed></gpxtpx:TrackPointExtension></extensions><geoidheight>-23.8</geoidheight><src>gps</src><sat>12</sat><hdop>0.82</hdop><vdop>1.52</vdop><pdop>1.72</pdop><dgpsid>0000</dgpsid></trkpt>
<trkpt lat="29.379827833333334" lon="-95.59600566666668"><ele>17.9</ele><time>2025-12-04T18:56:28.000Z</time><extensions><gpxtpx:TrackPointExtension><gpxtpx:speed>0.04375139</gpxtpx:speed></gpxtpx:TrackPointExtension></extensions><geoidheight>-23.8</geoidheight><src>gps</src><sat>12</sat><hdop>0.88</hdop><vdop>1.46</vdop><pdop>1.70</pdop><dgpsid>0000</dgpsid></trkpt>
<trkpt lat="29.379787166666667" lon="-95.59603816666667"><ele>22.5</ele><time>2025-12-04T18:57:28.000Z</time><extensions><gpxtpx:TrackPointExtension><gpxtpx:speed>0.012353334</gpxtpx:speed></gpxtpx:TrackPointExtension></extensions><geoidheight>-23.8</geoidheight><src>gps</src><sat>12</sat><hdop>0.91</hdop><vdop>1.35</vdop><pdop>1.63</pdop><dgpsid>0000</dgpsid></trkpt>
<trkpt lat="29.37973416666667" lon="-95.59606600000001"><ele>21.2</ele><time>2025-12-04T18:58:34.000Z</time><extensions><gpxtpx:TrackPointExtension><gpxtpx:speed>0.66862416</gpxtpx:speed></gpxtpx:TrackPointExtension></extensions><geoidheight>-23.8</geoidheight><src>gps</src><sat>13</sat><hdop>0.76</hdop><vdop>1.18</vdop><pdop>1.41</pdop><dgpsid>0000</dgpsid></trkpt>
<trkpt lat="29.3797325" lon="-95.59601249999999"><ele>17.4</ele><time>2025-12-04T18:59:46.000Z</time><extensions><gpxtpx:TrackPointExtension><gpxtpx:speed>0.0036030556</gpxtpx:speed></gpxtpx:TrackPointExtension></extensions><geoidheight>-23.8</geoidheight><src>gps</src><sat>13</sat><hdop>0.87</hdop><vdop>1.28</vdop><pdop>1.55</pdop><dgpsid>0000</dgpsid></trkpt>
<trkpt lat="29.379694499999996" lon="-95.59591566666668"><ele>20.0</ele><time>2025-12-04T18:59:58.000Z</time><extensions><gpxtpx:TrackPointExtension><gpxtpx:bearing>91.14</gpxtpx:bearing><gpxtpx:speed>1.0031936</gpxtpx:speed></gpxtpx:TrackPointExtension></extensions><geoidheight>-23.8</geoidheight><src>gps</src><sat>13</sat><hdop>0.79</hdop><vdop>1.18</vdop><pdop>1.42</pdop><dgpsid>0000</dgpsid></trkpt>
<trkpt lat="29.379736666666666" lon="-95.5959585"><ele>20.1</ele><time>2025-12-04T19:00:16.000Z</time><extensions><gpxtpx:TrackPointExtension><gpxtpx:speed>0.029339166</gpxtpx:speed></gpxtpx:TrackPointExtension></extensions><geoidheight>-23.8</geoidheight><src>gps</src><sat>14</sat><hdop>0.73</hdop><vdop>1.07</vdop><pdop>1.29</pdop><dgpsid>0000</dgpsid></trkpt>
<trkpt lat="29.37978033333333" lon="-95.59592416666668"><ele>22.3</ele><time>2025-12-04T19:00:34.000Z</time><extensions><gpxtpx:TrackPointExtension><gpxtpx:bearing>40.51</gpxtpx:bearing><gpxtpx:speed>2.525742</gpxtpx:speed></gpxtpx:TrackPointExtension></extensions><geoidheight>-23.8</geoidheight><src>gps</src><sat>14</sat><hdop>0.69</hdop><vdop>1.06</vdop><pdop>1.27</pdop><dgpsid>0000</dgpsid></trkpt>
<trkpt lat="29.37995433333333" lon="-95.59591700000001"><ele>21.2</ele><time>2025-12-04T19:00:40.000Z</time><extensions><gpxtpx:TrackPointExtension><gpxtpx:bearing>9.33</gpxtpx:bearing><gpxtpx:speed>3.876373</gpxtpx:speed></gpxtpx:TrackPointExtension></extensions><geoidheight>-23.8</geoidheight><src>gps</src><sat>14</sat><hdop>0.77</hdop><vdop>1.18</vdop><pdop>1.41</pdop><dgpsid>0000</dgpsid></trkpt>
<trkpt lat="29.38018683333333" lon="-95.59590850000001"><ele>18.8</ele><time>2025-12-04T19:00:46.000Z</time><extensions><gpxtpx:TrackPointExtension><gpxtpx:bearing>3.97</gpxtpx:bearing><gpxtpx:speed>4.8986115</gpxtpx:speed></gpxtpx:TrackPointExtension></extensions><geoidheight>-23.8</geoidheight><src>gps</src><sat>13</sat><hdop>0.77</hdop><vdop>1.18</vdop><pdop>1.41</pdop><dgpsid>0000</dgpsid></trkpt>
<trkpt lat="29.38041033333333" lon="-95.5958635"><ele>16.5</ele><time>2025-12-04T19:00:52.000Z</time><extensions><gpxtpx:TrackPointExtension><gpxtpx:bearing>17.23</gpxtpx:bearing><gpxtpx:speed>1.5050478</gpxtpx:speed></gpxtpx:TrackPointExtension></extensions><geoidheight>-23.8</geoidheight><src>gps</src><sat>14</sat><hdop>1.32</hdop><vdop>2.37</vdop><pdop>2.71</pdop><dgpsid>0000</dgpsid></trkpt>
<trkpt lat="29.380497" lon="-95.59583733333332"><ele>18.7</ele><time>2025-12-04T19:00:58.000Z</time><extensions><gpxtpx:TrackPointExtension><gpxtpx:bearing>24.62</gpxtpx:bearing><gpxtpx:speed>1.4437958</gpxtpx:speed></gpxtpx:TrackPointExtension></extensions><geoidheight>-23.8</geoidheight><src>gps</src><sat>14</sat><hdop>0.88</hdop><vdop>1.55</vdop><pdop>1.78</pdop><dgpsid>0000</dgpsid></trkpt>
<trkpt lat="29.380562499999996" lon="-95.59583766666668"><ele>23.4</ele><time>2025-12-04T19:01:10.000Z</time><extensions><gpxtpx:TrackPointExtension><gpxtpx:speed>0.09470889</gpxtpx:speed></gpxtpx:TrackPointExtension></extensions><geoidheight>-23.8</geoidheight><src>gps</src><sat>14</sat><hdop>0.74</hdop><vdop>1.08</vdop><pdop>1.31</pdop><dgpsid>0000</dgpsid></trkpt>
<trkpt lat="29.38060816666667" lon="-95.5958215"><ele>31.8</ele><time>2025-12-04T19:01:40.000Z</time><extensions><gpxtpx:TrackPointExtension><gpxtpx:speed>0.0602225</gpxtpx:speed></gpxtpx:TrackPointExtension></extensions><geoidheight>-23.8</geoidheight><src>gps</src><sat>14</sat><hdop>0.77</hdop><vdop>1.08</vdop><pdop>1.33</pdop><dgpsid>0000</dgpsid></trkpt>
<trkpt lat="29.380652666666666" lon="-95.59580166666667"><ele>36.5</ele><time>2025-12-04T19:02:04.000Z</time><extensions><gpxtpx:TrackPointExtension><gpxtpx:speed>0.09419417</gpxtpx:speed></gpxtpx:TrackPointExtension></extensions><geoidheight>-23.8</geoidheight><src>gps</src><sat>13</sat><hdop>0.76</hdop><vdop>1.08</vdop><pdop>1.33</pdop><dgpsid>0000</dgpsid></trkpt>
<trkpt lat="29.38069816666667" lon="-95.59584016666668"><ele>36.3</ele><time>2025-12-04T19:03:04.000Z</time><extensions><gpxtpx:TrackPointExtension><gpxtpx:bearing>328.88</gpxtpx:bearing><gpxtpx:speed>1.9358703</gpxtpx:speed></gpxtpx:TrackPointExtension></extensions><geoidheight>-23.8</geoidheight><src>gps</src><sat>15</sat><hdop>0.80</hdop><vdop>1.21</vdop><pdop>1.45</pdop><dgpsid>0000</dgpsid></trkpt>
<trkpt lat="29.380655" lon="-95.59587866666668"><ele>37.4</ele><time>2025-12-04T19:03:22.000Z</time><extensions><gpxtpx:TrackPointExtension><gpxtpx:bearing>160.71</gpxtpx:bearing><gpxtpx:speed>0.48332417</gpxtpx:speed></gpxtpx:TrackPointExtension></extensions><geoidheight>-23.8</geoidheight><src>gps</src><sat>15</sat><hdop>0.71</hdop><vdop>1.00</vdop><pdop>1.22</pdop><dgpsid>0000</dgpsid></trkpt>
<trkpt lat="29.380587833333333" lon="-95.59590083333333"><ele>40.4</ele><time>2025-12-04T19:03:34.000Z</time><extensions><gpxtpx:TrackPointExtension><gpxtpx:speed>0.088532224</gpxtpx:speed></gpxtpx:TrackPointExtension></extensions><geoidheight>-23.8</geoidheight><src>gps</src><sat>15</sat><hdop>0.67</hdop><vdop>1.01</vdop><pdop>1.21</pdop><dgpsid>0000</dgpsid></trkpt>
<trkpt lat="29.380541166666664" lon="-95.59590716666668"><ele>35.3</ele><time>2025-12-04T19:03:52.000Z</time><extensions><gpxtpx:TrackPointExtension><gpxtpx:speed>0.1621375</gpxtpx:speed></gpxtpx:TrackPointExtension></extensions><geoidheight>-23.8</geoidheight><src>gps</src><sat>15</sat><hdop>0.71</hdop><vdop>1.00</vdop><pdop>1.22</pdop><dgpsid>0000</dgpsid></trkpt>
<trkpt lat="29.380455666666663" lon="-95.59596466666666"><ele>25.2</ele><time>2025-12-04T19:04:10.000Z</time><extensions><gpxtpx:TrackPointExtension><gpxtpx:bearing>178.8</gpxtpx:bearing><gpxtpx:speed>1.9281495</gpxtpx:speed></gpxtpx:TrackPointExtension></extensions><geoidheight>-23.8</geoidheight><src>gps</src><sat>15</sat><hdop>0.77</hdop><vdop>1.00</vdop><pdop>1.27</pdop><dgpsid>0000</dgpsid></trkpt>
<trkpt lat="29.380228166666665" lon="-95.59598149999998"><ele>18.3</ele><time>2025-12-04T19:04:16.000Z</time><extensions><gpxtpx:TrackPointExtension><gpxtpx:bearing>183.8</gpxtpx:bearing><gpxtpx:speed>6.343951</gpxtpx:speed></gpxtpx:TrackPointExtension></extensions><geoidheight>-23.8</geoidheight><src>gps</src><sat>15</sat><hdop>0.66</hdop><vdop>0.97</vdop><pdop>1.17</pdop><dgpsid>0000</dgpsid></trkpt>
<trkpt lat="29.3797655" lon="-95.5960505"><ele>13.2</ele><time>2025-12-04T19:04:22.000Z</time><extensions><gpxtpx:TrackPointExtension><gpxtpx:bearing>188.94</gpxtpx:bearing><gpxtpx:speed>9.111098</gpxtpx:speed></gpxtpx:TrackPointExtension></extensions><geoidheight>-23.8</geoidheight><src>gps</src><sat>15</sat><hdop>0.66</hdop><vdop>0.97</vdop><pdop>1.17</pdop><dgpsid>0000</dgpsid></trkpt>
<trkpt lat="29.37922083333334" lon="-95.59616550000001"><ele>10.6</ele><time>2025-12-04T19:04:28.000Z</time><extensions><gpxtpx:TrackPointExtension><gpxtpx:bearing>191.64</gpxtpx:bearing><gpxtpx:speed>9.64435</gpxtpx:speed></gpxtpx:TrackPointExtension></extensions><geoidheight>-23.8</geoidheight><src>gps</src><sat>15</sat><hdop>0.75</hdop><vdop>1.08</vdop><pdop>1.32</pdop><dgpsid>0000</dgpsid></trkpt>
<trkpt lat="29.37860166666667" lon="-95.59633566666668"><ele>10.5</ele><time>2025-12-04T19:04:34.000Z</time><extensions><gpxtpx:TrackPointExtension><gpxtpx:bearing>192.44</gpxtpx:bearing><gpxtpx:speed>12.874747</gpxtpx:speed></gpxtpx:TrackPointExtension></extensions><geoidheight>-23.8</geoidheight><src>gps</src><sat>13</sat><hdop>0.89</hdop><vdop>1.19</vdop><pdop>1.49</pdop><dgpsid>0000</dgpsid></trkpt>
<trkpt lat="29.377926166666665" lon="-95.5964955"><ele>16.1</ele><time>2025-12-04T19:04:40.000Z</time><extensions><gpxtpx:TrackPointExtension><gpxtpx:bearing>189.99</gpxtpx:bearing><gpxtpx:speed>11.386685</gpxtpx:speed></gpxtpx:TrackPointExtension></extensions><geoidheight>-23.8</geoidheight><src>gps</src><sat>14</sat><hdop>0.68</hdop><vdop>1.03</vdop><pdop>1.24</pdop><dgpsid>0000</dgpsid></trkpt>
<trkpt lat="29.377413999999998" lon="-95.59659133333335"><ele>18.0</ele><time>2025-12-04T19:04:46.000Z</time><extensions><gpxtpx:TrackPointExtension><gpxtpx:bearing>191.64</gpxtpx:bearing><gpxtpx:speed>7.8217187</gpxtpx:speed></gpxtpx:TrackPointExtension></extensions><geoidheight>-23.8</geoidheight><src>gps</src><sat>15</sat><hdop>0.64</hdop><vdop>0.97</vdop><pdop>1.16</pdop><dgpsid>0000</dgpsid></trkpt>
<trkpt lat="29.377114833333334" lon="-95.59664833333333"><ele>20.1</ele><time>2025-12-04T19:04:52.000Z</time><extensions><gpxtpx:TrackPointExtension><gpxtpx:bearing>188.57</gpxtpx:bearing><gpxtpx:speed>3.3734894</gpxtpx:speed></gpxtpx:TrackPointExtension></extensions><geoidheight>-23.8</geoidheight><src>gps</src><sat>15</sat><hdop>0.66</hdop><vdop>0.98</vdop><pdop>1.18</pdop><dgpsid>0000</dgpsid></trkpt>
<trkpt lat="29.37697466666667" lon="-95.59661383333332"><ele>21.7</ele><time>2025-12-04T19:04:58.000Z</time><extensions><gpxtpx:TrackPointExtension><gpxtpx:bearing>155.86</gpxtpx:bearing><gpxtpx:speed>3.7440894</gpxtpx:speed></gpxtpx:TrackPointExtension></extensions><geoidheight>-23.8</geoidheight><src>gps</src><sat>15</sat><hdop>0.66</hdop><vdop>0.97</vdop><pdop>1.17</pdop><dgpsid>0000</dgpsid></trkpt>
<trkpt lat="29.376812499999996" lon="-95.59637300000001"><ele>21.8</ele><time>2025-12-04T19:05:04.000Z</time><extensions><gpxtpx:TrackPointExtension><gpxtpx:bearing>123.05</gpxtpx:bearing><gpxtpx:speed>5.1600904</gpxtpx:speed></gpxtpx:TrackPointExtension></extensions><geoidheight>-23.8</geoidheight><src>gps</src><sat>15</sat><hdop>0.64</hdop><vdop>0.97</vdop><pdop>1.16</pdop><dgpsid>0000</dgpsid></trkpt>
<trkpt lat="29.376516666666664" lon="-95.59611866666667"><ele>20.6</ele><time>2025-12-04T19:05:10.000Z</time><extensions><gpxtpx:TrackPointExtension><gpxtpx:bearing>161.43</gpxtpx:bearing><gpxtpx:speed>7.430015</gpxtpx:speed></gpxtpx:TrackPointExtension></extensions><geoidheight>-23.8</geoidheight><src>gps</src><sat>15</sat><hdop>0.64</hdop><vdop>0.97</vdop><pdop>1.16</pdop><dgpsid>0000</dgpsid></trkpt>
<trkpt lat="29.376107166666664" lon="-95.59614699999999"><ele>22.7</ele><time>2025-12-04T19:05:16.000Z</time><extensions><gpxtpx:TrackPointExtension><gpxtpx:bearing>197.75</gpxtpx:bearing><gpxtpx:speed>8.066727</gpxtpx:speed></gpxtpx:TrackPointExtension></extensions><geoidheight>-23.8</geoidheight><src>gps</src><sat>14</sat><hdop>0.66</hdop><vdop>0.97</vdop><pdop>1.17</pdop><dgpsid>0000</dgpsid></trkpt>
<trkpt lat="29.375758333333337" lon="-95.59629949999999"><ele>23.3</ele><time>2025-12-04T19:05:22.000Z</time><extensions><gpxtpx:TrackPointExtension><gpxtpx:bearing>201.48</gpxtpx:bearing><gpxtpx:speed>5.140016</gpxtpx:speed></gpxtpx:TrackPointExtension></extensions><geoidheight>-23.8</geoidheight><src>gps</src><sat>14</sat><hdop>0.70</hdop><vdop>1.04</vdop><pdop>1.26</pdop><dgpsid>0000</dgpsid></trkpt>
<trkpt lat="29.3755365" lon="-95.59639733333333"><ele>20.5</ele><time>2025-12-04T19:05:28.000Z</time><extensions><gpxtpx:TrackPointExtension><gpxtpx:bearing>200.73</gpxtpx:bearing><gpxtpx:speed>4.963981</gpxtpx:speed></gpxtpx:TrackPointExtension></extensions><geoidheight>-23.8</geoidheight><src>gps</src><sat>15</sat><hdop>0.68</hdop><vdop>0.99</vdop><pdop>1.20</pdop><dgpsid>0000</dgpsid></trkpt>
<trkpt lat="29.37524616666667" lon="-95.59651433333332"><ele>18.8</ele><time>2025-12-04T19:05:34.000Z</time><extensions><gpxtpx:TrackPointExtension><gpxtpx:bearing>201.04</gpxtpx:bearing><gpxtpx:speed>4.5151434</gpxtpx:speed></gpxtpx:TrackPointExtension></extensions><geoidheight>-23.8</geoidheight><src>gps</src><sat>15</sat><hdop>0.68</hdop><vdop>0.99</vdop><pdop>1.20</pdop><dgpsid>0000</dgpsid></trkpt>
<trkpt lat="29.375146333333337" lon="-95.59667616666665"><ele>17.6</ele><time>2025-12-04T19:05:40.000Z</time><extensions><gpxtpx:TrackPointExtension><gpxtpx:bearing>278.93</gpxtpx:bearing><gpxtpx:speed>3.3148112</gpxtpx:speed></gpxtpx:TrackPointExtension></extensions><geoidheight>-23.8</geoidheight><src>gps</src><sat>15</sat><hdop>0.68</hdop><vdop>0.99</vdop><pdop>1.20</pdop><dgpsid>0000</dgpsid></trkpt>
<trkpt lat="29.375203333333335" lon="-95.59690883333333"><ele>19.0</ele><time>2025-12-04T19:05:46.000Z</time><extensions><gpxtpx:TrackPointExtension><gpxtpx:bearing>276.64</gpxtpx:bearing><gpxtpx:speed>4.491466</gpxtpx:speed></gpxtpx:TrackPointExtension></extensions><geoidheight>-23.8</geoidheight><src>gps</src><sat>14</sat><hdop>0.74</hdop><vdop>1.20</vdop><pdop>1.41</pdop><dgpsid>0000</dgpsid></trkpt>
<trkpt lat="29.37508216666667" lon="-95.59705583333334"><ele>20.4</ele><time>2025-12-04T19:05:52.000Z</time><extensions><gpxtpx:TrackPointExtension><gpxtpx:bearing>184.17</gpxtpx:bearing><gpxtpx:speed>2.3239708</gpxtpx:speed></gpxtpx:TrackPointExtension></extensions><geoidheight>-23.8</geoidheight><src>gps</src><sat>14</sat><hdop>0.70</hdop><vdop>1.04</vdop><pdop>1.25</pdop><dgpsid>0000</dgpsid></trkpt>
<trkpt lat="29.375015500000003" lon="-95.59698383333334"><ele>18.6</ele><time>2025-12-04T19:05:58.000Z</time><extensions><gpxtpx:TrackPointExtension><gpxtpx:bearing>113.71</gpxtpx:bearing><gpxtpx:speed>1.6141689</gpxtpx:speed></gpxtpx:TrackPointExtension></extensions><geoidheight>-23.8</geoidheight><src>gps</src><sat>15</sat><hdop>0.66</hdop><vdop>0.98</vdop><pdop>1.18</pdop><dgpsid>0000</dgpsid></trkpt>
<trkpt lat="29.375054" lon="-95.59703266666665"><ele>21.5</ele><time>2025-12-04T19:06:22.000Z</time><extensions><gpxtpx:TrackPointExtension><gpxtpx:speed>0.13382778</gpxtpx:speed></gpxtpx:TrackPointExtension></extensions><geoidheight>-23.8</geoidheight><src>gps</src><sat>16</sat><hdop>0.63</hdop><vdop>0.90</vdop><pdop>1.10</pdop><dgpsid>0000</dgpsid></trkpt>
<trkpt lat="29.37497733333333" lon="-95.59699733333333"><ele>18.1</ele><time>2025-12-04T21:49:32.000Z</time><extensions><gpxtpx:TrackPointExtension><gpxtpx:bearing>112.11</gpxtpx:bearing><gpxtpx:speed>1.1745961</gpxtpx:speed></gpxtpx:TrackPointExtension></extensions><geoidheight>-23.8</geoidheight><src>gps</src><sat>5</sat><hdop>1.79</hdop><vdop>2.50</vdop><pdop>3.07</pdop></trkpt>
<trkpt lat="29.374919999999996" lon="-95.59694883333334"><ele>21.0</ele><time>2025-12-04T21:49:38.000Z</time><extensions><gpxtpx:TrackPointExtension><gpxtpx:bearing>172.8</gpxtpx:bearing><gpxtpx:speed>1.6373314</gpxtpx:speed></gpxtpx:TrackPointExtension></extensions><geoidheight>-23.8</geoidheight><src>gps</src><sat>6</sat><hdop>1.66</hdop><vdop>2.44</vdop><pdop>2.96</pdop></trkpt>
<trkpt lat="29.374857" lon="-95.59701883333334"><ele>21.4</ele><time>2025-12-04T21:49:44.000Z</time><extensions><gpxtpx:TrackPointExtension><gpxtpx:bearing>247.53</gpxtpx:bearing><gpxtpx:speed>1.7685856</gpxtpx:speed></gpxtpx:TrackPointExtension></extensions><geoidheight>-23.8</geoidheight><src>gps</src><sat>8</sat><hdop>1.63</hdop><vdop>2.25</vdop><pdop>2.78</pdop></trkpt>
<trkpt lat="29.3748135" lon="-95.59710500000001"><ele>20.1</ele><time>2025-12-04T21:49:50.000Z</time><extensions><gpxtpx:TrackPointExtension><gpxtpx:bearing>223.89</gpxtpx:bearing><gpxtpx:speed>2.2272031</gpxtpx:speed></gpxtpx:TrackPointExtension></extensions><geoidheight>-23.8</geoidheight><src>gps</src><sat>7</sat><hdop>1.76</hdop><vdop>2.66</vdop><pdop>3.19</pdop></trkpt>
<trkpt lat="29.3747255" lon="-95.5971545"><ele>19.8</ele><time>2025-12-04T21:49:56.000Z</time><extensions><gpxtpx:TrackPointExtension><gpxtpx:bearing>174.77</gpxtpx:bearing><gpxtpx:speed>2.2431595</gpxtpx:speed></gpxtpx:TrackPointExtension></extensions><geoidheight>-23.8</geoidheight><src>gps</src><sat>7</sat><hdop>1.76</hdop><vdop>2.66</vdop><pdop>3.20</pdop></trkpt>
<trkpt lat="29.374619666666664" lon="-95.59704383333334"><ele>24.6</ele><time>2025-12-04T21:50:02.000Z</time><extensions><gpxtpx:TrackPointExtension><gpxtpx:bearing>117.0</gpxtpx:bearing><gpxtpx:speed>2.3450744</gpxtpx:speed></gpxtpx:TrackPointExtension></extensions><geoidheight>-23.8</geoidheight><src>gps</src><sat>8</sat><hdop>1.64</hdop><vdop>2.26</vdop><pdop>2.79</pdop></trkpt>
<trkpt lat="29.374577666666664" lon="-95.5969085"><ele>25.6</ele><time>2025-12-04T21:50:08.000Z</time><extensions><gpxtpx:TrackPointExtension><gpxtpx:bearing>111.95</gpxtpx:bearing><gpxtpx:speed>1.6151984</gpxtpx:speed></gpxtpx:TrackPointExtension></extensions><geoidheight>-23.8</geoidheight><src>gps</src><sat>8</sat><hdop>1.64</hdop><vdop>2.26</vdop><pdop>2.79</pdop></trkpt>
<trkpt lat="29.374567000000003" lon="-95.5968525"><ele>25.4</ele><time>2025-12-04T21:50:32.000Z</time><extensions><gpxtpx:TrackPointExtension><gpxtpx:speed>0.070516944</gpxtpx:speed></gpxtpx:TrackPointExtension></extensions><geoidheight>-23.8</geoidheight><src>gps</src><sat>9</sat><hdop>1.24</hdop><vdop>1.44</vdop><pdop>1.90</pdop></trkpt>
<trkpt lat="29.37455" lon="-95.59680033333333"><ele>19.6</ele><time>2025-12-04T21:53:56.000Z</time><extensions><gpxtpx:TrackPointExtension><gpxtpx:bearing>112.9</gpxtpx:bearing><gpxtpx:speed>0.4400875</gpxtpx:speed></gpxtpx:TrackPointExtension></extensions><geoidheight>-23.8</geoidheight><src>gps</src><sat>15</sat><hdop>0.83</hdop><vdop>1.13</vdop><pdop>1.40</pdop><dgpsid>0000</dgpsid></trkpt>
<trkpt lat="29.374519666666668" lon="-95.59673"><ele>20.5</ele><time>2025-12-04T21:54:14.000Z</time><extensions><gpxtpx:TrackPointExtension><gpxtpx:bearing>138.18</gpxtpx:bearing><gpxtpx:speed>1.8699858</gpxtpx:speed></gpxtpx:TrackPointExtension></extensions><geoidheight>-23.8</geoidheight><src>gps</src><sat>15</sat><hdop>0.73</hdop><vdop>1.14</vdop><pdop>1.36</pdop><dgpsid>0000</dgpsid></trkpt>
<trkpt lat="29.374407833333333" lon="-95.59673633333333"><ele>19.9</ele><time>2025-12-04T21:54:20.000Z</time><extensions><gpxtpx:TrackPointExtension><gpxtpx:bearing>200.52</gpxtpx:bearing><gpxtpx:speed>2.5411837</gpxtpx:speed></gpxtpx:TrackPointExtension></extensions><geoidheight>-23.8</geoidheight><src>gps</src><sat>15</sat><hdop>0.73</hdop><vdop>1.12</vdop><pdop>1.33</pdop><dgpsid>0000</dgpsid></trkpt>
<trkpt lat="29.374251166666667" lon="-95.59683766666667"><ele>17.8</ele><time>2025-12-04T21:54:26.000Z</time><extensions><gpxtpx:TrackPointExtension><gpxtpx:bearing>208.37</gpxtpx:bearing><gpxtpx:speed>3.517097</gpxtpx:speed></gpxtpx:TrackPointExtension></extensions><geoidheight>-23.8</geoidheight><src>gps</src><sat>15</sat><hdop>0.73</hdop><vdop>1.12</vdop><pdop>1.33</pdop><dgpsid>0000</dgpsid></trkpt>
<trkpt lat="29.374055833333333" lon="-95.596941"><ele>15.7</ele><time>2025-12-04T21:54:32.000Z</time><extensions><gpxtpx:TrackPointExtension><gpxtpx:bearing>202.8</gpxtpx:bearing><gpxtpx:speed>4.3633003</gpxtpx:speed></gpxtpx:TrackPointExtension></extensions><geoidheight>-23.8</geoidheight><src>gps</src><sat>15</sat><hdop>0.73</hdop><vdop>1.12</vdop><pdop>1.33</pdop><dgpsid>0000</dgpsid></trkpt>
<trkpt lat="29.373742999999997" lon="-95.59709550000001"><ele>15.0</ele><time>2025-12-04T21:54:38.000Z</time><extensions><gpxtpx:TrackPointExtension><gpxtpx:bearing>202.59</gpxtpx:bearing><gpxtpx:speed>7.3363357</gpxtpx:speed></gpxtpx:TrackPointExtension></extensions><geoidheight>-23.8</geoidheight><src>gps</src><sat>15</sat><hdop>0.80</hdop><vdop>1.30</vdop><pdop>1.53</pdop><dgpsid>0000</dgpsid></trkpt>
<trkpt lat="29.373352999999998" lon="-95.59728666666666"><ele>14.3</ele><time>2025-12-04T21:54:44.000Z</time><extensions><gpxtpx:TrackPointExtension><gpxtpx:bearing>204.1</gpxtpx:bearing><gpxtpx:speed>8.2607765</gpxtpx:speed></gpxtpx:TrackPointExtension></extensions><geoidheight>-23.8</geoidheight><src>gps</src><sat>14</sat><hdop>0.83</hdop><vdop>1.33</vdop><pdop>1.57</pdop><dgpsid>0000</dgpsid></trkpt>
<trkpt lat="29.372880000000002" lon="-95.59757300000001"><ele>8.1</ele><time>2025-12-04T21:54:50.000Z</time><extensions><gpxtpx:TrackPointExtension><gpxtpx:bearing>210.32</gpxtpx:bearing><gpxtpx:speed>10.480259</gpxtpx:speed></gpxtpx:TrackPointExtension></extensions><geoidheight>-23.8</geoidheight><src>gps</src><sat>12</sat><hdop>0.95</hdop><vdop>1.47</vdop><pdop>1.75</pdop><dgpsid>0000</dgpsid></trkpt>
<trkpt lat="29.372306166666664" lon="-95.5979585"><ele>7.5</ele><time>2025-12-04T21:54:56.000Z</time><extensions><gpxtpx:TrackPointExtension><gpxtpx:bearing>211.8</gpxtpx:bearing><gpxtpx:speed>12.045529</gpxtpx:speed></gpxtpx:TrackPointExtension></extensions><geoidheight>-23.8</geoidheight><src>gps</src><sat>14</sat><hdop>0.87</hdop><vdop>1.37</vdop><pdop>1.62</pdop><dgpsid>0000</dgpsid></trkpt>
<trkpt lat="29.371726833333334" lon="-95.59833449999999"><ele>8.4</ele><time>2025-12-04T21:55:02.000Z</time><extensions><gpxtpx:TrackPointExtension><gpxtpx:bearing>209.19</gpxtpx:bearing><gpxtpx:speed>12.030602</gpxtpx:speed></gpxtpx:TrackPointExtension></extensions><geoidheight>-23.8</geoidheight><src>gps</src><sat>14</sat><hdop>0.83</hdop><vdop>1.34</vdop><pdop>1.57</pdop><dgpsid>0000</dgpsid></trkpt>
<trkpt lat="29.371187333333335" lon="-95.59862866666666"><ele>4.3</ele><time>2025-12-04T21:55:08.000Z</time><extensions><gpxtpx:TrackPointExtension><gpxtpx:bearing>200.54</gpxtpx:bearing><gpxtpx:speed>11.220944</gpxtpx:speed></gpxtpx:TrackPointExtension></extensions><geoidheight>-23.8</geoidheight><src>gps</src><sat>14</sat><hdop>0.80</hdop><vdop>1.30</vdop><pdop>1.52</pdop><dgpsid>0000</dgpsid></trkpt>
<trkpt lat="29.370631666666668" lon="-95.59888950000001"><ele>1.4</ele><time>2025-12-04T21:55:14.000Z</time><extensions><gpxtpx:TrackPointExtension><gpxtpx:bearing>200.2</gpxtpx:bearing><gpxtpx:speed>10.204883</gpxtpx:speed></gpxtpx:TrackPointExtension></extensions><geoidheight>-23.8</geoidheight><src>gps</src><sat>13</sat><hdop>0.83</hdop><vdop>1.32</vdop><pdop>1.56</pdop><dgpsid>0000</dgpsid></trkpt>
<trkpt lat="29.370195" lon="-95.59918283333333"><ele>-2.7</ele><time>2025-12-04T21:55:20.000Z</time><extensions><gpxtpx:TrackPointExtension><gpxtpx:bearing>219.01</gpxtpx:bearing><gpxtpx:speed>8.328205</gpxtpx:speed></gpxtpx:TrackPointExtension></extensions><geoidheight>-23.8</geoidheight><src>gps</src><sat>13</sat><hdop>0.88</hdop><vdop>1.39</vdop><pdop>1.65</pdop><dgpsid>0000</dgpsid></trkpt>
<trkpt lat="29.36977716666667" lon="-95.5994455"><ele>-2.8</ele><time>2025-12-04T21:55:26.000Z</time><extensions><gpxtpx:TrackPointExtension><gpxtpx:bearing>197.85</gpxtpx:bearing><gpxtpx:speed>8.597405</gpxtpx:speed></gpxtpx:TrackPointExtension></extensions><geoidheight>-23.8</geoidheight><src>gps</src><sat>13</sat><hdop>0.95</hdop><vdop>1.46</vdop><pdop>1.74</pdop><dgpsid>0000</dgpsid></trkpt>
<trkpt lat="29.369270500000002" lon="-95.59951500000001"><ele>-7.6</ele><time>2025-12-04T21:55:32.000Z</time><extensions><gpxtpx:TrackPointExtension><gpxtpx:bearing>186.52</gpxtpx:bearing><gpxtpx:speed>8.962343</gpxtpx:speed></gpxtpx:TrackPointExtension></extensions><geoidheight>-23.8</geoidheight><src>gps</src><sat>14</sat><hdop>0.76</hdop><vdop>1.13</vdop><pdop>1.36</pdop><dgpsid>0000</dgpsid></trkpt>
<trkpt lat="29.3688485" lon="-95.59975116666668"><ele>-8.7</ele><time>2025-12-04T21:55:38.000Z</time><extensions><gpxtpx:TrackPointExtension><gpxtpx:bearing>230.06</gpxtpx:bearing><gpxtpx:speed>7.803704</gpxtpx:speed></gpxtpx:TrackPointExtension></extensions><geoidheight>-23.8</geoidheight><src>gps</src><sat>13</sat><hdop>1.36</hdop><vdop>1.98</vdop><pdop>2.40</pdop><dgpsid>0000</dgpsid></trkpt>
<trkpt lat="29.368653166666665" lon="-95.60021633333332"><ele>0.9</ele><time>2025-12-04T21:55:44.000Z</time><extensions><gpxtpx:TrackPointExtension><gpxtpx:bearing>261.17</gpxtpx:bearing><gpxtpx:speed>7.777453</gpxtpx:speed></gpxtpx:TrackPointExtension></extensions><geoidheight>-23.7</geoidheight><src>gps</src><sat>14</sat><hdop>1.19</hdop><vdop>1.73</vdop><pdop>2.10</pdop><dgpsid>0000</dgpsid></trkpt>
<trkpt lat="29.368483" lon="-95.6007775"><ele>4.8</ele><time>2025-12-04T21:55:50.000Z</time><extensions><gpxtpx:TrackPointExtension><gpxtpx:bearing>249.65</gpxtpx:bearing><gpxtpx:speed>9.43177</gpxtpx:speed></gpxtpx:TrackPointExtension></extensions><geoidheight>-23.7</geoidheight><src>gps</src><sat>14</sat><hdop>0.87</hdop><vdop>1.13</vdop><pdop>1.42</pdop><dgpsid>0000</dgpsid></trkpt>
<trkpt lat="29.3683155" lon="-95.601295"><ele>5.7</ele><time>2025-12-04T21:55:56.000Z</time><extensions><gpxtpx:TrackPointExtension><gpxtpx:bearing>258.11</gpxtpx:bearing><gpxtpx:speed>8.102242</gpxtpx:speed></gpxtpx:TrackPointExtension></extensions><geoidheight>-23.7</geoidheight><src>gps</src><sat>12</sat><hdop>1.19</hdop><vdop>1.72</vdop><pdop>2.09</pdop><dgpsid>0000</dgpsid></trkpt>
<trkpt lat="29.368224666666666" lon="-95.6018375"><ele>2.7</ele><time>2025-12-04T21:56:02.000Z</time><extensions><gpxtpx:TrackPointExtension><gpxtpx:bearing>260.19</gpxtpx:bearing><gpxtpx:speed>9.841489</gpxtpx:speed></gpxtpx:TrackPointExtension></extensions><geoidheight>-23.7</geoidheight><src>gps</src><sat>13</sat><hdop>1.19</hdop><vdop>1.72</vdop><pdop>2.09</pdop><dgpsid>0000</dgpsid></trkpt>
<trkpt lat="29.368096666666663" lon="-95.60258316666668"><ele>5.0</ele><time>2025-12-04T21:56:08.000Z</time><extensions><gpxtpx:TrackPointExtension><gpxtpx:bearing>264.4</gpxtpx:bearing><gpxtpx:speed>13.975223</gpxtpx:speed></gpxtpx:TrackPointExtension></extensions><geoidheight>-23.7</geoidheight><src>gps</src><sat>15</sat><hdop>0.80</hdop><vdop>1.28</vdop><pdop>1.51</pdop><dgpsid>0000</dgpsid></trkpt>
<trkpt lat="29.368074166666663" lon="-95.60353983333334"><ele>6.1</ele><time>2025-12-04T21:56:14.000Z</time><extensions><gpxtpx:TrackPointExtension><gpxtpx:bearing>271.32</gpxtpx:bearing><gpxtpx:speed>16.301767</gpxtpx:speed></gpxtpx:TrackPointExtension></extensions><geoidheight>-23.7</geoidheight><src>gps</src><sat>14</sat><hdop>0.83</hdop><vdop>1.34</vdop><pdop>1.58</pdop><dgpsid>0000</dgpsid></trkpt>
<trkpt lat="29.3680825" lon="-95.60458483333332"><ele>4.6</ele><time>2025-12-04T21:56:20.000Z</time><extensions><gpxtpx:TrackPointExtension><gpxtpx:bearing>270.25</gpxtpx:bearing><gpxtpx:speed>16.952377</gpxtpx:speed></gpxtpx:TrackPointExtension></extensions><geoidheight>-23.7</geoidheight><src>gps</src><sat>15</sat><hdop>0.80</hdop><vdop>1.28</vdop><pdop>1.51</pdop><dgpsid>0000</dgpsid></trkpt>
<trkpt lat="29.368071833333335" lon="-95.60566249999998"><ele>5.3</ele><time>2025-12-04T21:56:26.000Z</time><extensions><gpxtpx:TrackPointExtension><gpxtpx:bearing>268.87</gpxtpx:bearing><gpxtpx:speed>17.309593</gpxtpx:speed></gpxtpx:TrackPointExtension></extensions><geoidheight>-23.7</geoidheight><src>gps</src><sat>15</sat><hdop>0.73</hdop><vdop>1.10</vdop><pdop>1.32</pdop><dgpsid>0000</dgpsid></trkpt>
<trkpt lat="29.368057333333333" lon="-95.60675216666665"><ele>6.1</ele><time>2025-12-04T21:56:32.000Z</time><extensions><gpxtpx:TrackPointExtension><gpxtpx:bearing>270.15</gpxtpx:bearing><gpxtpx:speed>17.215914</gpxtpx:speed></gpxtpx:TrackPointExtension></extensions><geoidheight>-23.7</geoidheight><src>gps</src><sat>14</sat><hdop>0.77</hdop><vdop>1.15</vdop><pdop>1.38</pdop><dgpsid>0000</dgpsid></trkpt>
<trkpt lat="29.368048666666663" lon="-95.60784166666666"><ele>5.3</ele><time>2025-12-04T21:56:38.000Z</time><extensions><gpxtpx:TrackPointExtension><gpxtpx:bearing>268.39</gpxtpx:bearing><gpxtpx:speed>17.684826</gpxtpx:speed></gpxtpx:TrackPointExtension></extensions><geoidheight>-23.7</geoidheight><src>gps</src><sat>14</sat><hdop>0.75</hdop><vdop>1.10</vdop><pdop>1.34</pdop><dgpsid>0000</dgpsid></trkpt>
<trkpt lat="29.368018666666664" lon="-95.60893916666667"><ele>5.9</ele><time>2025-12-04T21:56:44.000Z</time><extensions><gpxtpx:TrackPointExtension><gpxtpx:bearing>268.95</gpxtpx:bearing><gpxtpx:speed>17.563353</gpxtpx:speed></gpxtpx:TrackPointExtension></extensions><geoidheight>-23.7</geoidheight><src>gps</src><sat>15</sat><hdop>0.80</hdop><vdop>1.28</vdop><pdop>1.50</pdop><dgpsid>0000</dgpsid></trkpt>
<trkpt lat="29.368006166666667" lon="-95.61002750000002"><ele>6.4</ele><time>2025-12-04T21:56:50.000Z</time><extensions><gpxtpx:TrackPointExtension><gpxtpx:bearing>270.17</gpxtpx:bearing><gpxtpx:speed>17.569014</gpxtpx:speed></gpxtpx:TrackPointExtension></extensions><geoidheight>-23.7</geoidheight><src>gps</src><sat>15</sat><hdop>0.74</hdop><vdop>1.28</vdop><pdop>1.48</pdop><dgpsid>0000</dgpsid></trkpt>
<trkpt lat="29.368009833333335" lon="-95.61111433333332"><ele>6.8</ele><time>2025-12-04T21:56:56.000Z</time><extensions><gpxtpx:TrackPointExtension><gpxtpx:bearing>267.81</gpxtpx:bearing><gpxtpx:speed>17.503643</gpxtpx:speed></gpxtpx:TrackPointExtension></extensions><geoidheight>-23.7</geoidheight><src>gps</src><sat>15</sat><hdop>0.77</hdop><vdop>1.33</vdop><pdop>1.54</pdop><dgpsid>0000</dgpsid></trkpt>
<trkpt lat="29.367963999999997" lon="-95.61220366666666"><ele>6.6</ele><time>2025-12-04T21:57:02.000Z</time><extensions><gpxtpx:TrackPointExtension><gpxtpx:bearing>268.95</gpxtpx:bearing><gpxtpx:speed>17.904612</gpxtpx:speed></gpxtpx:TrackPointExtension></extensions><geoidheight>-23.7</geoidheight><src>gps</src><sat>15</sat><hdop>0.74</hdop><vdop>1.27</vdop><pdop>1.47</pdop><dgpsid>0000</dgpsid></trkpt>
<trkpt lat="29.36795083333333" lon="-95.61338916666666"><ele>7.4</ele><time>2025-12-04T21:57:08.000Z</time><extensions><gpxtpx:TrackPointExtension><gpxtpx:bearing>269.07</gpxtpx:bearing><gpxtpx:speed>19.703568</gpxtpx:speed></gpxtpx:TrackPointExtension></extensions><geoidheight>-23.7</geoidheight><src>gps</src><sat>16</sat><hdop>0.74</hdop><vdop>1.27</vdop><pdop>1.47</pdop><dgpsid>0000</dgpsid></trkpt>
<trkpt lat="29.36792966666667" lon="-95.61462150000001"><ele>9.5</ele><time>2025-12-04T21:57:14.000Z</time><extensions><gpxtpx:TrackPointExtension><gpxtpx:bearing>269.1</gpxtpx:bearing><gpxtpx:speed>19.925411</gpxtpx:speed></gpxtpx:TrackPointExtension></extensions><geoidheight>-23.7</geoidheight><src>gps</src><sat>16</sat><hdop>0.68</hdop><vdop>1.09</vdop><pdop>1.28</pdop><dgpsid>0000</dgpsid></trkpt>
<trkpt lat="29.367912999999998" lon="-95.61584366666666"><ele>9.7</ele><time>2025-12-04T21:57:20.000Z</time><extensions><gpxtpx:TrackPointExtension><gpxtpx:bearing>268.97</gpxtpx:bearing><gpxtpx:speed>19.600107</gpxtpx:speed></gpxtpx:TrackPointExtension></extensions><geoidheight>-23.7</geoidheight><src>gps</src><sat>16</sat><hdop>0.68</hdop><vdop>1.09</vdop><pdop>1.28</pdop><dgpsid>0000</dgpsid></trkpt>
<trkpt lat="29.367896000000005" lon="-95.61703733333334"><ele>10.4</ele><time>2025-12-04T21:57:26.000Z</time><extensions><gpxtpx:TrackPointExtension><gpxtpx:bearing>269.17</gpxtpx:bearing><gpxtpx:speed>19.258846</gpxtpx:speed></gpxtpx:TrackPointExtension></extensions><geoidheight>-23.7</geoidheight><src>gps</src><sat>16</sat><hdop>0.68</hdop><vdop>1.09</vdop><pdop>1.28</pdop><dgpsid>0000</dgpsid></trkpt>
<trkpt lat="29.36787433333333" lon="-95.61823166666666"><ele>11.0</ele><time>2025-12-04T21:57:32.000Z</time><extensions><gpxtpx:TrackPointExtension><gpxtpx:bearing>268.72</gpxtpx:bearing><gpxtpx:speed>19.369513</gpxtpx:speed></gpxtpx:TrackPointExtension></extensions><geoidheight>-23.7</geoidheight><src>gps</src><sat>16</sat><hdop>0.68</hdop><vdop>1.08</vdop><pdop>1.28</pdop><dgpsid>0000</dgpsid></trkpt>
<trkpt lat="29.36786216666667" lon="-95.61942216666667"><ele>11.8</ele><time>2025-12-04T21:57:38.000Z</time><extensions><gpxtpx:TrackPointExtension><gpxtpx:bearing>269.74</gpxtpx:bearing><gpxtpx:speed>19.047297</gpxtpx:speed></gpxtpx:TrackPointExtension></extensions><geoidheight>-23.7</geoidheight><src>gps</src><sat>16</sat><hdop>0.68</hdop><vdop>1.08</vdop><pdop>1.28</pdop><dgpsid>0000</dgpsid></trkpt>
<trkpt lat="29.367843500000003" lon="-95.6206065"><ele>12.2</ele><time>2025-12-04T21:57:44.000Z</time><extensions><gpxtpx:TrackPointExtension><gpxtpx:bearing>269.1</gpxtpx:bearing><gpxtpx:speed>19.092077</gpxtpx:speed></gpxtpx:TrackPointExtension></extensions><geoidheight>-23.7</geoidheight><src>gps</src><sat>16</sat><hdop>0.68</hdop><vdop>1.08</vdop><pdop>1.28</pdop><dgpsid>0000</dgpsid></trkpt>
<trkpt lat="29.36782333333333" lon="-95.62175083333335"><ele>12.6</ele><time>2025-12-04T21:57:50.000Z</time><extensions><gpxtpx:TrackPointExtension><gpxtpx:bearing>269.18</gpxtpx:bearing><gpxtpx:speed>17.666811</gpxtpx:speed></gpxtpx:TrackPointExtension></extensions><geoidheight>-23.7</geoidheight><src>gps</src><sat>16</sat><hdop>0.68</hdop><vdop>1.08</vdop><pdop>1.28</pdop><dgpsid>0000</dgpsid></trkpt>
<trkpt lat="29.36771583333333" lon="-95.62275149999999"><ele>13.2</ele><time>2025-12-04T21:57:56.000Z</time><extensions><gpxtpx:TrackPointExtension><gpxtpx:bearing>253.68</gpxtpx:bearing><gpxtpx:speed>15.380929</gpxtpx:speed></gpxtpx:TrackPointExtension></extensions><geoidheight>-23.7</geoidheight><src>gps</src><sat>16</sat><hdop>0.68</hdop><vdop>1.08</vdop><pdop>1.28</pdop><dgpsid>0000</dgpsid></trkpt>
<trkpt lat="29.36736433333333" lon="-95.62343966666667"><ele>13.4</ele><time>2025-12-04T21:58:02.000Z</time><extensions><gpxtpx:TrackPointExtension><gpxtpx:bearing>228.95</gpxtpx:bearing><gpxtpx:speed>10.665559</gpxtpx:speed></gpxtpx:TrackPointExtension></extensions><geoidheight>-23.7</geoidheight><src>gps</src><sat>13</sat><hdop>0.84</hdop><vdop>1.33</vdop><pdop>1.57</pdop><dgpsid>0000</dgpsid></trkpt>
<trkpt lat="29.36692383333333" lon="-95.62381033333334"><ele>12.5</ele><time>2025-12-04T21:58:08.000Z</time><extensions><gpxtpx:TrackPointExtension><gpxtpx:bearing>220.55</gpxtpx:bearing><gpxtpx:speed>9.868769</gpxtpx:speed></gpxtpx:TrackPointExtension></extensions><geoidheight>-23.7</geoidheight><src>gps</src><sat>15</sat><hdop>0.83</hdop><vdop>1.35</vdop><pdop>1.59</pdop><dgpsid>0000</dgpsid></trkpt>
<trkpt lat="29.36653383333333" lon="-95.62432466666665"><ele>11.9</ele><time>2025-12-04T21:58:14.000Z</time><extensions><gpxtpx:TrackPointExtension><gpxtpx:bearing>240.76</gpxtpx:bearing><gpxtpx:speed>11.211679</gpxtpx:speed></gpxtpx:TrackPointExtension></extensions><geoidheight>-23.7</geoidheight><src>gps</src><sat>15</sat><hdop>0.77</hdop><vdop>1.28</vdop><pdop>1.50</pdop><dgpsid>0000</dgpsid></trkpt>
<trkpt lat="29.366391333333333" lon="-95.62499283333334"><ele>12.3</ele><time>2025-12-04T21:58:20.000Z</time><extensions><gpxtpx:TrackPointExtension><gpxtpx:bearing>277.59</gpxtpx:bearing><gpxtpx:speed>11.44176</gpxtpx:speed></gpxtpx:TrackPointExtension></extensions><geoidheight>-23.7</geoidheight><src>gps</src><sat>16</sat><hdop>0.70</hdop><vdop>1.08</vdop><pdop>1.29</pdop><dgpsid>0000</dgpsid></trkpt>
<trkpt lat="29.366639833333338" lon="-95.625616"><ele>15.3</ele><time>2025-12-04T21:58:26.000Z</time><extensions><gpxtpx:TrackPointExtension><gpxtpx:bearing>309.27</gpxtpx:bearing><gpxtpx:speed>11.511248</gpxtpx:speed></gpxtpx:TrackPointExtension></extensions><geoidheight>-23.7</geoidheight><src>gps</src><sat>16</sat><hdop>0.74</hdop><vdop>1.26</vdop><pdop>1.46</pdop><dgpsid>0000</dgpsid></trkpt>
<trkpt lat="29.36715583333333" lon="-95.62604950000001"><ele>16.2</ele><time>2025-12-04T21:58:32.000Z</time><extensions><gpxtpx:TrackPointExtension><gpxtpx:bearing>335.93</gpxtpx:bearing><gpxtpx:speed>12.337892</gpxtpx:speed></gpxtpx:TrackPointExtension></extensions><geoidheight>-23.7</geoidheight><src>gps</src><sat>16</sat><hdop>0.72</hdop><vdop>1.08</vdop><pdop>1.29</pdop><dgpsid>0000</dgpsid></trkpt>
<trkpt lat="29.367797333333336" lon="-95.62637966666668"><ele>14.9</ele><time>2025-12-04T21:58:38.000Z</time><extensions><gpxtpx:TrackPointExtension><gpxtpx:bearing>338.43</gpxtpx:bearing><gpxtpx:speed>13.46256</gpxtpx:speed></gpxtpx:TrackPointExtension></extensions><geoidheight>-23.7</geoidheight><src>gps</src><sat>15</sat><hdop>0.72</hdop><vdop>1.08</vdop><pdop>1.30</pdop><dgpsid>0000</dgpsid></trkpt>
<trkpt lat="29.36849066666667" lon="-95.62669566666666"><ele>15.0</ele><time>2025-12-04T21:58:44.000Z</time><extensions><gpxtpx:TrackPointExtension><gpxtpx:bearing>337.23</gpxtpx:bearing><gpxtpx:speed>13.589181</gpxtpx:speed></gpxtpx:TrackPointExtension></extensions><geoidheight>-23.7</geoidheight><src>gps</src><sat>15</sat><hdop>0.71</hdop><vdop>1.12</vdop><pdop>1.33</pdop><dgpsid>0000</dgpsid></trkpt>
<trkpt lat="29.369082166666665" lon="-95.62715083333333"><ele>15.9</ele><time>2025-12-04T21:58:50.000Z</time><extensions><gpxtpx:TrackPointExtension><gpxtpx:bearing>316.0</gpxtpx:bearing><gpxtpx:speed>12.927763</gpxtpx:speed></gpxtpx:TrackPointExtension></extensions><geoidheight>-23.7</geoidheight><src>gps</src><sat>16</sat><hdop>0.68</hdop><vdop>1.07</vdop><pdop>1.27</pdop><dgpsid>0000</dgpsid></trkpt>
<trkpt lat="29.369461166666664" lon="-95.62777216666667"><ele>13.0</ele><time>2025-12-04T21:58:56.000Z</time><extensions><gpxtpx:TrackPointExtension><gpxtpx:bearing>301.02</gpxtpx:bearing><gpxtpx:speed>11.937952</gpxtpx:speed></gpxtpx:TrackPointExtension></extensions><geoidheight>-23.7</geoidheight><src>gps</src><sat>15</sat><hdop>0.66</hdop><vdop>1.16</vdop><pdop>1.34</pdop><dgpsid>0000</dgpsid></trkpt>
<trkpt lat="29.36978183333333" lon="-95.62837566666667"><ele>15.0</ele><time>2025-12-04T21:59:02.000Z</time><extensions><gpxtpx:TrackPointExtension><gpxtpx:bearing>306.17</gpxtpx:bearing><gpxtpx:speed>11.709415</gpxtpx:speed></gpxtpx:TrackPointExtension></extensions><geoidheight>-23.7</geoidheight><src>gps</src><sat>16</sat><hdop>0.65</hdop><vdop>1.09</vdop><pdop>1.27</pdop><dgpsid>0000</dgpsid></trkpt>
<trkpt lat="29.370187499999997" lon="-95.62900783333335"><ele>15.0</ele><time>2025-12-04T21:59:08.000Z</time><extensions><gpxtpx:TrackPointExtension><gpxtpx:bearing>309.85</gpxtpx:bearing><gpxtpx:speed>12.932911</gpxtpx:speed></gpxtpx:TrackPointExtension></extensions><geoidheight>-23.7</geoidheight><src>gps</src><sat>16</sat><hdop>0.62</hdop><vdop>1.03</vdop><pdop>1.20</pdop><dgpsid>0000</dgpsid></trkpt>
<trkpt lat="29.370691166666667" lon="-95.62961216666666"><ele>14.9</ele><time>2025-12-04T21:59:14.000Z</time><extensions><gpxtpx:TrackPointExtension><gpxtpx:bearing>315.65</gpxtpx:bearing><gpxtpx:speed>13.344173</gpxtpx:speed></gpxtpx:TrackPointExtension></extensions><geoidheight>-23.7</geoidheight><src>gps</src><sat>17</sat><hdop>0.59</hdop><vdop>0.97</vdop><pdop>1.14</pdop><dgpsid>0000</dgpsid></trkpt>
<trkpt lat="29.371086" lon="-95.63026133333332"><ele>15.2</ele><time>2025-12-04T21:59:20.000Z</time><extensions><gpxtpx:TrackPointExtension><gpxtpx:bearing>292.85</gpxtpx:bearing><gpxtpx:speed>12.082075</gpxtpx:speed></gpxtpx:TrackPointExtension></extensions><geoidheight>-23.7</geoidheight><src>gps</src><sat>17</sat><hdop>0.59</hdop><vdop>0.98</vdop><pdop>1.14</pdop><dgpsid>0000</dgpsid></trkpt>
<trkpt lat="29.3712455" lon="-95.63093016666666"><ele>14.6</ele><time>2025-12-04T21:59:26.000Z</time><extensions><gpxtpx:TrackPointExtension><gpxtpx:bearing>281.9</gpxtpx:bearing><gpxtpx:speed>10.916229</gpxtpx:speed></gpxtpx:TrackPointExtension></extensions><geoidheight>-23.7</geoidheight><src>gps</src><sat>17</sat><hdop>0.61</hdop><vdop>1.04</vdop><pdop>1.20</pdop><dgpsid>0000</dgpsid></trkpt>
<trkpt lat="29.371347" lon="-95.63153416666667"><ele>14.9</ele><time>2025-12-04T21:59:32.000Z</time><extensions><gpxtpx:TrackPointExtension><gpxtpx:bearing>285.64</gpxtpx:bearing><gpxtpx:speed>8.982417</gpxtpx:speed></gpxtpx:TrackPointExtension></extensions><geoidheight>-23.7</geoidheight><src>gps</src><sat>17</sat><hdop>0.61</hdop><vdop>1.04</vdop><pdop>1.20</pdop><dgpsid>0000</dgpsid></trkpt>
<trkpt lat="29.371664666666668" lon="-95.6319665"><ele>14.8</ele><time>2025-12-04T21:59:38.000Z</time><extensions><gpxtpx:TrackPointExtension><gpxtpx:bearing>318.79</gpxtpx:bearing><gpxtpx:speed>9.592878</gpxtpx:speed></gpxtpx:TrackPointExtension></extensions><geoidheight>-23.7</geoidheight><src>gps</src><sat>17</sat><hdop>0.58</hdop><vdop>0.97</vdop><pdop>1.13</pdop><dgpsid>0000</dgpsid></trkpt>
<trkpt lat="29.371861" lon="-95.6326005"><ele>11.5</ele><time>2025-12-04T21:59:44.000Z</time><extensions><gpxtpx:TrackPointExtension><gpxtpx:bearing>275.2</gpxtpx:bearing><gpxtpx:speed>12.52525</gpxtpx:speed></gpxtpx:TrackPointExtension></extensions><geoidheight>-23.7</geoidheight><src>gps</src><sat>17</sat><hdop>0.58</hdop><vdop>0.97</vdop><pdop>1.13</pdop><dgpsid>0000</dgpsid></trkpt>
<trkpt lat="29.37190066666667" lon="-95.633385"><ele>12.3</ele><time>2025-12-04T21:59:50.000Z</time><extensions><gpxtpx:TrackPointExtension><gpxtpx:bearing>264.65</gpxtpx:bearing><gpxtpx:speed>13.0029125</gpxtpx:speed></gpxtpx:TrackPointExtension></extensions><geoidheight>-23.7</geoidheight><src>gps</src><sat>17</sat><hdop>0.58</hdop><vdop>0.97</vdop><pdop>1.13</pdop><dgpsid>0000</dgpsid></trkpt>
<trkpt lat="29.371659500000003" lon="-95.63420683333334"><ele>15.7</ele><time>2025-12-04T21:59:56.000Z</time><extensions><gpxtpx:TrackPointExtension><gpxtpx:bearing>248.81</gpxtpx:bearing><gpxtpx:speed>15.040698</gpxtpx:speed></gpxtpx:TrackPointExtension></extensions><geoidheight>-23.7</geoidheight><src>gps</src><sat>17</sat><hdop>0.58</hdop><vdop>0.97</vdop><pdop>1.13</pdop><dgpsid>0000</dgpsid></trkpt>
<trkpt lat="29.371413833333335" lon="-95.63517333333333"><ele>16.6</ele><time>2025-12-04T22:00:02.000Z</time><extensions><gpxtpx:TrackPointExtension><gpxtpx:bearing>259.57</gpxtpx:bearing><gpxtpx:speed>17.329668</gpxtpx:speed></gpxtpx:TrackPointExtension></extensions><geoidheight>-23.7</geoidheight><src>gps</src><sat>17</sat><hdop>0.58</hdop><vdop>0.97</vdop><pdop>1.13</pdop><dgpsid>0000</dgpsid></trkpt>
<trkpt lat="29.371361166666663" lon="-95.63628750000001"><ele>16.9</ele><time>2025-12-04T22:00:08.000Z</time><extensions><gpxtpx:TrackPointExtension><gpxtpx:bearing>273.62</gpxtpx:bearing><gpxtpx:speed>18.297346</gpxtpx:speed></gpxtpx:TrackPointExtension></extensions><geoidheight>-23.7</geoidheight><src>gps</src><sat>17</sat><hdop>0.58</hdop><vdop>0.97</vdop><pdop>1.13</pdop><dgpsid>0000</dgpsid></trkpt>
<trkpt lat="29.371501333333338" lon="-95.63739683333333"><ele>16.3</ele><time>2025-12-04T22:00:14.000Z</time><extensions><gpxtpx:TrackPointExtension><gpxtpx:bearing>278.63</gpxtpx:bearing><gpxtpx:speed>18.102781</gpxtpx:speed></gpxtpx:TrackPointExtension></extensions><geoidheight>-23.7</geoidheight><src>gps</src><sat>17</sat><hdop>0.58</hdop><vdop>0.97</vdop><pdop>1.13</pdop><dgpsid>0000</dgpsid></trkpt>
<trkpt lat="29.371511499999997" lon="-95.63848750000001"><ele>16.6</ele><time>2025-12-04T22:00:20.000Z</time><extensions><gpxtpx:TrackPointExtension><gpxtpx:bearing>262.67</gpxtpx:bearing><gpxtpx:speed>17.671959</gpxtpx:speed></gpxtpx:TrackPointExtension></extensions><geoidheight>-23.7</geoidheight><src>gps</src><sat>17</sat><hdop>0.58</hdop><vdop>0.97</vdop><pdop>1.13</pdop><dgpsid>0000</dgpsid></trkpt>
<trkpt lat="29.371344999999998" lon="-95.63949066666667"><ele>16.1</ele><time>2025-12-04T22:00:26.000Z</time><extensions><gpxtpx:TrackPointExtension><gpxtpx:bearing>260.46</gpxtpx:bearing><gpxtpx:speed>15.438579</gpxtpx:speed></gpxtpx:TrackPointExtension></extensions><geoidheight>-23.7</geoidheight><src>gps</src><sat>17</sat><hdop>0.58</hdop><vdop>0.97</vdop><pdop>1.13</pdop><dgpsid>0000</dgpsid></trkpt>
<trkpt lat="29.371389999999998" lon="-95.64035666666665"><ele>16.4</ele><time>2025-12-04T22:00:32.000Z</time><extensions><gpxtpx:TrackPointExtension><gpxtpx:bearing>280.99</gpxtpx:bearing><gpxtpx:speed>12.47172</gpxtpx:speed></gpxtpx:TrackPointExtension></extensions><geoidheight>-23.7</geoidheight><src>gps</src><sat>17</sat><hdop>0.58</hdop><vdop>0.97</vdop><pdop>1.12</pdop><dgpsid>0000</dgpsid></trkpt>
<trkpt lat="29.371482666666665" lon="-95.64097216666666"><ele>18.0</ele><time>2025-12-04T22:00:38.000Z</time><extensions><gpxtpx:TrackPointExtension><gpxtpx:bearing>278.13</gpxtpx:bearing><gpxtpx:speed>7.509797</gpxtpx:speed></gpxtpx:TrackPointExtension></extensions><geoidheight>-23.7</geoidheight><src>gps</src><sat>17</sat><hdop>0.61</hdop><vdop>1.03</vdop><pdop>1.20</pdop><dgpsid>0000</dgpsid></trkpt>
<trkpt lat="29.371516166666666" lon="-95.64122883333333"><ele>17.1</ele><time>2025-12-04T22:00:44.000Z</time><extensions><gpxtpx:TrackPointExtension><gpxtpx:bearing>300.42</gpxtpx:bearing><gpxtpx:speed>3.1953955</gpxtpx:speed></gpxtpx:TrackPointExtension></extensions><geoidheight>-23.7</geoidheight><src>gps</src><sat>17</sat><hdop>0.58</hdop><vdop>0.96</vdop><pdop>1.12</pdop><dgpsid>0000</dgpsid></trkpt>
<trkpt lat="29.371776999999998" lon="-95.64128450000001"><ele>16.9</ele><time>2025-12-04T22:00:50.000Z</time><extensions><gpxtpx:TrackPointExtension><gpxtpx:bearing>1.3</gpxtpx:bearing><gpxtpx:speed>7.5942116</gpxtpx:speed></gpxtpx:TrackPointExtension></extensions><geoidheight>-23.7</geoidheight><src>gps</src><sat>17</sat><hdop>0.59</hdop><vdop>0.98</vdop><pdop>1.14</pdop><dgpsid>0000</dgpsid></trkpt>
<trkpt lat="29.3723635" lon="-95.64130033333335"><ele>17.5</ele><time>2025-12-04T22:00:56.000Z</time><extensions><gpxtpx:TrackPointExtension><gpxtpx:bearing>358.35</gpxtpx:bearing><gpxtpx:speed>12.893791</gpxtpx:speed></gpxtpx:TrackPointExtension></extensions><geoidheight>-23.7</geoidheight><src>gps</src><sat>16</sat><hdop>0.59</hdop><vdop>1.04</vdop><pdop>1.19</pdop><dgpsid>0000</dgpsid></trkpt>
<trkpt lat="29.373170333333338" lon="-95.641351"><ele>17.0</ele><time>2025-12-04T22:01:02.000Z</time><extensions><gpxtpx:TrackPointExtension><gpxtpx:bearing>356.18</gpxtpx:bearing><gpxtpx:speed>16.302797</gpxtpx:speed></gpxtpx:TrackPointExtension></extensions><geoidheight>-23.7</geoidheight><src>gps</src><sat>16</sat><hdop>0.60</hdop><vdop>1.04</vdop><pdop>1.20</pdop><dgpsid>0000</dgpsid></trkpt>
<trkpt lat="29.37412116666667" lon="-95.64147050000001"><ele>18.5</ele><time>2025-12-04T22:01:08.000Z</time><extensions><gpxtpx:TrackPointExtension><gpxtpx:bearing>351.58</gpxtpx:bearing><gpxtpx:speed>18.311243</gpxtpx:speed></gpxtpx:TrackPointExtension></extensions><geoidheight>-23.7</geoidheight><src>gps</src><sat>17</sat><hdop>0.66</hdop><vdop>1.18</vdop><pdop>1.35</pdop><dgpsid>0000</dgpsid></trkpt>
<trkpt lat="29.375137499999997" lon="-95.64161933333335"><ele>21.0</ele><time>2025-12-04T22:01:14.000Z</time><extensions><gpxtpx:TrackPointExtension><gpxtpx:bearing>355.51</gpxtpx:bearing><gpxtpx:speed>19.188845</gpxtpx:speed></gpxtpx:TrackPointExtension></extensions><geoidheight>-23.7</geoidheight><src>gps</src><sat>17</sat><hdop>0.66</hdop><vdop>1.15</vdop><pdop>1.32</pdop><dgpsid>0000</dgpsid></trkpt>
<trkpt lat="29.376194499999997" lon="-95.64166533333334"><ele>23.2</ele><time>2025-12-04T22:01:20.000Z</time><extensions><gpxtpx:TrackPointExtension><gpxtpx:bearing>359.1</gpxtpx:bearing><gpxtpx:speed>20.006224</gpxtpx:speed></gpxtpx:TrackPointExtension></extensions><geoidheight>-23.7</geoidheight><src>gps</src><sat>18</sat><hdop>0.66</hdop><vdop>1.15</vdop><pdop>1.32</pdop><dgpsid>0000</dgpsid></trkpt>
<trkpt lat="29.37729733333333" lon="-95.6416885"><ele>24.0</ele><time>2025-12-04T22:01:26.000Z</time><extensions><gpxtpx:TrackPointExtension><gpxtpx:bearing>359.33</gpxtpx:bearing><gpxtpx:speed>20.71654</gpxtpx:speed></gpxtpx:TrackPointExtension></extensions><geoidheight>-23.7</geoidheight><src>gps</src><sat>19</sat><hdop>0.60</hdop><vdop>1.04</vdop><pdop>1.20</pdop><dgpsid>0000</dgpsid></trkpt>
<trkpt lat="29.37844" lon="-95.64171133333333"><ele>24.0</ele><time>2025-12-04T22:01:32.000Z</time><extensions><gpxtpx:TrackPointExtension><gpxtpx:bearing>358.97</gpxtpx:bearing><gpxtpx:speed>21.263689</gpxtpx:speed></gpxtpx:TrackPointExtension></extensions><geoidheight>-23.7</geoidheight><src>gps</src><sat>19</sat><hdop>0.60</hdop><vdop>1.04</vdop><pdop>1.20</pdop><dgpsid>0000</dgpsid></trkpt>
<trkpt lat="29.3796005" lon="-95.64173733333334"><ele>23.8</ele><time>2025-12-04T22:01:38.000Z</time><extensions><gpxtpx:TrackPointExtension><gpxtpx:bearing>359.05</gpxtpx:bearing><gpxtpx:speed>21.535978</gpxtpx:speed></gpxtpx:TrackPointExtension></extensions><geoidheight>-23.8</geoidheight><src>gps</src><sat>19</sat><hdop>0.59</hdop><vdop>1.00</vdop><pdop>1.16</pdop><dgpsid>0000</dgpsid></trkpt>
<trkpt lat="29.380778166666666" lon="-95.64175483333332"><ele>22.6</ele><time>2025-12-04T22:01:44.000Z</time><extensions><gpxtpx:TrackPointExtension><gpxtpx:bearing>359.22</gpxtpx:bearing><gpxtpx:speed>21.822678</gpxtpx:speed></gpxtpx:TrackPointExtension></extensions><geoidheight>-23.8</geoidheight><src>gps</src><sat>20</sat><hdop>0.59</hdop><vdop>1.00</vdop><pdop>1.16</pdop><dgpsid>0000</dgpsid></trkpt>
<trkpt lat="29.381969166666668" lon="-95.64177716666667"><ele>21.6</ele><time>2025-12-04T22:01:50.000Z</time><extensions><gpxtpx:TrackPointExtension><gpxtpx:bearing>358.89</gpxtpx:bearing><gpxtpx:speed>22.113497</gpxtpx:speed></gpxtpx:TrackPointExtension></extensions><geoidheight>-23.8</geoidheight><src>gps</src><sat>19</sat><hdop>0.64</hdop><vdop>1.10</vdop><pdop>1.28</pdop><dgpsid>0000</dgpsid></trkpt>
<trkpt lat="29.3831605" lon="-95.64179883333333"><ele>21.1</ele><time>2025-12-04T22:01:56.000Z</time><extensions><gpxtpx:TrackPointExtension><gpxtpx:bearing>358.66</gpxtpx:bearing><gpxtpx:speed>21.887533</gpxtpx:speed></gpxtpx:TrackPointExtension></extensions><geoidheight>-23.8</geoidheight><src>gps</src><sat>19</sat><hdop>0.60</hdop><vdop>1.00</vdop><pdop>1.16</pdop><dgpsid>0000</dgpsid></trkpt>
<trkpt lat="29.384346833333332" lon="-95.641818"><ele>21.1</ele><time>2025-12-04T22:02:02.000Z</time><extensions><gpxtpx:TrackPointExtension><gpxtpx:bearing>359.04</gpxtpx:bearing><gpxtpx:speed>21.853046</gpxtpx:speed></gpxtpx:TrackPointExtension></extensions><geoidheight>-23.8</geoidheight><src>gps</src><sat>18</sat><hdop>0.61</hdop><vdop>1.00</vdop><pdop>1.17</pdop><dgpsid>0000</dgpsid></trkpt>
<trkpt lat="29.3855195" lon="-95.64184166666668"><ele>21.2</ele><time>2025-12-04T22:02:08.000Z</time><extensions><gpxtpx:TrackPointExtension><gpxtpx:bearing>359.07</gpxtpx:bearing><gpxtpx:speed>21.395973</gpxtpx:speed></gpxtpx:TrackPointExtension></extensions><geoidheight>-23.8</geoidheight><src>gps</src><sat>18</sat><hdop>0.64</hdop><vdop>1.10</vdop><pdop>1.28</pdop><dgpsid>0000</dgpsid></trkpt>
<trkpt lat="29.38659583333333" lon="-95.64188183333333"><ele>21.8</ele><time>2025-12-04T22:02:14.000Z</time><extensions><gpxtpx:TrackPointExtension><gpxtpx:bearing>353.29</gpxtpx:bearing><gpxtpx:speed>18.890306</gpxtpx:speed></gpxtpx:TrackPointExtension></extensions><geoidheight>-23.8</geoidheight><src>gps</src><sat>19</sat><hdop>0.55</hdop><vdop>0.91</vdop><pdop>1.06</pdop><dgpsid>0000</dgpsid></trkpt>
<trkpt lat="29.387532333333336" lon="-95.64234883333332"><ele>21.9</ele><time>2025-12-04T22:02:20.000Z</time><extensions><gpxtpx:TrackPointExtension><gpxtpx:bearing>321.3</gpxtpx:bearing><gpxtpx:speed>18.6978</gpxtpx:speed></gpxtpx:TrackPointExtension></extensions><geoidheight>-23.8</geoidheight><src>gps</src><sat>19</sat><hdop>0.55</hdop><vdop>0.91</vdop><pdop>1.06</pdop><dgpsid>0000</dgpsid></trkpt>
<trkpt lat="29.38808333333333" lon="-95.64329683333332"><ele>21.9</ele><time>2025-12-04T22:02:26.000Z</time><extensions><gpxtpx:TrackPointExtension><gpxtpx:bearing>288.75</gpxtpx:bearing><gpxtpx:speed>18.481102</gpxtpx:speed></gpxtpx:TrackPointExtension></extensions><geoidheight>-23.8</geoidheight><src>gps</src><sat>19</sat><hdop>0.55</hdop><vdop>0.91</vdop><pdop>1.06</pdop><dgpsid>0000</dgpsid></trkpt>
<trkpt lat="29.388155833333332" lon="-95.64444116666667"><ele>21.8</ele><time>2025-12-04T22:02:32.000Z</time><extensions><gpxtpx:TrackPointExtension><gpxtpx:bearing>270.12</gpxtpx:bearing><gpxtpx:speed>19.348408</gpxtpx:speed></gpxtpx:TrackPointExtension></extensions><geoidheight>-23.8</geoidheight><src>gps</src><sat>19</sat><hdop>0.55</hdop><vdop>0.91</vdop><pdop>1.06</pdop><dgpsid>0000</dgpsid></trkpt>
<trkpt lat="29.388141833333332" lon="-95.6456765"><ele>19.5</ele><time>2025-12-04T22:02:38.000Z</time><extensions><gpxtpx:TrackPointExtension><gpxtpx:bearing>269.71</gpxtpx:bearing><gpxtpx:speed>20.40256</gpxtpx:speed></gpxtpx:TrackPointExtension></extensions><geoidheight>-23.8</geoidheight><src>gps</src><sat>19</sat><hdop>0.55</hdop><vdop>0.91</vdop><pdop>1.06</pdop><dgpsid>0000</dgpsid></trkpt>
<trkpt lat="29.388131666666663" lon="-95.64693766666666"><ele>19.5</ele><time>2025-12-04T22:02:44.000Z</time><extensions><gpxtpx:TrackPointExtension><gpxtpx:bearing>269.52</gpxtpx:bearing><gpxtpx:speed>20.50499</gpxtpx:speed></gpxtpx:TrackPointExtension></extensions><geoidheight>-23.8</geoidheight><src>gps</src><sat>18</sat><hdop>0.56</hdop><vdop>0.97</vdop><pdop>1.12</pdop><dgpsid>0000</dgpsid></trkpt>
<trkpt lat="29.388122666666664" lon="-95.64820483333332"><ele>20.0</ele><time>2025-12-04T22:02:50.000Z</time><extensions><gpxtpx:TrackPointExtension><gpxtpx:bearing>269.27</gpxtpx:bearing><gpxtpx:speed>20.60433</gpxtpx:speed></gpxtpx:TrackPointExtension></extensions><geoidheight>-23.8</geoidheight><src>gps</src><sat>18</sat><hdop>0.56</hdop><vdop>0.97</vdop><pdop>1.12</pdop><dgpsid>0000</dgpsid></trkpt>
<trkpt lat="29.388110833333332" lon="-95.64948566666665"><ele>19.7</ele><time>2025-12-04T22:02:56.000Z</time><extensions><gpxtpx:TrackPointExtension><gpxtpx:bearing>269.39</gpxtpx:bearing><gpxtpx:speed>21.055742</gpxtpx:speed></gpxtpx:TrackPointExtension></extensions><geoidheight>-23.8</geoidheight><src>gps</src><sat>18</sat><hdop>0.56</hdop><vdop>0.97</vdop><pdop>1.12</pdop><dgpsid>0000</dgpsid></trkpt>
<trkpt lat="29.388098833333334" lon="-95.650731"><ele>19.4</ele><time>2025-12-04T22:03:02.000Z</time><extensions><gpxtpx:TrackPointExtension><gpxtpx:bearing>269.59</gpxtpx:bearing><gpxtpx:speed>18.850157</gpxtpx:speed></gpxtpx:TrackPointExtension></extensions><geoidheight>-23.8</geoidheight><src>gps</src><sat>18</sat><hdop>0.56</hdop><vdop>0.97</vdop><pdop>1.12</pdop><dgpsid>0000</dgpsid></trkpt>
<trkpt lat="29.388307333333334" lon="-95.65178283333334"><ele>19.1</ele><time>2025-12-04T22:03:08.000Z</time><extensions><gpxtpx:TrackPointExtension><gpxtpx:bearing>297.72</gpxtpx:bearing><gpxtpx:speed>17.208193</gpxtpx:speed></gpxtpx:TrackPointExtension></extensions><geoidheight>-23.8</geoidheight><src>gps</src><sat>18</sat><hdop>0.56</hdop><vdop>0.97</vdop><pdop>1.12</pdop><dgpsid>0000</dgpsid></trkpt>
<trkpt lat="29.38896683333333" lon="-95.65256900000001"><ele>19.2</ele><time>2025-12-04T22:03:14.000Z</time><extensions><gpxtpx:TrackPointExtension><gpxtpx:bearing>328.61</gpxtpx:bearing><gpxtpx:speed>17.806301</gpxtpx:speed></gpxtpx:TrackPointExtension></extensions><geoidheight>-23.8</geoidheight><src>gps</src><sat>18</sat><hdop>0.56</hdop><vdop>0.97</vdop><pdop>1.12</pdop><dgpsid>0000</dgpsid></trkpt>
<trkpt lat="29.389912666666667" lon="-95.6528405"><ele>20.6</ele><time>2025-12-04T22:03:20.000Z</time><extensions><gpxtpx:TrackPointExtension><gpxtpx:bearing>359.3</gpxtpx:bearing><gpxtpx:speed>18.617502</gpxtpx:speed></gpxtpx:TrackPointExtension></extensions><geoidheight>-23.8</geoidheight><src>gps</src><sat>18</sat><hdop>0.65</hdop><vdop>1.10</vdop><pdop>1.28</pdop><dgpsid>0000</dgpsid></trkpt>
<trkpt lat="29.390961666666666" lon="-95.65282516666666"><ele>19.5</ele><time>2025-12-04T22:03:26.000Z</time><extensions><gpxtpx:TrackPointExtension><gpxtpx:bearing>0.79</gpxtpx:bearing><gpxtpx:speed>19.926441</gpxtpx:speed></gpxtpx:TrackPointExtension></extensions><geoidheight>-23.8</geoidheight><src>gps</src><sat>19</sat><hdop>0.59</hdop><vdop>0.99</vdop><pdop>1.15</pdop><dgpsid>0000</dgpsid></trkpt>
<trkpt lat="29.392047333333334" lon="-95.65278766666667"><ele>19.3</ele><time>2025-12-04T22:03:32.000Z</time><extensions><gpxtpx:TrackPointExtension><gpxtpx:bearing>1.15</gpxtpx:bearing><gpxtpx:speed>20.06902</gpxtpx:speed></gpxtpx:TrackPointExtension></extensions><geoidheight>-23.8</geoidheight><src>gps</src><sat>19</sat><hdop>0.56</hdop><vdop>0.97</vdop><pdop>1.12</pdop><dgpsid>0000</dgpsid></trkpt>
<trkpt lat="29.393130499999998" lon="-95.65277149999999"><ele>18.8</ele><time>2025-12-04T22:03:38.000Z</time><extensions><gpxtpx:TrackPointExtension><gpxtpx:bearing>1.12</gpxtpx:bearing><gpxtpx:speed>20.07571</gpxtpx:speed></gpxtpx:TrackPointExtension></extensions><geoidheight>-23.8</geoidheight><src>gps</src><sat>19</sat><hdop>0.59</hdop><vdop>0.99</vdop><pdop>1.15</pdop><dgpsid>0000</dgpsid></trkpt>
<trkpt lat="29.394233666666665" lon="-95.65275199999999"><ele>19.5</ele><time>2025-12-04T22:03:44.000Z</time><extensions><gpxtpx:TrackPointExtension><gpxtpx:bearing>1.3</gpxtpx:bearing><gpxtpx:speed>20.468445</gpxtpx:speed></gpxtpx:TrackPointExtension></extensions><geoidheight>-23.8</geoidheight><src>gps</src><sat>19</sat><hdop>0.59</hdop><vdop>0.99</vdop><pdop>1.15</pdop><dgpsid>0000</dgpsid></trkpt>
<trkpt lat="29.395361333333334" lon="-95.65273083333335"><ele>20.5</ele><time>2025-12-04T22:03:50.000Z</time><extensions><gpxtpx:TrackPointExtension><gpxtpx:bearing>0.49</gpxtpx:bearing><gpxtpx:speed>21.171555</gpxtpx:speed></gpxtpx:TrackPointExtension></extensions><geoidheight>-23.8</geoidheight><src>gps</src><sat>18</sat><hdop>0.59</hdop><vdop>0.99</vdop><pdop>1.15</pdop><dgpsid>0000</dgpsid></trkpt>
<trkpt lat="29.396547499999997" lon="-95.65272633333333"><ele>21.4</ele><time>2025-12-04T22:03:56.000Z</time><extensions><gpxtpx:TrackPointExtension><gpxtpx:bearing>0.0</gpxtpx:bearing><gpxtpx:speed>22.45527</gpxtpx:speed></gpxtpx:TrackPointExtension></extensions><geoidheight>-23.8</geoidheight><src>gps</src><sat>19</sat><hdop>0.59</hdop><vdop>0.99</vdop><pdop>1.15</pdop><dgpsid>0000</dgpsid></trkpt>
<trkpt lat="29.397769" lon="-95.65272983333334"><ele>21.4</ele><time>2025-12-04T22:04:02.000Z</time><extensions><gpxtpx:TrackPointExtension><gpxtpx:bearing>359.46</gpxtpx:bearing><gpxtpx:speed>22.060995</gpxtpx:speed></gpxtpx:TrackPointExtension></extensions><geoidheight>-23.8</geoidheight><src>gps</src><sat>19</sat><hdop>0.57</hdop><vdop>0.97</vdop><pdop>1.13</pdop><dgpsid>0000</dgpsid></trkpt>
<trkpt lat="29.398964333333332" lon="-95.652741"><ele>21.4</ele><time>2025-12-04T22:04:08.000Z</time><extensions><gpxtpx:TrackPointExtension><gpxtpx:bearing>359.04</gpxtpx:bearing><gpxtpx:speed>22.000257</gpxtpx:speed></gpxtpx:TrackPointExtension></extensions><geoidheight>-23.8</geoidheight><src>gps</src><sat>19</sat><hdop>0.59</hdop><vdop>0.98</vdop><pdop>1.15</pdop><dgpsid>0000</dgpsid></trkpt>
<trkpt lat="29.400158499999996" lon="-95.65276700000001"><ele>21.5</ele><time>2025-12-04T22:04:14.000Z</time><extensions><gpxtpx:TrackPointExtension><gpxtpx:bearing>358.67</gpxtpx:bearing><gpxtpx:speed>21.950844</gpxtpx:speed></gpxtpx:TrackPointExtension></extensions><geoidheight>-23.8</geoidheight><src>gps</src><sat>18</sat><hdop>0.61</hdop><vdop>0.99</vdop><pdop>1.16</pdop><dgpsid>0000</dgpsid></trkpt>
<trkpt lat="29.401328499999998" lon="-95.65279433333332"><ele>21.3</ele><time>2025-12-04T22:04:20.000Z</time><extensions><gpxtpx:TrackPointExtension><gpxtpx:bearing>358.91</gpxtpx:bearing><gpxtpx:speed>20.778822</gpxtpx:speed></gpxtpx:TrackPointExtension></extensions><geoidheight>-23.8</geoidheight><src>gps</src><sat>18</sat><hdop>0.61</hdop><vdop>0.99</vdop><pdop>1.16</pdop><dgpsid>0000</dgpsid></trkpt>
<trkpt lat="29.402383" lon="-95.65282033333332"><ele>21.2</ele><time>2025-12-04T22:04:26.000Z</time><extensions><gpxtpx:TrackPointExtension><gpxtpx:bearing>358.73</gpxtpx:bearing><gpxtpx:speed>18.223225</gpxtpx:speed></gpxtpx:TrackPointExtension></extensions><geoidheight>-23.8</geoidheight><src>gps</src><sat>19</sat><hdop>0.59</hdop><vdop>0.98</vdop><pdop>1.14</pdop><dgpsid>0000</dgpsid></trkpt>
<trkpt lat="29.40329883333333" lon="-95.65284416666667"><ele>21.2</ele><time>2025-12-04T22:04:32.000Z</time><extensions><gpxtpx:TrackPointExtension><gpxtpx:bearing>358.81</gpxtpx:bearing><gpxtpx:speed>15.692851</gpxtpx:speed></gpxtpx:TrackPointExtension></extensions><geoidheight>-23.8</geoidheight><src>gps</src><sat>19</sat><hdop>0.61</hdop><vdop>0.99</vdop><pdop>1.16</pdop><dgpsid>0000</dgpsid></trkpt>
<trkpt lat="29.404087166666667" lon="-95.65287250000002"><ele>21.6</ele><time>2025-12-04T22:04:38.000Z</time><extensions><gpxtpx:TrackPointExtension><gpxtpx:bearing>355.73</gpxtpx:bearing><gpxtpx:speed>13.64786</gpxtpx:speed></gpxtpx:TrackPointExtension></extensions><geoidheight>-23.8</geoidheight><src>gps</src><sat>19</sat><hdop>0.57</hdop><vdop>0.97</vdop><pdop>1.13</pdop><dgpsid>0000</dgpsid></trkpt>
<trkpt lat="29.404811333333335" lon="-95.65314116666666"><ele>21.9</ele><time>2025-12-04T22:04:44.000Z</time><extensions><gpxtpx:TrackPointExtension><gpxtpx:bearing>328.83</gpxtpx:bearing><gpxtpx:speed>14.733924</gpxtpx:speed></gpxtpx:TrackPointExtension></extensions><geoidheight>-23.8</geoidheight><src>gps</src><sat>18</sat><hdop>0.63</hdop><vdop>1.10</vdop><pdop>1.27</pdop><dgpsid>0000</dgpsid></trkpt>
<trkpt lat="29.40536083333333" lon="-95.65378783333333"><ele>22.1</ele><time>2025-12-04T22:04:50.000Z</time><extensions><gpxtpx:TrackPointExtension><gpxtpx:bearing>300.58</gpxtpx:bearing><gpxtpx:speed>14.944445</gpxtpx:speed></gpxtpx:TrackPointExtension></extensions><geoidheight>-23.8</geoidheight><src>gps</src><sat>18</sat><hdop>0.56</hdop><vdop>0.96</vdop><pdop>1.11</pdop><dgpsid>0000</dgpsid></trkpt>
<trkpt lat="29.40556316666667" lon="-95.65468033333333"><ele>21.7</ele><time>2025-12-04T22:04:56.000Z</time><extensions><gpxtpx:TrackPointExtension><gpxtpx:bearing>272.79</gpxtpx:bearing><gpxtpx:speed>15.266147</gpxtpx:speed></gpxtpx:TrackPointExtension></extensions><geoidheight>-23.8</geoidheight><src>gps</src><sat>18</sat><hdop>0.56</hdop><vdop>0.96</vdop><pdop>1.11</pdop><dgpsid>0000</dgpsid></trkpt>
<trkpt lat="29.405544499999998" lon="-95.655646"><ele>20.9</ele><time>2025-12-04T22:05:02.000Z</time><extensions><gpxtpx:TrackPointExtension><gpxtpx:bearing>269.31</gpxtpx:bearing><gpxtpx:speed>15.830282</gpxtpx:speed></gpxtpx:TrackPointExtension></extensions><geoidheight>-23.8</geoidheight><src>gps</src><sat>18</sat><hdop>0.57</hdop><vdop>0.98</vdop><pdop>1.14</pdop><dgpsid>0000</dgpsid></trkpt>
<trkpt lat="29.405533666666663" lon="-95.65661833333334"><ele>20.3</ele><time>2025-12-04T22:05:08.000Z</time><extensions><gpxtpx:TrackPointExtension><gpxtpx:bearing>269.12</gpxtpx:bearing><gpxtpx:speed>15.428799</gpxtpx:speed></gpxtpx:TrackPointExtension></extensions><geoidheight>-23.8</geoidheight><src>gps</src><sat>17</sat><hdop>0.57</hdop><vdop>0.98</vdop><pdop>1.14</pdop><dgpsid>0000</dgpsid></trkpt>
<trkpt lat="29.405517499999995" lon="-95.65753199999999"><ele>19.4</ele><time>2025-12-04T22:05:14.000Z</time><extensions><gpxtpx:TrackPointExtension><gpxtpx:bearing>269.13</gpxtpx:bearing><gpxtpx:speed>14.634068</gpxtpx:speed></gpxtpx:TrackPointExtension></extensions><geoidheight>-23.8</geoidheight><src>gps</src><sat>19</sat><hdop>0.55</hdop><vdop>0.90</vdop><pdop>1.06</pdop><dgpsid>0000</dgpsid></trkpt>
<trkpt lat="29.40556616666667" lon="-95.65840600000001"><ele>18.7</ele><time>2025-12-04T22:05:20.000Z</time><extensions><gpxtpx:TrackPointExtension><gpxtpx:bearing>281.68</gpxtpx:bearing><gpxtpx:speed>14.100301</gpxtpx:speed></gpxtpx:TrackPointExtension></extensions><geoidheight>-23.8</geoidheight><src>gps</src><sat>19</sat><hdop>0.55</hdop><vdop>0.90</vdop><pdop>1.06</pdop><dgpsid>0000</dgpsid></trkpt>
<trkpt lat="29.405878999999995" lon="-95.65921850000001"><ele>17.6</ele><time>2025-12-04T22:05:26.000Z</time><extensions><gpxtpx:TrackPointExtension><gpxtpx:bearing>304.52</gpxtpx:bearing><gpxtpx:speed>14.75091</gpxtpx:speed></gpxtpx:TrackPointExtension></extensions><geoidheight>-23.8</geoidheight><src>gps</src><sat>19</sat><hdop>0.56</hdop><vdop>0.89</vdop><pdop>1.06</pdop><dgpsid>0000</dgpsid></trkpt>
<trkpt lat="29.4064105" lon="-95.65995333333333"><ele>16.6</ele><time>2025-12-04T22:05:32.000Z</time><extensions><gpxtpx:TrackPointExtension><gpxtpx:bearing>310.31</gpxtpx:bearing><gpxtpx:speed>15.771604</gpxtpx:speed></gpxtpx:TrackPointExtension></extensions><geoidheight>-23.8</geoidheight><src>gps</src><sat>18</sat><hdop>0.56</hdop><vdop>0.96</vdop><pdop>1.11</pdop><dgpsid>0000</dgpsid></trkpt>
<trkpt lat="29.406968833333334" lon="-95.66071333333333"><ele>15.8</ele><time>2025-12-04T22:05:38.000Z</time><extensions><gpxtpx:TrackPointExtension><gpxtpx:bearing>309.51</gpxtpx:bearing><gpxtpx:speed>15.864254</gpxtpx:speed></gpxtpx:TrackPointExtension></extensions><geoidheight>-23.8</geoidheight><src>gps</src><sat>18</sat><hdop>0.56</hdop><vdop>0.96</vdop><pdop>1.11</pdop><dgpsid>0000</dgpsid></trkpt>
<trkpt lat="29.407498166666663" lon="-95.66150199999998"><ele>15.5</ele><time>2025-12-04T22:05:44.000Z</time><extensions><gpxtpx:TrackPointExtension><gpxtpx:bearing>304.45</gpxtpx:bearing><gpxtpx:speed>16.377432</gpxtpx:speed></gpxtpx:TrackPointExtension></extensions><geoidheight>-23.8</geoidheight><src>gps</src><sat>18</sat><hdop>0.56</hdop><vdop>0.96</vdop><pdop>1.11</pdop><dgpsid>0000</dgpsid></trkpt>
<trkpt lat="29.40796716666667" lon="-95.66238200000001"><ele>15.0</ele><time>2025-12-04T22:05:50.000Z</time><extensions><gpxtpx:TrackPointExtension><gpxtpx:bearing>297.91</gpxtpx:bearing><gpxtpx:speed>16.920464</gpxtpx:speed></gpxtpx:TrackPointExtension></extensions><geoidheight>-23.8</geoidheight><src>gps</src><sat>18</sat><hdop>0.56</hdop><vdop>0.96</vdop><pdop>1.11</pdop><dgpsid>0000</dgpsid></trkpt>
<trkpt lat="29.408385" lon="-95.66333733333335"><ele>14.3</ele><time>2025-12-04T22:05:56.000Z</time><extensions><gpxtpx:TrackPointExtension><gpxtpx:bearing>295.74</gpxtpx:bearing><gpxtpx:speed>17.599382</gpxtpx:speed></gpxtpx:TrackPointExtension></extensions><geoidheight>-23.8</geoidheight><src>gps</src><sat>19</sat><hdop>0.56</hdop><vdop>0.96</vdop><pdop>1.11</pdop><dgpsid>0000</dgpsid></trkpt>
<trkpt lat="29.408801" lon="-95.66431416666667"><ele>14.9</ele><time>2025-12-04T22:06:02.000Z</time><extensions><gpxtpx:TrackPointExtension><gpxtpx:bearing>296.11</gpxtpx:bearing><gpxtpx:speed>17.598352</gpxtpx:speed></gpxtpx:TrackPointExtension></extensions><geoidheight>-23.8</geoidheight><src>gps</src><sat>19</sat><hdop>0.56</hdop><vdop>0.96</vdop><pdop>1.11</pdop><dgpsid>0000</dgpsid></trkpt>
<trkpt lat="29.409219500000003" lon="-95.66529299999999"><ele>15.9</ele><time>2025-12-04T22:06:08.000Z</time><extensions><gpxtpx:TrackPointExtension><gpxtpx:bearing>296.0</gpxtpx:bearing><gpxtpx:speed>17.596294</gpxtpx:speed></gpxtpx:TrackPointExtension></extensions><geoidheight>-23.8</geoidheight><src>gps</src><sat>19</sat><hdop>0.56</hdop><vdop>0.96</vdop><pdop>1.11</pdop><dgpsid>0000</dgpsid></trkpt>
<trkpt lat="29.409657" lon="-95.66627766666667"><ele>15.7</ele><time>2025-12-04T22:06:14.000Z</time><extensions><gpxtpx:TrackPointExtension><gpxtpx:bearing>298.61</gpxtpx:bearing><gpxtpx:speed>17.895863</gpxtpx:speed></gpxtpx:TrackPointExtension></extensions><geoidheight>-23.8</geoidheight><src>gps</src><sat>19</sat><hdop>0.56</hdop><vdop>0.96</vdop><pdop>1.11</pdop><dgpsid>0000</dgpsid></trkpt>
<trkpt lat="29.410206833333337" lon="-95.66723249999998"><ele>14.5</ele><time>2025-12-04T22:06:20.000Z</time><extensions><gpxtpx:TrackPointExtension><gpxtpx:bearing>307.4</gpxtpx:bearing><gpxtpx:speed>18.69574</gpxtpx:speed></gpxtpx:TrackPointExtension></extensions><geoidheight>-23.8</geoidheight><src>gps</src><sat>19</sat><hdop>0.62</hdop><vdop>1.10</vdop><pdop>1.26</pdop><dgpsid>0000</dgpsid></trkpt>
<trkpt lat="29.41087433333333" lon="-95.66809833333333"><ele>13.9</ele><time>2025-12-04T22:06:26.000Z</time><extensions><gpxtpx:TrackPointExtension><gpxtpx:bearing>313.94</gpxtpx:bearing><gpxtpx:speed>18.256683</gpxtpx:speed></gpxtpx:TrackPointExtension></extensions><geoidheight>-23.8</geoidheight><src>gps</src><sat>18</sat><hdop>0.62</hdop><vdop>1.10</vdop><pdop>1.26</pdop><dgpsid>0000</dgpsid></trkpt>
<trkpt lat="29.411570666666663" lon="-95.668919"><ele>13.6</ele><time>2025-12-04T22:06:32.000Z</time><extensions><gpxtpx:TrackPointExtension><gpxtpx:bearing>314.32</gpxtpx:bearing><gpxtpx:speed>18.400805</gpxtpx:speed></gpxtpx:TrackPointExtension></extensions><geoidheight>-23.8</geoidheight><src>gps</src><sat>17</sat><hdop>0.65</hdop><vdop>1.23</vdop><pdop>1.39</pdop><dgpsid>0000</dgpsid></trkpt>
<trkpt lat="29.41226166666667" lon="-95.66973950000002"><ele>13.4</ele><time>2025-12-04T22:06:38.000Z</time><extensions><gpxtpx:TrackPointExtension><gpxtpx:bearing>313.7</gpxtpx:bearing><gpxtpx:speed>18.519192</gpxtpx:speed></gpxtpx:TrackPointExtension></extensions><geoidheight>-23.8</geoidheight><src>gps</src><sat>17</sat><hdop>0.65</hdop><vdop>1.23</vdop><pdop>1.39</pdop><dgpsid>0000</dgpsid></trkpt>
<trkpt lat="29.41295566666667" lon="-95.67056283333335"><ele>13.2</ele><time>2025-12-04T22:06:44.000Z</time><extensions><gpxtpx:TrackPointExtension><gpxtpx:bearing>314.07</gpxtpx:bearing><gpxtpx:speed>18.292713</gpxtpx:speed></gpxtpx:TrackPointExtension></extensions><geoidheight>-23.8</geoidheight><src>gps</src><sat>18</sat><hdop>0.65</hdop><vdop>1.23</vdop><pdop>1.39</pdop><dgpsid>0000</dgpsid></trkpt>
<trkpt lat="29.413644999999995" lon="-95.67138883333334"><ele>13.2</ele><time>2025-12-04T22:06:50.000Z</time><extensions><gpxtpx:TrackPointExtension><gpxtpx:bearing>313.55</gpxtpx:bearing><gpxtpx:speed>18.372496</gpxtpx:speed></gpxtpx:TrackPointExtension></extensions><geoidheight>-23.8</geoidheight><src>gps</src><sat>19</sat><hdop>0.58</hdop><vdop>0.97</vdop><pdop>1.13</pdop><dgpsid>0000</dgpsid></trkpt>
<trkpt lat="29.414345000000004" lon="-95.67222083333333"><ele>13.5</ele><time>2025-12-04T22:06:56.000Z</time><extensions><gpxtpx:TrackPointExtension><gpxtpx:bearing>313.67</gpxtpx:bearing><gpxtpx:speed>18.659195</gpxtpx:speed></gpxtpx:TrackPointExtension></extensions><geoidheight>-23.8</geoidheight><src>gps</src><sat>19</sat><hdop>0.55</hdop><vdop>0.88</vdop><pdop>1.04</pdop><dgpsid>0000</dgpsid></trkpt>
<trkpt lat="29.415049833333335" lon="-95.67306916666666"><ele>13.9</ele><time>2025-12-04T22:07:02.000Z</time><extensions><gpxtpx:TrackPointExtension><gpxtpx:bearing>314.06</gpxtpx:bearing><gpxtpx:speed>19.023104</gpxtpx:speed></gpxtpx:TrackPointExtension></extensions><geoidheight>-23.8</geoidheight><src>gps</src><sat>19</sat><hdop>0.55</hdop><vdop>0.88</vdop><pdop>1.04</pdop><dgpsid>0000</dgpsid></trkpt>
<trkpt lat="29.415780166666664" lon="-95.673939"><ele>13.6</ele><time>2025-12-04T22:07:08.000Z</time><extensions><gpxtpx:TrackPointExtension><gpxtpx:bearing>313.75</gpxtpx:bearing><gpxtpx:speed>19.639227</gpxtpx:speed></gpxtpx:TrackPointExtension></extensions><geoidheight>-23.8</geoidheight><src>gps</src><sat>19</sat><hdop>0.55</hdop><vdop>0.88</vdop><pdop>1.04</pdop><dgpsid>0000</dgpsid></trkpt>
<trkpt lat="29.416522999999998" lon="-95.67482466666667"><ele>13.6</ele><time>2025-12-04T22:07:14.000Z</time><extensions><gpxtpx:TrackPointExtension><gpxtpx:bearing>313.58</gpxtpx:bearing><gpxtpx:speed>19.972767</gpxtpx:speed></gpxtpx:TrackPointExtension></extensions><geoidheight>-23.8</geoidheight><src>gps</src><sat>19</sat><hdop>0.61</hdop><vdop>1.05</vdop><pdop>1.21</pdop><dgpsid>0000</dgpsid></trkpt>
<trkpt lat="29.417282999999998" lon="-95.675737"><ele>13.9</ele><time>2025-12-04T22:07:20.000Z</time><extensions><gpxtpx:TrackPointExtension><gpxtpx:bearing>313.57</gpxtpx:bearing><gpxtpx:speed>20.648083</gpxtpx:speed></gpxtpx:TrackPointExtension></extensions><geoidheight>-23.8</geoidheight><src>gps</src><sat>19</sat><hdop>0.58</hdop><vdop>0.97</vdop><pdop>1.13</pdop><dgpsid>0000</dgpsid></trkpt>
<trkpt lat="29.418068" lon="-95.67667633333333"><ele>13.9</ele><time>2025-12-04T22:07:26.000Z</time><extensions><gpxtpx:TrackPointExtension><gpxtpx:bearing>313.81</gpxtpx:bearing><gpxtpx:speed>21.460314</gpxtpx:speed></gpxtpx:TrackPointExtension></extensions><geoidheight>-23.8</geoidheight><src>gps</src><sat>19</sat><hdop>0.58</hdop><vdop>0.97</vdop><pdop>1.13</pdop><dgpsid>0000</dgpsid></trkpt>
<trkpt lat="29.418887499999997" lon="-95.677653"><ele>13.7</ele><time>2025-12-04T22:07:32.000Z</time><extensions><gpxtpx:TrackPointExtension><gpxtpx:bearing>313.64</gpxtpx:bearing><gpxtpx:speed>22.19997</gpxtpx:speed></gpxtpx:TrackPointExtension></extensions><geoidheight>-23.8</geoidheight><src>gps</src><sat>19</sat><hdop>0.55</hdop><vdop>0.88</vdop><pdop>1.03</pdop><dgpsid>0000</dgpsid></trkpt>
<trkpt lat="29.41973066666667" lon="-95.6786655"><ele>13.3</ele><time>2025-12-04T22:07:38.000Z</time><extensions><gpxtpx:TrackPointExtension><gpxtpx:bearing>313.44</gpxtpx:bearing><gpxtpx:speed>22.992641</gpxtpx:speed></gpxtpx:TrackPointExtension></extensions><geoidheight>-23.8</geoidheight><src>gps</src><sat>19</sat><hdop>0.55</hdop><vdop>0.88</vdop><pdop>1.03</pdop><dgpsid>0000</dgpsid></trkpt>
<trkpt lat="29.42059583333333" lon="-95.67970233333332"><ele>13.0</ele><time>2025-12-04T22:07:44.000Z</time><extensions><gpxtpx:TrackPointExtension><gpxtpx:bearing>313.8</gpxtpx:bearing><gpxtpx:speed>23.014774</gpxtpx:speed></gpxtpx:TrackPointExtension></extensions><geoidheight>-23.8</geoidheight><src>gps</src><sat>18</sat><hdop>0.56</hdop><vdop>0.95</vdop><pdop>1.10</pdop><dgpsid>0000</dgpsid></trkpt>
<trkpt lat="29.421456333333335" lon="-95.68072566666666"><ele>12.7</ele><time>2025-12-04T22:07:50.000Z</time><extensions><gpxtpx:TrackPointExtension><gpxtpx:bearing>313.59</gpxtpx:bearing><gpxtpx:speed>22.613806</gpxtpx:speed></gpxtpx:TrackPointExtension></extensions><geoidheight>-23.8</geoidheight><src>gps</src><sat>18</sat><hdop>0.56</hdop><vdop>0.95</vdop><pdop>1.10</pdop><dgpsid>0000</dgpsid></trkpt>
<trkpt lat="29.422302666666663" lon="-95.68173966666667"><ele>12.5</ele><time>2025-12-04T22:07:56.000Z</time><extensions><gpxtpx:TrackPointExtension><gpxtpx:bearing>313.57</gpxtpx:bearing><gpxtpx:speed>22.711088</gpxtpx:speed></gpxtpx:TrackPointExtension></extensions><geoidheight>-23.8</geoidheight><src>gps</src><sat>18</sat><hdop>0.63</hdop><vdop>1.10</vdop><pdop>1.26</pdop><dgpsid>0000</dgpsid></trkpt>
<trkpt lat="29.42313933333333" lon="-95.68273133333332"><ele>12.5</ele><time>2025-12-04T22:08:02.000Z</time><extensions><gpxtpx:TrackPointExtension><gpxtpx:bearing>314.51</gpxtpx:bearing><gpxtpx:speed>22.133055</gpxtpx:speed></gpxtpx:TrackPointExtension></extensions><geoidheight>-23.8</geoidheight><src>gps</src><sat>18</sat><hdop>0.63</hdop><vdop>1.10</vdop><pdop>1.26</pdop><dgpsid>0000</dgpsid></trkpt>
<trkpt lat="29.423975000000002" lon="-95.68370133333335"><ele>12.5</ele><time>2025-12-04T22:08:08.000Z</time><extensions><gpxtpx:TrackPointExtension><gpxtpx:bearing>314.63</gpxtpx:bearing><gpxtpx:speed>22.018787</gpxtpx:speed></gpxtpx:TrackPointExtension></extensions><geoidheight>-23.8</geoidheight><src>gps</src><sat>18</sat><hdop>0.63</hdop><vdop>1.10</vdop><pdop>1.26</pdop><dgpsid>0000</dgpsid></trkpt>
<trkpt lat="29.42479033333333" lon="-95.68467183333333"><ele>12.6</ele><time>2025-12-04T22:08:14.000Z</time><extensions><gpxtpx:TrackPointExtension><gpxtpx:bearing>313.7</gpxtpx:bearing><gpxtpx:speed>21.62554</gpxtpx:speed></gpxtpx:TrackPointExtension></extensions><geoidheight>-23.8</geoidheight><src>gps</src><sat>18</sat><hdop>0.63</hdop><vdop>1.10</vdop><pdop>1.26</pdop><dgpsid>0000</dgpsid></trkpt>
<trkpt lat="29.425594500000003" lon="-95.68563116666668"><ele>12.6</ele><time>2025-12-04T22:08:20.000Z</time><extensions><gpxtpx:TrackPointExtension><gpxtpx:bearing>313.75</gpxtpx:bearing><gpxtpx:speed>21.436121</gpxtpx:speed></gpxtpx:TrackPointExtension></extensions><geoidheight>-23.8</geoidheight><src>gps</src><sat>18</sat><hdop>0.63</hdop><vdop>1.10</vdop><pdop>1.26</pdop><dgpsid>0000</dgpsid></trkpt>
<trkpt lat="29.426389166666663" lon="-95.68657950000001"><ele>12.4</ele><time>2025-12-04T22:08:26.000Z</time><extensions><gpxtpx:TrackPointExtension><gpxtpx:bearing>313.9</gpxtpx:bearing><gpxtpx:speed>21.19163</gpxtpx:speed></gpxtpx:TrackPointExtension></extensions><geoidheight>-23.8</geoidheight><src>gps</src><sat>18</sat><hdop>0.63</hdop><vdop>1.10</vdop><pdop>1.26</pdop><dgpsid>0000</dgpsid></trkpt>
<trkpt lat="29.427159" lon="-95.68751833333333"><ele>14.1</ele><time>2025-12-04T22:08:32.000Z</time><extensions><gpxtpx:TrackPointExtension><gpxtpx:bearing>313.14</gpxtpx:bearing><gpxtpx:speed>20.87353</gpxtpx:speed></gpxtpx:TrackPointExtension></extensions><geoidheight>-23.8</geoidheight><src>gps</src><sat>18</sat><hdop>0.63</hdop><vdop>1.10</vdop><pdop>1.26</pdop><dgpsid>0000</dgpsid></trkpt>
<trkpt lat="29.427940166666666" lon="-95.68843999999999"><ele>16.1</ele><time>2025-12-04T22:08:38.000Z</time><extensions><gpxtpx:TrackPointExtension><gpxtpx:bearing>313.6</gpxtpx:bearing><gpxtpx:speed>20.392265</gpxtpx:speed></gpxtpx:TrackPointExtension></extensions><geoidheight>-23.8</geoidheight><src>gps</src><sat>18</sat><hdop>0.56</hdop><vdop>0.95</vdop><pdop>1.10</pdop><dgpsid>0000</dgpsid></trkpt>
<trkpt lat="29.428648" lon="-95.6892895"><ele>17.2</ele><time>2025-12-04T22:08:44.000Z</time><extensions><gpxtpx:TrackPointExtension><gpxtpx:bearing>313.85</gpxtpx:bearing><gpxtpx:speed>17.694092</gpxtpx:speed></gpxtpx:TrackPointExtension></extensions><geoidheight>-23.8</geoidheight><src>gps</src><sat>18</sat><hdop>0.56</hdop><vdop>0.95</vdop><pdop>1.10</pdop><dgpsid>0000</dgpsid></trkpt>
<trkpt lat="29.429264333333336" lon="-95.69002183333332"><ele>17.8</ele><time>2025-12-04T22:08:50.000Z</time><extensions><gpxtpx:TrackPointExtension><gpxtpx:bearing>313.54</gpxtpx:bearing><gpxtpx:speed>15.24144</gpxtpx:speed></gpxtpx:TrackPointExtension></extensions><geoidheight>-23.8</geoidheight><src>gps</src><sat>18</sat><hdop>0.63</hdop><vdop>1.10</vdop><pdop>1.26</pdop><dgpsid>0000</dgpsid></trkpt>
<trkpt lat="29.42976266666667" lon="-95.69062266666667"><ele>18.2</ele><time>2025-12-04T22:08:56.000Z</time><extensions><gpxtpx:TrackPointExtension><gpxtpx:bearing>313.66</gpxtpx:bearing><gpxtpx:speed>10.48798</gpxtpx:speed></gpxtpx:TrackPointExtension></extensions><geoidheight>-23.8</geoidheight><src>gps</src><sat>18</sat><hdop>0.63</hdop><vdop>1.10</vdop><pdop>1.26</pdop><dgpsid>0000</dgpsid></trkpt>
<trkpt lat="29.430063000000004" lon="-95.69097583333333"><ele>18.4</ele><time>2025-12-04T22:09:02.000Z</time><extensions><gpxtpx:TrackPointExtension><gpxtpx:bearing>314.48</gpxtpx:bearing><gpxtpx:speed>5.5106163</gpxtpx:speed></gpxtpx:TrackPointExtension></extensions><geoidheight>-23.8</geoidheight><src>gps</src><sat>18</sat><hdop>0.56</hdop><vdop>0.94</vdop><pdop>1.10</pdop><dgpsid>0000</dgpsid></trkpt>
<trkpt lat="29.430148" lon="-95.69108016666665"><ele>19.5</ele><time>2025-12-04T22:09:08.000Z</time><extensions><gpxtpx:TrackPointExtension><gpxtpx:bearing>313.79</gpxtpx:bearing><gpxtpx:speed>1.2595253</gpxtpx:speed></gpxtpx:TrackPointExtension></extensions><geoidheight>-23.8</geoidheight><src>gps</src><sat>18</sat><hdop>0.56</hdop><vdop>0.94</vdop><pdop>1.10</pdop><dgpsid>0000</dgpsid></trkpt>
<trkpt lat="29.43017033333333" lon="-95.69129466666666"><ele>20.3</ele><time>2025-12-04T22:09:14.000Z</time><extensions><gpxtpx:TrackPointExtension><gpxtpx:bearing>244.91</gpxtpx:bearing><gpxtpx:speed>5.0540576</gpxtpx:speed></gpxtpx:TrackPointExtension></extensions><geoidheight>-23.8</geoidheight><src>gps</src><sat>18</sat><hdop>0.63</hdop><vdop>1.10</vdop><pdop>1.26</pdop><dgpsid>0000</dgpsid></trkpt>
<trkpt lat="29.429850499999997" lon="-95.69166566666667"><ele>19.5</ele><time>2025-12-04T22:09:20.000Z</time><extensions><gpxtpx:TrackPointExtension><gpxtpx:bearing>223.25</gpxtpx:bearing><gpxtpx:speed>11.444334</gpxtpx:speed></gpxtpx:TrackPointExtension></extensions><geoidheight>-23.8</geoidheight><src>gps</src><sat>18</sat><hdop>0.56</hdop><vdop>0.94</vdop><pdop>1.10</pdop><dgpsid>0000</dgpsid></trkpt>
<trkpt lat="29.42929616666667" lon="-95.69223816666666"><ele>20.0</ele><time>2025-12-04T22:09:26.000Z</time><extensions><gpxtpx:TrackPointExtension><gpxtpx:bearing>222.71</gpxtpx:bearing><gpxtpx:speed>15.561597</gpxtpx:speed></gpxtpx:TrackPointExtension></extensions><geoidheight>-23.8</geoidheight><src>gps</src><sat>18</sat><hdop>0.58</hdop><vdop>0.96</vdop><pdop>1.12</pdop><dgpsid>0000</dgpsid></trkpt>
<trkpt lat="29.428623333333334" lon="-95.69295966666665"><ele>19.9</ele><time>2025-12-04T22:09:32.000Z</time><extensions><gpxtpx:TrackPointExtension><gpxtpx:bearing>223.57</gpxtpx:bearing><gpxtpx:speed>18.326685</gpxtpx:speed></gpxtpx:TrackPointExtension></extensions><geoidheight>-23.8</geoidheight><src>gps</src><sat>17</sat><hdop>0.58</hdop><vdop>0.96</vdop><pdop>1.12</pdop><dgpsid>0000</dgpsid></trkpt>
<trkpt lat="29.427873999999996" lon="-95.69377133333334"><ele>19.8</ele><time>2025-12-04T22:09:38.000Z</time><extensions><gpxtpx:TrackPointExtension><gpxtpx:bearing>223.49</gpxtpx:bearing><gpxtpx:speed>19.428705</gpxtpx:speed></gpxtpx:TrackPointExtension></extensions><geoidheight>-23.8</geoidheight><src>gps</src><sat>17</sat><hdop>0.58</hdop><vdop>0.96</vdop><pdop>1.12</pdop><dgpsid>0000</dgpsid></trkpt>
<trkpt lat="29.427093833333334" lon="-95.69462183333331"><ele>19.3</ele><time>2025-12-04T22:09:44.000Z</time><extensions><gpxtpx:TrackPointExtension><gpxtpx:bearing>223.97</gpxtpx:bearing><gpxtpx:speed>20.203362</gpxtpx:speed></gpxtpx:TrackPointExtension></extensions><geoidheight>-23.8</geoidheight><src>gps</src><sat>17</sat><hdop>0.58</hdop><vdop>0.96</vdop><pdop>1.12</pdop><dgpsid>0000</dgpsid></trkpt>
<trkpt lat="29.426288833333334" lon="-95.69549766666665"><ele>19.3</ele><time>2025-12-04T22:09:50.000Z</time><extensions><gpxtpx:TrackPointExtension><gpxtpx:bearing>223.57</gpxtpx:bearing><gpxtpx:speed>20.797867</gpxtpx:speed></gpxtpx:TrackPointExtension></extensions><geoidheight>-23.8</geoidheight><src>gps</src><sat>17</sat><hdop>0.61</hdop><vdop>1.05</vdop><pdop>1.21</pdop><dgpsid>0000</dgpsid></trkpt>
<trkpt lat="29.425438833333335" lon="-95.69641600000001"><ele>19.4</ele><time>2025-12-04T22:09:56.000Z</time><extensions><gpxtpx:TrackPointExtension><gpxtpx:bearing>223.7</gpxtpx:bearing><gpxtpx:speed>22.30034</gpxtpx:speed></gpxtpx:TrackPointExtension></extensions><geoidheight>-23.8</geoidheight><src>gps</src><sat>17</sat><hdop>0.61</hdop><vdop>1.05</vdop><pdop>1.21</pdop><dgpsid>0000</dgpsid></trkpt>
<trkpt lat="29.424538666666663" lon="-95.69739866666666"><ele>19.4</ele><time>2025-12-04T22:10:02.000Z</time><extensions><gpxtpx:TrackPointExtension><gpxtpx:bearing>223.52</gpxtpx:bearing><gpxtpx:speed>23.428097</gpxtpx:speed></gpxtpx:TrackPointExtension></extensions><geoidheight>-23.8</geoidheight><src>gps</src><sat>17</sat><hdop>0.61</hdop><vdop>1.05</vdop><pdop>1.21</pdop><dgpsid>0000</dgpsid></trkpt>
<trkpt lat="29.42359783333333" lon="-95.69842433333334"><ele>19.3</ele><time>2025-12-04T22:10:08.000Z</time><extensions><gpxtpx:TrackPointExtension><gpxtpx:bearing>223.39</gpxtpx:bearing><gpxtpx:speed>24.418423</gpxtpx:speed></gpxtpx:TrackPointExtension></extensions><geoidheight>-23.8</geoidheight><src>gps</src><sat>17</sat><hdop>0.61</hdop><vdop>1.05</vdop><pdop>1.21</pdop><dgpsid>0000</dgpsid></trkpt>
<trkpt lat="29.422618166666666" lon="-95.69948716666667"><ele>19.3</ele><time>2025-12-04T22:10:14.000Z</time><extensions><gpxtpx:TrackPointExtension><gpxtpx:bearing>223.86</gpxtpx:bearing><gpxtpx:speed>25.517868</gpxtpx:speed></gpxtpx:TrackPointExtension></extensions><geoidheight>-23.8</geoidheight><src>gps</src><sat>17</sat><hdop>0.61</hdop><vdop>1.05</vdop><pdop>1.21</pdop><dgpsid>0000</dgpsid></trkpt>
<trkpt lat="29.421610499999996" lon="-95.70059416666666"><ele>19.2</ele><time>2025-12-04T22:10:20.000Z</time><extensions><gpxtpx:TrackPointExtension><gpxtpx:bearing>223.54</gpxtpx:bearing><gpxtpx:speed>25.869425</gpxtpx:speed></gpxtpx:TrackPointExtension></extensions><geoidheight>-23.8</geoidheight><src>gps</src><sat>17</sat><hdop>0.61</hdop><vdop>1.05</vdop><pdop>1.21</pdop><dgpsid>0000</dgpsid></trkpt>
<trkpt lat="29.42059883333333" lon="-95.701696"><ele>19.1</ele><time>2025-12-04T22:10:26.000Z</time><extensions><gpxtpx:TrackPointExtension><gpxtpx:bearing>223.8</gpxtpx:bearing><gpxtpx:speed>25.790157</gpxtpx:speed></gpxtpx:TrackPointExtension></extensions><geoidheight>-23.8</geoidheight><src>gps</src><sat>17</sat><hdop>0.61</hdop><vdop>1.05</vdop><pdop>1.21</pdop><dgpsid>0000</dgpsid></trkpt>
<trkpt lat="29.419579999999996" lon="-95.70280666666667"><ele>19.0</ele><time>2025-12-04T22:10:32.000Z</time><extensions><gpxtpx:TrackPointExtension><gpxtpx:bearing>223.43</gpxtpx:bearing><gpxtpx:speed>26.105167</gpxtpx:speed></gpxtpx:TrackPointExtension></extensions><geoidheight>-23.8</geoidheight><src>gps</src><sat>17</sat><hdop>0.61</hdop><vdop>1.05</vdop><pdop>1.21</pdop><dgpsid>0000</dgpsid></trkpt>
<trkpt lat="29.41855233333333" lon="-95.703915"><ele>19.2</ele><time>2025-12-04T22:10:38.000Z</time><extensions><gpxtpx:TrackPointExtension><gpxtpx:bearing>224.43</gpxtpx:bearing><gpxtpx:speed>25.794275</gpxtpx:speed></gpxtpx:TrackPointExtension></extensions><geoidheight>-23.8</geoidheight><src>gps</src><sat>17</sat><hdop>0.61</hdop><vdop>1.05</vdop><pdop>1.21</pdop><dgpsid>0000</dgpsid></trkpt>
<trkpt lat="29.41753883333333" lon="-95.70502"><ele>19.0</ele><time>2025-12-04T22:10:44.000Z</time><extensions><gpxtpx:TrackPointExtension><gpxtpx:bearing>223.5</gpxtpx:bearing><gpxtpx:speed>25.594048</gpxtpx:speed></gpxtpx:TrackPointExtension></extensions><geoidheight>-23.8</geoidheight><src>gps</src><sat>17</sat><hdop>0.61</hdop><vdop>1.05</vdop><pdop>1.21</pdop><dgpsid>0000</dgpsid></trkpt>
<trkpt lat="29.41654" lon="-95.70610966666666"><ele>19.0</ele><time>2025-12-04T22:10:50.000Z</time><extensions><gpxtpx:TrackPointExtension><gpxtpx:bearing>223.83</gpxtpx:bearing><gpxtpx:speed>25.390732</gpxtpx:speed></gpxtpx:TrackPointExtension></extensions><geoidheight>-23.8</geoidheight><src>gps</src><sat>17</sat><hdop>0.61</hdop><vdop>1.05</vdop><pdop>1.21</pdop><dgpsid>0000</dgpsid></trkpt>
<trkpt lat="29.4155565" lon="-95.70717666666665"><ele>19.1</ele><time>2025-12-04T22:10:56.000Z</time><extensions><gpxtpx:TrackPointExtension><gpxtpx:bearing>223.28</gpxtpx:bearing><gpxtpx:speed>24.876526</gpxtpx:speed></gpxtpx:TrackPointExtension></extensions><geoidheight>-23.8</geoidheight><src>gps</src><sat>17</sat><hdop>0.61</hdop><vdop>1.05</vdop><pdop>1.21</pdop><dgpsid>0000</dgpsid></trkpt>
<trkpt lat="29.4145755" lon="-95.70823333333334"><ele>17.7</ele><time>2025-12-04T22:11:02.000Z</time><extensions><gpxtpx:TrackPointExtension><gpxtpx:bearing>223.62</gpxtpx:bearing><gpxtpx:speed>25.166313</gpxtpx:speed></gpxtpx:TrackPointExtension></extensions><geoidheight>-23.8</geoidheight><src>gps</src><sat>17</sat><hdop>0.61</hdop><vdop>1.05</vdop><pdop>1.21</pdop><dgpsid>0000</dgpsid></trkpt>
<trkpt lat="29.413588833333332" lon="-95.70930533333333"><ele>17.8</ele><time>2025-12-04T22:11:08.000Z</time><extensions><gpxtpx:TrackPointExtension><gpxtpx:bearing>223.48</gpxtpx:bearing><gpxtpx:speed>24.891966</gpxtpx:speed></gpxtpx:TrackPointExtension></extensions><geoidheight>-23.8</geoidheight><src>gps</src><sat>17</sat><hdop>0.61</hdop><vdop>1.04</vdop><pdop>1.21</pdop><dgpsid>0000</dgpsid></trkpt>
<trkpt lat="29.412609666666672" lon="-95.71036866666667"><ele>18.4</ele><time>2025-12-04T22:11:14.000Z</time><extensions><gpxtpx:TrackPointExtension><gpxtpx:bearing>223.88</gpxtpx:bearing><gpxtpx:speed>24.874466</gpxtpx:speed></gpxtpx:TrackPointExtension></extensions><geoidheight>-23.8</geoidheight><src>gps</src><sat>17</sat><hdop>0.61</hdop><vdop>1.04</vdop><pdop>1.21</pdop><dgpsid>0000</dgpsid></trkpt>
<trkpt lat="29.411625333333337" lon="-95.71143500000001"><ele>17.3</ele><time>2025-12-04T22:11:20.000Z</time><extensions><gpxtpx:TrackPointExtension><gpxtpx:bearing>223.45</gpxtpx:bearing><gpxtpx:speed>25.086018</gpxtpx:speed></gpxtpx:TrackPointExtension></extensions><geoidheight>-23.8</geoidheight><src>gps</src><sat>17</sat><hdop>0.58</hdop><vdop>0.95</vdop><pdop>1.11</pdop><dgpsid>0000</dgpsid></trkpt>
<trkpt lat="29.41065383333334" lon="-95.71250566666667"><ele>15.6</ele><time>2025-12-04T22:11:26.000Z</time><extensions><gpxtpx:TrackPointExtension><gpxtpx:bearing>224.37</gpxtpx:bearing><gpxtpx:speed>24.828655</gpxtpx:speed></gpxtpx:TrackPointExtension></extensions><geoidheight>-23.8</geoidheight><src>gps</src><sat>17</sat><hdop>0.58</hdop><vdop>0.95</vdop><pdop>1.11</pdop><dgpsid>0000</dgpsid></trkpt>
<trkpt lat="29.409687500000004" lon="-95.71356583333333"><ele>14.1</ele><time>2025-12-04T22:11:32.000Z</time><extensions><gpxtpx:TrackPointExtension><gpxtpx:bearing>223.62</gpxtpx:bearing><gpxtpx:speed>24.4946</gpxtpx:speed></gpxtpx:TrackPointExtension></extensions><geoidheight>-23.8</geoidheight><src>gps</src><sat>17</sat><hdop>0.67</hdop><vdop>1.17</vdop><pdop>1.35</pdop><dgpsid>0000</dgpsid></trkpt>
<trkpt lat="29.408724666666664" lon="-95.71459883333334"><ele>16.8</ele><time>2025-12-04T22:11:38.000Z</time><extensions><gpxtpx:TrackPointExtension><gpxtpx:bearing>223.4</gpxtpx:bearing><gpxtpx:speed>24.231579</gpxtpx:speed></gpxtpx:TrackPointExtension></extensions><geoidheight>-23.8</geoidheight><src>gps</src><sat>17</sat><hdop>0.67</hdop><vdop>1.17</vdop><pdop>1.35</pdop><dgpsid>0000</dgpsid></trkpt>
<trkpt lat="29.407754333333333" lon="-95.71565000000001"><ele>17.2</ele><time>2025-12-04T22:11:44.000Z</time><extensions><gpxtpx:TrackPointExtension><gpxtpx:bearing>223.11</gpxtpx:bearing><gpxtpx:speed>24.8127</gpxtpx:speed></gpxtpx:TrackPointExtension></extensions><geoidheight>-23.8</geoidheight><src>gps</src><sat>17</sat><hdop>0.60</hdop><vdop>0.98</vdop><pdop>1.15</pdop><dgpsid>0000</dgpsid></trkpt>
<trkpt lat="29.406778500000005" lon="-95.71670333333334"><ele>15.9</ele><time>2025-12-04T22:11:50.000Z</time><extensions><gpxtpx:TrackPointExtension><gpxtpx:bearing>223.53</gpxtpx:bearing><gpxtpx:speed>24.791595</gpxtpx:speed></gpxtpx:TrackPointExtension></extensions><geoidheight>-23.8</geoidheight><src>gps</src><sat>17</sat><hdop>0.60</hdop><vdop>0.98</vdop><pdop>1.15</pdop><dgpsid>0000</dgpsid></trkpt>
<trkpt lat="29.405798833333332" lon="-95.71775083333333"><ele>15.9</ele><time>2025-12-04T22:11:56.000Z</time><extensions><gpxtpx:TrackPointExtension><gpxtpx:bearing>222.59</gpxtpx:bearing><gpxtpx:speed>24.797258</gpxtpx:speed></gpxtpx:TrackPointExtension></extensions><geoidheight>-23.8</geoidheight><src>gps</src><sat>17</sat><hdop>0.60</hdop><vdop>0.98</vdop><pdop>1.15</pdop><dgpsid>0000</dgpsid></trkpt>
<trkpt lat="29.40480583333333" lon="-95.718817"><ele>17.6</ele><time>2025-12-04T22:12:02.000Z</time><extensions><gpxtpx:TrackPointExtension><gpxtpx:bearing>223.64</gpxtpx:bearing><gpxtpx:speed>25.555958</gpxtpx:speed></gpxtpx:TrackPointExtension></extensions><geoidheight>-23.8</geoidheight><src>gps</src><sat>17</sat><hdop>0.60</hdop><vdop>0.98</vdop><pdop>1.15</pdop><dgpsid>0000</dgpsid></trkpt>
<trkpt lat="29.403803500000002" lon="-95.71990400000001"><ele>17.6</ele><time>2025-12-04T22:12:08.000Z</time><extensions><gpxtpx:TrackPointExtension><gpxtpx:bearing>223.25</gpxtpx:bearing><gpxtpx:speed>25.492132</gpxtpx:speed></gpxtpx:TrackPointExtension></extensions><geoidheight>-23.8</geoidheight><src>gps</src><sat>17</sat><hdop>0.60</hdop><vdop>0.97</vdop><pdop>1.14</pdop><dgpsid>0000</dgpsid></trkpt>
<trkpt lat="29.40280266666667" lon="-95.720983"><ele>18.0</ele><time>2025-12-04T22:12:14.000Z</time><extensions><gpxtpx:TrackPointExtension><gpxtpx:bearing>223.69</gpxtpx:bearing><gpxtpx:speed>25.657358</gpxtpx:speed></gpxtpx:TrackPointExtension></extensions><geoidheight>-23.8</geoidheight><src>gps</src><sat>17</sat><hdop>0.60</hdop><vdop>0.97</vdop><pdop>1.14</pdop><dgpsid>0000</dgpsid></trkpt>
<trkpt lat="29.4017755" lon="-95.72209133333332"><ele>17.7</ele><time>2025-12-04T22:12:20.000Z</time><extensions><gpxtpx:TrackPointExtension><gpxtpx:bearing>223.39</gpxtpx:bearing><gpxtpx:speed>26.278627</gpxtpx:speed></gpxtpx:TrackPointExtension></extensions><geoidheight>-23.8</geoidheight><src>gps</src><sat>17</sat><hdop>0.60</hdop><vdop>0.97</vdop><pdop>1.14</pdop><dgpsid>0000</dgpsid></trkpt>
<trkpt lat="29.4007495" lon="-95.723188"><ele>18.8</ele><time>2025-12-04T22:12:26.000Z</time><extensions><gpxtpx:TrackPointExtension><gpxtpx:bearing>223.31</gpxtpx:bearing><gpxtpx:speed>25.457132</gpxtpx:speed></gpxtpx:TrackPointExtension></extensions><geoidheight>-23.8</geoidheight><src>gps</src><sat>17</sat><hdop>0.60</hdop><vdop>0.97</vdop><pdop>1.14</pdop><dgpsid>0000</dgpsid></trkpt>
<trkpt lat="29.399769" lon="-95.72424366666668"><ele>20.4</ele><time>2025-12-04T22:12:32.000Z</time><extensions><gpxtpx:TrackPointExtension><gpxtpx:bearing>223.19</gpxtpx:bearing><gpxtpx:speed>24.26555</gpxtpx:speed></gpxtpx:TrackPointExtension></extensions><geoidheight>-23.8</geoidheight><src>gps</src><sat>17</sat><hdop>0.60</hdop><vdop>0.97</vdop><pdop>1.14</pdop><dgpsid>0000</dgpsid></trkpt>
<trkpt lat="29.398833500000002" lon="-95.72525083333333"><ele>21.3</ele><time>2025-12-04T22:12:38.000Z</time><extensions><gpxtpx:TrackPointExtension><gpxtpx:bearing>223.53</gpxtpx:bearing><gpxtpx:speed>23.667957</gpxtpx:speed></gpxtpx:TrackPointExtension></extensions><geoidheight>-23.7</geoidheight><src>gps</src><sat>17</sat><hdop>0.60</hdop><vdop>0.97</vdop><pdop>1.14</pdop><dgpsid>0000</dgpsid></trkpt>
<trkpt lat="29.3979215" lon="-95.7262495"><ele>21.0</ele><time>2025-12-04T22:12:44.000Z</time><extensions><gpxtpx:TrackPointExtension><gpxtpx:bearing>223.66</gpxtpx:bearing><gpxtpx:speed>23.390522</gpxtpx:speed></gpxtpx:TrackPointExtension></extensions><geoidheight>-23.7</geoidheight><src>gps</src><sat>17</sat><hdop>0.60</hdop><vdop>0.97</vdop><pdop>1.14</pdop><dgpsid>0000</dgpsid></trkpt>
<trkpt lat="29.39699633333333" lon="-95.72725266666666"><ele>20.7</ele><time>2025-12-04T22:12:50.000Z</time><extensions><gpxtpx:TrackPointExtension><gpxtpx:bearing>223.18</gpxtpx:bearing><gpxtpx:speed>23.598984</gpxtpx:speed></gpxtpx:TrackPointExtension></extensions><geoidheight>-23.7</geoidheight><src>gps</src><sat>17</sat><hdop>0.60</hdop><vdop>0.97</vdop><pdop>1.14</pdop><dgpsid>0000</dgpsid></trkpt>
<trkpt lat="29.396066000000005" lon="-95.72823333333332"><ele>22.5</ele><time>2025-12-04T22:12:56.000Z</time><extensions><gpxtpx:TrackPointExtension><gpxtpx:bearing>222.99</gpxtpx:bearing><gpxtpx:speed>23.228899</gpxtpx:speed></gpxtpx:TrackPointExtension></extensions><geoidheight>-23.7</geoidheight><src>gps</src><sat>17</sat><hdop>0.60</hdop><vdop>0.97</vdop><pdop>1.14</pdop><dgpsid>0000</dgpsid></trkpt>
<trkpt lat="29.39516533333333" lon="-95.72921166666666"><ele>23.2</ele><time>2025-12-04T22:13:02.000Z</time><extensions><gpxtpx:TrackPointExtension><gpxtpx:bearing>223.3</gpxtpx:bearing><gpxtpx:speed>22.888153</gpxtpx:speed></gpxtpx:TrackPointExtension></extensions><geoidheight>-23.7</geoidheight><src>gps</src><sat>17</sat><hdop>0.60</hdop><vdop>0.97</vdop><pdop>1.14</pdop><dgpsid>0000</dgpsid></trkpt>
<trkpt lat="29.39426133333333" lon="-95.73018150000001"><ele>23.2</ele><time>2025-12-04T22:13:08.000Z</time><extensions><gpxtpx:TrackPointExtension><gpxtpx:bearing>223.2</gpxtpx:bearing><gpxtpx:speed>22.82999</gpxtpx:speed></gpxtpx:TrackPointExtension></extensions><geoidheight>-23.7</geoidheight><src>gps</src><sat>18</sat><hdop>0.59</hdop><vdop>0.95</vdop><pdop>1.12</pdop><dgpsid>0000</dgpsid></trkpt>
<trkpt lat="29.393387333333333" lon="-95.73113083333334"><ele>23.4</ele><time>2025-12-04T22:13:14.000Z</time><extensions><gpxtpx:TrackPointExtension><gpxtpx:bearing>223.52</gpxtpx:bearing><gpxtpx:speed>21.426857</gpxtpx:speed></gpxtpx:TrackPointExtension></extensions><geoidheight>-23.7</geoidheight><src>gps</src><sat>18</sat><hdop>0.59</hdop><vdop>0.95</vdop><pdop>1.12</pdop><dgpsid>0000</dgpsid></trkpt>
<trkpt lat="29.392593333333334" lon="-95.73198633333335"><ele>23.5</ele><time>2025-12-04T22:13:20.000Z</time><extensions><gpxtpx:TrackPointExtension><gpxtpx:bearing>223.4</gpxtpx:bearing><gpxtpx:speed>19.184212</gpxtpx:speed></gpxtpx:TrackPointExtension></extensions><geoidheight>-23.7</geoidheight><src>gps</src><sat>17</sat><hdop>0.58</hdop><vdop>0.94</vdop><pdop>1.11</pdop><dgpsid>0000</dgpsid></trkpt>
<trkpt lat="29.391912833333336" lon="-95.73271633333334"><ele>23.6</ele><time>2025-12-04T22:13:26.000Z</time><extensions><gpxtpx:TrackPointExtension><gpxtpx:bearing>223.01</gpxtpx:bearing><gpxtpx:speed>15.097833</gpxtpx:speed></gpxtpx:TrackPointExtension></extensions><geoidheight>-23.7</geoidheight><src>gps</src><sat>17</sat><hdop>0.58</hdop><vdop>0.94</vdop><pdop>1.11</pdop><dgpsid>0000</dgpsid></trkpt>
<trkpt lat="29.39148133333333" lon="-95.73318716666667"><ele>23.5</ele><time>2025-12-04T22:13:32.000Z</time><extensions><gpxtpx:TrackPointExtension><gpxtpx:bearing>223.71</gpxtpx:bearing><gpxtpx:speed>6.844261</gpxtpx:speed></gpxtpx:TrackPointExtension></extensions><geoidheight>-23.7</geoidheight><src>gps</src><sat>17</sat><hdop>0.58</hdop><vdop>0.94</vdop><pdop>1.11</pdop><dgpsid>0000</dgpsid></trkpt>
<trkpt lat="29.391413166666666" lon="-95.73341483333334"><ele>24.8</ele><time>2025-12-04T22:13:38.000Z</time><extensions><gpxtpx:TrackPointExtension><gpxtpx:bearing>290.16</gpxtpx:bearing><gpxtpx:speed>4.619632</gpxtpx:speed></gpxtpx:TrackPointExtension></extensions><geoidheight>-23.7</geoidheight><src>gps</src><sat>17</sat><hdop>0.60</hdop><vdop>0.97</vdop><pdop>1.14</pdop><dgpsid>0000</dgpsid></trkpt>
<trkpt lat="29.391647333333335" lon="-95.73374283333332"><ele>25.1</ele><time>2025-12-04T22:13:44.000Z</time><extensions><gpxtpx:TrackPointExtension><gpxtpx:bearing>313.16</gpxtpx:bearing><gpxtpx:speed>9.117274</gpxtpx:speed></gpxtpx:TrackPointExtension></extensions><geoidheight>-23.7</geoidheight><src>gps</src><sat>18</sat><hdop>0.57</hdop><vdop>0.92</vdop><pdop>1.08</pdop><dgpsid>0000</dgpsid></trkpt>
<trkpt lat="29.392072" lon="-95.73425800000001"><ele>25.4</ele><time>2025-12-04T22:13:50.000Z</time><extensions><gpxtpx:TrackPointExtension><gpxtpx:bearing>313.14</gpxtpx:bearing><gpxtpx:speed>13.019898</gpxtpx:speed></gpxtpx:TrackPointExtension></extensions><geoidheight>-23.7</geoidheight><src>gps</src><sat>18</sat><hdop>0.64</hdop><vdop>1.09</vdop><pdop>1.26</pdop><dgpsid>0000</dgpsid></trkpt>
<trkpt lat="29.392629666666668" lon="-95.73493699999999"><ele>26.2</ele><time>2025-12-04T22:13:56.000Z</time><extensions><gpxtpx:TrackPointExtension><gpxtpx:bearing>313.23</gpxtpx:bearing><gpxtpx:speed>16.296106</gpxtpx:speed></gpxtpx:TrackPointExtension></extensions><geoidheight>-23.7</geoidheight><src>gps</src><sat>18</sat><hdop>0.57</hdop><vdop>0.92</vdop><pdop>1.08</pdop><dgpsid>0000</dgpsid></trkpt>
<trkpt lat="29.393265166666666" lon="-95.735714"><ele>25.8</ele><time>2025-12-04T22:14:02.000Z</time><extensions><gpxtpx:TrackPointExtension><gpxtpx:bearing>313.28</gpxtpx:bearing><gpxtpx:speed>17.472246</gpxtpx:speed></gpxtpx:TrackPointExtension></extensions><geoidheight>-23.7</geoidheight><src>gps</src><sat>18</sat><hdop>0.57</hdop><vdop>0.92</vdop><pdop>1.08</pdop><dgpsid>0000</dgpsid></trkpt>
<trkpt lat="29.3939495" lon="-95.73654066666668"><ele>25.7</ele><time>2025-12-04T22:14:08.000Z</time><extensions><gpxtpx:TrackPointExtension><gpxtpx:bearing>313.02</gpxtpx:bearing><gpxtpx:speed>18.83626</gpxtpx:speed></gpxtpx:TrackPointExtension></extensions><geoidheight>-23.7</geoidheight><src>gps</src><sat>18</sat><hdop>0.57</hdop><vdop>0.92</vdop><pdop>1.08</pdop><dgpsid>0000</dgpsid></trkpt>
<trkpt lat="29.39465266666667" lon="-95.73739883333334"><ele>24.2</ele><time>2025-12-04T22:14:14.000Z</time><extensions><gpxtpx:TrackPointExtension><gpxtpx:bearing>313.63</gpxtpx:bearing><gpxtpx:speed>19.033913</gpxtpx:speed></gpxtpx:TrackPointExtension></extensions><geoidheight>-23.7</geoidheight><src>gps</src><sat>18</sat><hdop>0.57</hdop><vdop>0.92</vdop><pdop>1.08</pdop><dgpsid>0000</dgpsid></trkpt>
<trkpt lat="29.39536783333333" lon="-95.73827133333334"><ele>23.9</ele><time>2025-12-04T22:14:20.000Z</time><extensions><gpxtpx:TrackPointExtension><gpxtpx:bearing>312.79</gpxtpx:bearing><gpxtpx:speed>19.592386</gpxtpx:speed></gpxtpx:TrackPointExtension></extensions><geoidheight>-23.7</geoidheight><src>gps</src><sat>18</sat><hdop>0.57</hdop><vdop>0.92</vdop><pdop>1.08</pdop><dgpsid>0000</dgpsid></trkpt>
<trkpt lat="29.396105333333335" lon="-95.73916050000001"><ele>24.0</ele><time>2025-12-04T22:14:26.000Z</time><extensions><gpxtpx:TrackPointExtension><gpxtpx:bearing>313.29</gpxtpx:bearing><gpxtpx:speed>19.961958</gpxtpx:speed></gpxtpx:TrackPointExtension></extensions><geoidheight>-23.7</geoidheight><src>gps</src><sat>18</sat><hdop>0.57</hdop><vdop>0.92</vdop><pdop>1.08</pdop><dgpsid>0000</dgpsid></trkpt>
<trkpt lat="29.396849166666666" lon="-95.74007133333335"><ele>23.4</ele><time>2025-12-04T22:14:32.000Z</time><extensions><gpxtpx:TrackPointExtension><gpxtpx:bearing>312.71</gpxtpx:bearing><gpxtpx:speed>20.348515</gpxtpx:speed></gpxtpx:TrackPointExtension></extensions><geoidheight>-23.7</geoidheight><src>gps</src><sat>18</sat><hdop>0.57</hdop><vdop>0.92</vdop><pdop>1.08</pdop><dgpsid>0000</dgpsid></trkpt>
<trkpt lat="29.397616000000003" lon="-95.74100116666665"><ele>22.2</ele><time>2025-12-04T22:14:38.000Z</time><extensions><gpxtpx:TrackPointExtension><gpxtpx:bearing>313.26</gpxtpx:bearing><gpxtpx:speed>20.897722</gpxtpx:speed></gpxtpx:TrackPointExtension></extensions><geoidheight>-23.7</geoidheight><src>gps</src><sat>18</sat><hdop>0.57</hdop><vdop>0.92</vdop><pdop>1.08</pdop><dgpsid>0000</dgpsid></trkpt>
<trkpt lat="29.398418833333334" lon="-95.74197233333334"><ele>23.1</ele><time>2025-12-04T22:14:44.000Z</time><extensions><gpxtpx:TrackPointExtension><gpxtpx:bearing>313.34</gpxtpx:bearing><gpxtpx:speed>21.87724</gpxtpx:speed></gpxtpx:TrackPointExtension></extensions><geoidheight>-23.7</geoidheight><src>gps</src><sat>18</sat><hdop>0.57</hdop><vdop>0.92</vdop><pdop>1.08</pdop><dgpsid>0000</dgpsid></trkpt>
<trkpt lat="29.39925633333333" lon="-95.74297700000001"><ele>23.2</ele><time>2025-12-04T22:14:50.000Z</time><extensions><gpxtpx:TrackPointExtension><gpxtpx:bearing>313.6</gpxtpx:bearing><gpxtpx:speed>22.701824</gpxtpx:speed></gpxtpx:TrackPointExtension></extensions><geoidheight>-23.7</geoidheight><src>gps</src><sat>18</sat><hdop>0.57</hdop><vdop>0.92</vdop><pdop>1.08</pdop><dgpsid>0000</dgpsid></trkpt>
<trkpt lat="29.40009033333333" lon="-95.74399133333333"><ele>23.5</ele><time>2025-12-04T22:14:56.000Z</time><extensions><gpxtpx:TrackPointExtension><gpxtpx:bearing>313.41</gpxtpx:bearing><gpxtpx:speed>22.475346</gpxtpx:speed></gpxtpx:TrackPointExtension></extensions><geoidheight>-23.7</geoidheight><src>gps</src><sat>18</sat><hdop>0.57</hdop><vdop>0.92</vdop><pdop>1.08</pdop><dgpsid>0000</dgpsid></trkpt>
<trkpt lat="29.4009225" lon="-95.74499833333333"><ele>23.9</ele><time>2025-12-04T22:15:02.000Z</time><extensions><gpxtpx:TrackPointExtension><gpxtpx:bearing>313.46</gpxtpx:bearing><gpxtpx:speed>22.383726</gpxtpx:speed></gpxtpx:TrackPointExtension></extensions><geoidheight>-23.7</geoidheight><src>gps</src><sat>18</sat><hdop>0.57</hdop><vdop>0.92</vdop><pdop>1.08</pdop><dgpsid>0000</dgpsid></trkpt>
<trkpt lat="29.401755666666666" lon="-95.74601533333335"><ele>24.2</ele><time>2025-12-04T22:15:08.000Z</time><extensions><gpxtpx:TrackPointExtension><gpxtpx:bearing>313.32</gpxtpx:bearing><gpxtpx:speed>22.619469</gpxtpx:speed></gpxtpx:TrackPointExtension></extensions><geoidheight>-23.7</geoidheight><src>gps</src><sat>18</sat><hdop>0.57</hdop><vdop>0.91</vdop><pdop>1.08</pdop><dgpsid>0000</dgpsid></trkpt>
<trkpt lat="29.402608166666663" lon="-95.747032"><ele>24.5</ele><time>2025-12-04T22:15:14.000Z</time><extensions><gpxtpx:TrackPointExtension><gpxtpx:bearing>313.57</gpxtpx:bearing><gpxtpx:speed>22.806313</gpxtpx:speed></gpxtpx:TrackPointExtension></extensions><geoidheight>-23.7</geoidheight><src>gps</src><sat>18</sat><hdop>0.57</hdop><vdop>0.91</vdop><pdop>1.08</pdop><dgpsid>0000</dgpsid></trkpt>
<trkpt lat="29.403454166666666" lon="-95.74806166666667"><ele>24.8</ele><time>2025-12-04T22:15:20.000Z</time><extensions><gpxtpx:TrackPointExtension><gpxtpx:bearing>313.49</gpxtpx:bearing><gpxtpx:speed>22.84749</gpxtpx:speed></gpxtpx:TrackPointExtension></extensions><geoidheight>-23.7</geoidheight><src>gps</src><sat>18</sat><hdop>0.57</hdop><vdop>0.91</vdop><pdop>1.07</pdop><dgpsid>0000</dgpsid></trkpt>
<trkpt lat="29.40430816666667" lon="-95.74908599999999"><ele>24.9</ele><time>2025-12-04T22:15:26.000Z</time><extensions><gpxtpx:TrackPointExtension><gpxtpx:bearing>313.52</gpxtpx:bearing><gpxtpx:speed>22.912346</gpxtpx:speed></gpxtpx:TrackPointExtension></extensions><geoidheight>-23.7</geoidheight><src>gps</src><sat>18</sat><hdop>0.57</hdop><vdop>0.91</vdop><pdop>1.07</pdop><dgpsid>0000</dgpsid></trkpt>
<trkpt lat="29.405183000000005" lon="-95.75014183333333"><ele>24.8</ele><time>2025-12-04T22:15:32.000Z</time><extensions><gpxtpx:TrackPointExtension><gpxtpx:bearing>313.65</gpxtpx:bearing><gpxtpx:speed>24.113192</gpxtpx:speed></gpxtpx:TrackPointExtension></extensions><geoidheight>-23.7</geoidheight><src>gps</src><sat>18</sat><hdop>0.57</hdop><vdop>0.91</vdop><pdop>1.07</pdop><dgpsid>0000</dgpsid></trkpt>
<trkpt lat="29.406096" lon="-95.75124066666667"><ele>24.6</ele><time>2025-12-04T22:15:38.000Z</time><extensions><gpxtpx:TrackPointExtension><gpxtpx:bearing>313.42</gpxtpx:bearing><gpxtpx:speed>24.870348</gpxtpx:speed></gpxtpx:TrackPointExtension></extensions><geoidheight>-23.7</geoidheight><src>gps</src><sat>18</sat><hdop>0.57</hdop><vdop>0.91</vdop><pdop>1.07</pdop><dgpsid>0000</dgpsid></trkpt>
<trkpt lat="29.40703716666667" lon="-95.752364"><ele>24.7</ele><time>2025-12-04T22:15:44.000Z</time><extensions><gpxtpx:TrackPointExtension><gpxtpx:bearing>314.01</gpxtpx:bearing><gpxtpx:speed>25.34029</gpxtpx:speed></gpxtpx:TrackPointExtension></extensions><geoidheight>-23.8</geoidheight><src>gps</src><sat>18</sat><hdop>0.57</hdop><vdop>0.91</vdop><pdop>1.07</pdop><dgpsid>0000</dgpsid></trkpt>
<trkpt lat="29.407985" lon="-95.75350983333334"><ele>24.5</ele><time>2025-12-04T22:15:50.000Z</time><extensions><gpxtpx:TrackPointExtension><gpxtpx:bearing>313.37</gpxtpx:bearing><gpxtpx:speed>25.595592</gpxtpx:speed></gpxtpx:TrackPointExtension></extensions><geoidheight>-23.8</geoidheight><src>gps</src><sat>18</sat><hdop>0.57</hdop><vdop>0.91</vdop><pdop>1.07</pdop><dgpsid>0000</dgpsid></trkpt>
<trkpt lat="29.408948499999997" lon="-95.75466766666665"><ele>25.0</ele><time>2025-12-04T22:15:56.000Z</time><extensions><gpxtpx:TrackPointExtension><gpxtpx:bearing>313.34</gpxtpx:bearing><gpxtpx:speed>25.947147</gpxtpx:speed></gpxtpx:TrackPointExtension></extensions><geoidheight>-23.8</geoidheight><src>gps</src><sat>18</sat><hdop>0.57</hdop><vdop>0.91</vdop><pdop>1.07</pdop><dgpsid>0000</dgpsid></trkpt>
<trkpt lat="29.409912166666665" lon="-95.75583583333334"><ele>25.6</ele><time>2025-12-04T22:16:02.000Z</time><extensions><gpxtpx:TrackPointExtension><gpxtpx:bearing>313.45</gpxtpx:bearing><gpxtpx:speed>25.827217</gpxtpx:speed></gpxtpx:TrackPointExtension></extensions><geoidheight>-23.8</geoidheight><src>gps</src><sat>18</sat><hdop>0.64</hdop><vdop>1.09</vdop><pdop>1.26</pdop><dgpsid>0000</dgpsid></trkpt>
<trkpt lat="29.41087283333333" lon="-95.75699616666667"><ele>25.9</ele><time>2025-12-04T22:16:08.000Z</time><extensions><gpxtpx:TrackPointExtension><gpxtpx:bearing>313.87</gpxtpx:bearing><gpxtpx:speed>25.879719</gpxtpx:speed></gpxtpx:TrackPointExtension></extensions><geoidheight>-23.8</geoidheight><src>gps</src><sat>18</sat><hdop>0.64</hdop><vdop>1.09</vdop><pdop>1.26</pdop><dgpsid>0000</dgpsid></trkpt>
<trkpt lat="29.41183716666667" lon="-95.75815633333335"><ele>26.1</ele><time>2025-12-04T22:16:14.000Z</time><extensions><gpxtpx:TrackPointExtension><gpxtpx:bearing>313.33</gpxtpx:bearing><gpxtpx:speed>25.759789</gpxtpx:speed></gpxtpx:TrackPointExtension></extensions><geoidheight>-23.8</geoidheight><src>gps</src><sat>18</sat><hdop>0.64</hdop><vdop>1.08</vdop><pdop>1.26</pdop><dgpsid>0000</dgpsid></trkpt>
<trkpt lat="29.412785333333332" lon="-95.75930850000002"><ele>26.1</ele><time>2025-12-04T22:16:20.000Z</time><extensions><gpxtpx:TrackPointExtension><gpxtpx:bearing>313.3</gpxtpx:bearing><gpxtpx:speed>25.47772</gpxtpx:speed></gpxtpx:TrackPointExtension></extensions><geoidheight>-23.8</geoidheight><src>gps</src><sat>18</sat><hdop>0.64</hdop><vdop>1.08</vdop><pdop>1.26</pdop><dgpsid>0000</dgpsid></trkpt>
<trkpt lat="29.41372666666667" lon="-95.76043999999999"><ele>25.9</ele><time>2025-12-04T22:16:26.000Z</time><extensions><gpxtpx:TrackPointExtension><gpxtpx:bearing>313.63</gpxtpx:bearing><gpxtpx:speed>25.018074</gpxtpx:speed></gpxtpx:TrackPointExtension></extensions><geoidheight>-23.8</geoidheight><src>gps</src><sat>18</sat><hdop>0.64</hdop><vdop>1.08</vdop><pdop>1.26</pdop><dgpsid>0000</dgpsid></trkpt>
<trkpt lat="29.414649999999998" lon="-95.76155683333333"><ele>26.1</ele><time>2025-12-04T22:16:32.000Z</time><extensions><gpxtpx:TrackPointExtension><gpxtpx:bearing>313.25</gpxtpx:bearing><gpxtpx:speed>24.699461</gpxtpx:speed></gpxtpx:TrackPointExtension></extensions><geoidheight>-23.8</geoidheight><src>gps</src><sat>18</sat><hdop>0.64</hdop><vdop>1.08</vdop><pdop>1.26</pdop><dgpsid>0000</dgpsid></trkpt>
<trkpt lat="29.415561166666667" lon="-95.76265516666666"><ele>26.2</ele><time>2025-12-04T22:16:38.000Z</time><extensions><gpxtpx:TrackPointExtension><gpxtpx:bearing>313.14</gpxtpx:bearing><gpxtpx:speed>24.273785</gpxtpx:speed></gpxtpx:TrackPointExtension></extensions><geoidheight>-23.8</geoidheight><src>gps</src><sat>18</sat><hdop>0.64</hdop><vdop>1.08</vdop><pdop>1.26</pdop><dgpsid>0000</dgpsid></trkpt>
<trkpt lat="29.416444166666665" lon="-95.7637185"><ele>26.4</ele><time>2025-12-04T22:16:44.000Z</time><extensions><gpxtpx:TrackPointExtension><gpxtpx:bearing>313.39</gpxtpx:bearing><gpxtpx:speed>22.623072</gpxtpx:speed></gpxtpx:TrackPointExtension></extensions><geoidheight>-23.8</geoidheight><src>gps</src><sat>18</sat><hdop>0.64</hdop><vdop>1.08</vdop><pdop>1.26</pdop><dgpsid>0000</dgpsid></trkpt>
<trkpt lat="29.417265166666667" lon="-95.76462683333332"><ele>26.4</ele><time>2025-12-04T22:16:50.000Z</time><extensions><gpxtpx:TrackPointExtension><gpxtpx:bearing>320.91</gpxtpx:bearing><gpxtpx:speed>19.93159</gpxtpx:speed></gpxtpx:TrackPointExtension></extensions><geoidheight>-23.8</geoidheight><src>gps</src><sat>18</sat><hdop>0.64</hdop><vdop>1.08</vdop><pdop>1.26</pdop><dgpsid>0000</dgpsid></trkpt>
<trkpt lat="29.418201833333335" lon="-95.76521149999999"><ele>25.9</ele><time>2025-12-04T22:16:56.000Z</time><extensions><gpxtpx:TrackPointExtension><gpxtpx:bearing>338.14</gpxtpx:bearing><gpxtpx:speed>19.860558</gpxtpx:speed></gpxtpx:TrackPointExtension></extensions><geoidheight>-23.8</geoidheight><src>gps</src><sat>18</sat><hdop>0.64</hdop><vdop>1.08</vdop><pdop>1.26</pdop><dgpsid>0000</dgpsid></trkpt>
<trkpt lat="29.419197333333333" lon="-95.76570949999999"><ele>25.4</ele><time>2025-12-04T22:17:02.000Z</time><extensions><gpxtpx:TrackPointExtension><gpxtpx:bearing>332.24</gpxtpx:bearing><gpxtpx:speed>20.065416</gpxtpx:speed></gpxtpx:TrackPointExtension></extensions><geoidheight>-23.8</geoidheight><src>gps</src><sat>18</sat><hdop>0.64</hdop><vdop>1.08</vdop><pdop>1.26</pdop><dgpsid>0000</dgpsid></trkpt>
<trkpt lat="29.420058666666666" lon="-95.76648533333334"><ele>26.1</ele><time>2025-12-04T22:17:08.000Z</time><extensions><gpxtpx:TrackPointExtension><gpxtpx:bearing>314.13</gpxtpx:bearing><gpxtpx:speed>20.833897</gpxtpx:speed></gpxtpx:TrackPointExtension></extensions><geoidheight>-23.8</geoidheight><src>gps</src><sat>18</sat><hdop>0.64</hdop><vdop>1.08</vdop><pdop>1.26</pdop><dgpsid>0000</dgpsid></trkpt>
<trkpt lat="29.420857333333334" lon="-95.76744116666666"><ele>26.4</ele><time>2025-12-04T22:17:14.000Z</time><extensions><gpxtpx:TrackPointExtension><gpxtpx:bearing>313.73</gpxtpx:bearing><gpxtpx:speed>21.560684</gpxtpx:speed></gpxtpx:TrackPointExtension></extensions><geoidheight>-23.8</geoidheight><src>gps</src><sat>18</sat><hdop>0.64</hdop><vdop>1.08</vdop><pdop>1.26</pdop><dgpsid>0000</dgpsid></trkpt>
<trkpt lat="29.42167716666667" lon="-95.76843333333333"><ele>26.3</ele><time>2025-12-04T22:17:20.000Z</time><extensions><gpxtpx:TrackPointExtension><gpxtpx:bearing>313.25</gpxtpx:bearing><gpxtpx:speed>22.602482</gpxtpx:speed></gpxtpx:TrackPointExtension></extensions><geoidheight>-23.8</geoidheight><src>gps</src><sat>18</sat><hdop>0.64</hdop><vdop>1.08</vdop><pdop>1.26</pdop><dgpsid>0000</dgpsid></trkpt>
<trkpt lat="29.4225335" lon="-95.76945983333331"><ele>26.0</ele><time>2025-12-04T22:17:26.000Z</time><extensions><gpxtpx:TrackPointExtension><gpxtpx:bearing>313.46</gpxtpx:bearing><gpxtpx:speed>23.168161</gpxtpx:speed></gpxtpx:TrackPointExtension></extensions><geoidheight>-23.8</geoidheight><src>gps</src><sat>18</sat><hdop>0.64</hdop><vdop>1.08</vdop><pdop>1.26</pdop><dgpsid>0000</dgpsid></trkpt>
<trkpt lat="29.423399000000003" lon="-95.77050583333333"><ele>25.8</ele><time>2025-12-04T22:17:32.000Z</time><extensions><gpxtpx:TrackPointExtension><gpxtpx:bearing>313.62</gpxtpx:bearing><gpxtpx:speed>23.617514</gpxtpx:speed></gpxtpx:TrackPointExtension></extensions><geoidheight>-23.8</geoidheight><src>gps</src><sat>18</sat><hdop>0.66</hdop><vdop>1.09</vdop><pdop>1.27</pdop><dgpsid>0000</dgpsid></trkpt>
<trkpt lat="29.42429516666667" lon="-95.77158149999998"><ele>26.2</ele><time>2025-12-04T22:17:38.000Z</time><extensions><gpxtpx:TrackPointExtension><gpxtpx:bearing>313.48</gpxtpx:bearing><gpxtpx:speed>24.261946</gpxtpx:speed></gpxtpx:TrackPointExtension></extensions><geoidheight>-23.8</geoidheight><src>gps</src><sat>18</sat><hdop>0.66</hdop><vdop>1.09</vdop><pdop>1.27</pdop><dgpsid>0000</dgpsid></trkpt>
<trkpt lat="29.425197333333337" lon="-95.77265899999999"><ele>25.9</ele><time>2025-12-04T22:17:44.000Z</time><extensions><gpxtpx:TrackPointExtension><gpxtpx:bearing>313.57</gpxtpx:bearing><gpxtpx:speed>24.059147</gpxtpx:speed></gpxtpx:TrackPointExtension></extensions><geoidheight>-23.8</geoidheight><src>gps</src><sat>18</sat><hdop>0.66</hdop><vdop>1.08</vdop><pdop>1.27</pdop><dgpsid>0000</dgpsid></trkpt>
<trkpt lat="29.426087833333334" lon="-95.77373266666667"><ele>26.1</ele><time>2025-12-04T22:17:50.000Z</time><extensions><gpxtpx:TrackPointExtension><gpxtpx:bearing>313.5</gpxtpx:bearing><gpxtpx:speed>23.835241</gpxtpx:speed></gpxtpx:TrackPointExtension></extensions><geoidheight>-23.8</geoidheight><src>gps</src><sat>18</sat><hdop>0.64</hdop><vdop>1.08</vdop><pdop>1.26</pdop><dgpsid>0000</dgpsid></trkpt>
<trkpt lat="29.426971499999997" lon="-95.77480216666666"><ele>26.8</ele><time>2025-12-04T22:17:56.000Z</time><extensions><gpxtpx:TrackPointExtension><gpxtpx:bearing>313.34</gpxtpx:bearing><gpxtpx:speed>23.78377</gpxtpx:speed></gpxtpx:TrackPointExtension></extensions><geoidheight>-23.8</geoidheight><src>gps</src><sat>18</sat><hdop>0.64</hdop><vdop>1.08</vdop><pdop>1.26</pdop><dgpsid>0000</dgpsid></trkpt>
<trkpt lat="29.427860333333335" lon="-95.77586516666666"><ele>27.1</ele><time>2025-12-04T22:18:02.000Z</time><extensions><gpxtpx:TrackPointExtension><gpxtpx:bearing>313.49</gpxtpx:bearing><gpxtpx:speed>23.877964</gpxtpx:speed></gpxtpx:TrackPointExtension></extensions><geoidheight>-23.8</geoidheight><src>gps</src><sat>18</sat><hdop>0.64</hdop><vdop>1.08</vdop><pdop>1.26</pdop><dgpsid>0000</dgpsid></trkpt>
<trkpt lat="29.428735" lon="-95.77692166666665"><ele>26.8</ele><time>2025-12-04T22:18:08.000Z</time><extensions><gpxtpx:TrackPointExtension><gpxtpx:bearing>313.67</gpxtpx:bearing><gpxtpx:speed>23.456406</gpxtpx:speed></gpxtpx:TrackPointExtension></extensions><geoidheight>-23.8</geoidheight><src>gps</src><sat>18</sat><hdop>0.64</hdop><vdop>1.08</vdop><pdop>1.26</pdop><dgpsid>0000</dgpsid></trkpt>
<trkpt lat="29.429599999999997" lon="-95.77796783333334"><ele>26.9</ele><time>2025-12-04T22:18:14.000Z</time><extensions><gpxtpx:TrackPointExtension><gpxtpx:bearing>313.27</gpxtpx:bearing><gpxtpx:speed>23.021465</gpxtpx:speed></gpxtpx:TrackPointExtension></extensions><geoidheight>-23.8</geoidheight><src>gps</src><sat>18</sat><hdop>0.64</hdop><vdop>1.08</vdop><pdop>1.26</pdop><dgpsid>0000</dgpsid></trkpt>
<trkpt lat="29.430402833333332" lon="-95.778942"><ele>26.7</ele><time>2025-12-04T22:18:20.000Z</time><extensions><gpxtpx:TrackPointExtension><gpxtpx:bearing>313.94</gpxtpx:bearing><gpxtpx:speed>20.453516</gpxtpx:speed></gpxtpx:TrackPointExtension></extensions><geoidheight>-23.8</geoidheight><src>gps</src><sat>18</sat><hdop>0.64</hdop><vdop>1.08</vdop><pdop>1.25</pdop><dgpsid>0000</dgpsid></trkpt>
<trkpt lat="29.431116499999998" lon="-95.77980216666668"><ele>26.5</ele><time>2025-12-04T22:18:26.000Z</time><extensions><gpxtpx:TrackPointExtension><gpxtpx:bearing>313.66</gpxtpx:bearing><gpxtpx:speed>18.143959</gpxtpx:speed></gpxtpx:TrackPointExtension></extensions><geoidheight>-23.8</geoidheight><src>gps</src><sat>18</sat><hdop>0.64</hdop><vdop>1.08</vdop><pdop>1.25</pdop><dgpsid>0000</dgpsid></trkpt>
<trkpt lat="29.431748500000005" lon="-95.78055850000001"><ele>26.5</ele><time>2025-12-04T22:18:32.000Z</time><extensions><gpxtpx:TrackPointExtension><gpxtpx:bearing>312.74</gpxtpx:bearing><gpxtpx:speed>15.855503</gpxtpx:speed></gpxtpx:TrackPointExtension></extensions><geoidheight>-23.8</geoidheight><src>gps</src><sat>18</sat><hdop>0.64</hdop><vdop>1.08</vdop><pdop>1.25</pdop><dgpsid>0000</dgpsid></trkpt>
<trkpt lat="29.43231033333333" lon="-95.78124433333332"><ele>26.8</ele><time>2025-12-04T22:18:38.000Z</time><extensions><gpxtpx:TrackPointExtension><gpxtpx:bearing>312.78</gpxtpx:bearing><gpxtpx:speed>15.673806</gpxtpx:speed></gpxtpx:TrackPointExtension></extensions><geoidheight>-23.8</geoidheight><src>gps</src><sat>18</sat><hdop>0.64</hdop><vdop>1.08</vdop><pdop>1.25</pdop><dgpsid>0000</dgpsid></trkpt>
<trkpt lat="29.432945333333336" lon="-95.78200383333333"><ele>26.3</ele><time>2025-12-04T22:18:44.000Z</time><extensions><gpxtpx:TrackPointExtension><gpxtpx:bearing>313.72</gpxtpx:bearing><gpxtpx:speed>18.050793</gpxtpx:speed></gpxtpx:TrackPointExtension></extensions><geoidheight>-23.8</geoidheight><src>gps</src><sat>18</sat><hdop>0.64</hdop><vdop>1.08</vdop><pdop>1.25</pdop><dgpsid>0000</dgpsid></trkpt>
<trkpt lat="29.433666000000002" lon="-95.78287200000001"><ele>27.0</ele><time>2025-12-04T22:18:50.000Z</time><extensions><gpxtpx:TrackPointExtension><gpxtpx:bearing>313.3</gpxtpx:bearing><gpxtpx:speed>20.276968</gpxtpx:speed></gpxtpx:TrackPointExtension></extensions><geoidheight>-23.8</geoidheight><src>gps</src><sat>18</sat><hdop>0.64</hdop><vdop>1.08</vdop><pdop>1.25</pdop><dgpsid>0000</dgpsid></trkpt>
<trkpt lat="29.43444883333333" lon="-95.78381083333333"><ele>27.7</ele><time>2025-12-04T22:18:56.000Z</time><extensions><gpxtpx:TrackPointExtension><gpxtpx:bearing>313.54</gpxtpx:bearing><gpxtpx:speed>21.663115</gpxtpx:speed></gpxtpx:TrackPointExtension></extensions><geoidheight>-23.8</geoidheight><src>gps</src><sat>18</sat><hdop>0.64</hdop><vdop>1.08</vdop><pdop>1.25</pdop><dgpsid>0000</dgpsid></trkpt>
<trkpt lat="29.435282833333336" lon="-95.7848095"><ele>28.1</ele><time>2025-12-04T22:19:02.000Z</time><extensions><gpxtpx:TrackPointExtension><gpxtpx:bearing>313.6</gpxtpx:bearing><gpxtpx:speed>22.651896</gpxtpx:speed></gpxtpx:TrackPointExtension></extensions><geoidheight>-23.8</geoidheight><src>gps</src><sat>18</sat><hdop>0.64</hdop><vdop>1.08</vdop><pdop>1.25</pdop><dgpsid>0000</dgpsid></trkpt>
<trkpt lat="29.436127499999998" lon="-95.78582616666667"><ele>28.7</ele><time>2025-12-04T22:19:08.000Z</time><extensions><gpxtpx:TrackPointExtension><gpxtpx:bearing>313.44</gpxtpx:bearing><gpxtpx:speed>22.658072</gpxtpx:speed></gpxtpx:TrackPointExtension></extensions><geoidheight>-23.8</geoidheight><src>gps</src><sat>18</sat><hdop>0.64</hdop><vdop>1.08</vdop><pdop>1.25</pdop><dgpsid>0000</dgpsid></trkpt>
<trkpt lat="29.436973" lon="-95.78684266666666"><ele>28.5</ele><time>2025-12-04T22:19:14.000Z</time><extensions><gpxtpx:TrackPointExtension><gpxtpx:bearing>313.41</gpxtpx:bearing><gpxtpx:speed>22.74506</gpxtpx:speed></gpxtpx:TrackPointExtension></extensions><geoidheight>-23.8</geoidheight><src>gps</src><sat>18</sat><hdop>0.64</hdop><vdop>1.08</vdop><pdop>1.25</pdop><dgpsid>0000</dgpsid></trkpt>
<trkpt lat="29.43782716666666" lon="-95.78787166666667"><ele>28.2</ele><time>2025-12-04T22:19:20.000Z</time><extensions><gpxtpx:TrackPointExtension><gpxtpx:bearing>313.17</gpxtpx:bearing><gpxtpx:speed>23.207281</gpxtpx:speed></gpxtpx:TrackPointExtension></extensions><geoidheight>-23.8</geoidheight><src>gps</src><sat>18</sat><hdop>0.64</hdop><vdop>1.07</vdop><pdop>1.25</pdop><dgpsid>0000</dgpsid></trkpt>
<trkpt lat="29.438688499999998" lon="-95.7889085"><ele>28.2</ele><time>2025-12-04T22:19:26.000Z</time><extensions><gpxtpx:TrackPointExtension><gpxtpx:bearing>314.09</gpxtpx:bearing><gpxtpx:speed>22.99676</gpxtpx:speed></gpxtpx:TrackPointExtension></extensions><geoidheight>-23.8</geoidheight><src>gps</src><sat>18</sat><hdop>0.64</hdop><vdop>1.07</vdop><pdop>1.25</pdop><dgpsid>0000</dgpsid></trkpt>
<trkpt lat="29.4395515" lon="-95.789941"><ele>27.9</ele><time>2025-12-04T22:19:32.000Z</time><extensions><gpxtpx:TrackPointExtension><gpxtpx:bearing>313.63</gpxtpx:bearing><gpxtpx:speed>23.052864</gpxtpx:speed></gpxtpx:TrackPointExtension></extensions><geoidheight>-23.8</geoidheight><src>gps</src><sat>18</sat><hdop>0.64</hdop><vdop>1.07</vdop><pdop>1.25</pdop><dgpsid>0000</dgpsid></trkpt>
<trkpt lat="29.4404065" lon="-95.79097283333334"><ele>27.9</ele><time>2025-12-04T22:19:38.000Z</time><extensions><gpxtpx:TrackPointExtension><gpxtpx:bearing>313.16</gpxtpx:bearing><gpxtpx:speed>23.029701</gpxtpx:speed></gpxtpx:TrackPointExtension></extensions><geoidheight>-23.8</geoidheight><src>gps</src><sat>18</sat><hdop>0.64</hdop><vdop>1.07</vdop><pdop>1.25</pdop><dgpsid>0000</dgpsid></trkpt>
<trkpt lat="29.441267833333335" lon="-95.79201149999999"><ele>27.8</ele><time>2025-12-04T22:19:44.000Z</time><extensions><gpxtpx:TrackPointExtension><gpxtpx:bearing>313.8</gpxtpx:bearing><gpxtpx:speed>23.095072</gpxtpx:speed></gpxtpx:TrackPointExtension></extensions><geoidheight>-23.8</geoidheight><src>gps</src><sat>18</sat><hdop>0.64</hdop><vdop>1.07</vdop><pdop>1.25</pdop><dgpsid>0000</dgpsid></trkpt>
<trkpt lat="29.44212483333333" lon="-95.79304400000001"><ele>27.7</ele><time>2025-12-04T22:19:50.000Z</time><extensions><gpxtpx:TrackPointExtension><gpxtpx:bearing>313.34</gpxtpx:bearing><gpxtpx:speed>22.7255</gpxtpx:speed></gpxtpx:TrackPointExtension></extensions><geoidheight>-23.8</geoidheight><src>gps</src><sat>18</sat><hdop>0.64</hdop><vdop>1.07</vdop><pdop>1.25</pdop><dgpsid>0000</dgpsid></trkpt>
<trkpt lat="29.44294466666667" lon="-95.79403699999999"><ele>27.4</ele><time>2025-12-04T22:19:56.000Z</time><extensions><gpxtpx:TrackPointExtension><gpxtpx:bearing>313.59</gpxtpx:bearing><gpxtpx:speed>21.314648</gpxtpx:speed></gpxtpx:TrackPointExtension></extensions><geoidheight>-23.8</geoidheight><src>gps</src><sat>18</sat><hdop>0.64</hdop><vdop>1.07</vdop><pdop>1.25</pdop><dgpsid>0000</dgpsid></trkpt>
<trkpt lat="29.443735500000003" lon="-95.79498616666666"><ele>27.5</ele><time>2025-12-04T22:20:02.000Z</time><extensions><gpxtpx:TrackPointExtension><gpxtpx:bearing>313.84</gpxtpx:bearing><gpxtpx:speed>21.371267</gpxtpx:speed></gpxtpx:TrackPointExtension></extensions><geoidheight>-23.8</geoidheight><src>gps</src><sat>18</sat><hdop>0.64</hdop><vdop>1.07</vdop><pdop>1.25</pdop><dgpsid>0000</dgpsid></trkpt>
<trkpt lat="29.444531833333333" lon="-95.79593716666668"><ele>26.8</ele><time>2025-12-04T22:20:08.000Z</time><extensions><gpxtpx:TrackPointExtension><gpxtpx:bearing>313.9</gpxtpx:bearing><gpxtpx:speed>20.832352</gpxtpx:speed></gpxtpx:TrackPointExtension></extensions><geoidheight>-23.8</geoidheight><src>gps</src><sat>18</sat><hdop>0.64</hdop><vdop>1.07</vdop><pdop>1.25</pdop><dgpsid>0000</dgpsid></trkpt>
<trkpt lat="29.4453275" lon="-95.79688833333333"><ele>26.9</ele><time>2025-12-04T22:20:14.000Z</time><extensions><gpxtpx:TrackPointExtension><gpxtpx:bearing>313.55</gpxtpx:bearing><gpxtpx:speed>21.68988</gpxtpx:speed></gpxtpx:TrackPointExtension></extensions><geoidheight>-23.8</geoidheight><src>gps</src><sat>17</sat><hdop>0.64</hdop><vdop>1.07</vdop><pdop>1.25</pdop><dgpsid>0000</dgpsid></trkpt>
<trkpt lat="29.44614616666667" lon="-95.79786266666666"><ele>26.7</ele><time>2025-12-04T22:20:20.000Z</time><extensions><gpxtpx:TrackPointExtension><gpxtpx:bearing>313.19</gpxtpx:bearing><gpxtpx:speed>22.074892</gpxtpx:speed></gpxtpx:TrackPointExtension></extensions><geoidheight>-23.8</geoidheight><src>gps</src><sat>18</sat><hdop>0.64</hdop><vdop>1.07</vdop><pdop>1.25</pdop><dgpsid>0000</dgpsid></trkpt>
<trkpt lat="29.4469655" lon="-95.79886083333334"><ele>25.5</ele><time>2025-12-04T22:20:26.000Z</time><extensions><gpxtpx:TrackPointExtension><gpxtpx:bearing>313.23</gpxtpx:bearing><gpxtpx:speed>22.295193</gpxtpx:speed></gpxtpx:TrackPointExtension></extensions><geoidheight>-23.8</geoidheight><src>gps</src><sat>18</sat><hdop>0.64</hdop><vdop>1.07</vdop><pdop>1.25</pdop><dgpsid>0000</dgpsid></trkpt>
<trkpt lat="29.447795333333335" lon="-95.79987133333334"><ele>25.2</ele><time>2025-12-04T22:20:32.000Z</time><extensions><gpxtpx:TrackPointExtension><gpxtpx:bearing>312.89</gpxtpx:bearing><gpxtpx:speed>22.5227</gpxtpx:speed></gpxtpx:TrackPointExtension></extensions><geoidheight>-23.8</geoidheight><src>gps</src><sat>18</sat><hdop>0.64</hdop><vdop>1.07</vdop><pdop>1.25</pdop><dgpsid>0000</dgpsid></trkpt>
<trkpt lat="29.448648166666665" lon="-95.80089566666666"><ele>25.4</ele><time>2025-12-04T22:20:38.000Z</time><extensions><gpxtpx:TrackPointExtension><gpxtpx:bearing>313.89</gpxtpx:bearing><gpxtpx:speed>23.220148</gpxtpx:speed></gpxtpx:TrackPointExtension></extensions><geoidheight>-23.8</geoidheight><src>gps</src><sat>18</sat><hdop>0.64</hdop><vdop>1.07</vdop><pdop>1.25</pdop><dgpsid>0000</dgpsid></trkpt>
<trkpt lat="29.449522166666664" lon="-95.80195983333333"><ele>26.4</ele><time>2025-12-04T22:20:44.000Z</time><extensions><gpxtpx:TrackPointExtension><gpxtpx:bearing>313.09</gpxtpx:bearing><gpxtpx:speed>23.95054</gpxtpx:speed></gpxtpx:TrackPointExtension></extensions><geoidheight>-23.8</geoidheight><src>gps</src><sat>18</sat><hdop>0.64</hdop><vdop>1.07</vdop><pdop>1.25</pdop><dgpsid>0000</dgpsid></trkpt>
<trkpt lat="29.4504185" lon="-95.80303450000001"><ele>26.6</ele><time>2025-12-04T22:20:50.000Z</time><extensions><gpxtpx:TrackPointExtension><gpxtpx:bearing>313.69</gpxtpx:bearing><gpxtpx:speed>24.147678</gpxtpx:speed></gpxtpx:TrackPointExtension></extensions><geoidheight>-23.8</geoidheight><src>gps</src><sat>17</sat><hdop>0.64</hdop><vdop>1.07</vdop><pdop>1.25</pdop><dgpsid>0000</dgpsid></trkpt>
<trkpt lat="29.451321833333335" lon="-95.80412583333333"><ele>26.6</ele><time>2025-12-04T22:20:56.000Z</time><extensions><gpxtpx:TrackPointExtension><gpxtpx:bearing>313.58</gpxtpx:bearing><gpxtpx:speed>24.404524</gpxtpx:speed></gpxtpx:TrackPointExtension></extensions><geoidheight>-23.8</geoidheight><src>gps</src><sat>18</sat><hdop>0.64</hdop><vdop>1.07</vdop><pdop>1.25</pdop><dgpsid>0000</dgpsid></trkpt>
<trkpt lat="29.452234666666662" lon="-95.80522700000002"><ele>26.8</ele><time>2025-12-04T22:21:02.000Z</time><extensions><gpxtpx:TrackPointExtension><gpxtpx:bearing>313.76</gpxtpx:bearing><gpxtpx:speed>24.59703</gpxtpx:speed></gpxtpx:TrackPointExtension></extensions><geoidheight>-23.8</geoidheight><src>gps</src><sat>18</sat><hdop>0.65</hdop><vdop>1.07</vdop><pdop>1.25</pdop><dgpsid>0000</dgpsid></trkpt>
<trkpt lat="29.453142333333336" lon="-95.80632666666666"><ele>26.6</ele><time>2025-12-04T22:21:08.000Z</time><extensions><gpxtpx:TrackPointExtension><gpxtpx:bearing>313.87</gpxtpx:bearing><gpxtpx:speed>24.579016</gpxtpx:speed></gpxtpx:TrackPointExtension></extensions><geoidheight>-23.8</geoidheight><src>gps</src><sat>18</sat><hdop>0.65</hdop><vdop>1.07</vdop><pdop>1.25</pdop><dgpsid>0000</dgpsid></trkpt>
<trkpt lat="29.454047666666664" lon="-95.80742433333334"><ele>26.9</ele><time>2025-12-04T22:21:14.000Z</time><extensions><gpxtpx:TrackPointExtension><gpxtpx:bearing>313.8</gpxtpx:bearing><gpxtpx:speed>24.48791</gpxtpx:speed></gpxtpx:TrackPointExtension></extensions><geoidheight>-23.8</geoidheight><src>gps</src><sat>17</sat><hdop>0.66</hdop><vdop>1.09</vdop><pdop>1.27</pdop><dgpsid>0000</dgpsid></trkpt>
<trkpt lat="29.454970166666666" lon="-95.80852949999999"><ele>26.9</ele><time>2025-12-04T22:21:20.000Z</time><extensions><gpxtpx:TrackPointExtension><gpxtpx:bearing>313.39</gpxtpx:bearing><gpxtpx:speed>24.853363</gpxtpx:speed></gpxtpx:TrackPointExtension></extensions><geoidheight>-23.8</geoidheight><src>gps</src><sat>18</sat><hdop>0.65</hdop><vdop>1.07</vdop><pdop>1.25</pdop><dgpsid>0000</dgpsid></trkpt>
<trkpt lat="29.455898666666666" lon="-95.80964733333333"><ele>26.9</ele><time>2025-12-04T22:21:26.000Z</time><extensions><gpxtpx:TrackPointExtension><gpxtpx:bearing>313.61</gpxtpx:bearing><gpxtpx:speed>24.876526</gpxtpx:speed></gpxtpx:TrackPointExtension></extensions><geoidheight>-23.8</geoidheight><src>gps</src><sat>18</sat><hdop>0.65</hdop><vdop>1.07</vdop><pdop>1.25</pdop><dgpsid>0000</dgpsid></trkpt>
<trkpt lat="29.45681833333333" lon="-95.81075783333333"><ele>27.2</ele><time>2025-12-04T22:21:32.000Z</time><extensions><gpxtpx:TrackPointExtension><gpxtpx:bearing>313.83</gpxtpx:bearing><gpxtpx:speed>24.667032</gpxtpx:speed></gpxtpx:TrackPointExtension></extensions><geoidheight>-23.8</geoidheight><src>gps</src><sat>18</sat><hdop>0.65</hdop><vdop>1.07</vdop><pdop>1.25</pdop><dgpsid>0000</dgpsid></trkpt>
<trkpt lat="29.457742333333332" lon="-95.81187133333333"><ele>27.5</ele><time>2025-12-04T22:21:38.000Z</time><extensions><gpxtpx:TrackPointExtension><gpxtpx:bearing>313.46</gpxtpx:bearing><gpxtpx:speed>24.891453</gpxtpx:speed></gpxtpx:TrackPointExtension></extensions><geoidheight>-23.8</geoidheight><src>gps</src><sat>17</sat><hdop>0.67</hdop><vdop>1.23</vdop><pdop>1.40</pdop><dgpsid>0000</dgpsid></trkpt>
<trkpt lat="29.458681000000002" lon="-95.81300333333333"><ele>27.2</ele><time>2025-12-04T22:21:44.000Z</time><extensions><gpxtpx:TrackPointExtension><gpxtpx:bearing>313.72</gpxtpx:bearing><gpxtpx:speed>25.388159</gpxtpx:speed></gpxtpx:TrackPointExtension></extensions><geoidheight>-23.8</geoidheight><src>gps</src><sat>18</sat><hdop>0.65</hdop><vdop>1.06</vdop><pdop>1.25</pdop><dgpsid>0000</dgpsid></trkpt>
<trkpt lat="29.459600833333337" lon="-95.81410066666668"><ele>27.1</ele><time>2025-12-04T22:21:50.000Z</time><extensions><gpxtpx:TrackPointExtension><gpxtpx:bearing>313.75</gpxtpx:bearing><gpxtpx:speed>23.586632</gpxtpx:speed></gpxtpx:TrackPointExtension></extensions><geoidheight>-23.8</geoidheight><src>gps</src><sat>18</sat><hdop>0.65</hdop><vdop>1.06</vdop><pdop>1.25</pdop><dgpsid>0000</dgpsid></trkpt>
<trkpt lat="29.460478833333333" lon="-95.81515400000002"><ele>27.3</ele><time>2025-12-04T22:21:56.000Z</time><extensions><gpxtpx:TrackPointExtension><gpxtpx:bearing>313.9</gpxtpx:bearing><gpxtpx:speed>23.246399</gpxtpx:speed></gpxtpx:TrackPointExtension></extensions><geoidheight>-23.8</geoidheight><src>gps</src><sat>18</sat><hdop>0.65</hdop><vdop>1.06</vdop><pdop>1.24</pdop><dgpsid>0000</dgpsid></trkpt>
<trkpt lat="29.461296500000003" lon="-95.81618133333335"><ele>27.3</ele><time>2025-12-04T22:22:02.000Z</time><extensions><gpxtpx:TrackPointExtension><gpxtpx:bearing>306.91</gpxtpx:bearing><gpxtpx:speed>21.779442</gpxtpx:speed></gpxtpx:TrackPointExtension></extensions><geoidheight>-23.8</geoidheight><src>gps</src><sat>18</sat><hdop>0.65</hdop><vdop>1.06</vdop><pdop>1.24</pdop><dgpsid>0000</dgpsid></trkpt>
<trkpt lat="29.461824333333333" lon="-95.81731533333335"><ele>27.1</ele><time>2025-12-04T22:22:08.000Z</time><extensions><gpxtpx:TrackPointExtension><gpxtpx:bearing>293.74</gpxtpx:bearing><gpxtpx:speed>19.896072</gpxtpx:speed></gpxtpx:TrackPointExtension></extensions><geoidheight>-23.8</geoidheight><src>gps</src><sat>18</sat><hdop>0.65</hdop><vdop>1.06</vdop><pdop>1.24</pdop><dgpsid>0000</dgpsid></trkpt>
<trkpt lat="29.46219716666667" lon="-95.81831316666667"><ele>27.9</ele><time>2025-12-04T22:22:14.000Z</time><extensions><gpxtpx:TrackPointExtension><gpxtpx:bearing>292.05</gpxtpx:bearing><gpxtpx:speed>14.73238</gpxtpx:speed></gpxtpx:TrackPointExtension></extensions><geoidheight>-23.8</geoidheight><src>gps</src><sat>15</sat><hdop>0.69</hdop><vdop>1.27</vdop><pdop>1.45</pdop><dgpsid>0000</dgpsid></trkpt>
<trkpt lat="29.4623835" lon="-95.81894366666666"><ele>28.9</ele><time>2025-12-04T22:22:20.000Z</time><extensions><gpxtpx:TrackPointExtension><gpxtpx:bearing>292.13</gpxtpx:bearing><gpxtpx:speed>7.7949533</gpxtpx:speed></gpxtpx:TrackPointExtension></extensions><geoidheight>-23.8</geoidheight><src>gps</src><sat>17</sat><hdop>0.67</hdop><vdop>1.23</vdop><pdop>1.40</pdop><dgpsid>0000</dgpsid></trkpt>
<trkpt lat="29.46249566666667" lon="-95.81925233333335"><ele>29.5</ele><time>2025-12-04T22:22:26.000Z</time><extensions><gpxtpx:TrackPointExtension><gpxtpx:bearing>295.11</gpxtpx:bearing><gpxtpx:speed>2.5411837</gpxtpx:speed></gpxtpx:TrackPointExtension></extensions><geoidheight>-23.8</geoidheight><src>gps</src><sat>18</sat><hdop>0.65</hdop><vdop>1.06</vdop><pdop>1.24</pdop><dgpsid>0000</dgpsid></trkpt>
<trkpt lat="29.462646333333335" lon="-95.81932466666667"><ele>30.1</ele><time>2025-12-04T22:22:32.000Z</time><extensions><gpxtpx:TrackPointExtension><gpxtpx:bearing>3.01</gpxtpx:bearing><gpxtpx:speed>4.901185</gpxtpx:speed></gpxtpx:TrackPointExtension></extensions><geoidheight>-23.8</geoidheight><src>gps</src><sat>18</sat><hdop>0.65</hdop><vdop>1.06</vdop><pdop>1.24</pdop><dgpsid>0000</dgpsid></trkpt>
<trkpt lat="29.463120333333336" lon="-95.81915033333334"><ele>28.6</ele><time>2025-12-04T22:22:38.000Z</time><extensions><gpxtpx:TrackPointExtension><gpxtpx:bearing>20.26</gpxtpx:bearing><gpxtpx:speed>12.345098</gpxtpx:speed></gpxtpx:TrackPointExtension></extensions><geoidheight>-23.8</geoidheight><src>gps</src><sat>18</sat><hdop>0.68</hdop><vdop>1.06</vdop><pdop>1.26</pdop><dgpsid>0000</dgpsid></trkpt>
<trkpt lat="29.463859666666668" lon="-95.81884633333333"><ele>28.4</ele><time>2025-12-04T22:22:44.000Z</time><extensions><gpxtpx:TrackPointExtension><gpxtpx:bearing>20.48</gpxtpx:bearing><gpxtpx:speed>16.192131</gpxtpx:speed></gpxtpx:TrackPointExtension></extensions><geoidheight>-23.8</geoidheight><src>gps</src><sat>18</sat><hdop>0.66</hdop><vdop>1.06</vdop><pdop>1.25</pdop><dgpsid>0000</dgpsid></trkpt>
<trkpt lat="29.464748333333333" lon="-95.81846433333334"><ele>28.5</ele><time>2025-12-04T22:22:50.000Z</time><extensions><gpxtpx:TrackPointExtension><gpxtpx:bearing>20.91</gpxtpx:bearing><gpxtpx:speed>18.888762</gpxtpx:speed></gpxtpx:TrackPointExtension></extensions><geoidheight>-23.8</geoidheight><src>gps</src><sat>18</sat><hdop>0.68</hdop><vdop>1.06</vdop><pdop>1.26</pdop><dgpsid>0000</dgpsid></trkpt>
<trkpt lat="29.465771166666666" lon="-95.81802716666668"><ele>28.2</ele><time>2025-12-04T22:22:56.000Z</time><extensions><gpxtpx:TrackPointExtension><gpxtpx:bearing>20.46</gpxtpx:bearing><gpxtpx:speed>21.437666</gpxtpx:speed></gpxtpx:TrackPointExtension></extensions><geoidheight>-23.8</geoidheight><src>gps</src><sat>18</sat><hdop>0.68</hdop><vdop>1.06</vdop><pdop>1.26</pdop><dgpsid>0000</dgpsid></trkpt>
<trkpt lat="29.46690566666667" lon="-95.81754416666666"><ele>28.2</ele><time>2025-12-04T22:23:02.000Z</time><extensions><gpxtpx:TrackPointExtension><gpxtpx:bearing>20.51</gpxtpx:bearing><gpxtpx:speed>23.19287</gpxtpx:speed></gpxtpx:TrackPointExtension></extensions><geoidheight>-23.8</geoidheight><src>gps</src><sat>18</sat><hdop>0.68</hdop><vdop>1.06</vdop><pdop>1.26</pdop><dgpsid>0000</dgpsid></trkpt>
<trkpt lat="29.468067333333337" lon="-95.817079"><ele>28.3</ele><time>2025-12-04T22:23:08.000Z</time><extensions><gpxtpx:TrackPointExtension><gpxtpx:bearing>18.78</gpxtpx:bearing><gpxtpx:speed>22.1346</gpxtpx:speed></gpxtpx:TrackPointExtension></extensions><geoidheight>-23.8</geoidheight><src>gps</src><sat>18</sat><hdop>0.68</hdop><vdop>1.06</vdop><pdop>1.26</pdop><dgpsid>0000</dgpsid></trkpt>
<trkpt lat="29.469198" lon="-95.81660683333332"><ele>28.2</ele><time>2025-12-04T22:23:14.000Z</time><extensions><gpxtpx:TrackPointExtension><gpxtpx:bearing>19.88</gpxtpx:bearing><gpxtpx:speed>22.665792</gpxtpx:speed></gpxtpx:TrackPointExtension></extensions><geoidheight>-23.8</geoidheight><src>gps</src><sat>18</sat><hdop>0.68</hdop><vdop>1.06</vdop><pdop>1.26</pdop><dgpsid>0000</dgpsid></trkpt>
<trkpt lat="29.470362333333334" lon="-95.816183"><ele>28.2</ele><time>2025-12-04T22:23:20.000Z</time><extensions><gpxtpx:TrackPointExtension><gpxtpx:bearing>15.48</gpxtpx:bearing><gpxtpx:speed>22.326591</gpxtpx:speed></gpxtpx:TrackPointExtension></extensions><geoidheight>-23.8</geoidheight><src>gps</src><sat>18</sat><hdop>0.68</hdop><vdop>1.06</vdop><pdop>1.26</pdop><dgpsid>0000</dgpsid></trkpt>
<trkpt lat="29.471475666666667" lon="-95.81584399999998"><ele>28.6</ele><time>2025-12-04T22:23:26.000Z</time><extensions><gpxtpx:TrackPointExtension><gpxtpx:bearing>15.04</gpxtpx:bearing><gpxtpx:speed>20.658892</gpxtpx:speed></gpxtpx:TrackPointExtension></extensions><geoidheight>-23.8</geoidheight><src>gps</src><sat>18</sat><hdop>0.68</hdop><vdop>1.06</vdop><pdop>1.26</pdop><dgpsid>0000</dgpsid></trkpt>
<trkpt lat="29.4723905" lon="-95.81556516666666"><ele>28.8</ele><time>2025-12-04T22:23:32.000Z</time><extensions><gpxtpx:TrackPointExtension><gpxtpx:bearing>14.76</gpxtpx:bearing><gpxtpx:speed>13.237626</gpxtpx:speed></gpxtpx:TrackPointExtension></extensions><geoidheight>-23.8</geoidheight><src>gps</src><sat>17</sat><hdop>0.72</hdop><vdop>1.14</vdop><pdop>1.35</pdop><dgpsid>0000</dgpsid></trkpt>
<trkpt lat="29.472935333333332" lon="-95.81539550000001"><ele>28.2</ele><time>2025-12-04T22:23:38.000Z</time><extensions><gpxtpx:TrackPointExtension><gpxtpx:bearing>16.19</gpxtpx:bearing><gpxtpx:speed>9.192939</gpxtpx:speed></gpxtpx:TrackPointExtension></extensions><geoidheight>-23.8</geoidheight><src>gps</src><sat>17</sat><hdop>0.68</hdop><vdop>1.06</vdop><pdop>1.26</pdop><dgpsid>0000</dgpsid></trkpt>
<trkpt lat="29.47341783333333" lon="-95.81523549999999"><ele>27.1</ele><time>2025-12-04T22:23:44.000Z</time><extensions><gpxtpx:TrackPointExtension><gpxtpx:bearing>16.35</gpxtpx:bearing><gpxtpx:speed>10.602248</gpxtpx:speed></gpxtpx:TrackPointExtension></extensions><geoidheight>-23.8</geoidheight><src>gps</src><sat>18</sat><hdop>0.68</hdop><vdop>1.06</vdop><pdop>1.26</pdop><dgpsid>0000</dgpsid></trkpt>
<trkpt lat="29.473966000000004" lon="-95.8150365"><ele>26.4</ele><time>2025-12-04T22:23:50.000Z</time><extensions><gpxtpx:TrackPointExtension><gpxtpx:bearing>19.04</gpxtpx:bearing><gpxtpx:speed>9.874946</gpxtpx:speed></gpxtpx:TrackPointExtension></extensions><geoidheight>-23.8</geoidheight><src>gps</src><sat>18</sat><hdop>0.68</hdop><vdop>1.06</vdop><pdop>1.25</pdop><dgpsid>0000</dgpsid></trkpt>
<trkpt lat="29.474484666666665" lon="-95.81482616666666"><ele>26.5</ele><time>2025-12-04T22:23:56.000Z</time><extensions><gpxtpx:TrackPointExtension><gpxtpx:bearing>14.28</gpxtpx:bearing><gpxtpx:speed>9.800311</gpxtpx:speed></gpxtpx:TrackPointExtension></extensions><geoidheight>-23.8</geoidheight><src>gps</src><sat>18</sat><hdop>0.68</hdop><vdop>1.05</vdop><pdop>1.25</pdop><dgpsid>0000</dgpsid></trkpt>
<trkpt lat="29.474940666666665" lon="-95.81503383333332"><ele>27.2</ele><time>2025-12-04T22:24:02.000Z</time><extensions><gpxtpx:TrackPointExtension><gpxtpx:bearing>313.51</gpxtpx:bearing><gpxtpx:speed>10.898728</gpxtpx:speed></gpxtpx:TrackPointExtension></extensions><geoidheight>-23.8</geoidheight><src>gps</src><sat>18</sat><hdop>0.71</hdop><vdop>1.07</vdop><pdop>1.29</pdop><dgpsid>0000</dgpsid></trkpt>
<trkpt lat="29.475417333333333" lon="-95.81561083333332"><ele>27.3</ele><time>2025-12-04T22:24:08.000Z</time><extensions><gpxtpx:TrackPointExtension><gpxtpx:bearing>313.05</gpxtpx:bearing><gpxtpx:speed>14.086403</gpxtpx:speed></gpxtpx:TrackPointExtension></extensions><geoidheight>-23.8</geoidheight><src>gps</src><sat>18</sat><hdop>0.65</hdop><vdop>1.05</vdop><pdop>1.24</pdop><dgpsid>0000</dgpsid></trkpt>
<trkpt lat="29.475989333333338" lon="-95.81629300000002"><ele>26.8</ele><time>2025-12-04T22:24:14.000Z</time><extensions><gpxtpx:TrackPointExtension><gpxtpx:bearing>313.27</gpxtpx:bearing><gpxtpx:speed>16.294561</gpxtpx:speed></gpxtpx:TrackPointExtension></extensions><geoidheight>-23.8</geoidheight><src>gps</src><sat>18</sat><hdop>0.65</hdop><vdop>1.05</vdop><pdop>1.24</pdop><dgpsid>0000</dgpsid></trkpt>
<trkpt lat="29.476645333333334" lon="-95.81707999999999"><ele>25.8</ele><time>2025-12-04T22:24:20.000Z</time><extensions><gpxtpx:TrackPointExtension><gpxtpx:bearing>313.75</gpxtpx:bearing><gpxtpx:speed>18.773464</gpxtpx:speed></gpxtpx:TrackPointExtension></extensions><geoidheight>-23.8</geoidheight><src>gps</src><sat>18</sat><hdop>0.65</hdop><vdop>1.05</vdop><pdop>1.24</pdop><dgpsid>0000</dgpsid></trkpt>
<trkpt lat="29.477393" lon="-95.81793316666666"><ele>25.1</ele><time>2025-12-04T22:24:26.000Z</time><extensions><gpxtpx:TrackPointExtension><gpxtpx:bearing>315.07</gpxtpx:bearing><gpxtpx:speed>20.11277</gpxtpx:speed></gpxtpx:TrackPointExtension></extensions><geoidheight>-23.8</geoidheight><src>gps</src><sat>18</sat><hdop>0.65</hdop><vdop>1.05</vdop><pdop>1.24</pdop><dgpsid>0000</dgpsid></trkpt>
<trkpt lat="29.478180833333333" lon="-95.81882900000001"><ele>24.6</ele><time>2025-12-04T22:24:32.000Z</time><extensions><gpxtpx:TrackPointExtension><gpxtpx:bearing>315.11</gpxtpx:bearing><gpxtpx:speed>21.141186</gpxtpx:speed></gpxtpx:TrackPointExtension></extensions><geoidheight>-23.8</geoidheight><src>gps</src><sat>18</sat><hdop>0.65</hdop><vdop>1.05</vdop><pdop>1.24</pdop><dgpsid>0000</dgpsid></trkpt>
<trkpt lat="29.479010666666667" lon="-95.81978150000002"><ele>24.3</ele><time>2025-12-04T22:24:38.000Z</time><extensions><gpxtpx:TrackPointExtension><gpxtpx:bearing>314.88</gpxtpx:bearing><gpxtpx:speed>22.209234</gpxtpx:speed></gpxtpx:TrackPointExtension></extensions><geoidheight>-23.8</geoidheight><src>gps</src><sat>17</sat><hdop>0.65</hdop><vdop>1.05</vdop><pdop>1.23</pdop><dgpsid>0000</dgpsid></trkpt>
<trkpt lat="29.479856499999997" lon="-95.82077283333335"><ele>24.5</ele><time>2025-12-04T22:24:44.000Z</time><extensions><gpxtpx:TrackPointExtension><gpxtpx:bearing>313.73</gpxtpx:bearing><gpxtpx:speed>22.703367</gpxtpx:speed></gpxtpx:TrackPointExtension></extensions><geoidheight>-23.8</geoidheight><src>gps</src><sat>18</sat><hdop>0.65</hdop><vdop>1.05</vdop><pdop>1.23</pdop><dgpsid>0000</dgpsid></trkpt>
<trkpt lat="29.480727833333336" lon="-95.82180733333334"><ele>24.3</ele><time>2025-12-04T22:24:50.000Z</time><extensions><gpxtpx:TrackPointExtension><gpxtpx:bearing>313.94</gpxtpx:bearing><gpxtpx:speed>23.489862</gpxtpx:speed></gpxtpx:TrackPointExtension></extensions><geoidheight>-23.8</geoidheight><src>gps</src><sat>18</sat><hdop>0.65</hdop><vdop>1.05</vdop><pdop>1.23</pdop><dgpsid>0000</dgpsid></trkpt>
<trkpt lat="29.4816055" lon="-95.82285616666668"><ele>23.9</ele><time>2025-12-04T22:24:56.000Z</time><extensions><gpxtpx:TrackPointExtension><gpxtpx:bearing>313.71</gpxtpx:bearing><gpxtpx:speed>23.508394</gpxtpx:speed></gpxtpx:TrackPointExtension></extensions><geoidheight>-23.8</geoidheight><src>gps</src><sat>18</sat><hdop>0.65</hdop><vdop>1.05</vdop><pdop>1.23</pdop><dgpsid>0000</dgpsid></trkpt>
<trkpt lat="29.482489166666664" lon="-95.82391333333335"><ele>24.1</ele><time>2025-12-04T22:25:02.000Z</time><extensions><gpxtpx:TrackPointExtension><gpxtpx:bearing>313.28</gpxtpx:bearing><gpxtpx:speed>23.799726</gpxtpx:speed></gpxtpx:TrackPointExtension></extensions><geoidheight>-23.8</geoidheight><src>gps</src><sat>18</sat><hdop>0.65</hdop><vdop>1.05</vdop><pdop>1.23</pdop><dgpsid>0000</dgpsid></trkpt>
<trkpt lat="29.483380166666667" lon="-95.82497533333331"><ele>24.6</ele><time>2025-12-04T22:25:08.000Z</time><extensions><gpxtpx:TrackPointExtension><gpxtpx:bearing>313.93</gpxtpx:bearing><gpxtpx:speed>24.084368</gpxtpx:speed></gpxtpx:TrackPointExtension></extensions><geoidheight>-23.8</geoidheight><src>gps</src><sat>18</sat><hdop>0.67</hdop><vdop>1.22</vdop><pdop>1.39</pdop><dgpsid>0000</dgpsid></trkpt>
<trkpt lat="29.484279" lon="-95.8260525"><ele>25.0</ele><time>2025-12-04T22:25:14.000Z</time><extensions><gpxtpx:TrackPointExtension><gpxtpx:bearing>313.61</gpxtpx:bearing><gpxtpx:speed>24.133781</gpxtpx:speed></gpxtpx:TrackPointExtension></extensions><geoidheight>-23.8</geoidheight><src>gps</src><sat>17</sat><hdop>0.67</hdop><vdop>1.22</vdop><pdop>1.39</pdop><dgpsid>0000</dgpsid></trkpt>
<trkpt lat="29.485180999999997" lon="-95.82713299999999"><ele>24.3</ele><time>2025-12-04T22:25:20.000Z</time><extensions><gpxtpx:TrackPointExtension><gpxtpx:bearing>313.81</gpxtpx:bearing><gpxtpx:speed>24.037527</gpxtpx:speed></gpxtpx:TrackPointExtension></extensions><geoidheight>-23.8</geoidheight><src>gps</src><sat>17</sat><hdop>0.67</hdop><vdop>1.22</vdop><pdop>1.39</pdop><dgpsid>0000</dgpsid></trkpt>
<trkpt lat="29.48608883333333" lon="-95.82821733333334"><ele>25.2</ele><time>2025-12-04T22:25:26.000Z</time><extensions><gpxtpx:TrackPointExtension><gpxtpx:bearing>313.82</gpxtpx:bearing><gpxtpx:speed>24.402466</gpxtpx:speed></gpxtpx:TrackPointExtension></extensions><geoidheight>-23.8</geoidheight><src>gps</src><sat>17</sat><hdop>0.67</hdop><vdop>1.22</vdop><pdop>1.39</pdop><dgpsid>0000</dgpsid></trkpt>
<trkpt lat="29.487002" lon="-95.82930583333334"><ele>25.0</ele><time>2025-12-04T22:25:32.000Z</time><extensions><gpxtpx:TrackPointExtension><gpxtpx:bearing>313.79</gpxtpx:bearing><gpxtpx:speed>24.229519</gpxtpx:speed></gpxtpx:TrackPointExtension></extensions><geoidheight>-23.8</geoidheight><src>gps</src><sat>17</sat><hdop>0.67</hdop><vdop>1.22</vdop><pdop>1.39</pdop><dgpsid>0000</dgpsid></trkpt>
<trkpt lat="29.48790616666667" lon="-95.83038583333334"><ele>25.4</ele><time>2025-12-04T22:25:38.000Z</time><extensions><gpxtpx:TrackPointExtension><gpxtpx:bearing>313.48</gpxtpx:bearing><gpxtpx:speed>24.151796</gpxtpx:speed></gpxtpx:TrackPointExtension></extensions><geoidheight>-23.8</geoidheight><src>gps</src><sat>17</sat><hdop>0.67</hdop><vdop>1.22</vdop><pdop>1.39</pdop><dgpsid>0000</dgpsid></trkpt>
<trkpt lat="29.48880766666667" lon="-95.83147699999999"><ele>25.9</ele><time>2025-12-04T22:25:44.000Z</time><extensions><gpxtpx:TrackPointExtension><gpxtpx:bearing>312.74</gpxtpx:bearing><gpxtpx:speed>24.478645</gpxtpx:speed></gpxtpx:TrackPointExtension></extensions><geoidheight>-23.8</geoidheight><src>gps</src><sat>17</sat><hdop>0.67</hdop><vdop>1.22</vdop><pdop>1.39</pdop><dgpsid>0000</dgpsid></trkpt>
<trkpt lat="29.48972233333333" lon="-95.83260166666666"><ele>26.1</ele><time>2025-12-04T22:25:50.000Z</time><extensions><gpxtpx:TrackPointExtension><gpxtpx:bearing>313.2</gpxtpx:bearing><gpxtpx:speed>25.090649</gpxtpx:speed></gpxtpx:TrackPointExtension></extensions><geoidheight>-23.9</geoidheight><src>gps</src><sat>17</sat><hdop>0.67</hdop><vdop>1.22</vdop><pdop>1.39</pdop><dgpsid>0000</dgpsid></trkpt>
<trkpt lat="29.490656166666668" lon="-95.83375033333331"><ele>26.3</ele><time>2025-12-04T22:25:56.000Z</time><extensions><gpxtpx:TrackPointExtension><gpxtpx:bearing>312.98</gpxtpx:bearing><gpxtpx:speed>25.459705</gpxtpx:speed></gpxtpx:TrackPointExtension></extensions><geoidheight>-23.9</geoidheight><src>gps</src><sat>17</sat><hdop>0.67</hdop><vdop>1.22</vdop><pdop>1.39</pdop><dgpsid>0000</dgpsid></trkpt>
<trkpt lat="29.49158783333333" lon="-95.8349005"><ele>27.3</ele><time>2025-12-04T22:26:02.000Z</time><extensions><gpxtpx:TrackPointExtension><gpxtpx:bearing>313.04</gpxtpx:bearing><gpxtpx:speed>25.014471</gpxtpx:speed></gpxtpx:TrackPointExtension></extensions><geoidheight>-23.9</geoidheight><src>gps</src><sat>17</sat><hdop>0.67</hdop><vdop>1.22</vdop><pdop>1.39</pdop><dgpsid>0000</dgpsid></trkpt>
<trkpt lat="29.492493833333334" lon="-95.83601466666666"><ele>27.7</ele><time>2025-12-04T22:26:08.000Z</time><extensions><gpxtpx:TrackPointExtension><gpxtpx:bearing>313.12</gpxtpx:bearing><gpxtpx:speed>24.231579</gpxtpx:speed></gpxtpx:TrackPointExtension></extensions><geoidheight>-23.9</geoidheight><src>gps</src><sat>17</sat><hdop>0.67</hdop><vdop>1.22</vdop><pdop>1.39</pdop><dgpsid>0000</dgpsid></trkpt>
<trkpt lat="29.49337816666667" lon="-95.83711300000002"><ele>28.9</ele><time>2025-12-04T22:26:14.000Z</time><extensions><gpxtpx:TrackPointExtension><gpxtpx:bearing>312.26</gpxtpx:bearing><gpxtpx:speed>23.943333</gpxtpx:speed></gpxtpx:TrackPointExtension></extensions><geoidheight>-23.9</geoidheight><src>gps</src><sat>17</sat><hdop>0.67</hdop><vdop>1.21</vdop><pdop>1.39</pdop><dgpsid>0000</dgpsid></trkpt>
<trkpt lat="29.494263166666663" lon="-95.83821883333333"><ele>28.5</ele><time>2025-12-04T22:26:20.000Z</time><extensions><gpxtpx:TrackPointExtension><gpxtpx:bearing>312.55</gpxtpx:bearing><gpxtpx:speed>24.344816</gpxtpx:speed></gpxtpx:TrackPointExtension></extensions><geoidheight>-23.9</geoidheight><src>gps</src><sat>17</sat><hdop>0.67</hdop><vdop>1.21</vdop><pdop>1.39</pdop><dgpsid>0000</dgpsid></trkpt>
<trkpt lat="29.495142666666666" lon="-95.83930233333334"><ele>28.8</ele><time>2025-12-04T22:26:26.000Z</time><extensions><gpxtpx:TrackPointExtension><gpxtpx:bearing>313.32</gpxtpx:bearing><gpxtpx:speed>23.995321</gpxtpx:speed></gpxtpx:TrackPointExtension></extensions><geoidheight>-23.9</geoidheight><src>gps</src><sat>17</sat><hdop>0.67</hdop><vdop>1.21</vdop><pdop>1.39</pdop><dgpsid>0000</dgpsid></trkpt>
<trkpt lat="29.496041833333333" lon="-95.84037600000002"><ele>28.8</ele><time>2025-12-04T22:26:32.000Z</time><extensions><gpxtpx:TrackPointExtension><gpxtpx:bearing>313.95</gpxtpx:bearing><gpxtpx:speed>24.16415</gpxtpx:speed></gpxtpx:TrackPointExtension></extensions><geoidheight>-23.9</geoidheight><src>gps</src><sat>17</sat><hdop>0.67</hdop><vdop>1.21</vdop><pdop>1.39</pdop><dgpsid>0000</dgpsid></trkpt>
<trkpt lat="29.496952333333336" lon="-95.84145583333333"><ele>29.0</ele><time>2025-12-04T22:26:38.000Z</time><extensions><gpxtpx:TrackPointExtension><gpxtpx:bearing>313.74</gpxtpx:bearing><gpxtpx:speed>24.282536</gpxtpx:speed></gpxtpx:TrackPointExtension></extensions><geoidheight>-23.9</geoidheight><src>gps</src><sat>17</sat><hdop>0.68</hdop><vdop>1.23</vdop><pdop>1.41</pdop><dgpsid>0000</dgpsid></trkpt>
<trkpt lat="29.497862" lon="-95.84253666666667"><ele>29.4</ele><time>2025-12-04T22:26:44.000Z</time><extensions><gpxtpx:TrackPointExtension><gpxtpx:bearing>314.31</gpxtpx:bearing><gpxtpx:speed>24.077162</gpxtpx:speed></gpxtpx:TrackPointExtension></extensions><geoidheight>-23.9</geoidheight><src>gps</src><sat>16</sat><hdop>0.68</hdop><vdop>1.23</vdop><pdop>1.41</pdop><dgpsid>0000</dgpsid></trkpt>
<trkpt lat="29.49877616666667" lon="-95.843613"><ele>30.1</ele><time>2025-12-04T22:26:50.000Z</time><extensions><gpxtpx:TrackPointExtension><gpxtpx:bearing>313.87</gpxtpx:bearing><gpxtpx:speed>24.379818</gpxtpx:speed></gpxtpx:TrackPointExtension></extensions><geoidheight>-23.9</geoidheight><src>gps</src><sat>17</sat><hdop>0.67</hdop><vdop>1.21</vdop><pdop>1.38</pdop><dgpsid>0000</dgpsid></trkpt>
<trkpt lat="29.499691" lon="-95.84469666666668"><ele>30.2</ele><time>2025-12-04T22:26:56.000Z</time><extensions><gpxtpx:TrackPointExtension><gpxtpx:bearing>314.17</gpxtpx:bearing><gpxtpx:speed>24.06841</gpxtpx:speed></gpxtpx:TrackPointExtension></extensions><geoidheight>-23.9</geoidheight><src>gps</src><sat>16</sat><hdop>0.67</hdop><vdop>1.21</vdop><pdop>1.38</pdop><dgpsid>0000</dgpsid></trkpt>
<trkpt lat="29.500596166666664" lon="-95.84576683333334"><ele>30.3</ele><time>2025-12-04T22:27:02.000Z</time><extensions><gpxtpx:TrackPointExtension><gpxtpx:bearing>313.9</gpxtpx:bearing><gpxtpx:speed>24.280478</gpxtpx:speed></gpxtpx:TrackPointExtension></extensions><geoidheight>-23.9</geoidheight><src>gps</src><sat>16</sat><hdop>0.67</hdop><vdop>1.21</vdop><pdop>1.38</pdop><dgpsid>0000</dgpsid></trkpt>
<trkpt lat="29.501524166666666" lon="-95.84686000000002"><ele>30.8</ele><time>2025-12-04T22:27:08.000Z</time><extensions><gpxtpx:TrackPointExtension><gpxtpx:bearing>314.05</gpxtpx:bearing><gpxtpx:speed>25.02425</gpxtpx:speed></gpxtpx:TrackPointExtension></extensions><geoidheight>-23.9</geoidheight><src>gps</src><sat>16</sat><hdop>0.69</hdop><vdop>1.22</vdop><pdop>1.40</pdop><dgpsid>0000</dgpsid></trkpt>
<trkpt lat="29.502475333333336" lon="-95.84798466666668"><ele>30.5</ele><time>2025-12-04T22:27:14.000Z</time><extensions><gpxtpx:TrackPointExtension><gpxtpx:bearing>314.12</gpxtpx:bearing><gpxtpx:speed>25.467426</gpxtpx:speed></gpxtpx:TrackPointExtension></extensions><geoidheight>-23.9</geoidheight><src>gps</src><sat>17</sat><hdop>0.67</hdop><vdop>1.21</vdop><pdop>1.38</pdop><dgpsid>0000</dgpsid></trkpt>
<trkpt lat="29.503431833333334" lon="-95.84912083333332"><ele>31.2</ele><time>2025-12-04T22:27:20.000Z</time><extensions><gpxtpx:TrackPointExtension><gpxtpx:bearing>314.15</gpxtpx:bearing><gpxtpx:speed>25.451984</gpxtpx:speed></gpxtpx:TrackPointExtension></extensions><geoidheight>-23.9</geoidheight><src>gps</src><sat>17</sat><hdop>0.67</hdop><vdop>1.21</vdop><pdop>1.38</pdop><dgpsid>0000</dgpsid></trkpt>
<trkpt lat="29.504394833333336" lon="-95.85025283333334"><ele>31.2</ele><time>2025-12-04T22:27:26.000Z</time><extensions><gpxtpx:TrackPointExtension><gpxtpx:bearing>314.13</gpxtpx:bearing><gpxtpx:speed>25.510149</gpxtpx:speed></gpxtpx:TrackPointExtension></extensions><geoidheight>-23.9</geoidheight><src>gps</src><sat>16</sat><hdop>0.69</hdop><vdop>1.22</vdop><pdop>1.40</pdop><dgpsid>0000</dgpsid></trkpt>
<trkpt lat="29.505347833333335" lon="-95.85137333333333"><ele>31.5</ele><time>2025-12-04T22:27:32.000Z</time><extensions><gpxtpx:TrackPointExtension><gpxtpx:bearing>314.41</gpxtpx:bearing><gpxtpx:speed>25.048443</gpxtpx:speed></gpxtpx:TrackPointExtension></extensions><geoidheight>-23.9</geoidheight><src>gps</src><sat>17</sat><hdop>0.69</hdop><vdop>1.22</vdop><pdop>1.40</pdop><dgpsid>0000</dgpsid></trkpt>
<trkpt lat="29.506304666666665" lon="-95.85248333333332"><ele>32.0</ele><time>2025-12-04T22:27:38.000Z</time><extensions><gpxtpx:TrackPointExtension><gpxtpx:bearing>314.35</gpxtpx:bearing><gpxtpx:speed>25.386614</gpxtpx:speed></gpxtpx:TrackPointExtension></extensions><geoidheight>-23.9</geoidheight><src>gps</src><sat>17</sat><hdop>0.67</hdop><vdop>1.21</vdop><pdop>1.38</pdop><dgpsid>0000</dgpsid></trkpt>
<trkpt lat="29.507259999999995" lon="-95.85362116666666"><ele>32.8</ele><time>2025-12-04T22:27:44.000Z</time><extensions><gpxtpx:TrackPointExtension><gpxtpx:bearing>313.08</gpxtpx:bearing><gpxtpx:speed>25.61515</gpxtpx:speed></gpxtpx:TrackPointExtension></extensions><geoidheight>-23.9</geoidheight><src>gps</src><sat>17</sat><hdop>0.67</hdop><vdop>1.21</vdop><pdop>1.38</pdop><dgpsid>0000</dgpsid></trkpt>
<trkpt lat="29.5082095" lon="-95.85475433333335"><ele>33.5</ele><time>2025-12-04T22:27:50.000Z</time><extensions><gpxtpx:TrackPointExtension><gpxtpx:bearing>313.7</gpxtpx:bearing><gpxtpx:speed>25.217272</gpxtpx:speed></gpxtpx:TrackPointExtension></extensions><geoidheight>-23.9</geoidheight><src>gps</src><sat>17</sat><hdop>0.67</hdop><vdop>1.21</vdop><pdop>1.38</pdop><dgpsid>0000</dgpsid></trkpt>
<trkpt lat="29.50914583333333" lon="-95.85588466666668"><ele>33.8</ele><time>2025-12-04T22:27:56.000Z</time><extensions><gpxtpx:TrackPointExtension><gpxtpx:bearing>313.54</gpxtpx:bearing><gpxtpx:speed>25.066973</gpxtpx:speed></gpxtpx:TrackPointExtension></extensions><geoidheight>-23.9</geoidheight><src>gps</src><sat>16</sat><hdop>0.69</hdop><vdop>1.22</vdop><pdop>1.40</pdop><dgpsid>0000</dgpsid></trkpt>
<trkpt lat="29.510099500000003" lon="-95.85702383333334"><ele>34.1</ele><time>2025-12-04T22:28:02.000Z</time><extensions><gpxtpx:TrackPointExtension><gpxtpx:bearing>314.01</gpxtpx:bearing><gpxtpx:speed>25.587872</gpxtpx:speed></gpxtpx:TrackPointExtension></extensions><geoidheight>-23.9</geoidheight><src>gps</src><sat>16</sat><hdop>0.71</hdop><vdop>1.34</vdop><pdop>1.52</pdop><dgpsid>0000</dgpsid></trkpt>
<trkpt lat="29.5110465" lon="-95.85816083333333"><ele>34.1</ele><time>2025-12-04T22:28:08.000Z</time><extensions><gpxtpx:TrackPointExtension><gpxtpx:bearing>313.25</gpxtpx:bearing><gpxtpx:speed>25.22139</gpxtpx:speed></gpxtpx:TrackPointExtension></extensions><geoidheight>-23.9</geoidheight><src>gps</src><sat>16</sat><hdop>0.69</hdop><vdop>1.22</vdop><pdop>1.40</pdop><dgpsid>0000</dgpsid></trkpt>
<trkpt lat="29.51197366666667" lon="-95.85927099999999"><ele>34.2</ele><time>2025-12-04T22:28:14.000Z</time><extensions><gpxtpx:TrackPointExtension><gpxtpx:bearing>313.46</gpxtpx:bearing><gpxtpx:speed>24.647474</gpxtpx:speed></gpxtpx:TrackPointExtension></extensions><geoidheight>-23.9</geoidheight><src>gps</src><sat>16</sat><hdop>0.69</hdop><vdop>1.22</vdop><pdop>1.40</pdop><dgpsid>0000</dgpsid></trkpt>
<trkpt lat="29.51289866666667" lon="-95.86036933333335"><ele>34.4</ele><time>2025-12-04T22:28:20.000Z</time><extensions><gpxtpx:TrackPointExtension><gpxtpx:bearing>313.71</gpxtpx:bearing><gpxtpx:speed>24.80292</gpxtpx:speed></gpxtpx:TrackPointExtension></extensions><geoidheight>-23.9</geoidheight><src>gps</src><sat>17</sat><hdop>0.67</hdop><vdop>1.20</vdop><pdop>1.38</pdop><dgpsid>0000</dgpsid></trkpt>
<trkpt lat="29.513825166666667" lon="-95.86147133333334"><ele>34.6</ele><time>2025-12-04T22:28:26.000Z</time><extensions><gpxtpx:TrackPointExtension><gpxtpx:bearing>313.74</gpxtpx:bearing><gpxtpx:speed>24.586737</gpxtpx:speed></gpxtpx:TrackPointExtension></extensions><geoidheight>-23.9</geoidheight><src>gps</src><sat>17</sat><hdop>0.69</hdop><vdop>1.22</vdop><pdop>1.40</pdop><dgpsid>0000</dgpsid></trkpt>
<trkpt lat="29.5147465" lon="-95.86256666666668"><ele>34.6</ele><time>2025-12-04T22:28:32.000Z</time><extensions><gpxtpx:TrackPointExtension><gpxtpx:bearing>313.93</gpxtpx:bearing><gpxtpx:speed>24.564604</gpxtpx:speed></gpxtpx:TrackPointExtension></extensions><geoidheight>-23.9</geoidheight><src>gps</src><sat>17</sat><hdop>0.67</hdop><vdop>1.20</vdop><pdop>1.38</pdop><dgpsid>0000</dgpsid></trkpt>
<trkpt lat="29.5156565" lon="-95.86368433333334"><ele>34.4</ele><time>2025-12-04T22:28:38.000Z</time><extensions><gpxtpx:TrackPointExtension><gpxtpx:bearing>311.53</gpxtpx:bearing><gpxtpx:speed>24.768948</gpxtpx:speed></gpxtpx:TrackPointExtension></extensions><geoidheight>-23.9</geoidheight><src>gps</src><sat>17</sat><hdop>0.67</hdop><vdop>1.20</vdop><pdop>1.38</pdop><dgpsid>0000</dgpsid></trkpt>
<trkpt lat="29.516525" lon="-95.86483383333334"><ele>35.1</ele><time>2025-12-04T22:28:44.000Z</time><extensions><gpxtpx:TrackPointExtension><gpxtpx:bearing>310.35</gpxtpx:bearing><gpxtpx:speed>24.428202</gpxtpx:speed></gpxtpx:TrackPointExtension></extensions><geoidheight>-23.9</geoidheight><src>gps</src><sat>17</sat><hdop>0.67</hdop><vdop>1.20</vdop><pdop>1.38</pdop><dgpsid>0000</dgpsid></trkpt>
<trkpt lat="29.51737933333333" lon="-95.86596866666666"><ele>36.0</ele><time>2025-12-04T22:28:50.000Z</time><extensions><gpxtpx:TrackPointExtension><gpxtpx:bearing>311.41</gpxtpx:bearing><gpxtpx:speed>23.767813</gpxtpx:speed></gpxtpx:TrackPointExtension></extensions><geoidheight>-23.9</geoidheight><src>gps</src><sat>17</sat><hdop>0.67</hdop><vdop>1.20</vdop><pdop>1.38</pdop><dgpsid>0000</dgpsid></trkpt>
<trkpt lat="29.518245666666665" lon="-95.86706816666668"><ele>36.1</ele><time>2025-12-04T22:28:56.000Z</time><extensions><gpxtpx:TrackPointExtension><gpxtpx:bearing>312.37</gpxtpx:bearing><gpxtpx:speed>24.03341</gpxtpx:speed></gpxtpx:TrackPointExtension></extensions><geoidheight>-23.9</geoidheight><src>gps</src><sat>17</sat><hdop>0.67</hdop><vdop>1.20</vdop><pdop>1.37</pdop><dgpsid>0000</dgpsid></trkpt>
<trkpt lat="29.519101999999997" lon="-95.86814700000001"><ele>36.1</ele><time>2025-12-04T22:29:02.000Z</time><extensions><gpxtpx:TrackPointExtension><gpxtpx:bearing>312.36</gpxtpx:bearing><gpxtpx:speed>23.241768</gpxtpx:speed></gpxtpx:TrackPointExtension></extensions><geoidheight>-23.9</geoidheight><src>gps</src><sat>17</sat><hdop>0.67</hdop><vdop>1.20</vdop><pdop>1.37</pdop><dgpsid>0000</dgpsid></trkpt>
<trkpt lat="29.51993733333334" lon="-95.86920266666667"><ele>36.2</ele><time>2025-12-04T22:29:08.000Z</time><extensions><gpxtpx:TrackPointExtension><gpxtpx:bearing>312.14</gpxtpx:bearing><gpxtpx:speed>22.527847</gpxtpx:speed></gpxtpx:TrackPointExtension></extensions><geoidheight>-23.9</geoidheight><src>gps</src><sat>17</sat><hdop>0.67</hdop><vdop>1.20</vdop><pdop>1.37</pdop><dgpsid>0000</dgpsid></trkpt>
<trkpt lat="29.520710333333334" lon="-95.87018283333333"><ele>35.5</ele><time>2025-12-04T22:29:14.000Z</time><extensions><gpxtpx:TrackPointExtension><gpxtpx:bearing>312.19</gpxtpx:bearing><gpxtpx:speed>20.174023</gpxtpx:speed></gpxtpx:TrackPointExtension></extensions><geoidheight>-23.9</geoidheight><src>gps</src><sat>17</sat><hdop>0.67</hdop><vdop>1.20</vdop><pdop>1.37</pdop><dgpsid>0000</dgpsid></trkpt>
<trkpt lat="29.521401333333333" lon="-95.87106033333333"><ele>34.3</ele><time>2025-12-04T22:29:20.000Z</time><extensions><gpxtpx:TrackPointExtension><gpxtpx:bearing>312.51</gpxtpx:bearing><gpxtpx:speed>18.209843</gpxtpx:speed></gpxtpx:TrackPointExtension></extensions><geoidheight>-23.9</geoidheight><src>gps</src><sat>17</sat><hdop>0.67</hdop><vdop>1.20</vdop><pdop>1.37</pdop><dgpsid>0000</dgpsid></trkpt>
<trkpt lat="29.521997499999998" lon="-95.87177916666666"><ele>33.6</ele><time>2025-12-04T22:29:26.000Z</time><extensions><gpxtpx:TrackPointExtension><gpxtpx:bearing>314.12</gpxtpx:bearing><gpxtpx:speed>13.27726</gpxtpx:speed></gpxtpx:TrackPointExtension></extensions><geoidheight>-23.9</geoidheight><src>gps</src><sat>17</sat><hdop>0.67</hdop><vdop>1.20</vdop><pdop>1.37</pdop><dgpsid>0000</dgpsid></trkpt>
<trkpt lat="29.522303000000004" lon="-95.87212983333332"><ele>32.6</ele><time>2025-12-04T22:29:32.000Z</time><extensions><gpxtpx:TrackPointExtension><gpxtpx:bearing>313.99</gpxtpx:bearing><gpxtpx:speed>2.4614017</gpxtpx:speed></gpxtpx:TrackPointExtension></extensions><geoidheight>-23.9</geoidheight><src>gps</src><sat>16</sat><hdop>0.69</hdop><vdop>1.21</vdop><pdop>1.39</pdop><dgpsid>0000</dgpsid></trkpt>
<trkpt lat="29.522366" lon="-95.87219583333332"><ele>32.7</ele><time>2025-12-04T22:29:38.000Z</time><extensions><gpxtpx:TrackPointExtension><gpxtpx:bearing>315.47</gpxtpx:bearing><gpxtpx:speed>3.4589334</gpxtpx:speed></gpxtpx:TrackPointExtension></extensions><geoidheight>-23.9</geoidheight><src>gps</src><sat>17</sat><hdop>0.67</hdop><vdop>1.20</vdop><pdop>1.37</pdop><dgpsid>0000</dgpsid></trkpt>
<trkpt lat="29.522597833333332" lon="-95.87245383333332"><ele>31.4</ele><time>2025-12-04T22:29:44.000Z</time><extensions><gpxtpx:TrackPointExtension><gpxtpx:bearing>313.56</gpxtpx:bearing><gpxtpx:speed>8.740498</gpxtpx:speed></gpxtpx:TrackPointExtension></extensions><geoidheight>-23.9</geoidheight><src>gps</src><sat>17</sat><hdop>0.67</hdop><vdop>1.19</vdop><pdop>1.37</pdop><dgpsid>0000</dgpsid></trkpt>
<trkpt lat="29.523001833333335" lon="-95.87293433333335"><ele>31.8</ele><time>2025-12-04T22:29:50.000Z</time><extensions><gpxtpx:TrackPointExtension><gpxtpx:bearing>313.81</gpxtpx:bearing><gpxtpx:speed>12.130973</gpxtpx:speed></gpxtpx:TrackPointExtension></extensions><geoidheight>-23.9</geoidheight><src>gps</src><sat>17</sat><hdop>0.67</hdop><vdop>1.19</vdop><pdop>1.37</pdop><dgpsid>0000</dgpsid></trkpt>
<trkpt lat="29.52346733333333" lon="-95.87349016666667"><ele>33.6</ele><time>2025-12-04T22:29:56.000Z</time><extensions><gpxtpx:TrackPointExtension><gpxtpx:bearing>312.82</gpxtpx:bearing><gpxtpx:speed>12.196343</gpxtpx:speed></gpxtpx:TrackPointExtension></extensions><geoidheight>-23.9</geoidheight><src>gps</src><sat>17</sat><hdop>0.69</hdop><vdop>1.20</vdop><pdop>1.39</pdop><dgpsid>0000</dgpsid></trkpt>
<trkpt lat="29.52387533333333" lon="-95.87398566666667"><ele>35.0</ele><time>2025-12-04T22:30:02.000Z</time><extensions><gpxtpx:TrackPointExtension><gpxtpx:bearing>313.44</gpxtpx:bearing><gpxtpx:speed>9.637144</gpxtpx:speed></gpxtpx:TrackPointExtension></extensions><geoidheight>-23.9</geoidheight><src>gps</src><sat>17</sat><hdop>0.67</hdop><vdop>1.19</vdop><pdop>1.37</pdop><dgpsid>0000</dgpsid></trkpt>
<trkpt lat="29.524136666666664" lon="-95.87430449999998"><ele>36.0</ele><time>2025-12-04T22:30:08.000Z</time><extensions><gpxtpx:TrackPointExtension><gpxtpx:bearing>313.22</gpxtpx:bearing><gpxtpx:speed>3.2674568</gpxtpx:speed></gpxtpx:TrackPointExtension></extensions><geoidheight>-23.9</geoidheight><src>gps</src><sat>17</sat><hdop>0.67</hdop><vdop>1.19</vdop><pdop>1.37</pdop><dgpsid>0000</dgpsid></trkpt>
<trkpt lat="29.524174333333335" lon="-95.87435033333334"><ele>36.7</ele><time>2025-12-04T22:30:14.000Z</time><extensions><gpxtpx:TrackPointExtension><gpxtpx:bearing>315.05</gpxtpx:bearing><gpxtpx:speed>0.6552414</gpxtpx:speed></gpxtpx:TrackPointExtension></extensions><geoidheight>-23.9</geoidheight><src>gps</src><sat>16</sat><hdop>0.69</hdop><vdop>1.23</vdop><pdop>1.41</pdop><dgpsid>0000</dgpsid></trkpt>
<trkpt lat="29.524324" lon="-95.87453666666667"><ele>37.1</ele><time>2025-12-04T22:30:20.000Z</time><extensions><gpxtpx:TrackPointExtension><gpxtpx:bearing>313.18</gpxtpx:bearing><gpxtpx:speed>6.811834</gpxtpx:speed></gpxtpx:TrackPointExtension></extensions><geoidheight>-23.9</geoidheight><src>gps</src><sat>16</sat><hdop>0.67</hdop><vdop>1.19</vdop><pdop>1.37</pdop><dgpsid>0000</dgpsid></trkpt>
<trkpt lat="29.524711000000003" lon="-95.87500049999998"><ele>38.3</ele><time>2025-12-04T22:30:26.000Z</time><extensions><gpxtpx:TrackPointExtension><gpxtpx:bearing>313.61</gpxtpx:bearing><gpxtpx:speed>12.724963</gpxtpx:speed></gpxtpx:TrackPointExtension></extensions><geoidheight>-23.9</geoidheight><src>gps</src><sat>17</sat><hdop>0.69</hdop><vdop>1.20</vdop><pdop>1.38</pdop><dgpsid>0000</dgpsid></trkpt>
<trkpt lat="29.525261166666663" lon="-95.87567766666668"><ele>38.6</ele><time>2025-12-04T22:30:32.000Z</time><extensions><gpxtpx:TrackPointExtension><gpxtpx:bearing>312.07</gpxtpx:bearing><gpxtpx:speed>16.53854</gpxtpx:speed></gpxtpx:TrackPointExtension></extensions><geoidheight>-23.9</geoidheight><src>gps</src><sat>17</sat><hdop>0.67</hdop><vdop>1.19</vdop><pdop>1.37</pdop><dgpsid>0000</dgpsid></trkpt>
<trkpt lat="29.525895999999996" lon="-95.87648800000001"><ele>38.1</ele><time>2025-12-04T22:30:38.000Z</time><extensions><gpxtpx:TrackPointExtension><gpxtpx:bearing>312.77</gpxtpx:bearing><gpxtpx:speed>17.93704</gpxtpx:speed></gpxtpx:TrackPointExtension></extensions><geoidheight>-23.9</geoidheight><src>gps</src><sat>17</sat><hdop>0.67</hdop><vdop>1.19</vdop><pdop>1.37</pdop><dgpsid>0000</dgpsid></trkpt>
<trkpt lat="29.526554499999996" lon="-95.87731683333335"><ele>36.6</ele><time>2025-12-04T22:30:44.000Z</time><extensions><gpxtpx:TrackPointExtension><gpxtpx:bearing>312.65</gpxtpx:bearing><gpxtpx:speed>18.055426</gpxtpx:speed></gpxtpx:TrackPointExtension></extensions><geoidheight>-23.9</geoidheight><src>gps</src><sat>17</sat><hdop>0.67</hdop><vdop>1.19</vdop><pdop>1.37</pdop><dgpsid>0000</dgpsid></trkpt>
<trkpt lat="29.527250333333335" lon="-95.87816433333334"><ele>35.7</ele><time>2025-12-04T22:30:50.000Z</time><extensions><gpxtpx:TrackPointExtension><gpxtpx:bearing>313.72</gpxtpx:bearing><gpxtpx:speed>19.183182</gpxtpx:speed></gpxtpx:TrackPointExtension></extensions><geoidheight>-23.9</geoidheight><src>gps</src><sat>17</sat><hdop>0.67</hdop><vdop>1.19</vdop><pdop>1.36</pdop><dgpsid>0000</dgpsid></trkpt>
<trkpt lat="29.52798533333333" lon="-95.87904599999999"><ele>34.9</ele><time>2025-12-04T22:30:56.000Z</time><extensions><gpxtpx:TrackPointExtension><gpxtpx:bearing>313.74</gpxtpx:bearing><gpxtpx:speed>20.250717</gpxtpx:speed></gpxtpx:TrackPointExtension></extensions><geoidheight>-23.9</geoidheight><src>gps</src><sat>17</sat><hdop>0.67</hdop><vdop>1.19</vdop><pdop>1.36</pdop><dgpsid>0000</dgpsid></trkpt>
<trkpt lat="29.528764833333337" lon="-95.87998366666667"><ele>34.3</ele><time>2025-12-04T22:31:02.000Z</time><extensions><gpxtpx:TrackPointExtension><gpxtpx:bearing>313.93</gpxtpx:bearing><gpxtpx:speed>21.692968</gpxtpx:speed></gpxtpx:TrackPointExtension></extensions><geoidheight>-23.9</geoidheight><src>gps</src><sat>17</sat><hdop>0.67</hdop><vdop>1.19</vdop><pdop>1.36</pdop><dgpsid>0000</dgpsid></trkpt>
<trkpt lat="29.529601333333336" lon="-95.88098683333334"><ele>33.0</ele><time>2025-12-04T22:31:08.000Z</time><extensions><gpxtpx:TrackPointExtension><gpxtpx:bearing>313.46</gpxtpx:bearing><gpxtpx:speed>23.024555</gpxtpx:speed></gpxtpx:TrackPointExtension></extensions><geoidheight>-23.9</geoidheight><src>gps</src><sat>17</sat><hdop>0.67</hdop><vdop>1.19</vdop><pdop>1.36</pdop><dgpsid>0000</dgpsid></trkpt>
<trkpt lat="29.530468166666665" lon="-95.88202283333334"><ele>32.6</ele><time>2025-12-04T22:31:14.000Z</time><extensions><gpxtpx:TrackPointExtension><gpxtpx:bearing>313.69</gpxtpx:bearing><gpxtpx:speed>23.278828</gpxtpx:speed></gpxtpx:TrackPointExtension></extensions><geoidheight>-23.9</geoidheight><src>gps</src><sat>17</sat><hdop>0.67</hdop><vdop>1.18</vdop><pdop>1.36</pdop><dgpsid>0000</dgpsid></trkpt>
<trkpt lat="29.531325999999996" lon="-95.88306566666667"><ele>32.6</ele><time>2025-12-04T22:31:20.000Z</time><extensions><gpxtpx:TrackPointExtension><gpxtpx:bearing>313.5</gpxtpx:bearing><gpxtpx:speed>23.047203</gpxtpx:speed></gpxtpx:TrackPointExtension></extensions><geoidheight>-23.9</geoidheight><src>gps</src><sat>17</sat><hdop>0.67</hdop><vdop>1.18</vdop><pdop>1.36</pdop><dgpsid>0000</dgpsid></trkpt>
<trkpt lat="29.532210166666665" lon="-95.88406733333335"><ele>30.5</ele><time>2025-12-04T22:31:26.000Z</time><extensions><gpxtpx:TrackPointExtension><gpxtpx:bearing>318.46</gpxtpx:bearing><gpxtpx:speed>23.114632</gpxtpx:speed></gpxtpx:TrackPointExtension></extensions><geoidheight>-23.9</geoidheight><src>gps</src><sat>17</sat><hdop>0.67</hdop><vdop>1.18</vdop><pdop>1.36</pdop><dgpsid>0000</dgpsid></trkpt>
<trkpt lat="29.533210999999998" lon="-95.88494"><ele>30.1</ele><time>2025-12-04T22:31:32.000Z</time><extensions><gpxtpx:TrackPointExtension><gpxtpx:bearing>327.18</gpxtpx:bearing><gpxtpx:speed>23.295298</gpxtpx:speed></gpxtpx:TrackPointExtension></extensions><geoidheight>-23.9</geoidheight><src>gps</src><sat>17</sat><hdop>0.67</hdop><vdop>1.18</vdop><pdop>1.36</pdop><dgpsid>0000</dgpsid></trkpt>
<trkpt lat="29.534318666666664" lon="-95.88562816666666"><ele>32.2</ele><time>2025-12-04T22:31:38.000Z</time><extensions><gpxtpx:TrackPointExtension><gpxtpx:bearing>335.61</gpxtpx:bearing><gpxtpx:speed>23.112057</gpxtpx:speed></gpxtpx:TrackPointExtension></extensions><geoidheight>-23.9</geoidheight><src>gps</src><sat>17</sat><hdop>0.67</hdop><vdop>1.18</vdop><pdop>1.36</pdop><dgpsid>0000</dgpsid></trkpt>
<trkpt lat="29.53548616666667" lon="-95.88610833333333"><ele>34.5</ele><time>2025-12-04T22:31:44.000Z</time><extensions><gpxtpx:TrackPointExtension><gpxtpx:bearing>343.82</gpxtpx:bearing><gpxtpx:speed>22.783665</gpxtpx:speed></gpxtpx:TrackPointExtension></extensions><geoidheight>-23.9</geoidheight><src>gps</src><sat>17</sat><hdop>0.67</hdop><vdop>1.18</vdop><pdop>1.36</pdop><dgpsid>0000</dgpsid></trkpt>
<trkpt lat="29.536692500000004" lon="-95.88638999999999"><ele>35.4</ele><time>2025-12-04T22:31:50.000Z</time><extensions><gpxtpx:TrackPointExtension><gpxtpx:bearing>352.05</gpxtpx:bearing><gpxtpx:speed>22.60557</gpxtpx:speed></gpxtpx:TrackPointExtension></extensions><geoidheight>-23.9</geoidheight><src>gps</src><sat>17</sat><hdop>0.69</hdop><vdop>1.18</vdop><pdop>1.37</pdop><dgpsid>0000</dgpsid></trkpt>
<trkpt lat="29.537915833333333" lon="-95.88658266666668"><ele>34.5</ele><time>2025-12-04T22:31:56.000Z</time><extensions><gpxtpx:TrackPointExtension><gpxtpx:bearing>352.28</gpxtpx:bearing><gpxtpx:speed>22.992641</gpxtpx:speed></gpxtpx:TrackPointExtension></extensions><geoidheight>-23.9</geoidheight><src>gps</src><sat>17</sat><hdop>0.70</hdop><vdop>1.18</vdop><pdop>1.38</pdop><dgpsid>0000</dgpsid></trkpt>
<trkpt lat="29.53916133333333" lon="-95.88677233333334"><ele>33.2</ele><time>2025-12-04T22:32:02.000Z</time><extensions><gpxtpx:TrackPointExtension><gpxtpx:bearing>352.47</gpxtpx:bearing><gpxtpx:speed>23.473907</gpxtpx:speed></gpxtpx:TrackPointExtension></extensions><geoidheight>-23.9</geoidheight><src>gps</src><sat>17</sat><hdop>0.70</hdop><vdop>1.18</vdop><pdop>1.38</pdop><dgpsid>0000</dgpsid></trkpt>
<trkpt lat="29.54043133333333" lon="-95.88696966666666"><ele>33.0</ele><time>2025-12-04T22:32:08.000Z</time><extensions><gpxtpx:TrackPointExtension><gpxtpx:bearing>352.24</gpxtpx:bearing><gpxtpx:speed>23.784285</gpxtpx:speed></gpxtpx:TrackPointExtension></extensions><geoidheight>-23.9</geoidheight><src>gps</src><sat>17</sat><hdop>0.70</hdop><vdop>1.18</vdop><pdop>1.37</pdop><dgpsid>0000</dgpsid></trkpt>
<trkpt lat="29.541698166666666" lon="-95.88716266666667"><ele>33.6</ele><time>2025-12-04T22:32:14.000Z</time><extensions><gpxtpx:TrackPointExtension><gpxtpx:bearing>352.42</gpxtpx:bearing><gpxtpx:speed>23.422434</gpxtpx:speed></gpxtpx:TrackPointExtension></extensions><geoidheight>-23.9</geoidheight><src>gps</src><sat>16</sat><hdop>0.77</hdop><vdop>1.39</vdop><pdop>1.59</pdop><dgpsid>0000</dgpsid></trkpt>
<trkpt lat="29.542919666666663" lon="-95.8873535"><ele>34.0</ele><time>2025-12-04T22:32:20.000Z</time><extensions><gpxtpx:TrackPointExtension><gpxtpx:bearing>352.37</gpxtpx:bearing><gpxtpx:speed>21.737234</gpxtpx:speed></gpxtpx:TrackPointExtension></extensions><geoidheight>-23.9</geoidheight><src>gps</src><sat>16</sat><hdop>0.71</hdop><vdop>1.22</vdop><pdop>1.41</pdop><dgpsid>0000</dgpsid></trkpt>
<trkpt lat="29.54402133333333" lon="-95.88751249999999"><ele>34.0</ele><time>2025-12-04T22:32:26.000Z</time><extensions><gpxtpx:TrackPointExtension><gpxtpx:bearing>354.0</gpxtpx:bearing><gpxtpx:speed>18.842436</gpxtpx:speed></gpxtpx:TrackPointExtension></extensions><geoidheight>-23.9</geoidheight><src>gps</src><sat>16</sat><hdop>0.71</hdop><vdop>1.22</vdop><pdop>1.41</pdop><dgpsid>0000</dgpsid></trkpt>
<trkpt lat="29.544812" lon="-95.88760783333333"><ele>33.9</ele><time>2025-12-04T22:32:32.000Z</time><extensions><gpxtpx:TrackPointExtension><gpxtpx:bearing>352.53</gpxtpx:bearing><gpxtpx:speed>11.098955</gpxtpx:speed></gpxtpx:TrackPointExtension></extensions><geoidheight>-23.9</geoidheight><src>gps</src><sat>17</sat><hdop>0.70</hdop><vdop>1.18</vdop><pdop>1.37</pdop><dgpsid>0000</dgpsid></trkpt>
<trkpt lat="29.545158500000003" lon="-95.88744550000001"><ele>34.0</ele><time>2025-12-04T22:32:38.000Z</time><extensions><gpxtpx:TrackPointExtension><gpxtpx:bearing>66.31</gpxtpx:bearing><gpxtpx:speed>7.0125756</gpxtpx:speed></gpxtpx:TrackPointExtension></extensions><geoidheight>-23.9</geoidheight><src>gps</src><sat>17</sat><hdop>0.69</hdop><vdop>1.17</vdop><pdop>1.36</pdop><dgpsid>0000</dgpsid></trkpt>
<trkpt lat="29.545410333333333" lon="-95.88711633333332"><ele>33.1</ele><time>2025-12-04T22:32:44.000Z</time><extensions><gpxtpx:TrackPointExtension><gpxtpx:bearing>14.99</gpxtpx:bearing><gpxtpx:speed>8.4213705</gpxtpx:speed></gpxtpx:TrackPointExtension></extensions><geoidheight>-23.9</geoidheight><src>gps</src><sat>16</sat><hdop>0.77</hdop><vdop>1.39</vdop><pdop>1.59</pdop><dgpsid>0000</dgpsid></trkpt>
<trkpt lat="29.545961666666667" lon="-95.88715466666666"><ele>32.8</ele><time>2025-12-04T22:32:50.000Z</time><extensions><gpxtpx:TrackPointExtension><gpxtpx:bearing>354.99</gpxtpx:bearing><gpxtpx:speed>11.546248</gpxtpx:speed></gpxtpx:TrackPointExtension></extensions><geoidheight>-23.9</geoidheight><src>gps</src><sat>17</sat><hdop>0.70</hdop><vdop>1.17</vdop><pdop>1.37</pdop><dgpsid>0000</dgpsid></trkpt>
<trkpt lat="29.54668583333333" lon="-95.88723883333333"><ele>31.4</ele><time>2025-12-04T22:32:56.000Z</time><extensions><gpxtpx:TrackPointExtension><gpxtpx:bearing>353.91</gpxtpx:bearing><gpxtpx:speed>14.387516</gpxtpx:speed></gpxtpx:TrackPointExtension></extensions><geoidheight>-23.9</geoidheight><src>gps</src><sat>17</sat><hdop>0.70</hdop><vdop>1.17</vdop><pdop>1.37</pdop><dgpsid>0000</dgpsid></trkpt>
<trkpt lat="29.547548" lon="-95.887338"><ele>30.9</ele><time>2025-12-04T22:33:02.000Z</time><extensions><gpxtpx:TrackPointExtension><gpxtpx:bearing>354.58</gpxtpx:bearing><gpxtpx:speed>17.333271</gpxtpx:speed></gpxtpx:TrackPointExtension></extensions><geoidheight>-23.9</geoidheight><src>gps</src><sat>17</sat><hdop>0.70</hdop><vdop>1.17</vdop><pdop>1.37</pdop><dgpsid>0000</dgpsid></trkpt>
<trkpt lat="29.54854833333333" lon="-95.88744649999998"><ele>31.3</ele><time>2025-12-04T22:33:08.000Z</time><extensions><gpxtpx:TrackPointExtension><gpxtpx:bearing>354.8</gpxtpx:bearing><gpxtpx:speed>19.05759</gpxtpx:speed></gpxtpx:TrackPointExtension></extensions><geoidheight>-23.9</geoidheight><src>gps</src><sat>17</sat><hdop>0.70</hdop><vdop>1.17</vdop><pdop>1.37</pdop><dgpsid>0000</dgpsid></trkpt>
<trkpt lat="29.549560333333336" lon="-95.88755616666667"><ele>32.0</ele><time>2025-12-04T22:33:14.000Z</time><extensions><gpxtpx:TrackPointExtension><gpxtpx:bearing>354.58</gpxtpx:bearing><gpxtpx:speed>18.188225</gpxtpx:speed></gpxtpx:TrackPointExtension></extensions><geoidheight>-23.9</geoidheight><src>gps</src><sat>17</sat><hdop>0.70</hdop><vdop>1.17</vdop><pdop>1.37</pdop><dgpsid>0000</dgpsid></trkpt>
<trkpt lat="29.55047516666667" lon="-95.88765666666669"><ele>32.8</ele><time>2025-12-04T22:33:20.000Z</time><extensions><gpxtpx:TrackPointExtension><gpxtpx:bearing>354.27</gpxtpx:bearing><gpxtpx:speed>15.719617</gpxtpx:speed></gpxtpx:TrackPointExtension></extensions><geoidheight>-23.9</geoidheight><src>gps</src><sat>17</sat><hdop>0.70</hdop><vdop>1.17</vdop><pdop>1.37</pdop><dgpsid>0000</dgpsid></trkpt>
<trkpt lat="29.55117416666667" lon="-95.88773533333332"><ele>32.9</ele><time>2025-12-04T22:33:26.000Z</time><extensions><gpxtpx:TrackPointExtension><gpxtpx:bearing>355.39</gpxtpx:bearing><gpxtpx:speed>10.664015</gpxtpx:speed></gpxtpx:TrackPointExtension></extensions><geoidheight>-23.9</geoidheight><src>gps</src><sat>17</sat><hdop>0.70</hdop><vdop>1.17</vdop><pdop>1.37</pdop><dgpsid>0000</dgpsid></trkpt>
<trkpt lat="29.551521333333334" lon="-95.88777583333334"><ele>33.2</ele><time>2025-12-04T22:33:32.000Z</time><extensions><gpxtpx:TrackPointExtension><gpxtpx:bearing>354.83</gpxtpx:bearing><gpxtpx:speed>2.6508195</gpxtpx:speed></gpxtpx:TrackPointExtension></extensions><geoidheight>-23.9</geoidheight><src>gps</src><sat>17</sat><hdop>0.70</hdop><vdop>1.17</vdop><pdop>1.37</pdop><dgpsid>0000</dgpsid></trkpt>
<trkpt lat="29.551578000000003" lon="-95.88778283333335"><ele>33.4</ele><time>2025-12-04T22:33:38.000Z</time><extensions><gpxtpx:TrackPointExtension><gpxtpx:bearing>354.37</gpxtpx:bearing><gpxtpx:speed>0.40354222</gpxtpx:speed></gpxtpx:TrackPointExtension></extensions><geoidheight>-23.9</geoidheight><src>gps</src><sat>17</sat><hdop>0.70</hdop><vdop>1.17</vdop><pdop>1.36</pdop><dgpsid>0000</dgpsid></trkpt>
<trkpt lat="29.551678833333334" lon="-95.887831"><ele>33.3</ele><time>2025-12-04T22:33:44.000Z</time><extensions><gpxtpx:TrackPointExtension><gpxtpx:bearing>324.72</gpxtpx:bearing><gpxtpx:speed>5.2671523</gpxtpx:speed></gpxtpx:TrackPointExtension></extensions><geoidheight>-23.9</geoidheight><src>gps</src><sat>17</sat><hdop>0.70</hdop><vdop>1.17</vdop><pdop>1.36</pdop><dgpsid>0000</dgpsid></trkpt>
<trkpt lat="29.551749333333337" lon="-95.8883615"><ele>34.2</ele><time>2025-12-04T22:33:50.000Z</time><extensions><gpxtpx:TrackPointExtension><gpxtpx:bearing>264.33</gpxtpx:bearing><gpxtpx:speed>11.908613</gpxtpx:speed></gpxtpx:TrackPointExtension></extensions><geoidheight>-23.9</geoidheight><src>gps</src><sat>17</sat><hdop>0.67</hdop><vdop>1.17</vdop><pdop>1.35</pdop><dgpsid>0000</dgpsid></trkpt>
<trkpt lat="29.5516615" lon="-95.88923816666666"><ele>35.7</ele><time>2025-12-04T22:33:56.000Z</time><extensions><gpxtpx:TrackPointExtension><gpxtpx:bearing>262.73</gpxtpx:bearing><gpxtpx:speed>16.17875</gpxtpx:speed></gpxtpx:TrackPointExtension></extensions><geoidheight>-23.9</geoidheight><src>gps</src><sat>17</sat><hdop>0.67</hdop><vdop>1.16</vdop><pdop>1.34</pdop><dgpsid>0000</dgpsid></trkpt>
<trkpt lat="29.551539000000002" lon="-95.89032350000001"><ele>37.0</ele><time>2025-12-04T22:34:02.000Z</time><extensions><gpxtpx:TrackPointExtension><gpxtpx:bearing>261.18</gpxtpx:bearing><gpxtpx:speed>18.980896</gpxtpx:speed></gpxtpx:TrackPointExtension></extensions><geoidheight>-23.9</geoidheight><src>gps</src><sat>17</sat><hdop>0.69</hdop><vdop>1.22</vdop><pdop>1.40</pdop><dgpsid>0000</dgpsid></trkpt>
<trkpt lat="29.551363833333333" lon="-95.89157250000001"><ele>38.0</ele><time>2025-12-04T22:34:08.000Z</time><extensions><gpxtpx:TrackPointExtension><gpxtpx:bearing>261.28</gpxtpx:bearing><gpxtpx:speed>21.47627</gpxtpx:speed></gpxtpx:TrackPointExtension></extensions><geoidheight>-23.9</geoidheight><src>gps</src><sat>17</sat><hdop>0.67</hdop><vdop>1.16</vdop><pdop>1.34</pdop><dgpsid>0000</dgpsid></trkpt>
<trkpt lat="29.551190166666668" lon="-95.89294733333332"><ele>38.3</ele><time>2025-12-04T22:34:14.000Z</time><extensions><gpxtpx:TrackPointExtension><gpxtpx:bearing>262.3</gpxtpx:bearing><gpxtpx:speed>23.36942</gpxtpx:speed></gpxtpx:TrackPointExtension></extensions><geoidheight>-23.9</geoidheight><src>gps</src><sat>17</sat><hdop>0.67</hdop><vdop>1.16</vdop><pdop>1.34</pdop><dgpsid>0000</dgpsid></trkpt>
<trkpt lat="29.551013333333337" lon="-95.89443000000001"><ele>38.9</ele><time>2025-12-04T22:34:20.000Z</time><extensions><gpxtpx:TrackPointExtension><gpxtpx:bearing>262.46</gpxtpx:bearing><gpxtpx:speed>24.8302</gpxtpx:speed></gpxtpx:TrackPointExtension></extensions><geoidheight>-23.9</geoidheight><src>gps</src><sat>17</sat><hdop>0.67</hdop><vdop>1.16</vdop><pdop>1.34</pdop><dgpsid>0000</dgpsid></trkpt>
<trkpt lat="29.550826500000003" lon="-95.89597466666667"><ele>39.2</ele><time>2025-12-04T22:34:26.000Z</time><extensions><gpxtpx:TrackPointExtension><gpxtpx:bearing>262.39</gpxtpx:bearing><gpxtpx:speed>25.660446</gpxtpx:speed></gpxtpx:TrackPointExtension></extensions><geoidheight>-23.9</geoidheight><src>gps</src><sat>17</sat><hdop>0.67</hdop><vdop>1.16</vdop><pdop>1.34</pdop><dgpsid>0000</dgpsid></trkpt>
<trkpt lat="29.550645166666662" lon="-95.89757666666668"><ele>39.4</ele><time>2025-12-04T22:34:32.000Z</time><extensions><gpxtpx:TrackPointExtension><gpxtpx:bearing>262.81</gpxtpx:bearing><gpxtpx:speed>26.478855</gpxtpx:speed></gpxtpx:TrackPointExtension></extensions><geoidheight>-23.9</geoidheight><src>gps</src><sat>17</sat><hdop>0.67</hdop><vdop>1.16</vdop><pdop>1.34</pdop><dgpsid>0000</dgpsid></trkpt>
<trkpt lat="29.550457833333333" lon="-95.8992065"><ele>39.4</ele><time>2025-12-04T22:34:38.000Z</time><extensions><gpxtpx:TrackPointExtension><gpxtpx:bearing>262.45</gpxtpx:bearing><gpxtpx:speed>26.666214</gpxtpx:speed></gpxtpx:TrackPointExtension></extensions><geoidheight>-23.9</geoidheight><src>gps</src><sat>17</sat><hdop>0.67</hdop><vdop>1.16</vdop><pdop>1.34</pdop><dgpsid>0000</dgpsid></trkpt>
<trkpt lat="29.55026816666667" lon="-95.9008305"><ele>39.3</ele><time>2025-12-04T22:34:44.000Z</time><extensions><gpxtpx:TrackPointExtension><gpxtpx:bearing>262.4</gpxtpx:bearing><gpxtpx:speed>26.442825</gpxtpx:speed></gpxtpx:TrackPointExtension></extensions><geoidheight>-23.9</geoidheight><src>gps</src><sat>17</sat><hdop>0.67</hdop><vdop>1.16</vdop><pdop>1.34</pdop><dgpsid>0000</dgpsid></trkpt>
<trkpt lat="29.550077333333334" lon="-95.90246016666667"><ele>39.1</ele><time>2025-12-04T22:34:50.000Z</time><extensions><gpxtpx:TrackPointExtension><gpxtpx:bearing>262.44</gpxtpx:bearing><gpxtpx:speed>26.506136</gpxtpx:speed></gpxtpx:TrackPointExtension></extensions><geoidheight>-23.9</geoidheight><src>gps</src><sat>17</sat><hdop>0.67</hdop><vdop>1.16</vdop><pdop>1.34</pdop><dgpsid>0000</dgpsid></trkpt>
<trkpt lat="29.549893833333332" lon="-95.90408316666665"><ele>39.1</ele><time>2025-12-04T22:34:56.000Z</time><extensions><gpxtpx:TrackPointExtension><gpxtpx:bearing>262.52</gpxtpx:bearing><gpxtpx:speed>26.342453</gpxtpx:speed></gpxtpx:TrackPointExtension></extensions><geoidheight>-23.9</geoidheight><src>gps</src><sat>17</sat><hdop>0.67</hdop><vdop>1.16</vdop><pdop>1.34</pdop><dgpsid>0000</dgpsid></trkpt>
<trkpt lat="29.549705333333335" lon="-95.90568416666669"><ele>38.8</ele><time>2025-12-04T22:35:02.000Z</time><extensions><gpxtpx:TrackPointExtension><gpxtpx:bearing>262.6</gpxtpx:bearing><gpxtpx:speed>25.98678</gpxtpx:speed></gpxtpx:TrackPointExtension></extensions><geoidheight>-23.9</geoidheight><src>gps</src><sat>17</sat><hdop>0.67</hdop><vdop>1.16</vdop><pdop>1.34</pdop><dgpsid>0000</dgpsid></trkpt>
<trkpt lat="29.549527166666667" lon="-95.90727999999999"><ele>38.2</ele><time>2025-12-04T22:35:08.000Z</time><extensions><gpxtpx:TrackPointExtension><gpxtpx:bearing>262.18</gpxtpx:bearing><gpxtpx:speed>26.2637</gpxtpx:speed></gpxtpx:TrackPointExtension></extensions><geoidheight>-23.9</geoidheight><src>gps</src><sat>17</sat><hdop>0.67</hdop><vdop>1.16</vdop><pdop>1.34</pdop><dgpsid>0000</dgpsid></trkpt>
<trkpt lat="29.549336499999995" lon="-95.90890966666666"><ele>37.8</ele><time>2025-12-04T22:35:14.000Z</time><extensions><gpxtpx:TrackPointExtension><gpxtpx:bearing>262.61</gpxtpx:bearing><gpxtpx:speed>26.756805</gpxtpx:speed></gpxtpx:TrackPointExtension></extensions><geoidheight>-23.9</geoidheight><src>gps</src><sat>17</sat><hdop>0.67</hdop><vdop>1.15</vdop><pdop>1.34</pdop><dgpsid>0000</dgpsid></trkpt>
<trkpt lat="29.5491495" lon="-95.91054416666665"><ele>38.4</ele><time>2025-12-04T22:35:20.000Z</time><extensions><gpxtpx:TrackPointExtension><gpxtpx:bearing>262.69</gpxtpx:bearing><gpxtpx:speed>26.712025</gpxtpx:speed></gpxtpx:TrackPointExtension></extensions><geoidheight>-23.9</geoidheight><src>gps</src><sat>17</sat><hdop>0.67</hdop><vdop>1.15</vdop><pdop>1.33</pdop><dgpsid>0000</dgpsid></trkpt>
<trkpt lat="29.548954499999997" lon="-95.91217499999999"><ele>38.1</ele><time>2025-12-04T22:35:26.000Z</time><extensions><gpxtpx:TrackPointExtension><gpxtpx:bearing>262.58</gpxtpx:bearing><gpxtpx:speed>26.51746</gpxtpx:speed></gpxtpx:TrackPointExtension></extensions><geoidheight>-23.9</geoidheight><src>gps</src><sat>17</sat><hdop>0.67</hdop><vdop>1.15</vdop><pdop>1.33</pdop><dgpsid>0000</dgpsid></trkpt>
<trkpt lat="29.54877183333333" lon="-95.913791"><ele>38.2</ele><time>2025-12-04T22:35:32.000Z</time><extensions><gpxtpx:TrackPointExtension><gpxtpx:bearing>262.95</gpxtpx:bearing><gpxtpx:speed>26.255981</gpxtpx:speed></gpxtpx:TrackPointExtension></extensions><geoidheight>-23.9</geoidheight><src>gps</src><sat>17</sat><hdop>0.67</hdop><vdop>1.15</vdop><pdop>1.33</pdop><dgpsid>0000</dgpsid></trkpt>
<trkpt lat="29.54858433333333" lon="-95.91538683333334"><ele>37.8</ele><time>2025-12-04T22:35:38.000Z</time><extensions><gpxtpx:TrackPointExtension><gpxtpx:bearing>261.88</gpxtpx:bearing><gpxtpx:speed>25.826187</gpxtpx:speed></gpxtpx:TrackPointExtension></extensions><geoidheight>-23.9</geoidheight><src>gps</src><sat>17</sat><hdop>0.67</hdop><vdop>1.15</vdop><pdop>1.33</pdop><dgpsid>0000</dgpsid></trkpt>
<trkpt lat="29.548402000000003" lon="-95.91699683333333"><ele>37.4</ele><time>2025-12-04T22:35:44.000Z</time><extensions><gpxtpx:TrackPointExtension><gpxtpx:bearing>262.65</gpxtpx:bearing><gpxtpx:speed>26.649742</gpxtpx:speed></gpxtpx:TrackPointExtension></extensions><geoidheight>-23.9</geoidheight><src>gps</src><sat>17</sat><hdop>0.67</hdop><vdop>1.15</vdop><pdop>1.33</pdop><dgpsid>0000</dgpsid></trkpt>
<trkpt lat="29.54820833333333" lon="-95.91863916666668"><ele>36.8</ele><time>2025-12-04T22:35:50.000Z</time><extensions><gpxtpx:TrackPointExtension><gpxtpx:bearing>262.01</gpxtpx:bearing><gpxtpx:speed>26.915854</gpxtpx:speed></gpxtpx:TrackPointExtension></extensions><geoidheight>-23.9</geoidheight><src>gps</src><sat>17</sat><hdop>0.67</hdop><vdop>1.15</vdop><pdop>1.33</pdop><dgpsid>0000</dgpsid></trkpt>
<trkpt lat="29.548022833333334" lon="-95.92029050000001"><ele>36.6</ele><time>2025-12-04T22:35:56.000Z</time><extensions><gpxtpx:TrackPointExtension><gpxtpx:bearing>262.8</gpxtpx:bearing><gpxtpx:speed>27.066668</gpxtpx:speed></gpxtpx:TrackPointExtension></extensions><geoidheight>-23.9</geoidheight><src>gps</src><sat>17</sat><hdop>0.67</hdop><vdop>1.15</vdop><pdop>1.33</pdop><dgpsid>0000</dgpsid></trkpt>
<trkpt lat="29.547835166666665" lon="-95.921959"><ele>36.4</ele><time>2025-12-04T22:36:02.000Z</time><extensions><gpxtpx:TrackPointExtension><gpxtpx:bearing>262.45</gpxtpx:bearing><gpxtpx:speed>27.363148</gpxtpx:speed></gpxtpx:TrackPointExtension></extensions><geoidheight>-23.9</geoidheight><src>gps</src><sat>17</sat><hdop>0.67</hdop><vdop>1.15</vdop><pdop>1.33</pdop><dgpsid>0000</dgpsid></trkpt>
<trkpt lat="29.547641833333333" lon="-95.92364266666667"><ele>35.9</ele><time>2025-12-04T22:36:08.000Z</time><extensions><gpxtpx:TrackPointExtension><gpxtpx:bearing>262.56</gpxtpx:bearing><gpxtpx:speed>27.531462</gpxtpx:speed></gpxtpx:TrackPointExtension></extensions><geoidheight>-23.9</geoidheight><src>gps</src><sat>17</sat><hdop>0.67</hdop><vdop>1.15</vdop><pdop>1.33</pdop><dgpsid>0000</dgpsid></trkpt>
<trkpt lat="29.547441499999998" lon="-95.92532533333333"><ele>36.0</ele><time>2025-12-04T22:36:14.000Z</time><extensions><gpxtpx:TrackPointExtension><gpxtpx:bearing>262.28</gpxtpx:bearing><gpxtpx:speed>27.374472</gpxtpx:speed></gpxtpx:TrackPointExtension></extensions><geoidheight>-23.9</geoidheight><src>gps</src><sat>17</sat><hdop>0.67</hdop><vdop>1.15</vdop><pdop>1.33</pdop><dgpsid>0000</dgpsid></trkpt>
<trkpt lat="29.547248833333335" lon="-95.9270105"><ele>35.8</ele><time>2025-12-04T22:36:20.000Z</time><extensions><gpxtpx:TrackPointExtension><gpxtpx:bearing>262.55</gpxtpx:bearing><gpxtpx:speed>27.575214</gpxtpx:speed></gpxtpx:TrackPointExtension></extensions><geoidheight>-23.9</geoidheight><src>gps</src><sat>17</sat><hdop>0.67</hdop><vdop>1.15</vdop><pdop>1.33</pdop><dgpsid>0000</dgpsid></trkpt>
<trkpt lat="29.547052666666666" lon="-95.92870616666666"><ele>35.2</ele><time>2025-12-04T22:36:26.000Z</time><extensions><gpxtpx:TrackPointExtension><gpxtpx:bearing>262.15</gpxtpx:bearing><gpxtpx:speed>27.598375</gpxtpx:speed></gpxtpx:TrackPointExtension></extensions><geoidheight>-23.9</geoidheight><src>gps</src><sat>17</sat><hdop>0.67</hdop><vdop>1.14</vdop><pdop>1.33</pdop><dgpsid>0000</dgpsid></trkpt>
<trkpt lat="29.54686033333333" lon="-95.93039883333334"><ele>34.4</ele><time>2025-12-04T22:36:32.000Z</time><extensions><gpxtpx:TrackPointExtension><gpxtpx:bearing>262.88</gpxtpx:bearing><gpxtpx:speed>27.536095</gpxtpx:speed></gpxtpx:TrackPointExtension></extensions><geoidheight>-23.9</geoidheight><src>gps</src><sat>17</sat><hdop>0.67</hdop><vdop>1.14</vdop><pdop>1.33</pdop><dgpsid>0000</dgpsid></trkpt>
<trkpt lat="29.546670166666665" lon="-95.93209999999999"><ele>34.3</ele><time>2025-12-04T22:36:38.000Z</time><extensions><gpxtpx:TrackPointExtension><gpxtpx:bearing>262.67</gpxtpx:bearing><gpxtpx:speed>27.76772</gpxtpx:speed></gpxtpx:TrackPointExtension></extensions><geoidheight>-23.9</geoidheight><src>gps</src><sat>17</sat><hdop>0.67</hdop><vdop>1.14</vdop><pdop>1.33</pdop><dgpsid>0000</dgpsid></trkpt>
<trkpt lat="29.546475666666666" lon="-95.93380483333334"><ele>34.3</ele><time>2025-12-04T22:36:44.000Z</time><extensions><gpxtpx:TrackPointExtension><gpxtpx:bearing>263.02</gpxtpx:bearing><gpxtpx:speed>28.00861</gpxtpx:speed></gpxtpx:TrackPointExtension></extensions><geoidheight>-23.9</geoidheight><src>gps</src><sat>17</sat><hdop>0.67</hdop><vdop>1.14</vdop><pdop>1.32</pdop><dgpsid>0000</dgpsid></trkpt>
<trkpt lat="29.54627833333333" lon="-95.93553983333335"><ele>33.9</ele><time>2025-12-04T22:36:50.000Z</time><extensions><gpxtpx:TrackPointExtension><gpxtpx:bearing>262.9</gpxtpx:bearing><gpxtpx:speed>28.534657</gpxtpx:speed></gpxtpx:TrackPointExtension></extensions><geoidheight>-23.9</geoidheight><src>gps</src><sat>17</sat><hdop>0.67</hdop><vdop>1.14</vdop><pdop>1.32</pdop><dgpsid>0000</dgpsid></trkpt>
<trkpt lat="29.546079833333337" lon="-95.93729266666666"><ele>33.6</ele><time>2025-12-04T22:36:56.000Z</time><extensions><gpxtpx:TrackPointExtension><gpxtpx:bearing>262.62</gpxtpx:bearing><gpxtpx:speed>28.38796</gpxtpx:speed></gpxtpx:TrackPointExtension></extensions><geoidheight>-23.9</geoidheight><src>gps</src><sat>17</sat><hdop>0.67</hdop><vdop>1.14</vdop><pdop>1.32</pdop><dgpsid>0000</dgpsid></trkpt>
<trkpt lat="29.5458825" lon="-95.93901966666665"><ele>34.2</ele><time>2025-12-04T22:37:02.000Z</time><extensions><gpxtpx:TrackPointExtension><gpxtpx:bearing>262.52</gpxtpx:bearing><gpxtpx:speed>28.02714</gpxtpx:speed></gpxtpx:TrackPointExtension></extensions><geoidheight>-23.9</geoidheight><src>gps</src><sat>17</sat><hdop>0.67</hdop><vdop>1.14</vdop><pdop>1.32</pdop><dgpsid>0000</dgpsid></trkpt>
<trkpt lat="29.545682499999998" lon="-95.94075166666669"><ele>33.7</ele><time>2025-12-04T22:37:08.000Z</time><extensions><gpxtpx:TrackPointExtension><gpxtpx:bearing>262.82</gpxtpx:bearing><gpxtpx:speed>28.3509</gpxtpx:speed></gpxtpx:TrackPointExtension></extensions><geoidheight>-23.9</geoidheight><src>gps</src><sat>17</sat><hdop>0.67</hdop><vdop>1.14</vdop><pdop>1.32</pdop><dgpsid>0000</dgpsid></trkpt>
<trkpt lat="29.545485833333334" lon="-95.94248683333332"><ele>33.8</ele><time>2025-12-04T22:37:14.000Z</time><extensions><gpxtpx:TrackPointExtension><gpxtpx:bearing>262.53</gpxtpx:bearing><gpxtpx:speed>28.088907</gpxtpx:speed></gpxtpx:TrackPointExtension></extensions><geoidheight>-23.9</geoidheight><src>gps</src><sat>17</sat><hdop>0.67</hdop><vdop>1.14</vdop><pdop>1.32</pdop><dgpsid>0000</dgpsid></trkpt>
<trkpt lat="29.5452895" lon="-95.94419733333334"><ele>33.6</ele><time>2025-12-04T22:37:20.000Z</time><extensions><gpxtpx:TrackPointExtension><gpxtpx:bearing>262.71</gpxtpx:bearing><gpxtpx:speed>27.789337</gpxtpx:speed></gpxtpx:TrackPointExtension></extensions><geoidheight>-23.9</geoidheight><src>gps</src><sat>17</sat><hdop>0.67</hdop><vdop>1.14</vdop><pdop>1.32</pdop><dgpsid>0000</dgpsid></trkpt>
<trkpt lat="29.545092999999998" lon="-95.94590583333333"><ele>33.6</ele><time>2025-12-04T22:37:26.000Z</time><extensions><gpxtpx:TrackPointExtension><gpxtpx:bearing>262.64</gpxtpx:bearing><gpxtpx:speed>27.824854</gpxtpx:speed></gpxtpx:TrackPointExtension></extensions><geoidheight>-23.9</geoidheight><src>gps</src><sat>17</sat><hdop>0.67</hdop><vdop>1.14</vdop><pdop>1.32</pdop><dgpsid>0000</dgpsid></trkpt>
<trkpt lat="29.544896666666666" lon="-95.94761250000002"><ele>33.0</ele><time>2025-12-04T22:37:32.000Z</time><extensions><gpxtpx:TrackPointExtension><gpxtpx:bearing>262.48</gpxtpx:bearing><gpxtpx:speed>27.643156</gpxtpx:speed></gpxtpx:TrackPointExtension></extensions><geoidheight>-23.9</geoidheight><src>gps</src><sat>17</sat><hdop>0.67</hdop><vdop>1.13</vdop><pdop>1.32</pdop><dgpsid>0000</dgpsid></trkpt>
<trkpt lat="29.544708" lon="-95.94929116666665"><ele>33.5</ele><time>2025-12-04T22:37:38.000Z</time><extensions><gpxtpx:TrackPointExtension><gpxtpx:bearing>262.92</gpxtpx:bearing><gpxtpx:speed>27.272556</gpxtpx:speed></gpxtpx:TrackPointExtension></extensions><geoidheight>-23.9</geoidheight><src>gps</src><sat>17</sat><hdop>0.67</hdop><vdop>1.13</vdop><pdop>1.32</pdop><dgpsid>0000</dgpsid></trkpt>
<trkpt lat="29.544517166666665" lon="-95.95097716666666"><ele>33.6</ele><time>2025-12-04T22:37:44.000Z</time><extensions><gpxtpx:TrackPointExtension><gpxtpx:bearing>262.37</gpxtpx:bearing><gpxtpx:speed>27.614847</gpxtpx:speed></gpxtpx:TrackPointExtension></extensions><geoidheight>-23.9</geoidheight><src>gps</src><sat>17</sat><hdop>0.67</hdop><vdop>1.13</vdop><pdop>1.32</pdop><dgpsid>0000</dgpsid></trkpt>
<trkpt lat="29.54431983333333" lon="-95.95267666666665"><ele>33.6</ele><time>2025-12-04T22:37:50.000Z</time><extensions><gpxtpx:TrackPointExtension><gpxtpx:bearing>262.56</gpxtpx:bearing><gpxtpx:speed>27.764116</gpxtpx:speed></gpxtpx:TrackPointExtension></extensions><geoidheight>-23.9</geoidheight><src>gps</src><sat>17</sat><hdop>0.67</hdop><vdop>1.13</vdop><pdop>1.32</pdop><dgpsid>0000</dgpsid></trkpt>
<trkpt lat="29.5441265" lon="-95.95440599999999"><ele>33.4</ele><time>2025-12-04T22:37:56.000Z</time><extensions><gpxtpx:TrackPointExtension><gpxtpx:bearing>262.82</gpxtpx:bearing><gpxtpx:speed>28.41833</gpxtpx:speed></gpxtpx:TrackPointExtension></extensions><geoidheight>-23.9</geoidheight><src>gps</src><sat>17</sat><hdop>0.67</hdop><vdop>1.13</vdop><pdop>1.32</pdop><dgpsid>0000</dgpsid></trkpt>
<trkpt lat="29.54392866666667" lon="-95.95615683333332"><ele>33.3</ele><time>2025-12-04T22:38:02.000Z</time><extensions><gpxtpx:TrackPointExtension><gpxtpx:bearing>262.54</gpxtpx:bearing><gpxtpx:speed>28.577377</gpxtpx:speed></gpxtpx:TrackPointExtension></extensions><geoidheight>-23.9</geoidheight><src>gps</src><sat>17</sat><hdop>0.67</hdop><vdop>1.13</vdop><pdop>1.31</pdop><dgpsid>0000</dgpsid></trkpt>
<trkpt lat="29.5437325" lon="-95.95785633333335"><ele>32.6</ele><time>2025-12-04T22:38:08.000Z</time><extensions><gpxtpx:TrackPointExtension><gpxtpx:bearing>262.57</gpxtpx:bearing><gpxtpx:speed>27.115051</gpxtpx:speed></gpxtpx:TrackPointExtension></extensions><geoidheight>-23.9</geoidheight><src>gps</src><sat>17</sat><hdop>0.67</hdop><vdop>1.13</vdop><pdop>1.31</pdop><dgpsid>0000</dgpsid></trkpt>
<trkpt lat="29.543545166666664" lon="-95.95953650000001"><ele>33.5</ele><time>2025-12-04T22:38:14.000Z</time><extensions><gpxtpx:TrackPointExtension><gpxtpx:bearing>262.82</gpxtpx:bearing><gpxtpx:speed>27.73066</gpxtpx:speed></gpxtpx:TrackPointExtension></extensions><geoidheight>-23.9</geoidheight><src>gps</src><sat>17</sat><hdop>0.67</hdop><vdop>1.13</vdop><pdop>1.31</pdop><dgpsid>0000</dgpsid></trkpt>
<trkpt lat="29.543353000000003" lon="-95.96125133333335"><ele>33.7</ele><time>2025-12-04T22:38:20.000Z</time><extensions><gpxtpx:TrackPointExtension><gpxtpx:bearing>262.09</gpxtpx:bearing><gpxtpx:speed>28.09148</gpxtpx:speed></gpxtpx:TrackPointExtension></extensions><geoidheight>-23.9</geoidheight><src>gps</src><sat>17</sat><hdop>0.67</hdop><vdop>1.13</vdop><pdop>1.31</pdop><dgpsid>0000</dgpsid></trkpt>
<trkpt lat="29.54316216666667" lon="-95.96297383333334"><ele>33.3</ele><time>2025-12-04T22:38:26.000Z</time><extensions><gpxtpx:TrackPointExtension><gpxtpx:bearing>262.69</gpxtpx:bearing><gpxtpx:speed>27.9803</gpxtpx:speed></gpxtpx:TrackPointExtension></extensions><geoidheight>-23.9</geoidheight><src>gps</src><sat>17</sat><hdop>0.67</hdop><vdop>1.13</vdop><pdop>1.31</pdop><dgpsid>0000</dgpsid></trkpt>
<trkpt lat="29.542967166666667" lon="-95.96468883333334"><ele>33.6</ele><time>2025-12-04T22:38:32.000Z</time><extensions><gpxtpx:TrackPointExtension><gpxtpx:bearing>262.78</gpxtpx:bearing><gpxtpx:speed>27.91596</gpxtpx:speed></gpxtpx:TrackPointExtension></extensions><geoidheight>-23.9</geoidheight><src>gps</src><sat>17</sat><hdop>0.67</hdop><vdop>1.13</vdop><pdop>1.31</pdop><dgpsid>0000</dgpsid></trkpt>
<trkpt lat="29.542783" lon="-95.96639850000001"><ele>34.2</ele><time>2025-12-04T22:38:38.000Z</time><extensions><gpxtpx:TrackPointExtension><gpxtpx:bearing>263.1</gpxtpx:bearing><gpxtpx:speed>27.815588</gpxtpx:speed></gpxtpx:TrackPointExtension></extensions><geoidheight>-23.9</geoidheight><src>gps</src><sat>17</sat><hdop>0.67</hdop><vdop>1.13</vdop><pdop>1.31</pdop><dgpsid>0000</dgpsid></trkpt>
<trkpt lat="29.542601833333332" lon="-95.96809933333334"><ele>34.7</ele><time>2025-12-04T22:38:44.000Z</time><extensions><gpxtpx:TrackPointExtension><gpxtpx:bearing>263.22</gpxtpx:bearing><gpxtpx:speed>27.517565</gpxtpx:speed></gpxtpx:TrackPointExtension></extensions><geoidheight>-23.9</geoidheight><src>gps</src><sat>17</sat><hdop>0.67</hdop><vdop>1.12</vdop><pdop>1.31</pdop><dgpsid>0000</dgpsid></trkpt>
<trkpt lat="29.54241866666667" lon="-95.96977083333334"><ele>35.7</ele><time>2025-12-04T22:38:50.000Z</time><extensions><gpxtpx:TrackPointExtension><gpxtpx:bearing>262.45</gpxtpx:bearing><gpxtpx:speed>27.133581</gpxtpx:speed></gpxtpx:TrackPointExtension></extensions><geoidheight>-23.9</geoidheight><src>gps</src><sat>17</sat><hdop>0.67</hdop><vdop>1.12</vdop><pdop>1.31</pdop><dgpsid>0000</dgpsid></trkpt>
<trkpt lat="29.542224" lon="-95.97143716666666"><ele>35.5</ele><time>2025-12-04T22:38:56.000Z</time><extensions><gpxtpx:TrackPointExtension><gpxtpx:bearing>261.83</gpxtpx:bearing><gpxtpx:speed>27.207188</gpxtpx:speed></gpxtpx:TrackPointExtension></extensions><geoidheight>-23.9</geoidheight><src>gps</src><sat>17</sat><hdop>0.67</hdop><vdop>1.12</vdop><pdop>1.31</pdop><dgpsid>0000</dgpsid></trkpt>
<trkpt lat="29.542026000000003" lon="-95.9731065"><ele>35.4</ele><time>2025-12-04T22:39:02.000Z</time><extensions><gpxtpx:TrackPointExtension><gpxtpx:bearing>262.76</gpxtpx:bearing><gpxtpx:speed>27.283365</gpxtpx:speed></gpxtpx:TrackPointExtension></extensions><geoidheight>-23.9</geoidheight><src>gps</src><sat>17</sat><hdop>0.67</hdop><vdop>1.12</vdop><pdop>1.31</pdop><dgpsid>0000</dgpsid></trkpt>
<trkpt lat="29.54183983333333" lon="-95.97479166666666"><ele>35.7</ele><time>2025-12-04T22:39:08.000Z</time><extensions><gpxtpx:TrackPointExtension><gpxtpx:bearing>262.68</gpxtpx:bearing><gpxtpx:speed>27.82228</gpxtpx:speed></gpxtpx:TrackPointExtension></extensions><geoidheight>-23.9</geoidheight><src>gps</src><sat>17</sat><hdop>0.67</hdop><vdop>1.12</vdop><pdop>1.31</pdop><dgpsid>0000</dgpsid></trkpt>
<trkpt lat="29.541649" lon="-95.97651833333333"><ele>36.2</ele><time>2025-12-04T22:39:14.000Z</time><extensions><gpxtpx:TrackPointExtension><gpxtpx:bearing>262.94</gpxtpx:bearing><gpxtpx:speed>28.366856</gpxtpx:speed></gpxtpx:TrackPointExtension></extensions><geoidheight>-23.9</geoidheight><src>gps</src><sat>17</sat><hdop>0.67</hdop><vdop>1.12</vdop><pdop>1.31</pdop><dgpsid>0000</dgpsid></trkpt>
<trkpt lat="29.541456833333335" lon="-95.97826633333334"><ele>36.7</ele><time>2025-12-04T22:39:20.000Z</time><extensions><gpxtpx:TrackPointExtension><gpxtpx:bearing>262.72</gpxtpx:bearing><gpxtpx:speed>28.558332</gpxtpx:speed></gpxtpx:TrackPointExtension></extensions><geoidheight>-23.9</geoidheight><src>gps</src><sat>17</sat><hdop>0.67</hdop><vdop>1.12</vdop><pdop>1.30</pdop><dgpsid>0000</dgpsid></trkpt>
<trkpt lat="29.541262333333332" lon="-95.98001916666665"><ele>37.1</ele><time>2025-12-04T22:39:26.000Z</time><extensions><gpxtpx:TrackPointExtension><gpxtpx:bearing>262.42</gpxtpx:bearing><gpxtpx:speed>28.61032</gpxtpx:speed></gpxtpx:TrackPointExtension></extensions><geoidheight>-23.9</geoidheight><src>gps</src><sat>17</sat><hdop>0.67</hdop><vdop>1.12</vdop><pdop>1.30</pdop><dgpsid>0000</dgpsid></trkpt>
<trkpt lat="29.5410625" lon="-95.98176566666667"><ele>36.5</ele><time>2025-12-04T22:39:32.000Z</time><extensions><gpxtpx:TrackPointExtension><gpxtpx:bearing>263.14</gpxtpx:bearing><gpxtpx:speed>28.286045</gpxtpx:speed></gpxtpx:TrackPointExtension></extensions><geoidheight>-23.9</geoidheight><src>gps</src><sat>17</sat><hdop>0.67</hdop><vdop>1.12</vdop><pdop>1.30</pdop><dgpsid>0000</dgpsid></trkpt>
<trkpt lat="29.54087" lon="-95.98349166666667"><ele>37.2</ele><time>2025-12-04T22:39:38.000Z</time><extensions><gpxtpx:TrackPointExtension><gpxtpx:bearing>262.57</gpxtpx:bearing><gpxtpx:speed>27.734262</gpxtpx:speed></gpxtpx:TrackPointExtension></extensions><geoidheight>-23.9</geoidheight><src>gps</src><sat>17</sat><hdop>0.67</hdop><vdop>1.12</vdop><pdop>1.30</pdop><dgpsid>0000</dgpsid></trkpt>
<trkpt lat="29.540682500000003" lon="-95.985171"><ele>36.5</ele><time>2025-12-04T22:39:44.000Z</time><extensions><gpxtpx:TrackPointExtension><gpxtpx:bearing>262.58</gpxtpx:bearing><gpxtpx:speed>26.859236</gpxtpx:speed></gpxtpx:TrackPointExtension></extensions><geoidheight>-23.9</geoidheight><src>gps</src><sat>17</sat><hdop>0.67</hdop><vdop>1.12</vdop><pdop>1.30</pdop><dgpsid>0000</dgpsid></trkpt>
<trkpt lat="29.54050216666667" lon="-95.98677666666666"><ele>36.8</ele><time>2025-12-04T22:39:50.000Z</time><extensions><gpxtpx:TrackPointExtension><gpxtpx:bearing>262.62</gpxtpx:bearing><gpxtpx:speed>25.411837</gpxtpx:speed></gpxtpx:TrackPointExtension></extensions><geoidheight>-23.9</geoidheight><src>gps</src><sat>17</sat><hdop>0.67</hdop><vdop>1.11</vdop><pdop>1.30</pdop><dgpsid>0000</dgpsid></trkpt>
<trkpt lat="29.540329333333336" lon="-95.98831666666668"><ele>36.4</ele><time>2025-12-04T22:39:56.000Z</time><extensions><gpxtpx:TrackPointExtension><gpxtpx:bearing>262.89</gpxtpx:bearing><gpxtpx:speed>24.83123</gpxtpx:speed></gpxtpx:TrackPointExtension></extensions><geoidheight>-23.9</geoidheight><src>gps</src><sat>17</sat><hdop>0.67</hdop><vdop>1.11</vdop><pdop>1.30</pdop><dgpsid>0000</dgpsid></trkpt>
<trkpt lat="29.540161166666667" lon="-95.98984066666665"><ele>36.3</ele><time>2025-12-04T22:40:02.000Z</time><extensions><gpxtpx:TrackPointExtension><gpxtpx:bearing>262.42</gpxtpx:bearing><gpxtpx:speed>25.031456</gpxtpx:speed></gpxtpx:TrackPointExtension></extensions><geoidheight>-23.9</geoidheight><src>gps</src><sat>17</sat><hdop>0.67</hdop><vdop>1.11</vdop><pdop>1.30</pdop><dgpsid>0000</dgpsid></trkpt>
<trkpt lat="29.53998616666667" lon="-95.99140516666667"><ele>36.6</ele><time>2025-12-04T22:40:08.000Z</time><extensions><gpxtpx:TrackPointExtension><gpxtpx:bearing>262.92</gpxtpx:bearing><gpxtpx:speed>25.777803</gpxtpx:speed></gpxtpx:TrackPointExtension></extensions><geoidheight>-23.9</geoidheight><src>gps</src><sat>17</sat><hdop>0.67</hdop><vdop>1.11</vdop><pdop>1.30</pdop><dgpsid>0000</dgpsid></trkpt>
<trkpt lat="29.539813333333335" lon="-95.9930085"><ele>36.9</ele><time>2025-12-04T22:40:14.000Z</time><extensions><gpxtpx:TrackPointExtension><gpxtpx:bearing>262.9</gpxtpx:bearing><gpxtpx:speed>26.276054</gpxtpx:speed></gpxtpx:TrackPointExtension></extensions><geoidheight>-23.9</geoidheight><src>gps</src><sat>17</sat><hdop>0.67</hdop><vdop>1.11</vdop><pdop>1.30</pdop><dgpsid>0000</dgpsid></trkpt>
<trkpt lat="29.539634" lon="-95.99462866666666"><ele>37.6</ele><time>2025-12-04T22:40:20.000Z</time><extensions><gpxtpx:TrackPointExtension><gpxtpx:bearing>262.27</gpxtpx:bearing><gpxtpx:speed>26.534445</gpxtpx:speed></gpxtpx:TrackPointExtension></extensions><geoidheight>-23.9</geoidheight><src>gps</src><sat>16</sat><hdop>0.73</hdop><vdop>1.19</vdop><pdop>1.39</pdop><dgpsid>0000</dgpsid></trkpt>
<trkpt lat="29.539448500000002" lon="-95.99627266666667"><ele>37.8</ele><time>2025-12-04T22:40:26.000Z</time><extensions><gpxtpx:TrackPointExtension><gpxtpx:bearing>263.0</gpxtpx:bearing><gpxtpx:speed>26.875706</gpxtpx:speed></gpxtpx:TrackPointExtension></extensions><geoidheight>-23.9</geoidheight><src>gps</src><sat>16</sat><hdop>0.73</hdop><vdop>1.19</vdop><pdop>1.39</pdop><dgpsid>0000</dgpsid></trkpt>
<trkpt lat="29.539268500000002" lon="-95.99793650000001"><ele>38.2</ele><time>2025-12-04T22:40:32.000Z</time><extensions><gpxtpx:TrackPointExtension><gpxtpx:bearing>262.71</gpxtpx:bearing><gpxtpx:speed>27.325573</gpxtpx:speed></gpxtpx:TrackPointExtension></extensions><geoidheight>-23.9</geoidheight><src>gps</src><sat>17</sat><hdop>0.64</hdop><vdop>0.96</vdop><pdop>1.15</pdop><dgpsid>0000</dgpsid></trkpt>
<trkpt lat="29.539076500000004" lon="-95.99962733333332"><ele>37.9</ele><time>2025-12-04T22:40:38.000Z</time><extensions><gpxtpx:TrackPointExtension><gpxtpx:bearing>262.34</gpxtpx:bearing><gpxtpx:speed>27.770807</gpxtpx:speed></gpxtpx:TrackPointExtension></extensions><geoidheight>-23.9</geoidheight><src>gps</src><sat>17</sat><hdop>0.64</hdop><vdop>0.96</vdop><pdop>1.15</pdop><dgpsid>0000</dgpsid></trkpt>
<trkpt lat="29.53888833333333" lon="-96.00135566666668"><ele>38.5</ele><time>2025-12-04T22:40:44.000Z</time><extensions><gpxtpx:TrackPointExtension><gpxtpx:bearing>262.41</gpxtpx:bearing><gpxtpx:speed>28.463625</gpxtpx:speed></gpxtpx:TrackPointExtension></extensions><geoidheight>-23.9</geoidheight><src>gps</src><sat>16</sat><hdop>0.68</hdop><vdop>1.04</vdop><pdop>1.24</pdop><dgpsid>0000</dgpsid></trkpt>
<trkpt lat="29.538690499999998" lon="-96.00311549999999"><ele>38.8</ele><time>2025-12-04T22:40:50.000Z</time><extensions><gpxtpx:TrackPointExtension><gpxtpx:bearing>262.88</gpxtpx:bearing><gpxtpx:speed>28.825474</gpxtpx:speed></gpxtpx:TrackPointExtension></extensions><geoidheight>-23.9</geoidheight><src>gps</src><sat>17</sat><hdop>0.68</hdop><vdop>1.04</vdop><pdop>1.24</pdop><dgpsid>0000</dgpsid></trkpt>
<trkpt lat="29.538496499999997" lon="-96.00488783333334"><ele>39.3</ele><time>2025-12-04T22:40:56.000Z</time><extensions><gpxtpx:TrackPointExtension><gpxtpx:bearing>262.41</gpxtpx:bearing><gpxtpx:speed>28.812092</gpxtpx:speed></gpxtpx:TrackPointExtension></extensions><geoidheight>-23.9</geoidheight><src>gps</src><sat>16</sat><hdop>0.68</hdop><vdop>1.04</vdop><pdop>1.24</pdop><dgpsid>0000</dgpsid></trkpt>
<trkpt lat="29.538292666666667" lon="-96.00666683333333"><ele>39.5</ele><time>2025-12-04T22:41:02.000Z</time><extensions><gpxtpx:TrackPointExtension><gpxtpx:bearing>262.63</gpxtpx:bearing><gpxtpx:speed>29.120924</gpxtpx:speed></gpxtpx:TrackPointExtension></extensions><geoidheight>-23.9</geoidheight><src>gps</src><sat>17</sat><hdop>0.64</hdop><vdop>0.96</vdop><pdop>1.15</pdop><dgpsid>0000</dgpsid></trkpt>
<trkpt lat="29.538103833333334" lon="-96.00845866666666"><ele>39.3</ele><time>2025-12-04T22:41:08.000Z</time><extensions><gpxtpx:TrackPointExtension><gpxtpx:bearing>263.42</gpxtpx:bearing><gpxtpx:speed>29.129675</gpxtpx:speed></gpxtpx:TrackPointExtension></extensions><geoidheight>-23.9</geoidheight><src>gps</src><sat>17</sat><hdop>0.64</hdop><vdop>0.96</vdop><pdop>1.15</pdop><dgpsid>0000</dgpsid></trkpt>
<trkpt lat="29.537914333333333" lon="-96.01023266666668"><ele>39.4</ele><time>2025-12-04T22:41:14.000Z</time><extensions><gpxtpx:TrackPointExtension><gpxtpx:bearing>262.79</gpxtpx:bearing><gpxtpx:speed>28.647894</gpxtpx:speed></gpxtpx:TrackPointExtension></extensions><geoidheight>-23.9</geoidheight><src>gps</src><sat>17</sat><hdop>0.64</hdop><vdop>0.96</vdop><pdop>1.15</pdop><dgpsid>0000</dgpsid></trkpt>
<trkpt lat="29.53771766666667" lon="-96.01198799999999"><ele>39.4</ele><time>2025-12-04T22:41:20.000Z</time><extensions><gpxtpx:TrackPointExtension><gpxtpx:bearing>261.83</gpxtpx:bearing><gpxtpx:speed>28.606203</gpxtpx:speed></gpxtpx:TrackPointExtension></extensions><geoidheight>-23.9</geoidheight><src>gps</src><sat>17</sat><hdop>0.64</hdop><vdop>0.96</vdop><pdop>1.15</pdop><dgpsid>0000</dgpsid></trkpt>
<trkpt lat="29.537505333333335" lon="-96.01374766666667"><ele>39.1</ele><time>2025-12-04T22:41:26.000Z</time><extensions><gpxtpx:TrackPointExtension><gpxtpx:bearing>262.6</gpxtpx:bearing><gpxtpx:speed>28.87952</gpxtpx:speed></gpxtpx:TrackPointExtension></extensions><geoidheight>-23.9</geoidheight><src>gps</src><sat>17</sat><hdop>0.64</hdop><vdop>0.96</vdop><pdop>1.15</pdop><dgpsid>0000</dgpsid></trkpt>
<trkpt lat="29.53730933333333" lon="-96.01553666666665"><ele>39.2</ele><time>2025-12-04T22:41:32.000Z</time><extensions><gpxtpx:TrackPointExtension><gpxtpx:bearing>263.16</gpxtpx:bearing><gpxtpx:speed>29.234163</gpxtpx:speed></gpxtpx:TrackPointExtension></extensions><geoidheight>-23.9</geoidheight><src>gps</src><sat>17</sat><hdop>0.64</hdop><vdop>0.95</vdop><pdop>1.15</pdop><dgpsid>0000</dgpsid></trkpt>
<trkpt lat="29.537109666666666" lon="-96.01733566666665"><ele>39.5</ele><time>2025-12-04T22:41:38.000Z</time><extensions><gpxtpx:TrackPointExtension><gpxtpx:bearing>262.69</gpxtpx:bearing><gpxtpx:speed>29.210485</gpxtpx:speed></gpxtpx:TrackPointExtension></extensions><geoidheight>-23.9</geoidheight><src>gps</src><sat>17</sat><hdop>0.64</hdop><vdop>0.95</vdop><pdop>1.15</pdop><dgpsid>0000</dgpsid></trkpt>
<trkpt lat="29.536908499999996" lon="-96.01912733333332"><ele>39.7</ele><time>2025-12-04T22:41:44.000Z</time><extensions><gpxtpx:TrackPointExtension><gpxtpx:bearing>262.85</gpxtpx:bearing><gpxtpx:speed>29.225412</gpxtpx:speed></gpxtpx:TrackPointExtension></extensions><geoidheight>-23.9</geoidheight><src>gps</src><sat>17</sat><hdop>0.64</hdop><vdop>0.95</vdop><pdop>1.15</pdop><dgpsid>0000</dgpsid></trkpt>
<trkpt lat="29.536711" lon="-96.02093766666667"><ele>39.9</ele><time>2025-12-04T22:41:50.000Z</time><extensions><gpxtpx:TrackPointExtension><gpxtpx:bearing>262.85</gpxtpx:bearing><gpxtpx:speed>29.680943</gpxtpx:speed></gpxtpx:TrackPointExtension></extensions><geoidheight>-23.9</geoidheight><src>gps</src><sat>17</sat><hdop>0.64</hdop><vdop>0.95</vdop><pdop>1.15</pdop><dgpsid>0000</dgpsid></trkpt>
<trkpt lat="29.536508333333337" lon="-96.02276983333334"><ele>39.4</ele><time>2025-12-04T22:41:56.000Z</time><extensions><gpxtpx:TrackPointExtension><gpxtpx:bearing>262.93</gpxtpx:bearing><gpxtpx:speed>30.037645</gpxtpx:speed></gpxtpx:TrackPointExtension></extensions><geoidheight>-23.8</geoidheight><src>gps</src><sat>17</sat><hdop>0.64</hdop><vdop>0.95</vdop><pdop>1.15</pdop><dgpsid>0000</dgpsid></trkpt>
<trkpt lat="29.536300166666667" lon="-96.0246125"><ele>39.2</ele><time>2025-12-04T22:42:02.000Z</time><extensions><gpxtpx:TrackPointExtension><gpxtpx:bearing>262.29</gpxtpx:bearing><gpxtpx:speed>29.786976</gpxtpx:speed></gpxtpx:TrackPointExtension></extensions><geoidheight>-23.8</geoidheight><src>gps</src><sat>18</sat><hdop>0.59</hdop><vdop>0.87</vdop><pdop>1.05</pdop><dgpsid>0000</dgpsid></trkpt>
<trkpt lat="29.536096166666667" lon="-96.026441"><ele>40.0</ele><time>2025-12-04T22:42:08.000Z</time><extensions><gpxtpx:TrackPointExtension><gpxtpx:bearing>262.35</gpxtpx:bearing><gpxtpx:speed>29.862638</gpxtpx:speed></gpxtpx:TrackPointExtension></extensions><geoidheight>-23.8</geoidheight><src>gps</src><sat>18</sat><hdop>0.59</hdop><vdop>0.87</vdop><pdop>1.05</pdop><dgpsid>0000</dgpsid></trkpt>
<trkpt lat="29.535891833333334" lon="-96.02828316666667"><ele>40.2</ele><time>2025-12-04T22:42:14.000Z</time><extensions><gpxtpx:TrackPointExtension><gpxtpx:bearing>262.84</gpxtpx:bearing><gpxtpx:speed>30.104044</gpxtpx:speed></gpxtpx:TrackPointExtension></extensions><geoidheight>-23.8</geoidheight><src>gps</src><sat>18</sat><hdop>0.59</hdop><vdop>0.87</vdop><pdop>1.05</pdop><dgpsid>0000</dgpsid></trkpt>
<trkpt lat="29.535682166666668" lon="-96.03013283333333"><ele>40.3</ele><time>2025-12-04T22:42:20.000Z</time><extensions><gpxtpx:TrackPointExtension><gpxtpx:bearing>262.45</gpxtpx:bearing><gpxtpx:speed>30.141619</gpxtpx:speed></gpxtpx:TrackPointExtension></extensions><geoidheight>-23.8</geoidheight><src>gps</src><sat>17</sat><hdop>0.61</hdop><vdop>0.91</vdop><pdop>1.10</pdop><dgpsid>0000</dgpsid></trkpt>
<trkpt lat="29.535476000000003" lon="-96.03198483333333"><ele>40.1</ele><time>2025-12-04T22:42:26.000Z</time><extensions><gpxtpx:TrackPointExtension><gpxtpx:bearing>262.53</gpxtpx:bearing><gpxtpx:speed>30.22243</gpxtpx:speed></gpxtpx:TrackPointExtension></extensions><geoidheight>-23.8</geoidheight><src>gps</src><sat>17</sat><hdop>0.61</hdop><vdop>0.91</vdop><pdop>1.10</pdop><dgpsid>0000</dgpsid></trkpt>
<trkpt lat="29.535267833333332" lon="-96.03384583333333"><ele>40.0</ele><time>2025-12-04T22:42:32.000Z</time><extensions><gpxtpx:TrackPointExtension><gpxtpx:bearing>262.88</gpxtpx:bearing><gpxtpx:speed>30.485968</gpxtpx:speed></gpxtpx:TrackPointExtension></extensions><geoidheight>-23.8</geoidheight><src>gps</src><sat>17</sat><hdop>0.61</hdop><vdop>0.91</vdop><pdop>1.10</pdop><dgpsid>0000</dgpsid></trkpt>
<trkpt lat="29.5350605" lon="-96.03570283333332"><ele>40.0</ele><time>2025-12-04T22:42:38.000Z</time><extensions><gpxtpx:TrackPointExtension><gpxtpx:bearing>262.68</gpxtpx:bearing><gpxtpx:speed>29.830727</gpxtpx:speed></gpxtpx:TrackPointExtension></extensions><geoidheight>-23.8</geoidheight><src>gps</src><sat>18</sat><hdop>0.61</hdop><vdop>0.91</vdop><pdop>1.10</pdop><dgpsid>0000</dgpsid></trkpt>
<trkpt lat="29.534856666666663" lon="-96.0375025"><ele>39.8</ele><time>2025-12-04T22:42:44.000Z</time><extensions><gpxtpx:TrackPointExtension><gpxtpx:bearing>262.78</gpxtpx:bearing><gpxtpx:speed>29.264532</gpxtpx:speed></gpxtpx:TrackPointExtension></extensions><geoidheight>-23.8</geoidheight><src>gps</src><sat>17</sat><hdop>0.61</hdop><vdop>0.91</vdop><pdop>1.10</pdop><dgpsid>0000</dgpsid></trkpt>
<trkpt lat="29.534656499999997" lon="-96.03929666666666"><ele>40.0</ele><time>2025-12-04T22:42:50.000Z</time><extensions><gpxtpx:TrackPointExtension><gpxtpx:bearing>262.68</gpxtpx:bearing><gpxtpx:speed>29.214603</gpxtpx:speed></gpxtpx:TrackPointExtension></extensions><geoidheight>-23.8</geoidheight><src>gps</src><sat>18</sat><hdop>0.59</hdop><vdop>0.87</vdop><pdop>1.05</pdop><dgpsid>0000</dgpsid></trkpt>
<trkpt lat="29.53445483333333" lon="-96.04110433333332"><ele>40.6</ele><time>2025-12-04T22:42:56.000Z</time><extensions><gpxtpx:TrackPointExtension><gpxtpx:bearing>262.67</gpxtpx:bearing><gpxtpx:speed>29.764328</gpxtpx:speed></gpxtpx:TrackPointExtension></extensions><geoidheight>-23.8</geoidheight><src>gps</src><sat>18</sat><hdop>0.59</hdop><vdop>0.87</vdop><pdop>1.05</pdop><dgpsid>0000</dgpsid></trkpt>
<trkpt lat="29.5342495" lon="-96.04294833333333"><ele>40.4</ele><time>2025-12-04T22:43:02.000Z</time><extensions><gpxtpx:TrackPointExtension><gpxtpx:bearing>262.7</gpxtpx:bearing><gpxtpx:speed>30.100956</gpxtpx:speed></gpxtpx:TrackPointExtension></extensions><geoidheight>-23.8</geoidheight><src>gps</src><sat>18</sat><hdop>0.59</hdop><vdop>0.87</vdop><pdop>1.05</pdop><dgpsid>0000</dgpsid></trkpt>
<trkpt lat="29.534047833333336" lon="-96.04477933333334"><ele>41.5</ele><time>2025-12-04T22:43:08.000Z</time><extensions><gpxtpx:TrackPointExtension><gpxtpx:bearing>262.67</gpxtpx:bearing><gpxtpx:speed>29.631014</gpxtpx:speed></gpxtpx:TrackPointExtension></extensions><geoidheight>-23.8</geoidheight><src>gps</src><sat>18</sat><hdop>0.59</hdop><vdop>0.87</vdop><pdop>1.05</pdop><dgpsid>0000</dgpsid></trkpt>
<trkpt lat="29.533847999999995" lon="-96.04659733333334"><ele>41.2</ele><time>2025-12-04T22:43:14.000Z</time><extensions><gpxtpx:TrackPointExtension><gpxtpx:bearing>262.94</gpxtpx:bearing><gpxtpx:speed>29.619175</gpxtpx:speed></gpxtpx:TrackPointExtension></extensions><geoidheight>-23.8</geoidheight><src>gps</src><sat>18</sat><hdop>0.59</hdop><vdop>0.87</vdop><pdop>1.05</pdop><dgpsid>0000</dgpsid></trkpt>
<trkpt lat="29.533654666666667" lon="-96.04839500000001"><ele>40.7</ele><time>2025-12-04T22:43:20.000Z</time><extensions><gpxtpx:TrackPointExtension><gpxtpx:bearing>263.07</gpxtpx:bearing><gpxtpx:speed>28.947464</gpxtpx:speed></gpxtpx:TrackPointExtension></extensions><geoidheight>-23.8</geoidheight><src>gps</src><sat>18</sat><hdop>0.61</hdop><vdop>0.91</vdop><pdop>1.10</pdop><dgpsid>0000</dgpsid></trkpt>
<trkpt lat="29.53346916666667" lon="-96.0501575"><ele>38.9</ele><time>2025-12-04T22:43:26.000Z</time><extensions><gpxtpx:TrackPointExtension><gpxtpx:bearing>263.78</gpxtpx:bearing><gpxtpx:speed>28.697823</gpxtpx:speed></gpxtpx:TrackPointExtension></extensions><geoidheight>-23.8</geoidheight><src>gps</src><sat>18</sat><hdop>0.59</hdop><vdop>0.87</vdop><pdop>1.05</pdop><dgpsid>0000</dgpsid></trkpt>
<trkpt lat="29.53328333333333" lon="-96.05189766666666"><ele>37.3</ele><time>2025-12-04T22:43:32.000Z</time><extensions><gpxtpx:TrackPointExtension><gpxtpx:bearing>263.15</gpxtpx:bearing><gpxtpx:speed>28.010155</gpxtpx:speed></gpxtpx:TrackPointExtension></extensions><geoidheight>-23.8</geoidheight><src>gps</src><sat>18</sat><hdop>0.59</hdop><vdop>0.87</vdop><pdop>1.05</pdop><dgpsid>0000</dgpsid></trkpt>
<trkpt lat="29.533088333333332" lon="-96.05362333333332"><ele>36.6</ele><time>2025-12-04T22:43:38.000Z</time><extensions><gpxtpx:TrackPointExtension><gpxtpx:bearing>262.68</gpxtpx:bearing><gpxtpx:speed>28.151188</gpxtpx:speed></gpxtpx:TrackPointExtension></extensions><geoidheight>-23.8</geoidheight><src>gps</src><sat>18</sat><hdop>0.59</hdop><vdop>0.87</vdop><pdop>1.05</pdop><dgpsid>0000</dgpsid></trkpt>
<trkpt lat="29.532897000000002" lon="-96.05531449999998"><ele>36.4</ele><time>2025-12-04T22:43:44.000Z</time><extensions><gpxtpx:TrackPointExtension><gpxtpx:bearing>262.54</gpxtpx:bearing><gpxtpx:speed>26.42275</gpxtpx:speed></gpxtpx:TrackPointExtension></extensions><geoidheight>-23.8</geoidheight><src>gps</src><sat>18</sat><hdop>0.59</hdop><vdop>0.87</vdop><pdop>1.05</pdop><dgpsid>0000</dgpsid></trkpt>
<trkpt lat="29.532729166666666" lon="-96.05685283333332"><ele>36.4</ele><time>2025-12-04T22:43:50.000Z</time><extensions><gpxtpx:TrackPointExtension><gpxtpx:bearing>262.7</gpxtpx:bearing><gpxtpx:speed>23.876934</gpxtpx:speed></gpxtpx:TrackPointExtension></extensions><geoidheight>-23.8</geoidheight><src>gps</src><sat>18</sat><hdop>0.59</hdop><vdop>0.87</vdop><pdop>1.05</pdop><dgpsid>0000</dgpsid></trkpt>
<trkpt lat="29.53258783333333" lon="-96.05824033333334"><ele>36.9</ele><time>2025-12-04T22:43:56.000Z</time><extensions><gpxtpx:TrackPointExtension><gpxtpx:bearing>263.72</gpxtpx:bearing><gpxtpx:speed>21.497374</gpxtpx:speed></gpxtpx:TrackPointExtension></extensions><geoidheight>-23.8</geoidheight><src>gps</src><sat>18</sat><hdop>0.59</hdop><vdop>0.87</vdop><pdop>1.05</pdop><dgpsid>0000</dgpsid></trkpt>
<trkpt lat="29.532474499999996" lon="-96.05947650000002"><ele>38.9</ele><time>2025-12-04T22:44:02.000Z</time><extensions><gpxtpx:TrackPointExtension><gpxtpx:bearing>263.41</gpxtpx:bearing><gpxtpx:speed>18.950527</gpxtpx:speed></gpxtpx:TrackPointExtension></extensions><geoidheight>-23.8</geoidheight><src>gps</src><sat>18</sat><hdop>0.59</hdop><vdop>0.87</vdop><pdop>1.05</pdop><dgpsid>0000</dgpsid></trkpt>
<trkpt lat="29.5323535" lon="-96.0605705"><ele>39.5</ele><time>2025-12-04T22:44:08.000Z</time><extensions><gpxtpx:TrackPointExtension><gpxtpx:bearing>262.22</gpxtpx:bearing><gpxtpx:speed>16.819578</gpxtpx:speed></gpxtpx:TrackPointExtension></extensions><geoidheight>-23.8</geoidheight><src>gps</src><sat>18</sat><hdop>0.59</hdop><vdop>0.87</vdop><pdop>1.05</pdop><dgpsid>0000</dgpsid></trkpt>
<trkpt lat="29.532241833333334" lon="-96.06159166666666"><ele>40.3</ele><time>2025-12-04T22:44:14.000Z</time><extensions><gpxtpx:TrackPointExtension><gpxtpx:bearing>262.78</gpxtpx:bearing><gpxtpx:speed>16.44486</gpxtpx:speed></gpxtpx:TrackPointExtension></extensions><geoidheight>-23.8</geoidheight><src>gps</src><sat>18</sat><hdop>0.59</hdop><vdop>0.87</vdop><pdop>1.05</pdop><dgpsid>0000</dgpsid></trkpt>
<trkpt lat="29.53213166666667" lon="-96.06256950000001"><ele>40.6</ele><time>2025-12-04T22:44:20.000Z</time><extensions><gpxtpx:TrackPointExtension><gpxtpx:bearing>262.89</gpxtpx:bearing><gpxtpx:speed>15.799398</gpxtpx:speed></gpxtpx:TrackPointExtension></extensions><geoidheight>-23.8</geoidheight><src>gps</src><sat>18</sat><hdop>0.60</hdop><vdop>0.88</vdop><pdop>1.06</pdop><dgpsid>0000</dgpsid></trkpt>
<trkpt lat="29.53201783333333" lon="-96.06355583333334"><ele>40.5</ele><time>2025-12-04T22:44:26.000Z</time><extensions><gpxtpx:TrackPointExtension><gpxtpx:bearing>261.42</gpxtpx:bearing><gpxtpx:speed>16.833475</gpxtpx:speed></gpxtpx:TrackPointExtension></extensions><geoidheight>-23.8</geoidheight><src>gps</src><sat>18</sat><hdop>0.64</hdop><vdop>0.91</vdop><pdop>1.11</pdop><dgpsid>0000</dgpsid></trkpt>
<trkpt lat="29.531874333333334" lon="-96.06458666666667"><ele>40.8</ele><time>2025-12-04T22:44:32.000Z</time><extensions><gpxtpx:TrackPointExtension><gpxtpx:bearing>262.16</gpxtpx:bearing><gpxtpx:speed>16.866932</gpxtpx:speed></gpxtpx:TrackPointExtension></extensions><geoidheight>-23.8</geoidheight><src>gps</src><sat>16</sat><hdop>0.64</hdop><vdop>0.91</vdop><pdop>1.11</pdop><dgpsid>0000</dgpsid></trkpt>
<trkpt lat="29.531769666666666" lon="-96.06561833333332"><ele>40.8</ele><time>2025-12-04T22:44:38.000Z</time><extensions><gpxtpx:TrackPointExtension><gpxtpx:bearing>263.83</gpxtpx:bearing><gpxtpx:speed>16.681633</gpxtpx:speed></gpxtpx:TrackPointExtension></extensions><geoidheight>-23.8</geoidheight><src>gps</src><sat>16</sat><hdop>0.64</hdop><vdop>0.91</vdop><pdop>1.11</pdop><dgpsid>0000</dgpsid></trkpt>
<trkpt lat="29.531674666666664" lon="-96.06659716666667"><ele>40.9</ele><time>2025-12-04T22:44:44.000Z</time><extensions><gpxtpx:TrackPointExtension><gpxtpx:bearing>263.24</gpxtpx:bearing><gpxtpx:speed>15.633143</gpxtpx:speed></gpxtpx:TrackPointExtension></extensions><geoidheight>-23.8</geoidheight><src>gps</src><sat>17</sat><hdop>0.64</hdop><vdop>0.91</vdop><pdop>1.11</pdop><dgpsid>0000</dgpsid></trkpt>
<trkpt lat="29.531577666666667" lon="-96.06753216666667"><ele>41.2</ele><time>2025-12-04T22:44:50.000Z</time><extensions><gpxtpx:TrackPointExtension><gpxtpx:bearing>263.51</gpxtpx:bearing><gpxtpx:speed>15.061802</gpxtpx:speed></gpxtpx:TrackPointExtension></extensions><geoidheight>-23.8</geoidheight><src>gps</src><sat>17</sat><hdop>0.64</hdop><vdop>0.91</vdop><pdop>1.11</pdop><dgpsid>0000</dgpsid></trkpt>
<trkpt lat="29.531479833333332" lon="-96.06843083333334"><ele>41.1</ele><time>2025-12-04T22:44:56.000Z</time><extensions><gpxtpx:TrackPointExtension><gpxtpx:bearing>262.57</gpxtpx:bearing><gpxtpx:speed>13.938678</gpxtpx:speed></gpxtpx:TrackPointExtension></extensions><geoidheight>-23.8</geoidheight><src>gps</src><sat>17</sat><hdop>0.64</hdop><vdop>0.91</vdop><pdop>1.11</pdop><dgpsid>0000</dgpsid></trkpt>
<trkpt lat="29.531386833333332" lon="-96.06925500000001"><ele>41.3</ele><time>2025-12-04T22:45:02.000Z</time><extensions><gpxtpx:TrackPointExtension><gpxtpx:bearing>263.16</gpxtpx:bearing><gpxtpx:speed>13.262848</gpxtpx:speed></gpxtpx:TrackPointExtension></extensions><geoidheight>-23.8</geoidheight><src>gps</src><sat>16</sat><hdop>0.64</hdop><vdop>0.91</vdop><pdop>1.11</pdop><dgpsid>0000</dgpsid></trkpt>
<trkpt lat="29.53130133333333" lon="-96.07004733333333"><ele>41.1</ele><time>2025-12-04T22:45:08.000Z</time><extensions><gpxtpx:TrackPointExtension><gpxtpx:bearing>263.14</gpxtpx:bearing><gpxtpx:speed>12.259139</gpxtpx:speed></gpxtpx:TrackPointExtension></extensions><geoidheight>-23.8</geoidheight><src>gps</src><sat>17</sat><hdop>0.63</hdop><vdop>0.90</vdop><pdop>1.09</pdop><dgpsid>0000</dgpsid></trkpt>
<trkpt lat="29.531226833333335" lon="-96.070723"><ele>40.8</ele><time>2025-12-04T22:45:14.000Z</time><extensions><gpxtpx:TrackPointExtension><gpxtpx:bearing>263.07</gpxtpx:bearing><gpxtpx:speed>8.780131</gpxtpx:speed></gpxtpx:TrackPointExtension></extensions><geoidheight>-23.8</geoidheight><src>gps</src><sat>17</sat><hdop>0.66</hdop><vdop>0.96</vdop><pdop>1.17</pdop><dgpsid>0000</dgpsid></trkpt>
<trkpt lat="29.531190833333334" lon="-96.071043"><ele>40.3</ele><time>2025-12-04T22:45:20.000Z</time><extensions><gpxtpx:TrackPointExtension><gpxtpx:bearing>263.19</gpxtpx:bearing><gpxtpx:speed>3.101716</gpxtpx:speed></gpxtpx:TrackPointExtension></extensions><geoidheight>-23.8</geoidheight><src>gps</src><sat>18</sat><hdop>0.59</hdop><vdop>0.86</vdop><pdop>1.04</pdop><dgpsid>0000</dgpsid></trkpt>
<trkpt lat="29.53117933333333" lon="-96.07117166666667"><ele>40.4</ele><time>2025-12-04T22:45:26.000Z</time><extensions><gpxtpx:TrackPointExtension><gpxtpx:bearing>263.36</gpxtpx:bearing><gpxtpx:speed>2.6688347</gpxtpx:speed></gpxtpx:TrackPointExtension></extensions><geoidheight>-23.8</geoidheight><src>gps</src><sat>18</sat><hdop>0.59</hdop><vdop>0.86</vdop><pdop>1.04</pdop><dgpsid>0000</dgpsid></trkpt>
<trkpt lat="29.531173833333334" lon="-96.071234"><ele>40.6</ele><time>2025-12-04T22:45:32.000Z</time><extensions><gpxtpx:TrackPointExtension><gpxtpx:speed>0.022133056</gpxtpx:speed></gpxtpx:TrackPointExtension></extensions><geoidheight>-23.8</geoidheight><src>gps</src><sat>18</sat><hdop>0.59</hdop><vdop>0.86</vdop><pdop>1.04</pdop><dgpsid>0000</dgpsid></trkpt>
<trkpt lat="29.53115566666667" lon="-96.07138400000001"><ele>40.5</ele><time>2025-12-04T22:45:38.000Z</time><extensions><gpxtpx:TrackPointExtension><gpxtpx:bearing>261.91</gpxtpx:bearing><gpxtpx:speed>5.646503</gpxtpx:speed></gpxtpx:TrackPointExtension></extensions><geoidheight>-23.8</geoidheight><src>gps</src><sat>18</sat><hdop>0.64</hdop><vdop>0.91</vdop><pdop>1.11</pdop><dgpsid>0000</dgpsid></trkpt>
<trkpt lat="29.531094" lon="-96.07192866666668"><ele>40.5</ele><time>2025-12-04T22:45:44.000Z</time><extensions><gpxtpx:TrackPointExtension><gpxtpx:bearing>263.51</gpxtpx:bearing><gpxtpx:speed>11.060865</gpxtpx:speed></gpxtpx:TrackPointExtension></extensions><geoidheight>-23.8</geoidheight><src>gps</src><sat>17</sat><hdop>0.63</hdop><vdop>0.89</vdop><pdop>1.09</pdop><dgpsid>0000</dgpsid></trkpt>
<trkpt lat="29.531000666666667" lon="-96.07273466666666"><ele>40.7</ele><time>2025-12-04T22:45:50.000Z</time><extensions><gpxtpx:TrackPointExtension><gpxtpx:bearing>262.76</gpxtpx:bearing><gpxtpx:speed>14.589802</gpxtpx:speed></gpxtpx:TrackPointExtension></extensions><geoidheight>-23.8</geoidheight><src>gps</src><sat>17</sat><hdop>0.63</hdop><vdop>0.89</vdop><pdop>1.09</pdop><dgpsid>0000</dgpsid></trkpt>
<trkpt lat="29.530860333333333" lon="-96.07370799999998"><ele>41.0</ele><time>2025-12-04T22:45:56.000Z</time><extensions><gpxtpx:TrackPointExtension><gpxtpx:bearing>260.94</gpxtpx:bearing><gpxtpx:speed>16.82524</gpxtpx:speed></gpxtpx:TrackPointExtension></extensions><geoidheight>-23.8</geoidheight><src>gps</src><sat>17</sat><hdop>0.65</hdop><vdop>0.92</vdop><pdop>1.13</pdop><dgpsid>0000</dgpsid></trkpt>
<trkpt lat="29.530736499999996" lon="-96.07482300000001"><ele>41.5</ele><time>2025-12-04T22:46:02.000Z</time><extensions><gpxtpx:TrackPointExtension><gpxtpx:bearing>262.22</gpxtpx:bearing><gpxtpx:speed>19.134798</gpxtpx:speed></gpxtpx:TrackPointExtension></extensions><geoidheight>-23.8</geoidheight><src>gps</src><sat>18</sat><hdop>0.63</hdop><vdop>0.89</vdop><pdop>1.09</pdop><dgpsid>0000</dgpsid></trkpt>
<trkpt lat="29.530599666666664" lon="-96.07605383333333"><ele>42.1</ele><time>2025-12-04T22:46:08.000Z</time><extensions><gpxtpx:TrackPointExtension><gpxtpx:bearing>262.8</gpxtpx:bearing><gpxtpx:speed>20.636244</gpxtpx:speed></gpxtpx:TrackPointExtension></extensions><geoidheight>-23.8</geoidheight><src>gps</src><sat>16</sat><hdop>0.64</hdop><vdop>0.90</vdop><pdop>1.11</pdop><dgpsid>0000</dgpsid></trkpt>
<trkpt lat="29.530453166666668" lon="-96.07737216666668"><ele>42.4</ele><time>2025-12-04T22:46:14.000Z</time><extensions><gpxtpx:TrackPointExtension><gpxtpx:bearing>262.49</gpxtpx:bearing><gpxtpx:speed>22.259163</gpxtpx:speed></gpxtpx:TrackPointExtension></extensions><geoidheight>-23.8</geoidheight><src>gps</src><sat>17</sat><hdop>0.59</hdop><vdop>0.86</vdop><pdop>1.04</pdop><dgpsid>0000</dgpsid></trkpt>
<trkpt lat="29.530297166666667" lon="-96.07876866666666"><ele>43.1</ele><time>2025-12-04T22:46:20.000Z</time><extensions><gpxtpx:TrackPointExtension><gpxtpx:bearing>262.44</gpxtpx:bearing><gpxtpx:speed>22.964333</gpxtpx:speed></gpxtpx:TrackPointExtension></extensions><geoidheight>-23.8</geoidheight><src>gps</src><sat>17</sat><hdop>0.64</hdop><vdop>0.90</vdop><pdop>1.11</pdop><dgpsid>0000</dgpsid></trkpt>
<trkpt lat="29.530137500000002" lon="-96.08019033333333"><ele>43.6</ele><time>2025-12-04T22:46:26.000Z</time><extensions><gpxtpx:TrackPointExtension><gpxtpx:bearing>262.89</gpxtpx:bearing><gpxtpx:speed>23.290667</gpxtpx:speed></gpxtpx:TrackPointExtension></extensions><geoidheight>-23.8</geoidheight><src>gps</src><sat>17</sat><hdop>0.63</hdop><vdop>0.89</vdop><pdop>1.09</pdop><dgpsid>0000</dgpsid></trkpt>
<trkpt lat="29.529977666666664" lon="-96.08161450000001"><ele>44.4</ele><time>2025-12-04T22:46:32.000Z</time><extensions><gpxtpx:TrackPointExtension><gpxtpx:bearing>262.94</gpxtpx:bearing><gpxtpx:speed>23.136765</gpxtpx:speed></gpxtpx:TrackPointExtension></extensions><geoidheight>-23.8</geoidheight><src>gps</src><sat>17</sat><hdop>0.63</hdop><vdop>0.89</vdop><pdop>1.09</pdop><dgpsid>0000</dgpsid></trkpt>
<trkpt lat="29.52982516666667" lon="-96.083024"><ele>45.1</ele><time>2025-12-04T22:46:38.000Z</time><extensions><gpxtpx:TrackPointExtension><gpxtpx:bearing>263.39</gpxtpx:bearing><gpxtpx:speed>22.730648</gpxtpx:speed></gpxtpx:TrackPointExtension></extensions><geoidheight>-23.8</geoidheight><src>gps</src><sat>16</sat><hdop>0.64</hdop><vdop>0.90</vdop><pdop>1.11</pdop><dgpsid>0000</dgpsid></trkpt>
<trkpt lat="29.5296785" lon="-96.0844305"><ele>45.2</ele><time>2025-12-04T22:46:44.000Z</time><extensions><gpxtpx:TrackPointExtension><gpxtpx:bearing>262.87</gpxtpx:bearing><gpxtpx:speed>22.942713</gpxtpx:speed></gpxtpx:TrackPointExtension></extensions><geoidheight>-23.8</geoidheight><src>gps</src><sat>17</sat><hdop>0.65</hdop><vdop>0.92</vdop><pdop>1.12</pdop><dgpsid>0000</dgpsid></trkpt>
<trkpt lat="29.52951666666667" lon="-96.085869"><ele>45.5</ele><time>2025-12-04T22:46:50.000Z</time><extensions><gpxtpx:TrackPointExtension><gpxtpx:bearing>262.0</gpxtpx:bearing><gpxtpx:speed>23.922745</gpxtpx:speed></gpxtpx:TrackPointExtension></extensions><geoidheight>-23.8</geoidheight><src>gps</src><sat>17</sat><hdop>0.61</hdop><vdop>0.91</vdop><pdop>1.10</pdop><dgpsid>0000</dgpsid></trkpt>
<trkpt lat="29.529338666666664" lon="-96.08737950000001"><ele>45.3</ele><time>2025-12-04T22:46:56.000Z</time><extensions><gpxtpx:TrackPointExtension><gpxtpx:bearing>262.74</gpxtpx:bearing><gpxtpx:speed>25.202345</gpxtpx:speed></gpxtpx:TrackPointExtension></extensions><geoidheight>-23.8</geoidheight><src>gps</src><sat>18</sat><hdop>0.59</hdop><vdop>0.86</vdop><pdop>1.04</pdop><dgpsid>0000</dgpsid></trkpt>
<trkpt lat="29.529163666666665" lon="-96.08893883333333"><ele>45.7</ele><time>2025-12-04T22:47:02.000Z</time><extensions><gpxtpx:TrackPointExtension><gpxtpx:bearing>262.74</gpxtpx:bearing><gpxtpx:speed>25.518898</gpxtpx:speed></gpxtpx:TrackPointExtension></extensions><geoidheight>-23.8</geoidheight><src>gps</src><sat>18</sat><hdop>0.59</hdop><vdop>0.86</vdop><pdop>1.04</pdop><dgpsid>0000</dgpsid></trkpt>
<trkpt lat="29.528983999999998" lon="-96.090523"><ele>45.9</ele><time>2025-12-04T22:47:08.000Z</time><extensions><gpxtpx:TrackPointExtension><gpxtpx:bearing>262.57</gpxtpx:bearing><gpxtpx:speed>25.98112</gpxtpx:speed></gpxtpx:TrackPointExtension></extensions><geoidheight>-23.8</geoidheight><src>gps</src><sat>18</sat><hdop>0.59</hdop><vdop>0.86</vdop><pdop>1.04</pdop><dgpsid>0000</dgpsid></trkpt>
<trkpt lat="29.528807833333335" lon="-96.09211683333334"><ele>46.2</ele><time>2025-12-04T22:47:14.000Z</time><extensions><gpxtpx:TrackPointExtension><gpxtpx:bearing>262.95</gpxtpx:bearing><gpxtpx:speed>25.890528</gpxtpx:speed></gpxtpx:TrackPointExtension></extensions><geoidheight>-23.8</geoidheight><src>gps</src><sat>17</sat><hdop>0.63</hdop><vdop>0.89</vdop><pdop>1.09</pdop><dgpsid>0000</dgpsid></trkpt>
<trkpt lat="29.528629166666665" lon="-96.09370883333334"><ele>45.9</ele><time>2025-12-04T22:47:20.000Z</time><extensions><gpxtpx:TrackPointExtension><gpxtpx:bearing>262.55</gpxtpx:bearing><gpxtpx:speed>26.215832</gpxtpx:speed></gpxtpx:TrackPointExtension></extensions><geoidheight>-23.8</geoidheight><src>gps</src><sat>17</sat><hdop>0.63</hdop><vdop>0.89</vdop><pdop>1.09</pdop><dgpsid>0000</dgpsid></trkpt>
<trkpt lat="29.5284515" lon="-96.09532216666666"><ele>45.9</ele><time>2025-12-04T22:47:26.000Z</time><extensions><gpxtpx:TrackPointExtension><gpxtpx:bearing>262.59</gpxtpx:bearing><gpxtpx:speed>26.234362</gpxtpx:speed></gpxtpx:TrackPointExtension></extensions><geoidheight>-23.8</geoidheight><src>gps</src><sat>17</sat><hdop>0.63</hdop><vdop>0.89</vdop><pdop>1.09</pdop><dgpsid>0000</dgpsid></trkpt>
<trkpt lat="29.5282705" lon="-96.09693216666668"><ele>45.4</ele><time>2025-12-04T22:47:32.000Z</time><extensions><gpxtpx:TrackPointExtension><gpxtpx:bearing>262.95</gpxtpx:bearing><gpxtpx:speed>26.141712</gpxtpx:speed></gpxtpx:TrackPointExtension></extensions><geoidheight>-23.8</geoidheight><src>gps</src><sat>17</sat><hdop>0.63</hdop><vdop>0.89</vdop><pdop>1.09</pdop><dgpsid>0000</dgpsid></trkpt>
<trkpt lat="29.528101333333332" lon="-96.09854033333335"><ele>45.2</ele><time>2025-12-04T22:47:38.000Z</time><extensions><gpxtpx:TrackPointExtension><gpxtpx:bearing>263.28</gpxtpx:bearing><gpxtpx:speed>26.158697</gpxtpx:speed></gpxtpx:TrackPointExtension></extensions><geoidheight>-23.8</geoidheight><src>gps</src><sat>17</sat><hdop>0.59</hdop><vdop>0.86</vdop><pdop>1.04</pdop><dgpsid>0000</dgpsid></trkpt>
<trkpt lat="29.52798116666667" lon="-96.10015533333332"><ele>44.0</ele><time>2025-12-04T22:47:44.000Z</time><extensions><gpxtpx:TrackPointExtension><gpxtpx:bearing>267.68</gpxtpx:bearing><gpxtpx:speed>26.26576</gpxtpx:speed></gpxtpx:TrackPointExtension></extensions><geoidheight>-23.8</geoidheight><src>gps</src><sat>18</sat><hdop>0.61</hdop><vdop>0.91</vdop><pdop>1.09</pdop><dgpsid>0000</dgpsid></trkpt>
<trkpt lat="29.527988166666667" lon="-96.10178166666668"><ele>42.2</ele><time>2025-12-04T22:47:50.000Z</time><extensions><gpxtpx:TrackPointExtension><gpxtpx:bearing>272.48</gpxtpx:bearing><gpxtpx:speed>26.281717</gpxtpx:speed></gpxtpx:TrackPointExtension></extensions><geoidheight>-23.8</geoidheight><src>gps</src><sat>18</sat><hdop>0.59</hdop><vdop>0.86</vdop><pdop>1.04</pdop><dgpsid>0000</dgpsid></trkpt>
<trkpt lat="29.528107999999996" lon="-96.10339166666667"><ele>41.1</ele><time>2025-12-04T22:47:56.000Z</time><extensions><gpxtpx:TrackPointExtension><gpxtpx:bearing>277.09</gpxtpx:bearing><gpxtpx:speed>26.145315</gpxtpx:speed></gpxtpx:TrackPointExtension></extensions><geoidheight>-23.8</geoidheight><src>gps</src><sat>18</sat><hdop>0.59</hdop><vdop>0.86</vdop><pdop>1.04</pdop><dgpsid>0000</dgpsid></trkpt>
<trkpt lat="29.528345833333333" lon="-96.10497"><ele>40.3</ele><time>2025-12-04T22:48:02.000Z</time><extensions><gpxtpx:TrackPointExtension><gpxtpx:bearing>282.46</gpxtpx:bearing><gpxtpx:speed>25.745892</gpxtpx:speed></gpxtpx:TrackPointExtension></extensions><geoidheight>-23.8</geoidheight><src>gps</src><sat>18</sat><hdop>0.59</hdop><vdop>0.86</vdop><pdop>1.04</pdop><dgpsid>0000</dgpsid></trkpt>
<trkpt lat="29.528691499999997" lon="-96.10650249999999"><ele>39.8</ele><time>2025-12-04T22:48:08.000Z</time><extensions><gpxtpx:TrackPointExtension><gpxtpx:bearing>284.82</gpxtpx:bearing><gpxtpx:speed>25.493677</gpxtpx:speed></gpxtpx:TrackPointExtension></extensions><geoidheight>-23.8</geoidheight><src>gps</src><sat>18</sat><hdop>0.59</hdop><vdop>0.86</vdop><pdop>1.04</pdop><dgpsid>0000</dgpsid></trkpt>
<trkpt lat="29.529046166666664" lon="-96.10801566666666"><ele>38.3</ele><time>2025-12-04T22:48:14.000Z</time><extensions><gpxtpx:TrackPointExtension><gpxtpx:bearing>285.1</gpxtpx:bearing><gpxtpx:speed>25.457132</gpxtpx:speed></gpxtpx:TrackPointExtension></extensions><geoidheight>-23.8</geoidheight><src>gps</src><sat>18</sat><hdop>0.62</hdop><vdop>0.91</vdop><pdop>1.11</pdop><dgpsid>0000</dgpsid></trkpt>
<trkpt lat="29.529412666666666" lon="-96.10953966666666"><ele>37.8</ele><time>2025-12-04T22:48:20.000Z</time><extensions><gpxtpx:TrackPointExtension><gpxtpx:bearing>285.09</gpxtpx:bearing><gpxtpx:speed>25.547722</gpxtpx:speed></gpxtpx:TrackPointExtension></extensions><geoidheight>-23.8</geoidheight><src>gps</src><sat>16</sat><hdop>0.59</hdop><vdop>0.85</vdop><pdop>1.04</pdop><dgpsid>0000</dgpsid></trkpt>
<trkpt lat="29.5297785" lon="-96.11104750000001"><ele>37.6</ele><time>2025-12-04T22:48:26.000Z</time><extensions><gpxtpx:TrackPointExtension><gpxtpx:bearing>285.26</gpxtpx:bearing><gpxtpx:speed>25.157564</gpxtpx:speed></gpxtpx:TrackPointExtension></extensions><geoidheight>-23.8</geoidheight><src>gps</src><sat>18</sat><hdop>0.59</hdop><vdop>0.87</vdop><pdop>1.05</pdop><dgpsid>0000</dgpsid></trkpt>
<trkpt lat="29.530136666666667" lon="-96.11255150000001"><ele>38.5</ele><time>2025-12-04T22:48:32.000Z</time><extensions><gpxtpx:TrackPointExtension><gpxtpx:bearing>285.04</gpxtpx:bearing><gpxtpx:speed>25.317642</gpxtpx:speed></gpxtpx:TrackPointExtension></extensions><geoidheight>-23.8</geoidheight><src>gps</src><sat>18</sat><hdop>0.59</hdop><vdop>0.87</vdop><pdop>1.05</pdop><dgpsid>0000</dgpsid></trkpt>
<trkpt lat="29.530496833333338" lon="-96.11406383333333"><ele>38.3</ele><time>2025-12-04T22:48:38.000Z</time><extensions><gpxtpx:TrackPointExtension><gpxtpx:bearing>285.04</gpxtpx:bearing><gpxtpx:speed>25.426764</gpxtpx:speed></gpxtpx:TrackPointExtension></extensions><geoidheight>-23.8</geoidheight><src>gps</src><sat>18</sat><hdop>0.59</hdop><vdop>0.85</vdop><pdop>1.04</pdop><dgpsid>0000</dgpsid></trkpt>
<trkpt lat="29.530860666666666" lon="-96.1155785"><ele>38.9</ele><time>2025-12-04T22:48:44.000Z</time><extensions><gpxtpx:TrackPointExtension><gpxtpx:bearing>285.29</gpxtpx:bearing><gpxtpx:speed>25.40154</gpxtpx:speed></gpxtpx:TrackPointExtension></extensions><geoidheight>-23.8</geoidheight><src>gps</src><sat>18</sat><hdop>0.59</hdop><vdop>0.85</vdop><pdop>1.04</pdop><dgpsid>0000</dgpsid></trkpt>
<trkpt lat="29.53122616666667" lon="-96.11709133333333"><ele>39.1</ele><time>2025-12-04T22:48:50.000Z</time><extensions><gpxtpx:TrackPointExtension><gpxtpx:bearing>285.43</gpxtpx:bearing><gpxtpx:speed>25.387644</gpxtpx:speed></gpxtpx:TrackPointExtension></extensions><geoidheight>-23.8</geoidheight><src>gps</src><sat>18</sat><hdop>0.59</hdop><vdop>0.85</vdop><pdop>1.04</pdop><dgpsid>0000</dgpsid></trkpt>
<trkpt lat="29.53158733333333" lon="-96.1186045"><ele>39.0</ele><time>2025-12-04T22:48:56.000Z</time><extensions><gpxtpx:TrackPointExtension><gpxtpx:bearing>285.12</gpxtpx:bearing><gpxtpx:speed>25.480808</gpxtpx:speed></gpxtpx:TrackPointExtension></extensions><geoidheight>-23.8</geoidheight><src>gps</src><sat>18</sat><hdop>0.59</hdop><vdop>0.85</vdop><pdop>1.04</pdop><dgpsid>0000</dgpsid></trkpt>
<trkpt lat="29.531945333333336" lon="-96.120119"><ele>39.0</ele><time>2025-12-04T22:49:02.000Z</time><extensions><gpxtpx:TrackPointExtension><gpxtpx:bearing>285.13</gpxtpx:bearing><gpxtpx:speed>25.45919</gpxtpx:speed></gpxtpx:TrackPointExtension></extensions><geoidheight>-23.8</geoidheight><src>gps</src><sat>18</sat><hdop>0.59</hdop><vdop>0.85</vdop><pdop>1.03</pdop><dgpsid>0000</dgpsid></trkpt>
<trkpt lat="29.532310833333334" lon="-96.1216335"><ele>38.7</ele><time>2025-12-04T22:49:08.000Z</time><extensions><gpxtpx:TrackPointExtension><gpxtpx:bearing>285.33</gpxtpx:bearing><gpxtpx:speed>25.441175</gpxtpx:speed></gpxtpx:TrackPointExtension></extensions><geoidheight>-23.8</geoidheight><src>gps</src><sat>18</sat><hdop>0.59</hdop><vdop>0.85</vdop><pdop>1.03</pdop><dgpsid>0000</dgpsid></trkpt>
<trkpt lat="29.53267283333333" lon="-96.123148"><ele>38.7</ele><time>2025-12-04T22:49:14.000Z</time><extensions><gpxtpx:TrackPointExtension><gpxtpx:bearing>285.05</gpxtpx:bearing><gpxtpx:speed>25.42316</gpxtpx:speed></gpxtpx:TrackPointExtension></extensions><geoidheight>-23.8</geoidheight><src>gps</src><sat>18</sat><hdop>0.59</hdop><vdop>0.85</vdop><pdop>1.03</pdop><dgpsid>0000</dgpsid></trkpt>
<trkpt lat="29.533036999999997" lon="-96.12466966666668"><ele>38.7</ele><time>2025-12-04T22:49:20.000Z</time><extensions><gpxtpx:TrackPointExtension><gpxtpx:bearing>285.37</gpxtpx:bearing><gpxtpx:speed>25.55956</gpxtpx:speed></gpxtpx:TrackPointExtension></extensions><geoidheight>-23.8</geoidheight><src>gps</src><sat>18</sat><hdop>0.59</hdop><vdop>0.85</vdop><pdop>1.03</pdop><dgpsid>0000</dgpsid></trkpt>
<trkpt lat="29.533405000000002" lon="-96.12619583333331"><ele>38.2</ele><time>2025-12-04T22:49:26.000Z</time><extensions><gpxtpx:TrackPointExtension><gpxtpx:bearing>285.22</gpxtpx:bearing><gpxtpx:speed>25.702654</gpxtpx:speed></gpxtpx:TrackPointExtension></extensions><geoidheight>-23.8</geoidheight><src>gps</src><sat>18</sat><hdop>0.59</hdop><vdop>0.85</vdop><pdop>1.03</pdop><dgpsid>0000</dgpsid></trkpt>
<trkpt lat="29.533773166666666" lon="-96.12772316666666"><ele>37.2</ele><time>2025-12-04T22:49:32.000Z</time><extensions><gpxtpx:TrackPointExtension><gpxtpx:bearing>285.4</gpxtpx:bearing><gpxtpx:speed>25.658903</gpxtpx:speed></gpxtpx:TrackPointExtension></extensions><geoidheight>-23.8</geoidheight><src>gps</src><sat>18</sat><hdop>0.59</hdop><vdop>0.85</vdop><pdop>1.03</pdop><dgpsid>0000</dgpsid></trkpt>
<trkpt lat="29.53413933333333" lon="-96.12925733333334"><ele>36.5</ele><time>2025-12-04T22:49:38.000Z</time><extensions><gpxtpx:TrackPointExtension><gpxtpx:bearing>285.23</gpxtpx:bearing><gpxtpx:speed>25.770597</gpxtpx:speed></gpxtpx:TrackPointExtension></extensions><geoidheight>-23.8</geoidheight><src>gps</src><sat>18</sat><hdop>0.59</hdop><vdop>0.85</vdop><pdop>1.03</pdop><dgpsid>0000</dgpsid></trkpt>
<trkpt lat="29.534505833333334" lon="-96.13079950000001"><ele>36.6</ele><time>2025-12-04T22:49:44.000Z</time><extensions><gpxtpx:TrackPointExtension><gpxtpx:bearing>285.08</gpxtpx:bearing><gpxtpx:speed>25.760818</gpxtpx:speed></gpxtpx:TrackPointExtension></extensions><geoidheight>-23.8</geoidheight><src>gps</src><sat>17</sat><hdop>0.63</hdop><vdop>0.88</vdop><pdop>1.09</pdop><dgpsid>0000</dgpsid></trkpt>
<trkpt lat="29.5348755" lon="-96.1323365"><ele>35.7</ele><time>2025-12-04T22:49:50.000Z</time><extensions><gpxtpx:TrackPointExtension><gpxtpx:bearing>285.37</gpxtpx:bearing><gpxtpx:speed>25.673315</gpxtpx:speed></gpxtpx:TrackPointExtension></extensions><geoidheight>-23.8</geoidheight><src>gps</src><sat>17</sat><hdop>0.63</hdop><vdop>0.88</vdop><pdop>1.09</pdop><dgpsid>0000</dgpsid></trkpt>
<trkpt lat="29.535242666666665" lon="-96.13386983333334"><ele>35.9</ele><time>2025-12-04T22:49:56.000Z</time><extensions><gpxtpx:TrackPointExtension><gpxtpx:bearing>285.18</gpxtpx:bearing><gpxtpx:speed>25.689787</gpxtpx:speed></gpxtpx:TrackPointExtension></extensions><geoidheight>-23.8</geoidheight><src>gps</src><sat>18</sat><hdop>0.59</hdop><vdop>0.85</vdop><pdop>1.03</pdop><dgpsid>0000</dgpsid></trkpt>
<trkpt lat="29.535608000000003" lon="-96.1353975"><ele>36.1</ele><time>2025-12-04T22:50:02.000Z</time><extensions><gpxtpx:TrackPointExtension><gpxtpx:bearing>285.44</gpxtpx:bearing><gpxtpx:speed>25.58993</gpxtpx:speed></gpxtpx:TrackPointExtension></extensions><geoidheight>-23.8</geoidheight><src>gps</src><sat>18</sat><hdop>0.59</hdop><vdop>0.85</vdop><pdop>1.03</pdop><dgpsid>0000</dgpsid></trkpt>
<trkpt lat="29.535968333333336" lon="-96.13690999999999"><ele>36.7</ele><time>2025-12-04T22:50:08.000Z</time><extensions><gpxtpx:TrackPointExtension><gpxtpx:bearing>285.52</gpxtpx:bearing><gpxtpx:speed>25.287273</gpxtpx:speed></gpxtpx:TrackPointExtension></extensions><geoidheight>-23.8</geoidheight><src>gps</src><sat>17</sat><hdop>0.63</hdop><vdop>0.88</vdop><pdop>1.09</pdop><dgpsid>0000</dgpsid></trkpt>
<trkpt lat="29.536333" lon="-96.13841233333332"><ele>37.0</ele><time>2025-12-04T22:50:14.000Z</time><extensions><gpxtpx:TrackPointExtension><gpxtpx:bearing>285.36</gpxtpx:bearing><gpxtpx:speed>25.223963</gpxtpx:speed></gpxtpx:TrackPointExtension></extensions><geoidheight>-23.8</geoidheight><src>gps</src><sat>17</sat><hdop>0.63</hdop><vdop>0.88</vdop><pdop>1.08</pdop><dgpsid>0000</dgpsid></trkpt>
<trkpt lat="29.5366915" lon="-96.13990899999999"><ele>37.1</ele><time>2025-12-04T22:50:20.000Z</time><extensions><gpxtpx:TrackPointExtension><gpxtpx:bearing>285.26</gpxtpx:bearing><gpxtpx:speed>25.08087</gpxtpx:speed></gpxtpx:TrackPointExtension></extensions><geoidheight>-23.8</geoidheight><src>gps</src><sat>17</sat><hdop>0.63</hdop><vdop>0.88</vdop><pdop>1.08</pdop><dgpsid>0000</dgpsid></trkpt>
<trkpt lat="29.537050666666666" lon="-96.14139783333333"><ele>37.2</ele><time>2025-12-04T22:50:26.000Z</time><extensions><gpxtpx:TrackPointExtension><gpxtpx:bearing>285.04</gpxtpx:bearing><gpxtpx:speed>25.039692</gpxtpx:speed></gpxtpx:TrackPointExtension></extensions><geoidheight>-23.8</geoidheight><src>gps</src><sat>17</sat><hdop>0.59</hdop><vdop>0.85</vdop><pdop>1.03</pdop><dgpsid>0000</dgpsid></trkpt>
<trkpt lat="29.5374055" lon="-96.14290283333334"><ele>37.7</ele><time>2025-12-04T22:50:32.000Z</time><extensions><gpxtpx:TrackPointExtension><gpxtpx:bearing>285.37</gpxtpx:bearing><gpxtpx:speed>25.33051</gpxtpx:speed></gpxtpx:TrackPointExtension></extensions><geoidheight>-23.8</geoidheight><src>gps</src><sat>18</sat><hdop>0.59</hdop><vdop>0.85</vdop><pdop>1.03</pdop><dgpsid>0000</dgpsid></trkpt>
<trkpt lat="29.537771833333334" lon="-96.14441833333333"><ele>38.5</ele><time>2025-12-04T22:50:38.000Z</time><extensions><gpxtpx:TrackPointExtension><gpxtpx:bearing>285.13</gpxtpx:bearing><gpxtpx:speed>25.383526</gpxtpx:speed></gpxtpx:TrackPointExtension></extensions><geoidheight>-23.8</geoidheight><src>gps</src><sat>18</sat><hdop>0.59</hdop><vdop>0.85</vdop><pdop>1.03</pdop><dgpsid>0000</dgpsid></trkpt>
<trkpt lat="29.538134" lon="-96.14593033333334"><ele>38.6</ele><time>2025-12-04T22:50:44.000Z</time><extensions><gpxtpx:TrackPointExtension><gpxtpx:bearing>285.41</gpxtpx:bearing><gpxtpx:speed>25.231169</gpxtpx:speed></gpxtpx:TrackPointExtension></extensions><geoidheight>-23.8</geoidheight><src>gps</src><sat>18</sat><hdop>0.59</hdop><vdop>0.85</vdop><pdop>1.03</pdop><dgpsid>0000</dgpsid></trkpt>
<trkpt lat="29.538491500000003" lon="-96.147434"><ele>39.0</ele><time>2025-12-04T22:50:50.000Z</time><extensions><gpxtpx:TrackPointExtension><gpxtpx:bearing>285.17</gpxtpx:bearing><gpxtpx:speed>25.103003</gpxtpx:speed></gpxtpx:TrackPointExtension></extensions><geoidheight>-23.8</geoidheight><src>gps</src><sat>18</sat><hdop>0.59</hdop><vdop>0.85</vdop><pdop>1.03</pdop><dgpsid>0000</dgpsid></trkpt>
<trkpt lat="29.538853333333336" lon="-96.14893333333333"><ele>38.4</ele><time>2025-12-04T22:50:56.000Z</time><extensions><gpxtpx:TrackPointExtension><gpxtpx:bearing>285.36</gpxtpx:bearing><gpxtpx:speed>25.373232</gpxtpx:speed></gpxtpx:TrackPointExtension></extensions><geoidheight>-23.8</geoidheight><src>gps</src><sat>18</sat><hdop>0.59</hdop><vdop>0.85</vdop><pdop>1.03</pdop><dgpsid>0000</dgpsid></trkpt>
<trkpt lat="29.539221166666668" lon="-96.15045049999999"><ele>39.0</ele><time>2025-12-04T22:51:02.000Z</time><extensions><gpxtpx:TrackPointExtension><gpxtpx:bearing>285.26</gpxtpx:bearing><gpxtpx:speed>25.535885</gpxtpx:speed></gpxtpx:TrackPointExtension></extensions><geoidheight>-23.8</geoidheight><src>gps</src><sat>18</sat><hdop>0.59</hdop><vdop>0.85</vdop><pdop>1.03</pdop><dgpsid>0000</dgpsid></trkpt>
<trkpt lat="29.539582166666666" lon="-96.15195766666666"><ele>39.4</ele><time>2025-12-04T22:51:08.000Z</time><extensions><gpxtpx:TrackPointExtension><gpxtpx:bearing>285.59</gpxtpx:bearing><gpxtpx:speed>25.096312</gpxtpx:speed></gpxtpx:TrackPointExtension></extensions><geoidheight>-23.8</geoidheight><src>gps</src><sat>18</sat><hdop>0.59</hdop><vdop>0.85</vdop><pdop>1.03</pdop><dgpsid>0000</dgpsid></trkpt>
<trkpt lat="29.539944666666663" lon="-96.15345649999999"><ele>39.7</ele><time>2025-12-04T22:51:14.000Z</time><extensions><gpxtpx:TrackPointExtension><gpxtpx:bearing>285.27</gpxtpx:bearing><gpxtpx:speed>25.210066</gpxtpx:speed></gpxtpx:TrackPointExtension></extensions><geoidheight>-23.8</geoidheight><src>gps</src><sat>18</sat><hdop>0.59</hdop><vdop>0.85</vdop><pdop>1.03</pdop><dgpsid>0000</dgpsid></trkpt>
<trkpt lat="29.540303166666664" lon="-96.154961"><ele>39.7</ele><time>2025-12-04T22:51:20.000Z</time><extensions><gpxtpx:TrackPointExtension><gpxtpx:bearing>285.08</gpxtpx:bearing><gpxtpx:speed>25.235802</gpxtpx:speed></gpxtpx:TrackPointExtension></extensions><geoidheight>-23.8</geoidheight><src>gps</src><sat>18</sat><hdop>0.59</hdop><vdop>0.84</vdop><pdop>1.03</pdop><dgpsid>0000</dgpsid></trkpt>
<trkpt lat="29.540663666666667" lon="-96.15646733333332"><ele>40.2</ele><time>2025-12-04T22:51:26.000Z</time><extensions><gpxtpx:TrackPointExtension><gpxtpx:bearing>285.14</gpxtpx:bearing><gpxtpx:speed>25.217272</gpxtpx:speed></gpxtpx:TrackPointExtension></extensions><geoidheight>-23.8</geoidheight><src>gps</src><sat>18</sat><hdop>0.63</hdop><vdop>0.88</vdop><pdop>1.08</pdop><dgpsid>0000</dgpsid></trkpt>
<trkpt lat="29.541027999999997" lon="-96.15798016666668"><ele>40.5</ele><time>2025-12-04T22:51:32.000Z</time><extensions><gpxtpx:TrackPointExtension><gpxtpx:bearing>285.33</gpxtpx:bearing><gpxtpx:speed>25.39588</gpxtpx:speed></gpxtpx:TrackPointExtension></extensions><geoidheight>-23.8</geoidheight><src>gps</src><sat>18</sat><hdop>0.63</hdop><vdop>0.88</vdop><pdop>1.08</pdop><dgpsid>0000</dgpsid></trkpt>
<trkpt lat="29.54138983333333" lon="-96.15950466666666"><ele>40.4</ele><time>2025-12-04T22:51:38.000Z</time><extensions><gpxtpx:TrackPointExtension><gpxtpx:bearing>285.29</gpxtpx:bearing><gpxtpx:speed>25.547209</gpxtpx:speed></gpxtpx:TrackPointExtension></extensions><geoidheight>-23.8</geoidheight><src>gps</src><sat>18</sat><hdop>0.59</hdop><vdop>0.84</vdop><pdop>1.03</pdop><dgpsid>0000</dgpsid></trkpt>
<trkpt lat="29.541762499999997" lon="-96.16105833333334"><ele>40.4</ele><time>2025-12-04T22:51:44.000Z</time><extensions><gpxtpx:TrackPointExtension><gpxtpx:bearing>284.89</gpxtpx:bearing><gpxtpx:speed>26.21017</gpxtpx:speed></gpxtpx:TrackPointExtension></extensions><geoidheight>-23.8</geoidheight><src>gps</src><sat>18</sat><hdop>0.59</hdop><vdop>0.84</vdop><pdop>1.03</pdop><dgpsid>0000</dgpsid></trkpt>
<trkpt lat="29.542134166666663" lon="-96.16263433333333"><ele>39.9</ele><time>2025-12-04T22:51:50.000Z</time><extensions><gpxtpx:TrackPointExtension><gpxtpx:bearing>285.29</gpxtpx:bearing><gpxtpx:speed>26.430986</gpxtpx:speed></gpxtpx:TrackPointExtension></extensions><geoidheight>-23.8</geoidheight><src>gps</src><sat>18</sat><hdop>0.59</hdop><vdop>0.84</vdop><pdop>1.03</pdop><dgpsid>0000</dgpsid></trkpt>
<trkpt lat="29.54251733333333" lon="-96.16422499999999"><ele>40.0</ele><time>2025-12-04T22:51:56.000Z</time><extensions><gpxtpx:TrackPointExtension><gpxtpx:bearing>285.29</gpxtpx:bearing><gpxtpx:speed>26.685259</gpxtpx:speed></gpxtpx:TrackPointExtension></extensions><geoidheight>-23.8</geoidheight><src>gps</src><sat>18</sat><hdop>0.59</hdop><vdop>0.84</vdop><pdop>1.03</pdop><dgpsid>0000</dgpsid></trkpt>
<trkpt lat="29.542897500000002" lon="-96.16581866666665"><ele>39.7</ele><time>2025-12-04T22:52:02.000Z</time><extensions><gpxtpx:TrackPointExtension><gpxtpx:bearing>285.42</gpxtpx:bearing><gpxtpx:speed>26.684744</gpxtpx:speed></gpxtpx:TrackPointExtension></extensions><geoidheight>-23.8</geoidheight><src>gps</src><sat>18</sat><hdop>0.59</hdop><vdop>0.84</vdop><pdop>1.03</pdop><dgpsid>0000</dgpsid></trkpt>
<trkpt lat="29.543281499999996" lon="-96.16740666666668"><ele>40.1</ele><time>2025-12-04T22:52:08.000Z</time><extensions><gpxtpx:TrackPointExtension><gpxtpx:bearing>285.32</gpxtpx:bearing><gpxtpx:speed>26.49018</gpxtpx:speed></gpxtpx:TrackPointExtension></extensions><geoidheight>-23.8</geoidheight><src>gps</src><sat>18</sat><hdop>0.59</hdop><vdop>0.84</vdop><pdop>1.03</pdop><dgpsid>0000</dgpsid></trkpt>
<trkpt lat="29.54365533333333" lon="-96.16898416666666"><ele>40.5</ele><time>2025-12-04T22:52:14.000Z</time><extensions><gpxtpx:TrackPointExtension><gpxtpx:bearing>285.13</gpxtpx:bearing><gpxtpx:speed>26.410912</gpxtpx:speed></gpxtpx:TrackPointExtension></extensions><geoidheight>-23.8</geoidheight><src>gps</src><sat>18</sat><hdop>0.59</hdop><vdop>0.84</vdop><pdop>1.03</pdop><dgpsid>0000</dgpsid></trkpt>
<trkpt lat="29.5440335" lon="-96.1705585"><ele>40.7</ele><time>2025-12-04T22:52:20.000Z</time><extensions><gpxtpx:TrackPointExtension><gpxtpx:bearing>285.38</gpxtpx:bearing><gpxtpx:speed>26.28532</gpxtpx:speed></gpxtpx:TrackPointExtension></extensions><geoidheight>-23.8</geoidheight><src>gps</src><sat>18</sat><hdop>0.59</hdop><vdop>0.84</vdop><pdop>1.03</pdop><dgpsid>0000</dgpsid></trkpt>
<trkpt lat="29.544404166666663" lon="-96.17213250000002"><ele>41.0</ele><time>2025-12-04T22:52:26.000Z</time><extensions><gpxtpx:TrackPointExtension><gpxtpx:bearing>284.87</gpxtpx:bearing><gpxtpx:speed>26.365616</gpxtpx:speed></gpxtpx:TrackPointExtension></extensions><geoidheight>-23.8</geoidheight><src>gps</src><sat>18</sat><hdop>0.59</hdop><vdop>0.84</vdop><pdop>1.03</pdop><dgpsid>0000</dgpsid></trkpt>
<trkpt lat="29.544780666666664" lon="-96.17372333333333"><ele>42.0</ele><time>2025-12-04T22:52:32.000Z</time><extensions><gpxtpx:TrackPointExtension><gpxtpx:bearing>285.15</gpxtpx:bearing><gpxtpx:speed>26.875706</gpxtpx:speed></gpxtpx:TrackPointExtension></extensions><geoidheight>-23.8</geoidheight><src>gps</src><sat>18</sat><hdop>0.59</hdop><vdop>0.84</vdop><pdop>1.02</pdop><dgpsid>0000</dgpsid></trkpt>
<trkpt lat="29.545158666666666" lon="-96.17533049999999"><ele>42.1</ele><time>2025-12-04T22:52:38.000Z</time><extensions><gpxtpx:TrackPointExtension><gpxtpx:bearing>285.33</gpxtpx:bearing><gpxtpx:speed>26.911737</gpxtpx:speed></gpxtpx:TrackPointExtension></extensions><geoidheight>-23.8</geoidheight><src>gps</src><sat>18</sat><hdop>0.61</hdop><vdop>0.86</vdop><pdop>1.06</pdop><dgpsid>0000</dgpsid></trkpt>
<trkpt lat="29.545537833333334" lon="-96.17694600000002"><ele>42.0</ele><time>2025-12-04T22:52:44.000Z</time><extensions><gpxtpx:TrackPointExtension><gpxtpx:bearing>285.31</gpxtpx:bearing><gpxtpx:speed>27.103727</gpxtpx:speed></gpxtpx:TrackPointExtension></extensions><geoidheight>-23.8</geoidheight><src>gps</src><sat>18</sat><hdop>0.61</hdop><vdop>0.86</vdop><pdop>1.06</pdop><dgpsid>0000</dgpsid></trkpt>
<trkpt lat="29.545920666666667" lon="-96.17857166666666"><ele>41.3</ele><time>2025-12-04T22:52:50.000Z</time><extensions><gpxtpx:TrackPointExtension><gpxtpx:bearing>285.63</gpxtpx:bearing><gpxtpx:speed>27.28491</gpxtpx:speed></gpxtpx:TrackPointExtension></extensions><geoidheight>-23.8</geoidheight><src>gps</src><sat>18</sat><hdop>0.61</hdop><vdop>0.86</vdop><pdop>1.06</pdop><dgpsid>0000</dgpsid></trkpt>
<trkpt lat="29.546309833333332" lon="-96.18020700000001"><ele>41.0</ele><time>2025-12-04T22:52:56.000Z</time><extensions><gpxtpx:TrackPointExtension><gpxtpx:bearing>285.21</gpxtpx:bearing><gpxtpx:speed>27.414106</gpxtpx:speed></gpxtpx:TrackPointExtension></extensions><geoidheight>-23.8</geoidheight><src>gps</src><sat>18</sat><hdop>0.61</hdop><vdop>0.86</vdop><pdop>1.06</pdop><dgpsid>0000</dgpsid></trkpt>
<trkpt lat="29.5466295" lon="-96.181573"><ele>40.7</ele><time>2025-12-04T22:53:01.000Z</time><extensions><gpxtpx:TrackPointExtension><gpxtpx:bearing>285.03</gpxtpx:bearing><gpxtpx:speed>27.36109</gpxtpx:speed></gpxtpx:TrackPointExtension></extensions><geoidheight>-23.8</geoidheight><src>gps</src><sat>18</sat><hdop>0.61</hdop><vdop>0.86</vdop><pdop>1.06</pdop><dgpsid>0000</dgpsid></trkpt>
<trkpt lat="29.547013333333332" lon="-96.18319366666668"><ele>40.5</ele><time>2025-12-04T22:53:07.000Z</time><extensions><gpxtpx:TrackPointExtension><gpxtpx:bearing>285.22</gpxtpx:bearing><gpxtpx:speed>26.880339</gpxtpx:speed></gpxtpx:TrackPointExtension></extensions><geoidheight>-23.8</geoidheight><src>gps</src><sat>18</sat><hdop>0.59</hdop><vdop>0.84</vdop><pdop>1.02</pdop><dgpsid>0000</dgpsid></trkpt>
<trkpt lat="29.547393000000003" lon="-96.18479199999999"><ele>39.2</ele><time>2025-12-04T22:53:13.000Z</time><extensions><gpxtpx:TrackPointExtension><gpxtpx:bearing>285.58</gpxtpx:bearing><gpxtpx:speed>26.588491</gpxtpx:speed></gpxtpx:TrackPointExtension></extensions><geoidheight>-23.8</geoidheight><src>gps</src><sat>17</sat><hdop>0.61</hdop><vdop>0.86</vdop><pdop>1.05</pdop><dgpsid>0000</dgpsid></trkpt>
<trkpt lat="29.547770500000002" lon="-96.18638983333334"><ele>38.8</ele><time>2025-12-04T22:53:19.000Z</time><extensions><gpxtpx:TrackPointExtension><gpxtpx:bearing>285.17</gpxtpx:bearing><gpxtpx:speed>26.77482</gpxtpx:speed></gpxtpx:TrackPointExtension></extensions><geoidheight>-23.8</geoidheight><src>gps</src><sat>18</sat><hdop>0.59</hdop><vdop>0.84</vdop><pdop>1.02</pdop><dgpsid>0000</dgpsid></trkpt>
<trkpt lat="29.548151999999998" lon="-96.18798816666667"><ele>37.9</ele><time>2025-12-04T22:53:25.000Z</time><extensions><gpxtpx:TrackPointExtension><gpxtpx:bearing>285.33</gpxtpx:bearing><gpxtpx:speed>26.668274</gpxtpx:speed></gpxtpx:TrackPointExtension></extensions><geoidheight>-23.8</geoidheight><src>gps</src><sat>18</sat><hdop>0.59</hdop><vdop>0.84</vdop><pdop>1.02</pdop><dgpsid>0000</dgpsid></trkpt>
<trkpt lat="29.548525" lon="-96.18955966666665"><ele>38.2</ele><time>2025-12-04T22:53:31.000Z</time><extensions><gpxtpx:TrackPointExtension><gpxtpx:bearing>285.0</gpxtpx:bearing><gpxtpx:speed>26.182375</gpxtpx:speed></gpxtpx:TrackPointExtension></extensions><geoidheight>-23.8</geoidheight><src>gps</src><sat>18</sat><hdop>0.61</hdop><vdop>0.86</vdop><pdop>1.05</pdop><dgpsid>0000</dgpsid></trkpt>
<trkpt lat="29.548895666666667" lon="-96.19111566666668"><ele>39.4</ele><time>2025-12-04T22:53:37.000Z</time><extensions><gpxtpx:TrackPointExtension><gpxtpx:bearing>285.23</gpxtpx:bearing><gpxtpx:speed>26.103107</gpxtpx:speed></gpxtpx:TrackPointExtension></extensions><geoidheight>-23.8</geoidheight><src>gps</src><sat>18</sat><hdop>0.61</hdop><vdop>0.86</vdop><pdop>1.05</pdop><dgpsid>0000</dgpsid></trkpt>
<trkpt lat="29.549265833333333" lon="-96.1926735"><ele>39.6</ele><time>2025-12-04T22:53:43.000Z</time><extensions><gpxtpx:TrackPointExtension><gpxtpx:bearing>284.99</gpxtpx:bearing><gpxtpx:speed>26.109285</gpxtpx:speed></gpxtpx:TrackPointExtension></extensions><geoidheight>-23.8</geoidheight><src>gps</src><sat>18</sat><hdop>0.59</hdop><vdop>0.84</vdop><pdop>1.02</pdop><dgpsid>0000</dgpsid></trkpt>
<trkpt lat="29.549630666666665" lon="-96.19422566666665"><ele>39.9</ele><time>2025-12-04T22:53:49.000Z</time><extensions><gpxtpx:TrackPointExtension><gpxtpx:bearing>285.14</gpxtpx:bearing><gpxtpx:speed>26.01612</gpxtpx:speed></gpxtpx:TrackPointExtension></extensions><geoidheight>-23.8</geoidheight><src>gps</src><sat>18</sat><hdop>0.59</hdop><vdop>0.84</vdop><pdop>1.02</pdop><dgpsid>0000</dgpsid></trkpt>
<trkpt lat="29.550002499999998" lon="-96.19579183333332"><ele>39.0</ele><time>2025-12-04T22:53:55.000Z</time><extensions><gpxtpx:TrackPointExtension><gpxtpx:bearing>285.51</gpxtpx:bearing><gpxtpx:speed>26.437677</gpxtpx:speed></gpxtpx:TrackPointExtension></extensions><geoidheight>-23.8</geoidheight><src>gps</src><sat>18</sat><hdop>0.59</hdop><vdop>0.84</vdop><pdop>1.02</pdop><dgpsid>0000</dgpsid></trkpt>
<trkpt lat="29.550375" lon="-96.19736566666667"><ele>38.4</ele><time>2025-12-04T22:54:01.000Z</time><extensions><gpxtpx:TrackPointExtension><gpxtpx:bearing>285.47</gpxtpx:bearing><gpxtpx:speed>26.178772</gpxtpx:speed></gpxtpx:TrackPointExtension></extensions><geoidheight>-23.8</geoidheight><src>gps</src><sat>18</sat><hdop>0.59</hdop><vdop>0.84</vdop><pdop>1.02</pdop><dgpsid>0000</dgpsid></trkpt>
<trkpt lat="29.550749000000003" lon="-96.1989215"><ele>37.9</ele><time>2025-12-04T22:54:07.000Z</time><extensions><gpxtpx:TrackPointExtension><gpxtpx:bearing>285.17</gpxtpx:bearing><gpxtpx:speed>25.974943</gpxtpx:speed></gpxtpx:TrackPointExtension></extensions><geoidheight>-23.8</geoidheight><src>gps</src><sat>18</sat><hdop>0.64</hdop><vdop>0.92</vdop><pdop>1.13</pdop><dgpsid>0000</dgpsid></trkpt>
<trkpt lat="29.551114999999996" lon="-96.20046866666668"><ele>37.1</ele><time>2025-12-04T22:54:13.000Z</time><extensions><gpxtpx:TrackPointExtension><gpxtpx:bearing>285.3</gpxtpx:bearing><gpxtpx:speed>25.989355</gpxtpx:speed></gpxtpx:TrackPointExtension></extensions><geoidheight>-23.8</geoidheight><src>gps</src><sat>18</sat><hdop>0.59</hdop><vdop>0.83</vdop><pdop>1.02</pdop><dgpsid>0000</dgpsid></trkpt>
<trkpt lat="29.551482166666666" lon="-96.20201399999999"><ele>37.7</ele><time>2025-12-04T22:54:19.000Z</time><extensions><gpxtpx:TrackPointExtension><gpxtpx:bearing>285.31</gpxtpx:bearing><gpxtpx:speed>25.807657</gpxtpx:speed></gpxtpx:TrackPointExtension></extensions><geoidheight>-23.8</geoidheight><src>gps</src><sat>18</sat><hdop>0.62</hdop><vdop>0.86</vdop><pdop>1.06</pdop><dgpsid>0000</dgpsid></trkpt>
<trkpt lat="29.551852166666663" lon="-96.20355766666668"><ele>37.4</ele><time>2025-12-04T22:54:25.000Z</time><extensions><gpxtpx:TrackPointExtension><gpxtpx:bearing>285.22</gpxtpx:bearing><gpxtpx:speed>25.900822</gpxtpx:speed></gpxtpx:TrackPointExtension></extensions><geoidheight>-23.8</geoidheight><src>gps</src><sat>18</sat><hdop>0.61</hdop><vdop>0.89</vdop><pdop>1.08</pdop><dgpsid>0000</dgpsid></trkpt>
<trkpt lat="29.552228500000002" lon="-96.20512016666667"><ele>37.9</ele><time>2025-12-04T22:54:31.000Z</time><extensions><gpxtpx:TrackPointExtension><gpxtpx:bearing>285.37</gpxtpx:bearing><gpxtpx:speed>26.20914</gpxtpx:speed></gpxtpx:TrackPointExtension></extensions><geoidheight>-23.8</geoidheight><src>gps</src><sat>18</sat><hdop>0.61</hdop><vdop>0.89</vdop><pdop>1.08</pdop><dgpsid>0000</dgpsid></trkpt>
<trkpt lat="29.55259866666667" lon="-96.20668616666666"><ele>39.6</ele><time>2025-12-04T22:54:37.000Z</time><extensions><gpxtpx:TrackPointExtension><gpxtpx:bearing>285.12</gpxtpx:bearing><gpxtpx:speed>26.103107</gpxtpx:speed></gpxtpx:TrackPointExtension></extensions><geoidheight>-23.8</geoidheight><src>gps</src><sat>18</sat><hdop>0.61</hdop><vdop>0.86</vdop><pdop>1.05</pdop><dgpsid>0000</dgpsid></trkpt>
<trkpt lat="29.552972333333333" lon="-96.20824233333333"><ele>40.6</ele><time>2025-12-04T22:54:43.000Z</time><extensions><gpxtpx:TrackPointExtension><gpxtpx:bearing>285.23</gpxtpx:bearing><gpxtpx:speed>26.041857</gpxtpx:speed></gpxtpx:TrackPointExtension></extensions><geoidheight>-23.8</geoidheight><src>gps</src><sat>18</sat><hdop>0.59</hdop><vdop>0.83</vdop><pdop>1.02</pdop><dgpsid>0000</dgpsid></trkpt>
<trkpt lat="29.55333783333333" lon="-96.20980133333333"><ele>41.1</ele><time>2025-12-04T22:54:49.000Z</time><extensions><gpxtpx:TrackPointExtension><gpxtpx:bearing>285.02</gpxtpx:bearing><gpxtpx:speed>26.142227</gpxtpx:speed></gpxtpx:TrackPointExtension></extensions><geoidheight>-23.8</geoidheight><src>gps</src><sat>18</sat><hdop>0.61</hdop><vdop>0.86</vdop><pdop>1.05</pdop><dgpsid>0000</dgpsid></trkpt>
<trkpt lat="29.553713000000002" lon="-96.21136633333332"><ele>41.4</ele><time>2025-12-04T22:54:55.000Z</time><extensions><gpxtpx:TrackPointExtension><gpxtpx:bearing>285.53</gpxtpx:bearing><gpxtpx:speed>26.346058</gpxtpx:speed></gpxtpx:TrackPointExtension></extensions><geoidheight>-23.8</geoidheight><src>gps</src><sat>18</sat><hdop>0.59</hdop><vdop>0.83</vdop><pdop>1.02</pdop><dgpsid>0000</dgpsid></trkpt>
<trkpt lat="29.554092666666666" lon="-96.21293983333335"><ele>41.1</ele><time>2025-12-04T22:55:01.000Z</time><extensions><gpxtpx:TrackPointExtension><gpxtpx:bearing>285.65</gpxtpx:bearing><gpxtpx:speed>26.345543</gpxtpx:speed></gpxtpx:TrackPointExtension></extensions><geoidheight>-23.8</geoidheight><src>gps</src><sat>18</sat><hdop>0.61</hdop><vdop>0.85</vdop><pdop>1.05</pdop><dgpsid>0000</dgpsid></trkpt>
<trkpt lat="29.554464666666664" lon="-96.21450583333332"><ele>42.2</ele><time>2025-12-04T22:55:07.000Z</time><extensions><gpxtpx:TrackPointExtension><gpxtpx:bearing>284.96</gpxtpx:bearing><gpxtpx:speed>26.110828</gpxtpx:speed></gpxtpx:TrackPointExtension></extensions><geoidheight>-23.8</geoidheight><src>gps</src><sat>18</sat><hdop>0.61</hdop><vdop>0.85</vdop><pdop>1.05</pdop><dgpsid>0000</dgpsid></trkpt>
<trkpt lat="29.55483133333333" lon="-96.21605383333332"><ele>42.2</ele><time>2025-12-04T22:55:13.000Z</time><extensions><gpxtpx:TrackPointExtension><gpxtpx:bearing>285.48</gpxtpx:bearing><gpxtpx:speed>25.828762</gpxtpx:speed></gpxtpx:TrackPointExtension></extensions><geoidheight>-23.8</geoidheight><src>gps</src><sat>18</sat><hdop>0.59</hdop><vdop>0.83</vdop><pdop>1.02</pdop><dgpsid>0000</dgpsid></trkpt>
<trkpt lat="29.555191166666667" lon="-96.21757299999999"><ele>42.5</ele><time>2025-12-04T22:55:19.000Z</time><extensions><gpxtpx:TrackPointExtension><gpxtpx:bearing>285.2</gpxtpx:bearing><gpxtpx:speed>25.282125</gpxtpx:speed></gpxtpx:TrackPointExtension></extensions><geoidheight>-23.8</geoidheight><src>gps</src><sat>18</sat><hdop>0.59</hdop><vdop>0.83</vdop><pdop>1.02</pdop><dgpsid>0000</dgpsid></trkpt>
<trkpt lat="29.555548666666663" lon="-96.21909849999999"><ele>42.5</ele><time>2025-12-04T22:55:25.000Z</time><extensions><gpxtpx:TrackPointExtension><gpxtpx:bearing>285.18</gpxtpx:bearing><gpxtpx:speed>25.711405</gpxtpx:speed></gpxtpx:TrackPointExtension></extensions><geoidheight>-23.8</geoidheight><src>gps</src><sat>18</sat><hdop>0.64</hdop><vdop>0.91</vdop><pdop>1.12</pdop><dgpsid>0000</dgpsid></trkpt>
<trkpt lat="29.555929666666664" lon="-96.22063933333332"><ele>42.9</ele><time>2025-12-04T22:55:31.000Z</time><extensions><gpxtpx:TrackPointExtension><gpxtpx:bearing>285.82</gpxtpx:bearing><gpxtpx:speed>26.052666</gpxtpx:speed></gpxtpx:TrackPointExtension></extensions><geoidheight>-23.8</geoidheight><src>gps</src><sat>18</sat><hdop>0.66</hdop><vdop>0.94</vdop><pdop>1.15</pdop><dgpsid>0000</dgpsid></trkpt>
<trkpt lat="29.556307500000003" lon="-96.22220133333333"><ele>43.6</ele><time>2025-12-04T22:55:37.000Z</time><extensions><gpxtpx:TrackPointExtension><gpxtpx:bearing>285.39</gpxtpx:bearing><gpxtpx:speed>26.304365</gpxtpx:speed></gpxtpx:TrackPointExtension></extensions><geoidheight>-23.8</geoidheight><src>gps</src><sat>18</sat><hdop>0.59</hdop><vdop>0.83</vdop><pdop>1.02</pdop><dgpsid>0000</dgpsid></trkpt>
<trkpt lat="29.556678499999997" lon="-96.22375583333333"><ele>43.8</ele><time>2025-12-04T22:55:43.000Z</time><extensions><gpxtpx:TrackPointExtension><gpxtpx:bearing>285.46</gpxtpx:bearing><gpxtpx:speed>25.688242</gpxtpx:speed></gpxtpx:TrackPointExtension></extensions><geoidheight>-23.8</geoidheight><src>gps</src><sat>17</sat><hdop>0.59</hdop><vdop>0.84</vdop><pdop>1.03</pdop><dgpsid>0000</dgpsid></trkpt>
<trkpt lat="29.557035666666668" lon="-96.225272"><ele>43.9</ele><time>2025-12-04T22:55:49.000Z</time><extensions><gpxtpx:TrackPointExtension><gpxtpx:bearing>284.94</gpxtpx:bearing><gpxtpx:speed>25.158077</gpxtpx:speed></gpxtpx:TrackPointExtension></extensions><geoidheight>-23.8</geoidheight><src>gps</src><sat>17</sat><hdop>0.59</hdop><vdop>0.83</vdop><pdop>1.01</pdop><dgpsid>0000</dgpsid></trkpt>
<trkpt lat="29.557395166666666" lon="-96.22678633333335"><ele>44.8</ele><time>2025-12-04T22:55:55.000Z</time><extensions><gpxtpx:TrackPointExtension><gpxtpx:bearing>285.18</gpxtpx:bearing><gpxtpx:speed>25.584784</gpxtpx:speed></gpxtpx:TrackPointExtension></extensions><geoidheight>-23.8</geoidheight><src>gps</src><sat>18</sat><hdop>0.59</hdop><vdop>0.83</vdop><pdop>1.01</pdop><dgpsid>0000</dgpsid></trkpt>
<trkpt lat="29.55775683333333" lon="-96.22833"><ele>44.9</ele><time>2025-12-04T22:56:01.000Z</time><extensions><gpxtpx:TrackPointExtension><gpxtpx:bearing>285.51</gpxtpx:bearing><gpxtpx:speed>25.949205</gpxtpx:speed></gpxtpx:TrackPointExtension></extensions><geoidheight>-23.8</geoidheight><src>gps</src><sat>18</sat><hdop>0.59</hdop><vdop>0.83</vdop><pdop>1.01</pdop><dgpsid>0000</dgpsid></trkpt>
<trkpt lat="29.5581365" lon="-96.22988233333332"><ele>45.2</ele><time>2025-12-04T22:56:07.000Z</time><extensions><gpxtpx:TrackPointExtension><gpxtpx:bearing>285.2</gpxtpx:bearing><gpxtpx:speed>26.1448</gpxtpx:speed></gpxtpx:TrackPointExtension></extensions><geoidheight>-23.8</geoidheight><src>gps</src><sat>18</sat><hdop>0.59</hdop><vdop>0.83</vdop><pdop>1.01</pdop><dgpsid>0000</dgpsid></trkpt>
<trkpt lat="29.558498" lon="-96.23144283333335"><ele>45.3</ele><time>2025-12-04T22:56:13.000Z</time><extensions><gpxtpx:TrackPointExtension><gpxtpx:bearing>284.86</gpxtpx:bearing><gpxtpx:speed>26.01612</gpxtpx:speed></gpxtpx:TrackPointExtension></extensions><geoidheight>-23.8</geoidheight><src>gps</src><sat>18</sat><hdop>0.59</hdop><vdop>0.83</vdop><pdop>1.01</pdop><dgpsid>0000</dgpsid></trkpt>
<trkpt lat="29.558867666666668" lon="-96.23299833333334"><ele>45.7</ele><time>2025-12-04T22:56:19.000Z</time><extensions><gpxtpx:TrackPointExtension><gpxtpx:bearing>285.25</gpxtpx:bearing><gpxtpx:speed>26.180832</gpxtpx:speed></gpxtpx:TrackPointExtension></extensions><geoidheight>-23.8</geoidheight><src>gps</src><sat>18</sat><hdop>0.59</hdop><vdop>0.83</vdop><pdop>1.01</pdop><dgpsid>0000</dgpsid></trkpt>
<trkpt lat="29.559240999999997" lon="-96.23457549999999"><ele>45.8</ele><time>2025-12-04T22:56:25.000Z</time><extensions><gpxtpx:TrackPointExtension><gpxtpx:bearing>285.53</gpxtpx:bearing><gpxtpx:speed>26.494812</gpxtpx:speed></gpxtpx:TrackPointExtension></extensions><geoidheight>-23.8</geoidheight><src>gps</src><sat>18</sat><hdop>0.59</hdop><vdop>0.83</vdop><pdop>1.01</pdop><dgpsid>0000</dgpsid></trkpt>
<trkpt lat="29.559617166666666" lon="-96.23616183333334"><ele>46.0</ele><time>2025-12-04T22:56:31.000Z</time><extensions><gpxtpx:TrackPointExtension><gpxtpx:bearing>284.77</gpxtpx:bearing><gpxtpx:speed>26.44128</gpxtpx:speed></gpxtpx:TrackPointExtension></extensions><geoidheight>-23.8</geoidheight><src>gps</src><sat>18</sat><hdop>0.59</hdop><vdop>0.83</vdop><pdop>1.01</pdop><dgpsid>0000</dgpsid></trkpt>
<trkpt lat="29.559991833333335" lon="-96.23773449999999"><ele>46.0</ele><time>2025-12-04T22:56:37.000Z</time><extensions><gpxtpx:TrackPointExtension><gpxtpx:bearing>285.13</gpxtpx:bearing><gpxtpx:speed>26.408339</gpxtpx:speed></gpxtpx:TrackPointExtension></extensions><geoidheight>-23.8</geoidheight><src>gps</src><sat>18</sat><hdop>0.59</hdop><vdop>0.83</vdop><pdop>1.01</pdop><dgpsid>0000</dgpsid></trkpt>
<trkpt lat="29.5603695" lon="-96.23930566666668"><ele>46.5</ele><time>2025-12-04T22:56:43.000Z</time><extensions><gpxtpx:TrackPointExtension><gpxtpx:bearing>285.58</gpxtpx:bearing><gpxtpx:speed>26.343998</gpxtpx:speed></gpxtpx:TrackPointExtension></extensions><geoidheight>-23.8</geoidheight><src>gps</src><sat>18</sat><hdop>0.59</hdop><vdop>0.82</vdop><pdop>1.01</pdop><dgpsid>0000</dgpsid></trkpt>
<trkpt lat="29.56074533333333" lon="-96.24087916666667"><ele>47.1</ele><time>2025-12-04T22:56:49.000Z</time><extensions><gpxtpx:TrackPointExtension><gpxtpx:bearing>285.01</gpxtpx:bearing><gpxtpx:speed>26.414</gpxtpx:speed></gpxtpx:TrackPointExtension></extensions><geoidheight>-23.8</geoidheight><src>gps</src><sat>18</sat><hdop>0.59</hdop><vdop>0.82</vdop><pdop>1.01</pdop><dgpsid>0000</dgpsid></trkpt>
<trkpt lat="29.561125666666666" lon="-96.24248100000001"><ele>47.7</ele><time>2025-12-04T22:56:55.000Z</time><extensions><gpxtpx:TrackPointExtension><gpxtpx:bearing>285.13</gpxtpx:bearing><gpxtpx:speed>27.165495</gpxtpx:speed></gpxtpx:TrackPointExtension></extensions><geoidheight>-23.8</geoidheight><src>gps</src><sat>18</sat><hdop>0.61</hdop><vdop>0.85</vdop><pdop>1.04</pdop><dgpsid>0000</dgpsid></trkpt>
<trkpt lat="29.561512999999998" lon="-96.24411766666665"><ele>47.7</ele><time>2025-12-04T22:57:01.000Z</time><extensions><gpxtpx:TrackPointExtension><gpxtpx:bearing>285.03</gpxtpx:bearing><gpxtpx:speed>27.542786</gpxtpx:speed></gpxtpx:TrackPointExtension></extensions><geoidheight>-23.8</geoidheight><src>gps</src><sat>19</sat><hdop>0.56</hdop><vdop>0.77</vdop><pdop>0.95</pdop><dgpsid>0000</dgpsid></trkpt>
<trkpt lat="29.561912333333332" lon="-96.24575883333334"><ele>47.1</ele><time>2025-12-04T22:57:07.000Z</time><extensions><gpxtpx:TrackPointExtension><gpxtpx:bearing>285.24</gpxtpx:bearing><gpxtpx:speed>27.599405</gpxtpx:speed></gpxtpx:TrackPointExtension></extensions><geoidheight>-23.8</geoidheight><src>gps</src><sat>19</sat><hdop>0.58</hdop><vdop>0.79</vdop><pdop>0.98</pdop><dgpsid>0000</dgpsid></trkpt>
<trkpt lat="29.562301499999997" lon="-96.24740016666668"><ele>46.5</ele><time>2025-12-04T22:57:13.000Z</time><extensions><gpxtpx:TrackPointExtension><gpxtpx:bearing>285.24</gpxtpx:bearing><gpxtpx:speed>27.431606</gpxtpx:speed></gpxtpx:TrackPointExtension></extensions><geoidheight>-23.8</geoidheight><src>gps</src><sat>19</sat><hdop>0.56</hdop><vdop>0.77</vdop><pdop>0.95</pdop><dgpsid>0000</dgpsid></trkpt>
<trkpt lat="29.562683999999997" lon="-96.24903133333333"><ele>46.6</ele><time>2025-12-04T22:57:19.000Z</time><extensions><gpxtpx:TrackPointExtension><gpxtpx:bearing>285.11</gpxtpx:bearing><gpxtpx:speed>27.364693</gpxtpx:speed></gpxtpx:TrackPointExtension></extensions><geoidheight>-23.8</geoidheight><src>gps</src><sat>19</sat><hdop>0.56</hdop><vdop>0.77</vdop><pdop>0.95</pdop><dgpsid>0000</dgpsid></trkpt>
<trkpt lat="29.56306983333333" lon="-96.25066016666666"><ele>46.6</ele><time>2025-12-04T22:57:25.000Z</time><extensions><gpxtpx:TrackPointExtension><gpxtpx:bearing>285.18</gpxtpx:bearing><gpxtpx:speed>27.194834</gpxtpx:speed></gpxtpx:TrackPointExtension></extensions><geoidheight>-23.8</geoidheight><src>gps</src><sat>19</sat><hdop>0.56</hdop><vdop>0.77</vdop><pdop>0.95</pdop><dgpsid>0000</dgpsid></trkpt>
<trkpt lat="29.563458333333333" lon="-96.25228166666666"><ele>46.3</ele><time>2025-12-04T22:57:31.000Z</time><extensions><gpxtpx:TrackPointExtension><gpxtpx:bearing>285.47</gpxtpx:bearing><gpxtpx:speed>27.100124</gpxtpx:speed></gpxtpx:TrackPointExtension></extensions><geoidheight>-23.8</geoidheight><src>gps</src><sat>19</sat><hdop>0.56</hdop><vdop>0.77</vdop><pdop>0.95</pdop><dgpsid>0000</dgpsid></trkpt>
<trkpt lat="29.563838333333333" lon="-96.25389533333333"><ele>47.1</ele><time>2025-12-04T22:57:37.000Z</time><extensions><gpxtpx:TrackPointExtension><gpxtpx:bearing>285.14</gpxtpx:bearing><gpxtpx:speed>26.871073</gpxtpx:speed></gpxtpx:TrackPointExtension></extensions><geoidheight>-23.8</geoidheight><src>gps</src><sat>19</sat><hdop>0.56</hdop><vdop>0.77</vdop><pdop>0.95</pdop><dgpsid>0000</dgpsid></trkpt>
<trkpt lat="29.56422016666667" lon="-96.255523"><ele>47.8</ele><time>2025-12-04T22:57:43.000Z</time><extensions><gpxtpx:TrackPointExtension><gpxtpx:bearing>285.06</gpxtpx:bearing><gpxtpx:speed>27.554625</gpxtpx:speed></gpxtpx:TrackPointExtension></extensions><geoidheight>-23.8</geoidheight><src>gps</src><sat>19</sat><hdop>0.56</hdop><vdop>0.77</vdop><pdop>0.95</pdop><dgpsid>0000</dgpsid></trkpt>
<trkpt lat="29.564614833333334" lon="-96.25717883333333"><ele>48.5</ele><time>2025-12-04T22:57:49.000Z</time><extensions><gpxtpx:TrackPointExtension><gpxtpx:bearing>285.2</gpxtpx:bearing><gpxtpx:speed>27.985447</gpxtpx:speed></gpxtpx:TrackPointExtension></extensions><geoidheight>-23.8</geoidheight><src>gps</src><sat>19</sat><hdop>0.56</hdop><vdop>0.77</vdop><pdop>0.95</pdop><dgpsid>0000</dgpsid></trkpt>
<trkpt lat="29.565012166666666" lon="-96.2588625"><ele>49.2</ele><time>2025-12-04T22:57:55.000Z</time><extensions><gpxtpx:TrackPointExtension><gpxtpx:bearing>285.2</gpxtpx:bearing><gpxtpx:speed>28.297369</gpxtpx:speed></gpxtpx:TrackPointExtension></extensions><geoidheight>-23.8</geoidheight><src>gps</src><sat>19</sat><hdop>0.56</hdop><vdop>0.77</vdop><pdop>0.95</pdop><dgpsid>0000</dgpsid></trkpt>
<trkpt lat="29.56541516666667" lon="-96.26054716666667"><ele>49.5</ele><time>2025-12-04T22:58:01.000Z</time><extensions><gpxtpx:TrackPointExtension><gpxtpx:bearing>285.31</gpxtpx:bearing><gpxtpx:speed>28.174866</gpxtpx:speed></gpxtpx:TrackPointExtension></extensions><geoidheight>-23.8</geoidheight><src>gps</src><sat>18</sat><hdop>0.64</hdop><vdop>0.83</vdop><pdop>1.04</pdop><dgpsid>0000</dgpsid></trkpt>
<trkpt lat="29.56581883333333" lon="-96.26222383333334"><ele>50.1</ele><time>2025-12-04T22:58:07.000Z</time><extensions><gpxtpx:TrackPointExtension><gpxtpx:bearing>284.74</gpxtpx:bearing><gpxtpx:speed>28.117731</gpxtpx:speed></gpxtpx:TrackPointExtension></extensions><geoidheight>-23.8</geoidheight><src>gps</src><sat>19</sat><hdop>0.56</hdop><vdop>0.77</vdop><pdop>0.95</pdop><dgpsid>0000</dgpsid></trkpt>
<trkpt lat="29.566212333333336" lon="-96.26390233333335"><ele>50.3</ele><time>2025-12-04T22:58:13.000Z</time><extensions><gpxtpx:TrackPointExtension><gpxtpx:bearing>284.97</gpxtpx:bearing><gpxtpx:speed>28.10229</gpxtpx:speed></gpxtpx:TrackPointExtension></extensions><geoidheight>-23.8</geoidheight><src>gps</src><sat>19</sat><hdop>0.56</hdop><vdop>0.77</vdop><pdop>0.95</pdop><dgpsid>0000</dgpsid></trkpt>
<trkpt lat="29.566611833333333" lon="-96.265584"><ele>50.8</ele><time>2025-12-04T22:58:19.000Z</time><extensions><gpxtpx:TrackPointExtension><gpxtpx:bearing>285.28</gpxtpx:bearing><gpxtpx:speed>28.400827</gpxtpx:speed></gpxtpx:TrackPointExtension></extensions><geoidheight>-23.8</geoidheight><src>gps</src><sat>19</sat><hdop>0.56</hdop><vdop>0.77</vdop><pdop>0.95</pdop><dgpsid>0000</dgpsid></trkpt>
<trkpt lat="29.567008499999996" lon="-96.26726783333334"><ele>51.3</ele><time>2025-12-04T22:58:25.000Z</time><extensions><gpxtpx:TrackPointExtension><gpxtpx:bearing>285.49</gpxtpx:bearing><gpxtpx:speed>28.116186</gpxtpx:speed></gpxtpx:TrackPointExtension></extensions><geoidheight>-23.8</geoidheight><src>gps</src><sat>19</sat><hdop>0.56</hdop><vdop>0.77</vdop><pdop>0.95</pdop><dgpsid>0000</dgpsid></trkpt>
<trkpt lat="29.56741266666667" lon="-96.26894566666667"><ele>51.7</ele><time>2025-12-04T22:58:31.000Z</time><extensions><gpxtpx:TrackPointExtension><gpxtpx:bearing>284.78</gpxtpx:bearing><gpxtpx:speed>28.042067</gpxtpx:speed></gpxtpx:TrackPointExtension></extensions><geoidheight>-23.8</geoidheight><src>gps</src><sat>19</sat><hdop>0.59</hdop><vdop>0.83</vdop><pdop>1.02</pdop><dgpsid>0000</dgpsid></trkpt>
<trkpt lat="29.567809333333336" lon="-96.27062066666667"><ele>51.6</ele><time>2025-12-04T22:58:37.000Z</time><extensions><gpxtpx:TrackPointExtension><gpxtpx:bearing>285.46</gpxtpx:bearing><gpxtpx:speed>27.86037</gpxtpx:speed></gpxtpx:TrackPointExtension></extensions><geoidheight>-23.8</geoidheight><src>gps</src><sat>18</sat><hdop>0.59</hdop><vdop>0.83</vdop><pdop>1.02</pdop><dgpsid>0000</dgpsid></trkpt>
<trkpt lat="29.568199333333336" lon="-96.2722495"><ele>51.5</ele><time>2025-12-04T22:58:43.000Z</time><extensions><gpxtpx:TrackPointExtension><gpxtpx:bearing>285.13</gpxtpx:bearing><gpxtpx:speed>26.89681</gpxtpx:speed></gpxtpx:TrackPointExtension></extensions><geoidheight>-23.8</geoidheight><src>gps</src><sat>19</sat><hdop>0.60</hdop><vdop>0.79</vdop><pdop>0.99</pdop><dgpsid>0000</dgpsid></trkpt>
<trkpt lat="29.568575166666665" lon="-96.27385283333334"><ele>51.2</ele><time>2025-12-04T22:58:49.000Z</time><extensions><gpxtpx:TrackPointExtension><gpxtpx:bearing>285.11</gpxtpx:bearing><gpxtpx:speed>26.698128</gpxtpx:speed></gpxtpx:TrackPointExtension></extensions><geoidheight>-23.8</geoidheight><src>gps</src><sat>19</sat><hdop>0.64</hdop><vdop>0.82</vdop><pdop>1.04</pdop><dgpsid>0000</dgpsid></trkpt>
<trkpt lat="29.56895266666667" lon="-96.27544833333334"><ele>51.6</ele><time>2025-12-04T22:58:55.000Z</time><extensions><gpxtpx:TrackPointExtension><gpxtpx:bearing>285.37</gpxtpx:bearing><gpxtpx:speed>26.725407</gpxtpx:speed></gpxtpx:TrackPointExtension></extensions><geoidheight>-23.8</geoidheight><src>gps</src><sat>19</sat><hdop>0.64</hdop><vdop>0.82</vdop><pdop>1.04</pdop><dgpsid>0000</dgpsid></trkpt>
<trkpt lat="29.569332" lon="-96.27704366666667"><ele>51.6</ele><time>2025-12-04T22:59:01.000Z</time><extensions><gpxtpx:TrackPointExtension><gpxtpx:bearing>284.99</gpxtpx:bearing><gpxtpx:speed>26.747026</gpxtpx:speed></gpxtpx:TrackPointExtension></extensions><geoidheight>-23.8</geoidheight><src>gps</src><sat>19</sat><hdop>0.56</hdop><vdop>0.76</vdop><pdop>0.95</pdop><dgpsid>0000</dgpsid></trkpt>
<trkpt lat="29.569715166666665" lon="-96.27864366666667"><ele>51.9</ele><time>2025-12-04T22:59:07.000Z</time><extensions><gpxtpx:TrackPointExtension><gpxtpx:bearing>285.2</gpxtpx:bearing><gpxtpx:speed>26.842249</gpxtpx:speed></gpxtpx:TrackPointExtension></extensions><geoidheight>-23.8</geoidheight><src>gps</src><sat>19</sat><hdop>0.56</hdop><vdop>0.76</vdop><pdop>0.95</pdop><dgpsid>0000</dgpsid></trkpt>
<trkpt lat="29.57009816666667" lon="-96.28024616666669"><ele>51.8</ele><time>2025-12-04T22:59:13.000Z</time><extensions><gpxtpx:TrackPointExtension><gpxtpx:bearing>285.22</gpxtpx:bearing><gpxtpx:speed>26.920486</gpxtpx:speed></gpxtpx:TrackPointExtension></extensions><geoidheight>-23.8</geoidheight><src>gps</src><sat>19</sat><hdop>0.56</hdop><vdop>0.76</vdop><pdop>0.95</pdop><dgpsid>0000</dgpsid></trkpt>
<trkpt lat="29.570481499999996" lon="-96.28185049999999"><ele>52.0</ele><time>2025-12-04T22:59:19.000Z</time><extensions><gpxtpx:TrackPointExtension><gpxtpx:bearing>285.02</gpxtpx:bearing><gpxtpx:speed>26.873133</gpxtpx:speed></gpxtpx:TrackPointExtension></extensions><geoidheight>-23.8</geoidheight><src>gps</src><sat>19</sat><hdop>0.56</hdop><vdop>0.76</vdop><pdop>0.95</pdop><dgpsid>0000</dgpsid></trkpt>
<trkpt lat="29.570860666666665" lon="-96.2834525"><ele>51.9</ele><time>2025-12-04T22:59:25.000Z</time><extensions><gpxtpx:TrackPointExtension><gpxtpx:bearing>285.07</gpxtpx:bearing><gpxtpx:speed>26.898354</gpxtpx:speed></gpxtpx:TrackPointExtension></extensions><geoidheight>-23.8</geoidheight><src>gps</src><sat>19</sat><hdop>0.56</hdop><vdop>0.76</vdop><pdop>0.95</pdop><dgpsid>0000</dgpsid></trkpt>
<trkpt lat="29.571242999999996" lon="-96.2850615"><ele>52.0</ele><time>2025-12-04T22:59:31.000Z</time><extensions><gpxtpx:TrackPointExtension><gpxtpx:bearing>285.08</gpxtpx:bearing><gpxtpx:speed>27.023432</gpxtpx:speed></gpxtpx:TrackPointExtension></extensions><geoidheight>-23.8</geoidheight><src>gps</src><sat>19</sat><hdop>0.60</hdop><vdop>0.79</vdop><pdop>0.99</pdop><dgpsid>0000</dgpsid></trkpt>
<trkpt lat="29.571623" lon="-96.28667816666666"><ele>52.5</ele><time>2025-12-04T22:59:37.000Z</time><extensions><gpxtpx:TrackPointExtension><gpxtpx:bearing>285.46</gpxtpx:bearing><gpxtpx:speed>27.122257</gpxtpx:speed></gpxtpx:TrackPointExtension></extensions><geoidheight>-23.8</geoidheight><src>gps</src><sat>19</sat><hdop>0.60</hdop><vdop>0.79</vdop><pdop>0.99</pdop><dgpsid>0000</dgpsid></trkpt>
<trkpt lat="29.572007999999997" lon="-96.28830033333334"><ele>52.4</ele><time>2025-12-04T22:59:43.000Z</time><extensions><gpxtpx:TrackPointExtension><gpxtpx:bearing>285.03</gpxtpx:bearing><gpxtpx:speed>27.12123</gpxtpx:speed></gpxtpx:TrackPointExtension></extensions><geoidheight>-23.8</geoidheight><src>gps</src><sat>19</sat><hdop>0.60</hdop><vdop>0.79</vdop><pdop>0.99</pdop><dgpsid>0000</dgpsid></trkpt>
<trkpt lat="29.572392833333332" lon="-96.28992566666666"><ele>52.5</ele><time>2025-12-04T22:59:49.000Z</time><extensions><gpxtpx:TrackPointExtension><gpxtpx:bearing>285.39</gpxtpx:bearing><gpxtpx:speed>27.225718</gpxtpx:speed></gpxtpx:TrackPointExtension></extensions><geoidheight>-23.8</geoidheight><src>gps</src><sat>18</sat><hdop>0.60</hdop><vdop>0.79</vdop><pdop>0.99</pdop><dgpsid>0000</dgpsid></trkpt>
<trkpt lat="29.572779" lon="-96.29154799999999"><ele>52.9</ele><time>2025-12-04T22:59:55.000Z</time><extensions><gpxtpx:TrackPointExtension><gpxtpx:bearing>285.07</gpxtpx:bearing><gpxtpx:speed>27.137184</gpxtpx:speed></gpxtpx:TrackPointExtension></extensions><geoidheight>-23.8</geoidheight><src>gps</src><sat>18</sat><hdop>0.60</hdop><vdop>0.79</vdop><pdop>0.99</pdop><dgpsid>0000</dgpsid></trkpt>
<trkpt lat="29.573163666666666" lon="-96.29316650000001"><ele>53.6</ele><time>2025-12-04T23:00:01.000Z</time><extensions><gpxtpx:TrackPointExtension><gpxtpx:bearing>285.27</gpxtpx:bearing><gpxtpx:speed>27.1202</gpxtpx:speed></gpxtpx:TrackPointExtension></extensions><geoidheight>-23.8</geoidheight><src>gps</src><sat>18</sat><hdop>0.60</hdop><vdop>0.79</vdop><pdop>0.99</pdop><dgpsid>0000</dgpsid></trkpt>
<trkpt lat="29.573556833333335" lon="-96.29480166666666"><ele>54.3</ele><time>2025-12-04T23:00:07.000Z</time><extensions><gpxtpx:TrackPointExtension><gpxtpx:bearing>285.41</gpxtpx:bearing><gpxtpx:speed>27.641098</gpxtpx:speed></gpxtpx:TrackPointExtension></extensions><geoidheight>-23.8</geoidheight><src>gps</src><sat>18</sat><hdop>0.60</hdop><vdop>0.79</vdop><pdop>0.99</pdop><dgpsid>0000</dgpsid></trkpt>
<trkpt lat="29.573946666666664" lon="-96.29644850000001"><ele>54.0</ele><time>2025-12-04T23:00:13.000Z</time><extensions><gpxtpx:TrackPointExtension><gpxtpx:bearing>285.47</gpxtpx:bearing><gpxtpx:speed>27.648819</gpxtpx:speed></gpxtpx:TrackPointExtension></extensions><geoidheight>-23.8</geoidheight><src>gps</src><sat>18</sat><hdop>0.64</hdop><vdop>0.87</vdop><pdop>1.08</pdop><dgpsid>0000</dgpsid></trkpt>
<trkpt lat="29.574339833333337" lon="-96.29809949999999"><ele>53.7</ele><time>2025-12-04T23:00:19.000Z</time><extensions><gpxtpx:TrackPointExtension><gpxtpx:bearing>285.25</gpxtpx:bearing><gpxtpx:speed>27.864487</gpxtpx:speed></gpxtpx:TrackPointExtension></extensions><geoidheight>-23.8</geoidheight><src>gps</src><sat>17</sat><hdop>0.64</hdop><vdop>0.91</vdop><pdop>1.12</pdop><dgpsid>0000</dgpsid></trkpt>
<trkpt lat="29.574735499999996" lon="-96.29976266666667"><ele>53.0</ele><time>2025-12-04T23:00:25.000Z</time><extensions><gpxtpx:TrackPointExtension><gpxtpx:bearing>285.53</gpxtpx:bearing><gpxtpx:speed>27.98802</gpxtpx:speed></gpxtpx:TrackPointExtension></extensions><geoidheight>-23.8</geoidheight><src>gps</src><sat>18</sat><hdop>0.57</hdop><vdop>0.80</vdop><pdop>0.98</pdop><dgpsid>0000</dgpsid></trkpt>
<trkpt lat="29.5751335" lon="-96.301434"><ele>52.9</ele><time>2025-12-04T23:00:31.000Z</time><extensions><gpxtpx:TrackPointExtension><gpxtpx:bearing>285.01</gpxtpx:bearing><gpxtpx:speed>27.933975</gpxtpx:speed></gpxtpx:TrackPointExtension></extensions><geoidheight>-23.8</geoidheight><src>gps</src><sat>18</sat><hdop>0.59</hdop><vdop>0.82</vdop><pdop>1.02</pdop><dgpsid>0000</dgpsid></trkpt>
<trkpt lat="29.575528500000004" lon="-96.30309299999999"><ele>52.6</ele><time>2025-12-04T23:00:37.000Z</time><extensions><gpxtpx:TrackPointExtension><gpxtpx:bearing>285.29</gpxtpx:bearing><gpxtpx:speed>27.713675</gpxtpx:speed></gpxtpx:TrackPointExtension></extensions><geoidheight>-23.8</geoidheight><src>gps</src><sat>18</sat><hdop>0.60</hdop><vdop>0.87</vdop><pdop>1.05</pdop><dgpsid>0000</dgpsid></trkpt>
<trkpt lat="29.575916833333334" lon="-96.30474683333333"><ele>52.1</ele><time>2025-12-04T23:00:43.000Z</time><extensions><gpxtpx:TrackPointExtension><gpxtpx:bearing>285.12</gpxtpx:bearing><gpxtpx:speed>27.778013</gpxtpx:speed></gpxtpx:TrackPointExtension></extensions><geoidheight>-23.8</geoidheight><src>gps</src><sat>17</sat><hdop>0.61</hdop><vdop>0.88</vdop><pdop>1.07</pdop><dgpsid>0000</dgpsid></trkpt>
<trkpt lat="29.57631483333333" lon="-96.30641233333333"><ele>51.6</ele><time>2025-12-04T23:00:49.000Z</time><extensions><gpxtpx:TrackPointExtension><gpxtpx:bearing>285.39</gpxtpx:bearing><gpxtpx:speed>28.042067</gpxtpx:speed></gpxtpx:TrackPointExtension></extensions><geoidheight>-23.8</geoidheight><src>gps</src><sat>16</sat><hdop>0.66</hdop><vdop>0.92</vdop><pdop>1.13</pdop><dgpsid>0000</dgpsid></trkpt>
<trkpt lat="29.576708833333335" lon="-96.30809016666666"><ele>51.5</ele><time>2025-12-04T23:00:55.000Z</time><extensions><gpxtpx:TrackPointExtension><gpxtpx:bearing>284.83</gpxtpx:bearing><gpxtpx:speed>28.057508</gpxtpx:speed></gpxtpx:TrackPointExtension></extensions><geoidheight>-23.8</geoidheight><src>gps</src><sat>17</sat><hdop>0.58</hdop><vdop>0.82</vdop><pdop>1.00</pdop><dgpsid>0000</dgpsid></trkpt>
<trkpt lat="29.57710816666667" lon="-96.30976466666668"><ele>51.6</ele><time>2025-12-04T23:01:01.000Z</time><extensions><gpxtpx:TrackPointExtension><gpxtpx:bearing>285.36</gpxtpx:bearing><gpxtpx:speed>28.048758</gpxtpx:speed></gpxtpx:TrackPointExtension></extensions><geoidheight>-23.8</geoidheight><src>gps</src><sat>18</sat><hdop>0.60</hdop><vdop>0.87</vdop><pdop>1.05</pdop><dgpsid>0000</dgpsid></trkpt>
<trkpt lat="29.577503999999998" lon="-96.31143616666668"><ele>52.0</ele><time>2025-12-04T23:01:07.000Z</time><extensions><gpxtpx:TrackPointExtension><gpxtpx:bearing>284.99</gpxtpx:bearing><gpxtpx:speed>27.966402</gpxtpx:speed></gpxtpx:TrackPointExtension></extensions><geoidheight>-23.8</geoidheight><src>gps</src><sat>17</sat><hdop>0.60</hdop><vdop>0.87</vdop><pdop>1.05</pdop><dgpsid>0000</dgpsid></trkpt>
<trkpt lat="29.577898833333332" lon="-96.31308766666668"><ele>51.9</ele><time>2025-12-04T23:01:13.000Z</time><extensions><gpxtpx:TrackPointExtension><gpxtpx:bearing>285.2</gpxtpx:bearing><gpxtpx:speed>27.282337</gpxtpx:speed></gpxtpx:TrackPointExtension></extensions><geoidheight>-23.8</geoidheight><src>gps</src><sat>17</sat><hdop>0.60</hdop><vdop>0.87</vdop><pdop>1.05</pdop><dgpsid>0000</dgpsid></trkpt>
<trkpt lat="29.57826766666667" lon="-96.314647"><ele>51.6</ele><time>2025-12-04T23:01:19.000Z</time><extensions><gpxtpx:TrackPointExtension><gpxtpx:bearing>285.13</gpxtpx:bearing><gpxtpx:speed>24.899172</gpxtpx:speed></gpxtpx:TrackPointExtension></extensions><geoidheight>-23.8</geoidheight><src>gps</src><sat>16</sat><hdop>0.60</hdop><vdop>0.87</vdop><pdop>1.05</pdop><dgpsid>0000</dgpsid></trkpt>
<trkpt lat="29.578601499999998" lon="-96.316052"><ele>51.2</ele><time>2025-12-04T23:01:25.000Z</time><extensions><gpxtpx:TrackPointExtension><gpxtpx:bearing>285.31</gpxtpx:bearing><gpxtpx:speed>22.446522</gpxtpx:speed></gpxtpx:TrackPointExtension></extensions><geoidheight>-23.8</geoidheight><src>gps</src><sat>15</sat><hdop>0.66</hdop><vdop>0.92</vdop><pdop>1.13</pdop><dgpsid>0000</dgpsid></trkpt>
<trkpt lat="29.5783937" lon="-96.3152825"><time>2025-12-04T23:01:30.305Z</time><extensions><gpxtpx:TrackPointExtension></gpxtpx:TrackPointExtension></extensions><src>network</src></trkpt>
<trkpt lat="29.579132833333333" lon="-96.31828633333335"><ele>51.1</ele><time>2025-12-04T23:01:36.000Z</time><extensions><gpxtpx:TrackPointExtension><gpxtpx:bearing>285.29</gpxtpx:bearing><gpxtpx:speed>18.531029</gpxtpx:speed></gpxtpx:TrackPointExtension></extensions><geoidheight>-23.8</geoidheight><src>gps</src><sat>16</sat><hdop>0.62</hdop><vdop>0.84</vdop><pdop>1.04</pdop><dgpsid>0000</dgpsid></trkpt>
<trkpt lat="29.579394" lon="-96.3193305"><ele>51.3</ele><time>2025-12-04T23:01:42.000Z</time><extensions><gpxtpx:TrackPointExtension><gpxtpx:bearing>286.75</gpxtpx:bearing><gpxtpx:speed>16.634792</gpxtpx:speed></gpxtpx:TrackPointExtension></extensions><geoidheight>-23.8</geoidheight><src>gps</src><sat>16</sat><hdop>0.62</hdop><vdop>0.84</vdop><pdop>1.04</pdop><dgpsid>0000</dgpsid></trkpt>
<trkpt lat="29.5796035" lon="-96.32023383333332"><ele>51.0</ele><time>2025-12-04T23:01:48.000Z</time><extensions><gpxtpx:TrackPointExtension><gpxtpx:bearing>280.61</gpxtpx:bearing><gpxtpx:speed>11.982219</gpxtpx:speed></gpxtpx:TrackPointExtension></extensions><geoidheight>-23.8</geoidheight><src>gps</src><sat>17</sat><hdop>0.64</hdop><vdop>0.86</vdop><pdop>1.08</pdop><dgpsid>0000</dgpsid></trkpt>
<trkpt lat="29.579557666666666" lon="-96.320656"><ele>49.8</ele><time>2025-12-04T23:01:54.000Z</time><extensions><gpxtpx:TrackPointExtension><gpxtpx:bearing>225.19</gpxtpx:bearing><gpxtpx:speed>4.115719</gpxtpx:speed></gpxtpx:TrackPointExtension></extensions><geoidheight>-23.8</geoidheight><src>gps</src><sat>18</sat><hdop>0.57</hdop><vdop>0.80</vdop><pdop>0.98</pdop><dgpsid>0000</dgpsid></trkpt>
<trkpt lat="29.579482999999996" lon="-96.32078266666667"><ele>49.8</ele><time>2025-12-04T23:02:00.000Z</time><extensions><gpxtpx:TrackPointExtension><gpxtpx:bearing>248.57</gpxtpx:bearing><gpxtpx:speed>2.6585402</gpxtpx:speed></gpxtpx:TrackPointExtension></extensions><geoidheight>-23.8</geoidheight><src>gps</src><sat>18</sat><hdop>0.57</hdop><vdop>0.80</vdop><pdop>0.98</pdop><dgpsid>0000</dgpsid></trkpt>
<trkpt lat="29.5794245" lon="-96.32095883333335"><ele>49.3</ele><time>2025-12-04T23:02:06.000Z</time><extensions><gpxtpx:TrackPointExtension><gpxtpx:bearing>238.2</gpxtpx:bearing><gpxtpx:speed>3.2010574</gpxtpx:speed></gpxtpx:TrackPointExtension></extensions><geoidheight>-23.8</geoidheight><src>gps</src><sat>18</sat><hdop>0.57</hdop><vdop>0.80</vdop><pdop>0.98</pdop><dgpsid>0000</dgpsid></trkpt>
<trkpt lat="29.579343" lon="-96.32111633333334"><ele>49.1</ele><time>2025-12-04T23:02:12.000Z</time><extensions><gpxtpx:TrackPointExtension><gpxtpx:bearing>235.89</gpxtpx:bearing><gpxtpx:speed>2.829428</gpxtpx:speed></gpxtpx:TrackPointExtension></extensions><geoidheight>-23.8</geoidheight><src>gps</src><sat>18</sat><hdop>0.57</hdop><vdop>0.80</vdop><pdop>0.98</pdop><dgpsid>0000</dgpsid></trkpt>
<trkpt lat="29.579211333333333" lon="-96.32112333333335"><ele>49.1</ele><time>2025-12-04T23:02:18.000Z</time><extensions><gpxtpx:TrackPointExtension><gpxtpx:bearing>145.97</gpxtpx:bearing><gpxtpx:speed>1.9693272</gpxtpx:speed></gpxtpx:TrackPointExtension></extensions><geoidheight>-23.8</geoidheight><src>gps</src><sat>18</sat><hdop>0.59</hdop><vdop>0.82</vdop><pdop>1.01</pdop><dgpsid>0000</dgpsid></trkpt>
<trkpt lat="29.57918533333333" lon="-96.32107183333333"><ele>46.2</ele><time>2025-12-04T23:02:24.000Z</time><extensions><gpxtpx:TrackPointExtension><gpxtpx:bearing>121.97</gpxtpx:bearing><gpxtpx:speed>1.0613573</gpxtpx:speed></gpxtpx:TrackPointExtension></extensions><geoidheight>-23.8</geoidheight><src>gps</src><sat>18</sat><hdop>0.59</hdop><vdop>0.84</vdop><pdop>1.02</pdop><dgpsid>0000</dgpsid></trkpt>
<trkpt lat="29.579145499999996" lon="-96.32099966666668"><ele>45.0</ele><time>2025-12-04T23:02:30.000Z</time><extensions><gpxtpx:TrackPointExtension><gpxtpx:speed>0.06742861</gpxtpx:speed></gpxtpx:TrackPointExtension></extensions><geoidheight>-23.8</geoidheight><src>gps</src><sat>18</sat><hdop>0.61</hdop><vdop>0.87</vdop><pdop>1.07</pdop><dgpsid>0000</dgpsid></trkpt>
<trkpt lat="29.579101166666668" lon="-96.32096099999998"><ele>65.4</ele><time>2025-12-04T23:37:27.000Z</time><extensions><gpxtpx:TrackPointExtension><gpxtpx:speed>0.07000222</gpxtpx:speed></gpxtpx:TrackPointExtension></extensions><geoidheight>-23.8</geoidheight><src>gps</src><hdop>2.06</hdop><vdop>3.08</vdop><pdop>3.70</pdop></trkpt>
<trkpt lat="29.579040499999998" lon="-96.320802"><ele>56.0</ele><time>2025-12-04T23:38:08.000Z</time><extensions><gpxtpx:TrackPointExtension><gpxtpx:bearing>115.47</gpxtpx:bearing><gpxtpx:speed>1.8828539</gpxtpx:speed></gpxtpx:TrackPointExtension></extensions><geoidheight>-23.8</geoidheight><src>gps</src><sat>7</sat><hdop>1.59</hdop><vdop>1.67</vdop><pdop>2.31</pdop></trkpt>
<trkpt lat="29.578997333333337" lon="-96.32066099999999"><ele>55.6</ele><time>2025-12-04T23:38:14.000Z</time><extensions><gpxtpx:TrackPointExtension><gpxtpx:bearing>103.76</gpxtpx:bearing><gpxtpx:speed>2.4212534</gpxtpx:speed></gpxtpx:TrackPointExtension></extensions><geoidheight>-23.8</geoidheight><src>gps</src><sat>7</sat><hdop>1.59</hdop><vdop>1.68</vdop><pdop>2.31</pdop></trkpt>
<trkpt lat="29.57910566666667" lon="-96.32051016666668"><ele>55.2</ele><time>2025-12-04T23:38:20.000Z</time><extensions><gpxtpx:TrackPointExtension><gpxtpx:bearing>36.66</gpxtpx:bearing><gpxtpx:speed>3.807915</gpxtpx:speed></gpxtpx:TrackPointExtension></extensions><geoidheight>-23.8</geoidheight><src>gps</src><sat>7</sat><hdop>1.59</hdop><vdop>1.68</vdop><pdop>2.31</pdop></trkpt>
<trkpt lat="29.579272" lon="-96.32042166666666"><ele>53.0</ele><time>2025-12-04T23:38:26.000Z</time><extensions><gpxtpx:TrackPointExtension><gpxtpx:bearing>25.87</gpxtpx:bearing><gpxtpx:speed>3.3081198</gpxtpx:speed></gpxtpx:TrackPointExtension></extensions><geoidheight>-23.8</geoidheight><src>gps</src><sat>7</sat><hdop>1.59</hdop><vdop>1.68</vdop><pdop>2.31</pdop></trkpt>
<trkpt lat="29.57943566666667" lon="-96.32040983333333"><ele>50.9</ele><time>2025-12-04T23:38:32.000Z</time><extensions><gpxtpx:TrackPointExtension><gpxtpx:bearing>2.27</gpxtpx:bearing><gpxtpx:speed>2.4083853</gpxtpx:speed></gpxtpx:TrackPointExtension></extensions><geoidheight>-23.8</geoidheight><src>gps</src><sat>6</sat><hdop>2.25</hdop><vdop>1.97</vdop><pdop>2.99</pdop></trkpt>
<trkpt lat="29.57954516666667" lon="-96.32043033333333"><ele>52.8</ele><time>2025-12-04T23:38:38.000Z</time><extensions><gpxtpx:TrackPointExtension><gpxtpx:bearing>350.78</gpxtpx:bearing><gpxtpx:speed>2.6075828</gpxtpx:speed></gpxtpx:TrackPointExtension></extensions><geoidheight>-23.8</geoidheight><src>gps</src><sat>8</sat><hdop>1.54</hdop><vdop>1.53</vdop><pdop>2.17</pdop></trkpt>
<trkpt lat="29.57969183333333" lon="-96.320677"><ele>56.0</ele><time>2025-12-04T23:38:44.000Z</time><extensions><gpxtpx:TrackPointExtension><gpxtpx:bearing>284.15</gpxtpx:bearing><gpxtpx:speed>4.8265505</gpxtpx:speed></gpxtpx:TrackPointExtension></extensions><geoidheight>-23.8</geoidheight><src>gps</src><sat>8</sat><hdop>1.54</hdop><vdop>1.53</vdop><pdop>2.17</pdop></trkpt>
<trkpt lat="29.579721666666668" lon="-96.3209165"><ele>50.3</ele><time>2025-12-04T23:38:50.000Z</time><extensions><gpxtpx:TrackPointExtension><gpxtpx:bearing>275.14</gpxtpx:bearing><gpxtpx:speed>0.9311325</gpxtpx:speed></gpxtpx:TrackPointExtension></extensions><geoidheight>-23.8</geoidheight><src>gps</src><sat>8</sat><hdop>1.21</hdop><vdop>1.48</vdop><pdop>1.91</pdop></trkpt>
<trkpt lat="29.57973983333333" lon="-96.32103116666667"><ele>48.3</ele><time>2025-12-04T23:38:56.000Z</time><extensions><gpxtpx:TrackPointExtension><gpxtpx:bearing>278.92</gpxtpx:bearing><gpxtpx:speed>3.3307674</gpxtpx:speed></gpxtpx:TrackPointExtension></extensions><geoidheight>-23.8</geoidheight><src>gps</src><sat>9</sat><hdop>1.18</hdop><vdop>1.38</vdop><pdop>1.81</pdop></trkpt>
<trkpt lat="29.579789166666668" lon="-96.32130149999999"><ele>49.6</ele><time>2025-12-04T23:39:02.000Z</time><extensions><gpxtpx:TrackPointExtension><gpxtpx:bearing>278.6</gpxtpx:bearing><gpxtpx:speed>5.857024</gpxtpx:speed></gpxtpx:TrackPointExtension></extensions><geoidheight>-23.8</geoidheight><src>gps</src><sat>9</sat><hdop>0.96</hdop><vdop>1.15</vdop><pdop>1.50</pdop></trkpt>
<trkpt lat="29.579814666666667" lon="-96.32182983333333"><ele>49.6</ele><time>2025-12-04T23:39:08.000Z</time><extensions><gpxtpx:TrackPointExtension><gpxtpx:bearing>269.64</gpxtpx:bearing><gpxtpx:speed>10.277458</gpxtpx:speed></gpxtpx:TrackPointExtension></extensions><geoidheight>-23.8</geoidheight><src>gps</src><sat>9</sat><hdop>1.08</hdop><vdop>1.33</vdop><pdop>1.71</pdop></trkpt>
<trkpt lat="29.579797999999997" lon="-96.32253716666668"><ele>51.0</ele><time>2025-12-04T23:39:14.000Z</time><extensions><gpxtpx:TrackPointExtension><gpxtpx:bearing>266.1</gpxtpx:bearing><gpxtpx:speed>12.941146</gpxtpx:speed></gpxtpx:TrackPointExtension></extensions><geoidheight>-23.8</geoidheight><src>gps</src><sat>10</sat><hdop>0.92</hdop><vdop>1.16</vdop><pdop>1.48</pdop></trkpt>
<trkpt lat="29.57971766666667" lon="-96.32336916666667"><ele>51.1</ele><time>2025-12-04T23:39:20.000Z</time><extensions><gpxtpx:TrackPointExtension><gpxtpx:bearing>264.23</gpxtpx:bearing><gpxtpx:speed>13.344173</gpxtpx:speed></gpxtpx:TrackPointExtension></extensions><geoidheight>-23.8</geoidheight><src>gps</src><sat>10</sat><hdop>0.90</hdop><vdop>1.11</vdop><pdop>1.43</pdop></trkpt>
<trkpt lat="29.579739166666666" lon="-96.3241715"><ele>51.5</ele><time>2025-12-04T23:39:26.000Z</time><extensions><gpxtpx:TrackPointExtension><gpxtpx:bearing>279.25</gpxtpx:bearing><gpxtpx:speed>12.314729</gpxtpx:speed></gpxtpx:TrackPointExtension></extensions><geoidheight>-23.8</geoidheight><src>gps</src><sat>11</sat><hdop>0.85</hdop><vdop>1.10</vdop><pdop>1.39</pdop></trkpt>
<trkpt lat="29.579969166666668" lon="-96.32482783333334"><ele>52.2</ele><time>2025-12-04T23:39:32.000Z</time><extensions><gpxtpx:TrackPointExtension><gpxtpx:bearing>302.82</gpxtpx:bearing><gpxtpx:speed>10.352608</gpxtpx:speed></gpxtpx:TrackPointExtension></extensions><geoidheight>-23.8</geoidheight><src>gps</src><sat>13</sat><hdop>0.87</hdop><vdop>1.06</vdop><pdop>1.37</pdop></trkpt>
<trkpt lat="29.580292833333335" lon="-96.3252495"><ele>51.8</ele><time>2025-12-04T23:39:38.000Z</time><extensions><gpxtpx:TrackPointExtension><gpxtpx:bearing>315.11</gpxtpx:bearing><gpxtpx:speed>7.312659</gpxtpx:speed></gpxtpx:TrackPointExtension></extensions><geoidheight>-23.8</geoidheight><src>gps</src><sat>13</sat><hdop>0.96</hdop><vdop>1.27</vdop><pdop>1.59</pdop></trkpt>
<trkpt lat="29.580412500000005" lon="-96.325533"><ele>50.9</ele><time>2025-12-04T23:39:44.000Z</time><extensions><gpxtpx:TrackPointExtension><gpxtpx:bearing>265.99</gpxtpx:bearing><gpxtpx:speed>4.147117</gpxtpx:speed></gpxtpx:TrackPointExtension></extensions><geoidheight>-23.8</geoidheight><src>gps</src><sat>13</sat><hdop>0.83</hdop><vdop>1.05</vdop><pdop>1.34</pdop></trkpt>
<trkpt lat="29.580294333333335" lon="-96.325701"><ele>50.4</ele><time>2025-12-04T23:39:50.000Z</time><extensions><gpxtpx:TrackPointExtension><gpxtpx:bearing>217.85</gpxtpx:bearing><gpxtpx:speed>3.1624534</gpxtpx:speed></gpxtpx:TrackPointExtension></extensions><geoidheight>-23.8</geoidheight><src>gps</src><sat>12</sat><hdop>0.85</hdop><vdop>1.09</vdop><pdop>1.38</pdop></trkpt>
<trkpt lat="29.58014466666667" lon="-96.32589449999999"><ele>52.2</ele><time>2025-12-04T23:39:56.000Z</time><extensions><gpxtpx:TrackPointExtension><gpxtpx:bearing>231.04</gpxtpx:bearing><gpxtpx:speed>5.458629</gpxtpx:speed></gpxtpx:TrackPointExtension></extensions><geoidheight>-23.8</geoidheight><src>gps</src><sat>13</sat><hdop>0.83</hdop><vdop>1.05</vdop><pdop>1.34</pdop></trkpt>
<trkpt lat="29.579891166666666" lon="-96.32607966666667"><ele>53.3</ele><time>2025-12-04T23:40:02.000Z</time><extensions><gpxtpx:TrackPointExtension><gpxtpx:bearing>182.79</gpxtpx:bearing><gpxtpx:speed>6.1061497</gpxtpx:speed></gpxtpx:TrackPointExtension></extensions><geoidheight>-23.8</geoidheight><src>gps</src><sat>13</sat><hdop>0.96</hdop><vdop>1.27</vdop><pdop>1.59</pdop></trkpt>
<trkpt lat="29.579600833333334" lon="-96.32587450000001"><ele>53.2</ele><time>2025-12-04T23:40:08.000Z</time><extensions><gpxtpx:TrackPointExtension><gpxtpx:bearing>137.98</gpxtpx:bearing><gpxtpx:speed>6.2600517</gpxtpx:speed></gpxtpx:TrackPointExtension></extensions><geoidheight>-23.8</geoidheight><src>gps</src><sat>13</sat><hdop>0.83</hdop><vdop>1.05</vdop><pdop>1.34</pdop></trkpt>
<trkpt lat="29.57940066666667" lon="-96.32565283333334"><ele>52.8</ele><time>2025-12-04T23:40:14.000Z</time><extensions><gpxtpx:TrackPointExtension><gpxtpx:bearing>135.64</gpxtpx:bearing><gpxtpx:speed>5.0463367</gpxtpx:speed></gpxtpx:TrackPointExtension></extensions><geoidheight>-23.8</geoidheight><src>gps</src><sat>13</sat><hdop>0.83</hdop><vdop>1.05</vdop><pdop>1.34</pdop></trkpt>
<trkpt lat="29.579329833333336" lon="-96.32539366666667"><ele>53.0</ele><time>2025-12-04T23:40:20.000Z</time><extensions><gpxtpx:TrackPointExtension><gpxtpx:bearing>65.23</gpxtpx:bearing><gpxtpx:speed>5.132295</gpxtpx:speed></gpxtpx:TrackPointExtension></extensions><geoidheight>-23.8</geoidheight><src>gps</src><sat>13</sat><hdop>0.83</hdop><vdop>1.05</vdop><pdop>1.34</pdop></trkpt>
<trkpt lat="29.579514166666666" lon="-96.3251415"><ele>52.9</ele><time>2025-12-04T23:40:26.000Z</time><extensions><gpxtpx:TrackPointExtension><gpxtpx:bearing>54.91</gpxtpx:bearing><gpxtpx:speed>4.8296385</gpxtpx:speed></gpxtpx:TrackPointExtension></extensions><geoidheight>-23.8</geoidheight><src>gps</src><sat>13</sat><hdop>0.87</hdop><vdop>1.05</vdop><pdop>1.37</pdop></trkpt>
<trkpt lat="29.579620833333333" lon="-96.32495633333335"><ele>53.1</ele><time>2025-12-04T23:40:32.000Z</time><extensions><gpxtpx:TrackPointExtension><gpxtpx:bearing>47.94</gpxtpx:bearing><gpxtpx:speed>2.957594</gpxtpx:speed></gpxtpx:TrackPointExtension></extensions><geoidheight>-23.8</geoidheight><src>gps</src><sat>12</sat><hdop>0.83</hdop><vdop>1.05</vdop><pdop>1.34</pdop></trkpt>
<trkpt lat="29.579757499999996" lon="-96.32482616666667"><ele>53.1</ele><time>2025-12-04T23:40:38.000Z</time><extensions><gpxtpx:TrackPointExtension><gpxtpx:bearing>47.03</gpxtpx:bearing><gpxtpx:speed>3.183557</gpxtpx:speed></gpxtpx:TrackPointExtension></extensions><geoidheight>-23.8</geoidheight><src>gps</src><sat>12</sat><hdop>0.83</hdop><vdop>1.05</vdop><pdop>1.34</pdop></trkpt>
<trkpt lat="29.57981516666667" lon="-96.32456116666665"><ele>53.8</ele><time>2025-12-04T23:40:44.000Z</time><extensions><gpxtpx:TrackPointExtension><gpxtpx:bearing>76.26</gpxtpx:bearing><gpxtpx:speed>6.019676</gpxtpx:speed></gpxtpx:TrackPointExtension></extensions><geoidheight>-23.8</geoidheight><src>gps</src><sat>14</sat><hdop>0.79</hdop><vdop>1.05</vdop><pdop>1.31</pdop></trkpt>
<trkpt lat="29.58002333333333" lon="-96.32438966666665"><ele>53.6</ele><time>2025-12-04T23:40:50.000Z</time><extensions><gpxtpx:TrackPointExtension><gpxtpx:bearing>13.47</gpxtpx:bearing><gpxtpx:speed>3.4434917</gpxtpx:speed></gpxtpx:TrackPointExtension></extensions><geoidheight>-23.8</geoidheight><src>gps</src><sat>13</sat><hdop>0.78</hdop><vdop>1.04</vdop><pdop>1.30</pdop></trkpt>
<trkpt lat="29.580145333333334" lon="-96.32440266666666"><ele>52.4</ele><time>2025-12-04T23:40:56.000Z</time><extensions><gpxtpx:TrackPointExtension><gpxtpx:bearing>320.43</gpxtpx:bearing><gpxtpx:speed>2.170069</gpxtpx:speed></gpxtpx:TrackPointExtension></extensions><geoidheight>-23.8</geoidheight><src>gps</src><sat>15</sat><hdop>0.82</hdop><vdop>1.04</vdop><pdop>1.32</pdop></trkpt>
<trkpt lat="29.580127500000003" lon="-96.324527"><ele>51.3</ele><time>2025-12-04T23:41:02.000Z</time><extensions><gpxtpx:TrackPointExtension><gpxtpx:bearing>237.31</gpxtpx:bearing><gpxtpx:speed>1.5997567</gpxtpx:speed></gpxtpx:TrackPointExtension></extensions><geoidheight>-23.8</geoidheight><src>gps</src><sat>15</sat><hdop>0.78</hdop><vdop>1.03</vdop><pdop>1.30</pdop></trkpt>
<trkpt lat="29.5800175" lon="-96.32452900000001"><ele>64.3</ele><time>2025-12-05T00:44:15.000Z</time><extensions><gpxtpx:TrackPointExtension><gpxtpx:speed>0.6228139</gpxtpx:speed></gpxtpx:TrackPointExtension></extensions><geoidheight>-23.8</geoidheight><src>gps</src><sat>3</sat><hdop>3.84</hdop><vdop>1.00</vdop><pdop>3.96</pdop></trkpt>
<trkpt lat="29.579970666666668" lon="-96.32453433333333"><ele>65.5</ele><time>2025-12-05T00:44:27.000Z</time><extensions><gpxtpx:TrackPointExtension><gpxtpx:speed>0.21103612</gpxtpx:speed></gpxtpx:TrackPointExtension></extensions><geoidheight>-23.8</geoidheight><src>gps</src><sat>3</sat><hdop>3.83</hdop><vdop>1.00</vdop><pdop>3.96</pdop></trkpt>
<trkpt lat="29.580043833333335" lon="-96.32444016666668"><ele>65.2</ele><time>2025-12-05T00:44:50.000Z</time><extensions><gpxtpx:TrackPointExtension><gpxtpx:bearing>159.4</gpxtpx:bearing><gpxtpx:speed>1.5745353</gpxtpx:speed></gpxtpx:TrackPointExtension></extensions><geoidheight>-23.8</geoidheight><src>gps</src><hdop>1.50</hdop><vdop>2.06</vdop><pdop>2.55</pdop></trkpt>
<trkpt lat="29.579932333333332" lon="-96.324417"><ele>48.8</ele><time>2025-12-05T00:44:56.000Z</time><extensions><gpxtpx:TrackPointExtension><gpxtpx:speed>0.52964914</gpxtpx:speed></gpxtpx:TrackPointExtension></extensions><geoidheight>-23.8</geoidheight><src>gps</src><sat>9</sat><hdop>1.50</hdop><vdop>2.06</vdop><pdop>2.55</pdop></trkpt>
<trkpt lat="29.57988566666667" lon="-96.3245525"><ele>50.3</ele><time>2025-12-05T00:45:03.000Z</time><extensions><gpxtpx:TrackPointExtension><gpxtpx:bearing>281.39</gpxtpx:bearing><gpxtpx:speed>3.5907023</gpxtpx:speed></gpxtpx:TrackPointExtension></extensions><geoidheight>-23.8</geoidheight><src>gps</src><sat>10</sat><hdop>1.47</hdop><vdop>2.06</vdop><pdop>2.53</pdop></trkpt>
<trkpt lat="29.580046" lon="-96.32487133333333"><ele>50.5</ele><time>2025-12-05T00:45:09.000Z</time><extensions><gpxtpx:TrackPointExtension><gpxtpx:bearing>307.09</gpxtpx:bearing><gpxtpx:speed>8.964917</gpxtpx:speed></gpxtpx:TrackPointExtension></extensions><geoidheight>-23.8</geoidheight><src>gps</src><sat>10</sat><hdop>1.47</hdop><vdop>2.06</vdop><pdop>2.53</pdop></trkpt>
<trkpt lat="29.580426166666665" lon="-96.32537400000001"><ele>50.9</ele><time>2025-12-05T00:45:15.000Z</time><extensions><gpxtpx:TrackPointExtension><gpxtpx:bearing>316.0</gpxtpx:bearing><gpxtpx:speed>11.718166</gpxtpx:speed></gpxtpx:TrackPointExtension></extensions><geoidheight>-23.8</geoidheight><src>gps</src><sat>10</sat><hdop>1.47</hdop><vdop>2.06</vdop><pdop>2.53</pdop></trkpt>
<trkpt lat="29.58092916666667" lon="-96.32591866666668"><ele>50.4</ele><time>2025-12-05T00:45:21.000Z</time><extensions><gpxtpx:TrackPointExtension><gpxtpx:bearing>317.53</gpxtpx:bearing><gpxtpx:speed>12.634372</gpxtpx:speed></gpxtpx:TrackPointExtension></extensions><geoidheight>-23.8</geoidheight><src>gps</src><sat>10</sat><hdop>1.47</hdop><vdop>2.06</vdop><pdop>2.53</pdop></trkpt>
<trkpt lat="29.581436500000002" lon="-96.32645249999999"><ele>49.7</ele><time>2025-12-05T00:45:27.000Z</time><extensions><gpxtpx:TrackPointExtension><gpxtpx:bearing>318.47</gpxtpx:bearing><gpxtpx:speed>12.836658</gpxtpx:speed></gpxtpx:TrackPointExtension></extensions><geoidheight>-23.8</geoidheight><src>gps</src><sat>10</sat><hdop>1.47</hdop><vdop>2.06</vdop><pdop>2.53</pdop></trkpt>
<trkpt lat="29.58191" lon="-96.32696566666667"><ele>49.0</ele><time>2025-12-05T00:45:33.000Z</time><extensions><gpxtpx:TrackPointExtension><gpxtpx:bearing>317.18</gpxtpx:bearing><gpxtpx:speed>11.107191</gpxtpx:speed></gpxtpx:TrackPointExtension></extensions><geoidheight>-23.8</geoidheight><src>gps</src><sat>11</sat><hdop>1.06</hdop><vdop>1.52</vdop><pdop>1.85</pdop></trkpt>
<trkpt lat="29.582286666666665" lon="-96.32736733333334"><ele>48.3</ele><time>2025-12-05T00:45:39.000Z</time><extensions><gpxtpx:TrackPointExtension><gpxtpx:bearing>317.33</gpxtpx:bearing><gpxtpx:speed>8.704468</gpxtpx:speed></gpxtpx:TrackPointExtension></extensions><geoidheight>-23.8</geoidheight><src>gps</src><sat>10</sat><hdop>1.10</hdop><vdop>1.59</vdop><pdop>1.93</pdop></trkpt>
<trkpt lat="29.582694500000002" lon="-96.32780366666665"><ele>46.6</ele><time>2025-12-05T00:45:45.000Z</time><extensions><gpxtpx:TrackPointExtension><gpxtpx:bearing>316.54</gpxtpx:bearing><gpxtpx:speed>11.154031</gpxtpx:speed></gpxtpx:TrackPointExtension></extensions><geoidheight>-23.8</geoidheight><src>gps</src><sat>11</sat><hdop>1.06</hdop><vdop>1.52</vdop><pdop>1.85</pdop></trkpt>
<trkpt lat="29.583150833333335" lon="-96.32828566666667"><ele>45.9</ele><time>2025-12-05T00:45:51.000Z</time><extensions><gpxtpx:TrackPointExtension><gpxtpx:bearing>317.01</gpxtpx:bearing><gpxtpx:speed>11.857656</gpxtpx:speed></gpxtpx:TrackPointExtension></extensions><geoidheight>-23.8</geoidheight><src>gps</src><sat>11</sat><hdop>1.06</hdop><vdop>1.52</vdop><pdop>1.85</pdop></trkpt>
<trkpt lat="29.583627166666663" lon="-96.32880466666666"><ele>46.1</ele><time>2025-12-05T00:45:57.000Z</time><extensions><gpxtpx:TrackPointExtension><gpxtpx:bearing>316.79</gpxtpx:bearing><gpxtpx:speed>12.465028</gpxtpx:speed></gpxtpx:TrackPointExtension></extensions><geoidheight>-23.8</geoidheight><src>gps</src><sat>11</sat><hdop>1.06</hdop><vdop>1.52</vdop><pdop>1.85</pdop></trkpt>
<trkpt lat="29.58412916666667" lon="-96.329338"><ele>46.4</ele><time>2025-12-05T00:46:03.000Z</time><extensions><gpxtpx:TrackPointExtension><gpxtpx:bearing>317.52</gpxtpx:bearing><gpxtpx:speed>12.62871</gpxtpx:speed></gpxtpx:TrackPointExtension></extensions><geoidheight>-23.8</geoidheight><src>gps</src><sat>11</sat><hdop>1.06</hdop><vdop>1.52</vdop><pdop>1.85</pdop></trkpt>
<trkpt lat="29.584639166666662" lon="-96.3298805"><ele>46.4</ele><time>2025-12-05T00:46:09.000Z</time><extensions><gpxtpx:TrackPointExtension><gpxtpx:bearing>317.07</gpxtpx:bearing><gpxtpx:speed>13.071885</gpxtpx:speed></gpxtpx:TrackPointExtension></extensions><geoidheight>-23.8</geoidheight><src>gps</src><sat>11</sat><hdop>1.10</hdop><vdop>1.59</vdop><pdop>1.93</pdop></trkpt>
<trkpt lat="29.5851725" lon="-96.33043383333333"><ele>45.1</ele><time>2025-12-05T00:46:15.000Z</time><extensions><gpxtpx:TrackPointExtension><gpxtpx:bearing>317.3</gpxtpx:bearing><gpxtpx:speed>13.624183</gpxtpx:speed></gpxtpx:TrackPointExtension></extensions><geoidheight>-23.8</geoidheight><src>gps</src><sat>12</sat><hdop>0.97</hdop><vdop>1.41</vdop><pdop>1.71</pdop></trkpt>
<trkpt lat="29.585702333333334" lon="-96.33098649999998"><ele>44.7</ele><time>2025-12-05T00:46:21.000Z</time><extensions><gpxtpx:TrackPointExtension><gpxtpx:bearing>317.92</gpxtpx:bearing><gpxtpx:speed>13.061076</gpxtpx:speed></gpxtpx:TrackPointExtension></extensions><geoidheight>-23.8</geoidheight><src>gps</src><sat>12</sat><hdop>0.90</hdop><vdop>1.34</vdop><pdop>1.61</pdop></trkpt>
<trkpt lat="29.58617916666667" lon="-96.33150283333335"><ele>44.3</ele><time>2025-12-05T00:46:27.000Z</time><extensions><gpxtpx:TrackPointExtension><gpxtpx:bearing>314.16</gpxtpx:bearing><gpxtpx:speed>10.918802</gpxtpx:speed></gpxtpx:TrackPointExtension></extensions><geoidheight>-23.8</geoidheight><src>gps</src><sat>12</sat><hdop>0.90</hdop><vdop>1.34</vdop><pdop>1.61</pdop></trkpt>
<trkpt lat="29.586557500000005" lon="-96.33194899999998"><ele>43.9</ele><time>2025-12-05T00:46:33.000Z</time><extensions><gpxtpx:TrackPointExtension><gpxtpx:bearing>315.74</gpxtpx:bearing><gpxtpx:speed>10.263046</gpxtpx:speed></gpxtpx:TrackPointExtension></extensions><geoidheight>-23.8</geoidheight><src>gps</src><sat>13</sat><hdop>0.89</hdop><vdop>1.32</vdop><pdop>1.59</pdop></trkpt>
<trkpt lat="29.586956499999996" lon="-96.332382"><ele>42.2</ele><time>2025-12-05T00:46:39.000Z</time><extensions><gpxtpx:TrackPointExtension><gpxtpx:bearing>317.1</gpxtpx:bearing><gpxtpx:speed>9.975831</gpxtpx:speed></gpxtpx:TrackPointExtension></extensions><geoidheight>-23.8</geoidheight><src>gps</src><sat>13</sat><hdop>0.93</hdop><vdop>1.40</vdop><pdop>1.68</pdop></trkpt>
<trkpt lat="29.587364666666666" lon="-96.33281416666665"><ele>40.8</ele><time>2025-12-05T00:46:45.000Z</time><extensions><gpxtpx:TrackPointExtension><gpxtpx:bearing>316.47</gpxtpx:bearing><gpxtpx:speed>10.374227</gpxtpx:speed></gpxtpx:TrackPointExtension></extensions><geoidheight>-23.8</geoidheight><src>gps</src><sat>13</sat><hdop>0.93</hdop><vdop>1.41</vdop><pdop>1.68</pdop></trkpt>
<trkpt lat="29.587760666666668" lon="-96.33323933333334"><ele>40.2</ele><time>2025-12-05T00:46:51.000Z</time><extensions><gpxtpx:TrackPointExtension><gpxtpx:bearing>316.65</gpxtpx:bearing><gpxtpx:speed>9.285074</gpxtpx:speed></gpxtpx:TrackPointExtension></extensions><geoidheight>-23.8</geoidheight><src>gps</src><sat>12</sat><hdop>0.93</hdop><vdop>1.41</vdop><pdop>1.68</pdop></trkpt>
<trkpt lat="29.588106999999997" lon="-96.33361716666668"><ele>40.7</ele><time>2025-12-05T00:46:57.000Z</time><extensions><gpxtpx:TrackPointExtension><gpxtpx:bearing>316.54</gpxtpx:bearing><gpxtpx:speed>8.497034</gpxtpx:speed></gpxtpx:TrackPointExtension></extensions><geoidheight>-23.8</geoidheight><src>gps</src><sat>13</sat><hdop>0.89</hdop><vdop>1.32</vdop><pdop>1.59</pdop><dgpsid>0000</dgpsid></trkpt>
<trkpt lat="29.588402499999997" lon="-96.33389283333332"><ele>40.3</ele><time>2025-12-05T00:47:03.000Z</time><extensions><gpxtpx:TrackPointExtension><gpxtpx:bearing>326.89</gpxtpx:bearing><gpxtpx:speed>5.8837895</gpxtpx:speed></gpxtpx:TrackPointExtension></extensions><geoidheight>-23.8</geoidheight><src>gps</src><sat>13</sat><hdop>0.89</hdop><vdop>1.32</vdop><pdop>1.59</pdop><dgpsid>0000</dgpsid></trkpt>
<trkpt lat="29.588641" lon="-96.334095"><ele>38.1</ele><time>2025-12-05T00:47:09.000Z</time><extensions><gpxtpx:TrackPointExtension><gpxtpx:bearing>327.71</gpxtpx:bearing><gpxtpx:speed>4.259841</gpxtpx:speed></gpxtpx:TrackPointExtension></extensions><geoidheight>-23.8</geoidheight><src>gps</src><sat>13</sat><hdop>0.91</hdop><vdop>1.39</vdop><pdop>1.66</pdop><dgpsid>0000</dgpsid></trkpt>
<trkpt lat="29.58881966666667" lon="-96.3341745"><ele>32.2</ele><time>2025-12-05T00:47:15.000Z</time><extensions><gpxtpx:TrackPointExtension><gpxtpx:bearing>352.18</gpxtpx:bearing><gpxtpx:speed>2.7491314</gpxtpx:speed></gpxtpx:TrackPointExtension></extensions><geoidheight>-23.8</geoidheight><src>gps</src><sat>13</sat><hdop>0.91</hdop><vdop>1.39</vdop><pdop>1.66</pdop><dgpsid>0000</dgpsid></trkpt>
<trkpt lat="29.588957833333332" lon="-96.33408716666666"><ele>28.4</ele><time>2025-12-05T00:47:21.000Z</time><extensions><gpxtpx:TrackPointExtension><gpxtpx:bearing>50.94</gpxtpx:bearing><gpxtpx:speed>3.5160675</gpxtpx:speed></gpxtpx:TrackPointExtension></extensions><geoidheight>-23.8</geoidheight><src>gps</src><sat>13</sat><hdop>0.95</hdop><vdop>1.38</vdop><pdop>1.68</pdop><dgpsid>0000</dgpsid></trkpt>
<trkpt lat="29.589123166666663" lon="-96.33386916666664"><ele>25.3</ele><time>2025-12-05T00:47:27.000Z</time><extensions><gpxtpx:TrackPointExtension><gpxtpx:bearing>50.69</gpxtpx:bearing><gpxtpx:speed>5.1966357</gpxtpx:speed></gpxtpx:TrackPointExtension></extensions><geoidheight>-23.8</geoidheight><src>gps</src><sat>13</sat><hdop>0.89</hdop><vdop>1.32</vdop><pdop>1.59</pdop><dgpsid>0000</dgpsid></trkpt>
<trkpt lat="29.58929366666667" lon="-96.33366483333333"><ele>28.5</ele><time>2025-12-05T00:47:33.000Z</time><extensions><gpxtpx:TrackPointExtension><gpxtpx:bearing>49.78</gpxtpx:bearing><gpxtpx:speed>3.253559</gpxtpx:speed></gpxtpx:TrackPointExtension></extensions><geoidheight>-23.8</geoidheight><src>gps</src><sat>14</sat><hdop>0.88</hdop><vdop>1.39</vdop><pdop>1.64</pdop><dgpsid>0000</dgpsid></trkpt>
<trkpt lat="29.58946166666666" lon="-96.333583"><ele>27.3</ele><time>2025-12-05T00:47:39.000Z</time><extensions><gpxtpx:TrackPointExtension><gpxtpx:bearing>1.48</gpxtpx:bearing><gpxtpx:speed>4.5439677</gpxtpx:speed></gpxtpx:TrackPointExtension></extensions><geoidheight>-23.8</geoidheight><src>gps</src><sat>14</sat><hdop>1.12</hdop><vdop>1.66</vdop><pdop>2.00</pdop><dgpsid>0000</dgpsid></trkpt>
<trkpt lat="29.589709000000003" lon="-96.33376683333333"><ele>25.1</ele><time>2025-12-05T00:47:45.000Z</time><extensions><gpxtpx:TrackPointExtension><gpxtpx:bearing>319.53</gpxtpx:bearing><gpxtpx:speed>6.5349135</gpxtpx:speed></gpxtpx:TrackPointExtension></extensions><geoidheight>-23.8</geoidheight><src>gps</src><sat>14</sat><hdop>0.91</hdop><vdop>1.55</vdop><pdop>1.80</pdop><dgpsid>0000</dgpsid></trkpt>
<trkpt lat="29.590052833333335" lon="-96.33409833333332"><ele>25.9</ele><time>2025-12-05T00:47:51.000Z</time><extensions><gpxtpx:TrackPointExtension><gpxtpx:bearing>321.22</gpxtpx:bearing><gpxtpx:speed>9.303089</gpxtpx:speed></gpxtpx:TrackPointExtension></extensions><geoidheight>-23.8</geoidheight><src>gps</src><sat>14</sat><hdop>0.97</hdop><vdop>1.38</vdop><pdop>1.68</pdop><dgpsid>0000</dgpsid></trkpt>
<trkpt lat="29.590470166666666" lon="-96.33447466666667"><ele>27.4</ele><time>2025-12-05T00:47:57.000Z</time><extensions><gpxtpx:TrackPointExtension><gpxtpx:bearing>321.2</gpxtpx:bearing><gpxtpx:speed>9.786928</gpxtpx:speed></gpxtpx:TrackPointExtension></extensions><geoidheight>-23.8</geoidheight><src>gps</src><sat>13</sat><hdop>0.99</hdop><vdop>1.43</vdop><pdop>1.74</pdop><dgpsid>0000</dgpsid></trkpt>
<trkpt lat="29.590906000000004" lon="-96.334897"><ele>27.2</ele><time>2025-12-05T00:48:03.000Z</time><extensions><gpxtpx:TrackPointExtension><gpxtpx:bearing>319.16</gpxtpx:bearing><gpxtpx:speed>11.008364</gpxtpx:speed></gpxtpx:TrackPointExtension></extensions><geoidheight>-23.8</geoidheight><src>gps</src><sat>14</sat><hdop>0.99</hdop><vdop>1.57</vdop><pdop>1.86</pdop><dgpsid>0000</dgpsid></trkpt>
<trkpt lat="29.591388666666663" lon="-96.3353795"><ele>28.6</ele><time>2025-12-05T00:48:09.000Z</time><extensions><gpxtpx:TrackPointExtension><gpxtpx:bearing>318.91</gpxtpx:bearing><gpxtpx:speed>11.843759</gpxtpx:speed></gpxtpx:TrackPointExtension></extensions><geoidheight>-23.8</geoidheight><src>gps</src><sat>14</sat><hdop>0.99</hdop><vdop>1.57</vdop><pdop>1.86</pdop><dgpsid>0000</dgpsid></trkpt>
<trkpt lat="29.591901999999997" lon="-96.33589516666667"><ele>29.4</ele><time>2025-12-05T00:48:15.000Z</time><extensions><gpxtpx:TrackPointExtension><gpxtpx:bearing>319.12</gpxtpx:bearing><gpxtpx:speed>12.667829</gpxtpx:speed></gpxtpx:TrackPointExtension></extensions><geoidheight>-23.8</geoidheight><src>gps</src><sat>14</sat><hdop>0.99</hdop><vdop>1.57</vdop><pdop>1.86</pdop><dgpsid>0000</dgpsid></trkpt>
<trkpt lat="29.592437333333336" lon="-96.33642966666666"><ele>29.7</ele><time>2025-12-05T00:48:21.000Z</time><extensions><gpxtpx:TrackPointExtension><gpxtpx:bearing>317.89</gpxtpx:bearing><gpxtpx:speed>13.039972</gpxtpx:speed></gpxtpx:TrackPointExtension></extensions><geoidheight>-23.8</geoidheight><src>gps</src><sat>14</sat><hdop>0.98</hdop><vdop>1.57</vdop><pdop>1.86</pdop><dgpsid>0000</dgpsid></trkpt>
<trkpt lat="29.592979999999997" lon="-96.33693466666666"><ele>28.2</ele><time>2025-12-05T00:48:27.000Z</time><extensions><gpxtpx:TrackPointExtension><gpxtpx:bearing>324.14</gpxtpx:bearing><gpxtpx:speed>12.437748</gpxtpx:speed></gpxtpx:TrackPointExtension></extensions><geoidheight>-23.8</geoidheight><src>gps</src><sat>13</sat><hdop>1.24</hdop><vdop>2.11</vdop><pdop>2.45</pdop><dgpsid>0000</dgpsid></trkpt>
<trkpt lat="29.593527333333334" lon="-96.33749566666665"><ele>27.7</ele><time>2025-12-05T00:48:33.000Z</time><extensions><gpxtpx:TrackPointExtension><gpxtpx:bearing>318.73</gpxtpx:bearing><gpxtpx:speed>13.469766</gpxtpx:speed></gpxtpx:TrackPointExtension></extensions><geoidheight>-23.8</geoidheight><src>gps</src><sat>13</sat><hdop>1.24</hdop><vdop>2.11</vdop><pdop>2.45</pdop><dgpsid>0000</dgpsid></trkpt>
<trkpt lat="29.59407966666667" lon="-96.33806350000002"><ele>28.9</ele><time>2025-12-05T00:48:39.000Z</time><extensions><gpxtpx:TrackPointExtension><gpxtpx:bearing>317.96</gpxtpx:bearing><gpxtpx:speed>13.612344</gpxtpx:speed></gpxtpx:TrackPointExtension></extensions><geoidheight>-23.8</geoidheight><src>gps</src><sat>13</sat><hdop>1.06</hdop><vdop>1.56</vdop><pdop>1.89</pdop><dgpsid>0000</dgpsid></trkpt>
<trkpt lat="29.594645333333332" lon="-96.33866199999999"><ele>29.0</ele><time>2025-12-05T00:48:45.000Z</time><extensions><gpxtpx:TrackPointExtension><gpxtpx:bearing>317.56</gpxtpx:bearing><gpxtpx:speed>14.413767</gpxtpx:speed></gpxtpx:TrackPointExtension></extensions><geoidheight>-23.8</geoidheight><src>gps</src><sat>14</sat><hdop>1.06</hdop><vdop>1.56</vdop><pdop>1.89</pdop><dgpsid>0000</dgpsid></trkpt>
<trkpt lat="29.595275333333333" lon="-96.33931966666665"><ele>27.5</ele><time>2025-12-05T00:48:51.000Z</time><extensions><gpxtpx:TrackPointExtension><gpxtpx:bearing>317.24</gpxtpx:bearing><gpxtpx:speed>16.708399</gpxtpx:speed></gpxtpx:TrackPointExtension></extensions><geoidheight>-23.8</geoidheight><src>gps</src><sat>14</sat><hdop>1.06</hdop><vdop>1.56</vdop><pdop>1.89</pdop><dgpsid>0000</dgpsid></trkpt>
<trkpt lat="29.595964333333335" lon="-96.34004766666666"><ele>28.3</ele><time>2025-12-05T00:48:57.000Z</time><extensions><gpxtpx:TrackPointExtension><gpxtpx:bearing>317.58</gpxtpx:bearing><gpxtpx:speed>17.494894</gpxtpx:speed></gpxtpx:TrackPointExtension></extensions><geoidheight>-23.8</geoidheight><src>gps</src><sat>14</sat><hdop>1.04</hdop><vdop>1.50</vdop><pdop>1.82</pdop><dgpsid>0000</dgpsid></trkpt>
<trkpt lat="29.596668" lon="-96.34079216666666"><ele>28.7</ele><time>2025-12-05T00:49:03.000Z</time><extensions><gpxtpx:TrackPointExtension><gpxtpx:bearing>317.28</gpxtpx:bearing><gpxtpx:speed>17.84336</gpxtpx:speed></gpxtpx:TrackPointExtension></extensions><geoidheight>-23.8</geoidheight><src>gps</src><sat>14</sat><hdop>1.06</hdop><vdop>1.56</vdop><pdop>1.88</pdop><dgpsid>0000</dgpsid></trkpt>
<trkpt lat="29.597391166666664" lon="-96.34154949999999"><ele>31.3</ele><time>2025-12-05T00:49:09.000Z</time><extensions><gpxtpx:TrackPointExtension><gpxtpx:bearing>317.18</gpxtpx:bearing><gpxtpx:speed>17.87836</gpxtpx:speed></gpxtpx:TrackPointExtension></extensions><geoidheight>-23.8</geoidheight><src>gps</src><sat>14</sat><hdop>1.06</hdop><vdop>1.56</vdop><pdop>1.88</pdop><dgpsid>0000</dgpsid></trkpt>
<trkpt lat="29.598094500000002" lon="-96.34229833333332"><ele>33.5</ele><time>2025-12-05T00:49:15.000Z</time><extensions><gpxtpx:TrackPointExtension><gpxtpx:bearing>316.97</gpxtpx:bearing><gpxtpx:speed>17.675047</gpxtpx:speed></gpxtpx:TrackPointExtension></extensions><geoidheight>-23.8</geoidheight><src>gps</src><sat>14</sat><hdop>1.06</hdop><vdop>1.56</vdop><pdop>1.88</pdop><dgpsid>0000</dgpsid></trkpt>
<trkpt lat="29.598801499999997" lon="-96.34304133333332"><ele>35.4</ele><time>2025-12-05T00:49:21.000Z</time><extensions><gpxtpx:TrackPointExtension><gpxtpx:bearing>317.94</gpxtpx:bearing><gpxtpx:speed>17.534012</gpxtpx:speed></gpxtpx:TrackPointExtension></extensions><geoidheight>-23.8</geoidheight><src>gps</src><sat>13</sat><hdop>1.24</hdop><vdop>2.12</vdop><pdop>2.45</pdop><dgpsid>0000</dgpsid></trkpt>
<trkpt lat="29.599508" lon="-96.34378333333333"><ele>36.1</ele><time>2025-12-05T00:49:27.000Z</time><extensions><gpxtpx:TrackPointExtension><gpxtpx:bearing>317.32</gpxtpx:bearing><gpxtpx:speed>17.738358</gpxtpx:speed></gpxtpx:TrackPointExtension></extensions><geoidheight>-23.8</geoidheight><src>gps</src><sat>13</sat><hdop>1.24</hdop><vdop>2.12</vdop><pdop>2.45</pdop><dgpsid>0000</dgpsid></trkpt>
<trkpt lat="29.600226833333334" lon="-96.3445435"><ele>37.9</ele><time>2025-12-05T00:49:33.000Z</time><extensions><gpxtpx:TrackPointExtension><gpxtpx:bearing>317.42</gpxtpx:bearing><gpxtpx:speed>18.255138</gpxtpx:speed></gpxtpx:TrackPointExtension></extensions><geoidheight>-23.8</geoidheight><src>gps</src><sat>13</sat><hdop>1.05</hdop><vdop>1.56</vdop><pdop>1.88</pdop><dgpsid>0000</dgpsid></trkpt>
<trkpt lat="29.600952999999997" lon="-96.34531100000001"><ele>38.7</ele><time>2025-12-05T00:49:39.000Z</time><extensions><gpxtpx:TrackPointExtension><gpxtpx:bearing>317.29</gpxtpx:bearing><gpxtpx:speed>18.19543</gpxtpx:speed></gpxtpx:TrackPointExtension></extensions><geoidheight>-23.8</geoidheight><src>gps</src><sat>14</sat><hdop>0.95</hdop><vdop>1.42</vdop><pdop>1.71</pdop><dgpsid>0000</dgpsid></trkpt>
<trkpt lat="29.601679166666667" lon="-96.34608333333333"><ele>39.7</ele><time>2025-12-05T00:49:45.000Z</time><extensions><gpxtpx:TrackPointExtension><gpxtpx:bearing>317.36</gpxtpx:bearing><gpxtpx:speed>18.230433</gpxtpx:speed></gpxtpx:TrackPointExtension></extensions><geoidheight>-23.8</geoidheight><src>gps</src><sat>14</sat><hdop>0.95</hdop><vdop>1.42</vdop><pdop>1.71</pdop><dgpsid>0000</dgpsid></trkpt>
<trkpt lat="29.602405833333332" lon="-96.34684783333333"><ele>40.7</ele><time>2025-12-05T00:49:51.000Z</time><extensions><gpxtpx:TrackPointExtension><gpxtpx:bearing>317.62</gpxtpx:bearing><gpxtpx:speed>18.526398</gpxtpx:speed></gpxtpx:TrackPointExtension></extensions><geoidheight>-23.8</geoidheight><src>gps</src><sat>13</sat><hdop>1.05</hdop><vdop>1.56</vdop><pdop>1.88</pdop><dgpsid>0000</dgpsid></trkpt>
<trkpt lat="29.60314883333333" lon="-96.34763566666668"><ele>41.8</ele><time>2025-12-05T00:49:57.000Z</time><extensions><gpxtpx:TrackPointExtension><gpxtpx:bearing>317.02</gpxtpx:bearing><gpxtpx:speed>18.777582</gpxtpx:speed></gpxtpx:TrackPointExtension></extensions><geoidheight>-23.8</geoidheight><src>gps</src><sat>12</sat><hdop>1.05</hdop><vdop>1.56</vdop><pdop>1.88</pdop><dgpsid>0000</dgpsid></trkpt>
<trkpt lat="29.603887" lon="-96.34841683333335"><ele>42.1</ele><time>2025-12-05T00:50:03.000Z</time><extensions><gpxtpx:TrackPointExtension><gpxtpx:bearing>316.95</gpxtpx:bearing><gpxtpx:speed>18.6664</gpxtpx:speed></gpxtpx:TrackPointExtension></extensions><geoidheight>-23.8</geoidheight><src>gps</src><sat>13</sat><hdop>1.05</hdop><vdop>1.56</vdop><pdop>1.88</pdop><dgpsid>0000</dgpsid></trkpt>
<trkpt lat="29.604626999999997" lon="-96.34919599999999"><ele>42.5</ele><time>2025-12-05T00:50:09.000Z</time><extensions><gpxtpx:TrackPointExtension><gpxtpx:bearing>317.35</gpxtpx:bearing><gpxtpx:speed>18.837805</gpxtpx:speed></gpxtpx:TrackPointExtension></extensions><geoidheight>-23.8</geoidheight><src>gps</src><sat>13</sat><hdop>1.05</hdop><vdop>1.56</vdop><pdop>1.88</pdop><dgpsid>0000</dgpsid></trkpt>
<trkpt lat="29.605395166666668" lon="-96.35000116666667"><ele>42.8</ele><time>2025-12-05T00:50:15.000Z</time><extensions><gpxtpx:TrackPointExtension><gpxtpx:bearing>317.3</gpxtpx:bearing><gpxtpx:speed>19.544003</gpxtpx:speed></gpxtpx:TrackPointExtension></extensions><geoidheight>-23.8</geoidheight><src>gps</src><sat>13</sat><hdop>1.05</hdop><vdop>1.55</vdop><pdop>1.88</pdop><dgpsid>0000</dgpsid></trkpt>
<trkpt lat="29.606173" lon="-96.35081983333333"><ele>42.8</ele><time>2025-12-05T00:50:21.000Z</time><extensions><gpxtpx:TrackPointExtension><gpxtpx:bearing>317.46</gpxtpx:bearing><gpxtpx:speed>19.637167</gpxtpx:speed></gpxtpx:TrackPointExtension></extensions><geoidheight>-23.8</geoidheight><src>gps</src><sat>14</sat><hdop>0.95</hdop><vdop>1.42</vdop><pdop>1.71</pdop><dgpsid>0000</dgpsid></trkpt>
<trkpt lat="29.606960166666667" lon="-96.35165166666665"><ele>44.1</ele><time>2025-12-05T00:50:27.000Z</time><extensions><gpxtpx:TrackPointExtension><gpxtpx:bearing>317.35</gpxtpx:bearing><gpxtpx:speed>19.968134</gpxtpx:speed></gpxtpx:TrackPointExtension></extensions><geoidheight>-23.8</geoidheight><src>gps</src><sat>13</sat><hdop>1.05</hdop><vdop>1.55</vdop><pdop>1.87</pdop><dgpsid>0000</dgpsid></trkpt>
<trkpt lat="29.60776033333333" lon="-96.35250366666666"><ele>45.0</ele><time>2025-12-05T00:50:33.000Z</time><extensions><gpxtpx:TrackPointExtension><gpxtpx:bearing>316.77</gpxtpx:bearing><gpxtpx:speed>20.88228</gpxtpx:speed></gpxtpx:TrackPointExtension></extensions><geoidheight>-23.8</geoidheight><src>gps</src><sat>13</sat><hdop>1.05</hdop><vdop>1.55</vdop><pdop>1.87</pdop><dgpsid>0000</dgpsid></trkpt>
<trkpt lat="29.608621666666668" lon="-96.35340166666668"><ele>45.2</ele><time>2025-12-05T00:50:39.000Z</time><extensions><gpxtpx:TrackPointExtension><gpxtpx:bearing>317.4</gpxtpx:bearing><gpxtpx:speed>22.083128</gpxtpx:speed></gpxtpx:TrackPointExtension></extensions><geoidheight>-23.8</geoidheight><src>gps</src><sat>13</sat><hdop>1.05</hdop><vdop>1.55</vdop><pdop>1.87</pdop><dgpsid>0000</dgpsid></trkpt>
<trkpt lat="29.60951616666667" lon="-96.354349"><ele>44.6</ele><time>2025-12-05T00:50:45.000Z</time><extensions><gpxtpx:TrackPointExtension><gpxtpx:bearing>317.37</gpxtpx:bearing><gpxtpx:speed>22.802195</gpxtpx:speed></gpxtpx:TrackPointExtension></extensions><geoidheight>-23.8</geoidheight><src>gps</src><sat>13</sat><hdop>1.05</hdop><vdop>1.55</vdop><pdop>1.87</pdop><dgpsid>0000</dgpsid></trkpt>
<trkpt lat="29.6104305" lon="-96.35530633333335"><ele>44.1</ele><time>2025-12-05T00:50:51.000Z</time><extensions><gpxtpx:TrackPointExtension><gpxtpx:bearing>317.61</gpxtpx:bearing><gpxtpx:speed>23.156322</gpxtpx:speed></gpxtpx:TrackPointExtension></extensions><geoidheight>-23.8</geoidheight><src>gps</src><sat>14</sat><hdop>1.05</hdop><vdop>1.55</vdop><pdop>1.87</pdop><dgpsid>0000</dgpsid></trkpt>
<trkpt lat="29.611356666666666" lon="-96.35627916666665"><ele>44.5</ele><time>2025-12-05T00:50:57.000Z</time><extensions><gpxtpx:TrackPointExtension><gpxtpx:bearing>317.57</gpxtpx:bearing><gpxtpx:speed>23.297873</gpxtpx:speed></gpxtpx:TrackPointExtension></extensions><geoidheight>-23.8</geoidheight><src>gps</src><sat>13</sat><hdop>1.05</hdop><vdop>1.55</vdop><pdop>1.87</pdop><dgpsid>0000</dgpsid></trkpt>
<trkpt lat="29.612276833333333" lon="-96.35724649999999"><ele>44.6</ele><time>2025-12-05T00:51:03.000Z</time><extensions><gpxtpx:TrackPointExtension><gpxtpx:bearing>317.18</gpxtpx:bearing><gpxtpx:speed>23.222723</gpxtpx:speed></gpxtpx:TrackPointExtension></extensions><geoidheight>-23.8</geoidheight><src>gps</src><sat>13</sat><hdop>1.19</hdop><vdop>1.83</vdop><pdop>2.18</pdop><dgpsid>0000</dgpsid></trkpt>
<trkpt lat="29.61319133333333" lon="-96.35821166666668"><ele>43.9</ele><time>2025-12-05T00:51:09.000Z</time><extensions><gpxtpx:TrackPointExtension><gpxtpx:bearing>317.35</gpxtpx:bearing><gpxtpx:speed>23.096102</gpxtpx:speed></gpxtpx:TrackPointExtension></extensions><geoidheight>-23.8</geoidheight><src>gps</src><sat>13</sat><hdop>1.02</hdop><vdop>1.50</vdop><pdop>1.81</pdop><dgpsid>0000</dgpsid></trkpt>
<trkpt lat="29.614114333333337" lon="-96.35917966666666"><ele>43.8</ele><time>2025-12-05T00:51:15.000Z</time><extensions><gpxtpx:TrackPointExtension><gpxtpx:bearing>317.13</gpxtpx:bearing><gpxtpx:speed>23.207796</gpxtpx:speed></gpxtpx:TrackPointExtension></extensions><geoidheight>-23.8</geoidheight><src>gps</src><sat>13</sat><hdop>1.02</hdop><vdop>1.50</vdop><pdop>1.81</pdop><dgpsid>0000</dgpsid></trkpt>
<trkpt lat="29.615027" lon="-96.36014599999999"><ele>43.5</ele><time>2025-12-05T00:51:21.000Z</time><extensions><gpxtpx:TrackPointExtension><gpxtpx:bearing>317.44</gpxtpx:bearing><gpxtpx:speed>22.92161</gpxtpx:speed></gpxtpx:TrackPointExtension></extensions><geoidheight>-23.8</geoidheight><src>gps</src><sat>13</sat><hdop>1.02</hdop><vdop>1.49</vdop><pdop>1.81</pdop><dgpsid>0000</dgpsid></trkpt>
<trkpt lat="29.615937833333337" lon="-96.36110916666667"><ele>44.9</ele><time>2025-12-05T00:51:27.000Z</time><extensions><gpxtpx:TrackPointExtension><gpxtpx:bearing>317.33</gpxtpx:bearing><gpxtpx:speed>22.922125</gpxtpx:speed></gpxtpx:TrackPointExtension></extensions><geoidheight>-23.8</geoidheight><src>gps</src><sat>13</sat><hdop>1.02</hdop><vdop>1.49</vdop><pdop>1.81</pdop><dgpsid>0000</dgpsid></trkpt>
<trkpt lat="29.616849833333337" lon="-96.36207"><ele>44.9</ele><time>2025-12-05T00:51:33.000Z</time><extensions><gpxtpx:TrackPointExtension><gpxtpx:bearing>317.28</gpxtpx:bearing><gpxtpx:speed>23.045658</gpxtpx:speed></gpxtpx:TrackPointExtension></extensions><geoidheight>-23.8</geoidheight><src>gps</src><sat>13</sat><hdop>1.02</hdop><vdop>1.49</vdop><pdop>1.81</pdop><dgpsid>0000</dgpsid></trkpt>
<trkpt lat="29.61777533333333" lon="-96.36304266666666"><ele>45.2</ele><time>2025-12-05T00:51:39.000Z</time><extensions><gpxtpx:TrackPointExtension><gpxtpx:bearing>317.21</gpxtpx:bearing><gpxtpx:speed>23.376625</gpxtpx:speed></gpxtpx:TrackPointExtension></extensions><geoidheight>-23.8</geoidheight><src>gps</src><sat>13</sat><hdop>1.02</hdop><vdop>1.49</vdop><pdop>1.81</pdop><dgpsid>0000</dgpsid></trkpt>
<trkpt lat="29.6186945" lon="-96.36399033333333"><ele>49.5</ele><time>2025-12-05T00:51:45.000Z</time><extensions><gpxtpx:TrackPointExtension><gpxtpx:bearing>317.16</gpxtpx:bearing><gpxtpx:speed>23.32927</gpxtpx:speed></gpxtpx:TrackPointExtension></extensions><geoidheight>-23.8</geoidheight><src>gps</src><sat>13</sat><hdop>0.91</hdop><vdop>1.39</vdop><pdop>1.66</pdop><dgpsid>0000</dgpsid></trkpt>
<trkpt lat="29.619611666666668" lon="-96.36495250000002"><ele>51.4</ele><time>2025-12-05T00:51:51.000Z</time><extensions><gpxtpx:TrackPointExtension><gpxtpx:bearing>316.8</gpxtpx:bearing><gpxtpx:speed>22.961243</gpxtpx:speed></gpxtpx:TrackPointExtension></extensions><geoidheight>-23.8</geoidheight><src>gps</src><sat>13</sat><hdop>0.91</hdop><vdop>1.39</vdop><pdop>1.66</pdop><dgpsid>0000</dgpsid></trkpt>
<trkpt lat="29.620520000000003" lon="-96.36590166666669"><ele>51.0</ele><time>2025-12-05T00:51:57.000Z</time><extensions><gpxtpx:TrackPointExtension><gpxtpx:bearing>317.26</gpxtpx:bearing><gpxtpx:speed>22.88352</gpxtpx:speed></gpxtpx:TrackPointExtension></extensions><geoidheight>-23.8</geoidheight><src>gps</src><sat>13</sat><hdop>0.91</hdop><vdop>1.39</vdop><pdop>1.66</pdop><dgpsid>0000</dgpsid></trkpt>
<trkpt lat="29.621431833333336" lon="-96.36685483333333"><ele>51.5</ele><time>2025-12-05T00:52:03.000Z</time><extensions><gpxtpx:TrackPointExtension><gpxtpx:bearing>317.45</gpxtpx:bearing><gpxtpx:speed>23.073454</gpxtpx:speed></gpxtpx:TrackPointExtension></extensions><geoidheight>-23.8</geoidheight><src>gps</src><sat>13</sat><hdop>0.90</hdop><vdop>1.39</vdop><pdop>1.66</pdop><dgpsid>0000</dgpsid></trkpt>
<trkpt lat="29.622361166666664" lon="-96.36783016666668"><ele>51.5</ele><time>2025-12-05T00:52:09.000Z</time><extensions><gpxtpx:TrackPointExtension><gpxtpx:bearing>317.51</gpxtpx:bearing><gpxtpx:speed>23.502216</gpxtpx:speed></gpxtpx:TrackPointExtension></extensions><geoidheight>-23.8</geoidheight><src>gps</src><sat>12</sat><hdop>0.90</hdop><vdop>1.39</vdop><pdop>1.66</pdop><dgpsid>0000</dgpsid></trkpt>
<trkpt lat="29.62330866666667" lon="-96.36882083333333"><ele>51.8</ele><time>2025-12-05T00:52:15.000Z</time><extensions><gpxtpx:TrackPointExtension><gpxtpx:bearing>317.37</gpxtpx:bearing><gpxtpx:speed>23.797152</gpxtpx:speed></gpxtpx:TrackPointExtension></extensions><geoidheight>-23.8</geoidheight><src>gps</src><sat>14</sat><hdop>0.81</hdop><vdop>1.30</vdop><pdop>1.53</pdop><dgpsid>0000</dgpsid></trkpt>
<trkpt lat="29.624256666666664" lon="-96.3698265"><ele>52.0</ele><time>2025-12-05T00:52:21.000Z</time><extensions><gpxtpx:TrackPointExtension><gpxtpx:bearing>317.58</gpxtpx:bearing><gpxtpx:speed>23.70862</gpxtpx:speed></gpxtpx:TrackPointExtension></extensions><geoidheight>-23.9</geoidheight><src>gps</src><sat>14</sat><hdop>0.81</hdop><vdop>1.30</vdop><pdop>1.53</pdop><dgpsid>0000</dgpsid></trkpt>
<trkpt lat="29.625196" lon="-96.37081366666668"><ele>52.2</ele><time>2025-12-05T00:52:27.000Z</time><extensions><gpxtpx:TrackPointExtension><gpxtpx:bearing>317.18</gpxtpx:bearing><gpxtpx:speed>23.561409</gpxtpx:speed></gpxtpx:TrackPointExtension></extensions><geoidheight>-23.9</geoidheight><src>gps</src><sat>14</sat><hdop>0.81</hdop><vdop>1.30</vdop><pdop>1.53</pdop><dgpsid>0000</dgpsid></trkpt>
<trkpt lat="29.626131" lon="-96.37180383333335"><ele>52.5</ele><time>2025-12-05T00:52:33.000Z</time><extensions><gpxtpx:TrackPointExtension><gpxtpx:bearing>317.05</gpxtpx:bearing><gpxtpx:speed>23.68134</gpxtpx:speed></gpxtpx:TrackPointExtension></extensions><geoidheight>-23.9</geoidheight><src>gps</src><sat>14</sat><hdop>0.81</hdop><vdop>1.30</vdop><pdop>1.53</pdop><dgpsid>0000</dgpsid></trkpt>
<trkpt lat="29.627076499999998" lon="-96.37280333333335"><ele>53.3</ele><time>2025-12-05T00:52:39.000Z</time><extensions><gpxtpx:TrackPointExtension><gpxtpx:bearing>317.04</gpxtpx:bearing><gpxtpx:speed>23.974731</gpxtpx:speed></gpxtpx:TrackPointExtension></extensions><geoidheight>-23.9</geoidheight><src>gps</src><sat>14</sat><hdop>0.81</hdop><vdop>1.30</vdop><pdop>1.53</pdop><dgpsid>0000</dgpsid></trkpt>
<trkpt lat="29.628039166666667" lon="-96.37382116666667"><ele>53.9</ele><time>2025-12-05T00:52:45.000Z</time><extensions><gpxtpx:TrackPointExtension><gpxtpx:bearing>317.08</gpxtpx:bearing><gpxtpx:speed>24.178562</gpxtpx:speed></gpxtpx:TrackPointExtension></extensions><geoidheight>-23.9</geoidheight><src>gps</src><sat>13</sat><hdop>0.90</hdop><vdop>1.39</vdop><pdop>1.66</pdop><dgpsid>0000</dgpsid></trkpt>
<trkpt lat="29.62899616666667" lon="-96.3748335"><ele>54.7</ele><time>2025-12-05T00:52:51.000Z</time><extensions><gpxtpx:TrackPointExtension><gpxtpx:bearing>317.68</gpxtpx:bearing><gpxtpx:speed>24.070984</gpxtpx:speed></gpxtpx:TrackPointExtension></extensions><geoidheight>-23.9</geoidheight><src>gps</src><sat>13</sat><hdop>0.90</hdop><vdop>1.39</vdop><pdop>1.66</pdop><dgpsid>0000</dgpsid></trkpt>
<trkpt lat="29.629958666666667" lon="-96.37585233333333"><ele>55.7</ele><time>2025-12-05T00:52:57.000Z</time><extensions><gpxtpx:TrackPointExtension><gpxtpx:bearing>317.01</gpxtpx:bearing><gpxtpx:speed>24.27327</gpxtpx:speed></gpxtpx:TrackPointExtension></extensions><geoidheight>-23.9</geoidheight><src>gps</src><sat>13</sat><hdop>0.90</hdop><vdop>1.39</vdop><pdop>1.66</pdop><dgpsid>0000</dgpsid></trkpt>
<trkpt lat="29.63092766666667" lon="-96.37687666666667"><ele>56.2</ele><time>2025-12-05T00:53:03.000Z</time><extensions><gpxtpx:TrackPointExtension><gpxtpx:bearing>317.38</gpxtpx:bearing><gpxtpx:speed>24.557398</gpxtpx:speed></gpxtpx:TrackPointExtension></extensions><geoidheight>-23.9</geoidheight><src>gps</src><sat>13</sat><hdop>0.90</hdop><vdop>1.39</vdop><pdop>1.66</pdop><dgpsid>0000</dgpsid></trkpt>
<trkpt lat="29.6318915" lon="-96.37790183333333"><ele>56.8</ele><time>2025-12-05T00:53:09.000Z</time><extensions><gpxtpx:TrackPointExtension><gpxtpx:bearing>317.04</gpxtpx:bearing><gpxtpx:speed>24.127089</gpxtpx:speed></gpxtpx:TrackPointExtension></extensions><geoidheight>-23.9</geoidheight><src>gps</src><sat>13</sat><hdop>0.90</hdop><vdop>1.39</vdop><pdop>1.66</pdop><dgpsid>0000</dgpsid></trkpt>
<trkpt lat="29.632847833333336" lon="-96.378906"><ele>57.3</ele><time>2025-12-05T00:53:15.000Z</time><extensions><gpxtpx:TrackPointExtension><gpxtpx:bearing>317.52</gpxtpx:bearing><gpxtpx:speed>23.59744</gpxtpx:speed></gpxtpx:TrackPointExtension></extensions><geoidheight>-23.9</geoidheight><src>gps</src><sat>13</sat><hdop>0.90</hdop><vdop>1.39</vdop><pdop>1.66</pdop><dgpsid>0000</dgpsid></trkpt>
<trkpt lat="29.633780333333334" lon="-96.37989383333334"><ele>57.4</ele><time>2025-12-05T00:53:21.000Z</time><extensions><gpxtpx:TrackPointExtension><gpxtpx:bearing>317.12</gpxtpx:bearing><gpxtpx:speed>23.380743</gpxtpx:speed></gpxtpx:TrackPointExtension></extensions><geoidheight>-23.9</geoidheight><src>gps</src><sat>13</sat><hdop>0.90</hdop><vdop>1.39</vdop><pdop>1.66</pdop><dgpsid>0000</dgpsid></trkpt>
<trkpt lat="29.634711" lon="-96.38088583333335"><ele>58.1</ele><time>2025-12-05T00:53:27.000Z</time><extensions><gpxtpx:TrackPointExtension><gpxtpx:bearing>316.64</gpxtpx:bearing><gpxtpx:speed>23.694723</gpxtpx:speed></gpxtpx:TrackPointExtension></extensions><geoidheight>-23.9</geoidheight><src>gps</src><sat>13</sat><hdop>0.90</hdop><vdop>1.39</vdop><pdop>1.66</pdop><dgpsid>0000</dgpsid></trkpt>
<trkpt lat="29.63564516666667" lon="-96.38187566666666"><ele>58.3</ele><time>2025-12-05T00:53:33.000Z</time><extensions><gpxtpx:TrackPointExtension><gpxtpx:bearing>317.27</gpxtpx:bearing><gpxtpx:speed>23.515085</gpxtpx:speed></gpxtpx:TrackPointExtension></extensions><geoidheight>-23.9</geoidheight><src>gps</src><sat>13</sat><hdop>0.90</hdop><vdop>1.39</vdop><pdop>1.66</pdop><dgpsid>0000</dgpsid></trkpt>
<trkpt lat="29.636586166666667" lon="-96.38286799999999"><ele>57.9</ele><time>2025-12-05T00:53:39.000Z</time><extensions><gpxtpx:TrackPointExtension><gpxtpx:bearing>317.35</gpxtpx:bearing><gpxtpx:speed>23.823402</gpxtpx:speed></gpxtpx:TrackPointExtension></extensions><geoidheight>-23.9</geoidheight><src>gps</src><sat>13</sat><hdop>1.07</hdop><vdop>1.76</vdop><pdop>2.06</pdop><dgpsid>0000</dgpsid></trkpt>
<trkpt lat="29.6375355" lon="-96.38386899999999"><ele>58.2</ele><time>2025-12-05T00:53:45.000Z</time><extensions><gpxtpx:TrackPointExtension><gpxtpx:bearing>317.28</gpxtpx:bearing><gpxtpx:speed>24.010763</gpxtpx:speed></gpxtpx:TrackPointExtension></extensions><geoidheight>-23.9</geoidheight><src>gps</src><sat>12</sat><hdop>1.07</hdop><vdop>1.76</vdop><pdop>2.06</pdop><dgpsid>0000</dgpsid></trkpt>
<trkpt lat="29.6384855" lon="-96.384873"><ele>58.1</ele><time>2025-12-05T00:53:51.000Z</time><extensions><gpxtpx:TrackPointExtension><gpxtpx:bearing>317.29</gpxtpx:bearing><gpxtpx:speed>23.836786</gpxtpx:speed></gpxtpx:TrackPointExtension></extensions><geoidheight>-23.9</geoidheight><src>gps</src><sat>12</sat><hdop>1.07</hdop><vdop>1.76</vdop><pdop>2.06</pdop><dgpsid>0000</dgpsid></trkpt>
<trkpt lat="29.639445166666665" lon="-96.3858875"><ele>58.2</ele><time>2025-12-05T00:53:57.000Z</time><extensions><gpxtpx:TrackPointExtension><gpxtpx:bearing>316.96</gpxtpx:bearing><gpxtpx:speed>24.403496</gpxtpx:speed></gpxtpx:TrackPointExtension></extensions><geoidheight>-23.9</geoidheight><src>gps</src><sat>13</sat><hdop>1.07</hdop><vdop>1.76</vdop><pdop>2.06</pdop><dgpsid>0000</dgpsid></trkpt>
<trkpt lat="29.640413833333334" lon="-96.38690733333333"><ele>58.6</ele><time>2025-12-05T00:54:03.000Z</time><extensions><gpxtpx:TrackPointExtension><gpxtpx:bearing>317.7</gpxtpx:bearing><gpxtpx:speed>24.306213</gpxtpx:speed></gpxtpx:TrackPointExtension></extensions><geoidheight>-23.9</geoidheight><src>gps</src><sat>13</sat><hdop>1.07</hdop><vdop>1.76</vdop><pdop>2.06</pdop><dgpsid>0000</dgpsid></trkpt>
<trkpt lat="29.641381000000003" lon="-96.38793733333333"><ele>59.1</ele><time>2025-12-05T00:54:09.000Z</time><extensions><gpxtpx:TrackPointExtension><gpxtpx:bearing>317.06</gpxtpx:bearing><gpxtpx:speed>24.442614</gpxtpx:speed></gpxtpx:TrackPointExtension></extensions><geoidheight>-23.9</geoidheight><src>gps</src><sat>12</sat><hdop>1.07</hdop><vdop>1.77</vdop><pdop>2.06</pdop><dgpsid>0000</dgpsid></trkpt>
<trkpt lat="29.642354833333336" lon="-96.38896583333332"><ele>60.1</ele><time>2025-12-05T00:54:15.000Z</time><extensions><gpxtpx:TrackPointExtension><gpxtpx:bearing>317.75</gpxtpx:bearing><gpxtpx:speed>24.59703</gpxtpx:speed></gpxtpx:TrackPointExtension></extensions><geoidheight>-23.9</geoidheight><src>gps</src><sat>13</sat><hdop>1.07</hdop><vdop>1.77</vdop><pdop>2.06</pdop><dgpsid>0000</dgpsid></trkpt>
<trkpt lat="29.643341000000003" lon="-96.39000666666668"><ele>60.8</ele><time>2025-12-05T00:54:21.000Z</time><extensions><gpxtpx:TrackPointExtension><gpxtpx:bearing>317.39</gpxtpx:bearing><gpxtpx:speed>24.89454</gpxtpx:speed></gpxtpx:TrackPointExtension></extensions><geoidheight>-23.9</geoidheight><src>gps</src><sat>13</sat><hdop>1.07</hdop><vdop>1.77</vdop><pdop>2.07</pdop><dgpsid>0000</dgpsid></trkpt>
<trkpt lat="29.644319666666668" lon="-96.39103883333334"><ele>60.7</ele><time>2025-12-05T00:54:27.000Z</time><extensions><gpxtpx:TrackPointExtension><gpxtpx:bearing>317.47</gpxtpx:bearing><gpxtpx:speed>24.59703</gpxtpx:speed></gpxtpx:TrackPointExtension></extensions><geoidheight>-23.9</geoidheight><src>gps</src><sat>12</sat><hdop>1.07</hdop><vdop>1.77</vdop><pdop>2.07</pdop><dgpsid>0000</dgpsid></trkpt>
<trkpt lat="29.64529183333333" lon="-96.39206466666668"><ele>60.8</ele><time>2025-12-05T00:54:33.000Z</time><extensions><gpxtpx:TrackPointExtension><gpxtpx:bearing>317.44</gpxtpx:bearing><gpxtpx:speed>24.269667</gpxtpx:speed></gpxtpx:TrackPointExtension></extensions><geoidheight>-23.9</geoidheight><src>gps</src><sat>13</sat><hdop>0.89</hdop><vdop>1.39</vdop><pdop>1.66</pdop><dgpsid>0000</dgpsid></trkpt>
<trkpt lat="29.646257" lon="-96.39309183333334"><ele>61.4</ele><time>2025-12-05T00:54:39.000Z</time><extensions><gpxtpx:TrackPointExtension><gpxtpx:bearing>317.44</gpxtpx:bearing><gpxtpx:speed>24.327316</gpxtpx:speed></gpxtpx:TrackPointExtension></extensions><geoidheight>-23.9</geoidheight><src>gps</src><sat>11</sat><hdop>1.11</hdop><vdop>1.86</vdop><pdop>2.17</pdop><dgpsid>0000</dgpsid></trkpt>
<trkpt lat="29.647220333333333" lon="-96.39410366666668"><ele>62.7</ele><time>2025-12-05T00:54:45.000Z</time><extensions><gpxtpx:TrackPointExtension><gpxtpx:bearing>317.27</gpxtpx:bearing><gpxtpx:speed>24.04216</gpxtpx:speed></gpxtpx:TrackPointExtension></extensions><geoidheight>-23.9</geoidheight><src>gps</src><sat>13</sat><hdop>0.89</hdop><vdop>1.39</vdop><pdop>1.66</pdop><dgpsid>0000</dgpsid></trkpt>
<trkpt lat="29.64817216666667" lon="-96.39511033333335"><ele>63.3</ele><time>2025-12-05T00:54:51.000Z</time><extensions><gpxtpx:TrackPointExtension><gpxtpx:bearing>317.41</gpxtpx:bearing><gpxtpx:speed>24.012821</gpxtpx:speed></gpxtpx:TrackPointExtension></extensions><geoidheight>-23.9</geoidheight><src>gps</src><sat>13</sat><hdop>0.89</hdop><vdop>1.39</vdop><pdop>1.65</pdop><dgpsid>0000</dgpsid></trkpt>
<trkpt lat="29.6491215" lon="-96.39611266666667"><ele>62.7</ele><time>2025-12-05T00:54:57.000Z</time><extensions><gpxtpx:TrackPointExtension><gpxtpx:bearing>317.7</gpxtpx:bearing><gpxtpx:speed>23.635015</gpxtpx:speed></gpxtpx:TrackPointExtension></extensions><geoidheight>-23.9</geoidheight><src>gps</src><sat>13</sat><hdop>0.89</hdop><vdop>1.39</vdop><pdop>1.65</pdop><dgpsid>0000</dgpsid></trkpt>
<trkpt lat="29.650056166666666" lon="-96.39710599999998"><ele>62.2</ele><time>2025-12-05T00:55:03.000Z</time><extensions><gpxtpx:TrackPointExtension><gpxtpx:bearing>317.12</gpxtpx:bearing><gpxtpx:speed>23.511997</gpxtpx:speed></gpxtpx:TrackPointExtension></extensions><geoidheight>-23.9</geoidheight><src>gps</src><sat>13</sat><hdop>0.89</hdop><vdop>1.39</vdop><pdop>1.65</pdop><dgpsid>0000</dgpsid></trkpt>
<trkpt lat="29.650987" lon="-96.39808650000002"><ele>62.0</ele><time>2025-12-05T00:55:09.000Z</time><extensions><gpxtpx:TrackPointExtension><gpxtpx:bearing>317.63</gpxtpx:bearing><gpxtpx:speed>23.52538</gpxtpx:speed></gpxtpx:TrackPointExtension></extensions><geoidheight>-23.9</geoidheight><src>gps</src><sat>13</sat><hdop>0.89</hdop><vdop>1.39</vdop><pdop>1.65</pdop><dgpsid>0000</dgpsid></trkpt>
<trkpt lat="29.651927" lon="-96.39907983333333"><ele>61.2</ele><time>2025-12-05T00:55:15.000Z</time><extensions><gpxtpx:TrackPointExtension><gpxtpx:bearing>317.28</gpxtpx:bearing><gpxtpx:speed>23.873846</gpxtpx:speed></gpxtpx:TrackPointExtension></extensions><geoidheight>-23.9</geoidheight><src>gps</src><sat>13</sat><hdop>0.89</hdop><vdop>1.39</vdop><pdop>1.65</pdop><dgpsid>0000</dgpsid></trkpt>
<trkpt lat="29.652854333333334" lon="-96.40006766666666"><ele>61.2</ele><time>2025-12-05T00:55:21.000Z</time><extensions><gpxtpx:TrackPointExtension><gpxtpx:bearing>317.27</gpxtpx:bearing><gpxtpx:speed>22.371372</gpxtpx:speed></gpxtpx:TrackPointExtension></extensions><geoidheight>-23.9</geoidheight><src>gps</src><sat>13</sat><hdop>0.89</hdop><vdop>1.39</vdop><pdop>1.65</pdop><dgpsid>0000</dgpsid></trkpt>
<trkpt lat="29.653725500000004" lon="-96.40089416666666"><ele>62.4</ele><time>2025-12-05T00:55:27.000Z</time><extensions><gpxtpx:TrackPointExtension><gpxtpx:bearing>328.15</gpxtpx:bearing><gpxtpx:speed>19.530106</gpxtpx:speed></gpxtpx:TrackPointExtension></extensions><geoidheight>-23.9</geoidheight><src>gps</src><sat>12</sat><hdop>1.06</hdop><vdop>1.78</vdop><pdop>2.07</pdop><dgpsid>0000</dgpsid></trkpt>
<trkpt lat="29.654688166666666" lon="-96.40129083333335"><ele>64.7</ele><time>2025-12-05T00:55:33.000Z</time><extensions><gpxtpx:TrackPointExtension><gpxtpx:bearing>349.42</gpxtpx:bearing><gpxtpx:speed>19.279951</gpxtpx:speed></gpxtpx:TrackPointExtension></extensions><geoidheight>-23.9</geoidheight><src>gps</src><sat>13</sat><hdop>1.06</hdop><vdop>1.78</vdop><pdop>2.07</pdop><dgpsid>0000</dgpsid></trkpt>
<trkpt lat="29.655757499999996" lon="-96.401491"><ele>67.4</ele><time>2025-12-05T00:55:39.000Z</time><extensions><gpxtpx:TrackPointExtension><gpxtpx:bearing>350.88</gpxtpx:bearing><gpxtpx:speed>20.301159</gpxtpx:speed></gpxtpx:TrackPointExtension></extensions><geoidheight>-23.9</geoidheight><src>gps</src><sat>14</sat><hdop>0.90</hdop><vdop>1.37</vdop><pdop>1.63</pdop><dgpsid>0000</dgpsid></trkpt>
<trkpt lat="29.656835500000003" lon="-96.40172333333334"><ele>68.1</ele><time>2025-12-05T00:55:45.000Z</time><extensions><gpxtpx:TrackPointExtension><gpxtpx:bearing>345.36</gpxtpx:bearing><gpxtpx:speed>20.045341</gpxtpx:speed></gpxtpx:TrackPointExtension></extensions><geoidheight>-23.9</geoidheight><src>gps</src><sat>14</sat><hdop>0.93</hdop><vdop>1.49</vdop><pdop>1.75</pdop><dgpsid>0000</dgpsid></trkpt>
<trkpt lat="29.65781683333333" lon="-96.40226466666667"><ele>68.9</ele><time>2025-12-05T00:55:51.000Z</time><extensions><gpxtpx:TrackPointExtension><gpxtpx:bearing>326.74</gpxtpx:bearing><gpxtpx:speed>20.346455</gpxtpx:speed></gpxtpx:TrackPointExtension></extensions><geoidheight>-23.9</geoidheight><src>gps</src><sat>13</sat><hdop>0.84</hdop><vdop>1.43</vdop><pdop>1.66</pdop><dgpsid>0000</dgpsid></trkpt>
<trkpt lat="29.6586955" lon="-96.40309083333335"><ele>67.9</ele><time>2025-12-05T00:55:57.000Z</time><extensions><gpxtpx:TrackPointExtension><gpxtpx:bearing>319.09</gpxtpx:bearing><gpxtpx:speed>21.684217</gpxtpx:speed></gpxtpx:TrackPointExtension></extensions><geoidheight>-23.9</geoidheight><src>gps</src><sat>13</sat><hdop>0.80</hdop><vdop>1.30</vdop><pdop>1.53</pdop><dgpsid>0000</dgpsid></trkpt>
<trkpt lat="29.65957883333333" lon="-96.40398516666667"><ele>68.3</ele><time>2025-12-05T00:56:03.000Z</time><extensions><gpxtpx:TrackPointExtension><gpxtpx:bearing>318.42</gpxtpx:bearing><gpxtpx:speed>21.559141</gpxtpx:speed></gpxtpx:TrackPointExtension></extensions><geoidheight>-23.9</geoidheight><src>gps</src><sat>14</sat><hdop>0.80</hdop><vdop>1.30</vdop><pdop>1.53</pdop><dgpsid>0000</dgpsid></trkpt>
<trkpt lat="29.660437333333334" lon="-96.40487433333334"><ele>69.4</ele><time>2025-12-05T00:56:09.000Z</time><extensions><gpxtpx:TrackPointExtension><gpxtpx:bearing>319.25</gpxtpx:bearing><gpxtpx:speed>20.658377</gpxtpx:speed></gpxtpx:TrackPointExtension></extensions><geoidheight>-23.9</geoidheight><src>gps</src><sat>14</sat><hdop>0.80</hdop><vdop>1.30</vdop><pdop>1.53</pdop><dgpsid>0000</dgpsid></trkpt>
<trkpt lat="29.6612855" lon="-96.405741"><ele>68.2</ele><time>2025-12-05T00:56:15.000Z</time><extensions><gpxtpx:TrackPointExtension><gpxtpx:bearing>316.9</gpxtpx:bearing><gpxtpx:speed>21.407812</gpxtpx:speed></gpxtpx:TrackPointExtension></extensions><geoidheight>-23.9</geoidheight><src>gps</src><sat>13</sat><hdop>0.85</hdop><vdop>1.57</vdop><pdop>1.78</pdop><dgpsid>0000</dgpsid></trkpt>
<trkpt lat="29.662088666666666" lon="-96.40671933333333"><ele>68.6</ele><time>2025-12-05T00:56:21.000Z</time><extensions><gpxtpx:TrackPointExtension><gpxtpx:bearing>311.56</gpxtpx:bearing><gpxtpx:speed>21.440239</gpxtpx:speed></gpxtpx:TrackPointExtension></extensions><geoidheight>-23.9</geoidheight><src>gps</src><sat>13</sat><hdop>1.06</hdop><vdop>1.79</vdop><pdop>2.08</pdop><dgpsid>0000</dgpsid></trkpt>
<trkpt lat="29.662859833333332" lon="-96.40771433333333"><ele>67.7</ele><time>2025-12-05T00:56:27.000Z</time><extensions><gpxtpx:TrackPointExtension><gpxtpx:bearing>309.6</gpxtpx:bearing><gpxtpx:speed>21.559141</gpxtpx:speed></gpxtpx:TrackPointExtension></extensions><geoidheight>-23.9</geoidheight><src>gps</src><sat>14</sat><hdop>0.89</hdop><vdop>1.39</vdop><pdop>1.65</pdop><dgpsid>0000</dgpsid></trkpt>
<trkpt lat="29.66345533333333" lon="-96.40885133333335"><ele>65.5</ele><time>2025-12-05T00:56:33.000Z</time><extensions><gpxtpx:TrackPointExtension><gpxtpx:bearing>296.45</gpxtpx:bearing><gpxtpx:speed>21.958565</gpxtpx:speed></gpxtpx:TrackPointExtension></extensions><geoidheight>-23.9</geoidheight><src>gps</src><sat>13</sat><hdop>0.89</hdop><vdop>1.39</vdop><pdop>1.65</pdop><dgpsid>0000</dgpsid></trkpt>
<trkpt lat="29.663974833333334" lon="-96.41006983333334"><ele>62.3</ele><time>2025-12-05T00:56:39.000Z</time><extensions><gpxtpx:TrackPointExtension><gpxtpx:bearing>297.28</gpxtpx:bearing><gpxtpx:speed>21.809296</gpxtpx:speed></gpxtpx:TrackPointExtension></extensions><geoidheight>-23.9</geoidheight><src>gps</src><sat>13</sat><hdop>0.89</hdop><vdop>1.39</vdop><pdop>1.65</pdop><dgpsid>0000</dgpsid></trkpt>
<trkpt lat="29.664532500000004" lon="-96.4112895"><ele>61.1</ele><time>2025-12-05T00:56:45.000Z</time><extensions><gpxtpx:TrackPointExtension><gpxtpx:bearing>297.95</gpxtpx:bearing><gpxtpx:speed>22.22725</gpxtpx:speed></gpxtpx:TrackPointExtension></extensions><geoidheight>-23.9</geoidheight><src>gps</src><sat>13</sat><hdop>0.89</hdop><vdop>1.39</vdop><pdop>1.65</pdop><dgpsid>0000</dgpsid></trkpt>
<trkpt lat="29.665135000000003" lon="-96.41249950000001"><ele>60.0</ele><time>2025-12-05T00:56:51.000Z</time><extensions><gpxtpx:TrackPointExtension><gpxtpx:bearing>300.1</gpxtpx:bearing><gpxtpx:speed>22.521156</gpxtpx:speed></gpxtpx:TrackPointExtension></extensions><geoidheight>-23.9</geoidheight><src>gps</src><sat>13</sat><hdop>0.88</hdop><vdop>1.39</vdop><pdop>1.65</pdop><dgpsid>0000</dgpsid></trkpt>
<trkpt lat="29.665755166666667" lon="-96.413706"><ele>57.9</ele><time>2025-12-05T00:56:57.000Z</time><extensions><gpxtpx:TrackPointExtension><gpxtpx:bearing>299.81</gpxtpx:bearing><gpxtpx:speed>22.53145</gpxtpx:speed></gpxtpx:TrackPointExtension></extensions><geoidheight>-23.9</geoidheight><src>gps</src><sat>13</sat><hdop>0.88</hdop><vdop>1.39</vdop><pdop>1.65</pdop><dgpsid>0000</dgpsid></trkpt>
<trkpt lat="29.666378833333336" lon="-96.414912"><ele>58.5</ele><time>2025-12-05T00:57:03.000Z</time><extensions><gpxtpx:TrackPointExtension><gpxtpx:bearing>300.91</gpxtpx:bearing><gpxtpx:speed>22.885065</gpxtpx:speed></gpxtpx:TrackPointExtension></extensions><geoidheight>-23.9</geoidheight><src>gps</src><sat>13</sat><hdop>0.88</hdop><vdop>1.39</vdop><pdop>1.65</pdop><dgpsid>0000</dgpsid></trkpt>
<trkpt lat="29.6670055" lon="-96.41614466666667"><ele>58.5</ele><time>2025-12-05T00:57:09.000Z</time><extensions><gpxtpx:TrackPointExtension><gpxtpx:bearing>300.27</gpxtpx:bearing><gpxtpx:speed>23.326696</gpxtpx:speed></gpxtpx:TrackPointExtension></extensions><geoidheight>-23.9</geoidheight><src>gps</src><sat>13</sat><hdop>0.88</hdop><vdop>1.39</vdop><pdop>1.65</pdop><dgpsid>0000</dgpsid></trkpt>
<trkpt lat="29.667648999999997" lon="-96.4174"><ele>58.8</ele><time>2025-12-05T00:57:15.000Z</time><extensions><gpxtpx:TrackPointExtension><gpxtpx:bearing>300.41</gpxtpx:bearing><gpxtpx:speed>23.24537</gpxtpx:speed></gpxtpx:TrackPointExtension></extensions><geoidheight>-23.9</geoidheight><src>gps</src><sat>13</sat><hdop>0.88</hdop><vdop>1.39</vdop><pdop>1.65</pdop><dgpsid>0000</dgpsid></trkpt>
<trkpt lat="29.668287166666666" lon="-96.41863733333334"><ele>59.2</ele><time>2025-12-05T00:57:21.000Z</time><extensions><gpxtpx:TrackPointExtension><gpxtpx:bearing>300.58</gpxtpx:bearing><gpxtpx:speed>23.055437</gpxtpx:speed></gpxtpx:TrackPointExtension></extensions><geoidheight>-23.9</geoidheight><src>gps</src><sat>13</sat><hdop>0.88</hdop><vdop>1.39</vdop><pdop>1.65</pdop><dgpsid>0000</dgpsid></trkpt>
<trkpt lat="29.66892083333333" lon="-96.41988266666667"><ele>58.7</ele><time>2025-12-05T00:57:27.000Z</time><extensions><gpxtpx:TrackPointExtension><gpxtpx:bearing>300.06</gpxtpx:bearing><gpxtpx:speed>23.723032</gpxtpx:speed></gpxtpx:TrackPointExtension></extensions><geoidheight>-23.9</geoidheight><src>gps</src><sat>13</sat><hdop>0.88</hdop><vdop>1.39</vdop><pdop>1.65</pdop><dgpsid>0000</dgpsid></trkpt>
<trkpt lat="29.669583499999998" lon="-96.42118299999998"><ele>57.5</ele><time>2025-12-05T00:57:33.000Z</time><extensions><gpxtpx:TrackPointExtension><gpxtpx:bearing>300.45</gpxtpx:bearing><gpxtpx:speed>24.34945</gpxtpx:speed></gpxtpx:TrackPointExtension></extensions><geoidheight>-23.9</geoidheight><src>gps</src><sat>13</sat><hdop>0.88</hdop><vdop>1.39</vdop><pdop>1.65</pdop><dgpsid>0000</dgpsid></trkpt>
<trkpt lat="29.6702525" lon="-96.42249783333334"><ele>57.1</ele><time>2025-12-05T00:57:39.000Z</time><extensions><gpxtpx:TrackPointExtension><gpxtpx:bearing>300.28</gpxtpx:bearing><gpxtpx:speed>24.853363</gpxtpx:speed></gpxtpx:TrackPointExtension></extensions><geoidheight>-23.9</geoidheight><src>gps</src><sat>13</sat><hdop>0.88</hdop><vdop>1.39</vdop><pdop>1.65</pdop><dgpsid>0000</dgpsid></trkpt>
<trkpt lat="29.6709315" lon="-96.423836"><ele>58.2</ele><time>2025-12-05T00:57:45.000Z</time><extensions><gpxtpx:TrackPointExtension><gpxtpx:bearing>299.95</gpxtpx:bearing><gpxtpx:speed>24.853363</gpxtpx:speed></gpxtpx:TrackPointExtension></extensions><geoidheight>-23.9</geoidheight><src>gps</src><sat>13</sat><hdop>0.88</hdop><vdop>1.39</vdop><pdop>1.65</pdop><dgpsid>0000</dgpsid></trkpt>
<trkpt lat="29.67161583333333" lon="-96.42518216666667"><ele>58.0</ele><time>2025-12-05T00:57:51.000Z</time><extensions><gpxtpx:TrackPointExtension><gpxtpx:bearing>300.37</gpxtpx:bearing><gpxtpx:speed>25.188961</gpxtpx:speed></gpxtpx:TrackPointExtension></extensions><geoidheight>-23.9</geoidheight><src>gps</src><sat>13</sat><hdop>0.88</hdop><vdop>1.39</vdop><pdop>1.65</pdop><dgpsid>0000</dgpsid></trkpt>
<trkpt lat="29.67230083333333" lon="-96.42650666666665"><ele>57.5</ele><time>2025-12-05T00:57:57.000Z</time><extensions><gpxtpx:TrackPointExtension><gpxtpx:bearing>302.86</gpxtpx:bearing><gpxtpx:speed>24.803434</gpxtpx:speed></gpxtpx:TrackPointExtension></extensions><geoidheight>-23.9</geoidheight><src>gps</src><sat>13</sat><hdop>0.88</hdop><vdop>1.39</vdop><pdop>1.65</pdop><dgpsid>0000</dgpsid></trkpt>
<trkpt lat="29.67310916666667" lon="-96.42768499999998"><ele>58.4</ele><time>2025-12-05T00:58:03.000Z</time><extensions><gpxtpx:TrackPointExtension><gpxtpx:bearing>313.76</gpxtpx:bearing><gpxtpx:speed>23.338535</gpxtpx:speed></gpxtpx:TrackPointExtension></extensions><geoidheight>-23.9</geoidheight><src>gps</src><sat>13</sat><hdop>0.88</hdop><vdop>1.39</vdop><pdop>1.65</pdop><dgpsid>0000</dgpsid></trkpt>
<trkpt lat="29.674008166666667" lon="-96.42860433333333"><ele>60.5</ele><time>2025-12-05T00:58:09.000Z</time><extensions><gpxtpx:TrackPointExtension><gpxtpx:bearing>320.87</gpxtpx:bearing><gpxtpx:speed>21.88187</gpxtpx:speed></gpxtpx:TrackPointExtension></extensions><geoidheight>-23.9</geoidheight><src>gps</src><sat>13</sat><hdop>0.88</hdop><vdop>1.39</vdop><pdop>1.65</pdop><dgpsid>0000</dgpsid></trkpt>
<trkpt lat="29.67488766666667" lon="-96.4295395"><ele>61.7</ele><time>2025-12-05T00:58:15.000Z</time><extensions><gpxtpx:TrackPointExtension><gpxtpx:bearing>310.16</gpxtpx:bearing><gpxtpx:speed>21.91996</gpxtpx:speed></gpxtpx:TrackPointExtension></extensions><geoidheight>-23.9</geoidheight><src>gps</src><sat>13</sat><hdop>0.88</hdop><vdop>1.39</vdop><pdop>1.65</pdop><dgpsid>0000</dgpsid></trkpt>
<trkpt lat="29.675455000000003" lon="-96.43078916666667"><ele>65.4</ele><time>2025-12-05T00:58:21.000Z</time><extensions><gpxtpx:TrackPointExtension><gpxtpx:bearing>286.97</gpxtpx:bearing><gpxtpx:speed>23.435818</gpxtpx:speed></gpxtpx:TrackPointExtension></extensions><geoidheight>-23.9</geoidheight><src>gps</src><sat>13</sat><hdop>0.88</hdop><vdop>1.39</vdop><pdop>1.64</pdop><dgpsid>0000</dgpsid></trkpt>
<trkpt lat="29.675740000000005" lon="-96.432239"><ele>66.3</ele><time>2025-12-05T00:58:27.000Z</time><extensions><gpxtpx:TrackPointExtension><gpxtpx:bearing>281.48</gpxtpx:bearing><gpxtpx:speed>24.433865</gpxtpx:speed></gpxtpx:TrackPointExtension></extensions><geoidheight>-23.9</geoidheight><src>gps</src><sat>13</sat><hdop>0.88</hdop><vdop>1.39</vdop><pdop>1.64</pdop><dgpsid>0000</dgpsid></trkpt>
<trkpt lat="29.676018999999997" lon="-96.4337545"><ele>64.4</ele><time>2025-12-05T00:58:33.000Z</time><extensions><gpxtpx:TrackPointExtension><gpxtpx:bearing>282.52</gpxtpx:bearing><gpxtpx:speed>25.097855</gpxtpx:speed></gpxtpx:TrackPointExtension></extensions><geoidheight>-23.9</geoidheight><src>gps</src><sat>13</sat><hdop>0.88</hdop><vdop>1.39</vdop><pdop>1.64</pdop><dgpsid>0000</dgpsid></trkpt>
<trkpt lat="29.67634633333333" lon="-96.43528749999999"><ele>63.3</ele><time>2025-12-05T00:58:39.000Z</time><extensions><gpxtpx:TrackPointExtension><gpxtpx:bearing>284.94</gpxtpx:bearing><gpxtpx:speed>25.610004</gpxtpx:speed></gpxtpx:TrackPointExtension></extensions><geoidheight>-23.9</geoidheight><src>gps</src><sat>13</sat><hdop>0.88</hdop><vdop>1.39</vdop><pdop>1.64</pdop><dgpsid>0000</dgpsid></trkpt>
<trkpt lat="29.67672166666667" lon="-96.43680833333335"><ele>65.2</ele><time>2025-12-05T00:58:45.000Z</time><extensions><gpxtpx:TrackPointExtension><gpxtpx:bearing>286.69</gpxtpx:bearing><gpxtpx:speed>25.327936</gpxtpx:speed></gpxtpx:TrackPointExtension></extensions><geoidheight>-23.9</geoidheight><src>gps</src><sat>13</sat><hdop>0.88</hdop><vdop>1.39</vdop><pdop>1.64</pdop><dgpsid>0000</dgpsid></trkpt>
<trkpt lat="29.677226000000005" lon="-96.43817349999999"><ele>67.9</ele><time>2025-12-05T00:58:51.000Z</time><extensions><gpxtpx:TrackPointExtension><gpxtpx:bearing>304.21</gpxtpx:bearing><gpxtpx:speed>22.412035</gpxtpx:speed></gpxtpx:TrackPointExtension></extensions><geoidheight>-23.9</geoidheight><src>gps</src><sat>13</sat><hdop>0.88</hdop><vdop>1.39</vdop><pdop>1.64</pdop><dgpsid>0000</dgpsid></trkpt>
<trkpt lat="29.678042166666668" lon="-96.4392435"><ele>67.3</ele><time>2025-12-05T00:58:57.000Z</time><extensions><gpxtpx:TrackPointExtension><gpxtpx:bearing>313.5</gpxtpx:bearing><gpxtpx:speed>23.760092</gpxtpx:speed></gpxtpx:TrackPointExtension></extensions><geoidheight>-23.9</geoidheight><src>gps</src><sat>13</sat><hdop>0.88</hdop><vdop>1.39</vdop><pdop>1.64</pdop><dgpsid>0000</dgpsid></trkpt>
<trkpt lat="29.678986333333334" lon="-96.44036083333334"><ele>64.4</ele><time>2025-12-05T00:59:03.000Z</time><extensions><gpxtpx:TrackPointExtension><gpxtpx:bearing>314.3</gpxtpx:bearing><gpxtpx:speed>25.462278</gpxtpx:speed></gpxtpx:TrackPointExtension></extensions><geoidheight>-23.9</geoidheight><src>gps</src><sat>13</sat><hdop>0.88</hdop><vdop>1.39</vdop><pdop>1.64</pdop><dgpsid>0000</dgpsid></trkpt>
<trkpt lat="29.679948666666665" lon="-96.44150666666668"><ele>62.7</ele><time>2025-12-05T00:59:09.000Z</time><extensions><gpxtpx:TrackPointExtension><gpxtpx:bearing>314.18</gpxtpx:bearing><gpxtpx:speed>25.393822</gpxtpx:speed></gpxtpx:TrackPointExtension></extensions><geoidheight>-23.9</geoidheight><src>gps</src><sat>13</sat><hdop>0.88</hdop><vdop>1.39</vdop><pdop>1.64</pdop><dgpsid>0000</dgpsid></trkpt>
<trkpt lat="29.680903333333337" lon="-96.44264266666666"><ele>64.7</ele><time>2025-12-05T00:59:15.000Z</time><extensions><gpxtpx:TrackPointExtension><gpxtpx:bearing>313.95</gpxtpx:bearing><gpxtpx:speed>25.304258</gpxtpx:speed></gpxtpx:TrackPointExtension></extensions><geoidheight>-23.9</geoidheight><src>gps</src><sat>13</sat><hdop>0.88</hdop><vdop>1.39</vdop><pdop>1.64</pdop><dgpsid>0000</dgpsid></trkpt>
<trkpt lat="29.681838333333335" lon="-96.44375916666668"><ele>67.5</ele><time>2025-12-05T00:59:21.000Z</time><extensions><gpxtpx:TrackPointExtension><gpxtpx:bearing>313.99</gpxtpx:bearing><gpxtpx:speed>24.594973</gpxtpx:speed></gpxtpx:TrackPointExtension></extensions><geoidheight>-23.9</geoidheight><src>gps</src><sat>13</sat><hdop>0.88</hdop><vdop>1.39</vdop><pdop>1.64</pdop><dgpsid>0000</dgpsid></trkpt>
<trkpt lat="29.682744666666668" lon="-96.44484233333333"><ele>69.3</ele><time>2025-12-05T00:59:27.000Z</time><extensions><gpxtpx:TrackPointExtension><gpxtpx:bearing>313.41</gpxtpx:bearing><gpxtpx:speed>24.046793</gpxtpx:speed></gpxtpx:TrackPointExtension></extensions><geoidheight>-23.9</geoidheight><src>gps</src><sat>13</sat><hdop>0.87</hdop><vdop>1.39</vdop><pdop>1.64</pdop><dgpsid>0000</dgpsid></trkpt>
<trkpt lat="29.683641166666668" lon="-96.44595533333334"><ele>71.4</ele><time>2025-12-05T00:59:33.000Z</time><extensions><gpxtpx:TrackPointExtension><gpxtpx:bearing>312.69</gpxtpx:bearing><gpxtpx:speed>24.040102</gpxtpx:speed></gpxtpx:TrackPointExtension></extensions><geoidheight>-23.9</geoidheight><src>gps</src><sat>13</sat><hdop>0.87</hdop><vdop>1.39</vdop><pdop>1.64</pdop><dgpsid>0000</dgpsid></trkpt>
<trkpt lat="29.684546500000003" lon="-96.447071"><ele>66.9</ele><time>2025-12-05T00:59:39.000Z</time><extensions><gpxtpx:TrackPointExtension><gpxtpx:bearing>313.18</gpxtpx:bearing><gpxtpx:speed>25.117414</gpxtpx:speed></gpxtpx:TrackPointExtension></extensions><geoidheight>-23.9</geoidheight><src>gps</src><sat>13</sat><hdop>0.87</hdop><vdop>1.39</vdop><pdop>1.64</pdop><dgpsid>0000</dgpsid></trkpt>
<trkpt lat="29.685472833333332" lon="-96.44819416666665"><ele>62.9</ele><time>2025-12-05T00:59:45.000Z</time><extensions><gpxtpx:TrackPointExtension><gpxtpx:bearing>313.24</gpxtpx:bearing><gpxtpx:speed>24.01694</gpxtpx:speed></gpxtpx:TrackPointExtension></extensions><geoidheight>-23.9</geoidheight><src>gps</src><sat>13</sat><hdop>0.87</hdop><vdop>1.39</vdop><pdop>1.64</pdop><dgpsid>0000</dgpsid></trkpt>
<trkpt lat="29.686326333333334" lon="-96.44923416666667"><ele>68.3</ele><time>2025-12-05T00:59:51.000Z</time><extensions><gpxtpx:TrackPointExtension><gpxtpx:bearing>313.47</gpxtpx:bearing><gpxtpx:speed>22.435713</gpxtpx:speed></gpxtpx:TrackPointExtension></extensions><geoidheight>-23.9</geoidheight><src>gps</src><sat>13</sat><hdop>0.87</hdop><vdop>1.39</vdop><pdop>1.64</pdop><dgpsid>0000</dgpsid></trkpt>
<trkpt lat="29.68717183333333" lon="-96.45025249999999"><ele>70.4</ele><time>2025-12-05T00:59:57.000Z</time><extensions><gpxtpx:TrackPointExtension><gpxtpx:bearing>313.08</gpxtpx:bearing><gpxtpx:speed>23.194412</gpxtpx:speed></gpxtpx:TrackPointExtension></extensions><geoidheight>-23.9</geoidheight><src>gps</src><sat>13</sat><hdop>0.87</hdop><vdop>1.39</vdop><pdop>1.64</pdop><dgpsid>0000</dgpsid></trkpt>
<trkpt lat="29.688043333333333" lon="-96.45130516666669"><ele>64.1</ele><time>2025-12-05T01:00:03.000Z</time><extensions><gpxtpx:TrackPointExtension><gpxtpx:bearing>313.38</gpxtpx:bearing><gpxtpx:speed>23.139853</gpxtpx:speed></gpxtpx:TrackPointExtension></extensions><geoidheight>-23.9</geoidheight><src>gps</src><sat>12</sat><hdop>0.89</hdop><vdop>1.39</vdop><pdop>1.65</pdop><dgpsid>0000</dgpsid></trkpt>
<trkpt lat="29.688691166666665" lon="-96.45237466666667"><ele>65.8</ele><time>2025-12-05T01:00:09.000Z</time><extensions><gpxtpx:TrackPointExtension><gpxtpx:bearing>288.76</gpxtpx:bearing><gpxtpx:speed>19.200684</gpxtpx:speed></gpxtpx:TrackPointExtension></extensions><geoidheight>-23.9</geoidheight><src>gps</src><sat>12</sat><hdop>1.04</hdop><vdop>1.83</vdop><pdop>2.11</pdop><dgpsid>0000</dgpsid></trkpt>
<trkpt lat="29.688851999999997" lon="-96.45362150000001"><ele>67.7</ele><time>2025-12-05T01:00:15.000Z</time><extensions><gpxtpx:TrackPointExtension><gpxtpx:bearing>273.73</gpxtpx:bearing><gpxtpx:speed>21.77172</gpxtpx:speed></gpxtpx:TrackPointExtension></extensions><geoidheight>-23.9</geoidheight><src>gps</src><sat>12</sat><hdop>0.91</hdop><vdop>1.42</vdop><pdop>1.69</pdop><dgpsid>0000</dgpsid></trkpt>
<trkpt lat="29.6889005" lon="-96.45504533333333"><ele>64.8</ele><time>2025-12-05T01:00:21.000Z</time><extensions><gpxtpx:TrackPointExtension><gpxtpx:bearing>271.23</gpxtpx:bearing><gpxtpx:speed>23.20934</gpxtpx:speed></gpxtpx:TrackPointExtension></extensions><geoidheight>-23.9</geoidheight><src>gps</src><sat>13</sat><hdop>0.93</hdop><vdop>1.43</vdop><pdop>1.71</pdop><dgpsid>0000</dgpsid></trkpt>
<trkpt lat="29.6889315" lon="-96.45642950000001"><ele>64.3</ele><time>2025-12-05T01:00:27.000Z</time><extensions><gpxtpx:TrackPointExtension><gpxtpx:bearing>272.31</gpxtpx:bearing><gpxtpx:speed>20.694407</gpxtpx:speed></gpxtpx:TrackPointExtension></extensions><geoidheight>-23.9</geoidheight><src>gps</src><sat>11</sat><hdop>1.03</hdop><vdop>1.84</vdop><pdop>2.11</pdop><dgpsid>0000</dgpsid></trkpt>
<trkpt lat="29.68923816666667" lon="-96.45757299999998"><ele>66.1</ele><time>2025-12-05T01:00:33.000Z</time><extensions><gpxtpx:TrackPointExtension><gpxtpx:bearing>301.13</gpxtpx:bearing><gpxtpx:speed>19.7607</gpxtpx:speed></gpxtpx:TrackPointExtension></extensions><geoidheight>-23.9</geoidheight><src>gps</src><sat>13</sat><hdop>0.87</hdop><vdop>1.39</vdop><pdop>1.64</pdop><dgpsid>0000</dgpsid></trkpt>
<trkpt lat="29.6898555" lon="-96.45862433333332"><ele>60.3</ele><time>2025-12-05T01:00:39.000Z</time><extensions><gpxtpx:TrackPointExtension><gpxtpx:bearing>305.43</gpxtpx:bearing><gpxtpx:speed>20.45609</gpxtpx:speed></gpxtpx:TrackPointExtension></extensions><geoidheight>-23.9</geoidheight><src>gps</src><sat>12</sat><hdop>1.03</hdop><vdop>1.84</vdop><pdop>2.11</pdop><dgpsid>0000</dgpsid></trkpt>
<trkpt lat="29.690543333333334" lon="-96.45967483333334"><ele>53.6</ele><time>2025-12-05T01:00:45.000Z</time><extensions><gpxtpx:TrackPointExtension><gpxtpx:bearing>308.25</gpxtpx:bearing><gpxtpx:speed>21.915842</gpxtpx:speed></gpxtpx:TrackPointExtension></extensions><geoidheight>-23.9</geoidheight><src>gps</src><sat>13</sat><hdop>0.87</hdop><vdop>1.39</vdop><pdop>1.64</pdop><dgpsid>0000</dgpsid></trkpt>
<trkpt lat="29.691400666666663" lon="-96.46061149999998"><ele>50.1</ele><time>2025-12-05T01:00:51.000Z</time><extensions><gpxtpx:TrackPointExtension><gpxtpx:bearing>319.98</gpxtpx:bearing><gpxtpx:speed>22.129967</gpxtpx:speed></gpxtpx:TrackPointExtension></extensions><geoidheight>-23.9</geoidheight><src>gps</src><sat>12</sat><hdop>1.03</hdop><vdop>1.84</vdop><pdop>2.11</pdop><dgpsid>0000</dgpsid></trkpt>
<trkpt lat="29.69234633333333" lon="-96.4614885"><ele>50.8</ele><time>2025-12-05T01:00:57.000Z</time><extensions><gpxtpx:TrackPointExtension><gpxtpx:bearing>320.68</gpxtpx:bearing><gpxtpx:speed>22.452698</gpxtpx:speed></gpxtpx:TrackPointExtension></extensions><geoidheight>-23.9</geoidheight><src>gps</src><sat>12</sat><hdop>1.03</hdop><vdop>1.84</vdop><pdop>2.11</pdop><dgpsid>0000</dgpsid></trkpt>
<trkpt lat="29.6932885" lon="-96.46235933333334"><ele>51.7</ele><time>2025-12-05T01:01:03.000Z</time><extensions><gpxtpx:TrackPointExtension><gpxtpx:bearing>321.37</gpxtpx:bearing><gpxtpx:speed>22.222103</gpxtpx:speed></gpxtpx:TrackPointExtension></extensions><geoidheight>-23.9</geoidheight><src>gps</src><sat>12</sat><hdop>1.03</hdop><vdop>1.84</vdop><pdop>2.11</pdop><dgpsid>0000</dgpsid></trkpt>
<trkpt lat="29.694201" lon="-96.46324283333334"><ele>52.0</ele><time>2025-12-05T01:01:09.000Z</time><extensions><gpxtpx:TrackPointExtension><gpxtpx:bearing>318.81</gpxtpx:bearing><gpxtpx:speed>21.931284</gpxtpx:speed></gpxtpx:TrackPointExtension></extensions><geoidheight>-23.9</geoidheight><src>gps</src><sat>12</sat><hdop>1.03</hdop><vdop>1.84</vdop><pdop>2.11</pdop><dgpsid>0000</dgpsid></trkpt>
<trkpt lat="29.69505566666667" lon="-96.46419466666666"><ele>53.0</ele><time>2025-12-05T01:01:15.000Z</time><extensions><gpxtpx:TrackPointExtension><gpxtpx:bearing>314.11</gpxtpx:bearing><gpxtpx:speed>22.0332</gpxtpx:speed></gpxtpx:TrackPointExtension></extensions><geoidheight>-23.9</geoidheight><src>gps</src><sat>12</sat><hdop>1.03</hdop><vdop>1.84</vdop><pdop>2.11</pdop><dgpsid>0000</dgpsid></trkpt>
<trkpt lat="29.69589566666667" lon="-96.46519533333334"><ele>53.9</ele><time>2025-12-05T01:01:21.000Z</time><extensions><gpxtpx:TrackPointExtension><gpxtpx:bearing>313.91</gpxtpx:bearing><gpxtpx:speed>22.51498</gpxtpx:speed></gpxtpx:TrackPointExtension></extensions><geoidheight>-23.9</geoidheight><src>gps</src><sat>13</sat><hdop>0.87</hdop><vdop>1.38</vdop><pdop>1.63</pdop><dgpsid>0000</dgpsid></trkpt>
<trkpt lat="29.69672783333333" lon="-96.46618166666667"><ele>54.1</ele><time>2025-12-05T01:01:27.000Z</time><extensions><gpxtpx:TrackPointExtension><gpxtpx:bearing>314.01</gpxtpx:bearing><gpxtpx:speed>22.092392</gpxtpx:speed></gpxtpx:TrackPointExtension></extensions><geoidheight>-23.9</geoidheight><src>gps</src><sat>13</sat><hdop>0.89</hdop><vdop>1.38</vdop><pdop>1.64</pdop><dgpsid>0000</dgpsid></trkpt>
<trkpt lat="29.697565" lon="-96.46717583333333"><ele>54.8</ele><time>2025-12-05T01:01:33.000Z</time><extensions><gpxtpx:TrackPointExtension><gpxtpx:bearing>313.95</gpxtpx:bearing><gpxtpx:speed>22.53145</gpxtpx:speed></gpxtpx:TrackPointExtension></extensions><geoidheight>-23.9</geoidheight><src>gps</src><sat>12</sat><hdop>1.03</hdop><vdop>1.85</vdop><pdop>2.11</pdop><dgpsid>0000</dgpsid></trkpt>
<trkpt lat="29.69840783333333" lon="-96.46818516666666"><ele>54.9</ele><time>2025-12-05T01:01:39.000Z</time><extensions><gpxtpx:TrackPointExtension><gpxtpx:bearing>313.86</gpxtpx:bearing><gpxtpx:speed>22.35593</gpxtpx:speed></gpxtpx:TrackPointExtension></extensions><geoidheight>-23.9</geoidheight><src>gps</src><sat>12</sat><hdop>1.03</hdop><vdop>1.85</vdop><pdop>2.11</pdop><dgpsid>0000</dgpsid></trkpt>
<trkpt lat="29.699242333333338" lon="-96.469189"><ele>53.3</ele><time>2025-12-05T01:01:45.000Z</time><extensions><gpxtpx:TrackPointExtension><gpxtpx:bearing>314.05</gpxtpx:bearing><gpxtpx:speed>22.36674</gpxtpx:speed></gpxtpx:TrackPointExtension></extensions><geoidheight>-23.9</geoidheight><src>gps</src><sat>10</sat><hdop>1.09</hdop><vdop>2.23</vdop><pdop>2.48</pdop><dgpsid>0000</dgpsid></trkpt>
<trkpt lat="29.70009716666667" lon="-96.47021083333333"><ele>53.6</ele><time>2025-12-05T01:01:51.000Z</time><extensions><gpxtpx:TrackPointExtension><gpxtpx:bearing>313.89</gpxtpx:bearing><gpxtpx:speed>22.748148</gpxtpx:speed></gpxtpx:TrackPointExtension></extensions><geoidheight>-23.9</geoidheight><src>gps</src><sat>11</sat><hdop>1.05</hdop><vdop>2.23</vdop><pdop>2.46</pdop><dgpsid>0000</dgpsid></trkpt>
<trkpt lat="29.700968666666668" lon="-96.47125633333332"><ele>54.3</ele><time>2025-12-05T01:01:57.000Z</time><extensions><gpxtpx:TrackPointExtension><gpxtpx:bearing>313.43</gpxtpx:bearing><gpxtpx:speed>23.656118</gpxtpx:speed></gpxtpx:TrackPointExtension></extensions><geoidheight>-23.9</geoidheight><src>gps</src><sat>12</sat><hdop>0.88</hdop><vdop>1.45</vdop><pdop>1.70</pdop><dgpsid>0000</dgpsid></trkpt>
<trkpt lat="29.7018495" lon="-96.47230816666666"><ele>55.5</ele><time>2025-12-05T01:02:03.000Z</time><extensions><gpxtpx:TrackPointExtension><gpxtpx:bearing>313.73</gpxtpx:bearing><gpxtpx:speed>23.248974</gpxtpx:speed></gpxtpx:TrackPointExtension></extensions><geoidheight>-23.9</geoidheight><src>gps</src><sat>13</sat><hdop>0.88</hdop><vdop>1.45</vdop><pdop>1.70</pdop><dgpsid>0000</dgpsid></trkpt>
<trkpt lat="29.702714666666665" lon="-96.47335516666665"><ele>55.8</ele><time>2025-12-05T01:02:09.000Z</time><extensions><gpxtpx:TrackPointExtension><gpxtpx:bearing>313.32</gpxtpx:bearing><gpxtpx:speed>23.12544</gpxtpx:speed></gpxtpx:TrackPointExtension></extensions><geoidheight>-23.9</geoidheight><src>gps</src><sat>11</sat><hdop>1.05</hdop><vdop>2.23</vdop><pdop>2.46</pdop><dgpsid>0000</dgpsid></trkpt>
<trkpt lat="29.703563666666664" lon="-96.4743795"><ele>55.2</ele><time>2025-12-05T01:02:15.000Z</time><extensions><gpxtpx:TrackPointExtension><gpxtpx:bearing>313.08</gpxtpx:bearing><gpxtpx:speed>22.780062</gpxtpx:speed></gpxtpx:TrackPointExtension></extensions><geoidheight>-23.9</geoidheight><src>gps</src><sat>11</sat><hdop>1.05</hdop><vdop>2.23</vdop><pdop>2.46</pdop><dgpsid>0000</dgpsid></trkpt>
<trkpt lat="29.704409833333337" lon="-96.47539383333333"><ele>54.9</ele><time>2025-12-05T01:02:21.000Z</time><extensions><gpxtpx:TrackPointExtension><gpxtpx:bearing>313.54</gpxtpx:bearing><gpxtpx:speed>22.282839</gpxtpx:speed></gpxtpx:TrackPointExtension></extensions><geoidheight>-23.9</geoidheight><src>gps</src><sat>12</sat><hdop>1.05</hdop><vdop>2.23</vdop><pdop>2.46</pdop><dgpsid>0000</dgpsid></trkpt>
<trkpt lat="29.705250333333332" lon="-96.47640633333334"><ele>55.2</ele><time>2025-12-05T01:02:27.000Z</time><extensions><gpxtpx:TrackPointExtension><gpxtpx:bearing>314.07</gpxtpx:bearing><gpxtpx:speed>22.699764</gpxtpx:speed></gpxtpx:TrackPointExtension></extensions><geoidheight>-23.9</geoidheight><src>gps</src><sat>12</sat><hdop>1.16</hdop><vdop>2.65</vdop><pdop>2.90</pdop><dgpsid>0000</dgpsid></trkpt>
<trkpt lat="29.706118666666665" lon="-96.47742766666667"><ele>55.6</ele><time>2025-12-05T01:02:33.000Z</time><extensions><gpxtpx:TrackPointExtension><gpxtpx:bearing>314.22</gpxtpx:bearing><gpxtpx:speed>23.124926</gpxtpx:speed></gpxtpx:TrackPointExtension></extensions><geoidheight>-23.9</geoidheight><src>gps</src><sat>11</sat><hdop>1.05</hdop><vdop>2.23</vdop><pdop>2.46</pdop><dgpsid>0000</dgpsid></trkpt>
<trkpt lat="29.70698916666667" lon="-96.47845083333335"><ele>55.3</ele><time>2025-12-05T01:02:39.000Z</time><extensions><gpxtpx:TrackPointExtension><gpxtpx:bearing>314.1</gpxtpx:bearing><gpxtpx:speed>23.070879</gpxtpx:speed></gpxtpx:TrackPointExtension></extensions><geoidheight>-23.9</geoidheight><src>gps</src><sat>11</sat><hdop>1.05</hdop><vdop>2.23</vdop><pdop>2.46</pdop><dgpsid>0000</dgpsid></trkpt>
<trkpt lat="29.707873000000003" lon="-96.4794725"><ele>55.2</ele><time>2025-12-05T01:02:45.000Z</time><extensions><gpxtpx:TrackPointExtension><gpxtpx:bearing>314.73</gpxtpx:bearing><gpxtpx:speed>23.580454</gpxtpx:speed></gpxtpx:TrackPointExtension></extensions><geoidheight>-23.9</geoidheight><src>gps</src><sat>12</sat><hdop>0.88</hdop><vdop>1.45</vdop><pdop>1.69</pdop><dgpsid>0000</dgpsid></trkpt>
<trkpt lat="29.708766" lon="-96.480446"><ele>56.0</ele><time>2025-12-05T01:02:51.000Z</time><extensions><gpxtpx:TrackPointExtension><gpxtpx:bearing>320.47</gpxtpx:bearing><gpxtpx:speed>21.66157</gpxtpx:speed></gpxtpx:TrackPointExtension></extensions><geoidheight>-23.9</geoidheight><src>gps</src><sat>12</sat><hdop>0.88</hdop><vdop>1.45</vdop><pdop>1.69</pdop><dgpsid>0000</dgpsid></trkpt>
<trkpt lat="29.709675" lon="-96.48114666666667"><ele>55.4</ele><time>2025-12-05T01:02:57.000Z</time><extensions><gpxtpx:TrackPointExtension><gpxtpx:bearing>331.98</gpxtpx:bearing><gpxtpx:speed>19.22539</gpxtpx:speed></gpxtpx:TrackPointExtension></extensions><geoidheight>-23.9</geoidheight><src>gps</src><sat>12</sat><hdop>1.05</hdop><vdop>2.23</vdop><pdop>2.46</pdop><dgpsid>0000</dgpsid></trkpt>
<trkpt lat="29.710645" lon="-96.48159366666665"><ele>55.4</ele><time>2025-12-05T01:03:03.000Z</time><extensions><gpxtpx:TrackPointExtension><gpxtpx:bearing>343.74</gpxtpx:bearing><gpxtpx:speed>19.202742</gpxtpx:speed></gpxtpx:TrackPointExtension></extensions><geoidheight>-23.9</geoidheight><src>gps</src><sat>11</sat><hdop>1.05</hdop><vdop>2.23</vdop><pdop>2.46</pdop><dgpsid>0000</dgpsid></trkpt>
<trkpt lat="29.7116585" lon="-96.48184266666667"><ele>56.0</ele><time>2025-12-05T01:03:09.000Z</time><extensions><gpxtpx:TrackPointExtension><gpxtpx:bearing>350.95</gpxtpx:bearing><gpxtpx:speed>19.401424</gpxtpx:speed></gpxtpx:TrackPointExtension></extensions><geoidheight>-23.9</geoidheight><src>gps</src><sat>12</sat><hdop>0.84</hdop><vdop>1.56</vdop><pdop>1.77</pdop><dgpsid>0000</dgpsid></trkpt>
<trkpt lat="29.7125455" lon="-96.48201499999999"><ele>59.9</ele><time>2025-12-05T01:03:15.000Z</time><extensions><gpxtpx:TrackPointExtension><gpxtpx:bearing>351.11</gpxtpx:bearing><gpxtpx:speed>13.015266</gpxtpx:speed></gpxtpx:TrackPointExtension></extensions><geoidheight>-23.9</geoidheight><src>gps</src><sat>12</sat><hdop>0.84</hdop><vdop>1.56</vdop><pdop>1.77</pdop><dgpsid>0000</dgpsid></trkpt>
<trkpt lat="29.713048166666667" lon="-96.48208816666666"><ele>62.6</ele><time>2025-12-05T01:03:21.000Z</time><extensions><gpxtpx:TrackPointExtension><gpxtpx:bearing>352.82</gpxtpx:bearing><gpxtpx:speed>6.110782</gpxtpx:speed></gpxtpx:TrackPointExtension></extensions><geoidheight>-23.9</geoidheight><src>gps</src><sat>12</sat><hdop>0.88</hdop><vdop>1.56</vdop><pdop>1.79</pdop><dgpsid>0000</dgpsid></trkpt>
<trkpt lat="29.713218666666663" lon="-96.48212666666669"><ele>63.8</ele><time>2025-12-05T01:03:27.000Z</time><extensions><gpxtpx:TrackPointExtension><gpxtpx:bearing>350.25</gpxtpx:bearing><gpxtpx:speed>1.1354772</gpxtpx:speed></gpxtpx:TrackPointExtension></extensions><geoidheight>-23.9</geoidheight><src>gps</src><sat>12</sat><hdop>0.95</hdop><vdop>1.57</vdop><pdop>1.83</pdop><dgpsid>0000</dgpsid></trkpt>
<trkpt lat="29.713307" lon="-96.4821465"><ele>64.9</ele><time>2025-12-05T01:03:33.000Z</time><extensions><gpxtpx:TrackPointExtension><gpxtpx:bearing>350.12</gpxtpx:bearing><gpxtpx:speed>4.4070516</gpxtpx:speed></gpxtpx:TrackPointExtension></extensions><geoidheight>-23.9</geoidheight><src>gps</src><sat>14</sat><hdop>0.76</hdop><vdop>1.12</vdop><pdop>1.36</pdop><dgpsid>0000</dgpsid></trkpt>
<trkpt lat="29.713706833333337" lon="-96.48222349999999"><ele>66.6</ele><time>2025-12-05T01:03:39.000Z</time><extensions><gpxtpx:TrackPointExtension><gpxtpx:bearing>351.25</gpxtpx:bearing><gpxtpx:speed>9.641262</gpxtpx:speed></gpxtpx:TrackPointExtension></extensions><geoidheight>-23.9</geoidheight><src>gps</src><sat>14</sat><hdop>0.76</hdop><vdop>1.12</vdop><pdop>1.36</pdop><dgpsid>0000</dgpsid></trkpt>
<trkpt lat="29.714178833333335" lon="-96.48230733333334"><ele>65.6</ele><time>2025-12-05T01:03:45.000Z</time><extensions><gpxtpx:TrackPointExtension><gpxtpx:bearing>351.24</gpxtpx:bearing><gpxtpx:speed>7.02287</gpxtpx:speed></gpxtpx:TrackPointExtension></extensions><geoidheight>-23.9</geoidheight><src>gps</src><sat>14</sat><hdop>0.80</hdop><vdop>1.12</vdop><pdop>1.38</pdop><dgpsid>0000</dgpsid></trkpt>
<trkpt lat="29.714374666666664" lon="-96.4824465"><ele>63.7</ele><time>2025-12-05T01:03:51.000Z</time><extensions><gpxtpx:TrackPointExtension><gpxtpx:bearing>289.56</gpxtpx:bearing><gpxtpx:speed>4.3257256</gpxtpx:speed></gpxtpx:TrackPointExtension></extensions><geoidheight>-24.0</geoidheight><src>gps</src><sat>14</sat><hdop>0.76</hdop><vdop>1.12</vdop><pdop>1.36</pdop><dgpsid>0000</dgpsid></trkpt>
<trkpt lat="29.714306833333332" lon="-96.48281016666667"><ele>61.9</ele><time>2025-12-05T01:03:57.000Z</time><extensions><gpxtpx:TrackPointExtension><gpxtpx:bearing>260.04</gpxtpx:bearing><gpxtpx:speed>8.313278</gpxtpx:speed></gpxtpx:TrackPointExtension></extensions><geoidheight>-23.9</geoidheight><src>gps</src><sat>15</sat><hdop>0.76</hdop><vdop>1.12</vdop><pdop>1.36</pdop><dgpsid>0000</dgpsid></trkpt>
<trkpt lat="29.714199666666666" lon="-96.48351249999999"><ele>61.5</ele><time>2025-12-05T01:04:03.000Z</time><extensions><gpxtpx:TrackPointExtension><gpxtpx:bearing>258.46</gpxtpx:bearing><gpxtpx:speed>14.051917</gpxtpx:speed></gpxtpx:TrackPointExtension></extensions><geoidheight>-23.9</geoidheight><src>gps</src><sat>14</sat><hdop>0.80</hdop><vdop>1.15</vdop><pdop>1.40</pdop><dgpsid>0000</dgpsid></trkpt>
<trkpt lat="29.713995333333333" lon="-96.48449966666666"><ele>58.8</ele><time>2025-12-05T01:04:09.000Z</time><extensions><gpxtpx:TrackPointExtension><gpxtpx:bearing>255.06</gpxtpx:bearing><gpxtpx:speed>17.683796</gpxtpx:speed></gpxtpx:TrackPointExtension></extensions><geoidheight>-23.9</geoidheight><src>gps</src><sat>13</sat><hdop>0.80</hdop><vdop>1.15</vdop><pdop>1.40</pdop><dgpsid>0000</dgpsid></trkpt>
<trkpt lat="29.71371733333334" lon="-96.48561433333334"><ele>56.8</ele><time>2025-12-05T01:04:15.000Z</time><extensions><gpxtpx:TrackPointExtension><gpxtpx:bearing>255.48</gpxtpx:bearing><gpxtpx:speed>19.56562</gpxtpx:speed></gpxtpx:TrackPointExtension></extensions><geoidheight>-23.9</geoidheight><src>gps</src><sat>15</sat><hdop>0.76</hdop><vdop>1.12</vdop><pdop>1.36</pdop><dgpsid>0000</dgpsid></trkpt>
<trkpt lat="29.713481333333334" lon="-96.48683883333334"><ele>56.3</ele><time>2025-12-05T01:04:21.000Z</time><extensions><gpxtpx:TrackPointExtension><gpxtpx:bearing>258.05</gpxtpx:bearing><gpxtpx:speed>20.82</gpxtpx:speed></gpxtpx:TrackPointExtension></extensions><geoidheight>-23.9</geoidheight><src>gps</src><sat>14</sat><hdop>0.76</hdop><vdop>1.12</vdop><pdop>1.36</pdop><dgpsid>0000</dgpsid></trkpt>
<trkpt lat="29.71321383333333" lon="-96.48816716666667"><ele>56.1</ele><time>2025-12-05T01:04:27.000Z</time><extensions><gpxtpx:TrackPointExtension><gpxtpx:bearing>256.45</gpxtpx:bearing><gpxtpx:speed>22.818666</gpxtpx:speed></gpxtpx:TrackPointExtension></extensions><geoidheight>-23.9</geoidheight><src>gps</src><sat>14</sat><hdop>0.76</hdop><vdop>1.12</vdop><pdop>1.36</pdop><dgpsid>0000</dgpsid></trkpt>
<trkpt lat="29.712941333333333" lon="-96.48959316666667"><ele>56.5</ele><time>2025-12-05T01:04:33.000Z</time><extensions><gpxtpx:TrackPointExtension><gpxtpx:bearing>259.22</gpxtpx:bearing><gpxtpx:speed>23.939217</gpxtpx:speed></gpxtpx:TrackPointExtension></extensions><geoidheight>-23.9</geoidheight><src>gps</src><sat>14</sat><hdop>0.76</hdop><vdop>1.12</vdop><pdop>1.36</pdop><dgpsid>0000</dgpsid></trkpt>
<trkpt lat="29.712704" lon="-96.49109233333333"><ele>57.9</ele><time>2025-12-05T01:04:39.000Z</time><extensions><gpxtpx:TrackPointExtension><gpxtpx:bearing>259.53</gpxtpx:bearing><gpxtpx:speed>25.108665</gpxtpx:speed></gpxtpx:TrackPointExtension></extensions><geoidheight>-23.9</geoidheight><src>gps</src><sat>14</sat><hdop>0.76</hdop><vdop>1.12</vdop><pdop>1.36</pdop><dgpsid>0000</dgpsid></trkpt>
<trkpt lat="29.712443333333333" lon="-96.49264900000001"><ele>59.3</ele><time>2025-12-05T01:04:45.000Z</time><extensions><gpxtpx:TrackPointExtension><gpxtpx:bearing>258.71</gpxtpx:bearing><gpxtpx:speed>26.037739</gpxtpx:speed></gpxtpx:TrackPointExtension></extensions><geoidheight>-23.9</geoidheight><src>gps</src><sat>14</sat><hdop>0.80</hdop><vdop>1.15</vdop><pdop>1.40</pdop><dgpsid>0000</dgpsid></trkpt>
<trkpt lat="29.712145833333338" lon="-96.49424016666666"><ele>60.2</ele><time>2025-12-05T01:04:51.000Z</time><extensions><gpxtpx:TrackPointExtension><gpxtpx:bearing>257.2</gpxtpx:bearing><gpxtpx:speed>26.529299</gpxtpx:speed></gpxtpx:TrackPointExtension></extensions><geoidheight>-23.9</geoidheight><src>gps</src><sat>15</sat><hdop>0.76</hdop><vdop>1.12</vdop><pdop>1.36</pdop><dgpsid>0000</dgpsid></trkpt>
<trkpt lat="29.711800333333333" lon="-96.49586016666666"><ele>60.3</ele><time>2025-12-05T01:04:57.000Z</time><extensions><gpxtpx:TrackPointExtension><gpxtpx:bearing>254.95</gpxtpx:bearing><gpxtpx:speed>26.892693</gpxtpx:speed></gpxtpx:TrackPointExtension></extensions><geoidheight>-23.9</geoidheight><src>gps</src><sat>14</sat><hdop>0.76</hdop><vdop>1.12</vdop><pdop>1.36</pdop><dgpsid>0000</dgpsid></trkpt>
<trkpt lat="29.7113845" lon="-96.49747366666666"><ele>60.4</ele><time>2025-12-05T01:05:03.000Z</time><extensions><gpxtpx:TrackPointExtension><gpxtpx:bearing>253.16</gpxtpx:bearing><gpxtpx:speed>27.345133</gpxtpx:speed></gpxtpx:TrackPointExtension></extensions><geoidheight>-23.9</geoidheight><src>gps</src><sat>14</sat><hdop>0.80</hdop><vdop>1.15</vdop><pdop>1.40</pdop><dgpsid>0000</dgpsid></trkpt>
<trkpt lat="29.71096616666667" lon="-96.49909633333333"><ele>60.4</ele><time>2025-12-05T01:05:09.000Z</time><extensions><gpxtpx:TrackPointExtension><gpxtpx:bearing>253.64</gpxtpx:bearing><gpxtpx:speed>27.346678</gpxtpx:speed></gpxtpx:TrackPointExtension></extensions><geoidheight>-23.9</geoidheight><src>gps</src><sat>14</sat><hdop>0.78</hdop><vdop>1.15</vdop><pdop>1.39</pdop><dgpsid>0000</dgpsid></trkpt>
<trkpt lat="29.710558833333334" lon="-96.50072583333333"><ele>60.1</ele><time>2025-12-05T01:05:15.000Z</time><extensions><gpxtpx:TrackPointExtension><gpxtpx:bearing>254.26</gpxtpx:bearing><gpxtpx:speed>27.270498</gpxtpx:speed></gpxtpx:TrackPointExtension></extensions><geoidheight>-23.9</geoidheight><src>gps</src><sat>15</sat><hdop>0.78</hdop><vdop>1.15</vdop><pdop>1.39</pdop><dgpsid>0000</dgpsid></trkpt>
<trkpt lat="29.710162666666665" lon="-96.5023415"><ele>62.7</ele><time>2025-12-05T01:05:21.000Z</time><extensions><gpxtpx:TrackPointExtension><gpxtpx:bearing>254.04</gpxtpx:bearing><gpxtpx:speed>26.736216</gpxtpx:speed></gpxtpx:TrackPointExtension></extensions><geoidheight>-23.9</geoidheight><src>gps</src><sat>14</sat><hdop>0.74</hdop><vdop>1.12</vdop><pdop>1.34</pdop><dgpsid>0000</dgpsid></trkpt>
<trkpt lat="29.70974683333333" lon="-96.50389883333334"><ele>66.7</ele><time>2025-12-05T01:05:27.000Z</time><extensions><gpxtpx:TrackPointExtension><gpxtpx:bearing>251.54</gpxtpx:bearing><gpxtpx:speed>25.415955</gpxtpx:speed></gpxtpx:TrackPointExtension></extensions><geoidheight>-23.9</geoidheight><src>gps</src><sat>13</sat><hdop>0.82</hdop><vdop>1.32</vdop><pdop>1.56</pdop><dgpsid>0000</dgpsid></trkpt>
<trkpt lat="29.709162999999997" lon="-96.505334"><ele>67.1</ele><time>2025-12-05T01:05:33.000Z</time><extensions><gpxtpx:TrackPointExtension><gpxtpx:bearing>238.78</gpxtpx:bearing><gpxtpx:speed>26.153551</gpxtpx:speed></gpxtpx:TrackPointExtension></extensions><geoidheight>-23.9</geoidheight><src>gps</src><sat>15</sat><hdop>0.74</hdop><vdop>1.12</vdop><pdop>1.34</pdop><dgpsid>0000</dgpsid></trkpt>
<trkpt lat="29.708388" lon="-96.506706"><ele>63.8</ele><time>2025-12-05T01:05:39.000Z</time><extensions><gpxtpx:TrackPointExtension><gpxtpx:bearing>236.55</gpxtpx:bearing><gpxtpx:speed>26.549372</gpxtpx:speed></gpxtpx:TrackPointExtension></extensions><geoidheight>-23.9</geoidheight><src>gps</src><sat>12</sat><hdop>0.76</hdop><vdop>1.12</vdop><pdop>1.35</pdop><dgpsid>0000</dgpsid></trkpt>
<trkpt lat="29.70760866666667" lon="-96.50804383333335"><ele>62.9</ele><time>2025-12-05T01:05:45.000Z</time><extensions><gpxtpx:TrackPointExtension><gpxtpx:bearing>235.88</gpxtpx:bearing><gpxtpx:speed>25.530222</gpxtpx:speed></gpxtpx:TrackPointExtension></extensions><geoidheight>-23.9</geoidheight><src>gps</src><sat>15</sat><hdop>0.76</hdop><vdop>1.12</vdop><pdop>1.35</pdop><dgpsid>0000</dgpsid></trkpt>
<trkpt lat="29.706832833333337" lon="-96.509279"><ele>63.1</ele><time>2025-12-05T01:05:51.000Z</time><extensions><gpxtpx:TrackPointExtension><gpxtpx:bearing>231.81</gpxtpx:bearing><gpxtpx:speed>24.501293</gpxtpx:speed></gpxtpx:TrackPointExtension></extensions><geoidheight>-23.9</geoidheight><src>gps</src><sat>15</sat><hdop>0.74</hdop><vdop>1.12</vdop><pdop>1.34</pdop><dgpsid>0000</dgpsid></trkpt>
<trkpt lat="29.706006666666667" lon="-96.510526"><ele>63.6</ele><time>2025-12-05T01:05:57.000Z</time><extensions><gpxtpx:TrackPointExtension><gpxtpx:bearing>232.97</gpxtpx:bearing><gpxtpx:speed>25.882807</gpxtpx:speed></gpxtpx:TrackPointExtension></extensions><geoidheight>-23.9</geoidheight><src>gps</src><sat>15</sat><hdop>0.82</hdop><vdop>1.32</vdop><pdop>1.55</pdop><dgpsid>0000</dgpsid></trkpt>
<trkpt lat="29.705172166666664" lon="-96.51179416666668"><ele>64.3</ele><time>2025-12-05T01:06:03.000Z</time><extensions><gpxtpx:TrackPointExtension><gpxtpx:bearing>233.28</gpxtpx:bearing><gpxtpx:speed>25.344408</gpxtpx:speed></gpxtpx:TrackPointExtension></extensions><geoidheight>-23.9</geoidheight><src>gps</src><sat>14</sat><hdop>0.82</hdop><vdop>1.32</vdop><pdop>1.55</pdop><dgpsid>0000</dgpsid></trkpt>
<trkpt lat="29.70443433333333" lon="-96.51311133333333"><ele>66.1</ele><time>2025-12-05T01:06:09.000Z</time><extensions><gpxtpx:TrackPointExtension><gpxtpx:bearing>241.61</gpxtpx:bearing><gpxtpx:speed>25.197197</gpxtpx:speed></gpxtpx:TrackPointExtension></extensions><geoidheight>-23.9</geoidheight><src>gps</src><sat>14</sat><hdop>0.82</hdop><vdop>1.32</vdop><pdop>1.55</pdop><dgpsid>0000</dgpsid></trkpt>
<trkpt lat="29.703905000000002" lon="-96.51451549999999"><ele>68.9</ele><time>2025-12-05T01:06:15.000Z</time><extensions><gpxtpx:TrackPointExtension><gpxtpx:bearing>250.2</gpxtpx:bearing><gpxtpx:speed>24.647474</gpxtpx:speed></gpxtpx:TrackPointExtension></extensions><geoidheight>-23.9</geoidheight><src>gps</src><sat>14</sat><hdop>0.82</hdop><vdop>1.32</vdop><pdop>1.55</pdop><dgpsid>0000</dgpsid></trkpt>
<trkpt lat="29.703472333333334" lon="-96.51600116666665"><ele>69.5</ele><time>2025-12-05T01:06:21.000Z</time><extensions><gpxtpx:TrackPointExtension><gpxtpx:bearing>251.92</gpxtpx:bearing><gpxtpx:speed>25.753613</gpxtpx:speed></gpxtpx:TrackPointExtension></extensions><geoidheight>-23.9</geoidheight><src>gps</src><sat>15</sat><hdop>0.74</hdop><vdop>1.12</vdop><pdop>1.34</pdop><dgpsid>0000</dgpsid></trkpt>
<trkpt lat="29.70302316666667" lon="-96.51756433333334"><ele>68.7</ele><time>2025-12-05T01:06:27.000Z</time><extensions><gpxtpx:TrackPointExtension><gpxtpx:bearing>250.98</gpxtpx:bearing><gpxtpx:speed>27.02755</gpxtpx:speed></gpxtpx:TrackPointExtension></extensions><geoidheight>-23.9</geoidheight><src>gps</src><sat>15</sat><hdop>0.74</hdop><vdop>1.12</vdop><pdop>1.34</pdop><dgpsid>0000</dgpsid></trkpt>
<trkpt lat="29.702515166666664" lon="-96.51916783333333"><ele>65.7</ele><time>2025-12-05T01:06:33.000Z</time><extensions><gpxtpx:TrackPointExtension><gpxtpx:bearing>248.46</gpxtpx:bearing><gpxtpx:speed>27.941181</gpxtpx:speed></gpxtpx:TrackPointExtension></extensions><geoidheight>-23.9</geoidheight><src>gps</src><sat>15</sat><hdop>0.71</hdop><vdop>1.07</vdop><pdop>1.28</pdop><dgpsid>0000</dgpsid></trkpt>
<trkpt lat="29.701937666666662" lon="-96.52078000000002"><ele>63.7</ele><time>2025-12-05T01:06:39.000Z</time><extensions><gpxtpx:TrackPointExtension><gpxtpx:bearing>247.11</gpxtpx:bearing><gpxtpx:speed>28.055449</gpxtpx:speed></gpxtpx:TrackPointExtension></extensions><geoidheight>-23.9</geoidheight><src>gps</src><sat>15</sat><hdop>0.71</hdop><vdop>1.07</vdop><pdop>1.28</pdop><dgpsid>0000</dgpsid></trkpt>
<trkpt lat="29.701335499999995" lon="-96.52237533333333"><ele>64.0</ele><time>2025-12-05T01:06:45.000Z</time><extensions><gpxtpx:TrackPointExtension><gpxtpx:bearing>247.07</gpxtpx:bearing><gpxtpx:speed>28.057508</gpxtpx:speed></gpxtpx:TrackPointExtension></extensions><geoidheight>-23.9</geoidheight><src>gps</src><sat>15</sat><hdop>0.71</hdop><vdop>1.07</vdop><pdop>1.28</pdop><dgpsid>0000</dgpsid></trkpt>
<trkpt lat="29.700734833333332" lon="-96.52396750000001"><ele>63.6</ele><time>2025-12-05T01:06:51.000Z</time><extensions><gpxtpx:TrackPointExtension><gpxtpx:bearing>246.81</gpxtpx:bearing><gpxtpx:speed>27.905664</gpxtpx:speed></gpxtpx:TrackPointExtension></extensions><geoidheight>-23.9</geoidheight><src>gps</src><sat>14</sat><hdop>0.77</hdop><vdop>1.09</vdop><pdop>1.34</pdop><dgpsid>0000</dgpsid></trkpt>
<trkpt lat="29.70013933333333" lon="-96.52557383333333"><ele>63.9</ele><time>2025-12-05T01:06:57.000Z</time><extensions><gpxtpx:TrackPointExtension><gpxtpx:bearing>246.8</gpxtpx:bearing><gpxtpx:speed>28.168688</gpxtpx:speed></gpxtpx:TrackPointExtension></extensions><geoidheight>-23.9</geoidheight><src>gps</src><sat>14</sat><hdop>0.76</hdop><vdop>1.09</vdop><pdop>1.33</pdop><dgpsid>0000</dgpsid></trkpt>
<trkpt lat="29.699529999999996" lon="-96.52719700000002"><ele>62.9</ele><time>2025-12-05T01:07:03.000Z</time><extensions><gpxtpx:TrackPointExtension><gpxtpx:bearing>246.65</gpxtpx:bearing><gpxtpx:speed>28.703999</gpxtpx:speed></gpxtpx:TrackPointExtension></extensions><geoidheight>-23.9</geoidheight><src>gps</src><sat>14</sat><hdop>0.76</hdop><vdop>1.09</vdop><pdop>1.33</pdop><dgpsid>0000</dgpsid></trkpt>
<trkpt lat="29.6988305" lon="-96.52879716666666"><ele>62.5</ele><time>2025-12-05T01:07:09.000Z</time><extensions><gpxtpx:TrackPointExtension><gpxtpx:bearing>239.01</gpxtpx:bearing><gpxtpx:speed>29.221294</gpxtpx:speed></gpxtpx:TrackPointExtension></extensions><geoidheight>-23.9</geoidheight><src>gps</src><sat>13</sat><hdop>0.85</hdop><vdop>1.37</vdop><pdop>1.61</pdop><dgpsid>0000</dgpsid></trkpt>
<trkpt lat="29.697870166666668" lon="-96.53023683333335"><ele>62.4</ele><time>2025-12-05T01:07:15.000Z</time><extensions><gpxtpx:TrackPointExtension><gpxtpx:bearing>230.11</gpxtpx:bearing><gpxtpx:speed>29.061731</gpxtpx:speed></gpxtpx:TrackPointExtension></extensions><geoidheight>-23.9</geoidheight><src>gps</src><sat>14</sat><hdop>0.79</hdop><vdop>1.27</vdop><pdop>1.50</pdop><dgpsid>0000</dgpsid></trkpt>
<trkpt lat="29.6968495" lon="-96.531604"><ele>63.9</ele><time>2025-12-05T01:07:21.000Z</time><extensions><gpxtpx:TrackPointExtension><gpxtpx:bearing>229.54</gpxtpx:bearing><gpxtpx:speed>28.820326</gpxtpx:speed></gpxtpx:TrackPointExtension></extensions><geoidheight>-23.9</geoidheight><src>gps</src><sat>14</sat><hdop>0.79</hdop><vdop>1.27</vdop><pdop>1.50</pdop><dgpsid>0000</dgpsid></trkpt>
<trkpt lat="29.695857166666663" lon="-96.53293816666668"><ele>64.3</ele><time>2025-12-05T01:07:27.000Z</time><extensions><gpxtpx:TrackPointExtension><gpxtpx:bearing>229.57</gpxtpx:bearing><gpxtpx:speed>27.903091</gpxtpx:speed></gpxtpx:TrackPointExtension></extensions><geoidheight>-23.9</geoidheight><src>gps</src><sat>14</sat><hdop>0.79</hdop><vdop>1.27</vdop><pdop>1.50</pdop><dgpsid>0000</dgpsid></trkpt>
<trkpt lat="29.694906" lon="-96.53421416666667"><ele>63.3</ele><time>2025-12-05T01:07:33.000Z</time><extensions><gpxtpx:TrackPointExtension><gpxtpx:bearing>230.16</gpxtpx:bearing><gpxtpx:speed>26.767614</gpxtpx:speed></gpxtpx:TrackPointExtension></extensions><geoidheight>-23.9</geoidheight><src>gps</src><sat>14</sat><hdop>0.79</hdop><vdop>1.27</vdop><pdop>1.50</pdop><dgpsid>0000</dgpsid></trkpt>
<trkpt lat="29.694068" lon="-96.53555149999998"><ele>61.3</ele><time>2025-12-05T01:07:39.000Z</time><extensions><gpxtpx:TrackPointExtension><gpxtpx:bearing>239.74</gpxtpx:bearing><gpxtpx:speed>26.696583</gpxtpx:speed></gpxtpx:TrackPointExtension></extensions><geoidheight>-23.9</geoidheight><src>gps</src><sat>14</sat><hdop>0.79</hdop><vdop>1.27</vdop><pdop>1.50</pdop><dgpsid>0000</dgpsid></trkpt>
<trkpt lat="29.693506666666668" lon="-96.53708149999999"><ele>60.7</ele><time>2025-12-05T01:07:45.000Z</time><extensions><gpxtpx:TrackPointExtension><gpxtpx:bearing>250.27</gpxtpx:bearing><gpxtpx:speed>26.97093</gpxtpx:speed></gpxtpx:TrackPointExtension></extensions><geoidheight>-23.9</geoidheight><src>gps</src><sat>14</sat><hdop>0.79</hdop><vdop>1.27</vdop><pdop>1.50</pdop><dgpsid>0000</dgpsid></trkpt>
<trkpt lat="29.693027500000003" lon="-96.5386325"><ele>61.8</ele><time>2025-12-05T01:07:51.000Z</time><extensions><gpxtpx:TrackPointExtension><gpxtpx:bearing>250.77</gpxtpx:bearing><gpxtpx:speed>25.967222</gpxtpx:speed></gpxtpx:TrackPointExtension></extensions><geoidheight>-23.9</geoidheight><src>gps</src><sat>15</sat><hdop>0.71</hdop><vdop>1.06</vdop><pdop>1.28</pdop><dgpsid>0000</dgpsid></trkpt>
<trkpt lat="29.692555833333337" lon="-96.54013283333333"><ele>63.0</ele><time>2025-12-05T01:07:57.000Z</time><extensions><gpxtpx:TrackPointExtension><gpxtpx:bearing>249.89</gpxtpx:bearing><gpxtpx:speed>25.263596</gpxtpx:speed></gpxtpx:TrackPointExtension></extensions><geoidheight>-23.9</geoidheight><src>gps</src><sat>14</sat><hdop>0.76</hdop><vdop>1.09</vdop><pdop>1.33</pdop><dgpsid>0000</dgpsid></trkpt>
<trkpt lat="29.69217233333333" lon="-96.54160533333334"><ele>61.5</ele><time>2025-12-05T01:08:03.000Z</time><extensions><gpxtpx:TrackPointExtension><gpxtpx:bearing>257.55</gpxtpx:bearing><gpxtpx:speed>24.88476</gpxtpx:speed></gpxtpx:TrackPointExtension></extensions><geoidheight>-23.9</geoidheight><src>gps</src><sat>14</sat><hdop>0.76</hdop><vdop>1.09</vdop><pdop>1.33</pdop><dgpsid>0000</dgpsid></trkpt>
<trkpt lat="29.692053" lon="-96.54313783333333"><ele>60.3</ele><time>2025-12-05T01:08:09.000Z</time><extensions><gpxtpx:TrackPointExtension><gpxtpx:bearing>269.44</gpxtpx:bearing><gpxtpx:speed>24.910496</gpxtpx:speed></gpxtpx:TrackPointExtension></extensions><geoidheight>-23.9</geoidheight><src>gps</src><sat>14</sat><hdop>0.76</hdop><vdop>1.09</vdop><pdop>1.33</pdop><dgpsid>0000</dgpsid></trkpt>
<trkpt lat="29.692117500000002" lon="-96.5447065"><ele>59.7</ele><time>2025-12-05T01:08:15.000Z</time><extensions><gpxtpx:TrackPointExtension><gpxtpx:bearing>276.1</gpxtpx:bearing><gpxtpx:speed>25.741774</gpxtpx:speed></gpxtpx:TrackPointExtension></extensions><geoidheight>-23.9</geoidheight><src>gps</src><sat>15</sat><hdop>0.71</hdop><vdop>1.06</vdop><pdop>1.28</pdop><dgpsid>0000</dgpsid></trkpt>
<trkpt lat="29.692309666666667" lon="-96.54631066666667"><ele>59.0</ele><time>2025-12-05T01:08:21.000Z</time><extensions><gpxtpx:TrackPointExtension><gpxtpx:bearing>278.16</gpxtpx:bearing><gpxtpx:speed>26.484518</gpxtpx:speed></gpxtpx:TrackPointExtension></extensions><geoidheight>-23.9</geoidheight><src>gps</src><sat>15</sat><hdop>0.76</hdop><vdop>1.09</vdop><pdop>1.33</pdop><dgpsid>0000</dgpsid></trkpt>
<trkpt lat="29.692521166666666" lon="-96.54794716666666"><ele>58.0</ele><time>2025-12-05T01:08:27.000Z</time><extensions><gpxtpx:TrackPointExtension><gpxtpx:bearing>278.56</gpxtpx:bearing><gpxtpx:speed>27.146965</gpxtpx:speed></gpxtpx:TrackPointExtension></extensions><geoidheight>-23.9</geoidheight><src>gps</src><sat>14</sat><hdop>0.76</hdop><vdop>1.09</vdop><pdop>1.33</pdop><dgpsid>0000</dgpsid></trkpt>
<trkpt lat="29.692732166666662" lon="-96.54960983333334"><ele>57.4</ele><time>2025-12-05T01:08:33.000Z</time><extensions><gpxtpx:TrackPointExtension><gpxtpx:bearing>278.3</gpxtpx:bearing><gpxtpx:speed>27.09086</gpxtpx:speed></gpxtpx:TrackPointExtension></extensions><geoidheight>-23.9</geoidheight><src>gps</src><sat>13</sat><hdop>0.84</hdop><vdop>1.26</vdop><pdop>1.51</pdop><dgpsid>0000</dgpsid></trkpt>
<trkpt lat="29.69294316666667" lon="-96.55126133333333"><ele>56.9</ele><time>2025-12-05T01:08:39.000Z</time><extensions><gpxtpx:TrackPointExtension><gpxtpx:bearing>278.16</gpxtpx:bearing><gpxtpx:speed>26.884972</gpxtpx:speed></gpxtpx:TrackPointExtension></extensions><geoidheight>-23.9</geoidheight><src>gps</src><sat>14</sat><hdop>0.76</hdop><vdop>1.09</vdop><pdop>1.33</pdop><dgpsid>0000</dgpsid></trkpt>
<trkpt lat="29.693143166666665" lon="-96.55289450000001"><ele>57.0</ele><time>2025-12-05T01:08:45.000Z</time><extensions><gpxtpx:TrackPointExtension><gpxtpx:bearing>277.72</gpxtpx:bearing><gpxtpx:speed>26.178257</gpxtpx:speed></gpxtpx:TrackPointExtension></extensions><geoidheight>-23.9</geoidheight><src>gps</src><sat>14</sat><hdop>0.76</hdop><vdop>1.09</vdop><pdop>1.33</pdop><dgpsid>0000</dgpsid></trkpt>
<trkpt lat="29.693345333333333" lon="-96.55450416666666"><ele>56.0</ele><time>2025-12-05T01:08:51.000Z</time><extensions><gpxtpx:TrackPointExtension><gpxtpx:bearing>277.88</gpxtpx:bearing><gpxtpx:speed>26.474222</gpxtpx:speed></gpxtpx:TrackPointExtension></extensions><geoidheight>-23.9</geoidheight><src>gps</src><sat>14</sat><hdop>0.76</hdop><vdop>1.09</vdop><pdop>1.33</pdop><dgpsid>0000</dgpsid></trkpt>
<trkpt lat="29.693549" lon="-96.556135"><ele>56.0</ele><time>2025-12-05T01:08:57.000Z</time><extensions><gpxtpx:TrackPointExtension><gpxtpx:bearing>277.86</gpxtpx:bearing><gpxtpx:speed>26.727982</gpxtpx:speed></gpxtpx:TrackPointExtension></extensions><geoidheight>-23.9</geoidheight><src>gps</src><sat>15</sat><hdop>0.69</hdop><vdop>0.92</vdop><pdop>1.15</pdop><dgpsid>0000</dgpsid></trkpt>
<trkpt lat="29.693750666666666" lon="-96.55776216666666"><ele>55.7</ele><time>2025-12-05T01:09:03.000Z</time><extensions><gpxtpx:TrackPointExtension><gpxtpx:bearing>277.73</gpxtpx:bearing><gpxtpx:speed>26.394955</gpxtpx:speed></gpxtpx:TrackPointExtension></extensions><geoidheight>-23.9</geoidheight><src>gps</src><sat>15</sat><hdop>0.69</hdop><vdop>0.92</vdop><pdop>1.15</pdop><dgpsid>0000</dgpsid></trkpt>
<trkpt lat="29.69387616666667" lon="-96.5594145"><ele>56.1</ele><time>2025-12-05T01:09:09.000Z</time><extensions><gpxtpx:TrackPointExtension><gpxtpx:bearing>273.37</gpxtpx:bearing><gpxtpx:speed>26.932325</gpxtpx:speed></gpxtpx:TrackPointExtension></extensions><geoidheight>-23.9</geoidheight><src>gps</src><sat>15</sat><hdop>0.69</hdop><vdop>0.92</vdop><pdop>1.15</pdop><dgpsid>0000</dgpsid></trkpt>
<trkpt lat="29.693914499999998" lon="-96.561084"><ele>56.5</ele><time>2025-12-05T01:09:15.000Z</time><extensions><gpxtpx:TrackPointExtension><gpxtpx:bearing>269.65</gpxtpx:bearing><gpxtpx:speed>26.88703</gpxtpx:speed></gpxtpx:TrackPointExtension></extensions><geoidheight>-23.9</geoidheight><src>gps</src><sat>16</sat><hdop>0.64</hdop><vdop>0.88</vdop><pdop>1.09</pdop><dgpsid>0000</dgpsid></trkpt>
<trkpt lat="29.693903999999996" lon="-96.56271933333333"><ele>57.4</ele><time>2025-12-05T01:09:21.000Z</time><extensions><gpxtpx:TrackPointExtension><gpxtpx:bearing>270.6</gpxtpx:bearing><gpxtpx:speed>25.461763</gpxtpx:speed></gpxtpx:TrackPointExtension></extensions><geoidheight>-23.9</geoidheight><src>gps</src><sat>16</sat><hdop>0.66</hdop><vdop>0.89</vdop><pdop>1.11</pdop><dgpsid>0000</dgpsid></trkpt>
<trkpt lat="29.69388083333333" lon="-96.564318"><ele>59.6</ele><time>2025-12-05T01:09:27.000Z</time><extensions><gpxtpx:TrackPointExtension><gpxtpx:bearing>268.73</gpxtpx:bearing><gpxtpx:speed>26.215832</gpxtpx:speed></gpxtpx:TrackPointExtension></extensions><geoidheight>-23.9</geoidheight><src>gps</src><sat>15</sat><hdop>0.68</hdop><vdop>0.97</vdop><pdop>1.18</pdop><dgpsid>0000</dgpsid></trkpt>
<trkpt lat="29.693848499999998" lon="-96.56594366666668"><ele>61.9</ele><time>2025-12-05T01:09:33.000Z</time><extensions><gpxtpx:TrackPointExtension><gpxtpx:bearing>269.89</gpxtpx:bearing><gpxtpx:speed>26.332159</gpxtpx:speed></gpxtpx:TrackPointExtension></extensions><geoidheight>-23.9</geoidheight><src>gps</src><sat>16</sat><hdop>0.64</hdop><vdop>0.88</vdop><pdop>1.09</pdop><dgpsid>0000</dgpsid></trkpt>
<trkpt lat="29.693849333333333" lon="-96.56758716666667"><ele>62.6</ele><time>2025-12-05T01:09:39.000Z</time><extensions><gpxtpx:TrackPointExtension><gpxtpx:bearing>269.37</gpxtpx:bearing><gpxtpx:speed>26.280687</gpxtpx:speed></gpxtpx:TrackPointExtension></extensions><geoidheight>-23.9</geoidheight><src>gps</src><sat>16</sat><hdop>0.64</hdop><vdop>0.88</vdop><pdop>1.09</pdop><dgpsid>0000</dgpsid></trkpt>
<trkpt lat="29.693837500000004" lon="-96.56922483333334"><ele>63.5</ele><time>2025-12-05T01:09:45.000Z</time><extensions><gpxtpx:TrackPointExtension><gpxtpx:bearing>269.46</gpxtpx:bearing><gpxtpx:speed>26.23848</gpxtpx:speed></gpxtpx:TrackPointExtension></extensions><geoidheight>-23.9</geoidheight><src>gps</src><sat>16</sat><hdop>0.64</hdop><vdop>0.88</vdop><pdop>1.09</pdop><dgpsid>0000</dgpsid></trkpt>
<trkpt lat="29.693834999999996" lon="-96.57084633333334"><ele>63.5</ele><time>2025-12-05T01:09:51.000Z</time><extensions><gpxtpx:TrackPointExtension><gpxtpx:bearing>269.25</gpxtpx:bearing><gpxtpx:speed>25.930676</gpxtpx:speed></gpxtpx:TrackPointExtension></extensions><geoidheight>-23.9</geoidheight><src>gps</src><sat>16</sat><hdop>0.64</hdop><vdop>0.88</vdop><pdop>1.09</pdop><dgpsid>0000</dgpsid></trkpt>
<trkpt lat="29.6938235" lon="-96.57244666666665"><ele>63.7</ele><time>2025-12-05T01:09:57.000Z</time><extensions><gpxtpx:TrackPointExtension><gpxtpx:bearing>269.63</gpxtpx:bearing><gpxtpx:speed>25.75001</gpxtpx:speed></gpxtpx:TrackPointExtension></extensions><geoidheight>-23.9</geoidheight><src>gps</src><sat>15</sat><hdop>0.68</hdop><vdop>0.97</vdop><pdop>1.18</pdop><dgpsid>0000</dgpsid></trkpt>
<trkpt lat="29.693815000000004" lon="-96.57406416666666"><ele>63.2</ele><time>2025-12-05T01:10:03.000Z</time><extensions><gpxtpx:TrackPointExtension><gpxtpx:bearing>269.22</gpxtpx:bearing><gpxtpx:speed>26.01612</gpxtpx:speed></gpxtpx:TrackPointExtension></extensions><geoidheight>-23.9</geoidheight><src>gps</src><sat>16</sat><hdop>0.68</hdop><vdop>0.97</vdop><pdop>1.18</pdop><dgpsid>0000</dgpsid></trkpt>
<trkpt lat="29.693807666666665" lon="-96.57569483333333"><ele>64.2</ele><time>2025-12-05T01:10:09.000Z</time><extensions><gpxtpx:TrackPointExtension><gpxtpx:bearing>269.93</gpxtpx:bearing><gpxtpx:speed>26.269363</gpxtpx:speed></gpxtpx:TrackPointExtension></extensions><geoidheight>-23.9</geoidheight><src>gps</src><sat>16</sat><hdop>0.68</hdop><vdop>0.97</vdop><pdop>1.18</pdop><dgpsid>0000</dgpsid></trkpt>
<trkpt lat="29.693795333333334" lon="-96.57733699999999"><ele>64.5</ele><time>2025-12-05T01:10:15.000Z</time><extensions><gpxtpx:TrackPointExtension><gpxtpx:bearing>269.29</gpxtpx:bearing><gpxtpx:speed>26.388779</gpxtpx:speed></gpxtpx:TrackPointExtension></extensions><geoidheight>-23.9</geoidheight><src>gps</src><sat>16</sat><hdop>0.64</hdop><vdop>0.88</vdop><pdop>1.09</pdop><dgpsid>0000</dgpsid></trkpt>
<trkpt lat="29.69378" lon="-96.57898066666667"><ele>64.1</ele><time>2025-12-05T01:10:21.000Z</time><extensions><gpxtpx:TrackPointExtension><gpxtpx:bearing>269.33</gpxtpx:bearing><gpxtpx:speed>26.458267</gpxtpx:speed></gpxtpx:TrackPointExtension></extensions><geoidheight>-23.9</geoidheight><src>gps</src><sat>16</sat><hdop>0.64</hdop><vdop>0.88</vdop><pdop>1.09</pdop><dgpsid>0000</dgpsid></trkpt>
<trkpt lat="29.693768833333333" lon="-96.58061733333334"><ele>64.7</ele><time>2025-12-05T01:10:27.000Z</time><extensions><gpxtpx:TrackPointExtension><gpxtpx:bearing>269.71</gpxtpx:bearing><gpxtpx:speed>26.2637</gpxtpx:speed></gpxtpx:TrackPointExtension></extensions><geoidheight>-23.9</geoidheight><src>gps</src><sat>15</sat><hdop>0.64</hdop><vdop>0.88</vdop><pdop>1.09</pdop><dgpsid>0000</dgpsid></trkpt>
<trkpt lat="29.693755666666668" lon="-96.58222716666666"><ele>67.1</ele><time>2025-12-05T01:10:33.000Z</time><extensions><gpxtpx:TrackPointExtension><gpxtpx:bearing>269.59</gpxtpx:bearing><gpxtpx:speed>25.901337</gpxtpx:speed></gpxtpx:TrackPointExtension></extensions><geoidheight>-23.9</geoidheight><src>gps</src><sat>16</sat><hdop>0.64</hdop><vdop>0.88</vdop><pdop>1.09</pdop><dgpsid>0000</dgpsid></trkpt>
<trkpt lat="29.693741999999997" lon="-96.58381733333333"><ele>69.7</ele><time>2025-12-05T01:10:39.000Z</time><extensions><gpxtpx:TrackPointExtension><gpxtpx:bearing>269.3</gpxtpx:bearing><gpxtpx:speed>25.808172</gpxtpx:speed></gpxtpx:TrackPointExtension></extensions><geoidheight>-23.9</geoidheight><src>gps</src><sat>16</sat><hdop>0.64</hdop><vdop>0.88</vdop><pdop>1.09</pdop><dgpsid>0000</dgpsid></trkpt>
<trkpt lat="29.693726833333336" lon="-96.58540033333333"><ele>72.1</ele><time>2025-12-05T01:10:45.000Z</time><extensions><gpxtpx:TrackPointExtension><gpxtpx:bearing>269.5</gpxtpx:bearing><gpxtpx:speed>25.354702</gpxtpx:speed></gpxtpx:TrackPointExtension></extensions><geoidheight>-23.9</geoidheight><src>gps</src><sat>16</sat><hdop>0.67</hdop><vdop>0.89</vdop><pdop>1.11</pdop><dgpsid>0000</dgpsid></trkpt>
<trkpt lat="29.693714500000002" lon="-96.58694366666666"><ele>73.1</ele><time>2025-12-05T01:10:51.000Z</time><extensions><gpxtpx:TrackPointExtension><gpxtpx:bearing>269.73</gpxtpx:bearing><gpxtpx:speed>24.66652</gpxtpx:speed></gpxtpx:TrackPointExtension></extensions><geoidheight>-23.9</geoidheight><src>gps</src><sat>16</sat><hdop>0.64</hdop><vdop>0.88</vdop><pdop>1.09</pdop><dgpsid>0000</dgpsid></trkpt>
<trkpt lat="29.693706" lon="-96.5884615"><ele>74.7</ele><time>2025-12-05T01:10:57.000Z</time><extensions><gpxtpx:TrackPointExtension><gpxtpx:bearing>269.15</gpxtpx:bearing><gpxtpx:speed>24.14356</gpxtpx:speed></gpxtpx:TrackPointExtension></extensions><geoidheight>-23.9</geoidheight><src>gps</src><sat>15</sat><hdop>0.67</hdop><vdop>0.89</vdop><pdop>1.11</pdop><dgpsid>0000</dgpsid></trkpt>
<trkpt lat="29.693676166666666" lon="-96.58992716666668"><ele>75.0</ele><time>2025-12-05T01:11:03.000Z</time><extensions><gpxtpx:TrackPointExtension><gpxtpx:bearing>267.7</gpxtpx:bearing><gpxtpx:speed>23.334932</gpxtpx:speed></gpxtpx:TrackPointExtension></extensions><geoidheight>-23.9</geoidheight><src>gps</src><sat>13</sat><hdop>0.72</hdop><vdop>0.92</vdop><pdop>1.17</pdop><dgpsid>0000</dgpsid></trkpt>
<trkpt lat="29.69363466666667" lon="-96.59136383333335"><ele>75.4</ele><time>2025-12-05T01:11:09.000Z</time><extensions><gpxtpx:TrackPointExtension><gpxtpx:bearing>270.0</gpxtpx:bearing><gpxtpx:speed>23.076542</gpxtpx:speed></gpxtpx:TrackPointExtension></extensions><geoidheight>-23.9</geoidheight><src>gps</src><sat>15</sat><hdop>0.69</hdop><vdop>0.92</vdop><pdop>1.15</pdop><dgpsid>0000</dgpsid></trkpt>
<trkpt lat="29.693609833333333" lon="-96.59281266666667"><ele>76.2</ele><time>2025-12-05T01:11:15.000Z</time><extensions><gpxtpx:TrackPointExtension><gpxtpx:bearing>268.63</gpxtpx:bearing><gpxtpx:speed>23.683914</gpxtpx:speed></gpxtpx:TrackPointExtension></extensions><geoidheight>-23.9</geoidheight><src>gps</src><sat>15</sat><hdop>0.69</hdop><vdop>0.92</vdop><pdop>1.15</pdop><dgpsid>0000</dgpsid></trkpt>
<trkpt lat="29.693597" lon="-96.594301"><ele>76.0</ele><time>2025-12-05T01:11:21.000Z</time><extensions><gpxtpx:TrackPointExtension><gpxtpx:bearing>269.46</gpxtpx:bearing><gpxtpx:speed>24.40195</gpxtpx:speed></gpxtpx:TrackPointExtension></extensions><geoidheight>-23.9</geoidheight><src>gps</src><sat>14</sat><hdop>0.67</hdop><vdop>0.89</vdop><pdop>1.11</pdop><dgpsid>0000</dgpsid></trkpt>
<trkpt lat="29.693587166666664" lon="-96.59586333333333"><ele>77.2</ele><time>2025-12-05T01:11:27.000Z</time><extensions><gpxtpx:TrackPointExtension><gpxtpx:bearing>269.38</gpxtpx:bearing><gpxtpx:speed>25.63677</gpxtpx:speed></gpxtpx:TrackPointExtension></extensions><geoidheight>-23.9</geoidheight><src>gps</src><sat>15</sat><hdop>0.67</hdop><vdop>0.89</vdop><pdop>1.11</pdop><dgpsid>0000</dgpsid></trkpt>
<trkpt lat="29.693572333333336" lon="-96.59747033333333"><ele>79.0</ele><time>2025-12-05T01:11:33.000Z</time><extensions><gpxtpx:TrackPointExtension><gpxtpx:bearing>269.58</gpxtpx:bearing><gpxtpx:speed>26.16333</gpxtpx:speed></gpxtpx:TrackPointExtension></extensions><geoidheight>-23.9</geoidheight><src>gps</src><sat>16</sat><hdop>0.64</hdop><vdop>0.88</vdop><pdop>1.09</pdop><dgpsid>0000</dgpsid></trkpt>
<trkpt lat="29.693563666666666" lon="-96.59906916666665"><ele>82.9</ele><time>2025-12-05T01:11:39.000Z</time><extensions><gpxtpx:TrackPointExtension><gpxtpx:bearing>270.2</gpxtpx:bearing><gpxtpx:speed>25.833393</gpxtpx:speed></gpxtpx:TrackPointExtension></extensions><geoidheight>-23.9</geoidheight><src>gps</src><sat>16</sat><hdop>0.64</hdop><vdop>0.88</vdop><pdop>1.09</pdop><dgpsid>0000</dgpsid></trkpt>
<trkpt lat="29.693552333333333" lon="-96.60066866666666"><ele>87.1</ele><time>2025-12-05T01:11:45.000Z</time><extensions><gpxtpx:TrackPointExtension><gpxtpx:bearing>269.61</gpxtpx:bearing><gpxtpx:speed>25.894646</gpxtpx:speed></gpxtpx:TrackPointExtension></extensions><geoidheight>-23.9</geoidheight><src>gps</src><sat>16</sat><hdop>0.64</hdop><vdop>0.88</vdop><pdop>1.09</pdop><dgpsid>0000</dgpsid></trkpt>
<trkpt lat="29.693537833333334" lon="-96.60227866666668"><ele>89.5</ele><time>2025-12-05T01:11:51.000Z</time><extensions><gpxtpx:TrackPointExtension><gpxtpx:bearing>269.77</gpxtpx:bearing><gpxtpx:speed>26.394442</gpxtpx:speed></gpxtpx:TrackPointExtension></extensions><geoidheight>-23.9</geoidheight><src>gps</src><sat>16</sat><hdop>0.67</hdop><vdop>0.89</vdop><pdop>1.11</pdop><dgpsid>0000</dgpsid></trkpt>
<trkpt lat="29.693528333333333" lon="-96.60393950000001"><ele>90.2</ele><time>2025-12-05T01:11:57.000Z</time><extensions><gpxtpx:TrackPointExtension><gpxtpx:bearing>269.48</gpxtpx:bearing><gpxtpx:speed>26.98843</gpxtpx:speed></gpxtpx:TrackPointExtension></extensions><geoidheight>-23.9</geoidheight><src>gps</src><sat>16</sat><hdop>0.64</hdop><vdop>0.88</vdop><pdop>1.09</pdop><dgpsid>0000</dgpsid></trkpt>
<trkpt lat="29.69351283333333" lon="-96.60559416666668"><ele>90.8</ele><time>2025-12-05T01:12:03.000Z</time><extensions><gpxtpx:TrackPointExtension><gpxtpx:bearing>269.54</gpxtpx:bearing><gpxtpx:speed>26.33885</gpxtpx:speed></gpxtpx:TrackPointExtension></extensions><geoidheight>-23.9</geoidheight><src>gps</src><sat>16</sat><hdop>0.64</hdop><vdop>0.88</vdop><pdop>1.09</pdop><dgpsid>0000</dgpsid></trkpt>
<trkpt lat="29.69349783333333" lon="-96.60720950000001"><ele>92.4</ele><time>2025-12-05T01:12:09.000Z</time><extensions><gpxtpx:TrackPointExtension><gpxtpx:bearing>269.19</gpxtpx:bearing><gpxtpx:speed>25.879719</gpxtpx:speed></gpxtpx:TrackPointExtension></extensions><geoidheight>-23.9</geoidheight><src>gps</src><sat>15</sat><hdop>0.67</hdop><vdop>0.89</vdop><pdop>1.11</pdop><dgpsid>0000</dgpsid></trkpt>
<trkpt lat="29.693494666666666" lon="-96.60881900000001"><ele>94.5</ele><time>2025-12-05T01:12:15.000Z</time><extensions><gpxtpx:TrackPointExtension><gpxtpx:bearing>269.79</gpxtpx:bearing><gpxtpx:speed>25.790157</gpxtpx:speed></gpxtpx:TrackPointExtension></extensions><geoidheight>-23.9</geoidheight><src>gps</src><sat>14</sat><hdop>0.71</hdop><vdop>0.97</vdop><pdop>1.20</pdop><dgpsid>0000</dgpsid></trkpt>
<trkpt lat="29.693480333333333" lon="-96.61043383333332"><ele>94.2</ele><time>2025-12-05T01:12:21.000Z</time><extensions><gpxtpx:TrackPointExtension><gpxtpx:bearing>269.1</gpxtpx:bearing><gpxtpx:speed>26.369219</gpxtpx:speed></gpxtpx:TrackPointExtension></extensions><geoidheight>-23.9</geoidheight><src>gps</src><sat>15</sat><hdop>0.87</hdop><vdop>1.13</vdop><pdop>1.42</pdop><dgpsid>0000</dgpsid></trkpt>
<trkpt lat="29.6934725" lon="-96.61210366666667"><ele>94.4</ele><time>2025-12-05T01:12:27.000Z</time><extensions><gpxtpx:TrackPointExtension><gpxtpx:bearing>269.86</gpxtpx:bearing><gpxtpx:speed>27.234982</gpxtpx:speed></gpxtpx:TrackPointExtension></extensions><geoidheight>-23.9</geoidheight><src>gps</src><sat>14</sat><hdop>0.72</hdop><vdop>0.92</vdop><pdop>1.17</pdop><dgpsid>0000</dgpsid></trkpt>
<trkpt lat="29.693460166666668" lon="-96.61380249999999"><ele>94.2</ele><time>2025-12-05T01:12:33.000Z</time><extensions><gpxtpx:TrackPointExtension><gpxtpx:bearing>269.64</gpxtpx:bearing><gpxtpx:speed>27.521683</gpxtpx:speed></gpxtpx:TrackPointExtension></extensions><geoidheight>-23.9</geoidheight><src>gps</src><sat>15</sat><hdop>0.67</hdop><vdop>0.89</vdop><pdop>1.11</pdop><dgpsid>0000</dgpsid></trkpt>
<trkpt lat="29.693452666666666" lon="-96.61551800000001"><ele>95.5</ele><time>2025-12-05T01:12:39.000Z</time><extensions><gpxtpx:TrackPointExtension><gpxtpx:bearing>269.78</gpxtpx:bearing><gpxtpx:speed>27.984932</gpxtpx:speed></gpxtpx:TrackPointExtension></extensions><geoidheight>-23.9</geoidheight><src>gps</src><sat>15</sat><hdop>0.67</hdop><vdop>0.89</vdop><pdop>1.11</pdop><dgpsid>0000</dgpsid></trkpt>
<trkpt lat="29.693439333333338" lon="-96.61723849999998"><ele>96.1</ele><time>2025-12-05T01:12:45.000Z</time><extensions><gpxtpx:TrackPointExtension><gpxtpx:bearing>269.42</gpxtpx:bearing><gpxtpx:speed>28.214499</gpxtpx:speed></gpxtpx:TrackPointExtension></extensions><geoidheight>-23.9</geoidheight><src>gps</src><sat>16</sat><hdop>0.67</hdop><vdop>0.89</vdop><pdop>1.11</pdop><dgpsid>0000</dgpsid></trkpt>
<trkpt lat="29.693417999999998" lon="-96.61898449999998"><ele>95.3</ele><time>2025-12-05T01:12:51.000Z</time><extensions><gpxtpx:TrackPointExtension><gpxtpx:bearing>268.83</gpxtpx:bearing><gpxtpx:speed>28.440977</gpxtpx:speed></gpxtpx:TrackPointExtension></extensions><geoidheight>-23.9</geoidheight><src>gps</src><sat>14</sat><hdop>0.72</hdop><vdop>0.92</vdop><pdop>1.17</pdop><dgpsid>0000</dgpsid></trkpt>
<trkpt lat="29.693363166666668" lon="-96.62075066666667"><ele>94.1</ele><time>2025-12-05T01:12:57.000Z</time><extensions><gpxtpx:TrackPointExtension><gpxtpx:bearing>266.84</gpxtpx:bearing><gpxtpx:speed>28.648409</gpxtpx:speed></gpxtpx:TrackPointExtension></extensions><geoidheight>-23.9</geoidheight><src>gps</src><sat>16</sat><hdop>0.67</hdop><vdop>0.89</vdop><pdop>1.11</pdop><dgpsid>0000</dgpsid></trkpt>
<trkpt lat="29.693269499999996" lon="-96.62251316666668"><ele>93.7</ele><time>2025-12-05T01:13:03.000Z</time><extensions><gpxtpx:TrackPointExtension><gpxtpx:bearing>266.03</gpxtpx:bearing><gpxtpx:speed>28.36171</gpxtpx:speed></gpxtpx:TrackPointExtension></extensions><geoidheight>-23.9</geoidheight><src>gps</src><sat>16</sat><hdop>0.64</hdop><vdop>0.88</vdop><pdop>1.09</pdop><dgpsid>0000</dgpsid></trkpt>
<trkpt lat="29.6931565" lon="-96.62430066666666"><ele>93.4</ele><time>2025-12-05T01:13:09.000Z</time><extensions><gpxtpx:TrackPointExtension><gpxtpx:bearing>266.12</gpxtpx:bearing><gpxtpx:speed>29.433361</gpxtpx:speed></gpxtpx:TrackPointExtension></extensions><geoidheight>-23.9</geoidheight><src>gps</src><sat>16</sat><hdop>0.64</hdop><vdop>0.88</vdop><pdop>1.09</pdop><dgpsid>0000</dgpsid></trkpt>
<trkpt lat="29.693040166666666" lon="-96.62614283333332"><ele>92.6</ele><time>2025-12-05T01:13:15.000Z</time><extensions><gpxtpx:TrackPointExtension><gpxtpx:bearing>265.96</gpxtpx:bearing><gpxtpx:speed>30.031982</gpxtpx:speed></gpxtpx:TrackPointExtension></extensions><geoidheight>-23.9</geoidheight><src>gps</src><sat>15</sat><hdop>0.67</hdop><vdop>0.89</vdop><pdop>1.11</pdop><dgpsid>0000</dgpsid></trkpt>
<trkpt lat="29.692922333333332" lon="-96.62799233333332"><ele>92.8</ele><time>2025-12-05T01:13:21.000Z</time><extensions><gpxtpx:TrackPointExtension><gpxtpx:bearing>266.15</gpxtpx:bearing><gpxtpx:speed>29.723663</gpxtpx:speed></gpxtpx:TrackPointExtension></extensions><geoidheight>-23.9</geoidheight><src>gps</src><sat>15</sat><hdop>0.64</hdop><vdop>0.88</vdop><pdop>1.09</pdop><dgpsid>0000</dgpsid></trkpt>
<trkpt lat="29.692807166666665" lon="-96.62982016666668"><ele>93.4</ele><time>2025-12-05T01:13:27.000Z</time><extensions><gpxtpx:TrackPointExtension><gpxtpx:bearing>265.93</gpxtpx:bearing><gpxtpx:speed>29.42564</gpxtpx:speed></gpxtpx:TrackPointExtension></extensions><geoidheight>-23.9</geoidheight><src>gps</src><sat>16</sat><hdop>0.63</hdop><vdop>0.83</vdop><pdop>1.04</pdop><dgpsid>0000</dgpsid></trkpt>
<trkpt lat="29.692696500000004" lon="-96.63160183333333"><ele>95.5</ele><time>2025-12-05T01:13:33.000Z</time><extensions><gpxtpx:TrackPointExtension><gpxtpx:bearing>265.98</gpxtpx:bearing><gpxtpx:speed>28.400827</gpxtpx:speed></gpxtpx:TrackPointExtension></extensions><geoidheight>-23.9</geoidheight><src>gps</src><sat>16</sat><hdop>0.63</hdop><vdop>0.83</vdop><pdop>1.04</pdop><dgpsid>0000</dgpsid></trkpt>
<trkpt lat="29.692591166666663" lon="-96.63333800000001"><ele>95.1</ele><time>2025-12-05T01:13:39.000Z</time><extensions><gpxtpx:TrackPointExtension><gpxtpx:bearing>265.85</gpxtpx:bearing><gpxtpx:speed>27.90824</gpxtpx:speed></gpxtpx:TrackPointExtension></extensions><geoidheight>-23.9</geoidheight><src>gps</src><sat>15</sat><hdop>0.65</hdop><vdop>0.83</vdop><pdop>1.06</pdop><dgpsid>0000</dgpsid></trkpt>
<trkpt lat="29.692488166666667" lon="-96.63507266666666"><ele>91.6</ele><time>2025-12-05T01:13:45.000Z</time><extensions><gpxtpx:TrackPointExtension><gpxtpx:bearing>266.11</gpxtpx:bearing><gpxtpx:speed>28.408033</gpxtpx:speed></gpxtpx:TrackPointExtension></extensions><geoidheight>-23.9</geoidheight><src>gps</src><sat>16</sat><hdop>0.63</hdop><vdop>0.83</vdop><pdop>1.04</pdop><dgpsid>0000</dgpsid></trkpt>
<trkpt lat="29.69238566666667" lon="-96.63681900000002"><ele>87.4</ele><time>2025-12-05T01:13:51.000Z</time><extensions><gpxtpx:TrackPointExtension><gpxtpx:bearing>265.9</gpxtpx:bearing><gpxtpx:speed>27.752792</gpxtpx:speed></gpxtpx:TrackPointExtension></extensions><geoidheight>-23.9</geoidheight><src>gps</src><sat>16</sat><hdop>0.63</hdop><vdop>0.83</vdop><pdop>1.04</pdop><dgpsid>0000</dgpsid></trkpt>
<trkpt lat="29.692288833333336" lon="-96.63849200000001"><ele>85.1</ele><time>2025-12-05T01:13:57.000Z</time><extensions><gpxtpx:TrackPointExtension><gpxtpx:bearing>266.22</gpxtpx:bearing><gpxtpx:speed>26.774305</gpxtpx:speed></gpxtpx:TrackPointExtension></extensions><geoidheight>-23.9</geoidheight><src>gps</src><sat>16</sat><hdop>0.63</hdop><vdop>0.83</vdop><pdop>1.04</pdop><dgpsid>0000</dgpsid></trkpt>
<trkpt lat="29.69218283333333" lon="-96.64013966666668"><ele>84.9</ele><time>2025-12-05T01:14:03.000Z</time><extensions><gpxtpx:TrackPointExtension><gpxtpx:bearing>266.0</gpxtpx:bearing><gpxtpx:speed>26.423265</gpxtpx:speed></gpxtpx:TrackPointExtension></extensions><geoidheight>-23.9</geoidheight><src>gps</src><sat>16</sat><hdop>0.63</hdop><vdop>0.83</vdop><pdop>1.04</pdop><dgpsid>0000</dgpsid></trkpt>
<trkpt lat="29.692078833333333" lon="-96.64176666666665"><ele>85.2</ele><time>2025-12-05T01:14:09.000Z</time><extensions><gpxtpx:TrackPointExtension><gpxtpx:bearing>265.95</gpxtpx:bearing><gpxtpx:speed>26.265245</gpxtpx:speed></gpxtpx:TrackPointExtension></extensions><geoidheight>-23.9</geoidheight><src>gps</src><sat>16</sat><hdop>0.63</hdop><vdop>0.83</vdop><pdop>1.04</pdop><dgpsid>0000</dgpsid></trkpt>
<trkpt lat="29.691978000000002" lon="-96.64340983333335"><ele>84.9</ele><time>2025-12-05T01:14:15.000Z</time><extensions><gpxtpx:TrackPointExtension><gpxtpx:bearing>266.08</gpxtpx:bearing><gpxtpx:speed>26.949825</gpxtpx:speed></gpxtpx:TrackPointExtension></extensions><geoidheight>-23.8</geoidheight><src>gps</src><sat>16</sat><hdop>0.63</hdop><vdop>0.83</vdop><pdop>1.04</pdop><dgpsid>0000</dgpsid></trkpt>
<trkpt lat="29.691871833333334" lon="-96.64511300000001"><ele>86.0</ele><time>2025-12-05T01:14:21.000Z</time><extensions><gpxtpx:TrackPointExtension><gpxtpx:bearing>265.97</gpxtpx:bearing><gpxtpx:speed>28.085817</gpxtpx:speed></gpxtpx:TrackPointExtension></extensions><geoidheight>-23.8</geoidheight><src>gps</src><sat>16</sat><hdop>0.63</hdop><vdop>0.83</vdop><pdop>1.04</pdop><dgpsid>0000</dgpsid></trkpt>
<trkpt lat="29.6917675" lon="-96.646868"><ele>85.9</ele><time>2025-12-05T01:14:27.000Z</time><extensions><gpxtpx:TrackPointExtension><gpxtpx:bearing>266.1</gpxtpx:bearing><gpxtpx:speed>28.50686</gpxtpx:speed></gpxtpx:TrackPointExtension></extensions><geoidheight>-23.8</geoidheight><src>gps</src><sat>16</sat><hdop>0.63</hdop><vdop>0.83</vdop><pdop>1.04</pdop><dgpsid>0000</dgpsid></trkpt>
<trkpt lat="29.691655333333333" lon="-96.64865833333333"><ele>84.2</ele><time>2025-12-05T01:14:33.000Z</time><extensions><gpxtpx:TrackPointExtension><gpxtpx:bearing>266.06</gpxtpx:bearing><gpxtpx:speed>29.459612</gpxtpx:speed></gpxtpx:TrackPointExtension></extensions><geoidheight>-23.8</geoidheight><src>gps</src><sat>16</sat><hdop>0.63</hdop><vdop>0.83</vdop><pdop>1.04</pdop><dgpsid>0000</dgpsid></trkpt>
<trkpt lat="29.691536499999998" lon="-96.65049166666668"><ele>83.1</ele><time>2025-12-05T01:14:39.000Z</time><extensions><gpxtpx:TrackPointExtension><gpxtpx:bearing>265.86</gpxtpx:bearing><gpxtpx:speed>30.110735</gpxtpx:speed></gpxtpx:TrackPointExtension></extensions><geoidheight>-23.8</geoidheight><src>gps</src><sat>16</sat><hdop>0.63</hdop><vdop>0.83</vdop><pdop>1.04</pdop><dgpsid>0000</dgpsid></trkpt>
<trkpt lat="29.691423833333335" lon="-96.65233549999999"><ele>82.4</ele><time>2025-12-05T01:14:45.000Z</time><extensions><gpxtpx:TrackPointExtension><gpxtpx:bearing>265.86</gpxtpx:bearing><gpxtpx:speed>29.60013</gpxtpx:speed></gpxtpx:TrackPointExtension></extensions><geoidheight>-23.8</geoidheight><src>gps</src><sat>16</sat><hdop>0.63</hdop><vdop>0.83</vdop><pdop>1.04</pdop><dgpsid>0000</dgpsid></trkpt>
<trkpt lat="29.691315833333338" lon="-96.65415683333335"><ele>81.9</ele><time>2025-12-05T01:14:51.000Z</time><extensions><gpxtpx:TrackPointExtension><gpxtpx:bearing>266.14</gpxtpx:bearing><gpxtpx:speed>29.241884</gpxtpx:speed></gpxtpx:TrackPointExtension></extensions><geoidheight>-23.8</geoidheight><src>gps</src><sat>16</sat><hdop>0.65</hdop><vdop>0.84</vdop><pdop>1.06</pdop><dgpsid>0000</dgpsid></trkpt>
<trkpt lat="29.691209166666667" lon="-96.65596033333334"><ele>83.7</ele><time>2025-12-05T01:14:57.000Z</time><extensions><gpxtpx:TrackPointExtension><gpxtpx:bearing>266.59</gpxtpx:bearing><gpxtpx:speed>29.124012</gpxtpx:speed></gpxtpx:TrackPointExtension></extensions><geoidheight>-23.8</geoidheight><src>gps</src><sat>15</sat><hdop>0.73</hdop><vdop>0.93</vdop><pdop>1.18</pdop><dgpsid>0000</dgpsid></trkpt>
<trkpt lat="29.691095333333337" lon="-96.65774950000001"><ele>86.9</ele><time>2025-12-05T01:15:03.000Z</time><extensions><gpxtpx:TrackPointExtension><gpxtpx:bearing>265.76</gpxtpx:bearing><gpxtpx:speed>28.917608</gpxtpx:speed></gpxtpx:TrackPointExtension></extensions><geoidheight>-23.8</geoidheight><src>gps</src><sat>16</sat><hdop>0.63</hdop><vdop>0.83</vdop><pdop>1.04</pdop><dgpsid>0000</dgpsid></trkpt>
<trkpt lat="29.690983666666664" lon="-96.659532"><ele>90.1</ele><time>2025-12-05T01:15:09.000Z</time><extensions><gpxtpx:TrackPointExtension><gpxtpx:bearing>266.07</gpxtpx:bearing><gpxtpx:speed>28.817753</gpxtpx:speed></gpxtpx:TrackPointExtension></extensions><geoidheight>-23.8</geoidheight><src>gps</src><sat>16</sat><hdop>0.70</hdop><vdop>0.93</vdop><pdop>1.16</pdop><dgpsid>0000</dgpsid></trkpt>
<trkpt lat="29.690877666666665" lon="-96.66131783333334"><ele>91.8</ele><time>2025-12-05T01:15:15.000Z</time><extensions><gpxtpx:TrackPointExtension><gpxtpx:bearing>265.47</gpxtpx:bearing><gpxtpx:speed>29.061731</gpxtpx:speed></gpxtpx:TrackPointExtension></extensions><geoidheight>-23.8</geoidheight><src>gps</src><sat>16</sat><hdop>0.65</hdop><vdop>0.84</vdop><pdop>1.07</pdop><dgpsid>0000</dgpsid></trkpt>
<trkpt lat="29.69075866666667" lon="-96.66314083333333"><ele>92.7</ele><time>2025-12-05T01:15:21.000Z</time><extensions><gpxtpx:TrackPointExtension><gpxtpx:bearing>265.69</gpxtpx:bearing><gpxtpx:speed>29.809624</gpxtpx:speed></gpxtpx:TrackPointExtension></extensions><geoidheight>-23.8</geoidheight><src>gps</src><sat>16</sat><hdop>0.63</hdop><vdop>0.83</vdop><pdop>1.05</pdop><dgpsid>0000</dgpsid></trkpt>
<trkpt lat="29.690646833333336" lon="-96.66495283333333"><ele>93.2</ele><time>2025-12-05T01:15:27.000Z</time><extensions><gpxtpx:TrackPointExtension><gpxtpx:bearing>265.85</gpxtpx:bearing><gpxtpx:speed>29.176514</gpxtpx:speed></gpxtpx:TrackPointExtension></extensions><geoidheight>-23.8</geoidheight><src>gps</src><sat>16</sat><hdop>0.70</hdop><vdop>0.93</vdop><pdop>1.16</pdop><dgpsid>0000</dgpsid></trkpt>
<trkpt lat="29.690535" lon="-96.66677466666667"><ele>93.9</ele><time>2025-12-05T01:15:33.000Z</time><extensions><gpxtpx:TrackPointExtension><gpxtpx:bearing>265.68</gpxtpx:bearing><gpxtpx:speed>29.48329</gpxtpx:speed></gpxtpx:TrackPointExtension></extensions><geoidheight>-23.8</geoidheight><src>gps</src><sat>16</sat><hdop>0.63</hdop><vdop>0.84</vdop><pdop>1.05</pdop><dgpsid>0000</dgpsid></trkpt>
<trkpt lat="29.690422166666668" lon="-96.66861083333333"><ele>94.4</ele><time>2025-12-05T01:15:39.000Z</time><extensions><gpxtpx:TrackPointExtension><gpxtpx:bearing>265.97</gpxtpx:bearing><gpxtpx:speed>29.781828</gpxtpx:speed></gpxtpx:TrackPointExtension></extensions><geoidheight>-23.8</geoidheight><src>gps</src><sat>16</sat><hdop>0.63</hdop><vdop>0.84</vdop><pdop>1.05</pdop><dgpsid>0000</dgpsid></trkpt>
<trkpt lat="29.69030866666667" lon="-96.67046933333334"><ele>94.8</ele><time>2025-12-05T01:15:45.000Z</time><extensions><gpxtpx:TrackPointExtension><gpxtpx:bearing>266.19</gpxtpx:bearing><gpxtpx:speed>30.07522</gpxtpx:speed></gpxtpx:TrackPointExtension></extensions><geoidheight>-23.8</geoidheight><src>gps</src><sat>16</sat><hdop>0.70</hdop><vdop>0.93</vdop><pdop>1.16</pdop><dgpsid>0000</dgpsid></trkpt>
<trkpt lat="29.690198499999997" lon="-96.67232"><ele>95.1</ele><time>2025-12-05T01:15:51.000Z</time><extensions><gpxtpx:TrackPointExtension><gpxtpx:bearing>266.03</gpxtpx:bearing><gpxtpx:speed>29.7983</gpxtpx:speed></gpxtpx:TrackPointExtension></extensions><geoidheight>-23.8</geoidheight><src>gps</src><sat>16</sat><hdop>0.70</hdop><vdop>0.93</vdop><pdop>1.16</pdop><dgpsid>0000</dgpsid></trkpt>
<trkpt lat="29.690086166666667" lon="-96.67415616666668"><ele>96.0</ele><time>2025-12-05T01:15:57.000Z</time><extensions><gpxtpx:TrackPointExtension><gpxtpx:bearing>265.96</gpxtpx:bearing><gpxtpx:speed>29.619175</gpxtpx:speed></gpxtpx:TrackPointExtension></extensions><geoidheight>-23.8</geoidheight><src>gps</src><sat>16</sat><hdop>0.63</hdop><vdop>0.84</vdop><pdop>1.05</pdop><dgpsid>0000</dgpsid></trkpt>
<trkpt lat="29.689973666666667" lon="-96.67598666666666"><ele>97.1</ele><time>2025-12-05T01:16:03.000Z</time><extensions><gpxtpx:TrackPointExtension><gpxtpx:bearing>266.23</gpxtpx:bearing><gpxtpx:speed>29.584175</gpxtpx:speed></gpxtpx:TrackPointExtension></extensions><geoidheight>-23.8</geoidheight><src>gps</src><sat>16</sat><hdop>0.63</hdop><vdop>0.84</vdop><pdop>1.05</pdop><dgpsid>0000</dgpsid></trkpt>
<trkpt lat="29.689862166666664" lon="-96.677802"><ele>97.4</ele><time>2025-12-05T01:16:09.000Z</time><extensions><gpxtpx:TrackPointExtension><gpxtpx:bearing>265.89</gpxtpx:bearing><gpxtpx:speed>29.264532</gpxtpx:speed></gpxtpx:TrackPointExtension></extensions><geoidheight>-23.8</geoidheight><src>gps</src><sat>16</sat><hdop>0.63</hdop><vdop>0.84</vdop><pdop>1.05</pdop><dgpsid>0000</dgpsid></trkpt>
<trkpt lat="29.689753166666666" lon="-96.67961716666666"><ele>97.8</ele><time>2025-12-05T01:16:15.000Z</time><extensions><gpxtpx:TrackPointExtension><gpxtpx:bearing>265.7</gpxtpx:bearing><gpxtpx:speed>29.358727</gpxtpx:speed></gpxtpx:TrackPointExtension></extensions><geoidheight>-23.8</geoidheight><src>gps</src><sat>16</sat><hdop>0.70</hdop><vdop>0.93</vdop><pdop>1.16</pdop><dgpsid>0000</dgpsid></trkpt>
<trkpt lat="29.689637166666664" lon="-96.68145099999998"><ele>98.6</ele><time>2025-12-05T01:16:21.000Z</time><extensions><gpxtpx:TrackPointExtension><gpxtpx:bearing>266.01</gpxtpx:bearing><gpxtpx:speed>29.70359</gpxtpx:speed></gpxtpx:TrackPointExtension></extensions><geoidheight>-23.8</geoidheight><src>gps</src><sat>16</sat><hdop>0.63</hdop><vdop>0.84</vdop><pdop>1.05</pdop><dgpsid>0000</dgpsid></trkpt>
<trkpt lat="29.689526333333333" lon="-96.68325716666668"><ele>102.0</ele><time>2025-12-05T01:16:27.000Z</time><extensions><gpxtpx:TrackPointExtension><gpxtpx:bearing>265.87</gpxtpx:bearing><gpxtpx:speed>28.725618</gpxtpx:speed></gpxtpx:TrackPointExtension></extensions><geoidheight>-23.8</geoidheight><src>gps</src><sat>16</sat><hdop>0.70</hdop><vdop>0.93</vdop><pdop>1.16</pdop><dgpsid>0000</dgpsid></trkpt>
<trkpt lat="29.689420499999997" lon="-96.68504916666667"><ele>102.9</ele><time>2025-12-05T01:16:33.000Z</time><extensions><gpxtpx:TrackPointExtension><gpxtpx:bearing>266.26</gpxtpx:bearing><gpxtpx:speed>29.153353</gpxtpx:speed></gpxtpx:TrackPointExtension></extensions><geoidheight>-23.8</geoidheight><src>gps</src><sat>16</sat><hdop>0.63</hdop><vdop>0.84</vdop><pdop>1.05</pdop><dgpsid>0000</dgpsid></trkpt>
<trkpt lat="29.689307" lon="-96.6868615"><ele>103.2</ele><time>2025-12-05T01:16:39.000Z</time><extensions><gpxtpx:TrackPointExtension><gpxtpx:bearing>265.56</gpxtpx:bearing><gpxtpx:speed>29.067394</gpxtpx:speed></gpxtpx:TrackPointExtension></extensions><geoidheight>-23.8</geoidheight><src>gps</src><sat>16</sat><hdop>0.63</hdop><vdop>0.84</vdop><pdop>1.05</pdop><dgpsid>0000</dgpsid></trkpt>
<trkpt lat="29.689208500000003" lon="-96.68864266666667"><ele>104.0</ele><time>2025-12-05T01:16:45.000Z</time><extensions><gpxtpx:TrackPointExtension><gpxtpx:bearing>266.05</gpxtpx:bearing><gpxtpx:speed>28.679293</gpxtpx:speed></gpxtpx:TrackPointExtension></extensions><geoidheight>-23.8</geoidheight><src>gps</src><sat>16</sat><hdop>0.63</hdop><vdop>0.84</vdop><pdop>1.05</pdop><dgpsid>0000</dgpsid></trkpt>
<trkpt lat="29.68909983333333" lon="-96.69041783333333"><ele>104.2</ele><time>2025-12-05T01:16:51.000Z</time><extensions><gpxtpx:TrackPointExtension><gpxtpx:bearing>265.79</gpxtpx:bearing><gpxtpx:speed>28.779663</gpxtpx:speed></gpxtpx:TrackPointExtension></extensions><geoidheight>-23.8</geoidheight><src>gps</src><sat>16</sat><hdop>0.63</hdop><vdop>0.84</vdop><pdop>1.05</pdop><dgpsid>0000</dgpsid></trkpt>
<trkpt lat="29.688988000000002" lon="-96.69220333333332"><ele>104.7</ele><time>2025-12-05T01:16:57.000Z</time><extensions><gpxtpx:TrackPointExtension><gpxtpx:bearing>265.82</gpxtpx:bearing><gpxtpx:speed>28.932535</gpxtpx:speed></gpxtpx:TrackPointExtension></extensions><geoidheight>-23.8</geoidheight><src>gps</src><sat>16</sat><hdop>0.63</hdop><vdop>0.84</vdop><pdop>1.05</pdop><dgpsid>0000</dgpsid></trkpt>
<trkpt lat="29.688882666666668" lon="-96.69397750000002"><ele>104.5</ele><time>2025-12-05T01:17:03.000Z</time><extensions><gpxtpx:TrackPointExtension><gpxtpx:bearing>265.99</gpxtpx:bearing><gpxtpx:speed>28.752384</gpxtpx:speed></gpxtpx:TrackPointExtension></extensions><geoidheight>-23.8</geoidheight><src>gps</src><sat>16</sat><hdop>0.63</hdop><vdop>0.84</vdop><pdop>1.05</pdop><dgpsid>0000</dgpsid></trkpt>
<trkpt lat="29.688758" lon="-96.695765"><ele>104.3</ele><time>2025-12-05T01:17:09.000Z</time><extensions><gpxtpx:TrackPointExtension><gpxtpx:bearing>264.65</gpxtpx:bearing><gpxtpx:speed>28.90783</gpxtpx:speed></gpxtpx:TrackPointExtension></extensions><geoidheight>-23.8</geoidheight><src>gps</src><sat>16</sat><hdop>0.65</hdop><vdop>0.84</vdop><pdop>1.07</pdop><dgpsid>0000</dgpsid></trkpt>
<trkpt lat="29.688626666666664" lon="-96.69755033333334"><ele>103.3</ele><time>2025-12-05T01:17:15.000Z</time><extensions><gpxtpx:TrackPointExtension><gpxtpx:bearing>265.59</gpxtpx:bearing><gpxtpx:speed>28.698338</gpxtpx:speed></gpxtpx:TrackPointExtension></extensions><geoidheight>-23.8</geoidheight><src>gps</src><sat>16</sat><hdop>0.63</hdop><vdop>0.84</vdop><pdop>1.05</pdop><dgpsid>0000</dgpsid></trkpt>
<trkpt lat="29.688518999999996" lon="-96.69934633333332"><ele>102.4</ele><time>2025-12-05T01:17:21.000Z</time><extensions><gpxtpx:TrackPointExtension><gpxtpx:bearing>267.02</gpxtpx:bearing><gpxtpx:speed>29.305195</gpxtpx:speed></gpxtpx:TrackPointExtension></extensions><geoidheight>-23.8</geoidheight><src>gps</src><sat>16</sat><hdop>0.69</hdop><vdop>0.93</vdop><pdop>1.16</pdop><dgpsid>0000</dgpsid></trkpt>
<trkpt lat="29.688472499999996" lon="-96.70115249999999"><ele>101.8</ele><time>2025-12-05T01:17:27.000Z</time><extensions><gpxtpx:TrackPointExtension><gpxtpx:bearing>269.48</gpxtpx:bearing><gpxtpx:speed>29.259384</gpxtpx:speed></gpxtpx:TrackPointExtension></extensions><geoidheight>-23.8</geoidheight><src>gps</src><sat>16</sat><hdop>0.65</hdop><vdop>0.84</vdop><pdop>1.07</pdop><dgpsid>0000</dgpsid></trkpt>
<trkpt lat="29.688553499999998" lon="-96.702965"><ele>101.1</ele><time>2025-12-05T01:17:33.000Z</time><extensions><gpxtpx:TrackPointExtension><gpxtpx:bearing>275.56</gpxtpx:bearing><gpxtpx:speed>29.18372</gpxtpx:speed></gpxtpx:TrackPointExtension></extensions><geoidheight>-23.8</geoidheight><src>gps</src><sat>15</sat><hdop>0.65</hdop><vdop>0.84</vdop><pdop>1.07</pdop><dgpsid>0000</dgpsid></trkpt>
<trkpt lat="29.688762333333337" lon="-96.70471833333335"><ele>101.0</ele><time>2025-12-05T01:17:39.000Z</time><extensions><gpxtpx:TrackPointExtension><gpxtpx:bearing>279.16</gpxtpx:bearing><gpxtpx:speed>27.859856</gpxtpx:speed></gpxtpx:TrackPointExtension></extensions><geoidheight>-23.8</geoidheight><src>gps</src><sat>15</sat><hdop>0.71</hdop><vdop>0.94</vdop><pdop>1.18</pdop><dgpsid>0000</dgpsid></trkpt>
<trkpt lat="29.688994" lon="-96.70640916666667"><ele>101.9</ele><time>2025-12-05T01:17:45.000Z</time><extensions><gpxtpx:TrackPointExtension><gpxtpx:bearing>278.7</gpxtpx:bearing><gpxtpx:speed>27.338957</gpxtpx:speed></gpxtpx:TrackPointExtension></extensions><geoidheight>-23.8</geoidheight><src>gps</src><sat>15</sat><hdop>0.73</hdop><vdop>1.02</vdop><pdop>1.25</pdop><dgpsid>0000</dgpsid></trkpt>
<trkpt lat="29.68922316666667" lon="-96.70807783333333"><ele>102.8</ele><time>2025-12-05T01:17:51.000Z</time><extensions><gpxtpx:TrackPointExtension><gpxtpx:bearing>278.92</gpxtpx:bearing><gpxtpx:speed>27.06564</gpxtpx:speed></gpxtpx:TrackPointExtension></extensions><geoidheight>-23.8</geoidheight><src>gps</src><sat>16</sat><hdop>0.71</hdop><vdop>0.94</vdop><pdop>1.18</pdop><dgpsid>0000</dgpsid></trkpt>
<trkpt lat="29.689447166666664" lon="-96.70972466666666"><ele>104.1</ele><time>2025-12-05T01:17:57.000Z</time><extensions><gpxtpx:TrackPointExtension><gpxtpx:bearing>278.75</gpxtpx:bearing><gpxtpx:speed>26.700186</gpxtpx:speed></gpxtpx:TrackPointExtension></extensions><geoidheight>-23.8</geoidheight><src>gps</src><sat>16</sat><hdop>0.63</hdop><vdop>0.84</vdop><pdop>1.05</pdop><dgpsid>0000</dgpsid></trkpt>
<trkpt lat="29.689667666666665" lon="-96.71134316666667"><ele>105.5</ele><time>2025-12-05T01:18:03.000Z</time><extensions><gpxtpx:TrackPointExtension><gpxtpx:bearing>278.92</gpxtpx:bearing><gpxtpx:speed>26.284805</gpxtpx:speed></gpxtpx:TrackPointExtension></extensions><geoidheight>-23.8</geoidheight><src>gps</src><sat>16</sat><hdop>0.65</hdop><vdop>0.89</vdop><pdop>1.10</pdop><dgpsid>0000</dgpsid></trkpt>
<trkpt lat="29.6898885" lon="-96.71294966666667"><ele>107.1</ele><time>2025-12-05T01:18:09.000Z</time><extensions><gpxtpx:TrackPointExtension><gpxtpx:bearing>278.84</gpxtpx:bearing><gpxtpx:speed>26.31466</gpxtpx:speed></gpxtpx:TrackPointExtension></extensions><geoidheight>-23.8</geoidheight><src>gps</src><sat>16</sat><hdop>0.65</hdop><vdop>0.89</vdop><pdop>1.10</pdop><dgpsid>0000</dgpsid></trkpt>
<trkpt lat="29.690107333333337" lon="-96.71456883333333"><ele>107.6</ele><time>2025-12-05T01:18:15.000Z</time><extensions><gpxtpx:TrackPointExtension><gpxtpx:bearing>278.88</gpxtpx:bearing><gpxtpx:speed>26.6168</gpxtpx:speed></gpxtpx:TrackPointExtension></extensions><geoidheight>-23.8</geoidheight><src>gps</src><sat>16</sat><hdop>0.65</hdop><vdop>0.89</vdop><pdop>1.10</pdop><dgpsid>0000</dgpsid></trkpt>
<trkpt lat="29.690330333333335" lon="-96.71620766666668"><ele>107.6</ele><time>2025-12-05T01:18:21.000Z</time><extensions><gpxtpx:TrackPointExtension><gpxtpx:bearing>278.86</gpxtpx:bearing><gpxtpx:speed>26.767614</gpxtpx:speed></gpxtpx:TrackPointExtension></extensions><geoidheight>-23.8</geoidheight><src>gps</src><sat>14</sat><hdop>0.73</hdop><vdop>1.02</vdop><pdop>1.25</pdop><dgpsid>0000</dgpsid></trkpt>
<trkpt lat="29.690556" lon="-96.71785999999999"><ele>108.1</ele><time>2025-12-05T01:18:27.000Z</time><extensions><gpxtpx:TrackPointExtension><gpxtpx:bearing>278.71</gpxtpx:bearing><gpxtpx:speed>27.058432</gpxtpx:speed></gpxtpx:TrackPointExtension></extensions><geoidheight>-23.8</geoidheight><src>gps</src><sat>16</sat><hdop>0.64</hdop><vdop>0.86</vdop><pdop>1.07</pdop><dgpsid>0000</dgpsid></trkpt>
<trkpt lat="29.69078116666667" lon="-96.719525"><ele>108.1</ele><time>2025-12-05T01:18:33.000Z</time><extensions><gpxtpx:TrackPointExtension><gpxtpx:bearing>279.07</gpxtpx:bearing><gpxtpx:speed>27.32403</gpxtpx:speed></gpxtpx:TrackPointExtension></extensions><geoidheight>-23.8</geoidheight><src>gps</src><sat>16</sat><hdop>0.64</hdop><vdop>0.86</vdop><pdop>1.07</pdop><dgpsid>0000</dgpsid></trkpt>
<trkpt lat="29.69101183333333" lon="-96.72119616666666"><ele>108.0</ele><time>2025-12-05T01:18:39.000Z</time><extensions><gpxtpx:TrackPointExtension><gpxtpx:bearing>278.9</gpxtpx:bearing><gpxtpx:speed>27.283365</gpxtpx:speed></gpxtpx:TrackPointExtension></extensions><geoidheight>-23.8</geoidheight><src>gps</src><sat>15</sat><hdop>0.64</hdop><vdop>0.86</vdop><pdop>1.08</pdop><dgpsid>0000</dgpsid></trkpt>
<trkpt lat="29.69123666666667" lon="-96.72286716666667"><ele>108.3</ele><time>2025-12-05T01:18:45.000Z</time><extensions><gpxtpx:TrackPointExtension><gpxtpx:bearing>279.22</gpxtpx:bearing><gpxtpx:speed>27.145935</gpxtpx:speed></gpxtpx:TrackPointExtension></extensions><geoidheight>-23.8</geoidheight><src>gps</src><sat>15</sat><hdop>0.73</hdop><vdop>1.02</vdop><pdop>1.25</pdop><dgpsid>0000</dgpsid></trkpt>
<trkpt lat="29.6914665" lon="-96.72453583333332"><ele>108.8</ele><time>2025-12-05T01:18:51.000Z</time><extensions><gpxtpx:TrackPointExtension><gpxtpx:bearing>278.81</gpxtpx:bearing><gpxtpx:speed>27.677643</gpxtpx:speed></gpxtpx:TrackPointExtension></extensions><geoidheight>-23.8</geoidheight><src>gps</src><sat>16</sat><hdop>0.66</hdop><vdop>0.91</vdop><pdop>1.13</pdop><dgpsid>0000</dgpsid></trkpt>
<trkpt lat="29.69169866666667" lon="-96.72624333333333"><ele>109.0</ele><time>2025-12-05T01:18:57.000Z</time><extensions><gpxtpx:TrackPointExtension><gpxtpx:bearing>278.88</gpxtpx:bearing><gpxtpx:speed>27.97155</gpxtpx:speed></gpxtpx:TrackPointExtension></extensions><geoidheight>-23.8</geoidheight><src>gps</src><sat>16</sat><hdop>0.66</hdop><vdop>0.91</vdop><pdop>1.13</pdop><dgpsid>0000</dgpsid></trkpt>
<trkpt lat="29.691930333333335" lon="-96.72796983333335"><ele>109.7</ele><time>2025-12-05T01:19:03.000Z</time><extensions><gpxtpx:TrackPointExtension><gpxtpx:bearing>278.56</gpxtpx:bearing><gpxtpx:speed>28.165085</gpxtpx:speed></gpxtpx:TrackPointExtension></extensions><geoidheight>-23.8</geoidheight><src>gps</src><sat>16</sat><hdop>0.66</hdop><vdop>0.92</vdop><pdop>1.13</pdop><dgpsid>0000</dgpsid></trkpt>
<trkpt lat="29.692166166666667" lon="-96.72968999999999"><ele>110.5</ele><time>2025-12-05T01:19:09.000Z</time><extensions><gpxtpx:TrackPointExtension><gpxtpx:bearing>278.78</gpxtpx:bearing><gpxtpx:speed>27.925224</gpxtpx:speed></gpxtpx:TrackPointExtension></extensions><geoidheight>-23.8</geoidheight><src>gps</src><sat>14</sat><hdop>0.73</hdop><vdop>1.02</vdop><pdop>1.25</pdop><dgpsid>0000</dgpsid></trkpt>
<trkpt lat="29.692380333333336" lon="-96.73139616666667"><ele>111.6</ele><time>2025-12-05T01:19:15.000Z</time><extensions><gpxtpx:TrackPointExtension><gpxtpx:bearing>277.21</gpxtpx:bearing><gpxtpx:speed>27.693085</gpxtpx:speed></gpxtpx:TrackPointExtension></extensions><geoidheight>-23.8</geoidheight><src>gps</src><sat>15</sat><hdop>0.66</hdop><vdop>0.92</vdop><pdop>1.13</pdop><dgpsid>0000</dgpsid></trkpt>
<trkpt lat="29.692492833333336" lon="-96.73312016666665"><ele>113.9</ele><time>2025-12-05T01:19:21.000Z</time><extensions><gpxtpx:TrackPointExtension><gpxtpx:bearing>271.57</gpxtpx:bearing><gpxtpx:speed>27.95405</gpxtpx:speed></gpxtpx:TrackPointExtension></extensions><geoidheight>-23.8</geoidheight><src>gps</src><sat>14</sat><hdop>0.70</hdop><vdop>0.92</vdop><pdop>1.16</pdop><dgpsid>0000</dgpsid></trkpt>
<trkpt lat="29.692500499999998" lon="-96.73456800000001"><ele>115.8</ele><time>2025-12-05T01:19:26.000Z</time><extensions><gpxtpx:TrackPointExtension><gpxtpx:bearing>269.59</gpxtpx:bearing><gpxtpx:speed>28.007065</gpxtpx:speed></gpxtpx:TrackPointExtension></extensions><geoidheight>-23.8</geoidheight><src>gps</src><sat>14</sat><hdop>0.75</hdop><vdop>1.01</vdop><pdop>1.25</pdop><dgpsid>0000</dgpsid></trkpt>
<trkpt lat="29.692483833333334" lon="-96.73631366666665"><ele>118.3</ele><time>2025-12-05T01:19:32.000Z</time><extensions><gpxtpx:TrackPointExtension><gpxtpx:bearing>269.84</gpxtpx:bearing><gpxtpx:speed>28.440462</gpxtpx:speed></gpxtpx:TrackPointExtension></extensions><geoidheight>-23.8</geoidheight><src>gps</src><sat>16</sat><hdop>0.65</hdop><vdop>0.89</vdop><pdop>1.10</pdop><dgpsid>0000</dgpsid></trkpt>
<trkpt lat="29.692466666666665" lon="-96.7380785"><ele>120.4</ele><time>2025-12-05T01:19:38.000Z</time><extensions><gpxtpx:TrackPointExtension><gpxtpx:bearing>269.62</gpxtpx:bearing><gpxtpx:speed>28.71172</gpxtpx:speed></gpxtpx:TrackPointExtension></extensions><geoidheight>-23.8</geoidheight><src>gps</src><sat>16</sat><hdop>0.65</hdop><vdop>0.89</vdop><pdop>1.10</pdop><dgpsid>0000</dgpsid></trkpt>
<trkpt lat="29.69245" lon="-96.73986266666667"><ele>121.8</ele><time>2025-12-05T01:19:44.000Z</time><extensions><gpxtpx:TrackPointExtension><gpxtpx:bearing>269.42</gpxtpx:bearing><gpxtpx:speed>29.006657</gpxtpx:speed></gpxtpx:TrackPointExtension></extensions><geoidheight>-23.8</geoidheight><src>gps</src><sat>16</sat><hdop>0.65</hdop><vdop>0.89</vdop><pdop>1.10</pdop><dgpsid>0000</dgpsid></trkpt>
<trkpt lat="29.692436833333332" lon="-96.7416585"><ele>122.7</ele><time>2025-12-05T01:19:50.000Z</time><extensions><gpxtpx:TrackPointExtension><gpxtpx:bearing>269.57</gpxtpx:bearing><gpxtpx:speed>29.064304</gpxtpx:speed></gpxtpx:TrackPointExtension></extensions><geoidheight>-23.8</geoidheight><src>gps</src><sat>16</sat><hdop>0.65</hdop><vdop>0.89</vdop><pdop>1.10</pdop><dgpsid>0000</dgpsid></trkpt>
<trkpt lat="29.69242566666667" lon="-96.7434705"><ele>123.8</ele><time>2025-12-05T01:19:56.000Z</time><extensions><gpxtpx:TrackPointExtension><gpxtpx:bearing>269.27</gpxtpx:bearing><gpxtpx:speed>29.587778</gpxtpx:speed></gpxtpx:TrackPointExtension></extensions><geoidheight>-23.8</geoidheight><src>gps</src><sat>16</sat><hdop>0.65</hdop><vdop>0.89</vdop><pdop>1.10</pdop><dgpsid>0000</dgpsid></trkpt>
<trkpt lat="29.69240816666667" lon="-96.74532583333333"><ele>123.5</ele><time>2025-12-05T01:20:02.000Z</time><extensions><gpxtpx:TrackPointExtension><gpxtpx:bearing>269.66</gpxtpx:bearing><gpxtpx:speed>30.266182</gpxtpx:speed></gpxtpx:TrackPointExtension></extensions><geoidheight>-23.8</geoidheight><src>gps</src><sat>15</sat><hdop>0.77</hdop><vdop>1.02</vdop><pdop>1.28</pdop><dgpsid>0000</dgpsid></trkpt>
<trkpt lat="29.692395166666664" lon="-96.74719783333333"><ele>123.0</ele><time>2025-12-05T01:20:08.000Z</time><extensions><gpxtpx:TrackPointExtension><gpxtpx:bearing>269.6</gpxtpx:bearing><gpxtpx:speed>30.226032</gpxtpx:speed></gpxtpx:TrackPointExtension></extensions><geoidheight>-23.8</geoidheight><src>gps</src><sat>15</sat><hdop>0.66</hdop><vdop>0.92</vdop><pdop>1.13</pdop><dgpsid>0000</dgpsid></trkpt>
<trkpt lat="29.692375500000004" lon="-96.74906783333333"><ele>122.5</ele><time>2025-12-05T01:20:14.000Z</time><extensions><gpxtpx:TrackPointExtension><gpxtpx:bearing>269.69</gpxtpx:bearing><gpxtpx:speed>30.094265</gpxtpx:speed></gpxtpx:TrackPointExtension></extensions><geoidheight>-23.8</geoidheight><src>gps</src><sat>15</sat><hdop>0.66</hdop><vdop>0.92</vdop><pdop>1.13</pdop><dgpsid>0000</dgpsid></trkpt>
<trkpt lat="29.692368499999997" lon="-96.75093999999999"><ele>121.5</ele><time>2025-12-05T01:20:20.000Z</time><extensions><gpxtpx:TrackPointExtension><gpxtpx:bearing>269.88</gpxtpx:bearing><gpxtpx:speed>30.203384</gpxtpx:speed></gpxtpx:TrackPointExtension></extensions><geoidheight>-23.8</geoidheight><src>gps</src><sat>13</sat><hdop>0.77</hdop><vdop>1.02</vdop><pdop>1.28</pdop><dgpsid>0000</dgpsid></trkpt>
<trkpt lat="29.692353333333337" lon="-96.75280783333334"><ele>120.6</ele><time>2025-12-05T01:20:26.000Z</time><extensions><gpxtpx:TrackPointExtension><gpxtpx:bearing>269.07</gpxtpx:bearing><gpxtpx:speed>30.100441</gpxtpx:speed></gpxtpx:TrackPointExtension></extensions><geoidheight>-23.8</geoidheight><src>gps</src><sat>16</sat><hdop>0.70</hdop><vdop>0.93</vdop><pdop>1.16</pdop><dgpsid>0000</dgpsid></trkpt>
<trkpt lat="29.692338666666668" lon="-96.75466550000002"><ele>119.9</ele><time>2025-12-05T01:20:32.000Z</time><extensions><gpxtpx:TrackPointExtension><gpxtpx:bearing>269.66</gpxtpx:bearing><gpxtpx:speed>29.848742</gpxtpx:speed></gpxtpx:TrackPointExtension></extensions><geoidheight>-23.8</geoidheight><src>gps</src><sat>14</sat><hdop>0.70</hdop><vdop>0.93</vdop><pdop>1.16</pdop><dgpsid>0000</dgpsid></trkpt>
<trkpt lat="29.692328666666672" lon="-96.75651983333334"><ele>119.0</ele><time>2025-12-05T01:20:38.000Z</time><extensions><gpxtpx:TrackPointExtension><gpxtpx:bearing>269.71</gpxtpx:bearing><gpxtpx:speed>29.985659</gpxtpx:speed></gpxtpx:TrackPointExtension></extensions><geoidheight>-23.8</geoidheight><src>gps</src><sat>14</sat><hdop>0.66</hdop><vdop>0.92</vdop><pdop>1.13</pdop><dgpsid>0000</dgpsid></trkpt>
<trkpt lat="29.692322833333332" lon="-96.75837833333331"><ele>118.3</ele><time>2025-12-05T01:20:44.000Z</time><extensions><gpxtpx:TrackPointExtension><gpxtpx:bearing>269.75</gpxtpx:bearing><gpxtpx:speed>29.894552</gpxtpx:speed></gpxtpx:TrackPointExtension></extensions><geoidheight>-23.8</geoidheight><src>gps</src><sat>15</sat><hdop>0.66</hdop><vdop>0.92</vdop><pdop>1.13</pdop><dgpsid>0000</dgpsid></trkpt>
<trkpt lat="29.692302666666667" lon="-96.76021483333334"><ele>117.4</ele><time>2025-12-05T01:20:50.000Z</time><extensions><gpxtpx:TrackPointExtension><gpxtpx:bearing>269.34</gpxtpx:bearing><gpxtpx:speed>29.414831</gpxtpx:speed></gpxtpx:TrackPointExtension></extensions><geoidheight>-23.8</geoidheight><src>gps</src><sat>15</sat><hdop>0.66</hdop><vdop>0.92</vdop><pdop>1.13</pdop><dgpsid>0000</dgpsid></trkpt>
<trkpt lat="29.692291333333333" lon="-96.76203500000001"><ele>116.9</ele><time>2025-12-05T01:20:56.000Z</time><extensions><gpxtpx:TrackPointExtension><gpxtpx:bearing>269.61</gpxtpx:bearing><gpxtpx:speed>29.337109</gpxtpx:speed></gpxtpx:TrackPointExtension></extensions><geoidheight>-23.8</geoidheight><src>gps</src><sat>15</sat><hdop>0.66</hdop><vdop>0.92</vdop><pdop>1.13</pdop><dgpsid>0000</dgpsid></trkpt>
<trkpt lat="29.692278" lon="-96.76383433333334"><ele>116.8</ele><time>2025-12-05T01:21:02.000Z</time><extensions><gpxtpx:TrackPointExtension><gpxtpx:bearing>269.42</gpxtpx:bearing><gpxtpx:speed>28.85893</gpxtpx:speed></gpxtpx:TrackPointExtension></extensions><geoidheight>-23.8</geoidheight><src>gps</src><sat>15</sat><hdop>0.70</hdop><vdop>0.93</vdop><pdop>1.16</pdop><dgpsid>0000</dgpsid></trkpt>
<trkpt lat="29.692264833333336" lon="-96.76560866666665"><ele>117.2</ele><time>2025-12-05T01:21:08.000Z</time><extensions><gpxtpx:TrackPointExtension><gpxtpx:bearing>269.65</gpxtpx:bearing><gpxtpx:speed>28.478552</gpxtpx:speed></gpxtpx:TrackPointExtension></extensions><geoidheight>-23.8</geoidheight><src>gps</src><sat>15</sat><hdop>0.66</hdop><vdop>0.93</vdop><pdop>1.14</pdop><dgpsid>0000</dgpsid></trkpt>
<trkpt lat="29.692250833333333" lon="-96.7673655"><ele>117.9</ele><time>2025-12-05T01:21:14.000Z</time><extensions><gpxtpx:TrackPointExtension><gpxtpx:bearing>269.46</gpxtpx:bearing><gpxtpx:speed>28.309208</gpxtpx:speed></gpxtpx:TrackPointExtension></extensions><geoidheight>-23.8</geoidheight><src>gps</src><sat>15</sat><hdop>0.66</hdop><vdop>0.92</vdop><pdop>1.13</pdop><dgpsid>0000</dgpsid></trkpt>
<trkpt lat="29.692241" lon="-96.76911933333334"><ele>118.5</ele><time>2025-12-05T01:21:20.000Z</time><extensions><gpxtpx:TrackPointExtension><gpxtpx:bearing>269.71</gpxtpx:bearing><gpxtpx:speed>28.422447</gpxtpx:speed></gpxtpx:TrackPointExtension></extensions><geoidheight>-23.8</geoidheight><src>gps</src><sat>15</sat><hdop>0.66</hdop><vdop>0.92</vdop><pdop>1.13</pdop><dgpsid>0000</dgpsid></trkpt>
<trkpt lat="29.692215" lon="-96.77089216666667"><ele>119.0</ele><time>2025-12-05T01:21:26.000Z</time><extensions><gpxtpx:TrackPointExtension><gpxtpx:bearing>268.43</gpxtpx:bearing><gpxtpx:speed>28.87849</gpxtpx:speed></gpxtpx:TrackPointExtension></extensions><geoidheight>-23.8</geoidheight><src>gps</src><sat>15</sat><hdop>0.66</hdop><vdop>0.92</vdop><pdop>1.13</pdop><dgpsid>0000</dgpsid></trkpt>
<trkpt lat="29.69213966666667" lon="-96.77267699999999"><ele>119.2</ele><time>2025-12-05T01:21:32.000Z</time><extensions><gpxtpx:TrackPointExtension><gpxtpx:bearing>265.69</gpxtpx:bearing><gpxtpx:speed>28.865622</gpxtpx:speed></gpxtpx:TrackPointExtension></extensions><geoidheight>-23.8</geoidheight><src>gps</src><sat>15</sat><hdop>0.66</hdop><vdop>0.92</vdop><pdop>1.13</pdop><dgpsid>0000</dgpsid></trkpt>
<trkpt lat="29.69201666666667" lon="-96.77443616666666"><ele>119.3</ele><time>2025-12-05T01:21:38.000Z</time><extensions><gpxtpx:TrackPointExtension><gpxtpx:bearing>265.58</gpxtpx:bearing><gpxtpx:speed>28.232513</gpxtpx:speed></gpxtpx:TrackPointExtension></extensions><geoidheight>-23.8</geoidheight><src>gps</src><sat>15</sat><hdop>0.66</hdop><vdop>0.92</vdop><pdop>1.13</pdop><dgpsid>0000</dgpsid></trkpt>
<trkpt lat="29.6918925" lon="-96.77615650000001"><ele>119.6</ele><time>2025-12-05T01:21:44.000Z</time><extensions><gpxtpx:TrackPointExtension><gpxtpx:bearing>265.38</gpxtpx:bearing><gpxtpx:speed>27.533522</gpxtpx:speed></gpxtpx:TrackPointExtension></extensions><geoidheight>-23.8</geoidheight><src>gps</src><sat>16</sat><hdop>0.64</hdop><vdop>0.90</vdop><pdop>1.11</pdop><dgpsid>0000</dgpsid></trkpt>
<trkpt lat="29.691775500000002" lon="-96.77784433333333"><ele>119.8</ele><time>2025-12-05T01:21:50.000Z</time><extensions><gpxtpx:TrackPointExtension><gpxtpx:bearing>265.02</gpxtpx:bearing><gpxtpx:speed>27.384253</gpxtpx:speed></gpxtpx:TrackPointExtension></extensions><geoidheight>-23.8</geoidheight><src>gps</src><sat>15</sat><hdop>0.65</hdop><vdop>0.93</vdop><pdop>1.14</pdop><dgpsid>0000</dgpsid></trkpt>
<trkpt lat="29.691651499999995" lon="-96.77954633333333"><ele>120.6</ele><time>2025-12-05T01:21:56.000Z</time><extensions><gpxtpx:TrackPointExtension><gpxtpx:bearing>265.27</gpxtpx:bearing><gpxtpx:speed>27.492344</gpxtpx:speed></gpxtpx:TrackPointExtension></extensions><geoidheight>-23.8</geoidheight><src>gps</src><sat>15</sat><hdop>0.67</hdop><vdop>0.94</vdop><pdop>1.15</pdop><dgpsid>0000</dgpsid></trkpt>
<trkpt lat="29.691532" lon="-96.78124866666667"><ele>121.0</ele><time>2025-12-05T01:22:02.000Z</time><extensions><gpxtpx:TrackPointExtension><gpxtpx:bearing>265.36</gpxtpx:bearing><gpxtpx:speed>27.669407</gpxtpx:speed></gpxtpx:TrackPointExtension></extensions><geoidheight>-23.8</geoidheight><src>gps</src><sat>14</sat><hdop>0.66</hdop><vdop>0.96</vdop><pdop>1.17</pdop><dgpsid>0000</dgpsid></trkpt>
<trkpt lat="29.691407166666668" lon="-96.78295783333333"><ele>120.9</ele><time>2025-12-05T01:22:08.000Z</time><extensions><gpxtpx:TrackPointExtension><gpxtpx:bearing>265.05</gpxtpx:bearing><gpxtpx:speed>27.663746</gpxtpx:speed></gpxtpx:TrackPointExtension></extensions><geoidheight>-23.8</geoidheight><src>gps</src><sat>13</sat><hdop>0.73</hdop><vdop>1.08</vdop><pdop>1.30</pdop><dgpsid>0000</dgpsid></trkpt>
<trkpt lat="29.6912845" lon="-96.78466866666668"><ele>119.5</ele><time>2025-12-05T01:22:14.000Z</time><extensions><gpxtpx:TrackPointExtension><gpxtpx:bearing>265.61</gpxtpx:bearing><gpxtpx:speed>27.99008</gpxtpx:speed></gpxtpx:TrackPointExtension></extensions><geoidheight>-23.8</geoidheight><src>gps</src><sat>16</sat><hdop>0.66</hdop><vdop>0.96</vdop><pdop>1.17</pdop><dgpsid>0000</dgpsid></trkpt>
<trkpt lat="29.691165333333334" lon="-96.786401"><ele>115.9</ele><time>2025-12-05T01:22:20.000Z</time><extensions><gpxtpx:TrackPointExtension><gpxtpx:bearing>264.95</gpxtpx:bearing><gpxtpx:speed>28.126482</gpxtpx:speed></gpxtpx:TrackPointExtension></extensions><geoidheight>-23.8</geoidheight><src>gps</src><sat>15</sat><hdop>0.66</hdop><vdop>0.96</vdop><pdop>1.17</pdop><dgpsid>0000</dgpsid></trkpt>
<trkpt lat="29.691037833333333" lon="-96.78815583333332"><ele>112.8</ele><time>2025-12-05T01:22:26.000Z</time><extensions><gpxtpx:TrackPointExtension><gpxtpx:bearing>265.22</gpxtpx:bearing><gpxtpx:speed>28.716352</gpxtpx:speed></gpxtpx:TrackPointExtension></extensions><geoidheight>-23.8</geoidheight><src>gps</src><sat>15</sat><hdop>0.66</hdop><vdop>0.92</vdop><pdop>1.14</pdop><dgpsid>0000</dgpsid></trkpt>
<trkpt lat="29.690912833333332" lon="-96.78989949999999"><ele>109.6</ele><time>2025-12-05T01:22:32.000Z</time><extensions><gpxtpx:TrackPointExtension><gpxtpx:bearing>265.57</gpxtpx:bearing><gpxtpx:speed>27.841326</gpxtpx:speed></gpxtpx:TrackPointExtension></extensions><geoidheight>-23.8</geoidheight><src>gps</src><sat>16</sat><hdop>0.64</hdop><vdop>0.90</vdop><pdop>1.11</pdop><dgpsid>0000</dgpsid></trkpt>
<trkpt lat="29.690790833333335" lon="-96.79160533333334"><ele>108.3</ele><time>2025-12-05T01:22:38.000Z</time><extensions><gpxtpx:TrackPointExtension><gpxtpx:bearing>265.17</gpxtpx:bearing><gpxtpx:speed>27.546904</gpxtpx:speed></gpxtpx:TrackPointExtension></extensions><geoidheight>-23.8</geoidheight><src>gps</src><sat>15</sat><hdop>0.67</hdop><vdop>0.90</vdop><pdop>1.13</pdop><dgpsid>0000</dgpsid></trkpt>
<trkpt lat="29.690670833333336" lon="-96.79329383333334"><ele>106.5</ele><time>2025-12-05T01:22:44.000Z</time><extensions><gpxtpx:TrackPointExtension><gpxtpx:bearing>265.45</gpxtpx:bearing><gpxtpx:speed>27.355942</gpxtpx:speed></gpxtpx:TrackPointExtension></extensions><geoidheight>-23.8</geoidheight><src>gps</src><sat>15</sat><hdop>0.70</hdop><vdop>1.01</vdop><pdop>1.23</pdop><dgpsid>0000</dgpsid></trkpt>
<trkpt lat="29.6905455" lon="-96.79497566666666"><ele>104.6</ele><time>2025-12-05T01:22:50.000Z</time><extensions><gpxtpx:TrackPointExtension><gpxtpx:bearing>264.91</gpxtpx:bearing><gpxtpx:speed>27.061007</gpxtpx:speed></gpxtpx:TrackPointExtension></extensions><geoidheight>-23.8</geoidheight><src>gps</src><sat>15</sat><hdop>0.70</hdop><vdop>1.01</vdop><pdop>1.23</pdop><dgpsid>0000</dgpsid></trkpt>
<trkpt lat="29.6904255" lon="-96.79666833333334"><ele>102.8</ele><time>2025-12-05T01:22:56.000Z</time><extensions><gpxtpx:TrackPointExtension><gpxtpx:bearing>265.21</gpxtpx:bearing><gpxtpx:speed>27.677128</gpxtpx:speed></gpxtpx:TrackPointExtension></extensions><geoidheight>-23.8</geoidheight><src>gps</src><sat>14</sat><hdop>0.70</hdop><vdop>1.01</vdop><pdop>1.23</pdop><dgpsid>0000</dgpsid></trkpt>
<trkpt lat="29.690300333333333" lon="-96.798388"><ele>102.7</ele><time>2025-12-05T01:23:02.000Z</time><extensions><gpxtpx:TrackPointExtension><gpxtpx:bearing>265.2</gpxtpx:bearing><gpxtpx:speed>27.935518</gpxtpx:speed></gpxtpx:TrackPointExtension></extensions><geoidheight>-23.8</geoidheight><src>gps</src><sat>14</sat><hdop>0.71</hdop><vdop>1.06</vdop><pdop>1.28</pdop><dgpsid>0000</dgpsid></trkpt>
<trkpt lat="29.690174499999998" lon="-96.80011183333333"><ele>103.3</ele><time>2025-12-05T01:23:08.000Z</time><extensions><gpxtpx:TrackPointExtension><gpxtpx:bearing>265.36</gpxtpx:bearing><gpxtpx:speed>28.115158</gpxtpx:speed></gpxtpx:TrackPointExtension></extensions><geoidheight>-23.8</geoidheight><src>gps</src><sat>14</sat><hdop>0.71</hdop><vdop>1.06</vdop><pdop>1.28</pdop><dgpsid>0000</dgpsid></trkpt>
<trkpt lat="29.690051" lon="-96.80186366666666"><ele>104.3</ele><time>2025-12-05T01:23:14.000Z</time><extensions><gpxtpx:TrackPointExtension><gpxtpx:bearing>265.36</gpxtpx:bearing><gpxtpx:speed>28.55679</gpxtpx:speed></gpxtpx:TrackPointExtension></extensions><geoidheight>-23.8</geoidheight><src>gps</src><sat>15</sat><hdop>0.65</hdop><vdop>0.94</vdop><pdop>1.14</pdop><dgpsid>0000</dgpsid></trkpt>
<trkpt lat="29.689927166666667" lon="-96.80360983333334"><ele>105.1</ele><time>2025-12-05T01:23:20.000Z</time><extensions><gpxtpx:TrackPointExtension><gpxtpx:bearing>264.83</gpxtpx:bearing><gpxtpx:speed>28.157364</gpxtpx:speed></gpxtpx:TrackPointExtension></extensions><geoidheight>-23.8</geoidheight><src>gps</src><sat>14</sat><hdop>0.65</hdop><vdop>0.94</vdop><pdop>1.14</pdop><dgpsid>0000</dgpsid></trkpt>
<trkpt lat="29.689799666666666" lon="-96.8053725"><ele>105.2</ele><time>2025-12-05T01:23:26.000Z</time><extensions><gpxtpx:TrackPointExtension><gpxtpx:bearing>265.43</gpxtpx:bearing><gpxtpx:speed>28.522818</gpxtpx:speed></gpxtpx:TrackPointExtension></extensions><geoidheight>-23.8</geoidheight><src>gps</src><sat>16</sat><hdop>0.64</hdop><vdop>0.90</vdop><pdop>1.11</pdop><dgpsid>0000</dgpsid></trkpt>
<trkpt lat="29.68967716666667" lon="-96.80711466666668"><ele>105.8</ele><time>2025-12-05T01:23:32.000Z</time><extensions><gpxtpx:TrackPointExtension><gpxtpx:bearing>265.47</gpxtpx:bearing><gpxtpx:speed>27.832575</gpxtpx:speed></gpxtpx:TrackPointExtension></extensions><geoidheight>-23.8</geoidheight><src>gps</src><sat>16</sat><hdop>0.64</hdop><vdop>0.90</vdop><pdop>1.11</pdop><dgpsid>0000</dgpsid></trkpt>
<trkpt lat="29.689553333333333" lon="-96.80882666666666"><ele>107.5</ele><time>2025-12-05T01:23:38.000Z</time><extensions><gpxtpx:TrackPointExtension><gpxtpx:bearing>265.04</gpxtpx:bearing><gpxtpx:speed>27.552567</gpxtpx:speed></gpxtpx:TrackPointExtension></extensions><geoidheight>-23.8</geoidheight><src>gps</src><sat>16</sat><hdop>0.64</hdop><vdop>0.90</vdop><pdop>1.11</pdop><dgpsid>0000</dgpsid></trkpt>
<trkpt lat="29.689435666666668" lon="-96.810525"><ele>108.9</ele><time>2025-12-05T01:23:44.000Z</time><extensions><gpxtpx:TrackPointExtension><gpxtpx:bearing>265.73</gpxtpx:bearing><gpxtpx:speed>27.406898</gpxtpx:speed></gpxtpx:TrackPointExtension></extensions><geoidheight>-23.8</geoidheight><src>gps</src><sat>16</sat><hdop>0.64</hdop><vdop>0.90</vdop><pdop>1.11</pdop><dgpsid>0000</dgpsid></trkpt>
<trkpt lat="29.68931133333333" lon="-96.812176"><ele>109.9</ele><time>2025-12-05T01:23:50.000Z</time><extensions><gpxtpx:TrackPointExtension><gpxtpx:bearing>265.4</gpxtpx:bearing><gpxtpx:speed>26.185463</gpxtpx:speed></gpxtpx:TrackPointExtension></extensions><geoidheight>-23.8</geoidheight><src>gps</src><sat>16</sat><hdop>0.64</hdop><vdop>0.90</vdop><pdop>1.11</pdop><dgpsid>0000</dgpsid></trkpt>
<trkpt lat="29.689198333333334" lon="-96.81380216666666"><ele>109.5</ele><time>2025-12-05T01:23:56.000Z</time><extensions><gpxtpx:TrackPointExtension><gpxtpx:bearing>264.86</gpxtpx:bearing><gpxtpx:speed>26.47731</gpxtpx:speed></gpxtpx:TrackPointExtension></extensions><geoidheight>-23.8</geoidheight><src>gps</src><sat>16</sat><hdop>0.64</hdop><vdop>0.90</vdop><pdop>1.11</pdop><dgpsid>0000</dgpsid></trkpt>
<trkpt lat="29.68906116666667" lon="-96.815464"><ele>107.1</ele><time>2025-12-05T01:24:02.000Z</time><extensions><gpxtpx:TrackPointExtension><gpxtpx:bearing>263.51</gpxtpx:bearing><gpxtpx:speed>27.68279</gpxtpx:speed></gpxtpx:TrackPointExtension></extensions><geoidheight>-23.8</geoidheight><src>gps</src><sat>15</sat><hdop>0.69</hdop><vdop>0.98</vdop><pdop>1.20</pdop><dgpsid>0000</dgpsid></trkpt>
<trkpt lat="29.688916499999998" lon="-96.81722866666665"><ele>102.8</ele><time>2025-12-05T01:24:08.000Z</time><extensions><gpxtpx:TrackPointExtension><gpxtpx:bearing>264.98</gpxtpx:bearing><gpxtpx:speed>28.728191</gpxtpx:speed></gpxtpx:TrackPointExtension></extensions><geoidheight>-23.8</geoidheight><src>gps</src><sat>16</sat><hdop>0.64</hdop><vdop>0.90</vdop><pdop>1.11</pdop><dgpsid>0000</dgpsid></trkpt>
<trkpt lat="29.6887885" lon="-96.81902450000001"><ele>101.1</ele><time>2025-12-05T01:24:14.000Z</time><extensions><gpxtpx:TrackPointExtension><gpxtpx:bearing>265.27</gpxtpx:bearing><gpxtpx:speed>29.108572</gpxtpx:speed></gpxtpx:TrackPointExtension></extensions><geoidheight>-23.8</geoidheight><src>gps</src><sat>16</sat><hdop>0.70</hdop><vdop>1.02</vdop><pdop>1.24</pdop><dgpsid>0000</dgpsid></trkpt>
<trkpt lat="29.688664333333335" lon="-96.82082533333332"><ele>101.0</ele><time>2025-12-05T01:24:20.000Z</time><extensions><gpxtpx:TrackPointExtension><gpxtpx:bearing>265.77</gpxtpx:bearing><gpxtpx:speed>29.087467</gpxtpx:speed></gpxtpx:TrackPointExtension></extensions><geoidheight>-23.8</geoidheight><src>gps</src><sat>16</sat><hdop>0.64</hdop><vdop>0.90</vdop><pdop>1.11</pdop><dgpsid>0000</dgpsid></trkpt>
<trkpt lat="29.688544666666665" lon="-96.82263633333332"><ele>101.0</ele><time>2025-12-05T01:24:26.000Z</time><extensions><gpxtpx:TrackPointExtension><gpxtpx:bearing>265.81</gpxtpx:bearing><gpxtpx:speed>29.39733</gpxtpx:speed></gpxtpx:TrackPointExtension></extensions><geoidheight>-23.8</geoidheight><src>gps</src><sat>15</sat><hdop>0.64</hdop><vdop>0.90</vdop><pdop>1.11</pdop><dgpsid>0000</dgpsid></trkpt>
<trkpt lat="29.68843866666667" lon="-96.82445799999999"><ele>100.5</ele><time>2025-12-05T01:24:32.000Z</time><extensions><gpxtpx:TrackPointExtension><gpxtpx:bearing>265.78</gpxtpx:bearing><gpxtpx:speed>29.760725</gpxtpx:speed></gpxtpx:TrackPointExtension></extensions><geoidheight>-23.8</geoidheight><src>gps</src><sat>16</sat><hdop>0.70</hdop><vdop>1.02</vdop><pdop>1.24</pdop><dgpsid>0000</dgpsid></trkpt>
<trkpt lat="29.688301833333337" lon="-96.826313"><ele>98.4</ele><time>2025-12-05T01:24:38.000Z</time><extensions><gpxtpx:TrackPointExtension><gpxtpx:bearing>265.29</gpxtpx:bearing><gpxtpx:speed>30.216253</gpxtpx:speed></gpxtpx:TrackPointExtension></extensions><geoidheight>-23.8</geoidheight><src>gps</src><sat>15</sat><hdop>0.70</hdop><vdop>1.02</vdop><pdop>1.24</pdop><dgpsid>0000</dgpsid></trkpt>
<trkpt lat="29.688170333333332" lon="-96.82818366666667"><ele>92.9</ele><time>2025-12-05T01:24:44.000Z</time><extensions><gpxtpx:TrackPointExtension><gpxtpx:bearing>265.3</gpxtpx:bearing><gpxtpx:speed>30.243534</gpxtpx:speed></gpxtpx:TrackPointExtension></extensions><geoidheight>-23.8</geoidheight><src>gps</src><sat>14</sat><hdop>0.74</hdop><vdop>1.02</vdop><pdop>1.26</pdop><dgpsid>0000</dgpsid></trkpt>
<trkpt lat="29.688039333333336" lon="-96.83007466666668"><ele>88.5</ele><time>2025-12-05T01:24:50.000Z</time><extensions><gpxtpx:TrackPointExtension><gpxtpx:bearing>265.68</gpxtpx:bearing><gpxtpx:speed>30.97341</gpxtpx:speed></gpxtpx:TrackPointExtension></extensions><geoidheight>-23.8</geoidheight><src>gps</src><sat>14</sat><hdop>0.74</hdop><vdop>1.02</vdop><pdop>1.26</pdop><dgpsid>0000</dgpsid></trkpt>
<trkpt lat="29.688059833333334" lon="-96.83198833333333"><ele>85.3</ele><time>2025-12-05T01:24:56.000Z</time><extensions><gpxtpx:TrackPointExtension><gpxtpx:bearing>276.47</gpxtpx:bearing><gpxtpx:speed>30.632149</gpxtpx:speed></gpxtpx:TrackPointExtension></extensions><geoidheight>-23.8</geoidheight><src>gps</src><sat>14</sat><hdop>0.74</hdop><vdop>1.02</vdop><pdop>1.26</pdop><dgpsid>0000</dgpsid></trkpt>
<trkpt lat="29.688412000000003" lon="-96.83380200000002"><ele>86.2</ele><time>2025-12-05T01:25:02.000Z</time><extensions><gpxtpx:TrackPointExtension><gpxtpx:bearing>287.74</gpxtpx:bearing><gpxtpx:speed>29.631014</gpxtpx:speed></gpxtpx:TrackPointExtension></extensions><geoidheight>-23.8</geoidheight><src>gps</src><sat>16</sat><hdop>0.64</hdop><vdop>0.91</vdop><pdop>1.11</pdop><dgpsid>0000</dgpsid></trkpt>
<trkpt lat="29.68901583333333" lon="-96.83546300000002"><ele>87.7</ele><time>2025-12-05T01:25:08.000Z</time><extensions><gpxtpx:TrackPointExtension><gpxtpx:bearing>294.22</gpxtpx:bearing><gpxtpx:speed>28.765766</gpxtpx:speed></gpxtpx:TrackPointExtension></extensions><geoidheight>-23.8</geoidheight><src>gps</src><sat>16</sat><hdop>0.64</hdop><vdop>0.91</vdop><pdop>1.11</pdop><dgpsid>0000</dgpsid></trkpt>
<trkpt lat="29.689670500000002" lon="-96.83710666666666"><ele>85.4</ele><time>2025-12-05T01:25:14.000Z</time><extensions><gpxtpx:TrackPointExtension><gpxtpx:bearing>294.52</gpxtpx:bearing><gpxtpx:speed>29.346373</gpxtpx:speed></gpxtpx:TrackPointExtension></extensions><geoidheight>-23.8</geoidheight><src>gps</src><sat>15</sat><hdop>0.69</hdop><vdop>0.99</vdop><pdop>1.20</pdop><dgpsid>0000</dgpsid></trkpt>
<trkpt lat="29.690323499999998" lon="-96.83875383333334"><ele>82.3</ele><time>2025-12-05T01:25:20.000Z</time><extensions><gpxtpx:TrackPointExtension><gpxtpx:bearing>294.29</gpxtpx:bearing><gpxtpx:speed>29.057098</gpxtpx:speed></gpxtpx:TrackPointExtension></extensions><geoidheight>-23.8</geoidheight><src>gps</src><sat>14</sat><hdop>0.78</hdop><vdop>1.20</vdop><pdop>1.43</pdop><dgpsid>0000</dgpsid></trkpt>
<trkpt lat="29.690973333333332" lon="-96.84038266666667"><ele>82.0</ele><time>2025-12-05T01:25:26.000Z</time><extensions><gpxtpx:TrackPointExtension><gpxtpx:bearing>294.45</gpxtpx:bearing><gpxtpx:speed>28.811577</gpxtpx:speed></gpxtpx:TrackPointExtension></extensions><geoidheight>-23.8</geoidheight><src>gps</src><sat>15</sat><hdop>0.78</hdop><vdop>1.20</vdop><pdop>1.43</pdop><dgpsid>0000</dgpsid></trkpt>
<trkpt lat="29.6916115" lon="-96.84199733333335"><ele>82.1</ele><time>2025-12-05T01:25:32.000Z</time><extensions><gpxtpx:TrackPointExtension><gpxtpx:bearing>294.17</gpxtpx:bearing><gpxtpx:speed>28.3859</gpxtpx:speed></gpxtpx:TrackPointExtension></extensions><geoidheight>-23.8</geoidheight><src>gps</src><sat>15</sat><hdop>0.69</hdop><vdop>0.99</vdop><pdop>1.21</pdop><dgpsid>0000</dgpsid></trkpt>
<trkpt lat="29.692243" lon="-96.84358283333334"><ele>83.2</ele><time>2025-12-05T01:25:38.000Z</time><extensions><gpxtpx:TrackPointExtension><gpxtpx:bearing>294.35</gpxtpx:bearing><gpxtpx:speed>28.026625</gpxtpx:speed></gpxtpx:TrackPointExtension></extensions><geoidheight>-23.8</geoidheight><src>gps</src><sat>15</sat><hdop>0.69</hdop><vdop>0.99</vdop><pdop>1.21</pdop><dgpsid>0000</dgpsid></trkpt>
<trkpt lat="29.692859666666664" lon="-96.84515033333334"><ele>86.4</ele><time>2025-12-05T01:25:44.000Z</time><extensions><gpxtpx:TrackPointExtension><gpxtpx:bearing>294.46</gpxtpx:bearing><gpxtpx:speed>27.435724</gpxtpx:speed></gpxtpx:TrackPointExtension></extensions><geoidheight>-23.8</geoidheight><src>gps</src><sat>15</sat><hdop>0.69</hdop><vdop>0.99</vdop><pdop>1.21</pdop><dgpsid>0000</dgpsid></trkpt>
<trkpt lat="29.693467833333337" lon="-96.846691"><ele>90.8</ele><time>2025-12-05T01:25:50.000Z</time><extensions><gpxtpx:TrackPointExtension><gpxtpx:bearing>294.5</gpxtpx:bearing><gpxtpx:speed>26.981224</gpxtpx:speed></gpxtpx:TrackPointExtension></extensions><geoidheight>-23.8</geoidheight><src>gps</src><sat>15</sat><hdop>0.69</hdop><vdop>0.99</vdop><pdop>1.21</pdop><dgpsid>0000</dgpsid></trkpt>
<trkpt lat="29.694058666666667" lon="-96.84819266666666"><ele>94.2</ele><time>2025-12-05T01:25:56.000Z</time><extensions><gpxtpx:TrackPointExtension><gpxtpx:bearing>294.17</gpxtpx:bearing><gpxtpx:speed>26.39753</gpxtpx:speed></gpxtpx:TrackPointExtension></extensions><geoidheight>-23.8</geoidheight><src>gps</src><sat>15</sat><hdop>0.69</hdop><vdop>0.99</vdop><pdop>1.21</pdop><dgpsid>0000</dgpsid></trkpt>
<trkpt lat="29.694651" lon="-96.84969933333332"><ele>96.2</ele><time>2025-12-05T01:26:02.000Z</time><extensions><gpxtpx:TrackPointExtension><gpxtpx:bearing>295.06</gpxtpx:bearing><gpxtpx:speed>26.760408</gpxtpx:speed></gpxtpx:TrackPointExtension></extensions><geoidheight>-23.8</geoidheight><src>gps</src><sat>15</sat><hdop>0.69</hdop><vdop>0.99</vdop><pdop>1.21</pdop><dgpsid>0000</dgpsid></trkpt>
<trkpt lat="29.695256166666663" lon="-96.8512225"><ele>94.7</ele><time>2025-12-05T01:26:08.000Z</time><extensions><gpxtpx:TrackPointExtension><gpxtpx:bearing>294.13</gpxtpx:bearing><gpxtpx:speed>26.955488</gpxtpx:speed></gpxtpx:TrackPointExtension></extensions><geoidheight>-23.8</geoidheight><src>gps</src><sat>15</sat><hdop>0.69</hdop><vdop>0.99</vdop><pdop>1.21</pdop><dgpsid>0000</dgpsid></trkpt>
<trkpt lat="29.695846" lon="-96.85274316666667"><ele>96.4</ele><time>2025-12-05T01:26:14.000Z</time><extensions><gpxtpx:TrackPointExtension><gpxtpx:bearing>293.08</gpxtpx:bearing><gpxtpx:speed>26.380028</gpxtpx:speed></gpxtpx:TrackPointExtension></extensions><geoidheight>-23.8</geoidheight><src>gps</src><sat>15</sat><hdop>0.69</hdop><vdop>0.99</vdop><pdop>1.21</pdop><dgpsid>0000</dgpsid></trkpt>
<trkpt lat="29.696305666666664" lon="-96.85428983333334"><ele>99.0</ele><time>2025-12-05T01:26:20.000Z</time><extensions><gpxtpx:TrackPointExtension><gpxtpx:bearing>285.12</gpxtpx:bearing><gpxtpx:speed>26.548857</gpxtpx:speed></gpxtpx:TrackPointExtension></extensions><geoidheight>-23.8</geoidheight><src>gps</src><sat>15</sat><hdop>0.69</hdop><vdop>0.99</vdop><pdop>1.21</pdop><dgpsid>0000</dgpsid></trkpt>
<trkpt lat="29.696580166666664" lon="-96.85591416666666"><ele>100.5</ele><time>2025-12-05T01:26:26.000Z</time><extensions><gpxtpx:TrackPointExtension><gpxtpx:bearing>277.19</gpxtpx:bearing><gpxtpx:speed>26.561726</gpxtpx:speed></gpxtpx:TrackPointExtension></extensions><geoidheight>-23.8</geoidheight><src>gps</src><sat>14</sat><hdop>1.13</hdop><vdop>2.19</vdop><pdop>2.46</pdop><dgpsid>0000</dgpsid></trkpt>
<trkpt lat="29.696657833333333" lon="-96.85757033333333"><ele>99.7</ele><time>2025-12-05T01:26:32.000Z</time><extensions><gpxtpx:TrackPointExtension><gpxtpx:bearing>270.07</gpxtpx:bearing><gpxtpx:speed>26.312086</gpxtpx:speed></gpxtpx:TrackPointExtension></extensions><geoidheight>-23.8</geoidheight><src>gps</src><sat>10</sat><hdop>0.80</hdop><vdop>1.19</vdop><pdop>1.43</pdop><dgpsid>0000</dgpsid></trkpt>
<trkpt lat="29.696655166666666" lon="-96.859253"><ele>98.3</ele><time>2025-12-05T01:26:38.000Z</time><extensions><gpxtpx:TrackPointExtension><gpxtpx:bearing>267.95</gpxtpx:bearing><gpxtpx:speed>27.296234</gpxtpx:speed></gpxtpx:TrackPointExtension></extensions><geoidheight>-23.8</geoidheight><src>gps</src><sat>10</sat><hdop>1.47</hdop><vdop>2.47</vdop><pdop>2.88</pdop><dgpsid>0000</dgpsid></trkpt>
<trkpt lat="29.696614333333333" lon="-96.86097583333334"><ele>93.3</ele><time>2025-12-05T01:26:44.000Z</time><extensions><gpxtpx:TrackPointExtension><gpxtpx:bearing>269.07</gpxtpx:bearing><gpxtpx:speed>28.075008</gpxtpx:speed></gpxtpx:TrackPointExtension></extensions><geoidheight>-23.8</geoidheight><src>gps</src><sat>12</sat><hdop>0.89</hdop><vdop>1.24</vdop><pdop>1.53</pdop><dgpsid>0000</dgpsid></trkpt>
<trkpt lat="29.696585833333334" lon="-96.8627215"><ele>90.6</ele><time>2025-12-05T01:26:50.000Z</time><extensions><gpxtpx:TrackPointExtension><gpxtpx:bearing>269.0</gpxtpx:bearing><gpxtpx:speed>28.007065</gpxtpx:speed></gpxtpx:TrackPointExtension></extensions><geoidheight>-23.8</geoidheight><src>gps</src><sat>15</sat><hdop>0.76</hdop><vdop>1.18</vdop><pdop>1.40</pdop><dgpsid>0000</dgpsid></trkpt>
<trkpt lat="29.69655733333333" lon="-96.8644765"><ele>86.9</ele><time>2025-12-05T01:26:56.000Z</time><extensions><gpxtpx:TrackPointExtension><gpxtpx:bearing>268.95</gpxtpx:bearing><gpxtpx:speed>28.656645</gpxtpx:speed></gpxtpx:TrackPointExtension></extensions><geoidheight>-23.8</geoidheight><src>gps</src><sat>13</sat><hdop>0.81</hdop><vdop>1.21</vdop><pdop>1.46</pdop><dgpsid>0000</dgpsid></trkpt>
<trkpt lat="29.696518" lon="-96.86625616666667"><ele>84.6</ele><time>2025-12-05T01:27:02.000Z</time><extensions><gpxtpx:TrackPointExtension><gpxtpx:bearing>268.65</gpxtpx:bearing><gpxtpx:speed>28.89702</gpxtpx:speed></gpxtpx:TrackPointExtension></extensions><geoidheight>-23.8</geoidheight><src>gps</src><sat>13</sat><hdop>0.81</hdop><vdop>1.21</vdop><pdop>1.46</pdop><dgpsid>0000</dgpsid></trkpt>
<trkpt lat="29.696487" lon="-96.86806383333332"><ele>83.4</ele><time>2025-12-05T01:27:08.000Z</time><extensions><gpxtpx:TrackPointExtension><gpxtpx:bearing>269.02</gpxtpx:bearing><gpxtpx:speed>29.019009</gpxtpx:speed></gpxtpx:TrackPointExtension></extensions><geoidheight>-23.8</geoidheight><src>gps</src><sat>14</sat><hdop>0.76</hdop><vdop>1.18</vdop><pdop>1.40</pdop><dgpsid>0000</dgpsid></trkpt>
<trkpt lat="29.696445666666666" lon="-96.8698765"><ele>83.6</ele><time>2025-12-05T01:27:14.000Z</time><extensions><gpxtpx:TrackPointExtension><gpxtpx:bearing>268.23</gpxtpx:bearing><gpxtpx:speed>29.300562</gpxtpx:speed></gpxtpx:TrackPointExtension></extensions><geoidheight>-23.8</geoidheight><src>gps</src><sat>14</sat><hdop>0.77</hdop><vdop>1.22</vdop><pdop>1.44</pdop><dgpsid>0000</dgpsid></trkpt>
<trkpt lat="29.6964015" lon="-96.8719905"><ele>84.4</ele><time>2025-12-05T01:27:21.000Z</time><extensions><gpxtpx:TrackPointExtension><gpxtpx:bearing>268.41</gpxtpx:bearing><gpxtpx:speed>28.560392</gpxtpx:speed></gpxtpx:TrackPointExtension></extensions><geoidheight>-23.8</geoidheight><src>gps</src><hdop>1.65</hdop><vdop>1.99</vdop><pdop>2.58</pdop><dgpsid>0000</dgpsid></trkpt>
<trkpt lat="29.69638916666667" lon="-96.87380933333334"><ele>82.4</ele><time>2025-12-05T01:27:27.000Z</time><extensions><gpxtpx:TrackPointExtension><gpxtpx:bearing>268.9</gpxtpx:bearing><gpxtpx:speed>28.803856</gpxtpx:speed></gpxtpx:TrackPointExtension></extensions><geoidheight>-23.8</geoidheight><src>gps</src><sat>12</sat><hdop>0.84</hdop><vdop>1.09</vdop><pdop>1.38</pdop><dgpsid>0000</dgpsid></trkpt>
<trkpt lat="29.696346666666667" lon="-96.87562916666666"><ele>83.1</ele><time>2025-12-05T01:27:33.000Z</time><extensions><gpxtpx:TrackPointExtension><gpxtpx:bearing>269.1</gpxtpx:bearing><gpxtpx:speed>29.559467</gpxtpx:speed></gpxtpx:TrackPointExtension></extensions><geoidheight>-23.8</geoidheight><src>gps</src><sat>13</sat><hdop>0.89</hdop><vdop>1.22</vdop><pdop>1.51</pdop><dgpsid>0000</dgpsid></trkpt>
<trkpt lat="29.6963155" lon="-96.877488"><ele>84.0</ele><time>2025-12-05T01:27:39.000Z</time><extensions><gpxtpx:TrackPointExtension><gpxtpx:bearing>269.02</gpxtpx:bearing><gpxtpx:speed>30.544645</gpxtpx:speed></gpxtpx:TrackPointExtension></extensions><geoidheight>-23.8</geoidheight><src>gps</src><sat>12</sat><hdop>0.89</hdop><vdop>1.23</vdop><pdop>1.51</pdop><dgpsid>0000</dgpsid></trkpt>
<trkpt lat="29.696274499999998" lon="-96.87937933333333"><ele>84.4</ele><time>2025-12-05T01:27:45.000Z</time><extensions><gpxtpx:TrackPointExtension><gpxtpx:bearing>268.29</gpxtpx:bearing><gpxtpx:speed>30.668694</gpxtpx:speed></gpxtpx:TrackPointExtension></extensions><geoidheight>-23.8</geoidheight><src>gps</src><sat>12</sat><hdop>0.89</hdop><vdop>1.23</vdop><pdop>1.51</pdop><dgpsid>0000</dgpsid></trkpt>
<trkpt lat="29.696233" lon="-96.88125416666665"><ele>86.8</ele><time>2025-12-05T01:27:51.000Z</time><extensions><gpxtpx:TrackPointExtension><gpxtpx:bearing>268.55</gpxtpx:bearing><gpxtpx:speed>30.38251</gpxtpx:speed></gpxtpx:TrackPointExtension></extensions><geoidheight>-23.8</geoidheight><src>gps</src><sat>12</sat><hdop>0.85</hdop><vdop>1.23</vdop><pdop>1.49</pdop><dgpsid>0000</dgpsid></trkpt>
<trkpt lat="29.696197833333333" lon="-96.88313033333334"><ele>91.2</ele><time>2025-12-05T01:27:57.000Z</time><extensions><gpxtpx:TrackPointExtension><gpxtpx:bearing>269.22</gpxtpx:bearing><gpxtpx:speed>30.175076</gpxtpx:speed></gpxtpx:TrackPointExtension></extensions><geoidheight>-23.8</geoidheight><src>gps</src><sat>14</sat><hdop>0.83</hdop><vdop>1.21</vdop><pdop>1.46</pdop><dgpsid>0000</dgpsid></trkpt>
<trkpt lat="29.696154833333335" lon="-96.88499900000001"><ele>93.9</ele><time>2025-12-05T01:28:03.000Z</time><extensions><gpxtpx:TrackPointExtension><gpxtpx:bearing>267.75</gpxtpx:bearing><gpxtpx:speed>29.994923</gpxtpx:speed></gpxtpx:TrackPointExtension></extensions><geoidheight>-23.8</geoidheight><src>gps</src><sat>14</sat><hdop>0.75</hdop><vdop>1.19</vdop><pdop>1.40</pdop><dgpsid>0000</dgpsid></trkpt>
<trkpt lat="29.696030166666667" lon="-96.88684266666665"><ele>97.5</ele><time>2025-12-05T01:28:09.000Z</time><extensions><gpxtpx:TrackPointExtension><gpxtpx:bearing>263.48</gpxtpx:bearing><gpxtpx:speed>29.983084</gpxtpx:speed></gpxtpx:TrackPointExtension></extensions><geoidheight>-23.8</geoidheight><src>gps</src><sat>13</sat><hdop>0.85</hdop><vdop>1.22</vdop><pdop>1.49</pdop><dgpsid>0000</dgpsid></trkpt>
<trkpt lat="29.69578016666667" lon="-96.88863383333334"><ele>100.7</ele><time>2025-12-05T01:28:15.000Z</time><extensions><gpxtpx:TrackPointExtension><gpxtpx:bearing>260.3</gpxtpx:bearing><gpxtpx:speed>29.257841</gpxtpx:speed></gpxtpx:TrackPointExtension></extensions><geoidheight>-23.8</geoidheight><src>gps</src><sat>15</sat><hdop>0.69</hdop><vdop>1.00</vdop><pdop>1.22</pdop><dgpsid>0000</dgpsid></trkpt>
<trkpt lat="29.6955115" lon="-96.89040533333333"><ele>101.5</ele><time>2025-12-05T01:28:21.000Z</time><extensions><gpxtpx:TrackPointExtension><gpxtpx:bearing>259.61</gpxtpx:bearing><gpxtpx:speed>28.996876</gpxtpx:speed></gpxtpx:TrackPointExtension></extensions><geoidheight>-23.8</geoidheight><src>gps</src><sat>15</sat><hdop>0.70</hdop><vdop>1.02</vdop><pdop>1.24</pdop><dgpsid>0000</dgpsid></trkpt>
<trkpt lat="29.695245999999997" lon="-96.89215233333334"><ele>103.5</ele><time>2025-12-05T01:28:27.000Z</time><extensions><gpxtpx:TrackPointExtension><gpxtpx:bearing>260.18</gpxtpx:bearing><gpxtpx:speed>28.40649</gpxtpx:speed></gpxtpx:TrackPointExtension></extensions><geoidheight>-23.8</geoidheight><src>gps</src><sat>15</sat><hdop>0.70</hdop><vdop>1.02</vdop><pdop>1.24</pdop><dgpsid>0000</dgpsid></trkpt>
<trkpt lat="29.694971333333335" lon="-96.89388383333335"><ele>106.0</ele><time>2025-12-05T01:28:33.000Z</time><extensions><gpxtpx:TrackPointExtension><gpxtpx:bearing>259.83</gpxtpx:bearing><gpxtpx:speed>28.400312</gpxtpx:speed></gpxtpx:TrackPointExtension></extensions><geoidheight>-23.8</geoidheight><src>gps</src><sat>16</sat><hdop>0.64</hdop><vdop>0.91</vdop><pdop>1.12</pdop><dgpsid>0000</dgpsid></trkpt>
<trkpt lat="29.694705999999996" lon="-96.89560983333334"><ele>107.2</ele><time>2025-12-05T01:28:39.000Z</time><extensions><gpxtpx:TrackPointExtension><gpxtpx:bearing>260.2</gpxtpx:bearing><gpxtpx:speed>28.44149</gpxtpx:speed></gpxtpx:TrackPointExtension></extensions><geoidheight>-23.8</geoidheight><src>gps</src><sat>16</sat><hdop>0.64</hdop><vdop>0.91</vdop><pdop>1.12</pdop><dgpsid>0000</dgpsid></trkpt>
<trkpt lat="29.694436166666666" lon="-96.89735350000001"><ele>108.2</ele><time>2025-12-05T01:28:45.000Z</time><extensions><gpxtpx:TrackPointExtension><gpxtpx:bearing>259.62</gpxtpx:bearing><gpxtpx:speed>28.797165</gpxtpx:speed></gpxtpx:TrackPointExtension></extensions><geoidheight>-23.8</geoidheight><src>gps</src><sat>16</sat><hdop>0.64</hdop><vdop>0.91</vdop><pdop>1.12</pdop><dgpsid>0000</dgpsid></trkpt>
<trkpt lat="29.694161" lon="-96.89912299999999"><ele>109.2</ele><time>2025-12-05T01:28:51.000Z</time><extensions><gpxtpx:TrackPointExtension><gpxtpx:bearing>259.77</gpxtpx:bearing><gpxtpx:speed>28.986582</gpxtpx:speed></gpxtpx:TrackPointExtension></extensions><geoidheight>-23.8</geoidheight><src>gps</src><sat>16</sat><hdop>0.64</hdop><vdop>0.91</vdop><pdop>1.12</pdop><dgpsid>0000</dgpsid></trkpt>
<trkpt lat="29.69389383333333" lon="-96.9008625"><ele>113.1</ele><time>2025-12-05T01:28:57.000Z</time><extensions><gpxtpx:TrackPointExtension><gpxtpx:bearing>260.22</gpxtpx:bearing><gpxtpx:speed>27.948902</gpxtpx:speed></gpxtpx:TrackPointExtension></extensions><geoidheight>-23.8</geoidheight><src>gps</src><sat>16</sat><hdop>0.63</hdop><vdop>0.86</vdop><pdop>1.06</pdop><dgpsid>0000</dgpsid></trkpt>
<trkpt lat="29.693625833333332" lon="-96.90256183333334"><ele>115.1</ele><time>2025-12-05T01:29:03.000Z</time><extensions><gpxtpx:TrackPointExtension><gpxtpx:bearing>259.72</gpxtpx:bearing><gpxtpx:speed>28.151188</gpxtpx:speed></gpxtpx:TrackPointExtension></extensions><geoidheight>-23.7</geoidheight><src>gps</src><sat>16</sat><hdop>0.63</hdop><vdop>0.86</vdop><pdop>1.06</pdop><dgpsid>0000</dgpsid></trkpt>
<trkpt lat="29.693356333333334" lon="-96.90430816666667"><ele>114.4</ele><time>2025-12-05T01:29:09.000Z</time><extensions><gpxtpx:TrackPointExtension><gpxtpx:bearing>259.88</gpxtpx:bearing><gpxtpx:speed>29.090555</gpxtpx:speed></gpxtpx:TrackPointExtension></extensions><geoidheight>-23.7</geoidheight><src>gps</src><sat>16</sat><hdop>0.63</hdop><vdop>0.86</vdop><pdop>1.06</pdop><dgpsid>0000</dgpsid></trkpt>
<trkpt lat="29.693071999999997" lon="-96.90612100000001"><ele>110.0</ele><time>2025-12-05T01:29:15.000Z</time><extensions><gpxtpx:TrackPointExtension><gpxtpx:bearing>260.27</gpxtpx:bearing><gpxtpx:speed>30.355743</gpxtpx:speed></gpxtpx:TrackPointExtension></extensions><geoidheight>-23.7</geoidheight><src>gps</src><sat>16</sat><hdop>0.63</hdop><vdop>0.86</vdop><pdop>1.06</pdop><dgpsid>0000</dgpsid></trkpt>
<trkpt lat="29.69278266666667" lon="-96.90798066666666"><ele>106.5</ele><time>2025-12-05T01:29:21.000Z</time><extensions><gpxtpx:TrackPointExtension><gpxtpx:bearing>259.95</gpxtpx:bearing><gpxtpx:speed>30.410303</gpxtpx:speed></gpxtpx:TrackPointExtension></extensions><geoidheight>-23.7</geoidheight><src>gps</src><sat>16</sat><hdop>0.63</hdop><vdop>0.86</vdop><pdop>1.06</pdop><dgpsid>0000</dgpsid></trkpt>
<trkpt lat="29.692497166666666" lon="-96.90983050000001"><ele>105.7</ele><time>2025-12-05T01:29:27.000Z</time><extensions><gpxtpx:TrackPointExtension><gpxtpx:bearing>259.99</gpxtpx:bearing><gpxtpx:speed>30.38714</gpxtpx:speed></gpxtpx:TrackPointExtension></extensions><geoidheight>-23.7</geoidheight><src>gps</src><sat>15</sat><hdop>0.78</hdop><vdop>1.21</vdop><pdop>1.44</pdop><dgpsid>0000</dgpsid></trkpt>
<trkpt lat="29.692206333333335" lon="-96.911683"><ele>105.2</ele><time>2025-12-05T01:29:33.000Z</time><extensions><gpxtpx:TrackPointExtension><gpxtpx:bearing>259.6</gpxtpx:bearing><gpxtpx:speed>30.125662</gpxtpx:speed></gpxtpx:TrackPointExtension></extensions><geoidheight>-23.7</geoidheight><src>gps</src><sat>16</sat><hdop>0.63</hdop><vdop>0.87</vdop><pdop>1.07</pdop><dgpsid>0000</dgpsid></trkpt>
<trkpt lat="29.69192616666667" lon="-96.91350800000001"><ele>103.8</ele><time>2025-12-05T01:29:39.000Z</time><extensions><gpxtpx:TrackPointExtension><gpxtpx:bearing>259.68</gpxtpx:bearing><gpxtpx:speed>29.82249</gpxtpx:speed></gpxtpx:TrackPointExtension></extensions><geoidheight>-23.7</geoidheight><src>gps</src><sat>16</sat><hdop>0.63</hdop><vdop>0.87</vdop><pdop>1.07</pdop><dgpsid>0000</dgpsid></trkpt>
<trkpt lat="29.691642666666667" lon="-96.91533550000001"><ele>100.7</ele><time>2025-12-05T01:29:45.000Z</time><extensions><gpxtpx:TrackPointExtension><gpxtpx:bearing>260.3</gpxtpx:bearing><gpxtpx:speed>30.27596</gpxtpx:speed></gpxtpx:TrackPointExtension></extensions><geoidheight>-23.7</geoidheight><src>gps</src><sat>16</sat><hdop>0.64</hdop><vdop>0.91</vdop><pdop>1.12</pdop><dgpsid>0000</dgpsid></trkpt>
<trkpt lat="29.691354166666663" lon="-96.91719083333334"><ele>96.5</ele><time>2025-12-05T01:29:51.000Z</time><extensions><gpxtpx:TrackPointExtension><gpxtpx:bearing>260.1</gpxtpx:bearing><gpxtpx:speed>30.579132</gpxtpx:speed></gpxtpx:TrackPointExtension></extensions><geoidheight>-23.7</geoidheight><src>gps</src><sat>16</sat><hdop>0.63</hdop><vdop>0.86</vdop><pdop>1.06</pdop><dgpsid>0000</dgpsid></trkpt>
<trkpt lat="29.69108233333333" lon="-96.91907199999999"><ele>92.0</ele><time>2025-12-05T01:29:57.000Z</time><extensions><gpxtpx:TrackPointExtension><gpxtpx:bearing>262.3</gpxtpx:bearing><gpxtpx:speed>30.984734</gpxtpx:speed></gpxtpx:TrackPointExtension></extensions><geoidheight>-23.7</geoidheight><src>gps</src><sat>16</sat><hdop>0.69</hdop><vdop>0.98</vdop><pdop>1.20</pdop><dgpsid>0000</dgpsid></trkpt>
<trkpt lat="29.69090833333333" lon="-96.92097733333334"><ele>87.8</ele><time>2025-12-05T01:30:03.000Z</time><extensions><gpxtpx:TrackPointExtension><gpxtpx:bearing>264.48</gpxtpx:bearing><gpxtpx:speed>30.177134</gpxtpx:speed></gpxtpx:TrackPointExtension></extensions><geoidheight>-23.7</geoidheight><src>gps</src><sat>11</sat><hdop>0.96</hdop><vdop>1.14</vdop><pdop>1.49</pdop><dgpsid>0000</dgpsid></trkpt>
<trkpt lat="29.6908075" lon="-96.92282783333333"><ele>85.2</ele><time>2025-12-05T01:30:09.000Z</time><extensions><gpxtpx:TrackPointExtension><gpxtpx:bearing>266.37</gpxtpx:bearing><gpxtpx:speed>29.84102</gpxtpx:speed></gpxtpx:TrackPointExtension></extensions><geoidheight>-23.7</geoidheight><src>gps</src><hdop>2.24</hdop><vdop>2.21</vdop><pdop>3.14</pdop><dgpsid>0000</dgpsid></trkpt>
<trkpt lat="29.690707166666666" lon="-96.92472966666668"><ele>89.8</ele><time>2025-12-05T01:30:15.000Z</time><extensions><gpxtpx:TrackPointExtension><gpxtpx:bearing>266.27</gpxtpx:bearing><gpxtpx:speed>30.079851</gpxtpx:speed></gpxtpx:TrackPointExtension></extensions><geoidheight>-23.7</geoidheight><src>gps</src><sat>13</sat><hdop>0.83</hdop><vdop>1.07</vdop><pdop>1.35</pdop><dgpsid>0000</dgpsid></trkpt>
<trkpt lat="29.69061166666667" lon="-96.92660116666666"><ele>89.4</ele><time>2025-12-05T01:30:21.000Z</time><extensions><gpxtpx:TrackPointExtension><gpxtpx:bearing>266.07</gpxtpx:bearing><gpxtpx:speed>30.741785</gpxtpx:speed></gpxtpx:TrackPointExtension></extensions><geoidheight>-23.7</geoidheight><src>gps</src><sat>14</sat><hdop>0.72</hdop><vdop>1.04</vdop><pdop>1.26</pdop><dgpsid>0000</dgpsid></trkpt>
<trkpt lat="29.690493333333333" lon="-96.92849583333333"><ele>89.1</ele><time>2025-12-05T01:30:27.000Z</time><extensions><gpxtpx:TrackPointExtension><gpxtpx:bearing>266.14</gpxtpx:bearing><gpxtpx:speed>30.701637</gpxtpx:speed></gpxtpx:TrackPointExtension></extensions><geoidheight>-23.7</geoidheight><src>gps</src><sat>15</sat><hdop>0.72</hdop><vdop>1.04</vdop><pdop>1.26</pdop><dgpsid>0000</dgpsid></trkpt>
<trkpt lat="29.690388" lon="-96.9303715"><ele>91.0</ele><time>2025-12-05T01:30:33.000Z</time><extensions><gpxtpx:TrackPointExtension><gpxtpx:bearing>266.39</gpxtpx:bearing><gpxtpx:speed>30.28574</gpxtpx:speed></gpxtpx:TrackPointExtension></extensions><geoidheight>-23.7</geoidheight><src>gps</src><sat>14</sat><hdop>0.70</hdop><vdop>0.91</vdop><pdop>1.14</pdop><dgpsid>0000</dgpsid></trkpt>
<trkpt lat="29.69027883333333" lon="-96.93224966666666"><ele>92.5</ele><time>2025-12-05T01:30:39.000Z</time><extensions><gpxtpx:TrackPointExtension><gpxtpx:bearing>266.03</gpxtpx:bearing><gpxtpx:speed>30.679502</gpxtpx:speed></gpxtpx:TrackPointExtension></extensions><geoidheight>-23.7</geoidheight><src>gps</src><sat>15</sat><hdop>0.78</hdop><vdop>1.03</vdop><pdop>1.29</pdop><dgpsid>0000</dgpsid></trkpt>
<trkpt lat="29.6901615" lon="-96.93413316666665"><ele>91.3</ele><time>2025-12-05T01:30:45.000Z</time><extensions><gpxtpx:TrackPointExtension><gpxtpx:bearing>266.14</gpxtpx:bearing><gpxtpx:speed>30.72171</gpxtpx:speed></gpxtpx:TrackPointExtension></extensions><geoidheight>-23.7</geoidheight><src>gps</src><sat>12</sat><hdop>0.74</hdop><vdop>0.94</vdop><pdop>1.20</pdop><dgpsid>0000</dgpsid></trkpt>
<trkpt lat="29.690038833333332" lon="-96.93602616666666"><ele>87.9</ele><time>2025-12-05T01:30:51.000Z</time><extensions><gpxtpx:TrackPointExtension><gpxtpx:bearing>266.18</gpxtpx:bearing><gpxtpx:speed>30.494719</gpxtpx:speed></gpxtpx:TrackPointExtension></extensions><geoidheight>-23.7</geoidheight><src>gps</src><sat>10</sat><hdop>0.89</hdop><vdop>1.24</vdop><pdop>1.52</pdop><dgpsid>0000</dgpsid></trkpt>
<trkpt lat="29.689937833333335" lon="-96.93791333333333"><ele>87.2</ele><time>2025-12-05T01:30:57.000Z</time><extensions><gpxtpx:TrackPointExtension><gpxtpx:bearing>266.08</gpxtpx:bearing><gpxtpx:speed>30.40773</gpxtpx:speed></gpxtpx:TrackPointExtension></extensions><geoidheight>-23.7</geoidheight><src>gps</src><sat>15</sat><hdop>0.65</hdop><vdop>0.91</vdop><pdop>1.12</pdop><dgpsid>0000</dgpsid></trkpt>
<trkpt lat="29.689837333333337" lon="-96.93980266666668"><ele>86.9</ele><time>2025-12-05T01:31:03.000Z</time><extensions><gpxtpx:TrackPointExtension><gpxtpx:bearing>266.7</gpxtpx:bearing><gpxtpx:speed>30.62031</gpxtpx:speed></gpxtpx:TrackPointExtension></extensions><geoidheight>-23.7</geoidheight><src>gps</src><sat>15</sat><hdop>0.65</hdop><vdop>0.91</vdop><pdop>1.12</pdop><dgpsid>0000</dgpsid></trkpt>
<trkpt lat="29.689724666666667" lon="-96.94170100000001"><ele>87.2</ele><time>2025-12-05T01:31:09.000Z</time><extensions><gpxtpx:TrackPointExtension><gpxtpx:bearing>266.2</gpxtpx:bearing><gpxtpx:speed>30.89929</gpxtpx:speed></gpxtpx:TrackPointExtension></extensions><geoidheight>-23.7</geoidheight><src>gps</src><sat>15</sat><hdop>0.71</hdop><vdop>1.04</vdop><pdop>1.26</pdop><dgpsid>0000</dgpsid></trkpt>
<trkpt lat="29.689613666666666" lon="-96.94361849999999"><ele>87.2</ele><time>2025-12-05T01:31:15.000Z</time><extensions><gpxtpx:TrackPointExtension><gpxtpx:bearing>266.61</gpxtpx:bearing><gpxtpx:speed>31.062456</gpxtpx:speed></gpxtpx:TrackPointExtension></extensions><geoidheight>-23.7</geoidheight><src>gps</src><sat>15</sat><hdop>0.71</hdop><vdop>1.04</vdop><pdop>1.26</pdop><dgpsid>0000</dgpsid></trkpt>
<trkpt lat="29.689504166666666" lon="-96.94554216666666"><ele>86.7</ele><time>2025-12-05T01:31:21.000Z</time><extensions><gpxtpx:TrackPointExtension><gpxtpx:bearing>266.02</gpxtpx:bearing><gpxtpx:speed>31.141724</gpxtpx:speed></gpxtpx:TrackPointExtension></extensions><geoidheight>-23.7</geoidheight><src>gps</src><sat>16</sat><hdop>0.63</hdop><vdop>0.86</vdop><pdop>1.07</pdop><dgpsid>0000</dgpsid></trkpt>
<trkpt lat="29.68939083333333" lon="-96.94745583333334"><ele>86.6</ele><time>2025-12-05T01:31:27.000Z</time><extensions><gpxtpx:TrackPointExtension><gpxtpx:bearing>266.01</gpxtpx:bearing><gpxtpx:speed>30.916275</gpxtpx:speed></gpxtpx:TrackPointExtension></extensions><geoidheight>-23.7</geoidheight><src>gps</src><sat>15</sat><hdop>0.66</hdop><vdop>0.87</vdop><pdop>1.09</pdop><dgpsid>0000</dgpsid></trkpt>
<trkpt lat="29.689282166666665" lon="-96.94933116666668"><ele>86.6</ele><time>2025-12-05T01:31:33.000Z</time><extensions><gpxtpx:TrackPointExtension><gpxtpx:bearing>266.12</gpxtpx:bearing><gpxtpx:speed>30.147795</gpxtpx:speed></gpxtpx:TrackPointExtension></extensions><geoidheight>-23.7</geoidheight><src>gps</src><sat>15</sat><hdop>0.65</hdop><vdop>0.91</vdop><pdop>1.12</pdop><dgpsid>0000</dgpsid></trkpt>
<trkpt lat="29.689175" lon="-96.951212"><ele>87.0</ele><time>2025-12-05T01:31:39.000Z</time><extensions><gpxtpx:TrackPointExtension><gpxtpx:bearing>265.74</gpxtpx:bearing><gpxtpx:speed>30.634209</gpxtpx:speed></gpxtpx:TrackPointExtension></extensions><geoidheight>-23.7</geoidheight><src>gps</src><sat>15</sat><hdop>0.65</hdop><vdop>0.91</vdop><pdop>1.12</pdop><dgpsid>0000</dgpsid></trkpt>
<trkpt lat="29.68906516666667" lon="-96.95309966666667"><ele>88.9</ele><time>2025-12-05T01:31:45.000Z</time><extensions><gpxtpx:TrackPointExtension><gpxtpx:bearing>265.98</gpxtpx:bearing><gpxtpx:speed>30.35111</gpxtpx:speed></gpxtpx:TrackPointExtension></extensions><geoidheight>-23.7</geoidheight><src>gps</src><sat>15</sat><hdop>0.65</hdop><vdop>0.91</vdop><pdop>1.12</pdop><dgpsid>0000</dgpsid></trkpt>
<trkpt lat="29.688962500000002" lon="-96.95494266666668"><ele>93.3</ele><time>2025-12-05T01:31:51.000Z</time><extensions><gpxtpx:TrackPointExtension><gpxtpx:bearing>267.19</gpxtpx:bearing><gpxtpx:speed>29.678883</gpxtpx:speed></gpxtpx:TrackPointExtension></extensions><geoidheight>-23.7</geoidheight><src>gps</src><sat>15</sat><hdop>0.69</hdop><vdop>1.02</vdop><pdop>1.23</pdop><dgpsid>0000</dgpsid></trkpt>
<trkpt lat="29.688959666666666" lon="-96.95675416666667"><ele>97.9</ele><time>2025-12-05T01:31:57.000Z</time><extensions><gpxtpx:TrackPointExtension><gpxtpx:bearing>273.23</gpxtpx:bearing><gpxtpx:speed>29.067907</gpxtpx:speed></gpxtpx:TrackPointExtension></extensions><geoidheight>-23.7</geoidheight><src>gps</src><sat>15</sat><hdop>0.71</hdop><vdop>1.05</vdop><pdop>1.27</pdop><dgpsid>0000</dgpsid></trkpt>
<trkpt lat="29.68911033333333" lon="-96.95853183333332"><ele>102.3</ele><time>2025-12-05T01:32:03.000Z</time><extensions><gpxtpx:TrackPointExtension><gpxtpx:bearing>276.75</gpxtpx:bearing><gpxtpx:speed>28.680838</gpxtpx:speed></gpxtpx:TrackPointExtension></extensions><geoidheight>-23.7</geoidheight><src>gps</src><sat>15</sat><hdop>0.71</hdop><vdop>0.96</vdop><pdop>1.20</pdop><dgpsid>0000</dgpsid></trkpt>
<trkpt lat="29.689300333333335" lon="-96.96028783333334"><ele>106.4</ele><time>2025-12-05T01:32:09.000Z</time><extensions><gpxtpx:TrackPointExtension><gpxtpx:bearing>277.82</gpxtpx:bearing><gpxtpx:speed>29.244972</gpxtpx:speed></gpxtpx:TrackPointExtension></extensions><geoidheight>-23.7</geoidheight><src>gps</src><sat>16</sat><hdop>0.63</hdop><vdop>0.86</vdop><pdop>1.07</pdop><dgpsid>0000</dgpsid></trkpt>
<trkpt lat="29.689508833333335" lon="-96.96205133333333"><ele>112.1</ele><time>2025-12-05T01:32:15.000Z</time><extensions><gpxtpx:TrackPointExtension><gpxtpx:bearing>277.52</gpxtpx:bearing><gpxtpx:speed>28.834225</gpxtpx:speed></gpxtpx:TrackPointExtension></extensions><geoidheight>-23.7</geoidheight><src>gps</src><sat>12</sat><hdop>0.81</hdop><vdop>1.02</vdop><pdop>1.30</pdop><dgpsid>0000</dgpsid></trkpt>
<trkpt lat="29.6896965" lon="-96.96383133333332"><ele>111.9</ele><time>2025-12-05T01:32:21.000Z</time><extensions><gpxtpx:TrackPointExtension><gpxtpx:bearing>277.2</gpxtpx:bearing><gpxtpx:speed>29.190413</gpxtpx:speed></gpxtpx:TrackPointExtension></extensions><geoidheight>-23.7</geoidheight><src>gps</src><sat>15</sat><hdop>0.71</hdop><vdop>0.96</vdop><pdop>1.20</pdop><dgpsid>0000</dgpsid></trkpt>
<trkpt lat="29.689892499999996" lon="-96.96566166666668"><ele>112.5</ele><time>2025-12-05T01:32:27.000Z</time><extensions><gpxtpx:TrackPointExtension><gpxtpx:bearing>276.81</gpxtpx:bearing><gpxtpx:speed>29.957863</gpxtpx:speed></gpxtpx:TrackPointExtension></extensions><geoidheight>-23.7</geoidheight><src>gps</src><sat>14</sat><hdop>0.71</hdop><vdop>0.91</vdop><pdop>1.15</pdop><dgpsid>0000</dgpsid></trkpt>
<trkpt lat="29.690088999999997" lon="-96.96750133333335"><ele>112.2</ele><time>2025-12-05T01:32:33.000Z</time><extensions><gpxtpx:TrackPointExtension><gpxtpx:bearing>276.78</gpxtpx:bearing><gpxtpx:speed>29.75815</gpxtpx:speed></gpxtpx:TrackPointExtension></extensions><geoidheight>-23.7</geoidheight><src>gps</src><sat>15</sat><hdop>0.74</hdop><vdop>0.89</vdop><pdop>1.16</pdop><dgpsid>0000</dgpsid></trkpt>
<trkpt lat="29.690277166666668" lon="-96.96927066666667"><ele>113.1</ele><time>2025-12-05T01:32:39.000Z</time><extensions><gpxtpx:TrackPointExtension><gpxtpx:bearing>277.07</gpxtpx:bearing><gpxtpx:speed>28.305605</gpxtpx:speed></gpxtpx:TrackPointExtension></extensions><geoidheight>-23.7</geoidheight><src>gps</src><sat>12</sat><hdop>0.83</hdop><vdop>1.13</vdop><pdop>1.41</pdop><dgpsid>0000</dgpsid></trkpt>
<trkpt lat="29.690463500000003" lon="-96.97102733333334"><ele>111.6</ele><time>2025-12-05T01:32:45.000Z</time><extensions><gpxtpx:TrackPointExtension><gpxtpx:bearing>277.14</gpxtpx:bearing><gpxtpx:speed>28.875402</gpxtpx:speed></gpxtpx:TrackPointExtension></extensions><geoidheight>-23.7</geoidheight><src>gps</src><sat>15</sat><hdop>0.64</hdop><vdop>0.89</vdop><pdop>1.10</pdop><dgpsid>0000</dgpsid></trkpt>
<trkpt lat="29.690657" lon="-96.97280683333332"><ele>111.1</ele><time>2025-12-05T01:32:51.000Z</time><extensions><gpxtpx:TrackPointExtension><gpxtpx:bearing>277.06</gpxtpx:bearing><gpxtpx:speed>29.07151</gpxtpx:speed></gpxtpx:TrackPointExtension></extensions><geoidheight>-23.7</geoidheight><src>gps</src><sat>16</sat><hdop>0.69</hdop><vdop>0.99</vdop><pdop>1.21</pdop><dgpsid>0000</dgpsid></trkpt>
<trkpt lat="29.6908495" lon="-96.97460016666668"><ele>111.8</ele><time>2025-12-05T01:32:57.000Z</time><extensions><gpxtpx:TrackPointExtension><gpxtpx:bearing>277.04</gpxtpx:bearing><gpxtpx:speed>29.175486</gpxtpx:speed></gpxtpx:TrackPointExtension></extensions><geoidheight>-23.7</geoidheight><src>gps</src><sat>15</sat><hdop>0.63</hdop><vdop>0.87</vdop><pdop>1.07</pdop><dgpsid>0000</dgpsid></trkpt>
<trkpt lat="29.691042999999997" lon="-96.97640000000001"><ele>112.0</ele><time>2025-12-05T01:33:03.000Z</time><extensions><gpxtpx:TrackPointExtension><gpxtpx:bearing>276.93</gpxtpx:bearing><gpxtpx:speed>29.3613</gpxtpx:speed></gpxtpx:TrackPointExtension></extensions><geoidheight>-23.7</geoidheight><src>gps</src><sat>16</sat><hdop>0.68</hdop><vdop>0.96</vdop><pdop>1.18</pdop><dgpsid>0000</dgpsid></trkpt>
<trkpt lat="29.691219833333335" lon="-96.978198"><ele>112.4</ele><time>2025-12-05T01:33:09.000Z</time><extensions><gpxtpx:TrackPointExtension><gpxtpx:bearing>276.05</gpxtpx:bearing><gpxtpx:speed>29.13791</gpxtpx:speed></gpxtpx:TrackPointExtension></extensions><geoidheight>-23.7</geoidheight><src>gps</src><sat>16</sat><hdop>0.63</hdop><vdop>0.87</vdop><pdop>1.07</pdop><dgpsid>0000</dgpsid></trkpt>
<trkpt lat="29.691336999999997" lon="-96.98001533333333"><ele>112.7</ele><time>2025-12-05T01:33:15.000Z</time><extensions><gpxtpx:TrackPointExtension><gpxtpx:bearing>272.94</gpxtpx:bearing><gpxtpx:speed>29.492039</gpxtpx:speed></gpxtpx:TrackPointExtension></extensions><geoidheight>-23.7</geoidheight><src>gps</src><sat>16</sat><hdop>0.63</hdop><vdop>0.87</vdop><pdop>1.07</pdop><dgpsid>0000</dgpsid></trkpt>
<trkpt lat="29.691380333333335" lon="-96.981846"><ele>112.8</ele><time>2025-12-05T01:33:21.000Z</time><extensions><gpxtpx:TrackPointExtension><gpxtpx:bearing>271.21</gpxtpx:bearing><gpxtpx:speed>29.484833</gpxtpx:speed></gpxtpx:TrackPointExtension></extensions><geoidheight>-23.7</geoidheight><src>gps</src><sat>16</sat><hdop>0.66</hdop><vdop>0.88</vdop><pdop>1.10</pdop><dgpsid>0000</dgpsid></trkpt>
<trkpt lat="29.691414333333334" lon="-96.98369499999998"><ele>112.3</ele><time>2025-12-05T01:33:27.000Z</time><extensions><gpxtpx:TrackPointExtension><gpxtpx:bearing>271.01</gpxtpx:bearing><gpxtpx:speed>30.191032</gpxtpx:speed></gpxtpx:TrackPointExtension></extensions><geoidheight>-23.7</geoidheight><src>gps</src><sat>15</sat><hdop>0.65</hdop><vdop>0.92</vdop><pdop>1.13</pdop><dgpsid>0000</dgpsid></trkpt>
<trkpt lat="29.691444499999996" lon="-96.98557366666667"><ele>112.3</ele><time>2025-12-05T01:33:33.000Z</time><extensions><gpxtpx:TrackPointExtension><gpxtpx:bearing>270.87</gpxtpx:bearing><gpxtpx:speed>30.378906</gpxtpx:speed></gpxtpx:TrackPointExtension></extensions><geoidheight>-23.7</geoidheight><src>gps</src><sat>16</sat><hdop>0.65</hdop><vdop>0.92</vdop><pdop>1.13</pdop><dgpsid>0000</dgpsid></trkpt>
<trkpt lat="29.691472999999995" lon="-96.98745566666666"><ele>112.2</ele><time>2025-12-05T01:33:39.000Z</time><extensions><gpxtpx:TrackPointExtension><gpxtpx:bearing>271.01</gpxtpx:bearing><gpxtpx:speed>30.792742</gpxtpx:speed></gpxtpx:TrackPointExtension></extensions><geoidheight>-23.7</geoidheight><src>gps</src><sat>15</sat><hdop>0.69</hdop><vdop>0.92</vdop><pdop>1.15</pdop><dgpsid>0000</dgpsid></trkpt>
<trkpt lat="29.691507" lon="-96.98932383333334"><ele>112.0</ele><time>2025-12-05T01:33:45.000Z</time><extensions><gpxtpx:TrackPointExtension><gpxtpx:bearing>270.9</gpxtpx:bearing><gpxtpx:speed>29.975878</gpxtpx:speed></gpxtpx:TrackPointExtension></extensions><geoidheight>-23.7</geoidheight><src>gps</src><sat>15</sat><hdop>0.69</hdop><vdop>0.92</vdop><pdop>1.15</pdop><dgpsid>0000</dgpsid></trkpt>
<trkpt lat="29.691558333333333" lon="-96.99272850000001"><ele>112.2</ele><time>2025-12-05T01:33:56.000Z</time><extensions><gpxtpx:TrackPointExtension><gpxtpx:bearing>270.85</gpxtpx:bearing><gpxtpx:speed>30.13853</gpxtpx:speed></gpxtpx:TrackPointExtension></extensions><geoidheight>-23.7</geoidheight><src>gps</src><sat>15</sat><hdop>0.71</hdop><vdop>1.06</vdop><pdop>1.27</pdop><dgpsid>0000</dgpsid></trkpt>
<trkpt lat="29.69161" lon="-96.99617933333333"><ele>111.9</ele><time>2025-12-05T01:34:07.000Z</time><extensions><gpxtpx:TrackPointExtension><gpxtpx:bearing>271.22</gpxtpx:bearing><gpxtpx:speed>29.93573</gpxtpx:speed></gpxtpx:TrackPointExtension></extensions><geoidheight>-23.7</geoidheight><src>gps</src><sat>15</sat><hdop>0.65</hdop><vdop>0.92</vdop><pdop>1.13</pdop><dgpsid>0000</dgpsid></trkpt>
<trkpt lat="29.691656833333333" lon="-96.99942250000001"><ele>111.0</ele><time>2025-12-05T01:34:18.000Z</time><extensions><gpxtpx:TrackPointExtension><gpxtpx:bearing>271.14</gpxtpx:bearing><gpxtpx:speed>28.066772</gpxtpx:speed></gpxtpx:TrackPointExtension></extensions><geoidheight>-23.7</geoidheight><src>gps</src><sat>15</sat><hdop>0.68</hdop><vdop>0.98</vdop><pdop>1.19</pdop><dgpsid>0000</dgpsid></trkpt>
<trkpt lat="29.691717833333335" lon="-97.00270116666667"><ele>106.3</ele><time>2025-12-05T01:34:29.000Z</time><extensions><gpxtpx:TrackPointExtension><gpxtpx:bearing>270.8</gpxtpx:bearing><gpxtpx:speed>29.086437</gpxtpx:speed></gpxtpx:TrackPointExtension></extensions><geoidheight>-23.7</geoidheight><src>gps</src><sat>16</sat><hdop>0.62</hdop><vdop>0.83</vdop><pdop>1.04</pdop><dgpsid>0000</dgpsid></trkpt>
<trkpt lat="29.69177666666667" lon="-97.00600416666666"><ele>103.8</ele><time>2025-12-05T01:34:40.000Z</time><extensions><gpxtpx:TrackPointExtension><gpxtpx:bearing>270.68</gpxtpx:bearing><gpxtpx:speed>29.614544</gpxtpx:speed></gpxtpx:TrackPointExtension></extensions><geoidheight>-23.7</geoidheight><src>gps</src><sat>16</sat><hdop>0.65</hdop><vdop>0.93</vdop><pdop>1.13</pdop><dgpsid>0000</dgpsid></trkpt>
<trkpt lat="29.692048500000002" lon="-97.0093485"><ele>100.9</ele><time>2025-12-05T01:34:51.000Z</time><extensions><gpxtpx:TrackPointExtension><gpxtpx:bearing>280.02</gpxtpx:bearing><gpxtpx:speed>29.365932</gpxtpx:speed></gpxtpx:TrackPointExtension></extensions><geoidheight>-23.7</geoidheight><src>gps</src><sat>15</sat><hdop>0.77</hdop><vdop>1.23</vdop><pdop>1.46</pdop><dgpsid>0000</dgpsid></trkpt>
<trkpt lat="29.692602000000004" lon="-97.01260750000002"><ele>105.2</ele><time>2025-12-05T01:35:02.000Z</time><extensions><gpxtpx:TrackPointExtension><gpxtpx:bearing>281.08</gpxtpx:bearing><gpxtpx:speed>29.259384</gpxtpx:speed></gpxtpx:TrackPointExtension></extensions><geoidheight>-23.7</geoidheight><src>gps</src><sat>16</sat><hdop>0.64</hdop><vdop>0.84</vdop><pdop>1.05</pdop><dgpsid>0000</dgpsid></trkpt>
<trkpt lat="29.693152333333334" lon="-97.01581966666666"><ele>111.4</ele><time>2025-12-05T01:35:13.000Z</time><extensions><gpxtpx:TrackPointExtension><gpxtpx:bearing>281.64</gpxtpx:bearing><gpxtpx:speed>28.684956</gpxtpx:speed></gpxtpx:TrackPointExtension></extensions><geoidheight>-23.7</geoidheight><src>gps</src><sat>17</sat><hdop>0.72</hdop><vdop>0.94</vdop><pdop>1.18</pdop><dgpsid>0000</dgpsid></trkpt>
<trkpt lat="29.6937035" lon="-97.01900916666666"><ele>112.1</ele><time>2025-12-05T01:35:24.000Z</time><extensions><gpxtpx:TrackPointExtension><gpxtpx:bearing>281.24</gpxtpx:bearing><gpxtpx:speed>28.99842</gpxtpx:speed></gpxtpx:TrackPointExtension></extensions><geoidheight>-23.7</geoidheight><src>gps</src><sat>17</sat><hdop>0.63</hdop><vdop>0.87</vdop><pdop>1.07</pdop><dgpsid>0000</dgpsid></trkpt>
<trkpt lat="29.694253166666666" lon="-97.02219466666665"><ele>110.0</ele><time>2025-12-05T01:35:35.000Z</time><extensions><gpxtpx:TrackPointExtension><gpxtpx:bearing>281.18</gpxtpx:bearing><gpxtpx:speed>28.41627</gpxtpx:speed></gpxtpx:TrackPointExtension></extensions><geoidheight>-23.7</geoidheight><src>gps</src><sat>17</sat><hdop>0.63</hdop><vdop>0.87</vdop><pdop>1.07</pdop><dgpsid>0000</dgpsid></trkpt>
<trkpt lat="29.694813" lon="-97.02538633333333"><ele>106.6</ele><time>2025-12-05T01:35:46.000Z</time><extensions><gpxtpx:TrackPointExtension><gpxtpx:bearing>281.05</gpxtpx:bearing><gpxtpx:speed>28.754442</gpxtpx:speed></gpxtpx:TrackPointExtension></extensions><geoidheight>-23.7</geoidheight><src>gps</src><sat>17</sat><hdop>0.61</hdop><vdop>0.83</vdop><pdop>1.03</pdop><dgpsid>0000</dgpsid></trkpt>
<trkpt lat="29.69537683333333" lon="-97.0286125"><ele>101.9</ele><time>2025-12-05T01:35:57.000Z</time><extensions><gpxtpx:TrackPointExtension><gpxtpx:bearing>281.47</gpxtpx:bearing><gpxtpx:speed>29.2599</gpxtpx:speed></gpxtpx:TrackPointExtension></extensions><geoidheight>-23.7</geoidheight><src>gps</src><sat>17</sat><hdop>0.59</hdop><vdop>0.78</vdop><pdop>0.98</pdop><dgpsid>0000</dgpsid></trkpt>
<trkpt lat="29.695958333333337" lon="-97.03193016666667"><ele>98.2</ele><time>2025-12-05T01:36:08.000Z</time><extensions><gpxtpx:TrackPointExtension><gpxtpx:bearing>281.18</gpxtpx:bearing><gpxtpx:speed>30.09272</gpxtpx:speed></gpxtpx:TrackPointExtension></extensions><geoidheight>-23.7</geoidheight><src>gps</src><sat>17</sat><hdop>0.59</hdop><vdop>0.78</vdop><pdop>0.98</pdop><dgpsid>0000</dgpsid></trkpt>
<trkpt lat="29.69653633333333" lon="-97.03526533333334"><ele>96.2</ele><time>2025-12-05T01:36:19.000Z</time><extensions><gpxtpx:TrackPointExtension><gpxtpx:bearing>280.89</gpxtpx:bearing><gpxtpx:speed>29.430273</gpxtpx:speed></gpxtpx:TrackPointExtension></extensions><geoidheight>-23.7</geoidheight><src>gps</src><sat>17</sat><hdop>0.59</hdop><vdop>0.78</vdop><pdop>0.98</pdop><dgpsid>0000</dgpsid></trkpt>
<trkpt lat="29.69709233333333" lon="-97.03853633333334"><ele>97.3</ele><time>2025-12-05T01:36:30.000Z</time><extensions><gpxtpx:TrackPointExtension><gpxtpx:bearing>280.39</gpxtpx:bearing><gpxtpx:speed>29.50851</gpxtpx:speed></gpxtpx:TrackPointExtension></extensions><geoidheight>-23.7</geoidheight><src>gps</src><sat>17</sat><hdop>0.63</hdop><vdop>0.88</vdop><pdop>1.08</pdop><dgpsid>0000</dgpsid></trkpt>
<trkpt lat="29.697592166666663" lon="-97.04189166666666"><ele>97.3</ele><time>2025-12-05T01:36:41.000Z</time><extensions><gpxtpx:TrackPointExtension><gpxtpx:bearing>277.93</gpxtpx:bearing><gpxtpx:speed>29.936245</gpxtpx:speed></gpxtpx:TrackPointExtension></extensions><geoidheight>-23.7</geoidheight><src>gps</src><sat>17</sat><hdop>0.59</hdop><vdop>0.79</vdop><pdop>0.98</pdop><dgpsid>0000</dgpsid></trkpt>
<trkpt lat="29.697944666666665" lon="-97.04528616666667"><ele>97.7</ele><time>2025-12-05T01:36:52.000Z</time><extensions><gpxtpx:TrackPointExtension><gpxtpx:bearing>275.4</gpxtpx:bearing><gpxtpx:speed>30.292433</gpxtpx:speed></gpxtpx:TrackPointExtension></extensions><geoidheight>-23.7</geoidheight><src>gps</src><sat>17</sat><hdop>0.63</hdop><vdop>0.88</vdop><pdop>1.08</pdop><dgpsid>0000</dgpsid></trkpt>
<trkpt lat="29.698149833333332" lon="-97.04867916666666"><ele>99.5</ele><time>2025-12-05T01:37:03.000Z</time><extensions><gpxtpx:TrackPointExtension><gpxtpx:bearing>273.13</gpxtpx:bearing><gpxtpx:speed>29.55638</gpxtpx:speed></gpxtpx:TrackPointExtension></extensions><geoidheight>-23.7</geoidheight><src>gps</src><sat>16</sat><hdop>0.65</hdop><vdop>0.94</vdop><pdop>1.14</pdop><dgpsid>0000</dgpsid></trkpt>
<trkpt lat="29.698219666666667" lon="-97.051991"><ele>108.4</ele><time>2025-12-05T01:37:14.000Z</time><extensions><gpxtpx:TrackPointExtension><gpxtpx:bearing>270.05</gpxtpx:bearing><gpxtpx:speed>28.960331</gpxtpx:speed></gpxtpx:TrackPointExtension></extensions><geoidheight>-23.7</geoidheight><src>gps</src><sat>16</sat><hdop>0.70</hdop><vdop>1.08</vdop><pdop>1.29</pdop><dgpsid>0000</dgpsid></trkpt>
<trkpt lat="29.6981735" lon="-97.05523116666667"><ele>112.8</ele><time>2025-12-05T01:37:25.000Z</time><extensions><gpxtpx:TrackPointExtension><gpxtpx:bearing>268.26</gpxtpx:bearing><gpxtpx:speed>28.3859</gpxtpx:speed></gpxtpx:TrackPointExtension></extensions><geoidheight>-23.7</geoidheight><src>gps</src><sat>15</sat><hdop>0.62</hdop><vdop>0.88</vdop><pdop>1.08</pdop><dgpsid>0000</dgpsid></trkpt>
<trkpt lat="29.698097833333335" lon="-97.05847283333333"><ele>110.4</ele><time>2025-12-05T01:37:36.000Z</time><extensions><gpxtpx:TrackPointExtension><gpxtpx:bearing>268.38</gpxtpx:bearing><gpxtpx:speed>28.382298</gpxtpx:speed></gpxtpx:TrackPointExtension></extensions><geoidheight>-23.7</geoidheight><src>gps</src><sat>15</sat><hdop>0.62</hdop><vdop>0.88</vdop><pdop>1.08</pdop><dgpsid>0000</dgpsid></trkpt>
<trkpt lat="29.698019999999996" lon="-97.06167133333332"><ele>109.1</ele><time>2025-12-05T01:37:47.000Z</time><extensions><gpxtpx:TrackPointExtension><gpxtpx:bearing>268.34</gpxtpx:bearing><gpxtpx:speed>28.32362</gpxtpx:speed></gpxtpx:TrackPointExtension></extensions><geoidheight>-23.7</geoidheight><src>gps</src><sat>15</sat><hdop>0.62</hdop><vdop>0.88</vdop><pdop>1.08</pdop><dgpsid>0000</dgpsid></trkpt>
<trkpt lat="29.697944666666665" lon="-97.06484716666667"><ele>112.4</ele><time>2025-12-05T01:37:58.000Z</time><extensions><gpxtpx:TrackPointExtension><gpxtpx:bearing>268.48</gpxtpx:bearing><gpxtpx:speed>27.372414</gpxtpx:speed></gpxtpx:TrackPointExtension></extensions><geoidheight>-23.7</geoidheight><src>gps</src><sat>15</sat><hdop>0.66</hdop><vdop>0.88</vdop><pdop>1.10</pdop><dgpsid>0000</dgpsid></trkpt>
<trkpt lat="29.697872833333335" lon="-97.06792283333334"><ele>117.8</ele><time>2025-12-05T01:38:09.000Z</time><extensions><gpxtpx:TrackPointExtension><gpxtpx:bearing>268.29</gpxtpx:bearing><gpxtpx:speed>26.972473</gpxtpx:speed></gpxtpx:TrackPointExtension></extensions><geoidheight>-23.7</geoidheight><src>gps</src><sat>15</sat><hdop>0.66</hdop><vdop>0.89</vdop><pdop>1.10</pdop><dgpsid>0000</dgpsid></trkpt>
<trkpt lat="29.6977915" lon="-97.07103316666668"><ele>117.5</ele><time>2025-12-05T01:38:20.000Z</time><extensions><gpxtpx:TrackPointExtension><gpxtpx:bearing>268.43</gpxtpx:bearing><gpxtpx:speed>27.89537</gpxtpx:speed></gpxtpx:TrackPointExtension></extensions><geoidheight>-23.7</geoidheight><src>gps</src><sat>15</sat><hdop>0.62</hdop><vdop>0.89</vdop><pdop>1.08</pdop><dgpsid>0000</dgpsid></trkpt>
<trkpt lat="29.697697833333336" lon="-97.07422883333332"><ele>117.2</ele><time>2025-12-05T01:38:31.000Z</time><extensions><gpxtpx:TrackPointExtension><gpxtpx:bearing>268.33</gpxtpx:bearing><gpxtpx:speed>28.438917</gpxtpx:speed></gpxtpx:TrackPointExtension></extensions><geoidheight>-23.7</geoidheight><src>gps</src><sat>16</sat><hdop>0.66</hdop><vdop>0.94</vdop><pdop>1.15</pdop><dgpsid>0000</dgpsid></trkpt>
<trkpt lat="29.6976035" lon="-97.0774615"><ele>118.0</ele><time>2025-12-05T01:38:42.000Z</time><extensions><gpxtpx:TrackPointExtension><gpxtpx:bearing>268.41</gpxtpx:bearing><gpxtpx:speed>28.478552</gpxtpx:speed></gpxtpx:TrackPointExtension></extensions><geoidheight>-23.7</geoidheight><src>gps</src><sat>16</sat><hdop>0.66</hdop><vdop>0.94</vdop><pdop>1.15</pdop><dgpsid>0000</dgpsid></trkpt>
<trkpt lat="29.697504166666665" lon="-97.08071883333332"><ele>116.5</ele><time>2025-12-05T01:38:53.000Z</time><extensions><gpxtpx:TrackPointExtension><gpxtpx:bearing>268.14</gpxtpx:bearing><gpxtpx:speed>28.90886</gpxtpx:speed></gpxtpx:TrackPointExtension></extensions><geoidheight>-23.7</geoidheight><src>gps</src><sat>16</sat><hdop>0.62</hdop><vdop>0.86</vdop><pdop>1.06</pdop><dgpsid>0000</dgpsid></trkpt>
<trkpt lat="29.697410666666663" lon="-97.083974"><ele>116.2</ele><time>2025-12-05T01:39:04.000Z</time><extensions><gpxtpx:TrackPointExtension><gpxtpx:bearing>268.37</gpxtpx:bearing><gpxtpx:speed>28.450756</gpxtpx:speed></gpxtpx:TrackPointExtension></extensions><geoidheight>-23.7</geoidheight><src>gps</src><sat>15</sat><hdop>0.73</hdop><vdop>0.95</vdop><pdop>1.20</pdop><dgpsid>0000</dgpsid></trkpt>
<trkpt lat="29.697316500000003" lon="-97.08719133333334"><ele>119.0</ele><time>2025-12-05T01:39:15.000Z</time><extensions><gpxtpx:TrackPointExtension><gpxtpx:bearing>268.27</gpxtpx:bearing><gpxtpx:speed>28.450756</gpxtpx:speed></gpxtpx:TrackPointExtension></extensions><geoidheight>-23.7</geoidheight><src>gps</src><sat>7</sat><hdop>0.92</hdop><vdop>1.06</vdop><pdop>1.40</pdop><dgpsid>0000</dgpsid></trkpt>
<trkpt lat="29.697231000000002" lon="-97.09038299999999"><ele>120.3</ele><time>2025-12-05T01:39:26.000Z</time><extensions><gpxtpx:TrackPointExtension><gpxtpx:bearing>268.44</gpxtpx:bearing><gpxtpx:speed>27.936548</gpxtpx:speed></gpxtpx:TrackPointExtension></extensions><geoidheight>-23.7</geoidheight><src>gps</src><sat>16</sat><hdop>0.61</hdop><vdop>0.86</vdop><pdop>1.06</pdop><dgpsid>0000</dgpsid></trkpt>
<trkpt lat="29.697151166666664" lon="-97.09354566666667"><ele>117.9</ele><time>2025-12-05T01:39:37.000Z</time><extensions><gpxtpx:TrackPointExtension><gpxtpx:bearing>268.48</gpxtpx:bearing><gpxtpx:speed>27.72963</gpxtpx:speed></gpxtpx:TrackPointExtension></extensions><geoidheight>-23.7</geoidheight><src>gps</src><sat>16</sat><hdop>0.65</hdop><vdop>0.92</vdop><pdop>1.12</pdop><dgpsid>0000</dgpsid></trkpt>
<trkpt lat="29.697091" lon="-97.09676533333335"><ele>113.0</ele><time>2025-12-05T01:39:48.000Z</time><extensions><gpxtpx:TrackPointExtension><gpxtpx:bearing>268.77</gpxtpx:bearing><gpxtpx:speed>28.781208</gpxtpx:speed></gpxtpx:TrackPointExtension></extensions><geoidheight>-23.7</geoidheight><src>gps</src><sat>16</sat><hdop>0.65</hdop><vdop>0.92</vdop><pdop>1.12</pdop><dgpsid>0000</dgpsid></trkpt>
<trkpt lat="29.697046" lon="-97.10004816666667"><ele>110.8</ele><time>2025-12-05T01:39:59.000Z</time><extensions><gpxtpx:TrackPointExtension><gpxtpx:bearing>268.52</gpxtpx:bearing><gpxtpx:speed>28.670542</gpxtpx:speed></gpxtpx:TrackPointExtension></extensions><geoidheight>-23.7</geoidheight><src>gps</src><sat>16</sat><hdop>0.61</hdop><vdop>0.87</vdop><pdop>1.06</pdop><dgpsid>0000</dgpsid></trkpt>
<trkpt lat="29.696980500000002" lon="-97.10319499999999"><ele>114.9</ele><time>2025-12-05T01:40:10.000Z</time><extensions><gpxtpx:TrackPointExtension><gpxtpx:bearing>268.82</gpxtpx:bearing><gpxtpx:speed>27.237556</gpxtpx:speed></gpxtpx:TrackPointExtension></extensions><geoidheight>-23.7</geoidheight><src>gps</src><sat>16</sat><hdop>0.61</hdop><vdop>0.87</vdop><pdop>1.06</pdop><dgpsid>0000</dgpsid></trkpt>
<trkpt lat="29.696911999999998" lon="-97.10630533333332"><ele>112.5</ele><time>2025-12-05T01:40:21.000Z</time><extensions><gpxtpx:TrackPointExtension><gpxtpx:bearing>268.75</gpxtpx:bearing><gpxtpx:speed>27.042477</gpxtpx:speed></gpxtpx:TrackPointExtension></extensions><geoidheight>-23.7</geoidheight><src>gps</src><sat>16</sat><hdop>0.61</hdop><vdop>0.87</vdop><pdop>1.06</pdop><dgpsid>0000</dgpsid></trkpt>
<trkpt lat="29.696847166666664" lon="-97.10942533333333"><ele>110.8</ele><time>2025-12-05T01:40:32.000Z</time><extensions><gpxtpx:TrackPointExtension><gpxtpx:bearing>268.95</gpxtpx:bearing><gpxtpx:speed>27.744043</gpxtpx:speed></gpxtpx:TrackPointExtension></extensions><geoidheight>-23.7</geoidheight><src>gps</src><sat>16</sat><hdop>0.61</hdop><vdop>0.87</vdop><pdop>1.06</pdop><dgpsid>0000</dgpsid></trkpt>
<trkpt lat="29.696779999999997" lon="-97.11267166666667"><ele>109.8</ele><time>2025-12-05T01:40:43.000Z</time><extensions><gpxtpx:TrackPointExtension><gpxtpx:bearing>268.5</gpxtpx:bearing><gpxtpx:speed>28.950037</gpxtpx:speed></gpxtpx:TrackPointExtension></extensions><geoidheight>-23.7</geoidheight><src>gps</src><sat>17</sat><hdop>0.61</hdop><vdop>0.87</vdop><pdop>1.07</pdop><dgpsid>0000</dgpsid></trkpt>
<trkpt lat="29.696702" lon="-97.11593666666667"><ele>112.4</ele><time>2025-12-05T01:40:54.000Z</time><extensions><gpxtpx:TrackPointExtension><gpxtpx:bearing>268.69</gpxtpx:bearing><gpxtpx:speed>28.685984</gpxtpx:speed></gpxtpx:TrackPointExtension></extensions><geoidheight>-23.7</geoidheight><src>gps</src><sat>16</sat><hdop>0.61</hdop><vdop>0.87</vdop><pdop>1.07</pdop><dgpsid>0000</dgpsid></trkpt>
<trkpt lat="29.696630333333328" lon="-97.11919283333333"><ele>113.0</ele><time>2025-12-05T01:41:05.000Z</time><extensions><gpxtpx:TrackPointExtension><gpxtpx:bearing>268.58</gpxtpx:bearing><gpxtpx:speed>28.767311</gpxtpx:speed></gpxtpx:TrackPointExtension></extensions><geoidheight>-23.7</geoidheight><src>gps</src><sat>15</sat><hdop>0.61</hdop><vdop>0.87</vdop><pdop>1.07</pdop><dgpsid>0000</dgpsid></trkpt>
<trkpt lat="29.696566999999998" lon="-97.12246666666667"><ele>113.6</ele><time>2025-12-05T01:41:16.000Z</time><extensions><gpxtpx:TrackPointExtension><gpxtpx:bearing>268.64</gpxtpx:bearing><gpxtpx:speed>28.649954</gpxtpx:speed></gpxtpx:TrackPointExtension></extensions><geoidheight>-23.7</geoidheight><src>gps</src><sat>16</sat><hdop>0.61</hdop><vdop>0.87</vdop><pdop>1.07</pdop><dgpsid>0000</dgpsid></trkpt>
<trkpt lat="29.69654666666667" lon="-97.12576383333332"><ele>111.1</ele><time>2025-12-05T01:41:27.000Z</time><extensions><gpxtpx:TrackPointExtension><gpxtpx:bearing>270.44</gpxtpx:bearing><gpxtpx:speed>28.923271</gpxtpx:speed></gpxtpx:TrackPointExtension></extensions><geoidheight>-23.7</geoidheight><src>gps</src><sat>9</sat><hdop>1.14</hdop><vdop>1.75</vdop><pdop>2.09</pdop><dgpsid>0000</dgpsid></trkpt>
<trkpt lat="29.69657216666667" lon="-97.12900050000002"><ele>106.3</ele><time>2025-12-05T01:41:38.000Z</time><extensions><gpxtpx:TrackPointExtension><gpxtpx:bearing>270.74</gpxtpx:bearing><gpxtpx:speed>28.07295</gpxtpx:speed></gpxtpx:TrackPointExtension></extensions><geoidheight>-23.7</geoidheight><src>gps</src><sat>10</sat><hdop>0.82</hdop><vdop>1.11</vdop><pdop>1.38</pdop><dgpsid>0000</dgpsid></trkpt>
<trkpt lat="29.696614999999998" lon="-97.13227733333333"><ele>103.5</ele><time>2025-12-05T01:41:49.000Z</time><extensions><gpxtpx:TrackPointExtension><gpxtpx:bearing>269.76</gpxtpx:bearing><gpxtpx:speed>30.01757</gpxtpx:speed></gpxtpx:TrackPointExtension></extensions><geoidheight>-23.7</geoidheight><src>gps</src><sat>14</sat><hdop>0.87</hdop><vdop>0.98</vdop><pdop>1.31</pdop><dgpsid>0000</dgpsid></trkpt>
<trkpt lat="29.696651166666665" lon="-97.13568083333332"><ele>100.7</ele><time>2025-12-05T01:42:00.000Z</time><extensions><gpxtpx:TrackPointExtension><gpxtpx:bearing>270.69</gpxtpx:bearing><gpxtpx:speed>30.077278</gpxtpx:speed></gpxtpx:TrackPointExtension></extensions><geoidheight>-23.7</geoidheight><src>gps</src><sat>16</sat><hdop>0.66</hdop><vdop>0.96</vdop><pdop>1.17</pdop><dgpsid>0000</dgpsid></trkpt>
<trkpt lat="29.696698" lon="-97.13912916666668"><ele>99.3</ele><time>2025-12-05T01:42:11.000Z</time><extensions><gpxtpx:TrackPointExtension><gpxtpx:bearing>270.73</gpxtpx:bearing><gpxtpx:speed>30.485453</gpxtpx:speed></gpxtpx:TrackPointExtension></extensions><geoidheight>-23.7</geoidheight><src>gps</src><sat>15</sat><hdop>0.62</hdop><vdop>0.91</vdop><pdop>1.10</pdop><dgpsid>0000</dgpsid></trkpt>
<trkpt lat="29.696682000000003" lon="-97.14258933333333"><ele>100.0</ele><time>2025-12-05T01:42:22.000Z</time><extensions><gpxtpx:TrackPointExtension><gpxtpx:bearing>266.49</gpxtpx:bearing><gpxtpx:speed>30.388685</gpxtpx:speed></gpxtpx:TrackPointExtension></extensions><geoidheight>-23.7</geoidheight><src>gps</src><sat>16</sat><hdop>0.66</hdop><vdop>0.97</vdop><pdop>1.17</pdop><dgpsid>0000</dgpsid></trkpt>
<trkpt lat="29.696187499999997" lon="-97.14597266666667"><ele>101.3</ele><time>2025-12-05T01:42:33.000Z</time><extensions><gpxtpx:TrackPointExtension><gpxtpx:bearing>255.39</gpxtpx:bearing><gpxtpx:speed>29.906906</gpxtpx:speed></gpxtpx:TrackPointExtension></extensions><geoidheight>-23.7</geoidheight><src>gps</src><sat>16</sat><hdop>0.64</hdop><vdop>0.93</vdop><pdop>1.13</pdop><dgpsid>0000</dgpsid></trkpt>
<trkpt lat="29.695408166666667" lon="-97.14924233333335"><ele>102.3</ele><time>2025-12-05T01:42:44.000Z</time><extensions><gpxtpx:TrackPointExtension><gpxtpx:bearing>254.65</gpxtpx:bearing><gpxtpx:speed>30.037645</gpxtpx:speed></gpxtpx:TrackPointExtension></extensions><geoidheight>-23.7</geoidheight><src>gps</src><sat>16</sat><hdop>0.61</hdop><vdop>0.88</vdop><pdop>1.07</pdop><dgpsid>0000</dgpsid></trkpt>
<trkpt lat="29.69461516666667" lon="-97.15254733333335"><ele>103.4</ele><time>2025-12-05T01:42:55.000Z</time><extensions><gpxtpx:TrackPointExtension><gpxtpx:bearing>254.68</gpxtpx:bearing><gpxtpx:speed>30.36089</gpxtpx:speed></gpxtpx:TrackPointExtension></extensions><geoidheight>-23.7</geoidheight><src>gps</src><sat>13</sat><hdop>0.66</hdop><vdop>0.93</vdop><pdop>1.14</pdop><dgpsid>0000</dgpsid></trkpt>
<trkpt lat="29.69381883333333" lon="-97.1559115"><ele>102.8</ele><time>2025-12-05T01:43:06.000Z</time><extensions><gpxtpx:TrackPointExtension><gpxtpx:bearing>254.35</gpxtpx:bearing><gpxtpx:speed>30.93429</gpxtpx:speed></gpxtpx:TrackPointExtension></extensions><geoidheight>-23.6</geoidheight><src>gps</src><sat>13</sat><hdop>0.84</hdop><vdop>1.05</vdop><pdop>1.34</pdop><dgpsid>0000</dgpsid></trkpt>
<trkpt lat="29.6930105" lon="-97.15933250000002"><ele>102.7</ele><time>2025-12-05T01:43:17.000Z</time><extensions><gpxtpx:TrackPointExtension><gpxtpx:bearing>256.55</gpxtpx:bearing><gpxtpx:speed>31.3646</gpxtpx:speed></gpxtpx:TrackPointExtension></extensions><geoidheight>-23.6</geoidheight><src>gps</src><sat>14</sat><hdop>0.79</hdop><vdop>1.09</vdop><pdop>1.35</pdop><dgpsid>0000</dgpsid></trkpt>
<trkpt lat="29.692252500000002" lon="-97.16276916666666"><ele>101.8</ele><time>2025-12-05T01:43:28.000Z</time><extensions><gpxtpx:TrackPointExtension><gpxtpx:bearing>260.66</gpxtpx:bearing><gpxtpx:speed>31.166431</gpxtpx:speed></gpxtpx:TrackPointExtension></extensions><geoidheight>-23.6</geoidheight><src>gps</src><sat>14</sat><hdop>0.75</hdop><vdop>1.01</vdop><pdop>1.26</pdop><dgpsid>0000</dgpsid></trkpt>
<trkpt lat="29.69202833333333" lon="-97.16603349999998"><ele>102.0</ele><time>2025-12-05T01:43:39.000Z</time><extensions><gpxtpx:TrackPointExtension><gpxtpx:bearing>269.9</gpxtpx:bearing><gpxtpx:speed>27.734262</gpxtpx:speed></gpxtpx:TrackPointExtension></extensions><geoidheight>-23.6</geoidheight><src>gps</src><sat>16</sat><hdop>0.61</hdop><vdop>0.89</vdop><pdop>1.08</pdop><dgpsid>0000</dgpsid></trkpt>
<trkpt lat="29.69205283333333" lon="-97.16911333333334"><ele>104.2</ele><time>2025-12-05T01:43:50.000Z</time><extensions><gpxtpx:TrackPointExtension><gpxtpx:bearing>270.67</gpxtpx:bearing><gpxtpx:speed>27.34822</gpxtpx:speed></gpxtpx:TrackPointExtension></extensions><geoidheight>-23.6</geoidheight><src>gps</src><sat>16</sat><hdop>0.64</hdop><vdop>0.97</vdop><pdop>1.16</pdop><dgpsid>0000</dgpsid></trkpt>
<trkpt lat="29.69208133333333" lon="-97.17220583333334"><ele>106.0</ele><time>2025-12-05T01:44:01.000Z</time><extensions><gpxtpx:TrackPointExtension><gpxtpx:bearing>270.65</gpxtpx:bearing><gpxtpx:speed>27.566463</gpxtpx:speed></gpxtpx:TrackPointExtension></extensions><geoidheight>-23.6</geoidheight><src>gps</src><sat>16</sat><hdop>0.61</hdop><vdop>0.89</vdop><pdop>1.08</pdop><dgpsid>0000</dgpsid></trkpt>
<trkpt lat="29.692105500000004" lon="-97.17533999999999"><ele>109.0</ele><time>2025-12-05T01:44:12.000Z</time><extensions><gpxtpx:TrackPointExtension><gpxtpx:bearing>270.65</gpxtpx:bearing><gpxtpx:speed>27.940151</gpxtpx:speed></gpxtpx:TrackPointExtension></extensions><geoidheight>-23.6</geoidheight><src>gps</src><sat>16</sat><hdop>0.61</hdop><vdop>0.89</vdop><pdop>1.08</pdop><dgpsid>0000</dgpsid></trkpt>
<trkpt lat="29.692135666666665" lon="-97.17858616666666"><ele>103.1</ele><time>2025-12-05T01:44:23.000Z</time><extensions><gpxtpx:TrackPointExtension><gpxtpx:bearing>271.17</gpxtpx:bearing><gpxtpx:speed>28.452301</gpxtpx:speed></gpxtpx:TrackPointExtension></extensions><geoidheight>-23.6</geoidheight><src>gps</src><sat>8</sat><hdop>1.30</hdop><vdop>1.84</vdop><pdop>2.25</pdop><dgpsid>0000</dgpsid></trkpt>
<trkpt lat="29.692147" lon="-97.18179066666669"><ele>93.2</ele><time>2025-12-05T01:44:34.000Z</time><extensions><gpxtpx:TrackPointExtension><gpxtpx:bearing>268.17</gpxtpx:bearing><gpxtpx:speed>28.06523</gpxtpx:speed></gpxtpx:TrackPointExtension></extensions><geoidheight>-23.6</geoidheight><src>gps</src><sat>8</sat><hdop>1.34</hdop><vdop>1.64</vdop><pdop>2.12</pdop><dgpsid>0000</dgpsid></trkpt>
<trkpt lat="29.69218883333333" lon="-97.18493050000001"><ele>88.3</ele><time>2025-12-05T01:44:45.000Z</time><extensions><gpxtpx:TrackPointExtension><gpxtpx:bearing>271.8</gpxtpx:bearing><gpxtpx:speed>28.375092</gpxtpx:speed></gpxtpx:TrackPointExtension></extensions><geoidheight>-23.6</geoidheight><src>gps</src><sat>10</sat><hdop>1.14</hdop><vdop>1.40</vdop><pdop>1.80</pdop><dgpsid>0000</dgpsid></trkpt>
<trkpt lat="29.69223983333333" lon="-97.1881725"><ele>91.3</ele><time>2025-12-05T01:44:56.000Z</time><extensions><gpxtpx:TrackPointExtension><gpxtpx:bearing>270.57</gpxtpx:bearing><gpxtpx:speed>27.956623</gpxtpx:speed></gpxtpx:TrackPointExtension></extensions><geoidheight>-23.6</geoidheight><src>gps</src><sat>16</sat><hdop>0.65</hdop><vdop>0.99</vdop><pdop>1.18</pdop><dgpsid>0000</dgpsid></trkpt>
<trkpt lat="29.692270666666666" lon="-97.19137616666667"><ele>91.7</ele><time>2025-12-05T01:45:07.000Z</time><extensions><gpxtpx:TrackPointExtension><gpxtpx:bearing>270.64</gpxtpx:bearing><gpxtpx:speed>27.879929</gpxtpx:speed></gpxtpx:TrackPointExtension></extensions><geoidheight>-23.6</geoidheight><src>gps</src><sat>16</sat><hdop>0.61</hdop><vdop>0.90</vdop><pdop>1.09</pdop><dgpsid>0000</dgpsid></trkpt>
<trkpt lat="29.692295833333333" lon="-97.19458600000002"><ele>95.6</ele><time>2025-12-05T01:45:18.000Z</time><extensions><gpxtpx:TrackPointExtension><gpxtpx:bearing>270.64</gpxtpx:bearing><gpxtpx:speed>28.333399</gpxtpx:speed></gpxtpx:TrackPointExtension></extensions><geoidheight>-23.6</geoidheight><src>gps</src><sat>16</sat><hdop>0.64</hdop><vdop>0.91</vdop><pdop>1.11</pdop><dgpsid>0000</dgpsid></trkpt>
<trkpt lat="29.692332333333336" lon="-97.19784283333333"><ele>96.4</ele><time>2025-12-05T01:45:29.000Z</time><extensions><gpxtpx:TrackPointExtension><gpxtpx:bearing>271.12</gpxtpx:bearing><gpxtpx:speed>28.59179</gpxtpx:speed></gpxtpx:TrackPointExtension></extensions><geoidheight>-23.6</geoidheight><src>gps</src><sat>16</sat><hdop>0.61</hdop><vdop>0.90</vdop><pdop>1.09</pdop><dgpsid>0000</dgpsid></trkpt>
<trkpt lat="29.692369999999997" lon="-97.20111049999998"><ele>95.3</ele><time>2025-12-05T01:45:40.000Z</time><extensions><gpxtpx:TrackPointExtension><gpxtpx:bearing>270.41</gpxtpx:bearing><gpxtpx:speed>29.164162</gpxtpx:speed></gpxtpx:TrackPointExtension></extensions><geoidheight>-23.6</geoidheight><src>gps</src><sat>10</sat><hdop>0.86</hdop><vdop>1.25</vdop><pdop>1.52</pdop><dgpsid>0000</dgpsid></trkpt>
<trkpt lat="29.692402" lon="-97.20439"><ele>96.6</ele><time>2025-12-05T01:45:51.000Z</time><extensions><gpxtpx:TrackPointExtension><gpxtpx:bearing>270.3</gpxtpx:bearing><gpxtpx:speed>28.40649</gpxtpx:speed></gpxtpx:TrackPointExtension></extensions><geoidheight>-23.6</geoidheight><src>gps</src><sat>12</sat><hdop>0.77</hdop><vdop>1.34</vdop><pdop>1.55</pdop><dgpsid>0000</dgpsid></trkpt>
<trkpt lat="29.692432666666665" lon="-97.20760933333334"><ele>97.5</ele><time>2025-12-05T01:46:02.000Z</time><extensions><gpxtpx:TrackPointExtension><gpxtpx:bearing>270.45</gpxtpx:bearing><gpxtpx:speed>28.27781</gpxtpx:speed></gpxtpx:TrackPointExtension></extensions><geoidheight>-23.6</geoidheight><src>gps</src><sat>17</sat><hdop>0.62</hdop><vdop>0.91</vdop><pdop>1.10</pdop><dgpsid>0000</dgpsid></trkpt>
<trkpt lat="29.692462666666664" lon="-97.210817"><ele>99.3</ele><time>2025-12-05T01:46:13.000Z</time><extensions><gpxtpx:TrackPointExtension><gpxtpx:bearing>270.37</gpxtpx:bearing><gpxtpx:speed>27.97258</gpxtpx:speed></gpxtpx:TrackPointExtension></extensions><geoidheight>-23.6</geoidheight><src>gps</src><sat>17</sat><hdop>0.62</hdop><vdop>0.91</vdop><pdop>1.10</pdop><dgpsid>0000</dgpsid></trkpt>
<trkpt lat="29.692495500000003" lon="-97.2140155"><ele>101.5</ele><time>2025-12-05T01:46:24.000Z</time><extensions><gpxtpx:TrackPointExtension><gpxtpx:bearing>270.64</gpxtpx:bearing><gpxtpx:speed>28.231485</gpxtpx:speed></gpxtpx:TrackPointExtension></extensions><geoidheight>-23.6</geoidheight><src>gps</src><sat>17</sat><hdop>0.62</hdop><vdop>0.91</vdop><pdop>1.10</pdop><dgpsid>0000</dgpsid></trkpt>
<trkpt lat="29.692527666666667" lon="-97.21721883333333"><ele>106.4</ele><time>2025-12-05T01:46:35.000Z</time><extensions><gpxtpx:TrackPointExtension><gpxtpx:bearing>270.81</gpxtpx:bearing><gpxtpx:speed>28.524876</gpxtpx:speed></gpxtpx:TrackPointExtension></extensions><geoidheight>-23.6</geoidheight><src>gps</src><sat>17</sat><hdop>0.62</hdop><vdop>0.91</vdop><pdop>1.10</pdop><dgpsid>0000</dgpsid></trkpt>
<trkpt lat="29.692556333333332" lon="-97.2205175"><ele>111.7</ele><time>2025-12-05T01:46:46.000Z</time><extensions><gpxtpx:TrackPointExtension><gpxtpx:bearing>271.02</gpxtpx:bearing><gpxtpx:speed>29.338137</gpxtpx:speed></gpxtpx:TrackPointExtension></extensions><geoidheight>-23.6</geoidheight><src>gps</src><sat>16</sat><hdop>0.62</hdop><vdop>0.91</vdop><pdop>1.10</pdop><dgpsid>0000</dgpsid></trkpt>
<trkpt lat="29.692587166666666" lon="-97.22386999999999"><ele>104.8</ele><time>2025-12-05T01:46:57.000Z</time><extensions><gpxtpx:TrackPointExtension><gpxtpx:bearing>270.53</gpxtpx:bearing><gpxtpx:speed>30.161179</gpxtpx:speed></gpxtpx:TrackPointExtension></extensions><geoidheight>-23.6</geoidheight><src>gps</src><sat>16</sat><hdop>0.67</hdop><vdop>1.01</vdop><pdop>1.21</pdop><dgpsid>0000</dgpsid></trkpt>
<trkpt lat="29.6926265" lon="-97.22729166666667"><ele>95.7</ele><time>2025-12-05T01:47:08.000Z</time><extensions><gpxtpx:TrackPointExtension><gpxtpx:bearing>271.1</gpxtpx:bearing><gpxtpx:speed>30.374788</gpxtpx:speed></gpxtpx:TrackPointExtension></extensions><geoidheight>-23.6</geoidheight><src>gps</src><sat>14</sat><hdop>0.77</hdop><vdop>1.09</vdop><pdop>1.34</pdop><dgpsid>0000</dgpsid></trkpt>
<trkpt lat="29.692645833333337" lon="-97.23070516666667"><ele>90.1</ele><time>2025-12-05T01:47:19.000Z</time><extensions><gpxtpx:TrackPointExtension><gpxtpx:bearing>270.04</gpxtpx:bearing><gpxtpx:speed>29.978966</gpxtpx:speed></gpxtpx:TrackPointExtension></extensions><geoidheight>-23.6</geoidheight><src>gps</src><sat>10</sat><hdop>0.98</hdop><vdop>1.61</vdop><pdop>1.88</pdop><dgpsid>0000</dgpsid></trkpt>
<trkpt lat="29.692668166666667" lon="-97.23412733333335"><ele>89.4</ele><time>2025-12-05T01:47:30.000Z</time><extensions><gpxtpx:TrackPointExtension><gpxtpx:bearing>273.33</gpxtpx:bearing><gpxtpx:speed>30.22552</gpxtpx:speed></gpxtpx:TrackPointExtension></extensions><geoidheight>-23.6</geoidheight><src>gps</src><sat>5</sat><hdop>2.00</hdop><vdop>2.54</vdop><pdop>3.23</pdop><dgpsid>0000</dgpsid></trkpt>
<trkpt lat="29.692681500000003" lon="-97.23746916666666"><ele>81.6</ele><time>2025-12-05T01:47:41.000Z</time><extensions><gpxtpx:TrackPointExtension><gpxtpx:bearing>270.72</gpxtpx:bearing><gpxtpx:speed>29.895067</gpxtpx:speed></gpxtpx:TrackPointExtension></extensions><geoidheight>-23.6</geoidheight><src>gps</src><sat>12</sat><hdop>0.78</hdop><vdop>1.11</vdop><pdop>1.35</pdop><dgpsid>0000</dgpsid></trkpt>
<trkpt lat="29.692584333333336" lon="-97.24083516666666"><ele>79.3</ele><time>2025-12-05T01:47:52.000Z</time><extensions><gpxtpx:TrackPointExtension><gpxtpx:bearing>264.01</gpxtpx:bearing><gpxtpx:speed>29.427185</gpxtpx:speed></gpxtpx:TrackPointExtension></extensions><geoidheight>-23.6</geoidheight><src>gps</src><sat>15</sat><hdop>0.71</hdop><vdop>1.03</vdop><pdop>1.25</pdop><dgpsid>0000</dgpsid></trkpt>
<trkpt lat="29.692032499999996" lon="-97.244061"><ele>89.0</ele><time>2025-12-05T01:48:03.000Z</time><extensions><gpxtpx:TrackPointExtension><gpxtpx:bearing>253.74</gpxtpx:bearing><gpxtpx:speed>28.33031</gpxtpx:speed></gpxtpx:TrackPointExtension></extensions><geoidheight>-23.6</geoidheight><src>gps</src><sat>17</sat><hdop>0.66</hdop><vdop>0.92</vdop><pdop>1.13</pdop><dgpsid>0000</dgpsid></trkpt>
<trkpt lat="29.691057166666663" lon="-97.24705549999999"><ele>94.0</ele><time>2025-12-05T01:48:14.000Z</time><extensions><gpxtpx:TrackPointExtension><gpxtpx:bearing>247.91</gpxtpx:bearing><gpxtpx:speed>27.903606</gpxtpx:speed></gpxtpx:TrackPointExtension></extensions><geoidheight>-23.6</geoidheight><src>gps</src><sat>16</sat><hdop>0.62</hdop><vdop>0.92</vdop><pdop>1.11</pdop><dgpsid>0000</dgpsid></trkpt>
<trkpt lat="29.690030833333335" lon="-97.249989"><ele>98.7</ele><time>2025-12-05T01:48:25.000Z</time><extensions><gpxtpx:TrackPointExtension><gpxtpx:bearing>248.36</gpxtpx:bearing><gpxtpx:speed>27.959711</gpxtpx:speed></gpxtpx:TrackPointExtension></extensions><geoidheight>-23.6</geoidheight><src>gps</src><sat>17</sat><hdop>0.62</hdop><vdop>0.92</vdop><pdop>1.11</pdop><dgpsid>0000</dgpsid></trkpt>
<trkpt lat="29.68899683333333" lon="-97.25293383333334"><ele>102.9</ele><time>2025-12-05T01:48:36.000Z</time><extensions><gpxtpx:TrackPointExtension><gpxtpx:bearing>248.35</gpxtpx:bearing><gpxtpx:speed>27.996256</gpxtpx:speed></gpxtpx:TrackPointExtension></extensions><geoidheight>-23.6</geoidheight><src>gps</src><sat>17</sat><hdop>0.62</hdop><vdop>0.92</vdop><pdop>1.11</pdop><dgpsid>0000</dgpsid></trkpt>
<trkpt lat="29.687959999999997" lon="-97.25592316666668"><ele>104.5</ele><time>2025-12-05T01:48:47.000Z</time><extensions><gpxtpx:TrackPointExtension><gpxtpx:bearing>248.4</gpxtpx:bearing><gpxtpx:speed>28.787899</gpxtpx:speed></gpxtpx:TrackPointExtension></extensions><geoidheight>-23.6</geoidheight><src>gps</src><sat>17</sat><hdop>0.62</hdop><vdop>0.92</vdop><pdop>1.11</pdop><dgpsid>0000</dgpsid></trkpt>
<trkpt lat="29.686856166666665" lon="-97.25900449999999"><ele>106.2</ele><time>2025-12-05T01:48:58.000Z</time><extensions><gpxtpx:TrackPointExtension><gpxtpx:bearing>248.14</gpxtpx:bearing><gpxtpx:speed>29.713884</gpxtpx:speed></gpxtpx:TrackPointExtension></extensions><geoidheight>-23.6</geoidheight><src>gps</src><sat>17</sat><hdop>0.62</hdop><vdop>0.93</vdop><pdop>1.12</pdop><dgpsid>0000</dgpsid></trkpt>
<trkpt lat="29.685749666666666" lon="-97.26213833333334"><ele>104.5</ele><time>2025-12-05T01:49:09.000Z</time><extensions><gpxtpx:TrackPointExtension><gpxtpx:bearing>248.02</gpxtpx:bearing><gpxtpx:speed>29.972275</gpxtpx:speed></gpxtpx:TrackPointExtension></extensions><geoidheight>-23.6</geoidheight><src>gps</src><sat>17</sat><hdop>0.62</hdop><vdop>0.93</vdop><pdop>1.12</pdop><dgpsid>0000</dgpsid></trkpt>
<trkpt lat="29.684509333333335" lon="-97.265201"><ele>106.7</ele><time>2025-12-05T01:49:20.000Z</time><extensions><gpxtpx:TrackPointExtension><gpxtpx:bearing>242.15</gpxtpx:bearing><gpxtpx:speed>29.118866</gpxtpx:speed></gpxtpx:TrackPointExtension></extensions><geoidheight>-23.6</geoidheight><src>gps</src><sat>17</sat><hdop>0.62</hdop><vdop>0.93</vdop><pdop>1.12</pdop><dgpsid>0000</dgpsid></trkpt>
<trkpt lat="29.68313033333333" lon="-97.26808516666667"><ele>110.9</ele><time>2025-12-05T01:49:31.000Z</time><extensions><gpxtpx:TrackPointExtension><gpxtpx:bearing>241.44</gpxtpx:bearing><gpxtpx:speed>29.021584</gpxtpx:speed></gpxtpx:TrackPointExtension></extensions><geoidheight>-23.6</geoidheight><src>gps</src><sat>17</sat><hdop>0.62</hdop><vdop>0.93</vdop><pdop>1.12</pdop><dgpsid>0000</dgpsid></trkpt>
<trkpt lat="29.68173116666667" lon="-97.270994"><ele>108.2</ele><time>2025-12-05T01:49:42.000Z</time><extensions><gpxtpx:TrackPointExtension><gpxtpx:bearing>241.04</gpxtpx:bearing><gpxtpx:speed>29.4452</gpxtpx:speed></gpxtpx:TrackPointExtension></extensions><geoidheight>-23.6</geoidheight><src>gps</src><sat>16</sat><hdop>0.64</hdop><vdop>0.95</vdop><pdop>1.14</pdop><dgpsid>0000</dgpsid></trkpt>
<trkpt lat="29.680316333333334" lon="-97.27393066666667"><ele>101.0</ele><time>2025-12-05T01:49:53.000Z</time><extensions><gpxtpx:TrackPointExtension><gpxtpx:bearing>241.45</gpxtpx:bearing><gpxtpx:speed>29.24034</gpxtpx:speed></gpxtpx:TrackPointExtension></extensions><geoidheight>-23.6</geoidheight><src>gps</src><sat>16</sat><hdop>0.61</hdop><vdop>0.93</vdop><pdop>1.11</pdop><dgpsid>0000</dgpsid></trkpt>
<trkpt lat="29.678939" lon="-97.27678666666667"><ele>102.9</ele><time>2025-12-05T01:50:04.000Z</time><extensions><gpxtpx:TrackPointExtension><gpxtpx:bearing>241.04</gpxtpx:bearing><gpxtpx:speed>28.579437</gpxtpx:speed></gpxtpx:TrackPointExtension></extensions><geoidheight>-23.6</geoidheight><src>gps</src><sat>16</sat><hdop>0.64</hdop><vdop>1.01</vdop><pdop>1.19</pdop><dgpsid>0000</dgpsid></trkpt>
<trkpt lat="29.677546666666665" lon="-97.27968116666668"><ele>105.4</ele><time>2025-12-05T01:50:15.000Z</time><extensions><gpxtpx:TrackPointExtension><gpxtpx:bearing>240.84</gpxtpx:bearing><gpxtpx:speed>29.394756</gpxtpx:speed></gpxtpx:TrackPointExtension></extensions><geoidheight>-23.6</geoidheight><src>gps</src><sat>13</sat><hdop>0.70</hdop><vdop>1.18</vdop><pdop>1.38</pdop><dgpsid>0000</dgpsid></trkpt>
<trkpt lat="29.676123833333335" lon="-97.28263083333334"><ele>108.1</ele><time>2025-12-05T01:50:26.000Z</time><extensions><gpxtpx:TrackPointExtension><gpxtpx:bearing>241.33</gpxtpx:bearing><gpxtpx:speed>29.729841</gpxtpx:speed></gpxtpx:TrackPointExtension></extensions><geoidheight>-23.6</geoidheight><src>gps</src><sat>16</sat><hdop>0.61</hdop><vdop>0.93</vdop><pdop>1.11</pdop><dgpsid>0000</dgpsid></trkpt>
<trkpt lat="29.674699999999998" lon="-97.28557500000001"><ele>111.5</ele><time>2025-12-05T01:50:37.000Z</time><extensions><gpxtpx:TrackPointExtension><gpxtpx:bearing>241.16</gpxtpx:bearing><gpxtpx:speed>29.440567</gpxtpx:speed></gpxtpx:TrackPointExtension></extensions><geoidheight>-23.6</geoidheight><src>gps</src><sat>16</sat><hdop>0.61</hdop><vdop>0.93</vdop><pdop>1.12</pdop><dgpsid>0000</dgpsid></trkpt>
<trkpt lat="29.67330416666667" lon="-97.288471"><ele>114.1</ele><time>2025-12-05T01:50:48.000Z</time><extensions><gpxtpx:TrackPointExtension><gpxtpx:bearing>241.09</gpxtpx:bearing><gpxtpx:speed>28.69525</gpxtpx:speed></gpxtpx:TrackPointExtension></extensions><geoidheight>-23.6</geoidheight><src>gps</src><sat>16</sat><hdop>0.62</hdop><vdop>0.96</vdop><pdop>1.14</pdop><dgpsid>0000</dgpsid></trkpt>
<trkpt lat="29.67194716666667" lon="-97.29128133333333"><ele>116.9</ele><time>2025-12-05T01:50:59.000Z</time><extensions><gpxtpx:TrackPointExtension><gpxtpx:bearing>240.61</gpxtpx:bearing><gpxtpx:speed>28.017876</gpxtpx:speed></gpxtpx:TrackPointExtension></extensions><geoidheight>-23.6</geoidheight><src>gps</src><sat>15</sat><hdop>0.64</hdop><vdop>1.01</vdop><pdop>1.20</pdop><dgpsid>0000</dgpsid></trkpt>
<trkpt lat="29.67067083333333" lon="-97.29402583333334"><ele>119.5</ele><time>2025-12-05T01:51:10.000Z</time><extensions><gpxtpx:TrackPointExtension><gpxtpx:bearing>245.6</gpxtpx:bearing><gpxtpx:speed>26.978136</gpxtpx:speed></gpxtpx:TrackPointExtension></extensions><geoidheight>-23.6</geoidheight><src>gps</src><sat>16</sat><hdop>0.64</hdop><vdop>1.01</vdop><pdop>1.20</pdop><dgpsid>0000</dgpsid></trkpt>
<trkpt lat="29.66990716666667" lon="-97.29695433333333"><ele>118.2</ele><time>2025-12-05T01:51:21.000Z</time><extensions><gpxtpx:TrackPointExtension><gpxtpx:bearing>260.97</gpxtpx:bearing><gpxtpx:speed>27.231379</gpxtpx:speed></gpxtpx:TrackPointExtension></extensions><geoidheight>-23.6</geoidheight><src>gps</src><sat>16</sat><hdop>0.62</hdop><vdop>0.96</vdop><pdop>1.15</pdop><dgpsid>0000</dgpsid></trkpt>
<trkpt lat="29.6696195" lon="-97.30004533333334"><ele>117.0</ele><time>2025-12-05T01:51:32.000Z</time><extensions><gpxtpx:TrackPointExtension><gpxtpx:bearing>264.86</gpxtpx:bearing><gpxtpx:speed>27.377045</gpxtpx:speed></gpxtpx:TrackPointExtension></extensions><geoidheight>-23.6</geoidheight><src>gps</src><sat>16</sat><hdop>0.65</hdop><vdop>1.04</vdop><pdop>1.22</pdop><dgpsid>0000</dgpsid></trkpt>
<trkpt lat="29.669357166666668" lon="-97.303124"><ele>115.8</ele><time>2025-12-05T01:51:43.000Z</time><extensions><gpxtpx:TrackPointExtension><gpxtpx:bearing>264.82</gpxtpx:bearing><gpxtpx:speed>26.975048</gpxtpx:speed></gpxtpx:TrackPointExtension></extensions><geoidheight>-23.5</geoidheight><src>gps</src><sat>16</sat><hdop>0.61</hdop><vdop>0.94</vdop><pdop>1.12</pdop><dgpsid>0000</dgpsid></trkpt>
<trkpt lat="29.669105833333333" lon="-97.30616216666667"><ele>113.3</ele><time>2025-12-05T01:51:54.000Z</time><extensions><gpxtpx:TrackPointExtension><gpxtpx:bearing>264.69</gpxtpx:bearing><gpxtpx:speed>27.299837</gpxtpx:speed></gpxtpx:TrackPointExtension></extensions><geoidheight>-23.5</geoidheight><src>gps</src><sat>16</sat><hdop>0.61</hdop><vdop>0.94</vdop><pdop>1.12</pdop><dgpsid>0000</dgpsid></trkpt>
<trkpt lat="29.6688435" lon="-97.30937333333334"><ele>110.5</ele><time>2025-12-05T01:52:05.000Z</time><extensions><gpxtpx:TrackPointExtension><gpxtpx:bearing>264.63</gpxtpx:bearing><gpxtpx:speed>29.169823</gpxtpx:speed></gpxtpx:TrackPointExtension></extensions><geoidheight>-23.5</geoidheight><src>gps</src><sat>16</sat><hdop>0.61</hdop><vdop>1.00</vdop><pdop>1.17</pdop><dgpsid>0000</dgpsid></trkpt>
<trkpt lat="29.668575" lon="-97.31265183333335"><ele>116.0</ele><time>2025-12-05T01:52:16.000Z</time><extensions><gpxtpx:TrackPointExtension><gpxtpx:bearing>264.61</gpxtpx:bearing><gpxtpx:speed>28.631424</gpxtpx:speed></gpxtpx:TrackPointExtension></extensions><geoidheight>-23.5</geoidheight><src>gps</src><sat>15</sat><hdop>0.63</hdop><vdop>1.04</vdop><pdop>1.21</pdop><dgpsid>0000</dgpsid></trkpt>
<trkpt lat="29.668311333333335" lon="-97.31585816666666"><ele>120.7</ele><time>2025-12-05T01:52:27.000Z</time><extensions><gpxtpx:TrackPointExtension><gpxtpx:bearing>264.69</gpxtpx:bearing><gpxtpx:speed>28.43583</gpxtpx:speed></gpxtpx:TrackPointExtension></extensions><geoidheight>-23.5</geoidheight><src>gps</src><sat>15</sat><hdop>0.61</hdop><vdop>1.00</vdop><pdop>1.18</pdop><dgpsid>0000</dgpsid></trkpt>
<trkpt lat="29.668030833333333" lon="-97.3191315"><ele>116.0</ele><time>2025-12-05T01:52:38.000Z</time><extensions><gpxtpx:TrackPointExtension><gpxtpx:bearing>264.79</gpxtpx:bearing><gpxtpx:speed>29.440567</gpxtpx:speed></gpxtpx:TrackPointExtension></extensions><geoidheight>-23.5</geoidheight><src>gps</src><sat>15</sat><hdop>0.61</hdop><vdop>1.00</vdop><pdop>1.18</pdop><dgpsid>0000</dgpsid></trkpt>
<trkpt lat="29.667747666666667" lon="-97.32246433333333"><ele>110.4</ele><time>2025-12-05T01:52:49.000Z</time><extensions><gpxtpx:TrackPointExtension><gpxtpx:bearing>264.49</gpxtpx:bearing><gpxtpx:speed>29.338652</gpxtpx:speed></gpxtpx:TrackPointExtension></extensions><geoidheight>-23.5</geoidheight><src>gps</src><sat>16</sat><hdop>0.61</hdop><vdop>0.95</vdop><pdop>1.13</pdop><dgpsid>0000</dgpsid></trkpt>
<trkpt lat="29.667477166666664" lon="-97.32571433333332"><ele>113.1</ele><time>2025-12-05T01:53:00.000Z</time><extensions><gpxtpx:TrackPointExtension><gpxtpx:bearing>264.48</gpxtpx:bearing><gpxtpx:speed>28.302002</gpxtpx:speed></gpxtpx:TrackPointExtension></extensions><geoidheight>-23.5</geoidheight><src>gps</src><sat>15</sat><hdop>0.61</hdop><vdop>1.01</vdop><pdop>1.18</pdop><dgpsid>0000</dgpsid></trkpt>
<trkpt lat="29.667215499999998" lon="-97.32889783333333"><ele>116.8</ele><time>2025-12-05T01:53:11.000Z</time><extensions><gpxtpx:TrackPointExtension><gpxtpx:bearing>264.41</gpxtpx:bearing><gpxtpx:speed>28.04773</gpxtpx:speed></gpxtpx:TrackPointExtension></extensions><geoidheight>-23.5</geoidheight><src>gps</src><sat>16</sat><hdop>0.61</hdop><vdop>0.95</vdop><pdop>1.13</pdop><dgpsid>0000</dgpsid></trkpt>
<trkpt lat="29.666961833333335" lon="-97.33204833333333"><ele>120.9</ele><time>2025-12-05T01:53:22.000Z</time><extensions><gpxtpx:TrackPointExtension><gpxtpx:bearing>264.65</gpxtpx:bearing><gpxtpx:speed>27.959711</gpxtpx:speed></gpxtpx:TrackPointExtension></extensions><geoidheight>-23.5</geoidheight><src>gps</src><sat>16</sat><hdop>0.61</hdop><vdop>0.95</vdop><pdop>1.13</pdop><dgpsid>0000</dgpsid></trkpt>
<trkpt lat="29.666687166666666" lon="-97.335281"><ele>119.5</ele><time>2025-12-05T01:53:33.000Z</time><extensions><gpxtpx:TrackPointExtension><gpxtpx:bearing>264.82</gpxtpx:bearing><gpxtpx:speed>29.131733</gpxtpx:speed></gpxtpx:TrackPointExtension></extensions><geoidheight>-23.5</geoidheight><src>gps</src><sat>16</sat><hdop>0.61</hdop><vdop>0.95</vdop><pdop>1.13</pdop><dgpsid>0000</dgpsid></trkpt>
<trkpt lat="29.666407333333336" lon="-97.338608"><ele>113.0</ele><time>2025-12-05T01:53:44.000Z</time><extensions><gpxtpx:TrackPointExtension><gpxtpx:bearing>264.63</gpxtpx:bearing><gpxtpx:speed>29.496157</gpxtpx:speed></gpxtpx:TrackPointExtension></extensions><geoidheight>-23.5</geoidheight><src>gps</src><sat>16</sat><hdop>0.61</hdop><vdop>0.95</vdop><pdop>1.13</pdop><dgpsid>0000</dgpsid></trkpt>
<trkpt lat="29.666137166666665" lon="-97.3419365"><ele>107.4</ele><time>2025-12-05T01:53:55.000Z</time><extensions><gpxtpx:TrackPointExtension><gpxtpx:bearing>264.84</gpxtpx:bearing><gpxtpx:speed>29.504908</gpxtpx:speed></gpxtpx:TrackPointExtension></extensions><geoidheight>-23.5</geoidheight><src>gps</src><sat>17</sat><hdop>0.64</hdop><vdop>0.96</vdop><pdop>1.15</pdop><dgpsid>0000</dgpsid></trkpt>
<trkpt lat="29.665862833333335" lon="-97.3452535"><ele>104.5</ele><time>2025-12-05T01:54:06.000Z</time><extensions><gpxtpx:TrackPointExtension><gpxtpx:bearing>264.79</gpxtpx:bearing><gpxtpx:speed>28.788929</gpxtpx:speed></gpxtpx:TrackPointExtension></extensions><geoidheight>-23.5</geoidheight><src>gps</src><sat>16</sat><hdop>0.65</hdop><vdop>1.05</vdop><pdop>1.23</pdop><dgpsid>0000</dgpsid></trkpt>
<trkpt lat="29.66559833333333" lon="-97.34842766666667"><ele>107.6</ele><time>2025-12-05T01:54:17.000Z</time><extensions><gpxtpx:TrackPointExtension><gpxtpx:bearing>264.33</gpxtpx:bearing><gpxtpx:speed>27.729116</gpxtpx:speed></gpxtpx:TrackPointExtension></extensions><geoidheight>-23.5</geoidheight><src>gps</src><sat>16</sat><hdop>0.61</hdop><vdop>0.96</vdop><pdop>1.13</pdop><dgpsid>0000</dgpsid></trkpt>
<trkpt lat="29.66534" lon="-97.35154949999999"><ele>110.4</ele><time>2025-12-05T01:54:28.000Z</time><extensions><gpxtpx:TrackPointExtension><gpxtpx:bearing>264.59</gpxtpx:bearing><gpxtpx:speed>27.54227</gpxtpx:speed></gpxtpx:TrackPointExtension></extensions><geoidheight>-23.5</geoidheight><src>gps</src><sat>16</sat><hdop>0.61</hdop><vdop>0.96</vdop><pdop>1.14</pdop><dgpsid>0000</dgpsid></trkpt>
<trkpt lat="29.66507633333333" lon="-97.35464516666667"><ele>112.5</ele><time>2025-12-05T01:54:39.000Z</time><extensions><gpxtpx:TrackPointExtension><gpxtpx:bearing>264.42</gpxtpx:bearing><gpxtpx:speed>27.43521</gpxtpx:speed></gpxtpx:TrackPointExtension></extensions><geoidheight>-23.5</geoidheight><src>gps</src><sat>14</sat><hdop>0.70</hdop><vdop>1.19</vdop><pdop>1.38</pdop><dgpsid>0000</dgpsid></trkpt>
<trkpt lat="29.664808" lon="-97.35775733333334"><ele>112.0</ele><time>2025-12-05T01:54:50.000Z</time><extensions><gpxtpx:TrackPointExtension><gpxtpx:bearing>264.76</gpxtpx:bearing><gpxtpx:speed>27.086742</gpxtpx:speed></gpxtpx:TrackPointExtension></extensions><geoidheight>-23.5</geoidheight><src>gps</src><sat>16</sat><hdop>0.61</hdop><vdop>0.96</vdop><pdop>1.14</pdop><dgpsid>0000</dgpsid></trkpt>
<trkpt lat="29.664562833333335" lon="-97.36081266666666"><ele>109.2</ele><time>2025-12-05T01:55:01.000Z</time><extensions><gpxtpx:TrackPointExtension><gpxtpx:bearing>264.58</gpxtpx:bearing><gpxtpx:speed>26.881369</gpxtpx:speed></gpxtpx:TrackPointExtension></extensions><geoidheight>-23.5</geoidheight><src>gps</src><sat>16</sat><hdop>0.61</hdop><vdop>0.96</vdop><pdop>1.14</pdop><dgpsid>0000</dgpsid></trkpt>
<trkpt lat="29.66431" lon="-97.36387549999999"><ele>104.7</ele><time>2025-12-05T01:55:12.000Z</time><extensions><gpxtpx:TrackPointExtension><gpxtpx:bearing>264.48</gpxtpx:bearing><gpxtpx:speed>26.90659</gpxtpx:speed></gpxtpx:TrackPointExtension></extensions><geoidheight>-23.5</geoidheight><src>gps</src><sat>14</sat><hdop>0.63</hdop><vdop>0.96</vdop><pdop>1.15</pdop><dgpsid>0000</dgpsid></trkpt>
<trkpt lat="29.664050166666666" lon="-97.36693083333333"><ele>104.5</ele><time>2025-12-05T01:55:23.000Z</time><extensions><gpxtpx:TrackPointExtension><gpxtpx:bearing>264.66</gpxtpx:bearing><gpxtpx:speed>26.924604</gpxtpx:speed></gpxtpx:TrackPointExtension></extensions><geoidheight>-23.5</geoidheight><src>gps</src><sat>16</sat><hdop>0.61</hdop><vdop>1.05</vdop><pdop>1.22</pdop><dgpsid>0000</dgpsid></trkpt>
<trkpt lat="29.663802499999996" lon="-97.36997033333334"><ele>102.5</ele><time>2025-12-05T01:55:34.000Z</time><extensions><gpxtpx:TrackPointExtension><gpxtpx:bearing>264.6</gpxtpx:bearing><gpxtpx:speed>26.794895</gpxtpx:speed></gpxtpx:TrackPointExtension></extensions><geoidheight>-23.5</geoidheight><src>gps</src><sat>16</sat><hdop>0.61</hdop><vdop>0.97</vdop><pdop>1.14</pdop><dgpsid>0000</dgpsid></trkpt>
<trkpt lat="29.66355" lon="-97.3730045"><ele>101.6</ele><time>2025-12-05T01:55:45.000Z</time><extensions><gpxtpx:TrackPointExtension><gpxtpx:bearing>264.83</gpxtpx:bearing><gpxtpx:speed>26.972988</gpxtpx:speed></gpxtpx:TrackPointExtension></extensions><geoidheight>-23.5</geoidheight><src>gps</src><sat>15</sat><hdop>0.70</hdop><vdop>1.08</vdop><pdop>1.29</pdop><dgpsid>0000</dgpsid></trkpt>
<trkpt lat="29.663295499999997" lon="-97.3761125"><ele>101.5</ele><time>2025-12-05T01:55:56.000Z</time><extensions><gpxtpx:TrackPointExtension><gpxtpx:bearing>265.06</gpxtpx:bearing><gpxtpx:speed>27.900518</gpxtpx:speed></gpxtpx:TrackPointExtension></extensions><geoidheight>-23.5</geoidheight><src>gps</src><sat>16</sat><hdop>0.65</hdop><vdop>0.97</vdop><pdop>1.17</pdop><dgpsid>0000</dgpsid></trkpt>
<trkpt lat="29.663029166666668" lon="-97.37925366666666"><ele>101.3</ele><time>2025-12-05T01:56:07.000Z</time><extensions><gpxtpx:TrackPointExtension><gpxtpx:bearing>264.69</gpxtpx:bearing><gpxtpx:speed>27.5922</gpxtpx:speed></gpxtpx:TrackPointExtension></extensions><geoidheight>-23.5</geoidheight><src>gps</src><sat>16</sat><hdop>0.65</hdop><vdop>0.97</vdop><pdop>1.17</pdop><dgpsid>0000</dgpsid></trkpt>
<trkpt lat="29.662781499999998" lon="-97.3823625"><ele>101.0</ele><time>2025-12-05T01:56:18.000Z</time><extensions><gpxtpx:TrackPointExtension><gpxtpx:bearing>265.04</gpxtpx:bearing><gpxtpx:speed>27.827942</gpxtpx:speed></gpxtpx:TrackPointExtension></extensions><geoidheight>-23.5</geoidheight><src>gps</src><sat>15</sat><hdop>0.69</hdop><vdop>1.20</vdop><pdop>1.38</pdop><dgpsid>0000</dgpsid></trkpt>
<trkpt lat="29.662517333333334" lon="-97.38545766666667"><ele>101.3</ele><time>2025-12-05T01:56:29.000Z</time><extensions><gpxtpx:TrackPointExtension><gpxtpx:bearing>264.51</gpxtpx:bearing><gpxtpx:speed>27.042992</gpxtpx:speed></gpxtpx:TrackPointExtension></extensions><geoidheight>-23.5</geoidheight><src>gps</src><sat>13</sat><hdop>0.80</hdop><vdop>1.39</vdop><pdop>1.60</pdop><dgpsid>0000</dgpsid></trkpt>
<trkpt lat="29.66217466666667" lon="-97.38851416666667"><ele>103.4</ele><time>2025-12-05T01:56:40.000Z</time><extensions><gpxtpx:TrackPointExtension><gpxtpx:bearing>260.57</gpxtpx:bearing><gpxtpx:speed>27.255571</gpxtpx:speed></gpxtpx:TrackPointExtension></extensions><geoidheight>-23.5</geoidheight><src>gps</src><sat>16</sat><hdop>0.70</hdop><vdop>1.09</vdop><pdop>1.30</pdop><dgpsid>0000</dgpsid></trkpt>
<trkpt lat="29.661727333333335" lon="-97.391534"><ele>108.5</ele><time>2025-12-05T01:56:51.000Z</time><extensions><gpxtpx:TrackPointExtension><gpxtpx:bearing>260.67</gpxtpx:bearing><gpxtpx:speed>26.745996</gpxtpx:speed></gpxtpx:TrackPointExtension></extensions><geoidheight>-23.5</geoidheight><src>gps</src><sat>15</sat><hdop>0.69</hdop><vdop>1.11</vdop><pdop>1.30</pdop><dgpsid>0000</dgpsid></trkpt>
<trkpt lat="29.661277499999997" lon="-97.39452466666668"><ele>113.5</ele><time>2025-12-05T01:57:02.000Z</time><extensions><gpxtpx:TrackPointExtension><gpxtpx:bearing>260.55</gpxtpx:bearing><gpxtpx:speed>26.784086</gpxtpx:speed></gpxtpx:TrackPointExtension></extensions><geoidheight>-23.5</geoidheight><src>gps</src><sat>16</sat><hdop>0.61</hdop><vdop>0.97</vdop><pdop>1.15</pdop><dgpsid>0000</dgpsid></trkpt>
<trkpt lat="29.660827" lon="-97.39753450000002"><ele>113.3</ele><time>2025-12-05T01:57:13.000Z</time><extensions><gpxtpx:TrackPointExtension><gpxtpx:bearing>260.27</gpxtpx:bearing><gpxtpx:speed>27.032696</gpxtpx:speed></gpxtpx:TrackPointExtension></extensions><geoidheight>-23.5</geoidheight><src>gps</src><sat>15</sat><hdop>0.79</hdop><vdop>1.27</vdop><pdop>1.50</pdop><dgpsid>0000</dgpsid></trkpt>
<trkpt lat="29.660375166666668" lon="-97.40053033333334"><ele>110.4</ele><time>2025-12-05T01:57:24.000Z</time><extensions><gpxtpx:TrackPointExtension><gpxtpx:bearing>260.53</gpxtpx:bearing><gpxtpx:speed>26.35944</gpxtpx:speed></gpxtpx:TrackPointExtension></extensions><geoidheight>-23.5</geoidheight><src>gps</src><sat>14</sat><hdop>0.69</hdop><vdop>1.12</vdop><pdop>1.32</pdop><dgpsid>0000</dgpsid></trkpt>
<trkpt lat="29.6599225" lon="-97.40356416666667"><ele>107.0</ele><time>2025-12-05T01:57:35.000Z</time><extensions><gpxtpx:TrackPointExtension><gpxtpx:bearing>259.81</gpxtpx:bearing><gpxtpx:speed>27.504696</gpxtpx:speed></gpxtpx:TrackPointExtension></extensions><geoidheight>-23.5</geoidheight><src>gps</src><sat>15</sat><hdop>0.66</hdop><vdop>1.01</vdop><pdop>1.20</pdop><dgpsid>0000</dgpsid></trkpt>
<trkpt lat="29.659466166666668" lon="-97.40665833333333"><ele>105.9</ele><time>2025-12-05T01:57:46.000Z</time><extensions><gpxtpx:TrackPointExtension><gpxtpx:bearing>260.35</gpxtpx:bearing><gpxtpx:speed>27.475357</gpxtpx:speed></gpxtpx:TrackPointExtension></extensions><geoidheight>-23.5</geoidheight><src>gps</src><sat>15</sat><hdop>0.71</hdop><vdop>1.13</vdop><pdop>1.33</pdop><dgpsid>0000</dgpsid></trkpt>
<trkpt lat="29.659077333333336" lon="-97.40968616666666"><ele>110.5</ele><time>2025-12-05T01:57:57.000Z</time><extensions><gpxtpx:TrackPointExtension><gpxtpx:bearing>263.02</gpxtpx:bearing><gpxtpx:speed>26.329071</gpxtpx:speed></gpxtpx:TrackPointExtension></extensions><geoidheight>-23.5</geoidheight><src>gps</src><sat>14</sat><hdop>0.66</hdop><vdop>1.01</vdop><pdop>1.21</pdop><dgpsid>0000</dgpsid></trkpt>
<trkpt lat="29.658764333333338" lon="-97.41264616666668"><ele>118.6</ele><time>2025-12-05T01:58:08.000Z</time><extensions><gpxtpx:TrackPointExtension><gpxtpx:bearing>262.8</gpxtpx:bearing><gpxtpx:speed>26.077887</gpxtpx:speed></gpxtpx:TrackPointExtension></extensions><geoidheight>-23.5</geoidheight><src>gps</src><sat>15</sat><hdop>0.65</hdop><vdop>1.07</vdop><pdop>1.26</pdop><dgpsid>0000</dgpsid></trkpt>
<trkpt lat="29.658462666666665" lon="-97.41556716666668"><ele>126.2</ele><time>2025-12-05T01:58:19.000Z</time><extensions><gpxtpx:TrackPointExtension><gpxtpx:bearing>262.84</gpxtpx:bearing><gpxtpx:speed>25.843174</gpxtpx:speed></gpxtpx:TrackPointExtension></extensions><geoidheight>-23.5</geoidheight><src>gps</src><sat>16</sat><hdop>0.64</hdop><vdop>0.99</vdop><pdop>1.18</pdop><dgpsid>0000</dgpsid></trkpt>
<trkpt lat="29.658153333333335" lon="-97.41849133333332"><ele>126.0</ele><time>2025-12-05T01:58:30.000Z</time><extensions><gpxtpx:TrackPointExtension><gpxtpx:bearing>263.17</gpxtpx:bearing><gpxtpx:speed>26.001194</gpxtpx:speed></gpxtpx:TrackPointExtension></extensions><geoidheight>-23.5</geoidheight><src>gps</src><sat>16</sat><hdop>0.67</hdop><vdop>0.99</vdop><pdop>1.20</pdop><dgpsid>0000</dgpsid></trkpt>
<trkpt lat="29.657844666666666" lon="-97.42138533333333"><ele>126.0</ele><time>2025-12-05T01:58:41.000Z</time><extensions><gpxtpx:TrackPointExtension><gpxtpx:bearing>263.1</gpxtpx:bearing><gpxtpx:speed>25.47103</gpxtpx:speed></gpxtpx:TrackPointExtension></extensions><geoidheight>-23.5</geoidheight><src>gps</src><sat>16</sat><hdop>0.61</hdop><vdop>0.98</vdop><pdop>1.16</pdop><dgpsid>0000</dgpsid></trkpt>
<trkpt lat="29.657547" lon="-97.4242635"><ele>127.1</ele><time>2025-12-05T01:58:52.000Z</time><extensions><gpxtpx:TrackPointExtension><gpxtpx:bearing>262.87</gpxtpx:bearing><gpxtpx:speed>25.64552</gpxtpx:speed></gpxtpx:TrackPointExtension></extensions><geoidheight>-23.5</geoidheight><src>gps</src><sat>16</sat><hdop>0.64</hdop><vdop>0.99</vdop><pdop>1.18</pdop><dgpsid>0000</dgpsid></trkpt>
<trkpt lat="29.657232999999998" lon="-97.42718766666667"><ele>126.5</ele><time>2025-12-05T01:59:03.000Z</time><extensions><gpxtpx:TrackPointExtension><gpxtpx:bearing>263.01</gpxtpx:bearing><gpxtpx:speed>26.178257</gpxtpx:speed></gpxtpx:TrackPointExtension></extensions><geoidheight>-23.5</geoidheight><src>gps</src><sat>16</sat><hdop>0.66</hdop><vdop>0.99</vdop><pdop>1.19</pdop><dgpsid>0000</dgpsid></trkpt>
<trkpt lat="29.656918000000005" lon="-97.43015166666667"><ele>126.7</ele><time>2025-12-05T01:59:14.000Z</time><extensions><gpxtpx:TrackPointExtension><gpxtpx:bearing>263.15</gpxtpx:bearing><gpxtpx:speed>26.36716</gpxtpx:speed></gpxtpx:TrackPointExtension></extensions><geoidheight>-23.5</geoidheight><src>gps</src><sat>16</sat><hdop>0.64</hdop><vdop>0.99</vdop><pdop>1.18</pdop><dgpsid>0000</dgpsid></trkpt>
<trkpt lat="29.656603000000004" lon="-97.4331785"><ele>126.0</ele><time>2025-12-05T01:59:25.000Z</time><extensions><gpxtpx:TrackPointExtension><gpxtpx:bearing>263.48</gpxtpx:bearing><gpxtpx:speed>27.37962</gpxtpx:speed></gpxtpx:TrackPointExtension></extensions><geoidheight>-23.5</geoidheight><src>gps</src><sat>16</sat><hdop>0.61</hdop><vdop>0.99</vdop><pdop>1.16</pdop><dgpsid>0000</dgpsid></trkpt>
<trkpt lat="29.65627233333333" lon="-97.43627666666667"><ele>125.1</ele><time>2025-12-05T01:59:36.000Z</time><extensions><gpxtpx:TrackPointExtension><gpxtpx:bearing>263.02</gpxtpx:bearing><gpxtpx:speed>27.55411</gpxtpx:speed></gpxtpx:TrackPointExtension></extensions><geoidheight>-23.5</geoidheight><src>gps</src><sat>16</sat><hdop>0.64</hdop><vdop>1.00</vdop><pdop>1.19</pdop><dgpsid>0000</dgpsid></trkpt>
<trkpt lat="29.6559415" lon="-97.43938433333332"><ele>124.6</ele><time>2025-12-05T01:59:47.000Z</time><extensions><gpxtpx:TrackPointExtension><gpxtpx:bearing>263.24</gpxtpx:bearing><gpxtpx:speed>27.73169</gpxtpx:speed></gpxtpx:TrackPointExtension></extensions><geoidheight>-23.5</geoidheight><src>gps</src><sat>16</sat><hdop>0.64</hdop><vdop>1.00</vdop><pdop>1.19</pdop><dgpsid>0000</dgpsid></trkpt>
<trkpt lat="29.65560966666667" lon="-97.44251666666666"><ele>124.0</ele><time>2025-12-05T01:59:58.000Z</time><extensions><gpxtpx:TrackPointExtension><gpxtpx:bearing>263.14</gpxtpx:bearing><gpxtpx:speed>27.869635</gpxtpx:speed></gpxtpx:TrackPointExtension></extensions><geoidheight>-23.5</geoidheight><src>gps</src><sat>16</sat><hdop>0.61</hdop><vdop>0.99</vdop><pdop>1.17</pdop><dgpsid>0000</dgpsid></trkpt>
<trkpt lat="29.655278" lon="-97.4456025"><ele>125.5</ele><time>2025-12-05T02:00:09.000Z</time><extensions><gpxtpx:TrackPointExtension><gpxtpx:bearing>262.96</gpxtpx:bearing><gpxtpx:speed>27.12689</gpxtpx:speed></gpxtpx:TrackPointExtension></extensions><geoidheight>-23.5</geoidheight><src>gps</src><sat>16</sat><hdop>0.64</hdop><vdop>1.00</vdop><pdop>1.19</pdop><dgpsid>0000</dgpsid></trkpt>
<trkpt lat="29.654949166666665" lon="-97.4487125"><ele>126.5</ele><time>2025-12-05T02:00:20.000Z</time><extensions><gpxtpx:TrackPointExtension><gpxtpx:bearing>263.05</gpxtpx:bearing><gpxtpx:speed>28.202145</gpxtpx:speed></gpxtpx:TrackPointExtension></extensions><geoidheight>-23.5</geoidheight><src>gps</src><sat>16</sat><hdop>0.71</hdop><vdop>1.05</vdop><pdop>1.27</pdop><dgpsid>0000</dgpsid></trkpt>
<trkpt lat="29.65455383333333" lon="-97.45192966666667"><ele>126.6</ele><time>2025-12-05T02:00:31.000Z</time><extensions><gpxtpx:TrackPointExtension><gpxtpx:bearing>261.13</gpxtpx:bearing><gpxtpx:speed>28.637085</gpxtpx:speed></gpxtpx:TrackPointExtension></extensions><geoidheight>-23.5</geoidheight><src>gps</src><sat>15</sat><hdop>0.66</hdop><vdop>1.03</vdop><pdop>1.22</pdop><dgpsid>0000</dgpsid></trkpt>
<trkpt lat="29.65410716666667" lon="-97.45507983333333"><ele>125.2</ele><time>2025-12-05T02:00:42.000Z</time><extensions><gpxtpx:TrackPointExtension><gpxtpx:bearing>261.14</gpxtpx:bearing><gpxtpx:speed>27.576242</gpxtpx:speed></gpxtpx:TrackPointExtension></extensions><geoidheight>-23.5</geoidheight><src>gps</src><sat>16</sat><hdop>0.61</hdop><vdop>1.00</vdop><pdop>1.17</pdop><dgpsid>0000</dgpsid></trkpt>
<trkpt lat="29.653662666666666" lon="-97.45820666666665"><ele>123.8</ele><time>2025-12-05T02:00:53.000Z</time><extensions><gpxtpx:TrackPointExtension><gpxtpx:bearing>260.48</gpxtpx:bearing><gpxtpx:speed>27.986992</gpxtpx:speed></gpxtpx:TrackPointExtension></extensions><geoidheight>-23.5</geoidheight><src>gps</src><sat>17</sat><hdop>0.63</hdop><vdop>1.03</vdop><pdop>1.20</pdop><dgpsid>0000</dgpsid></trkpt>
<trkpt lat="29.653211499999998" lon="-97.46135516666666"><ele>123.6</ele><time>2025-12-05T02:01:04.000Z</time><extensions><gpxtpx:TrackPointExtension><gpxtpx:bearing>260.71</gpxtpx:bearing><gpxtpx:speed>28.18413</gpxtpx:speed></gpxtpx:TrackPointExtension></extensions><geoidheight>-23.5</geoidheight><src>gps</src><sat>17</sat><hdop>0.64</hdop><vdop>1.00</vdop><pdop>1.19</pdop><dgpsid>0000</dgpsid></trkpt>
<trkpt lat="29.652753333333333" lon="-97.46450633333333"><ele>123.6</ele><time>2025-12-05T02:01:15.000Z</time><extensions><gpxtpx:TrackPointExtension><gpxtpx:bearing>260.84</gpxtpx:bearing><gpxtpx:speed>28.145525</gpxtpx:speed></gpxtpx:TrackPointExtension></extensions><geoidheight>-23.5</geoidheight><src>gps</src><sat>15</sat><hdop>0.69</hdop><vdop>1.03</vdop><pdop>1.24</pdop><dgpsid>0000</dgpsid></trkpt>
<trkpt lat="29.65229883333333" lon="-97.46766666666666"><ele>123.2</ele><time>2025-12-05T02:01:26.000Z</time><extensions><gpxtpx:TrackPointExtension><gpxtpx:bearing>260.56</gpxtpx:bearing><gpxtpx:speed>28.202145</gpxtpx:speed></gpxtpx:TrackPointExtension></extensions><geoidheight>-23.5</geoidheight><src>gps</src><sat>16</sat><hdop>0.61</hdop><vdop>1.00</vdop><pdop>1.17</pdop><dgpsid>0000</dgpsid></trkpt>
<trkpt lat="29.651848499999996" lon="-97.47082716666667"><ele>123.5</ele><time>2025-12-05T02:01:37.000Z</time><extensions><gpxtpx:TrackPointExtension><gpxtpx:bearing>260.35</gpxtpx:bearing><gpxtpx:speed>28.277294</gpxtpx:speed></gpxtpx:TrackPointExtension></extensions><geoidheight>-23.5</geoidheight><src>gps</src><sat>16</sat><hdop>0.61</hdop><vdop>1.00</vdop><pdop>1.17</pdop><dgpsid>0000</dgpsid></trkpt>
<trkpt lat="29.651396" lon="-97.47398916666667"><ele>123.6</ele><time>2025-12-05T02:01:48.000Z</time><extensions><gpxtpx:TrackPointExtension><gpxtpx:bearing>260.52</gpxtpx:bearing><gpxtpx:speed>28.016846</gpxtpx:speed></gpxtpx:TrackPointExtension></extensions><geoidheight>-23.5</geoidheight><src>gps</src><sat>16</sat><hdop>0.61</hdop><vdop>1.00</vdop><pdop>1.17</pdop><dgpsid>0000</dgpsid></trkpt>
<trkpt lat="29.65094766666667" lon="-97.47711550000001"><ele>125.3</ele><time>2025-12-05T02:01:59.000Z</time><extensions><gpxtpx:TrackPointExtension><gpxtpx:bearing>260.89</gpxtpx:bearing><gpxtpx:speed>27.936548</gpxtpx:speed></gpxtpx:TrackPointExtension></extensions><geoidheight>-23.5</geoidheight><src>gps</src><sat>15</sat><hdop>0.75</hdop><vdop>1.24</vdop><pdop>1.45</pdop><dgpsid>0000</dgpsid></trkpt>
<trkpt lat="29.650501666666667" lon="-97.48023466666668"><ele>129.4</ele><time>2025-12-05T02:02:10.000Z</time><extensions><gpxtpx:TrackPointExtension><gpxtpx:bearing>260.9</gpxtpx:bearing><gpxtpx:speed>27.63698</gpxtpx:speed></gpxtpx:TrackPointExtension></extensions><geoidheight>-23.4</geoidheight><src>gps</src><sat>16</sat><hdop>0.63</hdop><vdop>1.02</vdop><pdop>1.20</pdop><dgpsid>0000</dgpsid></trkpt>
<trkpt lat="29.6500675" lon="-97.48329283333332"><ele>134.5</ele><time>2025-12-05T02:02:21.000Z</time><extensions><gpxtpx:TrackPointExtension><gpxtpx:bearing>260.84</gpxtpx:bearing><gpxtpx:speed>26.657978</gpxtpx:speed></gpxtpx:TrackPointExtension></extensions><geoidheight>-23.4</geoidheight><src>gps</src><sat>16</sat><hdop>0.61</hdop><vdop>1.01</vdop><pdop>1.18</pdop><dgpsid>0000</dgpsid></trkpt>
<trkpt lat="29.649646333333333" lon="-97.48628750000002"><ele>133.6</ele><time>2025-12-05T02:02:32.000Z</time><extensions><gpxtpx:TrackPointExtension><gpxtpx:bearing>262.54</gpxtpx:bearing><gpxtpx:speed>27.271528</gpxtpx:speed></gpxtpx:TrackPointExtension></extensions><geoidheight>-23.4</geoidheight><src>gps</src><sat>16</sat><hdop>0.61</hdop><vdop>1.01</vdop><pdop>1.18</pdop><dgpsid>0000</dgpsid></trkpt>
<trkpt lat="29.649551166666665" lon="-97.48940316666668"><ele>127.3</ele><time>2025-12-05T02:02:43.000Z</time><extensions><gpxtpx:TrackPointExtension><gpxtpx:bearing>272.78</gpxtpx:bearing><gpxtpx:speed>27.893827</gpxtpx:speed></gpxtpx:TrackPointExtension></extensions><geoidheight>-23.4</geoidheight><src>gps</src><sat>16</sat><hdop>0.61</hdop><vdop>1.01</vdop><pdop>1.18</pdop><dgpsid>0000</dgpsid></trkpt>
<trkpt lat="29.649744333333334" lon="-97.49261066666668"><ele>120.8</ele><time>2025-12-05T02:02:54.000Z</time><extensions><gpxtpx:TrackPointExtension><gpxtpx:bearing>274.19</gpxtpx:bearing><gpxtpx:speed>28.475462</gpxtpx:speed></gpxtpx:TrackPointExtension></extensions><geoidheight>-23.4</geoidheight><src>gps</src><sat>16</sat><hdop>0.64</hdop><vdop>1.03</vdop><pdop>1.21</pdop><dgpsid>0000</dgpsid></trkpt>
<trkpt lat="29.64994316666667" lon="-97.49586733333332"><ele>114.9</ele><time>2025-12-05T02:03:05.000Z</time><extensions><gpxtpx:TrackPointExtension><gpxtpx:bearing>274.04</gpxtpx:bearing><gpxtpx:speed>29.147175</gpxtpx:speed></gpxtpx:TrackPointExtension></extensions><geoidheight>-23.4</geoidheight><src>gps</src><sat>16</sat><hdop>0.66</hdop><vdop>1.03</vdop><pdop>1.22</pdop><dgpsid>0000</dgpsid></trkpt>
<trkpt lat="29.650144333333333" lon="-97.49916266666666"><ele>115.0</ele><time>2025-12-05T02:03:16.000Z</time><extensions><gpxtpx:TrackPointExtension><gpxtpx:bearing>274.09</gpxtpx:bearing><gpxtpx:speed>28.939228</gpxtpx:speed></gpxtpx:TrackPointExtension></extensions><geoidheight>-23.4</geoidheight><src>gps</src><sat>15</sat><hdop>0.63</hdop><vdop>1.03</vdop><pdop>1.20</pdop><dgpsid>0000</dgpsid></trkpt>
<trkpt lat="29.650345333333334" lon="-97.50234983333333"><ele>118.7</ele><time>2025-12-05T02:03:27.000Z</time><extensions><gpxtpx:TrackPointExtension><gpxtpx:bearing>274.04</gpxtpx:bearing><gpxtpx:speed>27.839266</gpxtpx:speed></gpxtpx:TrackPointExtension></extensions><geoidheight>-23.4</geoidheight><src>gps</src><sat>16</sat><hdop>0.61</hdop><vdop>1.01</vdop><pdop>1.18</pdop><dgpsid>0000</dgpsid></trkpt>
<trkpt lat="29.650536000000002" lon="-97.50547033333332"><ele>121.4</ele><time>2025-12-05T02:03:38.000Z</time><extensions><gpxtpx:TrackPointExtension><gpxtpx:bearing>274.13</gpxtpx:bearing><gpxtpx:speed>27.765146</gpxtpx:speed></gpxtpx:TrackPointExtension></extensions><geoidheight>-23.4</geoidheight><src>gps</src><sat>16</sat><hdop>0.61</hdop><vdop>1.01</vdop><pdop>1.18</pdop><dgpsid>0000</dgpsid></trkpt>
<trkpt lat="29.65073466666667" lon="-97.50864416666667"><ele>123.6</ele><time>2025-12-05T02:03:49.000Z</time><extensions><gpxtpx:TrackPointExtension><gpxtpx:bearing>274.1</gpxtpx:bearing><gpxtpx:speed>27.990595</gpxtpx:speed></gpxtpx:TrackPointExtension></extensions><geoidheight>-23.4</geoidheight><src>gps</src><sat>16</sat><hdop>0.61</hdop><vdop>1.02</vdop><pdop>1.19</pdop><dgpsid>0000</dgpsid></trkpt>
<trkpt lat="29.65094033333333" lon="-97.51181616666666"><ele>118.6</ele><time>2025-12-05T02:04:00.000Z</time><extensions><gpxtpx:TrackPointExtension><gpxtpx:bearing>274.16</gpxtpx:bearing><gpxtpx:speed>27.900518</gpxtpx:speed></gpxtpx:TrackPointExtension></extensions><geoidheight>-23.4</geoidheight><src>gps</src><sat>16</sat><hdop>0.63</hdop><vdop>1.05</vdop><pdop>1.22</pdop><dgpsid>0000</dgpsid></trkpt>
<trkpt lat="29.65113816666667" lon="-97.515038"><ele>114.0</ele><time>2025-12-05T02:04:11.000Z</time><extensions><gpxtpx:TrackPointExtension><gpxtpx:bearing>274.06</gpxtpx:bearing><gpxtpx:speed>28.80231</gpxtpx:speed></gpxtpx:TrackPointExtension></extensions><geoidheight>-23.4</geoidheight><src>gps</src><sat>16</sat><hdop>0.64</hdop><vdop>1.03</vdop><pdop>1.21</pdop><dgpsid>0000</dgpsid></trkpt>
<trkpt lat="29.65134833333333" lon="-97.51834466666666"><ele>107.7</ele><time>2025-12-05T02:04:22.000Z</time><extensions><gpxtpx:TrackPointExtension><gpxtpx:bearing>274.49</gpxtpx:bearing><gpxtpx:speed>29.26865</gpxtpx:speed></gpxtpx:TrackPointExtension></extensions><geoidheight>-23.4</geoidheight><src>gps</src><sat>16</sat><hdop>0.64</hdop><vdop>1.03</vdop><pdop>1.21</pdop><dgpsid>0000</dgpsid></trkpt>
<trkpt lat="29.65154766666667" lon="-97.52168216666665"><ele>104.8</ele><time>2025-12-05T02:04:33.000Z</time><extensions><gpxtpx:TrackPointExtension><gpxtpx:bearing>274.4</gpxtpx:bearing><gpxtpx:speed>29.214603</gpxtpx:speed></gpxtpx:TrackPointExtension></extensions><geoidheight>-23.4</geoidheight><src>gps</src><sat>17</sat><hdop>0.65</hdop><vdop>1.02</vdop><pdop>1.21</pdop><dgpsid>0000</dgpsid></trkpt>
<trkpt lat="29.651747833333335" lon="-97.52495316666666"><ele>104.1</ele><time>2025-12-05T02:04:44.000Z</time><extensions><gpxtpx:TrackPointExtension><gpxtpx:bearing>274.3</gpxtpx:bearing><gpxtpx:speed>28.670542</gpxtpx:speed></gpxtpx:TrackPointExtension></extensions><geoidheight>-23.4</geoidheight><src>gps</src><sat>16</sat><hdop>0.67</hdop><vdop>1.04</vdop><pdop>1.23</pdop><dgpsid>0000</dgpsid></trkpt>
<trkpt lat="29.651948333333333" lon="-97.52823500000001"><ele>103.5</ele><time>2025-12-05T02:04:55.000Z</time><extensions><gpxtpx:TrackPointExtension><gpxtpx:bearing>274.05</gpxtpx:bearing><gpxtpx:speed>29.087467</gpxtpx:speed></gpxtpx:TrackPointExtension></extensions><geoidheight>-23.4</geoidheight><src>gps</src><sat>17</sat><hdop>0.65</hdop><vdop>1.02</vdop><pdop>1.21</pdop><dgpsid>0000</dgpsid></trkpt>
<trkpt lat="29.652144333333332" lon="-97.53146366666667"><ele>103.1</ele><time>2025-12-05T02:05:06.000Z</time><extensions><gpxtpx:TrackPointExtension><gpxtpx:bearing>273.62</gpxtpx:bearing><gpxtpx:speed>28.117216</gpxtpx:speed></gpxtpx:TrackPointExtension></extensions><geoidheight>-23.4</geoidheight><src>gps</src><sat>17</sat><hdop>0.65</hdop><vdop>1.02</vdop><pdop>1.21</pdop><dgpsid>0000</dgpsid></trkpt>
<trkpt lat="29.652339833333333" lon="-97.53469666666666"><ele>102.1</ele><time>2025-12-05T02:05:17.000Z</time><extensions><gpxtpx:TrackPointExtension><gpxtpx:bearing>274.0</gpxtpx:bearing><gpxtpx:speed>28.950552</gpxtpx:speed></gpxtpx:TrackPointExtension></extensions><geoidheight>-23.4</geoidheight><src>gps</src><sat>16</sat><hdop>0.67</hdop><vdop>1.13</vdop><pdop>1.31</pdop><dgpsid>0000</dgpsid></trkpt>
<trkpt lat="29.652531" lon="-97.53797583333335"><ele>104.9</ele><time>2025-12-05T02:05:28.000Z</time><extensions><gpxtpx:TrackPointExtension><gpxtpx:bearing>274.29</gpxtpx:bearing><gpxtpx:speed>28.71172</gpxtpx:speed></gpxtpx:TrackPointExtension></extensions><geoidheight>-23.4</geoidheight><src>gps</src><sat>16</sat><hdop>0.69</hdop><vdop>1.18</vdop><pdop>1.37</pdop><dgpsid>0000</dgpsid></trkpt>
<trkpt lat="29.652725166666663" lon="-97.541225"><ele>108.6</ele><time>2025-12-05T02:05:39.000Z</time><extensions><gpxtpx:TrackPointExtension><gpxtpx:bearing>274.07</gpxtpx:bearing><gpxtpx:speed>28.70091</gpxtpx:speed></gpxtpx:TrackPointExtension></extensions><geoidheight>-23.4</geoidheight><src>gps</src><sat>17</sat><hdop>0.67</hdop><vdop>1.17</vdop><pdop>1.35</pdop><dgpsid>0000</dgpsid></trkpt>
<trkpt lat="29.65292866666667" lon="-97.54446350000002"><ele>112.2</ele><time>2025-12-05T02:05:50.000Z</time><extensions><gpxtpx:TrackPointExtension><gpxtpx:bearing>273.97</gpxtpx:bearing><gpxtpx:speed>28.176409</gpxtpx:speed></gpxtpx:TrackPointExtension></extensions><geoidheight>-23.4</geoidheight><src>gps</src><sat>16</sat><hdop>0.67</hdop><vdop>1.17</vdop><pdop>1.35</pdop><dgpsid>0000</dgpsid></trkpt>
<trkpt lat="29.653122500000002" lon="-97.547647"><ele>115.7</ele><time>2025-12-05T02:06:01.000Z</time><extensions><gpxtpx:TrackPointExtension><gpxtpx:bearing>273.9</gpxtpx:bearing><gpxtpx:speed>28.270088</gpxtpx:speed></gpxtpx:TrackPointExtension></extensions><geoidheight>-23.4</geoidheight><src>gps</src><sat>16</sat><hdop>0.65</hdop><vdop>1.03</vdop><pdop>1.21</pdop><dgpsid>0000</dgpsid></trkpt>
<trkpt lat="29.653315833333334" lon="-97.55082283333334"><ele>119.5</ele><time>2025-12-05T02:06:12.000Z</time><extensions><gpxtpx:TrackPointExtension><gpxtpx:bearing>273.72</gpxtpx:bearing><gpxtpx:speed>27.68279</gpxtpx:speed></gpxtpx:TrackPointExtension></extensions><geoidheight>-23.4</geoidheight><src>gps</src><sat>17</sat><hdop>0.65</hdop><vdop>1.03</vdop><pdop>1.21</pdop><dgpsid>0000</dgpsid></trkpt>
<trkpt lat="29.653503833333335" lon="-97.55392599999999"><ele>124.2</ele><time>2025-12-05T02:06:23.000Z</time><extensions><gpxtpx:TrackPointExtension><gpxtpx:bearing>273.85</gpxtpx:bearing><gpxtpx:speed>27.24013</gpxtpx:speed></gpxtpx:TrackPointExtension></extensions><geoidheight>-23.4</geoidheight><src>gps</src><sat>17</sat><hdop>0.65</hdop><vdop>1.03</vdop><pdop>1.22</pdop><dgpsid>0000</dgpsid></trkpt>
<trkpt lat="29.653692999999997" lon="-97.55701783333333"><ele>126.9</ele><time>2025-12-05T02:06:34.000Z</time><extensions><gpxtpx:TrackPointExtension><gpxtpx:bearing>273.98</gpxtpx:bearing><gpxtpx:speed>27.694115</gpxtpx:speed></gpxtpx:TrackPointExtension></extensions><geoidheight>-23.4</geoidheight><src>gps</src><sat>15</sat><hdop>0.70</hdop><vdop>1.19</vdop><pdop>1.38</pdop><dgpsid>0000</dgpsid></trkpt>
<trkpt lat="29.653880000000004" lon="-97.56021799999999"><ele>121.3</ele><time>2025-12-05T02:06:45.000Z</time><extensions><gpxtpx:TrackPointExtension><gpxtpx:bearing>273.26</gpxtpx:bearing><gpxtpx:speed>28.898565</gpxtpx:speed></gpxtpx:TrackPointExtension></extensions><geoidheight>-23.4</geoidheight><src>gps</src><sat>16</sat><hdop>0.67</hdop><vdop>1.18</vdop><pdop>1.36</pdop><dgpsid>0000</dgpsid></trkpt>
<trkpt lat="29.6540155" lon="-97.56346666666668"><ele>120.7</ele><time>2025-12-05T02:06:56.000Z</time><extensions><gpxtpx:TrackPointExtension><gpxtpx:bearing>272.8</gpxtpx:bearing><gpxtpx:speed>28.335459</gpxtpx:speed></gpxtpx:TrackPointExtension></extensions><geoidheight>-23.4</geoidheight><src>gps</src><sat>16</sat><hdop>0.67</hdop><vdop>1.18</vdop><pdop>1.36</pdop><dgpsid>0000</dgpsid></trkpt>
<trkpt lat="29.654112666666666" lon="-97.56663333333333"><ele>122.2</ele><time>2025-12-05T02:07:07.000Z</time><extensions><gpxtpx:TrackPointExtension><gpxtpx:bearing>271.95</gpxtpx:bearing><gpxtpx:speed>27.950445</gpxtpx:speed></gpxtpx:TrackPointExtension></extensions><geoidheight>-23.4</geoidheight><src>gps</src><sat>16</sat><hdop>0.67</hdop><vdop>1.18</vdop><pdop>1.36</pdop><dgpsid>0000</dgpsid></trkpt>
<trkpt lat="29.654207333333336" lon="-97.56988199999999"><ele>116.0</ele><time>2025-12-05T02:07:18.000Z</time><extensions><gpxtpx:TrackPointExtension><gpxtpx:bearing>271.93</gpxtpx:bearing><gpxtpx:speed>28.28656</gpxtpx:speed></gpxtpx:TrackPointExtension></extensions><geoidheight>-23.4</geoidheight><src>gps</src><sat>16</sat><hdop>0.67</hdop><vdop>1.18</vdop><pdop>1.36</pdop><dgpsid>0000</dgpsid></trkpt>
<trkpt lat="29.654298166666663" lon="-97.57306083333333"><ele>112.6</ele><time>2025-12-05T02:07:29.000Z</time><extensions><gpxtpx:TrackPointExtension><gpxtpx:bearing>271.81</gpxtpx:bearing><gpxtpx:speed>28.299942</gpxtpx:speed></gpxtpx:TrackPointExtension></extensions><geoidheight>-23.4</geoidheight><src>gps</src><sat>16</sat><hdop>0.67</hdop><vdop>1.18</vdop><pdop>1.36</pdop><dgpsid>0000</dgpsid></trkpt>
<trkpt lat="29.654398333333333" lon="-97.57625366666667"><ele>106.4</ele><time>2025-12-05T02:07:40.000Z</time><extensions><gpxtpx:TrackPointExtension><gpxtpx:bearing>271.92</gpxtpx:bearing><gpxtpx:speed>27.509329</gpxtpx:speed></gpxtpx:TrackPointExtension></extensions><geoidheight>-23.4</geoidheight><src>gps</src><sat>16</sat><hdop>0.67</hdop><vdop>1.18</vdop><pdop>1.36</pdop><dgpsid>0000</dgpsid></trkpt>
<trkpt lat="29.654478166666664" lon="-97.57934416666667"><ele>100.5</ele><time>2025-12-05T02:07:51.000Z</time><extensions><gpxtpx:TrackPointExtension><gpxtpx:bearing>271.44</gpxtpx:bearing><gpxtpx:speed>27.782646</gpxtpx:speed></gpxtpx:TrackPointExtension></extensions><geoidheight>-23.4</geoidheight><src>gps</src><sat>16</sat><hdop>0.67</hdop><vdop>1.19</vdop><pdop>1.36</pdop><dgpsid>0000</dgpsid></trkpt>
<trkpt lat="29.654288333333337" lon="-97.58247783333333"><ele>94.6</ele><time>2025-12-05T02:08:02.000Z</time><extensions><gpxtpx:TrackPointExtension><gpxtpx:bearing>260.81</gpxtpx:bearing><gpxtpx:speed>26.896296</gpxtpx:speed></gpxtpx:TrackPointExtension></extensions><geoidheight>-23.4</geoidheight><src>gps</src><sat>16</sat><hdop>0.67</hdop><vdop>1.19</vdop><pdop>1.36</pdop><dgpsid>0000</dgpsid></trkpt>
<trkpt lat="29.653801833333333" lon="-97.58554783333332"><ele>94.4</ele><time>2025-12-05T02:08:13.000Z</time><extensions><gpxtpx:TrackPointExtension><gpxtpx:bearing>259.45</gpxtpx:bearing><gpxtpx:speed>27.400723</gpxtpx:speed></gpxtpx:TrackPointExtension></extensions><geoidheight>-23.4</geoidheight><src>gps</src><sat>15</sat><hdop>0.70</hdop><vdop>1.21</vdop><pdop>1.40</pdop><dgpsid>0000</dgpsid></trkpt>
<trkpt lat="29.653436166666665" lon="-97.58833033333333"><ele>92.6</ele><time>2025-12-05T02:08:24.000Z</time><extensions><gpxtpx:TrackPointExtension><gpxtpx:bearing>267.54</gpxtpx:bearing><gpxtpx:speed>21.596716</gpxtpx:speed></gpxtpx:TrackPointExtension></extensions><geoidheight>-23.4</geoidheight><src>gps</src><sat>16</sat><hdop>0.67</hdop><vdop>1.19</vdop><pdop>1.37</pdop><dgpsid>0000</dgpsid></trkpt>
<trkpt lat="29.65335866666667" lon="-97.59059200000002"><ele>92.3</ele><time>2025-12-05T02:08:35.000Z</time><extensions><gpxtpx:TrackPointExtension><gpxtpx:bearing>266.85</gpxtpx:bearing><gpxtpx:speed>18.374039</gpxtpx:speed></gpxtpx:TrackPointExtension></extensions><geoidheight>-23.4</geoidheight><src>gps</src><sat>16</sat><hdop>0.67</hdop><vdop>1.19</vdop><pdop>1.37</pdop><dgpsid>0000</dgpsid></trkpt>
<trkpt lat="29.653190166666665" lon="-97.59243166666666"><ele>91.7</ele><time>2025-12-05T02:08:46.000Z</time><extensions><gpxtpx:TrackPointExtension><gpxtpx:bearing>260.94</gpxtpx:bearing><gpxtpx:speed>12.791877</gpxtpx:speed></gpxtpx:TrackPointExtension></extensions><geoidheight>-23.4</geoidheight><src>gps</src><sat>16</sat><hdop>0.67</hdop><vdop>1.19</vdop><pdop>1.37</pdop><dgpsid>0000</dgpsid></trkpt>
<trkpt lat="29.653092833333336" lon="-97.59310916666666"><ele>92.6</ele><time>2025-12-05T02:08:57.000Z</time><extensions><gpxtpx:TrackPointExtension><gpxtpx:bearing>260.16</gpxtpx:bearing><gpxtpx:speed>0.7921575</gpxtpx:speed></gpxtpx:TrackPointExtension></extensions><geoidheight>-23.4</geoidheight><src>gps</src><sat>16</sat><hdop>0.67</hdop><vdop>1.19</vdop><pdop>1.37</pdop><dgpsid>0000</dgpsid></trkpt>
<trkpt lat="29.65305433333333" lon="-97.59330716666666"><ele>91.3</ele><time>2025-12-05T02:10:03.000Z</time><extensions><gpxtpx:TrackPointExtension><gpxtpx:bearing>251.5</gpxtpx:bearing><gpxtpx:speed>4.2577825</gpxtpx:speed></gpxtpx:TrackPointExtension></extensions><geoidheight>-23.4</geoidheight><src>gps</src><sat>16</sat><hdop>0.63</hdop><vdop>1.20</vdop><pdop>1.36</pdop><dgpsid>0000</dgpsid></trkpt>
<trkpt lat="29.652661833333333" lon="-97.59314250000001"><ele>88.9</ele><time>2025-12-05T02:10:14.000Z</time><extensions><gpxtpx:TrackPointExtension><gpxtpx:bearing>124.66</gpxtpx:bearing><gpxtpx:speed>8.086801</gpxtpx:speed></gpxtpx:TrackPointExtension></extensions><geoidheight>-23.4</geoidheight><src>gps</src><sat>16</sat><hdop>0.63</hdop><vdop>1.20</vdop><pdop>1.36</pdop><dgpsid>0000</dgpsid></trkpt>
<trkpt lat="29.652108666666663" lon="-97.59237483333332"><ele>86.8</ele><time>2025-12-05T02:10:25.000Z</time><extensions><gpxtpx:TrackPointExtension><gpxtpx:bearing>132.89</gpxtpx:bearing><gpxtpx:speed>10.279517</gpxtpx:speed></gpxtpx:TrackPointExtension></extensions><geoidheight>-23.4</geoidheight><src>gps</src><sat>15</sat><hdop>0.68</hdop><vdop>1.24</vdop><pdop>1.42</pdop><dgpsid>0000</dgpsid></trkpt>
<trkpt lat="29.651365499999997" lon="-97.59154416666667"><ele>92.4</ele><time>2025-12-05T02:10:36.000Z</time><extensions><gpxtpx:TrackPointExtension><gpxtpx:bearing>138.02</gpxtpx:bearing><gpxtpx:speed>9.441549</gpxtpx:speed></gpxtpx:TrackPointExtension></extensions><geoidheight>-23.4</geoidheight><src>gps</src><sat>15</sat><hdop>0.75</hdop><vdop>1.42</vdop><pdop>1.61</pdop><dgpsid>0000</dgpsid></trkpt>
<trkpt lat="29.650907" lon="-97.5910885"><ele>94.7</ele><time>2025-12-05T02:10:47.000Z</time><extensions><gpxtpx:TrackPointExtension><gpxtpx:bearing>141.83</gpxtpx:bearing><gpxtpx:speed>0.96356</gpxtpx:speed></gpxtpx:TrackPointExtension></extensions><geoidheight>-23.4</geoidheight><src>gps</src><sat>15</sat><hdop>0.67</hdop><vdop>1.31</vdop><pdop>1.47</pdop><dgpsid>0000</dgpsid></trkpt>
<trkpt lat="29.650798833333337" lon="-97.590983"><ele>95.7</ele><time>2025-12-05T02:10:58.000Z</time><extensions><gpxtpx:TrackPointExtension><gpxtpx:bearing>141.71</gpxtpx:bearing><gpxtpx:speed>4.382345</gpxtpx:speed></gpxtpx:TrackPointExtension></extensions><geoidheight>-23.4</geoidheight><src>gps</src><sat>15</sat><hdop>0.69</hdop><vdop>1.31</vdop><pdop>1.48</pdop><dgpsid>0000</dgpsid></trkpt>
<trkpt lat="29.650085166666667" lon="-97.59043916666666"><ele>96.2</ele><time>2025-12-05T02:11:09.000Z</time><extensions><gpxtpx:TrackPointExtension><gpxtpx:bearing>148.72</gpxtpx:bearing><gpxtpx:speed>11.626546</gpxtpx:speed></gpxtpx:TrackPointExtension></extensions><geoidheight>-23.4</geoidheight><src>gps</src><sat>15</sat><hdop>0.68</hdop><vdop>1.24</vdop><pdop>1.42</pdop><dgpsid>0000</dgpsid></trkpt>
<trkpt lat="29.648872666666662" lon="-97.5897465"><ele>98.6</ele><time>2025-12-05T02:11:20.000Z</time><extensions><gpxtpx:TrackPointExtension><gpxtpx:bearing>156.32</gpxtpx:bearing><gpxtpx:speed>14.279939</gpxtpx:speed></gpxtpx:TrackPointExtension></extensions><geoidheight>-23.4</geoidheight><src>gps</src><sat>16</sat><hdop>0.63</hdop><vdop>1.21</vdop><pdop>1.36</pdop><dgpsid>0000</dgpsid></trkpt>
<trkpt lat="29.647428166666668" lon="-97.58904533333335"><ele>101.2</ele><time>2025-12-05T02:11:31.000Z</time><extensions><gpxtpx:TrackPointExtension><gpxtpx:bearing>157.15</gpxtpx:bearing><gpxtpx:speed>17.089293</gpxtpx:speed></gpxtpx:TrackPointExtension></extensions><geoidheight>-23.4</geoidheight><src>gps</src><sat>16</sat><hdop>0.65</hdop><vdop>1.21</vdop><pdop>1.37</pdop><dgpsid>0000</dgpsid></trkpt>
<trkpt lat="29.64577266666667" lon="-97.588245"><ele>106.6</ele><time>2025-12-05T02:11:42.000Z</time><extensions><gpxtpx:TrackPointExtension><gpxtpx:bearing>156.7</gpxtpx:bearing><gpxtpx:speed>19.379807</gpxtpx:speed></gpxtpx:TrackPointExtension></extensions><geoidheight>-23.4</geoidheight><src>gps</src><sat>15</sat><hdop>0.70</hdop><vdop>1.32</vdop><pdop>1.49</pdop><dgpsid>0000</dgpsid></trkpt>
<trkpt lat="29.643837333333334" lon="-97.587303"><ele>109.2</ele><time>2025-12-05T02:11:53.000Z</time><extensions><gpxtpx:TrackPointExtension><gpxtpx:bearing>157.26</gpxtpx:bearing><gpxtpx:speed>23.199045</gpxtpx:speed></gpxtpx:TrackPointExtension></extensions><geoidheight>-23.4</geoidheight><src>gps</src><sat>16</sat><hdop>0.71</hdop><vdop>1.25</vdop><pdop>1.44</pdop><dgpsid>0000</dgpsid></trkpt>
<trkpt lat="29.64171683333333" lon="-97.58628266666668"><ele>107.7</ele><time>2025-12-05T02:12:04.000Z</time><extensions><gpxtpx:TrackPointExtension><gpxtpx:bearing>157.2</gpxtpx:bearing><gpxtpx:speed>22.496964</gpxtpx:speed></gpxtpx:TrackPointExtension></extensions><geoidheight>-23.4</geoidheight><src>gps</src><sat>16</sat><hdop>0.65</hdop><vdop>1.21</vdop><pdop>1.38</pdop><dgpsid>0000</dgpsid></trkpt>
<trkpt lat="29.639688" lon="-97.58500049999999"><ele>111.6</ele><time>2025-12-05T02:12:15.000Z</time><extensions><gpxtpx:TrackPointExtension><gpxtpx:bearing>143.05</gpxtpx:bearing><gpxtpx:speed>23.976276</gpxtpx:speed></gpxtpx:TrackPointExtension></extensions><geoidheight>-23.4</geoidheight><src>gps</src><sat>15</sat><hdop>0.67</hdop><vdop>1.25</vdop><pdop>1.42</pdop><dgpsid>0000</dgpsid></trkpt>
<trkpt lat="29.637733000000004" lon="-97.58321216666667"><ele>114.1</ele><time>2025-12-05T02:12:26.000Z</time><extensions><gpxtpx:TrackPointExtension><gpxtpx:bearing>141.58</gpxtpx:bearing><gpxtpx:speed>26.365616</gpxtpx:speed></gpxtpx:TrackPointExtension></extensions><geoidheight>-23.4</geoidheight><src>gps</src><sat>17</sat><hdop>0.65</hdop><vdop>1.08</vdop><pdop>1.26</pdop><dgpsid>0000</dgpsid></trkpt>
<trkpt lat="29.635680499999996" lon="-97.58125533333332"><ele>112.6</ele><time>2025-12-05T02:12:37.000Z</time><extensions><gpxtpx:TrackPointExtension><gpxtpx:bearing>139.55</gpxtpx:bearing><gpxtpx:speed>26.695553</gpxtpx:speed></gpxtpx:TrackPointExtension></extensions><geoidheight>-23.4</geoidheight><src>gps</src><sat>16</sat><hdop>0.66</hdop><vdop>1.15</vdop><pdop>1.32</pdop><dgpsid>0000</dgpsid></trkpt>
<trkpt lat="29.633862" lon="-97.57948083333333"><ele>113.9</ele><time>2025-12-05T02:12:48.000Z</time><extensions><gpxtpx:TrackPointExtension><gpxtpx:bearing>139.4</gpxtpx:bearing><gpxtpx:speed>22.066141</gpxtpx:speed></gpxtpx:TrackPointExtension></extensions><geoidheight>-23.4</geoidheight><src>gps</src><sat>16</sat><hdop>0.62</hdop><vdop>1.09</vdop><pdop>1.25</pdop><dgpsid>0000</dgpsid></trkpt>
<trkpt lat="29.632184666666664" lon="-97.57782583333334"><ele>108.9</ele><time>2025-12-05T02:12:59.000Z</time><extensions><gpxtpx:TrackPointExtension><gpxtpx:bearing>139.31</gpxtpx:bearing><gpxtpx:speed>23.039995</gpxtpx:speed></gpxtpx:TrackPointExtension></extensions><geoidheight>-23.4</geoidheight><src>gps</src><sat>17</sat><hdop>0.62</hdop><vdop>1.09</vdop><pdop>1.25</pdop><dgpsid>0000</dgpsid></trkpt>
<trkpt lat="29.63042383333333" lon="-97.57611233333334"><ele>116.2</ele><time>2025-12-05T02:13:10.000Z</time><extensions><gpxtpx:TrackPointExtension><gpxtpx:bearing>139.96</gpxtpx:bearing><gpxtpx:speed>23.183088</gpxtpx:speed></gpxtpx:TrackPointExtension></extensions><geoidheight>-23.4</geoidheight><src>gps</src><sat>17</sat><hdop>0.65</hdop><vdop>1.11</vdop><pdop>1.29</pdop><dgpsid>0000</dgpsid></trkpt>
<trkpt lat="29.628513666666663" lon="-97.57472333333332"><ele>122.2</ele><time>2025-12-05T02:13:21.000Z</time><extensions><gpxtpx:TrackPointExtension><gpxtpx:bearing>154.88</gpxtpx:bearing><gpxtpx:speed>22.694618</gpxtpx:speed></gpxtpx:TrackPointExtension></extensions><geoidheight>-23.4</geoidheight><src>gps</src><sat>17</sat><hdop>0.65</hdop><vdop>1.23</vdop><pdop>1.39</pdop><dgpsid>0000</dgpsid></trkpt>
<trkpt lat="29.62655033333333" lon="-97.57375783333333"><ele>129.7</ele><time>2025-12-05T02:13:32.000Z</time><extensions><gpxtpx:TrackPointExtension><gpxtpx:bearing>160.01</gpxtpx:bearing><gpxtpx:speed>20.55852</gpxtpx:speed></gpxtpx:TrackPointExtension></extensions><geoidheight>-23.4</geoidheight><src>gps</src><sat>17</sat><hdop>0.63</hdop><vdop>1.22</vdop><pdop>1.38</pdop><dgpsid>0000</dgpsid></trkpt>
<trkpt lat="29.6245405" lon="-97.57300400000001"><ele>132.1</ele><time>2025-12-05T02:13:43.000Z</time><extensions><gpxtpx:TrackPointExtension><gpxtpx:bearing>162.78</gpxtpx:bearing><gpxtpx:speed>22.12482</gpxtpx:speed></gpxtpx:TrackPointExtension></extensions><geoidheight>-23.4</geoidheight><src>gps</src><sat>17</sat><hdop>0.62</hdop><vdop>1.09</vdop><pdop>1.26</pdop><dgpsid>0000</dgpsid></trkpt>
<trkpt lat="29.622473" lon="-97.57226033333333"><ele>127.0</ele><time>2025-12-05T02:13:54.000Z</time><extensions><gpxtpx:TrackPointExtension><gpxtpx:bearing>162.26</gpxtpx:bearing><gpxtpx:speed>22.010036</gpxtpx:speed></gpxtpx:TrackPointExtension></extensions><geoidheight>-23.4</geoidheight><src>gps</src><sat>16</sat><hdop>0.65</hdop><vdop>1.12</vdop><pdop>1.30</pdop><dgpsid>0000</dgpsid></trkpt>
<trkpt lat="29.620317500000002" lon="-97.57148200000002"><ele>121.0</ele><time>2025-12-05T02:14:05.000Z</time><extensions><gpxtpx:TrackPointExtension><gpxtpx:bearing>162.34</gpxtpx:bearing><gpxtpx:speed>22.440344</gpxtpx:speed></gpxtpx:TrackPointExtension></extensions><geoidheight>-23.4</geoidheight><src>gps</src><sat>16</sat><hdop>0.65</hdop><vdop>1.12</vdop><pdop>1.30</pdop><dgpsid>0000</dgpsid></trkpt>
<trkpt lat="29.618926166666665" lon="-97.57101533333335"><ele>119.1</ele><time>2025-12-05T02:14:16.000Z</time><extensions><gpxtpx:TrackPointExtension><gpxtpx:bearing>162.13</gpxtpx:bearing><gpxtpx:speed>3.3441503</gpxtpx:speed></gpxtpx:TrackPointExtension></extensions><geoidheight>-23.4</geoidheight><src>gps</src><sat>17</sat><hdop>0.62</hdop><vdop>1.10</vdop><pdop>1.26</pdop><dgpsid>0000</dgpsid></trkpt>
<trkpt lat="29.6190075" lon="-97.5710585"><ele>118.3</ele><time>2025-12-05T02:15:12.000Z</time><extensions><gpxtpx:TrackPointExtension><gpxtpx:bearing>227.6</gpxtpx:bearing><gpxtpx:speed>1.1874641</gpxtpx:speed></gpxtpx:TrackPointExtension></extensions><geoidheight>-23.4</geoidheight><src>gps</src><sat>17</sat><hdop>0.62</hdop><vdop>1.11</vdop><pdop>1.27</pdop><dgpsid>0000</dgpsid></trkpt>
<trkpt lat="29.61877966666667" lon="-97.57130433333332"><ele>115.8</ele><time>2025-12-05T02:15:23.000Z</time><extensions><gpxtpx:TrackPointExtension><gpxtpx:bearing>212.72</gpxtpx:bearing><gpxtpx:speed>4.1646175</gpxtpx:speed></gpxtpx:TrackPointExtension></extensions><geoidheight>-23.4</geoidheight><src>gps</src><sat>17</sat><hdop>0.62</hdop><vdop>1.11</vdop><pdop>1.27</pdop><dgpsid>0000</dgpsid></trkpt>
<trkpt lat="29.618213500000003" lon="-97.57166216666668"><ele>111.7</ele><time>2025-12-05T02:15:34.000Z</time><extensions><gpxtpx:TrackPointExtension><gpxtpx:bearing>209.91</gpxtpx:bearing><gpxtpx:speed>8.363722</gpxtpx:speed></gpxtpx:TrackPointExtension></extensions><geoidheight>-23.4</geoidheight><src>gps</src><sat>16</sat><hdop>0.68</hdop><vdop>1.37</vdop><pdop>1.52</pdop><dgpsid>0000</dgpsid></trkpt>
<trkpt lat="29.617327833333334" lon="-97.57224383333332"><ele>109.0</ele><time>2025-12-05T02:15:45.000Z</time><extensions><gpxtpx:TrackPointExtension><gpxtpx:bearing>209.55</gpxtpx:bearing><gpxtpx:speed>11.005791</gpxtpx:speed></gpxtpx:TrackPointExtension></extensions><geoidheight>-23.4</geoidheight><src>gps</src><sat>17</sat><hdop>0.74</hdop><vdop>1.56</vdop><pdop>1.73</pdop><dgpsid>0000</dgpsid></trkpt>
<trkpt lat="29.616289166666668" lon="-97.57293766666665"><ele>109.8</ele><time>2025-12-05T02:15:56.000Z</time><extensions><gpxtpx:TrackPointExtension><gpxtpx:bearing>209.51</gpxtpx:bearing><gpxtpx:speed>12.24833</gpxtpx:speed></gpxtpx:TrackPointExtension></extensions><geoidheight>-23.4</geoidheight><src>gps</src><sat>15</sat><hdop>0.75</hdop><vdop>1.40</vdop><pdop>1.59</pdop><dgpsid>0000</dgpsid></trkpt>
<trkpt lat="29.615090000000002" lon="-97.57373466666668"><ele>106.6</ele><time>2025-12-05T02:16:07.000Z</time><extensions><gpxtpx:TrackPointExtension><gpxtpx:bearing>209.12</gpxtpx:bearing><gpxtpx:speed>15.646526</gpxtpx:speed></gpxtpx:TrackPointExtension></extensions><geoidheight>-23.4</geoidheight><src>gps</src><sat>13</sat><hdop>0.69</hdop><vdop>1.47</vdop><pdop>1.62</pdop><dgpsid>0000</dgpsid></trkpt>
<trkpt lat="29.61367266666667" lon="-97.57466500000001"><ele>104.3</ele><time>2025-12-05T02:16:18.000Z</time><extensions><gpxtpx:TrackPointExtension><gpxtpx:bearing>208.95</gpxtpx:bearing><gpxtpx:speed>16.96679</gpxtpx:speed></gpxtpx:TrackPointExtension></extensions><geoidheight>-23.4</geoidheight><src>gps</src><sat>15</sat><hdop>0.75</hdop><vdop>1.41</vdop><pdop>1.59</pdop><dgpsid>0000</dgpsid></trkpt>
<trkpt lat="29.612177499999998" lon="-97.57563633333332"><ele>103.3</ele><time>2025-12-05T02:16:29.000Z</time><extensions><gpxtpx:TrackPointExtension><gpxtpx:bearing>209.74</gpxtpx:bearing><gpxtpx:speed>17.56644</gpxtpx:speed></gpxtpx:TrackPointExtension></extensions><geoidheight>-23.3</geoidheight><src>gps</src><sat>15</sat><hdop>0.75</hdop><vdop>1.41</vdop><pdop>1.59</pdop><dgpsid>0000</dgpsid></trkpt>
<trkpt lat="29.610667166666666" lon="-97.5766165"><ele>101.8</ele><time>2025-12-05T02:16:40.000Z</time><extensions><gpxtpx:TrackPointExtension><gpxtpx:bearing>208.83</gpxtpx:bearing><gpxtpx:speed>17.50313</gpxtpx:speed></gpxtpx:TrackPointExtension></extensions><geoidheight>-23.3</geoidheight><src>gps</src><sat>15</sat><hdop>0.64</hdop><vdop>1.16</vdop><pdop>1.32</pdop><dgpsid>0000</dgpsid></trkpt>
<trkpt lat="29.609142833333333" lon="-97.57760733333335"><ele>102.0</ele><time>2025-12-05T02:16:52.000Z</time><extensions><gpxtpx:TrackPointExtension><gpxtpx:bearing>209.64</gpxtpx:bearing><gpxtpx:speed>15.570347</gpxtpx:speed></gpxtpx:TrackPointExtension></extensions><geoidheight>-23.3</geoidheight><src>gps</src><sat>15</sat><hdop>0.71</hdop><vdop>1.27</vdop><pdop>1.46</pdop><dgpsid>0000</dgpsid></trkpt>
<trkpt lat="29.607700500000004" lon="-97.57854666666665"><ele>98.6</ele><time>2025-12-05T02:17:03.000Z</time><extensions><gpxtpx:TrackPointExtension><gpxtpx:bearing>210.34</gpxtpx:bearing><gpxtpx:speed>17.567469</gpxtpx:speed></gpxtpx:TrackPointExtension></extensions><geoidheight>-23.3</geoidheight><src>gps</src><sat>15</sat><hdop>0.67</hdop><vdop>1.25</vdop><pdop>1.42</pdop><dgpsid>0000</dgpsid></trkpt>
<trkpt lat="29.606270666666667" lon="-97.5794715"><ele>99.2</ele><time>2025-12-05T02:17:14.000Z</time><extensions><gpxtpx:TrackPointExtension><gpxtpx:bearing>209.84</gpxtpx:bearing><gpxtpx:speed>16.422728</gpxtpx:speed></gpxtpx:TrackPointExtension></extensions><geoidheight>-23.3</geoidheight><src>gps</src><sat>16</sat><hdop>0.64</hdop><vdop>1.25</vdop><pdop>1.40</pdop><dgpsid>0000</dgpsid></trkpt>
<trkpt lat="29.604862833333332" lon="-97.58035583333334"><ele>96.5</ele><time>2025-12-05T02:17:25.000Z</time><extensions><gpxtpx:TrackPointExtension><gpxtpx:bearing>208.8</gpxtpx:bearing><gpxtpx:speed>16.105658</gpxtpx:speed></gpxtpx:TrackPointExtension></extensions><geoidheight>-23.3</geoidheight><src>gps</src><sat>17</sat><hdop>0.64</hdop><vdop>1.25</vdop><pdop>1.40</pdop><dgpsid>0000</dgpsid></trkpt>
<trkpt lat="29.603497833333336" lon="-97.58122366666666"><ele>96.5</ele><time>2025-12-05T02:17:36.000Z</time><extensions><gpxtpx:TrackPointExtension><gpxtpx:bearing>210.12</gpxtpx:bearing><gpxtpx:speed>15.151363</gpxtpx:speed></gpxtpx:TrackPointExtension></extensions><geoidheight>-23.3</geoidheight><src>gps</src><sat>15</sat><hdop>0.78</hdop><vdop>1.43</vdop><pdop>1.62</pdop><dgpsid>0000</dgpsid></trkpt>
<trkpt lat="29.602193333333336" lon="-97.58204883333335"><ele>95.2</ele><time>2025-12-05T02:17:47.000Z</time><extensions><gpxtpx:TrackPointExtension><gpxtpx:bearing>209.67</gpxtpx:bearing><gpxtpx:speed>15.2960005</gpxtpx:speed></gpxtpx:TrackPointExtension></extensions><geoidheight>-23.3</geoidheight><src>gps</src><sat>15</sat><hdop>0.78</hdop><vdop>1.44</vdop><pdop>1.63</pdop><dgpsid>0000</dgpsid></trkpt>
<trkpt lat="29.600922333333333" lon="-97.58288616666665"><ele>92.7</ele><time>2025-12-05T02:17:58.000Z</time><extensions><gpxtpx:TrackPointExtension><gpxtpx:bearing>210.76</gpxtpx:bearing><gpxtpx:speed>13.898529</gpxtpx:speed></gpxtpx:TrackPointExtension></extensions><geoidheight>-23.3</geoidheight><src>gps</src><sat>16</sat><hdop>0.72</hdop><vdop>1.40</vdop><pdop>1.57</pdop><dgpsid>0000</dgpsid></trkpt>
<trkpt lat="29.600071000000003" lon="-97.58345483333332"><ele>91.8</ele><time>2025-12-05T02:18:09.000Z</time><extensions><gpxtpx:TrackPointExtension><gpxtpx:bearing>208.72</gpxtpx:bearing><gpxtpx:speed>4.750886</gpxtpx:speed></gpxtpx:TrackPointExtension></extensions><geoidheight>-23.3</geoidheight><src>gps</src><sat>16</sat><hdop>0.68</hdop><vdop>1.40</vdop><pdop>1.55</pdop><dgpsid>0000</dgpsid></trkpt>
<trkpt lat="29.599646333333332" lon="-97.58372200000001"><ele>90.5</ele><time>2025-12-05T02:18:20.000Z</time><extensions><gpxtpx:TrackPointExtension><gpxtpx:bearing>200.57</gpxtpx:bearing><gpxtpx:speed>6.9909573</gpxtpx:speed></gpxtpx:TrackPointExtension></extensions><geoidheight>-23.3</geoidheight><src>gps</src><sat>16</sat><hdop>0.68</hdop><vdop>1.40</vdop><pdop>1.55</pdop><dgpsid>0000</dgpsid></trkpt>
<trkpt lat="29.598901833333336" lon="-97.58406833333332"><ele>91.2</ele><time>2025-12-05T02:18:31.000Z</time><extensions><gpxtpx:TrackPointExtension><gpxtpx:bearing>200.69</gpxtpx:bearing><gpxtpx:speed>8.08989</gpxtpx:speed></gpxtpx:TrackPointExtension></extensions><geoidheight>-23.3</geoidheight><src>gps</src><sat>16</sat><hdop>0.72</hdop><vdop>1.40</vdop><pdop>1.58</pdop><dgpsid>0000</dgpsid></trkpt>
<trkpt lat="29.598202500000003" lon="-97.58437666666666"><ele>92.4</ele><time>2025-12-05T02:18:42.000Z</time><extensions><gpxtpx:TrackPointExtension><gpxtpx:bearing>199.99</gpxtpx:bearing><gpxtpx:speed>4.9480247</gpxtpx:speed></gpxtpx:TrackPointExtension></extensions><geoidheight>-23.3</geoidheight><src>gps</src><sat>16</sat><hdop>0.64</hdop><vdop>1.18</vdop><pdop>1.34</pdop><dgpsid>0000</dgpsid></trkpt>
<trkpt lat="29.597943499999996" lon="-97.58447499999998"><ele>93.5</ele><time>2025-12-05T02:18:53.000Z</time><extensions><gpxtpx:TrackPointExtension><gpxtpx:bearing>197.48</gpxtpx:bearing><gpxtpx:speed>2.9931097</gpxtpx:speed></gpxtpx:TrackPointExtension></extensions><geoidheight>-23.3</geoidheight><src>gps</src><sat>17</sat><hdop>0.64</hdop><vdop>1.18</vdop><pdop>1.34</pdop><dgpsid>0000</dgpsid></trkpt>
<trkpt lat="29.597595166666665" lon="-97.58461183333333"><ele>94.3</ele><time>2025-12-05T02:19:04.000Z</time><extensions><gpxtpx:TrackPointExtension><gpxtpx:bearing>200.03</gpxtpx:bearing><gpxtpx:speed>3.3158405</gpxtpx:speed></gpxtpx:TrackPointExtension></extensions><geoidheight>-23.3</geoidheight><src>gps</src><sat>16</sat><hdop>0.64</hdop><vdop>1.18</vdop><pdop>1.34</pdop><dgpsid>0000</dgpsid></trkpt>
<trkpt lat="29.5973775" lon="-97.58470133333334"><ele>92.4</ele><time>2025-12-05T02:19:15.000Z</time><extensions><gpxtpx:TrackPointExtension><gpxtpx:bearing>199.38</gpxtpx:bearing><gpxtpx:speed>2.1376414</gpxtpx:speed></gpxtpx:TrackPointExtension></extensions><geoidheight>-23.3</geoidheight><src>gps</src><sat>17</sat><hdop>0.68</hdop><vdop>1.41</vdop><pdop>1.56</pdop><dgpsid>0000</dgpsid></trkpt>
<trkpt lat="29.597164" lon="-97.5847915"><ele>91.0</ele><time>2025-12-05T02:19:26.000Z</time><extensions><gpxtpx:TrackPointExtension><gpxtpx:bearing>205.39</gpxtpx:bearing><gpxtpx:speed>1.7902039</gpxtpx:speed></gpxtpx:TrackPointExtension></extensions><geoidheight>-23.3</geoidheight><src>gps</src><sat>17</sat><hdop>0.78</hdop><vdop>1.42</vdop><pdop>1.62</pdop><dgpsid>0000</dgpsid></trkpt>
<trkpt lat="29.597075000000004" lon="-97.584938"><ele>89.1</ele><time>2025-12-05T02:19:37.000Z</time><extensions><gpxtpx:TrackPointExtension><gpxtpx:bearing>251.01</gpxtpx:bearing><gpxtpx:speed>1.8015277</gpxtpx:speed></gpxtpx:TrackPointExtension></extensions><geoidheight>-23.3</geoidheight><src>gps</src><sat>17</sat><hdop>0.73</hdop><vdop>1.42</vdop><pdop>1.60</pdop><dgpsid>0000</dgpsid></trkpt>
<trkpt lat="29.596937166666667" lon="-97.58505783333334"><ele>89.8</ele><time>2025-12-05T02:19:48.000Z</time><extensions><gpxtpx:TrackPointExtension><gpxtpx:bearing>194.37</gpxtpx:bearing><gpxtpx:speed>1.4036475</gpxtpx:speed></gpxtpx:TrackPointExtension></extensions><geoidheight>-23.3</geoidheight><src>gps</src><sat>17</sat><hdop>0.73</hdop><vdop>1.42</vdop><pdop>1.60</pdop><dgpsid>0000</dgpsid></trkpt>
<trkpt lat="29.596893" lon="-97.58509516666666"><ele>87.5</ele><time>2025-12-05T02:20:32.000Z</time><extensions><gpxtpx:TrackPointExtension><gpxtpx:speed>0.035515834</gpxtpx:speed></gpxtpx:TrackPointExtension></extensions><geoidheight>-23.3</geoidheight><src>gps</src><sat>17</sat><hdop>0.86</hdop><vdop>1.25</vdop><pdop>1.52</pdop><dgpsid>0000</dgpsid></trkpt>
<trkpt lat="29.596838166666664" lon="-97.58509600000001"><ele>96.9</ele><time>2025-12-05T02:21:27.000Z</time><extensions><gpxtpx:TrackPointExtension><gpxtpx:speed>0.014926945</gpxtpx:speed></gpxtpx:TrackPointExtension></extensions><geoidheight>-23.3</geoidheight><src>gps</src><sat>17</sat><hdop>0.72</hdop><vdop>1.23</vdop><pdop>1.42</pdop><dgpsid>0000</dgpsid></trkpt>
<trkpt lat="29.596886166666664" lon="-97.58510749999999"><ele>76.5</ele><time>2025-12-05T02:24:34.000Z</time><extensions><gpxtpx:TrackPointExtension><gpxtpx:speed>0.021103611</gpxtpx:speed></gpxtpx:TrackPointExtension></extensions><geoidheight>-23.3</geoidheight><src>gps</src><sat>17</sat><hdop>0.77</hdop><vdop>1.20</vdop><pdop>1.43</pdop><dgpsid>0000</dgpsid></trkpt>
<trkpt lat="29.596845833333337" lon="-97.58506766666666"><ele>95.4</ele><time>2025-12-05T02:26:57.000Z</time><extensions><gpxtpx:TrackPointExtension><gpxtpx:speed>0.03911889</gpxtpx:speed></gpxtpx:TrackPointExtension></extensions><geoidheight>-23.3</geoidheight><src>gps</src><sat>18</sat><hdop>0.69</hdop><vdop>1.23</vdop><pdop>1.41</pdop><dgpsid>0000</dgpsid></trkpt>
<trkpt lat="29.59684816666667" lon="-97.58501533333335"><ele>95.8</ele><time>2025-12-05T02:29:09.000Z</time><extensions><gpxtpx:TrackPointExtension><gpxtpx:speed>0.01853</gpxtpx:speed></gpxtpx:TrackPointExtension></extensions><geoidheight>-23.3</geoidheight><src>gps</src><sat>18</sat><hdop>0.67</hdop><vdop>1.22</vdop><pdop>1.39</pdop><dgpsid>0000</dgpsid></trkpt>
<trkpt lat="29.59682266666667" lon="-97.58505850000002"><ele>98.1</ele><time>2025-12-05T02:30:59.000Z</time><extensions><gpxtpx:TrackPointExtension><gpxtpx:speed>0.033456944</gpxtpx:speed></gpxtpx:TrackPointExtension></extensions><geoidheight>-23.3</geoidheight><src>gps</src><sat>18</sat><hdop>0.63</hdop><vdop>1.13</vdop><pdop>1.29</pdop><dgpsid>0000</dgpsid></trkpt>
<trkpt lat="29.596730499999996" lon="-97.58508283333335"><ele>98.2</ele><time>2025-12-05T02:34:17.000Z</time><extensions><gpxtpx:TrackPointExtension><gpxtpx:bearing>197.89</gpxtpx:bearing><gpxtpx:speed>0.6295053</gpxtpx:speed></gpxtpx:TrackPointExtension></extensions><geoidheight>-23.3</geoidheight><src>gps</src><sat>18</sat><hdop>0.62</hdop><vdop>1.05</vdop><pdop>1.22</pdop><dgpsid>0000</dgpsid></trkpt>
<trkpt lat="29.59650316666667" lon="-97.58501366666665"><ele>99.0</ele><time>2025-12-05T02:35:34.000Z</time><extensions><gpxtpx:TrackPointExtension><gpxtpx:bearing>174.02</gpxtpx:bearing><gpxtpx:speed>2.5504487</gpxtpx:speed></gpxtpx:TrackPointExtension></extensions><geoidheight>-23.3</geoidheight><src>gps</src><sat>18</sat><hdop>0.61</hdop><vdop>1.04</vdop><pdop>1.20</pdop><dgpsid>0000</dgpsid></trkpt>
<trkpt lat="29.596215999999995" lon="-97.5851635"><ele>95.8</ele><time>2025-12-05T02:35:45.000Z</time><extensions><gpxtpx:TrackPointExtension><gpxtpx:bearing>210.2</gpxtpx:bearing><gpxtpx:speed>3.6246738</gpxtpx:speed></gpxtpx:TrackPointExtension></extensions><geoidheight>-23.3</geoidheight><src>gps</src><sat>18</sat><hdop>0.61</hdop><vdop>1.04</vdop><pdop>1.21</pdop><dgpsid>0000</dgpsid></trkpt>
<trkpt lat="29.595757333333335" lon="-97.58551899999999"><ele>89.8</ele><time>2025-12-05T02:35:56.000Z</time><extensions><gpxtpx:TrackPointExtension><gpxtpx:bearing>215.78</gpxtpx:bearing><gpxtpx:speed>9.386475</gpxtpx:speed></gpxtpx:TrackPointExtension></extensions><geoidheight>-23.3</geoidheight><src>gps</src><sat>17</sat><hdop>0.74</hdop><vdop>1.43</vdop><pdop>1.61</pdop><dgpsid>0000</dgpsid></trkpt>
<trkpt lat="29.5950185" lon="-97.58620100000002"><ele>87.6</ele><time>2025-12-05T02:36:07.000Z</time><extensions><gpxtpx:TrackPointExtension><gpxtpx:bearing>218.03</gpxtpx:bearing><gpxtpx:speed>9.392652</gpxtpx:speed></gpxtpx:TrackPointExtension></extensions><geoidheight>-23.3</geoidheight><src>gps</src><sat>17</sat><hdop>0.76</hdop><vdop>1.37</vdop><pdop>1.56</pdop><dgpsid>0000</dgpsid></trkpt>
<trkpt lat="29.59435116666667" lon="-97.58672700000001"><ele>88.1</ele><time>2025-12-05T02:36:18.000Z</time><extensions><gpxtpx:TrackPointExtension><gpxtpx:bearing>213.46</gpxtpx:bearing><gpxtpx:speed>4.013804</gpxtpx:speed></gpxtpx:TrackPointExtension></extensions><geoidheight>-23.3</geoidheight><src>gps</src><sat>15</sat><hdop>0.68</hdop><vdop>1.18</vdop><pdop>1.36</pdop><dgpsid>0000</dgpsid></trkpt>
<trkpt lat="29.593792" lon="-97.58711433333335"><ele>91.8</ele><time>2025-12-05T02:36:29.000Z</time><extensions><gpxtpx:TrackPointExtension><gpxtpx:bearing>211.15</gpxtpx:bearing><gpxtpx:speed>7.984371</gpxtpx:speed></gpxtpx:TrackPointExtension></extensions><geoidheight>-23.3</geoidheight><src>gps</src><sat>17</sat><hdop>0.67</hdop><vdop>1.17</vdop><pdop>1.34</pdop><dgpsid>0000</dgpsid></trkpt>
<trkpt lat="29.593063833333336" lon="-97.58761333333332"><ele>94.3</ele><time>2025-12-05T02:36:40.000Z</time><extensions><gpxtpx:TrackPointExtension><gpxtpx:bearing>211.74</gpxtpx:bearing><gpxtpx:speed>9.426108</gpxtpx:speed></gpxtpx:TrackPointExtension></extensions><geoidheight>-23.3</geoidheight><src>gps</src><sat>17</sat><hdop>0.69</hdop><vdop>1.19</vdop><pdop>1.37</pdop><dgpsid>0000</dgpsid></trkpt>
<trkpt lat="29.59217716666667" lon="-97.58822483333333"><ele>97.6</ele><time>2025-12-05T02:36:51.000Z</time><extensions><gpxtpx:TrackPointExtension><gpxtpx:bearing>212.2</gpxtpx:bearing><gpxtpx:speed>10.3943</gpxtpx:speed></gpxtpx:TrackPointExtension></extensions><geoidheight>-23.3</geoidheight><src>gps</src><sat>16</sat><hdop>0.71</hdop><vdop>1.20</vdop><pdop>1.39</pdop><dgpsid>0000</dgpsid></trkpt>
<trkpt lat="29.591348166666663" lon="-97.58880216666667"><ele>95.4</ele><time>2025-12-05T02:37:02.000Z</time><extensions><gpxtpx:TrackPointExtension><gpxtpx:bearing>211.4</gpxtpx:bearing><gpxtpx:speed>10.242457</gpxtpx:speed></gpxtpx:TrackPointExtension></extensions><geoidheight>-23.3</geoidheight><src>gps</src><sat>17</sat><hdop>0.69</hdop><vdop>1.19</vdop><pdop>1.37</pdop><dgpsid>0000</dgpsid></trkpt>
<trkpt lat="29.590206833333333" lon="-97.58960683333335"><ele>92.1</ele><time>2025-12-05T02:37:13.000Z</time><extensions><gpxtpx:TrackPointExtension><gpxtpx:bearing>211.53</gpxtpx:bearing><gpxtpx:speed>16.23125</gpxtpx:speed></gpxtpx:TrackPointExtension></extensions><geoidheight>-23.3</geoidheight><src>gps</src><sat>17</sat><hdop>0.64</hdop><vdop>1.16</vdop><pdop>1.32</pdop><dgpsid>0000</dgpsid></trkpt>
<trkpt lat="29.588891166666667" lon="-97.59051416666668"><ele>94.0</ele><time>2025-12-05T02:37:24.000Z</time><extensions><gpxtpx:TrackPointExtension><gpxtpx:bearing>210.55</gpxtpx:bearing><gpxtpx:speed>14.186259</gpxtpx:speed></gpxtpx:TrackPointExtension></extensions><geoidheight>-23.3</geoidheight><src>gps</src><sat>16</sat><hdop>0.72</hdop><vdop>1.35</vdop><pdop>1.53</pdop><dgpsid>0000</dgpsid></trkpt>
<trkpt lat="29.5879215" lon="-97.59120149999998"><ele>92.0</ele><time>2025-12-05T02:37:35.000Z</time><extensions><gpxtpx:TrackPointExtension><gpxtpx:bearing>211.82</gpxtpx:bearing><gpxtpx:speed>6.061369</gpxtpx:speed></gpxtpx:TrackPointExtension></extensions><geoidheight>-23.3</geoidheight><src>gps</src><sat>15</sat><hdop>0.72</hdop><vdop>1.35</vdop><pdop>1.53</pdop><dgpsid>0000</dgpsid></trkpt>
<trkpt lat="29.58756" lon="-97.5911695"><ele>90.5</ele><time>2025-12-05T02:37:46.000Z</time><extensions><gpxtpx:TrackPointExtension><gpxtpx:bearing>118.0</gpxtpx:bearing><gpxtpx:speed>3.5958495</gpxtpx:speed></gpxtpx:TrackPointExtension></extensions><geoidheight>-23.3</geoidheight><src>gps</src><sat>17</sat><hdop>0.64</hdop><vdop>1.15</vdop><pdop>1.32</pdop><dgpsid>0000</dgpsid></trkpt>
<trkpt lat="29.587532000000003" lon="-97.59057200000001"><ele>88.1</ele><time>2025-12-05T02:37:57.000Z</time><extensions><gpxtpx:TrackPointExtension><gpxtpx:bearing>78.19</gpxtpx:bearing><gpxtpx:speed>8.680276</gpxtpx:speed></gpxtpx:TrackPointExtension></extensions><geoidheight>-23.3</geoidheight><src>gps</src><sat>18</sat><hdop>0.64</hdop><vdop>1.15</vdop><pdop>1.31</pdop><dgpsid>0000</dgpsid></trkpt>
<trkpt lat="29.587771166666666" lon="-97.58948583333334"><ele>91.6</ele><time>2025-12-05T02:38:08.000Z</time><extensions><gpxtpx:TrackPointExtension><gpxtpx:bearing>76.15</gpxtpx:bearing><gpxtpx:speed>9.432284</gpxtpx:speed></gpxtpx:TrackPointExtension></extensions><geoidheight>-23.3</geoidheight><src>gps</src><sat>19</sat><hdop>0.63</hdop><vdop>1.05</vdop><pdop>1.22</pdop><dgpsid>0000</dgpsid></trkpt>
<trkpt lat="29.587938666666666" lon="-97.58847050000001"><ele>91.4</ele><time>2025-12-05T02:38:19.000Z</time><extensions><gpxtpx:TrackPointExtension><gpxtpx:bearing>86.17</gpxtpx:bearing><gpxtpx:speed>8.197981</gpxtpx:speed></gpxtpx:TrackPointExtension></extensions><geoidheight>-23.3</geoidheight><src>gps</src><sat>17</sat><hdop>0.90</hdop><vdop>1.38</vdop><pdop>1.65</pdop><dgpsid>0000</dgpsid></trkpt>
<trkpt lat="29.587904333333334" lon="-97.58780933333334"><ele>87.6</ele><time>2025-12-05T02:38:30.000Z</time><extensions><gpxtpx:TrackPointExtension><gpxtpx:bearing>95.34</gpxtpx:bearing><gpxtpx:speed>3.231426</gpxtpx:speed></gpxtpx:TrackPointExtension></extensions><geoidheight>-23.3</geoidheight><src>gps</src><sat>19</sat><hdop>0.68</hdop><vdop>1.07</vdop><pdop>1.27</pdop><dgpsid>0000</dgpsid></trkpt>
<trkpt lat="29.587970333333335" lon="-97.58733349999999"><ele>79.2</ele><time>2025-12-05T02:38:41.000Z</time><extensions><gpxtpx:TrackPointExtension><gpxtpx:bearing>67.5</gpxtpx:bearing><gpxtpx:speed>4.03079</gpxtpx:speed></gpxtpx:TrackPointExtension></extensions><geoidheight>-23.3</geoidheight><src>gps</src><sat>17</sat><hdop>0.86</hdop><vdop>1.18</vdop><pdop>1.46</pdop><dgpsid>0000</dgpsid></trkpt>
<trkpt lat="29.588077" lon="-97.58660833333333"><ele>70.3</ele><time>2025-12-05T02:38:52.000Z</time><extensions><gpxtpx:TrackPointExtension><gpxtpx:bearing>88.57</gpxtpx:bearing><gpxtpx:speed>6.528222</gpxtpx:speed></gpxtpx:TrackPointExtension></extensions><geoidheight>-23.3</geoidheight><src>gps</src><sat>18</sat><hdop>0.80</hdop><vdop>1.21</vdop><pdop>1.45</pdop><dgpsid>0000</dgpsid></trkpt>
<trkpt lat="29.588049333333334" lon="-97.58581366666667"><ele>66.4</ele><time>2025-12-05T02:39:03.000Z</time><extensions><gpxtpx:TrackPointExtension><gpxtpx:bearing>104.31</gpxtpx:bearing><gpxtpx:speed>5.293918</gpxtpx:speed></gpxtpx:TrackPointExtension></extensions><geoidheight>-23.3</geoidheight><src>gps</src><sat>18</sat><hdop>0.88</hdop><vdop>1.22</vdop><pdop>1.50</pdop><dgpsid>0000</dgpsid></trkpt>
<trkpt lat="29.587765666666662" lon="-97.58529883333334"><ele>64.5</ele><time>2025-12-05T02:39:14.000Z</time><extensions><gpxtpx:TrackPointExtension><gpxtpx:bearing>143.6</gpxtpx:bearing><gpxtpx:speed>5.1065593</gpxtpx:speed></gpxtpx:TrackPointExtension></extensions><geoidheight>-23.3</geoidheight><src>gps</src><sat>19</sat><hdop>1.03</hdop><vdop>1.53</vdop><pdop>1.84</pdop><dgpsid>0000</dgpsid></trkpt>
<trkpt lat="29.587557500000003" lon="-97.5847385"><ele>64.8</ele><time>2025-12-05T02:39:25.000Z</time><extensions><gpxtpx:TrackPointExtension><gpxtpx:bearing>93.61</gpxtpx:bearing><gpxtpx:speed>5.7654037</gpxtpx:speed></gpxtpx:TrackPointExtension></extensions><geoidheight>-23.3</geoidheight><src>gps</src><sat>16</sat><hdop>0.83</hdop><vdop>1.20</vdop><pdop>1.46</pdop><dgpsid>0000</dgpsid></trkpt>
<trkpt lat="29.587595000000004" lon="-97.58421666666666"><ele>59.4</ele><time>2025-12-05T02:39:36.000Z</time><extensions><gpxtpx:TrackPointExtension><gpxtpx:bearing>68.25</gpxtpx:bearing><gpxtpx:speed>3.8063707</gpxtpx:speed></gpxtpx:TrackPointExtension></extensions><geoidheight>-23.3</geoidheight><src>gps</src><sat>18</sat><hdop>1.03</hdop><vdop>1.53</vdop><pdop>1.85</pdop><dgpsid>0000</dgpsid></trkpt>
<trkpt lat="29.5879185" lon="-97.58366783333334"><ele>86.3</ele><time>2025-12-05T02:39:47.000Z</time><extensions><gpxtpx:TrackPointExtension><gpxtpx:bearing>15.46</gpxtpx:bearing><gpxtpx:speed>5.325316</gpxtpx:speed></gpxtpx:TrackPointExtension></extensions><geoidheight>-23.3</geoidheight><src>gps</src><sat>19</sat><hdop>0.82</hdop><vdop>1.35</vdop><pdop>1.58</pdop><dgpsid>0000</dgpsid></trkpt>
<trkpt lat="29.588425500000003" lon="-97.5835095"><ele>86.0</ele><time>2025-12-05T02:39:58.000Z</time><extensions><gpxtpx:TrackPointExtension><gpxtpx:bearing>9.65</gpxtpx:bearing><gpxtpx:speed>5.090603</gpxtpx:speed></gpxtpx:TrackPointExtension></extensions><geoidheight>-23.3</geoidheight><src>gps</src><sat>19</sat><hdop>0.72</hdop><vdop>1.18</vdop><pdop>1.38</pdop><dgpsid>0000</dgpsid></trkpt>
<trkpt lat="29.588812500000003" lon="-97.58343066666666"><ele>72.9</ele><time>2025-12-05T02:40:09.000Z</time><extensions><gpxtpx:TrackPointExtension><gpxtpx:bearing>12.52</gpxtpx:bearing><gpxtpx:speed>1.6074775</gpxtpx:speed></gpxtpx:TrackPointExtension></extensions><geoidheight>-23.3</geoidheight><src>gps</src><sat>19</sat><hdop>0.62</hdop><vdop>1.06</vdop><pdop>1.23</pdop><dgpsid>0000</dgpsid></trkpt>
<trkpt lat="29.588873166666666" lon="-97.58342566666667"><ele>78.7</ele><time>2025-12-05T02:40:20.000Z</time><extensions><gpxtpx:TrackPointExtension><gpxtpx:speed>0.019044721</gpxtpx:speed></gpxtpx:TrackPointExtension></extensions><geoidheight>-23.3</geoidheight><src>gps</src><sat>19</sat><hdop>0.75</hdop><vdop>1.21</vdop><pdop>1.43</pdop><dgpsid>0000</dgpsid></trkpt>
<trkpt lat="29.58907316666667" lon="-97.58322366666668"><ele>82.7</ele><time>2025-12-05T02:40:42.000Z</time><extensions><gpxtpx:TrackPointExtension><gpxtpx:bearing>52.2</gpxtpx:bearing><gpxtpx:speed>2.9941392</gpxtpx:speed></gpxtpx:TrackPointExtension></extensions><geoidheight>-23.3</geoidheight><src>gps</src><sat>20</sat><hdop>0.78</hdop><vdop>1.08</vdop><pdop>1.33</pdop><dgpsid>0000</dgpsid></trkpt>
<trkpt lat="29.58930083333333" lon="-97.58297749999998"><ele>83.2</ele><time>2025-12-05T02:40:53.000Z</time><extensions><gpxtpx:TrackPointExtension><gpxtpx:bearing>44.19</gpxtpx:bearing><gpxtpx:speed>3.2545886</gpxtpx:speed></gpxtpx:TrackPointExtension></extensions><geoidheight>-23.3</geoidheight><src>gps</src><sat>19</sat><hdop>0.65</hdop><vdop>1.00</vdop><pdop>1.19</pdop><dgpsid>0000</dgpsid></trkpt>
<trkpt lat="29.58953166666667" lon="-97.58270283333334"><ele>83.0</ele><time>2025-12-05T02:41:04.000Z</time><extensions><gpxtpx:TrackPointExtension><gpxtpx:bearing>47.47</gpxtpx:bearing><gpxtpx:speed>3.1140695</gpxtpx:speed></gpxtpx:TrackPointExtension></extensions><geoidheight>-23.3</geoidheight><src>gps</src><sat>20</sat><hdop>0.74</hdop><vdop>1.00</vdop><pdop>1.24</pdop><dgpsid>0000</dgpsid></trkpt>
<trkpt lat="29.589775500000005" lon="-97.58247616666668"><ele>85.3</ele><time>2025-12-05T02:41:15.000Z</time><extensions><gpxtpx:TrackPointExtension><gpxtpx:bearing>48.98</gpxtpx:bearing><gpxtpx:speed>2.7820735</gpxtpx:speed></gpxtpx:TrackPointExtension></extensions><geoidheight>-23.3</geoidheight><src>gps</src><sat>19</sat><hdop>0.75</hdop><vdop>1.10</vdop><pdop>1.34</pdop><dgpsid>0000</dgpsid></trkpt>
<trkpt lat="29.589872666666665" lon="-97.5822725"><ele>84.7</ele><time>2025-12-05T02:41:26.000Z</time><extensions><gpxtpx:TrackPointExtension><gpxtpx:bearing>71.05</gpxtpx:bearing><gpxtpx:speed>2.121685</gpxtpx:speed></gpxtpx:TrackPointExtension></extensions><geoidheight>-23.3</geoidheight><src>gps</src><sat>19</sat><hdop>0.74</hdop><vdop>1.07</vdop><pdop>1.30</pdop><dgpsid>0000</dgpsid></trkpt>
<trkpt lat="29.58992333333333" lon="-97.58206299999999"><ele>82.4</ele><time>2025-12-05T02:41:37.000Z</time><extensions><gpxtpx:TrackPointExtension><gpxtpx:bearing>84.54</gpxtpx:bearing><gpxtpx:speed>1.4808558</gpxtpx:speed></gpxtpx:TrackPointExtension></extensions><geoidheight>-23.3</geoidheight><src>gps</src><sat>19</sat><hdop>0.75</hdop><vdop>1.03</vdop><pdop>1.27</pdop><dgpsid>0000</dgpsid></trkpt>
<trkpt lat="29.589878" lon="-97.58193583333332"><ele>82.0</ele><time>2025-12-05T02:41:48.000Z</time><extensions><gpxtpx:TrackPointExtension><gpxtpx:bearing>92.1</gpxtpx:bearing><gpxtpx:speed>1.3053355</gpxtpx:speed></gpxtpx:TrackPointExtension></extensions><geoidheight>-23.3</geoidheight><src>gps</src><sat>19</sat><hdop>0.65</hdop><vdop>0.94</vdop><pdop>1.14</pdop><dgpsid>0000</dgpsid></trkpt>
<trkpt lat="29.589872333333332" lon="-97.58186516666667"><ele>85.2</ele><time>2025-12-05T02:42:10.000Z</time><extensions><gpxtpx:TrackPointExtension><gpxtpx:speed>0.0231625</gpxtpx:speed></gpxtpx:TrackPointExtension></extensions><geoidheight>-23.3</geoidheight><src>gps</src><sat>19</sat><hdop>0.66</hdop><vdop>1.12</vdop><pdop>1.30</pdop><dgpsid>0000</dgpsid></trkpt>
<trkpt lat="29.5898525" lon="-97.5818165"><ele>86.6</ele><time>2025-12-05T02:43:38.000Z</time><extensions><gpxtpx:TrackPointExtension><gpxtpx:speed>0.021618333</gpxtpx:speed></gpxtpx:TrackPointExtension></extensions><geoidheight>-23.3</geoidheight><src>gps</src><sat>19</sat><hdop>0.74</hdop><vdop>1.11</vdop><pdop>1.33</pdop><dgpsid>0000</dgpsid></trkpt>
<trkpt lat="29.589845333333333" lon="-97.58176233333333"><ele>94.1</ele><time>2025-12-05T02:44:22.000Z</time><extensions><gpxtpx:TrackPointExtension><gpxtpx:speed>0.01647111</gpxtpx:speed></gpxtpx:TrackPointExtension></extensions><geoidheight>-23.3</geoidheight><src>gps</src><sat>20</sat><hdop>0.61</hdop><vdop>0.96</vdop><pdop>1.14</pdop><dgpsid>0000</dgpsid></trkpt>
</trkseg></trk></gpx>