<?xml version="1.0" encoding="UTF-8" ?><gpx version="1.1" creator="GPSLogger 135 - http://gpslogger.mendhak.com/" xmlns:xsi="http://www.w3.org/2001/XMLSchema-instance" xmlns="http://www.topografix.com/GPX/1/1" xmlns:gpxtpx="http://www.garmin.com/xmlschemas/TrackPointExtension/v2" xsi:schemaLocation="http://www.topografix.com/GPX/1/1 http://www.topografix.com/GPX/1/1/gpx.xsd http://www.garmin.com/xmlschemas/TrackPointExtension/v2 https://www8.garmin.com/xmlschemas/TrackPointExtensionv2.xsd "><metadata><time>2025-12-21T16:44:03.000Z</time></metadata><trk><name>20251221</name><trkseg><trkpt lat="24.179218" lon="-110.95402833333334"><ele>171.6</ele><time>2025-12-21T16:44:03.000Z</time><extensions><gpxtpx:TrackPointExtension><gpxtpx:speed>0.011838611</gpxtpx:speed></gpxtpx:TrackPointExtension></extensions><geoidheight>-33.6</geoidheight><src>gps</src><sat>6</sat><hdop>1.58</hdop><vdop>2.12</vdop><pdop>2.64</pdop></trkpt>
<trkpt lat="24.179224999999995" lon="-110.95408100000002"><ele>169.8</ele><time>2025-12-21T16:44:13.000Z</time><extensions><gpxtpx:TrackPointExtension><gpxtpx:speed>0.16059333</gpxtpx:speed></gpxtpx:TrackPointExtension></extensions><geoidheight>-33.6</geoidheight><src>gps</src><sat>8</sat><hdop>1.57</hdop><vdop>1.97</vdop><pdop>2.52</pdop></trkpt>
<trkpt lat="24.179217" lon="-110.95403200000001"><ele>173.2</ele><time>2025-12-21T16:45:55.000Z</time><extensions><gpxtpx:TrackPointExtension><gpxtpx:speed>0.09059111</gpxtpx:speed></gpxtpx:TrackPointExtension></extensions><geoidheight>-33.6</geoidheight><src>gps</src><sat>10</sat><hdop>1.30</hdop><vdop>1.75</vdop><pdop>2.18</pdop></trkpt>
<trkpt lat="24.1792185" lon="-110.95393533333332"><ele>167.9</ele><time>2025-12-21T17:02:42.000Z</time><extensions><gpxtpx:TrackPointExtension><gpxtpx:bearing>71.0</gpxtpx:bearing><gpxtpx:speed>1.4685025</gpxtpx:speed></gpxtpx:TrackPointExtension></extensions><geoidheight>-33.6</geoidheight><src>gps</src><sat>5</sat><hdop>2.05</hdop><vdop>3.35</vdop><pdop>3.93</pdop></trkpt>
<trkpt lat="24.179278999999998" lon="-110.9537685"><ele>170.7</ele><time>2025-12-21T17:02:54.000Z</time><extensions><gpxtpx:TrackPointExtension><gpxtpx:bearing>71.87</gpxtpx:bearing><gpxtpx:speed>2.2374976</gpxtpx:speed></gpxtpx:TrackPointExtension></extensions><geoidheight>-33.6</geoidheight><src>gps</src><sat>6</sat><hdop>2.05</hdop><vdop>3.32</vdop><pdop>3.90</pdop></trkpt>
<trkpt lat="24.179413500000003" lon="-110.95355416666668"><ele>168.0</ele><time>2025-12-21T17:03:05.000Z</time><extensions><gpxtpx:TrackPointExtension><gpxtpx:bearing>59.98</gpxtpx:bearing><gpxtpx:speed>2.7326603</gpxtpx:speed></gpxtpx:TrackPointExtension></extensions><geoidheight>-33.6</geoidheight><src>gps</src><sat>7</sat><hdop>1.56</hdop><vdop>3.02</vdop><pdop>3.40</pdop></trkpt>
<trkpt lat="24.179454166666666" lon="-110.95329283333334"><ele>167.0</ele><time>2025-12-21T17:03:16.000Z</time><extensions><gpxtpx:TrackPointExtension><gpxtpx:bearing>91.78</gpxtpx:bearing><gpxtpx:speed>2.5710375</gpxtpx:speed></gpxtpx:TrackPointExtension></extensions><geoidheight>-33.6</geoidheight><src>gps</src><sat>7</sat><hdop>1.56</hdop><vdop>3.01</vdop><pdop>3.39</pdop></trkpt>
<trkpt lat="24.17942833333333" lon="-110.95304616666665"><ele>167.6</ele><time>2025-12-21T17:03:27.000Z</time><extensions><gpxtpx:TrackPointExtension><gpxtpx:bearing>109.74</gpxtpx:bearing><gpxtpx:speed>2.20507</gpxtpx:speed></gpxtpx:TrackPointExtension></extensions><geoidheight>-33.6</geoidheight><src>gps</src><sat>6</sat><hdop>1.56</hdop><vdop>3.00</vdop><pdop>3.38</pdop></trkpt>
<trkpt lat="24.179347333333332" lon="-110.95283716666667"><ele>166.9</ele><time>2025-12-21T17:03:38.000Z</time><extensions><gpxtpx:TrackPointExtension><gpxtpx:bearing>93.98</gpxtpx:bearing><gpxtpx:speed>2.216394</gpxtpx:speed></gpxtpx:TrackPointExtension></extensions><geoidheight>-33.6</geoidheight><src>gps</src><sat>7</sat><hdop>1.48</hdop><vdop>2.92</vdop><pdop>3.28</pdop></trkpt>
<trkpt lat="24.179394499999997" lon="-110.9525865"><ele>167.5</ele><time>2025-12-21T17:03:49.000Z</time><extensions><gpxtpx:TrackPointExtension><gpxtpx:bearing>72.61</gpxtpx:bearing><gpxtpx:speed>2.5957441</gpxtpx:speed></gpxtpx:TrackPointExtension></extensions><geoidheight>-33.6</geoidheight><src>gps</src><sat>8</sat><hdop>1.48</hdop><vdop>2.91</vdop><pdop>3.27</pdop></trkpt>
<trkpt lat="24.179507833333332" lon="-110.95235083333334"><ele>169.2</ele><time>2025-12-21T17:04:00.000Z</time><extensions><gpxtpx:TrackPointExtension><gpxtpx:bearing>60.48</gpxtpx:bearing><gpxtpx:speed>2.6292012</gpxtpx:speed></gpxtpx:TrackPointExtension></extensions><geoidheight>-33.6</geoidheight><src>gps</src><sat>8</sat><hdop>1.48</hdop><vdop>2.90</vdop><pdop>3.25</pdop></trkpt>
<trkpt lat="24.17963516666667" lon="-110.9521395"><ele>170.4</ele><time>2025-12-21T17:04:11.000Z</time><extensions><gpxtpx:TrackPointExtension><gpxtpx:bearing>60.87</gpxtpx:bearing><gpxtpx:speed>2.33478</gpxtpx:speed></gpxtpx:TrackPointExtension></extensions><geoidheight>-33.6</geoidheight><src>gps</src><sat>8</sat><hdop>1.47</hdop><vdop>2.89</vdop><pdop>3.24</pdop></trkpt>
<trkpt lat="24.1797145" lon="-110.95191449999999"><ele>168.3</ele><time>2025-12-21T17:04:22.000Z</time><extensions><gpxtpx:TrackPointExtension><gpxtpx:bearing>79.61</gpxtpx:bearing><gpxtpx:speed>2.0604331</gpxtpx:speed></gpxtpx:TrackPointExtension></extensions><geoidheight>-33.6</geoidheight><src>gps</src><sat>8</sat><hdop>1.47</hdop><vdop>2.88</vdop><pdop>3.23</pdop></trkpt>
<trkpt lat="24.179704500000003" lon="-110.95167349999998"><ele>168.2</ele><time>2025-12-21T17:04:33.000Z</time><extensions><gpxtpx:TrackPointExtension><gpxtpx:bearing>95.58</gpxtpx:bearing><gpxtpx:speed>2.5097857</gpxtpx:speed></gpxtpx:TrackPointExtension></extensions><geoidheight>-33.6</geoidheight><src>gps</src><sat>8</sat><hdop>1.47</hdop><vdop>2.86</vdop><pdop>3.22</pdop></trkpt>
<trkpt lat="24.179665666666665" lon="-110.95142583333333"><ele>168.3</ele><time>2025-12-21T17:04:44.000Z</time><extensions><gpxtpx:TrackPointExtension><gpxtpx:bearing>99.73</gpxtpx:bearing><gpxtpx:speed>2.5195653</gpxtpx:speed></gpxtpx:TrackPointExtension></extensions><geoidheight>-33.6</geoidheight><src>gps</src><sat>9</sat><hdop>1.38</hdop><vdop>2.69</vdop><pdop>3.03</pdop></trkpt>
<trkpt lat="24.179604333333334" lon="-110.95114833333334"><ele>169.5</ele><time>2025-12-21T17:04:55.000Z</time><extensions><gpxtpx:TrackPointExtension><gpxtpx:bearing>103.21</gpxtpx:bearing><gpxtpx:speed>2.9339166</gpxtpx:speed></gpxtpx:TrackPointExtension></extensions><geoidheight>-33.6</geoidheight><src>gps</src><sat>9</sat><hdop>1.38</hdop><vdop>2.68</vdop><pdop>3.02</pdop></trkpt>
<trkpt lat="24.17952833333333" lon="-110.95086549999999"><ele>171.1</ele><time>2025-12-21T17:05:06.000Z</time><extensions><gpxtpx:TrackPointExtension><gpxtpx:bearing>102.85</gpxtpx:bearing><gpxtpx:speed>2.7522197</gpxtpx:speed></gpxtpx:TrackPointExtension></extensions><geoidheight>-33.6</geoidheight><src>gps</src><sat>9</sat><hdop>1.38</hdop><vdop>2.68</vdop><pdop>3.01</pdop></trkpt>
<trkpt lat="24.17958983333333" lon="-110.95051200000002"><ele>172.6</ele><time>2025-12-21T17:05:17.000Z</time><extensions><gpxtpx:TrackPointExtension><gpxtpx:bearing>58.12</gpxtpx:bearing><gpxtpx:speed>3.6092322</gpxtpx:speed></gpxtpx:TrackPointExtension></extensions><geoidheight>-33.6</geoidheight><src>gps</src><sat>9</sat><hdop>1.38</hdop><vdop>2.67</vdop><pdop>3.00</pdop></trkpt>
<trkpt lat="24.179790166666667" lon="-110.95025366666665"><ele>169.7</ele><time>2025-12-21T17:05:28.000Z</time><extensions><gpxtpx:TrackPointExtension><gpxtpx:bearing>52.56</gpxtpx:bearing><gpxtpx:speed>3.324591</gpxtpx:speed></gpxtpx:TrackPointExtension></extensions><geoidheight>-33.6</geoidheight><src>gps</src><sat>9</sat><hdop>1.38</hdop><vdop>2.66</vdop><pdop>3.00</pdop></trkpt>
<trkpt lat="24.179977833333336" lon="-110.950001"><ele>169.6</ele><time>2025-12-21T17:05:39.000Z</time><extensions><gpxtpx:TrackPointExtension><gpxtpx:bearing>53.27</gpxtpx:bearing><gpxtpx:speed>3.1609092</gpxtpx:speed></gpxtpx:TrackPointExtension></extensions><geoidheight>-33.6</geoidheight><src>gps</src><sat>9</sat><hdop>1.38</hdop><vdop>2.65</vdop><pdop>2.99</pdop></trkpt>
<trkpt lat="24.180142666666665" lon="-110.94975233333335"><ele>167.7</ele><time>2025-12-21T17:05:50.000Z</time><extensions><gpxtpx:TrackPointExtension><gpxtpx:bearing>65.19</gpxtpx:bearing><gpxtpx:speed>3.489302</gpxtpx:speed></gpxtpx:TrackPointExtension></extensions><geoidheight>-33.6</geoidheight><src>gps</src><sat>9</sat><hdop>1.38</hdop><vdop>2.65</vdop><pdop>2.98</pdop></trkpt>
<trkpt lat="24.180190999999997" lon="-110.94936983333334"><ele>168.6</ele><time>2025-12-21T17:06:01.000Z</time><extensions><gpxtpx:TrackPointExtension><gpxtpx:bearing>94.35</gpxtpx:bearing><gpxtpx:speed>4.0678496</gpxtpx:speed></gpxtpx:TrackPointExtension></extensions><geoidheight>-33.6</geoidheight><src>gps</src><sat>9</sat><hdop>1.38</hdop><vdop>2.64</vdop><pdop>2.97</pdop></trkpt>
<trkpt lat="24.180144000000002" lon="-110.94895733333333"><ele>171.4</ele><time>2025-12-21T17:06:12.000Z</time><extensions><gpxtpx:TrackPointExtension><gpxtpx:bearing>87.26</gpxtpx:bearing><gpxtpx:speed>3.4404032</gpxtpx:speed></gpxtpx:TrackPointExtension></extensions><geoidheight>-33.6</geoidheight><src>gps</src><sat>9</sat><hdop>1.38</hdop><vdop>2.63</vdop><pdop>2.97</pdop></trkpt>
<trkpt lat="24.180223333333334" lon="-110.94855366666667"><ele>172.4</ele><time>2025-12-21T17:06:23.000Z</time><extensions><gpxtpx:TrackPointExtension><gpxtpx:bearing>65.7</gpxtpx:bearing><gpxtpx:speed>3.728133</gpxtpx:speed></gpxtpx:TrackPointExtension></extensions><geoidheight>-33.6</geoidheight><src>gps</src><sat>9</sat><hdop>1.37</hdop><vdop>2.62</vdop><pdop>2.96</pdop></trkpt>
<trkpt lat="24.180505499999995" lon="-110.94830533333334"><ele>171.7</ele><time>2025-12-21T17:06:34.000Z</time><extensions><gpxtpx:TrackPointExtension><gpxtpx:bearing>23.86</gpxtpx:bearing><gpxtpx:speed>3.624159</gpxtpx:speed></gpxtpx:TrackPointExtension></extensions><geoidheight>-33.6</geoidheight><src>gps</src><sat>9</sat><hdop>1.37</hdop><vdop>2.61</vdop><pdop>2.95</pdop></trkpt>
<trkpt lat="24.180883499999997" lon="-110.94816583333335"><ele>170.0</ele><time>2025-12-21T17:06:45.000Z</time><extensions><gpxtpx:TrackPointExtension><gpxtpx:bearing>22.33</gpxtpx:bearing><gpxtpx:speed>3.94689</gpxtpx:speed></gpxtpx:TrackPointExtension></extensions><geoidheight>-33.6</geoidheight><src>gps</src><sat>9</sat><hdop>1.37</hdop><vdop>2.61</vdop><pdop>2.95</pdop></trkpt>
<trkpt lat="24.181177666666667" lon="-110.94801350000002"><ele>167.3</ele><time>2025-12-21T17:06:56.000Z</time><extensions><gpxtpx:TrackPointExtension><gpxtpx:bearing>24.23</gpxtpx:bearing><gpxtpx:speed>3.216499</gpxtpx:speed></gpxtpx:TrackPointExtension></extensions><geoidheight>-33.6</geoidheight><src>gps</src><sat>9</sat><hdop>1.37</hdop><vdop>2.60</vdop><pdop>2.94</pdop></trkpt>
<trkpt lat="24.181517833333334" lon="-110.94799966666666"><ele>164.3</ele><time>2025-12-21T17:07:07.000Z</time><extensions><gpxtpx:TrackPointExtension><gpxtpx:bearing>10.84</gpxtpx:bearing><gpxtpx:speed>3.6267328</gpxtpx:speed></gpxtpx:TrackPointExtension></extensions><geoidheight>-33.6</geoidheight><src>gps</src><sat>9</sat><hdop>1.37</hdop><vdop>2.59</vdop><pdop>2.93</pdop></trkpt>
<trkpt lat="24.181894166666666" lon="-110.9479105"><ele>162.8</ele><time>2025-12-21T17:07:18.000Z</time><extensions><gpxtpx:TrackPointExtension><gpxtpx:bearing>10.99</gpxtpx:bearing><gpxtpx:speed>3.7090883</gpxtpx:speed></gpxtpx:TrackPointExtension></extensions><geoidheight>-33.6</geoidheight><src>gps</src><sat>9</sat><hdop>1.37</hdop><vdop>2.58</vdop><pdop>2.92</pdop></trkpt>
<trkpt lat="24.182307666666663" lon="-110.94776883333334"><ele>169.2</ele><time>2025-12-21T17:07:29.000Z</time><extensions><gpxtpx:TrackPointExtension><gpxtpx:bearing>15.83</gpxtpx:bearing><gpxtpx:speed>4.8852286</gpxtpx:speed></gpxtpx:TrackPointExtension></extensions><geoidheight>-33.6</geoidheight><src>gps</src><sat>10</sat><hdop>1.00</hdop><vdop>2.11</vdop><pdop>2.34</pdop></trkpt>
<trkpt lat="24.18274816666667" lon="-110.94758083333333"><ele>173.1</ele><time>2025-12-21T17:07:40.000Z</time><extensions><gpxtpx:TrackPointExtension><gpxtpx:bearing>22.86</gpxtpx:bearing><gpxtpx:speed>3.3956225</gpxtpx:speed></gpxtpx:TrackPointExtension></extensions><geoidheight>-33.6</geoidheight><src>gps</src><sat>10</sat><hdop>1.00</hdop><vdop>2.11</vdop><pdop>2.34</pdop></trkpt>
<trkpt lat="24.183202833333333" lon="-110.94749883333334"><ele>175.5</ele><time>2025-12-21T17:07:51.000Z</time><extensions><gpxtpx:TrackPointExtension><gpxtpx:bearing>15.89</gpxtpx:bearing><gpxtpx:speed>5.003615</gpxtpx:speed></gpxtpx:TrackPointExtension></extensions><geoidheight>-33.6</geoidheight><src>gps</src><sat>10</sat><hdop>1.00</hdop><vdop>2.11</vdop><pdop>2.33</pdop></trkpt>
<trkpt lat="24.183526666666662" lon="-110.947306"><ele>174.5</ele><time>2025-12-21T17:08:02.000Z</time><extensions><gpxtpx:TrackPointExtension><gpxtpx:bearing>41.25</gpxtpx:bearing><gpxtpx:speed>2.6461868</gpxtpx:speed></gpxtpx:TrackPointExtension></extensions><geoidheight>-33.6</geoidheight><src>gps</src><sat>10</sat><hdop>1.00</hdop><vdop>2.10</vdop><pdop>2.33</pdop></trkpt>
<trkpt lat="24.183801000000003" lon="-110.94704599999999"><ele>171.7</ele><time>2025-12-21T17:08:13.000Z</time><extensions><gpxtpx:TrackPointExtension><gpxtpx:bearing>42.16</gpxtpx:bearing><gpxtpx:speed>3.420329</gpxtpx:speed></gpxtpx:TrackPointExtension></extensions><geoidheight>-33.6</geoidheight><src>gps</src><sat>10</sat><hdop>1.00</hdop><vdop>2.10</vdop><pdop>2.33</pdop></trkpt>
<trkpt lat="24.18402133333333" lon="-110.94678366666668"><ele>172.4</ele><time>2025-12-21T17:08:24.000Z</time><extensions><gpxtpx:TrackPointExtension><gpxtpx:bearing>62.43</gpxtpx:bearing><gpxtpx:speed>2.9689178</gpxtpx:speed></gpxtpx:TrackPointExtension></extensions><geoidheight>-33.6</geoidheight><src>gps</src><sat>10</sat><hdop>1.00</hdop><vdop>2.10</vdop><pdop>2.32</pdop></trkpt>
<trkpt lat="24.1841375" lon="-110.94650133333334"><ele>171.8</ele><time>2025-12-21T17:08:35.000Z</time><extensions><gpxtpx:TrackPointExtension><gpxtpx:bearing>65.31</gpxtpx:bearing><gpxtpx:speed>2.6914825</gpxtpx:speed></gpxtpx:TrackPointExtension></extensions><geoidheight>-33.6</geoidheight><src>gps</src><sat>10</sat><hdop>1.00</hdop><vdop>2.09</vdop><pdop>2.32</pdop></trkpt>
<trkpt lat="24.184332333333334" lon="-110.94626733333334"><ele>170.4</ele><time>2025-12-21T17:08:46.000Z</time><extensions><gpxtpx:TrackPointExtension><gpxtpx:bearing>36.77</gpxtpx:bearing><gpxtpx:speed>2.1803634</gpxtpx:speed></gpxtpx:TrackPointExtension></extensions><geoidheight>-33.6</geoidheight><src>gps</src><sat>10</sat><hdop>1.00</hdop><vdop>2.09</vdop><pdop>2.32</pdop></trkpt>
<trkpt lat="24.184504833333335" lon="-110.94612783333332"><ele>171.3</ele><time>2025-12-21T17:08:57.000Z</time><extensions><gpxtpx:TrackPointExtension><gpxtpx:bearing>32.23</gpxtpx:bearing><gpxtpx:speed>1.8241756</gpxtpx:speed></gpxtpx:TrackPointExtension></extensions><geoidheight>-33.6</geoidheight><src>gps</src><sat>10</sat><hdop>1.00</hdop><vdop>2.08</vdop><pdop>2.31</pdop></trkpt>
<trkpt lat="24.184684333333333" lon="-110.94598749999999"><ele>170.3</ele><time>2025-12-21T17:09:08.000Z</time><extensions><gpxtpx:TrackPointExtension><gpxtpx:bearing>38.31</gpxtpx:bearing><gpxtpx:speed>2.7439842</gpxtpx:speed></gpxtpx:TrackPointExtension></extensions><geoidheight>-33.6</geoidheight><src>gps</src><sat>10</sat><hdop>1.00</hdop><vdop>2.08</vdop><pdop>2.31</pdop></trkpt>
<trkpt lat="24.184823166666668" lon="-110.94587000000001"><ele>170.3</ele><time>2025-12-21T17:09:19.000Z</time><extensions><gpxtpx:TrackPointExtension><gpxtpx:bearing>40.54</gpxtpx:bearing><gpxtpx:speed>0.58420974</gpxtpx:speed></gpxtpx:TrackPointExtension></extensions><geoidheight>-33.6</geoidheight><src>gps</src><sat>10</sat><hdop>1.00</hdop><vdop>2.08</vdop><pdop>2.31</pdop></trkpt>
<trkpt lat="24.184931666666664" lon="-110.94576933333335"><ele>169.8</ele><time>2025-12-21T17:09:30.000Z</time><extensions><gpxtpx:TrackPointExtension><gpxtpx:bearing>40.27</gpxtpx:bearing><gpxtpx:speed>2.2642632</gpxtpx:speed></gpxtpx:TrackPointExtension></extensions><geoidheight>-33.6</geoidheight><src>gps</src><sat>10</sat><hdop>1.00</hdop><vdop>2.07</vdop><pdop>2.30</pdop></trkpt>
<trkpt lat="24.185054166666667" lon="-110.94571466666666"><ele>170.7</ele><time>2025-12-21T17:09:41.000Z</time><extensions><gpxtpx:TrackPointExtension><gpxtpx:speed>0.10963583</gpxtpx:speed></gpxtpx:TrackPointExtension></extensions><geoidheight>-33.6</geoidheight><src>gps</src><sat>11</sat><hdop>0.95</hdop><vdop>2.03</vdop><pdop>2.24</pdop></trkpt>
<trkpt lat="24.185090833333334" lon="-110.94568550000001"><ele>171.2</ele><time>2025-12-21T17:12:37.000Z</time><extensions><gpxtpx:TrackPointExtension><gpxtpx:speed>0.029339166</gpxtpx:speed></gpxtpx:TrackPointExtension></extensions><geoidheight>-33.6</geoidheight><src>gps</src><sat>12</sat><hdop>0.85</hdop><vdop>1.49</vdop><pdop>1.71</pdop></trkpt>
<trkpt lat="24.18513683333333" lon="-110.94576766666665"><time>2025-12-21T17:14:52.000Z</time><extensions><gpxtpx:TrackPointExtension><gpxtpx:speed>0.16728473</gpxtpx:speed></gpxtpx:TrackPointExtension></extensions><src>gps</src><hdop>2.05</hdop><vdop>3.54</vdop><pdop>4.09</pdop></trkpt>
<trkpt lat="24.185081666666665" lon="-110.94571766666668"><ele>174.2</ele><time>2025-12-21T17:15:25.000Z</time><extensions><gpxtpx:TrackPointExtension><gpxtpx:speed>0.32942224</gpxtpx:speed></gpxtpx:TrackPointExtension></extensions><geoidheight>-33.6</geoidheight><src>gps</src><sat>7</sat><hdop>1.17</hdop><vdop>2.30</vdop><pdop>2.58</pdop></trkpt>
<trkpt lat="24.185044833333336" lon="-110.9456005"><ele>171.2</ele><time>2025-12-21T17:18:32.000Z</time><extensions><gpxtpx:TrackPointExtension><gpxtpx:bearing>125.76</gpxtpx:bearing><gpxtpx:speed>1.8689564</gpxtpx:speed></gpxtpx:TrackPointExtension></extensions><geoidheight>-33.6</geoidheight><src>gps</src><sat>10</sat><hdop>0.98</hdop><vdop>1.85</vdop><pdop>2.09</pdop></trkpt>
<trkpt lat="24.18480833333333" lon="-110.945578"><ele>171.0</ele><time>2025-12-21T17:18:43.000Z</time><extensions><gpxtpx:TrackPointExtension><gpxtpx:bearing>170.54</gpxtpx:bearing><gpxtpx:speed>2.979727</gpxtpx:speed></gpxtpx:TrackPointExtension></extensions><geoidheight>-33.6</geoidheight><src>gps</src><sat>10</sat><hdop>0.98</hdop><vdop>1.84</vdop><pdop>2.09</pdop></trkpt>
<trkpt lat="24.184446499999996" lon="-110.94550966666665"><ele>172.8</ele><time>2025-12-21T17:18:54.000Z</time><extensions><gpxtpx:TrackPointExtension><gpxtpx:bearing>176.02</gpxtpx:bearing><gpxtpx:speed>6.27189</gpxtpx:speed></gpxtpx:TrackPointExtension></extensions><geoidheight>-33.6</geoidheight><src>gps</src><sat>10</sat><hdop>0.98</hdop><vdop>1.84</vdop><pdop>2.08</pdop></trkpt>
<trkpt lat="24.18347383333333" lon="-110.94547200000001"><ele>168.3</ele><time>2025-12-21T17:19:05.000Z</time><extensions><gpxtpx:TrackPointExtension><gpxtpx:bearing>178.75</gpxtpx:bearing><gpxtpx:speed>12.948867</gpxtpx:speed></gpxtpx:TrackPointExtension></extensions><geoidheight>-33.6</geoidheight><src>gps</src><sat>11</sat><hdop>0.94</hdop><vdop>1.83</vdop><pdop>2.06</pdop></trkpt>
<trkpt lat="24.182128499999997" lon="-110.94540333333335"><ele>161.6</ele><time>2025-12-21T17:19:16.000Z</time><extensions><gpxtpx:TrackPointExtension><gpxtpx:bearing>173.05</gpxtpx:bearing><gpxtpx:speed>13.23042</gpxtpx:speed></gpxtpx:TrackPointExtension></extensions><geoidheight>-33.6</geoidheight><src>gps</src><sat>12</sat><hdop>0.83</hdop><vdop>1.48</vdop><pdop>1.70</pdop></trkpt>
<trkpt lat="24.18099933333333" lon="-110.944684"><ele>159.5</ele><time>2025-12-21T17:19:27.000Z</time><extensions><gpxtpx:TrackPointExtension><gpxtpx:bearing>128.37</gpxtpx:bearing><gpxtpx:speed>12.910263</gpxtpx:speed></gpxtpx:TrackPointExtension></extensions><geoidheight>-33.6</geoidheight><src>gps</src><sat>12</sat><hdop>0.83</hdop><vdop>1.48</vdop><pdop>1.69</pdop></trkpt>
<trkpt lat="24.180391333333333" lon="-110.94351783333335"><ele>155.5</ele><time>2025-12-21T17:19:38.000Z</time><extensions><gpxtpx:TrackPointExtension><gpxtpx:bearing>117.66</gpxtpx:bearing><gpxtpx:speed>12.0203085</gpxtpx:speed></gpxtpx:TrackPointExtension></extensions><geoidheight>-33.6</geoidheight><src>gps</src><sat>12</sat><hdop>0.83</hdop><vdop>1.48</vdop><pdop>1.69</pdop></trkpt>
<trkpt lat="24.17981483333333" lon="-110.9423315"><ele>149.4</ele><time>2025-12-21T17:19:49.000Z</time><extensions><gpxtpx:TrackPointExtension><gpxtpx:bearing>118.0</gpxtpx:bearing><gpxtpx:speed>12.595768</gpxtpx:speed></gpxtpx:TrackPointExtension></extensions><geoidheight>-33.6</geoidheight><src>gps</src><sat>12</sat><hdop>0.83</hdop><vdop>1.47</vdop><pdop>1.69</pdop></trkpt>
<trkpt lat="24.17912816666667" lon="-110.94093183333334"><ele>142.5</ele><time>2025-12-21T17:20:00.000Z</time><extensions><gpxtpx:TrackPointExtension><gpxtpx:bearing>118.13</gpxtpx:bearing><gpxtpx:speed>17.48357</gpxtpx:speed></gpxtpx:TrackPointExtension></extensions><geoidheight>-33.6</geoidheight><src>gps</src><sat>12</sat><hdop>0.83</hdop><vdop>1.47</vdop><pdop>1.69</pdop></trkpt>
<trkpt lat="24.17828716666667" lon="-110.93922516666667"><ele>138.2</ele><time>2025-12-21T17:20:11.000Z</time><extensions><gpxtpx:TrackPointExtension><gpxtpx:bearing>118.15</gpxtpx:bearing><gpxtpx:speed>18.321022</gpxtpx:speed></gpxtpx:TrackPointExtension></extensions><geoidheight>-33.6</geoidheight><src>gps</src><sat>12</sat><hdop>0.83</hdop><vdop>1.47</vdop><pdop>1.69</pdop></trkpt>
<trkpt lat="24.17743066666667" lon="-110.93746883333333"><ele>132.3</ele><time>2025-12-21T17:20:22.000Z</time><extensions><gpxtpx:TrackPointExtension><gpxtpx:bearing>117.89</gpxtpx:bearing><gpxtpx:speed>19.009722</gpxtpx:speed></gpxtpx:TrackPointExtension></extensions><geoidheight>-33.6</geoidheight><src>gps</src><sat>12</sat><hdop>0.83</hdop><vdop>1.47</vdop><pdop>1.69</pdop></trkpt>
<trkpt lat="24.17649633333333" lon="-110.93557549999998"><ele>125.1</ele><time>2025-12-21T17:20:33.000Z</time><extensions><gpxtpx:TrackPointExtension><gpxtpx:bearing>118.67</gpxtpx:bearing><gpxtpx:speed>19.827614</gpxtpx:speed></gpxtpx:TrackPointExtension></extensions><geoidheight>-33.6</geoidheight><src>gps</src><sat>12</sat><hdop>0.94</hdop><vdop>1.80</vdop><pdop>2.03</pdop></trkpt>
<trkpt lat="24.175573833333335" lon="-110.93369933333334"><ele>122.9</ele><time>2025-12-21T17:20:44.000Z</time><extensions><gpxtpx:TrackPointExtension><gpxtpx:bearing>118.31</gpxtpx:bearing><gpxtpx:speed>19.69945</gpxtpx:speed></gpxtpx:TrackPointExtension></extensions><geoidheight>-33.6</geoidheight><src>gps</src><sat>12</sat><hdop>0.83</hdop><vdop>1.47</vdop><pdop>1.68</pdop></trkpt>
<trkpt lat="24.174672499999996" lon="-110.93184916666665"><ele>122.0</ele><time>2025-12-21T17:20:55.000Z</time><extensions><gpxtpx:TrackPointExtension><gpxtpx:bearing>117.42</gpxtpx:bearing><gpxtpx:speed>19.071487</gpxtpx:speed></gpxtpx:TrackPointExtension></extensions><geoidheight>-33.6</geoidheight><src>gps</src><sat>12</sat><hdop>0.83</hdop><vdop>1.46</vdop><pdop>1.68</pdop></trkpt>
<trkpt lat="24.173806833333334" lon="-110.93007250000001"><ele>127.3</ele><time>2025-12-21T17:21:06.000Z</time><extensions><gpxtpx:TrackPointExtension><gpxtpx:bearing>118.41</gpxtpx:bearing><gpxtpx:speed>18.184107</gpxtpx:speed></gpxtpx:TrackPointExtension></extensions><geoidheight>-33.6</geoidheight><src>gps</src><sat>12</sat><hdop>0.83</hdop><vdop>1.46</vdop><pdop>1.68</pdop></trkpt>
<trkpt lat="24.1729455" lon="-110.92832599999998"><ele>130.1</ele><time>2025-12-21T17:21:17.000Z</time><extensions><gpxtpx:TrackPointExtension><gpxtpx:bearing>118.43</gpxtpx:bearing><gpxtpx:speed>19.277891</gpxtpx:speed></gpxtpx:TrackPointExtension></extensions><geoidheight>-33.6</geoidheight><src>gps</src><sat>12</sat><hdop>0.82</hdop><vdop>1.46</vdop><pdop>1.68</pdop></trkpt>
<trkpt lat="24.17202966666667" lon="-110.92644366666667"><ele>128.2</ele><time>2025-12-21T17:21:28.000Z</time><extensions><gpxtpx:TrackPointExtension><gpxtpx:bearing>117.9</gpxtpx:bearing><gpxtpx:speed>19.241861</gpxtpx:speed></gpxtpx:TrackPointExtension></extensions><geoidheight>-33.6</geoidheight><src>gps</src><sat>12</sat><hdop>0.82</hdop><vdop>1.46</vdop><pdop>1.68</pdop></trkpt>
<trkpt lat="24.1710265" lon="-110.9248875"><ele>134.8</ele><time>2025-12-21T17:21:39.000Z</time><extensions><gpxtpx:TrackPointExtension><gpxtpx:bearing>140.3</gpxtpx:bearing><gpxtpx:speed>17.535557</gpxtpx:speed></gpxtpx:TrackPointExtension></extensions><geoidheight>-33.5</geoidheight><src>gps</src><sat>12</sat><hdop>0.82</hdop><vdop>1.46</vdop><pdop>1.68</pdop></trkpt>
<trkpt lat="24.169383" lon="-110.9241415"><ele>132.9</ele><time>2025-12-21T17:21:50.000Z</time><extensions><gpxtpx:TrackPointExtension><gpxtpx:bearing>164.57</gpxtpx:bearing><gpxtpx:speed>19.336569</gpxtpx:speed></gpxtpx:TrackPointExtension></extensions><geoidheight>-33.5</geoidheight><src>gps</src><sat>12</sat><hdop>0.82</hdop><vdop>1.46</vdop><pdop>1.67</pdop></trkpt>
<trkpt lat="24.167410000000004" lon="-110.92354716666665"><ele>119.2</ele><time>2025-12-21T17:22:01.000Z</time><extensions><gpxtpx:TrackPointExtension><gpxtpx:bearing>164.25</gpxtpx:bearing><gpxtpx:speed>21.715616</gpxtpx:speed></gpxtpx:TrackPointExtension></extensions><geoidheight>-33.5</geoidheight><src>gps</src><sat>12</sat><hdop>0.82</hdop><vdop>1.46</vdop><pdop>1.67</pdop></trkpt>
<trkpt lat="24.165391500000002" lon="-110.92294199999999"><ele>116.5</ele><time>2025-12-21T17:22:12.000Z</time><extensions><gpxtpx:TrackPointExtension><gpxtpx:bearing>164.97</gpxtpx:bearing><gpxtpx:speed>20.809704</gpxtpx:speed></gpxtpx:TrackPointExtension></extensions><geoidheight>-33.5</geoidheight><src>gps</src><sat>11</sat><hdop>0.87</hdop><vdop>1.47</vdop><pdop>1.71</pdop></trkpt>
<trkpt lat="24.163349666666665" lon="-110.92232433333332"><ele>117.1</ele><time>2025-12-21T17:22:23.000Z</time><extensions><gpxtpx:TrackPointExtension><gpxtpx:bearing>164.79</gpxtpx:bearing><gpxtpx:speed>21.456196</gpxtpx:speed></gpxtpx:TrackPointExtension></extensions><geoidheight>-33.5</geoidheight><src>gps</src><sat>12</sat><hdop>0.87</hdop><vdop>1.47</vdop><pdop>1.71</pdop></trkpt>
<trkpt lat="24.161312" lon="-110.92171216666665"><ele>117.8</ele><time>2025-12-21T17:22:34.000Z</time><extensions><gpxtpx:TrackPointExtension><gpxtpx:bearing>164.93</gpxtpx:bearing><gpxtpx:speed>21.285309</gpxtpx:speed></gpxtpx:TrackPointExtension></extensions><geoidheight>-33.5</geoidheight><src>gps</src><sat>12</sat><hdop>0.87</hdop><vdop>1.47</vdop><pdop>1.71</pdop></trkpt>
<trkpt lat="24.15934383333333" lon="-110.92111916666666"><ele>116.3</ele><time>2025-12-21T17:22:45.000Z</time><extensions><gpxtpx:TrackPointExtension><gpxtpx:bearing>164.17</gpxtpx:bearing><gpxtpx:speed>19.417381</gpxtpx:speed></gpxtpx:TrackPointExtension></extensions><geoidheight>-33.5</geoidheight><src>gps</src><sat>12</sat><hdop>0.87</hdop><vdop>1.47</vdop><pdop>1.71</pdop></trkpt>
<trkpt lat="24.157723" lon="-110.92040266666666"><ele>113.6</ele><time>2025-12-21T17:22:56.000Z</time><extensions><gpxtpx:TrackPointExtension><gpxtpx:bearing>137.27</gpxtpx:bearing><gpxtpx:speed>16.429419</gpxtpx:speed></gpxtpx:TrackPointExtension></extensions><geoidheight>-33.5</geoidheight><src>gps</src><sat>12</sat><hdop>0.87</hdop><vdop>1.46</vdop><pdop>1.71</pdop></trkpt>
<trkpt lat="24.157180833333335" lon="-110.91885983333334"><ele>115.6</ele><time>2025-12-21T17:23:07.000Z</time><extensions><gpxtpx:TrackPointExtension><gpxtpx:bearing>86.55</gpxtpx:bearing><gpxtpx:speed>16.600306</gpxtpx:speed></gpxtpx:TrackPointExtension></extensions><geoidheight>-33.5</geoidheight><src>gps</src><sat>12</sat><hdop>0.82</hdop><vdop>1.45</vdop><pdop>1.66</pdop></trkpt>
<trkpt lat="24.157466999999997" lon="-110.9169225"><ele>116.6</ele><time>2025-12-21T17:23:18.000Z</time><extensions><gpxtpx:TrackPointExtension><gpxtpx:bearing>80.05</gpxtpx:bearing><gpxtpx:speed>19.326275</gpxtpx:speed></gpxtpx:TrackPointExtension></extensions><geoidheight>-33.5</geoidheight><src>gps</src><sat>12</sat><hdop>0.82</hdop><vdop>1.44</vdop><pdop>1.66</pdop></trkpt>
<trkpt lat="24.157805666666665" lon="-110.914797"><ele>121.7</ele><time>2025-12-21T17:23:29.000Z</time><extensions><gpxtpx:TrackPointExtension><gpxtpx:bearing>80.32</gpxtpx:bearing><gpxtpx:speed>19.906366</gpxtpx:speed></gpxtpx:TrackPointExtension></extensions><geoidheight>-33.5</geoidheight><src>gps</src><sat>13</sat><hdop>0.80</hdop><vdop>1.29</vdop><pdop>1.52</pdop></trkpt>
<trkpt lat="24.158124666666662" lon="-110.91275433333334"><ele>133.2</ele><time>2025-12-21T17:23:40.000Z</time><extensions><gpxtpx:TrackPointExtension><gpxtpx:bearing>80.15</gpxtpx:bearing><gpxtpx:speed>18.760595</gpxtpx:speed></gpxtpx:TrackPointExtension></extensions><geoidheight>-33.5</geoidheight><src>gps</src><sat>13</sat><hdop>0.80</hdop><vdop>1.29</vdop><pdop>1.52</pdop></trkpt>
<trkpt lat="24.158446333333337" lon="-110.91069999999999"><ele>137.7</ele><time>2025-12-21T17:23:51.000Z</time><extensions><gpxtpx:TrackPointExtension><gpxtpx:bearing>80.2</gpxtpx:bearing><gpxtpx:speed>18.828024</gpxtpx:speed></gpxtpx:TrackPointExtension></extensions><geoidheight>-33.5</geoidheight><src>gps</src><sat>13</sat><hdop>0.80</hdop><vdop>1.29</vdop><pdop>1.52</pdop></trkpt>
<trkpt lat="24.158630000000002" lon="-110.90885699999998"><ele>146.7</ele><time>2025-12-21T17:24:02.000Z</time><extensions><gpxtpx:TrackPointExtension><gpxtpx:bearing>92.26</gpxtpx:bearing><gpxtpx:speed>14.857457</gpxtpx:speed></gpxtpx:TrackPointExtension></extensions><geoidheight>-33.5</geoidheight><src>gps</src><sat>12</sat><hdop>0.82</hdop><vdop>1.44</vdop><pdop>1.65</pdop></trkpt>
<trkpt lat="24.158843499999996" lon="-110.90757683333335"><ele>155.5</ele><time>2025-12-21T17:24:13.000Z</time><extensions><gpxtpx:TrackPointExtension><gpxtpx:bearing>41.77</gpxtpx:bearing><gpxtpx:speed>11.097926</gpxtpx:speed></gpxtpx:TrackPointExtension></extensions><geoidheight>-33.5</geoidheight><src>gps</src><sat>13</sat><hdop>0.80</hdop><vdop>1.29</vdop><pdop>1.52</pdop></trkpt>
<trkpt lat="24.159818499999997" lon="-110.90684099999999"><ele>162.8</ele><time>2025-12-21T17:24:24.000Z</time><extensions><gpxtpx:TrackPointExtension><gpxtpx:bearing>42.17</gpxtpx:bearing><gpxtpx:speed>12.928793</gpxtpx:speed></gpxtpx:TrackPointExtension></extensions><geoidheight>-33.5</geoidheight><src>gps</src><sat>11</sat><hdop>0.94</hdop><vdop>1.72</vdop><pdop>1.96</pdop></trkpt>
<trkpt lat="24.16072016666667" lon="-110.90571883333332"><ele>170.1</ele><time>2025-12-21T17:24:35.000Z</time><extensions><gpxtpx:TrackPointExtension><gpxtpx:bearing>49.9</gpxtpx:bearing><gpxtpx:speed>14.044196</gpxtpx:speed></gpxtpx:TrackPointExtension></extensions><geoidheight>-33.5</geoidheight><src>gps</src><sat>12</sat><hdop>0.83</hdop><vdop>1.34</vdop><pdop>1.57</pdop></trkpt>
<trkpt lat="24.161260333333335" lon="-110.904511"><ele>178.1</ele><time>2025-12-21T17:24:46.000Z</time><extensions><gpxtpx:TrackPointExtension><gpxtpx:bearing>88.74</gpxtpx:bearing><gpxtpx:speed>13.044605</gpxtpx:speed></gpxtpx:TrackPointExtension></extensions><geoidheight>-33.5</geoidheight><src>gps</src><sat>12</sat><hdop>0.83</hdop><vdop>1.33</vdop><pdop>1.57</pdop></trkpt>
<trkpt lat="24.160842333333335" lon="-110.90309216666668"><ele>188.5</ele><time>2025-12-21T17:24:57.000Z</time><extensions><gpxtpx:TrackPointExtension><gpxtpx:bearing>112.31</gpxtpx:bearing><gpxtpx:speed>15.302176</gpxtpx:speed></gpxtpx:TrackPointExtension></extensions><geoidheight>-33.5</geoidheight><src>gps</src><sat>13</sat><hdop>0.79</hdop><vdop>1.29</vdop><pdop>1.51</pdop></trkpt>
<trkpt lat="24.160191333333334" lon="-110.90136833333332"><ele>192.2</ele><time>2025-12-21T17:25:08.000Z</time><extensions><gpxtpx:TrackPointExtension><gpxtpx:bearing>112.41</gpxtpx:bearing><gpxtpx:speed>19.044207</gpxtpx:speed></gpxtpx:TrackPointExtension></extensions><geoidheight>-33.5</geoidheight><src>gps</src><sat>10</sat><hdop>0.99</hdop><vdop>1.73</vdop><pdop>1.99</pdop></trkpt>
<trkpt lat="24.15940833333333" lon="-110.89932966666666"><ele>195.2</ele><time>2025-12-21T17:25:19.000Z</time><extensions><gpxtpx:TrackPointExtension><gpxtpx:bearing>112.53</gpxtpx:bearing><gpxtpx:speed>21.203981</gpxtpx:speed></gpxtpx:TrackPointExtension></extensions><geoidheight>-33.5</geoidheight><src>gps</src><sat>12</sat><hdop>0.82</hdop><vdop>1.42</vdop><pdop>1.64</pdop></trkpt>
<trkpt lat="24.15860716666667" lon="-110.897228"><ele>197.4</ele><time>2025-12-21T17:25:30.000Z</time><extensions><gpxtpx:TrackPointExtension><gpxtpx:bearing>113.01</gpxtpx:bearing><gpxtpx:speed>21.01971</gpxtpx:speed></gpxtpx:TrackPointExtension></extensions><geoidheight>-33.5</geoidheight><src>gps</src><sat>13</sat><hdop>0.79</hdop><vdop>1.28</vdop><pdop>1.51</pdop></trkpt>
<trkpt lat="24.157812166666666" lon="-110.89513566666668"><ele>201.2</ele><time>2025-12-21T17:25:41.000Z</time><extensions><gpxtpx:TrackPointExtension><gpxtpx:bearing>112.53</gpxtpx:bearing><gpxtpx:speed>20.706245</gpxtpx:speed></gpxtpx:TrackPointExtension></extensions><geoidheight>-33.5</geoidheight><src>gps</src><sat>13</sat><hdop>0.79</hdop><vdop>1.28</vdop><pdop>1.51</pdop></trkpt>
<trkpt lat="24.157057333333334" lon="-110.89313716666666"><ele>203.5</ele><time>2025-12-21T17:25:52.000Z</time><extensions><gpxtpx:TrackPointExtension><gpxtpx:bearing>109.83</gpxtpx:bearing><gpxtpx:speed>19.077665</gpxtpx:speed></gpxtpx:TrackPointExtension></extensions><geoidheight>-33.5</geoidheight><src>gps</src><sat>13</sat><hdop>0.79</hdop><vdop>1.28</vdop><pdop>1.51</pdop></trkpt>
<trkpt lat="24.157012166666664" lon="-110.891224"><ele>205.5</ele><time>2025-12-21T17:26:03.000Z</time><extensions><gpxtpx:TrackPointExtension><gpxtpx:bearing>72.73</gpxtpx:bearing><gpxtpx:speed>17.661148</gpxtpx:speed></gpxtpx:TrackPointExtension></extensions><geoidheight>-33.5</geoidheight><src>gps</src><sat>12</sat><hdop>0.84</hdop><vdop>1.28</vdop><pdop>1.53</pdop></trkpt>
<trkpt lat="24.157571" lon="-110.88939950000001"><ele>203.1</ele><time>2025-12-21T17:26:14.000Z</time><extensions><gpxtpx:TrackPointExtension><gpxtpx:bearing>81.18</gpxtpx:bearing><gpxtpx:speed>18.373524</gpxtpx:speed></gpxtpx:TrackPointExtension></extensions><geoidheight>-33.5</geoidheight><src>gps</src><sat>13</sat><hdop>0.79</hdop><vdop>1.28</vdop><pdop>1.50</pdop></trkpt>
<trkpt lat="24.157418333333332" lon="-110.88736183333334"><ele>201.4</ele><time>2025-12-21T17:26:25.000Z</time><extensions><gpxtpx:TrackPointExtension><gpxtpx:bearing>100.7</gpxtpx:bearing><gpxtpx:speed>19.01178</gpxtpx:speed></gpxtpx:TrackPointExtension></extensions><geoidheight>-33.5</geoidheight><src>gps</src><sat>13</sat><hdop>0.79</hdop><vdop>1.28</vdop><pdop>1.50</pdop></trkpt>
<trkpt lat="24.157055666666665" lon="-110.88527566666669"><ele>194.0</ele><time>2025-12-21T17:26:36.000Z</time><extensions><gpxtpx:TrackPointExtension><gpxtpx:bearing>101.04</gpxtpx:bearing><gpxtpx:speed>19.988722</gpxtpx:speed></gpxtpx:TrackPointExtension></extensions><geoidheight>-33.5</geoidheight><src>gps</src><sat>13</sat><hdop>0.79</hdop><vdop>1.28</vdop><pdop>1.50</pdop></trkpt>
<trkpt lat="24.156677833333333" lon="-110.88304949999998"><ele>184.9</ele><time>2025-12-21T17:26:47.000Z</time><extensions><gpxtpx:TrackPointExtension><gpxtpx:bearing>101.79</gpxtpx:bearing><gpxtpx:speed>21.591568</gpxtpx:speed></gpxtpx:TrackPointExtension></extensions><geoidheight>-33.5</geoidheight><src>gps</src><sat>13</sat><hdop>0.79</hdop><vdop>1.28</vdop><pdop>1.50</pdop></trkpt>
<trkpt lat="24.15627833333333" lon="-110.880738"><ele>179.0</ele><time>2025-12-21T17:26:58.000Z</time><extensions><gpxtpx:TrackPointExtension><gpxtpx:bearing>100.76</gpxtpx:bearing><gpxtpx:speed>21.937975</gpxtpx:speed></gpxtpx:TrackPointExtension></extensions><geoidheight>-33.5</geoidheight><src>gps</src><sat>13</sat><hdop>0.79</hdop><vdop>1.27</vdop><pdop>1.50</pdop></trkpt>
<trkpt lat="24.155878999999995" lon="-110.87839933333335"><ele>174.9</ele><time>2025-12-21T17:27:09.000Z</time><extensions><gpxtpx:TrackPointExtension><gpxtpx:bearing>100.62</gpxtpx:bearing><gpxtpx:speed>21.812899</gpxtpx:speed></gpxtpx:TrackPointExtension></extensions><geoidheight>-33.5</geoidheight><src>gps</src><sat>12</sat><hdop>0.79</hdop><vdop>1.27</vdop><pdop>1.50</pdop></trkpt>
<trkpt lat="24.155478499999997" lon="-110.87604666666667"><ele>175.8</ele><time>2025-12-21T17:27:20.000Z</time><extensions><gpxtpx:TrackPointExtension><gpxtpx:bearing>100.74</gpxtpx:bearing><gpxtpx:speed>22.616379</gpxtpx:speed></gpxtpx:TrackPointExtension></extensions><geoidheight>-33.5</geoidheight><src>gps</src><sat>13</sat><hdop>0.79</hdop><vdop>1.27</vdop><pdop>1.50</pdop></trkpt>
<trkpt lat="24.15505166666667" lon="-110.87357449999999"><ele>177.9</ele><time>2025-12-21T17:27:31.000Z</time><extensions><gpxtpx:TrackPointExtension><gpxtpx:bearing>100.51</gpxtpx:bearing><gpxtpx:speed>23.8862</gpxtpx:speed></gpxtpx:TrackPointExtension></extensions><geoidheight>-33.5</geoidheight><src>gps</src><sat>13</sat><hdop>0.79</hdop><vdop>1.27</vdop><pdop>1.50</pdop></trkpt>
<trkpt lat="24.154617" lon="-110.87105483333335"><ele>182.0</ele><time>2025-12-21T17:27:42.000Z</time><extensions><gpxtpx:TrackPointExtension><gpxtpx:bearing>100.83</gpxtpx:bearing><gpxtpx:speed>22.723442</gpxtpx:speed></gpxtpx:TrackPointExtension></extensions><geoidheight>-33.5</geoidheight><src>gps</src><sat>13</sat><hdop>0.79</hdop><vdop>1.27</vdop><pdop>1.49</pdop></trkpt>
<trkpt lat="24.15421216666667" lon="-110.86874366666667"><ele>191.8</ele><time>2025-12-21T17:27:53.000Z</time><extensions><gpxtpx:TrackPointExtension><gpxtpx:bearing>100.94</gpxtpx:bearing><gpxtpx:speed>21.143759</gpxtpx:speed></gpxtpx:TrackPointExtension></extensions><geoidheight>-33.5</geoidheight><src>gps</src><sat>13</sat><hdop>0.79</hdop><vdop>1.27</vdop><pdop>1.49</pdop></trkpt>
<trkpt lat="24.1539" lon="-110.86680300000002"><ele>200.3</ele><time>2025-12-21T17:28:04.000Z</time><extensions><gpxtpx:TrackPointExtension><gpxtpx:bearing>93.4</gpxtpx:bearing><gpxtpx:speed>14.671642</gpxtpx:speed></gpxtpx:TrackPointExtension></extensions><geoidheight>-33.5</geoidheight><src>gps</src><sat>13</sat><hdop>0.79</hdop><vdop>1.27</vdop><pdop>1.49</pdop></trkpt>
<trkpt lat="24.154421499999998" lon="-110.86534066666667"><ele>204.7</ele><time>2025-12-21T17:28:15.000Z</time><extensions><gpxtpx:TrackPointExtension><gpxtpx:bearing>61.35</gpxtpx:bearing><gpxtpx:speed>15.698513</gpxtpx:speed></gpxtpx:TrackPointExtension></extensions><geoidheight>-33.5</geoidheight><src>gps</src><sat>12</sat><hdop>0.83</hdop><vdop>1.31</vdop><pdop>1.55</pdop></trkpt>
<trkpt lat="24.155173166666668" lon="-110.86384283333334"><ele>208.3</ele><time>2025-12-21T17:28:26.000Z</time><extensions><gpxtpx:TrackPointExtension><gpxtpx:bearing>65.07</gpxtpx:bearing><gpxtpx:speed>15.319677</gpxtpx:speed></gpxtpx:TrackPointExtension></extensions><geoidheight>-33.5</geoidheight><src>gps</src><sat>12</sat><hdop>0.83</hdop><vdop>1.31</vdop><pdop>1.55</pdop></trkpt>
<trkpt lat="24.155380166666667" lon="-110.86206366666666"><ele>213.2</ele><time>2025-12-21T17:28:37.000Z</time><extensions><gpxtpx:TrackPointExtension><gpxtpx:bearing>90.01</gpxtpx:bearing><gpxtpx:speed>17.845419</gpxtpx:speed></gpxtpx:TrackPointExtension></extensions><geoidheight>-33.5</geoidheight><src>gps</src><sat>13</sat><hdop>0.83</hdop><vdop>1.31</vdop><pdop>1.55</pdop></trkpt>
<trkpt lat="24.155364666666667" lon="-110.86008933333332"><ele>220.5</ele><time>2025-12-21T17:28:48.000Z</time><extensions><gpxtpx:TrackPointExtension><gpxtpx:bearing>94.71</gpxtpx:bearing><gpxtpx:speed>18.372496</gpxtpx:speed></gpxtpx:TrackPointExtension></extensions><geoidheight>-33.5</geoidheight><src>gps</src><sat>13</sat><hdop>0.78</hdop><vdop>1.26</vdop><pdop>1.49</pdop></trkpt>
<trkpt lat="24.154872333333334" lon="-110.85813933333333"><ele>224.7</ele><time>2025-12-21T17:28:59.000Z</time><extensions><gpxtpx:TrackPointExtension><gpxtpx:bearing>110.95</gpxtpx:bearing><gpxtpx:speed>18.762655</gpxtpx:speed></gpxtpx:TrackPointExtension></extensions><geoidheight>-33.5</geoidheight><src>gps</src><sat>13</sat><hdop>0.81</hdop><vdop>1.39</vdop><pdop>1.61</pdop></trkpt>
<trkpt lat="24.154229666666666" lon="-110.8562845"><ele>231.5</ele><time>2025-12-21T17:29:10.000Z</time><extensions><gpxtpx:TrackPointExtension><gpxtpx:bearing>110.84</gpxtpx:bearing><gpxtpx:speed>17.719828</gpxtpx:speed></gpxtpx:TrackPointExtension></extensions><geoidheight>-33.5</geoidheight><src>gps</src><sat>12</sat><hdop>0.81</hdop><vdop>1.39</vdop><pdop>1.61</pdop></trkpt>
<trkpt lat="24.15372916666667" lon="-110.85440033333334"><ele>237.5</ele><time>2025-12-21T17:29:21.000Z</time><extensions><gpxtpx:TrackPointExtension><gpxtpx:bearing>97.17</gpxtpx:bearing><gpxtpx:speed>18.42654</gpxtpx:speed></gpxtpx:TrackPointExtension></extensions><geoidheight>-33.5</geoidheight><src>gps</src><sat>13</sat><hdop>0.78</hdop><vdop>1.26</vdop><pdop>1.48</pdop></trkpt>
<trkpt lat="24.153688166666665" lon="-110.8524155"><ele>242.8</ele><time>2025-12-21T17:29:32.000Z</time><extensions><gpxtpx:TrackPointExtension><gpxtpx:bearing>89.84</gpxtpx:bearing><gpxtpx:speed>18.499632</gpxtpx:speed></gpxtpx:TrackPointExtension></extensions><geoidheight>-33.5</geoidheight><src>gps</src><sat>13</sat><hdop>0.78</hdop><vdop>1.26</vdop><pdop>1.48</pdop></trkpt>
<trkpt lat="24.153701166666664" lon="-110.85039366666666"><ele>242.8</ele><time>2025-12-21T17:29:43.000Z</time><extensions><gpxtpx:TrackPointExtension><gpxtpx:bearing>89.67</gpxtpx:bearing><gpxtpx:speed>18.631914</gpxtpx:speed></gpxtpx:TrackPointExtension></extensions><geoidheight>-33.5</geoidheight><src>gps</src><sat>12</sat><hdop>0.78</hdop><vdop>1.26</vdop><pdop>1.48</pdop></trkpt>
<trkpt lat="24.153741" lon="-110.84848083333333"><ele>243.4</ele><time>2025-12-21T17:29:54.000Z</time><extensions><gpxtpx:TrackPointExtension><gpxtpx:bearing>84.2</gpxtpx:bearing><gpxtpx:speed>17.106277</gpxtpx:speed></gpxtpx:TrackPointExtension></extensions><geoidheight>-33.5</geoidheight><src>gps</src><sat>13</sat><hdop>0.78</hdop><vdop>1.26</vdop><pdop>1.48</pdop></trkpt>
<trkpt lat="24.154191333333333" lon="-110.84666783333333"><ele>242.7</ele><time>2025-12-21T17:30:05.000Z</time><extensions><gpxtpx:TrackPointExtension><gpxtpx:bearing>66.18</gpxtpx:bearing><gpxtpx:speed>17.449083</gpxtpx:speed></gpxtpx:TrackPointExtension></extensions><geoidheight>-33.5</geoidheight><src>gps</src><sat>12</sat><hdop>0.83</hdop><vdop>1.26</vdop><pdop>1.51</pdop></trkpt>
<trkpt lat="24.154976166666664" lon="-110.84498516666666"><ele>240.2</ele><time>2025-12-21T17:30:16.000Z</time><extensions><gpxtpx:TrackPointExtension><gpxtpx:bearing>62.53</gpxtpx:bearing><gpxtpx:speed>17.757402</gpxtpx:speed></gpxtpx:TrackPointExtension></extensions><geoidheight>-33.5</geoidheight><src>gps</src><sat>12</sat><hdop>0.82</hdop><vdop>1.30</vdop><pdop>1.54</pdop></trkpt>
<trkpt lat="24.1553965" lon="-110.84323566666666"><ele>239.7</ele><time>2025-12-21T17:30:27.000Z</time><extensions><gpxtpx:TrackPointExtension><gpxtpx:bearing>90.76</gpxtpx:bearing><gpxtpx:speed>16.503538</gpxtpx:speed></gpxtpx:TrackPointExtension></extensions><geoidheight>-33.4</geoidheight><src>gps</src><sat>12</sat><hdop>0.82</hdop><vdop>1.30</vdop><pdop>1.54</pdop></trkpt>
<trkpt lat="24.154992500000002" lon="-110.841351"><ele>240.8</ele><time>2025-12-21T17:30:38.000Z</time><extensions><gpxtpx:TrackPointExtension><gpxtpx:bearing>104.96</gpxtpx:bearing><gpxtpx:speed>19.663933</gpxtpx:speed></gpxtpx:TrackPointExtension></extensions><geoidheight>-33.4</geoidheight><src>gps</src><sat>13</sat><hdop>0.78</hdop><vdop>1.25</vdop><pdop>1.48</pdop></trkpt>
<trkpt lat="24.15447466666667" lon="-110.839275"><ele>242.4</ele><time>2025-12-21T17:30:49.000Z</time><extensions><gpxtpx:TrackPointExtension><gpxtpx:bearing>105.7</gpxtpx:bearing><gpxtpx:speed>19.75298</gpxtpx:speed></gpxtpx:TrackPointExtension></extensions><geoidheight>-33.4</geoidheight><src>gps</src><sat>13</sat><hdop>0.78</hdop><vdop>1.25</vdop><pdop>1.48</pdop></trkpt>
<trkpt lat="24.153966333333333" lon="-110.83721466666665"><ele>251.3</ele><time>2025-12-21T17:31:00.000Z</time><extensions><gpxtpx:TrackPointExtension><gpxtpx:bearing>104.59</gpxtpx:bearing><gpxtpx:speed>19.396278</gpxtpx:speed></gpxtpx:TrackPointExtension></extensions><geoidheight>-33.4</geoidheight><src>gps</src><sat>13</sat><hdop>0.78</hdop><vdop>1.25</vdop><pdop>1.47</pdop></trkpt>
<trkpt lat="24.153476833333336" lon="-110.83523283333334"><ele>261.2</ele><time>2025-12-21T17:31:11.000Z</time><extensions><gpxtpx:TrackPointExtension><gpxtpx:bearing>105.0</gpxtpx:bearing><gpxtpx:speed>18.825966</gpxtpx:speed></gpxtpx:TrackPointExtension></extensions><geoidheight>-33.4</geoidheight><src>gps</src><sat>13</sat><hdop>0.78</hdop><vdop>1.25</vdop><pdop>1.47</pdop></trkpt>
<trkpt lat="24.153025333333336" lon="-110.83324833333333"><ele>270.6</ele><time>2025-12-21T17:31:22.000Z</time><extensions><gpxtpx:TrackPointExtension><gpxtpx:bearing>101.91</gpxtpx:bearing><gpxtpx:speed>19.195536</gpxtpx:speed></gpxtpx:TrackPointExtension></extensions><geoidheight>-33.4</geoidheight><src>gps</src><sat>13</sat><hdop>0.78</hdop><vdop>1.25</vdop><pdop>1.47</pdop></trkpt>
<trkpt lat="24.1526255" lon="-110.831075"><ele>272.2</ele><time>2025-12-21T17:31:33.000Z</time><extensions><gpxtpx:TrackPointExtension><gpxtpx:bearing>101.25</gpxtpx:bearing><gpxtpx:speed>21.473696</gpxtpx:speed></gpxtpx:TrackPointExtension></extensions><geoidheight>-33.4</geoidheight><src>gps</src><sat>13</sat><hdop>0.78</hdop><vdop>1.25</vdop><pdop>1.47</pdop></trkpt>
<trkpt lat="24.152249833333332" lon="-110.82897650000001"><ele>270.6</ele><time>2025-12-21T17:31:44.000Z</time><extensions><gpxtpx:TrackPointExtension><gpxtpx:bearing>101.94</gpxtpx:bearing><gpxtpx:speed>18.786331</gpxtpx:speed></gpxtpx:TrackPointExtension></extensions><geoidheight>-33.4</geoidheight><src>gps</src><sat>12</sat><hdop>0.81</hdop><vdop>1.31</vdop><pdop>1.54</pdop></trkpt>
<trkpt lat="24.151588500000003" lon="-110.82708816666667"><ele>270.1</ele><time>2025-12-21T17:31:55.000Z</time><extensions><gpxtpx:TrackPointExtension><gpxtpx:bearing>121.04</gpxtpx:bearing><gpxtpx:speed>19.985119</gpxtpx:speed></gpxtpx:TrackPointExtension></extensions><geoidheight>-33.4</geoidheight><src>gps</src><sat>12</sat><hdop>0.81</hdop><vdop>1.31</vdop><pdop>1.54</pdop></trkpt>
<trkpt lat="24.1502125" lon="-110.82539383333332"><ele>269.1</ele><time>2025-12-21T17:32:06.000Z</time><extensions><gpxtpx:TrackPointExtension><gpxtpx:bearing>137.64</gpxtpx:bearing><gpxtpx:speed>21.623995</gpxtpx:speed></gpxtpx:TrackPointExtension></extensions><geoidheight>-33.4</geoidheight><src>gps</src><sat>13</sat><hdop>0.78</hdop><vdop>1.25</vdop><pdop>1.47</pdop></trkpt>
<trkpt lat="24.1484665" lon="-110.82424616666667"><ele>273.4</ele><time>2025-12-21T17:32:17.000Z</time><extensions><gpxtpx:TrackPointExtension><gpxtpx:bearing>160.43</gpxtpx:bearing><gpxtpx:speed>19.365395</gpxtpx:speed></gpxtpx:TrackPointExtension></extensions><geoidheight>-33.4</geoidheight><src>gps</src><sat>13</sat><hdop>0.78</hdop><vdop>1.24</vdop><pdop>1.47</pdop></trkpt>
<trkpt lat="24.1465735" lon="-110.82355733333334"><ele>274.7</ele><time>2025-12-21T17:32:28.000Z</time><extensions><gpxtpx:TrackPointExtension><gpxtpx:bearing>161.25</gpxtpx:bearing><gpxtpx:speed>20.923973</gpxtpx:speed></gpxtpx:TrackPointExtension></extensions><geoidheight>-33.4</geoidheight><src>gps</src><sat>13</sat><hdop>0.78</hdop><vdop>1.24</vdop><pdop>1.47</pdop></trkpt>
<trkpt lat="24.144593499999996" lon="-110.82286549999999"><ele>273.4</ele><time>2025-12-21T17:32:39.000Z</time><extensions><gpxtpx:TrackPointExtension><gpxtpx:bearing>162.28</gpxtpx:bearing><gpxtpx:speed>20.340279</gpxtpx:speed></gpxtpx:TrackPointExtension></extensions><geoidheight>-33.4</geoidheight><src>gps</src><sat>13</sat><hdop>0.78</hdop><vdop>1.24</vdop><pdop>1.46</pdop></trkpt>
<trkpt lat="24.142917166666667" lon="-110.82194983333332"><ele>273.2</ele><time>2025-12-21T17:32:50.000Z</time><extensions><gpxtpx:TrackPointExtension><gpxtpx:bearing>136.5</gpxtpx:bearing><gpxtpx:speed>18.979868</gpxtpx:speed></gpxtpx:TrackPointExtension></extensions><geoidheight>-33.4</geoidheight><src>gps</src><sat>13</sat><hdop>0.77</hdop><vdop>1.24</vdop><pdop>1.46</pdop></trkpt>
<trkpt lat="24.141705" lon="-110.82022299999998"><ele>273.7</ele><time>2025-12-21T17:33:01.000Z</time><extensions><gpxtpx:TrackPointExtension><gpxtpx:bearing>125.53</gpxtpx:bearing><gpxtpx:speed>21.12111</gpxtpx:speed></gpxtpx:TrackPointExtension></extensions><geoidheight>-33.4</geoidheight><src>gps</src><sat>13</sat><hdop>0.77</hdop><vdop>1.24</vdop><pdop>1.46</pdop></trkpt>
<trkpt lat="24.140532666666665" lon="-110.81844866666667"><ele>273.9</ele><time>2025-12-21T17:33:12.000Z</time><extensions><gpxtpx:TrackPointExtension><gpxtpx:bearing>125.7</gpxtpx:bearing><gpxtpx:speed>18.45588</gpxtpx:speed></gpxtpx:TrackPointExtension></extensions><geoidheight>-33.4</geoidheight><src>gps</src><sat>13</sat><hdop>0.77</hdop><vdop>1.24</vdop><pdop>1.46</pdop></trkpt>
<trkpt lat="24.13975833333333" lon="-110.81668816666667"><ele>275.4</ele><time>2025-12-21T17:33:23.000Z</time><extensions><gpxtpx:TrackPointExtension><gpxtpx:bearing>92.03</gpxtpx:bearing><gpxtpx:speed>17.845934</gpxtpx:speed></gpxtpx:TrackPointExtension></extensions><geoidheight>-33.4</geoidheight><src>gps</src><sat>13</sat><hdop>0.77</hdop><vdop>1.24</vdop><pdop>1.46</pdop></trkpt>
<trkpt lat="24.140465666666667" lon="-110.81492633333333"><ele>280.7</ele><time>2025-12-21T17:33:34.000Z</time><extensions><gpxtpx:TrackPointExtension><gpxtpx:bearing>54.85</gpxtpx:bearing><gpxtpx:speed>19.193478</gpxtpx:speed></gpxtpx:TrackPointExtension></extensions><geoidheight>-33.4</geoidheight><src>gps</src><sat>13</sat><hdop>0.77</hdop><vdop>1.24</vdop><pdop>1.46</pdop></trkpt>
<trkpt lat="24.141588833333337" lon="-110.81317566666667"><ele>285.8</ele><time>2025-12-21T17:33:45.000Z</time><extensions><gpxtpx:TrackPointExtension><gpxtpx:bearing>56.22</gpxtpx:bearing><gpxtpx:speed>19.941368</gpxtpx:speed></gpxtpx:TrackPointExtension></extensions><geoidheight>-33.4</geoidheight><src>gps</src><sat>12</sat><hdop>0.82</hdop><vdop>1.27</vdop><pdop>1.51</pdop></trkpt>
<trkpt lat="24.14238233333333" lon="-110.81118916666668"><ele>290.7</ele><time>2025-12-21T17:33:56.000Z</time><extensions><gpxtpx:TrackPointExtension><gpxtpx:bearing>77.14</gpxtpx:bearing><gpxtpx:speed>20.42315</gpxtpx:speed></gpxtpx:TrackPointExtension></extensions><geoidheight>-33.4</geoidheight><src>gps</src><sat>12</sat><hdop>0.82</hdop><vdop>1.27</vdop><pdop>1.51</pdop></trkpt>
<trkpt lat="24.142588333333332" lon="-110.80900516666667"><ele>295.4</ele><time>2025-12-21T17:34:07.000Z</time><extensions><gpxtpx:TrackPointExtension><gpxtpx:bearing>85.65</gpxtpx:bearing><gpxtpx:speed>20.17042</gpxtpx:speed></gpxtpx:TrackPointExtension></extensions><geoidheight>-33.4</geoidheight><src>gps</src><sat>12</sat><hdop>0.82</hdop><vdop>1.27</vdop><pdop>1.51</pdop></trkpt>
<trkpt lat="24.142744666666665" lon="-110.80674033333335"><ele>295.6</ele><time>2025-12-21T17:34:18.000Z</time><extensions><gpxtpx:TrackPointExtension><gpxtpx:bearing>86.06</gpxtpx:bearing><gpxtpx:speed>21.965256</gpxtpx:speed></gpxtpx:TrackPointExtension></extensions><geoidheight>-33.4</geoidheight><src>gps</src><sat>13</sat><hdop>0.77</hdop><vdop>1.23</vdop><pdop>1.45</pdop></trkpt>
<trkpt lat="24.142926666666668" lon="-110.80430300000002"><ele>295.7</ele><time>2025-12-21T17:34:29.000Z</time><extensions><gpxtpx:TrackPointExtension><gpxtpx:bearing>85.25</gpxtpx:bearing><gpxtpx:speed>23.082718</gpxtpx:speed></gpxtpx:TrackPointExtension></extensions><geoidheight>-33.4</geoidheight><src>gps</src><sat>13</sat><hdop>0.82</hdop><vdop>1.27</vdop><pdop>1.51</pdop></trkpt>
<trkpt lat="24.143024" lon="-110.80199166666668"><ele>297.0</ele><time>2025-12-21T17:34:40.000Z</time><extensions><gpxtpx:TrackPointExtension><gpxtpx:bearing>97.45</gpxtpx:bearing><gpxtpx:speed>19.972252</gpxtpx:speed></gpxtpx:TrackPointExtension></extensions><geoidheight>-33.4</geoidheight><src>gps</src><sat>13</sat><hdop>0.82</hdop><vdop>1.27</vdop><pdop>1.51</pdop></trkpt>
<trkpt lat="24.142649833333333" lon="-110.7997805"><ele>299.2</ele><time>2025-12-21T17:34:51.000Z</time><extensions><gpxtpx:TrackPointExtension><gpxtpx:bearing>100.26</gpxtpx:bearing><gpxtpx:speed>21.080963</gpxtpx:speed></gpxtpx:TrackPointExtension></extensions><geoidheight>-33.4</geoidheight><src>gps</src><sat>12</sat><hdop>0.84</hdop><vdop>1.23</vdop><pdop>1.49</pdop></trkpt>
<trkpt lat="24.142363666666665" lon="-110.797566"><ele>303.3</ele><time>2025-12-21T17:35:02.000Z</time><extensions><gpxtpx:TrackPointExtension><gpxtpx:bearing>91.18</gpxtpx:bearing><gpxtpx:speed>19.932617</gpxtpx:speed></gpxtpx:TrackPointExtension></extensions><geoidheight>-33.4</geoidheight><src>gps</src><sat>13</sat><hdop>0.77</hdop><vdop>1.23</vdop><pdop>1.45</pdop></trkpt>
<trkpt lat="24.143247166666665" lon="-110.79575416666667"><ele>308.2</ele><time>2025-12-21T17:35:13.000Z</time><extensions><gpxtpx:TrackPointExtension><gpxtpx:bearing>35.05</gpxtpx:bearing><gpxtpx:speed>19.792099</gpxtpx:speed></gpxtpx:TrackPointExtension></extensions><geoidheight>-33.4</geoidheight><src>gps</src><sat>13</sat><hdop>0.77</hdop><vdop>1.23</vdop><pdop>1.45</pdop></trkpt>
<trkpt lat="24.14501416666667" lon="-110.79486833333334"><ele>310.5</ele><time>2025-12-21T17:35:24.000Z</time><extensions><gpxtpx:TrackPointExtension><gpxtpx:bearing>34.21</gpxtpx:bearing><gpxtpx:speed>19.43797</gpxtpx:speed></gpxtpx:TrackPointExtension></extensions><geoidheight>-33.4</geoidheight><src>gps</src><sat>12</sat><hdop>0.80</hdop><vdop>1.33</vdop><pdop>1.55</pdop></trkpt>
<trkpt lat="24.14574716666667" lon="-110.79294616666667"><ele>315.4</ele><time>2025-12-21T17:35:35.000Z</time><extensions><gpxtpx:TrackPointExtension><gpxtpx:bearing>92.87</gpxtpx:bearing><gpxtpx:speed>20.934782</gpxtpx:speed></gpxtpx:TrackPointExtension></extensions><geoidheight>-33.4</geoidheight><src>gps</src><sat>13</sat><hdop>0.77</hdop><vdop>1.22</vdop><pdop>1.45</pdop></trkpt>
<trkpt lat="24.1455525" lon="-110.79062649999999"><ele>320.2</ele><time>2025-12-21T17:35:46.000Z</time><extensions><gpxtpx:TrackPointExtension><gpxtpx:bearing>95.28</gpxtpx:bearing><gpxtpx:speed>21.846355</gpxtpx:speed></gpxtpx:TrackPointExtension></extensions><geoidheight>-33.4</geoidheight><src>gps</src><sat>13</sat><hdop>0.77</hdop><vdop>1.22</vdop><pdop>1.44</pdop></trkpt>
<trkpt lat="24.145004166666663" lon="-110.7885105"><ele>322.5</ele><time>2025-12-21T17:35:57.000Z</time><extensions><gpxtpx:TrackPointExtension><gpxtpx:bearing>130.31</gpxtpx:bearing><gpxtpx:speed>20.32844</gpxtpx:speed></gpxtpx:TrackPointExtension></extensions><geoidheight>-33.4</geoidheight><src>gps</src><sat>13</sat><hdop>0.77</hdop><vdop>1.22</vdop><pdop>1.44</pdop></trkpt>
<trkpt lat="24.143239" lon="-110.78744433333334"><ele>322.5</ele><time>2025-12-21T17:36:08.000Z</time><extensions><gpxtpx:TrackPointExtension><gpxtpx:bearing>156.42</gpxtpx:bearing><gpxtpx:speed>22.07026</gpxtpx:speed></gpxtpx:TrackPointExtension></extensions><geoidheight>-33.4</geoidheight><src>gps</src><sat>13</sat><hdop>0.77</hdop><vdop>1.22</vdop><pdop>1.44</pdop></trkpt>
<trkpt lat="24.141445666666662" lon="-110.78625283333334"><ele>322.9</ele><time>2025-12-21T17:36:19.000Z</time><extensions><gpxtpx:TrackPointExtension><gpxtpx:bearing>130.67</gpxtpx:bearing><gpxtpx:speed>21.478844</gpxtpx:speed></gpxtpx:TrackPointExtension></extensions><geoidheight>-33.4</geoidheight><src>gps</src><sat>13</sat><hdop>0.77</hdop><vdop>1.22</vdop><pdop>1.44</pdop></trkpt>
<trkpt lat="24.140832833333334" lon="-110.78409633333334"><ele>325.6</ele><time>2025-12-21T17:36:30.000Z</time><extensions><gpxtpx:TrackPointExtension><gpxtpx:bearing>84.84</gpxtpx:bearing><gpxtpx:speed>21.169495</gpxtpx:speed></gpxtpx:TrackPointExtension></extensions><geoidheight>-33.4</geoidheight><src>gps</src><sat>12</sat><hdop>0.77</hdop><vdop>1.22</vdop><pdop>1.44</pdop></trkpt>
<trkpt lat="24.141341333333337" lon="-110.78180716666665"><ele>331.7</ele><time>2025-12-21T17:36:41.000Z</time><extensions><gpxtpx:TrackPointExtension><gpxtpx:bearing>75.5</gpxtpx:bearing><gpxtpx:speed>22.656013</gpxtpx:speed></gpxtpx:TrackPointExtension></extensions><geoidheight>-33.4</geoidheight><src>gps</src><sat>12</sat><hdop>0.82</hdop><vdop>1.25</vdop><pdop>1.50</pdop></trkpt>
<trkpt lat="24.14192066666667" lon="-110.77941733333334"><ele>335.6</ele><time>2025-12-21T17:36:52.000Z</time><extensions><gpxtpx:TrackPointExtension><gpxtpx:bearing>75.19</gpxtpx:bearing><gpxtpx:speed>22.025993</gpxtpx:speed></gpxtpx:TrackPointExtension></extensions><geoidheight>-33.4</geoidheight><src>gps</src><sat>11</sat><hdop>0.91</hdop><vdop>1.25</vdop><pdop>1.55</pdop></trkpt>
<trkpt lat="24.142117833333334" lon="-110.77700850000001"><ele>336.3</ele><time>2025-12-21T17:37:03.000Z</time><extensions><gpxtpx:TrackPointExtension><gpxtpx:bearing>96.6</gpxtpx:bearing><gpxtpx:speed>23.028673</gpxtpx:speed></gpxtpx:TrackPointExtension></extensions><geoidheight>-33.4</geoidheight><src>gps</src><sat>12</sat><hdop>0.77</hdop><vdop>1.22</vdop><pdop>1.44</pdop></trkpt>
<trkpt lat="24.141320333333336" lon="-110.77460916666665"><ele>332.0</ele><time>2025-12-21T17:37:14.000Z</time><extensions><gpxtpx:TrackPointExtension><gpxtpx:bearing>122.96</gpxtpx:bearing><gpxtpx:speed>24.079735</gpxtpx:speed></gpxtpx:TrackPointExtension></extensions><geoidheight>-33.4</geoidheight><src>gps</src><sat>13</sat><hdop>0.77</hdop><vdop>1.21</vdop><pdop>1.44</pdop></trkpt>
<trkpt lat="24.139806666666665" lon="-110.77261250000001"><ele>331.4</ele><time>2025-12-21T17:37:25.000Z</time><extensions><gpxtpx:TrackPointExtension><gpxtpx:bearing>131.0</gpxtpx:bearing><gpxtpx:speed>24.142015</gpxtpx:speed></gpxtpx:TrackPointExtension></extensions><geoidheight>-33.4</geoidheight><src>gps</src><sat>13</sat><hdop>0.77</hdop><vdop>1.21</vdop><pdop>1.43</pdop></trkpt>
<trkpt lat="24.1382185" lon="-110.7706375"><ele>329.9</ele><time>2025-12-21T17:37:36.000Z</time><extensions><gpxtpx:TrackPointExtension><gpxtpx:bearing>131.13</gpxtpx:bearing><gpxtpx:speed>23.993776</gpxtpx:speed></gpxtpx:TrackPointExtension></extensions><geoidheight>-33.4</geoidheight><src>gps</src><sat>13</sat><hdop>0.76</hdop><vdop>1.21</vdop><pdop>1.43</pdop></trkpt>
<trkpt lat="24.13692416666667" lon="-110.76857866666666"><ele>329.0</ele><time>2025-12-21T17:37:47.000Z</time><extensions><gpxtpx:TrackPointExtension><gpxtpx:bearing>113.17</gpxtpx:bearing><gpxtpx:speed>22.37343</gpxtpx:speed></gpxtpx:TrackPointExtension></extensions><geoidheight>-33.4</geoidheight><src>gps</src><sat>13</sat><hdop>0.76</hdop><vdop>1.21</vdop><pdop>1.43</pdop></trkpt>
<trkpt lat="24.1362315" lon="-110.76618783333333"><ele>322.5</ele><time>2025-12-21T17:37:58.000Z</time><extensions><gpxtpx:TrackPointExtension><gpxtpx:bearing>105.94</gpxtpx:bearing><gpxtpx:speed>23.242283</gpxtpx:speed></gpxtpx:TrackPointExtension></extensions><geoidheight>-33.4</geoidheight><src>gps</src><sat>13</sat><hdop>0.76</hdop><vdop>1.21</vdop><pdop>1.43</pdop></trkpt>
<trkpt lat="24.135595833333333" lon="-110.76376633333332"><ele>315.7</ele><time>2025-12-21T17:38:09.000Z</time><extensions><gpxtpx:TrackPointExtension><gpxtpx:bearing>106.5</gpxtpx:bearing><gpxtpx:speed>22.661674</gpxtpx:speed></gpxtpx:TrackPointExtension></extensions><geoidheight>-33.4</geoidheight><src>gps</src><sat>12</sat><hdop>0.79</hdop><vdop>1.26</vdop><pdop>1.49</pdop></trkpt>
<trkpt lat="24.134649" lon="-110.7616575"><ele>309.0</ele><time>2025-12-21T17:38:20.000Z</time><extensions><gpxtpx:TrackPointExtension><gpxtpx:bearing>125.37</gpxtpx:bearing><gpxtpx:speed>22.259163</gpxtpx:speed></gpxtpx:TrackPointExtension></extensions><geoidheight>-33.3</geoidheight><src>gps</src><sat>12</sat><hdop>0.79</hdop><vdop>1.26</vdop><pdop>1.49</pdop></trkpt>
<trkpt lat="24.132936499999996" lon="-110.75992766666668"><ele>297.4</ele><time>2025-12-21T17:38:31.000Z</time><extensions><gpxtpx:TrackPointExtension><gpxtpx:bearing>148.13</gpxtpx:bearing><gpxtpx:speed>24.951674</gpxtpx:speed></gpxtpx:TrackPointExtension></extensions><geoidheight>-33.3</geoidheight><src>gps</src><sat>12</sat><hdop>0.87</hdop><vdop>1.46</vdop><pdop>1.70</pdop></trkpt>
<trkpt lat="24.130755333333333" lon="-110.75846883333334"><ele>295.7</ele><time>2025-12-21T17:38:42.000Z</time><extensions><gpxtpx:TrackPointExtension><gpxtpx:bearing>148.38</gpxtpx:bearing><gpxtpx:speed>25.90494</gpxtpx:speed></gpxtpx:TrackPointExtension></extensions><geoidheight>-33.3</geoidheight><src>gps</src><sat>13</sat><hdop>0.76</hdop><vdop>1.21</vdop><pdop>1.43</pdop></trkpt>
<trkpt lat="24.128581166666663" lon="-110.75700966666666"><ele>292.6</ele><time>2025-12-21T17:38:53.000Z</time><extensions><gpxtpx:TrackPointExtension><gpxtpx:bearing>148.51</gpxtpx:bearing><gpxtpx:speed>25.219845</gpxtpx:speed></gpxtpx:TrackPointExtension></extensions><geoidheight>-33.3</geoidheight><src>gps</src><sat>12</sat><hdop>0.87</hdop><vdop>1.46</vdop><pdop>1.69</pdop></trkpt>
<trkpt lat="24.1263795" lon="-110.75554316666667"><ele>286.2</ele><time>2025-12-21T17:39:04.000Z</time><extensions><gpxtpx:TrackPointExtension><gpxtpx:bearing>148.51</gpxtpx:bearing><gpxtpx:speed>26.021267</gpxtpx:speed></gpxtpx:TrackPointExtension></extensions><geoidheight>-33.3</geoidheight><src>gps</src><sat>13</sat><hdop>0.76</hdop><vdop>1.20</vdop><pdop>1.42</pdop></trkpt>
<trkpt lat="24.124097833333334" lon="-110.75402466666668"><ele>284.8</ele><time>2025-12-21T17:39:15.000Z</time><extensions><gpxtpx:TrackPointExtension><gpxtpx:bearing>148.46</gpxtpx:bearing><gpxtpx:speed>28.023537</gpxtpx:speed></gpxtpx:TrackPointExtension></extensions><geoidheight>-33.3</geoidheight><src>gps</src><sat>12</sat><hdop>0.86</hdop><vdop>1.45</vdop><pdop>1.69</pdop></trkpt>
<trkpt lat="24.121743666666664" lon="-110.75244966666666"><ele>279.1</ele><time>2025-12-21T17:39:26.000Z</time><extensions><gpxtpx:TrackPointExtension><gpxtpx:bearing>147.83</gpxtpx:bearing><gpxtpx:speed>27.642128</gpxtpx:speed></gpxtpx:TrackPointExtension></extensions><geoidheight>-33.3</geoidheight><src>gps</src><sat>12</sat><hdop>0.86</hdop><vdop>1.45</vdop><pdop>1.69</pdop></trkpt>
<trkpt lat="24.119503666666667" lon="-110.750684"><ele>273.1</ele><time>2025-12-21T17:39:37.000Z</time><extensions><gpxtpx:TrackPointExtension><gpxtpx:bearing>142.4</gpxtpx:bearing><gpxtpx:speed>27.957653</gpxtpx:speed></gpxtpx:TrackPointExtension></extensions><geoidheight>-33.3</geoidheight><src>gps</src><sat>13</sat><hdop>0.76</hdop><vdop>1.20</vdop><pdop>1.42</pdop></trkpt>
<trkpt lat="24.117313333333332" lon="-110.74884783333333"><ele>266.8</ele><time>2025-12-21T17:39:48.000Z</time><extensions><gpxtpx:TrackPointExtension><gpxtpx:bearing>142.61</gpxtpx:bearing><gpxtpx:speed>27.820736</gpxtpx:speed></gpxtpx:TrackPointExtension></extensions><geoidheight>-33.3</geoidheight><src>gps</src><sat>13</sat><hdop>0.76</hdop><vdop>1.20</vdop><pdop>1.42</pdop></trkpt>
<trkpt lat="24.115117666666666" lon="-110.74699600000001"><ele>260.4</ele><time>2025-12-21T17:39:59.000Z</time><extensions><gpxtpx:TrackPointExtension><gpxtpx:bearing>142.26</gpxtpx:bearing><gpxtpx:speed>27.893827</gpxtpx:speed></gpxtpx:TrackPointExtension></extensions><geoidheight>-33.3</geoidheight><src>gps</src><sat>13</sat><hdop>0.76</hdop><vdop>1.20</vdop><pdop>1.42</pdop></trkpt>
<trkpt lat="24.112959" lon="-110.745177"><ele>258.8</ele><time>2025-12-21T17:40:10.000Z</time><extensions><gpxtpx:TrackPointExtension><gpxtpx:bearing>142.24</gpxtpx:bearing><gpxtpx:speed>26.684229</gpxtpx:speed></gpxtpx:TrackPointExtension></extensions><geoidheight>-33.3</geoidheight><src>gps</src><sat>12</sat><hdop>0.82</hdop><vdop>1.33</vdop><pdop>1.56</pdop></trkpt>
<trkpt lat="24.11090916666667" lon="-110.74344766666667"><ele>263.8</ele><time>2025-12-21T17:40:21.000Z</time><extensions><gpxtpx:TrackPointExtension><gpxtpx:bearing>142.24</gpxtpx:bearing><gpxtpx:speed>26.539078</gpxtpx:speed></gpxtpx:TrackPointExtension></extensions><geoidheight>-33.3</geoidheight><src>gps</src><sat>12</sat><hdop>0.82</hdop><vdop>1.33</vdop><pdop>1.56</pdop></trkpt>
<trkpt lat="24.108790833333334" lon="-110.741669"><ele>261.3</ele><time>2025-12-21T17:40:32.000Z</time><extensions><gpxtpx:TrackPointExtension><gpxtpx:bearing>142.56</gpxtpx:bearing><gpxtpx:speed>27.456827</gpxtpx:speed></gpxtpx:TrackPointExtension></extensions><geoidheight>-33.3</geoidheight><src>gps</src><sat>12</sat><hdop>0.82</hdop><vdop>1.33</vdop><pdop>1.56</pdop></trkpt>
<trkpt lat="24.106651166666666" lon="-110.73986716666668"><ele>254.8</ele><time>2025-12-21T17:40:43.000Z</time><extensions><gpxtpx:TrackPointExtension><gpxtpx:bearing>142.29</gpxtpx:bearing><gpxtpx:speed>26.166933</gpxtpx:speed></gpxtpx:TrackPointExtension></extensions><geoidheight>-33.3</geoidheight><src>gps</src><sat>13</sat><hdop>0.74</hdop><vdop>1.13</vdop><pdop>1.36</pdop></trkpt>
<trkpt lat="24.104601000000002" lon="-110.73813683333334"><ele>249.8</ele><time>2025-12-21T17:40:54.000Z</time><extensions><gpxtpx:TrackPointExtension><gpxtpx:bearing>142.56</gpxtpx:bearing><gpxtpx:speed>25.927073</gpxtpx:speed></gpxtpx:TrackPointExtension></extensions><geoidheight>-33.3</geoidheight><src>gps</src><sat>12</sat><hdop>0.82</hdop><vdop>1.32</vdop><pdop>1.56</pdop></trkpt>
<trkpt lat="24.102682833333333" lon="-110.73651266666666"><ele>239.2</ele><time>2025-12-21T17:41:05.000Z</time><extensions><gpxtpx:TrackPointExtension><gpxtpx:bearing>139.12</gpxtpx:bearing><gpxtpx:speed>21.915329</gpxtpx:speed></gpxtpx:TrackPointExtension></extensions><geoidheight>-33.3</geoidheight><src>gps</src><sat>12</sat><hdop>0.78</hdop><vdop>1.16</vdop><pdop>1.40</pdop></trkpt>
<trkpt lat="24.10150966666667" lon="-110.73478750000001"><ele>239.1</ele><time>2025-12-21T17:41:16.000Z</time><extensions><gpxtpx:TrackPointExtension><gpxtpx:bearing>114.63</gpxtpx:bearing><gpxtpx:speed>17.057894</gpxtpx:speed></gpxtpx:TrackPointExtension></extensions><geoidheight>-33.3</geoidheight><src>gps</src><sat>13</sat><hdop>0.74</hdop><vdop>1.13</vdop><pdop>1.35</pdop></trkpt>
<trkpt lat="24.1009295" lon="-110.73336133333332"><ele>235.5</ele><time>2025-12-21T17:41:27.000Z</time><extensions><gpxtpx:TrackPointExtension><gpxtpx:bearing>106.79</gpxtpx:bearing><gpxtpx:speed>15.069523</gpxtpx:speed></gpxtpx:TrackPointExtension></extensions><geoidheight>-33.3</geoidheight><src>gps</src><sat>13</sat><hdop>0.74</hdop><vdop>1.13</vdop><pdop>1.35</pdop></trkpt>
<trkpt lat="24.10046483333333" lon="-110.73170266666666"><ele>237.0</ele><time>2025-12-21T17:41:38.000Z</time><extensions><gpxtpx:TrackPointExtension><gpxtpx:bearing>105.92</gpxtpx:bearing><gpxtpx:speed>15.964109</gpxtpx:speed></gpxtpx:TrackPointExtension></extensions><geoidheight>-33.3</geoidheight><src>gps</src><sat>13</sat><hdop>0.74</hdop><vdop>1.13</vdop><pdop>1.35</pdop></trkpt>
<trkpt lat="24.10018616666667" lon="-110.73026816666668"><ele>247.5</ele><time>2025-12-21T17:41:49.000Z</time><extensions><gpxtpx:TrackPointExtension><gpxtpx:bearing>112.03</gpxtpx:bearing><gpxtpx:speed>12.772317</gpxtpx:speed></gpxtpx:TrackPointExtension></extensions><geoidheight>-33.3</geoidheight><src>gps</src><sat>13</sat><hdop>0.76</hdop><vdop>1.19</vdop><pdop>1.41</pdop></trkpt>
<trkpt lat="24.09946933333333" lon="-110.72895266666667"><ele>253.4</ele><time>2025-12-21T17:42:00.000Z</time><extensions><gpxtpx:TrackPointExtension><gpxtpx:bearing>127.05</gpxtpx:bearing><gpxtpx:speed>16.089703</gpxtpx:speed></gpxtpx:TrackPointExtension></extensions><geoidheight>-33.3</geoidheight><src>gps</src><sat>12</sat><hdop>0.77</hdop><vdop>1.23</vdop><pdop>1.45</pdop></trkpt>
<trkpt lat="24.098352666666663" lon="-110.72743066666665"><ele>255.6</ele><time>2025-12-21T17:42:11.000Z</time><extensions><gpxtpx:TrackPointExtension><gpxtpx:bearing>129.37</gpxtpx:bearing><gpxtpx:speed>20.321234</gpxtpx:speed></gpxtpx:TrackPointExtension></extensions><geoidheight>-33.3</geoidheight><src>gps</src><sat>13</sat><hdop>0.74</hdop><vdop>1.13</vdop><pdop>1.35</pdop><dgpsid>0000</dgpsid></trkpt>
<trkpt lat="24.096922000000003" lon="-110.7255025"><ele>253.3</ele><time>2025-12-21T17:42:22.000Z</time><extensions><gpxtpx:TrackPointExtension><gpxtpx:bearing>129.07</gpxtpx:bearing><gpxtpx:speed>24.945498</gpxtpx:speed></gpxtpx:TrackPointExtension></extensions><geoidheight>-33.3</geoidheight><src>gps</src><sat>13</sat><hdop>0.74</hdop><vdop>1.13</vdop><pdop>1.35</pdop><dgpsid>0000</dgpsid></trkpt>
<trkpt lat="24.095377833333334" lon="-110.72342016666668"><ele>257.2</ele><time>2025-12-21T17:42:33.000Z</time><extensions><gpxtpx:TrackPointExtension><gpxtpx:bearing>129.02</gpxtpx:bearing><gpxtpx:speed>24.811155</gpxtpx:speed></gpxtpx:TrackPointExtension></extensions><geoidheight>-33.3</geoidheight><src>gps</src><sat>13</sat><hdop>0.74</hdop><vdop>1.13</vdop><pdop>1.35</pdop><dgpsid>0000</dgpsid></trkpt>
<trkpt lat="24.09386683333333" lon="-110.72137916666667"><ele>256.7</ele><time>2025-12-21T17:42:44.000Z</time><extensions><gpxtpx:TrackPointExtension><gpxtpx:bearing>128.81</gpxtpx:bearing><gpxtpx:speed>24.432835</gpxtpx:speed></gpxtpx:TrackPointExtension></extensions><geoidheight>-33.3</geoidheight><src>gps</src><sat>13</sat><hdop>0.74</hdop><vdop>1.12</vdop><pdop>1.35</pdop><dgpsid>0000</dgpsid></trkpt>
<trkpt lat="24.09223233333333" lon="-110.71920083333335"><ele>250.3</ele><time>2025-12-21T17:42:55.000Z</time><extensions><gpxtpx:TrackPointExtension><gpxtpx:bearing>128.98</gpxtpx:bearing><gpxtpx:speed>26.533417</gpxtpx:speed></gpxtpx:TrackPointExtension></extensions><geoidheight>-33.3</geoidheight><src>gps</src><sat>13</sat><hdop>0.74</hdop><vdop>1.12</vdop><pdop>1.34</pdop><dgpsid>0000</dgpsid></trkpt>
<trkpt lat="24.09062783333333" lon="-110.71705333333333"><ele>257.1</ele><time>2025-12-21T17:43:06.000Z</time><extensions><gpxtpx:TrackPointExtension><gpxtpx:bearing>128.83</gpxtpx:bearing><gpxtpx:speed>25.315582</gpxtpx:speed></gpxtpx:TrackPointExtension></extensions><geoidheight>-33.3</geoidheight><src>gps</src><sat>13</sat><hdop>0.74</hdop><vdop>1.12</vdop><pdop>1.34</pdop><dgpsid>0000</dgpsid></trkpt>
<trkpt lat="24.089100999999996" lon="-110.71485583333333"><ele>259.6</ele><time>2025-12-21T17:43:17.000Z</time><extensions><gpxtpx:TrackPointExtension><gpxtpx:bearing>119.3</gpxtpx:bearing><gpxtpx:speed>25.926558</gpxtpx:speed></gpxtpx:TrackPointExtension></extensions><geoidheight>-33.3</geoidheight><src>gps</src><sat>13</sat><hdop>0.74</hdop><vdop>1.12</vdop><pdop>1.34</pdop><dgpsid>0000</dgpsid></trkpt>
<trkpt lat="24.088445833333335" lon="-110.71219716666668"><ele>266.9</ele><time>2025-12-21T17:43:28.000Z</time><extensions><gpxtpx:TrackPointExtension><gpxtpx:bearing>91.73</gpxtpx:bearing><gpxtpx:speed>25.05153</gpxtpx:speed></gpxtpx:TrackPointExtension></extensions><geoidheight>-33.3</geoidheight><src>gps</src><sat>13</sat><hdop>0.74</hdop><vdop>1.12</vdop><pdop>1.34</pdop><dgpsid>0000</dgpsid></trkpt>
<trkpt lat="24.088703166666665" lon="-110.70944033333332"><ele>268.0</ele><time>2025-12-21T17:43:39.000Z</time><extensions><gpxtpx:TrackPointExtension><gpxtpx:bearing>82.55</gpxtpx:bearing><gpxtpx:speed>26.529812</gpxtpx:speed></gpxtpx:TrackPointExtension></extensions><geoidheight>-33.3</geoidheight><src>gps</src><sat>13</sat><hdop>0.74</hdop><vdop>1.12</vdop><pdop>1.34</pdop><dgpsid>0000</dgpsid></trkpt>
<trkpt lat="24.08904733333333" lon="-110.70651533333333"><ele>265.9</ele><time>2025-12-21T17:43:50.000Z</time><extensions><gpxtpx:TrackPointExtension><gpxtpx:bearing>83.07</gpxtpx:bearing><gpxtpx:speed>27.411531</gpxtpx:speed></gpxtpx:TrackPointExtension></extensions><geoidheight>-33.3</geoidheight><src>gps</src><sat>13</sat><hdop>0.74</hdop><vdop>1.12</vdop><pdop>1.34</pdop><dgpsid>0000</dgpsid></trkpt>
<trkpt lat="24.089382166666663" lon="-110.7036755"><ele>272.0</ele><time>2025-12-21T17:44:01.000Z</time><extensions><gpxtpx:TrackPointExtension><gpxtpx:bearing>82.37</gpxtpx:bearing><gpxtpx:speed>26.626581</gpxtpx:speed></gpxtpx:TrackPointExtension></extensions><geoidheight>-33.3</geoidheight><src>gps</src><sat>13</sat><hdop>0.74</hdop><vdop>1.12</vdop><pdop>1.34</pdop><dgpsid>0000</dgpsid></trkpt>
<trkpt lat="24.089719" lon="-110.700804"><ele>275.6</ele><time>2025-12-21T17:44:12.000Z</time><extensions><gpxtpx:TrackPointExtension><gpxtpx:bearing>82.45</gpxtpx:bearing><gpxtpx:speed>25.806627</gpxtpx:speed></gpxtpx:TrackPointExtension></extensions><geoidheight>-33.3</geoidheight><src>gps</src><sat>13</sat><hdop>0.75</hdop><vdop>1.17</vdop><pdop>1.39</pdop><dgpsid>0000</dgpsid></trkpt>
<trkpt lat="24.090048166666666" lon="-110.69802266666666"><ele>274.7</ele><time>2025-12-21T17:44:23.000Z</time><extensions><gpxtpx:TrackPointExtension><gpxtpx:bearing>82.97</gpxtpx:bearing><gpxtpx:speed>26.562756</gpxtpx:speed></gpxtpx:TrackPointExtension></extensions><geoidheight>-33.3</geoidheight><src>gps</src><sat>12</sat><hdop>0.78</hdop><vdop>1.16</vdop><pdop>1.39</pdop><dgpsid>0000</dgpsid></trkpt>
<trkpt lat="24.09038466666667" lon="-110.6951685"><ele>270.9</ele><time>2025-12-21T17:44:34.000Z</time><extensions><gpxtpx:TrackPointExtension><gpxtpx:bearing>82.84</gpxtpx:bearing><gpxtpx:speed>26.814455</gpxtpx:speed></gpxtpx:TrackPointExtension></extensions><geoidheight>-33.3</geoidheight><src>gps</src><sat>12</sat><hdop>0.79</hdop><vdop>1.16</vdop><pdop>1.40</pdop><dgpsid>0000</dgpsid></trkpt>
<trkpt lat="24.090726000000004" lon="-110.69226866666668"><ele>268.4</ele><time>2025-12-21T17:44:45.000Z</time><extensions><gpxtpx:TrackPointExtension><gpxtpx:bearing>82.61</gpxtpx:bearing><gpxtpx:speed>27.343588</gpxtpx:speed></gpxtpx:TrackPointExtension></extensions><geoidheight>-33.3</geoidheight><src>gps</src><sat>13</sat><hdop>0.79</hdop><vdop>1.16</vdop><pdop>1.40</pdop><dgpsid>0000</dgpsid></trkpt>
<trkpt lat="24.0910795" lon="-110.68930016666667"><ele>271.1</ele><time>2025-12-21T17:44:56.000Z</time><extensions><gpxtpx:TrackPointExtension><gpxtpx:bearing>82.58</gpxtpx:bearing><gpxtpx:speed>27.290573</gpxtpx:speed></gpxtpx:TrackPointExtension></extensions><geoidheight>-33.3</geoidheight><src>gps</src><sat>13</sat><hdop>0.79</hdop><vdop>1.16</vdop><pdop>1.40</pdop><dgpsid>0000</dgpsid></trkpt>
<trkpt lat="24.091429499999997" lon="-110.68639916666667"><ele>271.7</ele><time>2025-12-21T17:45:07.000Z</time><extensions><gpxtpx:TrackPointExtension><gpxtpx:bearing>82.42</gpxtpx:bearing><gpxtpx:speed>27.994713</gpxtpx:speed></gpxtpx:TrackPointExtension></extensions><geoidheight>-33.3</geoidheight><src>gps</src><sat>13</sat><hdop>0.79</hdop><vdop>1.15</vdop><pdop>1.40</pdop><dgpsid>0000</dgpsid></trkpt>
<trkpt lat="24.09180233333333" lon="-110.68329216666667"><ele>268.5</ele><time>2025-12-21T17:45:18.000Z</time><extensions><gpxtpx:TrackPointExtension><gpxtpx:bearing>82.51</gpxtpx:bearing><gpxtpx:speed>28.8718</gpxtpx:speed></gpxtpx:TrackPointExtension></extensions><geoidheight>-33.3</geoidheight><src>gps</src><sat>13</sat><hdop>0.79</hdop><vdop>1.15</vdop><pdop>1.40</pdop><dgpsid>0000</dgpsid></trkpt>
<trkpt lat="24.0921665" lon="-110.68020366666666"><ele>270.1</ele><time>2025-12-21T17:45:29.000Z</time><extensions><gpxtpx:TrackPointExtension><gpxtpx:bearing>82.88</gpxtpx:bearing><gpxtpx:speed>28.61907</gpxtpx:speed></gpxtpx:TrackPointExtension></extensions><geoidheight>-33.3</geoidheight><src>gps</src><sat>13</sat><hdop>0.79</hdop><vdop>1.15</vdop><pdop>1.40</pdop><dgpsid>0000</dgpsid></trkpt>
<trkpt lat="24.092535666666663" lon="-110.67711849999999"><ele>274.7</ele><time>2025-12-21T17:45:40.000Z</time><extensions><gpxtpx:TrackPointExtension><gpxtpx:bearing>82.52</gpxtpx:bearing><gpxtpx:speed>28.507376</gpxtpx:speed></gpxtpx:TrackPointExtension></extensions><geoidheight>-33.3</geoidheight><src>gps</src><sat>13</sat><hdop>0.79</hdop><vdop>1.15</vdop><pdop>1.40</pdop><dgpsid>0000</dgpsid></trkpt>
<trkpt lat="24.09289683333333" lon="-110.67406383333334"><ele>275.6</ele><time>2025-12-21T17:45:51.000Z</time><extensions><gpxtpx:TrackPointExtension><gpxtpx:bearing>82.83</gpxtpx:bearing><gpxtpx:speed>29.089012</gpxtpx:speed></gpxtpx:TrackPointExtension></extensions><geoidheight>-33.3</geoidheight><src>gps</src><sat>13</sat><hdop>0.79</hdop><vdop>1.15</vdop><pdop>1.40</pdop><dgpsid>0000</dgpsid></trkpt>
<trkpt lat="24.093267333333333" lon="-110.67095683333334"><ele>272.4</ele><time>2025-12-21T17:46:02.000Z</time><extensions><gpxtpx:TrackPointExtension><gpxtpx:bearing>82.81</gpxtpx:bearing><gpxtpx:speed>28.269573</gpxtpx:speed></gpxtpx:TrackPointExtension></extensions><geoidheight>-33.2</geoidheight><src>gps</src><sat>13</sat><hdop>0.79</hdop><vdop>1.15</vdop><pdop>1.39</pdop><dgpsid>0000</dgpsid></trkpt>
<trkpt lat="24.09360916666667" lon="-110.66808100000002"><ele>285.4</ele><time>2025-12-21T17:46:13.000Z</time><extensions><gpxtpx:TrackPointExtension><gpxtpx:bearing>82.66</gpxtpx:bearing><gpxtpx:speed>25.751553</gpxtpx:speed></gpxtpx:TrackPointExtension></extensions><geoidheight>-33.2</geoidheight><src>gps</src><sat>13</sat><hdop>0.81</hdop><vdop>1.19</vdop><pdop>1.44</pdop><dgpsid>0000</dgpsid></trkpt>
<trkpt lat="24.093927833333336" lon="-110.6653165"><ele>289.5</ele><time>2025-12-21T17:46:24.000Z</time><extensions><gpxtpx:TrackPointExtension><gpxtpx:bearing>82.48</gpxtpx:bearing><gpxtpx:speed>25.789642</gpxtpx:speed></gpxtpx:TrackPointExtension></extensions><geoidheight>-33.2</geoidheight><src>gps</src><sat>13</sat><hdop>0.74</hdop><vdop>1.11</vdop><pdop>1.33</pdop><dgpsid>0000</dgpsid></trkpt>
<trkpt lat="24.094251166666663" lon="-110.66258116666668"><ele>290.9</ele><time>2025-12-21T17:46:35.000Z</time><extensions><gpxtpx:TrackPointExtension><gpxtpx:bearing>82.44</gpxtpx:bearing><gpxtpx:speed>25.890528</gpxtpx:speed></gpxtpx:TrackPointExtension></extensions><geoidheight>-33.2</geoidheight><src>gps</src><sat>13</sat><hdop>0.79</hdop><vdop>1.15</vdop><pdop>1.39</pdop><dgpsid>0000</dgpsid></trkpt>
<trkpt lat="24.094577166666667" lon="-110.65987733333334"><ele>285.6</ele><time>2025-12-21T17:46:46.000Z</time><extensions><gpxtpx:TrackPointExtension><gpxtpx:bearing>82.46</gpxtpx:bearing><gpxtpx:speed>25.25639</gpxtpx:speed></gpxtpx:TrackPointExtension></extensions><geoidheight>-33.2</geoidheight><src>gps</src><sat>13</sat><hdop>0.79</hdop><vdop>1.15</vdop><pdop>1.39</pdop><dgpsid>0000</dgpsid></trkpt>
<trkpt lat="24.09490333333333" lon="-110.65705616666668"><ele>273.2</ele><time>2025-12-21T17:46:57.000Z</time><extensions><gpxtpx:TrackPointExtension><gpxtpx:bearing>82.64</gpxtpx:bearing><gpxtpx:speed>27.319912</gpxtpx:speed></gpxtpx:TrackPointExtension></extensions><geoidheight>-33.2</geoidheight><src>gps</src><sat>13</sat><hdop>0.75</hdop><vdop>1.15</vdop><pdop>1.38</pdop><dgpsid>0000</dgpsid></trkpt>
<trkpt lat="24.095253666666668" lon="-110.65409749999999"><ele>272.0</ele><time>2025-12-21T17:47:08.000Z</time><extensions><gpxtpx:TrackPointExtension><gpxtpx:bearing>82.88</gpxtpx:bearing><gpxtpx:speed>27.18557</gpxtpx:speed></gpxtpx:TrackPointExtension></extensions><geoidheight>-33.2</geoidheight><src>gps</src><sat>12</sat><hdop>0.81</hdop><vdop>1.18</vdop><pdop>1.43</pdop><dgpsid>0000</dgpsid></trkpt>
<trkpt lat="24.095592333333336" lon="-110.65125400000001"><ele>280.9</ele><time>2025-12-21T17:47:19.000Z</time><extensions><gpxtpx:TrackPointExtension><gpxtpx:bearing>82.69</gpxtpx:bearing><gpxtpx:speed>26.391867</gpxtpx:speed></gpxtpx:TrackPointExtension></extensions><geoidheight>-33.2</geoidheight><src>gps</src><sat>13</sat><hdop>0.73</hdop><vdop>1.10</vdop><pdop>1.32</pdop><dgpsid>0000</dgpsid></trkpt>
<trkpt lat="24.095918166666667" lon="-110.64845483333332"><ele>276.1</ele><time>2025-12-21T17:47:30.000Z</time><extensions><gpxtpx:TrackPointExtension><gpxtpx:bearing>82.6</gpxtpx:bearing><gpxtpx:speed>26.198332</gpxtpx:speed></gpxtpx:TrackPointExtension></extensions><geoidheight>-33.2</geoidheight><src>gps</src><sat>12</sat><hdop>0.79</hdop><vdop>1.14</vdop><pdop>1.39</pdop><dgpsid>0000</dgpsid></trkpt>
<trkpt lat="24.096241499999998" lon="-110.64574533333334"><ele>272.6</ele><time>2025-12-21T17:47:41.000Z</time><extensions><gpxtpx:TrackPointExtension><gpxtpx:bearing>82.61</gpxtpx:bearing><gpxtpx:speed>23.938187</gpxtpx:speed></gpxtpx:TrackPointExtension></extensions><geoidheight>-33.2</geoidheight><src>gps</src><sat>12</sat><hdop>0.79</hdop><vdop>1.14</vdop><pdop>1.39</pdop><dgpsid>0000</dgpsid></trkpt>
<trkpt lat="24.096076999999998" lon="-110.6433825"><ele>272.7</ele><time>2025-12-21T17:47:52.000Z</time><extensions><gpxtpx:TrackPointExtension><gpxtpx:bearing>110.08</gpxtpx:bearing><gpxtpx:speed>21.709438</gpxtpx:speed></gpxtpx:TrackPointExtension></extensions><geoidheight>-33.2</geoidheight><src>gps</src><sat>13</sat><hdop>0.73</hdop><vdop>1.10</vdop><pdop>1.32</pdop><dgpsid>0000</dgpsid></trkpt>
<trkpt lat="24.094839499999996" lon="-110.641316"><ele>265.5</ele><time>2025-12-21T17:48:03.000Z</time><extensions><gpxtpx:TrackPointExtension><gpxtpx:bearing>127.73</gpxtpx:bearing><gpxtpx:speed>24.007158</gpxtpx:speed></gpxtpx:TrackPointExtension></extensions><geoidheight>-33.2</geoidheight><src>gps</src><sat>12</sat><hdop>0.77</hdop><vdop>1.13</vdop><pdop>1.36</pdop><dgpsid>0000</dgpsid></trkpt>
<trkpt lat="24.093387999999997" lon="-110.63926883333333"><ele>265.0</ele><time>2025-12-21T17:48:14.000Z</time><extensions><gpxtpx:TrackPointExtension><gpxtpx:bearing>127.31</gpxtpx:bearing><gpxtpx:speed>24.048851</gpxtpx:speed></gpxtpx:TrackPointExtension></extensions><geoidheight>-33.2</geoidheight><src>gps</src><sat>13</sat><hdop>0.73</hdop><vdop>1.10</vdop><pdop>1.32</pdop><dgpsid>0000</dgpsid></trkpt>
<trkpt lat="24.091883666666664" lon="-110.637138"><ele>269.7</ele><time>2025-12-21T17:48:25.000Z</time><extensions><gpxtpx:TrackPointExtension><gpxtpx:bearing>127.79</gpxtpx:bearing><gpxtpx:speed>25.334627</gpxtpx:speed></gpxtpx:TrackPointExtension></extensions><geoidheight>-33.2</geoidheight><src>gps</src><sat>13</sat><hdop>0.73</hdop><vdop>1.10</vdop><pdop>1.32</pdop><dgpsid>0000</dgpsid></trkpt>
<trkpt lat="24.090319666666666" lon="-110.634925"><ele>274.3</ele><time>2025-12-21T17:48:36.000Z</time><extensions><gpxtpx:TrackPointExtension><gpxtpx:bearing>127.61</gpxtpx:bearing><gpxtpx:speed>26.322895</gpxtpx:speed></gpxtpx:TrackPointExtension></extensions><geoidheight>-33.2</geoidheight><src>gps</src><sat>12</sat><hdop>0.79</hdop><vdop>1.13</vdop><pdop>1.38</pdop><dgpsid>0000</dgpsid></trkpt>
<trkpt lat="24.08874166666667" lon="-110.63269616666666"><ele>284.9</ele><time>2025-12-21T17:48:47.000Z</time><extensions><gpxtpx:TrackPointExtension><gpxtpx:bearing>127.76</gpxtpx:bearing><gpxtpx:speed>24.935204</gpxtpx:speed></gpxtpx:TrackPointExtension></extensions><geoidheight>-33.2</geoidheight><src>gps</src><sat>13</sat><hdop>0.73</hdop><vdop>1.09</vdop><pdop>1.32</pdop><dgpsid>0000</dgpsid></trkpt>
<trkpt lat="24.08726283333333" lon="-110.63060633333335"><ele>294.8</ele><time>2025-12-21T17:48:58.000Z</time><extensions><gpxtpx:TrackPointExtension><gpxtpx:bearing>127.93</gpxtpx:bearing><gpxtpx:speed>24.447762</gpxtpx:speed></gpxtpx:TrackPointExtension></extensions><geoidheight>-33.2</geoidheight><src>gps</src><sat>13</sat><hdop>0.73</hdop><vdop>1.09</vdop><pdop>1.32</pdop><dgpsid>0000</dgpsid></trkpt>
<trkpt lat="24.085793" lon="-110.62853066666666"><ele>299.3</ele><time>2025-12-21T17:49:09.000Z</time><extensions><gpxtpx:TrackPointExtension><gpxtpx:bearing>127.43</gpxtpx:bearing><gpxtpx:speed>23.351402</gpxtpx:speed></gpxtpx:TrackPointExtension></extensions><geoidheight>-33.2</geoidheight><src>gps</src><sat>13</sat><hdop>0.73</hdop><vdop>1.09</vdop><pdop>1.32</pdop><dgpsid>0000</dgpsid></trkpt>
<trkpt lat="24.084374166666667" lon="-110.62651150000002"><ele>296.9</ele><time>2025-12-21T17:49:20.000Z</time><extensions><gpxtpx:TrackPointExtension><gpxtpx:bearing>126.94</gpxtpx:bearing><gpxtpx:speed>23.583029</gpxtpx:speed></gpxtpx:TrackPointExtension></extensions><geoidheight>-33.2</geoidheight><src>gps</src><sat>12</sat><hdop>0.77</hdop><vdop>1.17</vdop><pdop>1.40</pdop><dgpsid>0000</dgpsid></trkpt>
<trkpt lat="24.08288333333333" lon="-110.62440066666667"><ele>283.8</ele><time>2025-12-21T17:49:31.000Z</time><extensions><gpxtpx:TrackPointExtension><gpxtpx:bearing>127.24</gpxtpx:bearing><gpxtpx:speed>25.17558</gpxtpx:speed></gpxtpx:TrackPointExtension></extensions><geoidheight>-33.2</geoidheight><src>gps</src><sat>13</sat><hdop>0.73</hdop><vdop>1.09</vdop><pdop>1.31</pdop><dgpsid>0000</dgpsid></trkpt>
<trkpt lat="24.081312166666667" lon="-110.62218550000001"><ele>272.8</ele><time>2025-12-21T17:49:42.000Z</time><extensions><gpxtpx:TrackPointExtension><gpxtpx:bearing>127.7</gpxtpx:bearing><gpxtpx:speed>26.594667</gpxtpx:speed></gpxtpx:TrackPointExtension></extensions><geoidheight>-33.2</geoidheight><src>gps</src><sat>13</sat><hdop>0.73</hdop><vdop>1.09</vdop><pdop>1.31</pdop><dgpsid>0000</dgpsid></trkpt>
<trkpt lat="24.07971866666667" lon="-110.61994033333333"><ele>270.7</ele><time>2025-12-21T17:49:53.000Z</time><extensions><gpxtpx:TrackPointExtension><gpxtpx:bearing>127.62</gpxtpx:bearing><gpxtpx:speed>25.457647</gpxtpx:speed></gpxtpx:TrackPointExtension></extensions><geoidheight>-33.2</geoidheight><src>gps</src><sat>13</sat><hdop>0.73</hdop><vdop>1.09</vdop><pdop>1.31</pdop><dgpsid>0000</dgpsid></trkpt>
<trkpt lat="24.07812783333333" lon="-110.61770483333333"><ele>271.7</ele><time>2025-12-21T17:50:04.000Z</time><extensions><gpxtpx:TrackPointExtension><gpxtpx:bearing>127.84</gpxtpx:bearing><gpxtpx:speed>27.237041</gpxtpx:speed></gpxtpx:TrackPointExtension></extensions><geoidheight>-33.2</geoidheight><src>gps</src><sat>12</sat><hdop>0.77</hdop><vdop>1.16</vdop><pdop>1.40</pdop><dgpsid>0000</dgpsid></trkpt>
<trkpt lat="24.0764425" lon="-110.6153265"><ele>266.7</ele><time>2025-12-21T17:50:15.000Z</time><extensions><gpxtpx:TrackPointExtension><gpxtpx:bearing>127.42</gpxtpx:bearing><gpxtpx:speed>27.458887</gpxtpx:speed></gpxtpx:TrackPointExtension></extensions><geoidheight>-33.2</geoidheight><src>gps</src><sat>13</sat><hdop>0.73</hdop><vdop>1.09</vdop><pdop>1.31</pdop><dgpsid>0000</dgpsid></trkpt>
<trkpt lat="24.074827833333334" lon="-110.61303199999999"><ele>272.8</ele><time>2025-12-21T17:50:26.000Z</time><extensions><gpxtpx:TrackPointExtension><gpxtpx:bearing>127.45</gpxtpx:bearing><gpxtpx:speed>26.765556</gpxtpx:speed></gpxtpx:TrackPointExtension></extensions><geoidheight>-33.2</geoidheight><src>gps</src><sat>13</sat><hdop>0.73</hdop><vdop>1.09</vdop><pdop>1.31</pdop><dgpsid>0000</dgpsid></trkpt>
<trkpt lat="24.07322433333333" lon="-110.6107815"><ele>279.5</ele><time>2025-12-21T17:50:37.000Z</time><extensions><gpxtpx:TrackPointExtension><gpxtpx:bearing>127.85</gpxtpx:bearing><gpxtpx:speed>26.261127</gpxtpx:speed></gpxtpx:TrackPointExtension></extensions><geoidheight>-33.2</geoidheight><src>gps</src><sat>12</sat><hdop>0.77</hdop><vdop>1.16</vdop><pdop>1.39</pdop><dgpsid>0000</dgpsid></trkpt>
<trkpt lat="24.0716035" lon="-110.60849683333332"><ele>280.7</ele><time>2025-12-21T17:50:48.000Z</time><extensions><gpxtpx:TrackPointExtension><gpxtpx:bearing>127.77</gpxtpx:bearing><gpxtpx:speed>27.071815</gpxtpx:speed></gpxtpx:TrackPointExtension></extensions><geoidheight>-33.2</geoidheight><src>gps</src><sat>13</sat><hdop>0.73</hdop><vdop>1.08</vdop><pdop>1.31</pdop><dgpsid>0000</dgpsid></trkpt>
<trkpt lat="24.069971833333337" lon="-110.60619566666668"><ele>280.3</ele><time>2025-12-21T17:50:59.000Z</time><extensions><gpxtpx:TrackPointExtension><gpxtpx:bearing>127.82</gpxtpx:bearing><gpxtpx:speed>26.452604</gpxtpx:speed></gpxtpx:TrackPointExtension></extensions><geoidheight>-33.2</geoidheight><src>gps</src><sat>13</sat><hdop>0.73</hdop><vdop>1.08</vdop><pdop>1.31</pdop><dgpsid>0000</dgpsid></trkpt>
<trkpt lat="24.0683765" lon="-110.60394533333334"><ele>285.2</ele><time>2025-12-21T17:51:10.000Z</time><extensions><gpxtpx:TrackPointExtension><gpxtpx:bearing>127.67</gpxtpx:bearing><gpxtpx:speed>26.142742</gpxtpx:speed></gpxtpx:TrackPointExtension></extensions><geoidheight>-33.2</geoidheight><src>gps</src><sat>13</sat><hdop>0.73</hdop><vdop>1.08</vdop><pdop>1.31</pdop><dgpsid>0000</dgpsid></trkpt>
<trkpt lat="24.066789333333336" lon="-110.60170516666668"><ele>286.3</ele><time>2025-12-21T17:51:21.000Z</time><extensions><gpxtpx:TrackPointExtension><gpxtpx:bearing>127.71</gpxtpx:bearing><gpxtpx:speed>26.519003</gpxtpx:speed></gpxtpx:TrackPointExtension></extensions><geoidheight>-33.2</geoidheight><src>gps</src><sat>13</sat><hdop>0.73</hdop><vdop>1.08</vdop><pdop>1.31</pdop><dgpsid>0000</dgpsid></trkpt>
<trkpt lat="24.06517516666667" lon="-110.59942950000001"><ele>284.6</ele><time>2025-12-21T17:51:32.000Z</time><extensions><gpxtpx:TrackPointExtension><gpxtpx:bearing>127.45</gpxtpx:bearing><gpxtpx:speed>27.1027</gpxtpx:speed></gpxtpx:TrackPointExtension></extensions><geoidheight>-33.2</geoidheight><src>gps</src><sat>13</sat><hdop>0.73</hdop><vdop>1.08</vdop><pdop>1.31</pdop><dgpsid>0000</dgpsid></trkpt>
<trkpt lat="24.063523666666665" lon="-110.59709683333334"><ele>283.0</ele><time>2025-12-21T17:51:43.000Z</time><extensions><gpxtpx:TrackPointExtension><gpxtpx:bearing>127.65</gpxtpx:bearing><gpxtpx:speed>27.486166</gpxtpx:speed></gpxtpx:TrackPointExtension></extensions><geoidheight>-33.2</geoidheight><src>gps</src><sat>13</sat><hdop>0.73</hdop><vdop>1.08</vdop><pdop>1.30</pdop><dgpsid>0000</dgpsid></trkpt>
<trkpt lat="24.061889333333337" lon="-110.59480049999999"><ele>283.0</ele><time>2025-12-21T17:51:54.000Z</time><extensions><gpxtpx:TrackPointExtension><gpxtpx:bearing>128.0</gpxtpx:bearing><gpxtpx:speed>26.685774</gpxtpx:speed></gpxtpx:TrackPointExtension></extensions><geoidheight>-33.2</geoidheight><src>gps</src><sat>13</sat><hdop>0.73</hdop><vdop>1.08</vdop><pdop>1.30</pdop><dgpsid>0000</dgpsid></trkpt>
<trkpt lat="24.060280333333335" lon="-110.59253050000001"><ele>284.1</ele><time>2025-12-21T17:52:05.000Z</time><extensions><gpxtpx:TrackPointExtension><gpxtpx:bearing>127.83</gpxtpx:bearing><gpxtpx:speed>26.811365</gpxtpx:speed></gpxtpx:TrackPointExtension></extensions><geoidheight>-33.2</geoidheight><src>gps</src><sat>13</sat><hdop>0.73</hdop><vdop>1.08</vdop><pdop>1.30</pdop><dgpsid>0000</dgpsid></trkpt>
<trkpt lat="24.058674333333336" lon="-110.59026816666668"><ele>284.3</ele><time>2025-12-21T17:52:16.000Z</time><extensions><gpxtpx:TrackPointExtension><gpxtpx:bearing>127.48</gpxtpx:bearing><gpxtpx:speed>26.086637</gpxtpx:speed></gpxtpx:TrackPointExtension></extensions><geoidheight>-33.2</geoidheight><src>gps</src><sat>13</sat><hdop>0.73</hdop><vdop>1.08</vdop><pdop>1.30</pdop><dgpsid>0000</dgpsid></trkpt>
<trkpt lat="24.057146666666668" lon="-110.588113"><ele>283.8</ele><time>2025-12-21T17:52:27.000Z</time><extensions><gpxtpx:TrackPointExtension><gpxtpx:bearing>127.01</gpxtpx:bearing><gpxtpx:speed>24.884245</gpxtpx:speed></gpxtpx:TrackPointExtension></extensions><geoidheight>-33.2</geoidheight><src>gps</src><sat>13</sat><hdop>0.73</hdop><vdop>1.08</vdop><pdop>1.30</pdop><dgpsid>0000</dgpsid></trkpt>
<trkpt lat="24.05564416666667" lon="-110.58598750000002"><ele>282.0</ele><time>2025-12-21T17:52:38.000Z</time><extensions><gpxtpx:TrackPointExtension><gpxtpx:bearing>127.86</gpxtpx:bearing><gpxtpx:speed>24.750418</gpxtpx:speed></gpxtpx:TrackPointExtension></extensions><geoidheight>-33.2</geoidheight><src>gps</src><sat>13</sat><hdop>0.73</hdop><vdop>1.08</vdop><pdop>1.30</pdop><dgpsid>0000</dgpsid></trkpt>
<trkpt lat="24.05410566666667" lon="-110.58390149999998"><ele>278.8</ele><time>2025-12-21T17:52:49.000Z</time><extensions><gpxtpx:TrackPointExtension><gpxtpx:bearing>128.88</gpxtpx:bearing><gpxtpx:speed>24.510042</gpxtpx:speed></gpxtpx:TrackPointExtension></extensions><geoidheight>-33.1</geoidheight><src>gps</src><sat>13</sat><hdop>0.79</hdop><vdop>1.11</vdop><pdop>1.36</pdop><dgpsid>0000</dgpsid></trkpt>
<trkpt lat="24.052593" lon="-110.58179466666667"><ele>272.7</ele><time>2025-12-21T17:53:00.000Z</time><extensions><gpxtpx:TrackPointExtension><gpxtpx:bearing>126.66</gpxtpx:bearing><gpxtpx:speed>23.70759</gpxtpx:speed></gpxtpx:TrackPointExtension></extensions><geoidheight>-33.1</geoidheight><src>gps</src><sat>13</sat><hdop>0.73</hdop><vdop>1.07</vdop><pdop>1.30</pdop><dgpsid>0000</dgpsid></trkpt>
<trkpt lat="24.051687" lon="-110.5801185"><ele>274.3</ele><time>2025-12-21T17:53:11.000Z</time><extensions><gpxtpx:TrackPointExtension><gpxtpx:bearing>104.19</gpxtpx:bearing><gpxtpx:speed>14.488915</gpxtpx:speed></gpxtpx:TrackPointExtension></extensions><geoidheight>-33.1</geoidheight><src>gps</src><sat>13</sat><hdop>0.74</hdop><vdop>1.12</vdop><pdop>1.34</pdop><dgpsid>0000</dgpsid></trkpt>
<trkpt lat="24.052275" lon="-110.57855550000001"><ele>271.4</ele><time>2025-12-21T17:53:22.000Z</time><extensions><gpxtpx:TrackPointExtension><gpxtpx:bearing>39.16</gpxtpx:bearing><gpxtpx:speed>18.060574</gpxtpx:speed></gpxtpx:TrackPointExtension></extensions><geoidheight>-33.1</geoidheight><src>gps</src><sat>13</sat><hdop>0.73</hdop><vdop>1.07</vdop><pdop>1.30</pdop><dgpsid>0000</dgpsid></trkpt>
<trkpt lat="24.053814499999998" lon="-110.57725833333333"><ele>276.1</ele><time>2025-12-21T17:53:33.000Z</time><extensions><gpxtpx:TrackPointExtension><gpxtpx:bearing>38.19</gpxtpx:bearing><gpxtpx:speed>21.001696</gpxtpx:speed></gpxtpx:TrackPointExtension></extensions><geoidheight>-33.1</geoidheight><src>gps</src><sat>12</sat><hdop>0.79</hdop><vdop>1.16</vdop><pdop>1.41</pdop><dgpsid>0000</dgpsid></trkpt>
<trkpt lat="24.055511833333338" lon="-110.57583433333333"><ele>280.4</ele><time>2025-12-21T17:53:44.000Z</time><extensions><gpxtpx:TrackPointExtension><gpxtpx:bearing>37.74</gpxtpx:bearing><gpxtpx:speed>22.027023</gpxtpx:speed></gpxtpx:TrackPointExtension></extensions><geoidheight>-33.1</geoidheight><src>gps</src><sat>13</sat><hdop>0.74</hdop><vdop>1.11</vdop><pdop>1.34</pdop><dgpsid>0000</dgpsid></trkpt>
<trkpt lat="24.05714066666667" lon="-110.57446350000001"><ele>284.8</ele><time>2025-12-21T17:53:55.000Z</time><extensions><gpxtpx:TrackPointExtension><gpxtpx:bearing>38.09</gpxtpx:bearing><gpxtpx:speed>18.868687</gpxtpx:speed></gpxtpx:TrackPointExtension></extensions><geoidheight>-33.1</geoidheight><src>gps</src><sat>13</sat><hdop>0.74</hdop><vdop>1.11</vdop><pdop>1.34</pdop><dgpsid>0000</dgpsid></trkpt>
<trkpt lat="24.058341166666665" lon="-110.57341333333333"><ele>279.1</ele><time>2025-12-21T17:54:06.000Z</time><extensions><gpxtpx:TrackPointExtension><gpxtpx:bearing>46.24</gpxtpx:bearing><gpxtpx:speed>11.931776</gpxtpx:speed></gpxtpx:TrackPointExtension></extensions><geoidheight>-33.1</geoidheight><src>gps</src><sat>13</sat><hdop>0.79</hdop><vdop>1.16</vdop><pdop>1.41</pdop><dgpsid>0000</dgpsid></trkpt>
<trkpt lat="24.058272499999998" lon="-110.57223366666668"><ele>272.8</ele><time>2025-12-21T17:54:17.000Z</time><extensions><gpxtpx:TrackPointExtension><gpxtpx:bearing>127.04</gpxtpx:bearing><gpxtpx:speed>13.697788</gpxtpx:speed></gpxtpx:TrackPointExtension></extensions><geoidheight>-33.1</geoidheight><src>gps</src><sat>13</sat><hdop>0.74</hdop><vdop>1.11</vdop><pdop>1.34</pdop><dgpsid>0000</dgpsid></trkpt>
<trkpt lat="24.05728333333333" lon="-110.57103899999998"><ele>266.4</ele><time>2025-12-21T17:54:28.000Z</time><extensions><gpxtpx:TrackPointExtension><gpxtpx:bearing>142.36</gpxtpx:bearing><gpxtpx:speed>15.831311</gpxtpx:speed></gpxtpx:TrackPointExtension></extensions><geoidheight>-33.1</geoidheight><src>gps</src><sat>13</sat><hdop>0.73</hdop><vdop>1.07</vdop><pdop>1.29</pdop><dgpsid>0000</dgpsid></trkpt>
<trkpt lat="24.055755666666663" lon="-110.57050166666667"><ele>260.3</ele><time>2025-12-21T17:54:39.000Z</time><extensions><gpxtpx:TrackPointExtension><gpxtpx:bearing>168.65</gpxtpx:bearing><gpxtpx:speed>16.848402</gpxtpx:speed></gpxtpx:TrackPointExtension></extensions><geoidheight>-33.1</geoidheight><src>gps</src><sat>13</sat><hdop>0.73</hdop><vdop>1.07</vdop><pdop>1.29</pdop><dgpsid>0000</dgpsid></trkpt>
<trkpt lat="24.054052499999997" lon="-110.57011416666667"><ele>246.4</ele><time>2025-12-21T17:54:50.000Z</time><extensions><gpxtpx:TrackPointExtension><gpxtpx:bearing>167.83</gpxtpx:bearing><gpxtpx:speed>16.59413</gpxtpx:speed></gpxtpx:TrackPointExtension></extensions><geoidheight>-33.1</geoidheight><src>gps</src><sat>13</sat><hdop>0.78</hdop><vdop>1.24</vdop><pdop>1.46</pdop><dgpsid>0000</dgpsid></trkpt>
<trkpt lat="24.053107" lon="-110.56914683333335"><ele>237.8</ele><time>2025-12-21T17:55:01.000Z</time><extensions><gpxtpx:TrackPointExtension><gpxtpx:bearing>93.74</gpxtpx:bearing><gpxtpx:speed>13.532562</gpxtpx:speed></gpxtpx:TrackPointExtension></extensions><geoidheight>-33.1</geoidheight><src>gps</src><sat>12</sat><hdop>0.78</hdop><vdop>1.23</vdop><pdop>1.46</pdop><dgpsid>0000</dgpsid></trkpt>
<trkpt lat="24.0540325" lon="-110.56791216666667"><ele>226.7</ele><time>2025-12-21T17:55:12.000Z</time><extensions><gpxtpx:TrackPointExtension><gpxtpx:bearing>34.82</gpxtpx:bearing><gpxtpx:speed>19.571798</gpxtpx:speed></gpxtpx:TrackPointExtension></extensions><geoidheight>-33.1</geoidheight><src>gps</src><sat>11</sat><hdop>0.83</hdop><vdop>1.16</vdop><pdop>1.43</pdop><dgpsid>0000</dgpsid></trkpt>
<trkpt lat="24.055857833333334" lon="-110.56651783333334"><ele>216.5</ele><time>2025-12-21T17:55:23.000Z</time><extensions><gpxtpx:TrackPointExtension><gpxtpx:bearing>34.93</gpxtpx:bearing><gpxtpx:speed>23.56038</gpxtpx:speed></gpxtpx:TrackPointExtension></extensions><geoidheight>-33.1</geoidheight><src>gps</src><sat>12</sat><hdop>0.79</hdop><vdop>1.15</vdop><pdop>1.40</pdop><dgpsid>0000</dgpsid></trkpt>
<trkpt lat="24.057618166666664" lon="-110.56519066666667"><ele>221.2</ele><time>2025-12-21T17:55:34.000Z</time><extensions><gpxtpx:TrackPointExtension><gpxtpx:bearing>35.33</gpxtpx:bearing><gpxtpx:speed>21.184423</gpxtpx:speed></gpxtpx:TrackPointExtension></extensions><geoidheight>-33.1</geoidheight><src>gps</src><sat>14</sat><hdop>0.69</hdop><vdop>1.08</vdop><pdop>1.28</pdop><dgpsid>0000</dgpsid></trkpt>
<trkpt lat="24.059307166666667" lon="-110.56390533333334"><ele>208.8</ele><time>2025-12-21T17:55:45.000Z</time><extensions><gpxtpx:TrackPointExtension><gpxtpx:bearing>35.11</gpxtpx:bearing><gpxtpx:speed>18.101236</gpxtpx:speed></gpxtpx:TrackPointExtension></extensions><geoidheight>-33.1</geoidheight><src>gps</src><sat>13</sat><hdop>0.73</hdop><vdop>1.11</vdop><pdop>1.33</pdop><dgpsid>0000</dgpsid></trkpt>
<trkpt lat="24.06043683333333" lon="-110.56293616666666"><ele>197.1</ele><time>2025-12-21T17:55:56.000Z</time><extensions><gpxtpx:TrackPointExtension><gpxtpx:bearing>48.57</gpxtpx:bearing><gpxtpx:speed>12.208696</gpxtpx:speed></gpxtpx:TrackPointExtension></extensions><geoidheight>-33.1</geoidheight><src>gps</src><sat>11</sat><hdop>0.87</hdop><vdop>1.23</vdop><pdop>1.50</pdop><dgpsid>0000</dgpsid></trkpt>
<trkpt lat="24.061227833333337" lon="-110.56161900000001"><ele>182.2</ele><time>2025-12-21T17:56:07.000Z</time><extensions><gpxtpx:TrackPointExtension><gpxtpx:bearing>53.62</gpxtpx:bearing><gpxtpx:speed>17.050173</gpxtpx:speed></gpxtpx:TrackPointExtension></extensions><geoidheight>-33.1</geoidheight><src>gps</src><sat>13</sat><hdop>0.76</hdop><vdop>1.08</vdop><pdop>1.32</pdop><dgpsid>0000</dgpsid></trkpt>
<trkpt lat="24.062839666666665" lon="-110.56044016666668"><ele>171.3</ele><time>2025-12-21T17:56:18.000Z</time><extensions><gpxtpx:TrackPointExtension><gpxtpx:bearing>18.49</gpxtpx:bearing><gpxtpx:speed>21.437666</gpxtpx:speed></gpxtpx:TrackPointExtension></extensions><geoidheight>-33.1</geoidheight><src>gps</src><sat>14</sat><hdop>0.69</hdop><vdop>1.08</vdop><pdop>1.28</pdop><dgpsid>0000</dgpsid></trkpt>
<trkpt lat="24.064779166666668" lon="-110.55963916666666"><ele>166.6</ele><time>2025-12-21T17:56:29.000Z</time><extensions><gpxtpx:TrackPointExtension><gpxtpx:bearing>21.78</gpxtpx:bearing><gpxtpx:speed>20.312998</gpxtpx:speed></gpxtpx:TrackPointExtension></extensions><geoidheight>-33.1</geoidheight><src>gps</src><sat>14</sat><hdop>0.69</hdop><vdop>1.08</vdop><pdop>1.28</pdop><dgpsid>0000</dgpsid></trkpt>
<trkpt lat="24.066353333333335" lon="-110.55840466666665"><ele>162.0</ele><time>2025-12-21T17:56:40.000Z</time><extensions><gpxtpx:TrackPointExtension><gpxtpx:bearing>52.63</gpxtpx:bearing><gpxtpx:speed>20.90287</gpxtpx:speed></gpxtpx:TrackPointExtension></extensions><geoidheight>-33.1</geoidheight><src>gps</src><sat>15</sat><hdop>0.66</hdop><vdop>0.93</vdop><pdop>1.13</pdop><dgpsid>0000</dgpsid></trkpt>
<trkpt lat="24.067202166666668" lon="-110.5561795"><ele>160.9</ele><time>2025-12-21T17:56:51.000Z</time><extensions><gpxtpx:TrackPointExtension><gpxtpx:bearing>73.01</gpxtpx:bearing><gpxtpx:speed>22.761532</gpxtpx:speed></gpxtpx:TrackPointExtension></extensions><geoidheight>-33.1</geoidheight><src>gps</src><sat>15</sat><hdop>0.67</hdop><vdop>0.95</vdop><pdop>1.16</pdop><dgpsid>0000</dgpsid></trkpt>
<trkpt lat="24.067884499999998" lon="-110.55380133333334"><ele>154.2</ele><time>2025-12-21T17:57:02.000Z</time><extensions><gpxtpx:TrackPointExtension><gpxtpx:bearing>72.57</gpxtpx:bearing><gpxtpx:speed>23.69215</gpxtpx:speed></gpxtpx:TrackPointExtension></extensions><geoidheight>-33.1</geoidheight><src>gps</src><sat>15</sat><hdop>0.67</hdop><vdop>0.95</vdop><pdop>1.16</pdop><dgpsid>0000</dgpsid></trkpt>
<trkpt lat="24.068809333333334" lon="-110.55143666666666"><ele>149.9</ele><time>2025-12-21T17:57:13.000Z</time><extensions><gpxtpx:TrackPointExtension><gpxtpx:bearing>56.56</gpxtpx:bearing><gpxtpx:speed>24.380333</gpxtpx:speed></gpxtpx:TrackPointExtension></extensions><geoidheight>-33.1</geoidheight><src>gps</src><sat>14</sat><hdop>0.70</hdop><vdop>0.93</vdop><pdop>1.16</pdop><dgpsid>0000</dgpsid></trkpt>
<trkpt lat="24.07030616666667" lon="-110.54922816666667"><ele>145.7</ele><time>2025-12-21T17:57:24.000Z</time><extensions><gpxtpx:TrackPointExtension><gpxtpx:bearing>53.36</gpxtpx:bearing><gpxtpx:speed>26.258554</gpxtpx:speed></gpxtpx:TrackPointExtension></extensions><geoidheight>-33.1</geoidheight><src>gps</src><sat>15</sat><hdop>0.70</hdop><vdop>0.93</vdop><pdop>1.16</pdop><dgpsid>0000</dgpsid></trkpt>
<trkpt lat="24.071885166666668" lon="-110.54691733333333"><ele>139.4</ele><time>2025-12-21T17:57:35.000Z</time><extensions><gpxtpx:TrackPointExtension><gpxtpx:bearing>54.14</gpxtpx:bearing><gpxtpx:speed>26.305908</gpxtpx:speed></gpxtpx:TrackPointExtension></extensions><geoidheight>-33.1</geoidheight><src>gps</src><sat>15</sat><hdop>0.65</hdop><vdop>0.91</vdop><pdop>1.12</pdop><dgpsid>0000</dgpsid></trkpt>
<trkpt lat="24.07346583333333" lon="-110.54462"><ele>137.8</ele><time>2025-12-21T17:57:46.000Z</time><extensions><gpxtpx:TrackPointExtension><gpxtpx:bearing>53.06</gpxtpx:bearing><gpxtpx:speed>27.155201</gpxtpx:speed></gpxtpx:TrackPointExtension></extensions><geoidheight>-33.1</geoidheight><src>gps</src><sat>14</sat><hdop>0.70</hdop><vdop>0.92</vdop><pdop>1.16</pdop><dgpsid>0000</dgpsid></trkpt>
<trkpt lat="24.07510366666667" lon="-110.54223400000001"><ele>129.6</ele><time>2025-12-21T17:57:57.000Z</time><extensions><gpxtpx:TrackPointExtension><gpxtpx:bearing>53.46</gpxtpx:bearing><gpxtpx:speed>27.848017</gpxtpx:speed></gpxtpx:TrackPointExtension></extensions><geoidheight>-33.1</geoidheight><src>gps</src><sat>15</sat><hdop>0.65</hdop><vdop>0.91</vdop><pdop>1.12</pdop><dgpsid>0000</dgpsid></trkpt>
<trkpt lat="24.076717166666672" lon="-110.53988083333334"><ele>122.6</ele><time>2025-12-21T17:58:08.000Z</time><extensions><gpxtpx:TrackPointExtension><gpxtpx:bearing>53.11</gpxtpx:bearing><gpxtpx:speed>26.212229</gpxtpx:speed></gpxtpx:TrackPointExtension></extensions><geoidheight>-33.1</geoidheight><src>gps</src><sat>14</sat><hdop>0.70</hdop><vdop>0.92</vdop><pdop>1.16</pdop><dgpsid>0000</dgpsid></trkpt>
<trkpt lat="24.078266833333334" lon="-110.537621"><ele>118.1</ele><time>2025-12-21T17:58:19.000Z</time><extensions><gpxtpx:TrackPointExtension><gpxtpx:bearing>53.19</gpxtpx:bearing><gpxtpx:speed>26.1098</gpxtpx:speed></gpxtpx:TrackPointExtension></extensions><geoidheight>-33.1</geoidheight><src>gps</src><sat>14</sat><hdop>0.70</hdop><vdop>0.92</vdop><pdop>1.16</pdop><dgpsid>0000</dgpsid></trkpt>
<trkpt lat="24.0798345" lon="-110.53533366666667"><ele>115.7</ele><time>2025-12-21T17:58:30.000Z</time><extensions><gpxtpx:TrackPointExtension><gpxtpx:bearing>53.19</gpxtpx:bearing><gpxtpx:speed>26.834528</gpxtpx:speed></gpxtpx:TrackPointExtension></extensions><geoidheight>-33.1</geoidheight><src>gps</src><sat>14</sat><hdop>0.73</hdop><vdop>0.95</vdop><pdop>1.20</pdop><dgpsid>0000</dgpsid></trkpt>
<trkpt lat="24.0814375" lon="-110.53300433333334"><ele>112.6</ele><time>2025-12-21T17:58:41.000Z</time><extensions><gpxtpx:TrackPointExtension><gpxtpx:bearing>53.77</gpxtpx:bearing><gpxtpx:speed>26.909163</gpxtpx:speed></gpxtpx:TrackPointExtension></extensions><geoidheight>-33.1</geoidheight><src>gps</src><sat>14</sat><hdop>0.73</hdop><vdop>0.95</vdop><pdop>1.20</pdop><dgpsid>0000</dgpsid></trkpt>
<trkpt lat="24.083009500000003" lon="-110.530716"><ele>109.7</ele><time>2025-12-21T17:58:52.000Z</time><extensions><gpxtpx:TrackPointExtension><gpxtpx:bearing>53.33</gpxtpx:bearing><gpxtpx:speed>26.19061</gpxtpx:speed></gpxtpx:TrackPointExtension></extensions><geoidheight>-33.1</geoidheight><src>gps</src><sat>14</sat><hdop>0.73</hdop><vdop>0.95</vdop><pdop>1.20</pdop><dgpsid>0000</dgpsid></trkpt>
<trkpt lat="24.0845565" lon="-110.52845466666668"><ele>105.7</ele><time>2025-12-21T17:59:03.000Z</time><extensions><gpxtpx:TrackPointExtension><gpxtpx:bearing>53.21</gpxtpx:bearing><gpxtpx:speed>26.611654</gpxtpx:speed></gpxtpx:TrackPointExtension></extensions><geoidheight>-33.1</geoidheight><src>gps</src><sat>16</sat><hdop>0.67</hdop><vdop>0.95</vdop><pdop>1.17</pdop><dgpsid>0000</dgpsid></trkpt>
<trkpt lat="24.086147166666667" lon="-110.5261265"><ele>102.1</ele><time>2025-12-21T17:59:14.000Z</time><extensions><gpxtpx:TrackPointExtension><gpxtpx:bearing>53.2</gpxtpx:bearing><gpxtpx:speed>27.285425</gpxtpx:speed></gpxtpx:TrackPointExtension></extensions><geoidheight>-33.1</geoidheight><src>gps</src><sat>16</sat><hdop>0.73</hdop><vdop>0.95</vdop><pdop>1.20</pdop><dgpsid>0000</dgpsid></trkpt>
<trkpt lat="24.087755333333334" lon="-110.52378433333334"><ele>102.1</ele><time>2025-12-21T17:59:25.000Z</time><extensions><gpxtpx:TrackPointExtension><gpxtpx:bearing>53.25</gpxtpx:bearing><gpxtpx:speed>26.273481</gpxtpx:speed></gpxtpx:TrackPointExtension></extensions><geoidheight>-33.1</geoidheight><src>gps</src><sat>16</sat><hdop>0.73</hdop><vdop>0.95</vdop><pdop>1.20</pdop><dgpsid>0000</dgpsid></trkpt>
<trkpt lat="24.089297166666665" lon="-110.52153983333334"><ele>103.6</ele><time>2025-12-21T17:59:36.000Z</time><extensions><gpxtpx:TrackPointExtension><gpxtpx:bearing>53.14</gpxtpx:bearing><gpxtpx:speed>26.261642</gpxtpx:speed></gpxtpx:TrackPointExtension></extensions><geoidheight>-33.1</geoidheight><src>gps</src><sat>14</sat><hdop>0.66</hdop><vdop>0.94</vdop><pdop>1.15</pdop><dgpsid>0000</dgpsid></trkpt>
<trkpt lat="24.090843666666668" lon="-110.51927683333334"><ele>103.5</ele><time>2025-12-21T17:59:47.000Z</time><extensions><gpxtpx:TrackPointExtension><gpxtpx:bearing>53.46</gpxtpx:bearing><gpxtpx:speed>26.036709</gpxtpx:speed></gpxtpx:TrackPointExtension></extensions><geoidheight>-33.0</geoidheight><src>gps</src><sat>16</sat><hdop>0.66</hdop><vdop>0.94</vdop><pdop>1.15</pdop><dgpsid>0000</dgpsid></trkpt>
<trkpt lat="24.09239466666667" lon="-110.51701733333333"><ele>99.3</ele><time>2025-12-21T17:59:58.000Z</time><extensions><gpxtpx:TrackPointExtension><gpxtpx:bearing>53.45</gpxtpx:bearing><gpxtpx:speed>26.320835</gpxtpx:speed></gpxtpx:TrackPointExtension></extensions><geoidheight>-33.0</geoidheight><src>gps</src><sat>15</sat><hdop>0.66</hdop><vdop>0.94</vdop><pdop>1.15</pdop><dgpsid>0000</dgpsid></trkpt>
<trkpt lat="24.09396716666667" lon="-110.51471933333332"><ele>94.5</ele><time>2025-12-21T18:00:09.000Z</time><extensions><gpxtpx:TrackPointExtension><gpxtpx:bearing>53.1</gpxtpx:bearing><gpxtpx:speed>26.662611</gpxtpx:speed></gpxtpx:TrackPointExtension></extensions><geoidheight>-33.0</geoidheight><src>gps</src><sat>14</sat><hdop>0.73</hdop><vdop>0.95</vdop><pdop>1.19</pdop><dgpsid>0000</dgpsid></trkpt>
<trkpt lat="24.095578166666662" lon="-110.51236883333334"><ele>89.6</ele><time>2025-12-21T18:00:20.000Z</time><extensions><gpxtpx:TrackPointExtension><gpxtpx:bearing>53.53</gpxtpx:bearing><gpxtpx:speed>27.349766</gpxtpx:speed></gpxtpx:TrackPointExtension></extensions><geoidheight>-33.0</geoidheight><src>gps</src><sat>14</sat><hdop>0.72</hdop><vdop>0.95</vdop><pdop>1.19</pdop><dgpsid>0000</dgpsid></trkpt>
<trkpt lat="24.097219666666668" lon="-110.5099645"><ele>83.9</ele><time>2025-12-21T18:00:31.000Z</time><extensions><gpxtpx:TrackPointExtension><gpxtpx:bearing>53.25</gpxtpx:bearing><gpxtpx:speed>27.848532</gpxtpx:speed></gpxtpx:TrackPointExtension></extensions><geoidheight>-33.0</geoidheight><src>gps</src><sat>14</sat><hdop>0.72</hdop><vdop>0.95</vdop><pdop>1.19</pdop><dgpsid>0000</dgpsid></trkpt>
<trkpt lat="24.098862500000003" lon="-110.50756183333333"><ele>81.6</ele><time>2025-12-21T18:00:42.000Z</time><extensions><gpxtpx:TrackPointExtension><gpxtpx:bearing>53.32</gpxtpx:bearing><gpxtpx:speed>27.486166</gpxtpx:speed></gpxtpx:TrackPointExtension></extensions><geoidheight>-33.0</geoidheight><src>gps</src><sat>15</sat><hdop>0.67</hdop><vdop>0.95</vdop><pdop>1.16</pdop><dgpsid>0000</dgpsid></trkpt>
<trkpt lat="24.100496333333332" lon="-110.505182"><ele>80.8</ele><time>2025-12-21T18:00:53.000Z</time><extensions><gpxtpx:TrackPointExtension><gpxtpx:bearing>53.42</gpxtpx:bearing><gpxtpx:speed>27.33175</gpxtpx:speed></gpxtpx:TrackPointExtension></extensions><geoidheight>-33.0</geoidheight><src>gps</src><sat>15</sat><hdop>0.67</hdop><vdop>0.95</vdop><pdop>1.16</pdop><dgpsid>0000</dgpsid></trkpt>
<trkpt lat="24.102103666666668" lon="-110.50283316666668"><ele>80.1</ele><time>2025-12-21T18:01:04.000Z</time><extensions><gpxtpx:TrackPointExtension><gpxtpx:bearing>53.41</gpxtpx:bearing><gpxtpx:speed>27.041962</gpxtpx:speed></gpxtpx:TrackPointExtension></extensions><geoidheight>-33.0</geoidheight><src>gps</src><sat>14</sat><hdop>0.68</hdop><vdop>1.06</vdop><pdop>1.26</pdop><dgpsid>0000</dgpsid></trkpt>
<trkpt lat="24.10370983333333" lon="-110.50049599999998"><ele>78.1</ele><time>2025-12-21T18:01:15.000Z</time><extensions><gpxtpx:TrackPointExtension><gpxtpx:bearing>53.12</gpxtpx:bearing><gpxtpx:speed>27.236012</gpxtpx:speed></gpxtpx:TrackPointExtension></extensions><geoidheight>-33.0</geoidheight><src>gps</src><sat>15</sat><hdop>0.65</hdop><vdop>0.99</vdop><pdop>1.18</pdop><dgpsid>0000</dgpsid></trkpt>
<trkpt lat="24.10531866666667" lon="-110.49814616666666"><ele>73.8</ele><time>2025-12-21T18:01:26.000Z</time><extensions><gpxtpx:TrackPointExtension><gpxtpx:bearing>53.38</gpxtpx:bearing><gpxtpx:speed>26.904016</gpxtpx:speed></gpxtpx:TrackPointExtension></extensions><geoidheight>-33.0</geoidheight><src>gps</src><sat>16</sat><hdop>0.63</hdop><vdop>0.94</vdop><pdop>1.13</pdop><dgpsid>0000</dgpsid></trkpt>
<trkpt lat="24.106938500000002" lon="-110.49578783333332"><ele>69.3</ele><time>2025-12-21T18:01:37.000Z</time><extensions><gpxtpx:TrackPointExtension><gpxtpx:bearing>53.07</gpxtpx:bearing><gpxtpx:speed>27.34256</gpxtpx:speed></gpxtpx:TrackPointExtension></extensions><geoidheight>-33.0</geoidheight><src>gps</src><sat>16</sat><hdop>0.63</hdop><vdop>0.94</vdop><pdop>1.13</pdop><dgpsid>0000</dgpsid></trkpt>
<trkpt lat="24.108579500000005" lon="-110.49339233333333"><ele>64.0</ele><time>2025-12-21T18:01:48.000Z</time><extensions><gpxtpx:TrackPointExtension><gpxtpx:bearing>53.29</gpxtpx:bearing><gpxtpx:speed>27.937063</gpxtpx:speed></gpxtpx:TrackPointExtension></extensions><geoidheight>-33.0</geoidheight><src>gps</src><sat>16</sat><hdop>0.63</hdop><vdop>0.94</vdop><pdop>1.13</pdop><dgpsid>0000</dgpsid></trkpt>
<trkpt lat="24.110198500000003" lon="-110.49102666666667"><ele>65.2</ele><time>2025-12-21T18:01:59.000Z</time><extensions><gpxtpx:TrackPointExtension><gpxtpx:bearing>53.13</gpxtpx:bearing><gpxtpx:speed>26.438192</gpxtpx:speed></gpxtpx:TrackPointExtension></extensions><geoidheight>-33.0</geoidheight><src>gps</src><sat>15</sat><hdop>0.66</hdop><vdop>0.94</vdop><pdop>1.15</pdop><dgpsid>0000</dgpsid></trkpt>
<trkpt lat="24.11178483333333" lon="-110.48872533333333"><ele>64.7</ele><time>2025-12-21T18:02:10.000Z</time><extensions><gpxtpx:TrackPointExtension><gpxtpx:bearing>53.09</gpxtpx:bearing><gpxtpx:speed>27.112993</gpxtpx:speed></gpxtpx:TrackPointExtension></extensions><geoidheight>-33.0</geoidheight><src>gps</src><sat>16</sat><hdop>0.63</hdop><vdop>0.94</vdop><pdop>1.13</pdop><dgpsid>0000</dgpsid></trkpt>
<trkpt lat="24.113410999999996" lon="-110.48636016666666"><ele>62.5</ele><time>2025-12-21T18:02:21.000Z</time><extensions><gpxtpx:TrackPointExtension><gpxtpx:bearing>53.13</gpxtpx:bearing><gpxtpx:speed>27.768234</gpxtpx:speed></gpxtpx:TrackPointExtension></extensions><geoidheight>-33.0</geoidheight><src>gps</src><sat>16</sat><hdop>0.63</hdop><vdop>0.94</vdop><pdop>1.13</pdop><dgpsid>0000</dgpsid></trkpt>
<trkpt lat="24.114985" lon="-110.4840665"><ele>60.9</ele><time>2025-12-21T18:02:32.000Z</time><extensions><gpxtpx:TrackPointExtension><gpxtpx:bearing>53.08</gpxtpx:bearing><gpxtpx:speed>24.763802</gpxtpx:speed></gpxtpx:TrackPointExtension></extensions><geoidheight>-33.0</geoidheight><src>gps</src><sat>16</sat><hdop>0.63</hdop><vdop>0.94</vdop><pdop>1.13</pdop><dgpsid>0000</dgpsid></trkpt>
<trkpt lat="24.116363999999997" lon="-110.48206066666668"><ele>58.9</ele><time>2025-12-21T18:02:43.000Z</time><extensions><gpxtpx:TrackPointExtension><gpxtpx:bearing>53.83</gpxtpx:bearing><gpxtpx:speed>21.675982</gpxtpx:speed></gpxtpx:TrackPointExtension></extensions><geoidheight>-33.0</geoidheight><src>gps</src><sat>15</sat><hdop>0.63</hdop><vdop>0.94</vdop><pdop>1.13</pdop><dgpsid>0000</dgpsid></trkpt>
<trkpt lat="24.117558" lon="-110.48032649999999"><ele>57.2</ele><time>2025-12-21T18:02:54.000Z</time><extensions><gpxtpx:TrackPointExtension><gpxtpx:bearing>52.93</gpxtpx:bearing><gpxtpx:speed>17.41923</gpxtpx:speed></gpxtpx:TrackPointExtension></extensions><geoidheight>-33.0</geoidheight><src>gps</src><sat>16</sat><hdop>0.63</hdop><vdop>0.94</vdop><pdop>1.13</pdop><dgpsid>0000</dgpsid></trkpt>
<trkpt lat="24.118125333333335" lon="-110.47937449999999"><ele>56.1</ele><time>2025-12-21T18:03:05.000Z</time><extensions><gpxtpx:TrackPointExtension><gpxtpx:bearing>60.22</gpxtpx:bearing><gpxtpx:speed>5.0211153</gpxtpx:speed></gpxtpx:TrackPointExtension></extensions><geoidheight>-33.0</geoidheight><src>gps</src><sat>14</sat><hdop>0.72</hdop><vdop>0.94</vdop><pdop>1.18</pdop><dgpsid>0000</dgpsid></trkpt>
<trkpt lat="24.11829266666667" lon="-110.47911066666666"><ele>55.9</ele><time>2025-12-21T18:03:16.000Z</time><extensions><gpxtpx:TrackPointExtension><gpxtpx:bearing>48.08</gpxtpx:bearing><gpxtpx:speed>1.3830587</gpxtpx:speed></gpxtpx:TrackPointExtension></extensions><geoidheight>-33.0</geoidheight><src>gps</src><sat>16</sat><hdop>0.63</hdop><vdop>0.93</vdop><pdop>1.13</pdop><dgpsid>0000</dgpsid></trkpt>
<trkpt lat="24.118470833333337" lon="-110.47888133333332"><ele>54.9</ele><time>2025-12-21T18:03:27.000Z</time><extensions><gpxtpx:TrackPointExtension><gpxtpx:bearing>47.42</gpxtpx:bearing><gpxtpx:speed>5.227519</gpxtpx:speed></gpxtpx:TrackPointExtension></extensions><geoidheight>-33.0</geoidheight><src>gps</src><sat>15</sat><hdop>0.67</hdop><vdop>0.94</vdop><pdop>1.15</pdop><dgpsid>0000</dgpsid></trkpt>
<trkpt lat="24.119200166666662" lon="-110.47793616666668"><ele>53.4</ele><time>2025-12-21T18:03:38.000Z</time><extensions><gpxtpx:TrackPointExtension><gpxtpx:bearing>53.27</gpxtpx:bearing><gpxtpx:speed>16.218897</gpxtpx:speed></gpxtpx:TrackPointExtension></extensions><geoidheight>-33.0</geoidheight><src>gps</src><sat>15</sat><hdop>0.67</hdop><vdop>0.94</vdop><pdop>1.15</pdop><dgpsid>0000</dgpsid></trkpt>
<trkpt lat="24.120353500000004" lon="-110.47626016666666"><ele>51.4</ele><time>2025-12-21T18:03:49.000Z</time><extensions><gpxtpx:TrackPointExtension><gpxtpx:bearing>52.97</gpxtpx:bearing><gpxtpx:speed>21.657452</gpxtpx:speed></gpxtpx:TrackPointExtension></extensions><geoidheight>-33.0</geoidheight><src>gps</src><sat>15</sat><hdop>0.67</hdop><vdop>0.94</vdop><pdop>1.15</pdop><dgpsid>0000</dgpsid></trkpt>
<trkpt lat="24.121473999999996" lon="-110.47428066666667"><ele>49.6</ele><time>2025-12-21T18:04:00.000Z</time><extensions><gpxtpx:TrackPointExtension><gpxtpx:bearing>67.59</gpxtpx:bearing><gpxtpx:speed>21.859737</gpxtpx:speed></gpxtpx:TrackPointExtension></extensions><geoidheight>-33.0</geoidheight><src>gps</src><sat>15</sat><hdop>0.63</hdop><vdop>0.93</vdop><pdop>1.12</pdop><dgpsid>0000</dgpsid></trkpt>
<trkpt lat="24.121853" lon="-110.47185066666667"><ele>48.6</ele><time>2025-12-21T18:04:11.000Z</time><extensions><gpxtpx:TrackPointExtension><gpxtpx:bearing>91.47</gpxtpx:bearing><gpxtpx:speed>24.093632</gpxtpx:speed></gpxtpx:TrackPointExtension></extensions><geoidheight>-33.0</geoidheight><src>gps</src><sat>16</sat><hdop>0.72</hdop><vdop>1.01</vdop><pdop>1.24</pdop><dgpsid>0000</dgpsid></trkpt>
<trkpt lat="24.121679166666663" lon="-110.46917649999999"><ele>48.7</ele><time>2025-12-21T18:04:22.000Z</time><extensions><gpxtpx:TrackPointExtension><gpxtpx:bearing>94.53</gpxtpx:bearing><gpxtpx:speed>25.626474</gpxtpx:speed></gpxtpx:TrackPointExtension></extensions><geoidheight>-33.0</geoidheight><src>gps</src><sat>14</sat><hdop>0.66</hdop><vdop>0.93</vdop><pdop>1.14</pdop><dgpsid>0000</dgpsid></trkpt>
<trkpt lat="24.121491833333334" lon="-110.46644149999999"><ele>45.9</ele><time>2025-12-21T18:04:33.000Z</time><extensions><gpxtpx:TrackPointExtension><gpxtpx:bearing>94.06</gpxtpx:bearing><gpxtpx:speed>25.701624</gpxtpx:speed></gpxtpx:TrackPointExtension></extensions><geoidheight>-33.0</geoidheight><src>gps</src><sat>14</sat><hdop>0.68</hdop><vdop>0.96</vdop><pdop>1.18</pdop><dgpsid>0000</dgpsid></trkpt>
<trkpt lat="24.121312166666666" lon="-110.46364333333334"><ele>44.5</ele><time>2025-12-21T18:04:44.000Z</time><extensions><gpxtpx:TrackPointExtension><gpxtpx:bearing>94.33</gpxtpx:bearing><gpxtpx:speed>25.883837</gpxtpx:speed></gpxtpx:TrackPointExtension></extensions><geoidheight>-33.0</geoidheight><src>gps</src><sat>13</sat><hdop>0.73</hdop><vdop>1.04</vdop><pdop>1.27</pdop><dgpsid>0000</dgpsid></trkpt>
<trkpt lat="24.121130833333336" lon="-110.46082849999999"><ele>43.7</ele><time>2025-12-21T18:04:55.000Z</time><extensions><gpxtpx:TrackPointExtension><gpxtpx:bearing>94.07</gpxtpx:bearing><gpxtpx:speed>26.222523</gpxtpx:speed></gpxtpx:TrackPointExtension></extensions><geoidheight>-33.0</geoidheight><src>gps</src><sat>13</sat><hdop>0.73</hdop><vdop>1.04</vdop><pdop>1.27</pdop><dgpsid>0000</dgpsid></trkpt>
<trkpt lat="24.120946166666666" lon="-110.45796916666669"><ele>40.6</ele><time>2025-12-21T18:05:06.000Z</time><extensions><gpxtpx:TrackPointExtension><gpxtpx:bearing>94.44</gpxtpx:bearing><gpxtpx:speed>26.98843</gpxtpx:speed></gpxtpx:TrackPointExtension></extensions><geoidheight>-33.0</geoidheight><src>gps</src><sat>14</sat><hdop>0.73</hdop><vdop>1.04</vdop><pdop>1.27</pdop><dgpsid>0000</dgpsid></trkpt>
<trkpt lat="24.12076516666667" lon="-110.45508783333335"><ele>41.2</ele><time>2025-12-21T18:05:17.000Z</time><extensions><gpxtpx:TrackPointExtension><gpxtpx:bearing>94.21</gpxtpx:bearing><gpxtpx:speed>26.72026</gpxtpx:speed></gpxtpx:TrackPointExtension></extensions><geoidheight>-33.0</geoidheight><src>gps</src><sat>13</sat><hdop>0.73</hdop><vdop>1.04</vdop><pdop>1.27</pdop><dgpsid>0000</dgpsid></trkpt>
<trkpt lat="24.120581666666666" lon="-110.45223066666668"><ele>42.0</ele><time>2025-12-21T18:05:28.000Z</time><extensions><gpxtpx:TrackPointExtension><gpxtpx:bearing>94.06</gpxtpx:bearing><gpxtpx:speed>26.324438</gpxtpx:speed></gpxtpx:TrackPointExtension></extensions><geoidheight>-32.9</geoidheight><src>gps</src><sat>14</sat><hdop>0.73</hdop><vdop>1.04</vdop><pdop>1.27</pdop><dgpsid>0000</dgpsid></trkpt>
<trkpt lat="24.120397166666667" lon="-110.44947816666667"><ele>40.3</ele><time>2025-12-21T18:05:39.000Z</time><extensions><gpxtpx:TrackPointExtension><gpxtpx:bearing>94.04</gpxtpx:bearing><gpxtpx:speed>25.890528</gpxtpx:speed></gpxtpx:TrackPointExtension></extensions><geoidheight>-32.9</geoidheight><src>gps</src><sat>14</sat><hdop>0.68</hdop><vdop>0.97</vdop><pdop>1.19</pdop><dgpsid>0000</dgpsid></trkpt>
<trkpt lat="24.120221" lon="-110.44669049999999"><ele>33.7</ele><time>2025-12-21T18:05:50.000Z</time><extensions><gpxtpx:TrackPointExtension><gpxtpx:bearing>93.8</gpxtpx:bearing><gpxtpx:speed>26.289951</gpxtpx:speed></gpxtpx:TrackPointExtension></extensions><geoidheight>-32.9</geoidheight><src>gps</src><sat>13</sat><hdop>0.70</hdop><vdop>1.05</vdop><pdop>1.26</pdop><dgpsid>0000</dgpsid></trkpt>
<trkpt lat="24.12002916666667" lon="-110.443882"><ele>28.9</ele><time>2025-12-21T18:06:01.000Z</time><extensions><gpxtpx:TrackPointExtension><gpxtpx:bearing>94.31</gpxtpx:bearing><gpxtpx:speed>26.185463</gpxtpx:speed></gpxtpx:TrackPointExtension></extensions><geoidheight>-32.9</geoidheight><src>gps</src><sat>13</sat><hdop>0.73</hdop><vdop>1.04</vdop><pdop>1.27</pdop><dgpsid>0000</dgpsid></trkpt>
<trkpt lat="24.119853166666665" lon="-110.44107733333334"><ele>29.4</ele><time>2025-12-21T18:06:12.000Z</time><extensions><gpxtpx:TrackPointExtension><gpxtpx:bearing>93.6</gpxtpx:bearing><gpxtpx:speed>24.784904</gpxtpx:speed></gpxtpx:TrackPointExtension></extensions><geoidheight>-32.9</geoidheight><src>gps</src><sat>13</sat><hdop>0.73</hdop><vdop>1.04</vdop><pdop>1.27</pdop><dgpsid>0000</dgpsid></trkpt>
<trkpt lat="24.1196935" lon="-110.438508"><ele>26.9</ele><time>2025-12-21T18:06:23.000Z</time><extensions><gpxtpx:TrackPointExtension><gpxtpx:bearing>94.68</gpxtpx:bearing><gpxtpx:speed>23.612368</gpxtpx:speed></gpxtpx:TrackPointExtension></extensions><geoidheight>-32.9</geoidheight><src>gps</src><sat>13</sat><hdop>0.68</hdop><vdop>1.03</vdop><pdop>1.23</pdop><dgpsid>0000</dgpsid></trkpt>
<trkpt lat="24.119520333333337" lon="-110.43612399999999"><ele>23.1</ele><time>2025-12-21T18:06:34.000Z</time><extensions><gpxtpx:TrackPointExtension><gpxtpx:bearing>94.31</gpxtpx:bearing><gpxtpx:speed>21.091772</gpxtpx:speed></gpxtpx:TrackPointExtension></extensions><geoidheight>-32.9</geoidheight><src>gps</src><sat>13</sat><hdop>0.79</hdop><vdop>1.07</vdop><pdop>1.34</pdop><dgpsid>0000</dgpsid></trkpt>
<trkpt lat="24.119057666666663" lon="-110.43388116666665"><ele>19.3</ele><time>2025-12-21T18:06:45.000Z</time><extensions><gpxtpx:TrackPointExtension><gpxtpx:bearing>114.47</gpxtpx:bearing><gpxtpx:speed>21.766573</gpxtpx:speed></gpxtpx:TrackPointExtension></extensions><geoidheight>-32.9</geoidheight><src>gps</src><sat>14</sat><hdop>0.67</hdop><vdop>0.95</vdop><pdop>1.17</pdop><dgpsid>0000</dgpsid></trkpt>
<trkpt lat="24.117889666666663" lon="-110.43184866666667"><ele>17.5</ele><time>2025-12-21T18:06:56.000Z</time><extensions><gpxtpx:TrackPointExtension><gpxtpx:bearing>123.42</gpxtpx:bearing><gpxtpx:speed>22.059965</gpxtpx:speed></gpxtpx:TrackPointExtension></extensions><geoidheight>-32.9</geoidheight><src>gps</src><sat>12</sat><hdop>0.77</hdop><vdop>1.01</vdop><pdop>1.27</pdop><dgpsid>0000</dgpsid></trkpt>
<trkpt lat="24.116753000000003" lon="-110.42998466666668"><ele>16.2</ele><time>2025-12-21T18:07:07.000Z</time><extensions><gpxtpx:TrackPointExtension><gpxtpx:bearing>123.64</gpxtpx:bearing><gpxtpx:speed>20.375278</gpxtpx:speed></gpxtpx:TrackPointExtension></extensions><geoidheight>-32.9</geoidheight><src>gps</src><sat>12</sat><hdop>0.77</hdop><vdop>1.01</vdop><pdop>1.27</pdop><dgpsid>0000</dgpsid></trkpt>
<trkpt lat="24.115653833333333" lon="-110.42817466666665"><ele>15.7</ele><time>2025-12-21T18:07:18.000Z</time><extensions><gpxtpx:TrackPointExtension><gpxtpx:bearing>123.69</gpxtpx:bearing><gpxtpx:speed>19.872396</gpxtpx:speed></gpxtpx:TrackPointExtension></extensions><geoidheight>-32.9</geoidheight><src>gps</src><sat>12</sat><hdop>0.77</hdop><vdop>1.01</vdop><pdop>1.27</pdop><dgpsid>0000</dgpsid></trkpt>
<trkpt lat="24.114562833333334" lon="-110.42637683333332"><ele>14.7</ele><time>2025-12-21T18:07:29.000Z</time><extensions><gpxtpx:TrackPointExtension><gpxtpx:bearing>123.74</gpxtpx:bearing><gpxtpx:speed>19.89453</gpxtpx:speed></gpxtpx:TrackPointExtension></extensions><geoidheight>-32.9</geoidheight><src>gps</src><sat>12</sat><hdop>0.78</hdop><vdop>1.05</vdop><pdop>1.31</pdop><dgpsid>0000</dgpsid></trkpt>
<trkpt lat="24.113451499999996" lon="-110.42455666666667"><ele>15.5</ele><time>2025-12-21T18:07:40.000Z</time><extensions><gpxtpx:TrackPointExtension><gpxtpx:bearing>123.14</gpxtpx:bearing><gpxtpx:speed>20.22601</gpxtpx:speed></gpxtpx:TrackPointExtension></extensions><geoidheight>-32.9</geoidheight><src>gps</src><sat>13</sat><hdop>0.76</hdop><vdop>1.02</vdop><pdop>1.27</pdop><dgpsid>0000</dgpsid></trkpt>
<trkpt lat="24.112323833333335" lon="-110.42270599999999"><ele>15.1</ele><time>2025-12-21T18:07:51.000Z</time><extensions><gpxtpx:TrackPointExtension><gpxtpx:bearing>123.37</gpxtpx:bearing><gpxtpx:speed>20.537931</gpxtpx:speed></gpxtpx:TrackPointExtension></extensions><geoidheight>-32.9</geoidheight><src>gps</src><sat>14</sat><hdop>0.85</hdop><vdop>1.07</vdop><pdop>1.37</pdop><dgpsid>0000</dgpsid></trkpt>
<trkpt lat="24.1112255" lon="-110.42091200000002"><ele>15.1</ele><time>2025-12-21T18:08:02.000Z</time><extensions><gpxtpx:TrackPointExtension><gpxtpx:bearing>124.32</gpxtpx:bearing><gpxtpx:speed>19.514149</gpxtpx:speed></gpxtpx:TrackPointExtension></extensions><geoidheight>-32.9</geoidheight><src>gps</src><sat>13</sat><hdop>0.85</hdop><vdop>1.07</vdop><pdop>1.37</pdop><dgpsid>0000</dgpsid></trkpt>
<trkpt lat="24.110215666666665" lon="-110.41926466666668"><ele>15.5</ele><time>2025-12-21T18:08:13.000Z</time><extensions><gpxtpx:TrackPointExtension><gpxtpx:bearing>124.5</gpxtpx:bearing><gpxtpx:speed>16.660015</gpxtpx:speed></gpxtpx:TrackPointExtension></extensions><geoidheight>-32.9</geoidheight><src>gps</src><sat>14</sat><hdop>0.76</hdop><vdop>1.02</vdop><pdop>1.27</pdop><dgpsid>0000</dgpsid></trkpt>
<trkpt lat="24.109215333333335" lon="-110.41781983333334"><ele>13.5</ele><time>2025-12-21T18:08:24.000Z</time><extensions><gpxtpx:TrackPointExtension><gpxtpx:bearing>129.45</gpxtpx:bearing><gpxtpx:speed>16.628101</gpxtpx:speed></gpxtpx:TrackPointExtension></extensions><geoidheight>-32.9</geoidheight><src>gps</src><sat>14</sat><hdop>0.80</hdop><vdop>1.20</vdop><pdop>1.44</pdop><dgpsid>0000</dgpsid></trkpt>
<trkpt lat="24.10806166666667" lon="-110.41649299999999"><ele>13.8</ele><time>2025-12-21T18:08:35.000Z</time><extensions><gpxtpx:TrackPointExtension><gpxtpx:bearing>137.51</gpxtpx:bearing><gpxtpx:speed>17.385773</gpxtpx:speed></gpxtpx:TrackPointExtension></extensions><geoidheight>-32.9</geoidheight><src>gps</src><sat>15</sat><hdop>0.64</hdop><vdop>0.94</vdop><pdop>1.14</pdop><dgpsid>0000</dgpsid></trkpt>
<trkpt lat="24.106751999999997" lon="-110.41526466666667"><ele>13.6</ele><time>2025-12-21T18:08:46.000Z</time><extensions><gpxtpx:TrackPointExtension><gpxtpx:bearing>141.0</gpxtpx:bearing><gpxtpx:speed>17.267385</gpxtpx:speed></gpxtpx:TrackPointExtension></extensions><geoidheight>-32.9</geoidheight><src>gps</src><sat>16</sat><hdop>0.61</hdop><vdop>0.88</vdop><pdop>1.07</pdop><dgpsid>0000</dgpsid></trkpt>
<trkpt lat="24.10545066666667" lon="-110.41414216666665"><ele>13.4</ele><time>2025-12-21T18:08:57.000Z</time><extensions><gpxtpx:TrackPointExtension><gpxtpx:bearing>141.4</gpxtpx:bearing><gpxtpx:speed>16.322357</gpxtpx:speed></gpxtpx:TrackPointExtension></extensions><geoidheight>-32.9</geoidheight><src>gps</src><sat>15</sat><hdop>0.62</hdop><vdop>0.92</vdop><pdop>1.11</pdop><dgpsid>0000</dgpsid></trkpt>
<trkpt lat="24.104183499999998" lon="-110.41304933333335"><ele>13.7</ele><time>2025-12-21T18:09:08.000Z</time><extensions><gpxtpx:TrackPointExtension><gpxtpx:bearing>141.22</gpxtpx:bearing><gpxtpx:speed>15.952271</gpxtpx:speed></gpxtpx:TrackPointExtension></extensions><geoidheight>-32.9</geoidheight><src>gps</src><sat>15</sat><hdop>0.62</hdop><vdop>0.92</vdop><pdop>1.11</pdop><dgpsid>0000</dgpsid></trkpt>
<trkpt lat="24.10320016666667" lon="-110.41220583333333"><ele>13.5</ele><time>2025-12-21T18:09:19.000Z</time><extensions><gpxtpx:TrackPointExtension><gpxtpx:bearing>141.56</gpxtpx:bearing><gpxtpx:speed>10.3943</gpxtpx:speed></gpxtpx:TrackPointExtension></extensions><geoidheight>-32.9</geoidheight><src>gps</src><sat>14</sat><hdop>0.65</hdop><vdop>0.92</vdop><pdop>1.13</pdop><dgpsid>0000</dgpsid></trkpt>
<trkpt lat="24.10255516666667" lon="-110.4116495"><ele>12.0</ele><time>2025-12-21T18:09:30.000Z</time><extensions><gpxtpx:TrackPointExtension><gpxtpx:bearing>143.98</gpxtpx:bearing><gpxtpx:speed>4.095645</gpxtpx:speed></gpxtpx:TrackPointExtension></extensions><geoidheight>-32.9</geoidheight><src>gps</src><sat>15</sat><hdop>0.62</hdop><vdop>0.92</vdop><pdop>1.11</pdop><dgpsid>0000</dgpsid></trkpt>
<trkpt lat="24.102133333333335" lon="-110.41128566666666"><ele>12.2</ele><time>2025-12-21T18:09:41.000Z</time><extensions><gpxtpx:TrackPointExtension><gpxtpx:bearing>141.34</gpxtpx:bearing><gpxtpx:speed>10.240913</gpxtpx:speed></gpxtpx:TrackPointExtension></extensions><geoidheight>-32.9</geoidheight><src>gps</src><sat>15</sat><hdop>0.61</hdop><vdop>0.88</vdop><pdop>1.07</pdop><dgpsid>0000</dgpsid></trkpt>
<trkpt lat="24.101134000000002" lon="-110.41041933333332"><ele>12.1</ele><time>2025-12-21T18:09:52.000Z</time><extensions><gpxtpx:TrackPointExtension><gpxtpx:bearing>142.01</gpxtpx:bearing><gpxtpx:speed>13.900588</gpxtpx:speed></gpxtpx:TrackPointExtension></extensions><geoidheight>-32.9</geoidheight><src>gps</src><sat>16</sat><hdop>0.63</hdop><vdop>0.96</vdop><pdop>1.15</pdop><dgpsid>0000</dgpsid></trkpt>
<trkpt lat="24.10000133333333" lon="-110.40943816666667"><ele>12.4</ele><time>2025-12-21T18:10:03.000Z</time><extensions><gpxtpx:TrackPointExtension><gpxtpx:bearing>141.56</gpxtpx:bearing><gpxtpx:speed>15.279015</gpxtpx:speed></gpxtpx:TrackPointExtension></extensions><geoidheight>-32.9</geoidheight><src>gps</src><sat>16</sat><hdop>0.62</hdop><vdop>0.92</vdop><pdop>1.11</pdop><dgpsid>0000</dgpsid></trkpt>
<trkpt lat="24.098795333333335" lon="-110.408379"><ele>12.9</ele><time>2025-12-21T18:10:14.000Z</time><extensions><gpxtpx:TrackPointExtension><gpxtpx:bearing>140.59</gpxtpx:bearing><gpxtpx:speed>15.746382</gpxtpx:speed></gpxtpx:TrackPointExtension></extensions><geoidheight>-32.9</geoidheight><src>gps</src><sat>16</sat><hdop>0.61</hdop><vdop>0.88</vdop><pdop>1.07</pdop><dgpsid>0000</dgpsid></trkpt>
<trkpt lat="24.097582333333335" lon="-110.40720966666667"><ele>13.0</ele><time>2025-12-21T18:10:25.000Z</time><extensions><gpxtpx:TrackPointExtension><gpxtpx:bearing>132.53</gpxtpx:bearing><gpxtpx:speed>17.06819</gpxtpx:speed></gpxtpx:TrackPointExtension></extensions><geoidheight>-32.9</geoidheight><src>gps</src><sat>15</sat><hdop>0.62</hdop><vdop>0.91</vdop><pdop>1.11</pdop><dgpsid>0000</dgpsid></trkpt>
<trkpt lat="24.096655166666665" lon="-110.40562816666667"><ele>14.2</ele><time>2025-12-21T18:10:36.000Z</time><extensions><gpxtpx:TrackPointExtension><gpxtpx:bearing>112.47</gpxtpx:bearing><gpxtpx:speed>17.561293</gpxtpx:speed></gpxtpx:TrackPointExtension></extensions><geoidheight>-32.9</geoidheight><src>gps</src><sat>13</sat><hdop>0.77</hdop><vdop>1.00</vdop><pdop>1.26</pdop><dgpsid>0000</dgpsid></trkpt>
<trkpt lat="24.096259333333332" lon="-110.40378566666668"><ele>13.8</ele><time>2025-12-21T18:10:47.000Z</time><extensions><gpxtpx:TrackPointExtension><gpxtpx:bearing>94.88</gpxtpx:bearing><gpxtpx:speed>17.921598</gpxtpx:speed></gpxtpx:TrackPointExtension></extensions><geoidheight>-32.9</geoidheight><src>gps</src><sat>17</sat><hdop>0.60</hdop><vdop>0.86</vdop><pdop>1.05</pdop><dgpsid>0000</dgpsid></trkpt>
<trkpt lat="24.096407833333334" lon="-110.40182166666666"><ele>12.6</ele><time>2025-12-21T18:10:58.000Z</time><extensions><gpxtpx:TrackPointExtension><gpxtpx:bearing>81.44</gpxtpx:bearing><gpxtpx:speed>18.650446</gpxtpx:speed></gpxtpx:TrackPointExtension></extensions><geoidheight>-32.9</geoidheight><src>gps</src><sat>17</sat><hdop>0.63</hdop><vdop>0.86</vdop><pdop>1.07</pdop><dgpsid>0000</dgpsid></trkpt>
<trkpt lat="24.096679333333334" lon="-110.39984216666666"><ele>10.8</ele><time>2025-12-21T18:11:09.000Z</time><extensions><gpxtpx:TrackPointExtension><gpxtpx:bearing>80.97</gpxtpx:bearing><gpxtpx:speed>18.430143</gpxtpx:speed></gpxtpx:TrackPointExtension></extensions><geoidheight>-32.9</geoidheight><src>gps</src><sat>17</sat><hdop>0.61</hdop><vdop>0.82</vdop><pdop>1.02</pdop><dgpsid>0000</dgpsid></trkpt>
<trkpt lat="24.096952166666664" lon="-110.3978805"><ele>10.2</ele><time>2025-12-21T18:11:20.000Z</time><extensions><gpxtpx:TrackPointExtension><gpxtpx:bearing>81.87</gpxtpx:bearing><gpxtpx:speed>17.97204</gpxtpx:speed></gpxtpx:TrackPointExtension></extensions><geoidheight>-32.9</geoidheight><src>gps</src><sat>16</sat><hdop>0.61</hdop><vdop>0.82</vdop><pdop>1.02</pdop><dgpsid>0000</dgpsid></trkpt>
<trkpt lat="24.097232333333334" lon="-110.3959075"><ele>10.5</ele><time>2025-12-21T18:11:31.000Z</time><extensions><gpxtpx:TrackPointExtension><gpxtpx:bearing>81.72</gpxtpx:bearing><gpxtpx:speed>18.696255</gpxtpx:speed></gpxtpx:TrackPointExtension></extensions><geoidheight>-32.9</geoidheight><src>gps</src><sat>17</sat><hdop>0.58</hdop><vdop>0.82</vdop><pdop>1.00</pdop><dgpsid>0000</dgpsid></trkpt>
<trkpt lat="24.09750916666667" lon="-110.39391166666668"><ele>11.3</ele><time>2025-12-21T18:11:42.000Z</time><extensions><gpxtpx:TrackPointExtension><gpxtpx:bearing>81.65</gpxtpx:bearing><gpxtpx:speed>18.66846</gpxtpx:speed></gpxtpx:TrackPointExtension></extensions><geoidheight>-32.9</geoidheight><src>gps</src><sat>16</sat><hdop>0.60</hdop><vdop>0.84</vdop><pdop>1.03</pdop><dgpsid>0000</dgpsid></trkpt>
<trkpt lat="24.0977835" lon="-110.39200283333334"><ele>12.3</ele><time>2025-12-21T18:11:53.000Z</time><extensions><gpxtpx:TrackPointExtension><gpxtpx:bearing>81.23</gpxtpx:bearing><gpxtpx:speed>16.661558</gpxtpx:speed></gpxtpx:TrackPointExtension></extensions><geoidheight>-32.9</geoidheight><src>gps</src><sat>15</sat><hdop>0.64</hdop><vdop>0.87</vdop><pdop>1.08</pdop><dgpsid>0000</dgpsid></trkpt>
<trkpt lat="24.098034999999996" lon="-110.3902395"><ele>12.3</ele><time>2025-12-21T18:12:04.000Z</time><extensions><gpxtpx:TrackPointExtension><gpxtpx:bearing>81.13</gpxtpx:bearing><gpxtpx:speed>17.550484</gpxtpx:speed></gpxtpx:TrackPointExtension></extensions><geoidheight>-32.9</geoidheight><src>gps</src><sat>16</sat><hdop>0.60</hdop><vdop>0.82</vdop><pdop>1.01</pdop><dgpsid>0000</dgpsid></trkpt>
<trkpt lat="24.09828633333333" lon="-110.38840950000001"><ele>11.3</ele><time>2025-12-21T18:12:15.000Z</time><extensions><gpxtpx:TrackPointExtension><gpxtpx:bearing>81.59</gpxtpx:bearing><gpxtpx:speed>16.703766</gpxtpx:speed></gpxtpx:TrackPointExtension></extensions><geoidheight>-32.9</geoidheight><src>gps</src><sat>16</sat><hdop>0.60</hdop><vdop>0.82</vdop><pdop>1.01</pdop><dgpsid>0000</dgpsid></trkpt>
<trkpt lat="24.09854383333333" lon="-110.38655150000001"><ele>11.4</ele><time>2025-12-21T18:12:26.000Z</time><extensions><gpxtpx:TrackPointExtension><gpxtpx:bearing>81.25</gpxtpx:bearing><gpxtpx:speed>17.815565</gpxtpx:speed></gpxtpx:TrackPointExtension></extensions><geoidheight>-32.9</geoidheight><src>gps</src><sat>16</sat><hdop>0.64</hdop><vdop>0.89</vdop><pdop>1.10</pdop><dgpsid>0000</dgpsid></trkpt>
<trkpt lat="24.098805333333335" lon="-110.38468083333333"><ele>11.0</ele><time>2025-12-21T18:12:37.000Z</time><extensions><gpxtpx:TrackPointExtension><gpxtpx:bearing>81.01</gpxtpx:bearing><gpxtpx:speed>16.690382</gpxtpx:speed></gpxtpx:TrackPointExtension></extensions><geoidheight>-32.9</geoidheight><src>gps</src><sat>15</sat><hdop>0.62</hdop><vdop>0.85</vdop><pdop>1.05</pdop><dgpsid>0000</dgpsid></trkpt>
<trkpt lat="24.0990285" lon="-110.38306583333333"><ele>8.9</ele><time>2025-12-21T18:12:48.000Z</time><extensions><gpxtpx:TrackPointExtension><gpxtpx:bearing>81.64</gpxtpx:bearing><gpxtpx:speed>14.434356</gpxtpx:speed></gpxtpx:TrackPointExtension></extensions><geoidheight>-32.9</geoidheight><src>gps</src><sat>16</sat><hdop>0.62</hdop><vdop>0.85</vdop><pdop>1.05</pdop><dgpsid>0000</dgpsid></trkpt>
<trkpt lat="24.0994135" lon="-110.3815755"><ele>2.8</ele><time>2025-12-21T18:12:59.000Z</time><extensions><gpxtpx:TrackPointExtension><gpxtpx:bearing>66.95</gpxtpx:bearing><gpxtpx:speed>14.00765</gpxtpx:speed></gpxtpx:TrackPointExtension></extensions><geoidheight>-32.9</geoidheight><src>gps</src><sat>14</sat><hdop>0.61</hdop><vdop>0.85</vdop><pdop>1.05</pdop><dgpsid>0000</dgpsid></trkpt>
<trkpt lat="24.100009666666665" lon="-110.3801325"><ele>1.4</ele><time>2025-12-21T18:13:10.000Z</time><extensions><gpxtpx:TrackPointExtension><gpxtpx:bearing>64.72</gpxtpx:bearing><gpxtpx:speed>15.05511</gpxtpx:speed></gpxtpx:TrackPointExtension></extensions><geoidheight>-32.9</geoidheight><src>gps</src><sat>16</sat><hdop>0.73</hdop><vdop>1.00</vdop><pdop>1.24</pdop><dgpsid>0000</dgpsid></trkpt>
<trkpt lat="24.100633833333337" lon="-110.378581"><ele>0.1</ele><time>2025-12-21T18:13:21.000Z</time><extensions><gpxtpx:TrackPointExtension><gpxtpx:bearing>64.97</gpxtpx:bearing><gpxtpx:speed>16.051613</gpxtpx:speed></gpxtpx:TrackPointExtension></extensions><geoidheight>-32.9</geoidheight><src>gps</src><sat>17</sat><hdop>0.63</hdop><vdop>0.89</vdop><pdop>1.09</pdop><dgpsid>0000</dgpsid></trkpt>
<trkpt lat="24.101312666666665" lon="-110.376928"><ele>-0.2</ele><time>2025-12-21T18:13:32.000Z</time><extensions><gpxtpx:TrackPointExtension><gpxtpx:bearing>67.0</gpxtpx:bearing><gpxtpx:speed>16.232794</gpxtpx:speed></gpxtpx:TrackPointExtension></extensions><geoidheight>-32.9</geoidheight><src>gps</src><sat>17</sat><hdop>0.63</hdop><vdop>0.89</vdop><pdop>1.09</pdop><dgpsid>0000</dgpsid></trkpt>
<trkpt lat="24.101971499999998" lon="-110.3753295"><ele>0.0</ele><time>2025-12-21T18:13:43.000Z</time><extensions><gpxtpx:TrackPointExtension><gpxtpx:bearing>66.21</gpxtpx:bearing><gpxtpx:speed>14.197068</gpxtpx:speed></gpxtpx:TrackPointExtension></extensions><geoidheight>-32.9</geoidheight><src>gps</src><sat>17</sat><hdop>0.59</hdop><vdop>0.85</vdop><pdop>1.03</pdop><dgpsid>0000</dgpsid></trkpt>
<trkpt lat="24.102428999999997" lon="-110.37422766666666"><ele>0.2</ele><time>2025-12-21T18:13:54.000Z</time><extensions><gpxtpx:TrackPointExtension><gpxtpx:bearing>65.51</gpxtpx:bearing><gpxtpx:speed>8.646304</gpxtpx:speed></gpxtpx:TrackPointExtension></extensions><geoidheight>-32.9</geoidheight><src>gps</src><sat>17</sat><hdop>0.60</hdop><vdop>0.92</vdop><pdop>1.10</pdop><dgpsid>0000</dgpsid></trkpt>
<trkpt lat="24.10263183333333" lon="-110.3737325"><ele>-0.8</ele><time>2025-12-21T18:14:05.000Z</time><extensions><gpxtpx:TrackPointExtension><gpxtpx:bearing>67.74</gpxtpx:bearing><gpxtpx:speed>6.53131</gpxtpx:speed></gpxtpx:TrackPointExtension></extensions><geoidheight>-32.9</geoidheight><src>gps</src><sat>17</sat><hdop>0.59</hdop><vdop>0.85</vdop><pdop>1.03</pdop><dgpsid>0000</dgpsid></trkpt>
<trkpt lat="24.10305133333333" lon="-110.37273333333333"><ele>-2.4</ele><time>2025-12-21T18:14:16.000Z</time><extensions><gpxtpx:TrackPointExtension><gpxtpx:bearing>66.82</gpxtpx:bearing><gpxtpx:speed>12.931366</gpxtpx:speed></gpxtpx:TrackPointExtension></extensions><geoidheight>-32.9</geoidheight><src>gps</src><sat>17</sat><hdop>0.65</hdop><vdop>0.95</vdop><pdop>1.15</pdop><dgpsid>0000</dgpsid></trkpt>
<trkpt lat="24.103578833333337" lon="-110.37144850000001"><ele>-2.4</ele><time>2025-12-21T18:14:27.000Z</time><extensions><gpxtpx:TrackPointExtension><gpxtpx:bearing>66.72</gpxtpx:bearing><gpxtpx:speed>12.849525</gpxtpx:speed></gpxtpx:TrackPointExtension></extensions><geoidheight>-32.8</geoidheight><src>gps</src><sat>16</sat><hdop>0.60</hdop><vdop>0.92</vdop><pdop>1.10</pdop><dgpsid>0000</dgpsid></trkpt>
<trkpt lat="24.104044666666663" lon="-110.37023416666668"><ele>-5.3</ele><time>2025-12-21T18:14:38.000Z</time><extensions><gpxtpx:TrackPointExtension><gpxtpx:bearing>67.74</gpxtpx:bearing><gpxtpx:speed>12.171637</gpxtpx:speed></gpxtpx:TrackPointExtension></extensions><geoidheight>-32.8</geoidheight><src>gps</src><sat>16</sat><hdop>0.71</hdop><vdop>0.93</vdop><pdop>1.17</pdop><dgpsid>0000</dgpsid></trkpt>
<trkpt lat="24.10458983333333" lon="-110.36884616666666"><ele>-6.8</ele><time>2025-12-21T18:14:49.000Z</time><extensions><gpxtpx:TrackPointExtension><gpxtpx:bearing>66.42</gpxtpx:bearing><gpxtpx:speed>13.9819145</gpxtpx:speed></gpxtpx:TrackPointExtension></extensions><geoidheight>-32.8</geoidheight><src>gps</src><sat>15</sat><hdop>0.71</hdop><vdop>0.93</vdop><pdop>1.17</pdop><dgpsid>0000</dgpsid></trkpt>
<trkpt lat="24.105122833333333" lon="-110.36751466666668"><ele>-7.2</ele><time>2025-12-21T18:15:00.000Z</time><extensions><gpxtpx:TrackPointExtension><gpxtpx:bearing>66.29</gpxtpx:bearing><gpxtpx:speed>13.52587</gpxtpx:speed></gpxtpx:TrackPointExtension></extensions><geoidheight>-32.8</geoidheight><src>gps</src><sat>13</sat><hdop>0.67</hdop><vdop>1.01</vdop><pdop>1.21</pdop><dgpsid>0000</dgpsid></trkpt>
<trkpt lat="24.105740500000003" lon="-110.36600116666665"><ele>-6.4</ele><time>2025-12-21T18:15:11.000Z</time><extensions><gpxtpx:TrackPointExtension><gpxtpx:bearing>66.3</gpxtpx:bearing><gpxtpx:speed>16.388756</gpxtpx:speed></gpxtpx:TrackPointExtension></extensions><geoidheight>-32.8</geoidheight><src>gps</src><sat>16</sat><hdop>0.78</hdop><vdop>1.11</vdop><pdop>1.36</pdop><dgpsid>0000</dgpsid></trkpt>
<trkpt lat="24.106422833333333" lon="-110.36433366666667"><ele>-7.0</ele><time>2025-12-21T18:15:22.000Z</time><extensions><gpxtpx:TrackPointExtension><gpxtpx:bearing>66.76</gpxtpx:bearing><gpxtpx:speed>17.090322</gpxtpx:speed></gpxtpx:TrackPointExtension></extensions><geoidheight>-32.8</geoidheight><src>gps</src><sat>16</sat><hdop>0.61</hdop><vdop>0.87</vdop><pdop>1.06</pdop><dgpsid>0000</dgpsid></trkpt>
<trkpt lat="24.107163333333332" lon="-110.36256866666666"><ele>-6.3</ele><time>2025-12-21T18:15:33.000Z</time><extensions><gpxtpx:TrackPointExtension><gpxtpx:bearing>64.84</gpxtpx:bearing><gpxtpx:speed>18.36992</gpxtpx:speed></gpxtpx:TrackPointExtension></extensions><geoidheight>-32.8</geoidheight><src>gps</src><sat>13</sat><hdop>0.84</hdop><vdop>1.08</vdop><pdop>1.37</pdop><dgpsid>0000</dgpsid></trkpt>
<trkpt lat="24.107912166666665" lon="-110.3608945"><ele>-2.3</ele><time>2025-12-21T18:15:44.000Z</time><extensions><gpxtpx:TrackPointExtension><gpxtpx:bearing>62.59</gpxtpx:bearing><gpxtpx:speed>16.30743</gpxtpx:speed></gpxtpx:TrackPointExtension></extensions><geoidheight>-32.8</geoidheight><src>gps</src><sat>17</sat><hdop>0.65</hdop><vdop>0.95</vdop><pdop>1.15</pdop><dgpsid>0000</dgpsid></trkpt>
<trkpt lat="24.108628" lon="-110.35936949999999"><ele>-4.1</ele><time>2025-12-21T18:15:55.000Z</time><extensions><gpxtpx:TrackPointExtension><gpxtpx:bearing>62.83</gpxtpx:bearing><gpxtpx:speed>16.043377</gpxtpx:speed></gpxtpx:TrackPointExtension></extensions><geoidheight>-32.8</geoidheight><src>gps</src><sat>16</sat><hdop>0.69</hdop><vdop>0.90</vdop><pdop>1.14</pdop><dgpsid>0000</dgpsid></trkpt>
<trkpt lat="24.109378666666665" lon="-110.35777549999999"><ele>-7.7</ele><time>2025-12-21T18:16:06.000Z</time><extensions><gpxtpx:TrackPointExtension><gpxtpx:bearing>62.77</gpxtpx:bearing><gpxtpx:speed>17.219002</gpxtpx:speed></gpxtpx:TrackPointExtension></extensions><geoidheight>-32.8</geoidheight><src>gps</src><sat>16</sat><hdop>0.69</hdop><vdop>0.90</vdop><pdop>1.13</pdop><dgpsid>0000</dgpsid></trkpt>
<trkpt lat="24.11025683333333" lon="-110.35594916666666"><ele>-8.0</ele><time>2025-12-21T18:16:17.000Z</time><extensions><gpxtpx:TrackPointExtension><gpxtpx:bearing>60.99</gpxtpx:bearing><gpxtpx:speed>21.325457</gpxtpx:speed></gpxtpx:TrackPointExtension></extensions><geoidheight>-32.8</geoidheight><src>gps</src><sat>18</sat><hdop>0.62</hdop><vdop>0.86</vdop><pdop>1.06</pdop><dgpsid>0000</dgpsid></trkpt>
<trkpt lat="24.11127633333333" lon="-110.35383833333331"><ele>-7.2</ele><time>2025-12-21T18:16:28.000Z</time><extensions><gpxtpx:TrackPointExtension><gpxtpx:bearing>63.15</gpxtpx:bearing><gpxtpx:speed>21.592083</gpxtpx:speed></gpxtpx:TrackPointExtension></extensions><geoidheight>-32.8</geoidheight><src>gps</src><sat>18</sat><hdop>0.67</hdop><vdop>0.87</vdop><pdop>1.10</pdop><dgpsid>0000</dgpsid></trkpt>
<trkpt lat="24.11217033333333" lon="-110.35194333333332"><ele>-5.4</ele><time>2025-12-21T18:16:39.000Z</time><extensions><gpxtpx:TrackPointExtension><gpxtpx:bearing>62.75</gpxtpx:bearing><gpxtpx:speed>16.730532</gpxtpx:speed></gpxtpx:TrackPointExtension></extensions><geoidheight>-32.8</geoidheight><src>gps</src><sat>17</sat><hdop>0.67</hdop><vdop>0.87</vdop><pdop>1.10</pdop><dgpsid>0000</dgpsid></trkpt>
<trkpt lat="24.112968500000004" lon="-110.35026733333333"><ele>-4.9</ele><time>2025-12-21T18:16:50.000Z</time><extensions><gpxtpx:TrackPointExtension><gpxtpx:bearing>62.74</gpxtpx:bearing><gpxtpx:speed>18.70655</gpxtpx:speed></gpxtpx:TrackPointExtension></extensions><geoidheight>-32.8</geoidheight><src>gps</src><sat>18</sat><hdop>0.82</hdop><vdop>0.99</vdop><pdop>1.28</pdop><dgpsid>0000</dgpsid></trkpt>
<trkpt lat="24.113850000000003" lon="-110.34838933333334"><ele>-1.5</ele><time>2025-12-21T18:17:01.000Z</time><extensions><gpxtpx:TrackPointExtension><gpxtpx:bearing>63.16</gpxtpx:bearing><gpxtpx:speed>19.542973</gpxtpx:speed></gpxtpx:TrackPointExtension></extensions><geoidheight>-32.8</geoidheight><src>gps</src><sat>17</sat><hdop>0.59</hdop><vdop>0.85</vdop><pdop>1.03</pdop><dgpsid>0000</dgpsid></trkpt>
<trkpt lat="24.114726166666667" lon="-110.34653133333335"><ele>0.3</ele><time>2025-12-21T18:17:12.000Z</time><extensions><gpxtpx:TrackPointExtension><gpxtpx:bearing>62.45</gpxtpx:bearing><gpxtpx:speed>18.54081</gpxtpx:speed></gpxtpx:TrackPointExtension></extensions><geoidheight>-32.8</geoidheight><src>gps</src><sat>18</sat><hdop>0.62</hdop><vdop>0.87</vdop><pdop>1.07</pdop><dgpsid>0000</dgpsid></trkpt>
<trkpt lat="24.115699666666668" lon="-110.34480833333333"><ele>2.1</ele><time>2025-12-21T18:17:23.000Z</time><extensions><gpxtpx:TrackPointExtension><gpxtpx:bearing>44.63</gpxtpx:bearing><gpxtpx:speed>19.081268</gpxtpx:speed></gpxtpx:TrackPointExtension></extensions><geoidheight>-32.8</geoidheight><src>gps</src><sat>18</sat><hdop>0.61</hdop><vdop>0.82</vdop><pdop>1.02</pdop><dgpsid>0000</dgpsid></trkpt>
<trkpt lat="24.117378666666664" lon="-110.3439745"><ele>6.7</ele><time>2025-12-21T18:17:34.000Z</time><extensions><gpxtpx:TrackPointExtension><gpxtpx:bearing>7.73</gpxtpx:bearing><gpxtpx:speed>18.074986</gpxtpx:speed></gpxtpx:TrackPointExtension></extensions><geoidheight>-32.8</geoidheight><src>gps</src><sat>15</sat><hdop>0.79</hdop><vdop>1.08</vdop><pdop>1.34</pdop><dgpsid>0000</dgpsid></trkpt>
<trkpt lat="24.118276833333333" lon="-110.34376883333334"><ele>7.8</ele><time>2025-12-21T18:17:45.000Z</time><extensions><gpxtpx:TrackPointExtension><gpxtpx:bearing>83.01</gpxtpx:bearing><gpxtpx:speed>2.3646338</gpxtpx:speed></gpxtpx:TrackPointExtension></extensions><geoidheight>-32.8</geoidheight><src>gps</src><sat>18</sat><hdop>0.61</hdop><vdop>0.84</vdop><pdop>1.04</pdop><dgpsid>0000</dgpsid></trkpt>
<trkpt lat="24.11825233333333" lon="-110.34367966666666"><ele>7.7</ele><time>2025-12-21T18:17:56.000Z</time><extensions><gpxtpx:TrackPointExtension><gpxtpx:bearing>154.45</gpxtpx:bearing><gpxtpx:speed>0.772598</gpxtpx:speed></gpxtpx:TrackPointExtension></extensions><geoidheight>-32.8</geoidheight><src>gps</src><sat>18</sat><hdop>0.57</hdop><vdop>0.82</vdop><pdop>1.00</pdop><dgpsid>0000</dgpsid></trkpt>
<trkpt lat="24.117979833333333" lon="-110.34370050000001"><ele>4.1</ele><time>2025-12-21T18:18:07.000Z</time><extensions><gpxtpx:TrackPointExtension><gpxtpx:bearing>184.07</gpxtpx:bearing><gpxtpx:speed>3.6025407</gpxtpx:speed></gpxtpx:TrackPointExtension></extensions><geoidheight>-32.8</geoidheight><src>gps</src><sat>18</sat><hdop>0.57</hdop><vdop>0.82</vdop><pdop>1.00</pdop><dgpsid>0000</dgpsid></trkpt>
<trkpt lat="24.1177365" lon="-110.34360083333334"><ele>3.8</ele><time>2025-12-21T18:18:18.000Z</time><extensions><gpxtpx:TrackPointExtension><gpxtpx:bearing>92.16</gpxtpx:bearing><gpxtpx:speed>2.1119053</gpxtpx:speed></gpxtpx:TrackPointExtension></extensions><geoidheight>-32.8</geoidheight><src>gps</src><sat>18</sat><hdop>0.57</hdop><vdop>0.82</vdop><pdop>1.00</pdop><dgpsid>0000</dgpsid></trkpt>
<trkpt lat="24.117703" lon="-110.34340433333334"><ele>6.9</ele><time>2025-12-21T18:18:29.000Z</time><extensions><gpxtpx:TrackPointExtension><gpxtpx:bearing>89.05</gpxtpx:bearing><gpxtpx:speed>2.63126</gpxtpx:speed></gpxtpx:TrackPointExtension></extensions><geoidheight>-32.8</geoidheight><src>gps</src><sat>18</sat><hdop>0.57</hdop><vdop>0.82</vdop><pdop>1.00</pdop><dgpsid>0000</dgpsid></trkpt>
<trkpt lat="24.1175985" lon="-110.34318566666667"><ele>6.0</ele><time>2025-12-21T18:18:40.000Z</time><extensions><gpxtpx:TrackPointExtension><gpxtpx:bearing>175.01</gpxtpx:bearing><gpxtpx:speed>1.4000444</gpxtpx:speed></gpxtpx:TrackPointExtension></extensions><geoidheight>-32.8</geoidheight><src>gps</src><sat>18</sat><hdop>0.57</hdop><vdop>0.82</vdop><pdop>1.00</pdop><dgpsid>0000</dgpsid></trkpt>
<trkpt lat="24.117462999999997" lon="-110.34315999999998"><ele>6.7</ele><time>2025-12-21T18:18:51.000Z</time><extensions><gpxtpx:TrackPointExtension><gpxtpx:speed>0.0231625</gpxtpx:speed></gpxtpx:TrackPointExtension></extensions><geoidheight>-32.8</geoidheight><src>gps</src><sat>18</sat><hdop>0.57</hdop><vdop>0.82</vdop><pdop>1.00</pdop><dgpsid>0000</dgpsid></trkpt>
<trkpt lat="24.1174155" lon="-110.34316083333333"><ele>8.3</ele><time>2025-12-21T18:19:02.000Z</time><extensions><gpxtpx:TrackPointExtension><gpxtpx:speed>0.05301639</gpxtpx:speed></gpxtpx:TrackPointExtension></extensions><geoidheight>-32.8</geoidheight><src>gps</src><sat>18</sat><hdop>0.56</hdop><vdop>0.84</vdop><pdop>1.01</pdop><dgpsid>0000</dgpsid></trkpt>
<trkpt lat="24.117471666666667" lon="-110.34315149999999"><ele>10.7</ele><time>2025-12-21T18:19:13.000Z</time><extensions><gpxtpx:TrackPointExtension><gpxtpx:bearing>32.84</gpxtpx:bearing><gpxtpx:speed>0.69127196</gpxtpx:speed></gpxtpx:TrackPointExtension></extensions><geoidheight>-32.8</geoidheight><src>gps</src><sat>19</sat><hdop>0.60</hdop><vdop>0.85</vdop><pdop>1.04</pdop><dgpsid>0000</dgpsid></trkpt>
<trkpt lat="24.117401166666664" lon="-110.34312166666665"><ele>30.0</ele><time>2025-12-21T20:13:27.000Z</time><extensions><gpxtpx:TrackPointExtension><gpxtpx:speed>0.0051472224</gpxtpx:speed></gpxtpx:TrackPointExtension></extensions><geoidheight>-32.8</geoidheight><src>gps</src><sat>4</sat><hdop>1.51</hdop><vdop>3.07</vdop><pdop>3.42</pdop></trkpt>
<trkpt lat="24.117462500000002" lon="-110.34311933333332"><ele>16.2</ele><time>2025-12-21T20:23:20.000Z</time><extensions><gpxtpx:TrackPointExtension><gpxtpx:bearing>338.88</gpxtpx:bearing><gpxtpx:speed>0.25375804</gpxtpx:speed></gpxtpx:TrackPointExtension></extensions><geoidheight>-32.8</geoidheight><src>gps</src><sat>18</sat><hdop>0.56</hdop><vdop>0.92</vdop><pdop>1.08</pdop><dgpsid>0000</dgpsid></trkpt>
<trkpt lat="24.117349833333332" lon="-110.343193"><ele>15.5</ele><time>2025-12-21T20:23:53.000Z</time><extensions><gpxtpx:TrackPointExtension><gpxtpx:bearing>201.62</gpxtpx:bearing><gpxtpx:speed>1.5148275</gpxtpx:speed></gpxtpx:TrackPointExtension></extensions><geoidheight>-32.8</geoidheight><src>gps</src><sat>18</sat><hdop>0.56</hdop><vdop>0.92</vdop><pdop>1.08</pdop><dgpsid>0000</dgpsid></trkpt>
<trkpt lat="24.117216833333334" lon="-110.34322666666667"><ele>18.1</ele><time>2025-12-21T20:24:04.000Z</time><extensions><gpxtpx:TrackPointExtension><gpxtpx:bearing>186.65</gpxtpx:bearing><gpxtpx:speed>1.443281</gpxtpx:speed></gpxtpx:TrackPointExtension></extensions><geoidheight>-32.8</geoidheight><src>gps</src><sat>18</sat><hdop>0.56</hdop><vdop>0.92</vdop><pdop>1.08</pdop><dgpsid>0000</dgpsid></trkpt>
<trkpt lat="24.117084999999996" lon="-110.34322933333333"><ele>17.8</ele><time>2025-12-21T20:24:15.000Z</time><extensions><gpxtpx:TrackPointExtension><gpxtpx:bearing>180.16</gpxtpx:bearing><gpxtpx:speed>1.4422517</gpxtpx:speed></gpxtpx:TrackPointExtension></extensions><geoidheight>-32.8</geoidheight><src>gps</src><sat>18</sat><hdop>0.56</hdop><vdop>0.92</vdop><pdop>1.08</pdop><dgpsid>0000</dgpsid></trkpt>
<trkpt lat="24.11690116666667" lon="-110.34324649999999"><ele>17.7</ele><time>2025-12-21T20:24:26.000Z</time><extensions><gpxtpx:TrackPointExtension><gpxtpx:bearing>204.48</gpxtpx:bearing><gpxtpx:speed>2.3636045</gpxtpx:speed></gpxtpx:TrackPointExtension></extensions><geoidheight>-32.8</geoidheight><src>gps</src><sat>18</sat><hdop>0.56</hdop><vdop>0.92</vdop><pdop>1.08</pdop><dgpsid>0000</dgpsid></trkpt>
<trkpt lat="24.116791166666665" lon="-110.34341799999999"><ele>15.6</ele><time>2025-12-21T20:24:37.000Z</time><extensions><gpxtpx:TrackPointExtension><gpxtpx:bearing>252.89</gpxtpx:bearing><gpxtpx:speed>2.2225707</gpxtpx:speed></gpxtpx:TrackPointExtension></extensions><geoidheight>-32.8</geoidheight><src>gps</src><sat>18</sat><hdop>0.56</hdop><vdop>0.92</vdop><pdop>1.08</pdop><dgpsid>0000</dgpsid></trkpt>
<trkpt lat="24.116935833333333" lon="-110.34369833333334"><ele>10.7</ele><time>2025-12-21T20:24:48.000Z</time><extensions><gpxtpx:TrackPointExtension><gpxtpx:bearing>321.1</gpxtpx:bearing><gpxtpx:speed>4.0771146</gpxtpx:speed></gpxtpx:TrackPointExtension></extensions><geoidheight>-32.8</geoidheight><src>gps</src><sat>17</sat><hdop>0.56</hdop><vdop>0.92</vdop><pdop>1.08</pdop><dgpsid>0000</dgpsid></trkpt>
<trkpt lat="24.117523666666663" lon="-110.343904"><ele>6.1</ele><time>2025-12-21T20:24:59.000Z</time><extensions><gpxtpx:TrackPointExtension><gpxtpx:bearing>358.72</gpxtpx:bearing><gpxtpx:speed>7.50465</gpxtpx:speed></gpxtpx:TrackPointExtension></extensions><geoidheight>-32.8</geoidheight><src>gps</src><sat>16</sat><hdop>0.64</hdop><vdop>1.02</vdop><pdop>1.20</pdop><dgpsid>0000</dgpsid></trkpt>
<trkpt lat="24.118174333333332" lon="-110.34387433333335"><ele>3.7</ele><time>2025-12-21T20:25:10.000Z</time><extensions><gpxtpx:TrackPointExtension><gpxtpx:bearing>3.66</gpxtpx:bearing><gpxtpx:speed>5.965116</gpxtpx:speed></gpxtpx:TrackPointExtension></extensions><geoidheight>-32.8</geoidheight><src>gps</src><sat>18</sat><hdop>0.59</hdop><vdop>0.97</vdop><pdop>1.14</pdop><dgpsid>0000</dgpsid></trkpt>
<trkpt lat="24.118768" lon="-110.34382849999999"><ele>1.5</ele><time>2025-12-21T20:25:21.000Z</time><extensions><gpxtpx:TrackPointExtension><gpxtpx:bearing>2.58</gpxtpx:bearing><gpxtpx:speed>5.9954844</gpxtpx:speed></gpxtpx:TrackPointExtension></extensions><geoidheight>-32.8</geoidheight><src>gps</src><sat>16</sat><hdop>0.71</hdop><vdop>1.15</vdop><pdop>1.35</pdop><dgpsid>0000</dgpsid></trkpt>
<trkpt lat="24.1193335" lon="-110.34374000000001"><ele>2.6</ele><time>2025-12-21T20:25:32.000Z</time><extensions><gpxtpx:TrackPointExtension><gpxtpx:bearing>40.12</gpxtpx:bearing><gpxtpx:speed>4.78074</gpxtpx:speed></gpxtpx:TrackPointExtension></extensions><geoidheight>-32.8</geoidheight><src>gps</src><sat>18</sat><hdop>0.63</hdop><vdop>1.04</vdop><pdop>1.21</pdop><dgpsid>0000</dgpsid></trkpt>
<trkpt lat="24.119420166666668" lon="-110.34312183333334"><ele>4.3</ele><time>2025-12-21T20:25:43.000Z</time><extensions><gpxtpx:TrackPointExtension><gpxtpx:bearing>92.99</gpxtpx:bearing><gpxtpx:speed>9.2825</gpxtpx:speed></gpxtpx:TrackPointExtension></extensions><geoidheight>-32.8</geoidheight><src>gps</src><sat>18</sat><hdop>0.62</hdop><vdop>1.09</vdop><pdop>1.26</pdop><dgpsid>0000</dgpsid></trkpt>
<trkpt lat="24.119365666666667" lon="-110.34186399999999"><ele>5.0</ele><time>2025-12-21T20:25:54.000Z</time><extensions><gpxtpx:TrackPointExtension><gpxtpx:bearing>92.91</gpxtpx:bearing><gpxtpx:speed>12.965853</gpxtpx:speed></gpxtpx:TrackPointExtension></extensions><geoidheight>-32.8</geoidheight><src>gps</src><sat>17</sat><hdop>0.60</hdop><vdop>1.06</vdop><pdop>1.21</pdop><dgpsid>0000</dgpsid></trkpt>
<trkpt lat="24.119308666666665" lon="-110.34053266666666"><ele>5.5</ele><time>2025-12-21T20:26:05.000Z</time><extensions><gpxtpx:TrackPointExtension><gpxtpx:bearing>92.94</gpxtpx:bearing><gpxtpx:speed>10.748944</gpxtpx:speed></gpxtpx:TrackPointExtension></extensions><geoidheight>-32.8</geoidheight><src>gps</src><sat>17</sat><hdop>0.64</hdop><vdop>1.10</vdop><pdop>1.27</pdop><dgpsid>0000</dgpsid></trkpt>
<trkpt lat="24.119275500000004" lon="-110.33979749999999"><ele>6.3</ele><time>2025-12-21T20:26:16.000Z</time><extensions><gpxtpx:TrackPointExtension><gpxtpx:bearing>92.75</gpxtpx:bearing><gpxtpx:speed>3.1567914</gpxtpx:speed></gpxtpx:TrackPointExtension></extensions><geoidheight>-32.8</geoidheight><src>gps</src><sat>18</sat><hdop>0.58</hdop><vdop>1.03</vdop><pdop>1.18</pdop><dgpsid>0000</dgpsid></trkpt>
<trkpt lat="24.119266666666665" lon="-110.33964033333332"><ele>6.8</ele><time>2025-12-21T20:26:27.000Z</time><extensions><gpxtpx:TrackPointExtension><gpxtpx:bearing>86.9</gpxtpx:bearing><gpxtpx:speed>0.8209819</gpxtpx:speed></gpxtpx:TrackPointExtension></extensions><geoidheight>-32.8</geoidheight><src>gps</src><sat>19</sat><hdop>0.57</hdop><vdop>1.04</vdop><pdop>1.18</pdop><dgpsid>0000</dgpsid></trkpt>
<trkpt lat="24.119268166666664" lon="-110.33958816666667"><ele>7.7</ele><time>2025-12-21T20:26:38.000Z</time><extensions><gpxtpx:TrackPointExtension><gpxtpx:speed>0.0972825</gpxtpx:speed></gpxtpx:TrackPointExtension></extensions><geoidheight>-32.8</geoidheight><src>gps</src><sat>19</sat><hdop>0.55</hdop><vdop>0.95</vdop><pdop>1.10</pdop><dgpsid>0000</dgpsid></trkpt>
<trkpt lat="24.11928533333333" lon="-110.33952933333333"><ele>9.2</ele><time>2025-12-21T20:27:11.000Z</time><extensions><gpxtpx:TrackPointExtension><gpxtpx:bearing>93.28</gpxtpx:bearing><gpxtpx:speed>2.7285426</gpxtpx:speed></gpxtpx:TrackPointExtension></extensions><geoidheight>-32.8</geoidheight><src>gps</src><sat>19</sat><hdop>0.55</hdop><vdop>0.95</vdop><pdop>1.10</pdop><dgpsid>0000</dgpsid></trkpt>
<trkpt lat="24.119247499999997" lon="-110.3389065"><ele>9.5</ele><time>2025-12-21T20:27:22.000Z</time><extensions><gpxtpx:TrackPointExtension><gpxtpx:bearing>92.96</gpxtpx:bearing><gpxtpx:speed>7.5525193</gpxtpx:speed></gpxtpx:TrackPointExtension></extensions><geoidheight>-32.8</geoidheight><src>gps</src><sat>18</sat><hdop>0.56</hdop><vdop>0.95</vdop><pdop>1.10</pdop><dgpsid>0000</dgpsid></trkpt>
<trkpt lat="24.1192165" lon="-110.33810016666666"><ele>10.7</ele><time>2025-12-21T20:27:33.000Z</time><extensions><gpxtpx:TrackPointExtension><gpxtpx:bearing>91.25</gpxtpx:bearing><gpxtpx:speed>8.672555</gpxtpx:speed></gpxtpx:TrackPointExtension></extensions><geoidheight>-32.8</geoidheight><src>gps</src><sat>19</sat><hdop>0.57</hdop><vdop>1.04</vdop><pdop>1.18</pdop><dgpsid>0000</dgpsid></trkpt>
<trkpt lat="24.119098333333334" lon="-110.33709566666667"><ele>11.2</ele><time>2025-12-21T20:27:44.000Z</time><extensions><gpxtpx:TrackPointExtension><gpxtpx:bearing>100.92</gpxtpx:bearing><gpxtpx:speed>9.483757</gpxtpx:speed></gpxtpx:TrackPointExtension></extensions><geoidheight>-32.8</geoidheight><src>gps</src><sat>18</sat><hdop>0.55</hdop><vdop>0.92</vdop><pdop>1.07</pdop><dgpsid>0000</dgpsid></trkpt>
<trkpt lat="24.118919166666668" lon="-110.33613866666668"><ele>11.3</ele><time>2025-12-21T20:27:55.000Z</time><extensions><gpxtpx:TrackPointExtension><gpxtpx:bearing>101.09</gpxtpx:bearing><gpxtpx:speed>8.698806</gpxtpx:speed></gpxtpx:TrackPointExtension></extensions><geoidheight>-32.8</geoidheight><src>gps</src><sat>19</sat><hdop>0.55</hdop><vdop>0.91</vdop><pdop>1.06</pdop><dgpsid>0000</dgpsid></trkpt>
<trkpt lat="24.118761499999998" lon="-110.33564316666667"><ele>11.6</ele><time>2025-12-21T20:28:06.000Z</time><extensions><gpxtpx:TrackPointExtension><gpxtpx:bearing>140.85</gpxtpx:bearing><gpxtpx:speed>1.7449083</gpxtpx:speed></gpxtpx:TrackPointExtension></extensions><geoidheight>-32.8</geoidheight><src>gps</src><sat>18</sat><hdop>0.57</hdop><vdop>0.94</vdop><pdop>1.10</pdop><dgpsid>0000</dgpsid></trkpt>
<trkpt lat="24.118579833333335" lon="-110.33565433333334"><ele>10.5</ele><time>2025-12-21T20:28:17.000Z</time><extensions><gpxtpx:TrackPointExtension><gpxtpx:bearing>161.64</gpxtpx:bearing><gpxtpx:speed>1.8658681</gpxtpx:speed></gpxtpx:TrackPointExtension></extensions><geoidheight>-32.8</geoidheight><src>gps</src><sat>19</sat><hdop>0.53</hdop><vdop>0.88</vdop><pdop>1.02</pdop><dgpsid>0000</dgpsid></trkpt>
<trkpt lat="24.118542166666664" lon="-110.33558900000001"><ele>6.5</ele><time>2025-12-21T20:28:28.000Z</time><extensions><gpxtpx:TrackPointExtension><gpxtpx:speed>0.40354222</gpxtpx:speed></gpxtpx:TrackPointExtension></extensions><geoidheight>-32.8</geoidheight><src>gps</src><sat>20</sat><hdop>0.57</hdop><vdop>0.99</vdop><pdop>1.14</pdop><dgpsid>0000</dgpsid></trkpt>
<trkpt lat="24.118624" lon="-110.33524033333333"><ele>23.0</ele><time>2025-12-21T20:37:03.000Z</time><extensions><gpxtpx:TrackPointExtension><gpxtpx:speed>0.067943335</gpxtpx:speed></gpxtpx:TrackPointExtension></extensions><geoidheight>-32.8</geoidheight><src>gps</src><hdop>1.81</hdop><vdop>1.93</vdop><pdop>2.65</pdop></trkpt>
<trkpt lat="24.1186135" lon="-110.3348955"><ele>22.6</ele><time>2025-12-21T20:37:13.000Z</time><extensions><gpxtpx:TrackPointExtension><gpxtpx:bearing>104.09</gpxtpx:bearing><gpxtpx:speed>7.4480305</gpxtpx:speed></gpxtpx:TrackPointExtension></extensions><geoidheight>-32.8</geoidheight><src>gps</src><sat>7</sat><hdop>1.79</hdop><vdop>1.93</vdop><pdop>2.64</pdop></trkpt>
<trkpt lat="24.11813983333333" lon="-110.33370716666668"><ele>22.9</ele><time>2025-12-21T20:37:24.000Z</time><extensions><gpxtpx:TrackPointExtension><gpxtpx:bearing>115.73</gpxtpx:bearing><gpxtpx:speed>13.350865</gpxtpx:speed></gpxtpx:TrackPointExtension></extensions><geoidheight>-32.8</geoidheight><src>gps</src><sat>7</sat><hdop>1.80</hdop><vdop>1.93</vdop><pdop>2.64</pdop></trkpt>
<trkpt lat="24.117458499999998" lon="-110.33245316666668"><ele>23.9</ele><time>2025-12-21T20:37:35.000Z</time><extensions><gpxtpx:TrackPointExtension><gpxtpx:bearing>124.55</gpxtpx:bearing><gpxtpx:speed>13.558813</gpxtpx:speed></gpxtpx:TrackPointExtension></extensions><geoidheight>-32.8</geoidheight><src>gps</src><sat>7</sat><hdop>2.39</hdop><vdop>2.80</vdop><pdop>3.68</pdop></trkpt>
<trkpt lat="24.116601666666664" lon="-110.33126366666666"><ele>24.9</ele><time>2025-12-21T20:37:46.000Z</time><extensions><gpxtpx:TrackPointExtension><gpxtpx:bearing>131.84</gpxtpx:bearing><gpxtpx:speed>14.253688</gpxtpx:speed></gpxtpx:TrackPointExtension></extensions><geoidheight>-32.8</geoidheight><src>gps</src><sat>7</sat><hdop>1.80</hdop><vdop>1.93</vdop><pdop>2.64</pdop></trkpt>
<trkpt lat="24.11557966666667" lon="-110.330178"><ele>26.1</ele><time>2025-12-21T20:37:57.000Z</time><extensions><gpxtpx:TrackPointExtension><gpxtpx:bearing>138.29</gpxtpx:bearing><gpxtpx:speed>14.075079</gpxtpx:speed></gpxtpx:TrackPointExtension></extensions><geoidheight>-32.8</geoidheight><src>gps</src><sat>6</sat><hdop>2.39</hdop><vdop>2.80</vdop><pdop>3.68</pdop></trkpt>
<trkpt lat="24.114573166666666" lon="-110.32924916666667"><ele>27.1</ele><time>2025-12-21T20:38:08.000Z</time><extensions><gpxtpx:TrackPointExtension><gpxtpx:bearing>139.4</gpxtpx:bearing><gpxtpx:speed>11.78508</gpxtpx:speed></gpxtpx:TrackPointExtension></extensions><geoidheight>-32.8</geoidheight><src>gps</src><sat>6</sat><hdop>1.80</hdop><vdop>1.93</vdop><pdop>2.64</pdop></trkpt>
<trkpt lat="24.11395316666667" lon="-110.32866383333334"><ele>28.5</ele><time>2025-12-21T20:38:19.000Z</time><extensions><gpxtpx:TrackPointExtension><gpxtpx:bearing>139.27</gpxtpx:bearing><gpxtpx:speed>3.511435</gpxtpx:speed></gpxtpx:TrackPointExtension></extensions><geoidheight>-32.8</geoidheight><src>gps</src><sat>8</sat><hdop>1.68</hdop><vdop>1.84</vdop><pdop>2.49</pdop></trkpt>
<trkpt lat="24.11392166666667" lon="-110.32862483333335"><ele>29.8</ele><time>2025-12-21T20:38:30.000Z</time><extensions><gpxtpx:TrackPointExtension><gpxtpx:speed>0.07000222</gpxtpx:speed></gpxtpx:TrackPointExtension></extensions><geoidheight>-32.8</geoidheight><src>gps</src><sat>9</sat><hdop>1.36</hdop><vdop>1.43</vdop><pdop>1.97</pdop></trkpt>
<trkpt lat="24.113788833333334" lon="-110.32849200000001"><ele>30.0</ele><time>2025-12-21T20:39:58.000Z</time><extensions><gpxtpx:TrackPointExtension><gpxtpx:bearing>141.19</gpxtpx:bearing><gpxtpx:speed>3.6457775</gpxtpx:speed></gpxtpx:TrackPointExtension></extensions><geoidheight>-32.8</geoidheight><src>gps</src><sat>11</sat><hdop>1.08</hdop><vdop>1.60</vdop><pdop>1.93</pdop></trkpt>
<trkpt lat="24.113420166666668" lon="-110.32815666666666"><ele>30.0</ele><time>2025-12-21T20:40:09.000Z</time><extensions><gpxtpx:TrackPointExtension><gpxtpx:bearing>139.76</gpxtpx:bearing><gpxtpx:speed>7.094931</gpxtpx:speed></gpxtpx:TrackPointExtension></extensions><geoidheight>-32.8</geoidheight><src>gps</src><sat>11</sat><hdop>1.08</hdop><vdop>1.60</vdop><pdop>1.93</pdop></trkpt>
<trkpt lat="24.112986166666662" lon="-110.32775383333335"><ele>30.1</ele><time>2025-12-21T20:40:20.000Z</time><extensions><gpxtpx:TrackPointExtension><gpxtpx:bearing>138.19</gpxtpx:bearing><gpxtpx:speed>5.4488497</gpxtpx:speed></gpxtpx:TrackPointExtension></extensions><geoidheight>-32.8</geoidheight><src>gps</src><sat>11</sat><hdop>1.08</hdop><vdop>1.63</vdop><pdop>1.95</pdop></trkpt>
<trkpt lat="24.112181833333338" lon="-110.32699499999998"><ele>30.3</ele><time>2025-12-21T20:40:31.000Z</time><extensions><gpxtpx:TrackPointExtension><gpxtpx:bearing>139.51</gpxtpx:bearing><gpxtpx:speed>14.023607</gpxtpx:speed></gpxtpx:TrackPointExtension></extensions><geoidheight>-32.8</geoidheight><src>gps</src><sat>11</sat><hdop>1.08</hdop><vdop>1.60</vdop><pdop>1.93</pdop></trkpt>
<trkpt lat="24.11112066666667" lon="-110.3260095"><ele>30.9</ele><time>2025-12-21T20:40:42.000Z</time><extensions><gpxtpx:TrackPointExtension><gpxtpx:bearing>139.62</gpxtpx:bearing><gpxtpx:speed>13.683375</gpxtpx:speed></gpxtpx:TrackPointExtension></extensions><geoidheight>-32.8</geoidheight><src>gps</src><sat>11</sat><hdop>1.08</hdop><vdop>1.60</vdop><pdop>1.93</pdop></trkpt>
<trkpt lat="24.110062833333338" lon="-110.32503033333333"><ele>31.7</ele><time>2025-12-21T20:40:53.000Z</time><extensions><gpxtpx:TrackPointExtension><gpxtpx:bearing>139.72</gpxtpx:bearing><gpxtpx:speed>14.426635</gpxtpx:speed></gpxtpx:TrackPointExtension></extensions><geoidheight>-32.8</geoidheight><src>gps</src><sat>11</sat><hdop>1.08</hdop><vdop>1.59</vdop><pdop>1.93</pdop></trkpt>
<trkpt lat="24.108964333333333" lon="-110.32393533333334"><ele>31.4</ele><time>2025-12-21T20:41:04.000Z</time><extensions><gpxtpx:TrackPointExtension><gpxtpx:bearing>132.25</gpxtpx:bearing><gpxtpx:speed>16.130365</gpxtpx:speed></gpxtpx:TrackPointExtension></extensions><geoidheight>-32.8</geoidheight><src>gps</src><sat>11</sat><hdop>1.09</hdop><vdop>1.60</vdop><pdop>1.94</pdop></trkpt>
<trkpt lat="24.1080865" lon="-110.32256933333335"><ele>32.3</ele><time>2025-12-21T20:41:15.000Z</time><extensions><gpxtpx:TrackPointExtension><gpxtpx:bearing>118.3</gpxtpx:bearing><gpxtpx:speed>14.73135</gpxtpx:speed></gpxtpx:TrackPointExtension></extensions><geoidheight>-32.8</geoidheight><src>gps</src><sat>10</sat><hdop>1.45</hdop><vdop>1.72</vdop><pdop>2.25</pdop></trkpt>
<trkpt lat="24.107586333333334" lon="-110.3211485"><ele>33.6</ele><time>2025-12-21T20:41:26.000Z</time><extensions><gpxtpx:TrackPointExtension><gpxtpx:bearing>103.84</gpxtpx:bearing><gpxtpx:speed>14.250085</gpxtpx:speed></gpxtpx:TrackPointExtension></extensions><geoidheight>-32.8</geoidheight><src>gps</src><sat>11</sat><hdop>1.09</hdop><vdop>1.60</vdop><pdop>1.94</pdop></trkpt>
<trkpt lat="24.107415" lon="-110.31996666666667"><ele>31.2</ele><time>2025-12-21T20:41:37.000Z</time><extensions><gpxtpx:TrackPointExtension><gpxtpx:bearing>95.13</gpxtpx:bearing><gpxtpx:speed>4.643824</gpxtpx:speed></gpxtpx:TrackPointExtension></extensions><geoidheight>-32.8</geoidheight><src>gps</src><sat>12</sat><hdop>0.98</hdop><vdop>1.39</vdop><pdop>1.70</pdop></trkpt>
<trkpt lat="24.107406" lon="-110.31977583333334"><ele>30.7</ele><time>2025-12-21T20:41:48.000Z</time><extensions><gpxtpx:TrackPointExtension><gpxtpx:speed>0.03448639</gpxtpx:speed></gpxtpx:TrackPointExtension></extensions><geoidheight>-32.8</geoidheight><src>gps</src><sat>13</sat><hdop>0.85</hdop><vdop>1.32</vdop><pdop>1.57</pdop></trkpt>
<trkpt lat="24.107400166666668" lon="-110.319463"><ele>32.4</ele><time>2025-12-21T20:42:21.000Z</time><extensions><gpxtpx:TrackPointExtension><gpxtpx:bearing>89.61</gpxtpx:bearing><gpxtpx:speed>6.694992</gpxtpx:speed></gpxtpx:TrackPointExtension></extensions><geoidheight>-32.8</geoidheight><src>gps</src><sat>14</sat><hdop>0.80</hdop><vdop>1.34</vdop><pdop>1.56</pdop></trkpt>
<trkpt lat="24.107430666666666" lon="-110.31862216666666"><ele>32.8</ele><time>2025-12-21T20:42:32.000Z</time><extensions><gpxtpx:TrackPointExtension><gpxtpx:bearing>86.24</gpxtpx:bearing><gpxtpx:speed>9.366401</gpxtpx:speed></gpxtpx:TrackPointExtension></extensions><geoidheight>-32.8</geoidheight><src>gps</src><sat>14</sat><hdop>0.80</hdop><vdop>1.34</vdop><pdop>1.56</pdop></trkpt>
<trkpt lat="24.107502333333333" lon="-110.31741099999999"><ele>33.2</ele><time>2025-12-21T20:42:43.000Z</time><extensions><gpxtpx:TrackPointExtension><gpxtpx:bearing>86.81</gpxtpx:bearing><gpxtpx:speed>12.987472</gpxtpx:speed></gpxtpx:TrackPointExtension></extensions><geoidheight>-32.8</geoidheight><src>gps</src><sat>14</sat><hdop>0.80</hdop><vdop>1.34</vdop><pdop>1.56</pdop><dgpsid>0000</dgpsid></trkpt>
<trkpt lat="24.107585000000004" lon="-110.31608033333332"><ele>33.7</ele><time>2025-12-21T20:42:54.000Z</time><extensions><gpxtpx:TrackPointExtension><gpxtpx:bearing>85.26</gpxtpx:bearing><gpxtpx:speed>12.071265</gpxtpx:speed></gpxtpx:TrackPointExtension></extensions><geoidheight>-32.8</geoidheight><src>gps</src><sat>14</sat><hdop>0.80</hdop><vdop>1.33</vdop><pdop>1.56</pdop><dgpsid>0000</dgpsid></trkpt>
<trkpt lat="24.107676333333334" lon="-110.31480566666666"><ele>35.2</ele><time>2025-12-21T20:43:05.000Z</time><extensions><gpxtpx:TrackPointExtension><gpxtpx:bearing>87.18</gpxtpx:bearing><gpxtpx:speed>11.913246</gpxtpx:speed></gpxtpx:TrackPointExtension></extensions><geoidheight>-32.8</geoidheight><src>gps</src><sat>14</sat><hdop>0.81</hdop><vdop>1.35</vdop><pdop>1.58</pdop><dgpsid>0000</dgpsid></trkpt>
<trkpt lat="24.107746833333334" lon="-110.31360049999999"><ele>36.8</ele><time>2025-12-21T20:43:16.000Z</time><extensions><gpxtpx:TrackPointExtension><gpxtpx:bearing>86.21</gpxtpx:bearing><gpxtpx:speed>10.477686</gpxtpx:speed></gpxtpx:TrackPointExtension></extensions><geoidheight>-32.8</geoidheight><src>gps</src><sat>14</sat><hdop>0.80</hdop><vdop>1.33</vdop><pdop>1.55</pdop><dgpsid>0000</dgpsid></trkpt>
<trkpt lat="24.10780333333333" lon="-110.31262450000001"><ele>38.1</ele><time>2025-12-21T20:43:27.000Z</time><extensions><gpxtpx:TrackPointExtension><gpxtpx:bearing>86.56</gpxtpx:bearing><gpxtpx:speed>7.3425126</gpxtpx:speed></gpxtpx:TrackPointExtension></extensions><geoidheight>-32.8</geoidheight><src>gps</src><sat>14</sat><hdop>0.81</hdop><vdop>1.35</vdop><pdop>1.57</pdop><dgpsid>0000</dgpsid></trkpt>
<trkpt lat="24.107835" lon="-110.31203500000001"><ele>39.0</ele><time>2025-12-21T20:43:38.000Z</time><extensions><gpxtpx:TrackPointExtension><gpxtpx:bearing>86.66</gpxtpx:bearing><gpxtpx:speed>3.7976205</gpxtpx:speed></gpxtpx:TrackPointExtension></extensions><geoidheight>-32.8</geoidheight><src>gps</src><sat>14</sat><hdop>0.81</hdop><vdop>1.35</vdop><pdop>1.57</pdop><dgpsid>0000</dgpsid></trkpt>
<trkpt lat="24.10784416666667" lon="-110.31192316666666"><ele>39.0</ele><time>2025-12-21T20:43:49.000Z</time><extensions><gpxtpx:TrackPointExtension><gpxtpx:speed>0.036030557</gpxtpx:speed></gpxtpx:TrackPointExtension></extensions><geoidheight>-32.8</geoidheight><src>gps</src><sat>14</sat><hdop>0.80</hdop><vdop>1.32</vdop><pdop>1.55</pdop><dgpsid>0000</dgpsid></trkpt>
<trkpt lat="24.107865999999998" lon="-110.31156766666666"><ele>39.9</ele><time>2025-12-21T20:44:55.000Z</time><extensions><gpxtpx:TrackPointExtension><gpxtpx:bearing>87.76</gpxtpx:bearing><gpxtpx:speed>6.9250727</gpxtpx:speed></gpxtpx:TrackPointExtension></extensions><geoidheight>-32.8</geoidheight><src>gps</src><sat>16</sat><hdop>0.63</hdop><vdop>1.11</vdop><pdop>1.28</pdop><dgpsid>0000</dgpsid></trkpt>
<trkpt lat="24.10802683333333" lon="-110.31101966666665"><ele>38.9</ele><time>2025-12-21T20:45:06.000Z</time><extensions><gpxtpx:TrackPointExtension><gpxtpx:bearing>12.35</gpxtpx:bearing><gpxtpx:speed>5.4637766</gpxtpx:speed></gpxtpx:TrackPointExtension></extensions><geoidheight>-32.8</geoidheight><src>gps</src><sat>16</sat><hdop>0.62</hdop><vdop>1.05</vdop><pdop>1.22</pdop><dgpsid>0000</dgpsid></trkpt>
<trkpt lat="24.109058333333337" lon="-110.31104500000001"><ele>38.7</ele><time>2025-12-21T20:45:17.000Z</time><extensions><gpxtpx:TrackPointExtension><gpxtpx:bearing>359.79</gpxtpx:bearing><gpxtpx:speed>14.270674</gpxtpx:speed></gpxtpx:TrackPointExtension></extensions><geoidheight>-32.8</geoidheight><src>gps</src><sat>16</sat><hdop>0.63</hdop><vdop>1.11</vdop><pdop>1.28</pdop><dgpsid>0000</dgpsid></trkpt>
<trkpt lat="24.110383166666665" lon="-110.31106816666667"><ele>38.2</ele><time>2025-12-21T20:45:28.000Z</time><extensions><gpxtpx:TrackPointExtension><gpxtpx:bearing>358.44</gpxtpx:bearing><gpxtpx:speed>12.394511</gpxtpx:speed></gpxtpx:TrackPointExtension></extensions><geoidheight>-32.8</geoidheight><src>gps</src><sat>16</sat><hdop>0.65</hdop><vdop>1.16</vdop><pdop>1.33</pdop><dgpsid>0000</dgpsid></trkpt>
<trkpt lat="24.111480500000003" lon="-110.31097966666667"><ele>38.4</ele><time>2025-12-21T20:45:39.000Z</time><extensions><gpxtpx:TrackPointExtension><gpxtpx:bearing>20.07</gpxtpx:bearing><gpxtpx:speed>11.5369835</gpxtpx:speed></gpxtpx:TrackPointExtension></extensions><geoidheight>-32.8</geoidheight><src>gps</src><sat>17</sat><hdop>0.60</hdop><vdop>1.07</vdop><pdop>1.23</pdop><dgpsid>0000</dgpsid></trkpt>
<trkpt lat="24.1126315" lon="-110.31037833333333"><ele>40.1</ele><time>2025-12-21T20:45:50.000Z</time><extensions><gpxtpx:TrackPointExtension><gpxtpx:bearing>33.26</gpxtpx:bearing><gpxtpx:speed>13.422411</gpxtpx:speed></gpxtpx:TrackPointExtension></extensions><geoidheight>-32.8</geoidheight><src>gps</src><sat>18</sat><hdop>0.60</hdop><vdop>1.09</vdop><pdop>1.24</pdop><dgpsid>0000</dgpsid></trkpt>
<trkpt lat="24.113223" lon="-110.30979416666666"><ele>42.9</ele><time>2025-12-21T20:46:01.000Z</time><extensions><gpxtpx:TrackPointExtension><gpxtpx:bearing>52.08</gpxtpx:bearing><gpxtpx:speed>2.4598575</gpxtpx:speed></gpxtpx:TrackPointExtension></extensions><geoidheight>-32.8</geoidheight><src>gps</src><sat>18</sat><hdop>0.60</hdop><vdop>1.04</vdop><pdop>1.20</pdop><dgpsid>0000</dgpsid></trkpt>
<trkpt lat="24.113685499999995" lon="-110.3090845"><ele>43.6</ele><time>2025-12-21T20:46:14.000Z</time><extensions><gpxtpx:TrackPointExtension><gpxtpx:bearing>54.71</gpxtpx:bearing><gpxtpx:speed>12.648269</gpxtpx:speed></gpxtpx:TrackPointExtension></extensions><geoidheight>-32.8</geoidheight><src>gps</src><sat>17</sat><hdop>0.60</hdop><vdop>1.04</vdop><pdop>1.20</pdop><dgpsid>0000</dgpsid></trkpt>
<trkpt lat="24.114523833333337" lon="-110.3077765"><ele>45.5</ele><time>2025-12-21T20:46:25.000Z</time><extensions><gpxtpx:TrackPointExtension><gpxtpx:bearing>55.71</gpxtpx:bearing><gpxtpx:speed>14.129125</gpxtpx:speed></gpxtpx:TrackPointExtension></extensions><geoidheight>-32.8</geoidheight><src>gps</src><sat>17</sat><hdop>0.63</hdop><vdop>1.10</vdop><pdop>1.27</pdop><dgpsid>0000</dgpsid></trkpt>
<trkpt lat="24.115006499999996" lon="-110.30702649999999"><ele>46.7</ele><time>2025-12-21T20:46:36.000Z</time><extensions><gpxtpx:TrackPointExtension><gpxtpx:bearing>54.71</gpxtpx:bearing><gpxtpx:speed>3.5433478</gpxtpx:speed></gpxtpx:TrackPointExtension></extensions><geoidheight>-32.8</geoidheight><src>gps</src><sat>17</sat><hdop>0.61</hdop><vdop>1.06</vdop><pdop>1.22</pdop><dgpsid>0000</dgpsid></trkpt>
<trkpt lat="24.115436999999996" lon="-110.30635966666665"><ele>46.6</ele><time>2025-12-21T20:46:47.000Z</time><extensions><gpxtpx:TrackPointExtension><gpxtpx:bearing>54.76</gpxtpx:bearing><gpxtpx:speed>11.076307</gpxtpx:speed></gpxtpx:TrackPointExtension></extensions><geoidheight>-32.8</geoidheight><src>gps</src><sat>17</sat><hdop>0.61</hdop><vdop>1.06</vdop><pdop>1.22</pdop><dgpsid>0000</dgpsid></trkpt>
<trkpt lat="24.116170000000004" lon="-110.30521933333333"><ele>47.3</ele><time>2025-12-21T20:46:58.000Z</time><extensions><gpxtpx:TrackPointExtension><gpxtpx:bearing>55.25</gpxtpx:bearing><gpxtpx:speed>12.39657</gpxtpx:speed></gpxtpx:TrackPointExtension></extensions><geoidheight>-32.8</geoidheight><src>gps</src><sat>17</sat><hdop>0.61</hdop><vdop>1.06</vdop><pdop>1.22</pdop><dgpsid>0000</dgpsid></trkpt>
<trkpt lat="24.116630999999998" lon="-110.30449500000002"><ele>48.1</ele><time>2025-12-21T20:47:09.000Z</time><extensions><gpxtpx:TrackPointExtension><gpxtpx:bearing>55.68</gpxtpx:bearing><gpxtpx:speed>3.181498</gpxtpx:speed></gpxtpx:TrackPointExtension></extensions><geoidheight>-32.8</geoidheight><src>gps</src><sat>17</sat><hdop>0.61</hdop><vdop>1.06</vdop><pdop>1.22</pdop><dgpsid>0000</dgpsid></trkpt>
<trkpt lat="24.117038333333333" lon="-110.30386416666667"><ele>47.8</ele><time>2025-12-21T20:47:20.000Z</time><extensions><gpxtpx:TrackPointExtension><gpxtpx:bearing>54.89</gpxtpx:bearing><gpxtpx:speed>12.299802</gpxtpx:speed></gpxtpx:TrackPointExtension></extensions><geoidheight>-32.8</geoidheight><src>gps</src><sat>17</sat><hdop>0.65</hdop><vdop>1.12</vdop><pdop>1.29</pdop><dgpsid>0000</dgpsid></trkpt>
<trkpt lat="24.117907" lon="-110.30251500000001"><ele>50.1</ele><time>2025-12-21T20:47:31.000Z</time><extensions><gpxtpx:TrackPointExtension><gpxtpx:bearing>54.92</gpxtpx:bearing><gpxtpx:speed>16.41758</gpxtpx:speed></gpxtpx:TrackPointExtension></extensions><geoidheight>-32.8</geoidheight><src>gps</src><sat>17</sat><hdop>0.65</hdop><vdop>1.12</vdop><pdop>1.29</pdop><dgpsid>0000</dgpsid></trkpt>
<trkpt lat="24.11847266666667" lon="-110.300918"><ele>51.6</ele><time>2025-12-21T20:47:42.000Z</time><extensions><gpxtpx:TrackPointExtension><gpxtpx:bearing>81.87</gpxtpx:bearing><gpxtpx:speed>17.36364</gpxtpx:speed></gpxtpx:TrackPointExtension></extensions><geoidheight>-32.7</geoidheight><src>gps</src><sat>17</sat><hdop>0.63</hdop><vdop>1.13</vdop><pdop>1.29</pdop><dgpsid>0000</dgpsid></trkpt>
<trkpt lat="24.11877433333333" lon="-110.29898499999999"><ele>50.4</ele><time>2025-12-21T20:47:53.000Z</time><extensions><gpxtpx:TrackPointExtension><gpxtpx:bearing>69.29</gpxtpx:bearing><gpxtpx:speed>18.352936</gpxtpx:speed></gpxtpx:TrackPointExtension></extensions><geoidheight>-32.7</geoidheight><src>gps</src><sat>17</sat><hdop>0.63</hdop><vdop>1.13</vdop><pdop>1.29</pdop><dgpsid>0000</dgpsid></trkpt>
<trkpt lat="24.1199475" lon="-110.29743266666668"><ele>53.5</ele><time>2025-12-21T20:48:04.000Z</time><extensions><gpxtpx:TrackPointExtension><gpxtpx:bearing>43.28</gpxtpx:bearing><gpxtpx:speed>18.612356</gpxtpx:speed></gpxtpx:TrackPointExtension></extensions><geoidheight>-32.7</geoidheight><src>gps</src><sat>15</sat><hdop>0.75</hdop><vdop>1.27</vdop><pdop>1.48</pdop><dgpsid>0000</dgpsid></trkpt>
<trkpt lat="24.120858833333333" lon="-110.29610249999999"><ele>54.9</ele><time>2025-12-21T20:48:15.000Z</time><extensions><gpxtpx:TrackPointExtension><gpxtpx:bearing>61.96</gpxtpx:bearing><gpxtpx:speed>12.645181</gpxtpx:speed></gpxtpx:TrackPointExtension></extensions><geoidheight>-32.7</geoidheight><src>gps</src><sat>18</sat><hdop>0.60</hdop><vdop>1.06</vdop><pdop>1.21</pdop><dgpsid>0000</dgpsid></trkpt>
<trkpt lat="24.121179166666668" lon="-110.295275"><ele>54.9</ele><time>2025-12-21T20:48:26.000Z</time><extensions><gpxtpx:TrackPointExtension><gpxtpx:bearing>90.19</gpxtpx:bearing><gpxtpx:speed>5.0334687</gpxtpx:speed></gpxtpx:TrackPointExtension></extensions><geoidheight>-32.7</geoidheight><src>gps</src><sat>17</sat><hdop>0.62</hdop><vdop>1.13</vdop><pdop>1.29</pdop><dgpsid>0000</dgpsid></trkpt>
<trkpt lat="24.12064133333333" lon="-110.29449000000001"><ele>53.3</ele><time>2025-12-21T20:48:37.000Z</time><extensions><gpxtpx:TrackPointExtension><gpxtpx:bearing>138.69</gpxtpx:bearing><gpxtpx:speed>13.147035</gpxtpx:speed></gpxtpx:TrackPointExtension></extensions><geoidheight>-32.7</geoidheight><src>gps</src><sat>16</sat><hdop>0.60</hdop><vdop>1.09</vdop><pdop>1.24</pdop><dgpsid>0000</dgpsid></trkpt>
<trkpt lat="24.119272333333335" lon="-110.29381466666668"><ele>56.4</ele><time>2025-12-21T20:48:48.000Z</time><extensions><gpxtpx:TrackPointExtension><gpxtpx:bearing>170.4</gpxtpx:bearing><gpxtpx:speed>17.126867</gpxtpx:speed></gpxtpx:TrackPointExtension></extensions><geoidheight>-32.7</geoidheight><src>gps</src><sat>18</sat><hdop>0.60</hdop><vdop>1.05</vdop><pdop>1.21</pdop><dgpsid>0000</dgpsid></trkpt>
<trkpt lat="24.117615999999998" lon="-110.29362966666667"><ele>57.1</ele><time>2025-12-21T20:48:59.000Z</time><extensions><gpxtpx:TrackPointExtension><gpxtpx:bearing>174.67</gpxtpx:bearing><gpxtpx:speed>16.035656</gpxtpx:speed></gpxtpx:TrackPointExtension></extensions><geoidheight>-32.7</geoidheight><src>gps</src><sat>18</sat><hdop>0.60</hdop><vdop>1.05</vdop><pdop>1.21</pdop><dgpsid>0000</dgpsid></trkpt>
<trkpt lat="24.116415999999997" lon="-110.293512"><ele>51.5</ele><time>2025-12-21T20:49:10.000Z</time><extensions><gpxtpx:TrackPointExtension><gpxtpx:bearing>175.79</gpxtpx:bearing><gpxtpx:speed>10.485406</gpxtpx:speed></gpxtpx:TrackPointExtension></extensions><geoidheight>-32.7</geoidheight><src>gps</src><sat>17</sat><hdop>0.61</hdop><vdop>1.07</vdop><pdop>1.23</pdop><dgpsid>0000</dgpsid></trkpt>
<trkpt lat="24.115757999999996" lon="-110.29345216666667"><ele>48.0</ele><time>2025-12-21T20:49:21.000Z</time><extensions><gpxtpx:TrackPointExtension><gpxtpx:bearing>174.84</gpxtpx:bearing><gpxtpx:speed>6.5271926</gpxtpx:speed></gpxtpx:TrackPointExtension></extensions><geoidheight>-32.7</geoidheight><src>gps</src><sat>16</sat><hdop>0.63</hdop><vdop>1.10</vdop><pdop>1.27</pdop><dgpsid>0000</dgpsid></trkpt>
<trkpt lat="24.115418833333333" lon="-110.29341449999998"><ele>47.8</ele><time>2025-12-21T20:49:32.000Z</time><extensions><gpxtpx:TrackPointExtension><gpxtpx:bearing>174.67</gpxtpx:bearing><gpxtpx:speed>2.1314647</gpxtpx:speed></gpxtpx:TrackPointExtension></extensions><geoidheight>-32.7</geoidheight><src>gps</src><sat>18</sat><hdop>0.61</hdop><vdop>1.07</vdop><pdop>1.23</pdop><dgpsid>0000</dgpsid></trkpt>
<trkpt lat="24.114792000000005" lon="-110.29334466666666"><ele>47.3</ele><time>2025-12-21T20:49:43.000Z</time><extensions><gpxtpx:TrackPointExtension><gpxtpx:bearing>173.14</gpxtpx:bearing><gpxtpx:speed>10.538938</gpxtpx:speed></gpxtpx:TrackPointExtension></extensions><geoidheight>-32.7</geoidheight><src>gps</src><sat>17</sat><hdop>0.61</hdop><vdop>1.07</vdop><pdop>1.23</pdop><dgpsid>0000</dgpsid></trkpt>
<trkpt lat="24.11353616666667" lon="-110.29322483333333"><ele>50.5</ele><time>2025-12-21T20:49:54.000Z</time><extensions><gpxtpx:TrackPointExtension><gpxtpx:bearing>175.28</gpxtpx:bearing><gpxtpx:speed>12.688417</gpxtpx:speed></gpxtpx:TrackPointExtension></extensions><geoidheight>-32.7</geoidheight><src>gps</src><sat>17</sat><hdop>0.61</hdop><vdop>1.07</vdop><pdop>1.23</pdop><dgpsid>0000</dgpsid></trkpt>
<trkpt lat="24.112281999999997" lon="-110.29306900000002"><ele>56.0</ele><time>2025-12-21T20:50:05.000Z</time><extensions><gpxtpx:TrackPointExtension><gpxtpx:bearing>169.57</gpxtpx:bearing><gpxtpx:speed>13.601535</gpxtpx:speed></gpxtpx:TrackPointExtension></extensions><geoidheight>-32.7</geoidheight><src>gps</src><sat>18</sat><hdop>0.61</hdop><vdop>1.07</vdop><pdop>1.23</pdop><dgpsid>0000</dgpsid></trkpt>
<trkpt lat="24.11094166666667" lon="-110.2925585"><ele>45.3</ele><time>2025-12-21T20:50:16.000Z</time><extensions><gpxtpx:TrackPointExtension><gpxtpx:bearing>152.26</gpxtpx:bearing><gpxtpx:speed>13.931472</gpxtpx:speed></gpxtpx:TrackPointExtension></extensions><geoidheight>-32.7</geoidheight><src>gps</src><sat>18</sat><hdop>0.59</hdop><vdop>1.03</vdop><pdop>1.19</pdop><dgpsid>0000</dgpsid></trkpt>
<trkpt lat="24.11034983333333" lon="-110.29217016666668"><ele>42.8</ele><time>2025-12-21T20:50:27.000Z</time><extensions><gpxtpx:TrackPointExtension><gpxtpx:bearing>147.94</gpxtpx:bearing><gpxtpx:speed>1.7912333</gpxtpx:speed></gpxtpx:TrackPointExtension></extensions><geoidheight>-32.7</geoidheight><src>gps</src><sat>17</sat><hdop>0.65</hdop><vdop>1.15</vdop><pdop>1.32</pdop><dgpsid>0000</dgpsid></trkpt>
<trkpt lat="24.110055166666665" lon="-110.29194083333331"><ele>42.8</ele><time>2025-12-21T20:50:38.000Z</time><extensions><gpxtpx:TrackPointExtension><gpxtpx:bearing>141.71</gpxtpx:bearing><gpxtpx:speed>7.4835463</gpxtpx:speed></gpxtpx:TrackPointExtension></extensions><geoidheight>-32.7</geoidheight><src>gps</src><sat>17</sat><hdop>0.65</hdop><vdop>1.15</vdop><pdop>1.32</pdop><dgpsid>0000</dgpsid></trkpt>
<trkpt lat="24.109317166666663" lon="-110.291134"><ele>50.9</ele><time>2025-12-21T20:50:49.000Z</time><extensions><gpxtpx:TrackPointExtension><gpxtpx:bearing>130.45</gpxtpx:bearing><gpxtpx:speed>12.022367</gpxtpx:speed></gpxtpx:TrackPointExtension></extensions><geoidheight>-32.7</geoidheight><src>gps</src><sat>17</sat><hdop>0.65</hdop><vdop>1.15</vdop><pdop>1.32</pdop><dgpsid>0000</dgpsid></trkpt>
<trkpt lat="24.108636666666666" lon="-110.28997166666667"><ele>58.8</ele><time>2025-12-21T20:51:00.000Z</time><extensions><gpxtpx:TrackPointExtension><gpxtpx:bearing>115.8</gpxtpx:bearing><gpxtpx:speed>14.124493</gpxtpx:speed></gpxtpx:TrackPointExtension></extensions><geoidheight>-32.7</geoidheight><src>gps</src><sat>17</sat><hdop>0.65</hdop><vdop>1.15</vdop><pdop>1.32</pdop><dgpsid>0000</dgpsid></trkpt>
<trkpt lat="24.1080555" lon="-110.28849483333333"><ele>60.1</ele><time>2025-12-21T20:51:11.000Z</time><extensions><gpxtpx:TrackPointExtension><gpxtpx:bearing>112.45</gpxtpx:bearing><gpxtpx:speed>16.323385</gpxtpx:speed></gpxtpx:TrackPointExtension></extensions><geoidheight>-32.7</geoidheight><src>gps</src><sat>17</sat><hdop>0.66</hdop><vdop>1.17</vdop><pdop>1.34</pdop><dgpsid>0000</dgpsid></trkpt>
<trkpt lat="24.107414166666665" lon="-110.28680783333333"><ele>65.3</ele><time>2025-12-21T20:51:22.000Z</time><extensions><gpxtpx:TrackPointExtension><gpxtpx:bearing>112.3</gpxtpx:bearing><gpxtpx:speed>17.105764</gpxtpx:speed></gpxtpx:TrackPointExtension></extensions><geoidheight>-32.7</geoidheight><src>gps</src><sat>16</sat><hdop>0.67</hdop><vdop>1.19</vdop><pdop>1.37</pdop><dgpsid>0000</dgpsid></trkpt>
<trkpt lat="24.106749833333332" lon="-110.28507499999999"><ele>72.9</ele><time>2025-12-21T20:51:33.000Z</time><extensions><gpxtpx:TrackPointExtension><gpxtpx:bearing>112.62</gpxtpx:bearing><gpxtpx:speed>17.341507</gpxtpx:speed></gpxtpx:TrackPointExtension></extensions><geoidheight>-32.7</geoidheight><src>gps</src><sat>17</sat><hdop>0.59</hdop><vdop>1.02</vdop><pdop>1.18</pdop><dgpsid>0000</dgpsid></trkpt>
<trkpt lat="24.1060975" lon="-110.28337383333334"><ele>78.6</ele><time>2025-12-21T20:51:44.000Z</time><extensions><gpxtpx:TrackPointExtension><gpxtpx:bearing>113.56</gpxtpx:bearing><gpxtpx:speed>16.329563</gpxtpx:speed></gpxtpx:TrackPointExtension></extensions><geoidheight>-32.7</geoidheight><src>gps</src><sat>18</sat><hdop>0.66</hdop><vdop>1.12</vdop><pdop>1.30</pdop><dgpsid>0000</dgpsid></trkpt>
<trkpt lat="24.105475833333337" lon="-110.28175366666667"><ele>76.5</ele><time>2025-12-21T20:51:55.000Z</time><extensions><gpxtpx:TrackPointExtension><gpxtpx:bearing>112.46</gpxtpx:bearing><gpxtpx:speed>15.355193</gpxtpx:speed></gpxtpx:TrackPointExtension></extensions><geoidheight>-32.7</geoidheight><src>gps</src><sat>18</sat><hdop>0.59</hdop><vdop>1.02</vdop><pdop>1.18</pdop><dgpsid>0000</dgpsid></trkpt>
<trkpt lat="24.10493783333333" lon="-110.28033183333334"><ele>75.3</ele><time>2025-12-21T20:52:06.000Z</time><extensions><gpxtpx:TrackPointExtension><gpxtpx:bearing>112.26</gpxtpx:bearing><gpxtpx:speed>13.889779</gpxtpx:speed></gpxtpx:TrackPointExtension></extensions><geoidheight>-32.7</geoidheight><src>gps</src><sat>17</sat><hdop>0.63</hdop><vdop>1.10</vdop><pdop>1.26</pdop><dgpsid>0000</dgpsid></trkpt>
<trkpt lat="24.104361833333336" lon="-110.27880400000001"><ele>79.4</ele><time>2025-12-21T20:52:17.000Z</time><extensions><gpxtpx:TrackPointExtension><gpxtpx:bearing>112.77</gpxtpx:bearing><gpxtpx:speed>16.185955</gpxtpx:speed></gpxtpx:TrackPointExtension></extensions><geoidheight>-32.7</geoidheight><src>gps</src><sat>18</sat><hdop>0.60</hdop><vdop>1.04</vdop><pdop>1.20</pdop><dgpsid>0000</dgpsid></trkpt>
<trkpt lat="24.1037395" lon="-110.27715983333334"><ele>82.6</ele><time>2025-12-21T20:52:28.000Z</time><extensions><gpxtpx:TrackPointExtension><gpxtpx:bearing>112.45</gpxtpx:bearing><gpxtpx:speed>17.038336</gpxtpx:speed></gpxtpx:TrackPointExtension></extensions><geoidheight>-32.7</geoidheight><src>gps</src><sat>18</sat><hdop>0.59</hdop><vdop>1.02</vdop><pdop>1.18</pdop><dgpsid>0000</dgpsid></trkpt>
<trkpt lat="24.103066833333333" lon="-110.27540483333333"><ele>86.3</ele><time>2025-12-21T20:52:39.000Z</time><extensions><gpxtpx:TrackPointExtension><gpxtpx:bearing>112.5</gpxtpx:bearing><gpxtpx:speed>17.951452</gpxtpx:speed></gpxtpx:TrackPointExtension></extensions><geoidheight>-32.7</geoidheight><src>gps</src><sat>18</sat><hdop>0.59</hdop><vdop>1.02</vdop><pdop>1.18</pdop><dgpsid>0000</dgpsid></trkpt>
<trkpt lat="24.10236183333333" lon="-110.27355600000001"><ele>91.2</ele><time>2025-12-21T20:52:50.000Z</time><extensions><gpxtpx:TrackPointExtension><gpxtpx:bearing>112.77</gpxtpx:bearing><gpxtpx:speed>19.23208</gpxtpx:speed></gpxtpx:TrackPointExtension></extensions><geoidheight>-32.7</geoidheight><src>gps</src><sat>18</sat><hdop>0.59</hdop><vdop>1.02</vdop><pdop>1.18</pdop><dgpsid>0000</dgpsid></trkpt>
<trkpt lat="24.101612666666664" lon="-110.27159750000001"><ele>96.4</ele><time>2025-12-21T20:53:01.000Z</time><extensions><gpxtpx:TrackPointExtension><gpxtpx:bearing>112.27</gpxtpx:bearing><gpxtpx:speed>20.106594</gpxtpx:speed></gpxtpx:TrackPointExtension></extensions><geoidheight>-32.7</geoidheight><src>gps</src><sat>18</sat><hdop>0.59</hdop><vdop>1.02</vdop><pdop>1.18</pdop><dgpsid>0000</dgpsid></trkpt>
<trkpt lat="24.1008205" lon="-110.269518"><ele>102.5</ele><time>2025-12-21T20:53:12.000Z</time><extensions><gpxtpx:TrackPointExtension><gpxtpx:bearing>112.49</gpxtpx:bearing><gpxtpx:speed>21.425827</gpxtpx:speed></gpxtpx:TrackPointExtension></extensions><geoidheight>-32.7</geoidheight><src>gps</src><sat>18</sat><hdop>0.59</hdop><vdop>1.02</vdop><pdop>1.18</pdop><dgpsid>0000</dgpsid></trkpt>
<trkpt lat="24.099976333333334" lon="-110.26731616666666"><ele>109.0</ele><time>2025-12-21T20:53:23.000Z</time><extensions><gpxtpx:TrackPointExtension><gpxtpx:bearing>112.21</gpxtpx:bearing><gpxtpx:speed>22.60557</gpxtpx:speed></gpxtpx:TrackPointExtension></extensions><geoidheight>-32.7</geoidheight><src>gps</src><sat>18</sat><hdop>0.63</hdop><vdop>1.07</vdop><pdop>1.24</pdop><dgpsid>0000</dgpsid></trkpt>
<trkpt lat="24.099126833333337" lon="-110.26509"><ele>116.7</ele><time>2025-12-21T20:53:34.000Z</time><extensions><gpxtpx:TrackPointExtension><gpxtpx:bearing>112.57</gpxtpx:bearing><gpxtpx:speed>22.046581</gpxtpx:speed></gpxtpx:TrackPointExtension></extensions><geoidheight>-32.7</geoidheight><src>gps</src><sat>18</sat><hdop>0.62</hdop><vdop>1.05</vdop><pdop>1.22</pdop><dgpsid>0000</dgpsid></trkpt>
<trkpt lat="24.0983155" lon="-110.26296933333333"><ele>124.8</ele><time>2025-12-21T20:53:45.000Z</time><extensions><gpxtpx:TrackPointExtension><gpxtpx:bearing>112.76</gpxtpx:bearing><gpxtpx:speed>21.108244</gpxtpx:speed></gpxtpx:TrackPointExtension></extensions><geoidheight>-32.7</geoidheight><src>gps</src><sat>17</sat><hdop>0.65</hdop><vdop>1.07</vdop><pdop>1.25</pdop><dgpsid>0000</dgpsid></trkpt>
<trkpt lat="24.097513499999998" lon="-110.2608615"><ele>133.9</ele><time>2025-12-21T20:53:56.000Z</time><extensions><gpxtpx:TrackPointExtension><gpxtpx:bearing>112.56</gpxtpx:bearing><gpxtpx:speed>20.989344</gpxtpx:speed></gpxtpx:TrackPointExtension></extensions><geoidheight>-32.7</geoidheight><src>gps</src><sat>18</sat><hdop>0.59</hdop><vdop>1.02</vdop><pdop>1.18</pdop><dgpsid>0000</dgpsid></trkpt>
<trkpt lat="24.096707833333333" lon="-110.25877100000001"><ele>142.8</ele><time>2025-12-21T20:54:07.000Z</time><extensions><gpxtpx:TrackPointExtension><gpxtpx:bearing>112.68</gpxtpx:bearing><gpxtpx:speed>20.968754</gpxtpx:speed></gpxtpx:TrackPointExtension></extensions><geoidheight>-32.7</geoidheight><src>gps</src><sat>18</sat><hdop>0.59</hdop><vdop>1.02</vdop><pdop>1.18</pdop><dgpsid>0000</dgpsid></trkpt>
<trkpt lat="24.095908" lon="-110.25666966666668"><ele>152.6</ele><time>2025-12-21T20:54:18.000Z</time><extensions><gpxtpx:TrackPointExtension><gpxtpx:bearing>112.44</gpxtpx:bearing><gpxtpx:speed>20.906473</gpxtpx:speed></gpxtpx:TrackPointExtension></extensions><geoidheight>-32.7</geoidheight><src>gps</src><sat>18</sat><hdop>0.59</hdop><vdop>1.01</vdop><pdop>1.18</pdop><dgpsid>0000</dgpsid></trkpt>
<trkpt lat="24.09511" lon="-110.25458066666667"><ele>161.3</ele><time>2025-12-21T20:54:29.000Z</time><extensions><gpxtpx:TrackPointExtension><gpxtpx:bearing>112.56</gpxtpx:bearing><gpxtpx:speed>20.813309</gpxtpx:speed></gpxtpx:TrackPointExtension></extensions><geoidheight>-32.7</geoidheight><src>gps</src><sat>18</sat><hdop>0.59</hdop><vdop>1.01</vdop><pdop>1.18</pdop><dgpsid>0000</dgpsid></trkpt>
<trkpt lat="24.094295000000002" lon="-110.25245016666668"><ele>168.0</ele><time>2025-12-21T20:54:40.000Z</time><extensions><gpxtpx:TrackPointExtension><gpxtpx:bearing>112.2</gpxtpx:bearing><gpxtpx:speed>21.849958</gpxtpx:speed></gpxtpx:TrackPointExtension></extensions><geoidheight>-32.7</geoidheight><src>gps</src><sat>17</sat><hdop>0.61</hdop><vdop>1.02</vdop><pdop>1.19</pdop><dgpsid>0000</dgpsid></trkpt>
<trkpt lat="24.093455666666667" lon="-110.25024616666666"><ele>176.0</ele><time>2025-12-21T20:54:51.000Z</time><extensions><gpxtpx:TrackPointExtension><gpxtpx:bearing>112.4</gpxtpx:bearing><gpxtpx:speed>21.729513</gpxtpx:speed></gpxtpx:TrackPointExtension></extensions><geoidheight>-32.7</geoidheight><src>gps</src><sat>17</sat><hdop>0.60</hdop><vdop>1.03</vdop><pdop>1.19</pdop><dgpsid>0000</dgpsid></trkpt>
<trkpt lat="24.092655166666667" lon="-110.24814900000001"><ele>189.1</ele><time>2025-12-21T20:55:02.000Z</time><extensions><gpxtpx:TrackPointExtension><gpxtpx:bearing>112.84</gpxtpx:bearing><gpxtpx:speed>20.48646</gpxtpx:speed></gpxtpx:TrackPointExtension></extensions><geoidheight>-32.7</geoidheight><src>gps</src><sat>18</sat><hdop>0.60</hdop><vdop>1.01</vdop><pdop>1.17</pdop><dgpsid>0000</dgpsid></trkpt>
<trkpt lat="24.091881833333332" lon="-110.24613316666667"><ele>199.3</ele><time>2025-12-21T20:55:13.000Z</time><extensions><gpxtpx:TrackPointExtension><gpxtpx:bearing>112.39</gpxtpx:bearing><gpxtpx:speed>20.269762</gpxtpx:speed></gpxtpx:TrackPointExtension></extensions><geoidheight>-32.7</geoidheight><src>gps</src><sat>18</sat><hdop>0.62</hdop><vdop>1.03</vdop><pdop>1.21</pdop><dgpsid>0000</dgpsid></trkpt>
<trkpt lat="24.091096666666665" lon="-110.24408566666668"><ele>207.4</ele><time>2025-12-21T20:55:24.000Z</time><extensions><gpxtpx:TrackPointExtension><gpxtpx:bearing>112.48</gpxtpx:bearing><gpxtpx:speed>20.824118</gpxtpx:speed></gpxtpx:TrackPointExtension></extensions><geoidheight>-32.7</geoidheight><src>gps</src><sat>18</sat><hdop>0.60</hdop><vdop>1.03</vdop><pdop>1.19</pdop><dgpsid>0000</dgpsid></trkpt>
<trkpt lat="24.090295" lon="-110.24199016666668"><ele>215.7</ele><time>2025-12-21T20:55:35.000Z</time><extensions><gpxtpx:TrackPointExtension><gpxtpx:bearing>112.37</gpxtpx:bearing><gpxtpx:speed>21.151995</gpxtpx:speed></gpxtpx:TrackPointExtension></extensions><geoidheight>-32.7</geoidheight><src>gps</src><sat>18</sat><hdop>0.60</hdop><vdop>1.03</vdop><pdop>1.19</pdop><dgpsid>0000</dgpsid></trkpt>
<trkpt lat="24.089484666666667" lon="-110.23986416666666"><ele>223.9</ele><time>2025-12-21T20:55:46.000Z</time><extensions><gpxtpx:TrackPointExtension><gpxtpx:bearing>112.5</gpxtpx:bearing><gpxtpx:speed>21.376413</gpxtpx:speed></gpxtpx:TrackPointExtension></extensions><geoidheight>-32.7</geoidheight><src>gps</src><sat>16</sat><hdop>0.66</hdop><vdop>1.09</vdop><pdop>1.28</pdop><dgpsid>0000</dgpsid></trkpt>
<trkpt lat="24.088660166666667" lon="-110.2377245"><ele>233.1</ele><time>2025-12-21T20:55:57.000Z</time><extensions><gpxtpx:TrackPointExtension><gpxtpx:bearing>112.91</gpxtpx:bearing><gpxtpx:speed>21.619877</gpxtpx:speed></gpxtpx:TrackPointExtension></extensions><geoidheight>-32.7</geoidheight><src>gps</src><sat>17</sat><hdop>0.63</hdop><vdop>1.07</vdop><pdop>1.24</pdop><dgpsid>0000</dgpsid></trkpt>
<trkpt lat="24.087840500000002" lon="-110.23556816666665"><ele>243.8</ele><time>2025-12-21T20:56:08.000Z</time><extensions><gpxtpx:TrackPointExtension><gpxtpx:bearing>112.28</gpxtpx:bearing><gpxtpx:speed>21.757824</gpxtpx:speed></gpxtpx:TrackPointExtension></extensions><geoidheight>-32.7</geoidheight><src>gps</src><sat>17</sat><hdop>0.63</hdop><vdop>1.07</vdop><pdop>1.24</pdop><dgpsid>0000</dgpsid></trkpt>
<trkpt lat="24.08702166666667" lon="-110.23342216666667"><ele>254.0</ele><time>2025-12-21T20:56:19.000Z</time><extensions><gpxtpx:TrackPointExtension><gpxtpx:bearing>112.33</gpxtpx:bearing><gpxtpx:speed>21.594141</gpxtpx:speed></gpxtpx:TrackPointExtension></extensions><geoidheight>-32.7</geoidheight><src>gps</src><sat>17</sat><hdop>0.63</hdop><vdop>1.07</vdop><pdop>1.24</pdop><dgpsid>0000</dgpsid></trkpt>
<trkpt lat="24.086184166666666" lon="-110.23123116666666"><ele>262.3</ele><time>2025-12-21T20:56:30.000Z</time><extensions><gpxtpx:TrackPointExtension><gpxtpx:bearing>112.32</gpxtpx:bearing><gpxtpx:speed>22.553068</gpxtpx:speed></gpxtpx:TrackPointExtension></extensions><geoidheight>-32.7</geoidheight><src>gps</src><sat>16</sat><hdop>0.66</hdop><vdop>1.08</vdop><pdop>1.27</pdop><dgpsid>0000</dgpsid></trkpt>
<trkpt lat="24.08534366666667" lon="-110.229029"><ele>272.3</ele><time>2025-12-21T20:56:41.000Z</time><extensions><gpxtpx:TrackPointExtension><gpxtpx:bearing>112.92</gpxtpx:bearing><gpxtpx:speed>21.927681</gpxtpx:speed></gpxtpx:TrackPointExtension></extensions><geoidheight>-32.7</geoidheight><src>gps</src><sat>17</sat><hdop>0.66</hdop><vdop>1.08</vdop><pdop>1.27</pdop><dgpsid>0000</dgpsid></trkpt>
<trkpt lat="24.084507166666672" lon="-110.22685133333334"><ele>282.7</ele><time>2025-12-21T20:56:52.000Z</time><extensions><gpxtpx:TrackPointExtension><gpxtpx:bearing>112.53</gpxtpx:bearing><gpxtpx:speed>21.413473</gpxtpx:speed></gpxtpx:TrackPointExtension></extensions><geoidheight>-32.7</geoidheight><src>gps</src><sat>17</sat><hdop>0.62</hdop><vdop>1.03</vdop><pdop>1.20</pdop><dgpsid>0000</dgpsid></trkpt>
<trkpt lat="24.083676" lon="-110.22468383333334"><ele>291.9</ele><time>2025-12-21T20:57:03.000Z</time><extensions><gpxtpx:TrackPointExtension><gpxtpx:bearing>112.57</gpxtpx:bearing><gpxtpx:speed>21.70841</gpxtpx:speed></gpxtpx:TrackPointExtension></extensions><geoidheight>-32.7</geoidheight><src>gps</src><sat>17</sat><hdop>0.63</hdop><vdop>1.07</vdop><pdop>1.24</pdop><dgpsid>0000</dgpsid></trkpt>
<trkpt lat="24.08285616666667" lon="-110.22253049999999"><ele>301.4</ele><time>2025-12-21T20:57:14.000Z</time><extensions><gpxtpx:TrackPointExtension><gpxtpx:bearing>112.69</gpxtpx:bearing><gpxtpx:speed>21.628113</gpxtpx:speed></gpxtpx:TrackPointExtension></extensions><geoidheight>-32.7</geoidheight><src>gps</src><sat>16</sat><hdop>0.66</hdop><vdop>1.08</vdop><pdop>1.27</pdop><dgpsid>0000</dgpsid></trkpt>
<trkpt lat="24.082031666666662" lon="-110.22036299999999"><ele>311.9</ele><time>2025-12-21T20:57:25.000Z</time><extensions><gpxtpx:TrackPointExtension><gpxtpx:bearing>112.03</gpxtpx:bearing><gpxtpx:speed>21.121626</gpxtpx:speed></gpxtpx:TrackPointExtension></extensions><geoidheight>-32.7</geoidheight><src>gps</src><sat>17</sat><hdop>0.63</hdop><vdop>1.06</vdop><pdop>1.24</pdop><dgpsid>0000</dgpsid></trkpt>
<trkpt lat="24.081207166666665" lon="-110.21820933333332"><ele>319.7</ele><time>2025-12-21T20:57:36.000Z</time><extensions><gpxtpx:TrackPointExtension><gpxtpx:bearing>112.62</gpxtpx:bearing><gpxtpx:speed>22.053274</gpxtpx:speed></gpxtpx:TrackPointExtension></extensions><geoidheight>-32.7</geoidheight><src>gps</src><sat>16</sat><hdop>0.66</hdop><vdop>1.08</vdop><pdop>1.26</pdop><dgpsid>0000</dgpsid></trkpt>
<trkpt lat="24.0803305" lon="-110.21590066666667"><ele>325.6</ele><time>2025-12-21T20:57:47.000Z</time><extensions><gpxtpx:TrackPointExtension><gpxtpx:bearing>112.8</gpxtpx:bearing><gpxtpx:speed>23.213457</gpxtpx:speed></gpxtpx:TrackPointExtension></extensions><geoidheight>-32.7</geoidheight><src>gps</src><sat>15</sat><hdop>0.75</hdop><vdop>1.17</vdop><pdop>1.39</pdop><dgpsid>0000</dgpsid></trkpt>
<trkpt lat="24.079443" lon="-110.21359933333333"><ele>336.5</ele><time>2025-12-21T20:57:58.000Z</time><extensions><gpxtpx:TrackPointExtension><gpxtpx:bearing>112.46</gpxtpx:bearing><gpxtpx:speed>23.179485</gpxtpx:speed></gpxtpx:TrackPointExtension></extensions><geoidheight>-32.7</geoidheight><src>gps</src><sat>16</sat><hdop>0.68</hdop><vdop>1.12</vdop><pdop>1.31</pdop><dgpsid>0000</dgpsid></trkpt>
<trkpt lat="24.078583333333334" lon="-110.21136083333334"><ele>348.2</ele><time>2025-12-21T20:58:09.000Z</time><extensions><gpxtpx:TrackPointExtension><gpxtpx:bearing>112.55</gpxtpx:bearing><gpxtpx:speed>21.967316</gpxtpx:speed></gpxtpx:TrackPointExtension></extensions><geoidheight>-32.6</geoidheight><src>gps</src><sat>16</sat><hdop>0.75</hdop><vdop>1.16</vdop><pdop>1.39</pdop><dgpsid>0000</dgpsid></trkpt>
<trkpt lat="24.077743833333336" lon="-110.209177"><ele>358.3</ele><time>2025-12-21T20:58:20.000Z</time><extensions><gpxtpx:TrackPointExtension><gpxtpx:bearing>112.69</gpxtpx:bearing><gpxtpx:speed>21.917902</gpxtpx:speed></gpxtpx:TrackPointExtension></extensions><geoidheight>-32.6</geoidheight><src>gps</src><sat>15</sat><hdop>0.75</hdop><vdop>1.16</vdop><pdop>1.38</pdop><dgpsid>0000</dgpsid></trkpt>
<trkpt lat="24.076856" lon="-110.20684250000001"><ele>363.5</ele><time>2025-12-21T20:58:31.000Z</time><extensions><gpxtpx:TrackPointExtension><gpxtpx:bearing>112.32</gpxtpx:bearing><gpxtpx:speed>23.850683</gpxtpx:speed></gpxtpx:TrackPointExtension></extensions><geoidheight>-32.6</geoidheight><src>gps</src><sat>18</sat><hdop>0.67</hdop><vdop>1.07</vdop><pdop>1.26</pdop><dgpsid>0000</dgpsid></trkpt>
<trkpt lat="24.075962333333337" lon="-110.20449750000002"><ele>372.8</ele><time>2025-12-21T20:58:42.000Z</time><extensions><gpxtpx:TrackPointExtension><gpxtpx:bearing>112.71</gpxtpx:bearing><gpxtpx:speed>22.557186</gpxtpx:speed></gpxtpx:TrackPointExtension></extensions><geoidheight>-32.6</geoidheight><src>gps</src><sat>17</sat><hdop>0.67</hdop><vdop>1.07</vdop><pdop>1.26</pdop><dgpsid>0000</dgpsid></trkpt>
<trkpt lat="24.07512316666667" lon="-110.20231749999999"><ele>380.6</ele><time>2025-12-21T20:58:53.000Z</time><extensions><gpxtpx:TrackPointExtension><gpxtpx:bearing>113.03</gpxtpx:bearing><gpxtpx:speed>21.174643</gpxtpx:speed></gpxtpx:TrackPointExtension></extensions><geoidheight>-32.6</geoidheight><src>gps</src><sat>17</sat><hdop>0.75</hdop><vdop>1.16</vdop><pdop>1.38</pdop><dgpsid>0000</dgpsid></trkpt>
<trkpt lat="24.074324833333336" lon="-110.20022966666666"><ele>387.9</ele><time>2025-12-21T20:59:04.000Z</time><extensions><gpxtpx:TrackPointExtension><gpxtpx:bearing>112.31</gpxtpx:bearing><gpxtpx:speed>21.418106</gpxtpx:speed></gpxtpx:TrackPointExtension></extensions><geoidheight>-32.6</geoidheight><src>gps</src><sat>17</sat><hdop>0.68</hdop><vdop>1.10</vdop><pdop>1.29</pdop><dgpsid>0000</dgpsid></trkpt>
<trkpt lat="24.073523500000004" lon="-110.19812216666666"><ele>399.8</ele><time>2025-12-21T20:59:15.000Z</time><extensions><gpxtpx:TrackPointExtension><gpxtpx:bearing>112.13</gpxtpx:bearing><gpxtpx:speed>20.664553</gpxtpx:speed></gpxtpx:TrackPointExtension></extensions><geoidheight>-32.6</geoidheight><src>gps</src><sat>17</sat><hdop>0.68</hdop><vdop>1.10</vdop><pdop>1.29</pdop><dgpsid>0000</dgpsid></trkpt>
<trkpt lat="24.07270583333333" lon="-110.19599533333333"><ele>405.6</ele><time>2025-12-21T20:59:26.000Z</time><extensions><gpxtpx:TrackPointExtension><gpxtpx:bearing>112.78</gpxtpx:bearing><gpxtpx:speed>22.276663</gpxtpx:speed></gpxtpx:TrackPointExtension></extensions><geoidheight>-32.6</geoidheight><src>gps</src><sat>18</sat><hdop>0.68</hdop><vdop>1.09</vdop><pdop>1.29</pdop><dgpsid>0000</dgpsid></trkpt>
<trkpt lat="24.071881" lon="-110.193856"><ele>412.7</ele><time>2025-12-21T20:59:37.000Z</time><extensions><gpxtpx:TrackPointExtension><gpxtpx:bearing>113.7</gpxtpx:bearing><gpxtpx:speed>21.70635</gpxtpx:speed></gpxtpx:TrackPointExtension></extensions><geoidheight>-32.6</geoidheight><src>gps</src><sat>17</sat><hdop>0.66</hdop><vdop>1.04</vdop><pdop>1.23</pdop><dgpsid>0000</dgpsid></trkpt>
<trkpt lat="24.071055" lon="-110.19169283333333"><ele>420.9</ele><time>2025-12-21T20:59:48.000Z</time><extensions><gpxtpx:TrackPointExtension><gpxtpx:bearing>112.64</gpxtpx:bearing><gpxtpx:speed>21.62348</gpxtpx:speed></gpxtpx:TrackPointExtension></extensions><geoidheight>-32.6</geoidheight><src>gps</src><sat>17</sat><hdop>0.62</hdop><vdop>0.99</vdop><pdop>1.17</pdop><dgpsid>0000</dgpsid></trkpt>
<trkpt lat="24.07026" lon="-110.18962866666668"><ele>434.0</ele><time>2025-12-21T20:59:59.000Z</time><extensions><gpxtpx:TrackPointExtension><gpxtpx:bearing>112.84</gpxtpx:bearing><gpxtpx:speed>19.757097</gpxtpx:speed></gpxtpx:TrackPointExtension></extensions><geoidheight>-32.6</geoidheight><src>gps</src><sat>18</sat><hdop>0.60</hdop><vdop>0.99</vdop><pdop>1.16</pdop><dgpsid>0000</dgpsid></trkpt>
<trkpt lat="24.06947266666667" lon="-110.18765"><ele>434.9</ele><time>2025-12-21T21:00:10.000Z</time><extensions><gpxtpx:TrackPointExtension><gpxtpx:bearing>124.24</gpxtpx:bearing><gpxtpx:speed>19.46525</gpxtpx:speed></gpxtpx:TrackPointExtension></extensions><geoidheight>-32.6</geoidheight><src>gps</src><sat>16</sat><hdop>0.63</hdop><vdop>1.05</vdop><pdop>1.23</pdop><dgpsid>0000</dgpsid></trkpt>
<trkpt lat="24.068390500000003" lon="-110.18634733333334"><ele>447.5</ele><time>2025-12-21T21:00:21.000Z</time><extensions><gpxtpx:TrackPointExtension><gpxtpx:bearing>120.31</gpxtpx:bearing><gpxtpx:speed>14.687084</gpxtpx:speed></gpxtpx:TrackPointExtension></extensions><geoidheight>-32.6</geoidheight><src>gps</src><sat>17</sat><hdop>0.67</hdop><vdop>1.17</vdop><pdop>1.34</pdop><dgpsid>0000</dgpsid></trkpt>
<trkpt lat="24.067664833333332" lon="-110.18499416666667"><ele>455.6</ele><time>2025-12-21T21:00:32.000Z</time><extensions><gpxtpx:TrackPointExtension><gpxtpx:bearing>119.56</gpxtpx:bearing><gpxtpx:speed>15.653732</gpxtpx:speed></gpxtpx:TrackPointExtension></extensions><geoidheight>-32.6</geoidheight><src>gps</src><sat>17</sat><hdop>0.67</hdop><vdop>1.17</vdop><pdop>1.34</pdop><dgpsid>0000</dgpsid></trkpt>
<trkpt lat="24.066748500000003" lon="-110.18327283333335"><ele>453.5</ele><time>2025-12-21T21:00:43.000Z</time><extensions><gpxtpx:TrackPointExtension><gpxtpx:bearing>120.15</gpxtpx:bearing><gpxtpx:speed>19.75607</gpxtpx:speed></gpxtpx:TrackPointExtension></extensions><geoidheight>-32.6</geoidheight><src>gps</src><sat>16</sat><hdop>0.69</hdop><vdop>1.17</vdop><pdop>1.36</pdop><dgpsid>0000</dgpsid></trkpt>
<trkpt lat="24.065769" lon="-110.18142566666666"><ele>461.7</ele><time>2025-12-21T21:00:54.000Z</time><extensions><gpxtpx:TrackPointExtension><gpxtpx:bearing>120.01</gpxtpx:bearing><gpxtpx:speed>19.608858</gpxtpx:speed></gpxtpx:TrackPointExtension></extensions><geoidheight>-32.6</geoidheight><src>gps</src><sat>16</sat><hdop>0.67</hdop><vdop>1.16</vdop><pdop>1.34</pdop><dgpsid>0000</dgpsid></trkpt>
<trkpt lat="24.064823" lon="-110.17966333333334"><ele>473.2</ele><time>2025-12-21T21:01:05.000Z</time><extensions><gpxtpx:TrackPointExtension><gpxtpx:bearing>120.12</gpxtpx:bearing><gpxtpx:speed>18.133663</gpxtpx:speed></gpxtpx:TrackPointExtension></extensions><geoidheight>-32.6</geoidheight><src>gps</src><sat>17</sat><hdop>0.77</hdop><vdop>1.23</vdop><pdop>1.45</pdop><dgpsid>0000</dgpsid></trkpt>
<trkpt lat="24.063920333333332" lon="-110.1780555"><ele>475.1</ele><time>2025-12-21T21:01:16.000Z</time><extensions><gpxtpx:TrackPointExtension><gpxtpx:bearing>121.97</gpxtpx:bearing><gpxtpx:speed>18.310728</gpxtpx:speed></gpxtpx:TrackPointExtension></extensions><geoidheight>-32.6</geoidheight><src>gps</src><sat>15</sat><hdop>0.73</hdop><vdop>1.21</vdop><pdop>1.41</pdop><dgpsid>0000</dgpsid></trkpt>
<trkpt lat="24.0628505" lon="-110.1764325"><ele>478.0</ele><time>2025-12-21T21:01:27.000Z</time><extensions><gpxtpx:TrackPointExtension><gpxtpx:bearing>126.15</gpxtpx:bearing><gpxtpx:speed>19.117813</gpxtpx:speed></gpxtpx:TrackPointExtension></extensions><geoidheight>-32.6</geoidheight><src>gps</src><sat>15</sat><hdop>0.74</hdop><vdop>1.22</vdop><pdop>1.42</pdop><dgpsid>0000</dgpsid></trkpt>
<trkpt lat="24.0617755" lon="-110.17482266666666"><ele>488.1</ele><time>2025-12-21T21:01:38.000Z</time><extensions><gpxtpx:TrackPointExtension><gpxtpx:bearing>125.7</gpxtpx:bearing><gpxtpx:speed>17.657545</gpxtpx:speed></gpxtpx:TrackPointExtension></extensions><geoidheight>-32.6</geoidheight><src>gps</src><sat>16</sat><hdop>0.74</hdop><vdop>1.22</vdop><pdop>1.42</pdop><dgpsid>0000</dgpsid></trkpt>
<trkpt lat="24.060690333333334" lon="-110.17321533333333"><ele>490.9</ele><time>2025-12-21T21:01:49.000Z</time><extensions><gpxtpx:TrackPointExtension><gpxtpx:bearing>125.84</gpxtpx:bearing><gpxtpx:speed>19.61658</gpxtpx:speed></gpxtpx:TrackPointExtension></extensions><geoidheight>-32.6</geoidheight><src>gps</src><sat>15</sat><hdop>0.74</hdop><vdop>1.22</vdop><pdop>1.42</pdop><dgpsid>0000</dgpsid></trkpt>
<trkpt lat="24.0595565" lon="-110.171527"><ele>502.4</ele><time>2025-12-21T21:02:00.000Z</time><extensions><gpxtpx:TrackPointExtension><gpxtpx:bearing>126.41</gpxtpx:bearing><gpxtpx:speed>17.663723</gpxtpx:speed></gpxtpx:TrackPointExtension></extensions><geoidheight>-32.6</geoidheight><src>gps</src><sat>15</sat><hdop>0.68</hdop><vdop>1.11</vdop><pdop>1.30</pdop><dgpsid>0000</dgpsid></trkpt>
<trkpt lat="24.058645333333335" lon="-110.169993"><ele>515.6</ele><time>2025-12-21T21:02:11.000Z</time><extensions><gpxtpx:TrackPointExtension><gpxtpx:bearing>116.58</gpxtpx:bearing><gpxtpx:speed>16.737223</gpxtpx:speed></gpxtpx:TrackPointExtension></extensions><geoidheight>-32.6</geoidheight><src>gps</src><sat>15</sat><hdop>0.71</hdop><vdop>1.24</vdop><pdop>1.43</pdop><dgpsid>0000</dgpsid></trkpt>
<trkpt lat="24.05790116666667" lon="-110.16823449999998"><ele>522.2</ele><time>2025-12-21T21:02:22.000Z</time><extensions><gpxtpx:TrackPointExtension><gpxtpx:bearing>114.58</gpxtpx:bearing><gpxtpx:speed>18.70552</gpxtpx:speed></gpxtpx:TrackPointExtension></extensions><geoidheight>-32.6</geoidheight><src>gps</src><sat>18</sat><hdop>0.62</hdop><vdop>0.98</vdop><pdop>1.16</pdop><dgpsid>0000</dgpsid></trkpt>
<trkpt lat="24.057144166666664" lon="-110.16641933333334"><ele>533.9</ele><time>2025-12-21T21:02:33.000Z</time><extensions><gpxtpx:TrackPointExtension><gpxtpx:bearing>114.58</gpxtpx:bearing><gpxtpx:speed>18.321022</gpxtpx:speed></gpxtpx:TrackPointExtension></extensions><geoidheight>-32.6</geoidheight><src>gps</src><sat>17</sat><hdop>0.62</hdop><vdop>0.98</vdop><pdop>1.16</pdop><dgpsid>0000</dgpsid></trkpt>
<trkpt lat="24.056381000000002" lon="-110.16460966666666"><ele>545.4</ele><time>2025-12-21T21:02:44.000Z</time><extensions><gpxtpx:TrackPointExtension><gpxtpx:bearing>115.29</gpxtpx:bearing><gpxtpx:speed>18.003439</gpxtpx:speed></gpxtpx:TrackPointExtension></extensions><geoidheight>-32.6</geoidheight><src>gps</src><sat>17</sat><hdop>0.60</hdop><vdop>0.98</vdop><pdop>1.15</pdop><dgpsid>0000</dgpsid></trkpt>
<trkpt lat="24.055642166666665" lon="-110.16285950000001"><ele>555.3</ele><time>2025-12-21T21:02:55.000Z</time><extensions><gpxtpx:TrackPointExtension><gpxtpx:bearing>114.23</gpxtpx:bearing><gpxtpx:speed>18.267492</gpxtpx:speed></gpxtpx:TrackPointExtension></extensions><geoidheight>-32.6</geoidheight><src>gps</src><sat>18</sat><hdop>0.60</hdop><vdop>0.98</vdop><pdop>1.15</pdop><dgpsid>0000</dgpsid></trkpt>
<trkpt lat="24.054940000000002" lon="-110.16121616666666"><ele>565.9</ele><time>2025-12-21T21:03:06.000Z</time><extensions><gpxtpx:TrackPointExtension><gpxtpx:bearing>114.18</gpxtpx:bearing><gpxtpx:speed>15.647555</gpxtpx:speed></gpxtpx:TrackPointExtension></extensions><geoidheight>-32.6</geoidheight><src>gps</src><sat>18</sat><hdop>0.60</hdop><vdop>0.97</vdop><pdop>1.14</pdop><dgpsid>0000</dgpsid></trkpt>
<trkpt lat="24.05429433333334" lon="-110.15967016666667"><ele>575.6</ele><time>2025-12-21T21:03:17.000Z</time><extensions><gpxtpx:TrackPointExtension><gpxtpx:bearing>114.56</gpxtpx:bearing><gpxtpx:speed>15.850871</gpxtpx:speed></gpxtpx:TrackPointExtension></extensions><geoidheight>-32.6</geoidheight><src>gps</src><sat>18</sat><hdop>0.60</hdop><vdop>0.97</vdop><pdop>1.14</pdop><dgpsid>0000</dgpsid></trkpt>
<trkpt lat="24.053610499999998" lon="-110.158044"><ele>583.7</ele><time>2025-12-21T21:03:28.000Z</time><extensions><gpxtpx:TrackPointExtension><gpxtpx:bearing>115.47</gpxtpx:bearing><gpxtpx:speed>16.905022</gpxtpx:speed></gpxtpx:TrackPointExtension></extensions><geoidheight>-32.6</geoidheight><src>gps</src><sat>17</sat><hdop>0.62</hdop><vdop>0.98</vdop><pdop>1.16</pdop><dgpsid>0000</dgpsid></trkpt>
<trkpt lat="24.052893666666666" lon="-110.15636716666668"><ele>589.4</ele><time>2025-12-21T21:03:39.000Z</time><extensions><gpxtpx:TrackPointExtension><gpxtpx:bearing>116.01</gpxtpx:bearing><gpxtpx:speed>17.947334</gpxtpx:speed></gpxtpx:TrackPointExtension></extensions><geoidheight>-32.6</geoidheight><src>gps</src><sat>16</sat><hdop>0.79</hdop><vdop>1.25</vdop><pdop>1.48</pdop><dgpsid>0000</dgpsid></trkpt>
<trkpt lat="24.051918999999998" lon="-110.15466366666666"><ele>594.4</ele><time>2025-12-21T21:03:50.000Z</time><extensions><gpxtpx:TrackPointExtension><gpxtpx:bearing>124.13</gpxtpx:bearing><gpxtpx:speed>18.937145</gpxtpx:speed></gpxtpx:TrackPointExtension></extensions><geoidheight>-32.6</geoidheight><src>gps</src><sat>17</sat><hdop>0.62</hdop><vdop>0.97</vdop><pdop>1.15</pdop><dgpsid>0000</dgpsid></trkpt>
<trkpt lat="24.050917833333333" lon="-110.15303183333332"><ele>604.9</ele><time>2025-12-21T21:04:01.000Z</time><extensions><gpxtpx:TrackPointExtension><gpxtpx:bearing>124.15</gpxtpx:bearing><gpxtpx:speed>17.106277</gpxtpx:speed></gpxtpx:TrackPointExtension></extensions><geoidheight>-32.6</geoidheight><src>gps</src><sat>18</sat><hdop>0.60</hdop><vdop>0.97</vdop><pdop>1.14</pdop><dgpsid>0000</dgpsid></trkpt>
<trkpt lat="24.04992083333333" lon="-110.15161099999999"><ele>601.7</ele><time>2025-12-21T21:04:12.000Z</time><extensions><gpxtpx:TrackPointExtension><gpxtpx:bearing>131.73</gpxtpx:bearing><gpxtpx:speed>16.922009</gpxtpx:speed></gpxtpx:TrackPointExtension></extensions><geoidheight>-32.6</geoidheight><src>gps</src><sat>17</sat><hdop>0.63</hdop><vdop>1.05</vdop><pdop>1.22</pdop><dgpsid>0000</dgpsid></trkpt>
<trkpt lat="24.048769666666665" lon="-110.15019916666667"><ele>602.8</ele><time>2025-12-21T21:04:23.000Z</time><extensions><gpxtpx:TrackPointExtension><gpxtpx:bearing>132.55</gpxtpx:bearing><gpxtpx:speed>16.586924</gpxtpx:speed></gpxtpx:TrackPointExtension></extensions><geoidheight>-32.6</geoidheight><src>gps</src><sat>17</sat><hdop>0.62</hdop><vdop>1.03</vdop><pdop>1.20</pdop><dgpsid>0000</dgpsid></trkpt>
<trkpt lat="24.0476635" lon="-110.14888649999999"><ele>615.1</ele><time>2025-12-21T21:04:34.000Z</time><extensions><gpxtpx:TrackPointExtension><gpxtpx:bearing>132.28</gpxtpx:bearing><gpxtpx:speed>16.321327</gpxtpx:speed></gpxtpx:TrackPointExtension></extensions><geoidheight>-32.6</geoidheight><src>gps</src><sat>17</sat><hdop>0.65</hdop><vdop>1.08</vdop><pdop>1.26</pdop><dgpsid>0000</dgpsid></trkpt>
<trkpt lat="24.046793333333333" lon="-110.14760733333333"><ele>629.0</ele><time>2025-12-21T21:04:45.000Z</time><extensions><gpxtpx:TrackPointExtension><gpxtpx:bearing>124.32</gpxtpx:bearing><gpxtpx:speed>13.581461</gpxtpx:speed></gpxtpx:TrackPointExtension></extensions><geoidheight>-32.6</geoidheight><src>gps</src><sat>17</sat><hdop>0.61</hdop><vdop>0.98</vdop><pdop>1.15</pdop><dgpsid>0000</dgpsid></trkpt>
<trkpt lat="24.045882" lon="-110.14626666666666"><ele>634.4</ele><time>2025-12-21T21:04:56.000Z</time><extensions><gpxtpx:TrackPointExtension><gpxtpx:bearing>128.69</gpxtpx:bearing><gpxtpx:speed>18.060059</gpxtpx:speed></gpxtpx:TrackPointExtension></extensions><geoidheight>-32.6</geoidheight><src>gps</src><sat>16</sat><hdop>0.67</hdop><vdop>1.02</vdop><pdop>1.22</pdop><dgpsid>0000</dgpsid></trkpt>
<trkpt lat="24.0447305" lon="-110.14469050000001"><ele>634.9</ele><time>2025-12-21T21:05:07.000Z</time><extensions><gpxtpx:TrackPointExtension><gpxtpx:bearing>128.13</gpxtpx:bearing><gpxtpx:speed>18.60515</gpxtpx:speed></gpxtpx:TrackPointExtension></extensions><geoidheight>-32.6</geoidheight><src>gps</src><sat>16</sat><hdop>0.66</hdop><vdop>1.10</vdop><pdop>1.28</pdop><dgpsid>0000</dgpsid></trkpt>
<trkpt lat="24.043776" lon="-110.14297566666667"><ele>645.7</ele><time>2025-12-21T21:05:18.000Z</time><extensions><gpxtpx:TrackPointExtension><gpxtpx:bearing>118.76</gpxtpx:bearing><gpxtpx:speed>18.762655</gpxtpx:speed></gpxtpx:TrackPointExtension></extensions><geoidheight>-32.6</geoidheight><src>gps</src><sat>16</sat><hdop>0.69</hdop><vdop>1.11</vdop><pdop>1.31</pdop><dgpsid>0000</dgpsid></trkpt>
<trkpt lat="24.042843166666664" lon="-110.14116116666668"><ele>651.7</ele><time>2025-12-21T21:05:29.000Z</time><extensions><gpxtpx:TrackPointExtension><gpxtpx:bearing>119.38</gpxtpx:bearing><gpxtpx:speed>19.343777</gpxtpx:speed></gpxtpx:TrackPointExtension></extensions><geoidheight>-32.6</geoidheight><src>gps</src><sat>17</sat><hdop>0.67</hdop><vdop>1.01</vdop><pdop>1.21</pdop><dgpsid>0000</dgpsid></trkpt>
<trkpt lat="24.041915333333336" lon="-110.13933316666667"><ele>659.8</ele><time>2025-12-21T21:05:40.000Z</time><extensions><gpxtpx:TrackPointExtension><gpxtpx:bearing>118.76</gpxtpx:bearing><gpxtpx:speed>19.179579</gpxtpx:speed></gpxtpx:TrackPointExtension></extensions><geoidheight>-32.6</geoidheight><src>gps</src><sat>17</sat><hdop>0.67</hdop><vdop>1.01</vdop><pdop>1.21</pdop><dgpsid>0000</dgpsid></trkpt>
<trkpt lat="24.040944666666665" lon="-110.13742883333335"><ele>659.1</ele><time>2025-12-21T21:05:51.000Z</time><extensions><gpxtpx:TrackPointExtension><gpxtpx:bearing>119.87</gpxtpx:bearing><gpxtpx:speed>21.728483</gpxtpx:speed></gpxtpx:TrackPointExtension></extensions><geoidheight>-32.6</geoidheight><src>gps</src><sat>18</sat><hdop>0.63</hdop><vdop>0.98</vdop><pdop>1.16</pdop><dgpsid>0000</dgpsid></trkpt>
<trkpt lat="24.039949166666663" lon="-110.13546833333334"><ele>669.7</ele><time>2025-12-21T21:06:02.000Z</time><extensions><gpxtpx:TrackPointExtension><gpxtpx:bearing>118.79</gpxtpx:bearing><gpxtpx:speed>20.491606</gpxtpx:speed></gpxtpx:TrackPointExtension></extensions><geoidheight>-32.6</geoidheight><src>gps</src><sat>17</sat><hdop>0.63</hdop><vdop>0.97</vdop><pdop>1.16</pdop><dgpsid>0000</dgpsid></trkpt>
<trkpt lat="24.038896833333336" lon="-110.13337066666666"><ele>669.4</ele><time>2025-12-21T21:06:13.000Z</time><extensions><gpxtpx:TrackPointExtension><gpxtpx:bearing>118.62</gpxtpx:bearing><gpxtpx:speed>23.279343</gpxtpx:speed></gpxtpx:TrackPointExtension></extensions><geoidheight>-32.6</geoidheight><src>gps</src><sat>17</sat><hdop>0.63</hdop><vdop>0.97</vdop><pdop>1.16</pdop><dgpsid>0000</dgpsid></trkpt>
<trkpt lat="24.037803" lon="-110.13121199999999"><ele>676.6</ele><time>2025-12-21T21:06:24.000Z</time><extensions><gpxtpx:TrackPointExtension><gpxtpx:bearing>118.86</gpxtpx:bearing><gpxtpx:speed>21.970919</gpxtpx:speed></gpxtpx:TrackPointExtension></extensions><geoidheight>-32.6</geoidheight><src>gps</src><sat>18</sat><hdop>0.61</hdop><vdop>0.97</vdop><pdop>1.15</pdop><dgpsid>0000</dgpsid></trkpt>
<trkpt lat="24.0368055" lon="-110.1292355"><ele>689.9</ele><time>2025-12-21T21:06:35.000Z</time><extensions><gpxtpx:TrackPointExtension><gpxtpx:bearing>119.14</gpxtpx:bearing><gpxtpx:speed>20.372705</gpxtpx:speed></gpxtpx:TrackPointExtension></extensions><geoidheight>-32.6</geoidheight><src>gps</src><sat>17</sat><hdop>0.63</hdop><vdop>0.97</vdop><pdop>1.16</pdop><dgpsid>0000</dgpsid></trkpt>
<trkpt lat="24.0356795" lon="-110.12756266666665"><ele>693.5</ele><time>2025-12-21T21:06:46.000Z</time><extensions><gpxtpx:TrackPointExtension><gpxtpx:bearing>138.85</gpxtpx:bearing><gpxtpx:speed>20.63161</gpxtpx:speed></gpxtpx:TrackPointExtension></extensions><geoidheight>-32.6</geoidheight><src>gps</src><sat>18</sat><hdop>0.61</hdop><vdop>0.97</vdop><pdop>1.14</pdop><dgpsid>0000</dgpsid></trkpt>
<trkpt lat="24.03397633333333" lon="-110.12600783333333"><ele>689.7</ele><time>2025-12-21T21:06:57.000Z</time><extensions><gpxtpx:TrackPointExtension><gpxtpx:bearing>139.91</gpxtpx:bearing><gpxtpx:speed>23.12441</gpxtpx:speed></gpxtpx:TrackPointExtension></extensions><geoidheight>-32.6</geoidheight><src>gps</src><sat>18</sat><hdop>0.61</hdop><vdop>0.97</vdop><pdop>1.14</pdop><dgpsid>0000</dgpsid></trkpt>
<trkpt lat="24.032264166666664" lon="-110.12443433333334"><ele>698.4</ele><time>2025-12-21T21:07:08.000Z</time><extensions><gpxtpx:TrackPointExtension><gpxtpx:bearing>140.17</gpxtpx:bearing><gpxtpx:speed>22.26328</gpxtpx:speed></gpxtpx:TrackPointExtension></extensions><geoidheight>-32.6</geoidheight><src>gps</src><sat>17</sat><hdop>0.63</hdop><vdop>1.03</vdop><pdop>1.21</pdop><dgpsid>0000</dgpsid></trkpt>
<trkpt lat="24.030556" lon="-110.12287816666667"><ele>695.2</ele><time>2025-12-21T21:07:19.000Z</time><extensions><gpxtpx:TrackPointExtension><gpxtpx:bearing>140.37</gpxtpx:bearing><gpxtpx:speed>21.760397</gpxtpx:speed></gpxtpx:TrackPointExtension></extensions><geoidheight>-32.6</geoidheight><src>gps</src><sat>17</sat><hdop>0.63</hdop><vdop>1.03</vdop><pdop>1.21</pdop><dgpsid>0000</dgpsid></trkpt>
<trkpt lat="24.029164666666663" lon="-110.12139933333334"><ele>699.5</ele><time>2025-12-21T21:07:30.000Z</time><extensions><gpxtpx:TrackPointExtension><gpxtpx:bearing>130.6</gpxtpx:bearing><gpxtpx:speed>19.281494</gpxtpx:speed></gpxtpx:TrackPointExtension></extensions><geoidheight>-32.5</geoidheight><src>gps</src><sat>16</sat><hdop>0.65</hdop><vdop>1.04</vdop><pdop>1.22</pdop><dgpsid>0000</dgpsid></trkpt>
<trkpt lat="24.027809333333334" lon="-110.11969716666665"><ele>687.8</ele><time>2025-12-21T21:07:41.000Z</time><extensions><gpxtpx:TrackPointExtension><gpxtpx:bearing>131.31</gpxtpx:bearing><gpxtpx:speed>22.79087</gpxtpx:speed></gpxtpx:TrackPointExtension></extensions><geoidheight>-32.5</geoidheight><src>gps</src><sat>16</sat><hdop>0.63</hdop><vdop>1.03</vdop><pdop>1.21</pdop><dgpsid>0000</dgpsid></trkpt>
<trkpt lat="24.02637483333333" lon="-110.11789449999999"><ele>690.7</ele><time>2025-12-21T21:07:52.000Z</time><extensions><gpxtpx:TrackPointExtension><gpxtpx:bearing>131.1</gpxtpx:bearing><gpxtpx:speed>21.451563</gpxtpx:speed></gpxtpx:TrackPointExtension></extensions><geoidheight>-32.5</geoidheight><src>gps</src><sat>18</sat><hdop>0.63</hdop><vdop>1.03</vdop><pdop>1.21</pdop><dgpsid>0000</dgpsid></trkpt>
<trkpt lat="24.024976999999996" lon="-110.11613083333334"><ele>692.2</ele><time>2025-12-21T21:08:03.000Z</time><extensions><gpxtpx:TrackPointExtension><gpxtpx:bearing>130.23</gpxtpx:bearing><gpxtpx:speed>20.035048</gpxtpx:speed></gpxtpx:TrackPointExtension></extensions><geoidheight>-32.5</geoidheight><src>gps</src><sat>16</sat><hdop>0.70</hdop><vdop>1.24</vdop><pdop>1.43</pdop><dgpsid>0000</dgpsid></trkpt>
<trkpt lat="24.023682" lon="-110.11449683333333"><ele>695.8</ele><time>2025-12-21T21:08:14.000Z</time><extensions><gpxtpx:TrackPointExtension><gpxtpx:bearing>130.63</gpxtpx:bearing><gpxtpx:speed>19.890411</gpxtpx:speed></gpxtpx:TrackPointExtension></extensions><geoidheight>-32.5</geoidheight><src>gps</src><sat>17</sat><hdop>0.63</hdop><vdop>1.03</vdop><pdop>1.21</pdop><dgpsid>0000</dgpsid></trkpt>
<trkpt lat="24.0223965" lon="-110.112874"><ele>688.8</ele><time>2025-12-21T21:08:25.000Z</time><extensions><gpxtpx:TrackPointExtension><gpxtpx:bearing>130.27</gpxtpx:bearing><gpxtpx:speed>20.626978</gpxtpx:speed></gpxtpx:TrackPointExtension></extensions><geoidheight>-32.5</geoidheight><src>gps</src><sat>15</sat><hdop>0.70</hdop><vdop>1.09</vdop><pdop>1.29</pdop><dgpsid>0000</dgpsid></trkpt>
<trkpt lat="24.021251833333334" lon="-110.11130466666667"><ele>690.6</ele><time>2025-12-21T21:08:36.000Z</time><extensions><gpxtpx:TrackPointExtension><gpxtpx:bearing>118.29</gpxtpx:bearing><gpxtpx:speed>15.456079</gpxtpx:speed></gpxtpx:TrackPointExtension></extensions><geoidheight>-32.5</geoidheight><src>gps</src><sat>15</sat><hdop>0.66</hdop><vdop>1.07</vdop><pdop>1.26</pdop><dgpsid>0000</dgpsid></trkpt>
<trkpt lat="24.020596166666664" lon="-110.10975366666668"><ele>689.2</ele><time>2025-12-21T21:08:47.000Z</time><extensions><gpxtpx:TrackPointExtension><gpxtpx:bearing>113.79</gpxtpx:bearing><gpxtpx:speed>15.475638</gpxtpx:speed></gpxtpx:TrackPointExtension></extensions><geoidheight>-32.5</geoidheight><src>gps</src><sat>16</sat><hdop>0.63</hdop><vdop>0.96</vdop><pdop>1.15</pdop><dgpsid>0000</dgpsid></trkpt>
<trkpt lat="24.0208385" lon="-110.10829433333335"><ele>679.3</ele><time>2025-12-21T21:08:58.000Z</time><extensions><gpxtpx:TrackPointExtension><gpxtpx:bearing>44.95</gpxtpx:bearing><gpxtpx:speed>15.557479</gpxtpx:speed></gpxtpx:TrackPointExtension></extensions><geoidheight>-32.5</geoidheight><src>gps</src><sat>18</sat><hdop>0.61</hdop><vdop>0.95</vdop><pdop>1.13</pdop><dgpsid>0000</dgpsid></trkpt>
<trkpt lat="24.021577833333335" lon="-110.10702333333332"><ele>670.8</ele><time>2025-12-21T21:09:09.000Z</time><extensions><gpxtpx:TrackPointExtension><gpxtpx:bearing>93.79</gpxtpx:bearing><gpxtpx:speed>13.631904</gpxtpx:speed></gpxtpx:TrackPointExtension></extensions><geoidheight>-32.5</geoidheight><src>gps</src><sat>18</sat><hdop>0.62</hdop><vdop>0.96</vdop><pdop>1.15</pdop><dgpsid>0000</dgpsid></trkpt>
<trkpt lat="24.020923166666662" lon="-110.10556216666667"><ele>659.8</ele><time>2025-12-21T21:09:20.000Z</time><extensions><gpxtpx:TrackPointExtension><gpxtpx:bearing>124.55</gpxtpx:bearing><gpxtpx:speed>16.727444</gpxtpx:speed></gpxtpx:TrackPointExtension></extensions><geoidheight>-32.5</geoidheight><src>gps</src><sat>15</sat><hdop>0.65</hdop><vdop>1.03</vdop><pdop>1.22</pdop><dgpsid>0000</dgpsid></trkpt>
<trkpt lat="24.019858666666664" lon="-110.10409933333334"><ele>648.4</ele><time>2025-12-21T21:09:31.000Z</time><extensions><gpxtpx:TrackPointExtension><gpxtpx:bearing>119.55</gpxtpx:bearing><gpxtpx:speed>17.282827</gpxtpx:speed></gpxtpx:TrackPointExtension></extensions><geoidheight>-32.5</geoidheight><src>gps</src><sat>17</sat><hdop>0.66</hdop><vdop>1.07</vdop><pdop>1.26</pdop><dgpsid>0000</dgpsid></trkpt>
<trkpt lat="24.01903616666667" lon="-110.10240116666667"><ele>639.0</ele><time>2025-12-21T21:09:42.000Z</time><extensions><gpxtpx:TrackPointExtension><gpxtpx:bearing>117.74</gpxtpx:bearing><gpxtpx:speed>17.972555</gpxtpx:speed></gpxtpx:TrackPointExtension></extensions><geoidheight>-32.5</geoidheight><src>gps</src><sat>17</sat><hdop>0.72</hdop><vdop>1.18</vdop><pdop>1.39</pdop><dgpsid>0000</dgpsid></trkpt>
<trkpt lat="24.018518499999995" lon="-110.10058783333334"><ele>625.8</ele><time>2025-12-21T21:09:53.000Z</time><extensions><gpxtpx:TrackPointExtension><gpxtpx:bearing>99.86</gpxtpx:bearing><gpxtpx:speed>19.022589</gpxtpx:speed></gpxtpx:TrackPointExtension></extensions><geoidheight>-32.5</geoidheight><src>gps</src><sat>18</sat><hdop>0.64</hdop><vdop>0.98</vdop><pdop>1.17</pdop><dgpsid>0000</dgpsid></trkpt>
<trkpt lat="24.018194333333334" lon="-110.0985275"><ele>611.4</ele><time>2025-12-21T21:10:04.000Z</time><extensions><gpxtpx:TrackPointExtension><gpxtpx:bearing>99.75</gpxtpx:bearing><gpxtpx:speed>19.772024</gpxtpx:speed></gpxtpx:TrackPointExtension></extensions><geoidheight>-32.5</geoidheight><src>gps</src><sat>18</sat><hdop>0.64</hdop><vdop>0.98</vdop><pdop>1.17</pdop><dgpsid>0000</dgpsid></trkpt>
<trkpt lat="24.017864833333338" lon="-110.09649716666667"><ele>605.4</ele><time>2025-12-21T21:10:15.000Z</time><extensions><gpxtpx:TrackPointExtension><gpxtpx:bearing>99.97</gpxtpx:bearing><gpxtpx:speed>18.257711</gpxtpx:speed></gpxtpx:TrackPointExtension></extensions><geoidheight>-32.5</geoidheight><src>gps</src><sat>16</sat><hdop>0.71</hdop><vdop>1.09</vdop><pdop>1.30</pdop><dgpsid>0000</dgpsid></trkpt>
<trkpt lat="24.0174225" lon="-110.094656"><ele>597.0</ele><time>2025-12-21T21:10:26.000Z</time><extensions><gpxtpx:TrackPointExtension><gpxtpx:bearing>107.21</gpxtpx:bearing><gpxtpx:speed>16.350151</gpxtpx:speed></gpxtpx:TrackPointExtension></extensions><geoidheight>-32.5</geoidheight><src>gps</src><sat>18</sat><hdop>0.66</hdop><vdop>1.06</vdop><pdop>1.25</pdop><dgpsid>0000</dgpsid></trkpt>
<trkpt lat="24.017378" lon="-110.09311616666668"><ele>586.1</ele><time>2025-12-21T21:10:37.000Z</time><extensions><gpxtpx:TrackPointExtension><gpxtpx:bearing>72.75</gpxtpx:bearing><gpxtpx:speed>14.54502</gpxtpx:speed></gpxtpx:TrackPointExtension></extensions><geoidheight>-32.5</geoidheight><src>gps</src><sat>17</sat><hdop>0.68</hdop><vdop>1.08</vdop><pdop>1.27</pdop><dgpsid>0000</dgpsid></trkpt>
<trkpt lat="24.018122333333334" lon="-110.09183300000001"><ele>573.2</ele><time>2025-12-21T21:10:48.000Z</time><extensions><gpxtpx:TrackPointExtension><gpxtpx:bearing>32.7</gpxtpx:bearing><gpxtpx:speed>15.051507</gpxtpx:speed></gpxtpx:TrackPointExtension></extensions><geoidheight>-32.5</geoidheight><src>gps</src><sat>18</sat><hdop>0.66</hdop><vdop>1.06</vdop><pdop>1.25</pdop><dgpsid>0000</dgpsid></trkpt>
<trkpt lat="24.019257333333332" lon="-110.09066266666666"><ele>560.9</ele><time>2025-12-21T21:10:59.000Z</time><extensions><gpxtpx:TrackPointExtension><gpxtpx:bearing>49.65</gpxtpx:bearing><gpxtpx:speed>16.25081</gpxtpx:speed></gpxtpx:TrackPointExtension></extensions><geoidheight>-32.5</geoidheight><src>gps</src><sat>18</sat><hdop>0.61</hdop><vdop>0.94</vdop><pdop>1.12</pdop><dgpsid>0000</dgpsid></trkpt>
<trkpt lat="24.019920333333335" lon="-110.08912733333334"><ele>548.9</ele><time>2025-12-21T21:11:10.000Z</time><extensions><gpxtpx:TrackPointExtension><gpxtpx:bearing>85.2</gpxtpx:bearing><gpxtpx:speed>16.000654</gpxtpx:speed></gpxtpx:TrackPointExtension></extensions><geoidheight>-32.5</geoidheight><src>gps</src><sat>17</sat><hdop>0.70</hdop><vdop>1.14</vdop><pdop>1.34</pdop><dgpsid>0000</dgpsid></trkpt>
<trkpt lat="24.019309833333335" lon="-110.08765583333334"><ele>541.8</ele><time>2025-12-21T21:11:21.000Z</time><extensions><gpxtpx:TrackPointExtension><gpxtpx:bearing>127.44</gpxtpx:bearing><gpxtpx:speed>15.99139</gpxtpx:speed></gpxtpx:TrackPointExtension></extensions><geoidheight>-32.5</geoidheight><src>gps</src><sat>17</sat><hdop>0.65</hdop><vdop>0.94</vdop><pdop>1.14</pdop><dgpsid>0000</dgpsid></trkpt>
<trkpt lat="24.01829283333333" lon="-110.08615816666666"><ele>531.7</ele><time>2025-12-21T21:11:32.000Z</time><extensions><gpxtpx:TrackPointExtension><gpxtpx:bearing>125.26</gpxtpx:bearing><gpxtpx:speed>18.13315</gpxtpx:speed></gpxtpx:TrackPointExtension></extensions><geoidheight>-32.5</geoidheight><src>gps</src><sat>16</sat><hdop>0.67</hdop><vdop>1.02</vdop><pdop>1.22</pdop><dgpsid>0000</dgpsid></trkpt>
<trkpt lat="24.017404666666668" lon="-110.08432450000001"><ele>516.1</ele><time>2025-12-21T21:11:43.000Z</time><extensions><gpxtpx:TrackPointExtension><gpxtpx:bearing>112.67</gpxtpx:bearing><gpxtpx:speed>20.708305</gpxtpx:speed></gpxtpx:TrackPointExtension></extensions><geoidheight>-32.5</geoidheight><src>gps</src><sat>17</sat><hdop>0.61</hdop><vdop>0.94</vdop><pdop>1.12</pdop><dgpsid>0000</dgpsid></trkpt>
<trkpt lat="24.016563166666668" lon="-110.082094"><ele>499.0</ele><time>2025-12-21T21:11:54.000Z</time><extensions><gpxtpx:TrackPointExtension><gpxtpx:bearing>112.25</gpxtpx:bearing><gpxtpx:speed>23.090954</gpxtpx:speed></gpxtpx:TrackPointExtension></extensions><geoidheight>-32.5</geoidheight><src>gps</src><sat>18</sat><hdop>0.58</hdop><vdop>0.84</vdop><pdop>1.02</pdop><dgpsid>0000</dgpsid></trkpt>
<trkpt lat="24.015691833333335" lon="-110.07981433333335"><ele>482.7</ele><time>2025-12-21T21:12:05.000Z</time><extensions><gpxtpx:TrackPointExtension><gpxtpx:bearing>113.02</gpxtpx:bearing><gpxtpx:speed>22.127394</gpxtpx:speed></gpxtpx:TrackPointExtension></extensions><geoidheight>-32.5</geoidheight><src>gps</src><sat>16</sat><hdop>0.67</hdop><vdop>0.87</vdop><pdop>1.10</pdop><dgpsid>0000</dgpsid></trkpt>
<trkpt lat="24.014888333333335" lon="-110.077711"><ele>468.7</ele><time>2025-12-21T21:12:16.000Z</time><extensions><gpxtpx:TrackPointExtension><gpxtpx:bearing>113.19</gpxtpx:bearing><gpxtpx:speed>21.44899</gpxtpx:speed></gpxtpx:TrackPointExtension></extensions><geoidheight>-32.5</geoidheight><src>gps</src><sat>17</sat><hdop>0.63</hdop><vdop>0.95</vdop><pdop>1.14</pdop><dgpsid>0000</dgpsid></trkpt>
<trkpt lat="24.014066166666666" lon="-110.07557133333333"><ele>454.2</ele><time>2025-12-21T21:12:27.000Z</time><extensions><gpxtpx:TrackPointExtension><gpxtpx:bearing>112.75</gpxtpx:bearing><gpxtpx:speed>20.963606</gpxtpx:speed></gpxtpx:TrackPointExtension></extensions><geoidheight>-32.5</geoidheight><src>gps</src><sat>17</sat><hdop>0.63</hdop><vdop>0.95</vdop><pdop>1.14</pdop><dgpsid>0000</dgpsid></trkpt>
<trkpt lat="24.01327216666667" lon="-110.07351500000001"><ele>438.8</ele><time>2025-12-21T21:12:38.000Z</time><extensions><gpxtpx:TrackPointExtension><gpxtpx:bearing>112.41</gpxtpx:bearing><gpxtpx:speed>21.133465</gpxtpx:speed></gpxtpx:TrackPointExtension></extensions><geoidheight>-32.5</geoidheight><src>gps</src><sat>17</sat><hdop>0.63</hdop><vdop>0.95</vdop><pdop>1.14</pdop><dgpsid>0000</dgpsid></trkpt>
<trkpt lat="24.01244733333333" lon="-110.07137433333334"><ele>421.4</ele><time>2025-12-21T21:12:49.000Z</time><extensions><gpxtpx:TrackPointExtension><gpxtpx:bearing>113.06</gpxtpx:bearing><gpxtpx:speed>21.856134</gpxtpx:speed></gpxtpx:TrackPointExtension></extensions><geoidheight>-32.5</geoidheight><src>gps</src><sat>17</sat><hdop>0.64</hdop><vdop>0.95</vdop><pdop>1.14</pdop><dgpsid>0000</dgpsid></trkpt>
<trkpt lat="24.0115445" lon="-110.06903633333334"><ele>402.1</ele><time>2025-12-21T21:13:00.000Z</time><extensions><gpxtpx:TrackPointExtension><gpxtpx:bearing>112.36</gpxtpx:bearing><gpxtpx:speed>24.567177</gpxtpx:speed></gpxtpx:TrackPointExtension></extensions><geoidheight>-32.5</geoidheight><src>gps</src><sat>16</sat><hdop>0.65</hdop><vdop>0.95</vdop><pdop>1.15</pdop><dgpsid>0000</dgpsid></trkpt>
<trkpt lat="24.010687" lon="-110.06680499999999"><ele>384.7</ele><time>2025-12-21T21:13:11.000Z</time><extensions><gpxtpx:TrackPointExtension><gpxtpx:bearing>112.52</gpxtpx:bearing><gpxtpx:speed>21.374355</gpxtpx:speed></gpxtpx:TrackPointExtension></extensions><geoidheight>-32.5</geoidheight><src>gps</src><sat>17</sat><hdop>0.64</hdop><vdop>0.95</vdop><pdop>1.14</pdop><dgpsid>0000</dgpsid></trkpt>
<trkpt lat="24.009830000000004" lon="-110.06459483333335"><ele>368.6</ele><time>2025-12-21T21:13:22.000Z</time><extensions><gpxtpx:TrackPointExtension><gpxtpx:bearing>112.95</gpxtpx:bearing><gpxtpx:speed>21.313103</gpxtpx:speed></gpxtpx:TrackPointExtension></extensions><geoidheight>-32.5</geoidheight><src>gps</src><sat>16</sat><hdop>0.65</hdop><vdop>0.95</vdop><pdop>1.15</pdop><dgpsid>0000</dgpsid></trkpt>
<trkpt lat="24.009063666666666" lon="-110.06262883333332"><ele>353.2</ele><time>2025-12-21T21:13:33.000Z</time><extensions><gpxtpx:TrackPointExtension><gpxtpx:bearing>112.7</gpxtpx:bearing><gpxtpx:speed>19.214066</gpxtpx:speed></gpxtpx:TrackPointExtension></extensions><geoidheight>-32.5</geoidheight><src>gps</src><sat>16</sat><hdop>0.65</hdop><vdop>0.95</vdop><pdop>1.15</pdop><dgpsid>0000</dgpsid></trkpt>
<trkpt lat="24.00830266666667" lon="-110.06065949999999"><ele>336.2</ele><time>2025-12-21T21:13:44.000Z</time><extensions><gpxtpx:TrackPointExtension><gpxtpx:bearing>112.89</gpxtpx:bearing><gpxtpx:speed>20.189465</gpxtpx:speed></gpxtpx:TrackPointExtension></extensions><geoidheight>-32.5</geoidheight><src>gps</src><sat>17</sat><hdop>0.64</hdop><vdop>0.95</vdop><pdop>1.14</pdop><dgpsid>0000</dgpsid></trkpt>
<trkpt lat="24.007481666666664" lon="-110.05854633333333"><ele>319.9</ele><time>2025-12-21T21:13:55.000Z</time><extensions><gpxtpx:TrackPointExtension><gpxtpx:bearing>112.68</gpxtpx:bearing><gpxtpx:speed>22.135115</gpxtpx:speed></gpxtpx:TrackPointExtension></extensions><geoidheight>-32.5</geoidheight><src>gps</src><sat>16</sat><hdop>0.66</hdop><vdop>0.97</vdop><pdop>1.18</pdop><dgpsid>0000</dgpsid></trkpt>
<trkpt lat="24.006622" lon="-110.05631683333334"><ele>308.2</ele><time>2025-12-21T21:14:06.000Z</time><extensions><gpxtpx:TrackPointExtension><gpxtpx:bearing>113.01</gpxtpx:bearing><gpxtpx:speed>22.934479</gpxtpx:speed></gpxtpx:TrackPointExtension></extensions><geoidheight>-32.5</geoidheight><src>gps</src><sat>16</sat><hdop>0.65</hdop><vdop>0.95</vdop><pdop>1.15</pdop><dgpsid>0000</dgpsid></trkpt>
<trkpt lat="24.005718166666664" lon="-110.05398666666666"><ele>294.7</ele><time>2025-12-21T21:14:17.000Z</time><extensions><gpxtpx:TrackPointExtension><gpxtpx:bearing>112.76</gpxtpx:bearing><gpxtpx:speed>23.767298</gpxtpx:speed></gpxtpx:TrackPointExtension></extensions><geoidheight>-32.5</geoidheight><src>gps</src><sat>16</sat><hdop>0.65</hdop><vdop>0.95</vdop><pdop>1.15</pdop><dgpsid>0000</dgpsid></trkpt>
<trkpt lat="24.00480583333333" lon="-110.05161000000001"><ele>281.7</ele><time>2025-12-21T21:14:28.000Z</time><extensions><gpxtpx:TrackPointExtension><gpxtpx:bearing>112.24</gpxtpx:bearing><gpxtpx:speed>22.461964</gpxtpx:speed></gpxtpx:TrackPointExtension></extensions><geoidheight>-32.5</geoidheight><src>gps</src><sat>16</sat><hdop>0.66</hdop><vdop>0.95</vdop><pdop>1.15</pdop><dgpsid>0000</dgpsid></trkpt>
<trkpt lat="24.004028666666667" lon="-110.04959783333334"><ele>269.1</ele><time>2025-12-21T21:14:39.000Z</time><extensions><gpxtpx:TrackPointExtension><gpxtpx:bearing>112.46</gpxtpx:bearing><gpxtpx:speed>19.240316</gpxtpx:speed></gpxtpx:TrackPointExtension></extensions><geoidheight>-32.5</geoidheight><src>gps</src><sat>17</sat><hdop>0.64</hdop><vdop>0.95</vdop><pdop>1.14</pdop><dgpsid>0000</dgpsid></trkpt>
<trkpt lat="24.003317833333334" lon="-110.04776116666666"><ele>257.0</ele><time>2025-12-21T21:14:50.000Z</time><extensions><gpxtpx:TrackPointExtension><gpxtpx:bearing>113.27</gpxtpx:bearing><gpxtpx:speed>17.750196</gpxtpx:speed></gpxtpx:TrackPointExtension></extensions><geoidheight>-32.5</geoidheight><src>gps</src><sat>17</sat><hdop>0.66</hdop><vdop>0.95</vdop><pdop>1.15</pdop><dgpsid>0000</dgpsid></trkpt>
<trkpt lat="24.002678" lon="-110.0461215"><ele>245.9</ele><time>2025-12-21T21:15:01.000Z</time><extensions><gpxtpx:TrackPointExtension><gpxtpx:bearing>113.01</gpxtpx:bearing><gpxtpx:speed>15.811752</gpxtpx:speed></gpxtpx:TrackPointExtension></extensions><geoidheight>-32.5</geoidheight><src>gps</src><sat>16</sat><hdop>0.66</hdop><vdop>0.95</vdop><pdop>1.15</pdop><dgpsid>0000</dgpsid></trkpt>
<trkpt lat="24.002027666666663" lon="-110.04444016666666"><ele>235.1</ele><time>2025-12-21T21:15:12.000Z</time><extensions><gpxtpx:TrackPointExtension><gpxtpx:bearing>112.87</gpxtpx:bearing><gpxtpx:speed>17.721886</gpxtpx:speed></gpxtpx:TrackPointExtension></extensions><geoidheight>-32.5</geoidheight><src>gps</src><sat>16</sat><hdop>0.66</hdop><vdop>0.95</vdop><pdop>1.15</pdop><dgpsid>0000</dgpsid></trkpt>
<trkpt lat="24.001311" lon="-110.04258083333335"><ele>222.8</ele><time>2025-12-21T21:15:23.000Z</time><extensions><gpxtpx:TrackPointExtension><gpxtpx:bearing>112.72</gpxtpx:bearing><gpxtpx:speed>19.407087</gpxtpx:speed></gpxtpx:TrackPointExtension></extensions><geoidheight>-32.5</geoidheight><src>gps</src><sat>16</sat><hdop>0.75</hdop><vdop>1.01</vdop><pdop>1.26</pdop><dgpsid>0000</dgpsid></trkpt>
<trkpt lat="24.0005385" lon="-110.04058266666668"><ele>210.3</ele><time>2025-12-21T21:15:34.000Z</time><extensions><gpxtpx:TrackPointExtension><gpxtpx:bearing>112.7</gpxtpx:bearing><gpxtpx:speed>20.51168</gpxtpx:speed></gpxtpx:TrackPointExtension></extensions><geoidheight>-32.5</geoidheight><src>gps</src><sat>15</sat><hdop>0.77</hdop><vdop>1.09</vdop><pdop>1.34</pdop><dgpsid>0000</dgpsid></trkpt>
<trkpt lat="23.999705333333335" lon="-110.03842633333333"><ele>196.5</ele><time>2025-12-21T21:15:45.000Z</time><extensions><gpxtpx:TrackPointExtension><gpxtpx:bearing>112.7</gpxtpx:bearing><gpxtpx:speed>22.674028</gpxtpx:speed></gpxtpx:TrackPointExtension></extensions><geoidheight>-32.5</geoidheight><src>gps</src><sat>16</sat><hdop>0.73</hdop><vdop>1.09</vdop><pdop>1.31</pdop><dgpsid>0000</dgpsid></trkpt>
<trkpt lat="23.998796500000005" lon="-110.03608216666667"><ele>181.5</ele><time>2025-12-21T21:15:56.000Z</time><extensions><gpxtpx:TrackPointExtension><gpxtpx:bearing>112.99</gpxtpx:bearing><gpxtpx:speed>24.151281</gpxtpx:speed></gpxtpx:TrackPointExtension></extensions><geoidheight>-32.4</geoidheight><src>gps</src><sat>15</sat><hdop>0.73</hdop><vdop>1.09</vdop><pdop>1.31</pdop><dgpsid>0000</dgpsid></trkpt>
<trkpt lat="23.997951333333337" lon="-110.03390599999999"><ele>167.2</ele><time>2025-12-21T21:16:07.000Z</time><extensions><gpxtpx:TrackPointExtension><gpxtpx:bearing>113.22</gpxtpx:bearing><gpxtpx:speed>21.132435</gpxtpx:speed></gpxtpx:TrackPointExtension></extensions><geoidheight>-32.4</geoidheight><src>gps</src><sat>14</sat><hdop>0.77</hdop><vdop>1.09</vdop><pdop>1.34</pdop><dgpsid>0000</dgpsid></trkpt>
<trkpt lat="23.997116833333333" lon="-110.03174849999999"><ele>154.3</ele><time>2025-12-21T21:16:18.000Z</time><extensions><gpxtpx:TrackPointExtension><gpxtpx:bearing>112.56</gpxtpx:bearing><gpxtpx:speed>22.110407</gpxtpx:speed></gpxtpx:TrackPointExtension></extensions><geoidheight>-32.4</geoidheight><src>gps</src><sat>14</sat><hdop>0.77</hdop><vdop>1.09</vdop><pdop>1.34</pdop><dgpsid>0000</dgpsid></trkpt>
<trkpt lat="23.996299833333335" lon="-110.029641"><ele>143.6</ele><time>2025-12-21T21:16:29.000Z</time><extensions><gpxtpx:TrackPointExtension><gpxtpx:bearing>113.4</gpxtpx:bearing><gpxtpx:speed>21.302294</gpxtpx:speed></gpxtpx:TrackPointExtension></extensions><geoidheight>-32.4</geoidheight><src>gps</src><sat>16</sat><hdop>0.66</hdop><vdop>1.03</vdop><pdop>1.22</pdop><dgpsid>0000</dgpsid></trkpt>
<trkpt lat="23.995472000000003" lon="-110.02748966666668"><ele>132.5</ele><time>2025-12-21T21:16:40.000Z</time><extensions><gpxtpx:TrackPointExtension><gpxtpx:bearing>112.5</gpxtpx:bearing><gpxtpx:speed>22.089304</gpxtpx:speed></gpxtpx:TrackPointExtension></extensions><geoidheight>-32.4</geoidheight><src>gps</src><sat>17</sat><hdop>0.66</hdop><vdop>1.03</vdop><pdop>1.22</pdop><dgpsid>0000</dgpsid></trkpt>
<trkpt lat="23.99460916666667" lon="-110.02526016666667"><ele>120.6</ele><time>2025-12-21T21:16:51.000Z</time><extensions><gpxtpx:TrackPointExtension><gpxtpx:bearing>112.99</gpxtpx:bearing><gpxtpx:speed>22.617409</gpxtpx:speed></gpxtpx:TrackPointExtension></extensions><geoidheight>-32.4</geoidheight><src>gps</src><sat>16</sat><hdop>0.68</hdop><vdop>1.03</vdop><pdop>1.24</pdop><dgpsid>0000</dgpsid></trkpt>
<trkpt lat="23.99372483333333" lon="-110.02300716666666"><ele>108.4</ele><time>2025-12-21T21:17:02.000Z</time><extensions><gpxtpx:TrackPointExtension><gpxtpx:bearing>113.18</gpxtpx:bearing><gpxtpx:speed>21.825766</gpxtpx:speed></gpxtpx:TrackPointExtension></extensions><geoidheight>-32.4</geoidheight><src>gps</src><sat>16</sat><hdop>0.72</hdop><vdop>1.07</vdop><pdop>1.29</pdop><dgpsid>0000</dgpsid></trkpt>
<trkpt lat="23.992918999999997" lon="-110.02094216666667"><ele>100.1</ele><time>2025-12-21T21:17:13.000Z</time><extensions><gpxtpx:TrackPointExtension><gpxtpx:bearing>113.11</gpxtpx:bearing><gpxtpx:speed>20.692863</gpxtpx:speed></gpxtpx:TrackPointExtension></extensions><geoidheight>-32.4</geoidheight><src>gps</src><sat>16</sat><hdop>0.65</hdop><vdop>1.03</vdop><pdop>1.22</pdop><dgpsid>0000</dgpsid></trkpt>
<trkpt lat="23.99212016666667" lon="-110.018892"><ele>92.6</ele><time>2025-12-21T21:17:24.000Z</time><extensions><gpxtpx:TrackPointExtension><gpxtpx:bearing>112.93</gpxtpx:bearing><gpxtpx:speed>20.054092</gpxtpx:speed></gpxtpx:TrackPointExtension></extensions><geoidheight>-32.4</geoidheight><src>gps</src><sat>16</sat><hdop>0.63</hdop><vdop>0.99</vdop><pdop>1.17</pdop><dgpsid>0000</dgpsid></trkpt>
<trkpt lat="23.991326833333332" lon="-110.01685366666668"><ele>84.5</ele><time>2025-12-21T21:17:35.000Z</time><extensions><gpxtpx:TrackPointExtension><gpxtpx:bearing>112.61</gpxtpx:bearing><gpxtpx:speed>21.29869</gpxtpx:speed></gpxtpx:TrackPointExtension></extensions><geoidheight>-32.4</geoidheight><src>gps</src><sat>16</sat><hdop>0.64</hdop><vdop>1.00</vdop><pdop>1.19</pdop><dgpsid>0000</dgpsid></trkpt>
<trkpt lat="23.990509166666666" lon="-110.014749"><ele>76.2</ele><time>2025-12-21T21:17:46.000Z</time><extensions><gpxtpx:TrackPointExtension><gpxtpx:bearing>112.75</gpxtpx:bearing><gpxtpx:speed>20.917797</gpxtpx:speed></gpxtpx:TrackPointExtension></extensions><geoidheight>-32.4</geoidheight><src>gps</src><sat>17</sat><hdop>0.63</hdop><vdop>0.99</vdop><pdop>1.17</pdop><dgpsid>0000</dgpsid></trkpt>
<trkpt lat="23.9897535" lon="-110.01278683333334"><ele>68.8</ele><time>2025-12-21T21:17:57.000Z</time><extensions><gpxtpx:TrackPointExtension><gpxtpx:bearing>112.35</gpxtpx:bearing><gpxtpx:speed>18.314846</gpxtpx:speed></gpxtpx:TrackPointExtension></extensions><geoidheight>-32.4</geoidheight><src>gps</src><sat>17</sat><hdop>0.66</hdop><vdop>1.03</vdop><pdop>1.22</pdop><dgpsid>0000</dgpsid></trkpt>
<trkpt lat="23.9890675" lon="-110.0110465"><ele>65.2</ele><time>2025-12-21T21:18:08.000Z</time><extensions><gpxtpx:TrackPointExtension><gpxtpx:bearing>113.49</gpxtpx:bearing><gpxtpx:speed>16.786636</gpxtpx:speed></gpxtpx:TrackPointExtension></extensions><geoidheight>-32.4</geoidheight><src>gps</src><sat>17</sat><hdop>0.63</hdop><vdop>0.99</vdop><pdop>1.17</pdop><dgpsid>0000</dgpsid></trkpt>
<trkpt lat="23.988409666666666" lon="-110.009359"><ele>61.3</ele><time>2025-12-21T21:18:19.000Z</time><extensions><gpxtpx:TrackPointExtension><gpxtpx:bearing>112.52</gpxtpx:bearing><gpxtpx:speed>16.677515</gpxtpx:speed></gpxtpx:TrackPointExtension></extensions><geoidheight>-32.4</geoidheight><src>gps</src><sat>17</sat><hdop>0.64</hdop><vdop>1.00</vdop><pdop>1.19</pdop><dgpsid>0000</dgpsid></trkpt>
<trkpt lat="23.98778483333333" lon="-110.00775133333333"><ele>58.8</ele><time>2025-12-21T21:18:30.000Z</time><extensions><gpxtpx:TrackPointExtension><gpxtpx:bearing>112.95</gpxtpx:bearing><gpxtpx:speed>15.185335</gpxtpx:speed></gpxtpx:TrackPointExtension></extensions><geoidheight>-32.4</geoidheight><src>gps</src><sat>17</sat><hdop>0.63</hdop><vdop>0.99</vdop><pdop>1.17</pdop><dgpsid>0000</dgpsid></trkpt>
<trkpt lat="23.987166833333337" lon="-110.00614650000001"><ele>56.0</ele><time>2025-12-21T21:18:41.000Z</time><extensions><gpxtpx:TrackPointExtension><gpxtpx:bearing>111.73</gpxtpx:bearing><gpxtpx:speed>18.814127</gpxtpx:speed></gpxtpx:TrackPointExtension></extensions><geoidheight>-32.4</geoidheight><src>gps</src><sat>16</sat><hdop>0.67</hdop><vdop>1.03</vdop><pdop>1.22</pdop><dgpsid>0000</dgpsid></trkpt>
<trkpt lat="23.986331166666666" lon="-110.003934"><ele>51.6</ele><time>2025-12-21T21:18:52.000Z</time><extensions><gpxtpx:TrackPointExtension><gpxtpx:bearing>113.62</gpxtpx:bearing><gpxtpx:speed>24.946527</gpxtpx:speed></gpxtpx:TrackPointExtension></extensions><geoidheight>-32.4</geoidheight><src>gps</src><sat>17</sat><hdop>0.67</hdop><vdop>1.03</vdop><pdop>1.22</pdop><dgpsid>0000</dgpsid></trkpt>
<trkpt lat="23.985333333333333" lon="-110.00146483333334"><ele>47.5</ele><time>2025-12-21T21:19:03.000Z</time><extensions><gpxtpx:TrackPointExtension><gpxtpx:bearing>113.3</gpxtpx:bearing><gpxtpx:speed>24.03444</gpxtpx:speed></gpxtpx:TrackPointExtension></extensions><geoidheight>-32.4</geoidheight><src>gps</src><sat>16</sat><hdop>0.67</hdop><vdop>1.03</vdop><pdop>1.22</pdop><dgpsid>0000</dgpsid></trkpt>
<trkpt lat="23.98442433333333" lon="-109.99916766666665"><ele>45.3</ele><time>2025-12-21T21:19:14.000Z</time><extensions><gpxtpx:TrackPointExtension><gpxtpx:bearing>112.96</gpxtpx:bearing><gpxtpx:speed>22.300856</gpxtpx:speed></gpxtpx:TrackPointExtension></extensions><geoidheight>-32.4</geoidheight><src>gps</src><sat>17</sat><hdop>0.67</hdop><vdop>1.03</vdop><pdop>1.22</pdop><dgpsid>0000</dgpsid></trkpt>
<trkpt lat="23.983576166666662" lon="-109.997013"><ele>42.1</ele><time>2025-12-21T21:19:25.000Z</time><extensions><gpxtpx:TrackPointExtension><gpxtpx:bearing>112.8</gpxtpx:bearing><gpxtpx:speed>21.066036</gpxtpx:speed></gpxtpx:TrackPointExtension></extensions><geoidheight>-32.4</geoidheight><src>gps</src><sat>16</sat><hdop>0.67</hdop><vdop>1.03</vdop><pdop>1.23</pdop><dgpsid>0000</dgpsid></trkpt>
<trkpt lat="23.982808999999996" lon="-109.99507233333334"><ele>41.9</ele><time>2025-12-21T21:19:36.000Z</time><extensions><gpxtpx:TrackPointExtension><gpxtpx:bearing>113.49</gpxtpx:bearing><gpxtpx:speed>17.754314</gpxtpx:speed></gpxtpx:TrackPointExtension></extensions><geoidheight>-32.4</geoidheight><src>gps</src><sat>15</sat><hdop>0.71</hdop><vdop>1.04</vdop><pdop>1.25</pdop><dgpsid>0000</dgpsid></trkpt>
<trkpt lat="23.98225466666667" lon="-109.993655"><ele>41.7</ele><time>2025-12-21T21:19:47.000Z</time><extensions><gpxtpx:TrackPointExtension><gpxtpx:bearing>112.39</gpxtpx:bearing><gpxtpx:speed>9.325737</gpxtpx:speed></gpxtpx:TrackPointExtension></extensions><geoidheight>-32.4</geoidheight><src>gps</src><sat>15</sat><hdop>0.71</hdop><vdop>1.04</vdop><pdop>1.25</pdop><dgpsid>0000</dgpsid></trkpt>
<trkpt lat="23.9823505" lon="-109.99320116666668"><ele>41.6</ele><time>2025-12-21T21:19:58.000Z</time><extensions><gpxtpx:TrackPointExtension><gpxtpx:bearing>5.9</gpxtpx:bearing><gpxtpx:speed>7.258098</gpxtpx:speed></gpxtpx:TrackPointExtension></extensions><geoidheight>-32.4</geoidheight><src>gps</src><sat>17</sat><hdop>0.75</hdop><vdop>1.10</vdop><pdop>1.33</pdop><dgpsid>0000</dgpsid></trkpt>
<trkpt lat="23.9835155" lon="-109.99286750000002"><ele>38.1</ele><time>2025-12-21T21:20:09.000Z</time><extensions><gpxtpx:TrackPointExtension><gpxtpx:bearing>16.15</gpxtpx:bearing><gpxtpx:speed>13.293216</gpxtpx:speed></gpxtpx:TrackPointExtension></extensions><geoidheight>-32.4</geoidheight><src>gps</src><sat>16</sat><hdop>0.67</hdop><vdop>1.02</vdop><pdop>1.22</pdop><dgpsid>0000</dgpsid></trkpt>
<trkpt lat="23.984806333333335" lon="-109.99248066666665"><ele>34.0</ele><time>2025-12-21T21:20:20.000Z</time><extensions><gpxtpx:TrackPointExtension><gpxtpx:bearing>15.5</gpxtpx:bearing><gpxtpx:speed>14.430752</gpxtpx:speed></gpxtpx:TrackPointExtension></extensions><geoidheight>-32.4</geoidheight><src>gps</src><sat>16</sat><hdop>0.67</hdop><vdop>1.02</vdop><pdop>1.22</pdop><dgpsid>0000</dgpsid></trkpt>
<trkpt lat="23.986308666666666" lon="-109.9920215"><ele>31.7</ele><time>2025-12-21T21:20:31.000Z</time><extensions><gpxtpx:TrackPointExtension><gpxtpx:bearing>16.19</gpxtpx:bearing><gpxtpx:speed>16.721266</gpxtpx:speed></gpxtpx:TrackPointExtension></extensions><geoidheight>-32.4</geoidheight><src>gps</src><sat>16</sat><hdop>0.79</hdop><vdop>1.22</vdop><pdop>1.45</pdop><dgpsid>0000</dgpsid></trkpt>
<trkpt lat="23.987917999999997" lon="-109.99154599999999"><ele>27.3</ele><time>2025-12-21T21:20:42.000Z</time><extensions><gpxtpx:TrackPointExtension><gpxtpx:bearing>15.03</gpxtpx:bearing><gpxtpx:speed>16.953405</gpxtpx:speed></gpxtpx:TrackPointExtension></extensions><geoidheight>-32.4</geoidheight><src>gps</src><sat>17</sat><hdop>0.67</hdop><vdop>1.01</vdop><pdop>1.21</pdop><dgpsid>0000</dgpsid></trkpt>
<trkpt lat="23.989658333333335" lon="-109.9910435"><ele>24.9</ele><time>2025-12-21T21:20:53.000Z</time><extensions><gpxtpx:TrackPointExtension><gpxtpx:bearing>15.08</gpxtpx:bearing><gpxtpx:speed>18.959793</gpxtpx:speed></gpxtpx:TrackPointExtension></extensions><geoidheight>-32.4</geoidheight><src>gps</src><sat>17</sat><hdop>0.67</hdop><vdop>1.01</vdop><pdop>1.21</pdop><dgpsid>0000</dgpsid></trkpt>
<trkpt lat="23.991494166666666" lon="-109.99051933333334"><ele>23.7</ele><time>2025-12-21T21:21:04.000Z</time><extensions><gpxtpx:TrackPointExtension><gpxtpx:bearing>15.24</gpxtpx:bearing><gpxtpx:speed>18.957735</gpxtpx:speed></gpxtpx:TrackPointExtension></extensions><geoidheight>-32.4</geoidheight><src>gps</src><sat>17</sat><hdop>0.64</hdop><vdop>0.94</vdop><pdop>1.14</pdop><dgpsid>0000</dgpsid></trkpt>
<trkpt lat="23.993286833333332" lon="-109.99000783333334"><ele>24.8</ele><time>2025-12-21T21:21:15.000Z</time><extensions><gpxtpx:TrackPointExtension><gpxtpx:bearing>14.51</gpxtpx:bearing><gpxtpx:speed>18.751844</gpxtpx:speed></gpxtpx:TrackPointExtension></extensions><geoidheight>-32.4</geoidheight><src>gps</src><sat>17</sat><hdop>0.65</hdop><vdop>0.99</vdop><pdop>1.18</pdop><dgpsid>0000</dgpsid></trkpt>
<trkpt lat="23.995138166666667" lon="-109.98948433333335"><ele>23.7</ele><time>2025-12-21T21:21:26.000Z</time><extensions><gpxtpx:TrackPointExtension><gpxtpx:bearing>14.55</gpxtpx:bearing><gpxtpx:speed>20.237848</gpxtpx:speed></gpxtpx:TrackPointExtension></extensions><geoidheight>-32.4</geoidheight><src>gps</src><sat>17</sat><hdop>0.67</hdop><vdop>1.02</vdop><pdop>1.22</pdop><dgpsid>0000</dgpsid></trkpt>
<trkpt lat="23.9970565" lon="-109.98894416666666"><ele>24.8</ele><time>2025-12-21T21:21:37.000Z</time><extensions><gpxtpx:TrackPointExtension><gpxtpx:bearing>14.12</gpxtpx:bearing><gpxtpx:speed>19.661875</gpxtpx:speed></gpxtpx:TrackPointExtension></extensions><geoidheight>-32.4</geoidheight><src>gps</src><sat>19</sat><hdop>0.75</hdop><vdop>1.22</vdop><pdop>1.43</pdop><dgpsid>0000</dgpsid></trkpt>
<trkpt lat="23.998995666666662" lon="-109.98841483333332"><ele>20.2</ele><time>2025-12-21T21:21:48.000Z</time><extensions><gpxtpx:TrackPointExtension><gpxtpx:bearing>14.02</gpxtpx:bearing><gpxtpx:speed>20.291895</gpxtpx:speed></gpxtpx:TrackPointExtension></extensions><geoidheight>-32.4</geoidheight><src>gps</src><sat>17</sat><hdop>0.67</hdop><vdop>0.99</vdop><pdop>1.20</pdop><dgpsid>0000</dgpsid></trkpt>
<trkpt lat="24.000897499999997" lon="-109.9878985"><ele>20.8</ele><time>2025-12-21T21:21:59.000Z</time><extensions><gpxtpx:TrackPointExtension><gpxtpx:bearing>13.8</gpxtpx:bearing><gpxtpx:speed>19.752466</gpxtpx:speed></gpxtpx:TrackPointExtension></extensions><geoidheight>-32.4</geoidheight><src>gps</src><sat>18</sat><hdop>0.60</hdop><vdop>0.88</vdop><pdop>1.06</pdop><dgpsid>0000</dgpsid></trkpt>
<trkpt lat="24.002816833333334" lon="-109.98738049999999"><ele>23.6</ele><time>2025-12-21T21:22:10.000Z</time><extensions><gpxtpx:TrackPointExtension><gpxtpx:bearing>13.68</gpxtpx:bearing><gpxtpx:speed>20.479254</gpxtpx:speed></gpxtpx:TrackPointExtension></extensions><geoidheight>-32.4</geoidheight><src>gps</src><sat>18</sat><hdop>0.72</hdop><vdop>1.08</vdop><pdop>1.30</pdop><dgpsid>0000</dgpsid></trkpt>
<trkpt lat="24.004837" lon="-109.98683950000002"><ele>24.9</ele><time>2025-12-21T21:22:21.000Z</time><extensions><gpxtpx:TrackPointExtension><gpxtpx:bearing>13.78</gpxtpx:bearing><gpxtpx:speed>21.747528</gpxtpx:speed></gpxtpx:TrackPointExtension></extensions><geoidheight>-32.4</geoidheight><src>gps</src><sat>19</sat><hdop>0.62</hdop><vdop>0.93</vdop><pdop>1.11</pdop><dgpsid>0000</dgpsid></trkpt>
<trkpt lat="24.006955166666664" lon="-109.9862725"><ele>27.4</ele><time>2025-12-21T21:22:32.000Z</time><extensions><gpxtpx:TrackPointExtension><gpxtpx:bearing>13.63</gpxtpx:bearing><gpxtpx:speed>21.879297</gpxtpx:speed></gpxtpx:TrackPointExtension></extensions><geoidheight>-32.4</geoidheight><src>gps</src><sat>19</sat><hdop>0.62</hdop><vdop>0.93</vdop><pdop>1.11</pdop><dgpsid>0000</dgpsid></trkpt>
<trkpt lat="24.009080166666664" lon="-109.98570133333332"><ele>27.7</ele><time>2025-12-21T21:22:43.000Z</time><extensions><gpxtpx:TrackPointExtension><gpxtpx:bearing>13.54</gpxtpx:bearing><gpxtpx:speed>22.21078</gpxtpx:speed></gpxtpx:TrackPointExtension></extensions><geoidheight>-32.4</geoidheight><src>gps</src><sat>19</sat><hdop>0.62</hdop><vdop>0.93</vdop><pdop>1.11</pdop><dgpsid>0000</dgpsid></trkpt>
<trkpt lat="24.0111445" lon="-109.985155"><ele>29.0</ele><time>2025-12-21T21:22:54.000Z</time><extensions><gpxtpx:TrackPointExtension><gpxtpx:bearing>13.75</gpxtpx:bearing><gpxtpx:speed>20.494696</gpxtpx:speed></gpxtpx:TrackPointExtension></extensions><geoidheight>-32.4</geoidheight><src>gps</src><sat>19</sat><hdop>0.62</hdop><vdop>0.93</vdop><pdop>1.11</pdop><dgpsid>0000</dgpsid></trkpt>
<trkpt lat="24.013078166666666" lon="-109.98463983333335"><ele>32.3</ele><time>2025-12-21T21:23:05.000Z</time><extensions><gpxtpx:TrackPointExtension><gpxtpx:bearing>12.86</gpxtpx:bearing><gpxtpx:speed>19.690184</gpxtpx:speed></gpxtpx:TrackPointExtension></extensions><geoidheight>-32.4</geoidheight><src>gps</src><sat>19</sat><hdop>0.62</hdop><vdop>0.93</vdop><pdop>1.11</pdop><dgpsid>0000</dgpsid></trkpt>
<trkpt lat="24.015028999999995" lon="-109.98445516666668"><ele>32.9</ele><time>2025-12-21T21:23:16.000Z</time><extensions><gpxtpx:TrackPointExtension><gpxtpx:bearing>358.0</gpxtpx:bearing><gpxtpx:speed>20.76132</gpxtpx:speed></gpxtpx:TrackPointExtension></extensions><geoidheight>-32.4</geoidheight><src>gps</src><sat>17</sat><hdop>0.75</hdop><vdop>1.22</vdop><pdop>1.43</pdop><dgpsid>0000</dgpsid></trkpt>
<trkpt lat="24.017108666666665" lon="-109.984566"><ele>32.9</ele><time>2025-12-21T21:23:27.000Z</time><extensions><gpxtpx:TrackPointExtension><gpxtpx:bearing>357.95</gpxtpx:bearing><gpxtpx:speed>21.240528</gpxtpx:speed></gpxtpx:TrackPointExtension></extensions><geoidheight>-32.4</geoidheight><src>gps</src><sat>17</sat><hdop>0.75</hdop><vdop>1.22</vdop><pdop>1.43</pdop><dgpsid>0000</dgpsid></trkpt>
<trkpt lat="24.019244000000004" lon="-109.98467633333333"><ele>30.0</ele><time>2025-12-21T21:23:38.000Z</time><extensions><gpxtpx:TrackPointExtension><gpxtpx:bearing>357.12</gpxtpx:bearing><gpxtpx:speed>21.838634</gpxtpx:speed></gpxtpx:TrackPointExtension></extensions><geoidheight>-32.4</geoidheight><src>gps</src><sat>18</sat><hdop>0.75</hdop><vdop>1.22</vdop><pdop>1.43</pdop><dgpsid>0000</dgpsid></trkpt>
<trkpt lat="24.021449999999998" lon="-109.9847945"><ele>24.1</ele><time>2025-12-21T21:23:49.000Z</time><extensions><gpxtpx:TrackPointExtension><gpxtpx:bearing>357.11</gpxtpx:bearing><gpxtpx:speed>22.313208</gpxtpx:speed></gpxtpx:TrackPointExtension></extensions><geoidheight>-32.4</geoidheight><src>gps</src><sat>18</sat><hdop>0.72</hdop><vdop>1.07</vdop><pdop>1.29</pdop><dgpsid>0000</dgpsid></trkpt>
<trkpt lat="24.023711000000002" lon="-109.98490616666668"><ele>21.5</ele><time>2025-12-21T21:24:00.000Z</time><extensions><gpxtpx:TrackPointExtension><gpxtpx:bearing>357.43</gpxtpx:bearing><gpxtpx:speed>22.733221</gpxtpx:speed></gpxtpx:TrackPointExtension></extensions><geoidheight>-32.4</geoidheight><src>gps</src><sat>18</sat><hdop>0.62</hdop><vdop>0.93</vdop><pdop>1.11</pdop><dgpsid>0000</dgpsid></trkpt>
<trkpt lat="24.025920666666668" lon="-109.98504033333332"><ele>23.8</ele><time>2025-12-21T21:24:11.000Z</time><extensions><gpxtpx:TrackPointExtension><gpxtpx:bearing>356.41</gpxtpx:bearing><gpxtpx:speed>21.87621</gpxtpx:speed></gpxtpx:TrackPointExtension></extensions><geoidheight>-32.4</geoidheight><src>gps</src><sat>17</sat><hdop>0.71</hdop><vdop>1.07</vdop><pdop>1.29</pdop><dgpsid>0000</dgpsid></trkpt>
<trkpt lat="24.028046333333336" lon="-109.98522399999999"><ele>26.0</ele><time>2025-12-21T21:24:22.000Z</time><extensions><gpxtpx:TrackPointExtension><gpxtpx:bearing>354.74</gpxtpx:bearing><gpxtpx:speed>20.608963</gpxtpx:speed></gpxtpx:TrackPointExtension></extensions><geoidheight>-32.4</geoidheight><src>gps</src><sat>17</sat><hdop>0.71</hdop><vdop>1.07</vdop><pdop>1.29</pdop><dgpsid>0000</dgpsid></trkpt>
<trkpt lat="24.03002916666667" lon="-109.98540583333333"><ele>28.8</ele><time>2025-12-21T21:24:33.000Z</time><extensions><gpxtpx:TrackPointExtension><gpxtpx:bearing>355.48</gpxtpx:bearing><gpxtpx:speed>19.96556</gpxtpx:speed></gpxtpx:TrackPointExtension></extensions><geoidheight>-32.4</geoidheight><src>gps</src><sat>17</sat><hdop>0.71</hdop><vdop>1.07</vdop><pdop>1.29</pdop><dgpsid>0000</dgpsid></trkpt>
<trkpt lat="24.032054666666667" lon="-109.98563166666666"><ele>26.5</ele><time>2025-12-21T21:24:44.000Z</time><extensions><gpxtpx:TrackPointExtension><gpxtpx:bearing>352.96</gpxtpx:bearing><gpxtpx:speed>21.450535</gpxtpx:speed></gpxtpx:TrackPointExtension></extensions><geoidheight>-32.4</geoidheight><src>gps</src><sat>16</sat><hdop>0.75</hdop><vdop>1.21</vdop><pdop>1.43</pdop><dgpsid>0000</dgpsid></trkpt>
<trkpt lat="24.034147" lon="-109.98591716666667"><ele>27.9</ele><time>2025-12-21T21:24:55.000Z</time><extensions><gpxtpx:TrackPointExtension><gpxtpx:bearing>352.69</gpxtpx:bearing><gpxtpx:speed>20.98574</gpxtpx:speed></gpxtpx:TrackPointExtension></extensions><geoidheight>-32.4</geoidheight><src>gps</src><sat>16</sat><hdop>0.75</hdop><vdop>1.21</vdop><pdop>1.42</pdop><dgpsid>0000</dgpsid></trkpt>
<trkpt lat="24.036014" lon="-109.9862125"><ele>32.2</ele><time>2025-12-21T21:25:06.000Z</time><extensions><gpxtpx:TrackPointExtension><gpxtpx:bearing>348.2</gpxtpx:bearing><gpxtpx:speed>17.47379</gpxtpx:speed></gpxtpx:TrackPointExtension></extensions><geoidheight>-32.4</geoidheight><src>gps</src><sat>16</sat><hdop>0.75</hdop><vdop>1.21</vdop><pdop>1.42</pdop><dgpsid>0000</dgpsid></trkpt>
<trkpt lat="24.0379185" lon="-109.98668966666668"><ele>14.5</ele><time>2025-12-21T21:25:17.000Z</time><extensions><gpxtpx:TrackPointExtension><gpxtpx:bearing>346.68</gpxtpx:bearing><gpxtpx:speed>22.054302</gpxtpx:speed></gpxtpx:TrackPointExtension></extensions><geoidheight>-32.4</geoidheight><src>gps</src><sat>17</sat><hdop>0.71</hdop><vdop>1.07</vdop><pdop>1.28</pdop><dgpsid>0000</dgpsid></trkpt>
<trkpt lat="24.039715500000003" lon="-109.98715583333333"><ele>21.2</ele><time>2025-12-21T21:25:28.000Z</time><extensions><gpxtpx:TrackPointExtension><gpxtpx:bearing>346.53</gpxtpx:bearing><gpxtpx:speed>15.844179</gpxtpx:speed></gpxtpx:TrackPointExtension></extensions><geoidheight>-32.4</geoidheight><src>gps</src><sat>18</sat><hdop>0.63</hdop><vdop>0.92</vdop><pdop>1.12</pdop><dgpsid>0000</dgpsid></trkpt>
<trkpt lat="24.041147500000005" lon="-109.98752516666667"><ele>20.7</ele><time>2025-12-21T21:25:39.000Z</time><extensions><gpxtpx:TrackPointExtension><gpxtpx:bearing>347.11</gpxtpx:bearing><gpxtpx:speed>14.168758</gpxtpx:speed></gpxtpx:TrackPointExtension></extensions><geoidheight>-32.4</geoidheight><src>gps</src><sat>19</sat><hdop>0.58</hdop><vdop>0.86</vdop><pdop>1.04</pdop><dgpsid>0000</dgpsid></trkpt>
<trkpt lat="24.042571" lon="-109.98788683333332"><ele>17.9</ele><time>2025-12-21T21:25:50.000Z</time><extensions><gpxtpx:TrackPointExtension><gpxtpx:bearing>346.35</gpxtpx:bearing><gpxtpx:speed>14.499725</gpxtpx:speed></gpxtpx:TrackPointExtension></extensions><geoidheight>-32.4</geoidheight><src>gps</src><sat>19</sat><hdop>0.62</hdop><vdop>0.91</vdop><pdop>1.10</pdop><dgpsid>0000</dgpsid></trkpt>
<trkpt lat="24.043870833333337" lon="-109.98824799999998"><ele>16.3</ele><time>2025-12-21T21:26:01.000Z</time><extensions><gpxtpx:TrackPointExtension><gpxtpx:bearing>346.27</gpxtpx:bearing><gpxtpx:speed>13.0070305</gpxtpx:speed></gpxtpx:TrackPointExtension></extensions><geoidheight>-32.4</geoidheight><src>gps</src><sat>18</sat><hdop>0.62</hdop><vdop>0.91</vdop><pdop>1.10</pdop><dgpsid>0000</dgpsid></trkpt>
<trkpt lat="24.044911666666668" lon="-109.98854566666665"><ele>18.4</ele><time>2025-12-21T21:26:12.000Z</time><extensions><gpxtpx:TrackPointExtension><gpxtpx:bearing>345.78</gpxtpx:bearing><gpxtpx:speed>7.9617233</gpxtpx:speed></gpxtpx:TrackPointExtension></extensions><geoidheight>-32.4</geoidheight><src>gps</src><sat>18</sat><hdop>0.60</hdop><vdop>0.89</vdop><pdop>1.08</pdop><dgpsid>0000</dgpsid></trkpt>
<trkpt lat="24.045310333333337" lon="-109.98865783333333"><ele>19.9</ele><time>2025-12-21T21:26:23.000Z</time><extensions><gpxtpx:TrackPointExtension><gpxtpx:bearing>345.19</gpxtpx:bearing><gpxtpx:speed>2.8603113</gpxtpx:speed></gpxtpx:TrackPointExtension></extensions><geoidheight>-32.4</geoidheight><src>gps</src><sat>18</sat><hdop>0.60</hdop><vdop>0.89</vdop><pdop>1.08</pdop><dgpsid>0000</dgpsid></trkpt>
<trkpt lat="24.045772166666666" lon="-109.98878583333332"><ele>19.2</ele><time>2025-12-21T21:26:34.000Z</time><extensions><gpxtpx:TrackPointExtension><gpxtpx:bearing>344.45</gpxtpx:bearing><gpxtpx:speed>7.2493477</gpxtpx:speed></gpxtpx:TrackPointExtension></extensions><geoidheight>-32.4</geoidheight><src>gps</src><sat>19</sat><hdop>0.57</hdop><vdop>0.84</vdop><pdop>1.01</pdop><dgpsid>0000</dgpsid></trkpt>
<trkpt lat="24.046451" lon="-109.98897433333335"><ele>18.7</ele><time>2025-12-21T21:26:45.000Z</time><extensions><gpxtpx:TrackPointExtension><gpxtpx:bearing>345.48</gpxtpx:bearing><gpxtpx:speed>6.5493255</gpxtpx:speed></gpxtpx:TrackPointExtension></extensions><geoidheight>-32.4</geoidheight><src>gps</src><sat>17</sat><hdop>0.71</hdop><vdop>1.05</vdop><pdop>1.27</pdop><dgpsid>0000</dgpsid></trkpt>
<trkpt lat="24.04677333333333" lon="-109.98910849999999"><ele>16.7</ele><time>2025-12-21T21:26:56.000Z</time><extensions><gpxtpx:TrackPointExtension><gpxtpx:bearing>298.87</gpxtpx:bearing><gpxtpx:speed>1.942047</gpxtpx:speed></gpxtpx:TrackPointExtension></extensions><geoidheight>-32.4</geoidheight><src>gps</src><sat>19</sat><hdop>0.60</hdop><vdop>0.89</vdop><pdop>1.08</pdop><dgpsid>0000</dgpsid></trkpt>
<trkpt lat="24.04674766666667" lon="-109.98918516666666"><ele>14.4</ele><time>2025-12-21T21:27:07.000Z</time><extensions><gpxtpx:TrackPointExtension><gpxtpx:speed>0.026765555</gpxtpx:speed></gpxtpx:TrackPointExtension></extensions><geoidheight>-32.4</geoidheight><src>gps</src><sat>19</sat><hdop>0.57</hdop><vdop>0.84</vdop><pdop>1.02</pdop><dgpsid>0000</dgpsid></trkpt>
<trkpt lat="24.04669933333333" lon="-109.98916933333334"><time>2025-12-21T22:32:31.000Z</time><extensions><gpxtpx:TrackPointExtension><gpxtpx:speed>0.14926945</gpxtpx:speed></gpxtpx:TrackPointExtension></extensions><src>gps</src><hdop>3.76</hdop><vdop>1.00</vdop><pdop>3.89</pdop></trkpt>
<trkpt lat="24.046788" lon="-109.98914816666665"><ele>19.9</ele><time>2025-12-21T22:32:53.000Z</time><extensions><gpxtpx:TrackPointExtension><gpxtpx:bearing>320.13</gpxtpx:bearing><gpxtpx:speed>0.6722272</gpxtpx:speed></gpxtpx:TrackPointExtension></extensions><geoidheight>-32.4</geoidheight><src>gps</src><sat>8</sat><hdop>1.64</hdop><vdop>2.29</vdop><pdop>2.81</pdop></trkpt>
<trkpt lat="24.046863999999996" lon="-109.98910599999999"><ele>17.0</ele><time>2025-12-21T22:33:04.000Z</time><extensions><gpxtpx:TrackPointExtension><gpxtpx:bearing>9.94</gpxtpx:bearing><gpxtpx:speed>1.9389586</gpxtpx:speed></gpxtpx:TrackPointExtension></extensions><geoidheight>-32.4</geoidheight><src>gps</src><sat>8</sat><hdop>1.64</hdop><vdop>2.30</vdop><pdop>2.82</pdop></trkpt>
<trkpt lat="24.04714166666667" lon="-109.98913716666667"><ele>13.2</ele><time>2025-12-21T22:33:15.000Z</time><extensions><gpxtpx:TrackPointExtension><gpxtpx:bearing>350.08</gpxtpx:bearing><gpxtpx:speed>2.866488</gpxtpx:speed></gpxtpx:TrackPointExtension></extensions><geoidheight>-32.4</geoidheight><src>gps</src><sat>9</sat><hdop>1.60</hdop><vdop>2.26</vdop><pdop>2.77</pdop></trkpt>
<trkpt lat="24.047393000000003" lon="-109.98918933333334"><ele>10.8</ele><time>2025-12-21T22:33:26.000Z</time><extensions><gpxtpx:TrackPointExtension><gpxtpx:bearing>350.57</gpxtpx:bearing><gpxtpx:speed>2.0249171</gpxtpx:speed></gpxtpx:TrackPointExtension></extensions><geoidheight>-32.4</geoidheight><src>gps</src><sat>11</sat><hdop>1.40</hdop><vdop>1.80</vdop><pdop>2.28</pdop></trkpt>
<trkpt lat="24.047673333333332" lon="-109.98927450000001"><ele>12.5</ele><time>2025-12-21T22:33:37.000Z</time><extensions><gpxtpx:TrackPointExtension><gpxtpx:bearing>348.94</gpxtpx:bearing><gpxtpx:speed>2.8047214</gpxtpx:speed></gpxtpx:TrackPointExtension></extensions><geoidheight>-32.4</geoidheight><src>gps</src><sat>11</sat><hdop>1.40</hdop><vdop>1.80</vdop><pdop>2.28</pdop></trkpt>
<trkpt lat="24.047880499999998" lon="-109.98933600000001"><ele>13.4</ele><time>2025-12-21T22:33:48.000Z</time><extensions><gpxtpx:TrackPointExtension><gpxtpx:bearing>344.24</gpxtpx:bearing><gpxtpx:speed>2.9565644</gpxtpx:speed></gpxtpx:TrackPointExtension></extensions><geoidheight>-32.4</geoidheight><src>gps</src><sat>11</sat><hdop>1.40</hdop><vdop>1.80</vdop><pdop>2.29</pdop></trkpt>
<trkpt lat="24.0483995" lon="-109.98948766666666"><ele>13.9</ele><time>2025-12-21T22:33:59.000Z</time><extensions><gpxtpx:TrackPointExtension><gpxtpx:bearing>347.85</gpxtpx:bearing><gpxtpx:speed>6.2533603</gpxtpx:speed></gpxtpx:TrackPointExtension></extensions><geoidheight>-32.4</geoidheight><src>gps</src><sat>11</sat><hdop>2.33</hdop><vdop>2.59</vdop><pdop>3.49</pdop></trkpt>
<trkpt lat="24.048720499999998" lon="-109.98957216666668"><ele>12.6</ele><time>2025-12-21T22:34:10.000Z</time><extensions><gpxtpx:TrackPointExtension><gpxtpx:bearing>347.44</gpxtpx:bearing><gpxtpx:speed>2.127347</gpxtpx:speed></gpxtpx:TrackPointExtension></extensions><geoidheight>-32.4</geoidheight><src>gps</src><sat>11</sat><hdop>1.41</hdop><vdop>1.81</vdop><pdop>2.30</pdop></trkpt>
<trkpt lat="24.049105500000003" lon="-109.98967749999998"><ele>12.9</ele><time>2025-12-21T22:34:21.000Z</time><extensions><gpxtpx:TrackPointExtension><gpxtpx:bearing>344.94</gpxtpx:bearing><gpxtpx:speed>5.7077546</gpxtpx:speed></gpxtpx:TrackPointExtension></extensions><geoidheight>-32.4</geoidheight><src>gps</src><sat>12</sat><hdop>1.51</hdop><vdop>1.42</vdop><pdop>2.07</pdop></trkpt>
<trkpt lat="24.0497505" lon="-109.98986983333334"><ele>14.0</ele><time>2025-12-21T22:34:32.000Z</time><extensions><gpxtpx:TrackPointExtension><gpxtpx:bearing>341.8</gpxtpx:bearing><gpxtpx:speed>9.231029</gpxtpx:speed></gpxtpx:TrackPointExtension></extensions><geoidheight>-32.4</geoidheight><src>gps</src><sat>12</sat><hdop>1.03</hdop><vdop>1.22</vdop><pdop>1.60</pdop></trkpt>
<trkpt lat="24.05078116666667" lon="-109.99012333333333"><ele>19.0</ele><time>2025-12-21T22:34:43.000Z</time><extensions><gpxtpx:TrackPointExtension><gpxtpx:bearing>355.11</gpxtpx:bearing><gpxtpx:speed>9.188821</gpxtpx:speed></gpxtpx:TrackPointExtension></extensions><geoidheight>-32.4</geoidheight><src>gps</src><sat>12</sat><hdop>1.03</hdop><vdop>1.22</vdop><pdop>1.60</pdop></trkpt>
<trkpt lat="24.051281666666668" lon="-109.990103"><ele>20.6</ele><time>2025-12-21T22:34:54.000Z</time><extensions><gpxtpx:TrackPointExtension><gpxtpx:bearing>8.02</gpxtpx:bearing><gpxtpx:speed>1.6774797</gpxtpx:speed></gpxtpx:TrackPointExtension></extensions><geoidheight>-32.4</geoidheight><src>gps</src><sat>13</sat><hdop>0.90</hdop><vdop>1.19</vdop><pdop>1.49</pdop></trkpt>
<trkpt lat="24.051771666666664" lon="-109.99004216666665"><ele>21.1</ele><time>2025-12-21T22:35:05.000Z</time><extensions><gpxtpx:TrackPointExtension><gpxtpx:bearing>7.71</gpxtpx:bearing><gpxtpx:speed>8.966461</gpxtpx:speed></gpxtpx:TrackPointExtension></extensions><geoidheight>-32.4</geoidheight><src>gps</src><sat>13</sat><hdop>0.90</hdop><vdop>1.19</vdop><pdop>1.49</pdop></trkpt>
<trkpt lat="24.052621833333333" lon="-109.98990350000001"><ele>18.7</ele><time>2025-12-21T22:35:16.000Z</time><extensions><gpxtpx:TrackPointExtension><gpxtpx:bearing>8.26</gpxtpx:bearing><gpxtpx:speed>5.0967793</gpxtpx:speed></gpxtpx:TrackPointExtension></extensions><geoidheight>-32.4</geoidheight><src>gps</src><sat>14</sat><hdop>0.84</hdop><vdop>1.16</vdop><pdop>1.43</pdop></trkpt>
<trkpt lat="24.05287033333333" lon="-109.98985483333333"><ele>18.3</ele><time>2025-12-21T22:35:27.000Z</time><extensions><gpxtpx:TrackPointExtension><gpxtpx:bearing>8.68</gpxtpx:bearing><gpxtpx:speed>4.308225</gpxtpx:speed></gpxtpx:TrackPointExtension></extensions><geoidheight>-32.4</geoidheight><src>gps</src><sat>14</sat><hdop>0.84</hdop><vdop>1.16</vdop><pdop>1.43</pdop></trkpt>
<trkpt lat="24.053468" lon="-109.98976016666666"><ele>17.2</ele><time>2025-12-21T22:35:38.000Z</time><extensions><gpxtpx:TrackPointExtension><gpxtpx:bearing>9.38</gpxtpx:bearing><gpxtpx:speed>5.8323174</gpxtpx:speed></gpxtpx:TrackPointExtension></extensions><geoidheight>-32.4</geoidheight><src>gps</src><sat>15</sat><hdop>0.82</hdop><vdop>1.14</vdop><pdop>1.40</pdop></trkpt>
<trkpt lat="24.053869666666667" lon="-109.98969549999998"><ele>16.8</ele><time>2025-12-21T22:35:49.000Z</time><extensions><gpxtpx:TrackPointExtension><gpxtpx:bearing>7.59</gpxtpx:bearing><gpxtpx:speed>1.9060163</gpxtpx:speed></gpxtpx:TrackPointExtension></extensions><geoidheight>-32.4</geoidheight><src>gps</src><sat>15</sat><hdop>0.82</hdop><vdop>1.14</vdop><pdop>1.40</pdop></trkpt>
<trkpt lat="24.054148166666664" lon="-109.98963499999999"><ele>16.2</ele><time>2025-12-21T22:36:00.000Z</time><extensions><gpxtpx:TrackPointExtension><gpxtpx:bearing>16.36</gpxtpx:bearing><gpxtpx:speed>2.3394125</gpxtpx:speed></gpxtpx:TrackPointExtension></extensions><geoidheight>-32.4</geoidheight><src>gps</src><sat>15</sat><hdop>0.82</hdop><vdop>1.14</vdop><pdop>1.40</pdop></trkpt>
<trkpt lat="24.05422866666667" lon="-109.98956083333333"><ele>15.2</ele><time>2025-12-21T22:36:11.000Z</time><extensions><gpxtpx:TrackPointExtension><gpxtpx:bearing>44.8</gpxtpx:bearing><gpxtpx:speed>0.34640807</gpxtpx:speed></gpxtpx:TrackPointExtension></extensions><geoidheight>-32.4</geoidheight><src>gps</src><sat>15</sat><hdop>0.82</hdop><vdop>1.14</vdop><pdop>1.40</pdop></trkpt>
<trkpt lat="24.05429566666667" lon="-109.98945033333332"><ele>12.6</ele><time>2025-12-21T22:36:33.000Z</time><extensions><gpxtpx:TrackPointExtension><gpxtpx:bearing>37.63</gpxtpx:bearing><gpxtpx:speed>0.9321619</gpxtpx:speed></gpxtpx:TrackPointExtension></extensions><geoidheight>-32.4</geoidheight><src>gps</src><sat>15</sat><hdop>0.82</hdop><vdop>1.14</vdop><pdop>1.40</pdop></trkpt>
<trkpt lat="24.0544045" lon="-109.98944349999998"><ele>11.1</ele><time>2025-12-21T22:36:44.000Z</time><extensions><gpxtpx:TrackPointExtension><gpxtpx:bearing>348.9</gpxtpx:bearing><gpxtpx:speed>1.3444544</gpxtpx:speed></gpxtpx:TrackPointExtension></extensions><geoidheight>-32.4</geoidheight><src>gps</src><sat>15</sat><hdop>0.82</hdop><vdop>1.14</vdop><pdop>1.40</pdop></trkpt>
<trkpt lat="24.054473666666663" lon="-109.98943749999998"><ele>11.6</ele><time>2025-12-21T22:36:55.000Z</time><extensions><gpxtpx:TrackPointExtension><gpxtpx:speed>0.07978194</gpxtpx:speed></gpxtpx:TrackPointExtension></extensions><geoidheight>-32.4</geoidheight><src>gps</src><sat>15</sat><hdop>0.82</hdop><vdop>1.14</vdop><pdop>1.40</pdop></trkpt>
<trkpt lat="24.054457499999998" lon="-109.98940149999999"><ele>6.9</ele><time>2025-12-21T22:49:33.000Z</time><extensions><gpxtpx:TrackPointExtension><gpxtpx:speed>0.15647556</gpxtpx:speed></gpxtpx:TrackPointExtension></extensions><geoidheight>-32.4</geoidheight><src>gps</src><sat>4</sat><hdop>2.20</hdop><vdop>2.47</vdop><pdop>3.31</pdop></trkpt>
<trkpt lat="24.05440566666667" lon="-109.98943833333333"><ele>9.4</ele><time>2025-12-21T22:50:16.000Z</time><extensions><gpxtpx:TrackPointExtension><gpxtpx:speed>0.25942</gpxtpx:speed></gpxtpx:TrackPointExtension></extensions><geoidheight>-32.4</geoidheight><src>gps</src><sat>9</sat><hdop>1.51</hdop><vdop>2.07</vdop><pdop>2.57</pdop></trkpt>
<trkpt lat="24.054312166666666" lon="-109.9894635"><ele>10.0</ele><time>2025-12-21T22:50:38.000Z</time><extensions><gpxtpx:TrackPointExtension><gpxtpx:speed>0.4581028</gpxtpx:speed></gpxtpx:TrackPointExtension></extensions><geoidheight>-32.4</geoidheight><src>gps</src><sat>9</sat><hdop>1.51</hdop><vdop>2.09</vdop><pdop>2.58</pdop></trkpt>
<trkpt lat="24.054280499999997" lon="-109.98940166666668"><ele>7.7</ele><time>2025-12-21T22:50:49.000Z</time><extensions><gpxtpx:TrackPointExtension><gpxtpx:speed>0.4313372</gpxtpx:speed></gpxtpx:TrackPointExtension></extensions><geoidheight>-32.4</geoidheight><src>gps</src><sat>9</sat><hdop>1.51</hdop><vdop>2.10</vdop><pdop>2.59</pdop></trkpt>
<trkpt lat="24.054290666666663" lon="-109.989329"><ele>8.6</ele><time>2025-12-21T22:51:00.000Z</time><extensions><gpxtpx:TrackPointExtension><gpxtpx:bearing>89.29</gpxtpx:bearing><gpxtpx:speed>0.8312764</gpxtpx:speed></gpxtpx:TrackPointExtension></extensions><geoidheight>-32.4</geoidheight><src>gps</src><sat>10</sat><hdop>1.46</hdop><vdop>2.09</vdop><pdop>2.55</pdop></trkpt>
<trkpt lat="24.054246166666665" lon="-109.98948433333335"><ele>5.0</ele><time>2025-12-21T22:51:44.000Z</time><extensions><gpxtpx:TrackPointExtension><gpxtpx:bearing>218.26</gpxtpx:bearing><gpxtpx:speed>1.5174011</gpxtpx:speed></gpxtpx:TrackPointExtension></extensions><geoidheight>-32.4</geoidheight><src>gps</src><sat>14</sat><hdop>0.81</hdop><vdop>1.13</vdop><pdop>1.39</pdop></trkpt>
<trkpt lat="24.0542885" lon="-109.98961283333334"><ele>6.6</ele><time>2025-12-21T22:51:55.000Z</time><extensions><gpxtpx:TrackPointExtension><gpxtpx:bearing>345.02</gpxtpx:bearing><gpxtpx:speed>1.6038744</gpxtpx:speed></gpxtpx:TrackPointExtension></extensions><geoidheight>-32.4</geoidheight><src>gps</src><sat>15</sat><hdop>0.78</hdop><vdop>1.10</vdop><pdop>1.35</pdop></trkpt>
<trkpt lat="24.05463633333333" lon="-109.98955149999999"><ele>6.0</ele><time>2025-12-21T22:52:06.000Z</time><extensions><gpxtpx:TrackPointExtension><gpxtpx:bearing>9.99</gpxtpx:bearing><gpxtpx:speed>4.427126</gpxtpx:speed></gpxtpx:TrackPointExtension></extensions><geoidheight>-32.4</geoidheight><src>gps</src><sat>15</sat><hdop>0.81</hdop><vdop>1.13</vdop><pdop>1.39</pdop></trkpt>
<trkpt lat="24.05508466666667" lon="-109.98948133333333"><ele>4.0</ele><time>2025-12-21T22:52:17.000Z</time><extensions><gpxtpx:TrackPointExtension><gpxtpx:bearing>10.37</gpxtpx:bearing><gpxtpx:speed>4.2685914</gpxtpx:speed></gpxtpx:TrackPointExtension></extensions><geoidheight>-32.4</geoidheight><src>gps</src><sat>14</sat><hdop>0.81</hdop><vdop>1.13</vdop><pdop>1.39</pdop></trkpt>
<trkpt lat="24.055964499999998" lon="-109.98939733333333"><ele>6.2</ele><time>2025-12-21T22:52:28.000Z</time><extensions><gpxtpx:TrackPointExtension><gpxtpx:bearing>357.21</gpxtpx:bearing><gpxtpx:speed>10.367021</gpxtpx:speed></gpxtpx:TrackPointExtension></extensions><geoidheight>-32.4</geoidheight><src>gps</src><sat>14</sat><hdop>0.81</hdop><vdop>1.13</vdop><pdop>1.39</pdop></trkpt>
<trkpt lat="24.05677316666667" lon="-109.98946733333332"><ele>7.6</ele><time>2025-12-21T22:52:39.000Z</time><extensions><gpxtpx:TrackPointExtension><gpxtpx:bearing>352.94</gpxtpx:bearing><gpxtpx:speed>7.015664</gpxtpx:speed></gpxtpx:TrackPointExtension></extensions><geoidheight>-32.4</geoidheight><src>gps</src><sat>14</sat><hdop>0.84</hdop><vdop>1.16</vdop><pdop>1.43</pdop></trkpt>
<trkpt lat="24.057387499999997" lon="-109.98973099999999"><ele>8.8</ele><time>2025-12-21T22:52:50.000Z</time><extensions><gpxtpx:TrackPointExtension><gpxtpx:bearing>336.14</gpxtpx:bearing><gpxtpx:speed>6.161225</gpxtpx:speed></gpxtpx:TrackPointExtension></extensions><geoidheight>-32.4</geoidheight><src>gps</src><sat>15</sat><hdop>0.81</hdop><vdop>1.13</vdop><pdop>1.39</pdop></trkpt>
<trkpt lat="24.058055500000002" lon="-109.990102"><ele>12.8</ele><time>2025-12-21T22:53:01.000Z</time><extensions><gpxtpx:TrackPointExtension><gpxtpx:bearing>331.21</gpxtpx:bearing><gpxtpx:speed>9.417357</gpxtpx:speed></gpxtpx:TrackPointExtension></extensions><geoidheight>-32.4</geoidheight><src>gps</src><sat>15</sat><hdop>0.81</hdop><vdop>1.13</vdop><pdop>1.39</pdop></trkpt>
<trkpt lat="24.058832999999996" lon="-109.99053416666666"><ele>21.4</ele><time>2025-12-21T22:53:12.000Z</time><extensions><gpxtpx:TrackPointExtension><gpxtpx:bearing>331.71</gpxtpx:bearing><gpxtpx:speed>8.075477</gpxtpx:speed></gpxtpx:TrackPointExtension></extensions><geoidheight>-32.4</geoidheight><src>gps</src><sat>15</sat><hdop>0.81</hdop><vdop>1.13</vdop><pdop>1.39</pdop></trkpt>
<trkpt lat="24.059552999999998" lon="-109.99094666666666"><ele>23.8</ele><time>2025-12-21T22:53:23.000Z</time><extensions><gpxtpx:TrackPointExtension><gpxtpx:bearing>332.63</gpxtpx:bearing><gpxtpx:speed>7.9246635</gpxtpx:speed></gpxtpx:TrackPointExtension></extensions><geoidheight>-32.4</geoidheight><src>gps</src><sat>15</sat><hdop>1.01</hdop><vdop>1.45</vdop><pdop>1.77</pdop></trkpt>
<trkpt lat="24.06029416666667" lon="-109.9913715"><ele>25.4</ele><time>2025-12-21T22:53:34.000Z</time><extensions><gpxtpx:TrackPointExtension><gpxtpx:bearing>332.11</gpxtpx:bearing><gpxtpx:speed>9.25419</gpxtpx:speed></gpxtpx:TrackPointExtension></extensions><geoidheight>-32.4</geoidheight><src>gps</src><sat>15</sat><hdop>0.78</hdop><vdop>1.10</vdop><pdop>1.35</pdop></trkpt>
<trkpt lat="24.06111483333333" lon="-109.99184183333334"><ele>25.8</ele><time>2025-12-21T22:53:45.000Z</time><extensions><gpxtpx:TrackPointExtension><gpxtpx:bearing>331.91</gpxtpx:bearing><gpxtpx:speed>9.642291</gpxtpx:speed></gpxtpx:TrackPointExtension></extensions><geoidheight>-32.4</geoidheight><src>gps</src><sat>15</sat><hdop>0.78</hdop><vdop>1.10</vdop><pdop>1.35</pdop></trkpt>
<trkpt lat="24.06194683333333" lon="-109.99224466666668"><ele>27.2</ele><time>2025-12-21T22:53:56.000Z</time><extensions><gpxtpx:TrackPointExtension><gpxtpx:bearing>343.77</gpxtpx:bearing><gpxtpx:speed>8.612332</gpxtpx:speed></gpxtpx:TrackPointExtension></extensions><geoidheight>-32.4</geoidheight><src>gps</src><sat>15</sat><hdop>0.78</hdop><vdop>1.10</vdop><pdop>1.35</pdop></trkpt>
<trkpt lat="24.062864833333332" lon="-109.99234466666667"><ele>29.9</ele><time>2025-12-21T22:54:07.000Z</time><extensions><gpxtpx:TrackPointExtension><gpxtpx:bearing>359.84</gpxtpx:bearing><gpxtpx:speed>9.418902</gpxtpx:speed></gpxtpx:TrackPointExtension></extensions><geoidheight>-32.4</geoidheight><src>gps</src><sat>15</sat><hdop>0.78</hdop><vdop>1.10</vdop><pdop>1.35</pdop></trkpt>
<trkpt lat="24.06382066666667" lon="-109.99236199999999"><ele>32.0</ele><time>2025-12-21T22:54:18.000Z</time><extensions><gpxtpx:TrackPointExtension><gpxtpx:bearing>358.94</gpxtpx:bearing><gpxtpx:speed>9.522876</gpxtpx:speed></gpxtpx:TrackPointExtension></extensions><geoidheight>-32.4</geoidheight><src>gps</src><sat>15</sat><hdop>0.81</hdop><vdop>1.13</vdop><pdop>1.39</pdop></trkpt>
<trkpt lat="24.064500666666664" lon="-109.99237149999999"><ele>33.2</ele><time>2025-12-21T22:54:29.000Z</time><extensions><gpxtpx:TrackPointExtension><gpxtpx:bearing>358.29</gpxtpx:bearing><gpxtpx:speed>3.1717184</gpxtpx:speed></gpxtpx:TrackPointExtension></extensions><geoidheight>-32.4</geoidheight><src>gps</src><sat>14</sat><hdop>0.81</hdop><vdop>1.13</vdop><pdop>1.39</pdop></trkpt>
<trkpt lat="24.064745500000004" lon="-109.99237616666666"><ele>34.5</ele><time>2025-12-21T22:54:40.000Z</time><extensions><gpxtpx:TrackPointExtension><gpxtpx:bearing>359.5</gpxtpx:bearing><gpxtpx:speed>4.0740266</gpxtpx:speed></gpxtpx:TrackPointExtension></extensions><geoidheight>-32.4</geoidheight><src>gps</src><sat>16</sat><hdop>0.71</hdop><vdop>0.93</vdop><pdop>1.17</pdop></trkpt>
<trkpt lat="24.065307500000003" lon="-109.99238199999999"><ele>33.6</ele><time>2025-12-21T22:54:51.000Z</time><extensions><gpxtpx:TrackPointExtension><gpxtpx:bearing>359.98</gpxtpx:bearing><gpxtpx:speed>7.4351625</gpxtpx:speed></gpxtpx:TrackPointExtension></extensions><geoidheight>-32.4</geoidheight><src>gps</src><sat>16</sat><hdop>0.68</hdop><vdop>0.91</vdop><pdop>1.13</pdop></trkpt>
<trkpt lat="24.066035166666666" lon="-109.99238516666668"><ele>32.8</ele><time>2025-12-21T22:55:02.000Z</time><extensions><gpxtpx:TrackPointExtension><gpxtpx:bearing>0.02</gpxtpx:bearing><gpxtpx:speed>7.5334744</gpxtpx:speed></gpxtpx:TrackPointExtension></extensions><geoidheight>-32.4</geoidheight><src>gps</src><sat>16</sat><hdop>0.68</hdop><vdop>0.91</vdop><pdop>1.13</pdop></trkpt>
<trkpt lat="24.066799" lon="-109.9923845"><ele>32.2</ele><time>2025-12-21T22:55:13.000Z</time><extensions><gpxtpx:TrackPointExtension><gpxtpx:bearing>359.35</gpxtpx:bearing><gpxtpx:speed>7.7213483</gpxtpx:speed></gpxtpx:TrackPointExtension></extensions><geoidheight>-32.4</geoidheight><src>gps</src><sat>17</sat><hdop>0.64</hdop><vdop>0.90</vdop><pdop>1.11</pdop></trkpt>
<trkpt lat="24.067573" lon="-109.992383"><ele>31.6</ele><time>2025-12-21T22:55:24.000Z</time><extensions><gpxtpx:TrackPointExtension><gpxtpx:bearing>0.45</gpxtpx:bearing><gpxtpx:speed>6.895219</gpxtpx:speed></gpxtpx:TrackPointExtension></extensions><geoidheight>-32.4</geoidheight><src>gps</src><sat>16</sat><hdop>0.70</hdop><vdop>0.96</vdop><pdop>1.19</pdop></trkpt>
<trkpt lat="24.067915833333338" lon="-109.99237916666668"><ele>32.1</ele><time>2025-12-21T22:55:35.000Z</time><extensions><gpxtpx:TrackPointExtension><gpxtpx:bearing>358.3</gpxtpx:bearing><gpxtpx:speed>2.847958</gpxtpx:speed></gpxtpx:TrackPointExtension></extensions><geoidheight>-32.4</geoidheight><src>gps</src><sat>16</sat><hdop>0.70</hdop><vdop>0.96</vdop><pdop>1.19</pdop></trkpt>
<trkpt lat="24.068338833333335" lon="-109.99238366666665"><ele>32.7</ele><time>2025-12-21T22:55:46.000Z</time><extensions><gpxtpx:TrackPointExtension><gpxtpx:bearing>358.75</gpxtpx:bearing><gpxtpx:speed>6.4468956</gpxtpx:speed></gpxtpx:TrackPointExtension></extensions><geoidheight>-32.4</geoidheight><src>gps</src><sat>18</sat><hdop>0.64</hdop><vdop>0.88</vdop><pdop>1.09</pdop></trkpt>
<trkpt lat="24.0690435" lon="-109.99238849999999"><ele>33.2</ele><time>2025-12-21T22:55:57.000Z</time><extensions><gpxtpx:TrackPointExtension><gpxtpx:bearing>359.45</gpxtpx:bearing><gpxtpx:speed>7.4104557</gpxtpx:speed></gpxtpx:TrackPointExtension></extensions><geoidheight>-32.4</geoidheight><src>gps</src><sat>18</sat><hdop>0.68</hdop><vdop>0.92</vdop><pdop>1.14</pdop></trkpt>
<trkpt lat="24.0697425" lon="-109.99239250000001"><ele>33.3</ele><time>2025-12-21T22:56:08.000Z</time><extensions><gpxtpx:TrackPointExtension><gpxtpx:bearing>358.76</gpxtpx:bearing><gpxtpx:speed>6.759847</gpxtpx:speed></gpxtpx:TrackPointExtension></extensions><geoidheight>-32.4</geoidheight><src>gps</src><sat>18</sat><hdop>0.64</hdop><vdop>0.88</vdop><pdop>1.09</pdop></trkpt>
<trkpt lat="24.07012033333333" lon="-109.992398"><ele>32.9</ele><time>2025-12-21T22:56:19.000Z</time><extensions><gpxtpx:TrackPointExtension><gpxtpx:bearing>358.18</gpxtpx:bearing><gpxtpx:speed>3.5943053</gpxtpx:speed></gpxtpx:TrackPointExtension></extensions><geoidheight>-32.4</geoidheight><src>gps</src><sat>18</sat><hdop>0.68</hdop><vdop>0.92</vdop><pdop>1.14</pdop></trkpt>
<trkpt lat="24.070663666666665" lon="-109.99240816666666"><ele>32.9</ele><time>2025-12-21T22:56:30.000Z</time><extensions><gpxtpx:TrackPointExtension><gpxtpx:bearing>358.96</gpxtpx:bearing><gpxtpx:speed>7.122726</gpxtpx:speed></gpxtpx:TrackPointExtension></extensions><geoidheight>-32.4</geoidheight><src>gps</src><sat>18</sat><hdop>0.68</hdop><vdop>0.91</vdop><pdop>1.14</pdop></trkpt>
<trkpt lat="24.0712185" lon="-109.99241166666667"><ele>33.3</ele><time>2025-12-21T22:56:41.000Z</time><extensions><gpxtpx:TrackPointExtension><gpxtpx:bearing>359.95</gpxtpx:bearing><gpxtpx:speed>4.774049</gpxtpx:speed></gpxtpx:TrackPointExtension></extensions><geoidheight>-32.4</geoidheight><src>gps</src><sat>18</sat><hdop>0.68</hdop><vdop>0.91</vdop><pdop>1.14</pdop></trkpt>
<trkpt lat="24.07177733333333" lon="-109.99242383333333"><ele>33.1</ele><time>2025-12-21T22:56:52.000Z</time><extensions><gpxtpx:TrackPointExtension><gpxtpx:bearing>358.91</gpxtpx:bearing><gpxtpx:speed>4.9572897</gpxtpx:speed></gpxtpx:TrackPointExtension></extensions><geoidheight>-32.4</geoidheight><src>gps</src><sat>18</sat><hdop>0.68</hdop><vdop>0.91</vdop><pdop>1.14</pdop></trkpt>
<trkpt lat="24.072200833333333" lon="-109.99242566666665"><ele>33.0</ele><time>2025-12-21T22:57:03.000Z</time><extensions><gpxtpx:TrackPointExtension><gpxtpx:bearing>359.71</gpxtpx:bearing><gpxtpx:speed>5.8632007</gpxtpx:speed></gpxtpx:TrackPointExtension></extensions><geoidheight>-32.4</geoidheight><src>gps</src><sat>17</sat><hdop>0.68</hdop><vdop>0.91</vdop><pdop>1.14</pdop></trkpt>
<trkpt lat="24.072806333333332" lon="-109.99242916666665"><ele>32.6</ele><time>2025-12-21T22:57:14.000Z</time><extensions><gpxtpx:TrackPointExtension><gpxtpx:bearing>359.56</gpxtpx:bearing><gpxtpx:speed>7.0573564</gpxtpx:speed></gpxtpx:TrackPointExtension></extensions><geoidheight>-32.4</geoidheight><src>gps</src><sat>17</sat><hdop>0.68</hdop><vdop>0.91</vdop><pdop>1.13</pdop></trkpt>
<trkpt lat="24.07353666666667" lon="-109.99244616666668"><ele>31.0</ele><time>2025-12-21T22:57:25.000Z</time><extensions><gpxtpx:TrackPointExtension><gpxtpx:bearing>358.61</gpxtpx:bearing><gpxtpx:speed>7.379058</gpxtpx:speed></gpxtpx:TrackPointExtension></extensions><geoidheight>-32.4</geoidheight><src>gps</src><sat>17</sat><hdop>0.68</hdop><vdop>0.91</vdop><pdop>1.13</pdop></trkpt>
<trkpt lat="24.074276666666666" lon="-109.99246266666665"><ele>29.3</ele><time>2025-12-21T22:57:36.000Z</time><extensions><gpxtpx:TrackPointExtension><gpxtpx:bearing>359.1</gpxtpx:bearing><gpxtpx:speed>6.8602176</gpxtpx:speed></gpxtpx:TrackPointExtension></extensions><geoidheight>-32.4</geoidheight><src>gps</src><sat>17</sat><hdop>0.68</hdop><vdop>0.91</vdop><pdop>1.13</pdop></trkpt>
<trkpt lat="24.07459216666667" lon="-109.99246733333332"><ele>28.3</ele><time>2025-12-21T22:57:47.000Z</time><extensions><gpxtpx:TrackPointExtension><gpxtpx:bearing>358.36</gpxtpx:bearing><gpxtpx:speed>3.1717184</gpxtpx:speed></gpxtpx:TrackPointExtension></extensions><geoidheight>-32.4</geoidheight><src>gps</src><sat>17</sat><hdop>0.68</hdop><vdop>0.91</vdop><pdop>1.13</pdop></trkpt>
<trkpt lat="24.075081333333333" lon="-109.99249066666668"><ele>26.9</ele><time>2025-12-21T22:57:58.000Z</time><extensions><gpxtpx:TrackPointExtension><gpxtpx:bearing>355.79</gpxtpx:bearing><gpxtpx:speed>6.7371993</gpxtpx:speed></gpxtpx:TrackPointExtension></extensions><geoidheight>-32.4</geoidheight><src>gps</src><sat>18</sat><hdop>0.65</hdop><vdop>0.86</vdop><pdop>1.08</pdop></trkpt>
<trkpt lat="24.075702999999997" lon="-109.99255883333332"><ele>25.5</ele><time>2025-12-21T22:58:09.000Z</time><extensions><gpxtpx:TrackPointExtension><gpxtpx:bearing>353.09</gpxtpx:bearing><gpxtpx:speed>6.4309397</gpxtpx:speed></gpxtpx:TrackPointExtension></extensions><geoidheight>-32.4</geoidheight><src>gps</src><sat>18</sat><hdop>0.64</hdop><vdop>0.88</vdop><pdop>1.08</pdop></trkpt>
<trkpt lat="24.0763375" lon="-109.99263449999998"><ele>25.4</ele><time>2025-12-21T22:58:20.000Z</time><extensions><gpxtpx:TrackPointExtension><gpxtpx:bearing>353.83</gpxtpx:bearing><gpxtpx:speed>5.643929</gpxtpx:speed></gpxtpx:TrackPointExtension></extensions><geoidheight>-32.4</geoidheight><src>gps</src><sat>18</sat><hdop>0.68</hdop><vdop>0.91</vdop><pdop>1.13</pdop></trkpt>
<trkpt lat="24.0766195" lon="-109.99266616666667"><ele>25.5</ele><time>2025-12-21T22:58:31.000Z</time><extensions><gpxtpx:TrackPointExtension><gpxtpx:bearing>354.45</gpxtpx:bearing><gpxtpx:speed>3.9808617</gpxtpx:speed></gpxtpx:TrackPointExtension></extensions><geoidheight>-32.4</geoidheight><src>gps</src><sat>18</sat><hdop>0.68</hdop><vdop>0.91</vdop><pdop>1.13</pdop></trkpt>
<trkpt lat="24.07722216666667" lon="-109.99273066666667"><ele>24.3</ele><time>2025-12-21T22:58:42.000Z</time><extensions><gpxtpx:TrackPointExtension><gpxtpx:bearing>354.49</gpxtpx:bearing><gpxtpx:speed>6.0582805</gpxtpx:speed></gpxtpx:TrackPointExtension></extensions><geoidheight>-32.4</geoidheight><src>gps</src><sat>18</sat><hdop>0.63</hdop><vdop>0.89</vdop><pdop>1.09</pdop></trkpt>
<trkpt lat="24.077909666666663" lon="-109.9928055"><ele>23.5</ele><time>2025-12-21T22:58:53.000Z</time><extensions><gpxtpx:TrackPointExtension><gpxtpx:bearing>354.59</gpxtpx:bearing><gpxtpx:speed>7.670905</gpxtpx:speed></gpxtpx:TrackPointExtension></extensions><geoidheight>-32.4</geoidheight><src>gps</src><sat>18</sat><hdop>0.68</hdop><vdop>0.90</vdop><pdop>1.13</pdop></trkpt>
<trkpt lat="24.078620500000003" lon="-109.99287350000002"><ele>21.5</ele><time>2025-12-21T22:59:04.000Z</time><extensions><gpxtpx:TrackPointExtension><gpxtpx:bearing>355.11</gpxtpx:bearing><gpxtpx:speed>7.0089726</gpxtpx:speed></gpxtpx:TrackPointExtension></extensions><geoidheight>-32.4</geoidheight><src>gps</src><sat>18</sat><hdop>0.70</hdop><vdop>0.93</vdop><pdop>1.16</pdop></trkpt>
<trkpt lat="24.07925116666667" lon="-109.99291933333333"><ele>19.7</ele><time>2025-12-21T22:59:15.000Z</time><extensions><gpxtpx:TrackPointExtension><gpxtpx:bearing>355.92</gpxtpx:bearing><gpxtpx:speed>6.0989437</gpxtpx:speed></gpxtpx:TrackPointExtension></extensions><geoidheight>-32.4</geoidheight><src>gps</src><sat>18</sat><hdop>0.64</hdop><vdop>0.87</vdop><pdop>1.08</pdop></trkpt>
<trkpt lat="24.07977316666667" lon="-109.99292716666666"><ele>18.1</ele><time>2025-12-21T22:59:26.000Z</time><extensions><gpxtpx:TrackPointExtension><gpxtpx:bearing>4.08</gpxtpx:bearing><gpxtpx:speed>5.2172246</gpxtpx:speed></gpxtpx:TrackPointExtension></extensions><geoidheight>-32.4</geoidheight><src>gps</src><sat>18</sat><hdop>0.68</hdop><vdop>0.90</vdop><pdop>1.13</pdop></trkpt>
<trkpt lat="24.0803415" lon="-109.99293983333334"><ele>16.3</ele><time>2025-12-21T22:59:37.000Z</time><extensions><gpxtpx:TrackPointExtension><gpxtpx:bearing>356.58</gpxtpx:bearing><gpxtpx:speed>5.6598854</gpxtpx:speed></gpxtpx:TrackPointExtension></extensions><geoidheight>-32.4</geoidheight><src>gps</src><sat>17</sat><hdop>0.68</hdop><vdop>0.90</vdop><pdop>1.13</pdop></trkpt>
<trkpt lat="24.080809999999996" lon="-109.9929655"><ele>15.3</ele><time>2025-12-21T22:59:48.000Z</time><extensions><gpxtpx:TrackPointExtension><gpxtpx:bearing>356.67</gpxtpx:bearing><gpxtpx:speed>4.397272</gpxtpx:speed></gpxtpx:TrackPointExtension></extensions><geoidheight>-32.4</geoidheight><src>gps</src><sat>18</sat><hdop>0.62</hdop><vdop>0.84</vdop><pdop>1.04</pdop></trkpt>
<trkpt lat="24.081304666666664" lon="-109.99300333333333"><ele>11.8</ele><time>2025-12-21T22:59:59.000Z</time><extensions><gpxtpx:TrackPointExtension><gpxtpx:bearing>356.32</gpxtpx:bearing><gpxtpx:speed>4.191898</gpxtpx:speed></gpxtpx:TrackPointExtension></extensions><geoidheight>-32.4</geoidheight><src>gps</src><sat>17</sat><hdop>0.70</hdop><vdop>0.93</vdop><pdop>1.16</pdop></trkpt>
<trkpt lat="24.081727" lon="-109.99303516666666"><ele>10.0</ele><time>2025-12-21T23:00:10.000Z</time><extensions><gpxtpx:TrackPointExtension><gpxtpx:bearing>355.45</gpxtpx:bearing><gpxtpx:speed>3.8269596</gpxtpx:speed></gpxtpx:TrackPointExtension></extensions><geoidheight>-32.4</geoidheight><src>gps</src><sat>17</sat><hdop>0.62</hdop><vdop>0.84</vdop><pdop>1.04</pdop></trkpt>
<trkpt lat="24.081961833333335" lon="-109.99302199999998"><ele>9.3</ele><time>2025-12-21T23:00:21.000Z</time><extensions><gpxtpx:TrackPointExtension><gpxtpx:bearing>41.26</gpxtpx:bearing><gpxtpx:speed>1.3784261</gpxtpx:speed></gpxtpx:TrackPointExtension></extensions><geoidheight>-32.4</geoidheight><src>gps</src><sat>18</sat><hdop>0.67</hdop><vdop>0.90</vdop><pdop>1.12</pdop></trkpt>
<trkpt lat="24.08196366666667" lon="-109.99294300000001"><ele>7.8</ele><time>2025-12-21T23:00:32.000Z</time><extensions><gpxtpx:TrackPointExtension><gpxtpx:speed>0.057134166</gpxtpx:speed></gpxtpx:TrackPointExtension></extensions><geoidheight>-32.4</geoidheight><src>gps</src><sat>18</sat><hdop>0.62</hdop><vdop>0.84</vdop><pdop>1.04</pdop></trkpt>
<trkpt lat="24.081894166666665" lon="-109.99291916666668"><ele>7.7</ele><time>2025-12-21T23:00:54.000Z</time><extensions><gpxtpx:TrackPointExtension><gpxtpx:bearing>179.65</gpxtpx:bearing><gpxtpx:speed>1.5107098</gpxtpx:speed></gpxtpx:TrackPointExtension></extensions><geoidheight>-32.4</geoidheight><src>gps</src><sat>18</sat><hdop>0.62</hdop><vdop>0.84</vdop><pdop>1.04</pdop></trkpt>
<trkpt lat="24.08170433333333" lon="-109.99289066666667"><ele>4.0</ele><time>2025-12-21T23:01:05.000Z</time><extensions><gpxtpx:TrackPointExtension><gpxtpx:bearing>179.62</gpxtpx:bearing><gpxtpx:speed>1.3552636</gpxtpx:speed></gpxtpx:TrackPointExtension></extensions><geoidheight>-32.4</geoidheight><src>gps</src><sat>17</sat><hdop>0.62</hdop><vdop>0.86</vdop><pdop>1.06</pdop></trkpt>
<trkpt lat="24.081531166666664" lon="-109.99285816666666"><ele>2.1</ele><time>2025-12-21T23:01:16.000Z</time><extensions><gpxtpx:TrackPointExtension><gpxtpx:bearing>173.69</gpxtpx:bearing><gpxtpx:speed>1.7670414</gpxtpx:speed></gpxtpx:TrackPointExtension></extensions><geoidheight>-32.4</geoidheight><src>gps</src><sat>18</sat><hdop>0.62</hdop><vdop>0.83</vdop><pdop>1.04</pdop></trkpt>
<trkpt lat="24.08125283333333" lon="-109.992808"><ele>3.9</ele><time>2025-12-21T23:01:27.000Z</time><extensions><gpxtpx:TrackPointExtension><gpxtpx:bearing>163.64</gpxtpx:bearing><gpxtpx:speed>3.181498</gpxtpx:speed></gpxtpx:TrackPointExtension></extensions><geoidheight>-32.4</geoidheight><src>gps</src><sat>18</sat><hdop>0.61</hdop><vdop>0.87</vdop><pdop>1.06</pdop></trkpt>
<trkpt lat="24.081019333333334" lon="-109.99276133333333"><ele>2.7</ele><time>2025-12-21T23:01:38.000Z</time><extensions><gpxtpx:TrackPointExtension><gpxtpx:bearing>175.71</gpxtpx:bearing><gpxtpx:speed>1.57505</gpxtpx:speed></gpxtpx:TrackPointExtension></extensions><geoidheight>-32.4</geoidheight><src>gps</src><sat>16</sat><hdop>0.67</hdop><vdop>0.90</vdop><pdop>1.12</pdop></trkpt>
<trkpt lat="24.08092333333333" lon="-109.99275033333333"><ele>3.6</ele><time>2025-12-21T23:01:49.000Z</time><extensions><gpxtpx:TrackPointExtension><gpxtpx:speed>0.0509575</gpxtpx:speed></gpxtpx:TrackPointExtension></extensions><geoidheight>-32.4</geoidheight><src>gps</src><sat>18</sat><hdop>0.65</hdop><vdop>0.88</vdop><pdop>1.10</pdop></trkpt>
<trkpt lat="24.081190999999997" lon="-109.99282866666665"><time>2025-12-21T23:22:49.000Z</time><extensions><gpxtpx:TrackPointExtension><gpxtpx:speed>0.083385</gpxtpx:speed></gpxtpx:TrackPointExtension></extensions><src>gps</src><hdop>3.16</hdop><vdop>2.91</vdop><pdop>4.29</pdop></trkpt>
<trkpt lat="24.081229999999998" lon="-109.99278000000001"><ele>14.4</ele><time>2025-12-21T23:23:00.000Z</time><extensions><gpxtpx:TrackPointExtension><gpxtpx:speed>0.80554026</gpxtpx:speed></gpxtpx:TrackPointExtension></extensions><geoidheight>-32.4</geoidheight><src>gps</src><sat>5</sat><hdop>2.69</hdop><vdop>2.90</vdop><pdop>3.96</pdop></trkpt>
<trkpt lat="24.081272" lon="-109.99275116666668"><ele>10.4</ele><time>2025-12-21T23:23:22.000Z</time><extensions><gpxtpx:TrackPointExtension><gpxtpx:speed>0.20331527</gpxtpx:speed></gpxtpx:TrackPointExtension></extensions><geoidheight>-32.4</geoidheight><src>gps</src><sat>7</sat><hdop>2.61</hdop><vdop>2.38</vdop><pdop>3.53</pdop></trkpt>
<trkpt lat="24.081231499999998" lon="-109.99282"><ele>19.4</ele><time>2025-12-21T23:23:44.000Z</time><extensions><gpxtpx:TrackPointExtension><gpxtpx:bearing>299.63</gpxtpx:bearing><gpxtpx:speed>1.3578372</gpxtpx:speed></gpxtpx:TrackPointExtension></extensions><geoidheight>-32.4</geoidheight><src>gps</src><sat>9</sat><hdop>0.98</hdop><vdop>1.53</vdop><pdop>1.82</pdop></trkpt>
<trkpt lat="24.081579" lon="-109.99286116666666"><ele>14.8</ele><time>2025-12-21T23:23:55.000Z</time><extensions><gpxtpx:TrackPointExtension><gpxtpx:bearing>353.96</gpxtpx:bearing><gpxtpx:speed>3.6344535</gpxtpx:speed></gpxtpx:TrackPointExtension></extensions><geoidheight>-32.4</geoidheight><src>gps</src><sat>8</sat><hdop>0.98</hdop><vdop>1.53</vdop><pdop>1.82</pdop></trkpt>
<trkpt lat="24.081878" lon="-109.99293100000001"><ele>9.7</ele><time>2025-12-21T23:24:06.000Z</time><extensions><gpxtpx:TrackPointExtension><gpxtpx:bearing>342.89</gpxtpx:bearing><gpxtpx:speed>2.2797048</gpxtpx:speed></gpxtpx:TrackPointExtension></extensions><geoidheight>-32.4</geoidheight><src>gps</src><sat>10</sat><hdop>0.97</hdop><vdop>1.47</vdop><pdop>1.76</pdop></trkpt>
<trkpt lat="24.082028166666667" lon="-109.9930155"><ele>9.1</ele><time>2025-12-21T23:24:17.000Z</time><extensions><gpxtpx:TrackPointExtension><gpxtpx:bearing>338.09</gpxtpx:bearing><gpxtpx:speed>3.1784098</gpxtpx:speed></gpxtpx:TrackPointExtension></extensions><geoidheight>-32.4</geoidheight><src>gps</src><sat>11</sat><hdop>0.87</hdop><vdop>1.28</vdop><pdop>1.55</pdop></trkpt>
<trkpt lat="24.082743833333332" lon="-109.99303316666668"><ele>10.1</ele><time>2025-12-21T23:24:28.000Z</time><extensions><gpxtpx:TrackPointExtension><gpxtpx:bearing>5.19</gpxtpx:bearing><gpxtpx:speed>7.8294396</gpxtpx:speed></gpxtpx:TrackPointExtension></extensions><geoidheight>-32.4</geoidheight><src>gps</src><sat>12</sat><hdop>0.82</hdop><vdop>1.26</vdop><pdop>1.51</pdop></trkpt>
<trkpt lat="24.083092833333332" lon="-109.993023"><ele>10.7</ele><time>2025-12-21T23:24:39.000Z</time><extensions><gpxtpx:TrackPointExtension><gpxtpx:bearing>3.79</gpxtpx:bearing><gpxtpx:speed>2.00124</gpxtpx:speed></gpxtpx:TrackPointExtension></extensions><geoidheight>-32.4</geoidheight><src>gps</src><sat>12</sat><hdop>0.84</hdop><vdop>1.29</vdop><pdop>1.54</pdop></trkpt>
<trkpt lat="24.083241166666667" lon="-109.99337933333332"><ele>10.1</ele><time>2025-12-21T23:24:50.000Z</time><extensions><gpxtpx:TrackPointExtension><gpxtpx:bearing>265.85</gpxtpx:bearing><gpxtpx:speed>5.507013</gpxtpx:speed></gpxtpx:TrackPointExtension></extensions><geoidheight>-32.4</geoidheight><src>gps</src><sat>12</sat><hdop>0.86</hdop><vdop>1.27</vdop><pdop>1.53</pdop></trkpt>
<trkpt lat="24.0833015" lon="-109.99364833333333"><ele>16.4</ele><time>2025-12-21T23:25:01.000Z</time><extensions><gpxtpx:TrackPointExtension><gpxtpx:bearing>329.81</gpxtpx:bearing><gpxtpx:speed>2.6791291</gpxtpx:speed></gpxtpx:TrackPointExtension></extensions><geoidheight>-32.4</geoidheight><src>gps</src><sat>11</sat><hdop>0.89</hdop><vdop>1.40</vdop><pdop>1.66</pdop></trkpt>
<trkpt lat="24.083723833333337" lon="-109.99374483333334"><ele>12.6</ele><time>2025-12-21T23:25:12.000Z</time><extensions><gpxtpx:TrackPointExtension><gpxtpx:bearing>339.87</gpxtpx:bearing><gpxtpx:speed>2.9786975</gpxtpx:speed></gpxtpx:TrackPointExtension></extensions><geoidheight>-32.4</geoidheight><src>gps</src><sat>11</sat><hdop>1.76</hdop><vdop>2.04</vdop><pdop>2.70</pdop></trkpt>
<trkpt lat="24.08401516666667" lon="-109.99381466666667"><ele>5.2</ele><time>2025-12-21T23:25:23.000Z</time><extensions><gpxtpx:TrackPointExtension><gpxtpx:bearing>346.65</gpxtpx:bearing><gpxtpx:speed>4.348888</gpxtpx:speed></gpxtpx:TrackPointExtension></extensions><geoidheight>-32.4</geoidheight><src>gps</src><sat>11</sat><hdop>0.89</hdop><vdop>1.30</vdop><pdop>1.57</pdop></trkpt>
<trkpt lat="24.08455616666667" lon="-109.99402666666668"><ele>0.9</ele><time>2025-12-21T23:25:34.000Z</time><extensions><gpxtpx:TrackPointExtension><gpxtpx:bearing>337.81</gpxtpx:bearing><gpxtpx:speed>5.618193</gpxtpx:speed></gpxtpx:TrackPointExtension></extensions><geoidheight>-32.4</geoidheight><src>gps</src><sat>10</sat><hdop>1.77</hdop><vdop>2.06</vdop><pdop>2.71</pdop></trkpt>
<trkpt lat="24.084963833333337" lon="-109.99424316666666"><ele>8.1</ele><time>2025-12-21T23:25:45.000Z</time><extensions><gpxtpx:TrackPointExtension><gpxtpx:bearing>331.3</gpxtpx:bearing><gpxtpx:speed>1.2826878</gpxtpx:speed></gpxtpx:TrackPointExtension></extensions><geoidheight>-32.4</geoidheight><src>gps</src><sat>10</sat><hdop>1.50</hdop><vdop>1.94</vdop><pdop>2.45</pdop></trkpt>
<trkpt lat="24.085338666666665" lon="-109.99443850000002"><ele>11.2</ele><time>2025-12-21T23:25:56.000Z</time><extensions><gpxtpx:TrackPointExtension><gpxtpx:bearing>336.3</gpxtpx:bearing><gpxtpx:speed>6.935367</gpxtpx:speed></gpxtpx:TrackPointExtension></extensions><geoidheight>-32.4</geoidheight><src>gps</src><sat>11</sat><hdop>1.21</hdop><vdop>1.74</vdop><pdop>2.11</pdop></trkpt>
<trkpt lat="24.086000833333333" lon="-109.99474733333334"><ele>16.9</ele><time>2025-12-21T23:26:07.000Z</time><extensions><gpxtpx:TrackPointExtension><gpxtpx:bearing>338.34</gpxtpx:bearing><gpxtpx:speed>7.315747</gpxtpx:speed></gpxtpx:TrackPointExtension></extensions><geoidheight>-32.4</geoidheight><src>gps</src><sat>12</sat><hdop>1.27</hdop><vdop>1.89</vdop><pdop>2.28</pdop></trkpt>
<trkpt lat="24.08657" lon="-109.99501366666667"><ele>32.8</ele><time>2025-12-22T00:10:10.000Z</time><extensions><gpxtpx:TrackPointExtension><gpxtpx:speed>0.14000444</gpxtpx:speed></gpxtpx:TrackPointExtension></extensions><geoidheight>-32.4</geoidheight><src>gps</src><sat>6</sat><hdop>1.77</hdop><vdop>3.36</vdop><pdop>3.80</pdop></trkpt>
<trkpt lat="24.086828666666666" lon="-109.99507450000002"><ele>26.7</ele><time>2025-12-22T00:11:27.000Z</time><extensions><gpxtpx:TrackPointExtension><gpxtpx:bearing>350.82</gpxtpx:bearing><gpxtpx:speed>2.0871985</gpxtpx:speed></gpxtpx:TrackPointExtension></extensions><geoidheight>-32.4</geoidheight><src>gps</src><sat>9</sat><hdop>1.45</hdop><vdop>2.59</vdop><pdop>2.97</pdop></trkpt>
<trkpt lat="24.08686133333333" lon="-109.99513350000001"><ele>26.6</ele><time>2025-12-22T00:11:38.000Z</time><extensions><gpxtpx:TrackPointExtension><gpxtpx:bearing>295.6</gpxtpx:bearing><gpxtpx:speed>1.5822561</gpxtpx:speed></gpxtpx:TrackPointExtension></extensions><geoidheight>-32.4</geoidheight><src>gps</src><sat>9</sat><hdop>1.45</hdop><vdop>2.59</vdop><pdop>2.97</pdop></trkpt>
<trkpt lat="24.086834666666665" lon="-109.99520916666667"><ele>27.2</ele><time>2025-12-22T00:11:49.000Z</time><extensions><gpxtpx:TrackPointExtension><gpxtpx:speed>0.15081361</gpxtpx:speed></gpxtpx:TrackPointExtension></extensions><geoidheight>-32.4</geoidheight><src>gps</src><sat>9</sat><hdop>1.45</hdop><vdop>2.59</vdop><pdop>2.97</pdop></trkpt>
<trkpt lat="24.08672" lon="-109.99515583333331"><ele>27.9</ele><time>2025-12-22T00:12:11.000Z</time><extensions><gpxtpx:TrackPointExtension><gpxtpx:bearing>160.35</gpxtpx:bearing><gpxtpx:speed>1.7922628</gpxtpx:speed></gpxtpx:TrackPointExtension></extensions><geoidheight>-32.4</geoidheight><src>gps</src><sat>9</sat><hdop>1.44</hdop><vdop>2.60</vdop><pdop>2.97</pdop></trkpt>
<trkpt lat="24.086660166666668" lon="-109.99514533333334"><ele>29.0</ele><time>2025-12-22T00:12:22.000Z</time><extensions><gpxtpx:TrackPointExtension><gpxtpx:speed>0.1461811</gpxtpx:speed></gpxtpx:TrackPointExtension></extensions><geoidheight>-32.4</geoidheight><src>gps</src><sat>9</sat><hdop>1.44</hdop><vdop>2.60</vdop><pdop>2.97</pdop></trkpt>
<trkpt lat="24.086486666666662" lon="-109.99503716666668"><ele>26.2</ele><time>2025-12-22T00:12:33.000Z</time><extensions><gpxtpx:TrackPointExtension><gpxtpx:bearing>154.58</gpxtpx:bearing><gpxtpx:speed>3.3348854</gpxtpx:speed></gpxtpx:TrackPointExtension></extensions><geoidheight>-32.4</geoidheight><src>gps</src><sat>12</sat><hdop>0.85</hdop><vdop>1.36</vdop><pdop>1.61</pdop></trkpt>
<trkpt lat="24.086178333333336" lon="-109.99488283333334"><ele>24.1</ele><time>2025-12-22T00:12:44.000Z</time><extensions><gpxtpx:TrackPointExtension><gpxtpx:bearing>160.75</gpxtpx:bearing><gpxtpx:speed>3.196425</gpxtpx:speed></gpxtpx:TrackPointExtension></extensions><geoidheight>-32.4</geoidheight><src>gps</src><sat>13</sat><hdop>0.82</hdop><vdop>1.21</vdop><pdop>1.46</pdop></trkpt>
<trkpt lat="24.085855999999996" lon="-109.99474299999999"><ele>22.2</ele><time>2025-12-22T00:12:55.000Z</time><extensions><gpxtpx:TrackPointExtension><gpxtpx:bearing>160.77</gpxtpx:bearing><gpxtpx:speed>3.4769485</gpxtpx:speed></gpxtpx:TrackPointExtension></extensions><geoidheight>-32.4</geoidheight><src>gps</src><sat>13</sat><hdop>0.82</hdop><vdop>1.21</vdop><pdop>1.46</pdop></trkpt>
<trkpt lat="24.085512666666666" lon="-109.99459399999999"><ele>21.3</ele><time>2025-12-22T00:13:06.000Z</time><extensions><gpxtpx:TrackPointExtension><gpxtpx:bearing>158.22</gpxtpx:bearing><gpxtpx:speed>3.9386544</gpxtpx:speed></gpxtpx:TrackPointExtension></extensions><geoidheight>-32.4</geoidheight><src>gps</src><sat>12</sat><hdop>0.86</hdop><vdop>1.21</vdop><pdop>1.48</pdop></trkpt>
<trkpt lat="24.085118166666668" lon="-109.99442133333332"><ele>18.3</ele><time>2025-12-22T00:13:17.000Z</time><extensions><gpxtpx:TrackPointExtension><gpxtpx:bearing>157.65</gpxtpx:bearing><gpxtpx:speed>4.325211</gpxtpx:speed></gpxtpx:TrackPointExtension></extensions><geoidheight>-32.4</geoidheight><src>gps</src><sat>13</sat><hdop>0.82</hdop><vdop>1.21</vdop><pdop>1.46</pdop></trkpt>
<trkpt lat="24.084819166666662" lon="-109.99428316666666"><ele>16.9</ele><time>2025-12-22T00:13:28.000Z</time><extensions><gpxtpx:TrackPointExtension><gpxtpx:bearing>156.12</gpxtpx:bearing><gpxtpx:speed>4.343741</gpxtpx:speed></gpxtpx:TrackPointExtension></extensions><geoidheight>-32.4</geoidheight><src>gps</src><sat>13</sat><hdop>0.82</hdop><vdop>1.21</vdop><pdop>1.46</pdop></trkpt>
<trkpt lat="24.084285666666666" lon="-109.99402866666667"><ele>14.3</ele><time>2025-12-22T00:13:39.000Z</time><extensions><gpxtpx:TrackPointExtension><gpxtpx:bearing>155.99</gpxtpx:bearing><gpxtpx:speed>5.1842823</gpxtpx:speed></gpxtpx:TrackPointExtension></extensions><geoidheight>-32.4</geoidheight><src>gps</src><sat>12</sat><hdop>0.85</hdop><vdop>1.21</vdop><pdop>1.48</pdop></trkpt>
<trkpt lat="24.0839195" lon="-109.99390066666668"><ele>13.8</ele><time>2025-12-22T00:13:50.000Z</time><extensions><gpxtpx:TrackPointExtension><gpxtpx:bearing>165.83</gpxtpx:bearing><gpxtpx:speed>3.3384883</gpxtpx:speed></gpxtpx:TrackPointExtension></extensions><geoidheight>-32.4</geoidheight><src>gps</src><sat>13</sat><hdop>0.82</hdop><vdop>1.21</vdop><pdop>1.46</pdop></trkpt>
<trkpt lat="24.083439" lon="-109.99378283333333"><ele>14.0</ele><time>2025-12-22T00:14:01.000Z</time><extensions><gpxtpx:TrackPointExtension><gpxtpx:bearing>169.0</gpxtpx:bearing><gpxtpx:speed>5.6830482</gpxtpx:speed></gpxtpx:TrackPointExtension></extensions><geoidheight>-32.4</geoidheight><src>gps</src><sat>12</sat><hdop>0.86</hdop><vdop>1.21</vdop><pdop>1.48</pdop></trkpt>
<trkpt lat="24.083226833333335" lon="-109.9933895"><ele>15.1</ele><time>2025-12-22T00:14:12.000Z</time><extensions><gpxtpx:TrackPointExtension><gpxtpx:bearing>85.56</gpxtpx:bearing><gpxtpx:speed>5.692313</gpxtpx:speed></gpxtpx:TrackPointExtension></extensions><geoidheight>-32.4</geoidheight><src>gps</src><sat>13</sat><hdop>0.82</hdop><vdop>1.21</vdop><pdop>1.46</pdop></trkpt>
<trkpt lat="24.08306" lon="-109.99311333333331"><ele>16.3</ele><time>2025-12-22T00:14:23.000Z</time><extensions><gpxtpx:TrackPointExtension><gpxtpx:bearing>179.44</gpxtpx:bearing><gpxtpx:speed>1.5421078</gpxtpx:speed></gpxtpx:TrackPointExtension></extensions><geoidheight>-32.4</geoidheight><src>gps</src><sat>13</sat><hdop>0.82</hdop><vdop>1.21</vdop><pdop>1.46</pdop></trkpt>
<trkpt lat="24.08272583333333" lon="-109.993124"><ele>15.2</ele><time>2025-12-22T00:14:34.000Z</time><extensions><gpxtpx:TrackPointExtension><gpxtpx:bearing>186.2</gpxtpx:bearing><gpxtpx:speed>4.745224</gpxtpx:speed></gpxtpx:TrackPointExtension></extensions><geoidheight>-32.4</geoidheight><src>gps</src><sat>13</sat><hdop>0.82</hdop><vdop>1.21</vdop><pdop>1.46</pdop></trkpt>
<trkpt lat="24.082217999999997" lon="-109.99311683333332"><ele>13.3</ele><time>2025-12-22T00:14:45.000Z</time><extensions><gpxtpx:TrackPointExtension><gpxtpx:bearing>171.11</gpxtpx:bearing><gpxtpx:speed>2.5550811</gpxtpx:speed></gpxtpx:TrackPointExtension></extensions><geoidheight>-32.4</geoidheight><src>gps</src><sat>13</sat><hdop>0.82</hdop><vdop>1.21</vdop><pdop>1.46</pdop></trkpt>
<trkpt lat="24.081925500000004" lon="-109.99294583333334"><ele>13.1</ele><time>2025-12-22T00:14:56.000Z</time><extensions><gpxtpx:TrackPointExtension><gpxtpx:bearing>162.82</gpxtpx:bearing><gpxtpx:speed>3.46511</gpxtpx:speed></gpxtpx:TrackPointExtension></extensions><geoidheight>-32.4</geoidheight><src>gps</src><sat>14</sat><hdop>0.81</hdop><vdop>1.14</vdop><pdop>1.40</pdop></trkpt>
<trkpt lat="24.081556" lon="-109.99285366666666"><ele>12.0</ele><time>2025-12-22T00:15:07.000Z</time><extensions><gpxtpx:TrackPointExtension><gpxtpx:bearing>170.74</gpxtpx:bearing><gpxtpx:speed>3.2072341</gpxtpx:speed></gpxtpx:TrackPointExtension></extensions><geoidheight>-32.4</geoidheight><src>gps</src><sat>14</sat><hdop>0.81</hdop><vdop>1.14</vdop><pdop>1.40</pdop></trkpt>
<trkpt lat="24.081226833333336" lon="-109.99279216666667"><ele>14.4</ele><time>2025-12-22T00:15:18.000Z</time><extensions><gpxtpx:TrackPointExtension><gpxtpx:bearing>162.38</gpxtpx:bearing><gpxtpx:speed>3.796591</gpxtpx:speed></gpxtpx:TrackPointExtension></extensions><geoidheight>-32.4</geoidheight><src>gps</src><sat>14</sat><hdop>0.81</hdop><vdop>1.14</vdop><pdop>1.40</pdop></trkpt>
<trkpt lat="24.08088283333333" lon="-109.99268283333335"><ele>15.1</ele><time>2025-12-22T00:15:29.000Z</time><extensions><gpxtpx:TrackPointExtension><gpxtpx:bearing>165.93</gpxtpx:bearing><gpxtpx:speed>2.5550811</gpxtpx:speed></gpxtpx:TrackPointExtension></extensions><geoidheight>-32.4</geoidheight><src>gps</src><sat>14</sat><hdop>0.81</hdop><vdop>1.14</vdop><pdop>1.40</pdop></trkpt>
<trkpt lat="24.080604666666666" lon="-109.99258916666668"><ele>14.7</ele><time>2025-12-22T00:15:40.000Z</time><extensions><gpxtpx:TrackPointExtension><gpxtpx:bearing>164.78</gpxtpx:bearing><gpxtpx:speed>3.4506977</gpxtpx:speed></gpxtpx:TrackPointExtension></extensions><geoidheight>-32.4</geoidheight><src>gps</src><sat>14</sat><hdop>0.81</hdop><vdop>1.15</vdop><pdop>1.40</pdop></trkpt>
<trkpt lat="24.080314666666663" lon="-109.99245049999999"><ele>13.4</ele><time>2025-12-22T00:15:51.000Z</time><extensions><gpxtpx:TrackPointExtension><gpxtpx:bearing>149.15</gpxtpx:bearing><gpxtpx:speed>3.529965</gpxtpx:speed></gpxtpx:TrackPointExtension></extensions><geoidheight>-32.4</geoidheight><src>gps</src><sat>14</sat><hdop>0.81</hdop><vdop>1.15</vdop><pdop>1.40</pdop></trkpt>
<trkpt lat="24.079991333333336" lon="-109.99232033333334"><ele>13.3</ele><time>2025-12-22T00:16:02.000Z</time><extensions><gpxtpx:TrackPointExtension><gpxtpx:bearing>166.05</gpxtpx:bearing><gpxtpx:speed>3.2690008</gpxtpx:speed></gpxtpx:TrackPointExtension></extensions><geoidheight>-32.4</geoidheight><src>gps</src><sat>14</sat><hdop>0.81</hdop><vdop>1.15</vdop><pdop>1.40</pdop></trkpt>
<trkpt lat="24.07973516666667" lon="-109.99215216666668"><ele>11.0</ele><time>2025-12-22T00:16:13.000Z</time><extensions><gpxtpx:TrackPointExtension><gpxtpx:bearing>154.67</gpxtpx:bearing><gpxtpx:speed>3.040979</gpxtpx:speed></gpxtpx:TrackPointExtension></extensions><geoidheight>-32.4</geoidheight><src>gps</src><sat>14</sat><hdop>0.81</hdop><vdop>1.15</vdop><pdop>1.40</pdop></trkpt>
<trkpt lat="24.07944433333333" lon="-109.99204383333333"><ele>10.3</ele><time>2025-12-22T00:16:24.000Z</time><extensions><gpxtpx:TrackPointExtension><gpxtpx:bearing>162.25</gpxtpx:bearing><gpxtpx:speed>3.018331</gpxtpx:speed></gpxtpx:TrackPointExtension></extensions><geoidheight>-32.4</geoidheight><src>gps</src><sat>14</sat><hdop>0.81</hdop><vdop>1.15</vdop><pdop>1.40</pdop></trkpt>
<trkpt lat="24.079280333333333" lon="-109.99191033333334"><ele>9.2</ele><time>2025-12-22T00:16:35.000Z</time><extensions><gpxtpx:TrackPointExtension><gpxtpx:bearing>97.76</gpxtpx:bearing><gpxtpx:speed>1.7505703</gpxtpx:speed></gpxtpx:TrackPointExtension></extensions><geoidheight>-32.4</geoidheight><src>gps</src><sat>14</sat><hdop>0.81</hdop><vdop>1.15</vdop><pdop>1.40</pdop></trkpt>
<trkpt lat="24.079280333333333" lon="-109.99185683333332"><ele>9.1</ele><time>2025-12-22T00:16:46.000Z</time><extensions><gpxtpx:TrackPointExtension><gpxtpx:speed>0.03911889</gpxtpx:speed></gpxtpx:TrackPointExtension></extensions><geoidheight>-32.4</geoidheight><src>gps</src><sat>14</sat><hdop>0.81</hdop><vdop>1.15</vdop><pdop>1.41</pdop></trkpt>
<trkpt lat="24.079273833333332" lon="-109.99180333333334"><ele>16.2</ele><time>2025-12-22T00:18:14.000Z</time><extensions><gpxtpx:TrackPointExtension><gpxtpx:speed>0.064855</gpxtpx:speed></gpxtpx:TrackPointExtension></extensions><geoidheight>-32.4</geoidheight><src>gps</src><sat>17</sat><hdop>0.67</hdop><vdop>1.02</vdop><pdop>1.22</pdop></trkpt>
<trkpt lat="24.079261166666665" lon="-109.99185199999998"><ele>7.8</ele><time>2025-12-22T00:22:16.000Z</time><extensions><gpxtpx:TrackPointExtension><gpxtpx:speed>0.02985389</gpxtpx:speed></gpxtpx:TrackPointExtension></extensions><geoidheight>-32.4</geoidheight><src>gps</src><sat>16</sat><hdop>0.67</hdop><vdop>1.01</vdop><pdop>1.21</pdop></trkpt>
<trkpt lat="24.079243833333333" lon="-109.99195666666668"><ele>-5.8</ele><time>2025-12-22T00:53:42.000Z</time><extensions><gpxtpx:TrackPointExtension><gpxtpx:speed>0.101915</gpxtpx:speed></gpxtpx:TrackPointExtension></extensions><geoidheight>-32.4</geoidheight><src>gps</src><hdop>1.74</hdop><vdop>2.83</vdop><pdop>3.32</pdop></trkpt>
<trkpt lat="24.079262499999995" lon="-109.99189683333334"><ele>3.6</ele><time>2025-12-22T00:54:15.000Z</time><extensions><gpxtpx:TrackPointExtension><gpxtpx:speed>0.021618333</gpxtpx:speed></gpxtpx:TrackPointExtension></extensions><geoidheight>-32.4</geoidheight><src>gps</src><sat>12</sat><hdop>1.13</hdop><vdop>1.53</vdop><pdop>1.90</pdop></trkpt>
</trkseg></trk></gpx>