<?xml version="1.0" encoding="UTF-8"?><kml xmlns="http://www.opengis.net/kml/2.2" xmlns:gx="http://www.google.com/kml/ext/2.2" xmlns:kml="http://www.opengis.net/kml/2.2" xmlns:atom="http://www.w3.org/2005/Atom"><Document><name>2025-12-06T17:17:49.000Z</name>
<Placemark>
<gx:Track>

<when>2025-12-06T17:17:49.000Z</when>
<gx:coord>-98.420914 29.43302983333333 0.0</gx:coord>

<when>2025-12-06T17:18:13.000Z</when>
<gx:coord>-98.420964 29.4330675 192.0</gx:coord>

<when>2025-12-06T17:18:24.000Z</when>
<gx:coord>-98.42091033333332 29.43305666666667 196.8</gx:coord>

<when>2025-12-06T17:18:57.000Z</when>
<gx:coord>-98.42096533333333 29.43305366666667 201.2</gx:coord>

<when>2025-12-06T17:20:14.000Z</when>
<gx:coord>-98.42087966666668 29.433044166666665 206.0</gx:coord>

<when>2025-12-06T17:21:53.000Z</when>
<gx:coord>-98.42096466666665 29.4330325 199.5</gx:coord>

<when>2025-12-06T17:22:15.000Z</when>
<gx:coord>-98.42088183333333 29.433035333333336 201.6</gx:coord>

<when>2025-12-06T17:23:32.000Z</when>
<gx:coord>-98.42093366666668 29.433041000000003 200.3</gx:coord>

<when>2025-12-06T17:24:49.000Z</when>
<gx:coord>-98.420975 29.433071666666667 187.4</gx:coord>

<when>2025-12-06T17:25:11.000Z</when>
<gx:coord>-98.421042 29.433108333333333 189.3</gx:coord>

<when>2025-12-06T17:26:28.000Z</when>
<gx:coord>-98.42111799999999 29.43301166666667 186.4</gx:coord>

<when>2025-12-06T17:26:39.000Z</when>
<gx:coord>-98.4213135 29.432932833333332 179.2</gx:coord>

<when>2025-12-06T17:26:50.000Z</when>
<gx:coord>-98.42153116666665 29.43289383333333 172.7</gx:coord>

<when>2025-12-06T17:27:01.000Z</when>
<gx:coord>-98.42159733333334 29.432891166666664 175.3</gx:coord>

<when>2025-12-06T17:27:23.000Z</when>
<gx:coord>-98.4216565 29.432889833333334 177.5</gx:coord>

<when>2025-12-06T17:28:07.000Z</when>
<gx:coord>-98.4217085 29.43289616666667 183.9</gx:coord>

<when>2025-12-06T17:31:58.000Z</when>
<gx:coord>-98.42175399999999 29.432853333333334 191.4</gx:coord>

<when>2025-12-06T17:33:37.000Z</when>
<gx:coord>-98.42187183333333 29.432903666666668 182.2</gx:coord>

<when>2025-12-06T17:33:48.000Z</when>
<gx:coord>-98.42200466666667 29.43302083333333 184.7</gx:coord>

<when>2025-12-06T17:33:59.000Z</when>
<gx:coord>-98.42199049999999 29.43318783333333 180.9</gx:coord>

<when>2025-12-06T17:34:10.000Z</when>
<gx:coord>-98.421977 29.433355666666664 181.0</gx:coord>

<when>2025-12-06T17:34:21.000Z</when>
<gx:coord>-98.42197333333334 29.43349933333333 183.9</gx:coord>

<when>2025-12-06T17:34:32.000Z</when>
<gx:coord>-98.42196566666668 29.433695166666666 184.5</gx:coord>

<when>2025-12-06T17:34:43.000Z</when>
<gx:coord>-98.42207066666667 29.433845833333333 185.4</gx:coord>

<when>2025-12-06T17:34:54.000Z</when>
<gx:coord>-98.42232916666666 29.433865500000003 180.4</gx:coord>

<when>2025-12-06T17:35:05.000Z</when>
<gx:coord>-98.422546 29.433882833333335 175.1</gx:coord>

<when>2025-12-06T17:35:16.000Z</when>
<gx:coord>-98.42264533333334 29.433903333333333 178.2</gx:coord>

<when>2025-12-06T17:35:27.000Z</when>
<gx:coord>-98.42275816666667 29.434033666666664 183.8</gx:coord>

<when>2025-12-06T17:35:38.000Z</when>
<gx:coord>-98.42301833333335 29.433968166666666 184.2</gx:coord>

<when>2025-12-06T17:35:49.000Z</when>
<gx:coord>-98.42326333333334 29.433839166666665 182.3</gx:coord>

<when>2025-12-06T17:36:00.000Z</when>
<gx:coord>-98.42347933333333 29.433873166666665 181.8</gx:coord>

<when>2025-12-06T17:36:11.000Z</when>
<gx:coord>-98.42340516666667 29.43402866666667 180.8</gx:coord>

<when>2025-12-06T17:36:22.000Z</when>
<gx:coord>-98.42336966666666 29.434071000000003 184.5</gx:coord>

<when>2025-12-06T17:57:02.000Z</when>
<gx:coord>-98.42222949999999 29.434621500000002 203.1</gx:coord>

<when>2025-12-06T17:57:24.000Z</when>
<gx:coord>-98.42222650000001 29.434675833333337 211.5</gx:coord>

<when>2025-12-06T17:57:35.000Z</when>
<gx:coord>-98.42220799999998 29.43473483333333 217.4</gx:coord>

<when>2025-12-06T17:57:46.000Z</when>
<gx:coord>-98.4222 29.434802166666667 222.8</gx:coord>

<when>2025-12-06T17:58:19.000Z</when>
<gx:coord>-98.42222033333334 29.434630666666667 212.0</gx:coord>

<when>2025-12-06T18:02:32.000Z</when>
<gx:coord>-98.4222195 29.434753166666663 204.2</gx:coord>

<when>2025-12-06T18:02:43.000Z</when>
<gx:coord>-98.42223833333334 29.434904833333334 202.1</gx:coord>

<when>2025-12-06T18:02:54.000Z</when>
<gx:coord>-98.4222395 29.435041666666667 200.5</gx:coord>

<when>2025-12-06T18:03:05.000Z</when>
<gx:coord>-98.42223916666666 29.435123166666667 198.8</gx:coord>

<when>2025-12-06T18:03:16.000Z</when>
<gx:coord>-98.42223916666666 29.435230999999998 197.6</gx:coord>

<when>2025-12-06T18:03:27.000Z</when>
<gx:coord>-98.42224516666666 29.435427333333337 196.2</gx:coord>

<when>2025-12-06T18:03:38.000Z</when>
<gx:coord>-98.42241966666667 29.435587333333334 194.2</gx:coord>

<when>2025-12-06T18:03:49.000Z</when>
<gx:coord>-98.42289783333332 29.435585833333334 192.9</gx:coord>

<when>2025-12-06T18:04:00.000Z</when>
<gx:coord>-98.42395749999999 29.43557916666667 190.5</gx:coord>

<when>2025-12-06T18:04:11.000Z</when>
<gx:coord>-98.42535933333332 29.435575000000004 189.6</gx:coord>

<when>2025-12-06T18:04:22.000Z</when>
<gx:coord>-98.4268145 29.435572 189.9</gx:coord>

<when>2025-12-06T18:04:33.000Z</when>
<gx:coord>-98.428214 29.435569666666666 191.6</gx:coord>

<when>2025-12-06T18:04:44.000Z</when>
<gx:coord>-98.42966016666666 29.435557833333338 191.3</gx:coord>

<when>2025-12-06T18:04:55.000Z</when>
<gx:coord>-98.4311 29.435552500000004 191.9</gx:coord>

<when>2025-12-06T18:05:06.000Z</when>
<gx:coord>-98.43244566666665 29.435555 191.2</gx:coord>

<when>2025-12-06T18:05:17.000Z</when>
<gx:coord>-98.43338933333334 29.43555366666667 190.5</gx:coord>

<when>2025-12-06T18:05:28.000Z</when>
<gx:coord>-98.433619 29.435579333333333 190.8</gx:coord>

<when>2025-12-06T18:05:39.000Z</when>
<gx:coord>-98.43372133333332 29.435666333333334 192.8</gx:coord>

<when>2025-12-06T18:05:50.000Z</when>
<gx:coord>-98.434118 29.436513166666668 193.4</gx:coord>

<when>2025-12-06T18:06:01.000Z</when>
<gx:coord>-98.43488783333332 29.43782083333333 194.5</gx:coord>

<when>2025-12-06T18:06:12.000Z</when>
<gx:coord>-98.43561283333332 29.438927666666668 192.2</gx:coord>

<when>2025-12-06T18:06:23.000Z</when>
<gx:coord>-98.43633383333332 29.439739166666662 193.6</gx:coord>

<when>2025-12-06T18:06:34.000Z</when>
<gx:coord>-98.43717733333332 29.44078233333333 194.8</gx:coord>

<when>2025-12-06T18:06:45.000Z</when>
<gx:coord>-98.43795483333334 29.441815166666668 196.9</gx:coord>

<when>2025-12-06T18:06:56.000Z</when>
<gx:coord>-98.43843633333333 29.44213666666667 196.0</gx:coord>

<when>2025-12-06T18:07:07.000Z</when>
<gx:coord>-98.439286 29.441714499999996 196.1</gx:coord>

<when>2025-12-06T18:07:18.000Z</when>
<gx:coord>-98.44062166666666 29.441115333333332 198.7</gx:coord>

<when>2025-12-06T18:07:29.000Z</when>
<gx:coord>-98.44191866666667 29.44064766666667 200.6</gx:coord>

<when>2025-12-06T18:07:40.000Z</when>
<gx:coord>-98.44347316666666 29.440081499999998 203.1</gx:coord>

<when>2025-12-06T18:07:51.000Z</when>
<gx:coord>-98.44520333333334 29.439745666666667 209.5</gx:coord>

<when>2025-12-06T18:08:02.000Z</when>
<gx:coord>-98.44717366666667 29.439474000000004 213.2</gx:coord>

<when>2025-12-06T18:08:13.000Z</when>
<gx:coord>-98.44933933333331 29.439322500000003 210.1</gx:coord>

<when>2025-12-06T18:08:24.000Z</when>
<gx:coord>-98.451973 29.439325666666665 209.0</gx:coord>

<when>2025-12-06T18:08:35.000Z</when>
<gx:coord>-98.45470483333332 29.439171499999997 216.0</gx:coord>

<when>2025-12-06T18:08:46.000Z</when>
<gx:coord>-98.4574415 29.43881683333333 215.8</gx:coord>

<when>2025-12-06T18:08:57.000Z</when>
<gx:coord>-98.46029183333333 29.438581 214.1</gx:coord>

<when>2025-12-06T18:09:08.000Z</when>
<gx:coord>-98.463183 29.43858566666667 216.0</gx:coord>

<when>2025-12-06T18:09:19.000Z</when>
<gx:coord>-98.46599050000002 29.438575500000002 213.5</gx:coord>

<when>2025-12-06T18:09:30.000Z</when>
<gx:coord>-98.46878533333332 29.438566999999995 208.0</gx:coord>

<when>2025-12-06T18:09:41.000Z</when>
<gx:coord>-98.47170166666668 29.43853166666667 204.4</gx:coord>

<when>2025-12-06T18:09:52.000Z</when>
<gx:coord>-98.47441666666667 29.43849133333333 207.6</gx:coord>

<when>2025-12-06T18:10:03.000Z</when>
<gx:coord>-98.47711499999998 29.43872916666667 205.7</gx:coord>

<when>2025-12-06T18:10:14.000Z</when>
<gx:coord>-98.47986100000001 29.439231166666666 197.5</gx:coord>

<when>2025-12-06T18:10:25.000Z</when>
<gx:coord>-98.48241916666666 29.439987499999997 204.4</gx:coord>

<when>2025-12-06T18:10:36.000Z</when>
<gx:coord>-98.48502500000001 29.4404225 204.8</gx:coord>

<when>2025-12-06T18:10:47.000Z</when>
<gx:coord>-98.48731933333332 29.439690166666665 201.5</gx:coord>

<when>2025-12-06T18:10:58.000Z</when>
<gx:coord>-98.48921450000002 29.438588499999998 187.6</gx:coord>

<when>2025-12-06T18:11:09.000Z</when>
<gx:coord>-98.49070416666667 29.43770116666667 179.9</gx:coord>

<when>2025-12-06T18:11:20.000Z</when>
<gx:coord>-98.492107 29.437116333333332 200.0</gx:coord>

<when>2025-12-06T18:11:31.000Z</when>
<gx:coord>-98.49319783333334 29.4365345 208.2</gx:coord>

<when>2025-12-06T18:11:42.000Z</when>
<gx:coord>-98.49413833333334 29.436079499999998 201.7</gx:coord>

<when>2025-12-06T18:11:53.000Z</when>
<gx:coord>-98.49531 29.436015833333332 198.1</gx:coord>

<when>2025-12-06T18:12:04.000Z</when>
<gx:coord>-98.49575250000001 29.4358355 197.7</gx:coord>

<when>2025-12-06T18:12:59.000Z</when>
<gx:coord>-98.4958035 29.43580216666667 204.2</gx:coord>

<when>2025-12-06T18:13:10.000Z</when>
<gx:coord>-98.49649216666667 29.435401166666665 200.9</gx:coord>

<when>2025-12-06T18:13:21.000Z</when>
<gx:coord>-98.49770116666666 29.43456216666667 201.0</gx:coord>

<when>2025-12-06T18:13:32.000Z</when>
<gx:coord>-98.49890016666669 29.433606833333336 205.4</gx:coord>

<when>2025-12-06T18:13:43.000Z</when>
<gx:coord>-98.50017783333332 29.43249616666667 200.7</gx:coord>

<when>2025-12-06T18:13:54.000Z</when>
<gx:coord>-98.50143066666666 29.433141166666662 199.1</gx:coord>

<when>2025-12-06T18:14:05.000Z</when>
<gx:coord>-98.50265916666667 29.434676333333332 194.3</gx:coord>

<when>2025-12-06T18:14:16.000Z</when>
<gx:coord>-98.5037625 29.43644116666667 197.7</gx:coord>

<when>2025-12-06T18:14:27.000Z</when>
<gx:coord>-98.50460550000001 29.438364833333335 200.3</gx:coord>

<when>2025-12-06T18:14:38.000Z</when>
<gx:coord>-98.5062995 29.439776833333333 207.8</gx:coord>

<when>2025-12-06T18:14:49.000Z</when>
<gx:coord>-98.50861416666666 29.440373833333336 212.4</gx:coord>

<when>2025-12-06T18:15:00.000Z</when>
<gx:coord>-98.51123199999999 29.440859500000002 214.7</gx:coord>

<when>2025-12-06T18:15:11.000Z</when>
<gx:coord>-98.51358200000001 29.44195183333333 214.4</gx:coord>

<when>2025-12-06T18:15:22.000Z</when>
<gx:coord>-98.51470916666668 29.443942833333335 217.6</gx:coord>

<when>2025-12-06T18:15:33.000Z</when>
<gx:coord>-98.51469033333333 29.446258333333336 218.2</gx:coord>

<when>2025-12-06T18:15:44.000Z</when>
<gx:coord>-98.51506533333334 29.448718500000002 219.1</gx:coord>

<when>2025-12-06T18:15:55.000Z</when>
<gx:coord>-98.5153815 29.4512865 219.2</gx:coord>

<when>2025-12-06T18:16:06.000Z</when>
<gx:coord>-98.51521499999998 29.453870833333333 219.6</gx:coord>

<when>2025-12-06T18:16:17.000Z</when>
<gx:coord>-98.5152135 29.456418666666664 219.3</gx:coord>

<when>2025-12-06T18:16:28.000Z</when>
<gx:coord>-98.51568516666666 29.458904333333333 208.4</gx:coord>

<when>2025-12-06T18:16:39.000Z</when>
<gx:coord>-98.51574450000001 29.461393166666667 213.8</gx:coord>

<when>2025-12-06T18:16:50.000Z</when>
<gx:coord>-98.51574299999999 29.46399016666667 208.5</gx:coord>

<when>2025-12-06T18:17:01.000Z</when>
<gx:coord>-98.51569983333333 29.466573499999996 217.1</gx:coord>

<when>2025-12-06T18:17:12.000Z</when>
<gx:coord>-98.51569483333333 29.46921166666667 213.5</gx:coord>

<when>2025-12-06T18:17:23.000Z</when>
<gx:coord>-98.51590683333333 29.4718345 216.8</gx:coord>

<when>2025-12-06T18:17:34.000Z</when>
<gx:coord>-98.51698233333333 29.474225833333335 221.0</gx:coord>

<when>2025-12-06T18:17:45.000Z</when>
<gx:coord>-98.51884366666667 29.476174833333335 216.7</gx:coord>

<when>2025-12-06T18:17:56.000Z</when>
<gx:coord>-98.5210995 29.4779135 216.5</gx:coord>

<when>2025-12-06T18:18:07.000Z</when>
<gx:coord>-98.52332866666666 29.479622333333335 218.1</gx:coord>

<when>2025-12-06T18:18:18.000Z</when>
<gx:coord>-98.52546133333333 29.481243333333335 228.8</gx:coord>

<when>2025-12-06T18:18:29.000Z</when>
<gx:coord>-98.52757716666669 29.48287983333333 228.2</gx:coord>

<when>2025-12-06T18:18:40.000Z</when>
<gx:coord>-98.530031 29.484228666666663 227.9</gx:coord>

<when>2025-12-06T18:18:51.000Z</when>
<gx:coord>-98.53281866666666 29.484836166666664 237.0</gx:coord>

<when>2025-12-06T18:19:02.000Z</when>
<gx:coord>-98.53565266666668 29.484870166666663 243.1</gx:coord>

<when>2025-12-06T18:19:13.000Z</when>
<gx:coord>-98.53863983333333 29.48494833333333 240.4</gx:coord>

<when>2025-12-06T18:19:24.000Z</when>
<gx:coord>-98.54153133333332 29.48575166666667 239.6</gx:coord>

<when>2025-12-06T18:19:35.000Z</when>
<gx:coord>-98.54387083333334 29.48730683333333 239.9</gx:coord>

<when>2025-12-06T18:19:46.000Z</when>
<gx:coord>-98.54547183333334 29.489402000000002 244.4</gx:coord>

<when>2025-12-06T18:19:57.000Z</when>
<gx:coord>-98.5464705 29.491628666666664 254.5</gx:coord>

<when>2025-12-06T18:20:08.000Z</when>
<gx:coord>-98.54714083333334 29.49383716666667 260.2</gx:coord>

<when>2025-12-06T18:20:19.000Z</when>
<gx:coord>-98.54767050000001 29.496157333333333 265.7</gx:coord>

<when>2025-12-06T18:20:30.000Z</when>
<gx:coord>-98.54795083333332 29.49852716666667 274.6</gx:coord>

<when>2025-12-06T18:20:41.000Z</when>
<gx:coord>-98.54847616666666 29.50089366666667 276.2</gx:coord>

<when>2025-12-06T18:20:52.000Z</when>
<gx:coord>-98.549213 29.503428166666662 275.9</gx:coord>

<when>2025-12-06T18:21:03.000Z</when>
<gx:coord>-98.55022849999999 29.506014166666667 275.3</gx:coord>

<when>2025-12-06T18:21:14.000Z</when>
<gx:coord>-98.55136650000001 29.508471166666663 276.4</gx:coord>

<when>2025-12-06T18:21:25.000Z</when>
<gx:coord>-98.5520655 29.5108235 281.0</gx:coord>

<when>2025-12-06T18:21:36.000Z</when>
<gx:coord>-98.55278916666666 29.51328433333333 279.0</gx:coord>

<when>2025-12-06T18:21:47.000Z</when>
<gx:coord>-98.55353683333333 29.515832666666665 275.7</gx:coord>

<when>2025-12-06T18:21:58.000Z</when>
<gx:coord>-98.55430166666665 29.518485499999997 263.5</gx:coord>

<when>2025-12-06T18:22:09.000Z</when>
<gx:coord>-98.55507966666667 29.5211535 265.2</gx:coord>

<when>2025-12-06T18:22:20.000Z</when>
<gx:coord>-98.55590516666668 29.523859833333336 263.0</gx:coord>

<when>2025-12-06T18:22:31.000Z</when>
<gx:coord>-98.55727333333334 29.526396166666668 262.2</gx:coord>

<when>2025-12-06T18:22:42.000Z</when>
<gx:coord>-98.55925316666665 29.528525 264.0</gx:coord>

<when>2025-12-06T18:22:53.000Z</when>
<gx:coord>-98.561281 29.530456000000004 273.5</gx:coord>

<when>2025-12-06T18:23:04.000Z</when>
<gx:coord>-98.56304066666668 29.532139833333336 276.1</gx:coord>

<when>2025-12-06T18:23:15.000Z</when>
<gx:coord>-98.56477683333333 29.533811333333333 280.0</gx:coord>

<when>2025-12-06T18:23:26.000Z</when>
<gx:coord>-98.56657650000001 29.535530666666666 282.8</gx:coord>

<when>2025-12-06T18:23:37.000Z</when>
<gx:coord>-98.56844333333332 29.537307666666667 286.2</gx:coord>

<when>2025-12-06T18:23:48.000Z</when>
<gx:coord>-98.57031766666665 29.539087333333335 290.0</gx:coord>

<when>2025-12-06T18:23:59.000Z</when>
<gx:coord>-98.57244783333333 29.540737166666666 294.3</gx:coord>

<when>2025-12-06T18:24:10.000Z</when>
<gx:coord>-98.57470450000001 29.54216516666667 293.8</gx:coord>

<when>2025-12-06T18:24:21.000Z</when>
<gx:coord>-98.57687816666666 29.543529666666668 300.5</gx:coord>

<when>2025-12-06T18:24:32.000Z</when>
<gx:coord>-98.57889883333334 29.544801333333332 305.1</gx:coord>

<when>2025-12-06T18:24:43.000Z</when>
<gx:coord>-98.58093249999999 29.546081833333332 298.9</gx:coord>

<when>2025-12-06T18:24:54.000Z</when>
<gx:coord>-98.58299416666665 29.547487 294.2</gx:coord>

<when>2025-12-06T18:25:05.000Z</when>
<gx:coord>-98.58456849999999 29.549307 298.0</gx:coord>

<when>2025-12-06T18:25:16.000Z</when>
<gx:coord>-98.58562183333333 29.55133916666667 303.6</gx:coord>

<when>2025-12-06T18:25:27.000Z</when>
<gx:coord>-98.58667183333334 29.553439166666667 307.6</gx:coord>

<when>2025-12-06T18:25:38.000Z</when>
<gx:coord>-98.58778983333335 29.555567333333336 312.2</gx:coord>

<when>2025-12-06T18:25:49.000Z</when>
<gx:coord>-98.58877550000001 29.557444333333333 310.6</gx:coord>

<when>2025-12-06T18:26:00.000Z</when>
<gx:coord>-98.58920699999999 29.558279833333337 307.8</gx:coord>

<when>2025-12-06T18:26:11.000Z</when>
<gx:coord>-98.589435 29.558765833333336 305.9</gx:coord>

<when>2025-12-06T18:26:22.000Z</when>
<gx:coord>-98.58962366666668 29.559224333333336 303.4</gx:coord>

<when>2025-12-06T18:26:33.000Z</when>
<gx:coord>-98.58978450000001 29.559639999999998 300.8</gx:coord>

<when>2025-12-06T18:26:44.000Z</when>
<gx:coord>-98.58992000000002 29.560023166666664 297.7</gx:coord>

<when>2025-12-06T18:26:55.000Z</when>
<gx:coord>-98.59003166666668 29.5603825 296.6</gx:coord>

<when>2025-12-06T18:27:06.000Z</when>
<gx:coord>-98.59013416666667 29.560736833333333 296.2</gx:coord>

<when>2025-12-06T18:27:17.000Z</when>
<gx:coord>-98.59022600000002 29.56108133333333 295.8</gx:coord>

<when>2025-12-06T18:27:28.000Z</when>
<gx:coord>-98.59030016666665 29.561410833333337 295.6</gx:coord>

<when>2025-12-06T18:27:39.000Z</when>
<gx:coord>-98.59037633333334 29.561650500000002 295.6</gx:coord>

<when>2025-12-06T18:27:50.000Z</when>
<gx:coord>-98.59044083333335 29.56186883333333 295.8</gx:coord>

<when>2025-12-06T18:28:01.000Z</when>
<gx:coord>-98.59050083333335 29.5620725 295.8</gx:coord>

<when>2025-12-06T18:28:12.000Z</when>
<gx:coord>-98.59062850000001 29.562485666666664 295.9</gx:coord>

<when>2025-12-06T18:28:23.000Z</when>
<gx:coord>-98.59085166666667 29.563222666666668 295.5</gx:coord>

<when>2025-12-06T18:28:34.000Z</when>
<gx:coord>-98.59102066666668 29.563773500000003 294.8</gx:coord>

<when>2025-12-06T18:28:45.000Z</when>
<gx:coord>-98.59105149999999 29.56387516666667 295.0</gx:coord>

<when>2025-12-06T18:28:56.000Z</when>
<gx:coord>-98.59112333333333 29.564125166666667 294.7</gx:coord>

<when>2025-12-06T18:29:07.000Z</when>
<gx:coord>-98.59130883333334 29.564724000000002 293.6</gx:coord>

<when>2025-12-06T18:29:18.000Z</when>
<gx:coord>-98.59150566666668 29.565359166666667 291.7</gx:coord>

<when>2025-12-06T18:29:29.000Z</when>
<gx:coord>-98.5916355 29.5660715 289.7</gx:coord>

<when>2025-12-06T18:29:40.000Z</when>
<gx:coord>-98.59173383333334 29.566916666666664 288.0</gx:coord>

<when>2025-12-06T18:29:51.000Z</when>
<gx:coord>-98.59209166666666 29.568000833333333 287.6</gx:coord>

<when>2025-12-06T18:30:02.000Z</when>
<gx:coord>-98.59243883333332 29.5687935 287.5</gx:coord>

<when>2025-12-06T18:30:13.000Z</when>
<gx:coord>-98.59253349999999 29.56910383333333 286.6</gx:coord>

<when>2025-12-06T18:30:24.000Z</when>
<gx:coord>-98.59259516666667 29.5693005 286.9</gx:coord>

<when>2025-12-06T18:30:35.000Z</when>
<gx:coord>-98.59277583333332 29.5699155 287.9</gx:coord>

<when>2025-12-06T18:30:46.000Z</when>
<gx:coord>-98.59298016666668 29.57076083333333 289.8</gx:coord>

<when>2025-12-06T18:30:57.000Z</when>
<gx:coord>-98.59303116666666 29.571191833333334 290.3</gx:coord>

<when>2025-12-06T18:31:08.000Z</when>
<gx:coord>-98.59305116666668 29.571469333333333 291.9</gx:coord>

<when>2025-12-06T18:31:19.000Z</when>
<gx:coord>-98.59307633333334 29.571626833333333 293.0</gx:coord>

<when>2025-12-06T18:31:30.000Z</when>
<gx:coord>-98.59309649999999 29.571712499999997 294.9</gx:coord>

<when>2025-12-06T18:32:14.000Z</when>
<gx:coord>-98.59310466666666 29.571773 300.1</gx:coord>

<when>2025-12-06T18:32:25.000Z</when>
<gx:coord>-98.5931775 29.57204916666667 300.1</gx:coord>

<when>2025-12-06T18:32:36.000Z</when>
<gx:coord>-98.59338583333334 29.572760499999998 300.4</gx:coord>

<when>2025-12-06T18:32:47.000Z</when>
<gx:coord>-98.59358383333334 29.573409 300.2</gx:coord>

<when>2025-12-06T18:32:58.000Z</when>
<gx:coord>-98.59367983333335 29.573704 298.7</gx:coord>

<when>2025-12-06T18:33:09.000Z</when>
<gx:coord>-98.59370316666667 29.573769000000002 299.6</gx:coord>

<when>2025-12-06T18:33:20.000Z</when>
<gx:coord>-98.59373166666667 29.573846000000003 299.1</gx:coord>

<when>2025-12-06T18:34:15.000Z</when>
<gx:coord>-98.59379183333334 29.574031666666663 304.1</gx:coord>

<when>2025-12-06T18:34:26.000Z</when>
<gx:coord>-98.59404066666666 29.57487666666667 307.9</gx:coord>

<when>2025-12-06T18:34:37.000Z</when>
<gx:coord>-98.59425533333334 29.5756685 309.2</gx:coord>

<when>2025-12-06T18:34:48.000Z</when>
<gx:coord>-98.59459766666666 29.576787500000002 308.6</gx:coord>

<when>2025-12-06T18:34:59.000Z</when>
<gx:coord>-98.59504999999999 29.578214333333335 307.6</gx:coord>

<when>2025-12-06T18:35:10.000Z</when>
<gx:coord>-98.59545916666666 29.579505166666664 303.9</gx:coord>

<when>2025-12-06T18:35:21.000Z</when>
<gx:coord>-98.59582216666668 29.58061716666667 295.7</gx:coord>

<when>2025-12-06T18:35:32.000Z</when>
<gx:coord>-98.59600683333335 29.58117066666667 293.6</gx:coord>

<when>2025-12-06T18:35:43.000Z</when>
<gx:coord>-98.59611183333332 29.581486333333334 291.0</gx:coord>

<when>2025-12-06T18:35:54.000Z</when>
<gx:coord>-98.59620033333334 29.5817475 288.6</gx:coord>

<when>2025-12-06T18:36:05.000Z</when>
<gx:coord>-98.59621816666667 29.581792000000004 290.7</gx:coord>

<when>2025-12-06T18:36:16.000Z</when>
<gx:coord>-98.59624566666668 29.58186783333333 292.3</gx:coord>

<when>2025-12-06T18:37:00.000Z</when>
<gx:coord>-98.596293 29.58200133333333 291.3</gx:coord>

<when>2025-12-06T18:37:11.000Z</when>
<gx:coord>-98.59631533333335 29.582203166666666 290.1</gx:coord>

<when>2025-12-06T18:37:22.000Z</when>
<gx:coord>-98.59641183333333 29.582505666666666 290.2</gx:coord>

<when>2025-12-06T18:37:33.000Z</when>
<gx:coord>-98.59649650000001 29.582754666666666 289.8</gx:coord>

<when>2025-12-06T18:37:44.000Z</when>
<gx:coord>-98.59653983333334 29.582889333333334 290.5</gx:coord>

<when>2025-12-06T18:37:55.000Z</when>
<gx:coord>-98.59660066666666 29.583107000000002 290.7</gx:coord>

<when>2025-12-06T18:38:06.000Z</when>
<gx:coord>-98.5966685 29.583360666666668 291.9</gx:coord>

<when>2025-12-06T18:38:17.000Z</when>
<gx:coord>-98.59672350000001 29.583573166666664 292.7</gx:coord>

<when>2025-12-06T18:38:28.000Z</when>
<gx:coord>-98.59678866666667 29.583838 292.9</gx:coord>

<when>2025-12-06T18:38:39.000Z</when>
<gx:coord>-98.59678299999999 29.58409483333333 291.0</gx:coord>

<when>2025-12-06T18:38:50.000Z</when>
<gx:coord>-98.59603283333333 29.584266166666666 286.7</gx:coord>

<when>2025-12-06T18:39:01.000Z</when>
<gx:coord>-98.59476716666668 29.584532 284.9</gx:coord>

<when>2025-12-06T18:39:12.000Z</when>
<gx:coord>-98.59346616666666 29.585162666666665 292.5</gx:coord>

<when>2025-12-06T18:39:23.000Z</when>
<gx:coord>-98.59243566666667 29.585907833333334 296.8</gx:coord>

<when>2025-12-06T18:39:34.000Z</when>
<gx:coord>-98.59123633333333 29.586459833333333 298.9</gx:coord>

<when>2025-12-06T18:39:45.000Z</when>
<gx:coord>-98.58980333333332 29.586379000000004 303.5</gx:coord>

<when>2025-12-06T18:39:56.000Z</when>
<gx:coord>-98.58895833333332 29.58646666666667 298.1</gx:coord>

<when>2025-12-06T18:40:07.000Z</when>
<gx:coord>-98.58889516666667 29.586479666666666 293.2</gx:coord>

<when>2025-12-06T18:40:51.000Z</when>
<gx:coord>-98.58884166666667 29.58651316666667 303.0</gx:coord>

<when>2025-12-06T18:41:02.000Z</when>
<gx:coord>-98.58870433333335 29.5869545 304.3</gx:coord>

<when>2025-12-06T18:41:13.000Z</when>
<gx:coord>-98.58881099999999 29.587318166666666 304.0</gx:coord>

<when>2025-12-06T18:41:24.000Z</when>
<gx:coord>-98.58883733333332 29.587400666666667 305.9</gx:coord>

<when>2025-12-06T18:41:35.000Z</when>
<gx:coord>-98.58886716666666 29.587516166666667 309.0</gx:coord>

<when>2025-12-06T18:41:57.000Z</when>
<gx:coord>-98.58888483333334 29.587585833333332 312.9</gx:coord>

<when>2025-12-06T18:43:14.000Z</when>
<gx:coord>-98.58890466666665 29.587662333333334 309.9</gx:coord>

<when>2025-12-06T18:43:25.000Z</when>
<gx:coord>-98.58892316666667 29.58775933333333 311.4</gx:coord>

<when>2025-12-06T18:43:36.000Z</when>
<gx:coord>-98.58895733333333 29.58795316666666 311.2</gx:coord>

<when>2025-12-06T18:43:47.000Z</when>
<gx:coord>-98.58897283333333 29.58817483333333 312.8</gx:coord>

<when>2025-12-06T18:43:58.000Z</when>
<gx:coord>-98.58899016666668 29.588488999999996 313.0</gx:coord>

<when>2025-12-06T18:44:09.000Z</when>
<gx:coord>-98.58900200000001 29.588719333333334 312.3</gx:coord>

<when>2025-12-06T18:44:42.000Z</when>
<gx:coord>-98.58899783333332 29.588779833333334 316.9</gx:coord>

<when>2025-12-06T18:45:04.000Z</when>
<gx:coord>-98.58899799999999 29.588865166666665 322.1</gx:coord>

<when>2025-12-06T18:45:26.000Z</when>
<gx:coord>-98.58898583333333 29.588919 332.9</gx:coord>

<when>2025-12-06T18:45:59.000Z</when>
<gx:coord>-98.58897766666665 29.589063166666666 337.3</gx:coord>

<when>2025-12-06T18:46:10.000Z</when>
<gx:coord>-98.58900516666667 29.58947933333333 339.9</gx:coord>

<when>2025-12-06T18:46:21.000Z</when>
<gx:coord>-98.58907666666667 29.59004483333333 334.5</gx:coord>

<when>2025-12-06T18:46:32.000Z</when>
<gx:coord>-98.5891145 29.590337666666663 327.7</gx:coord>

<when>2025-12-06T18:47:27.000Z</when>
<gx:coord>-98.58915566666668 29.5904275 319.2</gx:coord>

<when>2025-12-06T18:48:33.000Z</when>
<gx:coord>-98.58915133333333 29.59049016666667 315.8</gx:coord>

<when>2025-12-06T18:48:44.000Z</when>
<gx:coord>-98.58924700000001 29.59121866666667 315.5</gx:coord>

<when>2025-12-06T18:48:55.000Z</when>
<gx:coord>-98.58939933333335 29.59216816666667 308.7</gx:coord>

<when>2025-12-06T18:49:06.000Z</when>
<gx:coord>-98.5894825 29.593375999999996 306.8</gx:coord>

<when>2025-12-06T18:49:17.000Z</when>
<gx:coord>-98.58950066666667 29.594930166666668 306.2</gx:coord>

<when>2025-12-06T18:49:28.000Z</when>
<gx:coord>-98.59052233333333 29.596197 308.4</gx:coord>

<when>2025-12-06T18:49:39.000Z</when>
<gx:coord>-98.59221616666667 29.59715383333333 304.0</gx:coord>

<when>2025-12-06T18:49:50.000Z</when>
<gx:coord>-98.59399483333333 29.59815216666667 305.9</gx:coord>

<when>2025-12-06T18:50:01.000Z</when>
<gx:coord>-98.595735 29.599132500000003 307.2</gx:coord>

<when>2025-12-06T18:50:12.000Z</when>
<gx:coord>-98.59670616666666 29.60037033333333 304.3</gx:coord>

<when>2025-12-06T18:50:23.000Z</when>
<gx:coord>-98.59677783333333 29.601245666666667 306.3</gx:coord>

<when>2025-12-06T18:50:34.000Z</when>
<gx:coord>-98.59670066666668 29.60154633333333 306.5</gx:coord>

<when>2025-12-06T18:50:56.000Z</when>
<gx:coord>-98.59668566666666 29.601597500000004 307.4</gx:coord>

<when>2025-12-06T18:51:18.000Z</when>
<gx:coord>-98.59669200000002 29.60168816666667 307.8</gx:coord>

<when>2025-12-06T18:51:29.000Z</when>
<gx:coord>-98.59666866666666 29.601762333333333 308.0</gx:coord>

<when>2025-12-06T18:51:40.000Z</when>
<gx:coord>-98.59664416666668 29.601832166666668 308.7</gx:coord>

<when>2025-12-06T18:51:51.000Z</when>
<gx:coord>-98.59659533333334 29.601967166666668 310.1</gx:coord>

<when>2025-12-06T18:52:02.000Z</when>
<gx:coord>-98.59656233333332 29.60206333333333 310.4</gx:coord>

<when>2025-12-06T18:52:24.000Z</when>
<gx:coord>-98.59650816666665 29.602227500000005 310.7</gx:coord>

<when>2025-12-06T18:52:35.000Z</when>
<gx:coord>-98.59649166666668 29.602317166666662 310.8</gx:coord>

<when>2025-12-06T18:52:46.000Z</when>
<gx:coord>-98.59687466666668 29.602503499999997 308.6</gx:coord>

<when>2025-12-06T18:52:57.000Z</when>
<gx:coord>-98.59817883333332 29.602955833333333 307.2</gx:coord>

<when>2025-12-06T18:53:08.000Z</when>
<gx:coord>-98.5995245 29.603492833333334 304.7</gx:coord>

<when>2025-12-06T18:53:19.000Z</when>
<gx:coord>-98.60034483333332 29.603443500000004 304.2</gx:coord>

<when>2025-12-06T18:53:30.000Z</when>
<gx:coord>-98.60061449999999 29.60393916666667 304.2</gx:coord>

<when>2025-12-06T18:53:41.000Z</when>
<gx:coord>-98.60102483333334 29.60511166666667 304.6</gx:coord>

<when>2025-12-06T18:53:52.000Z</when>
<gx:coord>-98.60114 29.605465166666665 305.0</gx:coord>

<when>2025-12-06T18:54:25.000Z</when>
<gx:coord>-98.601176 29.60559483333333 307.9</gx:coord>

<when>2025-12-06T18:54:36.000Z</when>
<gx:coord>-98.60143583333333 29.6063885 308.3</gx:coord>

<when>2025-12-06T18:54:47.000Z</when>
<gx:coord>-98.60189333333334 29.607545333333338 309.0</gx:coord>

<when>2025-12-06T18:54:58.000Z</when>
<gx:coord>-98.60236083333332 29.608691 310.3</gx:coord>

<when>2025-12-06T18:55:09.000Z</when>
<gx:coord>-98.60286633333332 29.60991316666667 311.3</gx:coord>

<when>2025-12-06T18:55:20.000Z</when>
<gx:coord>-98.60340516666665 29.611220000000003 313.6</gx:coord>

<when>2025-12-06T18:55:31.000Z</when>
<gx:coord>-98.60399350000002 29.612642833333332 316.8</gx:coord>

<when>2025-12-06T18:55:42.000Z</when>
<gx:coord>-98.60477116666668 29.614400166666663 318.0</gx:coord>

<when>2025-12-06T18:55:53.000Z</when>
<gx:coord>-98.6059645 29.616320166666664 316.9</gx:coord>

<when>2025-12-06T18:56:04.000Z</when>
<gx:coord>-98.6071055 29.618416333333336 319.5</gx:coord>

<when>2025-12-06T18:56:15.000Z</when>
<gx:coord>-98.60788 29.620534 319.9</gx:coord>

<when>2025-12-06T18:56:26.000Z</when>
<gx:coord>-98.60874299999999 29.622528000000003 320.1</gx:coord>

<when>2025-12-06T18:56:37.000Z</when>
<gx:coord>-98.60958633333333 29.62474666666667 327.0</gx:coord>

<when>2025-12-06T18:56:48.000Z</when>
<gx:coord>-98.61045416666666 29.62713216666667 323.9</gx:coord>

<when>2025-12-06T18:56:59.000Z</when>
<gx:coord>-98.61130933333334 29.62950466666667 319.1</gx:coord>

<when>2025-12-06T18:57:10.000Z</when>
<gx:coord>-98.61225033333334 29.63198 318.8</gx:coord>

<when>2025-12-06T18:57:21.000Z</when>
<gx:coord>-98.61332466666666 29.63453283333333 321.1</gx:coord>

<when>2025-12-06T18:57:32.000Z</when>
<gx:coord>-98.61467116666667 29.636951833333335 322.2</gx:coord>

<when>2025-12-06T18:57:43.000Z</when>
<gx:coord>-98.61626516666665 29.639297000000003 323.4</gx:coord>

<when>2025-12-06T18:57:54.000Z</when>
<gx:coord>-98.61791649999999 29.641708499999996 324.7</gx:coord>

<when>2025-12-06T18:58:05.000Z</when>
<gx:coord>-98.61959 29.644103000000005 325.0</gx:coord>

<when>2025-12-06T18:58:16.000Z</when>
<gx:coord>-98.6211515 29.646357833333333 328.4</gx:coord>

<when>2025-12-06T18:58:27.000Z</when>
<gx:coord>-98.62258483333332 29.648576499999997 332.5</gx:coord>

<when>2025-12-06T18:58:38.000Z</when>
<gx:coord>-98.62381716666665 29.650891333333334 330.0</gx:coord>

<when>2025-12-06T18:58:49.000Z</when>
<gx:coord>-98.62471033333334 29.6533995 327.9</gx:coord>

<when>2025-12-06T18:59:00.000Z</when>
<gx:coord>-98.62554216666668 29.655939333333336 328.8</gx:coord>

<when>2025-12-06T18:59:11.000Z</when>
<gx:coord>-98.62646066666666 29.658399 330.2</gx:coord>

<when>2025-12-06T18:59:22.000Z</when>
<gx:coord>-98.62791966666667 29.660672166666668 332.9</gx:coord>

<when>2025-12-06T18:59:33.000Z</when>
<gx:coord>-98.62969550000001 29.66284 334.3</gx:coord>

<when>2025-12-06T18:59:44.000Z</when>
<gx:coord>-98.63091216666665 29.665234 338.1</gx:coord>

<when>2025-12-06T18:59:55.000Z</when>
<gx:coord>-98.63190183333333 29.667660500000004 341.2</gx:coord>

<when>2025-12-06T19:00:06.000Z</when>
<gx:coord>-98.63291283333335 29.67012633333333 338.4</gx:coord>

<when>2025-12-06T19:00:17.000Z</when>
<gx:coord>-98.63393599999999 29.672626833333332 338.5</gx:coord>

<when>2025-12-06T19:00:28.000Z</when>
<gx:coord>-98.63519033333333 29.675128499999996 340.4</gx:coord>

<when>2025-12-06T19:00:39.000Z</when>
<gx:coord>-98.63674283333333 29.67741583333333 342.6</gx:coord>

<when>2025-12-06T19:00:50.000Z</when>
<gx:coord>-98.63820966666665 29.679521 346.9</gx:coord>

<when>2025-12-06T19:01:01.000Z</when>
<gx:coord>-98.63966200000002 29.68172533333333 349.5</gx:coord>

<when>2025-12-06T19:01:12.000Z</when>
<gx:coord>-98.64115316666667 29.683882666666666 352.4</gx:coord>

<when>2025-12-06T19:01:23.000Z</when>
<gx:coord>-98.64256449999999 29.68594666666667 356.2</gx:coord>

<when>2025-12-06T19:01:34.000Z</when>
<gx:coord>-98.6439285 29.687980166666662 357.6</gx:coord>

<when>2025-12-06T19:01:45.000Z</when>
<gx:coord>-98.64529816666666 29.689970333333335 359.1</gx:coord>

<when>2025-12-06T19:01:56.000Z</when>
<gx:coord>-98.64668733333335 29.6919295 360.8</gx:coord>

<when>2025-12-06T19:02:07.000Z</when>
<gx:coord>-98.64809199999999 29.693999 364.6</gx:coord>

<when>2025-12-06T19:02:18.000Z</when>
<gx:coord>-98.64952466666666 29.696108499999998 371.4</gx:coord>

<when>2025-12-06T19:02:29.000Z</when>
<gx:coord>-98.65100333333334 29.698292833333333 371.1</gx:coord>

<when>2025-12-06T19:02:40.000Z</when>
<gx:coord>-98.65255416666666 29.700582999999998 372.0</gx:coord>

<when>2025-12-06T19:02:51.000Z</when>
<gx:coord>-98.65407699999999 29.70288483333333 376.7</gx:coord>

<when>2025-12-06T19:03:02.000Z</when>
<gx:coord>-98.65563066666667 29.705209833333335 378.4</gx:coord>

<when>2025-12-06T19:03:13.000Z</when>
<gx:coord>-98.65720000000002 29.707524166666666 381.6</gx:coord>

<when>2025-12-06T19:03:24.000Z</when>
<gx:coord>-98.65870516666668 29.70974233333333 389.3</gx:coord>

<when>2025-12-06T19:03:35.000Z</when>
<gx:coord>-98.66015566666668 29.711887166666664 397.3</gx:coord>

<when>2025-12-06T19:03:46.000Z</when>
<gx:coord>-98.66155566666666 29.71394533333333 405.4</gx:coord>

<when>2025-12-06T19:03:57.000Z</when>
<gx:coord>-98.66295716666667 29.716015500000005 410.7</gx:coord>

<when>2025-12-06T19:04:08.000Z</when>
<gx:coord>-98.6643865 29.718053166666664 416.2</gx:coord>

<when>2025-12-06T19:04:19.000Z</when>
<gx:coord>-98.66627666666666 29.719968666666666 418.8</gx:coord>

<when>2025-12-06T19:04:30.000Z</when>
<gx:coord>-98.66836483333333 29.721837166666667 417.8</gx:coord>

<when>2025-12-06T19:04:41.000Z</when>
<gx:coord>-98.67045183333333 29.723706 421.7</gx:coord>

<when>2025-12-06T19:04:52.000Z</when>
<gx:coord>-98.67249733333334 29.72554116666667 421.3</gx:coord>

<when>2025-12-06T19:05:03.000Z</when>
<gx:coord>-98.674555 29.727389166666665 416.0</gx:coord>

<when>2025-12-06T19:05:14.000Z</when>
<gx:coord>-98.67658066666667 29.729199833333336 411.9</gx:coord>

<when>2025-12-06T19:05:25.000Z</when>
<gx:coord>-98.67860999999999 29.73102333333333 408.3</gx:coord>

<when>2025-12-06T19:05:36.000Z</when>
<gx:coord>-98.68071149999999 29.732841833333335 408.7</gx:coord>

<when>2025-12-06T19:05:47.000Z</when>
<gx:coord>-98.68268466666665 29.734615666666667 413.2</gx:coord>

<when>2025-12-06T19:05:58.000Z</when>
<gx:coord>-98.68461033333332 29.736382333333335 407.5</gx:coord>

<when>2025-12-06T19:06:08.000Z</when>
<gx:coord>-98.68641866666667 29.738052333333332 401.9</gx:coord>

<when>2025-12-06T19:06:19.000Z</when>
<gx:coord>-98.68846383333333 29.739893833333333 402.2</gx:coord>

<when>2025-12-06T19:06:30.000Z</when>
<gx:coord>-98.690451 29.74168666666667 409.5</gx:coord>

<when>2025-12-06T19:06:41.000Z</when>
<gx:coord>-98.69241099999999 29.743452333333334 412.8</gx:coord>

<when>2025-12-06T19:06:52.000Z</when>
<gx:coord>-98.69437766666667 29.7452105 414.3</gx:coord>

<when>2025-12-06T19:07:03.000Z</when>
<gx:coord>-98.69637800000001 29.747013 415.8</gx:coord>

<when>2025-12-06T19:07:14.000Z</when>
<gx:coord>-98.69843366666667 29.748862999999997 417.2</gx:coord>

<when>2025-12-06T19:07:25.000Z</when>
<gx:coord>-98.70052249999999 29.750738833333337 428.9</gx:coord>

<when>2025-12-06T19:07:36.000Z</when>
<gx:coord>-98.70261533333333 29.752538166666668 435.5</gx:coord>

<when>2025-12-06T19:07:47.000Z</when>
<gx:coord>-98.704612 29.754332833333333 438.4</gx:coord>

<when>2025-12-06T19:07:58.000Z</when>
<gx:coord>-98.70656349999999 29.756085999999996 430.6</gx:coord>

<when>2025-12-06T19:08:09.000Z</when>
<gx:coord>-98.70855083333332 29.757861499999997 428.9</gx:coord>

<when>2025-12-06T19:08:20.000Z</when>
<gx:coord>-98.71062633333334 29.759642666666664 432.4</gx:coord>

<when>2025-12-06T19:08:31.000Z</when>
<gx:coord>-98.712643 29.761449333333335 437.7</gx:coord>

<when>2025-12-06T19:08:42.000Z</when>
<gx:coord>-98.71468516666667 29.763291666666667 440.4</gx:coord>

<when>2025-12-06T19:08:53.000Z</when>
<gx:coord>-98.71685666666666 29.76521066666667 438.8</gx:coord>

<when>2025-12-06T19:09:04.000Z</when>
<gx:coord>-98.71914366666667 29.76707383333333 440.2</gx:coord>

<when>2025-12-06T19:09:15.000Z</when>
<gx:coord>-98.72157216666668 29.76890583333333 433.7</gx:coord>

<when>2025-12-06T19:09:26.000Z</when>
<gx:coord>-98.72398983333332 29.770602999999998 438.7</gx:coord>

<when>2025-12-06T19:09:37.000Z</when>
<gx:coord>-98.72624233333333 29.772190166666665 438.6</gx:coord>

<when>2025-12-06T19:09:48.000Z</when>
<gx:coord>-98.72849716666666 29.773784666666664 430.9</gx:coord>

<when>2025-12-06T19:09:59.000Z</when>
<gx:coord>-98.73077516666666 29.775389166666667 430.6</gx:coord>

<when>2025-12-06T19:10:10.000Z</when>
<gx:coord>-98.73303183333334 29.776973166666668 435.7</gx:coord>

<when>2025-12-06T19:10:21.000Z</when>
<gx:coord>-98.73533799999998 29.778599333333332 438.3</gx:coord>

<when>2025-12-06T19:10:32.000Z</when>
<gx:coord>-98.73763616666665 29.780225166666664 439.5</gx:coord>

<when>2025-12-06T19:10:43.000Z</when>
<gx:coord>-98.73994766666668 29.781848333333333 437.2</gx:coord>

<when>2025-12-06T19:10:54.000Z</when>
<gx:coord>-98.74224350000001 29.78346916666667 432.8</gx:coord>

<when>2025-12-06T19:11:05.000Z</when>
<gx:coord>-98.74453216666667 29.785090833333335 427.2</gx:coord>

<when>2025-12-06T19:11:16.000Z</when>
<gx:coord>-98.74673916666667 29.786683500000002 432.3</gx:coord>

<when>2025-12-06T19:11:27.000Z</when>
<gx:coord>-98.748691 29.78849866666667 440.6</gx:coord>

<when>2025-12-06T19:11:38.000Z</when>
<gx:coord>-98.75025233333332 29.7905405 447.1</gx:coord>

<when>2025-12-06T19:11:49.000Z</when>
<gx:coord>-98.75142083333334 29.792733666666663 448.4</gx:coord>

<when>2025-12-06T19:12:00.000Z</when>
<gx:coord>-98.75216983333333 29.794977499999998 444.4</gx:coord>

<when>2025-12-06T19:12:11.000Z</when>
<gx:coord>-98.75252966666667 29.797442333333333 441.7</gx:coord>

<when>2025-12-06T19:12:22.000Z</when>
<gx:coord>-98.75273533333332 29.79998933333333 442.3</gx:coord>

<when>2025-12-06T19:12:33.000Z</when>
<gx:coord>-98.7529305 29.80256116666667 442.2</gx:coord>

<when>2025-12-06T19:12:44.000Z</when>
<gx:coord>-98.75312833333334 29.8051145 442.6</gx:coord>

<when>2025-12-06T19:12:55.000Z</when>
<gx:coord>-98.75333283333333 29.8076645 441.7</gx:coord>

<when>2025-12-06T19:13:06.000Z</when>
<gx:coord>-98.75354166666666 29.810130333333337 446.9</gx:coord>

<when>2025-12-06T19:13:17.000Z</when>
<gx:coord>-98.75374316666667 29.812638333333332 446.0</gx:coord>

<when>2025-12-06T19:13:28.000Z</when>
<gx:coord>-98.75395733333335 29.815234166666663 443.3</gx:coord>

<when>2025-12-06T19:13:39.000Z</when>
<gx:coord>-98.75432983333333 29.817798500000002 444.7</gx:coord>

<when>2025-12-06T19:13:50.000Z</when>
<gx:coord>-98.75525283333333 29.820242333333333 445.0</gx:coord>

<when>2025-12-06T19:14:01.000Z</when>
<gx:coord>-98.75677650000002 29.822500833333333 445.4</gx:coord>

<when>2025-12-06T19:14:12.000Z</when>
<gx:coord>-98.75875749999999 29.824464666666668 448.3</gx:coord>

<when>2025-12-06T19:14:23.000Z</when>
<gx:coord>-98.76078533333333 29.82626966666667 453.5</gx:coord>

<when>2025-12-06T19:14:34.000Z</when>
<gx:coord>-98.76284849999999 29.82810983333333 459.4</gx:coord>

<when>2025-12-06T19:14:45.000Z</when>
<gx:coord>-98.76486833333333 29.829914999999996 464.1</gx:coord>

<when>2025-12-06T19:14:56.000Z</when>
<gx:coord>-98.76683666666668 29.831666666666667 466.8</gx:coord>

<when>2025-12-06T19:15:07.000Z</when>
<gx:coord>-98.76871433333332 29.833320166666667 472.3</gx:coord>

<when>2025-12-06T19:15:18.000Z</when>
<gx:coord>-98.77058483333333 29.834896333333337 477.7</gx:coord>

<when>2025-12-06T19:15:29.000Z</when>
<gx:coord>-98.77251733333333 29.8365405 483.3</gx:coord>

<when>2025-12-06T19:15:40.000Z</when>
<gx:coord>-98.7742705 29.8383275 487.6</gx:coord>

<when>2025-12-06T19:15:51.000Z</when>
<gx:coord>-98.77578216666667 29.840322666666665 492.7</gx:coord>

<when>2025-12-06T19:16:02.000Z</when>
<gx:coord>-98.77727150000001 29.842370833333334 498.2</gx:coord>

<when>2025-12-06T19:16:13.000Z</when>
<gx:coord>-98.77879066666668 29.8444605 501.6</gx:coord>

<when>2025-12-06T19:16:24.000Z</when>
<gx:coord>-98.78036916666666 29.8466305 497.0</gx:coord>

<when>2025-12-06T19:16:35.000Z</when>
<gx:coord>-98.78194033333332 29.848781500000005 499.1</gx:coord>

<when>2025-12-06T19:16:46.000Z</when>
<gx:coord>-98.78340866666667 29.85080833333333 506.9</gx:coord>

<when>2025-12-06T19:16:57.000Z</when>
<gx:coord>-98.78470883333333 29.852885 515.5</gx:coord>

<when>2025-12-06T19:17:08.000Z</when>
<gx:coord>-98.7856535 29.855130833333337 522.2</gx:coord>

<when>2025-12-06T19:17:19.000Z</when>
<gx:coord>-98.78623350000001 29.8575065 518.2</gx:coord>

<when>2025-12-06T19:17:30.000Z</when>
<gx:coord>-98.786769 29.860021 510.2</gx:coord>

<when>2025-12-06T19:17:41.000Z</when>
<gx:coord>-98.78736216666667 29.862532499999997 502.5</gx:coord>

<when>2025-12-06T19:17:52.000Z</when>
<gx:coord>-98.78852733333333 29.864861333333337 495.7</gx:coord>

<when>2025-12-06T19:18:03.000Z</when>
<gx:coord>-98.79017783333332 29.866967 487.8</gx:coord>

<when>2025-12-06T19:18:14.000Z</when>
<gx:coord>-98.79187533333334 29.869073333333336 480.5</gx:coord>

<when>2025-12-06T19:18:25.000Z</when>
<gx:coord>-98.79363733333334 29.871258333333337 472.0</gx:coord>

<when>2025-12-06T19:18:36.000Z</when>
<gx:coord>-98.79545716666668 29.87348516666667 475.5</gx:coord>

<when>2025-12-06T19:18:47.000Z</when>
<gx:coord>-98.79734699999999 29.87550383333333 486.8</gx:coord>

<when>2025-12-06T19:18:58.000Z</when>
<gx:coord>-98.799299 29.877443000000003 494.4</gx:coord>

<when>2025-12-06T19:19:09.000Z</when>
<gx:coord>-98.80124499999998 29.87935016666667 489.4</gx:coord>

<when>2025-12-06T19:19:20.000Z</when>
<gx:coord>-98.80321483333334 29.881307666666665 479.5</gx:coord>

<when>2025-12-06T19:19:31.000Z</when>
<gx:coord>-98.80523033333333 29.883297666666667 468.2</gx:coord>

<when>2025-12-06T19:19:42.000Z</when>
<gx:coord>-98.8072715 29.885315 453.9</gx:coord>

<when>2025-12-06T19:19:53.000Z</when>
<gx:coord>-98.80928483333334 29.88729883333333 446.0</gx:coord>

<when>2025-12-06T19:20:04.000Z</when>
<gx:coord>-98.81117016666667 29.88915533333333 454.5</gx:coord>

<when>2025-12-06T19:20:15.000Z</when>
<gx:coord>-98.81288933333332 29.890957000000004 465.4</gx:coord>

<when>2025-12-06T19:20:26.000Z</when>
<gx:coord>-98.81427616666666 29.892904666666663 475.4</gx:coord>

<when>2025-12-06T19:20:37.000Z</when>
<gx:coord>-98.81547283333333 29.895005 479.3</gx:coord>

<when>2025-12-06T19:20:48.000Z</when>
<gx:coord>-98.81664466666668 29.897045166666665 476.3</gx:coord>

<when>2025-12-06T19:20:59.000Z</when>
<gx:coord>-98.81782649999998 29.899127500000002 472.3</gx:coord>

<when>2025-12-06T19:21:10.000Z</when>
<gx:coord>-98.81901366666668 29.90121483333333 467.8</gx:coord>

<when>2025-12-06T19:21:21.000Z</when>
<gx:coord>-98.82025516666666 29.903379333333337 460.2</gx:coord>

<when>2025-12-06T19:21:32.000Z</when>
<gx:coord>-98.82151966666667 29.905617 452.3</gx:coord>

<when>2025-12-06T19:21:43.000Z</when>
<gx:coord>-98.82279816666666 29.90783183333333 444.0</gx:coord>

<when>2025-12-06T19:21:54.000Z</when>
<gx:coord>-98.82435616666667 29.909921 439.8</gx:coord>

<when>2025-12-06T19:22:05.000Z</when>
<gx:coord>-98.82629133333333 29.911690666666665 446.4</gx:coord>

<when>2025-12-06T19:22:16.000Z</when>
<gx:coord>-98.8286115 29.913128833333335 453.2</gx:coord>

<when>2025-12-06T19:22:27.000Z</when>
<gx:coord>-98.83112333333332 29.914183 460.3</gx:coord>

<when>2025-12-06T19:22:38.000Z</when>
<gx:coord>-98.83359383333332 29.915075499999997 465.4</gx:coord>

<when>2025-12-06T19:22:49.000Z</when>
<gx:coord>-98.83610483333332 29.915990166666667 468.5</gx:coord>

<when>2025-12-06T19:23:00.000Z</when>
<gx:coord>-98.83864966666667 29.916916666666665 471.3</gx:coord>

<when>2025-12-06T19:23:11.000Z</when>
<gx:coord>-98.84128583333334 29.917886666666664 474.6</gx:coord>

<when>2025-12-06T19:23:22.000Z</when>
<gx:coord>-98.8438535 29.919008333333334 483.8</gx:coord>

<when>2025-12-06T19:23:33.000Z</when>
<gx:coord>-98.84621933333334 29.92025716666667 494.5</gx:coord>

<when>2025-12-06T19:23:44.000Z</when>
<gx:coord>-98.84847533333335 29.92156783333333 504.4</gx:coord>

<when>2025-12-06T19:23:55.000Z</when>
<gx:coord>-98.850833 29.922934 506.0</gx:coord>

<when>2025-12-06T19:24:06.000Z</when>
<gx:coord>-98.85328783333334 29.924358666666663 499.0</gx:coord>

<when>2025-12-06T19:24:17.000Z</when>
<gx:coord>-98.85578416666667 29.925994 490.3</gx:coord>

<when>2025-12-06T19:24:28.000Z</when>
<gx:coord>-98.85817800000001 29.92787033333333 481.1</gx:coord>

<when>2025-12-06T19:24:39.000Z</when>
<gx:coord>-98.86034483333333 29.92988666666667 471.4</gx:coord>

<when>2025-12-06T19:24:50.000Z</when>
<gx:coord>-98.86242949999999 29.931931166666665 466.6</gx:coord>

<when>2025-12-06T19:25:01.000Z</when>
<gx:coord>-98.8644725 29.933939000000002 459.3</gx:coord>

<when>2025-12-06T19:25:12.000Z</when>
<gx:coord>-98.86662483333333 29.936054 449.9</gx:coord>

<when>2025-12-06T19:25:23.000Z</when>
<gx:coord>-98.86880216666665 29.938193666666667 442.5</gx:coord>

<when>2025-12-06T19:25:34.000Z</when>
<gx:coord>-98.87094866666666 29.940312833333337 437.1</gx:coord>

<when>2025-12-06T19:25:45.000Z</when>
<gx:coord>-98.87291633333334 29.942531833333337 438.0</gx:coord>

<when>2025-12-06T19:25:56.000Z</when>
<gx:coord>-98.87479066666668 29.944825166666668 438.6</gx:coord>

<when>2025-12-06T19:26:07.000Z</when>
<gx:coord>-98.87696866666666 29.947002166666667 436.1</gx:coord>

<when>2025-12-06T19:26:18.000Z</when>
<gx:coord>-98.87939816666668 29.948942666666667 440.2</gx:coord>

<when>2025-12-06T19:26:29.000Z</when>
<gx:coord>-98.88179883333332 29.950838166666667 444.8</gx:coord>

<when>2025-12-06T19:26:40.000Z</when>
<gx:coord>-98.88410283333333 29.952752666666665 438.6</gx:coord>

<when>2025-12-06T19:26:51.000Z</when>
<gx:coord>-98.8858245 29.954975166666667 429.1</gx:coord>

<when>2025-12-06T19:27:02.000Z</when>
<gx:coord>-98.88689533333333 29.957287833333332 424.9</gx:coord>

<when>2025-12-06T19:27:13.000Z</when>
<gx:coord>-98.88791566666666 29.959627333333334 425.3</gx:coord>

<when>2025-12-06T19:27:24.000Z</when>
<gx:coord>-98.88897433333335 29.962052333333336 425.2</gx:coord>

<when>2025-12-06T19:27:35.000Z</when>
<gx:coord>-98.89004016666668 29.964501000000002 424.2</gx:coord>

<when>2025-12-06T19:27:46.000Z</when>
<gx:coord>-98.8910945 29.96693433333333 426.1</gx:coord>

<when>2025-12-06T19:27:57.000Z</when>
<gx:coord>-98.89217816666665 29.969421166666667 428.8</gx:coord>

<when>2025-12-06T19:28:08.000Z</when>
<gx:coord>-98.8932685 29.971947833333335 430.3</gx:coord>

<when>2025-12-06T19:28:19.000Z</when>
<gx:coord>-98.894495 29.974365666666667 425.9</gx:coord>

<when>2025-12-06T19:28:30.000Z</when>
<gx:coord>-98.89626000000001 29.97641116666667 430.7</gx:coord>

<when>2025-12-06T19:28:41.000Z</when>
<gx:coord>-98.89848933333333 29.977996666666666 435.3</gx:coord>

<when>2025-12-06T19:28:52.000Z</when>
<gx:coord>-98.90109883333335 29.979161833333333 441.3</gx:coord>

<when>2025-12-06T19:29:03.000Z</when>
<gx:coord>-98.90363433333331 29.98018666666667 451.5</gx:coord>

<when>2025-12-06T19:29:14.000Z</when>
<gx:coord>-98.90606833333335 29.981178333333332 456.5</gx:coord>

<when>2025-12-06T19:29:25.000Z</when>
<gx:coord>-98.90862766666666 29.982223999999995 457.7</gx:coord>

<when>2025-12-06T19:29:36.000Z</when>
<gx:coord>-98.91115149999999 29.983254666666667 453.8</gx:coord>

<when>2025-12-06T19:29:47.000Z</when>
<gx:coord>-98.91372616666668 29.98430133333333 451.5</gx:coord>

<when>2025-12-06T19:29:58.000Z</when>
<gx:coord>-98.91631283333332 29.985357999999998 454.9</gx:coord>

<when>2025-12-06T19:30:09.000Z</when>
<gx:coord>-98.91874333333332 29.986346166666667 457.5</gx:coord>

<when>2025-12-06T19:30:20.000Z</when>
<gx:coord>-98.92117916666666 29.987334499999996 452.4</gx:coord>

<when>2025-12-06T19:30:31.000Z</when>
<gx:coord>-98.92370799999999 29.988358 448.0</gx:coord>

<when>2025-12-06T19:30:42.000Z</when>
<gx:coord>-98.92621083333333 29.989410666666664 450.8</gx:coord>

<when>2025-12-06T19:30:53.000Z</when>
<gx:coord>-98.92854366666667 29.990645000000004 454.2</gx:coord>

<when>2025-12-06T19:31:04.000Z</when>
<gx:coord>-98.93067183333332 29.99207966666667 457.2</gx:coord>

<when>2025-12-06T19:31:15.000Z</when>
<gx:coord>-98.93269433333334 29.99370033333333 460.7</gx:coord>

<when>2025-12-06T19:31:26.000Z</when>
<gx:coord>-98.93466083333333 29.99527783333333 463.9</gx:coord>

<when>2025-12-06T19:31:37.000Z</when>
<gx:coord>-98.93653933333331 29.996781333333335 463.0</gx:coord>

<when>2025-12-06T19:31:48.000Z</when>
<gx:coord>-98.93849316666667 29.998343833333333 456.2</gx:coord>

<when>2025-12-06T19:31:59.000Z</when>
<gx:coord>-98.94046983333334 29.999939333333334 452.7</gx:coord>

<when>2025-12-06T19:32:10.000Z</when>
<gx:coord>-98.94204599999999 30.001478 454.8</gx:coord>

<when>2025-12-06T19:32:21.000Z</when>
<gx:coord>-98.94334433333333 30.00293316666667 464.8</gx:coord>

<when>2025-12-06T19:32:32.000Z</when>
<gx:coord>-98.94392500000001 30.00342 468.8</gx:coord>

<when>2025-12-06T19:32:43.000Z</when>
<gx:coord>-98.943984 30.00346533333333 469.3</gx:coord>

<when>2025-12-06T19:32:54.000Z</when>
<gx:coord>-98.944037 30.003503500000004 469.4</gx:coord>

<when>2025-12-06T19:35:28.000Z</when>
<gx:coord>-98.944356 30.0034605 469.7</gx:coord>

<when>2025-12-06T19:35:39.000Z</when>
<gx:coord>-98.94462700000001 30.002429833333334 470.7</gx:coord>

<when>2025-12-06T19:35:50.000Z</when>
<gx:coord>-98.94417266666666 30.001669999999997 470.9</gx:coord>

<when>2025-12-06T19:36:01.000Z</when>
<gx:coord>-98.94241416666667 30.000794166666665 462.7</gx:coord>

<when>2025-12-06T19:36:12.000Z</when>
<gx:coord>-98.94015050000002 29.999247500000003 457.5</gx:coord>

<when>2025-12-06T19:36:23.000Z</when>
<gx:coord>-98.93797233333335 29.997526833333335 462.4</gx:coord>

<when>2025-12-06T19:36:34.000Z</when>
<gx:coord>-98.93587616666667 29.99584666666666 469.4</gx:coord>

<when>2025-12-06T19:36:45.000Z</when>
<gx:coord>-98.93377749999999 29.99415683333333 469.8</gx:coord>

<when>2025-12-06T19:36:56.000Z</when>
<gx:coord>-98.93163783333333 29.992432833333336 464.2</gx:coord>

<when>2025-12-06T19:37:07.000Z</when>
<gx:coord>-98.92934316666667 29.990769333333333 457.1</gx:coord>

<when>2025-12-06T19:37:18.000Z</when>
<gx:coord>-98.926774 29.989326 449.6</gx:coord>

<when>2025-12-06T19:37:29.000Z</when>
<gx:coord>-98.92407499999999 29.988165666666667 447.4</gx:coord>

<when>2025-12-06T19:37:40.000Z</when>
<gx:coord>-98.92133800000002 29.98706083333333 450.8</gx:coord>

<when>2025-12-06T19:37:51.000Z</when>
<gx:coord>-98.9186675 29.98596766666667 456.7</gx:coord>

<when>2025-12-06T19:38:02.000Z</when>
<gx:coord>-98.91599650000002 29.984883500000002 455.0</gx:coord>

<when>2025-12-06T19:38:13.000Z</when>
<gx:coord>-98.91364550000002 29.983728499999998 453.5</gx:coord>

<when>2025-12-06T19:38:24.000Z</when>
<gx:coord>-98.91113083333333 29.982669333333334 455.9</gx:coord>

<when>2025-12-06T19:38:35.000Z</when>
<gx:coord>-98.90862216666667 29.981637666666664 460.8</gx:coord>

<when>2025-12-06T19:38:46.000Z</when>
<gx:coord>-98.90644666666667 29.980595166666664 460.4</gx:coord>

<when>2025-12-06T19:38:57.000Z</when>
<gx:coord>-98.90490916666667 29.9794575 451.8</gx:coord>

<when>2025-12-06T19:39:08.000Z</when>
<gx:coord>-98.90410216666666 29.979270166666666 450.4</gx:coord>

<when>2025-12-06T19:39:19.000Z</when>
<gx:coord>-98.90391233333334 29.979274999999998 450.6</gx:coord>

<when>2025-12-06T19:39:30.000Z</when>
<gx:coord>-98.90368933333333 29.980075666666668 450.0</gx:coord>

<when>2025-12-06T19:39:41.000Z</when>
<gx:coord>-98.90369100000001 29.980839999999997 453.8</gx:coord>

<when>2025-12-06T19:39:52.000Z</when>
<gx:coord>-98.90369116666668 29.980902666666665 454.0</gx:coord>

<when>2025-12-06T19:40:03.000Z</when>
<gx:coord>-98.90366049999999 29.981602833333334 458.1</gx:coord>

<when>2025-12-06T19:40:14.000Z</when>
<gx:coord>-98.90364933333333 29.982682333333333 464.1</gx:coord>

<when>2025-12-06T19:40:25.000Z</when>
<gx:coord>-98.90287183333334 29.982859833333336 463.8</gx:coord>

<when>2025-12-06T19:40:36.000Z</when>
<gx:coord>-98.902129 29.982658999999998 461.9</gx:coord>

<when>2025-12-06T19:40:47.000Z</when>
<gx:coord>-98.90209716666668 29.982224166666665 454.5</gx:coord>

<when>2025-12-06T19:40:58.000Z</when>
<gx:coord>-98.90213283333333 29.981922166666664 456.2</gx:coord>

<when>2025-12-06T19:41:09.000Z</when>
<gx:coord>-98.90213033333333 29.9817275 453.4</gx:coord>

<when>2025-12-06T19:41:20.000Z</when>
<gx:coord>-98.90212766666667 29.98167733333333 457.9</gx:coord>

<when>2025-12-06T19:49:40.000Z</when>
<gx:coord>-98.90212566666666 29.981586166666663 0.0</gx:coord>

<when>2025-12-06T19:51:19.000Z</when>
<gx:coord>-98.90214683333333 29.98164733333333 477.5</gx:coord>

<when>2025-12-06T19:52:14.000Z</when>
<gx:coord>-98.9020355 29.981654333333335 474.7</gx:coord>

<when>2025-12-06T19:52:25.000Z</when>
<gx:coord>-98.90185799999999 29.981673166666663 473.5</gx:coord>

<when>2025-12-06T19:52:36.000Z</when>
<gx:coord>-98.90149133333334 29.98178216666667 471.4</gx:coord>

<when>2025-12-06T19:52:47.000Z</when>
<gx:coord>-98.90142233333333 29.982283833333334 472.2</gx:coord>

<when>2025-12-06T19:52:58.000Z</when>
<gx:coord>-98.90180466666668 29.98263066666667 472.2</gx:coord>

<when>2025-12-06T19:53:09.000Z</when>
<gx:coord>-98.90183416666666 29.982307833333333 466.4</gx:coord>

<when>2025-12-06T19:53:20.000Z</when>
<gx:coord>-98.90182949999999 29.982185166666667 465.1</gx:coord>

<when>2025-12-06T19:53:42.000Z</when>
<gx:coord>-98.90184666666667 29.982136833333335 472.2</gx:coord>

<when>2025-12-06T19:56:41.000Z</when>
<gx:coord>-98.9014595 29.982189 0.0</gx:coord>

<when>2025-12-06T19:56:52.000Z</when>
<gx:coord>-98.90143933333333 29.982346333333332 484.7</gx:coord>

<when>2025-12-06T19:57:03.000Z</when>
<gx:coord>-98.9016045 29.982628999999996 477.4</gx:coord>

<when>2025-12-06T19:57:14.000Z</when>
<gx:coord>-98.90204633333333 29.982663000000002 474.5</gx:coord>

<when>2025-12-06T19:57:25.000Z</when>
<gx:coord>-98.90226816666667 29.98244966666667 470.9</gx:coord>

<when>2025-12-06T20:07:18.000Z</when>
<gx:coord>-98.9054265 29.981271 0.0</gx:coord>

<when>2025-12-06T20:07:29.000Z</when>
<gx:coord>-98.9067445 29.981718833333336 455.5</gx:coord>

<when>2025-12-06T20:07:40.000Z</when>
<gx:coord>-98.90843333333332 29.982411000000003 457.1</gx:coord>

<when>2025-12-06T20:07:51.000Z</when>
<gx:coord>-98.91014599999998 29.983080499999996 456.9</gx:coord>

<when>2025-12-06T20:08:02.000Z</when>
<gx:coord>-98.9120955 29.983725166666666 448.1</gx:coord>

<when>2025-12-06T20:08:13.000Z</when>
<gx:coord>-98.91439266666666 29.984639833333336 445.3</gx:coord>

<when>2025-12-06T20:08:24.000Z</when>
<gx:coord>-98.91689633333333 29.98562133333333 448.0</gx:coord>

<when>2025-12-06T20:08:39.000Z</when>
<gx:coord>-98.92033850000001 29.987026333333333 446.0</gx:coord>

<when>2025-12-06T20:08:50.000Z</when>
<gx:coord>-98.922903 29.988077666666662 437.9</gx:coord>

<when>2025-12-06T20:09:01.000Z</when>
<gx:coord>-98.9255245 29.9891545 438.0</gx:coord>

<when>2025-12-06T20:09:12.000Z</when>
<gx:coord>-98.92809733333334 29.9904365 442.7</gx:coord>

<when>2025-12-06T20:09:23.000Z</when>
<gx:coord>-98.93049666666666 29.992020333333336 448.2</gx:coord>

<when>2025-12-06T20:09:34.000Z</when>
<gx:coord>-98.9327585 29.993813333333332 453.9</gx:coord>

<when>2025-12-06T20:09:45.000Z</when>
<gx:coord>-98.93497566666669 29.995589499999998 456.0</gx:coord>

<when>2025-12-06T20:09:56.000Z</when>
<gx:coord>-98.93717916666668 29.99735383333333 453.3</gx:coord>

<when>2025-12-06T20:10:07.000Z</when>
<gx:coord>-98.93947533333333 29.999180000000003 448.9</gx:coord>

<when>2025-12-06T20:10:18.000Z</when>
<gx:coord>-98.94184633333334 30.00106333333333 461.9</gx:coord>

<when>2025-12-06T20:10:29.000Z</when>
<gx:coord>-98.94421533333335 30.002957666666664 465.2</gx:coord>

<when>2025-12-06T20:10:40.000Z</when>
<gx:coord>-98.9464775 30.00477166666667 474.3</gx:coord>

<when>2025-12-06T20:10:51.000Z</when>
<gx:coord>-98.94866416666667 30.00652416666667 475.8</gx:coord>

<when>2025-12-06T20:11:02.000Z</when>
<gx:coord>-98.95090483333334 30.008306333333334 470.6</gx:coord>

<when>2025-12-06T20:11:13.000Z</when>
<gx:coord>-98.95322016666665 30.010166166666668 466.7</gx:coord>

<when>2025-12-06T20:11:24.000Z</when>
<gx:coord>-98.95555199999998 30.012041333333332 467.0</gx:coord>

<when>2025-12-06T20:11:35.000Z</when>
<gx:coord>-98.957942 30.013866999999998 474.5</gx:coord>

<when>2025-12-06T20:11:46.000Z</when>
<gx:coord>-98.96041083333333 30.01563083333333 476.2</gx:coord>

<when>2025-12-06T20:11:57.000Z</when>
<gx:coord>-98.96284183333334 30.0173535 485.0</gx:coord>

<when>2025-12-06T20:12:08.000Z</when>
<gx:coord>-98.96518066666667 30.019019333333336 493.1</gx:coord>

<when>2025-12-06T20:12:19.000Z</when>
<gx:coord>-98.96731083333334 30.020781000000003 496.2</gx:coord>

<when>2025-12-06T20:12:30.000Z</when>
<gx:coord>-98.9690355 30.022758500000002 493.8</gx:coord>

<when>2025-12-06T20:12:41.000Z</when>
<gx:coord>-98.97041766666668 30.02491416666667 495.7</gx:coord>

<when>2025-12-06T20:12:52.000Z</when>
<gx:coord>-98.97179133333333 30.027154333333336 494.8</gx:coord>

<when>2025-12-06T20:13:03.000Z</when>
<gx:coord>-98.97318316666666 30.02944116666667 493.2</gx:coord>

<when>2025-12-06T20:13:14.000Z</when>
<gx:coord>-98.97470483333333 30.031796999999997 493.6</gx:coord>

<when>2025-12-06T20:13:25.000Z</when>
<gx:coord>-98.97677683333335 30.033869666666668 493.9</gx:coord>

<when>2025-12-06T20:13:36.000Z</when>
<gx:coord>-98.97933383333333 30.035453666666665 490.7</gx:coord>

<when>2025-12-06T20:13:47.000Z</when>
<gx:coord>-98.98202699999999 30.036929499999996 486.0</gx:coord>

<when>2025-12-06T20:13:58.000Z</when>
<gx:coord>-98.98463366666668 30.038353500000003 486.6</gx:coord>

<when>2025-12-06T20:14:09.000Z</when>
<gx:coord>-98.98728350000002 30.0397955 487.4</gx:coord>

<when>2025-12-06T20:14:20.000Z</when>
<gx:coord>-98.98991933333333 30.041240833333337 488.4</gx:coord>

<when>2025-12-06T20:14:31.000Z</when>
<gx:coord>-98.99257000000001 30.042688666666663 487.6</gx:coord>

<when>2025-12-06T20:14:42.000Z</when>
<gx:coord>-98.99521933333332 30.044134666666665 496.8</gx:coord>

<when>2025-12-06T20:14:53.000Z</when>
<gx:coord>-98.99770366666668 30.04548333333333 510.3</gx:coord>

<when>2025-12-06T20:15:04.000Z</when>
<gx:coord>-99.00017366666667 30.04683483333333 515.3</gx:coord>

<when>2025-12-06T20:15:15.000Z</when>
<gx:coord>-99.0027635 30.048242166666668 516.4</gx:coord>

<when>2025-12-06T20:15:26.000Z</when>
<gx:coord>-99.00538066666668 30.049676833333333 517.3</gx:coord>

<when>2025-12-06T20:15:37.000Z</when>
<gx:coord>-99.00811283333333 30.051162999999995 509.7</gx:coord>

<when>2025-12-06T20:15:48.000Z</when>
<gx:coord>-99.01091 30.052655333333337 508.5</gx:coord>

<when>2025-12-06T20:15:59.000Z</when>
<gx:coord>-99.01374983333332 30.05343733333333 520.0</gx:coord>

<when>2025-12-06T20:16:10.000Z</when>
<gx:coord>-99.01650683333334 30.053445000000004 533.7</gx:coord>

<when>2025-12-06T20:16:21.000Z</when>
<gx:coord>-99.0190475 30.05325433333333 545.9</gx:coord>

<when>2025-12-06T20:16:32.000Z</when>
<gx:coord>-99.0214765 30.053101 557.9</gx:coord>

<when>2025-12-06T20:16:43.000Z</when>
<gx:coord>-99.02380483333333 30.05333483333333 569.2</gx:coord>

<when>2025-12-06T20:16:54.000Z</when>
<gx:coord>-99.02607116666668 30.053808000000004 578.8</gx:coord>

<when>2025-12-06T20:17:05.000Z</when>
<gx:coord>-99.02856349999999 30.053920499999997 580.5</gx:coord>

<when>2025-12-06T20:17:16.000Z</when>
<gx:coord>-99.03135783333333 30.053815500000002 582.9</gx:coord>

<when>2025-12-06T20:17:27.000Z</when>
<gx:coord>-99.03411149999998 30.054503666666665 585.1</gx:coord>

<when>2025-12-06T20:17:38.000Z</when>
<gx:coord>-99.03685183333333 30.055553499999995 582.8</gx:coord>

<when>2025-12-06T20:17:49.000Z</when>
<gx:coord>-99.0396395 30.0566205 581.8</gx:coord>

<when>2025-12-06T20:18:00.000Z</when>
<gx:coord>-99.04238966666665 30.057567333333335 588.8</gx:coord>

<when>2025-12-06T20:18:11.000Z</when>
<gx:coord>-99.04520099999999 30.058376833333334 593.0</gx:coord>

<when>2025-12-06T20:18:22.000Z</when>
<gx:coord>-99.04765783333332 30.059771166666664 595.1</gx:coord>

<when>2025-12-06T20:18:33.000Z</when>
<gx:coord>-99.04951166666666 30.061732666666664 599.1</gx:coord>

<when>2025-12-06T20:18:44.000Z</when>
<gx:coord>-99.05116583333331 30.063759333333337 605.0</gx:coord>

<when>2025-12-06T20:18:55.000Z</when>
<gx:coord>-99.05288566666668 30.065772999999997 608.0</gx:coord>

<when>2025-12-06T20:19:06.000Z</when>
<gx:coord>-99.05528983333333 30.067344333333335 602.1</gx:coord>

<when>2025-12-06T20:19:17.000Z</when>
<gx:coord>-99.058252 30.0679495 608.4</gx:coord>

<when>2025-12-06T20:19:28.000Z</when>
<gx:coord>-99.06133916666667 30.067953499999998 611.4</gx:coord>

<when>2025-12-06T20:19:39.000Z</when>
<gx:coord>-99.06456016666668 30.067949833333333 604.4</gx:coord>

<when>2025-12-06T20:19:50.000Z</when>
<gx:coord>-99.06773766666666 30.067938333333338 608.0</gx:coord>

<when>2025-12-06T20:20:01.000Z</when>
<gx:coord>-99.07080083333334 30.067786666666667 612.3</gx:coord>

<when>2025-12-06T20:20:12.000Z</when>
<gx:coord>-99.07362049999999 30.067741333333334 610.2</gx:coord>

<when>2025-12-06T20:20:23.000Z</when>
<gx:coord>-99.076289 30.06854166666667 603.6</gx:coord>

<when>2025-12-06T20:20:34.000Z</when>
<gx:coord>-99.0789485 30.069520000000004 593.0</gx:coord>

<when>2025-12-06T20:20:45.000Z</when>
<gx:coord>-99.08189716666666 30.069907833333332 574.5</gx:coord>

<when>2025-12-06T20:20:56.000Z</when>
<gx:coord>-99.08499766666667 30.069758666666665 559.7</gx:coord>

<when>2025-12-06T20:21:07.000Z</when>
<gx:coord>-99.08819616666666 30.069717500000003 554.8</gx:coord>

<when>2025-12-06T20:21:18.000Z</when>
<gx:coord>-99.09142033333335 30.069710166666663 561.7</gx:coord>

<when>2025-12-06T20:21:29.000Z</when>
<gx:coord>-99.09456100000001 30.069706333333336 570.0</gx:coord>

<when>2025-12-06T20:21:40.000Z</when>
<gx:coord>-99.09766116666667 30.069801999999996 569.3</gx:coord>

<when>2025-12-06T20:21:51.000Z</when>
<gx:coord>-99.10058583333333 30.070344666666664 555.9</gx:coord>

<when>2025-12-06T20:22:02.000Z</when>
<gx:coord>-99.10363299999999 30.070527000000002 541.4</gx:coord>

<when>2025-12-06T20:22:13.000Z</when>
<gx:coord>-99.10681166666667 30.070595833333332 527.6</gx:coord>

<when>2025-12-06T20:22:24.000Z</when>
<gx:coord>-99.10986383333332 30.07067383333333 528.9</gx:coord>

<when>2025-12-06T20:22:35.000Z</when>
<gx:coord>-99.11273416666667 30.070745166666665 534.2</gx:coord>

<when>2025-12-06T20:22:46.000Z</when>
<gx:coord>-99.11575866666665 30.070817166666664 533.8</gx:coord>

<when>2025-12-06T20:22:57.000Z</when>
<gx:coord>-99.11886083333333 30.070888500000002 539.0</gx:coord>

<when>2025-12-06T20:23:08.000Z</when>
<gx:coord>-99.12183283333334 30.0714955 542.9</gx:coord>

<when>2025-12-06T20:23:19.000Z</when>
<gx:coord>-99.1246935 30.072412999999997 551.3</gx:coord>

<when>2025-12-06T20:23:30.000Z</when>
<gx:coord>-99.12756466666666 30.07316416666667 555.2</gx:coord>

<when>2025-12-06T20:23:41.000Z</when>
<gx:coord>-99.13057083333334 30.073471166666664 549.1</gx:coord>

<when>2025-12-06T20:23:52.000Z</when>
<gx:coord>-99.1336835 30.073804333333335 536.5</gx:coord>

<when>2025-12-06T20:24:03.000Z</when>
<gx:coord>-99.13646316666667 30.075015833333335 533.2</gx:coord>

<when>2025-12-06T20:24:14.000Z</when>
<gx:coord>-99.13857883333334 30.077035333333335 532.2</gx:coord>

<when>2025-12-06T20:24:25.000Z</when>
<gx:coord>-99.14064833333332 30.079186166666666 528.0</gx:coord>

<when>2025-12-06T20:24:36.000Z</when>
<gx:coord>-99.14266199999999 30.081277666666665 529.8</gx:coord>

<when>2025-12-06T20:24:47.000Z</when>
<gx:coord>-99.14465583333335 30.083333666666665 535.1</gx:coord>

<when>2025-12-06T20:24:58.000Z</when>
<gx:coord>-99.14698516666667 30.085243833333333 531.3</gx:coord>

<when>2025-12-06T20:25:09.000Z</when>
<gx:coord>-99.14942033333334 30.087112333333334 519.7</gx:coord>

<when>2025-12-06T20:25:20.000Z</when>
<gx:coord>-99.15182000000001 30.0889515 519.1</gx:coord>

<when>2025-12-06T20:25:31.000Z</when>
<gx:coord>-99.15418650000001 30.090744000000004 527.8</gx:coord>

<when>2025-12-06T20:25:42.000Z</when>
<gx:coord>-99.15693216666665 30.092069833333333 533.8</gx:coord>

<when>2025-12-06T20:25:53.000Z</when>
<gx:coord>-99.15985950000001 30.092783999999998 544.1</gx:coord>

<when>2025-12-06T20:26:04.000Z</when>
<gx:coord>-99.1625275 30.093543500000003 556.4</gx:coord>

<when>2025-12-06T20:26:15.000Z</when>
<gx:coord>-99.16490616666667 30.0945805 568.9</gx:coord>

<when>2025-12-06T20:26:26.000Z</when>
<gx:coord>-99.16701533333335 30.095863 578.2</gx:coord>

<when>2025-12-06T20:26:37.000Z</when>
<gx:coord>-99.16886000000001 30.097345333333337 587.4</gx:coord>

<when>2025-12-06T20:26:48.000Z</when>
<gx:coord>-99.17066516666667 30.098969333333336 592.0</gx:coord>

<when>2025-12-06T20:26:59.000Z</when>
<gx:coord>-99.171839 30.101008166666663 596.2</gx:coord>

<when>2025-12-06T20:27:10.000Z</when>
<gx:coord>-99.17318766666668 30.102999999999998 599.1</gx:coord>

<when>2025-12-06T20:27:21.000Z</when>
<gx:coord>-99.175235 30.10449383333333 599.9</gx:coord>

<when>2025-12-06T20:27:32.000Z</when>
<gx:coord>-99.17732483333333 30.106035 600.1</gx:coord>

<when>2025-12-06T20:27:43.000Z</when>
<gx:coord>-99.17915916666668 30.107678166666666 599.9</gx:coord>

<when>2025-12-06T20:27:54.000Z</when>
<gx:coord>-99.18138666666667 30.108996833333336 593.5</gx:coord>

<when>2025-12-06T20:28:05.000Z</when>
<gx:coord>-99.18400033333334 30.109814500000002 579.7</gx:coord>

<when>2025-12-06T20:28:16.000Z</when>
<gx:coord>-99.1868605 30.110609333333333 561.5</gx:coord>

<when>2025-12-06T20:28:27.000Z</when>
<gx:coord>-99.18973716666666 30.11106783333333 557.9</gx:coord>

<when>2025-12-06T20:28:38.000Z</when>
<gx:coord>-99.19250216666666 30.1114025 562.2</gx:coord>

<when>2025-12-06T20:28:49.000Z</when>
<gx:coord>-99.19499650000002 30.11257516666667 560.3</gx:coord>

<when>2025-12-06T20:29:00.000Z</when>
<gx:coord>-99.19716500000001 30.114255000000004 551.3</gx:coord>

<when>2025-12-06T20:29:11.000Z</when>
<gx:coord>-99.19912666666666 30.115792000000003 543.5</gx:coord>

<when>2025-12-06T20:29:22.000Z</when>
<gx:coord>-99.2003185 30.116888833333338 542.4</gx:coord>

<when>2025-12-06T20:29:33.000Z</when>
<gx:coord>-99.19992099999999 30.117716499999997 541.3</gx:coord>

<when>2025-12-06T20:29:44.000Z</when>
<gx:coord>-99.19897183333333 30.117503166666665 540.9</gx:coord>

<when>2025-12-06T20:29:55.000Z</when>
<gx:coord>-99.19938966666665 30.116644166666667 539.5</gx:coord>

<when>2025-12-06T20:30:06.000Z</when>
<gx:coord>-99.20052733333333 30.115304166666668 538.8</gx:coord>

<when>2025-12-06T20:30:17.000Z</when>
<gx:coord>-99.20175816666666 30.113814666666666 537.1</gx:coord>

<when>2025-12-06T20:30:28.000Z</when>
<gx:coord>-99.2028765 30.112121499999997 534.0</gx:coord>

<when>2025-12-06T20:30:39.000Z</when>
<gx:coord>-99.20313133333333 30.110722166666665 535.5</gx:coord>

<when>2025-12-06T20:30:50.000Z</when>
<gx:coord>-99.20312616666666 30.109053833333338 538.2</gx:coord>

<when>2025-12-06T20:31:01.000Z</when>
<gx:coord>-99.20308150000001 30.107054166666664 535.4</gx:coord>

<when>2025-12-06T20:31:12.000Z</when>
<gx:coord>-99.20273433333332 30.104910333333336 531.9</gx:coord>

<when>2025-12-06T20:31:23.000Z</when>
<gx:coord>-99.20240266666666 30.1028085 531.8</gx:coord>

<when>2025-12-06T20:31:34.000Z</when>
<gx:coord>-99.20219733333333 30.100752166666666 529.7</gx:coord>

<when>2025-12-06T20:31:45.000Z</when>
<gx:coord>-99.201937 30.098847999999997 530.2</gx:coord>

<when>2025-12-06T20:31:56.000Z</when>
<gx:coord>-99.2013585 30.097565833333338 530.0</gx:coord>

<when>2025-12-06T20:32:07.000Z</when>
<gx:coord>-99.20202216666667 30.096333166666668 527.2</gx:coord>

<when>2025-12-06T20:32:18.000Z</when>
<gx:coord>-99.20214566666667 30.0947425 527.0</gx:coord>

<when>2025-12-06T20:32:29.000Z</when>
<gx:coord>-99.20189016666667 30.093167166666664 526.2</gx:coord>

<when>2025-12-06T20:32:40.000Z</when>
<gx:coord>-99.20076716666667 30.091831166666665 525.4</gx:coord>

<when>2025-12-06T20:32:51.000Z</when>
<gx:coord>-99.200241 30.09044833333333 524.1</gx:coord>

<when>2025-12-06T20:33:02.000Z</when>
<gx:coord>-99.19999283333333 30.089239 523.5</gx:coord>

<when>2025-12-06T20:33:13.000Z</when>
<gx:coord>-99.200733 30.088640833333336 526.6</gx:coord>

<when>2025-12-06T20:33:24.000Z</when>
<gx:coord>-99.20173766666667 30.087888 530.5</gx:coord>

<when>2025-12-06T20:33:35.000Z</when>
<gx:coord>-99.202649 30.08702783333333 534.1</gx:coord>

<when>2025-12-06T20:33:46.000Z</when>
<gx:coord>-99.2038005 30.086201 541.1</gx:coord>

<when>2025-12-06T20:33:57.000Z</when>
<gx:coord>-99.20480283333333 30.085203833333335 547.8</gx:coord>

<when>2025-12-06T20:34:08.000Z</when>
<gx:coord>-99.20591916666666 30.084227166666665 547.5</gx:coord>

<when>2025-12-06T20:34:19.000Z</when>
<gx:coord>-99.20724933333334 30.083134333333337 543.8</gx:coord>

<when>2025-12-06T20:34:30.000Z</when>
<gx:coord>-99.20851116666667 30.082108666666667 555.7</gx:coord>

<when>2025-12-06T20:34:41.000Z</when>
<gx:coord>-99.20968483333333 30.08123983333333 556.9</gx:coord>

<when>2025-12-06T20:34:52.000Z</when>
<gx:coord>-99.21097616666665 30.080889499999998 554.1</gx:coord>

<when>2025-12-06T20:35:03.000Z</when>
<gx:coord>-99.21198083333333 30.080054000000004 550.0</gx:coord>

<when>2025-12-06T20:35:14.000Z</when>
<gx:coord>-99.21309383333333 30.07910133333333 543.1</gx:coord>

<when>2025-12-06T20:35:25.000Z</when>
<gx:coord>-99.2142625 30.078100666666668 532.3</gx:coord>

<when>2025-12-06T20:35:36.000Z</when>
<gx:coord>-99.21533300000002 30.077155166666664 527.4</gx:coord>

<when>2025-12-06T20:35:47.000Z</when>
<gx:coord>-99.21646316666666 30.076167833333336 520.0</gx:coord>

<when>2025-12-06T20:35:58.000Z</when>
<gx:coord>-99.21747166666667 30.07529533333333 522.4</gx:coord>

<when>2025-12-06T20:36:09.000Z</when>
<gx:coord>-99.2184415 30.074462499999996 523.9</gx:coord>

<when>2025-12-06T20:36:20.000Z</when>
<gx:coord>-99.2192445 30.073754500000003 522.2</gx:coord>

<when>2025-12-06T20:36:31.000Z</when>
<gx:coord>-99.21938533333332 30.073506166666668 522.7</gx:coord>

<when>2025-12-06T20:36:42.000Z</when>
<gx:coord>-99.21909783333334 30.073419833333332 520.1</gx:coord>

<when>2025-12-06T20:36:53.000Z</when>
<gx:coord>-99.21900133333332 30.073291333333334 521.3</gx:coord>

<when>2025-12-06T20:37:04.000Z</when>
<gx:coord>-99.21921216666667 30.073160500000004 521.9</gx:coord>

<when>2025-12-06T20:37:15.000Z</when>
<gx:coord>-99.2192395 30.073068666666668 522.1</gx:coord>

<when>2025-12-06T20:37:48.000Z</when>
<gx:coord>-99.21843349999999 30.07286916666667 520.0</gx:coord>

<when>2025-12-06T20:37:59.000Z</when>
<gx:coord>-99.217556 30.072848 521.5</gx:coord>

<when>2025-12-06T20:38:43.000Z</when>
<gx:coord>-99.21740983333332 30.073090999999998 522.4</gx:coord>

<when>2025-12-07T00:10:39.000Z</when>
<gx:coord>-99.21764499999999 30.07345116666667 0.0</gx:coord>

<when>2025-12-07T00:10:50.000Z</when>
<gx:coord>-99.2177145 30.073503 552.5</gx:coord>

<when>2025-12-07T00:11:12.000Z</when>
<gx:coord>-99.217701 30.073441166666665 549.5</gx:coord>

<when>2025-12-07T00:11:23.000Z</when>
<gx:coord>-99.21767133333333 30.073397833333335 554.1</gx:coord>

<when>2025-12-07T00:11:56.000Z</when>
<gx:coord>-99.21772666666666 30.0734135 548.8</gx:coord>

<when>2025-12-07T00:12:51.000Z</when>
<gx:coord>-99.21774216666667 30.073360499999996 542.3</gx:coord>

<when>2025-12-07T00:14:08.000Z</when>
<gx:coord>-99.21765750000002 30.073349500000003 537.2</gx:coord>

<when>2025-12-07T00:14:19.000Z</when>
<gx:coord>-99.21761399999998 30.073283333333332 541.2</gx:coord>

<when>2025-12-07T00:14:30.000Z</when>
<gx:coord>-99.21755416666669 30.073113666666668 538.7</gx:coord>

<when>2025-12-07T00:14:41.000Z</when>
<gx:coord>-99.21754899999999 30.073063666666666 536.6</gx:coord>

<when>2025-12-07T00:15:25.000Z</when>
<gx:coord>-99.21753083333333 30.073016 528.1</gx:coord>

<when>2025-12-07T00:16:09.000Z</when>
<gx:coord>-99.21760133333333 30.07294883333333 515.1</gx:coord>

<when>2025-12-07T00:16:20.000Z</when>
<gx:coord>-99.21835516666667 30.072963166666668 519.5</gx:coord>

<when>2025-12-07T00:16:31.000Z</when>
<gx:coord>-99.21979933333333 30.07302666666667 524.3</gx:coord>

<when>2025-12-07T00:16:42.000Z</when>
<gx:coord>-99.22087016666667 30.073079 525.7</gx:coord>

<when>2025-12-07T00:16:53.000Z</when>
<gx:coord>-99.22218316666667 30.07314016666667 527.8</gx:coord>

<when>2025-12-07T00:17:04.000Z</when>
<gx:coord>-99.223562 30.073204 528.8</gx:coord>

<when>2025-12-07T00:17:15.000Z</when>
<gx:coord>-99.22485183333335 30.073260833333332 530.3</gx:coord>

<when>2025-12-07T00:17:26.000Z</when>
<gx:coord>-99.22599416666665 30.07331166666667 530.7</gx:coord>

<when>2025-12-07T00:17:37.000Z</when>
<gx:coord>-99.22717949999999 30.07334916666667 531.2</gx:coord>

<when>2025-12-07T00:17:48.000Z</when>
<gx:coord>-99.22829466666666 30.073371833333333 531.3</gx:coord>

<when>2025-12-07T00:17:59.000Z</when>
<gx:coord>-99.22971766666666 30.073430833333337 530.7</gx:coord>

<when>2025-12-07T00:18:10.000Z</when>
<gx:coord>-99.23130516666667 30.0735045 530.2</gx:coord>

<when>2025-12-07T00:18:21.000Z</when>
<gx:coord>-99.23277233333334 30.073576000000003 529.0</gx:coord>

<when>2025-12-07T00:18:32.000Z</when>
<gx:coord>-99.23425649999999 30.07365183333333 526.3</gx:coord>

<when>2025-12-07T00:18:43.000Z</when>
<gx:coord>-99.23554916666666 30.073725666666665 527.2</gx:coord>

<when>2025-12-07T00:18:54.000Z</when>
<gx:coord>-99.2361855 30.073766666666664 527.3</gx:coord>

<when>2025-12-07T00:19:05.000Z</when>
<gx:coord>-99.236666 30.07406883333333 524.6</gx:coord>

<when>2025-12-07T00:19:16.000Z</when>
<gx:coord>-99.23769266666667 30.074561166666665 525.2</gx:coord>

<when>2025-12-07T00:19:27.000Z</when>
<gx:coord>-99.23887916666666 30.075512000000003 525.0</gx:coord>

<when>2025-12-07T00:19:38.000Z</when>
<gx:coord>-99.23993933333334 30.076833166666667 527.5</gx:coord>

<when>2025-12-07T00:19:49.000Z</when>
<gx:coord>-99.24095166666666 30.078152999999997 530.3</gx:coord>

<when>2025-12-07T00:20:00.000Z</when>
<gx:coord>-99.24195616666665 30.079467833333336 536.1</gx:coord>

<when>2025-12-07T00:20:11.000Z</when>
<gx:coord>-99.2428585 30.0806715 531.9</gx:coord>

<when>2025-12-07T00:20:22.000Z</when>
<gx:coord>-99.24380983333334 30.081944833333335 527.9</gx:coord>

<when>2025-12-07T00:20:33.000Z</when>
<gx:coord>-99.24492049999999 30.083191000000003 524.0</gx:coord>

<when>2025-12-07T00:20:44.000Z</when>
<gx:coord>-99.24619366666666 30.084558333333334 522.2</gx:coord>

<when>2025-12-07T00:20:55.000Z</when>
<gx:coord>-99.24762133333334 30.086095833333335 521.1</gx:coord>

<when>2025-12-07T00:21:06.000Z</when>
<gx:coord>-99.24904616666666 30.08760516666667 532.6</gx:coord>

<when>2025-12-07T00:21:17.000Z</when>
<gx:coord>-99.25069299999998 30.088799 544.6</gx:coord>

<when>2025-12-07T00:21:28.000Z</when>
<gx:coord>-99.25242316666666 30.089865999999997 551.0</gx:coord>

<when>2025-12-07T00:21:39.000Z</when>
<gx:coord>-99.253928 30.091223333333332 546.2</gx:coord>

<when>2025-12-07T00:21:50.000Z</when>
<gx:coord>-99.25530966666665 30.092666666666666 543.6</gx:coord>

<when>2025-12-07T00:22:01.000Z</when>
<gx:coord>-99.25671949999999 30.094146666666667 543.1</gx:coord>

<when>2025-12-07T00:22:12.000Z</when>
<gx:coord>-99.25819116666668 30.095675500000002 532.2</gx:coord>

<when>2025-12-07T00:22:23.000Z</when>
<gx:coord>-99.25971566666666 30.097264000000003 528.1</gx:coord>

<when>2025-12-07T00:22:34.000Z</when>
<gx:coord>-99.26149866666668 30.098950666666664 538.4</gx:coord>

<when>2025-12-07T00:22:45.000Z</when>
<gx:coord>-99.263488 30.10006 550.7</gx:coord>

<when>2025-12-07T00:22:56.000Z</when>
<gx:coord>-99.26580450000002 30.100878333333338 551.4</gx:coord>

<when>2025-12-07T00:23:07.000Z</when>
<gx:coord>-99.26819233333332 30.10170683333333 543.1</gx:coord>

<when>2025-12-07T00:23:18.000Z</when>
<gx:coord>-99.27047266666665 30.102489833333333 553.1</gx:coord>

<when>2025-12-07T00:23:29.000Z</when>
<gx:coord>-99.27281683333334 30.103295499999998 552.6</gx:coord>

<when>2025-12-07T00:23:40.000Z</when>
<gx:coord>-99.275077 30.104216166666667 555.2</gx:coord>

<when>2025-12-07T00:23:51.000Z</when>
<gx:coord>-99.27729233333334 30.1051415 549.2</gx:coord>

<when>2025-12-07T00:24:02.000Z</when>
<gx:coord>-99.279551 30.106082666666666 553.1</gx:coord>

<when>2025-12-07T00:24:13.000Z</when>
<gx:coord>-99.28173716666667 30.106996333333335 560.3</gx:coord>

<when>2025-12-07T00:24:24.000Z</when>
<gx:coord>-99.28361949999999 30.108224000000003 560.0</gx:coord>

<when>2025-12-07T00:24:35.000Z</when>
<gx:coord>-99.28490066666667 30.109985833333333 551.8</gx:coord>

<when>2025-12-07T00:24:46.000Z</when>
<gx:coord>-99.28599933333335 30.111878499999996 549.1</gx:coord>

<when>2025-12-07T00:24:57.000Z</when>
<gx:coord>-99.28716549999999 30.113670833333337 542.2</gx:coord>

<when>2025-12-07T00:25:08.000Z</when>
<gx:coord>-99.28888866666667 30.115043500000002 542.3</gx:coord>

<when>2025-12-07T00:25:19.000Z</when>
<gx:coord>-99.29097216666666 30.116038333333336 543.7</gx:coord>

<when>2025-12-07T00:25:30.000Z</when>
<gx:coord>-99.29316533333333 30.116896333333337 548.3</gx:coord>

<when>2025-12-07T00:25:41.000Z</when>
<gx:coord>-99.295022 30.118342666666663 548.9</gx:coord>

<when>2025-12-07T00:25:52.000Z</when>
<gx:coord>-99.29688016666665 30.119902333333336 553.2</gx:coord>

<when>2025-12-07T00:26:03.000Z</when>
<gx:coord>-99.298753 30.121449999999996 555.6</gx:coord>

<when>2025-12-07T00:26:14.000Z</when>
<gx:coord>-99.3007465 30.122855833333332 551.9</gx:coord>

<when>2025-12-07T00:26:25.000Z</when>
<gx:coord>-99.30280599999999 30.124253333333332 549.4</gx:coord>

<when>2025-12-07T00:26:36.000Z</when>
<gx:coord>-99.30490333333334 30.125674166666666 554.2</gx:coord>

<when>2025-12-07T00:26:47.000Z</when>
<gx:coord>-99.30679616666666 30.126947166666664 568.5</gx:coord>

<when>2025-12-07T00:26:58.000Z</when>
<gx:coord>-99.30859066666666 30.128407666666664 568.2</gx:coord>

<when>2025-12-07T00:27:09.000Z</when>
<gx:coord>-99.31058116666667 30.129719666666666 566.9</gx:coord>

<when>2025-12-07T00:27:20.000Z</when>
<gx:coord>-99.31277716666666 30.130750499999998 558.3</gx:coord>

<when>2025-12-07T00:27:31.000Z</when>
<gx:coord>-99.31414850000002 30.132343 557.6</gx:coord>

<when>2025-12-07T00:27:42.000Z</when>
<gx:coord>-99.31454666666666 30.134347 557.3</gx:coord>

<when>2025-12-07T00:27:53.000Z</when>
<gx:coord>-99.31547266666666 30.136256000000003 557.3</gx:coord>

<when>2025-12-07T00:28:04.000Z</when>
<gx:coord>-99.31662816666667 30.138171000000003 554.2</gx:coord>

<when>2025-12-07T00:28:15.000Z</when>
<gx:coord>-99.3179075 30.140051499999995 555.6</gx:coord>

<when>2025-12-07T00:28:26.000Z</when>
<gx:coord>-99.31986366666666 30.14146033333333 556.7</gx:coord>

<when>2025-12-07T00:28:37.000Z</when>
<gx:coord>-99.32210483333334 30.142601 559.3</gx:coord>

<when>2025-12-07T00:28:48.000Z</when>
<gx:coord>-99.3246185 30.143278166666665 560.2</gx:coord>

<when>2025-12-07T00:28:59.000Z</when>
<gx:coord>-99.32719766666666 30.143822 560.6</gx:coord>

<when>2025-12-07T00:29:10.000Z</when>
<gx:coord>-99.32974166666666 30.144464666666668 559.9</gx:coord>

<when>2025-12-07T00:29:21.000Z</when>
<gx:coord>-99.33216599999999 30.145310499999997 564.1</gx:coord>

<when>2025-12-07T00:29:32.000Z</when>
<gx:coord>-99.33423533333334 30.14659316666667 566.6</gx:coord>

<when>2025-12-07T00:29:43.000Z</when>
<gx:coord>-99.3357695 30.148261 580.5</gx:coord>

<when>2025-12-07T00:29:54.000Z</when>
<gx:coord>-99.33684433333335 30.149914833333334 589.1</gx:coord>

<when>2025-12-07T00:30:05.000Z</when>
<gx:coord>-99.33798550000002 30.15167633333333 595.1</gx:coord>

<when>2025-12-07T00:30:16.000Z</when>
<gx:coord>-99.33946616666665 30.153436333333335 585.2</gx:coord>

<when>2025-12-07T00:30:27.000Z</when>
<gx:coord>-99.34137700000001 30.155024166666667 580.4</gx:coord>

<when>2025-12-07T00:30:38.000Z</when>
<gx:coord>-99.34333866666665 30.15665 577.4</gx:coord>

<when>2025-12-07T00:30:49.000Z</when>
<gx:coord>-99.34536083333333 30.158324666666665 575.6</gx:coord>

<when>2025-12-07T00:31:00.000Z</when>
<gx:coord>-99.34733650000001 30.159777500000004 591.1</gx:coord>

<when>2025-12-07T00:31:11.000Z</when>
<gx:coord>-99.34934633333333 30.160581 605.0</gx:coord>

<when>2025-12-07T00:31:22.000Z</when>
<gx:coord>-99.35147 30.161385499999998 600.0</gx:coord>

<when>2025-12-07T00:31:33.000Z</when>
<gx:coord>-99.35331650000002 30.1626005 604.5</gx:coord>

<when>2025-12-07T00:31:44.000Z</when>
<gx:coord>-99.35435816666669 30.164384666666667 594.8</gx:coord>

<when>2025-12-07T00:31:55.000Z</when>
<gx:coord>-99.35609950000001 30.165966833333332 582.8</gx:coord>

<when>2025-12-07T00:32:06.000Z</when>
<gx:coord>-99.3583885 30.166765499999997 580.1</gx:coord>

<when>2025-12-07T00:32:17.000Z</when>
<gx:coord>-99.36082650000002 30.167533000000002 578.9</gx:coord>

<when>2025-12-07T00:32:28.000Z</when>
<gx:coord>-99.3633185 30.168117666666664 576.6</gx:coord>

<when>2025-12-07T00:32:39.000Z</when>
<gx:coord>-99.365845 30.168590499999997 576.5</gx:coord>

<when>2025-12-07T00:32:50.000Z</when>
<gx:coord>-99.36845633333333 30.169064166666665 578.3</gx:coord>

<when>2025-12-07T00:33:01.000Z</when>
<gx:coord>-99.37092216666666 30.169809333333333 584.1</gx:coord>

<when>2025-12-07T00:33:12.000Z</when>
<gx:coord>-99.37285883333334 30.171348166666668 595.0</gx:coord>

<when>2025-12-07T00:33:23.000Z</when>
<gx:coord>-99.37381783333333 30.1733195 607.0</gx:coord>

<when>2025-12-07T00:33:34.000Z</when>
<gx:coord>-99.37408816666667 30.175519666666666 608.2</gx:coord>

<when>2025-12-07T00:33:45.000Z</when>
<gx:coord>-99.37426716666666 30.177667166666666 606.5</gx:coord>

<when>2025-12-07T00:33:56.000Z</when>
<gx:coord>-99.37443900000001 30.17954366666667 606.6</gx:coord>

<when>2025-12-07T00:34:07.000Z</when>
<gx:coord>-99.37459033333334 30.181458833333334 610.9</gx:coord>

<when>2025-12-07T00:34:18.000Z</when>
<gx:coord>-99.37476366666667 30.183487666666664 615.5</gx:coord>

<when>2025-12-07T00:34:29.000Z</when>
<gx:coord>-99.37471433333333 30.185717833333335 617.9</gx:coord>

<when>2025-12-07T00:34:40.000Z</when>
<gx:coord>-99.374419 30.187902666666666 620.7</gx:coord>

<when>2025-12-07T00:34:51.000Z</when>
<gx:coord>-99.37452916666668 30.190127999999998 621.6</gx:coord>

<when>2025-12-07T00:35:02.000Z</when>
<gx:coord>-99.37565566666666 30.192129500000004 622.0</gx:coord>

<when>2025-12-07T00:35:13.000Z</when>
<gx:coord>-99.37724066666667 30.193948833333334 613.1</gx:coord>

<when>2025-12-07T00:35:24.000Z</when>
<gx:coord>-99.37880883333334 30.195755666666667 611.2</gx:coord>

<when>2025-12-07T00:35:35.000Z</when>
<gx:coord>-99.38031283333333 30.19749266666667 616.3</gx:coord>

<when>2025-12-07T00:35:46.000Z</when>
<gx:coord>-99.38188233333334 30.199305499999998 618.4</gx:coord>

<when>2025-12-07T00:35:57.000Z</when>
<gx:coord>-99.3834655 30.201140499999998 624.3</gx:coord>

<when>2025-12-07T00:36:08.000Z</when>
<gx:coord>-99.38504766666668 30.2029595 628.1</gx:coord>

<when>2025-12-07T00:36:19.000Z</when>
<gx:coord>-99.38656616666667 30.2045 634.7</gx:coord>

<when>2025-12-07T00:36:30.000Z</when>
<gx:coord>-99.38672550000001 30.20530533333333 635.4</gx:coord>

<when>2025-12-07T00:36:41.000Z</when>
<gx:coord>-99.38594183333335 30.206412999999998 633.8</gx:coord>

<when>2025-12-07T00:36:52.000Z</when>
<gx:coord>-99.38521866666666 30.20747233333333 634.7</gx:coord>

<when>2025-12-07T00:37:03.000Z</when>
<gx:coord>-99.38580900000001 30.208327833333335 638.7</gx:coord>

<when>2025-12-07T00:37:14.000Z</when>
<gx:coord>-99.38724883333335 30.20926066666667 643.9</gx:coord>

<when>2025-12-07T00:37:25.000Z</when>
<gx:coord>-99.38881783333333 30.21027466666667 644.6</gx:coord>

<when>2025-12-07T00:37:36.000Z</when>
<gx:coord>-99.38954666666665 30.209940500000002 645.1</gx:coord>

<when>2025-12-07T00:37:47.000Z</when>
<gx:coord>-99.39078333333333 30.210235333333337 649.8</gx:coord>

<when>2025-12-07T00:37:58.000Z</when>
<gx:coord>-99.39249066666667 30.211067000000003 653.0</gx:coord>

<when>2025-12-07T00:38:09.000Z</when>
<gx:coord>-99.39460783333334 30.212182666666664 654.1</gx:coord>

<when>2025-12-07T00:38:20.000Z</when>
<gx:coord>-99.39704833333332 30.213484 655.4</gx:coord>

<when>2025-12-07T00:38:31.000Z</when>
<gx:coord>-99.39970066666667 30.214907 651.5</gx:coord>

<when>2025-12-07T00:38:42.000Z</when>
<gx:coord>-99.40247733333332 30.216392166666665 643.8</gx:coord>

<when>2025-12-07T00:38:53.000Z</when>
<gx:coord>-99.40523800000001 30.217870666666666 641.9</gx:coord>

<when>2025-12-07T00:39:04.000Z</when>
<gx:coord>-99.40805933333334 30.2193755 642.0</gx:coord>

<when>2025-12-07T00:39:15.000Z</when>
<gx:coord>-99.41074916666666 30.220818666666666 650.1</gx:coord>

<when>2025-12-07T00:39:26.000Z</when>
<gx:coord>-99.41326150000002 30.22227983333333 658.0</gx:coord>

<when>2025-12-07T00:39:37.000Z</when>
<gx:coord>-99.41550600000001 30.22405666666667 665.1</gx:coord>

<when>2025-12-07T00:39:48.000Z</when>
<gx:coord>-99.4176245 30.225892833333333 666.2</gx:coord>

<when>2025-12-07T00:39:59.000Z</when>
<gx:coord>-99.41975866666668 30.227731666666667 664.8</gx:coord>

<when>2025-12-07T00:40:10.000Z</when>
<gx:coord>-99.4219515 30.229629 659.2</gx:coord>

<when>2025-12-07T00:40:21.000Z</when>
<gx:coord>-99.424196 30.231571500000005 657.7</gx:coord>

<when>2025-12-07T00:40:32.000Z</when>
<gx:coord>-99.42653933333334 30.233589833333333 663.8</gx:coord>

<when>2025-12-07T00:40:43.000Z</when>
<gx:coord>-99.42884600000001 30.235591833333334 666.0</gx:coord>

<when>2025-12-07T00:40:54.000Z</when>
<gx:coord>-99.43113666666667 30.237566500000003 667.3</gx:coord>

<when>2025-12-07T00:41:05.000Z</when>
<gx:coord>-99.43336316666667 30.239496 675.1</gx:coord>

<when>2025-12-07T00:41:16.000Z</when>
<gx:coord>-99.43563416666666 30.241273333333332 683.3</gx:coord>

<when>2025-12-07T00:41:27.000Z</when>
<gx:coord>-99.438255 30.24278466666666 684.6</gx:coord>

<when>2025-12-07T00:41:38.000Z</when>
<gx:coord>-99.44097933333333 30.244248833333337 682.4</gx:coord>

<when>2025-12-07T00:41:49.000Z</when>
<gx:coord>-99.443661 30.245807666666664 681.3</gx:coord>

<when>2025-12-07T00:42:00.000Z</when>
<gx:coord>-99.44640016666666 30.24730966666667 679.8</gx:coord>

<when>2025-12-07T00:42:11.000Z</when>
<gx:coord>-99.44921716666667 30.24881233333333 678.5</gx:coord>

<when>2025-12-07T00:42:22.000Z</when>
<gx:coord>-99.45205116666666 30.250324833333334 677.1</gx:coord>

<when>2025-12-07T00:42:33.000Z</when>
<gx:coord>-99.45476699999999 30.2517695 680.8</gx:coord>

<when>2025-12-07T00:42:44.000Z</when>
<gx:coord>-99.45736433333335 30.25316383333333 684.7</gx:coord>

<when>2025-12-07T00:42:55.000Z</when>
<gx:coord>-99.45992016666666 30.254526666666667 687.5</gx:coord>

<when>2025-12-07T00:43:06.000Z</when>
<gx:coord>-99.46260866666668 30.255874666666667 688.0</gx:coord>

<when>2025-12-07T00:43:17.000Z</when>
<gx:coord>-99.46540116666665 30.25713316666667 686.5</gx:coord>

<when>2025-12-07T00:43:28.000Z</when>
<gx:coord>-99.46821566666668 30.258388666666665 683.9</gx:coord>

<when>2025-12-07T00:43:39.000Z</when>
<gx:coord>-99.47103116666668 30.25965233333333 681.4</gx:coord>

<when>2025-12-07T00:43:50.000Z</when>
<gx:coord>-99.47386200000001 30.260918333333333 679.2</gx:coord>

<when>2025-12-07T00:44:01.000Z</when>
<gx:coord>-99.47669866666665 30.262189333333335 676.8</gx:coord>

<when>2025-12-07T00:44:12.000Z</when>
<gx:coord>-99.47953483333335 30.263452500000003 674.9</gx:coord>

<when>2025-12-07T00:44:23.000Z</when>
<gx:coord>-99.48239466666668 30.264732666666667 671.1</gx:coord>

<when>2025-12-07T00:44:34.000Z</when>
<gx:coord>-99.48526066666666 30.266004666666664 669.8</gx:coord>

<when>2025-12-07T00:44:45.000Z</when>
<gx:coord>-99.48806250000001 30.26726066666667 668.3</gx:coord>

<when>2025-12-07T00:44:56.000Z</when>
<gx:coord>-99.49085016666668 30.26850683333333 667.6</gx:coord>

<when>2025-12-07T00:45:07.000Z</when>
<gx:coord>-99.49361916666666 30.269759666666666 668.2</gx:coord>

<when>2025-12-07T00:45:18.000Z</when>
<gx:coord>-99.49622116666666 30.271160666666667 671.7</gx:coord>

<when>2025-12-07T00:45:29.000Z</when>
<gx:coord>-99.49866683333333 30.272741333333336 675.2</gx:coord>

<when>2025-12-07T00:45:40.000Z</when>
<gx:coord>-99.50096133333334 30.27450683333333 678.8</gx:coord>

<when>2025-12-07T00:45:51.000Z</when>
<gx:coord>-99.50318166666666 30.2764465 676.1</gx:coord>

<when>2025-12-07T00:46:02.000Z</when>
<gx:coord>-99.50538716666667 30.278380166666672 669.3</gx:coord>

<when>2025-12-07T00:46:13.000Z</when>
<gx:coord>-99.50761949999999 30.280343833333337 661.8</gx:coord>

<when>2025-12-07T00:46:24.000Z</when>
<gx:coord>-99.50990233333332 30.282217999999997 656.9</gx:coord>

<when>2025-12-07T00:46:35.000Z</when>
<gx:coord>-99.51255333333332 30.283798 658.5</gx:coord>

<when>2025-12-07T00:46:46.000Z</when>
<gx:coord>-99.51540783333333 30.285222999999995 659.8</gx:coord>

<when>2025-12-07T00:46:57.000Z</when>
<gx:coord>-99.51824433333334 30.286639666666662 662.6</gx:coord>

<when>2025-12-07T00:47:08.000Z</when>
<gx:coord>-99.52100999999999 30.28802 667.5</gx:coord>

<when>2025-12-07T00:47:19.000Z</when>
<gx:coord>-99.52375066666667 30.289387166666664 669.4</gx:coord>

<when>2025-12-07T00:47:30.000Z</when>
<gx:coord>-99.52645150000002 30.29073633333333 671.4</gx:coord>

<when>2025-12-07T00:47:41.000Z</when>
<gx:coord>-99.52913400000001 30.29206783333333 673.4</gx:coord>

<when>2025-12-07T00:47:52.000Z</when>
<gx:coord>-99.53178799999999 30.293387999999997 675.4</gx:coord>

<when>2025-12-07T00:48:03.000Z</when>
<gx:coord>-99.53444166666668 30.294710000000002 674.6</gx:coord>

<when>2025-12-07T00:48:14.000Z</when>
<gx:coord>-99.53717033333332 30.296071833333333 671.4</gx:coord>

<when>2025-12-07T00:48:25.000Z</when>
<gx:coord>-99.539982 30.29747766666667 665.0</gx:coord>

<when>2025-12-07T00:48:36.000Z</when>
<gx:coord>-99.54279100000001 30.298968 657.8</gx:coord>

<when>2025-12-07T00:48:47.000Z</when>
<gx:coord>-99.54540083333335 30.300638000000003 652.4</gx:coord>

<when>2025-12-07T00:48:58.000Z</when>
<gx:coord>-99.54791133333335 30.302413166666664 646.7</gx:coord>

<when>2025-12-07T00:49:09.000Z</when>
<gx:coord>-99.5505085 30.3042405 639.9</gx:coord>

<when>2025-12-07T00:49:20.000Z</when>
<gx:coord>-99.55311483333335 30.30607883333333 634.0</gx:coord>

<when>2025-12-07T00:49:31.000Z</when>
<gx:coord>-99.55563816666667 30.30786516666667 636.4</gx:coord>

<when>2025-12-07T00:49:42.000Z</when>
<gx:coord>-99.55810966666668 30.309609500000004 640.2</gx:coord>

<when>2025-12-07T00:49:53.000Z</when>
<gx:coord>-99.56055716666667 30.3113335 643.3</gx:coord>

<when>2025-12-07T00:50:04.000Z</when>
<gx:coord>-99.56300766666666 30.313064 647.1</gx:coord>

<when>2025-12-07T00:50:15.000Z</when>
<gx:coord>-99.56546783333333 30.31480183333333 651.0</gx:coord>

<when>2025-12-07T00:50:26.000Z</when>
<gx:coord>-99.56780733333332 30.316662166666667 649.7</gx:coord>

<when>2025-12-07T00:50:37.000Z</when>
<gx:coord>-99.56971566666668 30.318804333333333 645.2</gx:coord>

<when>2025-12-07T00:50:48.000Z</when>
<gx:coord>-99.57136733333333 30.3211975 641.8</gx:coord>

<when>2025-12-07T00:50:59.000Z</when>
<gx:coord>-99.57302550000001 30.32361033333333 638.8</gx:coord>

<when>2025-12-07T00:51:10.000Z</when>
<gx:coord>-99.57459433333334 30.325915000000002 643.4</gx:coord>

<when>2025-12-07T00:51:21.000Z</when>
<gx:coord>-99.576139 30.3281655 647.9</gx:coord>

<when>2025-12-07T00:51:32.000Z</when>
<gx:coord>-99.57766516666668 30.330400500000003 652.0</gx:coord>

<when>2025-12-07T00:51:43.000Z</when>
<gx:coord>-99.57920733333334 30.3326565 654.6</gx:coord>

<when>2025-12-07T00:51:54.000Z</when>
<gx:coord>-99.58076166666666 30.334930666666665 656.5</gx:coord>

<when>2025-12-07T00:52:05.000Z</when>
<gx:coord>-99.58232333333332 30.337203666666664 658.8</gx:coord>

<when>2025-12-07T00:52:16.000Z</when>
<gx:coord>-99.58388016666667 30.3394925 658.6</gx:coord>

<when>2025-12-07T00:52:27.000Z</when>
<gx:coord>-99.58548066666665 30.341823999999995 653.9</gx:coord>

<when>2025-12-07T00:52:38.000Z</when>
<gx:coord>-99.5871135 30.344209999999997 649.7</gx:coord>

<when>2025-12-07T00:52:49.000Z</when>
<gx:coord>-99.588759 30.346483666666668 637.0</gx:coord>

<when>2025-12-07T00:53:00.000Z</when>
<gx:coord>-99.59042283333335 30.348694666666667 629.1</gx:coord>

<when>2025-12-07T00:53:11.000Z</when>
<gx:coord>-99.59193233333332 30.351071499999996 623.5</gx:coord>

<when>2025-12-07T00:53:22.000Z</when>
<gx:coord>-99.59319316666667 30.35353166666666 623.7</gx:coord>

<when>2025-12-07T00:53:33.000Z</when>
<gx:coord>-99.59439849999998 30.35608783333333 624.9</gx:coord>

<when>2025-12-07T00:53:44.000Z</when>
<gx:coord>-99.59564433333335 30.358724833333333 626.6</gx:coord>

<when>2025-12-07T00:53:55.000Z</when>
<gx:coord>-99.59685783333335 30.36130016666667 626.0</gx:coord>

<when>2025-12-07T00:54:06.000Z</when>
<gx:coord>-99.5981215 30.3637915 617.7</gx:coord>

<when>2025-12-07T00:54:17.000Z</when>
<gx:coord>-99.59968133333332 30.3662475 607.3</gx:coord>

<when>2025-12-07T00:54:28.000Z</when>
<gx:coord>-99.60143199999999 30.36870333333333 600.2</gx:coord>

<when>2025-12-07T00:54:39.000Z</when>
<gx:coord>-99.60314050000001 30.371119833333335 605.2</gx:coord>

<when>2025-12-07T00:54:50.000Z</when>
<gx:coord>-99.60480566666665 30.373457999999996 610.9</gx:coord>

<when>2025-12-07T00:55:01.000Z</when>
<gx:coord>-99.60649766666666 30.375806166666667 610.7</gx:coord>

<when>2025-12-07T00:55:12.000Z</when>
<gx:coord>-99.60822750000001 30.37822866666667 605.3</gx:coord>

<when>2025-12-07T00:55:23.000Z</when>
<gx:coord>-99.6098575 30.380524999999995 610.3</gx:coord>

<when>2025-12-07T00:55:34.000Z</when>
<gx:coord>-99.61145116666667 30.38275383333333 617.8</gx:coord>

<when>2025-12-07T00:55:45.000Z</when>
<gx:coord>-99.61306133333333 30.385010166666667 625.8</gx:coord>

<when>2025-12-07T00:55:56.000Z</when>
<gx:coord>-99.61471933333333 30.3872525 634.1</gx:coord>

<when>2025-12-07T00:56:07.000Z</when>
<gx:coord>-99.61653816666667 30.389354000000004 634.5</gx:coord>

<when>2025-12-07T00:56:18.000Z</when>
<gx:coord>-99.61852449999999 30.391369166666664 629.3</gx:coord>

<when>2025-12-07T00:56:29.000Z</when>
<gx:coord>-99.62050083333334 30.39337216666667 625.5</gx:coord>

<when>2025-12-07T00:56:40.000Z</when>
<gx:coord>-99.622471 30.3953595 625.7</gx:coord>

<when>2025-12-07T00:56:51.000Z</when>
<gx:coord>-99.6244995 30.397402666666668 620.2</gx:coord>

<when>2025-12-07T00:57:02.000Z</when>
<gx:coord>-99.62675916666667 30.399298166666668 612.2</gx:coord>

<when>2025-12-07T00:57:13.000Z</when>
<gx:coord>-99.62958983333334 30.40067766666667 605.7</gx:coord>

<when>2025-12-07T00:57:24.000Z</when>
<gx:coord>-99.63283333333332 30.4013855 605.2</gx:coord>

<when>2025-12-07T00:57:35.000Z</when>
<gx:coord>-99.63611549999999 30.401837500000003 604.4</gx:coord>

<when>2025-12-07T00:57:46.000Z</when>
<gx:coord>-99.63941150000001 30.402287833333336 597.0</gx:coord>

<when>2025-12-07T00:57:57.000Z</when>
<gx:coord>-99.64278166666666 30.402744999999996 586.1</gx:coord>

<when>2025-12-07T00:58:08.000Z</when>
<gx:coord>-99.6461575 30.403205333333336 573.1</gx:coord>

<when>2025-12-07T00:58:19.000Z</when>
<gx:coord>-99.64953633333334 30.403667333333335 560.3</gx:coord>

<when>2025-12-07T00:58:30.000Z</when>
<gx:coord>-99.65282116666667 30.404118499999996 554.5</gx:coord>

<when>2025-12-07T00:58:41.000Z</when>
<gx:coord>-99.656035 30.404697333333335 550.1</gx:coord>

<when>2025-12-07T00:58:52.000Z</when>
<gx:coord>-99.6589895 30.40593816666667 546.3</gx:coord>

<when>2025-12-07T00:59:03.000Z</when>
<gx:coord>-99.66138083333333 30.407777666666668 542.6</gx:coord>

<when>2025-12-07T00:59:14.000Z</when>
<gx:coord>-99.66342316666666 30.409951166666662 538.1</gx:coord>

<when>2025-12-07T00:59:25.000Z</when>
<gx:coord>-99.66558933333333 30.41226933333333 536.0</gx:coord>

<when>2025-12-07T00:59:36.000Z</when>
<gx:coord>-99.6677745 30.414598500000004 535.0</gx:coord>

<when>2025-12-07T00:59:47.000Z</when>
<gx:coord>-99.66993333333333 30.416904833333334 534.2</gx:coord>

<when>2025-12-07T00:59:58.000Z</when>
<gx:coord>-99.6721125 30.419234 529.6</gx:coord>

<when>2025-12-07T01:00:09.000Z</when>
<gx:coord>-99.67429516666668 30.4214975 527.0</gx:coord>

<when>2025-12-07T01:00:20.000Z</when>
<gx:coord>-99.67686916666668 30.423343999999997 527.7</gx:coord>

<when>2025-12-07T01:00:31.000Z</when>
<gx:coord>-99.67977633333334 30.424744333333333 529.1</gx:coord>

<when>2025-12-07T01:00:42.000Z</when>
<gx:coord>-99.68270383333332 30.426087666666664 531.4</gx:coord>

<when>2025-12-07T01:00:53.000Z</when>
<gx:coord>-99.68560666666666 30.42729866666667 541.1</gx:coord>

<when>2025-12-07T01:01:04.000Z</when>
<gx:coord>-99.68858399999999 30.428224833333335 550.0</gx:coord>

<when>2025-12-07T01:01:15.000Z</when>
<gx:coord>-99.69147216666667 30.42908633333333 561.8</gx:coord>

<when>2025-12-07T01:01:26.000Z</when>
<gx:coord>-99.69418483333332 30.42989583333333 574.6</gx:coord>

<when>2025-12-07T01:01:37.000Z</when>
<gx:coord>-99.696769 30.430666499999997 587.3</gx:coord>

<when>2025-12-07T01:01:48.000Z</when>
<gx:coord>-99.6992655 30.431409999999996 599.0</gx:coord>

<when>2025-12-07T01:01:59.000Z</when>
<gx:coord>-99.70172133333332 30.432141499999997 606.9</gx:coord>

<when>2025-12-07T01:02:10.000Z</when>
<gx:coord>-99.70436266666665 30.432928333333333 608.1</gx:coord>

<when>2025-12-07T01:02:21.000Z</when>
<gx:coord>-99.706922 30.433934666666666 606.6</gx:coord>

<when>2025-12-07T01:02:32.000Z</when>
<gx:coord>-99.70927150000001 30.435269666666667 607.8</gx:coord>

<when>2025-12-07T01:02:43.000Z</when>
<gx:coord>-99.71140949999999 30.436953833333337 610.0</gx:coord>

<when>2025-12-07T01:02:54.000Z</when>
<gx:coord>-99.71322649999999 30.438965 609.3</gx:coord>

<when>2025-12-07T01:03:05.000Z</when>
<gx:coord>-99.71476016666665 30.441180833333338 612.8</gx:coord>

<when>2025-12-07T01:03:16.000Z</when>
<gx:coord>-99.71630683333333 30.443476999999998 615.7</gx:coord>

<when>2025-12-07T01:03:27.000Z</when>
<gx:coord>-99.71788533333331 30.44582983333333 617.2</gx:coord>

<when>2025-12-07T01:03:38.000Z</when>
<gx:coord>-99.7194795 30.448202999999996 618.5</gx:coord>

<when>2025-12-07T01:03:49.000Z</when>
<gx:coord>-99.72107366666665 30.450570666666668 619.2</gx:coord>

<when>2025-12-07T01:04:00.000Z</when>
<gx:coord>-99.72265216666668 30.452931666666668 620.1</gx:coord>

<when>2025-12-07T01:04:11.000Z</when>
<gx:coord>-99.7242295 30.4552795 620.9</gx:coord>

<when>2025-12-07T01:04:22.000Z</when>
<gx:coord>-99.72581616666666 30.457625666666665 617.1</gx:coord>

<when>2025-12-07T01:04:33.000Z</when>
<gx:coord>-99.72732400000001 30.459868500000002 614.5</gx:coord>

<when>2025-12-07T01:04:44.000Z</when>
<gx:coord>-99.72853833333332 30.462149333333333 611.7</gx:coord>

<when>2025-12-07T01:04:55.000Z</when>
<gx:coord>-99.729404 30.464623500000002 609.5</gx:coord>

<when>2025-12-07T01:05:06.000Z</when>
<gx:coord>-99.73024916666667 30.467158666666666 601.2</gx:coord>

<when>2025-12-07T01:05:17.000Z</when>
<gx:coord>-99.7311215 30.469792666666663 588.5</gx:coord>

<when>2025-12-07T01:05:28.000Z</when>
<gx:coord>-99.732053 30.472461 574.2</gx:coord>

<when>2025-12-07T01:05:39.000Z</when>
<gx:coord>-99.733362 30.4749865 561.9</gx:coord>

<when>2025-12-07T01:05:50.000Z</when>
<gx:coord>-99.73476299999999 30.477490166666666 550.9</gx:coord>

<when>2025-12-07T01:06:01.000Z</when>
<gx:coord>-99.736157 30.479974500000004 540.6</gx:coord>

<when>2025-12-07T01:06:12.000Z</when>
<gx:coord>-99.73750433333335 30.482399666666666 537.6</gx:coord>

<when>2025-12-07T01:06:23.000Z</when>
<gx:coord>-99.73888416666665 30.484864 535.2</gx:coord>

<when>2025-12-07T01:06:34.000Z</when>
<gx:coord>-99.74040583333333 30.487262499999996 533.2</gx:coord>

<when>2025-12-07T01:06:45.000Z</when>
<gx:coord>-99.74268150000002 30.489135666666666 530.8</gx:coord>

<when>2025-12-07T01:06:56.000Z</when>
<gx:coord>-99.74534583333335 30.49058316666667 525.9</gx:coord>

<when>2025-12-07T01:07:07.000Z</when>
<gx:coord>-99.74801083333332 30.49201366666667 519.0</gx:coord>

<when>2025-12-07T01:07:18.000Z</when>
<gx:coord>-99.75070866666668 30.493456999999996 517.3</gx:coord>

<when>2025-12-07T01:07:29.000Z</when>
<gx:coord>-99.753447 30.4949255 518.2</gx:coord>

<when>2025-12-07T01:07:40.000Z</when>
<gx:coord>-99.75617933333334 30.496397 518.1</gx:coord>

<when>2025-12-07T01:07:51.000Z</when>
<gx:coord>-99.7589245 30.497866166666668 517.7</gx:coord>

<when>2025-12-07T01:08:02.000Z</when>
<gx:coord>-99.76168100000001 30.49934016666667 517.7</gx:coord>

<when>2025-12-07T01:08:13.000Z</when>
<gx:coord>-99.76436666666665 30.500908499999998 518.5</gx:coord>

<when>2025-12-07T01:08:24.000Z</when>
<gx:coord>-99.76690516666667 30.50265266666667 518.6</gx:coord>

<when>2025-12-07T01:08:35.000Z</when>
<gx:coord>-99.76943449999999 30.504421999999998 519.5</gx:coord>

<when>2025-12-07T01:08:46.000Z</when>
<gx:coord>-99.77197566666668 30.506189499999998 520.3</gx:coord>

<when>2025-12-07T01:08:57.000Z</when>
<gx:coord>-99.77446900000001 30.507937666666667 526.4</gx:coord>

<when>2025-12-07T01:09:08.000Z</when>
<gx:coord>-99.7769825 30.509702 524.5</gx:coord>

<when>2025-12-07T01:09:19.000Z</when>
<gx:coord>-99.77967066666666 30.511300666666664 523.1</gx:coord>

<when>2025-12-07T01:09:30.000Z</when>
<gx:coord>-99.78266 30.512474166666667 520.9</gx:coord>

<when>2025-12-07T01:09:41.000Z</when>
<gx:coord>-99.78583316666666 30.513275333333333 519.7</gx:coord>

<when>2025-12-07T01:09:52.000Z</when>
<gx:coord>-99.78894883333332 30.514037 520.5</gx:coord>

<when>2025-12-07T01:10:03.000Z</when>
<gx:coord>-99.79201283333332 30.514782 521.1</gx:coord>

<when>2025-12-07T01:10:14.000Z</when>
<gx:coord>-99.79507299999999 30.5155285 522.1</gx:coord>

<when>2025-12-07T01:10:25.000Z</when>
<gx:coord>-99.79820216666667 30.516292500000002 522.6</gx:coord>

<when>2025-12-07T01:10:36.000Z</when>
<gx:coord>-99.80132383333333 30.51704783333333 523.1</gx:coord>

<when>2025-12-07T01:10:47.000Z</when>
<gx:coord>-99.80446033333334 30.517819166666662 523.8</gx:coord>

<when>2025-12-07T01:10:58.000Z</when>
<gx:coord>-99.80760666666666 30.51858083333333 525.3</gx:coord>

<when>2025-12-07T01:11:09.000Z</when>
<gx:coord>-99.81070516666665 30.519335 526.3</gx:coord>

<when>2025-12-07T01:11:20.000Z</when>
<gx:coord>-99.81381416666666 30.52009516666667 527.4</gx:coord>

<when>2025-12-07T01:11:31.000Z</when>
<gx:coord>-99.8169235 30.520848500000003 528.9</gx:coord>

<when>2025-12-07T01:11:42.000Z</when>
<gx:coord>-99.82003449999999 30.521606333333338 529.6</gx:coord>

<when>2025-12-07T01:11:53.000Z</when>
<gx:coord>-99.82313783333332 30.522364333333332 530.2</gx:coord>

<when>2025-12-07T01:12:04.000Z</when>
<gx:coord>-99.82618266666665 30.523107166666666 531.3</gx:coord>

<when>2025-12-07T01:12:15.000Z</when>
<gx:coord>-99.82927266666665 30.52386166666667 532.2</gx:coord>

<when>2025-12-07T01:12:26.000Z</when>
<gx:coord>-99.83240883333335 30.5246265 533.4</gx:coord>

<when>2025-12-07T01:12:37.000Z</when>
<gx:coord>-99.83558916666668 30.525402 534.4</gx:coord>

<when>2025-12-07T01:12:48.000Z</when>
<gx:coord>-99.83877249999999 30.526173166666663 534.9</gx:coord>

<when>2025-12-07T01:12:59.000Z</when>
<gx:coord>-99.84194416666666 30.5269495 536.3</gx:coord>

<when>2025-12-07T01:13:10.000Z</when>
<gx:coord>-99.84513416666665 30.52771716666667 537.1</gx:coord>

<when>2025-12-07T01:13:21.000Z</when>
<gx:coord>-99.84829716666667 30.52817916666667 536.7</gx:coord>

<when>2025-12-07T01:13:32.000Z</when>
<gx:coord>-99.85147083333335 30.52815483333333 536.2</gx:coord>

<when>2025-12-07T01:13:43.000Z</when>
<gx:coord>-99.85453733333334 30.52767516666667 537.0</gx:coord>

<when>2025-12-07T01:13:54.000Z</when>
<gx:coord>-99.85753616666668 30.52694166666667 537.7</gx:coord>

<when>2025-12-07T01:14:05.000Z</when>
<gx:coord>-99.86051933333334 30.526204666666665 537.8</gx:coord>

<when>2025-12-07T01:14:16.000Z</when>
<gx:coord>-99.86345033333333 30.52547566666666 540.5</gx:coord>

<when>2025-12-07T01:14:27.000Z</when>
<gx:coord>-99.86632616666665 30.524768166666664 544.0</gx:coord>

<when>2025-12-07T01:14:38.000Z</when>
<gx:coord>-99.86917383333333 30.524066 545.9</gx:coord>

<when>2025-12-07T01:14:49.000Z</when>
<gx:coord>-99.87208283333332 30.52334733333333 544.8</gx:coord>

<when>2025-12-07T01:15:00.000Z</when>
<gx:coord>-99.87506516666666 30.522796666666668 543.8</gx:coord>

<when>2025-12-07T01:15:11.000Z</when>
<gx:coord>-99.8780435 30.522349333333334 543.6</gx:coord>

<when>2025-12-07T01:15:22.000Z</when>
<gx:coord>-99.88099916666667 30.521900833333333 543.3</gx:coord>

<when>2025-12-07T01:15:33.000Z</when>
<gx:coord>-99.88396016666665 30.521448000000003 543.9</gx:coord>

<when>2025-12-07T01:15:44.000Z</when>
<gx:coord>-99.88692383333334 30.521001500000004 544.4</gx:coord>

<when>2025-12-07T01:15:55.000Z</when>
<gx:coord>-99.88987716666666 30.52055116666667 545.2</gx:coord>

<when>2025-12-07T01:16:06.000Z</when>
<gx:coord>-99.89280583333333 30.520109166666664 547.0</gx:coord>

<when>2025-12-07T01:16:17.000Z</when>
<gx:coord>-99.89564383333332 30.5196785 551.6</gx:coord>

<when>2025-12-07T01:16:28.000Z</when>
<gx:coord>-99.89854066666666 30.51915766666667 552.4</gx:coord>

<when>2025-12-07T01:16:39.000Z</when>
<gx:coord>-99.9013215 30.518085166666665 551.9</gx:coord>

<when>2025-12-07T01:16:50.000Z</when>
<gx:coord>-99.90381133333334 30.51652916666667 550.4</gx:coord>

<when>2025-12-07T01:17:01.000Z</when>
<gx:coord>-99.90624233333334 30.514925499999997 552.6</gx:coord>

<when>2025-12-07T01:17:12.000Z</when>
<gx:coord>-99.90874200000002 30.5132765 555.4</gx:coord>

<when>2025-12-07T01:17:23.000Z</when>
<gx:coord>-99.91127583333333 30.511613333333337 559.3</gx:coord>

<when>2025-12-07T01:17:34.000Z</when>
<gx:coord>-99.91375250000002 30.509983000000002 565.7</gx:coord>

<when>2025-12-07T01:17:45.000Z</when>
<gx:coord>-99.91620916666668 30.50836716666667 568.3</gx:coord>

<when>2025-12-07T01:17:56.000Z</when>
<gx:coord>-99.918658 30.506758666666663 565.6</gx:coord>

<when>2025-12-07T01:18:07.000Z</when>
<gx:coord>-99.92109233333333 30.505163500000002 562.4</gx:coord>

<when>2025-12-07T01:18:18.000Z</when>
<gx:coord>-99.92349216666668 30.503582833333333 559.7</gx:coord>

<when>2025-12-07T01:18:29.000Z</when>
<gx:coord>-99.92590816666667 30.501996833333337 559.1</gx:coord>

<when>2025-12-07T01:18:40.000Z</when>
<gx:coord>-99.928486 30.500657 561.2</gx:coord>

<when>2025-12-07T01:18:50.000Z</when>
<gx:coord>-99.9310975 30.49995666666667 562.3</gx:coord>

<when>2025-12-07T01:19:01.000Z</when>
<gx:coord>-99.93412133333335 30.499804666666666 563.2</gx:coord>

<when>2025-12-07T01:19:12.000Z</when>
<gx:coord>-99.93710766666666 30.50025516666667 564.8</gx:coord>

<when>2025-12-07T01:19:23.000Z</when>
<gx:coord>-99.94004283333334 30.50080966666667 566.1</gx:coord>

<when>2025-12-07T01:19:34.000Z</when>
<gx:coord>-99.94300466666667 30.50136733333333 566.0</gx:coord>

<when>2025-12-07T01:19:45.000Z</when>
<gx:coord>-99.94597316666668 30.501921333333332 566.3</gx:coord>

<when>2025-12-07T01:19:56.000Z</when>
<gx:coord>-99.94897399999999 30.502482666666666 566.7</gx:coord>

<when>2025-12-07T01:20:07.000Z</when>
<gx:coord>-99.95203933333332 30.503047 568.9</gx:coord>

<when>2025-12-07T01:20:18.000Z</when>
<gx:coord>-99.95513566666665 30.503343499999996 569.7</gx:coord>

<when>2025-12-07T01:20:29.000Z</when>
<gx:coord>-99.95822633333334 30.50317883333333 570.9</gx:coord>

<when>2025-12-07T01:20:40.000Z</when>
<gx:coord>-99.96123983333334 30.50257333333333 571.5</gx:coord>

<when>2025-12-07T01:20:51.000Z</when>
<gx:coord>-99.96417949999999 30.501773000000004 573.7</gx:coord>

<when>2025-12-07T01:21:02.000Z</when>
<gx:coord>-99.96712333333335 30.500975999999998 575.0</gx:coord>

<when>2025-12-07T01:21:13.000Z</when>
<gx:coord>-99.970071 30.50017266666667 576.0</gx:coord>

<when>2025-12-07T01:21:24.000Z</when>
<gx:coord>-99.97293483333333 30.499388999999997 575.3</gx:coord>

<when>2025-12-07T01:21:35.000Z</when>
<gx:coord>-99.97575483333334 30.49862016666667 574.7</gx:coord>

<when>2025-12-07T01:21:46.000Z</when>
<gx:coord>-99.978491 30.497873833333333 574.3</gx:coord>

<when>2025-12-07T01:21:57.000Z</when>
<gx:coord>-99.98117666666667 30.497145166666662 573.3</gx:coord>

<when>2025-12-07T01:22:08.000Z</when>
<gx:coord>-99.98393933333334 30.496391666666668 572.3</gx:coord>

<when>2025-12-07T01:22:19.000Z</when>
<gx:coord>-99.98676599999999 30.49561983333333 572.3</gx:coord>

<when>2025-12-07T01:22:30.000Z</when>
<gx:coord>-99.98964583333333 30.495029 572.4</gx:coord>

<when>2025-12-07T01:22:41.000Z</when>
<gx:coord>-99.99262316666666 30.49484616666667 572.1</gx:coord>

<when>2025-12-07T01:22:52.000Z</when>
<gx:coord>-99.99553149999998 30.495071666666664 572.5</gx:coord>

<when>2025-12-07T01:23:03.000Z</when>
<gx:coord>-99.99829966666667 30.495505666666666 573.8</gx:coord>

<when>2025-12-07T01:23:14.000Z</when>
<gx:coord>-100.00104449999999 30.495936666666662 574.7</gx:coord>

<when>2025-12-07T01:23:25.000Z</when>
<gx:coord>-100.0038665 30.496381666666668 574.2</gx:coord>

<when>2025-12-07T01:23:36.000Z</when>
<gx:coord>-100.00668849999998 30.496823499999998 578.2</gx:coord>

<when>2025-12-07T01:23:47.000Z</when>
<gx:coord>-100.00952616666667 30.497103666666664 583.1</gx:coord>

<when>2025-12-07T01:23:58.000Z</when>
<gx:coord>-100.01245616666665 30.496892333333335 583.5</gx:coord>

<when>2025-12-07T01:24:09.000Z</when>
<gx:coord>-100.01534383333335 30.496157833333335 583.0</gx:coord>

<when>2025-12-07T01:24:20.000Z</when>
<gx:coord>-100.01812683333334 30.49505316666667 582.0</gx:coord>

<when>2025-12-07T01:24:31.000Z</when>
<gx:coord>-100.02095249999999 30.493915666666666 581.5</gx:coord>

<when>2025-12-07T01:24:42.000Z</when>
<gx:coord>-100.02380033333333 30.4927725 580.7</gx:coord>

<when>2025-12-07T01:24:53.000Z</when>
<gx:coord>-100.02663749999998 30.491629333333336 581.6</gx:coord>

<when>2025-12-07T01:25:04.000Z</when>
<gx:coord>-100.02944916666665 30.490495666666668 582.9</gx:coord>

<when>2025-12-07T01:25:15.000Z</when>
<gx:coord>-100.03226633333334 30.48936 583.0</gx:coord>

<when>2025-12-07T01:25:26.000Z</when>
<gx:coord>-100.03512299999998 30.488206166666668 582.6</gx:coord>

<when>2025-12-07T01:25:37.000Z</when>
<gx:coord>-100.03795083333334 30.487063166666665 581.8</gx:coord>

<when>2025-12-07T01:25:48.000Z</when>
<gx:coord>-100.0406975 30.485951 581.6</gx:coord>

<when>2025-12-07T01:25:59.000Z</when>
<gx:coord>-100.043432 30.484874833333333 582.2</gx:coord>

<when>2025-12-07T01:26:10.000Z</when>
<gx:coord>-100.04622883333334 30.484113666666666 584.0</gx:coord>

<when>2025-12-07T01:26:21.000Z</when>
<gx:coord>-100.04905249999999 30.4837545 587.6</gx:coord>

<when>2025-12-07T01:26:32.000Z</when>
<gx:coord>-100.05190499999999 30.483546500000003 591.8</gx:coord>

<when>2025-12-07T01:26:43.000Z</when>
<gx:coord>-100.05472533333335 30.48334183333333 600.5</gx:coord>

<when>2025-12-07T01:26:54.000Z</when>
<gx:coord>-100.05748183333331 30.483138333333333 609.2</gx:coord>

<when>2025-12-07T01:27:05.000Z</when>
<gx:coord>-100.06015183333332 30.48294316666667 617.7</gx:coord>

<when>2025-12-07T01:27:16.000Z</when>
<gx:coord>-100.06280933333333 30.482749 622.5</gx:coord>

<when>2025-12-07T01:27:27.000Z</when>
<gx:coord>-100.06555216666666 30.48254233333334 626.7</gx:coord>

<when>2025-12-07T01:27:38.000Z</when>
<gx:coord>-100.06831849999999 30.48233283333333 629.1</gx:coord>

<when>2025-12-07T01:27:49.000Z</when>
<gx:coord>-100.07111683333332 30.482124999999996 633.8</gx:coord>

<when>2025-12-07T01:28:00.000Z</when>
<gx:coord>-100.07390849999999 30.481886166666662 637.6</gx:coord>

<when>2025-12-07T01:28:11.000Z</when>
<gx:coord>-100.07673216666666 30.481355333333333 639.3</gx:coord>

<when>2025-12-07T01:28:22.000Z</when>
<gx:coord>-100.07946500000001 30.480524 643.2</gx:coord>

<when>2025-12-07T01:28:33.000Z</when>
<gx:coord>-100.08218933333335 30.479665500000003 646.3</gx:coord>

<when>2025-12-07T01:28:44.000Z</when>
<gx:coord>-100.08491283333333 30.478814333333336 650.2</gx:coord>

<when>2025-12-07T01:28:55.000Z</when>
<gx:coord>-100.08759583333334 30.477972333333334 655.4</gx:coord>

<when>2025-12-07T01:29:06.000Z</when>
<gx:coord>-100.09023866666666 30.477140666666667 659.0</gx:coord>

<when>2025-12-07T01:29:17.000Z</when>
<gx:coord>-100.09294249999999 30.476295166666667 658.7</gx:coord>

<when>2025-12-07T01:29:28.000Z</when>
<gx:coord>-100.0956915 30.475433 655.3</gx:coord>

<when>2025-12-07T01:29:39.000Z</when>
<gx:coord>-100.09850666666668 30.474550666666666 653.0</gx:coord>

<when>2025-12-07T01:29:50.000Z</when>
<gx:coord>-100.10135800000002 30.473656 654.6</gx:coord>

<when>2025-12-07T01:30:01.000Z</when>
<gx:coord>-100.10422816666666 30.4727555 654.3</gx:coord>

<when>2025-12-07T01:30:12.000Z</when>
<gx:coord>-100.10716583333333 30.47184066666667 649.3</gx:coord>

<when>2025-12-07T01:30:23.000Z</when>
<gx:coord>-100.11013716666666 30.470906833333334 641.0</gx:coord>

<when>2025-12-07T01:30:34.000Z</when>
<gx:coord>-100.11313 30.469965499999997 634.3</gx:coord>

<when>2025-12-07T01:30:45.000Z</when>
<gx:coord>-100.11613666666666 30.46901833333333 637.4</gx:coord>

<when>2025-12-07T01:30:56.000Z</when>
<gx:coord>-100.11905683333335 30.468108666666662 647.1</gx:coord>

<when>2025-12-07T01:31:07.000Z</when>
<gx:coord>-100.12192516666667 30.467205166666666 655.9</gx:coord>

<when>2025-12-07T01:31:18.000Z</when>
<gx:coord>-100.12480766666667 30.466306166666662 658.4</gx:coord>

<when>2025-12-07T01:31:29.000Z</when>
<gx:coord>-100.12772000000001 30.46539116666667 654.8</gx:coord>

<when>2025-12-07T01:31:40.000Z</when>
<gx:coord>-100.13055616666666 30.4644945 661.5</gx:coord>

<when>2025-12-07T01:31:51.000Z</when>
<gx:coord>-100.13331916666667 30.46362883333334 667.9</gx:coord>

<when>2025-12-07T01:32:02.000Z</when>
<gx:coord>-100.13607883333334 30.46275783333333 667.8</gx:coord>

<when>2025-12-07T01:32:13.000Z</when>
<gx:coord>-100.13884683333332 30.461881333333334 662.9</gx:coord>

<when>2025-12-07T01:32:24.000Z</when>
<gx:coord>-100.14163966666668 30.461007333333335 653.6</gx:coord>

<when>2025-12-07T01:32:35.000Z</when>
<gx:coord>-100.14447999999999 30.460143666666667 648.6</gx:coord>

<when>2025-12-07T01:32:46.000Z</when>
<gx:coord>-100.14743783333333 30.459356166666666 652.1</gx:coord>

<when>2025-12-07T01:32:57.000Z</when>
<gx:coord>-100.1503575 30.458605333333335 659.8</gx:coord>

<when>2025-12-07T01:33:08.000Z</when>
<gx:coord>-100.15321333333334 30.457871666666666 666.8</gx:coord>

<when>2025-12-07T01:33:19.000Z</when>
<gx:coord>-100.15605666666667 30.457139166666668 673.9</gx:coord>

<when>2025-12-07T01:33:30.000Z</when>
<gx:coord>-100.15900683333332 30.456375499999996 677.5</gx:coord>

<when>2025-12-07T01:33:41.000Z</when>
<gx:coord>-100.16208049999999 30.455572833333335 678.7</gx:coord>

<when>2025-12-07T01:33:52.000Z</when>
<gx:coord>-100.1652145 30.454728999999997 673.9</gx:coord>

<when>2025-12-07T01:34:03.000Z</when>
<gx:coord>-100.16839166666665 30.453770000000002 664.6</gx:coord>

<when>2025-12-07T01:34:14.000Z</when>
<gx:coord>-100.17146066666668 30.452809666666667 655.2</gx:coord>

<when>2025-12-07T01:34:25.000Z</when>
<gx:coord>-100.17451366666667 30.451855666666667 652.0</gx:coord>

<when>2025-12-07T01:34:36.000Z</when>
<gx:coord>-100.17752883333333 30.450922 657.1</gx:coord>

<when>2025-12-07T01:34:47.000Z</when>
<gx:coord>-100.18064966666667 30.449954333333334 653.2</gx:coord>

<when>2025-12-07T01:34:58.000Z</when>
<gx:coord>-100.18383100000001 30.448961999999998 648.1</gx:coord>

<when>2025-12-07T01:35:09.000Z</when>
<gx:coord>-100.18690333333333 30.448004500000003 654.8</gx:coord>

<when>2025-12-07T01:35:20.000Z</when>
<gx:coord>-100.18987133333333 30.447084333333336 663.4</gx:coord>

<when>2025-12-07T01:35:31.000Z</when>
<gx:coord>-100.19284416666666 30.446156499999997 667.9</gx:coord>

<when>2025-12-07T01:35:42.000Z</when>
<gx:coord>-100.195878 30.445212666666666 661.7</gx:coord>

<when>2025-12-07T01:35:53.000Z</when>
<gx:coord>-100.19894133333334 30.44443366666667 652.2</gx:coord>

<when>2025-12-07T01:36:04.000Z</when>
<gx:coord>-100.20209166666667 30.443889 644.5</gx:coord>

<when>2025-12-07T01:36:15.000Z</when>
<gx:coord>-100.20525966666668 30.443593333333336 643.6</gx:coord>

<when>2025-12-07T01:36:26.000Z</when>
<gx:coord>-100.20852250000002 30.443544333333328 643.3</gx:coord>

<when>2025-12-07T01:36:37.000Z</when>
<gx:coord>-100.21185666666666 30.44375433333333 638.1</gx:coord>

<when>2025-12-07T01:36:48.000Z</when>
<gx:coord>-100.2151765 30.44407383333333 631.4</gx:coord>

<when>2025-12-07T01:36:59.000Z</when>
<gx:coord>-100.21840083333333 30.444380500000005 634.1</gx:coord>

<when>2025-12-07T01:37:10.000Z</when>
<gx:coord>-100.22156183333333 30.44468 642.0</gx:coord>

<when>2025-12-07T01:37:21.000Z</when>
<gx:coord>-100.22469383333333 30.4449765 649.5</gx:coord>

<when>2025-12-07T01:37:32.000Z</when>
<gx:coord>-100.227819 30.44527483333333 656.7</gx:coord>

<when>2025-12-07T01:37:43.000Z</when>
<gx:coord>-100.23101300000002 30.445581666666666 658.9</gx:coord>

<when>2025-12-07T01:37:54.000Z</when>
<gx:coord>-100.23418583333333 30.445933 663.5</gx:coord>

<when>2025-12-07T01:38:05.000Z</when>
<gx:coord>-100.23717066666669 30.44647133333334 665.2</gx:coord>

<when>2025-12-07T01:38:16.000Z</when>
<gx:coord>-100.23987116666667 30.447119833333332 659.9</gx:coord>

<when>2025-12-07T01:38:27.000Z</when>
<gx:coord>-100.2426725 30.447872833333335 660.0</gx:coord>

<when>2025-12-07T01:38:38.000Z</when>
<gx:coord>-100.24551383333333 30.448670500000002 664.6</gx:coord>

<when>2025-12-07T01:38:49.000Z</when>
<gx:coord>-100.24843183333333 30.449453499999997 666.3</gx:coord>

<when>2025-12-07T01:39:00.000Z</when>
<gx:coord>-100.25135066666665 30.450235 669.0</gx:coord>

<when>2025-12-07T01:39:11.000Z</when>
<gx:coord>-100.25425016666668 30.45101066666667 671.7</gx:coord>

<when>2025-12-07T01:39:22.000Z</when>
<gx:coord>-100.25719849999999 30.451800333333335 675.9</gx:coord>

<when>2025-12-07T01:39:33.000Z</when>
<gx:coord>-100.25999699999998 30.452545666666666 682.7</gx:coord>

<when>2025-12-07T01:39:44.000Z</when>
<gx:coord>-100.26275650000001 30.453281666666665 689.3</gx:coord>

<when>2025-12-07T01:39:55.000Z</when>
<gx:coord>-100.265567 30.454034333333333 691.9</gx:coord>

<when>2025-12-07T01:40:06.000Z</when>
<gx:coord>-100.2683565 30.454780833333334 693.6</gx:coord>

<when>2025-12-07T01:40:17.000Z</when>
<gx:coord>-100.27106200000001 30.45558433333333 696.4</gx:coord>

<when>2025-12-07T01:40:28.000Z</when>
<gx:coord>-100.27366833333332 30.456555333333334 698.6</gx:coord>

<when>2025-12-07T01:40:39.000Z</when>
<gx:coord>-100.27624633333335 30.457727999999996 696.1</gx:coord>

<when>2025-12-07T01:40:50.000Z</when>
<gx:coord>-100.278846 30.459001833333332 687.4</gx:coord>

<when>2025-12-07T01:41:01.000Z</when>
<gx:coord>-100.28150183333334 30.460302499999997 678.2</gx:coord>

<when>2025-12-07T01:41:12.000Z</when>
<gx:coord>-100.2841935 30.461616333333335 670.4</gx:coord>

<when>2025-12-07T01:41:23.000Z</when>
<gx:coord>-100.28687833333333 30.46293466666667 673.0</gx:coord>

<when>2025-12-07T01:41:34.000Z</when>
<gx:coord>-100.28948 30.464206833333332 679.9</gx:coord>

<when>2025-12-07T01:41:45.000Z</when>
<gx:coord>-100.29201766666665 30.465459333333335 687.0</gx:coord>

<when>2025-12-07T01:41:56.000Z</when>
<gx:coord>-100.29464683333332 30.466742833333335 690.7</gx:coord>

<when>2025-12-07T01:42:07.000Z</when>
<gx:coord>-100.29734633333334 30.468060166666667 693.6</gx:coord>

<when>2025-12-07T01:42:18.000Z</when>
<gx:coord>-100.29999700000002 30.469354833333334 698.3</gx:coord>

<when>2025-12-07T01:42:29.000Z</when>
<gx:coord>-100.30265283333334 30.47065883333333 699.3</gx:coord>

<when>2025-12-07T01:42:40.000Z</when>
<gx:coord>-100.30532816666667 30.47195783333333 694.8</gx:coord>

<when>2025-12-07T01:42:51.000Z</when>
<gx:coord>-100.30794583333333 30.473238 686.3</gx:coord>

<when>2025-12-07T01:43:02.000Z</when>
<gx:coord>-100.31059783333333 30.47453683333333 678.2</gx:coord>

<when>2025-12-07T01:43:13.000Z</when>
<gx:coord>-100.31338249999999 30.475900000000003 670.2</gx:coord>

<when>2025-12-07T01:43:24.000Z</when>
<gx:coord>-100.31615933333333 30.477259333333336 672.7</gx:coord>

<when>2025-12-07T01:43:35.000Z</when>
<gx:coord>-100.31887616666667 30.478582 675.6</gx:coord>

<when>2025-12-07T01:43:46.000Z</when>
<gx:coord>-100.321562 30.479895166666665 676.7</gx:coord>

<when>2025-12-07T01:43:57.000Z</when>
<gx:coord>-100.32429466666666 30.481196999999998 681.6</gx:coord>

<when>2025-12-07T01:44:08.000Z</when>
<gx:coord>-100.32703383333335 30.482394999999997 687.1</gx:coord>

<when>2025-12-07T01:44:19.000Z</when>
<gx:coord>-100.32980816666668 30.48351116666667 692.8</gx:coord>

<when>2025-12-07T01:44:30.000Z</when>
<gx:coord>-100.3325955 30.48462266666667 698.5</gx:coord>

<when>2025-12-07T01:44:41.000Z</when>
<gx:coord>-100.33539216666668 30.485738833333336 700.8</gx:coord>

<when>2025-12-07T01:44:52.000Z</when>
<gx:coord>-100.33821699999999 30.48687016666667 700.1</gx:coord>

<when>2025-12-07T01:45:03.000Z</when>
<gx:coord>-100.34103099999999 30.48799016666667 698.2</gx:coord>

<when>2025-12-07T01:45:14.000Z</when>
<gx:coord>-100.34377466666668 30.489090333333333 696.4</gx:coord>

<when>2025-12-07T01:45:25.000Z</when>
<gx:coord>-100.3465705 30.490210166666664 698.8</gx:coord>

<when>2025-12-07T01:45:36.000Z</when>
<gx:coord>-100.34941183333333 30.491349 697.6</gx:coord>

<when>2025-12-07T01:45:47.000Z</when>
<gx:coord>-100.35220733333333 30.49246683333333 698.2</gx:coord>

<when>2025-12-07T01:45:58.000Z</when>
<gx:coord>-100.35497716666666 30.493572833333328 699.3</gx:coord>

<when>2025-12-07T01:46:09.000Z</when>
<gx:coord>-100.35776416666667 30.49468583333333 696.5</gx:coord>

<when>2025-12-07T01:46:20.000Z</when>
<gx:coord>-100.36059099999999 30.495809666666666 692.4</gx:coord>

<when>2025-12-07T01:46:31.000Z</when>
<gx:coord>-100.3634085 30.496941 689.2</gx:coord>

<when>2025-12-07T01:46:42.000Z</when>
<gx:coord>-100.36621516666668 30.498061833333335 687.0</gx:coord>

<when>2025-12-07T01:46:53.000Z</when>
<gx:coord>-100.36910283333333 30.499216666666666 685.5</gx:coord>

<when>2025-12-07T01:47:04.000Z</when>
<gx:coord>-100.37207716666666 30.500405666666666 684.3</gx:coord>

<when>2025-12-07T01:47:15.000Z</when>
<gx:coord>-100.37509283333333 30.501611166666667 684.7</gx:coord>

<when>2025-12-07T01:47:26.000Z</when>
<gx:coord>-100.37805099999999 30.502861999999997 690.5</gx:coord>

<when>2025-12-07T01:47:37.000Z</when>
<gx:coord>-100.38089599999999 30.50420766666667 696.2</gx:coord>

<when>2025-12-07T01:47:48.000Z</when>
<gx:coord>-100.38370966666668 30.50558566666667 697.5</gx:coord>

<when>2025-12-07T01:47:59.000Z</when>
<gx:coord>-100.386548 30.506966166666665 695.2</gx:coord>

<when>2025-12-07T01:48:10.000Z</when>
<gx:coord>-100.38939433333334 30.508348500000004 692.1</gx:coord>

<when>2025-12-07T01:48:21.000Z</when>
<gx:coord>-100.39223050000001 30.509726166666663 687.4</gx:coord>

<when>2025-12-07T01:48:32.000Z</when>
<gx:coord>-100.39501816666667 30.51108316666667 680.9</gx:coord>

<when>2025-12-07T01:48:43.000Z</when>
<gx:coord>-100.39778700000001 30.512422 681.7</gx:coord>

<when>2025-12-07T01:48:54.000Z</when>
<gx:coord>-100.40052466666666 30.51375983333333 683.7</gx:coord>

<when>2025-12-07T01:49:05.000Z</when>
<gx:coord>-100.40330066666665 30.515112 681.4</gx:coord>

<when>2025-12-07T01:49:16.000Z</when>
<gx:coord>-100.40608983333335 30.516468 680.5</gx:coord>

<when>2025-12-07T01:49:27.000Z</when>
<gx:coord>-100.40884533333335 30.517805833333334 681.2</gx:coord>

<when>2025-12-07T01:49:38.000Z</when>
<gx:coord>-100.41153716666668 30.519122166666662 685.3</gx:coord>

<when>2025-12-07T01:49:49.000Z</when>
<gx:coord>-100.41421233333334 30.52042666666667 687.6</gx:coord>

<when>2025-12-07T01:50:00.000Z</when>
<gx:coord>-100.41697133333334 30.521773333333332 686.1</gx:coord>

<when>2025-12-07T01:50:11.000Z</when>
<gx:coord>-100.4198735 30.523181500000003 686.0</gx:coord>

<when>2025-12-07T01:50:22.000Z</when>
<gx:coord>-100.422758 30.524583 690.0</gx:coord>

<when>2025-12-07T01:50:33.000Z</when>
<gx:coord>-100.42566416666665 30.526000666666665 688.1</gx:coord>

<when>2025-12-07T01:50:44.000Z</when>
<gx:coord>-100.42857966666666 30.5274185 681.5</gx:coord>

<when>2025-12-07T01:50:55.000Z</when>
<gx:coord>-100.43145083333333 30.528812500000004 681.2</gx:coord>

<when>2025-12-07T01:51:06.000Z</when>
<gx:coord>-100.43425966666668 30.530170166666668 688.4</gx:coord>

<when>2025-12-07T01:51:17.000Z</when>
<gx:coord>-100.43701633333333 30.53151383333333 693.0</gx:coord>

<when>2025-12-07T01:51:28.000Z</when>
<gx:coord>-100.43971866666668 30.532825666666668 699.4</gx:coord>

<when>2025-12-07T01:51:39.000Z</when>
<gx:coord>-100.44236683333332 30.534114833333334 704.5</gx:coord>

<when>2025-12-07T01:51:50.000Z</when>
<gx:coord>-100.44503733333335 30.535416499999997 705.5</gx:coord>

<when>2025-12-07T01:52:01.000Z</when>
<gx:coord>-100.44780216666668 30.53676533333333 703.5</gx:coord>

<when>2025-12-07T01:52:12.000Z</when>
<gx:coord>-100.45061766666667 30.538131333333332 697.7</gx:coord>

<when>2025-12-07T01:52:23.000Z</when>
<gx:coord>-100.45340616666665 30.539475666666664 695.5</gx:coord>

<when>2025-12-07T01:52:34.000Z</when>
<gx:coord>-100.45608416666667 30.540783 697.2</gx:coord>

<when>2025-12-07T01:52:45.000Z</when>
<gx:coord>-100.45876016666668 30.54207033333333 700.0</gx:coord>

<when>2025-12-07T01:52:56.000Z</when>
<gx:coord>-100.46149433333333 30.543298333333336 701.5</gx:coord>

<when>2025-12-07T01:53:07.000Z</when>
<gx:coord>-100.46424049999999 30.544408166666667 704.8</gx:coord>

<when>2025-12-07T01:53:18.000Z</when>
<gx:coord>-100.46706216666668 30.545427333333336 708.4</gx:coord>

<when>2025-12-07T01:53:29.000Z</when>
<gx:coord>-100.46987383333332 30.5463545 711.1</gx:coord>

<when>2025-12-07T01:53:40.000Z</when>
<gx:coord>-100.47270449999999 30.547274666666667 710.2</gx:coord>

<when>2025-12-07T01:53:51.000Z</when>
<gx:coord>-100.47557316666668 30.54821283333333 707.4</gx:coord>

<when>2025-12-07T01:54:02.000Z</when>
<gx:coord>-100.47848016666667 30.549166500000002 706.4</gx:coord>

<when>2025-12-07T01:54:13.000Z</when>
<gx:coord>-100.4814375 30.550135833333336 708.0</gx:coord>

<when>2025-12-07T01:54:24.000Z</when>
<gx:coord>-100.48449166666666 30.5511365 709.7</gx:coord>

<when>2025-12-07T01:54:35.000Z</when>
<gx:coord>-100.48764266666667 30.55216666666667 711.3</gx:coord>

<when>2025-12-07T01:54:46.000Z</when>
<gx:coord>-100.49076466666665 30.5531895 712.5</gx:coord>

<when>2025-12-07T01:54:57.000Z</when>
<gx:coord>-100.4938185 30.554186166666668 712.5</gx:coord>

<when>2025-12-07T01:55:08.000Z</when>
<gx:coord>-100.49685883333335 30.555181833333336 712.0</gx:coord>

<when>2025-12-07T01:55:19.000Z</when>
<gx:coord>-100.49989116666666 30.556177166666664 713.5</gx:coord>

<when>2025-12-07T01:55:30.000Z</when>
<gx:coord>-100.50294183333332 30.557176333333338 713.1</gx:coord>

<when>2025-12-07T01:55:41.000Z</when>
<gx:coord>-100.50597516666667 30.558170000000004 713.1</gx:coord>

<when>2025-12-07T01:55:52.000Z</when>
<gx:coord>-100.509028 30.559169166666667 712.5</gx:coord>

<when>2025-12-07T01:56:03.000Z</when>
<gx:coord>-100.51212216666666 30.56018 711.5</gx:coord>

<when>2025-12-07T01:56:14.000Z</when>
<gx:coord>-100.51524816666667 30.56120316666666 711.6</gx:coord>

<when>2025-12-07T01:56:25.000Z</when>
<gx:coord>-100.51835766666666 30.562221666666666 712.3</gx:coord>

<when>2025-12-07T01:56:36.000Z</when>
<gx:coord>-100.52141666666667 30.563215333333332 712.8</gx:coord>

<when>2025-12-07T01:56:47.000Z</when>
<gx:coord>-100.52462066666666 30.5640485 708.1</gx:coord>

<when>2025-12-07T01:56:58.000Z</when>
<gx:coord>-100.52790566666665 30.564635666666664 703.1</gx:coord>

<when>2025-12-07T01:57:09.000Z</when>
<gx:coord>-100.53117583333332 30.565128166666668 699.4</gx:coord>

<when>2025-12-07T01:57:20.000Z</when>
<gx:coord>-100.53441433333334 30.56561466666667 697.5</gx:coord>

<when>2025-12-07T01:57:31.000Z</when>
<gx:coord>-100.53767483333334 30.566104499999998 694.4</gx:coord>

<when>2025-12-07T01:57:42.000Z</when>
<gx:coord>-100.54088766666668 30.566584666666667 692.1</gx:coord>

<when>2025-12-07T01:57:53.000Z</when>
<gx:coord>-100.54413066666666 30.567073166666667 690.3</gx:coord>

<when>2025-12-07T01:58:04.000Z</when>
<gx:coord>-100.54735583333334 30.56755933333333 689.5</gx:coord>

<when>2025-12-07T01:58:15.000Z</when>
<gx:coord>-100.55052766666668 30.568038333333334 693.9</gx:coord>

<when>2025-12-07T01:58:26.000Z</when>
<gx:coord>-100.5537115 30.5685175 699.2</gx:coord>

<when>2025-12-07T01:58:37.000Z</when>
<gx:coord>-100.55684366666668 30.568992499999997 704.6</gx:coord>

<when>2025-12-07T01:58:48.000Z</when>
<gx:coord>-100.5599375 30.569458 707.7</gx:coord>

<when>2025-12-07T01:58:59.000Z</when>
<gx:coord>-100.56305900000001 30.569926499999998 710.1</gx:coord>

<when>2025-12-07T01:59:10.000Z</when>
<gx:coord>-100.56622833333334 30.570404666666665 710.1</gx:coord>

<when>2025-12-07T01:59:21.000Z</when>
<gx:coord>-100.56936316666666 30.570881999999997 707.6</gx:coord>

<when>2025-12-07T01:59:32.000Z</when>
<gx:coord>-100.57249033333333 30.571292499999995 703.0</gx:coord>

<when>2025-12-07T01:59:43.000Z</when>
<gx:coord>-100.57563666666668 30.571598166666664 696.9</gx:coord>

<when>2025-12-07T01:59:54.000Z</when>
<gx:coord>-100.57878299999999 30.571884 694.3</gx:coord>

<when>2025-12-07T02:00:05.000Z</when>
<gx:coord>-100.58188550000001 30.572178166666664 697.3</gx:coord>

<when>2025-12-07T02:00:16.000Z</when>
<gx:coord>-100.58501533333335 30.572472333333334 699.1</gx:coord>

<when>2025-12-07T02:00:27.000Z</when>
<gx:coord>-100.58815066666666 30.572767 701.7</gx:coord>

<when>2025-12-07T02:00:38.000Z</when>
<gx:coord>-100.59128549999998 30.573061999999997 701.9</gx:coord>

<when>2025-12-07T02:00:49.000Z</when>
<gx:coord>-100.59442800000001 30.573352 695.8</gx:coord>

<when>2025-12-07T02:01:00.000Z</when>
<gx:coord>-100.59752283333334 30.573639166666666 688.5</gx:coord>

<when>2025-12-07T02:01:11.000Z</when>
<gx:coord>-100.60058766666667 30.5739235 686.5</gx:coord>

<when>2025-12-07T02:01:22.000Z</when>
<gx:coord>-100.60358816666667 30.5742005 690.6</gx:coord>

<when>2025-12-07T02:01:33.000Z</when>
<gx:coord>-100.60656300000001 30.574477499999997 694.6</gx:coord>

<when>2025-12-07T02:01:44.000Z</when>
<gx:coord>-100.60959316666667 30.574757999999996 696.6</gx:coord>

<when>2025-12-07T02:01:55.000Z</when>
<gx:coord>-100.61274716666667 30.575051500000004 693.6</gx:coord>

<when>2025-12-07T02:02:06.000Z</when>
<gx:coord>-100.61595799999999 30.57534916666667 687.1</gx:coord>

<when>2025-12-07T02:02:17.000Z</when>
<gx:coord>-100.61923133333333 30.575653499999998 681.5</gx:coord>

<when>2025-12-07T02:02:28.000Z</when>
<gx:coord>-100.62247266666667 30.575924166666663 682.1</gx:coord>

<when>2025-12-07T02:02:39.000Z</when>
<gx:coord>-100.62571716666667 30.57613216666667 681.2</gx:coord>

<when>2025-12-07T02:02:50.000Z</when>
<gx:coord>-100.62898783333334 30.576344000000002 673.3</gx:coord>

<when>2025-12-07T02:03:01.000Z</when>
<gx:coord>-100.63222883333334 30.5765595 664.0</gx:coord>

<when>2025-12-07T02:03:12.000Z</when>
<gx:coord>-100.63545133333334 30.576764333333337 655.6</gx:coord>

<when>2025-12-07T02:03:23.000Z</when>
<gx:coord>-100.63864666666665 30.576992000000004 652.3</gx:coord>

<when>2025-12-07T02:03:34.000Z</when>
<gx:coord>-100.64173483333335 30.577401833333337 656.3</gx:coord>

<when>2025-12-07T02:03:45.000Z</when>
<gx:coord>-100.64469 30.578028333333336 657.1</gx:coord>

<when>2025-12-07T02:03:56.000Z</when>
<gx:coord>-100.64739933333334 30.578806666666665 656.4</gx:coord>

<when>2025-12-07T02:04:07.000Z</when>
<gx:coord>-100.65015899999999 30.57982233333333 650.9</gx:coord>

<when>2025-12-07T02:04:18.000Z</when>
<gx:coord>-100.65288516666666 30.580971833333333 651.7</gx:coord>

<when>2025-12-07T02:04:29.000Z</when>
<gx:coord>-100.6555635 30.582080333333337 655.3</gx:coord>

<when>2025-12-07T02:04:40.000Z</when>
<gx:coord>-100.65826133333333 30.58313766666667 658.3</gx:coord>

<when>2025-12-07T02:04:51.000Z</when>
<gx:coord>-100.66095449999999 30.584191166666663 658.7</gx:coord>

<when>2025-12-07T02:05:02.000Z</when>
<gx:coord>-100.66358100000001 30.585356166666664 662.8</gx:coord>

<when>2025-12-07T02:05:13.000Z</when>
<gx:coord>-100.666068 30.586741333333332 665.6</gx:coord>

<when>2025-12-07T02:05:24.000Z</when>
<gx:coord>-100.66853516666667 30.588137 670.6</gx:coord>

<when>2025-12-07T02:05:35.000Z</when>
<gx:coord>-100.67122383333331 30.5891735 677.1</gx:coord>

<when>2025-12-07T02:05:46.000Z</when>
<gx:coord>-100.67420133333331 30.589686500000003 681.9</gx:coord>

<when>2025-12-07T02:05:57.000Z</when>
<gx:coord>-100.67725966666667 30.58988866666667 685.7</gx:coord>

<when>2025-12-07T02:06:08.000Z</when>
<gx:coord>-100.680266 30.590081499999997 693.4</gx:coord>

<when>2025-12-07T02:06:19.000Z</when>
<gx:coord>-100.68321316666668 30.590268 702.2</gx:coord>

<when>2025-12-07T02:06:30.000Z</when>
<gx:coord>-100.68622383333334 30.590464833333332 705.7</gx:coord>

<when>2025-12-07T02:06:41.000Z</when>
<gx:coord>-100.68933683333334 30.590663666666668 706.7</gx:coord>

<when>2025-12-07T02:06:52.000Z</when>
<gx:coord>-100.69242733333334 30.59105383333333 706.4</gx:coord>

<when>2025-12-07T02:07:03.000Z</when>
<gx:coord>-100.69540366666666 30.59178216666667 704.2</gx:coord>

<when>2025-12-07T02:07:14.000Z</when>
<gx:coord>-100.698232 30.592825500000004 703.1</gx:coord>

<when>2025-12-07T02:07:25.000Z</when>
<gx:coord>-100.70095516666667 30.594163 702.8</gx:coord>

<when>2025-12-07T02:07:36.000Z</when>
<gx:coord>-100.703731 30.595590833333336 702.8</gx:coord>

<when>2025-12-07T02:07:47.000Z</when>
<gx:coord>-100.70651799999999 30.597036333333335 699.8</gx:coord>

<when>2025-12-07T02:07:58.000Z</when>
<gx:coord>-100.70925749999999 30.598445500000004 701.5</gx:coord>

<when>2025-12-07T02:08:09.000Z</when>
<gx:coord>-100.71194799999999 30.59984116666667 707.3</gx:coord>

<when>2025-12-07T02:08:20.000Z</when>
<gx:coord>-100.71463466666667 30.601239166666666 712.3</gx:coord>

<when>2025-12-07T02:08:31.000Z</when>
<gx:coord>-100.71736766666666 30.602655333333338 711.9</gx:coord>

<when>2025-12-07T02:08:42.000Z</when>
<gx:coord>-100.72013416666665 30.604088 709.9</gx:coord>

<when>2025-12-07T02:08:53.000Z</when>
<gx:coord>-100.72290749999999 30.6055245 706.7</gx:coord>

<when>2025-12-07T02:09:04.000Z</when>
<gx:coord>-100.72568000000001 30.606958500000005 706.1</gx:coord>

<when>2025-12-07T02:09:15.000Z</when>
<gx:coord>-100.72848616666667 30.60841083333333 706.8</gx:coord>

<when>2025-12-07T02:09:26.000Z</when>
<gx:coord>-100.73135866666668 30.609897833333335 703.9</gx:coord>

<when>2025-12-07T02:09:37.000Z</when>
<gx:coord>-100.73429833333333 30.611373166666667 696.9</gx:coord>

<when>2025-12-07T02:09:48.000Z</when>
<gx:coord>-100.73726749999999 30.6127325 692.7</gx:coord>

<when>2025-12-07T02:09:59.000Z</when>
<gx:coord>-100.74017649999999 30.613925666666667 693.5</gx:coord>

<when>2025-12-07T02:10:10.000Z</when>
<gx:coord>-100.74306033333332 30.614964833333335 699.8</gx:coord>

<when>2025-12-07T02:10:21.000Z</when>
<gx:coord>-100.74599583333332 30.615901166666664 705.4</gx:coord>

<when>2025-12-07T02:10:32.000Z</when>
<gx:coord>-100.74897299999999 30.616729499999998 706.7</gx:coord>

<when>2025-12-07T02:10:43.000Z</when>
<gx:coord>-100.752016 30.617453333333334 706.2</gx:coord>

<when>2025-12-07T02:10:54.000Z</when>
<gx:coord>-100.75508633333332 30.618089166666664 701.0</gx:coord>

<when>2025-12-07T02:11:05.000Z</when>
<gx:coord>-100.75821916666668 30.618728666666666 694.8</gx:coord>

<when>2025-12-07T02:11:16.000Z</when>
<gx:coord>-100.76132666666666 30.61934216666667 690.0</gx:coord>

<when>2025-12-07T02:11:27.000Z</when>
<gx:coord>-100.76442583333333 30.619875999999998 685.4</gx:coord>

<when>2025-12-07T02:11:38.000Z</when>
<gx:coord>-100.76755116666666 30.620394499999996 683.6</gx:coord>

<when>2025-12-07T02:11:49.000Z</when>
<gx:coord>-100.7702825 30.62102483333333 684.4</gx:coord>

<when>2025-12-07T02:12:00.000Z</when>
<gx:coord>-100.771953 30.62162283333333 688.7</gx:coord>

<when>2025-12-07T02:12:11.000Z</when>
<gx:coord>-100.77234216666666 30.62209266666667 688.7</gx:coord>

<when>2025-12-07T02:12:22.000Z</when>
<gx:coord>-100.77258633333334 30.62196366666667 689.1</gx:coord>

<when>2025-12-07T02:12:33.000Z</when>
<gx:coord>-100.77276533333334 30.62103066666667 691.0</gx:coord>

<when>2025-12-07T02:12:44.000Z</when>
<gx:coord>-100.77310783333333 30.619848333333334 688.4</gx:coord>

<when>2025-12-07T02:12:55.000Z</when>
<gx:coord>-100.77393383333334 30.618598833333333 682.2</gx:coord>

<when>2025-12-07T02:13:06.000Z</when>
<gx:coord>-100.77552366666666 30.61717533333333 679.9</gx:coord>

<when>2025-12-07T02:13:17.000Z</when>
<gx:coord>-100.77731999999999 30.61561766666667 678.5</gx:coord>

<when>2025-12-07T02:13:28.000Z</when>
<gx:coord>-100.77902933333334 30.61423166666667 677.6</gx:coord>

<when>2025-12-07T02:13:39.000Z</when>
<gx:coord>-100.78099449999999 30.613401333333332 675.5</gx:coord>

<when>2025-12-07T02:13:50.000Z</when>
<gx:coord>-100.78323299999998 30.612905333333334 675.9</gx:coord>

<when>2025-12-07T02:14:01.000Z</when>
<gx:coord>-100.78548500000001 30.612416 676.5</gx:coord>

<when>2025-12-07T02:14:12.000Z</when>
<gx:coord>-100.78761066666667 30.611749833333338 675.5</gx:coord>

<when>2025-12-07T02:14:23.000Z</when>
<gx:coord>-100.78946749999999 30.610515833333338 674.0</gx:coord>

<when>2025-12-07T02:14:34.000Z</when>
<gx:coord>-100.79135749999999 30.60910833333333 672.3</gx:coord>

<when>2025-12-07T02:14:45.000Z</when>
<gx:coord>-100.79332316666665 30.60764316666667 671.8</gx:coord>

<when>2025-12-07T02:14:56.000Z</when>
<gx:coord>-100.79527416666666 30.606180666666667 671.2</gx:coord>

<when>2025-12-07T02:15:07.000Z</when>
<gx:coord>-100.79725566666666 30.60469666666667 668.7</gx:coord>

<when>2025-12-07T02:15:18.000Z</when>
<gx:coord>-100.79929483333332 30.603171166666666 665.7</gx:coord>

<when>2025-12-07T02:15:29.000Z</when>
<gx:coord>-100.80132350000001 30.60165383333333 664.5</gx:coord>

<when>2025-12-07T02:15:40.000Z</when>
<gx:coord>-100.8031655 30.600165500000003 663.0</gx:coord>

<when>2025-12-07T02:15:51.000Z</when>
<gx:coord>-100.80461933333332 30.598460999999997 663.0</gx:coord>

<when>2025-12-07T02:16:02.000Z</when>
<gx:coord>-100.8058805 30.596749999999997 662.9</gx:coord>

<when>2025-12-07T02:16:13.000Z</when>
<gx:coord>-100.80723666666667 30.5950515 662.2</gx:coord>

<when>2025-12-07T02:16:24.000Z</when>
<gx:coord>-100.80875916666668 30.59358333333333 662.1</gx:coord>

<when>2025-12-07T02:16:35.000Z</when>
<gx:coord>-100.81080250000001 30.592587 661.9</gx:coord>

<when>2025-12-07T02:16:46.000Z</when>
<gx:coord>-100.81323166666668 30.59163433333333 658.6</gx:coord>

<when>2025-12-07T02:16:57.000Z</when>
<gx:coord>-100.815727 30.590658666666666 657.1</gx:coord>

<when>2025-12-07T02:17:08.000Z</when>
<gx:coord>-100.818114 30.58969983333333 658.2</gx:coord>

<when>2025-12-07T02:17:19.000Z</when>
<gx:coord>-100.81990266666665 30.588234333333336 657.1</gx:coord>

<when>2025-12-07T02:17:30.000Z</when>
<gx:coord>-100.82070683333335 30.586128 656.3</gx:coord>

<when>2025-12-07T02:17:41.000Z</when>
<gx:coord>-100.82129400000001 30.5838655 653.7</gx:coord>

<when>2025-12-07T02:17:52.000Z</when>
<gx:coord>-100.82187183333332 30.581618499999998 655.5</gx:coord>

<when>2025-12-07T02:18:03.000Z</when>
<gx:coord>-100.82250083333332 30.579182333333332 653.5</gx:coord>

<when>2025-12-07T02:18:14.000Z</when>
<gx:coord>-100.82322683333332 30.576771500000003 652.6</gx:coord>

<when>2025-12-07T02:18:25.000Z</when>
<gx:coord>-100.82459916666667 30.57466983333334 652.5</gx:coord>

<when>2025-12-07T02:18:36.000Z</when>
<gx:coord>-100.82630533333334 30.572668500000002 648.4</gx:coord>

<when>2025-12-07T02:18:47.000Z</when>
<gx:coord>-100.8279955 30.570696666666663 648.1</gx:coord>

<when>2025-12-07T02:18:58.000Z</when>
<gx:coord>-100.8297665 30.56863433333333 651.3</gx:coord>

<when>2025-12-07T02:19:09.000Z</when>
<gx:coord>-100.8311345 30.566506166666667 653.8</gx:coord>

<when>2025-12-07T02:19:20.000Z</when>
<gx:coord>-100.83171750000001 30.565162833333336 654.9</gx:coord>

<when>2025-12-07T02:19:31.000Z</when>
<gx:coord>-100.83162666666666 30.564957333333336 655.9</gx:coord>

<when>2025-12-07T02:19:53.000Z</when>
<gx:coord>-100.831597 30.56467716666667 655.3</gx:coord>

<when>2025-12-07T02:20:04.000Z</when>
<gx:coord>-100.83160766666667 30.56427366666667 655.9</gx:coord>

<when>2025-12-07T02:20:15.000Z</when>
<gx:coord>-100.83161383333332 30.563529499999998 660.2</gx:coord>

<when>2025-12-07T02:20:26.000Z</when>
<gx:coord>-100.83161999999999 30.562596 673.4</gx:coord>

<when>2025-12-07T02:20:37.000Z</when>
<gx:coord>-100.83114583333332 30.561790499999997 683.5</gx:coord>

<when>2025-12-07T02:20:48.000Z</when>
<gx:coord>-100.83016566666666 30.560969666666665 685.6</gx:coord>

<when>2025-12-07T02:20:59.000Z</when>
<gx:coord>-100.82913466666666 30.560129500000002 688.4</gx:coord>

<when>2025-12-07T02:21:10.000Z</when>
<gx:coord>-100.82816050000001 30.55933733333333 689.8</gx:coord>

<when>2025-12-07T02:21:21.000Z</when>
<gx:coord>-100.82724733333335 30.558737833333332 690.2</gx:coord>

<when>2025-12-07T02:21:32.000Z</when>
<gx:coord>-100.82627249999999 30.558444333333334 689.7</gx:coord>

<when>2025-12-07T02:21:43.000Z</when>
<gx:coord>-100.82516466666667 30.558282166666665 680.6</gx:coord>

<when>2025-12-07T02:21:54.000Z</when>
<gx:coord>-100.82341683333334 30.558174166666664 663.2</gx:coord>

<when>2025-12-07T02:22:05.000Z</when>
<gx:coord>-100.82160999999999 30.558028166666666 661.3</gx:coord>

<when>2025-12-07T02:22:16.000Z</when>
<gx:coord>-100.82036666666666 30.557366166666664 660.2</gx:coord>

<when>2025-12-07T02:22:27.000Z</when>
<gx:coord>-100.81925166666666 30.5567595 662.8</gx:coord>

<when>2025-12-07T02:22:38.000Z</when>
<gx:coord>-100.81801933333332 30.556211833333336 664.5</gx:coord>

<when>2025-12-07T02:22:49.000Z</when>
<gx:coord>-100.81677716666667 30.555688 665.7</gx:coord>

<when>2025-12-07T02:23:00.000Z</when>
<gx:coord>-100.81556133333333 30.555248833333334 669.3</gx:coord>

<when>2025-12-07T02:23:11.000Z</when>
<gx:coord>-100.81427533333333 30.554814000000004 674.8</gx:coord>

<when>2025-12-07T02:23:22.000Z</when>
<gx:coord>-100.81317750000001 30.554474333333328 672.6</gx:coord>

<when>2025-12-07T02:23:33.000Z</when>
<gx:coord>-100.81297883333333 30.554433000000003 673.1</gx:coord>

<when>2025-12-07T02:23:44.000Z</when>
<gx:coord>-100.81276083333333 30.554398833333334 672.7</gx:coord>

<when>2025-12-07T02:23:55.000Z</when>
<gx:coord>-100.81242033333335 30.554381666666668 672.1</gx:coord>

<when>2025-12-07T02:24:06.000Z</when>
<gx:coord>-100.81224016666665 30.554437333333333 671.8</gx:coord>

<when>2025-12-07T02:24:17.000Z</when>
<gx:coord>-100.81212933333333 30.554392 669.5</gx:coord>

<when>2025-12-07T02:24:28.000Z</when>
<gx:coord>-100.81208066666667 30.554331499999996 669.1</gx:coord>

<when>2025-12-07T02:24:39.000Z</when>
<gx:coord>-100.8120765 30.5542495 667.4</gx:coord>

<when>2025-12-07T02:24:50.000Z</when>
<gx:coord>-100.81216100000002 30.554153166666666 666.0</gx:coord>

<when>2025-12-07T02:25:01.000Z</when>
<gx:coord>-100.81223066666668 30.55412066666667 666.7</gx:coord>

<when>2025-12-07T02:25:23.000Z</when>
<gx:coord>-100.8122605 30.55408333333333 669.7</gx:coord>

<when>2025-12-07T02:25:45.000Z</when>
<gx:coord>-100.81233583333332 30.554066666666667 669.7</gx:coord>

<when>2025-12-07T02:25:56.000Z</when>
<gx:coord>-100.81242733333332 30.554053999999997 669.1</gx:coord>

<when>2025-12-07T02:26:07.000Z</when>
<gx:coord>-100.81249633333333 30.553988166666667 670.4</gx:coord>

<when>2025-12-07T02:27:02.000Z</when>
<gx:coord>-100.812439 30.553974499999995 670.1</gx:coord>

<when>2025-12-07T02:29:03.000Z</when>
<gx:coord>-100.81246533333334 30.554016 667.6</gx:coord>
</gx:Track>
</Placemark></Document></kml>
