<?xml version="1.0" encoding="UTF-8" ?><gpx version="1.1" creator="GPSLogger 135 - http://gpslogger.mendhak.com/" xmlns:xsi="http://www.w3.org/2001/XMLSchema-instance" xmlns="http://www.topografix.com/GPX/1/1" xmlns:gpxtpx="http://www.garmin.com/xmlschemas/TrackPointExtension/v2" xsi:schemaLocation="http://www.topografix.com/GPX/1/1 http://www.topografix.com/GPX/1/1/gpx.xsd http://www.garmin.com/xmlschemas/TrackPointExtension/v2 https://www8.garmin.com/xmlschemas/TrackPointExtensionv2.xsd "><metadata><time>2025-12-17T22:26:01.000Z</time></metadata><trk><name>20251217</name><trkseg><trkpt lat="29.792267999999996" lon="-114.39604283333334"><time>2025-12-17T22:26:01.000Z</time><extensions><gpxtpx:TrackPointExtension><gpxtpx:speed>0.23419861</gpxtpx:speed></gpxtpx:TrackPointExtension></extensions><src>gps</src><hdop>2.95</hdop><vdop>2.35</vdop><pdop>3.77</pdop></trkpt>
<trkpt lat="29.792281000000003" lon="-114.39609616666667"><ele>21.6</ele><time>2025-12-17T22:30:14.000Z</time><extensions><gpxtpx:TrackPointExtension><gpxtpx:bearing>267.02</gpxtpx:bearing><gpxtpx:speed>0.9403975</gpxtpx:speed></gpxtpx:TrackPointExtension></extensions><geoidheight>-35.4</geoidheight><src>gps</src><sat>16</sat><hdop>0.68</hdop><vdop>0.98</vdop><pdop>1.20</pdop><dgpsid>0000</dgpsid></trkpt>
<trkpt lat="29.792347000000003" lon="-114.39628216666667"><ele>18.1</ele><time>2025-12-17T22:30:25.000Z</time><extensions><gpxtpx:TrackPointExtension><gpxtpx:bearing>308.05</gpxtpx:bearing><gpxtpx:speed>2.2622042</gpxtpx:speed></gpxtpx:TrackPointExtension></extensions><geoidheight>-35.4</geoidheight><src>gps</src><sat>16</sat><hdop>0.68</hdop><vdop>0.98</vdop><pdop>1.20</pdop><dgpsid>0000</dgpsid></trkpt>
<trkpt lat="29.792470499999997" lon="-114.39638199999999"><ele>14.6</ele><time>2025-12-17T22:30:36.000Z</time><extensions><gpxtpx:TrackPointExtension><gpxtpx:bearing>333.53</gpxtpx:bearing><gpxtpx:speed>1.1262122</gpxtpx:speed></gpxtpx:TrackPointExtension></extensions><geoidheight>-35.4</geoidheight><src>gps</src><sat>16</sat><hdop>0.68</hdop><vdop>0.98</vdop><pdop>1.20</pdop><dgpsid>0000</dgpsid></trkpt>
<trkpt lat="29.7925905" lon="-114.39644500000001"><ele>13.6</ele><time>2025-12-17T22:30:47.000Z</time><extensions><gpxtpx:TrackPointExtension><gpxtpx:bearing>335.7</gpxtpx:bearing><gpxtpx:speed>1.4803411</gpxtpx:speed></gpxtpx:TrackPointExtension></extensions><geoidheight>-35.4</geoidheight><src>gps</src><sat>16</sat><hdop>0.68</hdop><vdop>0.98</vdop><pdop>1.20</pdop><dgpsid>0000</dgpsid></trkpt>
<trkpt lat="29.79279016666667" lon="-114.39661583333333"><ele>12.7</ele><time>2025-12-17T22:30:58.000Z</time><extensions><gpxtpx:TrackPointExtension><gpxtpx:bearing>322.62</gpxtpx:bearing><gpxtpx:speed>2.746043</gpxtpx:speed></gpxtpx:TrackPointExtension></extensions><geoidheight>-35.4</geoidheight><src>gps</src><sat>16</sat><hdop>0.68</hdop><vdop>0.98</vdop><pdop>1.20</pdop><dgpsid>0000</dgpsid></trkpt>
<trkpt lat="29.792989333333335" lon="-114.39689783333333"><ele>8.8</ele><time>2025-12-17T22:31:09.000Z</time><extensions><gpxtpx:TrackPointExtension><gpxtpx:bearing>297.15</gpxtpx:bearing><gpxtpx:speed>3.5176117</gpxtpx:speed></gpxtpx:TrackPointExtension></extensions><geoidheight>-35.4</geoidheight><src>gps</src><sat>16</sat><hdop>0.74</hdop><vdop>1.02</vdop><pdop>1.26</pdop><dgpsid>0000</dgpsid></trkpt>
<trkpt lat="29.79317133333333" lon="-114.39724499999998"><ele>6.1</ele><time>2025-12-17T22:31:20.000Z</time><extensions><gpxtpx:TrackPointExtension><gpxtpx:bearing>298.84</gpxtpx:bearing><gpxtpx:speed>3.4754045</gpxtpx:speed></gpxtpx:TrackPointExtension></extensions><geoidheight>-35.4</geoidheight><src>gps</src><sat>18</sat><hdop>0.65</hdop><vdop>0.89</vdop><pdop>1.10</pdop><dgpsid>0000</dgpsid></trkpt>
<trkpt lat="29.793271333333337" lon="-114.39764466666665"><ele>5.8</ele><time>2025-12-17T22:31:31.000Z</time><extensions><gpxtpx:TrackPointExtension><gpxtpx:bearing>278.9</gpxtpx:bearing><gpxtpx:speed>3.711662</gpxtpx:speed></gpxtpx:TrackPointExtension></extensions><geoidheight>-35.4</geoidheight><src>gps</src><sat>17</sat><hdop>0.70</hdop><vdop>0.96</vdop><pdop>1.19</pdop><dgpsid>0000</dgpsid></trkpt>
<trkpt lat="29.793330833333336" lon="-114.39804199999999"><ele>6.9</ele><time>2025-12-17T22:31:42.000Z</time><extensions><gpxtpx:TrackPointExtension><gpxtpx:bearing>276.83</gpxtpx:bearing><gpxtpx:speed>2.3332357</gpxtpx:speed></gpxtpx:TrackPointExtension></extensions><geoidheight>-35.4</geoidheight><src>gps</src><sat>18</sat><hdop>0.68</hdop><vdop>0.96</vdop><pdop>1.18</pdop><dgpsid>0000</dgpsid></trkpt>
<trkpt lat="29.793336333333333" lon="-114.39809816666666"><ele>8.0</ele><time>2025-12-17T22:32:04.000Z</time><extensions><gpxtpx:TrackPointExtension><gpxtpx:speed>0.0138975</gpxtpx:speed></gpxtpx:TrackPointExtension></extensions><geoidheight>-35.4</geoidheight><src>gps</src><sat>17</sat><hdop>0.71</hdop><vdop>0.98</vdop><pdop>1.21</pdop><dgpsid>0000</dgpsid></trkpt>
<trkpt lat="29.79332883333333" lon="-114.39835733333332"><ele>9.1</ele><time>2025-12-17T22:33:21.000Z</time><extensions><gpxtpx:TrackPointExtension><gpxtpx:bearing>264.39</gpxtpx:bearing><gpxtpx:speed>2.3172793</gpxtpx:speed></gpxtpx:TrackPointExtension></extensions><geoidheight>-35.4</geoidheight><src>gps</src><sat>18</sat><hdop>0.65</hdop><vdop>0.89</vdop><pdop>1.10</pdop><dgpsid>0000</dgpsid></trkpt>
<trkpt lat="29.793304499999998" lon="-114.39867416666667"><ele>9.2</ele><time>2025-12-17T22:33:32.000Z</time><extensions><gpxtpx:TrackPointExtension><gpxtpx:bearing>269.44</gpxtpx:bearing><gpxtpx:speed>3.528421</gpxtpx:speed></gpxtpx:TrackPointExtension></extensions><geoidheight>-35.4</geoidheight><src>gps</src><sat>18</sat><hdop>0.65</hdop><vdop>0.89</vdop><pdop>1.10</pdop><dgpsid>0000</dgpsid></trkpt>
<trkpt lat="29.79327766666667" lon="-114.39911033333334"><ele>9.4</ele><time>2025-12-17T22:33:43.000Z</time><extensions><gpxtpx:TrackPointExtension><gpxtpx:bearing>264.24</gpxtpx:bearing><gpxtpx:speed>4.0663056</gpxtpx:speed></gpxtpx:TrackPointExtension></extensions><geoidheight>-35.4</geoidheight><src>gps</src><sat>18</sat><hdop>0.65</hdop><vdop>0.89</vdop><pdop>1.10</pdop><dgpsid>0000</dgpsid></trkpt>
<trkpt lat="29.793235499999998" lon="-114.39959233333333"><ele>9.4</ele><time>2025-12-17T22:33:54.000Z</time><extensions><gpxtpx:TrackPointExtension><gpxtpx:bearing>264.88</gpxtpx:bearing><gpxtpx:speed>4.5300703</gpxtpx:speed></gpxtpx:TrackPointExtension></extensions><geoidheight>-35.4</geoidheight><src>gps</src><sat>18</sat><hdop>0.65</hdop><vdop>0.89</vdop><pdop>1.10</pdop><dgpsid>0000</dgpsid></trkpt>
<trkpt lat="29.793169166666665" lon="-114.4003165"><ele>10.4</ele><time>2025-12-17T22:34:05.000Z</time><extensions><gpxtpx:TrackPointExtension><gpxtpx:bearing>264.0</gpxtpx:bearing><gpxtpx:speed>6.9230137</gpxtpx:speed></gpxtpx:TrackPointExtension></extensions><geoidheight>-35.4</geoidheight><src>gps</src><sat>18</sat><hdop>0.64</hdop><vdop>0.89</vdop><pdop>1.10</pdop><dgpsid>0000</dgpsid></trkpt>
<trkpt lat="29.7930915" lon="-114.401104"><ele>10.5</ele><time>2025-12-17T22:34:16.000Z</time><extensions><gpxtpx:TrackPointExtension><gpxtpx:bearing>263.81</gpxtpx:bearing><gpxtpx:speed>7.085666</gpxtpx:speed></gpxtpx:TrackPointExtension></extensions><geoidheight>-35.4</geoidheight><src>gps</src><sat>18</sat><hdop>0.64</hdop><vdop>0.89</vdop><pdop>1.10</pdop><dgpsid>0000</dgpsid></trkpt>
<trkpt lat="29.7930125" lon="-114.40188733333335"><ele>11.0</ele><time>2025-12-17T22:34:27.000Z</time><extensions><gpxtpx:TrackPointExtension><gpxtpx:bearing>263.11</gpxtpx:bearing><gpxtpx:speed>6.552414</gpxtpx:speed></gpxtpx:TrackPointExtension></extensions><geoidheight>-35.4</geoidheight><src>gps</src><sat>18</sat><hdop>0.64</hdop><vdop>0.89</vdop><pdop>1.10</pdop><dgpsid>0000</dgpsid></trkpt>
<trkpt lat="29.792933333333334" lon="-114.40268733333332"><ele>10.9</ele><time>2025-12-17T22:34:38.000Z</time><extensions><gpxtpx:TrackPointExtension><gpxtpx:bearing>263.87</gpxtpx:bearing><gpxtpx:speed>7.55149</gpxtpx:speed></gpxtpx:TrackPointExtension></extensions><geoidheight>-35.4</geoidheight><src>gps</src><sat>18</sat><hdop>0.66</hdop><vdop>0.92</vdop><pdop>1.13</pdop><dgpsid>0000</dgpsid></trkpt>
<trkpt lat="29.79285183333333" lon="-114.40354716666667"><ele>11.6</ele><time>2025-12-17T22:34:49.000Z</time><extensions><gpxtpx:TrackPointExtension><gpxtpx:bearing>263.21</gpxtpx:bearing><gpxtpx:speed>7.573108</gpxtpx:speed></gpxtpx:TrackPointExtension></extensions><geoidheight>-35.4</geoidheight><src>gps</src><sat>18</sat><hdop>0.64</hdop><vdop>0.89</vdop><pdop>1.10</pdop><dgpsid>0000</dgpsid></trkpt>
<trkpt lat="29.792771333333334" lon="-114.40442366666666"><ele>12.5</ele><time>2025-12-17T22:35:00.000Z</time><extensions><gpxtpx:TrackPointExtension><gpxtpx:bearing>264.43</gpxtpx:bearing><gpxtpx:speed>7.7249513</gpxtpx:speed></gpxtpx:TrackPointExtension></extensions><geoidheight>-35.4</geoidheight><src>gps</src><sat>18</sat><hdop>0.66</hdop><vdop>0.92</vdop><pdop>1.13</pdop><dgpsid>0000</dgpsid></trkpt>
<trkpt lat="29.792686333333336" lon="-114.40530016666668"><ele>14.3</ele><time>2025-12-17T22:35:11.000Z</time><extensions><gpxtpx:TrackPointExtension><gpxtpx:bearing>263.83</gpxtpx:bearing><gpxtpx:speed>7.881427</gpxtpx:speed></gpxtpx:TrackPointExtension></extensions><geoidheight>-35.4</geoidheight><src>gps</src><sat>18</sat><hdop>0.64</hdop><vdop>0.89</vdop><pdop>1.10</pdop><dgpsid>0000</dgpsid></trkpt>
<trkpt lat="29.792613" lon="-114.40620916666667"><ele>15.5</ele><time>2025-12-17T22:35:22.000Z</time><extensions><gpxtpx:TrackPointExtension><gpxtpx:bearing>267.16</gpxtpx:bearing><gpxtpx:speed>8.208275</gpxtpx:speed></gpxtpx:TrackPointExtension></extensions><geoidheight>-35.4</geoidheight><src>gps</src><sat>18</sat><hdop>0.64</hdop><vdop>0.89</vdop><pdop>1.10</pdop><dgpsid>0000</dgpsid></trkpt>
<trkpt lat="29.792530499999998" lon="-114.40712166666665"><ele>15.8</ele><time>2025-12-17T22:35:33.000Z</time><extensions><gpxtpx:TrackPointExtension><gpxtpx:bearing>263.82</gpxtpx:bearing><gpxtpx:speed>8.109963</gpxtpx:speed></gpxtpx:TrackPointExtension></extensions><geoidheight>-35.4</geoidheight><src>gps</src><sat>18</sat><hdop>0.64</hdop><vdop>0.89</vdop><pdop>1.10</pdop><dgpsid>0000</dgpsid></trkpt>
<trkpt lat="29.792446499999997" lon="-114.40804516666667"><ele>17.1</ele><time>2025-12-17T22:35:44.000Z</time><extensions><gpxtpx:TrackPointExtension><gpxtpx:bearing>264.04</gpxtpx:bearing><gpxtpx:speed>8.68079</gpxtpx:speed></gpxtpx:TrackPointExtension></extensions><geoidheight>-35.4</geoidheight><src>gps</src><sat>18</sat><hdop>0.64</hdop><vdop>0.89</vdop><pdop>1.10</pdop><dgpsid>0000</dgpsid></trkpt>
<trkpt lat="29.792343" lon="-114.40920866666666"><ele>17.7</ele><time>2025-12-17T22:35:55.000Z</time><extensions><gpxtpx:TrackPointExtension><gpxtpx:bearing>263.83</gpxtpx:bearing><gpxtpx:speed>11.553455</gpxtpx:speed></gpxtpx:TrackPointExtension></extensions><geoidheight>-35.4</geoidheight><src>gps</src><sat>18</sat><hdop>0.64</hdop><vdop>0.89</vdop><pdop>1.10</pdop><dgpsid>0000</dgpsid></trkpt>
<trkpt lat="29.79222083333333" lon="-114.4105225"><ele>20.0</ele><time>2025-12-17T22:36:06.000Z</time><extensions><gpxtpx:TrackPointExtension><gpxtpx:bearing>263.9</gpxtpx:bearing><gpxtpx:speed>10.744311</gpxtpx:speed></gpxtpx:TrackPointExtension></extensions><geoidheight>-35.4</geoidheight><src>gps</src><sat>18</sat><hdop>0.64</hdop><vdop>0.89</vdop><pdop>1.10</pdop><dgpsid>0000</dgpsid></trkpt>
<trkpt lat="29.79211366666667" lon="-114.41173599999999"><ele>21.2</ele><time>2025-12-17T22:36:17.000Z</time><extensions><gpxtpx:TrackPointExtension><gpxtpx:bearing>263.86</gpxtpx:bearing><gpxtpx:speed>10.544085</gpxtpx:speed></gpxtpx:TrackPointExtension></extensions><geoidheight>-35.4</geoidheight><src>gps</src><sat>18</sat><hdop>0.64</hdop><vdop>0.89</vdop><pdop>1.10</pdop><dgpsid>0000</dgpsid></trkpt>
<trkpt lat="29.792005666666668" lon="-114.41291433333332"><ele>22.0</ele><time>2025-12-17T22:36:28.000Z</time><extensions><gpxtpx:TrackPointExtension><gpxtpx:bearing>264.41</gpxtpx:bearing><gpxtpx:speed>9.148673</gpxtpx:speed></gpxtpx:TrackPointExtension></extensions><geoidheight>-35.4</geoidheight><src>gps</src><sat>18</sat><hdop>0.64</hdop><vdop>0.89</vdop><pdop>1.10</pdop><dgpsid>0000</dgpsid></trkpt>
<trkpt lat="29.791906166666664" lon="-114.41367316666668"><ele>22.3</ele><time>2025-12-17T22:36:39.000Z</time><extensions><gpxtpx:TrackPointExtension><gpxtpx:bearing>262.83</gpxtpx:bearing><gpxtpx:speed>3.6900437</gpxtpx:speed></gpxtpx:TrackPointExtension></extensions><geoidheight>-35.4</geoidheight><src>gps</src><sat>18</sat><hdop>0.64</hdop><vdop>0.89</vdop><pdop>1.10</pdop><dgpsid>0000</dgpsid></trkpt>
<trkpt lat="29.791874999999997" lon="-114.41400966666667"><ele>23.6</ele><time>2025-12-17T22:36:50.000Z</time><extensions><gpxtpx:TrackPointExtension><gpxtpx:bearing>256.32</gpxtpx:bearing><gpxtpx:speed>1.2075384</gpxtpx:speed></gpxtpx:TrackPointExtension></extensions><geoidheight>-35.4</geoidheight><src>gps</src><sat>18</sat><hdop>0.64</hdop><vdop>0.89</vdop><pdop>1.10</pdop><dgpsid>0000</dgpsid></trkpt>
<trkpt lat="29.791499666666663" lon="-114.41415183333332"><ele>22.0</ele><time>2025-12-17T22:37:01.000Z</time><extensions><gpxtpx:TrackPointExtension><gpxtpx:bearing>178.07</gpxtpx:bearing><gpxtpx:speed>8.137243</gpxtpx:speed></gpxtpx:TrackPointExtension></extensions><geoidheight>-35.4</geoidheight><src>gps</src><sat>18</sat><hdop>0.64</hdop><vdop>0.89</vdop><pdop>1.10</pdop><dgpsid>0000</dgpsid></trkpt>
<trkpt lat="29.790445833333333" lon="-114.4140425"><ele>22.5</ele><time>2025-12-17T22:37:12.000Z</time><extensions><gpxtpx:TrackPointExtension><gpxtpx:bearing>174.55</gpxtpx:bearing><gpxtpx:speed>11.780962</gpxtpx:speed></gpxtpx:TrackPointExtension></extensions><geoidheight>-35.4</geoidheight><src>gps</src><sat>17</sat><hdop>0.66</hdop><vdop>0.95</vdop><pdop>1.15</pdop><dgpsid>0000</dgpsid></trkpt>
<trkpt lat="29.78968316666667" lon="-114.41400049999999"><ele>22.3</ele><time>2025-12-17T22:37:23.000Z</time><extensions><gpxtpx:TrackPointExtension><gpxtpx:bearing>176.85</gpxtpx:bearing><gpxtpx:speed>4.045717</gpxtpx:speed></gpxtpx:TrackPointExtension></extensions><geoidheight>-35.4</geoidheight><src>gps</src><sat>17</sat><hdop>0.66</hdop><vdop>0.95</vdop><pdop>1.15</pdop><dgpsid>0000</dgpsid></trkpt>
<trkpt lat="29.789610833333334" lon="-114.41398533333334"><ele>22.3</ele><time>2025-12-17T22:37:34.000Z</time><extensions><gpxtpx:TrackPointExtension><gpxtpx:speed>0.037574723</gpxtpx:speed></gpxtpx:TrackPointExtension></extensions><geoidheight>-35.4</geoidheight><src>gps</src><sat>16</sat><hdop>0.67</hdop><vdop>0.97</vdop><pdop>1.18</pdop><dgpsid>0000</dgpsid></trkpt>
<trkpt lat="29.789423000000003" lon="-114.41392716666665"><ele>19.8</ele><time>2025-12-17T22:41:14.000Z</time><extensions><gpxtpx:TrackPointExtension><gpxtpx:bearing>165.15</gpxtpx:bearing><gpxtpx:speed>4.3576384</gpxtpx:speed></gpxtpx:TrackPointExtension></extensions><geoidheight>-35.4</geoidheight><src>gps</src><sat>17</sat><hdop>0.61</hdop><vdop>0.92</vdop><pdop>1.10</pdop><dgpsid>0000</dgpsid></trkpt>
<trkpt lat="29.788457166666664" lon="-114.41379916666668"><ele>18.8</ele><time>2025-12-17T22:41:25.000Z</time><extensions><gpxtpx:TrackPointExtension><gpxtpx:bearing>173.91</gpxtpx:bearing><gpxtpx:speed>14.19295</gpxtpx:speed></gpxtpx:TrackPointExtension></extensions><geoidheight>-35.4</geoidheight><src>gps</src><sat>17</sat><hdop>0.60</hdop><vdop>0.89</vdop><pdop>1.08</pdop><dgpsid>0000</dgpsid></trkpt>
<trkpt lat="29.786960500000003" lon="-114.41363583333332"><ele>16.7</ele><time>2025-12-17T22:41:36.000Z</time><extensions><gpxtpx:TrackPointExtension><gpxtpx:bearing>174.88</gpxtpx:bearing><gpxtpx:speed>14.053461</gpxtpx:speed></gpxtpx:TrackPointExtension></extensions><geoidheight>-35.4</geoidheight><src>gps</src><sat>17</sat><hdop>0.65</hdop><vdop>0.95</vdop><pdop>1.16</pdop><dgpsid>0000</dgpsid></trkpt>
<trkpt lat="29.78563616666667" lon="-114.41350066666668"><ele>15.1</ele><time>2025-12-17T22:41:47.000Z</time><extensions><gpxtpx:TrackPointExtension><gpxtpx:bearing>173.88</gpxtpx:bearing><gpxtpx:speed>14.19295</gpxtpx:speed></gpxtpx:TrackPointExtension></extensions><geoidheight>-35.4</geoidheight><src>gps</src><sat>17</sat><hdop>0.60</hdop><vdop>0.89</vdop><pdop>1.08</pdop><dgpsid>0000</dgpsid></trkpt>
<trkpt lat="29.78420266666667" lon="-114.41334516666666"><ele>15.2</ele><time>2025-12-17T22:41:58.000Z</time><extensions><gpxtpx:TrackPointExtension><gpxtpx:bearing>174.22</gpxtpx:bearing><gpxtpx:speed>14.678333</gpxtpx:speed></gpxtpx:TrackPointExtension></extensions><geoidheight>-35.4</geoidheight><src>gps</src><sat>17</sat><hdop>0.60</hdop><vdop>0.89</vdop><pdop>1.08</pdop><dgpsid>0000</dgpsid></trkpt>
<trkpt lat="29.782685" lon="-114.41318783333332"><ele>16.0</ele><time>2025-12-17T22:42:09.000Z</time><extensions><gpxtpx:TrackPointExtension><gpxtpx:bearing>175.11</gpxtpx:bearing><gpxtpx:speed>15.806604</gpxtpx:speed></gpxtpx:TrackPointExtension></extensions><geoidheight>-35.4</geoidheight><src>gps</src><sat>17</sat><hdop>0.60</hdop><vdop>0.89</vdop><pdop>1.08</pdop><dgpsid>0000</dgpsid></trkpt>
<trkpt lat="29.781019833333335" lon="-114.41300816666666"><ele>19.2</ele><time>2025-12-17T22:42:20.000Z</time><extensions><gpxtpx:TrackPointExtension><gpxtpx:bearing>174.26</gpxtpx:bearing><gpxtpx:speed>18.087854</gpxtpx:speed></gpxtpx:TrackPointExtension></extensions><geoidheight>-35.4</geoidheight><src>gps</src><sat>17</sat><hdop>0.60</hdop><vdop>0.89</vdop><pdop>1.08</pdop><dgpsid>0000</dgpsid></trkpt>
<trkpt lat="29.779106666666667" lon="-114.41279516666667"><ele>22.8</ele><time>2025-12-17T22:42:31.000Z</time><extensions><gpxtpx:TrackPointExtension><gpxtpx:bearing>174.64</gpxtpx:bearing><gpxtpx:speed>20.25123</gpxtpx:speed></gpxtpx:TrackPointExtension></extensions><geoidheight>-35.4</geoidheight><src>gps</src><sat>17</sat><hdop>0.60</hdop><vdop>0.90</vdop><pdop>1.08</pdop><dgpsid>0000</dgpsid></trkpt>
<trkpt lat="29.777113" lon="-114.41257766666668"><ele>26.8</ele><time>2025-12-17T22:42:42.000Z</time><extensions><gpxtpx:TrackPointExtension><gpxtpx:bearing>174.77</gpxtpx:bearing><gpxtpx:speed>20.19667</gpxtpx:speed></gpxtpx:TrackPointExtension></extensions><geoidheight>-35.4</geoidheight><src>gps</src><sat>16</sat><hdop>0.63</hdop><vdop>0.91</vdop><pdop>1.10</pdop><dgpsid>0000</dgpsid></trkpt>
<trkpt lat="29.775141833333336" lon="-114.41236416666668"><ele>29.9</ele><time>2025-12-17T22:42:53.000Z</time><extensions><gpxtpx:TrackPointExtension><gpxtpx:bearing>174.68</gpxtpx:bearing><gpxtpx:speed>20.306822</gpxtpx:speed></gpxtpx:TrackPointExtension></extensions><geoidheight>-35.4</geoidheight><src>gps</src><sat>16</sat><hdop>0.63</hdop><vdop>0.91</vdop><pdop>1.10</pdop><dgpsid>0000</dgpsid></trkpt>
<trkpt lat="29.77309116666667" lon="-114.4121435"><ele>31.9</ele><time>2025-12-17T22:43:04.000Z</time><extensions><gpxtpx:TrackPointExtension><gpxtpx:bearing>174.54</gpxtpx:bearing><gpxtpx:speed>20.70779</gpxtpx:speed></gpxtpx:TrackPointExtension></extensions><geoidheight>-35.4</geoidheight><src>gps</src><sat>17</sat><hdop>0.60</hdop><vdop>0.90</vdop><pdop>1.08</pdop><dgpsid>0000</dgpsid></trkpt>
<trkpt lat="29.7709735" lon="-114.41191699999999"><ele>35.1</ele><time>2025-12-17T22:43:15.000Z</time><extensions><gpxtpx:TrackPointExtension><gpxtpx:bearing>174.26</gpxtpx:bearing><gpxtpx:speed>22.062538</gpxtpx:speed></gpxtpx:TrackPointExtension></extensions><geoidheight>-35.4</geoidheight><src>gps</src><sat>17</sat><hdop>0.60</hdop><vdop>0.90</vdop><pdop>1.08</pdop><dgpsid>0000</dgpsid></trkpt>
<trkpt lat="29.768755166666665" lon="-114.411672"><ele>38.6</ele><time>2025-12-17T22:43:26.000Z</time><extensions><gpxtpx:TrackPointExtension><gpxtpx:bearing>174.52</gpxtpx:bearing><gpxtpx:speed>22.732706</gpxtpx:speed></gpxtpx:TrackPointExtension></extensions><geoidheight>-35.4</geoidheight><src>gps</src><sat>17</sat><hdop>0.60</hdop><vdop>0.90</vdop><pdop>1.08</pdop><dgpsid>0000</dgpsid></trkpt>
<trkpt lat="29.766488166666665" lon="-114.41143816666666"><ele>41.7</ele><time>2025-12-17T22:43:37.000Z</time><extensions><gpxtpx:TrackPointExtension><gpxtpx:bearing>174.7</gpxtpx:bearing><gpxtpx:speed>23.321548</gpxtpx:speed></gpxtpx:TrackPointExtension></extensions><geoidheight>-35.4</geoidheight><src>gps</src><sat>17</sat><hdop>0.60</hdop><vdop>0.90</vdop><pdop>1.08</pdop><dgpsid>0000</dgpsid></trkpt>
<trkpt lat="29.76413433333333" lon="-114.4111825"><ele>44.9</ele><time>2025-12-17T22:43:48.000Z</time><extensions><gpxtpx:TrackPointExtension><gpxtpx:bearing>174.7</gpxtpx:bearing><gpxtpx:speed>24.332464</gpxtpx:speed></gpxtpx:TrackPointExtension></extensions><geoidheight>-35.4</geoidheight><src>gps</src><sat>17</sat><hdop>0.63</hdop><vdop>0.91</vdop><pdop>1.10</pdop><dgpsid>0000</dgpsid></trkpt>
<trkpt lat="29.761699333333333" lon="-114.41092699999999"><ele>47.6</ele><time>2025-12-17T22:43:59.000Z</time><extensions><gpxtpx:TrackPointExtension><gpxtpx:bearing>174.43</gpxtpx:bearing><gpxtpx:speed>24.955791</gpxtpx:speed></gpxtpx:TrackPointExtension></extensions><geoidheight>-35.4</geoidheight><src>gps</src><sat>16</sat><hdop>0.65</hdop><vdop>0.92</vdop><pdop>1.13</pdop><dgpsid>0000</dgpsid></trkpt>
<trkpt lat="29.75922016666667" lon="-114.41066183333332"><ele>52.6</ele><time>2025-12-17T22:44:10.000Z</time><extensions><gpxtpx:TrackPointExtension><gpxtpx:bearing>174.76</gpxtpx:bearing><gpxtpx:speed>25.132341</gpxtpx:speed></gpxtpx:TrackPointExtension></extensions><geoidheight>-35.4</geoidheight><src>gps</src><sat>15</sat><hdop>0.65</hdop><vdop>0.92</vdop><pdop>1.13</pdop><dgpsid>0000</dgpsid></trkpt>
<trkpt lat="29.7567345" lon="-114.41039683333332"><ele>58.2</ele><time>2025-12-17T22:44:21.000Z</time><extensions><gpxtpx:TrackPointExtension><gpxtpx:bearing>174.62</gpxtpx:bearing><gpxtpx:speed>25.167343</gpxtpx:speed></gpxtpx:TrackPointExtension></extensions><geoidheight>-35.4</geoidheight><src>gps</src><sat>15</sat><hdop>0.65</hdop><vdop>0.92</vdop><pdop>1.13</pdop><dgpsid>0000</dgpsid></trkpt>
<trkpt lat="29.754238666666666" lon="-114.41012816666668"><ele>63.5</ele><time>2025-12-17T22:44:32.000Z</time><extensions><gpxtpx:TrackPointExtension><gpxtpx:bearing>174.53</gpxtpx:bearing><gpxtpx:speed>25.361393</gpxtpx:speed></gpxtpx:TrackPointExtension></extensions><geoidheight>-35.4</geoidheight><src>gps</src><sat>15</sat><hdop>0.65</hdop><vdop>0.92</vdop><pdop>1.13</pdop><dgpsid>0000</dgpsid></trkpt>
<trkpt lat="29.751705333333334" lon="-114.40986616666666"><ele>68.9</ele><time>2025-12-17T22:44:43.000Z</time><extensions><gpxtpx:TrackPointExtension><gpxtpx:bearing>174.93</gpxtpx:bearing><gpxtpx:speed>25.661476</gpxtpx:speed></gpxtpx:TrackPointExtension></extensions><geoidheight>-35.4</geoidheight><src>gps</src><sat>16</sat><hdop>0.64</hdop><vdop>0.92</vdop><pdop>1.13</pdop><dgpsid>0000</dgpsid></trkpt>
<trkpt lat="29.749136" lon="-114.40959416666668"><ele>73.1</ele><time>2025-12-17T22:44:54.000Z</time><extensions><gpxtpx:TrackPointExtension><gpxtpx:bearing>174.73</gpxtpx:bearing><gpxtpx:speed>26.123697</gpxtpx:speed></gpxtpx:TrackPointExtension></extensions><geoidheight>-35.4</geoidheight><src>gps</src><sat>16</sat><hdop>0.64</hdop><vdop>0.92</vdop><pdop>1.13</pdop><dgpsid>0000</dgpsid></trkpt>
<trkpt lat="29.7465425" lon="-114.40932116666666"><ele>77.3</ele><time>2025-12-17T22:45:05.000Z</time><extensions><gpxtpx:TrackPointExtension><gpxtpx:bearing>174.71</gpxtpx:bearing><gpxtpx:speed>26.18392</gpxtpx:speed></gpxtpx:TrackPointExtension></extensions><geoidheight>-35.4</geoidheight><src>gps</src><sat>16</sat><hdop>0.64</hdop><vdop>0.92</vdop><pdop>1.13</pdop><dgpsid>0000</dgpsid></trkpt>
<trkpt lat="29.743930833333334" lon="-114.40904783333332"><ele>82.3</ele><time>2025-12-17T22:45:16.000Z</time><extensions><gpxtpx:TrackPointExtension><gpxtpx:bearing>174.54</gpxtpx:bearing><gpxtpx:speed>26.557608</gpxtpx:speed></gpxtpx:TrackPointExtension></extensions><geoidheight>-35.4</geoidheight><src>gps</src><sat>16</sat><hdop>0.66</hdop><vdop>0.95</vdop><pdop>1.16</pdop><dgpsid>0000</dgpsid></trkpt>
<trkpt lat="29.741288" lon="-114.4087745"><ele>86.3</ele><time>2025-12-17T22:45:27.000Z</time><extensions><gpxtpx:TrackPointExtension><gpxtpx:bearing>175.16</gpxtpx:bearing><gpxtpx:speed>26.813425</gpxtpx:speed></gpxtpx:TrackPointExtension></extensions><geoidheight>-35.4</geoidheight><src>gps</src><sat>16</sat><hdop>0.61</hdop><vdop>0.91</vdop><pdop>1.10</pdop><dgpsid>0000</dgpsid></trkpt>
<trkpt lat="29.73864233333334" lon="-114.4085"><ele>90.9</ele><time>2025-12-17T22:45:38.000Z</time><extensions><gpxtpx:TrackPointExtension><gpxtpx:bearing>175.26</gpxtpx:bearing><gpxtpx:speed>26.820116</gpxtpx:speed></gpxtpx:TrackPointExtension></extensions><geoidheight>-35.4</geoidheight><src>gps</src><sat>16</sat><hdop>0.62</hdop><vdop>0.95</vdop><pdop>1.13</pdop><dgpsid>0000</dgpsid></trkpt>
<trkpt lat="29.735984666666663" lon="-114.40821650000001"><ele>95.9</ele><time>2025-12-17T22:45:49.000Z</time><extensions><gpxtpx:TrackPointExtension><gpxtpx:bearing>174.71</gpxtpx:bearing><gpxtpx:speed>27.020857</gpxtpx:speed></gpxtpx:TrackPointExtension></extensions><geoidheight>-35.4</geoidheight><src>gps</src><sat>16</sat><hdop>0.62</hdop><vdop>0.95</vdop><pdop>1.13</pdop><dgpsid>0000</dgpsid></trkpt>
<trkpt lat="29.733297500000003" lon="-114.40792333333333"><ele>100.4</ele><time>2025-12-17T22:46:00.000Z</time><extensions><gpxtpx:TrackPointExtension><gpxtpx:bearing>174.09</gpxtpx:bearing><gpxtpx:speed>27.29778</gpxtpx:speed></gpxtpx:TrackPointExtension></extensions><geoidheight>-35.4</geoidheight><src>gps</src><sat>15</sat><hdop>0.64</hdop><vdop>0.92</vdop><pdop>1.13</pdop><dgpsid>0000</dgpsid></trkpt>
<trkpt lat="29.730600499999998" lon="-114.40755300000001"><ele>105.8</ele><time>2025-12-17T22:46:11.000Z</time><extensions><gpxtpx:TrackPointExtension><gpxtpx:bearing>172.64</gpxtpx:bearing><gpxtpx:speed>27.42337</gpxtpx:speed></gpxtpx:TrackPointExtension></extensions><geoidheight>-35.4</geoidheight><src>gps</src><sat>16</sat><hdop>0.63</hdop><vdop>0.91</vdop><pdop>1.11</pdop><dgpsid>0000</dgpsid></trkpt>
<trkpt lat="29.728205000000003" lon="-114.40713866666668"><ele>111.1</ele><time>2025-12-17T22:46:22.000Z</time><extensions><gpxtpx:TrackPointExtension><gpxtpx:bearing>170.97</gpxtpx:bearing><gpxtpx:speed>21.23435</gpxtpx:speed></gpxtpx:TrackPointExtension></extensions><geoidheight>-35.4</geoidheight><src>gps</src><sat>17</sat><hdop>0.59</hdop><vdop>0.90</vdop><pdop>1.07</pdop><dgpsid>0000</dgpsid></trkpt>
<trkpt lat="29.726483500000004" lon="-114.4068695"><ele>111.5</ele><time>2025-12-17T22:46:33.000Z</time><extensions><gpxtpx:TrackPointExtension><gpxtpx:bearing>170.26</gpxtpx:bearing><gpxtpx:speed>15.216733</gpxtpx:speed></gpxtpx:TrackPointExtension></extensions><geoidheight>-35.4</geoidheight><src>gps</src><sat>17</sat><hdop>0.59</hdop><vdop>0.90</vdop><pdop>1.07</pdop><dgpsid>0000</dgpsid></trkpt>
<trkpt lat="29.725145166666668" lon="-114.40661899999999"><ele>110.4</ele><time>2025-12-17T22:46:44.000Z</time><extensions><gpxtpx:TrackPointExtension><gpxtpx:bearing>171.65</gpxtpx:bearing><gpxtpx:speed>12.397085</gpxtpx:speed></gpxtpx:TrackPointExtension></extensions><geoidheight>-35.4</geoidheight><src>gps</src><sat>17</sat><hdop>0.60</hdop><vdop>0.96</vdop><pdop>1.13</pdop><dgpsid>0000</dgpsid></trkpt>
<trkpt lat="29.723982" lon="-114.40638849999999"><ele>109.3</ele><time>2025-12-17T22:46:55.000Z</time><extensions><gpxtpx:TrackPointExtension><gpxtpx:bearing>170.23</gpxtpx:bearing><gpxtpx:speed>10.7113695</gpxtpx:speed></gpxtpx:TrackPointExtension></extensions><geoidheight>-35.4</geoidheight><src>gps</src><sat>17</sat><hdop>0.60</hdop><vdop>0.96</vdop><pdop>1.13</pdop><dgpsid>0000</dgpsid></trkpt>
<trkpt lat="29.723274999999997" lon="-114.40615299999999"><ele>109.2</ele><time>2025-12-17T22:47:06.000Z</time><extensions><gpxtpx:TrackPointExtension><gpxtpx:bearing>156.93</gpxtpx:bearing><gpxtpx:speed>3.6962202</gpxtpx:speed></gpxtpx:TrackPointExtension></extensions><geoidheight>-35.4</geoidheight><src>gps</src><sat>17</sat><hdop>0.60</hdop><vdop>0.96</vdop><pdop>1.13</pdop><dgpsid>0000</dgpsid></trkpt>
<trkpt lat="29.723067500000003" lon="-114.40604450000001"><ele>105.8</ele><time>2025-12-17T22:47:17.000Z</time><extensions><gpxtpx:TrackPointExtension><gpxtpx:bearing>156.01</gpxtpx:bearing><gpxtpx:speed>2.3435302</gpxtpx:speed></gpxtpx:TrackPointExtension></extensions><geoidheight>-35.4</geoidheight><src>gps</src><sat>17</sat><hdop>0.64</hdop><vdop>0.96</vdop><pdop>1.15</pdop><dgpsid>0000</dgpsid></trkpt>
<trkpt lat="29.722788833333333" lon="-114.40591049999999"><ele>101.2</ele><time>2025-12-17T22:47:28.000Z</time><extensions><gpxtpx:TrackPointExtension><gpxtpx:bearing>165.16</gpxtpx:bearing><gpxtpx:speed>3.6483512</gpxtpx:speed></gpxtpx:TrackPointExtension></extensions><geoidheight>-35.4</geoidheight><src>gps</src><sat>17</sat><hdop>0.60</hdop><vdop>0.96</vdop><pdop>1.13</pdop><dgpsid>0000</dgpsid></trkpt>
<trkpt lat="29.7223925" lon="-114.40582116666668"><ele>97.7</ele><time>2025-12-17T22:47:39.000Z</time><extensions><gpxtpx:TrackPointExtension><gpxtpx:bearing>168.51</gpxtpx:bearing><gpxtpx:speed>4.1872654</gpxtpx:speed></gpxtpx:TrackPointExtension></extensions><geoidheight>-35.4</geoidheight><src>gps</src><sat>17</sat><hdop>0.64</hdop><vdop>0.96</vdop><pdop>1.15</pdop><dgpsid>0000</dgpsid></trkpt>
<trkpt lat="29.721928666666667" lon="-114.405748"><ele>96.9</ele><time>2025-12-17T22:47:50.000Z</time><extensions><gpxtpx:TrackPointExtension><gpxtpx:bearing>173.93</gpxtpx:bearing><gpxtpx:speed>6.8257313</gpxtpx:speed></gpxtpx:TrackPointExtension></extensions><geoidheight>-35.4</geoidheight><src>gps</src><sat>17</sat><hdop>0.61</hdop><vdop>0.92</vdop><pdop>1.10</pdop><dgpsid>0000</dgpsid></trkpt>
<trkpt lat="29.721258333333335" lon="-114.4056295"><ele>97.7</ele><time>2025-12-17T22:48:01.000Z</time><extensions><gpxtpx:TrackPointExtension><gpxtpx:bearing>170.92</gpxtpx:bearing><gpxtpx:speed>6.7315373</gpxtpx:speed></gpxtpx:TrackPointExtension></extensions><geoidheight>-35.4</geoidheight><src>gps</src><sat>17</sat><hdop>0.64</hdop><vdop>0.96</vdop><pdop>1.15</pdop><dgpsid>0000</dgpsid></trkpt>
<trkpt lat="29.720616333333336" lon="-114.4055215"><ele>99.4</ele><time>2025-12-17T22:48:12.000Z</time><extensions><gpxtpx:TrackPointExtension><gpxtpx:bearing>171.63</gpxtpx:bearing><gpxtpx:speed>7.009487</gpxtpx:speed></gpxtpx:TrackPointExtension></extensions><geoidheight>-35.4</geoidheight><src>gps</src><sat>17</sat><hdop>0.61</hdop><vdop>0.92</vdop><pdop>1.10</pdop><dgpsid>0000</dgpsid></trkpt>
<trkpt lat="29.7199405" lon="-114.40539816666666"><ele>99.8</ele><time>2025-12-17T22:48:23.000Z</time><extensions><gpxtpx:TrackPointExtension><gpxtpx:bearing>170.25</gpxtpx:bearing><gpxtpx:speed>6.594621</gpxtpx:speed></gpxtpx:TrackPointExtension></extensions><geoidheight>-35.4</geoidheight><src>gps</src><sat>16</sat><hdop>0.61</hdop><vdop>0.91</vdop><pdop>1.10</pdop><dgpsid>0000</dgpsid></trkpt>
<trkpt lat="29.719317333333333" lon="-114.40529533333331"><ele>100.4</ele><time>2025-12-17T22:48:34.000Z</time><extensions><gpxtpx:TrackPointExtension><gpxtpx:bearing>172.92</gpxtpx:bearing><gpxtpx:speed>6.216815</gpxtpx:speed></gpxtpx:TrackPointExtension></extensions><geoidheight>-35.4</geoidheight><src>gps</src><sat>17</sat><hdop>0.61</hdop><vdop>0.91</vdop><pdop>1.10</pdop><dgpsid>0000</dgpsid></trkpt>
<trkpt lat="29.718750666666665" lon="-114.40521599999998"><ele>101.3</ele><time>2025-12-17T22:48:45.000Z</time><extensions><gpxtpx:TrackPointExtension><gpxtpx:bearing>175.01</gpxtpx:bearing><gpxtpx:speed>5.851362</gpxtpx:speed></gpxtpx:TrackPointExtension></extensions><geoidheight>-35.4</geoidheight><src>gps</src><sat>17</sat><hdop>0.61</hdop><vdop>0.91</vdop><pdop>1.10</pdop><dgpsid>0000</dgpsid></trkpt>
<trkpt lat="29.718129166666667" lon="-114.40513299999999"><ele>102.2</ele><time>2025-12-17T22:48:56.000Z</time><extensions><gpxtpx:TrackPointExtension><gpxtpx:bearing>169.91</gpxtpx:bearing><gpxtpx:speed>6.963677</gpxtpx:speed></gpxtpx:TrackPointExtension></extensions><geoidheight>-35.4</geoidheight><src>gps</src><sat>17</sat><hdop>0.61</hdop><vdop>0.91</vdop><pdop>1.10</pdop><dgpsid>0000</dgpsid></trkpt>
<trkpt lat="29.717492833333335" lon="-114.4049415"><ele>102.5</ele><time>2025-12-17T22:49:07.000Z</time><extensions><gpxtpx:TrackPointExtension><gpxtpx:bearing>167.2</gpxtpx:bearing><gpxtpx:speed>6.6769767</gpxtpx:speed></gpxtpx:TrackPointExtension></extensions><geoidheight>-35.4</geoidheight><src>gps</src><sat>17</sat><hdop>0.59</hdop><vdop>0.89</vdop><pdop>1.07</pdop><dgpsid>0000</dgpsid></trkpt>
<trkpt lat="29.716843833333336" lon="-114.40478200000001"><ele>104.1</ele><time>2025-12-17T22:49:18.000Z</time><extensions><gpxtpx:TrackPointExtension><gpxtpx:bearing>165.39</gpxtpx:bearing><gpxtpx:speed>6.7253604</gpxtpx:speed></gpxtpx:TrackPointExtension></extensions><geoidheight>-35.4</geoidheight><src>gps</src><sat>18</sat><hdop>0.59</hdop><vdop>0.91</vdop><pdop>1.08</pdop><dgpsid>0000</dgpsid></trkpt>
<trkpt lat="29.71618133333333" lon="-114.40478649999999"><ele>108.1</ele><time>2025-12-17T22:49:29.000Z</time><extensions><gpxtpx:TrackPointExtension><gpxtpx:bearing>199.2</gpxtpx:bearing><gpxtpx:speed>6.852497</gpxtpx:speed></gpxtpx:TrackPointExtension></extensions><geoidheight>-35.4</geoidheight><src>gps</src><sat>18</sat><hdop>0.57</hdop><vdop>0.89</vdop><pdop>1.05</pdop><dgpsid>0000</dgpsid></trkpt>
<trkpt lat="29.715532999999997" lon="-114.40489266666667"><ele>112.1</ele><time>2025-12-17T22:49:40.000Z</time><extensions><gpxtpx:TrackPointExtension><gpxtpx:bearing>183.32</gpxtpx:bearing><gpxtpx:speed>6.2348304</gpxtpx:speed></gpxtpx:TrackPointExtension></extensions><geoidheight>-35.4</geoidheight><src>gps</src><sat>18</sat><hdop>0.57</hdop><vdop>0.89</vdop><pdop>1.05</pdop><dgpsid>0000</dgpsid></trkpt>
<trkpt lat="29.715108833333336" lon="-114.40504133333334"><ele>113.0</ele><time>2025-12-17T22:49:51.000Z</time><extensions><gpxtpx:TrackPointExtension><gpxtpx:bearing>202.78</gpxtpx:bearing><gpxtpx:speed>4.8836846</gpxtpx:speed></gpxtpx:TrackPointExtension></extensions><geoidheight>-35.4</geoidheight><src>gps</src><sat>18</sat><hdop>0.57</hdop><vdop>0.88</vdop><pdop>1.05</pdop><dgpsid>0000</dgpsid></trkpt>
<trkpt lat="29.714625166666664" lon="-114.40534366666667"><ele>115.4</ele><time>2025-12-17T22:50:02.000Z</time><extensions><gpxtpx:TrackPointExtension><gpxtpx:bearing>209.08</gpxtpx:bearing><gpxtpx:speed>5.5445876</gpxtpx:speed></gpxtpx:TrackPointExtension></extensions><geoidheight>-35.4</geoidheight><src>gps</src><sat>18</sat><hdop>0.60</hdop><vdop>0.94</vdop><pdop>1.11</pdop><dgpsid>0000</dgpsid></trkpt>
<trkpt lat="29.714030499999996" lon="-114.40547433333334"><ele>116.0</ele><time>2025-12-17T22:50:13.000Z</time><extensions><gpxtpx:TrackPointExtension><gpxtpx:bearing>182.91</gpxtpx:bearing><gpxtpx:speed>8.354971</gpxtpx:speed></gpxtpx:TrackPointExtension></extensions><geoidheight>-35.4</geoidheight><src>gps</src><sat>18</sat><hdop>0.57</hdop><vdop>0.88</vdop><pdop>1.05</pdop><dgpsid>0000</dgpsid></trkpt>
<trkpt lat="29.712857" lon="-114.4055745"><ele>119.2</ele><time>2025-12-17T22:50:24.000Z</time><extensions><gpxtpx:TrackPointExtension><gpxtpx:bearing>184.83</gpxtpx:bearing><gpxtpx:speed>14.598552</gpxtpx:speed></gpxtpx:TrackPointExtension></extensions><geoidheight>-35.4</geoidheight><src>gps</src><sat>18</sat><hdop>0.59</hdop><vdop>0.90</vdop><pdop>1.08</pdop><dgpsid>0000</dgpsid></trkpt>
<trkpt lat="29.711234833333332" lon="-114.40571883333332"><ele>122.9</ele><time>2025-12-17T22:50:35.000Z</time><extensions><gpxtpx:TrackPointExtension><gpxtpx:bearing>184.54</gpxtpx:bearing><gpxtpx:speed>17.672472</gpxtpx:speed></gpxtpx:TrackPointExtension></extensions><geoidheight>-35.4</geoidheight><src>gps</src><sat>18</sat><hdop>0.59</hdop><vdop>0.90</vdop><pdop>1.08</pdop><dgpsid>0000</dgpsid></trkpt>
<trkpt lat="29.709381666666665" lon="-114.4058855"><ele>126.1</ele><time>2025-12-17T22:50:46.000Z</time><extensions><gpxtpx:TrackPointExtension><gpxtpx:bearing>183.6</gpxtpx:bearing><gpxtpx:speed>19.40966</gpxtpx:speed></gpxtpx:TrackPointExtension></extensions><geoidheight>-35.4</geoidheight><src>gps</src><sat>18</sat><hdop>0.57</hdop><vdop>0.88</vdop><pdop>1.05</pdop><dgpsid>0000</dgpsid></trkpt>
<trkpt lat="29.707398333333337" lon="-114.40606783333332"><ele>130.2</ele><time>2025-12-17T22:50:57.000Z</time><extensions><gpxtpx:TrackPointExtension><gpxtpx:bearing>184.62</gpxtpx:bearing><gpxtpx:speed>20.516314</gpxtpx:speed></gpxtpx:TrackPointExtension></extensions><geoidheight>-35.4</geoidheight><src>gps</src><sat>18</sat><hdop>0.57</hdop><vdop>0.88</vdop><pdop>1.05</pdop><dgpsid>0000</dgpsid></trkpt>
<trkpt lat="29.705365833333335" lon="-114.40626150000001"><ele>137.5</ele><time>2025-12-17T22:51:08.000Z</time><extensions><gpxtpx:TrackPointExtension><gpxtpx:bearing>184.37</gpxtpx:bearing><gpxtpx:speed>20.825146</gpxtpx:speed></gpxtpx:TrackPointExtension></extensions><geoidheight>-35.4</geoidheight><src>gps</src><sat>18</sat><hdop>0.57</hdop><vdop>0.88</vdop><pdop>1.05</pdop><dgpsid>0000</dgpsid></trkpt>
<trkpt lat="29.70330016666667" lon="-114.40650216666667"><ele>143.6</ele><time>2025-12-17T22:51:19.000Z</time><extensions><gpxtpx:TrackPointExtension><gpxtpx:bearing>186.51</gpxtpx:bearing><gpxtpx:speed>20.530725</gpxtpx:speed></gpxtpx:TrackPointExtension></extensions><geoidheight>-35.4</geoidheight><src>gps</src><sat>18</sat><hdop>0.61</hdop><vdop>0.94</vdop><pdop>1.12</pdop><dgpsid>0000</dgpsid></trkpt>
<trkpt lat="29.701300333333332" lon="-114.40684766666666"><ele>148.7</ele><time>2025-12-17T22:51:30.000Z</time><extensions><gpxtpx:TrackPointExtension><gpxtpx:bearing>190.02</gpxtpx:bearing><gpxtpx:speed>20.16939</gpxtpx:speed></gpxtpx:TrackPointExtension></extensions><geoidheight>-35.4</geoidheight><src>gps</src><sat>18</sat><hdop>0.61</hdop><vdop>0.91</vdop><pdop>1.09</pdop><dgpsid>0000</dgpsid></trkpt>
<trkpt lat="29.699287833333333" lon="-114.40723933333332"><ele>152.4</ele><time>2025-12-17T22:51:41.000Z</time><extensions><gpxtpx:TrackPointExtension><gpxtpx:bearing>189.94</gpxtpx:bearing><gpxtpx:speed>21.212217</gpxtpx:speed></gpxtpx:TrackPointExtension></extensions><geoidheight>-35.4</geoidheight><src>gps</src><sat>17</sat><hdop>0.59</hdop><vdop>0.89</vdop><pdop>1.07</pdop><dgpsid>0000</dgpsid></trkpt>
<trkpt lat="29.697202166666663" lon="-114.407655"><ele>155.2</ele><time>2025-12-17T22:51:52.000Z</time><extensions><gpxtpx:TrackPointExtension><gpxtpx:bearing>189.78</gpxtpx:bearing><gpxtpx:speed>21.432003</gpxtpx:speed></gpxtpx:TrackPointExtension></extensions><geoidheight>-35.4</geoidheight><src>gps</src><sat>17</sat><hdop>0.59</hdop><vdop>0.89</vdop><pdop>1.07</pdop><dgpsid>0000</dgpsid></trkpt>
<trkpt lat="29.695037833333338" lon="-114.40808433333335"><ele>159.7</ele><time>2025-12-17T22:52:03.000Z</time><extensions><gpxtpx:TrackPointExtension><gpxtpx:bearing>190.02</gpxtpx:bearing><gpxtpx:speed>22.68278</gpxtpx:speed></gpxtpx:TrackPointExtension></extensions><geoidheight>-35.4</geoidheight><src>gps</src><sat>17</sat><hdop>0.59</hdop><vdop>0.89</vdop><pdop>1.07</pdop><dgpsid>0000</dgpsid></trkpt>
<trkpt lat="29.6927995" lon="-114.40852433333333"><ele>164.1</ele><time>2025-12-17T22:52:14.000Z</time><extensions><gpxtpx:TrackPointExtension><gpxtpx:bearing>189.8</gpxtpx:bearing><gpxtpx:speed>23.223238</gpxtpx:speed></gpxtpx:TrackPointExtension></extensions><geoidheight>-35.4</geoidheight><src>gps</src><sat>17</sat><hdop>0.59</hdop><vdop>0.89</vdop><pdop>1.07</pdop><dgpsid>0000</dgpsid></trkpt>
<trkpt lat="29.69052916666667" lon="-114.40898116666668"><ele>169.3</ele><time>2025-12-17T22:52:25.000Z</time><extensions><gpxtpx:TrackPointExtension><gpxtpx:bearing>190.29</gpxtpx:bearing><gpxtpx:speed>23.252062</gpxtpx:speed></gpxtpx:TrackPointExtension></extensions><geoidheight>-35.4</geoidheight><src>gps</src><sat>16</sat><hdop>0.62</hdop><vdop>0.91</vdop><pdop>1.10</pdop><dgpsid>0000</dgpsid></trkpt>
<trkpt lat="29.688244" lon="-114.40943816666667"><ele>174.2</ele><time>2025-12-17T22:52:36.000Z</time><extensions><gpxtpx:TrackPointExtension><gpxtpx:bearing>189.65</gpxtpx:bearing><gpxtpx:speed>23.398758</gpxtpx:speed></gpxtpx:TrackPointExtension></extensions><geoidheight>-35.4</geoidheight><src>gps</src><sat>16</sat><hdop>0.62</hdop><vdop>0.91</vdop><pdop>1.10</pdop><dgpsid>0000</dgpsid></trkpt>
<trkpt lat="29.685939666666666" lon="-114.40989883333332"><ele>177.6</ele><time>2025-12-17T22:52:47.000Z</time><extensions><gpxtpx:TrackPointExtension><gpxtpx:bearing>189.76</gpxtpx:bearing><gpxtpx:speed>23.84708</gpxtpx:speed></gpxtpx:TrackPointExtension></extensions><geoidheight>-35.4</geoidheight><src>gps</src><sat>16</sat><hdop>0.59</hdop><vdop>0.89</vdop><pdop>1.07</pdop><dgpsid>0000</dgpsid></trkpt>
<trkpt lat="29.683574500000002" lon="-114.41037399999999"><ele>181.1</ele><time>2025-12-17T22:52:58.000Z</time><extensions><gpxtpx:TrackPointExtension><gpxtpx:bearing>189.83</gpxtpx:bearing><gpxtpx:speed>24.464746</gpxtpx:speed></gpxtpx:TrackPointExtension></extensions><geoidheight>-35.4</geoidheight><src>gps</src><sat>17</sat><hdop>0.59</hdop><vdop>0.89</vdop><pdop>1.07</pdop><dgpsid>0000</dgpsid></trkpt>
<trkpt lat="29.681222333333334" lon="-114.41083983333334"><ele>185.1</ele><time>2025-12-17T22:53:09.000Z</time><extensions><gpxtpx:TrackPointExtension><gpxtpx:bearing>189.74</gpxtpx:bearing><gpxtpx:speed>23.879509</gpxtpx:speed></gpxtpx:TrackPointExtension></extensions><geoidheight>-35.4</geoidheight><src>gps</src><sat>17</sat><hdop>0.59</hdop><vdop>0.89</vdop><pdop>1.07</pdop><dgpsid>0000</dgpsid></trkpt>
<trkpt lat="29.678851" lon="-114.41131983333335"><ele>189.2</ele><time>2025-12-17T22:53:20.000Z</time><extensions><gpxtpx:TrackPointExtension><gpxtpx:bearing>189.88</gpxtpx:bearing><gpxtpx:speed>24.51519</gpxtpx:speed></gpxtpx:TrackPointExtension></extensions><geoidheight>-35.5</geoidheight><src>gps</src><sat>17</sat><hdop>0.59</hdop><vdop>0.89</vdop><pdop>1.07</pdop><dgpsid>0000</dgpsid></trkpt>
<trkpt lat="29.676477999999996" lon="-114.41179166666667"><ele>193.1</ele><time>2025-12-17T22:53:31.000Z</time><extensions><gpxtpx:TrackPointExtension><gpxtpx:bearing>189.66</gpxtpx:bearing><gpxtpx:speed>24.168781</gpxtpx:speed></gpxtpx:TrackPointExtension></extensions><geoidheight>-35.5</geoidheight><src>gps</src><sat>17</sat><hdop>0.61</hdop><vdop>0.90</vdop><pdop>1.09</pdop><dgpsid>0000</dgpsid></trkpt>
<trkpt lat="29.674123500000004" lon="-114.41221916666667"><ele>197.8</ele><time>2025-12-17T22:53:42.000Z</time><extensions><gpxtpx:TrackPointExtension><gpxtpx:bearing>187.29</gpxtpx:bearing><gpxtpx:speed>24.169296</gpxtpx:speed></gpxtpx:TrackPointExtension></extensions><geoidheight>-35.5</geoidheight><src>gps</src><sat>18</sat><hdop>0.59</hdop><vdop>0.90</vdop><pdop>1.07</pdop><dgpsid>0000</dgpsid></trkpt>
<trkpt lat="29.671680999999996" lon="-114.41237233333335"><ele>202.7</ele><time>2025-12-17T22:53:53.000Z</time><extensions><gpxtpx:TrackPointExtension><gpxtpx:bearing>180.23</gpxtpx:bearing><gpxtpx:speed>24.880129</gpxtpx:speed></gpxtpx:TrackPointExtension></extensions><geoidheight>-35.5</geoidheight><src>gps</src><sat>18</sat><hdop>0.57</hdop><vdop>0.88</vdop><pdop>1.04</pdop><dgpsid>0000</dgpsid></trkpt>
<trkpt lat="29.669177833333332" lon="-114.41224083333333"><ele>207.3</ele><time>2025-12-17T22:54:04.000Z</time><extensions><gpxtpx:TrackPointExtension><gpxtpx:bearing>176.42</gpxtpx:bearing><gpxtpx:speed>25.300655</gpxtpx:speed></gpxtpx:TrackPointExtension></extensions><geoidheight>-35.5</geoidheight><src>gps</src><sat>18</sat><hdop>0.57</hdop><vdop>0.88</vdop><pdop>1.04</pdop><dgpsid>0000</dgpsid></trkpt>
<trkpt lat="29.666690666666668" lon="-114.41204866666666"><ele>211.8</ele><time>2025-12-17T22:54:15.000Z</time><extensions><gpxtpx:TrackPointExtension><gpxtpx:bearing>176.07</gpxtpx:bearing><gpxtpx:speed>25.088076</gpxtpx:speed></gpxtpx:TrackPointExtension></extensions><geoidheight>-35.5</geoidheight><src>gps</src><sat>18</sat><hdop>0.57</hdop><vdop>0.88</vdop><pdop>1.04</pdop><dgpsid>0000</dgpsid></trkpt>
<trkpt lat="29.664184999999996" lon="-114.41186233333335"><ele>211.5</ele><time>2025-12-17T22:54:26.000Z</time><extensions><gpxtpx:TrackPointExtension><gpxtpx:bearing>176.3</gpxtpx:bearing><gpxtpx:speed>25.285215</gpxtpx:speed></gpxtpx:TrackPointExtension></extensions><geoidheight>-35.5</geoidheight><src>gps</src><sat>18</sat><hdop>0.58</hdop><vdop>0.88</vdop><pdop>1.06</pdop><dgpsid>0000</dgpsid></trkpt>
<trkpt lat="29.66167216666667" lon="-114.4116695"><ele>213.3</ele><time>2025-12-17T22:54:37.000Z</time><extensions><gpxtpx:TrackPointExtension><gpxtpx:bearing>176.14</gpxtpx:bearing><gpxtpx:speed>25.39588</gpxtpx:speed></gpxtpx:TrackPointExtension></extensions><geoidheight>-35.5</geoidheight><src>gps</src><sat>18</sat><hdop>0.57</hdop><vdop>0.88</vdop><pdop>1.04</pdop><dgpsid>0000</dgpsid></trkpt>
<trkpt lat="29.65912116666667" lon="-114.41147066666666"><ele>215.8</ele><time>2025-12-17T22:54:48.000Z</time><extensions><gpxtpx:TrackPointExtension><gpxtpx:bearing>176.11</gpxtpx:bearing><gpxtpx:speed>26.082005</gpxtpx:speed></gpxtpx:TrackPointExtension></extensions><geoidheight>-35.5</geoidheight><src>gps</src><sat>18</sat><hdop>0.57</hdop><vdop>0.88</vdop><pdop>1.04</pdop><dgpsid>0000</dgpsid></trkpt>
<trkpt lat="29.656550833333334" lon="-114.41126883333332"><ele>219.0</ele><time>2025-12-17T22:54:59.000Z</time><extensions><gpxtpx:TrackPointExtension><gpxtpx:bearing>176.26</gpxtpx:bearing><gpxtpx:speed>25.637285</gpxtpx:speed></gpxtpx:TrackPointExtension></extensions><geoidheight>-35.5</geoidheight><src>gps</src><sat>18</sat><hdop>0.57</hdop><vdop>0.87</vdop><pdop>1.04</pdop><dgpsid>0000</dgpsid></trkpt>
<trkpt lat="29.654025999999998" lon="-114.41107033333334"><ele>224.4</ele><time>2025-12-17T22:55:10.000Z</time><extensions><gpxtpx:TrackPointExtension><gpxtpx:bearing>176.06</gpxtpx:bearing><gpxtpx:speed>25.50809</gpxtpx:speed></gpxtpx:TrackPointExtension></extensions><geoidheight>-35.5</geoidheight><src>gps</src><sat>18</sat><hdop>0.57</hdop><vdop>0.87</vdop><pdop>1.04</pdop><dgpsid>0000</dgpsid></trkpt>
<trkpt lat="29.651518166666666" lon="-114.410876"><ele>229.5</ele><time>2025-12-17T22:55:21.000Z</time><extensions><gpxtpx:TrackPointExtension><gpxtpx:bearing>176.14</gpxtpx:bearing><gpxtpx:speed>25.288303</gpxtpx:speed></gpxtpx:TrackPointExtension></extensions><geoidheight>-35.5</geoidheight><src>gps</src><sat>18</sat><hdop>0.57</hdop><vdop>0.87</vdop><pdop>1.04</pdop><dgpsid>0000</dgpsid></trkpt>
<trkpt lat="29.649026333333335" lon="-114.410681"><ele>235.2</ele><time>2025-12-17T22:55:32.000Z</time><extensions><gpxtpx:TrackPointExtension><gpxtpx:bearing>175.93</gpxtpx:bearing><gpxtpx:speed>25.097342</gpxtpx:speed></gpxtpx:TrackPointExtension></extensions><geoidheight>-35.5</geoidheight><src>gps</src><sat>18</sat><hdop>0.57</hdop><vdop>0.87</vdop><pdop>1.04</pdop><dgpsid>0000</dgpsid></trkpt>
<trkpt lat="29.64662183333333" lon="-114.41039316666665"><ele>239.6</ele><time>2025-12-17T22:55:43.000Z</time><extensions><gpxtpx:TrackPointExtension><gpxtpx:bearing>172.18</gpxtpx:bearing><gpxtpx:speed>23.697811</gpxtpx:speed></gpxtpx:TrackPointExtension></extensions><geoidheight>-35.5</geoidheight><src>gps</src><sat>18</sat><hdop>0.57</hdop><vdop>0.87</vdop><pdop>1.04</pdop><dgpsid>0000</dgpsid></trkpt>
<trkpt lat="29.644282666666662" lon="-114.40994883333333"><ele>244.4</ele><time>2025-12-17T22:55:54.000Z</time><extensions><gpxtpx:TrackPointExtension><gpxtpx:bearing>169.49</gpxtpx:bearing><gpxtpx:speed>24.31342</gpxtpx:speed></gpxtpx:TrackPointExtension></extensions><geoidheight>-35.5</geoidheight><src>gps</src><sat>18</sat><hdop>0.57</hdop><vdop>0.87</vdop><pdop>1.04</pdop><dgpsid>0000</dgpsid></trkpt>
<trkpt lat="29.641910833333334" lon="-114.40944816666666"><ele>249.1</ele><time>2025-12-17T22:56:05.000Z</time><extensions><gpxtpx:TrackPointExtension><gpxtpx:bearing>169.56</gpxtpx:bearing><gpxtpx:speed>24.347906</gpxtpx:speed></gpxtpx:TrackPointExtension></extensions><geoidheight>-35.5</geoidheight><src>gps</src><sat>18</sat><hdop>0.57</hdop><vdop>0.87</vdop><pdop>1.04</pdop><dgpsid>0000</dgpsid></trkpt>
<trkpt lat="29.639524833333333" lon="-114.40893433333333"><ele>254.3</ele><time>2025-12-17T22:56:16.000Z</time><extensions><gpxtpx:TrackPointExtension><gpxtpx:bearing>169.36</gpxtpx:bearing><gpxtpx:speed>24.314962</gpxtpx:speed></gpxtpx:TrackPointExtension></extensions><geoidheight>-35.5</geoidheight><src>gps</src><sat>18</sat><hdop>0.57</hdop><vdop>0.87</vdop><pdop>1.04</pdop><dgpsid>0000</dgpsid></trkpt>
<trkpt lat="29.637120499999998" lon="-114.40841466666667"><ele>259.7</ele><time>2025-12-17T22:56:27.000Z</time><extensions><gpxtpx:TrackPointExtension><gpxtpx:bearing>169.54</gpxtpx:bearing><gpxtpx:speed>25.111753</gpxtpx:speed></gpxtpx:TrackPointExtension></extensions><geoidheight>-35.5</geoidheight><src>gps</src><sat>18</sat><hdop>0.57</hdop><vdop>0.87</vdop><pdop>1.04</pdop><dgpsid>0000</dgpsid></trkpt>
<trkpt lat="29.634663666666665" lon="-114.40788833333333"><ele>265.5</ele><time>2025-12-17T22:56:38.000Z</time><extensions><gpxtpx:TrackPointExtension><gpxtpx:bearing>169.45</gpxtpx:bearing><gpxtpx:speed>25.462278</gpxtpx:speed></gpxtpx:TrackPointExtension></extensions><geoidheight>-35.5</geoidheight><src>gps</src><sat>18</sat><hdop>0.57</hdop><vdop>0.87</vdop><pdop>1.04</pdop><dgpsid>0000</dgpsid></trkpt>
<trkpt lat="29.632194166666668" lon="-114.40735350000001"><ele>271.1</ele><time>2025-12-17T22:56:49.000Z</time><extensions><gpxtpx:TrackPointExtension><gpxtpx:bearing>169.2</gpxtpx:bearing><gpxtpx:speed>25.456102</gpxtpx:speed></gpxtpx:TrackPointExtension></extensions><geoidheight>-35.5</geoidheight><src>gps</src><sat>18</sat><hdop>0.57</hdop><vdop>0.87</vdop><pdop>1.04</pdop><dgpsid>0000</dgpsid></trkpt>
<trkpt lat="29.629703666666668" lon="-114.40681933333332"><ele>276.4</ele><time>2025-12-17T22:57:00.000Z</time><extensions><gpxtpx:TrackPointExtension><gpxtpx:bearing>169.39</gpxtpx:bearing><gpxtpx:speed>25.562136</gpxtpx:speed></gpxtpx:TrackPointExtension></extensions><geoidheight>-35.5</geoidheight><src>gps</src><sat>18</sat><hdop>0.57</hdop><vdop>0.87</vdop><pdop>1.04</pdop><dgpsid>0000</dgpsid></trkpt>
<trkpt lat="29.627233500000003" lon="-114.40626283333334"><ele>278.5</ele><time>2025-12-17T22:57:11.000Z</time><extensions><gpxtpx:TrackPointExtension><gpxtpx:bearing>166.84</gpxtpx:bearing><gpxtpx:speed>25.181755</gpxtpx:speed></gpxtpx:TrackPointExtension></extensions><geoidheight>-35.5</geoidheight><src>gps</src><sat>18</sat><hdop>0.57</hdop><vdop>0.87</vdop><pdop>1.04</pdop><dgpsid>0000</dgpsid></trkpt>
<trkpt lat="29.624862" lon="-114.40544999999999"><ele>279.1</ele><time>2025-12-17T22:57:22.000Z</time><extensions><gpxtpx:TrackPointExtension><gpxtpx:bearing>160.29</gpxtpx:bearing><gpxtpx:speed>24.918732</gpxtpx:speed></gpxtpx:TrackPointExtension></extensions><geoidheight>-35.5</geoidheight><src>gps</src><sat>18</sat><hdop>0.57</hdop><vdop>0.87</vdop><pdop>1.04</pdop><dgpsid>0000</dgpsid></trkpt>
<trkpt lat="29.622627166666668" lon="-114.40434099999999"><ele>279.7</ele><time>2025-12-17T22:57:33.000Z</time><extensions><gpxtpx:TrackPointExtension><gpxtpx:bearing>153.19</gpxtpx:bearing><gpxtpx:speed>24.55894</gpxtpx:speed></gpxtpx:TrackPointExtension></extensions><geoidheight>-35.5</geoidheight><src>gps</src><sat>18</sat><hdop>0.57</hdop><vdop>0.87</vdop><pdop>1.04</pdop><dgpsid>0000</dgpsid></trkpt>
<trkpt lat="29.62048766666667" lon="-114.40307666666668"><ele>285.3</ele><time>2025-12-17T22:57:44.000Z</time><extensions><gpxtpx:TrackPointExtension><gpxtpx:bearing>152.45</gpxtpx:bearing><gpxtpx:speed>23.769873</gpxtpx:speed></gpxtpx:TrackPointExtension></extensions><geoidheight>-35.5</geoidheight><src>gps</src><sat>18</sat><hdop>0.57</hdop><vdop>0.87</vdop><pdop>1.03</pdop><dgpsid>0000</dgpsid></trkpt>
<trkpt lat="29.618380499999997" lon="-114.40181983333332"><ele>289.4</ele><time>2025-12-17T22:57:55.000Z</time><extensions><gpxtpx:TrackPointExtension><gpxtpx:bearing>152.73</gpxtpx:bearing><gpxtpx:speed>24.428202</gpxtpx:speed></gpxtpx:TrackPointExtension></extensions><geoidheight>-35.5</geoidheight><src>gps</src><sat>18</sat><hdop>0.57</hdop><vdop>0.87</vdop><pdop>1.03</pdop><dgpsid>0000</dgpsid></trkpt>
<trkpt lat="29.616285666666666" lon="-114.40057200000001"><ele>293.2</ele><time>2025-12-17T22:58:06.000Z</time><extensions><gpxtpx:TrackPointExtension><gpxtpx:bearing>152.55</gpxtpx:bearing><gpxtpx:speed>23.793036</gpxtpx:speed></gpxtpx:TrackPointExtension></extensions><geoidheight>-35.5</geoidheight><src>gps</src><sat>18</sat><hdop>0.58</hdop><vdop>0.88</vdop><pdop>1.05</pdop><dgpsid>0000</dgpsid></trkpt>
<trkpt lat="29.61419583333333" lon="-114.39932933333333"><ele>296.4</ele><time>2025-12-17T22:58:17.000Z</time><extensions><gpxtpx:TrackPointExtension><gpxtpx:bearing>152.76</gpxtpx:bearing><gpxtpx:speed>23.964952</gpxtpx:speed></gpxtpx:TrackPointExtension></extensions><geoidheight>-35.5</geoidheight><src>gps</src><sat>18</sat><hdop>0.58</hdop><vdop>0.88</vdop><pdop>1.05</pdop><dgpsid>0000</dgpsid></trkpt>
<trkpt lat="29.61245783333333" lon="-114.3983065"><ele>296.4</ele><time>2025-12-17T22:58:28.000Z</time><extensions><gpxtpx:TrackPointExtension><gpxtpx:bearing>154.53</gpxtpx:bearing><gpxtpx:speed>12.070236</gpxtpx:speed></gpxtpx:TrackPointExtension></extensions><geoidheight>-35.5</geoidheight><src>gps</src><sat>18</sat><hdop>0.58</hdop><vdop>0.87</vdop><pdop>1.05</pdop><dgpsid>0000</dgpsid></trkpt>
<trkpt lat="29.612178166666663" lon="-114.39818366666665"><ele>295.8</ele><time>2025-12-17T22:58:39.000Z</time><extensions><gpxtpx:TrackPointExtension><gpxtpx:speed>0.013382778</gpxtpx:speed></gpxtpx:TrackPointExtension></extensions><geoidheight>-35.5</geoidheight><src>gps</src><sat>18</sat><hdop>0.58</hdop><vdop>0.87</vdop><pdop>1.05</pdop><dgpsid>0000</dgpsid></trkpt>
<trkpt lat="29.611999833333336" lon="-114.39801183333333"><ele>296.2</ele><time>2025-12-17T23:05:15.000Z</time><extensions><gpxtpx:TrackPointExtension><gpxtpx:bearing>149.85</gpxtpx:bearing><gpxtpx:speed>6.3218184</gpxtpx:speed></gpxtpx:TrackPointExtension></extensions><geoidheight>-35.5</geoidheight><src>gps</src><sat>18</sat><hdop>0.59</hdop><vdop>0.81</vdop><pdop>1.01</pdop><dgpsid>0000</dgpsid></trkpt>
<trkpt lat="29.610905333333335" lon="-114.3973625"><ele>294.3</ele><time>2025-12-17T23:05:26.000Z</time><extensions><gpxtpx:TrackPointExtension><gpxtpx:bearing>152.46</gpxtpx:bearing><gpxtpx:speed>16.461332</gpxtpx:speed></gpxtpx:TrackPointExtension></extensions><geoidheight>-35.5</geoidheight><src>gps</src><sat>17</sat><hdop>0.58</hdop><vdop>0.83</vdop><pdop>1.01</pdop><dgpsid>0000</dgpsid></trkpt>
<trkpt lat="29.609195999999997" lon="-114.39634316666667"><ele>292.9</ele><time>2025-12-17T23:05:37.000Z</time><extensions><gpxtpx:TrackPointExtension><gpxtpx:bearing>152.67</gpxtpx:bearing><gpxtpx:speed>21.192657</gpxtpx:speed></gpxtpx:TrackPointExtension></extensions><geoidheight>-35.5</geoidheight><src>gps</src><sat>17</sat><hdop>0.58</hdop><vdop>0.83</vdop><pdop>1.01</pdop><dgpsid>0000</dgpsid></trkpt>
<trkpt lat="29.607415833333334" lon="-114.39528649999998"><ele>290.3</ele><time>2025-12-17T23:05:48.000Z</time><extensions><gpxtpx:TrackPointExtension><gpxtpx:bearing>152.49</gpxtpx:bearing><gpxtpx:speed>20.40153</gpxtpx:speed></gpxtpx:TrackPointExtension></extensions><geoidheight>-35.5</geoidheight><src>gps</src><sat>17</sat><hdop>0.58</hdop><vdop>0.83</vdop><pdop>1.01</pdop><dgpsid>0000</dgpsid></trkpt>
<trkpt lat="29.605599833333333" lon="-114.39423316666668"><ele>288.1</ele><time>2025-12-17T23:05:59.000Z</time><extensions><gpxtpx:TrackPointExtension><gpxtpx:bearing>155.39</gpxtpx:bearing><gpxtpx:speed>20.428295</gpxtpx:speed></gpxtpx:TrackPointExtension></extensions><geoidheight>-35.5</geoidheight><src>gps</src><sat>18</sat><hdop>0.58</hdop><vdop>0.83</vdop><pdop>1.01</pdop><dgpsid>0000</dgpsid></trkpt>
<trkpt lat="29.603671000000002" lon="-114.39350350000001"><ele>289.3</ele><time>2025-12-17T23:06:10.000Z</time><extensions><gpxtpx:TrackPointExtension><gpxtpx:bearing>167.09</gpxtpx:bearing><gpxtpx:speed>21.190084</gpxtpx:speed></gpxtpx:TrackPointExtension></extensions><geoidheight>-35.5</geoidheight><src>gps</src><sat>17</sat><hdop>0.60</hdop><vdop>0.88</vdop><pdop>1.07</pdop><dgpsid>0000</dgpsid></trkpt>
<trkpt lat="29.60158066666667" lon="-114.39321100000001"><ele>292.8</ele><time>2025-12-17T23:06:21.000Z</time><extensions><gpxtpx:TrackPointExtension><gpxtpx:bearing>178.36</gpxtpx:bearing><gpxtpx:speed>21.527742</gpxtpx:speed></gpxtpx:TrackPointExtension></extensions><geoidheight>-35.5</geoidheight><src>gps</src><sat>17</sat><hdop>0.60</hdop><vdop>0.88</vdop><pdop>1.07</pdop><dgpsid>0000</dgpsid></trkpt>
<trkpt lat="29.599381166666664" lon="-114.39315366666666"><ele>298.6</ele><time>2025-12-17T23:06:32.000Z</time><extensions><gpxtpx:TrackPointExtension><gpxtpx:bearing>178.99</gpxtpx:bearing><gpxtpx:speed>22.476376</gpxtpx:speed></gpxtpx:TrackPointExtension></extensions><geoidheight>-35.5</geoidheight><src>gps</src><sat>17</sat><hdop>0.58</hdop><vdop>0.87</vdop><pdop>1.05</pdop><dgpsid>0000</dgpsid></trkpt>
<trkpt lat="29.597239666666663" lon="-114.39308783333333"><ele>311.3</ele><time>2025-12-17T23:06:43.000Z</time><extensions><gpxtpx:TrackPointExtension><gpxtpx:bearing>175.2</gpxtpx:bearing><gpxtpx:speed>21.049051</gpxtpx:speed></gpxtpx:TrackPointExtension></extensions><geoidheight>-35.5</geoidheight><src>gps</src><sat>12</sat><hdop>0.92</hdop><vdop>1.77</vdop><pdop>2.00</pdop><dgpsid>0000</dgpsid></trkpt>
<trkpt lat="29.59521966666667" lon="-114.39245449999999"><ele>319.1</ele><time>2025-12-17T23:06:54.000Z</time><extensions><gpxtpx:TrackPointExtension><gpxtpx:bearing>153.83</gpxtpx:bearing><gpxtpx:speed>21.774294</gpxtpx:speed></gpxtpx:TrackPointExtension></extensions><geoidheight>-35.5</geoidheight><src>gps</src><sat>16</sat><hdop>0.68</hdop><vdop>1.02</vdop><pdop>1.22</pdop><dgpsid>0000</dgpsid></trkpt>
<trkpt lat="29.59351016666667" lon="-114.39092633333333"><ele>326.3</ele><time>2025-12-17T23:07:05.000Z</time><extensions><gpxtpx:TrackPointExtension><gpxtpx:bearing>133.03</gpxtpx:bearing><gpxtpx:speed>21.85665</gpxtpx:speed></gpxtpx:TrackPointExtension></extensions><geoidheight>-35.5</geoidheight><src>gps</src><sat>15</sat><hdop>0.68</hdop><vdop>1.02</vdop><pdop>1.22</pdop><dgpsid>0000</dgpsid></trkpt>
<trkpt lat="29.59206883333333" lon="-114.38910433333334"><ele>333.5</ele><time>2025-12-17T23:07:16.000Z</time><extensions><gpxtpx:TrackPointExtension><gpxtpx:bearing>132.43</gpxtpx:bearing><gpxtpx:speed>21.738264</gpxtpx:speed></gpxtpx:TrackPointExtension></extensions><geoidheight>-35.5</geoidheight><src>gps</src><sat>14</sat><hdop>0.76</hdop><vdop>1.04</vdop><pdop>1.29</pdop><dgpsid>0000</dgpsid></trkpt>
<trkpt lat="29.59069383333333" lon="-114.38742983333334"><ele>333.0</ele><time>2025-12-17T23:07:27.000Z</time><extensions><gpxtpx:TrackPointExtension><gpxtpx:bearing>135.3</gpxtpx:bearing><gpxtpx:speed>19.779745</gpxtpx:speed></gpxtpx:TrackPointExtension></extensions><geoidheight>-35.5</geoidheight><src>gps</src><sat>17</sat><hdop>0.63</hdop><vdop>0.87</vdop><pdop>1.07</pdop><dgpsid>0000</dgpsid></trkpt>
<trkpt lat="29.589138166666665" lon="-114.38584700000001"><ele>329.2</ele><time>2025-12-17T23:07:38.000Z</time><extensions><gpxtpx:TrackPointExtension><gpxtpx:bearing>141.11</gpxtpx:bearing><gpxtpx:speed>23.097645</gpxtpx:speed></gpxtpx:TrackPointExtension></extensions><geoidheight>-35.5</geoidheight><src>gps</src><sat>15</sat><hdop>0.82</hdop><vdop>1.05</vdop><pdop>1.33</pdop><dgpsid>0000</dgpsid></trkpt>
<trkpt lat="29.587176833333334" lon="-114.38420383333332"><ele>332.2</ele><time>2025-12-17T23:07:49.000Z</time><extensions><gpxtpx:TrackPointExtension><gpxtpx:bearing>145.16</gpxtpx:bearing><gpxtpx:speed>25.208006</gpxtpx:speed></gpxtpx:TrackPointExtension></extensions><geoidheight>-35.5</geoidheight><src>gps</src><sat>17</sat><hdop>0.63</hdop><vdop>0.87</vdop><pdop>1.07</pdop><dgpsid>0000</dgpsid></trkpt>
<trkpt lat="29.58512316666667" lon="-114.38248566666668"><ele>338.5</ele><time>2025-12-17T23:08:00.000Z</time><extensions><gpxtpx:TrackPointExtension><gpxtpx:bearing>141.17</gpxtpx:bearing><gpxtpx:speed>25.875086</gpxtpx:speed></gpxtpx:TrackPointExtension></extensions><geoidheight>-35.5</geoidheight><src>gps</src><sat>16</sat><hdop>0.66</hdop><vdop>0.96</vdop><pdop>1.16</pdop><dgpsid>0000</dgpsid></trkpt>
<trkpt lat="29.583258333333333" lon="-114.38055233333334"><ele>348.1</ele><time>2025-12-17T23:08:11.000Z</time><extensions><gpxtpx:TrackPointExtension><gpxtpx:bearing>134.93</gpxtpx:bearing><gpxtpx:speed>25.072634</gpxtpx:speed></gpxtpx:TrackPointExtension></extensions><geoidheight>-35.5</geoidheight><src>gps</src><sat>18</sat><hdop>0.59</hdop><vdop>0.85</vdop><pdop>1.03</pdop><dgpsid>0000</dgpsid></trkpt>
<trkpt lat="29.581543000000003" lon="-114.37841916666666"><ele>355.6</ele><time>2025-12-17T23:08:22.000Z</time><extensions><gpxtpx:TrackPointExtension><gpxtpx:bearing>131.9</gpxtpx:bearing><gpxtpx:speed>26.067078</gpxtpx:speed></gpxtpx:TrackPointExtension></extensions><geoidheight>-35.5</geoidheight><src>gps</src><sat>18</sat><hdop>0.57</hdop><vdop>0.82</vdop><pdop>1.00</pdop><dgpsid>0000</dgpsid></trkpt>
<trkpt lat="29.57982433333333" lon="-114.37624316666667"><ele>361.7</ele><time>2025-12-17T23:08:33.000Z</time><extensions><gpxtpx:TrackPointExtension><gpxtpx:bearing>131.94</gpxtpx:bearing><gpxtpx:speed>25.541546</gpxtpx:speed></gpxtpx:TrackPointExtension></extensions><geoidheight>-35.5</geoidheight><src>gps</src><sat>17</sat><hdop>0.63</hdop><vdop>0.86</vdop><pdop>1.06</pdop><dgpsid>0000</dgpsid></trkpt>
<trkpt lat="29.5781715" lon="-114.37415433333332"><ele>366.0</ele><time>2025-12-17T23:08:44.000Z</time><extensions><gpxtpx:TrackPointExtension><gpxtpx:bearing>132.51</gpxtpx:bearing><gpxtpx:speed>24.32114</gpxtpx:speed></gpxtpx:TrackPointExtension></extensions><geoidheight>-35.5</geoidheight><src>gps</src><sat>16</sat><hdop>0.58</hdop><vdop>0.82</vdop><pdop>1.01</pdop><dgpsid>0000</dgpsid></trkpt>
<trkpt lat="29.57653433333333" lon="-114.37210416666667"><ele>363.4</ele><time>2025-12-17T23:08:55.000Z</time><extensions><gpxtpx:TrackPointExtension><gpxtpx:bearing>132.36</gpxtpx:bearing><gpxtpx:speed>24.443129</gpxtpx:speed></gpxtpx:TrackPointExtension></extensions><geoidheight>-35.5</geoidheight><src>gps</src><sat>18</sat><hdop>0.63</hdop><vdop>0.86</vdop><pdop>1.06</pdop><dgpsid>0000</dgpsid></trkpt>
<trkpt lat="29.574883" lon="-114.37001783333332"><ele>361.7</ele><time>2025-12-17T23:09:06.000Z</time><extensions><gpxtpx:TrackPointExtension><gpxtpx:bearing>132.11</gpxtpx:bearing><gpxtpx:speed>25.763906</gpxtpx:speed></gpxtpx:TrackPointExtension></extensions><geoidheight>-35.5</geoidheight><src>gps</src><sat>17</sat><hdop>0.64</hdop><vdop>0.88</vdop><pdop>1.09</pdop><dgpsid>0000</dgpsid></trkpt>
<trkpt lat="29.57314666666667" lon="-114.36782983333333"><ele>359.6</ele><time>2025-12-17T23:09:17.000Z</time><extensions><gpxtpx:TrackPointExtension><gpxtpx:bearing>132.15</gpxtpx:bearing><gpxtpx:speed>26.159727</gpxtpx:speed></gpxtpx:TrackPointExtension></extensions><geoidheight>-35.4</geoidheight><src>gps</src><sat>17</sat><hdop>0.65</hdop><vdop>0.90</vdop><pdop>1.11</pdop><dgpsid>0000</dgpsid></trkpt>
<trkpt lat="29.571430833333338" lon="-114.36565433333332"><ele>359.5</ele><time>2025-12-17T23:09:28.000Z</time><extensions><gpxtpx:TrackPointExtension><gpxtpx:bearing>132.93</gpxtpx:bearing><gpxtpx:speed>25.202858</gpxtpx:speed></gpxtpx:TrackPointExtension></extensions><geoidheight>-35.4</geoidheight><src>gps</src><sat>17</sat><hdop>0.65</hdop><vdop>0.90</vdop><pdop>1.11</pdop><dgpsid>0000</dgpsid></trkpt>
<trkpt lat="29.569768333333332" lon="-114.363634"><ele>366.4</ele><time>2025-12-17T23:09:39.000Z</time><extensions><gpxtpx:TrackPointExtension><gpxtpx:bearing>134.37</gpxtpx:bearing><gpxtpx:speed>24.171356</gpxtpx:speed></gpxtpx:TrackPointExtension></extensions><geoidheight>-35.4</geoidheight><src>gps</src><sat>17</sat><hdop>0.65</hdop><vdop>0.90</vdop><pdop>1.11</pdop><dgpsid>0000</dgpsid></trkpt>
<trkpt lat="29.568048833333332" lon="-114.36173050000001"><ele>367.0</ele><time>2025-12-17T23:09:50.000Z</time><extensions><gpxtpx:TrackPointExtension><gpxtpx:bearing>137.52</gpxtpx:bearing><gpxtpx:speed>24.787477</gpxtpx:speed></gpxtpx:TrackPointExtension></extensions><geoidheight>-35.4</geoidheight><src>gps</src><sat>17</sat><hdop>0.65</hdop><vdop>0.90</vdop><pdop>1.11</pdop><dgpsid>0000</dgpsid></trkpt>
<trkpt lat="29.566200333333335" lon="-114.35988416666666"><ele>364.9</ele><time>2025-12-17T23:10:01.000Z</time><extensions><gpxtpx:TrackPointExtension><gpxtpx:bearing>139.61</gpxtpx:bearing><gpxtpx:speed>24.222313</gpxtpx:speed></gpxtpx:TrackPointExtension></extensions><geoidheight>-35.4</geoidheight><src>gps</src><sat>18</sat><hdop>0.61</hdop><vdop>0.90</vdop><pdop>1.09</pdop><dgpsid>0000</dgpsid></trkpt>
<trkpt lat="29.564370999999998" lon="-114.35806583333333"><ele>367.5</ele><time>2025-12-17T23:10:12.000Z</time><extensions><gpxtpx:TrackPointExtension><gpxtpx:bearing>138.0</gpxtpx:bearing><gpxtpx:speed>24.862112</gpxtpx:speed></gpxtpx:TrackPointExtension></extensions><geoidheight>-35.4</geoidheight><src>gps</src><sat>18</sat><hdop>0.61</hdop><vdop>0.90</vdop><pdop>1.09</pdop><dgpsid>0000</dgpsid></trkpt>
<trkpt lat="29.56244133333333" lon="-114.35616933333334"><ele>370.7</ele><time>2025-12-17T23:10:23.000Z</time><extensions><gpxtpx:TrackPointExtension><gpxtpx:bearing>138.99</gpxtpx:bearing><gpxtpx:speed>25.952808</gpxtpx:speed></gpxtpx:TrackPointExtension></extensions><geoidheight>-35.4</geoidheight><src>gps</src><sat>19</sat><hdop>0.60</hdop><vdop>0.93</vdop><pdop>1.11</pdop><dgpsid>0000</dgpsid></trkpt>
<trkpt lat="29.560481499999998" lon="-114.35423333333334"><ele>374.6</ele><time>2025-12-17T23:10:34.000Z</time><extensions><gpxtpx:TrackPointExtension><gpxtpx:bearing>138.22</gpxtpx:bearing><gpxtpx:speed>26.216862</gpxtpx:speed></gpxtpx:TrackPointExtension></extensions><geoidheight>-35.4</geoidheight><src>gps</src><sat>18</sat><hdop>0.65</hdop><vdop>0.90</vdop><pdop>1.11</pdop><dgpsid>0000</dgpsid></trkpt>
<trkpt lat="29.558601666666664" lon="-114.35211849999999"><ele>373.8</ele><time>2025-12-17T23:10:45.000Z</time><extensions><gpxtpx:TrackPointExtension><gpxtpx:bearing>132.41</gpxtpx:bearing><gpxtpx:speed>26.503048</gpxtpx:speed></gpxtpx:TrackPointExtension></extensions><geoidheight>-35.4</geoidheight><src>gps</src><sat>18</sat><hdop>0.65</hdop><vdop>0.90</vdop><pdop>1.11</pdop><dgpsid>0000</dgpsid></trkpt>
<trkpt lat="29.557042166666665" lon="-114.34984116666668"><ele>372.6</ele><time>2025-12-17T23:10:56.000Z</time><extensions><gpxtpx:TrackPointExtension><gpxtpx:bearing>124.63</gpxtpx:bearing><gpxtpx:speed>25.180725</gpxtpx:speed></gpxtpx:TrackPointExtension></extensions><geoidheight>-35.4</geoidheight><src>gps</src><sat>18</sat><hdop>0.65</hdop><vdop>0.90</vdop><pdop>1.11</pdop><dgpsid>0000</dgpsid></trkpt>
<trkpt lat="29.5556245" lon="-114.34744533333333"><ele>373.4</ele><time>2025-12-17T23:11:07.000Z</time><extensions><gpxtpx:TrackPointExtension><gpxtpx:bearing>123.74</gpxtpx:bearing><gpxtpx:speed>24.827627</gpxtpx:speed></gpxtpx:TrackPointExtension></extensions><geoidheight>-35.4</geoidheight><src>gps</src><sat>19</sat><hdop>0.59</hdop><vdop>0.89</vdop><pdop>1.07</pdop><dgpsid>0000</dgpsid></trkpt>
<trkpt lat="29.554232666666667" lon="-114.34518183333333"><ele>375.4</ele><time>2025-12-17T23:11:18.000Z</time><extensions><gpxtpx:TrackPointExtension><gpxtpx:bearing>129.86</gpxtpx:bearing><gpxtpx:speed>24.601664</gpxtpx:speed></gpxtpx:TrackPointExtension></extensions><geoidheight>-35.4</geoidheight><src>gps</src><sat>18</sat><hdop>0.61</hdop><vdop>0.89</vdop><pdop>1.08</pdop><dgpsid>0000</dgpsid></trkpt>
<trkpt lat="29.55251033333333" lon="-114.34331266666668"><ele>382.7</ele><time>2025-12-17T23:11:29.000Z</time><extensions><gpxtpx:TrackPointExtension><gpxtpx:bearing>142.94</gpxtpx:bearing><gpxtpx:speed>23.55266</gpxtpx:speed></gpxtpx:TrackPointExtension></extensions><geoidheight>-35.4</geoidheight><src>gps</src><sat>19</sat><hdop>0.59</hdop><vdop>0.89</vdop><pdop>1.07</pdop><dgpsid>0000</dgpsid></trkpt>
<trkpt lat="29.550530166666665" lon="-114.34194016666667"><ele>389.7</ele><time>2025-12-17T23:11:40.000Z</time><extensions><gpxtpx:TrackPointExtension><gpxtpx:bearing>151.46</gpxtpx:bearing><gpxtpx:speed>21.890621</gpxtpx:speed></gpxtpx:TrackPointExtension></extensions><geoidheight>-35.4</geoidheight><src>gps</src><sat>19</sat><hdop>0.60</hdop><vdop>0.90</vdop><pdop>1.08</pdop><dgpsid>0000</dgpsid></trkpt>
<trkpt lat="29.54867466666667" lon="-114.34086733333334"><ele>389.5</ele><time>2025-12-17T23:11:51.000Z</time><extensions><gpxtpx:TrackPointExtension><gpxtpx:bearing>153.98</gpxtpx:bearing><gpxtpx:speed>20.74279</gpxtpx:speed></gpxtpx:TrackPointExtension></extensions><geoidheight>-35.4</geoidheight><src>gps</src><sat>18</sat><hdop>0.62</hdop><vdop>0.95</vdop><pdop>1.14</pdop><dgpsid>0000</dgpsid></trkpt>
<trkpt lat="29.54700683333333" lon="-114.33988716666666"><ele>391.8</ele><time>2025-12-17T23:12:02.000Z</time><extensions><gpxtpx:TrackPointExtension><gpxtpx:bearing>153.46</gpxtpx:bearing><gpxtpx:speed>16.622953</gpxtpx:speed></gpxtpx:TrackPointExtension></extensions><geoidheight>-35.4</geoidheight><src>gps</src><sat>16</sat><hdop>0.67</hdop><vdop>1.02</vdop><pdop>1.22</pdop><dgpsid>0000</dgpsid></trkpt>
<trkpt lat="29.545438166666667" lon="-114.33897966666667"><ele>397.1</ele><time>2025-12-17T23:12:13.000Z</time><extensions><gpxtpx:TrackPointExtension><gpxtpx:bearing>152.82</gpxtpx:bearing><gpxtpx:speed>19.060163</gpxtpx:speed></gpxtpx:TrackPointExtension></extensions><geoidheight>-35.4</geoidheight><src>gps</src><sat>18</sat><hdop>0.63</hdop><vdop>0.93</vdop><pdop>1.12</pdop><dgpsid>0000</dgpsid></trkpt>
<trkpt lat="29.54361216666667" lon="-114.33791316666665"><ele>400.9</ele><time>2025-12-17T23:12:24.000Z</time><extensions><gpxtpx:TrackPointExtension><gpxtpx:bearing>152.91</gpxtpx:bearing><gpxtpx:speed>22.073862</gpxtpx:speed></gpxtpx:TrackPointExtension></extensions><geoidheight>-35.4</geoidheight><src>gps</src><sat>16</sat><hdop>0.66</hdop><vdop>0.94</vdop><pdop>1.15</pdop><dgpsid>0000</dgpsid></trkpt>
<trkpt lat="29.54157" lon="-114.33672616666666"><ele>405.1</ele><time>2025-12-17T23:12:35.000Z</time><extensions><gpxtpx:TrackPointExtension><gpxtpx:bearing>152.9</gpxtpx:bearing><gpxtpx:speed>23.778622</gpxtpx:speed></gpxtpx:TrackPointExtension></extensions><geoidheight>-35.4</geoidheight><src>gps</src><sat>17</sat><hdop>0.63</hdop><vdop>0.96</vdop><pdop>1.15</pdop><dgpsid>0000</dgpsid></trkpt>
<trkpt lat="29.539443" lon="-114.33548133333333"><ele>413.1</ele><time>2025-12-17T23:12:46.000Z</time><extensions><gpxtpx:TrackPointExtension><gpxtpx:bearing>153.15</gpxtpx:bearing><gpxtpx:speed>23.990173</gpxtpx:speed></gpxtpx:TrackPointExtension></extensions><geoidheight>-35.4</geoidheight><src>gps</src><sat>18</sat><hdop>0.60</hdop><vdop>0.93</vdop><pdop>1.10</pdop><dgpsid>0000</dgpsid></trkpt>
<trkpt lat="29.537352000000002" lon="-114.33426749999998"><ele>424.5</ele><time>2025-12-17T23:12:57.000Z</time><extensions><gpxtpx:TrackPointExtension><gpxtpx:bearing>153.06</gpxtpx:bearing><gpxtpx:speed>23.657663</gpxtpx:speed></gpxtpx:TrackPointExtension></extensions><geoidheight>-35.4</geoidheight><src>gps</src><sat>18</sat><hdop>0.60</hdop><vdop>0.93</vdop><pdop>1.10</pdop><dgpsid>0000</dgpsid></trkpt>
<trkpt lat="29.5352145" lon="-114.33300733333333"><ele>430.4</ele><time>2025-12-17T23:13:08.000Z</time><extensions><gpxtpx:TrackPointExtension><gpxtpx:bearing>152.89</gpxtpx:bearing><gpxtpx:speed>24.497175</gpxtpx:speed></gpxtpx:TrackPointExtension></extensions><geoidheight>-35.4</geoidheight><src>gps</src><sat>18</sat><hdop>0.60</hdop><vdop>0.93</vdop><pdop>1.10</pdop><dgpsid>0000</dgpsid></trkpt>
<trkpt lat="29.533121833333333" lon="-114.33177516666667"><ele>430.9</ele><time>2025-12-17T23:13:19.000Z</time><extensions><gpxtpx:TrackPointExtension><gpxtpx:bearing>152.66</gpxtpx:bearing><gpxtpx:speed>23.937157</gpxtpx:speed></gpxtpx:TrackPointExtension></extensions><geoidheight>-35.4</geoidheight><src>gps</src><sat>17</sat><hdop>0.63</hdop><vdop>0.93</vdop><pdop>1.12</pdop><dgpsid>0000</dgpsid></trkpt>
<trkpt lat="29.531066666666668" lon="-114.33057883333335"><ele>429.4</ele><time>2025-12-17T23:13:30.000Z</time><extensions><gpxtpx:TrackPointExtension><gpxtpx:bearing>153.27</gpxtpx:bearing><gpxtpx:speed>22.77131</gpxtpx:speed></gpxtpx:TrackPointExtension></extensions><geoidheight>-35.4</geoidheight><src>gps</src><sat>16</sat><hdop>0.67</hdop><vdop>0.97</vdop><pdop>1.18</pdop><dgpsid>0000</dgpsid></trkpt>
<trkpt lat="29.528859166666667" lon="-114.32963316666668"><ele>433.1</ele><time>2025-12-17T23:13:41.000Z</time><extensions><gpxtpx:TrackPointExtension><gpxtpx:bearing>166.19</gpxtpx:bearing><gpxtpx:speed>24.125546</gpxtpx:speed></gpxtpx:TrackPointExtension></extensions><geoidheight>-35.4</geoidheight><src>gps</src><sat>15</sat><hdop>0.70</hdop><vdop>1.09</vdop><pdop>1.30</pdop><dgpsid>0000</dgpsid></trkpt>
<trkpt lat="29.52655516666667" lon="-114.32929766666666"><ele>434.4</ele><time>2025-12-17T23:13:52.000Z</time><extensions><gpxtpx:TrackPointExtension><gpxtpx:bearing>178.83</gpxtpx:bearing><gpxtpx:speed>22.86396</gpxtpx:speed></gpxtpx:TrackPointExtension></extensions><geoidheight>-35.4</geoidheight><src>gps</src><sat>16</sat><hdop>0.68</hdop><vdop>0.99</vdop><pdop>1.20</pdop><dgpsid>0000</dgpsid></trkpt>
<trkpt lat="29.524283833333335" lon="-114.32932016666668"><ele>435.7</ele><time>2025-12-17T23:14:03.000Z</time><extensions><gpxtpx:TrackPointExtension><gpxtpx:bearing>181.22</gpxtpx:bearing><gpxtpx:speed>22.739399</gpxtpx:speed></gpxtpx:TrackPointExtension></extensions><geoidheight>-35.4</geoidheight><src>gps</src><sat>18</sat><hdop>0.61</hdop><vdop>0.89</vdop><pdop>1.08</pdop><dgpsid>0000</dgpsid></trkpt>
<trkpt lat="29.521997666666667" lon="-114.32938416666666"><ele>443.9</ele><time>2025-12-17T23:14:14.000Z</time><extensions><gpxtpx:TrackPointExtension><gpxtpx:bearing>181.14</gpxtpx:bearing><gpxtpx:speed>23.289637</gpxtpx:speed></gpxtpx:TrackPointExtension></extensions><geoidheight>-35.4</geoidheight><src>gps</src><sat>17</sat><hdop>0.61</hdop><vdop>0.89</vdop><pdop>1.08</pdop><dgpsid>0000</dgpsid></trkpt>
<trkpt lat="29.519659333333333" lon="-114.32942033333332"><ele>449.1</ele><time>2025-12-17T23:14:25.000Z</time><extensions><gpxtpx:TrackPointExtension><gpxtpx:bearing>180.73</gpxtpx:bearing><gpxtpx:speed>23.720459</gpxtpx:speed></gpxtpx:TrackPointExtension></extensions><geoidheight>-35.4</geoidheight><src>gps</src><sat>19</sat><hdop>0.59</hdop><vdop>0.89</vdop><pdop>1.06</pdop><dgpsid>0000</dgpsid></trkpt>
<trkpt lat="29.51722933333333" lon="-114.32946150000001"><ele>449.6</ele><time>2025-12-17T23:14:36.000Z</time><extensions><gpxtpx:TrackPointExtension><gpxtpx:bearing>180.96</gpxtpx:bearing><gpxtpx:speed>25.362938</gpxtpx:speed></gpxtpx:TrackPointExtension></extensions><geoidheight>-35.4</geoidheight><src>gps</src><sat>18</sat><hdop>0.58</hdop><vdop>0.86</vdop><pdop>1.04</pdop><dgpsid>0000</dgpsid></trkpt>
<trkpt lat="29.514703333333333" lon="-114.32950433333332"><ele>453.1</ele><time>2025-12-17T23:14:47.000Z</time><extensions><gpxtpx:TrackPointExtension><gpxtpx:bearing>180.71</gpxtpx:bearing><gpxtpx:speed>25.398968</gpxtpx:speed></gpxtpx:TrackPointExtension></extensions><geoidheight>-35.4</geoidheight><src>gps</src><sat>18</sat><hdop>0.58</hdop><vdop>0.86</vdop><pdop>1.04</pdop><dgpsid>0000</dgpsid></trkpt>
<trkpt lat="29.512212999999996" lon="-114.32954999999998"><ele>463.1</ele><time>2025-12-17T23:14:58.000Z</time><extensions><gpxtpx:TrackPointExtension><gpxtpx:bearing>180.73</gpxtpx:bearing><gpxtpx:speed>24.94807</gpxtpx:speed></gpxtpx:TrackPointExtension></extensions><geoidheight>-35.4</geoidheight><src>gps</src><sat>18</sat><hdop>0.60</hdop><vdop>0.86</vdop><pdop>1.05</pdop><dgpsid>0000</dgpsid></trkpt>
<trkpt lat="29.50975916666666" lon="-114.32959799999999"><ele>472.1</ele><time>2025-12-17T23:15:09.000Z</time><extensions><gpxtpx:TrackPointExtension><gpxtpx:bearing>180.65</gpxtpx:bearing><gpxtpx:speed>24.612988</gpxtpx:speed></gpxtpx:TrackPointExtension></extensions><geoidheight>-35.4</geoidheight><src>gps</src><sat>18</sat><hdop>0.58</hdop><vdop>0.86</vdop><pdop>1.03</pdop><dgpsid>0000</dgpsid></trkpt>
<trkpt lat="29.50732833333333" lon="-114.32967283333333"><ele>480.8</ele><time>2025-12-17T23:15:20.000Z</time><extensions><gpxtpx:TrackPointExtension><gpxtpx:bearing>183.27</gpxtpx:bearing><gpxtpx:speed>24.327316</gpxtpx:speed></gpxtpx:TrackPointExtension></extensions><geoidheight>-35.4</geoidheight><src>gps</src><sat>19</sat><hdop>0.56</hdop><vdop>0.82</vdop><pdop>0.99</pdop><dgpsid>0000</dgpsid></trkpt>
<trkpt lat="29.504912166666667" lon="-114.3299235"><ele>488.2</ele><time>2025-12-17T23:15:31.000Z</time><extensions><gpxtpx:TrackPointExtension><gpxtpx:bearing>186.8</gpxtpx:bearing><gpxtpx:speed>24.933659</gpxtpx:speed></gpxtpx:TrackPointExtension></extensions><geoidheight>-35.4</geoidheight><src>gps</src><sat>19</sat><hdop>0.59</hdop><vdop>0.82</vdop><pdop>1.01</pdop><dgpsid>0000</dgpsid></trkpt>
<trkpt lat="29.502461833333335" lon="-114.33034216666668"><ele>493.1</ele><time>2025-12-17T23:15:42.000Z</time><extensions><gpxtpx:TrackPointExtension><gpxtpx:bearing>190.0</gpxtpx:bearing><gpxtpx:speed>25.248154</gpxtpx:speed></gpxtpx:TrackPointExtension></extensions><geoidheight>-35.4</geoidheight><src>gps</src><sat>18</sat><hdop>0.57</hdop><vdop>0.84</vdop><pdop>1.02</pdop><dgpsid>0000</dgpsid></trkpt>
<trkpt lat="29.499995833333333" lon="-114.33085899999999"><ele>500.4</ele><time>2025-12-17T23:15:53.000Z</time><extensions><gpxtpx:TrackPointExtension><gpxtpx:bearing>190.38</gpxtpx:bearing><gpxtpx:speed>24.900202</gpxtpx:speed></gpxtpx:TrackPointExtension></extensions><geoidheight>-35.4</geoidheight><src>gps</src><sat>18</sat><hdop>0.57</hdop><vdop>0.84</vdop><pdop>1.02</pdop><dgpsid>0000</dgpsid></trkpt>
<trkpt lat="29.497599833333332" lon="-114.3313735"><ele>511.1</ele><time>2025-12-17T23:16:04.000Z</time><extensions><gpxtpx:TrackPointExtension><gpxtpx:bearing>190.2</gpxtpx:bearing><gpxtpx:speed>24.151281</gpxtpx:speed></gpxtpx:TrackPointExtension></extensions><geoidheight>-35.4</geoidheight><src>gps</src><sat>18</sat><hdop>0.59</hdop><vdop>0.83</vdop><pdop>1.02</pdop><dgpsid>0000</dgpsid></trkpt>
<trkpt lat="29.495305833333337" lon="-114.33187833333335"><ele>522.1</ele><time>2025-12-17T23:16:15.000Z</time><extensions><gpxtpx:TrackPointExtension><gpxtpx:bearing>191.51</gpxtpx:bearing><gpxtpx:speed>22.739399</gpxtpx:speed></gpxtpx:TrackPointExtension></extensions><geoidheight>-35.4</geoidheight><src>gps</src><sat>18</sat><hdop>0.57</hdop><vdop>0.84</vdop><pdop>1.02</pdop><dgpsid>0000</dgpsid></trkpt>
<trkpt lat="29.493205333333336" lon="-114.33234783333334"><ele>536.0</ele><time>2025-12-17T23:16:26.000Z</time><extensions><gpxtpx:TrackPointExtension><gpxtpx:bearing>190.58</gpxtpx:bearing><gpxtpx:speed>20.54308</gpxtpx:speed></gpxtpx:TrackPointExtension></extensions><geoidheight>-35.4</geoidheight><src>gps</src><sat>18</sat><hdop>0.57</hdop><vdop>0.84</vdop><pdop>1.02</pdop><dgpsid>0000</dgpsid></trkpt>
<trkpt lat="29.491223666666663" lon="-114.33276916666667"><ele>544.6</ele><time>2025-12-17T23:16:37.000Z</time><extensions><gpxtpx:TrackPointExtension><gpxtpx:bearing>190.39</gpxtpx:bearing><gpxtpx:speed>20.670216</gpxtpx:speed></gpxtpx:TrackPointExtension></extensions><geoidheight>-35.4</geoidheight><src>gps</src><sat>17</sat><hdop>0.60</hdop><vdop>0.90</vdop><pdop>1.08</pdop><dgpsid>0000</dgpsid></trkpt>
<trkpt lat="29.489159000000004" lon="-114.33319266666668"><ele>552.5</ele><time>2025-12-17T23:16:48.000Z</time><extensions><gpxtpx:TrackPointExtension><gpxtpx:bearing>187.65</gpxtpx:bearing><gpxtpx:speed>21.55039</gpxtpx:speed></gpxtpx:TrackPointExtension></extensions><geoidheight>-35.4</geoidheight><src>gps</src><sat>17</sat><hdop>0.60</hdop><vdop>0.90</vdop><pdop>1.08</pdop><dgpsid>0000</dgpsid></trkpt>
<trkpt lat="29.486989166666664" lon="-114.333186"><ele>559.9</ele><time>2025-12-17T23:16:59.000Z</time><extensions><gpxtpx:TrackPointExtension><gpxtpx:bearing>173.96</gpxtpx:bearing><gpxtpx:speed>22.351812</gpxtpx:speed></gpxtpx:TrackPointExtension></extensions><geoidheight>-35.4</geoidheight><src>gps</src><sat>18</sat><hdop>0.58</hdop><vdop>0.87</vdop><pdop>1.04</pdop><dgpsid>0000</dgpsid></trkpt>
<trkpt lat="29.48483966666667" lon="-114.33252233333333"><ele>567.4</ele><time>2025-12-17T23:17:10.000Z</time><extensions><gpxtpx:TrackPointExtension><gpxtpx:bearing>158.05</gpxtpx:bearing><gpxtpx:speed>22.740427</gpxtpx:speed></gpxtpx:TrackPointExtension></extensions><geoidheight>-35.4</geoidheight><src>gps</src><sat>16</sat><hdop>0.67</hdop><vdop>0.97</vdop><pdop>1.18</pdop><dgpsid>0000</dgpsid></trkpt>
<trkpt lat="29.4828955" lon="-114.33124350000001"><ele>573.3</ele><time>2025-12-17T23:17:21.000Z</time><extensions><gpxtpx:TrackPointExtension><gpxtpx:bearing>146.03</gpxtpx:bearing><gpxtpx:speed>20.822058</gpxtpx:speed></gpxtpx:TrackPointExtension></extensions><geoidheight>-35.4</geoidheight><src>gps</src><sat>17</sat><hdop>0.59</hdop><vdop>0.90</vdop><pdop>1.07</pdop><dgpsid>0000</dgpsid></trkpt>
<trkpt lat="29.481616500000005" lon="-114.33022033333333"><ele>579.3</ele><time>2025-12-17T23:17:32.000Z</time><extensions><gpxtpx:TrackPointExtension><gpxtpx:bearing>142.87</gpxtpx:bearing><gpxtpx:speed>9.521847</gpxtpx:speed></gpxtpx:TrackPointExtension></extensions><geoidheight>-35.4</geoidheight><src>gps</src><sat>17</sat><hdop>0.63</hdop><vdop>0.97</vdop><pdop>1.16</pdop><dgpsid>0000</dgpsid></trkpt>
<trkpt lat="29.481156666666667" lon="-114.32983966666667"><ele>582.2</ele><time>2025-12-17T23:17:43.000Z</time><extensions><gpxtpx:TrackPointExtension><gpxtpx:bearing>145.61</gpxtpx:bearing><gpxtpx:speed>4.358668</gpxtpx:speed></gpxtpx:TrackPointExtension></extensions><geoidheight>-35.4</geoidheight><src>gps</src><sat>17</sat><hdop>0.63</hdop><vdop>0.97</vdop><pdop>1.15</pdop><dgpsid>0000</dgpsid></trkpt>
<trkpt lat="29.48102183333333" lon="-114.32973349999999"><ele>584.2</ele><time>2025-12-17T23:17:54.000Z</time><extensions><gpxtpx:TrackPointExtension><gpxtpx:bearing>150.37</gpxtpx:bearing><gpxtpx:speed>0.50648665</gpxtpx:speed></gpxtpx:TrackPointExtension></extensions><geoidheight>-35.4</geoidheight><src>gps</src><sat>17</sat><hdop>0.63</hdop><vdop>0.97</vdop><pdop>1.15</pdop><dgpsid>0000</dgpsid></trkpt>
<trkpt lat="29.48096516666667" lon="-114.32968233333334"><ele>587.1</ele><time>2025-12-17T23:18:38.000Z</time><extensions><gpxtpx:TrackPointExtension><gpxtpx:bearing>146.4</gpxtpx:bearing><gpxtpx:speed>0.36236444</gpxtpx:speed></gpxtpx:TrackPointExtension></extensions><geoidheight>-35.4</geoidheight><src>gps</src><sat>17</sat><hdop>0.65</hdop><vdop>1.00</vdop><pdop>1.19</pdop><dgpsid>0000</dgpsid></trkpt>
<trkpt lat="29.480916666666666" lon="-114.32964483333332"><ele>587.4</ele><time>2025-12-17T23:19:00.000Z</time><extensions><gpxtpx:TrackPointExtension><gpxtpx:speed>0.18735889</gpxtpx:speed></gpxtpx:TrackPointExtension></extensions><geoidheight>-35.4</geoidheight><src>gps</src><sat>17</sat><hdop>0.62</hdop><vdop>0.96</vdop><pdop>1.15</pdop><dgpsid>0000</dgpsid></trkpt>
<trkpt lat="29.480653833333335" lon="-114.32946650000001"><ele>590.3</ele><time>2025-12-17T23:23:35.000Z</time><extensions><gpxtpx:TrackPointExtension><gpxtpx:bearing>151.26</gpxtpx:bearing><gpxtpx:speed>8.5840225</gpxtpx:speed></gpxtpx:TrackPointExtension></extensions><geoidheight>-35.4</geoidheight><src>gps</src><sat>15</sat><hdop>0.62</hdop><vdop>0.88</vdop><pdop>1.07</pdop><dgpsid>0000</dgpsid></trkpt>
<trkpt lat="29.47965183333333" lon="-114.32886316666666"><ele>589.8</ele><time>2025-12-17T23:23:46.000Z</time><extensions><gpxtpx:TrackPointExtension><gpxtpx:bearing>153.19</gpxtpx:bearing><gpxtpx:speed>10.835932</gpxtpx:speed></gpxtpx:TrackPointExtension></extensions><geoidheight>-35.4</geoidheight><src>gps</src><sat>16</sat><hdop>0.61</hdop><vdop>0.89</vdop><pdop>1.09</pdop><dgpsid>0000</dgpsid></trkpt>
<trkpt lat="29.478885833333333" lon="-114.32841783333333"><ele>594.8</ele><time>2025-12-17T23:23:57.000Z</time><extensions><gpxtpx:TrackPointExtension><gpxtpx:bearing>154.41</gpxtpx:bearing><gpxtpx:speed>7.339424</gpxtpx:speed></gpxtpx:TrackPointExtension></extensions><geoidheight>-35.4</geoidheight><src>gps</src><sat>17</sat><hdop>0.61</hdop><vdop>0.89</vdop><pdop>1.08</pdop><dgpsid>0000</dgpsid></trkpt>
<trkpt lat="29.478204833333333" lon="-114.32818100000001"><ele>599.1</ele><time>2025-12-17T23:24:08.000Z</time><extensions><gpxtpx:TrackPointExtension><gpxtpx:bearing>167.99</gpxtpx:bearing><gpxtpx:speed>8.484681</gpxtpx:speed></gpxtpx:TrackPointExtension></extensions><geoidheight>-35.4</geoidheight><src>gps</src><sat>17</sat><hdop>0.67</hdop><vdop>0.96</vdop><pdop>1.17</pdop><dgpsid>0000</dgpsid></trkpt>
<trkpt lat="29.477254666666667" lon="-114.32799066666666"><ele>604.0</ele><time>2025-12-17T23:24:19.000Z</time><extensions><gpxtpx:TrackPointExtension><gpxtpx:bearing>171.97</gpxtpx:bearing><gpxtpx:speed>10.041201</gpxtpx:speed></gpxtpx:TrackPointExtension></extensions><geoidheight>-35.4</geoidheight><src>gps</src><sat>15</sat><hdop>0.69</hdop><vdop>1.16</vdop><pdop>1.35</pdop><dgpsid>0000</dgpsid></trkpt>
<trkpt lat="29.4761995" lon="-114.32792766666668"><ele>606.8</ele><time>2025-12-17T23:24:30.000Z</time><extensions><gpxtpx:TrackPointExtension><gpxtpx:bearing>182.24</gpxtpx:bearing><gpxtpx:speed>11.846847</gpxtpx:speed></gpxtpx:TrackPointExtension></extensions><geoidheight>-35.4</geoidheight><src>gps</src><sat>17</sat><hdop>0.81</hdop><vdop>1.29</vdop><pdop>1.53</pdop><dgpsid>0000</dgpsid></trkpt>
<trkpt lat="29.475012" lon="-114.32804466666667"><ele>607.3</ele><time>2025-12-17T23:24:41.000Z</time><extensions><gpxtpx:TrackPointExtension><gpxtpx:bearing>189.27</gpxtpx:bearing><gpxtpx:speed>12.385246</gpxtpx:speed></gpxtpx:TrackPointExtension></extensions><geoidheight>-35.4</geoidheight><src>gps</src><sat>16</sat><hdop>0.66</hdop><vdop>0.93</vdop><pdop>1.14</pdop><dgpsid>0000</dgpsid></trkpt>
<trkpt lat="29.47363833333333" lon="-114.328233"><ele>608.0</ele><time>2025-12-17T23:24:52.000Z</time><extensions><gpxtpx:TrackPointExtension><gpxtpx:bearing>188.43</gpxtpx:bearing><gpxtpx:speed>16.59619</gpxtpx:speed></gpxtpx:TrackPointExtension></extensions><geoidheight>-35.4</geoidheight><src>gps</src><sat>16</sat><hdop>0.66</hdop><vdop>0.93</vdop><pdop>1.14</pdop><dgpsid>0000</dgpsid></trkpt>
<trkpt lat="29.47203416666667" lon="-114.32868116666666"><ele>609.5</ele><time>2025-12-17T23:25:03.000Z</time><extensions><gpxtpx:TrackPointExtension><gpxtpx:bearing>203.43</gpxtpx:bearing><gpxtpx:speed>16.672367</gpxtpx:speed></gpxtpx:TrackPointExtension></extensions><geoidheight>-35.5</geoidheight><src>gps</src><sat>18</sat><hdop>0.68</hdop><vdop>0.99</vdop><pdop>1.20</pdop><dgpsid>0000</dgpsid></trkpt>
<trkpt lat="29.4705255" lon="-114.32973016666668"><ele>612.4</ele><time>2025-12-17T23:25:14.000Z</time><extensions><gpxtpx:TrackPointExtension><gpxtpx:bearing>217.85</gpxtpx:bearing><gpxtpx:speed>18.227343</gpxtpx:speed></gpxtpx:TrackPointExtension></extensions><geoidheight>-35.5</geoidheight><src>gps</src><sat>18</sat><hdop>0.60</hdop><vdop>0.92</vdop><pdop>1.10</pdop><dgpsid>0000</dgpsid></trkpt>
<trkpt lat="29.469269166666663" lon="-114.33107433333335"><ele>626.3</ele><time>2025-12-17T23:25:25.000Z</time><extensions><gpxtpx:TrackPointExtension><gpxtpx:bearing>224.59</gpxtpx:bearing><gpxtpx:speed>16.336254</gpxtpx:speed></gpxtpx:TrackPointExtension></extensions><geoidheight>-35.5</geoidheight><src>gps</src><sat>18</sat><hdop>0.62</hdop><vdop>0.92</vdop><pdop>1.11</pdop><dgpsid>0000</dgpsid></trkpt>
<trkpt lat="29.468096833333334" lon="-114.332397"><ele>634.2</ele><time>2025-12-17T23:25:36.000Z</time><extensions><gpxtpx:TrackPointExtension><gpxtpx:bearing>223.2</gpxtpx:bearing><gpxtpx:speed>16.823696</gpxtpx:speed></gpxtpx:TrackPointExtension></extensions><geoidheight>-35.5</geoidheight><src>gps</src><sat>14</sat><hdop>0.84</hdop><vdop>1.00</vdop><pdop>1.31</pdop><dgpsid>0000</dgpsid></trkpt>
<trkpt lat="29.466888666666666" lon="-114.3337355"><ele>645.6</ele><time>2025-12-17T23:25:47.000Z</time><extensions><gpxtpx:TrackPointExtension><gpxtpx:bearing>224.06</gpxtpx:bearing><gpxtpx:speed>16.950832</gpxtpx:speed></gpxtpx:TrackPointExtension></extensions><geoidheight>-35.5</geoidheight><src>gps</src><sat>16</sat><hdop>0.73</hdop><vdop>0.99</vdop><pdop>1.23</pdop><dgpsid>0000</dgpsid></trkpt>
<trkpt lat="29.465499833333336" lon="-114.33496216666666"><ele>651.4</ele><time>2025-12-17T23:25:58.000Z</time><extensions><gpxtpx:TrackPointExtension><gpxtpx:bearing>207.64</gpxtpx:bearing><gpxtpx:speed>18.201607</gpxtpx:speed></gpxtpx:TrackPointExtension></extensions><geoidheight>-35.5</geoidheight><src>gps</src><sat>16</sat><hdop>0.74</hdop><vdop>1.23</vdop><pdop>1.43</pdop><dgpsid>0000</dgpsid></trkpt>
<trkpt lat="29.463752333333332" lon="-114.33550333333332"><ele>661.6</ele><time>2025-12-17T23:26:09.000Z</time><extensions><gpxtpx:TrackPointExtension><gpxtpx:bearing>183.36</gpxtpx:bearing><gpxtpx:speed>18.902658</gpxtpx:speed></gpxtpx:TrackPointExtension></extensions><geoidheight>-35.5</geoidheight><src>gps</src><sat>14</sat><hdop>0.76</hdop><vdop>1.01</vdop><pdop>1.27</pdop><dgpsid>0000</dgpsid></trkpt>
<trkpt lat="29.46191683333333" lon="-114.33516366666666"><ele>674.3</ele><time>2025-12-17T23:26:20.000Z</time><extensions><gpxtpx:TrackPointExtension><gpxtpx:bearing>160.28</gpxtpx:bearing><gpxtpx:speed>18.786846</gpxtpx:speed></gpxtpx:TrackPointExtension></extensions><geoidheight>-35.5</geoidheight><src>gps</src><sat>15</sat><hdop>0.81</hdop><vdop>1.47</vdop><pdop>1.68</pdop><dgpsid>0000</dgpsid></trkpt>
<trkpt lat="29.46015783333333" lon="-114.33437200000002"><ele>683.6</ele><time>2025-12-17T23:26:31.000Z</time><extensions><gpxtpx:TrackPointExtension><gpxtpx:bearing>159.28</gpxtpx:bearing><gpxtpx:speed>19.619667</gpxtpx:speed></gpxtpx:TrackPointExtension></extensions><geoidheight>-35.5</geoidheight><src>gps</src><sat>13</sat><hdop>0.82</hdop><vdop>1.51</vdop><pdop>1.71</pdop><dgpsid>0000</dgpsid></trkpt>
<trkpt lat="29.458185166666667" lon="-114.33373449999999"><ele>683.5</ele><time>2025-12-17T23:26:42.000Z</time><extensions><gpxtpx:TrackPointExtension><gpxtpx:bearing>169.11</gpxtpx:bearing><gpxtpx:speed>21.250307</gpxtpx:speed></gpxtpx:TrackPointExtension></extensions><geoidheight>-35.5</geoidheight><src>gps</src><sat>14</sat><hdop>0.85</hdop><vdop>1.35</vdop><pdop>1.60</pdop><dgpsid>0000</dgpsid></trkpt>
<trkpt lat="29.455977999999998" lon="-114.33352716666668"><ele>680.0</ele><time>2025-12-17T23:26:53.000Z</time><extensions><gpxtpx:TrackPointExtension><gpxtpx:bearing>180.47</gpxtpx:bearing><gpxtpx:speed>23.025583</gpxtpx:speed></gpxtpx:TrackPointExtension></extensions><geoidheight>-35.5</geoidheight><src>gps</src><sat>16</sat><hdop>0.72</hdop><vdop>1.24</vdop><pdop>1.43</pdop><dgpsid>0000</dgpsid></trkpt>
<trkpt lat="29.453716" lon="-114.33369400000001"><ele>687.3</ele><time>2025-12-17T23:27:04.000Z</time><extensions><gpxtpx:TrackPointExtension><gpxtpx:bearing>184.64</gpxtpx:bearing><gpxtpx:speed>22.481522</gpxtpx:speed></gpxtpx:TrackPointExtension></extensions><geoidheight>-35.5</geoidheight><src>gps</src><sat>16</sat><hdop>0.72</hdop><vdop>1.24</vdop><pdop>1.43</pdop><dgpsid>0000</dgpsid></trkpt>
<trkpt lat="29.4515185" lon="-114.3338805"><ele>696.0</ele><time>2025-12-17T23:27:15.000Z</time><extensions><gpxtpx:TrackPointExtension><gpxtpx:bearing>184.9</gpxtpx:bearing><gpxtpx:speed>22.165998</gpxtpx:speed></gpxtpx:TrackPointExtension></extensions><geoidheight>-35.5</geoidheight><src>gps</src><sat>16</sat><hdop>0.67</hdop><vdop>0.99</vdop><pdop>1.20</pdop><dgpsid>0000</dgpsid></trkpt>
<trkpt lat="29.44936416666667" lon="-114.33393133333333"><ele>704.9</ele><time>2025-12-17T23:27:26.000Z</time><extensions><gpxtpx:TrackPointExtension><gpxtpx:bearing>170.45</gpxtpx:bearing><gpxtpx:speed>21.752676</gpxtpx:speed></gpxtpx:TrackPointExtension></extensions><geoidheight>-35.5</geoidheight><src>gps</src><sat>15</sat><hdop>0.69</hdop><vdop>1.24</vdop><pdop>1.42</pdop><dgpsid>0000</dgpsid></trkpt>
<trkpt lat="29.447580833333337" lon="-114.33297466666666"><ele>711.2</ele><time>2025-12-17T23:27:37.000Z</time><extensions><gpxtpx:TrackPointExtension><gpxtpx:bearing>141.52</gpxtpx:bearing><gpxtpx:speed>20.517342</gpxtpx:speed></gpxtpx:TrackPointExtension></extensions><geoidheight>-35.5</geoidheight><src>gps</src><sat>16</sat><hdop>0.68</hdop><vdop>0.95</vdop><pdop>1.17</pdop><dgpsid>0000</dgpsid></trkpt>
<trkpt lat="29.446324166666667" lon="-114.33103233333334"><ele>718.3</ele><time>2025-12-17T23:27:48.000Z</time><extensions><gpxtpx:TrackPointExtension><gpxtpx:bearing>119.33</gpxtpx:bearing><gpxtpx:speed>22.18144</gpxtpx:speed></gpxtpx:TrackPointExtension></extensions><geoidheight>-35.5</geoidheight><src>gps</src><sat>15</sat><hdop>0.69</hdop><vdop>1.24</vdop><pdop>1.42</pdop><dgpsid>0000</dgpsid></trkpt>
<trkpt lat="29.44525566666667" lon="-114.32880633333335"><ele>726.2</ele><time>2025-12-17T23:27:59.000Z</time><extensions><gpxtpx:TrackPointExtension><gpxtpx:bearing>122.86</gpxtpx:bearing><gpxtpx:speed>22.834106</gpxtpx:speed></gpxtpx:TrackPointExtension></extensions><geoidheight>-35.5</geoidheight><src>gps</src><sat>18</sat><hdop>0.57</hdop><vdop>0.83</vdop><pdop>1.00</pdop><dgpsid>0000</dgpsid></trkpt>
<trkpt lat="29.44381433333333" lon="-114.32677549999998"><ele>727.8</ele><time>2025-12-17T23:28:10.000Z</time><extensions><gpxtpx:TrackPointExtension><gpxtpx:bearing>135.03</gpxtpx:bearing><gpxtpx:speed>24.039072</gpxtpx:speed></gpxtpx:TrackPointExtension></extensions><geoidheight>-35.5</geoidheight><src>gps</src><sat>18</sat><hdop>0.57</hdop><vdop>0.83</vdop><pdop>1.00</pdop><dgpsid>0000</dgpsid></trkpt>
<trkpt lat="29.4419025" lon="-114.32491950000001"><ele>723.7</ele><time>2025-12-17T23:28:21.000Z</time><extensions><gpxtpx:TrackPointExtension><gpxtpx:bearing>141.7</gpxtpx:bearing><gpxtpx:speed>25.49625</gpxtpx:speed></gpxtpx:TrackPointExtension></extensions><geoidheight>-35.5</geoidheight><src>gps</src><sat>17</sat><hdop>0.63</hdop><vdop>0.94</vdop><pdop>1.13</pdop><dgpsid>0000</dgpsid></trkpt>
<trkpt lat="29.43988883333333" lon="-114.32326650000002"><ele>719.0</ele><time>2025-12-17T23:28:32.000Z</time><extensions><gpxtpx:TrackPointExtension><gpxtpx:bearing>154.63</gpxtpx:bearing><gpxtpx:speed>24.39629</gpxtpx:speed></gpxtpx:TrackPointExtension></extensions><geoidheight>-35.5</geoidheight><src>gps</src><sat>17</sat><hdop>0.63</hdop><vdop>0.97</vdop><pdop>1.16</pdop><dgpsid>0000</dgpsid></trkpt>
<trkpt lat="29.437506666666664" lon="-114.32291483333331"><ele>714.7</ele><time>2025-12-17T23:28:43.000Z</time><extensions><gpxtpx:TrackPointExtension><gpxtpx:bearing>189.27</gpxtpx:bearing><gpxtpx:speed>24.843067</gpxtpx:speed></gpxtpx:TrackPointExtension></extensions><geoidheight>-35.5</geoidheight><src>gps</src><sat>18</sat><hdop>0.66</hdop><vdop>1.10</vdop><pdop>1.28</pdop><dgpsid>0000</dgpsid></trkpt>
<trkpt lat="29.43530483333333" lon="-114.32415833333334"><ele>705.4</ele><time>2025-12-17T23:28:54.000Z</time><extensions><gpxtpx:TrackPointExtension><gpxtpx:bearing>214.77</gpxtpx:bearing><gpxtpx:speed>26.604448</gpxtpx:speed></gpxtpx:TrackPointExtension></extensions><geoidheight>-35.5</geoidheight><src>gps</src><sat>18</sat><hdop>0.66</hdop><vdop>1.10</vdop><pdop>1.28</pdop><dgpsid>0000</dgpsid></trkpt>
<trkpt lat="29.433041166666666" lon="-114.326008"><ele>694.4</ele><time>2025-12-17T23:29:05.000Z</time><extensions><gpxtpx:TrackPointExtension><gpxtpx:bearing>217.41</gpxtpx:bearing><gpxtpx:speed>28.231998</gpxtpx:speed></gpxtpx:TrackPointExtension></extensions><geoidheight>-35.5</geoidheight><src>gps</src><sat>18</sat><hdop>0.59</hdop><vdop>0.90</vdop><pdop>1.08</pdop><dgpsid>0000</dgpsid></trkpt>
<trkpt lat="29.4307975" lon="-114.328015"><ele>691.4</ele><time>2025-12-17T23:29:16.000Z</time><extensions><gpxtpx:TrackPointExtension><gpxtpx:bearing>217.83</gpxtpx:bearing><gpxtpx:speed>29.155926</gpxtpx:speed></gpxtpx:TrackPointExtension></extensions><geoidheight>-35.5</geoidheight><src>gps</src><sat>17</sat><hdop>0.69</hdop><vdop>1.11</vdop><pdop>1.30</pdop><dgpsid>0000</dgpsid></trkpt>
<trkpt lat="29.4285" lon="-114.33006116666665"><ele>688.5</ele><time>2025-12-17T23:29:27.000Z</time><extensions><gpxtpx:TrackPointExtension><gpxtpx:bearing>217.9</gpxtpx:bearing><gpxtpx:speed>29.38755</gpxtpx:speed></gpxtpx:TrackPointExtension></extensions><geoidheight>-35.5</geoidheight><src>gps</src><sat>18</sat><hdop>0.57</hdop><vdop>0.82</vdop><pdop>1.00</pdop><dgpsid>0000</dgpsid></trkpt>
<trkpt lat="29.42629133333333" lon="-114.332042"><ele>686.0</ele><time>2025-12-17T23:29:38.000Z</time><extensions><gpxtpx:TrackPointExtension><gpxtpx:bearing>218.09</gpxtpx:bearing><gpxtpx:speed>27.729116</gpxtpx:speed></gpxtpx:TrackPointExtension></extensions><geoidheight>-35.5</geoidheight><src>gps</src><sat>18</sat><hdop>0.58</hdop><vdop>0.82</vdop><pdop>1.01</pdop><dgpsid>0000</dgpsid></trkpt>
<trkpt lat="29.424042666666665" lon="-114.33404333333334"><ele>683.8</ele><time>2025-12-17T23:29:49.000Z</time><extensions><gpxtpx:TrackPointExtension><gpxtpx:bearing>218.03</gpxtpx:bearing><gpxtpx:speed>29.262987</gpxtpx:speed></gpxtpx:TrackPointExtension></extensions><geoidheight>-35.5</geoidheight><src>gps</src><sat>18</sat><hdop>0.60</hdop><vdop>0.91</vdop><pdop>1.09</pdop><dgpsid>0000</dgpsid></trkpt>
<trkpt lat="29.421741833333332" lon="-114.33609516666665"><ele>681.9</ele><time>2025-12-17T23:30:00.000Z</time><extensions><gpxtpx:TrackPointExtension><gpxtpx:bearing>218.14</gpxtpx:bearing><gpxtpx:speed>29.806019</gpxtpx:speed></gpxtpx:TrackPointExtension></extensions><geoidheight>-35.5</geoidheight><src>gps</src><sat>17</sat><hdop>0.62</hdop><vdop>0.91</vdop><pdop>1.10</pdop><dgpsid>0000</dgpsid></trkpt>
<trkpt lat="29.419454499999997" lon="-114.33813583333334"><ele>679.6</ele><time>2025-12-17T23:30:11.000Z</time><extensions><gpxtpx:TrackPointExtension><gpxtpx:bearing>217.92</gpxtpx:bearing><gpxtpx:speed>29.315489</gpxtpx:speed></gpxtpx:TrackPointExtension></extensions><geoidheight>-35.5</geoidheight><src>gps</src><sat>18</sat><hdop>0.56</hdop><vdop>0.80</vdop><pdop>0.98</pdop><dgpsid>0000</dgpsid></trkpt>
<trkpt lat="29.417156833333333" lon="-114.34018816666666"><ele>677.5</ele><time>2025-12-17T23:30:22.000Z</time><extensions><gpxtpx:TrackPointExtension><gpxtpx:bearing>217.9</gpxtpx:bearing><gpxtpx:speed>29.354609</gpxtpx:speed></gpxtpx:TrackPointExtension></extensions><geoidheight>-35.5</geoidheight><src>gps</src><sat>18</sat><hdop>0.56</hdop><vdop>0.80</vdop><pdop>0.97</pdop><dgpsid>0000</dgpsid></trkpt>
<trkpt lat="29.414863" lon="-114.34223300000001"><ele>675.8</ele><time>2025-12-17T23:30:33.000Z</time><extensions><gpxtpx:TrackPointExtension><gpxtpx:bearing>218.47</gpxtpx:bearing><gpxtpx:speed>29.029305</gpxtpx:speed></gpxtpx:TrackPointExtension></extensions><geoidheight>-35.5</geoidheight><src>gps</src><sat>18</sat><hdop>0.56</hdop><vdop>0.80</vdop><pdop>0.97</pdop><dgpsid>0000</dgpsid></trkpt>
<trkpt lat="29.412584" lon="-114.34426299999998"><ele>676.3</ele><time>2025-12-17T23:30:44.000Z</time><extensions><gpxtpx:TrackPointExtension><gpxtpx:bearing>217.95</gpxtpx:bearing><gpxtpx:speed>29.151808</gpxtpx:speed></gpxtpx:TrackPointExtension></extensions><geoidheight>-35.5</geoidheight><src>gps</src><sat>18</sat><hdop>0.58</hdop><vdop>0.87</vdop><pdop>1.05</pdop><dgpsid>0000</dgpsid></trkpt>
<trkpt lat="29.41034666666667" lon="-114.34625816666667"><ele>677.4</ele><time>2025-12-17T23:30:55.000Z</time><extensions><gpxtpx:TrackPointExtension><gpxtpx:bearing>218.02</gpxtpx:bearing><gpxtpx:speed>28.295824</gpxtpx:speed></gpxtpx:TrackPointExtension></extensions><geoidheight>-35.5</geoidheight><src>gps</src><sat>18</sat><hdop>0.60</hdop><vdop>0.87</vdop><pdop>1.06</pdop><dgpsid>0000</dgpsid></trkpt>
<trkpt lat="29.408095333333335" lon="-114.34826166666666"><ele>675.9</ele><time>2025-12-17T23:31:06.000Z</time><extensions><gpxtpx:TrackPointExtension><gpxtpx:bearing>218.1</gpxtpx:bearing><gpxtpx:speed>28.99636</gpxtpx:speed></gpxtpx:TrackPointExtension></extensions><geoidheight>-35.5</geoidheight><src>gps</src><sat>17</sat><hdop>0.57</hdop><vdop>0.82</vdop><pdop>1.00</pdop><dgpsid>0000</dgpsid></trkpt>
<trkpt lat="29.40589" lon="-114.35035333333332"><ele>673.3</ele><time>2025-12-17T23:31:17.000Z</time><extensions><gpxtpx:TrackPointExtension><gpxtpx:bearing>223.16</gpxtpx:bearing><gpxtpx:speed>28.70091</gpxtpx:speed></gpxtpx:TrackPointExtension></extensions><geoidheight>-35.5</geoidheight><src>gps</src><sat>18</sat><hdop>0.55</hdop><vdop>0.79</vdop><pdop>0.97</pdop><dgpsid>0000</dgpsid></trkpt>
<trkpt lat="29.40395416666667" lon="-114.35274400000002"><ele>671.2</ele><time>2025-12-17T23:31:28.000Z</time><extensions><gpxtpx:TrackPointExtension><gpxtpx:bearing>230.74</gpxtpx:bearing><gpxtpx:speed>28.518185</gpxtpx:speed></gpxtpx:TrackPointExtension></extensions><geoidheight>-35.5</geoidheight><src>gps</src><sat>18</sat><hdop>0.55</hdop><vdop>0.79</vdop><pdop>0.97</pdop><dgpsid>0000</dgpsid></trkpt>
<trkpt lat="29.402347333333335" lon="-114.355362"><ele>670.7</ele><time>2025-12-17T23:31:39.000Z</time><extensions><gpxtpx:TrackPointExtension><gpxtpx:bearing>238.83</gpxtpx:bearing><gpxtpx:speed>28.038464</gpxtpx:speed></gpxtpx:TrackPointExtension></extensions><geoidheight>-35.5</geoidheight><src>gps</src><sat>18</sat><hdop>0.55</hdop><vdop>0.79</vdop><pdop>0.97</pdop><dgpsid>0000</dgpsid></trkpt>
<trkpt lat="29.401038499999995" lon="-114.35818266666665"><ele>668.8</ele><time>2025-12-17T23:31:50.000Z</time><extensions><gpxtpx:TrackPointExtension><gpxtpx:bearing>243.3</gpxtpx:bearing><gpxtpx:speed>28.609291</gpxtpx:speed></gpxtpx:TrackPointExtension></extensions><geoidheight>-35.5</geoidheight><src>gps</src><sat>18</sat><hdop>0.55</hdop><vdop>0.79</vdop><pdop>0.96</pdop><dgpsid>0000</dgpsid></trkpt>
<trkpt lat="29.39975666666667" lon="-114.36110083333332"><ele>666.0</ele><time>2025-12-17T23:32:01.000Z</time><extensions><gpxtpx:TrackPointExtension><gpxtpx:bearing>243.29</gpxtpx:bearing><gpxtpx:speed>28.782751</gpxtpx:speed></gpxtpx:TrackPointExtension></extensions><geoidheight>-35.5</geoidheight><src>gps</src><sat>17</sat><hdop>0.59</hdop><vdop>0.82</vdop><pdop>1.01</pdop><dgpsid>0000</dgpsid></trkpt>
<trkpt lat="29.398487999999997" lon="-114.36398366666666"><ele>665.4</ele><time>2025-12-17T23:32:12.000Z</time><extensions><gpxtpx:TrackPointExtension><gpxtpx:bearing>243.35</gpxtpx:bearing><gpxtpx:speed>28.528994</gpxtpx:speed></gpxtpx:TrackPointExtension></extensions><geoidheight>-35.5</geoidheight><src>gps</src><sat>17</sat><hdop>0.61</hdop><vdop>0.82</vdop><pdop>1.02</pdop><dgpsid>0000</dgpsid></trkpt>
<trkpt lat="29.397202166666663" lon="-114.36689416666668"><ele>663.6</ele><time>2025-12-17T23:32:23.000Z</time><extensions><gpxtpx:TrackPointExtension><gpxtpx:bearing>242.79</gpxtpx:bearing><gpxtpx:speed>28.0642</gpxtpx:speed></gpxtpx:TrackPointExtension></extensions><geoidheight>-35.5</geoidheight><src>gps</src><sat>17</sat><hdop>0.59</hdop><vdop>0.82</vdop><pdop>1.01</pdop><dgpsid>0000</dgpsid></trkpt>
<trkpt lat="29.395797500000004" lon="-114.36967449999999"><ele>664.6</ele><time>2025-12-17T23:32:34.000Z</time><extensions><gpxtpx:TrackPointExtension><gpxtpx:bearing>236.0</gpxtpx:bearing><gpxtpx:speed>28.946949</gpxtpx:speed></gpxtpx:TrackPointExtension></extensions><geoidheight>-35.5</geoidheight><src>gps</src><sat>17</sat><hdop>0.61</hdop><vdop>0.82</vdop><pdop>1.02</pdop><dgpsid>0000</dgpsid></trkpt>
<trkpt lat="29.394023999999998" lon="-114.37225633333334"><ele>665.3</ele><time>2025-12-17T23:32:45.000Z</time><extensions><gpxtpx:TrackPointExtension><gpxtpx:bearing>228.02</gpxtpx:bearing><gpxtpx:speed>28.797678</gpxtpx:speed></gpxtpx:TrackPointExtension></extensions><geoidheight>-35.5</geoidheight><src>gps</src><sat>18</sat><hdop>0.55</hdop><vdop>0.79</vdop><pdop>0.96</pdop><dgpsid>0000</dgpsid></trkpt>
<trkpt lat="29.39205516666667" lon="-114.3745665"><ele>665.1</ele><time>2025-12-17T23:32:56.000Z</time><extensions><gpxtpx:TrackPointExtension><gpxtpx:bearing>225.26</gpxtpx:bearing><gpxtpx:speed>28.134201</gpxtpx:speed></gpxtpx:TrackPointExtension></extensions><geoidheight>-35.5</geoidheight><src>gps</src><sat>18</sat><hdop>0.55</hdop><vdop>0.79</vdop><pdop>0.96</pdop><dgpsid>0000</dgpsid></trkpt>
<trkpt lat="29.390122333333338" lon="-114.376787"><ele>664.9</ele><time>2025-12-17T23:33:07.000Z</time><extensions><gpxtpx:TrackPointExtension><gpxtpx:bearing>224.76</gpxtpx:bearing><gpxtpx:speed>26.882912</gpxtpx:speed></gpxtpx:TrackPointExtension></extensions><geoidheight>-35.5</geoidheight><src>gps</src><sat>18</sat><hdop>0.57</hdop><vdop>0.86</vdop><pdop>1.03</pdop><dgpsid>0000</dgpsid></trkpt>
<trkpt lat="29.388289333333333" lon="-114.37890450000002"><ele>665.0</ele><time>2025-12-17T23:33:18.000Z</time><extensions><gpxtpx:TrackPointExtension><gpxtpx:bearing>225.29</gpxtpx:bearing><gpxtpx:speed>26.34966</gpxtpx:speed></gpxtpx:TrackPointExtension></extensions><geoidheight>-35.6</geoidheight><src>gps</src><sat>17</sat><hdop>0.57</hdop><vdop>0.86</vdop><pdop>1.03</pdop><dgpsid>0000</dgpsid></trkpt>
<trkpt lat="29.386620333333333" lon="-114.38082816666665"><ele>664.7</ele><time>2025-12-17T23:33:29.000Z</time><extensions><gpxtpx:TrackPointExtension><gpxtpx:bearing>225.63</gpxtpx:bearing><gpxtpx:speed>21.943638</gpxtpx:speed></gpxtpx:TrackPointExtension></extensions><geoidheight>-35.6</geoidheight><src>gps</src><sat>16</sat><hdop>0.59</hdop><vdop>0.88</vdop><pdop>1.06</pdop><dgpsid>0000</dgpsid></trkpt>
<trkpt lat="29.385462333333333" lon="-114.38220299999999"><ele>665.5</ele><time>2025-12-17T23:33:40.000Z</time><extensions><gpxtpx:TrackPointExtension><gpxtpx:bearing>227.28</gpxtpx:bearing><gpxtpx:speed>9.677293</gpxtpx:speed></gpxtpx:TrackPointExtension></extensions><geoidheight>-35.6</geoidheight><src>gps</src><sat>16</sat><hdop>0.63</hdop><vdop>0.94</vdop><pdop>1.13</pdop><dgpsid>0000</dgpsid></trkpt>
<trkpt lat="29.384750666666665" lon="-114.38200366666666"><ele>665.7</ele><time>2025-12-17T23:33:51.000Z</time><extensions><gpxtpx:TrackPointExtension><gpxtpx:bearing>142.95</gpxtpx:bearing><gpxtpx:speed>12.684814</gpxtpx:speed></gpxtpx:TrackPointExtension></extensions><geoidheight>-35.6</geoidheight><src>gps</src><sat>16</sat><hdop>0.64</hdop><vdop>0.98</vdop><pdop>1.17</pdop><dgpsid>0000</dgpsid></trkpt>
<trkpt lat="29.38343166666667" lon="-114.38084150000002"><ele>664.3</ele><time>2025-12-17T23:34:02.000Z</time><extensions><gpxtpx:TrackPointExtension><gpxtpx:bearing>143.3</gpxtpx:bearing><gpxtpx:speed>19.842028</gpxtpx:speed></gpxtpx:TrackPointExtension></extensions><geoidheight>-35.6</geoidheight><src>gps</src><sat>17</sat><hdop>0.64</hdop><vdop>0.98</vdop><pdop>1.17</pdop><dgpsid>0000</dgpsid></trkpt>
<trkpt lat="29.381777333333336" lon="-114.37942016666666"><ele>663.2</ele><time>2025-12-17T23:34:13.000Z</time><extensions><gpxtpx:TrackPointExtension><gpxtpx:bearing>142.73</gpxtpx:bearing><gpxtpx:speed>20.967724</gpxtpx:speed></gpxtpx:TrackPointExtension></extensions><geoidheight>-35.6</geoidheight><src>gps</src><sat>17</sat><hdop>0.64</hdop><vdop>0.98</vdop><pdop>1.17</pdop><dgpsid>0000</dgpsid></trkpt>
<trkpt lat="29.380030666666666" lon="-114.3779185"><ele>662.0</ele><time>2025-12-17T23:34:24.000Z</time><extensions><gpxtpx:TrackPointExtension><gpxtpx:bearing>143.02</gpxtpx:bearing><gpxtpx:speed>22.909256</gpxtpx:speed></gpxtpx:TrackPointExtension></extensions><geoidheight>-35.6</geoidheight><src>gps</src><sat>17</sat><hdop>0.64</hdop><vdop>0.98</vdop><pdop>1.17</pdop><dgpsid>0000</dgpsid></trkpt>
<trkpt lat="29.378197666666665" lon="-114.37634583333332"><ele>662.0</ele><time>2025-12-17T23:34:35.000Z</time><extensions><gpxtpx:TrackPointExtension><gpxtpx:bearing>142.91</gpxtpx:bearing><gpxtpx:speed>23.009628</gpxtpx:speed></gpxtpx:TrackPointExtension></extensions><geoidheight>-35.6</geoidheight><src>gps</src><sat>17</sat><hdop>0.67</hdop><vdop>1.14</vdop><pdop>1.32</pdop><dgpsid>0000</dgpsid></trkpt>
<trkpt lat="29.376383499999996" lon="-114.37478166666666"><ele>662.5</ele><time>2025-12-17T23:34:46.000Z</time><extensions><gpxtpx:TrackPointExtension><gpxtpx:bearing>142.73</gpxtpx:bearing><gpxtpx:speed>22.501081</gpxtpx:speed></gpxtpx:TrackPointExtension></extensions><geoidheight>-35.6</geoidheight><src>gps</src><sat>18</sat><hdop>0.68</hdop><vdop>1.09</vdop><pdop>1.28</pdop><dgpsid>0000</dgpsid></trkpt>
<trkpt lat="29.374583666666663" lon="-114.37323266666665"><ele>664.0</ele><time>2025-12-17T23:34:57.000Z</time><extensions><gpxtpx:TrackPointExtension><gpxtpx:bearing>143.05</gpxtpx:bearing><gpxtpx:speed>23.41214</gpxtpx:speed></gpxtpx:TrackPointExtension></extensions><geoidheight>-35.6</geoidheight><src>gps</src><sat>18</sat><hdop>0.66</hdop><vdop>1.09</vdop><pdop>1.27</pdop><dgpsid>0000</dgpsid></trkpt>
<trkpt lat="29.372663499999998" lon="-114.37158149999999"><ele>664.2</ele><time>2025-12-17T23:35:08.000Z</time><extensions><gpxtpx:TrackPointExtension><gpxtpx:bearing>142.75</gpxtpx:bearing><gpxtpx:speed>24.92954</gpxtpx:speed></gpxtpx:TrackPointExtension></extensions><geoidheight>-35.6</geoidheight><src>gps</src><sat>18</sat><hdop>0.66</hdop><vdop>1.09</vdop><pdop>1.27</pdop><dgpsid>0000</dgpsid></trkpt>
<trkpt lat="29.37068866666667" lon="-114.369883"><ele>665.0</ele><time>2025-12-17T23:35:19.000Z</time><extensions><gpxtpx:TrackPointExtension><gpxtpx:bearing>143.43</gpxtpx:bearing><gpxtpx:speed>25.163225</gpxtpx:speed></gpxtpx:TrackPointExtension></extensions><geoidheight>-35.6</geoidheight><src>gps</src><sat>18</sat><hdop>0.65</hdop><vdop>1.09</vdop><pdop>1.27</pdop><dgpsid>0000</dgpsid></trkpt>
<trkpt lat="29.368675500000002" lon="-114.36814516666666"><ele>666.6</ele><time>2025-12-17T23:35:30.000Z</time><extensions><gpxtpx:TrackPointExtension><gpxtpx:bearing>142.91</gpxtpx:bearing><gpxtpx:speed>25.270802</gpxtpx:speed></gpxtpx:TrackPointExtension></extensions><geoidheight>-35.5</geoidheight><src>gps</src><sat>18</sat><hdop>0.65</hdop><vdop>1.09</vdop><pdop>1.27</pdop><dgpsid>0000</dgpsid></trkpt>
<trkpt lat="29.366690166666665" lon="-114.366441"><ele>667.2</ele><time>2025-12-17T23:35:41.000Z</time><extensions><gpxtpx:TrackPointExtension><gpxtpx:bearing>142.78</gpxtpx:bearing><gpxtpx:speed>24.498203</gpxtpx:speed></gpxtpx:TrackPointExtension></extensions><geoidheight>-35.5</geoidheight><src>gps</src><sat>18</sat><hdop>0.65</hdop><vdop>1.09</vdop><pdop>1.27</pdop><dgpsid>0000</dgpsid></trkpt>
<trkpt lat="29.365078333333333" lon="-114.36455466666666"><ele>668.0</ele><time>2025-12-17T23:35:52.000Z</time><extensions><gpxtpx:TrackPointExtension><gpxtpx:bearing>123.95</gpxtpx:bearing><gpxtpx:speed>23.349344</gpxtpx:speed></gpxtpx:TrackPointExtension></extensions><geoidheight>-35.5</geoidheight><src>gps</src><sat>18</sat><hdop>0.65</hdop><vdop>1.09</vdop><pdop>1.27</pdop><dgpsid>0000</dgpsid></trkpt>
<trkpt lat="29.36372983333333" lon="-114.36224116666666"><ele>667.0</ele><time>2025-12-17T23:36:03.000Z</time><extensions><gpxtpx:TrackPointExtension><gpxtpx:bearing>123.98</gpxtpx:bearing><gpxtpx:speed>25.35676</gpxtpx:speed></gpxtpx:TrackPointExtension></extensions><geoidheight>-35.5</geoidheight><src>gps</src><sat>18</sat><hdop>0.65</hdop><vdop>1.09</vdop><pdop>1.27</pdop><dgpsid>0000</dgpsid></trkpt>
<trkpt lat="29.36235483333333" lon="-114.35987850000001"><ele>666.1</ele><time>2025-12-17T23:36:14.000Z</time><extensions><gpxtpx:TrackPointExtension><gpxtpx:bearing>123.59</gpxtpx:bearing><gpxtpx:speed>23.74465</gpxtpx:speed></gpxtpx:TrackPointExtension></extensions><geoidheight>-35.5</geoidheight><src>gps</src><sat>18</sat><hdop>0.65</hdop><vdop>1.09</vdop><pdop>1.27</pdop><dgpsid>0000</dgpsid></trkpt>
<trkpt lat="29.361034000000004" lon="-114.35759666666667"><ele>667.0</ele><time>2025-12-17T23:36:25.000Z</time><extensions><gpxtpx:TrackPointExtension><gpxtpx:bearing>123.18</gpxtpx:bearing><gpxtpx:speed>23.972673</gpxtpx:speed></gpxtpx:TrackPointExtension></extensions><geoidheight>-35.5</geoidheight><src>gps</src><sat>17</sat><hdop>0.65</hdop><vdop>1.09</vdop><pdop>1.27</pdop><dgpsid>0000</dgpsid></trkpt>
<trkpt lat="29.359758666666668" lon="-114.3553415"><ele>670.6</ele><time>2025-12-17T23:36:36.000Z</time><extensions><gpxtpx:TrackPointExtension><gpxtpx:bearing>119.28</gpxtpx:bearing><gpxtpx:speed>23.928406</gpxtpx:speed></gpxtpx:TrackPointExtension></extensions><geoidheight>-35.5</geoidheight><src>gps</src><sat>18</sat><hdop>0.65</hdop><vdop>1.08</vdop><pdop>1.27</pdop><dgpsid>0000</dgpsid></trkpt>
<trkpt lat="29.358751999999996" lon="-114.352819"><ele>669.0</ele><time>2025-12-17T23:36:47.000Z</time><extensions><gpxtpx:TrackPointExtension><gpxtpx:bearing>112.75</gpxtpx:bearing><gpxtpx:speed>24.777184</gpxtpx:speed></gpxtpx:TrackPointExtension></extensions><geoidheight>-35.5</geoidheight><src>gps</src><sat>18</sat><hdop>0.65</hdop><vdop>1.08</vdop><pdop>1.27</pdop><dgpsid>0000</dgpsid></trkpt>
<trkpt lat="29.35782733333333" lon="-114.35033100000001"><ele>666.6</ele><time>2025-12-17T23:36:58.000Z</time><extensions><gpxtpx:TrackPointExtension><gpxtpx:bearing>113.06</gpxtpx:bearing><gpxtpx:speed>22.693073</gpxtpx:speed></gpxtpx:TrackPointExtension></extensions><geoidheight>-35.5</geoidheight><src>gps</src><sat>18</sat><hdop>0.65</hdop><vdop>1.08</vdop><pdop>1.26</pdop><dgpsid>0000</dgpsid></trkpt>
<trkpt lat="29.357042499999995" lon="-114.34820999999998"><ele>670.3</ele><time>2025-12-17T23:37:09.000Z</time><extensions><gpxtpx:TrackPointExtension><gpxtpx:bearing>112.44</gpxtpx:bearing><gpxtpx:speed>18.516617</gpxtpx:speed></gpxtpx:TrackPointExtension></extensions><geoidheight>-35.5</geoidheight><src>gps</src><sat>18</sat><hdop>0.65</hdop><vdop>1.08</vdop><pdop>1.26</pdop><dgpsid>0000</dgpsid></trkpt>
<trkpt lat="29.35623233333333" lon="-114.34600299999998"><ele>668.6</ele><time>2025-12-17T23:37:20.000Z</time><extensions><gpxtpx:TrackPointExtension><gpxtpx:bearing>112.71</gpxtpx:bearing><gpxtpx:speed>23.391552</gpxtpx:speed></gpxtpx:TrackPointExtension></extensions><geoidheight>-35.5</geoidheight><src>gps</src><sat>18</sat><hdop>0.65</hdop><vdop>1.08</vdop><pdop>1.26</pdop><dgpsid>0000</dgpsid></trkpt>
<trkpt lat="29.35527216666667" lon="-114.34340733333332"><ele>670.3</ele><time>2025-12-17T23:37:31.000Z</time><extensions><gpxtpx:TrackPointExtension><gpxtpx:bearing>113.29</gpxtpx:bearing><gpxtpx:speed>26.101564</gpxtpx:speed></gpxtpx:TrackPointExtension></extensions><geoidheight>-35.5</geoidheight><src>gps</src><sat>18</sat><hdop>0.65</hdop><vdop>1.08</vdop><pdop>1.26</pdop><dgpsid>0000</dgpsid></trkpt>
<trkpt lat="29.3542455" lon="-114.34064683333332"><ele>672.5</ele><time>2025-12-17T23:37:42.000Z</time><extensions><gpxtpx:TrackPointExtension><gpxtpx:bearing>112.69</gpxtpx:bearing><gpxtpx:speed>26.708937</gpxtpx:speed></gpxtpx:TrackPointExtension></extensions><geoidheight>-35.5</geoidheight><src>gps</src><sat>18</sat><hdop>0.65</hdop><vdop>1.08</vdop><pdop>1.26</pdop><dgpsid>0000</dgpsid></trkpt>
<trkpt lat="29.353224333333333" lon="-114.33789283333333"><ele>676.7</ele><time>2025-12-17T23:37:53.000Z</time><extensions><gpxtpx:TrackPointExtension><gpxtpx:bearing>113.27</gpxtpx:bearing><gpxtpx:speed>25.879719</gpxtpx:speed></gpxtpx:TrackPointExtension></extensions><geoidheight>-35.5</geoidheight><src>gps</src><sat>17</sat><hdop>0.63</hdop><vdop>1.02</vdop><pdop>1.20</pdop><dgpsid>0000</dgpsid></trkpt>
<trkpt lat="29.352269" lon="-114.3353"><ele>685.0</ele><time>2025-12-17T23:38:04.000Z</time><extensions><gpxtpx:TrackPointExtension><gpxtpx:bearing>112.71</gpxtpx:bearing><gpxtpx:speed>23.21706</gpxtpx:speed></gpxtpx:TrackPointExtension></extensions><geoidheight>-35.5</geoidheight><src>gps</src><sat>17</sat><hdop>0.65</hdop><vdop>1.08</vdop><pdop>1.26</pdop><dgpsid>0000</dgpsid></trkpt>
<trkpt lat="29.351380666666667" lon="-114.33288883333334"><ele>683.2</ele><time>2025-12-17T23:38:15.000Z</time><extensions><gpxtpx:TrackPointExtension><gpxtpx:bearing>113.16</gpxtpx:bearing><gpxtpx:speed>23.501186</gpxtpx:speed></gpxtpx:TrackPointExtension></extensions><geoidheight>-35.5</geoidheight><src>gps</src><sat>17</sat><hdop>0.63</hdop><vdop>1.02</vdop><pdop>1.20</pdop><dgpsid>0000</dgpsid></trkpt>
<trkpt lat="29.350407333333337" lon="-114.33078666666667"><ele>684.3</ele><time>2025-12-17T23:38:26.000Z</time><extensions><gpxtpx:TrackPointExtension><gpxtpx:bearing>133.19</gpxtpx:bearing><gpxtpx:speed>20.127184</gpxtpx:speed></gpxtpx:TrackPointExtension></extensions><geoidheight>-35.5</geoidheight><src>gps</src><sat>17</sat><hdop>0.63</hdop><vdop>1.02</vdop><pdop>1.20</pdop><dgpsid>0000</dgpsid></trkpt>
<trkpt lat="29.348693000000004" lon="-114.32904733333335"><ele>676.7</ele><time>2025-12-17T23:38:37.000Z</time><extensions><gpxtpx:TrackPointExtension><gpxtpx:bearing>139.24</gpxtpx:bearing><gpxtpx:speed>24.883732</gpxtpx:speed></gpxtpx:TrackPointExtension></extensions><geoidheight>-35.5</geoidheight><src>gps</src><sat>16</sat><hdop>0.66</hdop><vdop>1.10</vdop><pdop>1.28</pdop><dgpsid>0000</dgpsid></trkpt>
<trkpt lat="29.34681483333333" lon="-114.32718766666667"><ele>674.8</ele><time>2025-12-17T23:38:48.000Z</time><extensions><gpxtpx:TrackPointExtension><gpxtpx:bearing>138.66</gpxtpx:bearing><gpxtpx:speed>24.981014</gpxtpx:speed></gpxtpx:TrackPointExtension></extensions><geoidheight>-35.5</geoidheight><src>gps</src><sat>16</sat><hdop>0.64</hdop><vdop>1.07</vdop><pdop>1.25</pdop><dgpsid>0000</dgpsid></trkpt>
<trkpt lat="29.344977499999995" lon="-114.32536433333334"><ele>677.1</ele><time>2025-12-17T23:38:59.000Z</time><extensions><gpxtpx:TrackPointExtension><gpxtpx:bearing>138.8</gpxtpx:bearing><gpxtpx:speed>24.329376</gpxtpx:speed></gpxtpx:TrackPointExtension></extensions><geoidheight>-35.5</geoidheight><src>gps</src><sat>17</sat><hdop>0.63</hdop><vdop>1.01</vdop><pdop>1.19</pdop><dgpsid>0000</dgpsid></trkpt>
<trkpt lat="29.343179333333335" lon="-114.32358716666667"><ele>681.2</ele><time>2025-12-17T23:39:10.000Z</time><extensions><gpxtpx:TrackPointExtension><gpxtpx:bearing>138.87</gpxtpx:bearing><gpxtpx:speed>23.69987</gpxtpx:speed></gpxtpx:TrackPointExtension></extensions><geoidheight>-35.5</geoidheight><src>gps</src><sat>17</sat><hdop>0.63</hdop><vdop>1.01</vdop><pdop>1.19</pdop><dgpsid>0000</dgpsid></trkpt>
<trkpt lat="29.341397833333335" lon="-114.32182933333334"><ele>685.9</ele><time>2025-12-17T23:39:21.000Z</time><extensions><gpxtpx:TrackPointExtension><gpxtpx:bearing>139.03</gpxtpx:bearing><gpxtpx:speed>23.953114</gpxtpx:speed></gpxtpx:TrackPointExtension></extensions><geoidheight>-35.5</geoidheight><src>gps</src><sat>17</sat><hdop>0.63</hdop><vdop>1.01</vdop><pdop>1.19</pdop><dgpsid>0000</dgpsid></trkpt>
<trkpt lat="29.339586999999998" lon="-114.32003483333334"><ele>688.3</ele><time>2025-12-17T23:39:32.000Z</time><extensions><gpxtpx:TrackPointExtension><gpxtpx:bearing>139.12</gpxtpx:bearing><gpxtpx:speed>24.067896</gpxtpx:speed></gpxtpx:TrackPointExtension></extensions><geoidheight>-35.5</geoidheight><src>gps</src><sat>17</sat><hdop>0.63</hdop><vdop>1.01</vdop><pdop>1.19</pdop><dgpsid>0000</dgpsid></trkpt>
<trkpt lat="29.337782500000003" lon="-114.31824466666667"><ele>689.9</ele><time>2025-12-17T23:39:43.000Z</time><extensions><gpxtpx:TrackPointExtension><gpxtpx:bearing>139.41</gpxtpx:bearing><gpxtpx:speed>24.094147</gpxtpx:speed></gpxtpx:TrackPointExtension></extensions><geoidheight>-35.5</geoidheight><src>gps</src><sat>17</sat><hdop>0.63</hdop><vdop>1.01</vdop><pdop>1.19</pdop><dgpsid>0000</dgpsid></trkpt>
<trkpt lat="29.335927" lon="-114.31640516666667"><ele>693.1</ele><time>2025-12-17T23:39:54.000Z</time><extensions><gpxtpx:TrackPointExtension><gpxtpx:bearing>138.78</gpxtpx:bearing><gpxtpx:speed>24.366436</gpxtpx:speed></gpxtpx:TrackPointExtension></extensions><geoidheight>-35.5</geoidheight><src>gps</src><sat>17</sat><hdop>0.63</hdop><vdop>1.01</vdop><pdop>1.19</pdop><dgpsid>0000</dgpsid></trkpt>
<trkpt lat="29.3341945" lon="-114.31463950000001"><ele>699.1</ele><time>2025-12-17T23:40:05.000Z</time><extensions><gpxtpx:TrackPointExtension><gpxtpx:bearing>132.39</gpxtpx:bearing><gpxtpx:speed>21.0228</gpxtpx:speed></gpxtpx:TrackPointExtension></extensions><geoidheight>-35.5</geoidheight><src>gps</src><sat>18</sat><hdop>0.63</hdop><vdop>1.01</vdop><pdop>1.19</pdop><dgpsid>0000</dgpsid></trkpt>
<trkpt lat="29.333297" lon="-114.3125365"><ele>707.2</ele><time>2025-12-17T23:40:16.000Z</time><extensions><gpxtpx:TrackPointExtension><gpxtpx:bearing>103.95</gpxtpx:bearing><gpxtpx:speed>21.532375</gpxtpx:speed></gpxtpx:TrackPointExtension></extensions><geoidheight>-35.5</geoidheight><src>gps</src><sat>17</sat><hdop>0.63</hdop><vdop>1.01</vdop><pdop>1.19</pdop><dgpsid>0000</dgpsid></trkpt>
<trkpt lat="29.33277233333333" lon="-114.31008150000001"><ele>709.7</ele><time>2025-12-17T23:40:27.000Z</time><extensions><gpxtpx:TrackPointExtension><gpxtpx:bearing>103.46</gpxtpx:bearing><gpxtpx:speed>20.815367</gpxtpx:speed></gpxtpx:TrackPointExtension></extensions><geoidheight>-35.5</geoidheight><src>gps</src><sat>17</sat><hdop>0.63</hdop><vdop>1.01</vdop><pdop>1.19</pdop><dgpsid>0000</dgpsid></trkpt>
<trkpt lat="29.331872166666667" lon="-114.30845583333333"><ele>719.8</ele><time>2025-12-17T23:40:38.000Z</time><extensions><gpxtpx:TrackPointExtension><gpxtpx:bearing>139.91</gpxtpx:bearing><gpxtpx:speed>15.501889</gpxtpx:speed></gpxtpx:TrackPointExtension></extensions><geoidheight>-35.5</geoidheight><src>gps</src><sat>17</sat><hdop>0.63</hdop><vdop>1.01</vdop><pdop>1.19</pdop><dgpsid>0000</dgpsid></trkpt>
<trkpt lat="29.331146166666667" lon="-114.30709933333334"><ele>724.4</ele><time>2025-12-17T23:40:49.000Z</time><extensions><gpxtpx:TrackPointExtension><gpxtpx:bearing>93.16</gpxtpx:bearing><gpxtpx:speed>14.176479</gpxtpx:speed></gpxtpx:TrackPointExtension></extensions><geoidheight>-35.5</geoidheight><src>gps</src><sat>16</sat><hdop>0.64</hdop><vdop>1.06</vdop><pdop>1.24</pdop><dgpsid>0000</dgpsid></trkpt>
<trkpt lat="29.331256666666665" lon="-114.30571300000001"><ele>732.3</ele><time>2025-12-17T23:41:00.000Z</time><extensions><gpxtpx:TrackPointExtension><gpxtpx:bearing>90.19</gpxtpx:bearing><gpxtpx:speed>6.468514</gpxtpx:speed></gpxtpx:TrackPointExtension></extensions><geoidheight>-35.5</geoidheight><src>gps</src><sat>16</sat><hdop>0.72</hdop><vdop>1.22</vdop><pdop>1.42</pdop><dgpsid>0000</dgpsid></trkpt>
<trkpt lat="29.331227166666668" lon="-114.305354"><ele>733.2</ele><time>2025-12-17T23:41:11.000Z</time><extensions><gpxtpx:TrackPointExtension><gpxtpx:bearing>100.21</gpxtpx:bearing><gpxtpx:speed>3.2226758</gpxtpx:speed></gpxtpx:TrackPointExtension></extensions><geoidheight>-35.5</geoidheight><src>gps</src><sat>16</sat><hdop>0.87</hdop><vdop>1.46</vdop><pdop>1.70</pdop><dgpsid>0000</dgpsid></trkpt>
<trkpt lat="29.33113916666667" lon="-114.30495266666667"><ele>733.9</ele><time>2025-12-17T23:41:22.000Z</time><extensions><gpxtpx:TrackPointExtension><gpxtpx:bearing>106.72</gpxtpx:bearing><gpxtpx:speed>4.4333024</gpxtpx:speed></gpxtpx:TrackPointExtension></extensions><geoidheight>-35.5</geoidheight><src>gps</src><sat>17</sat><hdop>0.69</hdop><vdop>1.13</vdop><pdop>1.32</pdop><dgpsid>0000</dgpsid></trkpt>
<trkpt lat="29.330871333333334" lon="-114.30412083333334"><ele>732.3</ele><time>2025-12-17T23:41:33.000Z</time><extensions><gpxtpx:TrackPointExtension><gpxtpx:bearing>113.88</gpxtpx:bearing><gpxtpx:speed>10.087526</gpxtpx:speed></gpxtpx:TrackPointExtension></extensions><geoidheight>-35.5</geoidheight><src>gps</src><sat>18</sat><hdop>0.65</hdop><vdop>1.07</vdop><pdop>1.25</pdop><dgpsid>0000</dgpsid></trkpt>
<trkpt lat="29.330180333333335" lon="-114.30307733333332"><ele>723.6</ele><time>2025-12-17T23:41:44.000Z</time><extensions><gpxtpx:TrackPointExtension><gpxtpx:bearing>139.6</gpxtpx:bearing><gpxtpx:speed>12.916439</gpxtpx:speed></gpxtpx:TrackPointExtension></extensions><geoidheight>-35.5</geoidheight><src>gps</src><sat>16</sat><hdop>0.69</hdop><vdop>1.12</vdop><pdop>1.32</pdop><dgpsid>0000</dgpsid></trkpt>
<trkpt lat="29.32928" lon="-114.30227916666666"><ele>717.7</ele><time>2025-12-17T23:41:55.000Z</time><extensions><gpxtpx:TrackPointExtension><gpxtpx:bearing>142.47</gpxtpx:bearing><gpxtpx:speed>9.463683</gpxtpx:speed></gpxtpx:TrackPointExtension></extensions><geoidheight>-35.5</geoidheight><src>gps</src><sat>15</sat><hdop>0.75</hdop><vdop>1.36</vdop><pdop>1.55</pdop><dgpsid>0000</dgpsid></trkpt>
<trkpt lat="29.328546666666664" lon="-114.30145599999999"><ele>709.6</ele><time>2025-12-17T23:42:06.000Z</time><extensions><gpxtpx:TrackPointExtension><gpxtpx:bearing>117.34</gpxtpx:bearing><gpxtpx:speed>10.7170315</gpxtpx:speed></gpxtpx:TrackPointExtension></extensions><geoidheight>-35.5</geoidheight><src>gps</src><sat>16</sat><hdop>0.70</hdop><vdop>1.25</vdop><pdop>1.44</pdop><dgpsid>0000</dgpsid></trkpt>
<trkpt lat="29.328401" lon="-114.30030433333334"><ele>705.6</ele><time>2025-12-17T23:42:17.000Z</time><extensions><gpxtpx:TrackPointExtension><gpxtpx:bearing>90.5</gpxtpx:bearing><gpxtpx:speed>10.962554</gpxtpx:speed></gpxtpx:TrackPointExtension></extensions><geoidheight>-35.5</geoidheight><src>gps</src><sat>16</sat><hdop>0.74</hdop><vdop>1.37</vdop><pdop>1.55</pdop><dgpsid>0000</dgpsid></trkpt>
<trkpt lat="29.328160166666667" lon="-114.29887666666667"><ele>695.5</ele><time>2025-12-17T23:42:28.000Z</time><extensions><gpxtpx:TrackPointExtension><gpxtpx:bearing>113.09</gpxtpx:bearing><gpxtpx:speed>14.427664</gpxtpx:speed></gpxtpx:TrackPointExtension></extensions><geoidheight>-35.5</geoidheight><src>gps</src><sat>16</sat><hdop>0.70</hdop><vdop>1.25</vdop><pdop>1.43</pdop><dgpsid>0000</dgpsid></trkpt>
<trkpt lat="29.327222833333334" lon="-114.2975085"><ele>687.5</ele><time>2025-12-17T23:42:39.000Z</time><extensions><gpxtpx:TrackPointExtension><gpxtpx:bearing>133.71</gpxtpx:bearing><gpxtpx:speed>15.531228</gpxtpx:speed></gpxtpx:TrackPointExtension></extensions><geoidheight>-35.5</geoidheight><src>gps</src><sat>16</sat><hdop>0.66</hdop><vdop>1.12</vdop><pdop>1.30</pdop><dgpsid>0000</dgpsid></trkpt>
<trkpt lat="29.32619516666667" lon="-114.29623500000001"><ele>680.6</ele><time>2025-12-17T23:42:50.000Z</time><extensions><gpxtpx:TrackPointExtension><gpxtpx:bearing>133.12</gpxtpx:bearing><gpxtpx:speed>16.10463</gpxtpx:speed></gpxtpx:TrackPointExtension></extensions><geoidheight>-35.5</geoidheight><src>gps</src><sat>16</sat><hdop>0.68</hdop><vdop>1.15</vdop><pdop>1.34</pdop><dgpsid>0000</dgpsid></trkpt>
<trkpt lat="29.32521733333333" lon="-114.29477366666667"><ele>675.0</ele><time>2025-12-17T23:43:01.000Z</time><extensions><gpxtpx:TrackPointExtension><gpxtpx:bearing>122.57</gpxtpx:bearing><gpxtpx:speed>16.38155</gpxtpx:speed></gpxtpx:TrackPointExtension></extensions><geoidheight>-35.5</geoidheight><src>gps</src><sat>17</sat><hdop>0.66</hdop><vdop>1.12</vdop><pdop>1.30</pdop><dgpsid>0000</dgpsid></trkpt>
<trkpt lat="29.3242245" lon="-114.29302350000002"><ele>670.1</ele><time>2025-12-17T23:43:12.000Z</time><extensions><gpxtpx:TrackPointExtension><gpxtpx:bearing>122.28</gpxtpx:bearing><gpxtpx:speed>19.88269</gpxtpx:speed></gpxtpx:TrackPointExtension></extensions><geoidheight>-35.5</geoidheight><src>gps</src><sat>17</sat><hdop>0.66</hdop><vdop>1.12</vdop><pdop>1.30</pdop><dgpsid>0000</dgpsid></trkpt>
<trkpt lat="29.3231305" lon="-114.29108599999999"><ele>665.0</ele><time>2025-12-17T23:43:23.000Z</time><extensions><gpxtpx:TrackPointExtension><gpxtpx:bearing>122.47</gpxtpx:bearing><gpxtpx:speed>20.135418</gpxtpx:speed></gpxtpx:TrackPointExtension></extensions><geoidheight>-35.5</geoidheight><src>gps</src><sat>17</sat><hdop>0.66</hdop><vdop>1.12</vdop><pdop>1.30</pdop><dgpsid>0000</dgpsid></trkpt>
<trkpt lat="29.322030666666667" lon="-114.28924716666667"><ele>658.7</ele><time>2025-12-17T23:43:34.000Z</time><extensions><gpxtpx:TrackPointExtension><gpxtpx:bearing>126.41</gpxtpx:bearing><gpxtpx:speed>20.061813</gpxtpx:speed></gpxtpx:TrackPointExtension></extensions><geoidheight>-35.5</geoidheight><src>gps</src><sat>17</sat><hdop>0.66</hdop><vdop>1.12</vdop><pdop>1.30</pdop><dgpsid>0000</dgpsid></trkpt>
<trkpt lat="29.320827" lon="-114.28745400000001"><ele>653.5</ele><time>2025-12-17T23:43:45.000Z</time><extensions><gpxtpx:TrackPointExtension><gpxtpx:bearing>127.46</gpxtpx:bearing><gpxtpx:speed>19.149725</gpxtpx:speed></gpxtpx:TrackPointExtension></extensions><geoidheight>-35.5</geoidheight><src>gps</src><sat>17</sat><hdop>0.66</hdop><vdop>1.12</vdop><pdop>1.30</pdop><dgpsid>0000</dgpsid></trkpt>
<trkpt lat="29.319806333333336" lon="-114.285413"><ele>646.9</ele><time>2025-12-17T23:43:56.000Z</time><extensions><gpxtpx:TrackPointExtension><gpxtpx:bearing>116.62</gpxtpx:bearing><gpxtpx:speed>22.527332</gpxtpx:speed></gpxtpx:TrackPointExtension></extensions><geoidheight>-35.5</geoidheight><src>gps</src><sat>16</sat><hdop>0.70</hdop><vdop>1.24</vdop><pdop>1.43</pdop><dgpsid>0000</dgpsid></trkpt>
<trkpt lat="29.318847833333333" lon="-114.28317066666665"><ele>645.3</ele><time>2025-12-17T23:44:07.000Z</time><extensions><gpxtpx:TrackPointExtension><gpxtpx:bearing>116.59</gpxtpx:bearing><gpxtpx:speed>21.58642</gpxtpx:speed></gpxtpx:TrackPointExtension></extensions><geoidheight>-35.5</geoidheight><src>gps</src><sat>16</sat><hdop>0.70</hdop><vdop>1.24</vdop><pdop>1.43</pdop><dgpsid>0000</dgpsid></trkpt>
<trkpt lat="29.317824166666664" lon="-114.28102733333331"><ele>643.2</ele><time>2025-12-17T23:44:18.000Z</time><extensions><gpxtpx:TrackPointExtension><gpxtpx:bearing>121.11</gpxtpx:bearing><gpxtpx:speed>22.05379</gpxtpx:speed></gpxtpx:TrackPointExtension></extensions><geoidheight>-35.5</geoidheight><src>gps</src><sat>16</sat><hdop>0.64</hdop><vdop>1.05</vdop><pdop>1.23</pdop><dgpsid>0000</dgpsid></trkpt>
<trkpt lat="29.31674483333334" lon="-114.2789785"><ele>640.1</ele><time>2025-12-17T23:44:29.000Z</time><extensions><gpxtpx:TrackPointExtension><gpxtpx:bearing>121.17</gpxtpx:bearing><gpxtpx:speed>20.63264</gpxtpx:speed></gpxtpx:TrackPointExtension></extensions><geoidheight>-35.5</geoidheight><src>gps</src><sat>16</sat><hdop>0.64</hdop><vdop>1.05</vdop><pdop>1.23</pdop><dgpsid>0000</dgpsid></trkpt>
<trkpt lat="29.31571816666667" lon="-114.27703266666667"><ele>642.2</ele><time>2025-12-17T23:44:40.000Z</time><extensions><gpxtpx:TrackPointExtension><gpxtpx:bearing>120.51</gpxtpx:bearing><gpxtpx:speed>18.37301</gpxtpx:speed></gpxtpx:TrackPointExtension></extensions><geoidheight>-35.5</geoidheight><src>gps</src><sat>16</sat><hdop>0.64</hdop><vdop>1.05</vdop><pdop>1.23</pdop><dgpsid>0000</dgpsid></trkpt>
<trkpt lat="29.3147765" lon="-114.27517449999999"><ele>636.0</ele><time>2025-12-17T23:44:51.000Z</time><extensions><gpxtpx:TrackPointExtension><gpxtpx:bearing>120.59</gpxtpx:bearing><gpxtpx:speed>21.46752</gpxtpx:speed></gpxtpx:TrackPointExtension></extensions><geoidheight>-35.5</geoidheight><src>gps</src><sat>16</sat><hdop>0.69</hdop><vdop>1.10</vdop><pdop>1.30</pdop><dgpsid>0000</dgpsid></trkpt>
<trkpt lat="29.313535833333336" lon="-114.2729025"><ele>627.8</ele><time>2025-12-17T23:45:02.000Z</time><extensions><gpxtpx:TrackPointExtension><gpxtpx:bearing>120.74</gpxtpx:bearing><gpxtpx:speed>23.492952</gpxtpx:speed></gpxtpx:TrackPointExtension></extensions><geoidheight>-35.5</geoidheight><src>gps</src><sat>16</sat><hdop>0.64</hdop><vdop>1.05</vdop><pdop>1.23</pdop><dgpsid>0000</dgpsid></trkpt>
<trkpt lat="29.3123745" lon="-114.27075233333335"><ele>624.7</ele><time>2025-12-17T23:45:13.000Z</time><extensions><gpxtpx:TrackPointExtension><gpxtpx:bearing>124.87</gpxtpx:bearing><gpxtpx:speed>21.07942</gpxtpx:speed></gpxtpx:TrackPointExtension></extensions><geoidheight>-35.5</geoidheight><src>gps</src><sat>16</sat><hdop>0.64</hdop><vdop>1.05</vdop><pdop>1.23</pdop><dgpsid>0000</dgpsid></trkpt>
<trkpt lat="29.311046333333334" lon="-114.26875833333334"><ele>621.7</ele><time>2025-12-17T23:45:24.000Z</time><extensions><gpxtpx:TrackPointExtension><gpxtpx:bearing>127.62</gpxtpx:bearing><gpxtpx:speed>22.909256</gpxtpx:speed></gpxtpx:TrackPointExtension></extensions><geoidheight>-35.5</geoidheight><src>gps</src><sat>16</sat><hdop>0.65</hdop><vdop>1.05</vdop><pdop>1.24</pdop><dgpsid>0000</dgpsid></trkpt>
<trkpt lat="29.309645500000002" lon="-114.26669433333333"><ele>617.7</ele><time>2025-12-17T23:45:35.000Z</time><extensions><gpxtpx:TrackPointExtension><gpxtpx:bearing>127.57</gpxtpx:bearing><gpxtpx:speed>23.046173</gpxtpx:speed></gpxtpx:TrackPointExtension></extensions><geoidheight>-35.5</geoidheight><src>gps</src><sat>16</sat><hdop>0.64</hdop><vdop>1.05</vdop><pdop>1.23</pdop><dgpsid>0000</dgpsid></trkpt>
<trkpt lat="29.308229166666667" lon="-114.2646"><ele>614.8</ele><time>2025-12-17T23:45:46.000Z</time><extensions><gpxtpx:TrackPointExtension><gpxtpx:bearing>127.63</gpxtpx:bearing><gpxtpx:speed>24.169811</gpxtpx:speed></gpxtpx:TrackPointExtension></extensions><geoidheight>-35.5</geoidheight><src>gps</src><sat>16</sat><hdop>0.68</hdop><vdop>1.05</vdop><pdop>1.25</pdop><dgpsid>0000</dgpsid></trkpt>
<trkpt lat="29.306750166666667" lon="-114.26241683333335"><ele>612.2</ele><time>2025-12-17T23:45:57.000Z</time><extensions><gpxtpx:TrackPointExtension><gpxtpx:bearing>127.68</gpxtpx:bearing><gpxtpx:speed>24.207901</gpxtpx:speed></gpxtpx:TrackPointExtension></extensions><geoidheight>-35.5</geoidheight><src>gps</src><sat>16</sat><hdop>0.67</hdop><vdop>1.05</vdop><pdop>1.24</pdop><dgpsid>0000</dgpsid></trkpt>
<trkpt lat="29.305292" lon="-114.26025016666667"><ele>608.7</ele><time>2025-12-17T23:46:08.000Z</time><extensions><gpxtpx:TrackPointExtension><gpxtpx:bearing>127.65</gpxtpx:bearing><gpxtpx:speed>24.248564</gpxtpx:speed></gpxtpx:TrackPointExtension></extensions><geoidheight>-35.4</geoidheight><src>gps</src><sat>16</sat><hdop>0.64</hdop><vdop>1.05</vdop><pdop>1.23</pdop><dgpsid>0000</dgpsid></trkpt>
<trkpt lat="29.303974" lon="-114.25807183333333"><ele>609.4</ele><time>2025-12-17T23:46:19.000Z</time><extensions><gpxtpx:TrackPointExtension><gpxtpx:bearing>116.29</gpxtpx:bearing><gpxtpx:speed>23.730238</gpxtpx:speed></gpxtpx:TrackPointExtension></extensions><geoidheight>-35.4</geoidheight><src>gps</src><sat>16</sat><hdop>0.64</hdop><vdop>1.05</vdop><pdop>1.23</pdop><dgpsid>0000</dgpsid></trkpt>
<trkpt lat="29.30295233333333" lon="-114.25557249999999"><ele>608.2</ele><time>2025-12-17T23:46:30.000Z</time><extensions><gpxtpx:TrackPointExtension><gpxtpx:bearing>115.08</gpxtpx:bearing><gpxtpx:speed>25.04175</gpxtpx:speed></gpxtpx:TrackPointExtension></extensions><geoidheight>-35.4</geoidheight><src>gps</src><sat>16</sat><hdop>0.68</hdop><vdop>1.16</vdop><pdop>1.35</pdop><dgpsid>0000</dgpsid></trkpt>
<trkpt lat="29.301887166666667" lon="-114.25304083333334"><ele>606.4</ele><time>2025-12-17T23:46:41.000Z</time><extensions><gpxtpx:TrackPointExtension><gpxtpx:bearing>119.53</gpxtpx:bearing><gpxtpx:speed>23.926863</gpxtpx:speed></gpxtpx:TrackPointExtension></extensions><geoidheight>-35.4</geoidheight><src>gps</src><sat>16</sat><hdop>0.64</hdop><vdop>1.05</vdop><pdop>1.22</pdop><dgpsid>0000</dgpsid></trkpt>
<trkpt lat="29.3003645" lon="-114.25092283333333"><ele>602.5</ele><time>2025-12-17T23:46:52.000Z</time><extensions><gpxtpx:TrackPointExtension><gpxtpx:bearing>131.98</gpxtpx:bearing><gpxtpx:speed>25.006235</gpxtpx:speed></gpxtpx:TrackPointExtension></extensions><geoidheight>-35.4</geoidheight><src>gps</src><sat>16</sat><hdop>0.66</hdop><vdop>1.10</vdop><pdop>1.28</pdop><dgpsid>0000</dgpsid></trkpt>
<trkpt lat="29.29871933333333" lon="-114.24881283333335"><ele>595.3</ele><time>2025-12-17T23:47:03.000Z</time><extensions><gpxtpx:TrackPointExtension><gpxtpx:bearing>131.75</gpxtpx:bearing><gpxtpx:speed>23.27574</gpxtpx:speed></gpxtpx:TrackPointExtension></extensions><geoidheight>-35.4</geoidheight><src>gps</src><sat>16</sat><hdop>0.64</hdop><vdop>1.04</vdop><pdop>1.22</pdop><dgpsid>0000</dgpsid></trkpt>
<trkpt lat="29.2973695" lon="-114.24707966666668"><ele>593.3</ele><time>2025-12-17T23:47:14.000Z</time><extensions><gpxtpx:TrackPointExtension><gpxtpx:bearing>131.6</gpxtpx:bearing><gpxtpx:speed>20.933752</gpxtpx:speed></gpxtpx:TrackPointExtension></extensions><geoidheight>-35.4</geoidheight><src>gps</src><sat>16</sat><hdop>0.64</hdop><vdop>1.04</vdop><pdop>1.22</pdop><dgpsid>0000</dgpsid></trkpt>
<trkpt lat="29.295899333333335" lon="-114.24518616666667"><ele>591.4</ele><time>2025-12-17T23:47:25.000Z</time><extensions><gpxtpx:TrackPointExtension><gpxtpx:bearing>131.2</gpxtpx:bearing><gpxtpx:speed>23.120293</gpxtpx:speed></gpxtpx:TrackPointExtension></extensions><geoidheight>-35.4</geoidheight><src>gps</src><sat>16</sat><hdop>0.64</hdop><vdop>1.04</vdop><pdop>1.22</pdop><dgpsid>0000</dgpsid></trkpt>
<trkpt lat="29.294371500000004" lon="-114.24323266666667"><ele>589.8</ele><time>2025-12-17T23:47:36.000Z</time><extensions><gpxtpx:TrackPointExtension><gpxtpx:bearing>131.65</gpxtpx:bearing><gpxtpx:speed>23.388977</gpxtpx:speed></gpxtpx:TrackPointExtension></extensions><geoidheight>-35.4</geoidheight><src>gps</src><sat>16</sat><hdop>0.64</hdop><vdop>1.04</vdop><pdop>1.22</pdop><dgpsid>0000</dgpsid></trkpt>
<trkpt lat="29.293052333333335" lon="-114.24097616666668"><ele>594.2</ele><time>2025-12-17T23:47:47.000Z</time><extensions><gpxtpx:TrackPointExtension><gpxtpx:bearing>120.25</gpxtpx:bearing><gpxtpx:speed>24.269154</gpxtpx:speed></gpxtpx:TrackPointExtension></extensions><geoidheight>-35.4</geoidheight><src>gps</src><sat>16</sat><hdop>0.64</hdop><vdop>1.04</vdop><pdop>1.22</pdop><dgpsid>0000</dgpsid></trkpt>
<trkpt lat="29.291940500000003" lon="-114.23879366666667"><ele>603.6</ele><time>2025-12-17T23:47:58.000Z</time><extensions><gpxtpx:TrackPointExtension><gpxtpx:bearing>120.46</gpxtpx:bearing><gpxtpx:speed>20.903898</gpxtpx:speed></gpxtpx:TrackPointExtension></extensions><geoidheight>-35.4</geoidheight><src>gps</src><sat>16</sat><hdop>0.68</hdop><vdop>1.15</vdop><pdop>1.34</pdop><dgpsid>0000</dgpsid></trkpt>
<trkpt lat="29.290873333333334" lon="-114.23670083333333"><ele>599.4</ele><time>2025-12-17T23:48:09.000Z</time><extensions><gpxtpx:TrackPointExtension><gpxtpx:bearing>120.23</gpxtpx:bearing><gpxtpx:speed>21.957535</gpxtpx:speed></gpxtpx:TrackPointExtension></extensions><geoidheight>-35.4</geoidheight><src>gps</src><sat>16</sat><hdop>0.63</hdop><vdop>1.04</vdop><pdop>1.22</pdop><dgpsid>0000</dgpsid></trkpt>
<trkpt lat="29.289757833333336" lon="-114.23450383333332"><ele>597.1</ele><time>2025-12-17T23:48:20.000Z</time><extensions><gpxtpx:TrackPointExtension><gpxtpx:bearing>120.15</gpxtpx:bearing><gpxtpx:speed>21.77069</gpxtpx:speed></gpxtpx:TrackPointExtension></extensions><geoidheight>-35.4</geoidheight><src>gps</src><sat>16</sat><hdop>0.65</hdop><vdop>1.04</vdop><pdop>1.23</pdop><dgpsid>0000</dgpsid></trkpt>
<trkpt lat="29.2886865" lon="-114.23238833333335"><ele>593.6</ele><time>2025-12-17T23:48:31.000Z</time><extensions><gpxtpx:TrackPointExtension><gpxtpx:bearing>120.09</gpxtpx:bearing><gpxtpx:speed>21.992022</gpxtpx:speed></gpxtpx:TrackPointExtension></extensions><geoidheight>-35.4</geoidheight><src>gps</src><sat>16</sat><hdop>0.63</hdop><vdop>1.04</vdop><pdop>1.22</pdop><dgpsid>0000</dgpsid></trkpt>
<trkpt lat="29.28755416666667" lon="-114.23016583333334"><ele>580.8</ele><time>2025-12-17T23:48:42.000Z</time><extensions><gpxtpx:TrackPointExtension><gpxtpx:bearing>120.25</gpxtpx:bearing><gpxtpx:speed>23.216545</gpxtpx:speed></gpxtpx:TrackPointExtension></extensions><geoidheight>-35.4</geoidheight><src>gps</src><sat>16</sat><hdop>0.63</hdop><vdop>1.04</vdop><pdop>1.22</pdop><dgpsid>0000</dgpsid></trkpt>
<trkpt lat="29.286375500000002" lon="-114.22785333333334"><ele>569.3</ele><time>2025-12-17T23:48:53.000Z</time><extensions><gpxtpx:TrackPointExtension><gpxtpx:bearing>119.74</gpxtpx:bearing><gpxtpx:speed>23.86664</gpxtpx:speed></gpxtpx:TrackPointExtension></extensions><geoidheight>-35.4</geoidheight><src>gps</src><sat>16</sat><hdop>0.68</hdop><vdop>1.15</vdop><pdop>1.34</pdop><dgpsid>0000</dgpsid></trkpt>
<trkpt lat="29.285261" lon="-114.22563316666668"><ele>571.9</ele><time>2025-12-17T23:49:04.000Z</time><extensions><gpxtpx:TrackPointExtension><gpxtpx:bearing>117.82</gpxtpx:bearing><gpxtpx:speed>21.23538</gpxtpx:speed></gpxtpx:TrackPointExtension></extensions><geoidheight>-35.4</geoidheight><src>gps</src><sat>16</sat><hdop>0.63</hdop><vdop>1.04</vdop><pdop>1.21</pdop><dgpsid>0000</dgpsid></trkpt>
<trkpt lat="29.2845225" lon="-114.22334933333335"><ele>567.6</ele><time>2025-12-17T23:49:15.000Z</time><extensions><gpxtpx:TrackPointExtension><gpxtpx:bearing>106.63</gpxtpx:bearing><gpxtpx:speed>22.164454</gpxtpx:speed></gpxtpx:TrackPointExtension></extensions><geoidheight>-35.4</geoidheight><src>gps</src><sat>16</sat><hdop>0.63</hdop><vdop>1.03</vdop><pdop>1.21</pdop><dgpsid>0000</dgpsid></trkpt>
<trkpt lat="29.283893499999998" lon="-114.2209485"><ele>564.4</ele><time>2025-12-17T23:49:26.000Z</time><extensions><gpxtpx:TrackPointExtension><gpxtpx:bearing>106.6</gpxtpx:bearing><gpxtpx:speed>22.18916</gpxtpx:speed></gpxtpx:TrackPointExtension></extensions><geoidheight>-35.4</geoidheight><src>gps</src><sat>16</sat><hdop>0.68</hdop><vdop>1.14</vdop><pdop>1.33</pdop><dgpsid>0000</dgpsid></trkpt>
<trkpt lat="29.282992166666666" lon="-114.21869533333332"><ele>564.2</ele><time>2025-12-17T23:49:37.000Z</time><extensions><gpxtpx:TrackPointExtension><gpxtpx:bearing>125.35</gpxtpx:bearing><gpxtpx:speed>22.472258</gpxtpx:speed></gpxtpx:TrackPointExtension></extensions><geoidheight>-35.4</geoidheight><src>gps</src><sat>16</sat><hdop>0.63</hdop><vdop>1.03</vdop><pdop>1.21</pdop><dgpsid>0000</dgpsid></trkpt>
<trkpt lat="29.281444000000004" lon="-114.2167675"><ele>560.5</ele><time>2025-12-17T23:49:48.000Z</time><extensions><gpxtpx:TrackPointExtension><gpxtpx:bearing>133.53</gpxtpx:bearing><gpxtpx:speed>23.919142</gpxtpx:speed></gpxtpx:TrackPointExtension></extensions><geoidheight>-35.4</geoidheight><src>gps</src><sat>16</sat><hdop>0.63</hdop><vdop>1.03</vdop><pdop>1.21</pdop><dgpsid>0000</dgpsid></trkpt>
<trkpt lat="29.27983016666667" lon="-114.21482916666668"><ele>557.3</ele><time>2025-12-17T23:49:59.000Z</time><extensions><gpxtpx:TrackPointExtension><gpxtpx:bearing>133.49</gpxtpx:bearing><gpxtpx:speed>23.189781</gpxtpx:speed></gpxtpx:TrackPointExtension></extensions><geoidheight>-35.4</geoidheight><src>gps</src><sat>16</sat><hdop>0.63</hdop><vdop>1.03</vdop><pdop>1.21</pdop><dgpsid>0000</dgpsid></trkpt>
<trkpt lat="29.278267500000002" lon="-114.21295733333334"><ele>549.6</ele><time>2025-12-17T23:50:10.000Z</time><extensions><gpxtpx:TrackPointExtension><gpxtpx:bearing>133.17</gpxtpx:bearing><gpxtpx:speed>21.734146</gpxtpx:speed></gpxtpx:TrackPointExtension></extensions><geoidheight>-35.4</geoidheight><src>gps</src><sat>16</sat><hdop>0.63</hdop><vdop>1.03</vdop><pdop>1.21</pdop><dgpsid>0000</dgpsid></trkpt>
<trkpt lat="29.27679483333333" lon="-114.21118816666667"><ele>554.0</ele><time>2025-12-17T23:50:21.000Z</time><extensions><gpxtpx:TrackPointExtension><gpxtpx:bearing>134.24</gpxtpx:bearing><gpxtpx:speed>20.651686</gpxtpx:speed></gpxtpx:TrackPointExtension></extensions><geoidheight>-35.4</geoidheight><src>gps</src><sat>16</sat><hdop>0.63</hdop><vdop>1.03</vdop><pdop>1.21</pdop><dgpsid>0000</dgpsid></trkpt>
<trkpt lat="29.275471666666665" lon="-114.20960250000002"><ele>553.8</ele><time>2025-12-17T23:50:32.000Z</time><extensions><gpxtpx:TrackPointExtension><gpxtpx:bearing>132.77</gpxtpx:bearing><gpxtpx:speed>20.127184</gpxtpx:speed></gpxtpx:TrackPointExtension></extensions><geoidheight>-35.4</geoidheight><src>gps</src><sat>16</sat><hdop>0.63</hdop><vdop>1.03</vdop><pdop>1.21</pdop><dgpsid>0000</dgpsid></trkpt>
<trkpt lat="29.274113000000003" lon="-114.2079525"><ele>552.8</ele><time>2025-12-17T23:50:43.000Z</time><extensions><gpxtpx:TrackPointExtension><gpxtpx:bearing>132.93</gpxtpx:bearing><gpxtpx:speed>19.649006</gpxtpx:speed></gpxtpx:TrackPointExtension></extensions><geoidheight>-35.4</geoidheight><src>gps</src><sat>16</sat><hdop>0.63</hdop><vdop>1.03</vdop><pdop>1.21</pdop><dgpsid>0000</dgpsid></trkpt>
<trkpt lat="29.273024000000003" lon="-114.20603466666668"><ele>554.9</ele><time>2025-12-17T23:50:54.000Z</time><extensions><gpxtpx:TrackPointExtension><gpxtpx:bearing>119.25</gpxtpx:bearing><gpxtpx:speed>20.117918</gpxtpx:speed></gpxtpx:TrackPointExtension></extensions><geoidheight>-35.4</geoidheight><src>gps</src><sat>16</sat><hdop>0.68</hdop><vdop>1.14</vdop><pdop>1.33</pdop><dgpsid>0000</dgpsid></trkpt>
<trkpt lat="29.27185383333333" lon="-114.20415966666665"><ele>556.9</ele><time>2025-12-17T23:51:05.000Z</time><extensions><gpxtpx:TrackPointExtension><gpxtpx:bearing>126.88</gpxtpx:bearing><gpxtpx:speed>20.910076</gpxtpx:speed></gpxtpx:TrackPointExtension></extensions><geoidheight>-35.4</geoidheight><src>gps</src><sat>16</sat><hdop>0.63</hdop><vdop>1.03</vdop><pdop>1.21</pdop><dgpsid>0000</dgpsid></trkpt>
<trkpt lat="29.270575666666666" lon="-114.202266"><ele>555.6</ele><time>2025-12-17T23:51:16.000Z</time><extensions><gpxtpx:TrackPointExtension><gpxtpx:bearing>128.05</gpxtpx:bearing><gpxtpx:speed>21.460829</gpxtpx:speed></gpxtpx:TrackPointExtension></extensions><geoidheight>-35.4</geoidheight><src>gps</src><sat>16</sat><hdop>0.65</hdop><vdop>1.08</vdop><pdop>1.26</pdop><dgpsid>0000</dgpsid></trkpt>
<trkpt lat="29.269539666666667" lon="-114.20031050000001"><ele>558.3</ele><time>2025-12-17T23:51:27.000Z</time><extensions><gpxtpx:TrackPointExtension><gpxtpx:bearing>107.26</gpxtpx:bearing><gpxtpx:speed>19.067884</gpxtpx:speed></gpxtpx:TrackPointExtension></extensions><geoidheight>-35.4</geoidheight><src>gps</src><sat>16</sat><hdop>0.68</hdop><vdop>1.13</vdop><pdop>1.32</pdop><dgpsid>0000</dgpsid></trkpt>
<trkpt lat="29.2690755" lon="-114.19814716666666"><ele>558.6</ele><time>2025-12-17T23:51:38.000Z</time><extensions><gpxtpx:TrackPointExtension><gpxtpx:bearing>103.53</gpxtpx:bearing><gpxtpx:speed>20.513226</gpxtpx:speed></gpxtpx:TrackPointExtension></extensions><geoidheight>-35.4</geoidheight><src>gps</src><sat>16</sat><hdop>0.68</hdop><vdop>1.13</vdop><pdop>1.32</pdop><dgpsid>0000</dgpsid></trkpt>
<trkpt lat="29.268472499999998" lon="-114.1958415"><ele>558.0</ele><time>2025-12-17T23:51:49.000Z</time><extensions><gpxtpx:TrackPointExtension><gpxtpx:bearing>115.03</gpxtpx:bearing><gpxtpx:speed>21.25288</gpxtpx:speed></gpxtpx:TrackPointExtension></extensions><geoidheight>-35.4</geoidheight><src>gps</src><sat>16</sat><hdop>0.68</hdop><vdop>1.13</vdop><pdop>1.32</pdop><dgpsid>0000</dgpsid></trkpt>
<trkpt lat="29.26747383333333" lon="-114.19368533333333"><ele>563.5</ele><time>2025-12-17T23:52:00.000Z</time><extensions><gpxtpx:TrackPointExtension><gpxtpx:bearing>118.04</gpxtpx:bearing><gpxtpx:speed>21.943638</gpxtpx:speed></gpxtpx:TrackPointExtension></extensions><geoidheight>-35.4</geoidheight><src>gps</src><sat>16</sat><hdop>0.68</hdop><vdop>1.13</vdop><pdop>1.32</pdop><dgpsid>0000</dgpsid></trkpt>
<trkpt lat="29.266448500000003" lon="-114.19149999999999"><ele>567.3</ele><time>2025-12-17T23:52:11.000Z</time><extensions><gpxtpx:TrackPointExtension><gpxtpx:bearing>117.87</gpxtpx:bearing><gpxtpx:speed>22.090334</gpxtpx:speed></gpxtpx:TrackPointExtension></extensions><geoidheight>-35.4</geoidheight><src>gps</src><sat>16</sat><hdop>0.68</hdop><vdop>1.13</vdop><pdop>1.32</pdop><dgpsid>0000</dgpsid></trkpt>
<trkpt lat="29.265385" lon="-114.18922766666668"><ele>567.1</ele><time>2025-12-17T23:52:22.000Z</time><extensions><gpxtpx:TrackPointExtension><gpxtpx:bearing>117.89</gpxtpx:bearing><gpxtpx:speed>23.454348</gpxtpx:speed></gpxtpx:TrackPointExtension></extensions><geoidheight>-35.4</geoidheight><src>gps</src><sat>16</sat><hdop>0.68</hdop><vdop>1.13</vdop><pdop>1.32</pdop><dgpsid>0000</dgpsid></trkpt>
<trkpt lat="29.264267000000004" lon="-114.186846"><ele>567.1</ele><time>2025-12-17T23:52:33.000Z</time><extensions><gpxtpx:TrackPointExtension><gpxtpx:bearing>118.63</gpxtpx:bearing><gpxtpx:speed>24.030321</gpxtpx:speed></gpxtpx:TrackPointExtension></extensions><geoidheight>-35.4</geoidheight><src>gps</src><sat>16</sat><hdop>0.68</hdop><vdop>1.12</vdop><pdop>1.32</pdop><dgpsid>0000</dgpsid></trkpt>
<trkpt lat="29.26314016666667" lon="-114.18445033333334"><ele>567.7</ele><time>2025-12-17T23:52:44.000Z</time><extensions><gpxtpx:TrackPointExtension><gpxtpx:bearing>118.09</gpxtpx:bearing><gpxtpx:speed>23.793036</gpxtpx:speed></gpxtpx:TrackPointExtension></extensions><geoidheight>-35.4</geoidheight><src>gps</src><sat>16</sat><hdop>0.68</hdop><vdop>1.12</vdop><pdop>1.32</pdop><dgpsid>0000</dgpsid></trkpt>
<trkpt lat="29.262034333333336" lon="-114.18210066666667"><ele>571.3</ele><time>2025-12-17T23:52:55.000Z</time><extensions><gpxtpx:TrackPointExtension><gpxtpx:bearing>118.08</gpxtpx:bearing><gpxtpx:speed>22.164454</gpxtpx:speed></gpxtpx:TrackPointExtension></extensions><geoidheight>-35.4</geoidheight><src>gps</src><sat>16</sat><hdop>0.68</hdop><vdop>1.12</vdop><pdop>1.31</pdop><dgpsid>0000</dgpsid></trkpt>
<trkpt lat="29.260980333333336" lon="-114.17988233333332"><ele>577.2</ele><time>2025-12-17T23:53:06.000Z</time><extensions><gpxtpx:TrackPointExtension><gpxtpx:bearing>120.68</gpxtpx:bearing><gpxtpx:speed>22.465567</gpxtpx:speed></gpxtpx:TrackPointExtension></extensions><geoidheight>-35.4</geoidheight><src>gps</src><sat>16</sat><hdop>0.68</hdop><vdop>1.12</vdop><pdop>1.31</pdop><dgpsid>0000</dgpsid></trkpt>
<trkpt lat="29.259580666666672" lon="-114.17790199999999"><ele>580.4</ele><time>2025-12-17T23:53:17.000Z</time><extensions><gpxtpx:TrackPointExtension><gpxtpx:bearing>131.61</gpxtpx:bearing><gpxtpx:speed>23.016834</gpxtpx:speed></gpxtpx:TrackPointExtension></extensions><geoidheight>-35.4</geoidheight><src>gps</src><sat>16</sat><hdop>0.63</hdop><vdop>1.01</vdop><pdop>1.19</pdop><dgpsid>0000</dgpsid></trkpt>
<trkpt lat="29.258039500000002" lon="-114.1759685"><ele>583.5</ele><time>2025-12-17T23:53:28.000Z</time><extensions><gpxtpx:TrackPointExtension><gpxtpx:bearing>132.87</gpxtpx:bearing><gpxtpx:speed>23.639133</gpxtpx:speed></gpxtpx:TrackPointExtension></extensions><geoidheight>-35.4</geoidheight><src>gps</src><sat>15</sat><hdop>0.63</hdop><vdop>1.01</vdop><pdop>1.19</pdop><dgpsid>0000</dgpsid></trkpt>
<trkpt lat="29.256460999999998" lon="-114.17399116666665"><ele>587.1</ele><time>2025-12-17T23:53:39.000Z</time><extensions><gpxtpx:TrackPointExtension><gpxtpx:bearing>132.27</gpxtpx:bearing><gpxtpx:speed>23.631927</gpxtpx:speed></gpxtpx:TrackPointExtension></extensions><geoidheight>-35.4</geoidheight><src>gps</src><sat>16</sat><hdop>0.63</hdop><vdop>1.01</vdop><pdop>1.19</pdop><dgpsid>0000</dgpsid></trkpt>
<trkpt lat="29.25490033333333" lon="-114.172037"><ele>589.3</ele><time>2025-12-17T23:53:50.000Z</time><extensions><gpxtpx:TrackPointExtension><gpxtpx:bearing>132.13</gpxtpx:bearing><gpxtpx:speed>22.973082</gpxtpx:speed></gpxtpx:TrackPointExtension></extensions><geoidheight>-35.4</geoidheight><src>gps</src><sat>16</sat><hdop>0.63</hdop><vdop>1.01</vdop><pdop>1.19</pdop><dgpsid>0000</dgpsid></trkpt>
<trkpt lat="29.25334966666667" lon="-114.1700905"><ele>585.4</ele><time>2025-12-17T23:54:01.000Z</time><extensions><gpxtpx:TrackPointExtension><gpxtpx:bearing>132.04</gpxtpx:bearing><gpxtpx:speed>23.789946</gpxtpx:speed></gpxtpx:TrackPointExtension></extensions><geoidheight>-35.4</geoidheight><src>gps</src><sat>16</sat><hdop>0.63</hdop><vdop>1.01</vdop><pdop>1.19</pdop><dgpsid>0000</dgpsid></trkpt>
<trkpt lat="29.251780666666665" lon="-114.1681305"><ele>590.5</ele><time>2025-12-17T23:54:12.000Z</time><extensions><gpxtpx:TrackPointExtension><gpxtpx:bearing>133.2</gpxtpx:bearing><gpxtpx:speed>23.312284</gpxtpx:speed></gpxtpx:TrackPointExtension></extensions><geoidheight>-35.4</geoidheight><src>gps</src><sat>16</sat><hdop>0.66</hdop><vdop>1.01</vdop><pdop>1.21</pdop><dgpsid>0000</dgpsid></trkpt>
<trkpt lat="29.2500375" lon="-114.166334"><ele>593.0</ele><time>2025-12-17T23:54:23.000Z</time><extensions><gpxtpx:TrackPointExtension><gpxtpx:bearing>139.05</gpxtpx:bearing><gpxtpx:speed>24.160547</gpxtpx:speed></gpxtpx:TrackPointExtension></extensions><geoidheight>-35.4</geoidheight><src>gps</src><sat>16</sat><hdop>0.63</hdop><vdop>1.01</vdop><pdop>1.19</pdop><dgpsid>0000</dgpsid></trkpt>
<trkpt lat="29.24822783333333" lon="-114.16456016666667"><ele>594.5</ele><time>2025-12-17T23:54:34.000Z</time><extensions><gpxtpx:TrackPointExtension><gpxtpx:bearing>139.68</gpxtpx:bearing><gpxtpx:speed>24.092089</gpxtpx:speed></gpxtpx:TrackPointExtension></extensions><geoidheight>-35.4</geoidheight><src>gps</src><sat>16</sat><hdop>0.63</hdop><vdop>1.01</vdop><pdop>1.19</pdop><dgpsid>0000</dgpsid></trkpt>
<trkpt lat="29.2464355" lon="-114.16281533333334"><ele>597.9</ele><time>2025-12-17T23:54:45.000Z</time><extensions><gpxtpx:TrackPointExtension><gpxtpx:bearing>138.81</gpxtpx:bearing><gpxtpx:speed>23.45126</gpxtpx:speed></gpxtpx:TrackPointExtension></extensions><geoidheight>-35.4</geoidheight><src>gps</src><sat>16</sat><hdop>0.63</hdop><vdop>1.01</vdop><pdop>1.19</pdop><dgpsid>0000</dgpsid></trkpt>
<trkpt lat="29.244625166666665" lon="-114.161062"><ele>595.9</ele><time>2025-12-17T23:54:56.000Z</time><extensions><gpxtpx:TrackPointExtension><gpxtpx:bearing>139.5</gpxtpx:bearing><gpxtpx:speed>24.416878</gpxtpx:speed></gpxtpx:TrackPointExtension></extensions><geoidheight>-35.4</geoidheight><src>gps</src><sat>16</sat><hdop>0.63</hdop><vdop>1.01</vdop><pdop>1.19</pdop><dgpsid>0000</dgpsid></trkpt>
<trkpt lat="29.242804833333334" lon="-114.15929466666667"><ele>593.2</ele><time>2025-12-17T23:55:07.000Z</time><extensions><gpxtpx:TrackPointExtension><gpxtpx:bearing>139.45</gpxtpx:bearing><gpxtpx:speed>23.871273</gpxtpx:speed></gpxtpx:TrackPointExtension></extensions><geoidheight>-35.4</geoidheight><src>gps</src><sat>16</sat><hdop>0.65</hdop><vdop>1.06</vdop><pdop>1.24</pdop><dgpsid>0000</dgpsid></trkpt>
<trkpt lat="29.240999000000002" lon="-114.15754433333335"><ele>590.0</ele><time>2025-12-17T23:55:18.000Z</time><extensions><gpxtpx:TrackPointExtension><gpxtpx:bearing>139.45</gpxtpx:bearing><gpxtpx:speed>23.55266</gpxtpx:speed></gpxtpx:TrackPointExtension></extensions><geoidheight>-35.4</geoidheight><src>gps</src><sat>16</sat><hdop>0.65</hdop><vdop>1.06</vdop><pdop>1.24</pdop><dgpsid>0000</dgpsid></trkpt>
<trkpt lat="29.239268999999997" lon="-114.15592283333332"><ele>588.8</ele><time>2025-12-17T23:55:29.000Z</time><extensions><gpxtpx:TrackPointExtension><gpxtpx:bearing>145.96</gpxtpx:bearing><gpxtpx:speed>22.083128</gpxtpx:speed></gpxtpx:TrackPointExtension></extensions><geoidheight>-35.4</geoidheight><src>gps</src><sat>16</sat><hdop>0.65</hdop><vdop>1.06</vdop><pdop>1.24</pdop><dgpsid>0000</dgpsid></trkpt>
<trkpt lat="29.237214" lon="-114.15482283333334"><ele>584.9</ele><time>2025-12-17T23:55:40.000Z</time><extensions><gpxtpx:TrackPointExtension><gpxtpx:bearing>157.51</gpxtpx:bearing><gpxtpx:speed>24.074587</gpxtpx:speed></gpxtpx:TrackPointExtension></extensions><geoidheight>-35.4</geoidheight><src>gps</src><sat>14</sat><hdop>0.74</hdop><vdop>1.26</vdop><pdop>1.46</pdop><dgpsid>0000</dgpsid></trkpt>
<trkpt lat="29.235007000000003" lon="-114.15381883333333"><ele>582.8</ele><time>2025-12-17T23:55:51.000Z</time><extensions><gpxtpx:TrackPointExtension><gpxtpx:bearing>161.62</gpxtpx:bearing><gpxtpx:speed>23.629353</gpxtpx:speed></gpxtpx:TrackPointExtension></extensions><geoidheight>-35.4</geoidheight><src>gps</src><sat>15</sat><hdop>0.74</hdop><vdop>1.25</vdop><pdop>1.46</pdop><dgpsid>0000</dgpsid></trkpt>
<trkpt lat="29.232700500000004" lon="-114.15309800000001"><ele>580.2</ele><time>2025-12-17T23:56:02.000Z</time><extensions><gpxtpx:TrackPointExtension><gpxtpx:bearing>165.21</gpxtpx:bearing><gpxtpx:speed>24.480703</gpxtpx:speed></gpxtpx:TrackPointExtension></extensions><geoidheight>-35.4</geoidheight><src>gps</src><sat>16</sat><hdop>0.63</hdop><vdop>1.00</vdop><pdop>1.18</pdop><dgpsid>0000</dgpsid></trkpt>
<trkpt lat="29.230436166666664" lon="-114.15242500000001"><ele>577.0</ele><time>2025-12-17T23:56:13.000Z</time><extensions><gpxtpx:TrackPointExtension><gpxtpx:bearing>165.04</gpxtpx:bearing><gpxtpx:speed>22.277693</gpxtpx:speed></gpxtpx:TrackPointExtension></extensions><geoidheight>-35.4</geoidheight><src>gps</src><sat>16</sat><hdop>0.63</hdop><vdop>1.00</vdop><pdop>1.18</pdop><dgpsid>0000</dgpsid></trkpt>
<trkpt lat="29.228263833333337" lon="-114.15177049999998"><ele>575.0</ele><time>2025-12-17T23:56:24.000Z</time><extensions><gpxtpx:TrackPointExtension><gpxtpx:bearing>165.01</gpxtpx:bearing><gpxtpx:speed>23.017862</gpxtpx:speed></gpxtpx:TrackPointExtension></extensions><geoidheight>-35.4</geoidheight><src>gps</src><sat>16</sat><hdop>0.63</hdop><vdop>1.00</vdop><pdop>1.18</pdop><dgpsid>0000</dgpsid></trkpt>
<trkpt lat="29.226019333333337" lon="-114.15109883333335"><ele>572.5</ele><time>2025-12-17T23:56:35.000Z</time><extensions><gpxtpx:TrackPointExtension><gpxtpx:bearing>165.44</gpxtpx:bearing><gpxtpx:speed>23.698326</gpxtpx:speed></gpxtpx:TrackPointExtension></extensions><geoidheight>-35.4</geoidheight><src>gps</src><sat>16</sat><hdop>0.63</hdop><vdop>1.00</vdop><pdop>1.18</pdop><dgpsid>0000</dgpsid></trkpt>
<trkpt lat="29.223772" lon="-114.15042816666667"><ele>569.9</ele><time>2025-12-17T23:56:46.000Z</time><extensions><gpxtpx:TrackPointExtension><gpxtpx:bearing>165.32</gpxtpx:bearing><gpxtpx:speed>23.06213</gpxtpx:speed></gpxtpx:TrackPointExtension></extensions><geoidheight>-35.4</geoidheight><src>gps</src><sat>16</sat><hdop>0.63</hdop><vdop>1.00</vdop><pdop>1.18</pdop><dgpsid>0000</dgpsid></trkpt>
<trkpt lat="29.221558333333338" lon="-114.14976416666666"><ele>566.4</ele><time>2025-12-17T23:56:57.000Z</time><extensions><gpxtpx:TrackPointExtension><gpxtpx:bearing>164.84</gpxtpx:bearing><gpxtpx:speed>23.239708</gpxtpx:speed></gpxtpx:TrackPointExtension></extensions><geoidheight>-35.4</geoidheight><src>gps</src><sat>16</sat><hdop>0.63</hdop><vdop>0.99</vdop><pdop>1.18</pdop><dgpsid>0000</dgpsid></trkpt>
<trkpt lat="29.219300166666667" lon="-114.14909100000001"><ele>565.0</ele><time>2025-12-17T23:57:08.000Z</time><extensions><gpxtpx:TrackPointExtension><gpxtpx:bearing>165.56</gpxtpx:bearing><gpxtpx:speed>23.842962</gpxtpx:speed></gpxtpx:TrackPointExtension></extensions><geoidheight>-35.4</geoidheight><src>gps</src><sat>16</sat><hdop>0.63</hdop><vdop>0.99</vdop><pdop>1.18</pdop><dgpsid>0000</dgpsid></trkpt>
<trkpt lat="29.216969000000002" lon="-114.14839033333334"><ele>562.2</ele><time>2025-12-17T23:57:19.000Z</time><extensions><gpxtpx:TrackPointExtension><gpxtpx:bearing>165.52</gpxtpx:bearing><gpxtpx:speed>24.910496</gpxtpx:speed></gpxtpx:TrackPointExtension></extensions><geoidheight>-35.4</geoidheight><src>gps</src><sat>16</sat><hdop>0.63</hdop><vdop>0.99</vdop><pdop>1.17</pdop><dgpsid>0000</dgpsid></trkpt>
<trkpt lat="29.21456783333333" lon="-114.14767666666667"><ele>559.5</ele><time>2025-12-17T23:57:30.000Z</time><extensions><gpxtpx:TrackPointExtension><gpxtpx:bearing>165.06</gpxtpx:bearing><gpxtpx:speed>25.129253</gpxtpx:speed></gpxtpx:TrackPointExtension></extensions><geoidheight>-35.4</geoidheight><src>gps</src><sat>16</sat><hdop>0.63</hdop><vdop>0.99</vdop><pdop>1.17</pdop><dgpsid>0000</dgpsid></trkpt>
<trkpt lat="29.212121333333336" lon="-114.14694816666666"><ele>557.1</ele><time>2025-12-17T23:57:41.000Z</time><extensions><gpxtpx:TrackPointExtension><gpxtpx:bearing>165.37</gpxtpx:bearing><gpxtpx:speed>25.290361</gpxtpx:speed></gpxtpx:TrackPointExtension></extensions><geoidheight>-35.4</geoidheight><src>gps</src><sat>16</sat><hdop>0.63</hdop><vdop>0.99</vdop><pdop>1.17</pdop><dgpsid>0000</dgpsid></trkpt>
<trkpt lat="29.20976033333333" lon="-114.14623733333335"><ele>555.9</ele><time>2025-12-17T23:57:52.000Z</time><extensions><gpxtpx:TrackPointExtension><gpxtpx:bearing>165.18</gpxtpx:bearing><gpxtpx:speed>24.417393</gpxtpx:speed></gpxtpx:TrackPointExtension></extensions><geoidheight>-35.4</geoidheight><src>gps</src><sat>16</sat><hdop>0.63</hdop><vdop>0.99</vdop><pdop>1.17</pdop><dgpsid>0000</dgpsid></trkpt>
<trkpt lat="29.207317166666666" lon="-114.14550966666665"><ele>552.9</ele><time>2025-12-17T23:58:03.000Z</time><extensions><gpxtpx:TrackPointExtension><gpxtpx:bearing>165.39</gpxtpx:bearing><gpxtpx:speed>25.88744</gpxtpx:speed></gpxtpx:TrackPointExtension></extensions><geoidheight>-35.4</geoidheight><src>gps</src><sat>16</sat><hdop>0.63</hdop><vdop>0.99</vdop><pdop>1.17</pdop><dgpsid>0000</dgpsid></trkpt>
<trkpt lat="29.205070666666664" lon="-114.14526266666665"><ele>559.4</ele><time>2025-12-17T23:58:14.000Z</time><extensions><gpxtpx:TrackPointExtension><gpxtpx:bearing>190.71</gpxtpx:bearing><gpxtpx:speed>21.080963</gpxtpx:speed></gpxtpx:TrackPointExtension></extensions><geoidheight>-35.4</geoidheight><src>gps</src><sat>16</sat><hdop>0.63</hdop><vdop>0.99</vdop><pdop>1.17</pdop><dgpsid>0000</dgpsid></trkpt>
<trkpt lat="29.202945500000002" lon="-114.14603116666667"><ele>558.1</ele><time>2025-12-17T23:58:25.000Z</time><extensions><gpxtpx:TrackPointExtension><gpxtpx:bearing>198.66</gpxtpx:bearing><gpxtpx:speed>23.343681</gpxtpx:speed></gpxtpx:TrackPointExtension></extensions><geoidheight>-35.4</geoidheight><src>gps</src><sat>16</sat><hdop>0.63</hdop><vdop>0.99</vdop><pdop>1.17</pdop><dgpsid>0000</dgpsid></trkpt>
<trkpt lat="29.200702166666662" lon="-114.14687383333333"><ele>553.1</ele><time>2025-12-17T23:58:36.000Z</time><extensions><gpxtpx:TrackPointExtension><gpxtpx:bearing>198.07</gpxtpx:bearing><gpxtpx:speed>23.875904</gpxtpx:speed></gpxtpx:TrackPointExtension></extensions><geoidheight>-35.4</geoidheight><src>gps</src><sat>16</sat><hdop>0.63</hdop><vdop>0.98</vdop><pdop>1.17</pdop><dgpsid>0000</dgpsid></trkpt>
<trkpt lat="29.198352666666665" lon="-114.14753983333334"><ele>548.4</ele><time>2025-12-17T23:58:47.000Z</time><extensions><gpxtpx:TrackPointExtension><gpxtpx:bearing>188.33</gpxtpx:bearing><gpxtpx:speed>24.971748</gpxtpx:speed></gpxtpx:TrackPointExtension></extensions><geoidheight>-35.4</geoidheight><src>gps</src><sat>16</sat><hdop>0.63</hdop><vdop>0.98</vdop><pdop>1.17</pdop><dgpsid>0000</dgpsid></trkpt>
<trkpt lat="29.195917833333336" lon="-114.14793316666668"><ele>546.7</ele><time>2025-12-17T23:58:58.000Z</time><extensions><gpxtpx:TrackPointExtension><gpxtpx:bearing>188.32</gpxtpx:bearing><gpxtpx:speed>24.260403</gpxtpx:speed></gpxtpx:TrackPointExtension></extensions><geoidheight>-35.4</geoidheight><src>gps</src><sat>16</sat><hdop>0.63</hdop><vdop>0.98</vdop><pdop>1.17</pdop><dgpsid>0000</dgpsid></trkpt>
<trkpt lat="29.193597666666665" lon="-114.14801833333334"><ele>540.7</ele><time>2025-12-17T23:59:09.000Z</time><extensions><gpxtpx:TrackPointExtension><gpxtpx:bearing>165.81</gpxtpx:bearing><gpxtpx:speed>22.891756</gpxtpx:speed></gpxtpx:TrackPointExtension></extensions><geoidheight>-35.4</geoidheight><src>gps</src><sat>16</sat><hdop>0.63</hdop><vdop>0.98</vdop><pdop>1.17</pdop><dgpsid>0000</dgpsid></trkpt>
<trkpt lat="29.191465333333333" lon="-114.14729983333334"><ele>535.3</ele><time>2025-12-17T23:59:20.000Z</time><extensions><gpxtpx:TrackPointExtension><gpxtpx:bearing>163.79</gpxtpx:bearing><gpxtpx:speed>22.381666</gpxtpx:speed></gpxtpx:TrackPointExtension></extensions><geoidheight>-35.4</geoidheight><src>gps</src><sat>16</sat><hdop>0.63</hdop><vdop>0.98</vdop><pdop>1.16</pdop><dgpsid>0000</dgpsid></trkpt>
<trkpt lat="29.189272833333334" lon="-114.14655166666668"><ele>528.1</ele><time>2025-12-17T23:59:31.000Z</time><extensions><gpxtpx:TrackPointExtension><gpxtpx:bearing>163.05</gpxtpx:bearing><gpxtpx:speed>23.58869</gpxtpx:speed></gpxtpx:TrackPointExtension></extensions><geoidheight>-35.4</geoidheight><src>gps</src><sat>16</sat><hdop>0.63</hdop><vdop>0.98</vdop><pdop>1.16</pdop><dgpsid>0000</dgpsid></trkpt>
<trkpt lat="29.187071999999997" lon="-114.1458125"><ele>530.6</ele><time>2025-12-17T23:59:42.000Z</time><extensions><gpxtpx:TrackPointExtension><gpxtpx:bearing>163.69</gpxtpx:bearing><gpxtpx:speed>24.14562</gpxtpx:speed></gpxtpx:TrackPointExtension></extensions><geoidheight>-35.4</geoidheight><src>gps</src><sat>16</sat><hdop>0.63</hdop><vdop>0.98</vdop><pdop>1.16</pdop><dgpsid>0000</dgpsid></trkpt>
<trkpt lat="29.184969166666665" lon="-114.145334"><ele>528.7</ele><time>2025-12-17T23:59:53.000Z</time><extensions><gpxtpx:TrackPointExtension><gpxtpx:bearing>188.5</gpxtpx:bearing><gpxtpx:speed>19.911514</gpxtpx:speed></gpxtpx:TrackPointExtension></extensions><geoidheight>-35.4</geoidheight><src>gps</src><sat>16</sat><hdop>0.63</hdop><vdop>0.98</vdop><pdop>1.16</pdop><dgpsid>0000</dgpsid></trkpt>
<trkpt lat="29.18289766666667" lon="-114.14588183333332"><ele>522.4</ele><time>2025-12-18T00:00:04.000Z</time><extensions><gpxtpx:TrackPointExtension><gpxtpx:bearing>192.44</gpxtpx:bearing><gpxtpx:speed>21.51127</gpxtpx:speed></gpxtpx:TrackPointExtension></extensions><geoidheight>-35.4</geoidheight><src>gps</src><sat>16</sat><hdop>0.65</hdop><vdop>0.98</vdop><pdop>1.17</pdop><dgpsid>0000</dgpsid></trkpt>
<trkpt lat="29.180884" lon="-114.14614733333335"><ele>518.7</ele><time>2025-12-18T00:00:15.000Z</time><extensions><gpxtpx:TrackPointExtension><gpxtpx:bearing>170.12</gpxtpx:bearing><gpxtpx:speed>20.516829</gpxtpx:speed></gpxtpx:TrackPointExtension></extensions><geoidheight>-35.4</geoidheight><src>gps</src><sat>16</sat><hdop>0.63</hdop><vdop>0.97</vdop><pdop>1.16</pdop><dgpsid>0000</dgpsid></trkpt>
<trkpt lat="29.178848833333337" lon="-114.14531333333335"><ele>516.6</ele><time>2025-12-18T00:00:26.000Z</time><extensions><gpxtpx:TrackPointExtension><gpxtpx:bearing>159.26</gpxtpx:bearing><gpxtpx:speed>22.9283</gpxtpx:speed></gpxtpx:TrackPointExtension></extensions><geoidheight>-35.4</geoidheight><src>gps</src><sat>16</sat><hdop>0.63</hdop><vdop>0.97</vdop><pdop>1.16</pdop><dgpsid>0000</dgpsid></trkpt>
<trkpt lat="29.176940166666668" lon="-114.14468049999999"><ele>524.9</ele><time>2025-12-18T00:00:37.000Z</time><extensions><gpxtpx:TrackPointExtension><gpxtpx:bearing>181.48</gpxtpx:bearing><gpxtpx:speed>17.91748</gpxtpx:speed></gpxtpx:TrackPointExtension></extensions><geoidheight>-35.4</geoidheight><src>gps</src><sat>16</sat><hdop>0.63</hdop><vdop>0.97</vdop><pdop>1.16</pdop><dgpsid>0000</dgpsid></trkpt>
<trkpt lat="29.17505983333333" lon="-114.14489800000001"><ele>524.8</ele><time>2025-12-18T00:00:48.000Z</time><extensions><gpxtpx:TrackPointExtension><gpxtpx:bearing>182.63</gpxtpx:bearing><gpxtpx:speed>19.7746</gpxtpx:speed></gpxtpx:TrackPointExtension></extensions><geoidheight>-35.4</geoidheight><src>gps</src><sat>16</sat><hdop>0.63</hdop><vdop>0.97</vdop><pdop>1.16</pdop><dgpsid>0000</dgpsid></trkpt>
<trkpt lat="29.17313766666667" lon="-114.14430233333333"><ele>521.4</ele><time>2025-12-18T00:00:59.000Z</time><extensions><gpxtpx:TrackPointExtension><gpxtpx:bearing>158.28</gpxtpx:bearing><gpxtpx:speed>20.264614</gpxtpx:speed></gpxtpx:TrackPointExtension></extensions><geoidheight>-35.4</geoidheight><src>gps</src><sat>16</sat><hdop>0.63</hdop><vdop>0.97</vdop><pdop>1.16</pdop><dgpsid>0000</dgpsid></trkpt>
<trkpt lat="29.171166333333336" lon="-114.14392316666665"><ele>521.9</ele><time>2025-12-18T00:01:10.000Z</time><extensions><gpxtpx:TrackPointExtension><gpxtpx:bearing>179.66</gpxtpx:bearing><gpxtpx:speed>21.302809</gpxtpx:speed></gpxtpx:TrackPointExtension></extensions><geoidheight>-35.4</geoidheight><src>gps</src><sat>17</sat><hdop>0.64</hdop><vdop>1.02</vdop><pdop>1.20</pdop><dgpsid>0000</dgpsid></trkpt>
<trkpt lat="29.168911" lon="-114.1438965"><ele>518.9</ele><time>2025-12-18T00:01:21.000Z</time><extensions><gpxtpx:TrackPointExtension><gpxtpx:bearing>179.4</gpxtpx:bearing><gpxtpx:speed>23.890318</gpxtpx:speed></gpxtpx:TrackPointExtension></extensions><geoidheight>-35.4</geoidheight><src>gps</src><sat>16</sat><hdop>0.67</hdop><vdop>1.02</vdop><pdop>1.22</pdop><dgpsid>0000</dgpsid></trkpt>
<trkpt lat="29.166492499999997" lon="-114.14387533333333"><ele>514.7</ele><time>2025-12-18T00:01:32.000Z</time><extensions><gpxtpx:TrackPointExtension><gpxtpx:bearing>180.44</gpxtpx:bearing><gpxtpx:speed>24.369524</gpxtpx:speed></gpxtpx:TrackPointExtension></extensions><geoidheight>-35.4</geoidheight><src>gps</src><sat>17</sat><hdop>0.64</hdop><vdop>1.02</vdop><pdop>1.20</pdop><dgpsid>0000</dgpsid></trkpt>
<trkpt lat="29.164139999999996" lon="-114.14410616666667"><ele>508.1</ele><time>2025-12-18T00:01:43.000Z</time><extensions><gpxtpx:TrackPointExtension><gpxtpx:bearing>186.29</gpxtpx:bearing><gpxtpx:speed>23.373535</gpxtpx:speed></gpxtpx:TrackPointExtension></extensions><geoidheight>-35.4</geoidheight><src>gps</src><sat>17</sat><hdop>0.64</hdop><vdop>1.01</vdop><pdop>1.20</pdop><dgpsid>0000</dgpsid></trkpt>
<trkpt lat="29.161813" lon="-114.14438933333334"><ele>507.2</ele><time>2025-12-18T00:01:54.000Z</time><extensions><gpxtpx:TrackPointExtension><gpxtpx:bearing>185.83</gpxtpx:bearing><gpxtpx:speed>23.612883</gpxtpx:speed></gpxtpx:TrackPointExtension></extensions><geoidheight>-35.4</geoidheight><src>gps</src><sat>17</sat><hdop>0.64</hdop><vdop>1.01</vdop><pdop>1.20</pdop><dgpsid>0000</dgpsid></trkpt>
<trkpt lat="29.159438833333336" lon="-114.14466516666668"><ele>505.3</ele><time>2025-12-18T00:02:05.000Z</time><extensions><gpxtpx:TrackPointExtension><gpxtpx:bearing>186.0</gpxtpx:bearing><gpxtpx:speed>24.713358</gpxtpx:speed></gpxtpx:TrackPointExtension></extensions><geoidheight>-35.4</geoidheight><src>gps</src><sat>17</sat><hdop>0.64</hdop><vdop>1.01</vdop><pdop>1.20</pdop><dgpsid>0000</dgpsid></trkpt>
<trkpt lat="29.156978333333335" lon="-114.144957"><ele>501.8</ele><time>2025-12-18T00:02:16.000Z</time><extensions><gpxtpx:TrackPointExtension><gpxtpx:bearing>185.85</gpxtpx:bearing><gpxtpx:speed>25.055649</gpxtpx:speed></gpxtpx:TrackPointExtension></extensions><geoidheight>-35.4</geoidheight><src>gps</src><sat>17</sat><hdop>0.71</hdop><vdop>1.11</vdop><pdop>1.31</pdop><dgpsid>0000</dgpsid></trkpt>
<trkpt lat="29.154511666666668" lon="-114.14525433333334"><ele>497.4</ele><time>2025-12-18T00:02:27.000Z</time><extensions><gpxtpx:TrackPointExtension><gpxtpx:bearing>185.7</gpxtpx:bearing><gpxtpx:speed>24.493572</gpxtpx:speed></gpxtpx:TrackPointExtension></extensions><geoidheight>-35.4</geoidheight><src>gps</src><sat>17</sat><hdop>0.64</hdop><vdop>1.01</vdop><pdop>1.20</pdop><dgpsid>0000</dgpsid></trkpt>
<trkpt lat="29.152058166666666" lon="-114.14554349999999"><ele>494.0</ele><time>2025-12-18T00:02:38.000Z</time><extensions><gpxtpx:TrackPointExtension><gpxtpx:bearing>185.92</gpxtpx:bearing><gpxtpx:speed>25.481323</gpxtpx:speed></gpxtpx:TrackPointExtension></extensions><geoidheight>-35.4</geoidheight><src>gps</src><sat>17</sat><hdop>0.64</hdop><vdop>1.01</vdop><pdop>1.20</pdop><dgpsid>0000</dgpsid></trkpt>
<trkpt lat="29.149510833333338" lon="-114.14584266666667"><ele>489.8</ele><time>2025-12-18T00:02:49.000Z</time><extensions><gpxtpx:TrackPointExtension><gpxtpx:bearing>186.03</gpxtpx:bearing><gpxtpx:speed>26.0084</gpxtpx:speed></gpxtpx:TrackPointExtension></extensions><geoidheight>-35.4</geoidheight><src>gps</src><sat>17</sat><hdop>0.64</hdop><vdop>1.01</vdop><pdop>1.19</pdop><dgpsid>0000</dgpsid></trkpt>
<trkpt lat="29.146977" lon="-114.14613916666667"><ele>487.2</ele><time>2025-12-18T00:03:00.000Z</time><extensions><gpxtpx:TrackPointExtension><gpxtpx:bearing>185.94</gpxtpx:bearing><gpxtpx:speed>25.706772</gpxtpx:speed></gpxtpx:TrackPointExtension></extensions><geoidheight>-35.4</geoidheight><src>gps</src><sat>17</sat><hdop>0.64</hdop><vdop>1.01</vdop><pdop>1.19</pdop><dgpsid>0000</dgpsid></trkpt>
<trkpt lat="29.144416166666662" lon="-114.14644533333333"><ele>483.0</ele><time>2025-12-18T00:03:11.000Z</time><extensions><gpxtpx:TrackPointExtension><gpxtpx:bearing>185.73</gpxtpx:bearing><gpxtpx:speed>26.242598</gpxtpx:speed></gpxtpx:TrackPointExtension></extensions><geoidheight>-35.4</geoidheight><src>gps</src><sat>17</sat><hdop>0.64</hdop><vdop>1.00</vdop><pdop>1.19</pdop><dgpsid>0000</dgpsid></trkpt>
<trkpt lat="29.141815166666667" lon="-114.14674916666667"><ele>480.0</ele><time>2025-12-18T00:03:22.000Z</time><extensions><gpxtpx:TrackPointExtension><gpxtpx:bearing>185.87</gpxtpx:bearing><gpxtpx:speed>26.68217</gpxtpx:speed></gpxtpx:TrackPointExtension></extensions><geoidheight>-35.4</geoidheight><src>gps</src><sat>16</sat><hdop>0.66</hdop><vdop>1.01</vdop><pdop>1.20</pdop><dgpsid>0000</dgpsid></trkpt>
<trkpt lat="29.139195166666664" lon="-114.14706333333334"><ele>476.3</ele><time>2025-12-18T00:03:33.000Z</time><extensions><gpxtpx:TrackPointExtension><gpxtpx:bearing>185.69</gpxtpx:bearing><gpxtpx:speed>26.410397</gpxtpx:speed></gpxtpx:TrackPointExtension></extensions><geoidheight>-35.4</geoidheight><src>gps</src><sat>17</sat><hdop>0.64</hdop><vdop>1.00</vdop><pdop>1.19</pdop><dgpsid>0000</dgpsid></trkpt>
<trkpt lat="29.136607833333333" lon="-114.14737083333333"><ele>472.3</ele><time>2025-12-18T00:03:44.000Z</time><extensions><gpxtpx:TrackPointExtension><gpxtpx:bearing>186.01</gpxtpx:bearing><gpxtpx:speed>26.111858</gpxtpx:speed></gpxtpx:TrackPointExtension></extensions><geoidheight>-35.4</geoidheight><src>gps</src><sat>17</sat><hdop>0.64</hdop><vdop>1.00</vdop><pdop>1.19</pdop><dgpsid>0000</dgpsid></trkpt>
<trkpt lat="29.134031333333336" lon="-114.14767366666668"><ele>468.2</ele><time>2025-12-18T00:03:55.000Z</time><extensions><gpxtpx:TrackPointExtension><gpxtpx:bearing>186.2</gpxtpx:bearing><gpxtpx:speed>26.625036</gpxtpx:speed></gpxtpx:TrackPointExtension></extensions><geoidheight>-35.4</geoidheight><src>gps</src><sat>17</sat><hdop>0.64</hdop><vdop>1.00</vdop><pdop>1.19</pdop><dgpsid>0000</dgpsid></trkpt>
<trkpt lat="29.13139083333333" lon="-114.14798666666665"><ele>464.2</ele><time>2025-12-18T00:04:06.000Z</time><extensions><gpxtpx:TrackPointExtension><gpxtpx:bearing>186.38</gpxtpx:bearing><gpxtpx:speed>27.107845</gpxtpx:speed></gpxtpx:TrackPointExtension></extensions><geoidheight>-35.4</geoidheight><src>gps</src><sat>17</sat><hdop>0.64</hdop><vdop>1.00</vdop><pdop>1.19</pdop><dgpsid>0000</dgpsid></trkpt>
<trkpt lat="29.128675166666667" lon="-114.14830933333333"><ele>459.5</ele><time>2025-12-18T00:04:17.000Z</time><extensions><gpxtpx:TrackPointExtension><gpxtpx:bearing>185.67</gpxtpx:bearing><gpxtpx:speed>27.861399</gpxtpx:speed></gpxtpx:TrackPointExtension></extensions><geoidheight>-35.4</geoidheight><src>gps</src><sat>16</sat><hdop>0.66</hdop><vdop>1.00</vdop><pdop>1.20</pdop><dgpsid>0000</dgpsid></trkpt>
<trkpt lat="29.125944333333337" lon="-114.14863316666667"><ele>456.6</ele><time>2025-12-18T00:04:28.000Z</time><extensions><gpxtpx:TrackPointExtension><gpxtpx:bearing>185.65</gpxtpx:bearing><gpxtpx:speed>27.234467</gpxtpx:speed></gpxtpx:TrackPointExtension></extensions><geoidheight>-35.4</geoidheight><src>gps</src><sat>16</sat><hdop>0.66</hdop><vdop>1.00</vdop><pdop>1.20</pdop><dgpsid>0000</dgpsid></trkpt>
<trkpt lat="29.123286" lon="-114.14895"><ele>453.3</ele><time>2025-12-18T00:04:39.000Z</time><extensions><gpxtpx:TrackPointExtension><gpxtpx:bearing>185.87</gpxtpx:bearing><gpxtpx:speed>26.404736</gpxtpx:speed></gpxtpx:TrackPointExtension></extensions><geoidheight>-35.4</geoidheight><src>gps</src><sat>17</sat><hdop>0.64</hdop><vdop>0.99</vdop><pdop>1.18</pdop><dgpsid>0000</dgpsid></trkpt>
<trkpt lat="29.120841166666665" lon="-114.14924216666668"><ele>450.1</ele><time>2025-12-18T00:04:50.000Z</time><extensions><gpxtpx:TrackPointExtension><gpxtpx:bearing>185.56</gpxtpx:bearing><gpxtpx:speed>23.748768</gpxtpx:speed></gpxtpx:TrackPointExtension></extensions><geoidheight>-35.4</geoidheight><src>gps</src><sat>17</sat><hdop>0.64</hdop><vdop>0.99</vdop><pdop>1.18</pdop><dgpsid>0000</dgpsid></trkpt>
<trkpt lat="29.118647333333335" lon="-114.14950733333332"><ele>446.8</ele><time>2025-12-18T00:05:01.000Z</time><extensions><gpxtpx:TrackPointExtension><gpxtpx:bearing>186.04</gpxtpx:bearing><gpxtpx:speed>22.047611</gpxtpx:speed></gpxtpx:TrackPointExtension></extensions><geoidheight>-35.4</geoidheight><src>gps</src><sat>17</sat><hdop>0.64</hdop><vdop>0.99</vdop><pdop>1.18</pdop><dgpsid>0000</dgpsid></trkpt>
<trkpt lat="29.116248000000002" lon="-114.14978016666667"><ele>442.9</ele><time>2025-12-18T00:05:12.000Z</time><extensions><gpxtpx:TrackPointExtension><gpxtpx:bearing>185.69</gpxtpx:bearing><gpxtpx:speed>25.857586</gpxtpx:speed></gpxtpx:TrackPointExtension></extensions><geoidheight>-35.4</geoidheight><src>gps</src><sat>17</sat><hdop>0.64</hdop><vdop>0.99</vdop><pdop>1.18</pdop><dgpsid>0000</dgpsid></trkpt>
<trkpt lat="29.113558833333332" lon="-114.15010333333333"><ele>437.4</ele><time>2025-12-18T00:05:23.000Z</time><extensions><gpxtpx:TrackPointExtension><gpxtpx:bearing>186.06</gpxtpx:bearing><gpxtpx:speed>28.068832</gpxtpx:speed></gpxtpx:TrackPointExtension></extensions><geoidheight>-35.4</geoidheight><src>gps</src><sat>17</sat><hdop>0.64</hdop><vdop>0.99</vdop><pdop>1.18</pdop><dgpsid>0000</dgpsid></trkpt>
<trkpt lat="29.110778166666666" lon="-114.15043266666667"><ele>433.6</ele><time>2025-12-18T00:05:34.000Z</time><extensions><gpxtpx:TrackPointExtension><gpxtpx:bearing>185.93</gpxtpx:bearing><gpxtpx:speed>28.399284</gpxtpx:speed></gpxtpx:TrackPointExtension></extensions><geoidheight>-35.4</geoidheight><src>gps</src><sat>17</sat><hdop>0.64</hdop><vdop>0.99</vdop><pdop>1.18</pdop><dgpsid>0000</dgpsid></trkpt>
<trkpt lat="29.107916333333332" lon="-114.15076983333331"><ele>429.2</ele><time>2025-12-18T00:05:45.000Z</time><extensions><gpxtpx:TrackPointExtension><gpxtpx:bearing>185.98</gpxtpx:bearing><gpxtpx:speed>29.201221</gpxtpx:speed></gpxtpx:TrackPointExtension></extensions><geoidheight>-35.4</geoidheight><src>gps</src><sat>17</sat><hdop>0.64</hdop><vdop>0.99</vdop><pdop>1.18</pdop><dgpsid>0000</dgpsid></trkpt>
<trkpt lat="29.10502783333333" lon="-114.15111366666666"><ele>424.1</ele><time>2025-12-18T00:05:56.000Z</time><extensions><gpxtpx:TrackPointExtension><gpxtpx:bearing>186.19</gpxtpx:bearing><gpxtpx:speed>29.125557</gpxtpx:speed></gpxtpx:TrackPointExtension></extensions><geoidheight>-35.4</geoidheight><src>gps</src><sat>15</sat><hdop>0.65</hdop><vdop>1.00</vdop><pdop>1.19</pdop><dgpsid>0000</dgpsid></trkpt>
<trkpt lat="29.102151166666665" lon="-114.15145733333333"><ele>419.3</ele><time>2025-12-18T00:06:07.000Z</time><extensions><gpxtpx:TrackPointExtension><gpxtpx:bearing>186.12</gpxtpx:bearing><gpxtpx:speed>29.468876</gpxtpx:speed></gpxtpx:TrackPointExtension></extensions><geoidheight>-35.4</geoidheight><src>gps</src><sat>17</sat><hdop>0.64</hdop><vdop>0.98</vdop><pdop>1.17</pdop><dgpsid>0000</dgpsid></trkpt>
<trkpt lat="29.099263333333337" lon="-114.15179199999999"><ele>414.3</ele><time>2025-12-18T00:06:18.000Z</time><extensions><gpxtpx:TrackPointExtension><gpxtpx:bearing>185.73</gpxtpx:bearing><gpxtpx:speed>29.18372</gpxtpx:speed></gpxtpx:TrackPointExtension></extensions><geoidheight>-35.4</geoidheight><src>gps</src><sat>16</sat><hdop>0.63</hdop><vdop>0.94</vdop><pdop>1.13</pdop><dgpsid>0000</dgpsid></trkpt>
<trkpt lat="29.096385666666666" lon="-114.15213683333334"><ele>411.2</ele><time>2025-12-18T00:06:29.000Z</time><extensions><gpxtpx:TrackPointExtension><gpxtpx:bearing>186.09</gpxtpx:bearing><gpxtpx:speed>29.316519</gpxtpx:speed></gpxtpx:TrackPointExtension></extensions><geoidheight>-35.4</geoidheight><src>gps</src><sat>16</sat><hdop>0.63</hdop><vdop>0.94</vdop><pdop>1.13</pdop><dgpsid>0000</dgpsid></trkpt>
<trkpt lat="29.09355833333333" lon="-114.15246683333335"><ele>408.0</ele><time>2025-12-18T00:06:40.000Z</time><extensions><gpxtpx:TrackPointExtension><gpxtpx:bearing>185.68</gpxtpx:bearing><gpxtpx:speed>28.436344</gpxtpx:speed></gpxtpx:TrackPointExtension></extensions><geoidheight>-35.4</geoidheight><src>gps</src><sat>16</sat><hdop>0.63</hdop><vdop>0.93</vdop><pdop>1.13</pdop><dgpsid>0000</dgpsid></trkpt>
<trkpt lat="29.090756000000003" lon="-114.15280666666668"><ele>402.7</ele><time>2025-12-18T00:06:51.000Z</time><extensions><gpxtpx:TrackPointExtension><gpxtpx:bearing>186.32</gpxtpx:bearing><gpxtpx:speed>28.412666</gpxtpx:speed></gpxtpx:TrackPointExtension></extensions><geoidheight>-35.4</geoidheight><src>gps</src><sat>16</sat><hdop>0.63</hdop><vdop>0.95</vdop><pdop>1.14</pdop><dgpsid>0000</dgpsid></trkpt>
<trkpt lat="29.087946000000002" lon="-114.15314283333333"><ele>397.7</ele><time>2025-12-18T00:07:02.000Z</time><extensions><gpxtpx:TrackPointExtension><gpxtpx:bearing>186.04</gpxtpx:bearing><gpxtpx:speed>28.522303</gpxtpx:speed></gpxtpx:TrackPointExtension></extensions><geoidheight>-35.4</geoidheight><src>gps</src><sat>16</sat><hdop>0.69</hdop><vdop>1.01</vdop><pdop>1.23</pdop><dgpsid>0000</dgpsid></trkpt>
<trkpt lat="29.085168999999997" lon="-114.15346900000002"><ele>394.0</ele><time>2025-12-18T00:07:13.000Z</time><extensions><gpxtpx:TrackPointExtension><gpxtpx:bearing>186.03</gpxtpx:bearing><gpxtpx:speed>27.67507</gpxtpx:speed></gpxtpx:TrackPointExtension></extensions><geoidheight>-35.4</geoidheight><src>gps</src><sat>16</sat><hdop>0.63</hdop><vdop>0.93</vdop><pdop>1.12</pdop><dgpsid>0000</dgpsid></trkpt>
<trkpt lat="29.082548499999998" lon="-114.15377850000002"><ele>390.7</ele><time>2025-12-18T00:07:24.000Z</time><extensions><gpxtpx:TrackPointExtension><gpxtpx:bearing>186.06</gpxtpx:bearing><gpxtpx:speed>24.86623</gpxtpx:speed></gpxtpx:TrackPointExtension></extensions><geoidheight>-35.4</geoidheight><src>gps</src><sat>16</sat><hdop>0.63</hdop><vdop>0.95</vdop><pdop>1.14</pdop><dgpsid>0000</dgpsid></trkpt>
<trkpt lat="29.080224166666667" lon="-114.1540525"><ele>387.3</ele><time>2025-12-18T00:07:35.000Z</time><extensions><gpxtpx:TrackPointExtension><gpxtpx:bearing>185.65</gpxtpx:bearing><gpxtpx:speed>23.343681</gpxtpx:speed></gpxtpx:TrackPointExtension></extensions><geoidheight>-35.4</geoidheight><src>gps</src><sat>16</sat><hdop>0.63</hdop><vdop>0.93</vdop><pdop>1.12</pdop><dgpsid>0000</dgpsid></trkpt>
<trkpt lat="29.07778166666667" lon="-114.154345"><ele>383.1</ele><time>2025-12-18T00:07:46.000Z</time><extensions><gpxtpx:TrackPointExtension><gpxtpx:bearing>186.26</gpxtpx:bearing><gpxtpx:speed>25.661476</gpxtpx:speed></gpxtpx:TrackPointExtension></extensions><geoidheight>-35.4</geoidheight><src>gps</src><sat>16</sat><hdop>0.63</hdop><vdop>0.93</vdop><pdop>1.12</pdop><dgpsid>0000</dgpsid></trkpt>
<trkpt lat="29.075207666666664" lon="-114.15465199999998"><ele>379.2</ele><time>2025-12-18T00:07:57.000Z</time><extensions><gpxtpx:TrackPointExtension><gpxtpx:bearing>186.17</gpxtpx:bearing><gpxtpx:speed>26.556063</gpxtpx:speed></gpxtpx:TrackPointExtension></extensions><geoidheight>-35.4</geoidheight><src>gps</src><sat>16</sat><hdop>0.63</hdop><vdop>0.93</vdop><pdop>1.12</pdop><dgpsid>0000</dgpsid></trkpt>
<trkpt lat="29.072536333333332" lon="-114.15496649999999"><ele>374.3</ele><time>2025-12-18T00:08:08.000Z</time><extensions><gpxtpx:TrackPointExtension><gpxtpx:bearing>185.87</gpxtpx:bearing><gpxtpx:speed>27.240644</gpxtpx:speed></gpxtpx:TrackPointExtension></extensions><geoidheight>-35.4</geoidheight><src>gps</src><sat>16</sat><hdop>0.63</hdop><vdop>0.93</vdop><pdop>1.12</pdop><dgpsid>0000</dgpsid></trkpt>
<trkpt lat="29.06984633333333" lon="-114.15528100000002"><ele>370.2</ele><time>2025-12-18T00:08:19.000Z</time><extensions><gpxtpx:TrackPointExtension><gpxtpx:bearing>185.97</gpxtpx:bearing><gpxtpx:speed>27.190716</gpxtpx:speed></gpxtpx:TrackPointExtension></extensions><geoidheight>-35.4</geoidheight><src>gps</src><sat>16</sat><hdop>0.63</hdop><vdop>0.92</vdop><pdop>1.12</pdop><dgpsid>0000</dgpsid></trkpt>
<trkpt lat="29.06717366666667" lon="-114.15560699999999"><ele>366.4</ele><time>2025-12-18T00:08:30.000Z</time><extensions><gpxtpx:TrackPointExtension><gpxtpx:bearing>185.95</gpxtpx:bearing><gpxtpx:speed>26.913795</gpxtpx:speed></gpxtpx:TrackPointExtension></extensions><geoidheight>-35.4</geoidheight><src>gps</src><sat>16</sat><hdop>0.63</hdop><vdop>0.94</vdop><pdop>1.13</pdop><dgpsid>0000</dgpsid></trkpt>
<trkpt lat="29.064496666666667" lon="-114.1555745"><ele>363.2</ele><time>2025-12-18T00:08:41.000Z</time><extensions><gpxtpx:TrackPointExtension><gpxtpx:bearing>172.51</gpxtpx:bearing><gpxtpx:speed>27.381163</gpxtpx:speed></gpxtpx:TrackPointExtension></extensions><geoidheight>-35.4</geoidheight><src>gps</src><sat>16</sat><hdop>0.63</hdop><vdop>0.92</vdop><pdop>1.11</pdop><dgpsid>0000</dgpsid></trkpt>
<trkpt lat="29.0618235" lon="-114.15518333333333"><ele>359.9</ele><time>2025-12-18T00:08:52.000Z</time><extensions><gpxtpx:TrackPointExtension><gpxtpx:bearing>172.73</gpxtpx:bearing><gpxtpx:speed>26.955488</gpxtpx:speed></gpxtpx:TrackPointExtension></extensions><geoidheight>-35.4</geoidheight><src>gps</src><sat>16</sat><hdop>0.63</hdop><vdop>0.92</vdop><pdop>1.11</pdop><dgpsid>0000</dgpsid></trkpt>
<trkpt lat="29.05919683333333" lon="-114.15480299999999"><ele>355.9</ele><time>2025-12-18T00:09:03.000Z</time><extensions><gpxtpx:TrackPointExtension><gpxtpx:bearing>172.94</gpxtpx:bearing><gpxtpx:speed>26.485546</gpxtpx:speed></gpxtpx:TrackPointExtension></extensions><geoidheight>-35.4</geoidheight><src>gps</src><sat>16</sat><hdop>0.63</hdop><vdop>0.92</vdop><pdop>1.11</pdop><dgpsid>0000</dgpsid></trkpt>
<trkpt lat="29.05659933333333" lon="-114.1544295"><ele>351.8</ele><time>2025-12-18T00:09:14.000Z</time><extensions><gpxtpx:TrackPointExtension><gpxtpx:bearing>172.96</gpxtpx:bearing><gpxtpx:speed>26.333704</gpxtpx:speed></gpxtpx:TrackPointExtension></extensions><geoidheight>-35.4</geoidheight><src>gps</src><sat>16</sat><hdop>0.63</hdop><vdop>0.92</vdop><pdop>1.11</pdop><dgpsid>0000</dgpsid></trkpt>
<trkpt lat="29.053999999999995" lon="-114.15405616666666"><ele>348.2</ele><time>2025-12-18T00:09:25.000Z</time><extensions><gpxtpx:TrackPointExtension><gpxtpx:bearing>172.81</gpxtpx:bearing><gpxtpx:speed>26.34194</gpxtpx:speed></gpxtpx:TrackPointExtension></extensions><geoidheight>-35.4</geoidheight><src>gps</src><sat>16</sat><hdop>0.65</hdop><vdop>0.92</vdop><pdop>1.13</pdop><dgpsid>0000</dgpsid></trkpt>
<trkpt lat="29.05145766666667" lon="-114.15369233333334"><ele>344.6</ele><time>2025-12-18T00:09:36.000Z</time><extensions><gpxtpx:TrackPointExtension><gpxtpx:bearing>172.79</gpxtpx:bearing><gpxtpx:speed>25.299627</gpxtpx:speed></gpxtpx:TrackPointExtension></extensions><geoidheight>-35.4</geoidheight><src>gps</src><sat>16</sat><hdop>0.63</hdop><vdop>0.92</vdop><pdop>1.11</pdop><dgpsid>0000</dgpsid></trkpt>
<trkpt lat="29.048887166666667" lon="-114.15330999999999"><ele>340.5</ele><time>2025-12-18T00:09:47.000Z</time><extensions><gpxtpx:TrackPointExtension><gpxtpx:bearing>172.93</gpxtpx:bearing><gpxtpx:speed>26.558123</gpxtpx:speed></gpxtpx:TrackPointExtension></extensions><geoidheight>-35.4</geoidheight><src>gps</src><sat>15</sat><hdop>0.63</hdop><vdop>0.92</vdop><pdop>1.11</pdop><dgpsid>0000</dgpsid></trkpt>
<trkpt lat="29.0463895" lon="-114.15298"><ele>336.9</ele><time>2025-12-18T00:09:58.000Z</time><extensions><gpxtpx:TrackPointExtension><gpxtpx:bearing>173.81</gpxtpx:bearing><gpxtpx:speed>23.916054</gpxtpx:speed></gpxtpx:TrackPointExtension></extensions><geoidheight>-35.4</geoidheight><src>gps</src><sat>16</sat><hdop>0.63</hdop><vdop>0.91</vdop><pdop>1.11</pdop><dgpsid>0000</dgpsid></trkpt>
<trkpt lat="29.044128666666666" lon="-114.15265666666667"><ele>334.2</ele><time>2025-12-18T00:10:09.000Z</time><extensions><gpxtpx:TrackPointExtension><gpxtpx:bearing>172.52</gpxtpx:bearing><gpxtpx:speed>21.999743</gpxtpx:speed></gpxtpx:TrackPointExtension></extensions><geoidheight>-35.4</geoidheight><src>gps</src><sat>16</sat><hdop>0.63</hdop><vdop>0.91</vdop><pdop>1.11</pdop><dgpsid>0000</dgpsid></trkpt>
<trkpt lat="29.042036999999997" lon="-114.1523235"><ele>333.1</ele><time>2025-12-18T00:10:20.000Z</time><extensions><gpxtpx:TrackPointExtension><gpxtpx:bearing>172.67</gpxtpx:bearing><gpxtpx:speed>21.892166</gpxtpx:speed></gpxtpx:TrackPointExtension></extensions><geoidheight>-35.4</geoidheight><src>gps</src><sat>16</sat><hdop>0.63</hdop><vdop>0.91</vdop><pdop>1.11</pdop><dgpsid>0000</dgpsid></trkpt>
<trkpt lat="29.039741000000003" lon="-114.15198666666666"><ele>331.2</ele><time>2025-12-18T00:10:31.000Z</time><extensions><gpxtpx:TrackPointExtension><gpxtpx:bearing>172.43</gpxtpx:bearing><gpxtpx:speed>24.543499</gpxtpx:speed></gpxtpx:TrackPointExtension></extensions><geoidheight>-35.4</geoidheight><src>gps</src><sat>15</sat><hdop>0.69</hdop><vdop>0.93</vdop><pdop>1.15</pdop><dgpsid>0000</dgpsid></trkpt>
<trkpt lat="29.037273333333328" lon="-114.15162833333333"><ele>326.8</ele><time>2025-12-18T00:10:42.000Z</time><extensions><gpxtpx:TrackPointExtension><gpxtpx:bearing>172.51</gpxtpx:bearing><gpxtpx:speed>25.667652</gpxtpx:speed></gpxtpx:TrackPointExtension></extensions><geoidheight>-35.4</geoidheight><src>gps</src><sat>16</sat><hdop>0.63</hdop><vdop>0.91</vdop><pdop>1.10</pdop><dgpsid>0000</dgpsid></trkpt>
<trkpt lat="29.034759666666666" lon="-114.15126616666666"><ele>323.4</ele><time>2025-12-18T00:10:53.000Z</time><extensions><gpxtpx:TrackPointExtension><gpxtpx:bearing>172.76</gpxtpx:bearing><gpxtpx:speed>25.662506</gpxtpx:speed></gpxtpx:TrackPointExtension></extensions><geoidheight>-35.4</geoidheight><src>gps</src><sat>16</sat><hdop>0.63</hdop><vdop>0.91</vdop><pdop>1.10</pdop><dgpsid>0000</dgpsid></trkpt>
<trkpt lat="29.032241833333334" lon="-114.15090433333334"><ele>321.1</ele><time>2025-12-18T00:11:04.000Z</time><extensions><gpxtpx:TrackPointExtension><gpxtpx:bearing>172.85</gpxtpx:bearing><gpxtpx:speed>25.446323</gpxtpx:speed></gpxtpx:TrackPointExtension></extensions><geoidheight>-35.4</geoidheight><src>gps</src><sat>16</sat><hdop>0.63</hdop><vdop>0.91</vdop><pdop>1.10</pdop><dgpsid>0000</dgpsid></trkpt>
<trkpt lat="29.029727666666666" lon="-114.15054016666666"><ele>319.1</ele><time>2025-12-18T00:11:15.000Z</time><extensions><gpxtpx:TrackPointExtension><gpxtpx:bearing>172.73</gpxtpx:bearing><gpxtpx:speed>25.617725</gpxtpx:speed></gpxtpx:TrackPointExtension></extensions><geoidheight>-35.4</geoidheight><src>gps</src><sat>16</sat><hdop>0.63</hdop><vdop>0.91</vdop><pdop>1.10</pdop><dgpsid>0000</dgpsid></trkpt>
<trkpt lat="29.027181000000002" lon="-114.15017133333335"><ele>317.5</ele><time>2025-12-18T00:11:26.000Z</time><extensions><gpxtpx:TrackPointExtension><gpxtpx:bearing>172.6</gpxtpx:bearing><gpxtpx:speed>25.66508</gpxtpx:speed></gpxtpx:TrackPointExtension></extensions><geoidheight>-35.5</geoidheight><src>gps</src><sat>16</sat><hdop>0.63</hdop><vdop>0.90</vdop><pdop>1.10</pdop><dgpsid>0000</dgpsid></trkpt>
<trkpt lat="29.024684833333335" lon="-114.14980833333333"><ele>316.1</ele><time>2025-12-18T00:11:37.000Z</time><extensions><gpxtpx:TrackPointExtension><gpxtpx:bearing>172.44</gpxtpx:bearing><gpxtpx:speed>25.47103</gpxtpx:speed></gpxtpx:TrackPointExtension></extensions><geoidheight>-35.5</geoidheight><src>gps</src><sat>16</sat><hdop>0.63</hdop><vdop>0.90</vdop><pdop>1.10</pdop><dgpsid>0000</dgpsid></trkpt>
<trkpt lat="29.02216616666666" lon="-114.14944666666666"><ele>312.2</ele><time>2025-12-18T00:11:48.000Z</time><extensions><gpxtpx:TrackPointExtension><gpxtpx:bearing>172.93</gpxtpx:bearing><gpxtpx:speed>25.575518</gpxtpx:speed></gpxtpx:TrackPointExtension></extensions><geoidheight>-35.5</geoidheight><src>gps</src><sat>16</sat><hdop>0.63</hdop><vdop>0.90</vdop><pdop>1.10</pdop><dgpsid>0000</dgpsid></trkpt>
<trkpt lat="29.019660666666663" lon="-114.149084"><ele>310.6</ele><time>2025-12-18T00:11:59.000Z</time><extensions><gpxtpx:TrackPointExtension><gpxtpx:bearing>173.0</gpxtpx:bearing><gpxtpx:speed>25.727362</gpxtpx:speed></gpxtpx:TrackPointExtension></extensions><geoidheight>-35.5</geoidheight><src>gps</src><sat>16</sat><hdop>0.65</hdop><vdop>0.98</vdop><pdop>1.18</pdop><dgpsid>0000</dgpsid></trkpt>
<trkpt lat="29.017089499999997" lon="-114.148705"><ele>306.5</ele><time>2025-12-18T00:12:10.000Z</time><extensions><gpxtpx:TrackPointExtension><gpxtpx:bearing>172.79</gpxtpx:bearing><gpxtpx:speed>26.49893</gpxtpx:speed></gpxtpx:TrackPointExtension></extensions><geoidheight>-35.5</geoidheight><src>gps</src><sat>16</sat><hdop>0.65</hdop><vdop>0.98</vdop><pdop>1.18</pdop><dgpsid>0000</dgpsid></trkpt>
<trkpt lat="29.014480166666665" lon="-114.14833133333335"><ele>303.1</ele><time>2025-12-18T00:12:21.000Z</time><extensions><gpxtpx:TrackPointExtension><gpxtpx:bearing>172.9</gpxtpx:bearing><gpxtpx:speed>26.61886</gpxtpx:speed></gpxtpx:TrackPointExtension></extensions><geoidheight>-35.5</geoidheight><src>gps</src><sat>16</sat><hdop>0.65</hdop><vdop>0.98</vdop><pdop>1.18</pdop><dgpsid>0000</dgpsid></trkpt>
<trkpt lat="29.011866499999996" lon="-114.14795816666668"><ele>301.4</ele><time>2025-12-18T00:12:32.000Z</time><extensions><gpxtpx:TrackPointExtension><gpxtpx:bearing>172.34</gpxtpx:bearing><gpxtpx:speed>26.217892</gpxtpx:speed></gpxtpx:TrackPointExtension></extensions><geoidheight>-35.5</geoidheight><src>gps</src><sat>16</sat><hdop>0.65</hdop><vdop>0.98</vdop><pdop>1.18</pdop><dgpsid>0000</dgpsid></trkpt>
<trkpt lat="29.00929083333333" lon="-114.14758166666667"><ele>298.7</ele><time>2025-12-18T00:12:43.000Z</time><extensions><gpxtpx:TrackPointExtension><gpxtpx:bearing>172.95</gpxtpx:bearing><gpxtpx:speed>26.538048</gpxtpx:speed></gpxtpx:TrackPointExtension></extensions><geoidheight>-35.5</geoidheight><src>gps</src><sat>16</sat><hdop>0.65</hdop><vdop>0.98</vdop><pdop>1.18</pdop><dgpsid>0000</dgpsid></trkpt>
<trkpt lat="29.006699166666667" lon="-114.147204"><ele>296.6</ele><time>2025-12-18T00:12:54.000Z</time><extensions><gpxtpx:TrackPointExtension><gpxtpx:bearing>172.38</gpxtpx:bearing><gpxtpx:speed>25.902367</gpxtpx:speed></gpxtpx:TrackPointExtension></extensions><geoidheight>-35.5</geoidheight><src>gps</src><sat>16</sat><hdop>0.65</hdop><vdop>0.98</vdop><pdop>1.17</pdop><dgpsid>0000</dgpsid></trkpt>
<trkpt lat="29.004205333333335" lon="-114.14686116666665"><ele>293.1</ele><time>2025-12-18T00:13:05.000Z</time><extensions><gpxtpx:TrackPointExtension><gpxtpx:bearing>174.78</gpxtpx:bearing><gpxtpx:speed>24.833803</gpxtpx:speed></gpxtpx:TrackPointExtension></extensions><geoidheight>-35.5</geoidheight><src>gps</src><sat>16</sat><hdop>0.65</hdop><vdop>0.98</vdop><pdop>1.17</pdop><dgpsid>0000</dgpsid></trkpt>
<trkpt lat="29.001813500000004" lon="-114.147228"><ele>290.0</ele><time>2025-12-18T00:13:16.000Z</time><extensions><gpxtpx:TrackPointExtension><gpxtpx:bearing>201.33</gpxtpx:bearing><gpxtpx:speed>24.157972</gpxtpx:speed></gpxtpx:TrackPointExtension></extensions><geoidheight>-35.5</geoidheight><src>gps</src><sat>16</sat><hdop>0.65</hdop><vdop>0.97</vdop><pdop>1.17</pdop><dgpsid>0000</dgpsid></trkpt>
<trkpt lat="28.99969583333333" lon="-114.14856383333333"><ele>284.2</ele><time>2025-12-18T00:13:27.000Z</time><extensions><gpxtpx:TrackPointExtension><gpxtpx:bearing>210.97</gpxtpx:bearing><gpxtpx:speed>24.997484</gpxtpx:speed></gpxtpx:TrackPointExtension></extensions><geoidheight>-35.5</geoidheight><src>gps</src><sat>16</sat><hdop>0.65</hdop><vdop>0.97</vdop><pdop>1.17</pdop><dgpsid>0000</dgpsid></trkpt>
<trkpt lat="28.997577666666665" lon="-114.1500025"><ele>280.8</ele><time>2025-12-18T00:13:38.000Z</time><extensions><gpxtpx:TrackPointExtension><gpxtpx:bearing>210.7</gpxtpx:bearing><gpxtpx:speed>24.592398</gpxtpx:speed></gpxtpx:TrackPointExtension></extensions><geoidheight>-35.5</geoidheight><src>gps</src><sat>16</sat><hdop>0.65</hdop><vdop>0.97</vdop><pdop>1.17</pdop><dgpsid>0000</dgpsid></trkpt>
<trkpt lat="28.995497833333335" lon="-114.1514125"><ele>278.2</ele><time>2025-12-18T00:13:49.000Z</time><extensions><gpxtpx:TrackPointExtension><gpxtpx:bearing>210.9</gpxtpx:bearing><gpxtpx:speed>23.926863</gpxtpx:speed></gpxtpx:TrackPointExtension></extensions><geoidheight>-35.5</geoidheight><src>gps</src><sat>16</sat><hdop>0.65</hdop><vdop>0.97</vdop><pdop>1.17</pdop><dgpsid>0000</dgpsid></trkpt>
<trkpt lat="28.993411833333333" lon="-114.152812"><ele>278.1</ele><time>2025-12-18T00:14:00.000Z</time><extensions><gpxtpx:TrackPointExtension><gpxtpx:bearing>210.58</gpxtpx:bearing><gpxtpx:speed>24.757624</gpxtpx:speed></gpxtpx:TrackPointExtension></extensions><geoidheight>-35.5</geoidheight><src>gps</src><sat>16</sat><hdop>0.65</hdop><vdop>0.97</vdop><pdop>1.17</pdop><dgpsid>0000</dgpsid></trkpt>
<trkpt lat="28.991262" lon="-114.154258"><ele>278.0</ele><time>2025-12-18T00:14:11.000Z</time><extensions><gpxtpx:TrackPointExtension><gpxtpx:bearing>210.74</gpxtpx:bearing><gpxtpx:speed>25.731993</gpxtpx:speed></gpxtpx:TrackPointExtension></extensions><geoidheight>-35.5</geoidheight><src>gps</src><sat>16</sat><hdop>0.65</hdop><vdop>0.97</vdop><pdop>1.17</pdop><dgpsid>0000</dgpsid></trkpt>
<trkpt lat="28.98904866666667" lon="-114.15575533333335"><ele>276.4</ele><time>2025-12-18T00:14:22.000Z</time><extensions><gpxtpx:TrackPointExtension><gpxtpx:bearing>210.57</gpxtpx:bearing><gpxtpx:speed>26.097446</gpxtpx:speed></gpxtpx:TrackPointExtension></extensions><geoidheight>-35.5</geoidheight><src>gps</src><sat>16</sat><hdop>0.65</hdop><vdop>0.97</vdop><pdop>1.17</pdop><dgpsid>0000</dgpsid></trkpt>
<trkpt lat="28.986789166666668" lon="-114.15723233333334"><ele>270.0</ele><time>2025-12-18T00:14:33.000Z</time><extensions><gpxtpx:TrackPointExtension><gpxtpx:bearing>206.05</gpxtpx:bearing><gpxtpx:speed>25.172491</gpxtpx:speed></gpxtpx:TrackPointExtension></extensions><geoidheight>-35.5</geoidheight><src>gps</src><sat>16</sat><hdop>0.65</hdop><vdop>0.97</vdop><pdop>1.17</pdop><dgpsid>0000</dgpsid></trkpt>
<trkpt lat="28.984472166666666" lon="-114.15822466666665"><ele>267.9</ele><time>2025-12-18T00:14:44.000Z</time><extensions><gpxtpx:TrackPointExtension><gpxtpx:bearing>199.43</gpxtpx:bearing><gpxtpx:speed>24.603207</gpxtpx:speed></gpxtpx:TrackPointExtension></extensions><geoidheight>-35.5</geoidheight><src>gps</src><sat>16</sat><hdop>0.65</hdop><vdop>0.96</vdop><pdop>1.16</pdop><dgpsid>0000</dgpsid></trkpt>
<trkpt lat="28.982365833333333" lon="-114.1593595"><ele>264.3</ele><time>2025-12-18T00:14:55.000Z</time><extensions><gpxtpx:TrackPointExtension><gpxtpx:bearing>210.71</gpxtpx:bearing><gpxtpx:speed>23.853258</gpxtpx:speed></gpxtpx:TrackPointExtension></extensions><geoidheight>-35.5</geoidheight><src>gps</src><sat>16</sat><hdop>0.65</hdop><vdop>0.96</vdop><pdop>1.16</pdop><dgpsid>0000</dgpsid></trkpt>
<trkpt lat="28.980329166666667" lon="-114.16073800000001"><ele>252.9</ele><time>2025-12-18T00:15:06.000Z</time><extensions><gpxtpx:TrackPointExtension><gpxtpx:bearing>210.89</gpxtpx:bearing><gpxtpx:speed>24.156944</gpxtpx:speed></gpxtpx:TrackPointExtension></extensions><geoidheight>-35.5</geoidheight><src>gps</src><sat>16</sat><hdop>0.65</hdop><vdop>0.96</vdop><pdop>1.16</pdop><dgpsid>0000</dgpsid></trkpt>
<trkpt lat="28.97820116666667" lon="-114.16174133333334"><ele>245.8</ele><time>2025-12-18T00:15:17.000Z</time><extensions><gpxtpx:TrackPointExtension><gpxtpx:bearing>188.05</gpxtpx:bearing><gpxtpx:speed>22.99573</gpxtpx:speed></gpxtpx:TrackPointExtension></extensions><geoidheight>-35.5</geoidheight><src>gps</src><sat>15</sat><hdop>0.67</hdop><vdop>1.07</vdop><pdop>1.27</pdop><dgpsid>0000</dgpsid></trkpt>
<trkpt lat="28.975935166666666" lon="-114.16199116666667"><ele>244.6</ele><time>2025-12-18T00:15:28.000Z</time><extensions><gpxtpx:TrackPointExtension><gpxtpx:bearing>177.29</gpxtpx:bearing><gpxtpx:speed>22.451668</gpxtpx:speed></gpxtpx:TrackPointExtension></extensions><geoidheight>-35.5</geoidheight><src>gps</src><sat>15</sat><hdop>0.67</hdop><vdop>1.07</vdop><pdop>1.27</pdop><dgpsid>0000</dgpsid></trkpt>
<trkpt lat="28.973841333333333" lon="-114.16156783333332"><ele>254.1</ele><time>2025-12-18T00:15:39.000Z</time><extensions><gpxtpx:TrackPointExtension><gpxtpx:bearing>168.94</gpxtpx:bearing><gpxtpx:speed>20.439104</gpxtpx:speed></gpxtpx:TrackPointExtension></extensions><geoidheight>-35.5</geoidheight><src>gps</src><sat>15</sat><hdop>0.67</hdop><vdop>1.07</vdop><pdop>1.26</pdop><dgpsid>0000</dgpsid></trkpt>
<trkpt lat="28.971712000000004" lon="-114.16129666666666"><ele>254.8</ele><time>2025-12-18T00:15:50.000Z</time><extensions><gpxtpx:TrackPointExtension><gpxtpx:bearing>176.19</gpxtpx:bearing><gpxtpx:speed>22.45527</gpxtpx:speed></gpxtpx:TrackPointExtension></extensions><geoidheight>-35.5</geoidheight><src>gps</src><sat>15</sat><hdop>0.67</hdop><vdop>1.07</vdop><pdop>1.26</pdop><dgpsid>0000</dgpsid></trkpt>
<trkpt lat="28.96941566666667" lon="-114.16114283333333"><ele>253.1</ele><time>2025-12-18T00:16:01.000Z</time><extensions><gpxtpx:TrackPointExtension><gpxtpx:bearing>176.69</gpxtpx:bearing><gpxtpx:speed>23.757004</gpxtpx:speed></gpxtpx:TrackPointExtension></extensions><geoidheight>-35.5</geoidheight><src>gps</src><sat>14</sat><hdop>0.78</hdop><vdop>1.22</vdop><pdop>1.45</pdop><dgpsid>0000</dgpsid></trkpt>
<trkpt lat="28.966996" lon="-114.16098033333334"><ele>251.8</ele><time>2025-12-18T00:16:12.000Z</time><extensions><gpxtpx:TrackPointExtension><gpxtpx:bearing>176.28</gpxtpx:bearing><gpxtpx:speed>24.407099</gpxtpx:speed></gpxtpx:TrackPointExtension></extensions><geoidheight>-35.5</geoidheight><src>gps</src><sat>16</sat><hdop>0.65</hdop><vdop>0.95</vdop><pdop>1.16</pdop><dgpsid>0000</dgpsid></trkpt>
<trkpt lat="28.964543000000003" lon="-114.16081583333334"><ele>249.8</ele><time>2025-12-18T00:16:23.000Z</time><extensions><gpxtpx:TrackPointExtension><gpxtpx:bearing>176.87</gpxtpx:bearing><gpxtpx:speed>25.341833</gpxtpx:speed></gpxtpx:TrackPointExtension></extensions><geoidheight>-35.5</geoidheight><src>gps</src><sat>16</sat><hdop>0.65</hdop><vdop>0.95</vdop><pdop>1.15</pdop><dgpsid>0000</dgpsid></trkpt>
<trkpt lat="28.961993999999997" lon="-114.16064550000002"><ele>247.8</ele><time>2025-12-18T00:16:34.000Z</time><extensions><gpxtpx:TrackPointExtension><gpxtpx:bearing>176.58</gpxtpx:bearing><gpxtpx:speed>25.769053</gpxtpx:speed></gpxtpx:TrackPointExtension></extensions><geoidheight>-35.5</geoidheight><src>gps</src><sat>15</sat><hdop>0.67</hdop><vdop>1.07</vdop><pdop>1.26</pdop><dgpsid>0000</dgpsid></trkpt>
<trkpt lat="28.95944383333333" lon="-114.1604765"><ele>245.8</ele><time>2025-12-18T00:16:45.000Z</time><extensions><gpxtpx:TrackPointExtension><gpxtpx:bearing>176.73</gpxtpx:bearing><gpxtpx:speed>25.840084</gpxtpx:speed></gpxtpx:TrackPointExtension></extensions><geoidheight>-35.5</geoidheight><src>gps</src><sat>15</sat><hdop>0.67</hdop><vdop>1.06</vdop><pdop>1.26</pdop><dgpsid>0000</dgpsid></trkpt>
<trkpt lat="28.956803666666662" lon="-114.16028866666666"><ele>242.7</ele><time>2025-12-18T00:16:56.000Z</time><extensions><gpxtpx:TrackPointExtension><gpxtpx:bearing>175.42</gpxtpx:bearing><gpxtpx:speed>26.644081</gpxtpx:speed></gpxtpx:TrackPointExtension></extensions><geoidheight>-35.5</geoidheight><src>gps</src><sat>15</sat><hdop>0.67</hdop><vdop>1.06</vdop><pdop>1.26</pdop><dgpsid>0000</dgpsid></trkpt>
<trkpt lat="28.954165166666666" lon="-114.16013149999999"><ele>239.7</ele><time>2025-12-18T00:17:07.000Z</time><extensions><gpxtpx:TrackPointExtension><gpxtpx:bearing>177.05</gpxtpx:bearing><gpxtpx:speed>26.665184</gpxtpx:speed></gpxtpx:TrackPointExtension></extensions><geoidheight>-35.5</geoidheight><src>gps</src><sat>15</sat><hdop>0.67</hdop><vdop>1.06</vdop><pdop>1.26</pdop><dgpsid>0000</dgpsid></trkpt>
<trkpt lat="28.951593000000003" lon="-114.15997466666667"><ele>238.8</ele><time>2025-12-18T00:17:18.000Z</time><extensions><gpxtpx:TrackPointExtension><gpxtpx:bearing>178.96</gpxtpx:bearing><gpxtpx:speed>25.53434</gpxtpx:speed></gpxtpx:TrackPointExtension></extensions><geoidheight>-35.5</geoidheight><src>gps</src><sat>15</sat><hdop>0.67</hdop><vdop>1.06</vdop><pdop>1.26</pdop><dgpsid>0000</dgpsid></trkpt>
<trkpt lat="28.949077499999998" lon="-114.16026033333334"><ele>235.8</ele><time>2025-12-18T00:17:29.000Z</time><extensions><gpxtpx:TrackPointExtension><gpxtpx:bearing>191.19</gpxtpx:bearing><gpxtpx:speed>25.673315</gpxtpx:speed></gpxtpx:TrackPointExtension></extensions><geoidheight>-35.5</geoidheight><src>gps</src><sat>15</sat><hdop>0.67</hdop><vdop>1.06</vdop><pdop>1.26</pdop><dgpsid>0000</dgpsid></trkpt>
<trkpt lat="28.9466055" lon="-114.16082066666668"><ele>232.8</ele><time>2025-12-18T00:17:40.000Z</time><extensions><gpxtpx:TrackPointExtension><gpxtpx:bearing>191.46</gpxtpx:bearing><gpxtpx:speed>25.430367</gpxtpx:speed></gpxtpx:TrackPointExtension></extensions><geoidheight>-35.5</geoidheight><src>gps</src><sat>15</sat><hdop>0.67</hdop><vdop>1.06</vdop><pdop>1.25</pdop><dgpsid>0000</dgpsid></trkpt>
<trkpt lat="28.944162666666664" lon="-114.16137383333334"><ele>230.0</ele><time>2025-12-18T00:17:51.000Z</time><extensions><gpxtpx:TrackPointExtension><gpxtpx:bearing>191.32</gpxtpx:bearing><gpxtpx:speed>24.544529</gpxtpx:speed></gpxtpx:TrackPointExtension></extensions><geoidheight>-35.5</geoidheight><src>gps</src><sat>15</sat><hdop>0.67</hdop><vdop>1.06</vdop><pdop>1.25</pdop><dgpsid>0000</dgpsid></trkpt>
<trkpt lat="28.941743166666665" lon="-114.16141549999999"><ele>227.7</ele><time>2025-12-18T00:18:02.000Z</time><extensions><gpxtpx:TrackPointExtension><gpxtpx:bearing>173.2</gpxtpx:bearing><gpxtpx:speed>24.9316</gpxtpx:speed></gpxtpx:TrackPointExtension></extensions><geoidheight>-35.5</geoidheight><src>gps</src><sat>15</sat><hdop>0.67</hdop><vdop>1.06</vdop><pdop>1.25</pdop><dgpsid>0000</dgpsid></trkpt>
<trkpt lat="28.939334666666664" lon="-114.16110833333332"><ele>225.0</ele><time>2025-12-18T00:18:13.000Z</time><extensions><gpxtpx:TrackPointExtension><gpxtpx:bearing>178.48</gpxtpx:bearing><gpxtpx:speed>23.495525</gpxtpx:speed></gpxtpx:TrackPointExtension></extensions><geoidheight>-35.5</geoidheight><src>gps</src><sat>15</sat><hdop>0.67</hdop><vdop>1.06</vdop><pdop>1.25</pdop><dgpsid>0000</dgpsid></trkpt>
<trkpt lat="28.93699466666667" lon="-114.16119750000001"><ele>219.6</ele><time>2025-12-18T00:18:24.000Z</time><extensions><gpxtpx:TrackPointExtension><gpxtpx:bearing>182.37</gpxtpx:bearing><gpxtpx:speed>23.845022</gpxtpx:speed></gpxtpx:TrackPointExtension></extensions><geoidheight>-35.5</geoidheight><src>gps</src><sat>15</sat><hdop>0.67</hdop><vdop>1.05</vdop><pdop>1.25</pdop><dgpsid>0000</dgpsid></trkpt>
<trkpt lat="28.9346825" lon="-114.16131150000001"><ele>218.1</ele><time>2025-12-18T00:18:35.000Z</time><extensions><gpxtpx:TrackPointExtension><gpxtpx:bearing>182.47</gpxtpx:bearing><gpxtpx:speed>23.082718</gpxtpx:speed></gpxtpx:TrackPointExtension></extensions><geoidheight>-35.5</geoidheight><src>gps</src><sat>15</sat><hdop>0.67</hdop><vdop>1.05</vdop><pdop>1.25</pdop><dgpsid>0000</dgpsid></trkpt>
<trkpt lat="28.93264133333333" lon="-114.16136583333333"><ele>215.9</ele><time>2025-12-18T00:18:46.000Z</time><extensions><gpxtpx:TrackPointExtension><gpxtpx:bearing>175.22</gpxtpx:bearing><gpxtpx:speed>16.924582</gpxtpx:speed></gpxtpx:TrackPointExtension></extensions><geoidheight>-35.5</geoidheight><src>gps</src><sat>15</sat><hdop>0.67</hdop><vdop>1.05</vdop><pdop>1.25</pdop><dgpsid>0000</dgpsid></trkpt>
<trkpt lat="28.93115116666667" lon="-114.16058766666666"><ele>205.7</ele><time>2025-12-18T00:18:57.000Z</time><extensions><gpxtpx:TrackPointExtension><gpxtpx:bearing>137.07</gpxtpx:bearing><gpxtpx:speed>18.62162</gpxtpx:speed></gpxtpx:TrackPointExtension></extensions><geoidheight>-35.5</geoidheight><src>gps</src><sat>15</sat><hdop>0.67</hdop><vdop>1.05</vdop><pdop>1.25</pdop><dgpsid>0000</dgpsid></trkpt>
<trkpt lat="28.929956999999998" lon="-114.15891866666668"><ele>200.6</ele><time>2025-12-18T00:19:08.000Z</time><extensions><gpxtpx:TrackPointExtension><gpxtpx:bearing>127.74</gpxtpx:bearing><gpxtpx:speed>18.936115</gpxtpx:speed></gpxtpx:TrackPointExtension></extensions><geoidheight>-35.5</geoidheight><src>gps</src><sat>15</sat><hdop>0.78</hdop><vdop>1.09</vdop><pdop>1.34</pdop><dgpsid>0000</dgpsid></trkpt>
<trkpt lat="28.928899166666664" lon="-114.15737733333332"><ele>205.4</ele><time>2025-12-18T00:19:19.000Z</time><extensions><gpxtpx:TrackPointExtension><gpxtpx:bearing>128.45</gpxtpx:bearing><gpxtpx:speed>14.289719</gpxtpx:speed></gpxtpx:TrackPointExtension></extensions><geoidheight>-35.5</geoidheight><src>gps</src><sat>16</sat><hdop>0.66</hdop><vdop>0.95</vdop><pdop>1.16</pdop><dgpsid>0000</dgpsid></trkpt>
<trkpt lat="28.9281625" lon="-114.15630250000001"><ele>206.2</ele><time>2025-12-18T00:19:30.000Z</time><extensions><gpxtpx:TrackPointExtension><gpxtpx:bearing>128.46</gpxtpx:bearing><gpxtpx:speed>9.767369</gpxtpx:speed></gpxtpx:TrackPointExtension></extensions><geoidheight>-35.5</geoidheight><src>gps</src><sat>16</sat><hdop>0.66</hdop><vdop>0.95</vdop><pdop>1.16</pdop><dgpsid>0000</dgpsid></trkpt>
<trkpt lat="28.927715666666668" lon="-114.15566866666668"><ele>206.4</ele><time>2025-12-18T00:19:41.000Z</time><extensions><gpxtpx:TrackPointExtension><gpxtpx:bearing>129.74</gpxtpx:bearing><gpxtpx:speed>8.138273</gpxtpx:speed></gpxtpx:TrackPointExtension></extensions><geoidheight>-35.5</geoidheight><src>gps</src><sat>16</sat><hdop>0.78</hdop><vdop>1.09</vdop><pdop>1.34</pdop><dgpsid>0000</dgpsid></trkpt>
<trkpt lat="28.9269035" lon="-114.15482500000002"><ele>208.5</ele><time>2025-12-18T00:19:52.000Z</time><extensions><gpxtpx:TrackPointExtension><gpxtpx:bearing>142.84</gpxtpx:bearing><gpxtpx:speed>13.423956</gpxtpx:speed></gpxtpx:TrackPointExtension></extensions><geoidheight>-35.5</geoidheight><src>gps</src><sat>15</sat><hdop>0.78</hdop><vdop>1.09</vdop><pdop>1.34</pdop><dgpsid>0000</dgpsid></trkpt>
<trkpt lat="28.925676666666664" lon="-114.15407466666666"><ele>209.7</ele><time>2025-12-18T00:20:03.000Z</time><extensions><gpxtpx:TrackPointExtension><gpxtpx:bearing>159.17</gpxtpx:bearing><gpxtpx:speed>14.659803</gpxtpx:speed></gpxtpx:TrackPointExtension></extensions><geoidheight>-35.5</geoidheight><src>gps</src><sat>16</sat><hdop>0.66</hdop><vdop>0.95</vdop><pdop>1.16</pdop><dgpsid>0000</dgpsid></trkpt>
<trkpt lat="28.92414516666667" lon="-114.15361399999999"><ele>209.1</ele><time>2025-12-18T00:20:14.000Z</time><extensions><gpxtpx:TrackPointExtension><gpxtpx:bearing>166.81</gpxtpx:bearing><gpxtpx:speed>16.448463</gpxtpx:speed></gpxtpx:TrackPointExtension></extensions><geoidheight>-35.5</geoidheight><src>gps</src><sat>16</sat><hdop>0.66</hdop><vdop>0.95</vdop><pdop>1.16</pdop><dgpsid>0000</dgpsid></trkpt>
<trkpt lat="28.922442999999998" lon="-114.15316116666666"><ele>206.3</ele><time>2025-12-18T00:20:25.000Z</time><extensions><gpxtpx:TrackPointExtension><gpxtpx:bearing>166.73</gpxtpx:bearing><gpxtpx:speed>18.723536</gpxtpx:speed></gpxtpx:TrackPointExtension></extensions><geoidheight>-35.5</geoidheight><src>gps</src><sat>16</sat><hdop>0.66</hdop><vdop>0.95</vdop><pdop>1.16</pdop><dgpsid>0000</dgpsid></trkpt>
<trkpt lat="28.920556" lon="-114.15266316666666"><ele>205.1</ele><time>2025-12-18T00:20:36.000Z</time><extensions><gpxtpx:TrackPointExtension><gpxtpx:bearing>166.92</gpxtpx:bearing><gpxtpx:speed>20.183289</gpxtpx:speed></gpxtpx:TrackPointExtension></extensions><geoidheight>-35.5</geoidheight><src>gps</src><sat>16</sat><hdop>0.66</hdop><vdop>0.95</vdop><pdop>1.16</pdop><dgpsid>0000</dgpsid></trkpt>
<trkpt lat="28.918529499999998" lon="-114.15212600000001"><ele>204.3</ele><time>2025-12-18T00:20:47.000Z</time><extensions><gpxtpx:TrackPointExtension><gpxtpx:bearing>166.86</gpxtpx:bearing><gpxtpx:speed>22.093422</gpxtpx:speed></gpxtpx:TrackPointExtension></extensions><geoidheight>-35.5</geoidheight><src>gps</src><sat>16</sat><hdop>0.66</hdop><vdop>0.95</vdop><pdop>1.16</pdop><dgpsid>0000</dgpsid></trkpt>
<trkpt lat="28.916304833333335" lon="-114.15153283333332"><ele>202.1</ele><time>2025-12-18T00:20:58.000Z</time><extensions><gpxtpx:TrackPointExtension><gpxtpx:bearing>166.74</gpxtpx:bearing><gpxtpx:speed>23.428612</gpxtpx:speed></gpxtpx:TrackPointExtension></extensions><geoidheight>-35.5</geoidheight><src>gps</src><sat>16</sat><hdop>0.70</hdop><vdop>0.95</vdop><pdop>1.18</pdop><dgpsid>0000</dgpsid></trkpt>
<trkpt lat="28.914043833333334" lon="-114.15093883333333"><ele>198.7</ele><time>2025-12-18T00:21:09.000Z</time><extensions><gpxtpx:TrackPointExtension><gpxtpx:bearing>166.69</gpxtpx:bearing><gpxtpx:speed>23.483686</gpxtpx:speed></gpxtpx:TrackPointExtension></extensions><geoidheight>-35.5</geoidheight><src>gps</src><sat>16</sat><hdop>0.66</hdop><vdop>0.95</vdop><pdop>1.16</pdop><dgpsid>0000</dgpsid></trkpt>
<trkpt lat="28.91175766666667" lon="-114.15033233333334"><ele>194.1</ele><time>2025-12-18T00:21:20.000Z</time><extensions><gpxtpx:TrackPointExtension><gpxtpx:bearing>166.73</gpxtpx:bearing><gpxtpx:speed>24.047823</gpxtpx:speed></gpxtpx:TrackPointExtension></extensions><geoidheight>-35.5</geoidheight><src>gps</src><sat>16</sat><hdop>0.66</hdop><vdop>0.95</vdop><pdop>1.16</pdop><dgpsid>0000</dgpsid></trkpt>
<trkpt lat="28.909414833333337" lon="-114.149705"><ele>194.1</ele><time>2025-12-18T00:21:31.000Z</time><extensions><gpxtpx:TrackPointExtension><gpxtpx:bearing>166.3</gpxtpx:bearing><gpxtpx:speed>23.677221</gpxtpx:speed></gpxtpx:TrackPointExtension></extensions><geoidheight>-35.5</geoidheight><src>gps</src><sat>16</sat><hdop>0.66</hdop><vdop>0.95</vdop><pdop>1.16</pdop><dgpsid>0000</dgpsid></trkpt>
<trkpt lat="28.907127" lon="-114.14910416666667"><ele>192.7</ele><time>2025-12-18T00:21:42.000Z</time><extensions><gpxtpx:TrackPointExtension><gpxtpx:bearing>166.75</gpxtpx:bearing><gpxtpx:speed>23.831638</gpxtpx:speed></gpxtpx:TrackPointExtension></extensions><geoidheight>-35.5</geoidheight><src>gps</src><sat>16</sat><hdop>0.66</hdop><vdop>0.95</vdop><pdop>1.16</pdop><dgpsid>0000</dgpsid></trkpt>
<trkpt lat="28.904896333333333" lon="-114.14851449999999"><ele>190.5</ele><time>2025-12-18T00:21:53.000Z</time><extensions><gpxtpx:TrackPointExtension><gpxtpx:bearing>166.83</gpxtpx:bearing><gpxtpx:speed>22.650866</gpxtpx:speed></gpxtpx:TrackPointExtension></extensions><geoidheight>-35.5</geoidheight><src>gps</src><sat>16</sat><hdop>0.66</hdop><vdop>0.95</vdop><pdop>1.16</pdop><dgpsid>0000</dgpsid></trkpt>
<trkpt lat="28.902790166666666" lon="-114.14796116666666"><ele>185.7</ele><time>2025-12-18T00:22:04.000Z</time><extensions><gpxtpx:TrackPointExtension><gpxtpx:bearing>166.45</gpxtpx:bearing><gpxtpx:speed>20.929634</gpxtpx:speed></gpxtpx:TrackPointExtension></extensions><geoidheight>-35.5</geoidheight><src>gps</src><sat>16</sat><hdop>0.66</hdop><vdop>0.95</vdop><pdop>1.16</pdop><dgpsid>0000</dgpsid></trkpt>
<trkpt lat="28.901039833333336" lon="-114.1468695"><ele>187.3</ele><time>2025-12-18T00:22:15.000Z</time><extensions><gpxtpx:TrackPointExtension><gpxtpx:bearing>140.41</gpxtpx:bearing><gpxtpx:speed>21.472668</gpxtpx:speed></gpxtpx:TrackPointExtension></extensions><geoidheight>-35.5</geoidheight><src>gps</src><sat>16</sat><hdop>0.66</hdop><vdop>0.95</vdop><pdop>1.16</pdop><dgpsid>0000</dgpsid></trkpt>
<trkpt lat="28.8994605" lon="-114.14535749999999"><ele>190.2</ele><time>2025-12-18T00:22:26.000Z</time><extensions><gpxtpx:TrackPointExtension><gpxtpx:bearing>140.17</gpxtpx:bearing><gpxtpx:speed>21.288912</gpxtpx:speed></gpxtpx:TrackPointExtension></extensions><geoidheight>-35.5</geoidheight><src>gps</src><sat>16</sat><hdop>0.66</hdop><vdop>0.95</vdop><pdop>1.16</pdop><dgpsid>0000</dgpsid></trkpt>
<trkpt lat="28.897849333333337" lon="-114.14398533333333"><ele>187.0</ele><time>2025-12-18T00:22:37.000Z</time><extensions><gpxtpx:TrackPointExtension><gpxtpx:bearing>148.31</gpxtpx:bearing><gpxtpx:speed>19.119871</gpxtpx:speed></gpxtpx:TrackPointExtension></extensions><geoidheight>-35.5</geoidheight><src>gps</src><sat>16</sat><hdop>0.66</hdop><vdop>0.95</vdop><pdop>1.16</pdop><dgpsid>0000</dgpsid></trkpt>
<trkpt lat="28.89611933333333" lon="-114.1428485"><ele>182.9</ele><time>2025-12-18T00:22:48.000Z</time><extensions><gpxtpx:TrackPointExtension><gpxtpx:bearing>150.59</gpxtpx:bearing><gpxtpx:speed>20.499327</gpxtpx:speed></gpxtpx:TrackPointExtension></extensions><geoidheight>-35.5</geoidheight><src>gps</src><sat>16</sat><hdop>0.66</hdop><vdop>0.95</vdop><pdop>1.16</pdop><dgpsid>0000</dgpsid></trkpt>
<trkpt lat="28.89430666666666" lon="-114.14167183333332"><ele>181.8</ele><time>2025-12-18T00:22:59.000Z</time><extensions><gpxtpx:TrackPointExtension><gpxtpx:bearing>150.22</gpxtpx:bearing><gpxtpx:speed>20.706245</gpxtpx:speed></gpxtpx:TrackPointExtension></extensions><geoidheight>-35.5</geoidheight><src>gps</src><sat>16</sat><hdop>0.66</hdop><vdop>0.95</vdop><pdop>1.15</pdop><dgpsid>0000</dgpsid></trkpt>
<trkpt lat="28.892465" lon="-114.140475"><ele>180.7</ele><time>2025-12-18T00:23:10.000Z</time><extensions><gpxtpx:TrackPointExtension><gpxtpx:bearing>151.22</gpxtpx:bearing><gpxtpx:speed>21.273985</gpxtpx:speed></gpxtpx:TrackPointExtension></extensions><geoidheight>-35.5</geoidheight><src>gps</src><sat>16</sat><hdop>0.66</hdop><vdop>0.95</vdop><pdop>1.15</pdop><dgpsid>0000</dgpsid></trkpt>
<trkpt lat="28.890487500000003" lon="-114.13951549999999"><ele>179.6</ele><time>2025-12-18T00:23:21.000Z</time><extensions><gpxtpx:TrackPointExtension><gpxtpx:bearing>162.76</gpxtpx:bearing><gpxtpx:speed>22.285414</gpxtpx:speed></gpxtpx:TrackPointExtension></extensions><geoidheight>-35.5</geoidheight><src>gps</src><sat>16</sat><hdop>0.66</hdop><vdop>0.95</vdop><pdop>1.15</pdop><dgpsid>0000</dgpsid></trkpt>
<trkpt lat="28.888360499999997" lon="-114.13877733333332"><ele>176.9</ele><time>2025-12-18T00:23:32.000Z</time><extensions><gpxtpx:TrackPointExtension><gpxtpx:bearing>162.92</gpxtpx:bearing><gpxtpx:speed>22.094452</gpxtpx:speed></gpxtpx:TrackPointExtension></extensions><geoidheight>-35.5</geoidheight><src>gps</src><sat>16</sat><hdop>0.66</hdop><vdop>0.94</vdop><pdop>1.15</pdop><dgpsid>0000</dgpsid></trkpt>
<trkpt lat="28.88630033333333" lon="-114.13806833333335"><ele>175.7</ele><time>2025-12-18T00:23:43.000Z</time><extensions><gpxtpx:TrackPointExtension><gpxtpx:bearing>163.63</gpxtpx:bearing><gpxtpx:speed>21.706865</gpxtpx:speed></gpxtpx:TrackPointExtension></extensions><geoidheight>-35.5</geoidheight><src>gps</src><sat>16</sat><hdop>0.66</hdop><vdop>0.94</vdop><pdop>1.15</pdop><dgpsid>0000</dgpsid></trkpt>
<trkpt lat="28.8841715" lon="-114.1373425"><ele>173.4</ele><time>2025-12-18T00:23:54.000Z</time><extensions><gpxtpx:TrackPointExtension><gpxtpx:bearing>163.27</gpxtpx:bearing><gpxtpx:speed>22.595276</gpxtpx:speed></gpxtpx:TrackPointExtension></extensions><geoidheight>-35.5</geoidheight><src>gps</src><sat>16</sat><hdop>0.66</hdop><vdop>0.94</vdop><pdop>1.15</pdop><dgpsid>0000</dgpsid></trkpt>
<trkpt lat="28.882085500000002" lon="-114.13662083333332"><ele>171.3</ele><time>2025-12-18T00:24:05.000Z</time><extensions><gpxtpx:TrackPointExtension><gpxtpx:bearing>163.63</gpxtpx:bearing><gpxtpx:speed>21.22663</gpxtpx:speed></gpxtpx:TrackPointExtension></extensions><geoidheight>-35.5</geoidheight><src>gps</src><sat>16</sat><hdop>0.66</hdop><vdop>0.94</vdop><pdop>1.15</pdop><dgpsid>0000</dgpsid></trkpt>
<trkpt lat="28.880098166666667" lon="-114.13593916666666"><ele>174.4</ele><time>2025-12-18T00:24:16.000Z</time><extensions><gpxtpx:TrackPointExtension><gpxtpx:bearing>163.26</gpxtpx:bearing><gpxtpx:speed>21.160746</gpxtpx:speed></gpxtpx:TrackPointExtension></extensions><geoidheight>-35.5</geoidheight><src>gps</src><sat>16</sat><hdop>0.66</hdop><vdop>0.94</vdop><pdop>1.15</pdop><dgpsid>0000</dgpsid></trkpt>
<trkpt lat="28.878132833333332" lon="-114.13525566666667"><ele>173.7</ele><time>2025-12-18T00:24:27.000Z</time><extensions><gpxtpx:TrackPointExtension><gpxtpx:bearing>163.48</gpxtpx:bearing><gpxtpx:speed>20.49315</gpxtpx:speed></gpxtpx:TrackPointExtension></extensions><geoidheight>-35.5</geoidheight><src>gps</src><sat>16</sat><hdop>0.66</hdop><vdop>0.94</vdop><pdop>1.15</pdop><dgpsid>0000</dgpsid></trkpt>
<trkpt lat="28.87610516666667" lon="-114.13476199999998"><ele>172.4</ele><time>2025-12-18T00:24:38.000Z</time><extensions><gpxtpx:TrackPointExtension><gpxtpx:bearing>173.63</gpxtpx:bearing><gpxtpx:speed>21.154568</gpxtpx:speed></gpxtpx:TrackPointExtension></extensions><geoidheight>-35.5</geoidheight><src>gps</src><sat>16</sat><hdop>0.66</hdop><vdop>0.94</vdop><pdop>1.15</pdop><dgpsid>0000</dgpsid></trkpt>
<trkpt lat="28.874001500000002" lon="-114.134549"><ele>170.4</ele><time>2025-12-18T00:24:49.000Z</time><extensions><gpxtpx:TrackPointExtension><gpxtpx:bearing>175.14</gpxtpx:bearing><gpxtpx:speed>20.915737</gpxtpx:speed></gpxtpx:TrackPointExtension></extensions><geoidheight>-35.5</geoidheight><src>gps</src><sat>16</sat><hdop>0.66</hdop><vdop>0.94</vdop><pdop>1.15</pdop><dgpsid>0000</dgpsid></trkpt>
<trkpt lat="28.87201633333333" lon="-114.13425166666666"><ele>169.1</ele><time>2025-12-18T00:25:00.000Z</time><extensions><gpxtpx:TrackPointExtension><gpxtpx:bearing>163.97</gpxtpx:bearing><gpxtpx:speed>20.053577</gpxtpx:speed></gpxtpx:TrackPointExtension></extensions><geoidheight>-35.5</geoidheight><src>gps</src><sat>16</sat><hdop>0.66</hdop><vdop>0.94</vdop><pdop>1.15</pdop><dgpsid>0000</dgpsid></trkpt>
<trkpt lat="28.870112166666665" lon="-114.133339"><ele>162.9</ele><time>2025-12-18T00:25:11.000Z</time><extensions><gpxtpx:TrackPointExtension><gpxtpx:bearing>154.82</gpxtpx:bearing><gpxtpx:speed>21.785618</gpxtpx:speed></gpxtpx:TrackPointExtension></extensions><geoidheight>-35.5</geoidheight><src>gps</src><sat>16</sat><hdop>0.66</hdop><vdop>0.94</vdop><pdop>1.15</pdop><dgpsid>0000</dgpsid></trkpt>
<trkpt lat="28.868075999999995" lon="-114.13228466666666"><ele>154.3</ele><time>2025-12-18T00:25:22.000Z</time><extensions><gpxtpx:TrackPointExtension><gpxtpx:bearing>155.28</gpxtpx:bearing><gpxtpx:speed>22.148497</gpxtpx:speed></gpxtpx:TrackPointExtension></extensions><geoidheight>-35.5</geoidheight><src>gps</src><sat>16</sat><hdop>0.66</hdop><vdop>0.94</vdop><pdop>1.15</pdop><dgpsid>0000</dgpsid></trkpt>
<trkpt lat="28.866200000000003" lon="-114.13130366666668"><ele>157.7</ele><time>2025-12-18T00:25:33.000Z</time><extensions><gpxtpx:TrackPointExtension><gpxtpx:bearing>154.81</gpxtpx:bearing><gpxtpx:speed>21.33472</gpxtpx:speed></gpxtpx:TrackPointExtension></extensions><geoidheight>-35.5</geoidheight><src>gps</src><sat>16</sat><hdop>0.66</hdop><vdop>0.94</vdop><pdop>1.15</pdop><dgpsid>0000</dgpsid></trkpt>
<trkpt lat="28.86429616666667" lon="-114.13035233333333"><ele>158.3</ele><time>2025-12-18T00:25:44.000Z</time><extensions><gpxtpx:TrackPointExtension><gpxtpx:bearing>160.58</gpxtpx:bearing><gpxtpx:speed>19.302599</gpxtpx:speed></gpxtpx:TrackPointExtension></extensions><geoidheight>-35.5</geoidheight><src>gps</src><sat>16</sat><hdop>0.66</hdop><vdop>0.94</vdop><pdop>1.15</pdop><dgpsid>0000</dgpsid></trkpt>
<trkpt lat="28.86244166666667" lon="-114.12993399999999"><ele>163.5</ele><time>2025-12-18T00:25:55.000Z</time><extensions><gpxtpx:TrackPointExtension><gpxtpx:bearing>172.07</gpxtpx:bearing><gpxtpx:speed>19.426132</gpxtpx:speed></gpxtpx:TrackPointExtension></extensions><geoidheight>-35.5</geoidheight><src>gps</src><sat>16</sat><hdop>0.66</hdop><vdop>0.94</vdop><pdop>1.15</pdop><dgpsid>0000</dgpsid></trkpt>
<trkpt lat="28.860492500000003" lon="-114.12959083333332"><ele>160.7</ele><time>2025-12-18T00:26:06.000Z</time><extensions><gpxtpx:TrackPointExtension><gpxtpx:bearing>171.47</gpxtpx:bearing><gpxtpx:speed>20.143139</gpxtpx:speed></gpxtpx:TrackPointExtension></extensions><geoidheight>-35.5</geoidheight><src>gps</src><sat>16</sat><hdop>0.66</hdop><vdop>0.94</vdop><pdop>1.15</pdop><dgpsid>0000</dgpsid></trkpt>
<trkpt lat="28.85847533333333" lon="-114.12923016666667"><ele>158.6</ele><time>2025-12-18T00:26:17.000Z</time><extensions><gpxtpx:TrackPointExtension><gpxtpx:bearing>170.89</gpxtpx:bearing><gpxtpx:speed>20.953827</gpxtpx:speed></gpxtpx:TrackPointExtension></extensions><geoidheight>-35.5</geoidheight><src>gps</src><sat>16</sat><hdop>0.66</hdop><vdop>0.94</vdop><pdop>1.15</pdop><dgpsid>0000</dgpsid></trkpt>
<trkpt lat="28.856435" lon="-114.12887183333332"><ele>156.2</ele><time>2025-12-18T00:26:28.000Z</time><extensions><gpxtpx:TrackPointExtension><gpxtpx:bearing>171.38</gpxtpx:bearing><gpxtpx:speed>20.192038</gpxtpx:speed></gpxtpx:TrackPointExtension></extensions><geoidheight>-35.5</geoidheight><src>gps</src><sat>16</sat><hdop>0.66</hdop><vdop>0.94</vdop><pdop>1.15</pdop><dgpsid>0000</dgpsid></trkpt>
<trkpt lat="28.854471166666666" lon="-114.128531"><ele>152.7</ele><time>2025-12-18T00:26:39.000Z</time><extensions><gpxtpx:TrackPointExtension><gpxtpx:bearing>170.58</gpxtpx:bearing><gpxtpx:speed>20.309395</gpxtpx:speed></gpxtpx:TrackPointExtension></extensions><geoidheight>-35.5</geoidheight><src>gps</src><sat>16</sat><hdop>0.67</hdop><vdop>0.94</vdop><pdop>1.15</pdop><dgpsid>0000</dgpsid></trkpt>
<trkpt lat="28.852410166666665" lon="-114.12816399999998"><ele>147.0</ele><time>2025-12-18T00:26:50.000Z</time><extensions><gpxtpx:TrackPointExtension><gpxtpx:bearing>171.27</gpxtpx:bearing><gpxtpx:speed>19.887323</gpxtpx:speed></gpxtpx:TrackPointExtension></extensions><geoidheight>-35.5</geoidheight><src>gps</src><sat>16</sat><hdop>0.67</hdop><vdop>0.94</vdop><pdop>1.15</pdop><dgpsid>0000</dgpsid></trkpt>
<trkpt lat="28.850687999999998" lon="-114.12783666666668"><ele>149.9</ele><time>2025-12-18T00:27:01.000Z</time><extensions><gpxtpx:TrackPointExtension><gpxtpx:bearing>170.33</gpxtpx:bearing><gpxtpx:speed>16.708399</gpxtpx:speed></gpxtpx:TrackPointExtension></extensions><geoidheight>-35.5</geoidheight><src>gps</src><sat>16</sat><hdop>0.67</hdop><vdop>0.94</vdop><pdop>1.15</pdop><dgpsid>0000</dgpsid></trkpt>
<trkpt lat="28.849034833333334" lon="-114.12748883333333"><ele>147.0</ele><time>2025-12-18T00:27:12.000Z</time><extensions><gpxtpx:TrackPointExtension><gpxtpx:bearing>169.48</gpxtpx:bearing><gpxtpx:speed>17.93601</gpxtpx:speed></gpxtpx:TrackPointExtension></extensions><geoidheight>-35.5</geoidheight><src>gps</src><sat>16</sat><hdop>0.67</hdop><vdop>0.94</vdop><pdop>1.15</pdop><dgpsid>0000</dgpsid></trkpt>
<trkpt lat="28.84721233333333" lon="-114.1271085"><ele>145.9</ele><time>2025-12-18T00:27:23.000Z</time><extensions><gpxtpx:TrackPointExtension><gpxtpx:bearing>170.17</gpxtpx:bearing><gpxtpx:speed>19.79982</gpxtpx:speed></gpxtpx:TrackPointExtension></extensions><geoidheight>-35.5</geoidheight><src>gps</src><sat>15</sat><hdop>0.69</hdop><vdop>1.02</vdop><pdop>1.23</pdop><dgpsid>0000</dgpsid></trkpt>
<trkpt lat="28.845163333333335" lon="-114.12667699999999"><ele>143.4</ele><time>2025-12-18T00:27:34.000Z</time><extensions><gpxtpx:TrackPointExtension><gpxtpx:bearing>169.87</gpxtpx:bearing><gpxtpx:speed>21.351707</gpxtpx:speed></gpxtpx:TrackPointExtension></extensions><geoidheight>-35.5</geoidheight><src>gps</src><sat>15</sat><hdop>0.69</hdop><vdop>1.02</vdop><pdop>1.23</pdop><dgpsid>0000</dgpsid></trkpt>
<trkpt lat="28.843059499999995" lon="-114.12623416666665"><ele>138.3</ele><time>2025-12-18T00:27:45.000Z</time><extensions><gpxtpx:TrackPointExtension><gpxtpx:bearing>169.4</gpxtpx:bearing><gpxtpx:speed>22.6905</gpxtpx:speed></gpxtpx:TrackPointExtension></extensions><geoidheight>-35.5</geoidheight><src>gps</src><sat>15</sat><hdop>0.69</hdop><vdop>1.02</vdop><pdop>1.23</pdop><dgpsid>0000</dgpsid></trkpt>
<trkpt lat="28.84085133333333" lon="-114.12577283333333"><ele>134.1</ele><time>2025-12-18T00:27:56.000Z</time><extensions><gpxtpx:TrackPointExtension><gpxtpx:bearing>169.67</gpxtpx:bearing><gpxtpx:speed>22.619984</gpxtpx:speed></gpxtpx:TrackPointExtension></extensions><geoidheight>-35.5</geoidheight><src>gps</src><sat>15</sat><hdop>0.69</hdop><vdop>1.02</vdop><pdop>1.23</pdop><dgpsid>0000</dgpsid></trkpt>
<trkpt lat="28.838685" lon="-114.12533633333332"><ele>132.4</ele><time>2025-12-18T00:28:07.000Z</time><extensions><gpxtpx:TrackPointExtension><gpxtpx:bearing>171.31</gpxtpx:bearing><gpxtpx:speed>21.896797</gpxtpx:speed></gpxtpx:TrackPointExtension></extensions><geoidheight>-35.5</geoidheight><src>gps</src><sat>15</sat><hdop>0.69</hdop><vdop>1.02</vdop><pdop>1.23</pdop><dgpsid>0000</dgpsid></trkpt>
<trkpt lat="28.836536666666667" lon="-114.12488866666666"><ele>130.1</ele><time>2025-12-18T00:28:18.000Z</time><extensions><gpxtpx:TrackPointExtension><gpxtpx:bearing>169.6</gpxtpx:bearing><gpxtpx:speed>21.698114</gpxtpx:speed></gpxtpx:TrackPointExtension></extensions><geoidheight>-35.5</geoidheight><src>gps</src><sat>15</sat><hdop>0.69</hdop><vdop>1.02</vdop><pdop>1.23</pdop><dgpsid>0000</dgpsid></trkpt>
<trkpt lat="28.834519333333333" lon="-114.1242875"><ele>124.2</ele><time>2025-12-18T00:28:29.000Z</time><extensions><gpxtpx:TrackPointExtension><gpxtpx:bearing>152.9</gpxtpx:bearing><gpxtpx:speed>21.091257</gpxtpx:speed></gpxtpx:TrackPointExtension></extensions><geoidheight>-35.5</geoidheight><src>gps</src><sat>15</sat><hdop>0.69</hdop><vdop>1.02</vdop><pdop>1.23</pdop><dgpsid>0000</dgpsid></trkpt>
<trkpt lat="28.832915333333336" lon="-114.12290516666665"><ele>121.8</ele><time>2025-12-18T00:28:40.000Z</time><extensions><gpxtpx:TrackPointExtension><gpxtpx:bearing>139.59</gpxtpx:bearing><gpxtpx:speed>19.21561</gpxtpx:speed></gpxtpx:TrackPointExtension></extensions><geoidheight>-35.5</geoidheight><src>gps</src><sat>15</sat><hdop>0.72</hdop><vdop>1.08</vdop><pdop>1.30</pdop><dgpsid>0000</dgpsid></trkpt>
<trkpt lat="28.832401166666667" lon="-114.12131466666666"><ele>131.5</ele><time>2025-12-18T00:28:51.000Z</time><extensions><gpxtpx:TrackPointExtension><gpxtpx:bearing>78.16</gpxtpx:bearing><gpxtpx:speed>15.179673</gpxtpx:speed></gpxtpx:TrackPointExtension></extensions><geoidheight>-35.5</geoidheight><src>gps</src><sat>15</sat><hdop>0.69</hdop><vdop>1.02</vdop><pdop>1.23</pdop><dgpsid>0000</dgpsid></trkpt>
<trkpt lat="28.832617833333334" lon="-114.119469"><ele>136.5</ele><time>2025-12-18T00:29:02.000Z</time><extensions><gpxtpx:TrackPointExtension><gpxtpx:bearing>92.76</gpxtpx:bearing><gpxtpx:speed>18.709639</gpxtpx:speed></gpxtpx:TrackPointExtension></extensions><geoidheight>-35.5</geoidheight><src>gps</src><sat>15</sat><hdop>0.72</hdop><vdop>1.08</vdop><pdop>1.30</pdop><dgpsid>0000</dgpsid></trkpt>
<trkpt lat="28.832445500000002" lon="-114.117264"><ele>137.3</ele><time>2025-12-18T00:29:13.000Z</time><extensions><gpxtpx:TrackPointExtension><gpxtpx:bearing>94.69</gpxtpx:bearing><gpxtpx:speed>19.921808</gpxtpx:speed></gpxtpx:TrackPointExtension></extensions><geoidheight>-35.5</geoidheight><src>gps</src><sat>15</sat><hdop>0.74</hdop><vdop>1.02</vdop><pdop>1.26</pdop><dgpsid>0000</dgpsid></trkpt>
<trkpt lat="28.832258666666668" lon="-114.11494599999999"><ele>140.5</ele><time>2025-12-18T00:29:24.000Z</time><extensions><gpxtpx:TrackPointExtension><gpxtpx:bearing>94.39</gpxtpx:bearing><gpxtpx:speed>21.111332</gpxtpx:speed></gpxtpx:TrackPointExtension></extensions><geoidheight>-35.5</geoidheight><src>gps</src><sat>14</sat><hdop>0.72</hdop><vdop>1.16</vdop><pdop>1.37</pdop><dgpsid>0000</dgpsid></trkpt>
<trkpt lat="28.831946833333337" lon="-114.11263699999999"><ele>144.7</ele><time>2025-12-18T00:29:35.000Z</time><extensions><gpxtpx:TrackPointExtension><gpxtpx:bearing>106.45</gpxtpx:bearing><gpxtpx:speed>20.47565</gpxtpx:speed></gpxtpx:TrackPointExtension></extensions><geoidheight>-35.5</geoidheight><src>gps</src><sat>14</sat><hdop>0.72</hdop><vdop>1.16</vdop><pdop>1.37</pdop><dgpsid>0000</dgpsid></trkpt>
<trkpt lat="28.831297166666666" lon="-114.11046683333333"><ele>152.8</ele><time>2025-12-18T00:29:46.000Z</time><extensions><gpxtpx:TrackPointExtension><gpxtpx:bearing>109.22</gpxtpx:bearing><gpxtpx:speed>20.246084</gpxtpx:speed></gpxtpx:TrackPointExtension></extensions><geoidheight>-35.5</geoidheight><src>gps</src><sat>15</sat><hdop>0.69</hdop><vdop>1.02</vdop><pdop>1.23</pdop><dgpsid>0000</dgpsid></trkpt>
<trkpt lat="28.830854666666664" lon="-114.10846016666667"><ele>156.7</ele><time>2025-12-18T00:29:57.000Z</time><extensions><gpxtpx:TrackPointExtension><gpxtpx:bearing>77.96</gpxtpx:bearing><gpxtpx:speed>15.336148</gpxtpx:speed></gpxtpx:TrackPointExtension></extensions><geoidheight>-35.5</geoidheight><src>gps</src><sat>15</sat><hdop>0.69</hdop><vdop>1.02</vdop><pdop>1.23</pdop><dgpsid>0000</dgpsid></trkpt>
<trkpt lat="28.831387499999998" lon="-114.10721649999999"><ele>168.9</ele><time>2025-12-18T00:30:08.000Z</time><extensions><gpxtpx:TrackPointExtension><gpxtpx:bearing>92.22</gpxtpx:bearing><gpxtpx:speed>11.246166</gpxtpx:speed></gpxtpx:TrackPointExtension></extensions><geoidheight>-35.5</geoidheight><src>gps</src><sat>14</sat><hdop>0.72</hdop><vdop>1.15</vdop><pdop>1.36</pdop><dgpsid>0000</dgpsid></trkpt>
<trkpt lat="28.830840333333338" lon="-114.10644716666665"><ele>176.0</ele><time>2025-12-18T00:30:19.000Z</time><extensions><gpxtpx:TrackPointExtension><gpxtpx:bearing>163.25</gpxtpx:bearing><gpxtpx:speed>8.549022</gpxtpx:speed></gpxtpx:TrackPointExtension></extensions><geoidheight>-35.5</geoidheight><src>gps</src><sat>15</sat><hdop>0.69</hdop><vdop>1.02</vdop><pdop>1.23</pdop><dgpsid>0000</dgpsid></trkpt>
<trkpt lat="28.82996483333333" lon="-114.10654983333333"><ele>183.8</ele><time>2025-12-18T00:30:30.000Z</time><extensions><gpxtpx:TrackPointExtension><gpxtpx:bearing>192.01</gpxtpx:bearing><gpxtpx:speed>10.765415</gpxtpx:speed></gpxtpx:TrackPointExtension></extensions><geoidheight>-35.5</geoidheight><src>gps</src><sat>15</sat><hdop>0.69</hdop><vdop>1.02</vdop><pdop>1.23</pdop><dgpsid>0000</dgpsid></trkpt>
<trkpt lat="28.828850333333335" lon="-114.10683300000001"><ele>192.4</ele><time>2025-12-18T00:30:41.000Z</time><extensions><gpxtpx:TrackPointExtension><gpxtpx:bearing>191.74</gpxtpx:bearing><gpxtpx:speed>11.889054</gpxtpx:speed></gpxtpx:TrackPointExtension></extensions><geoidheight>-35.5</geoidheight><src>gps</src><sat>15</sat><hdop>0.69</hdop><vdop>1.01</vdop><pdop>1.23</pdop><dgpsid>0000</dgpsid></trkpt>
<trkpt lat="28.827630999999997" lon="-114.10697116666667"><ele>201.5</ele><time>2025-12-18T00:30:52.000Z</time><extensions><gpxtpx:TrackPointExtension><gpxtpx:bearing>181.58</gpxtpx:bearing><gpxtpx:speed>13.463075</gpxtpx:speed></gpxtpx:TrackPointExtension></extensions><geoidheight>-35.5</geoidheight><src>gps</src><sat>15</sat><hdop>0.74</hdop><vdop>1.03</vdop><pdop>1.27</pdop><dgpsid>0000</dgpsid></trkpt>
<trkpt lat="28.826555666666664" lon="-114.10736316666667"><ele>207.0</ele><time>2025-12-18T00:31:03.000Z</time><extensions><gpxtpx:TrackPointExtension><gpxtpx:bearing>231.71</gpxtpx:bearing><gpxtpx:speed>11.407274</gpxtpx:speed></gpxtpx:TrackPointExtension></extensions><geoidheight>-35.5</geoidheight><src>gps</src><sat>15</sat><hdop>0.69</hdop><vdop>1.01</vdop><pdop>1.23</pdop><dgpsid>0000</dgpsid></trkpt>
<trkpt lat="28.8257185" lon="-114.10807216666666"><ele>211.9</ele><time>2025-12-18T00:31:14.000Z</time><extensions><gpxtpx:TrackPointExtension><gpxtpx:bearing>197.29</gpxtpx:bearing><gpxtpx:speed>10.285694</gpxtpx:speed></gpxtpx:TrackPointExtension></extensions><geoidheight>-35.5</geoidheight><src>gps</src><sat>15</sat><hdop>0.69</hdop><vdop>1.01</vdop><pdop>1.23</pdop><dgpsid>0000</dgpsid></trkpt>
<trkpt lat="28.8249685" lon="-114.10867316666666"><ele>213.5</ele><time>2025-12-18T00:31:25.000Z</time><extensions><gpxtpx:TrackPointExtension><gpxtpx:bearing>225.71</gpxtpx:bearing><gpxtpx:speed>10.32996</gpxtpx:speed></gpxtpx:TrackPointExtension></extensions><geoidheight>-35.5</geoidheight><src>gps</src><sat>15</sat><hdop>0.69</hdop><vdop>1.01</vdop><pdop>1.23</pdop><dgpsid>0000</dgpsid></trkpt>
<trkpt lat="28.823888000000004" lon="-114.10920966666666"><ele>220.5</ele><time>2025-12-18T00:31:36.000Z</time><extensions><gpxtpx:TrackPointExtension><gpxtpx:bearing>194.25</gpxtpx:bearing><gpxtpx:speed>12.718271</gpxtpx:speed></gpxtpx:TrackPointExtension></extensions><geoidheight>-35.5</geoidheight><src>gps</src><sat>15</sat><hdop>0.69</hdop><vdop>1.01</vdop><pdop>1.23</pdop><dgpsid>0000</dgpsid></trkpt>
<trkpt lat="28.822626833333334" lon="-114.10951316666666"><ele>229.5</ele><time>2025-12-18T00:31:47.000Z</time><extensions><gpxtpx:TrackPointExtension><gpxtpx:bearing>182.56</gpxtpx:bearing><gpxtpx:speed>13.417779</gpxtpx:speed></gpxtpx:TrackPointExtension></extensions><geoidheight>-35.5</geoidheight><src>gps</src><sat>15</sat><hdop>0.69</hdop><vdop>1.01</vdop><pdop>1.23</pdop><dgpsid>0000</dgpsid></trkpt>
<trkpt lat="28.821232333333334" lon="-114.10919450000002"><ele>231.4</ele><time>2025-12-18T00:31:58.000Z</time><extensions><gpxtpx:TrackPointExtension><gpxtpx:bearing>170.41</gpxtpx:bearing><gpxtpx:speed>15.302691</gpxtpx:speed></gpxtpx:TrackPointExtension></extensions><geoidheight>-35.5</geoidheight><src>gps</src><sat>15</sat><hdop>0.69</hdop><vdop>1.01</vdop><pdop>1.23</pdop><dgpsid>0000</dgpsid></trkpt>
<trkpt lat="28.819755333333333" lon="-114.10953733333332"><ele>230.7</ele><time>2025-12-18T00:32:09.000Z</time><extensions><gpxtpx:TrackPointExtension><gpxtpx:bearing>201.1</gpxtpx:bearing><gpxtpx:speed>16.61369</gpxtpx:speed></gpxtpx:TrackPointExtension></extensions><geoidheight>-35.5</geoidheight><src>gps</src><sat>15</sat><hdop>0.73</hdop><vdop>1.08</vdop><pdop>1.30</pdop><dgpsid>0000</dgpsid></trkpt>
<trkpt lat="28.818174999999997" lon="-114.11025466666666"><ele>233.3</ele><time>2025-12-18T00:32:20.000Z</time><extensions><gpxtpx:TrackPointExtension><gpxtpx:bearing>201.6</gpxtpx:bearing><gpxtpx:speed>17.429523</gpxtpx:speed></gpxtpx:TrackPointExtension></extensions><geoidheight>-35.5</geoidheight><src>gps</src><sat>15</sat><hdop>0.69</hdop><vdop>1.01</vdop><pdop>1.23</pdop><dgpsid>0000</dgpsid></trkpt>
<trkpt lat="28.816444833333335" lon="-114.11102116666667"><ele>233.3</ele><time>2025-12-18T00:32:31.000Z</time><extensions><gpxtpx:TrackPointExtension><gpxtpx:bearing>200.41</gpxtpx:bearing><gpxtpx:speed>19.469883</gpxtpx:speed></gpxtpx:TrackPointExtension></extensions><geoidheight>-35.5</geoidheight><src>gps</src><sat>15</sat><hdop>0.69</hdop><vdop>1.01</vdop><pdop>1.22</pdop><dgpsid>0000</dgpsid></trkpt>
<trkpt lat="28.814714666666667" lon="-114.1117945"><ele>234.2</ele><time>2025-12-18T00:32:42.000Z</time><extensions><gpxtpx:TrackPointExtension><gpxtpx:bearing>201.73</gpxtpx:bearing><gpxtpx:speed>18.267492</gpxtpx:speed></gpxtpx:TrackPointExtension></extensions><geoidheight>-35.5</geoidheight><src>gps</src><sat>15</sat><hdop>0.69</hdop><vdop>1.01</vdop><pdop>1.22</pdop><dgpsid>0000</dgpsid></trkpt>
<trkpt lat="28.813045166666665" lon="-114.112291"><ele>236.6</ele><time>2025-12-18T00:32:53.000Z</time><extensions><gpxtpx:TrackPointExtension><gpxtpx:bearing>181.81</gpxtpx:bearing><gpxtpx:speed>16.358387</gpxtpx:speed></gpxtpx:TrackPointExtension></extensions><geoidheight>-35.5</geoidheight><src>gps</src><sat>15</sat><hdop>0.69</hdop><vdop>1.01</vdop><pdop>1.22</pdop><dgpsid>0000</dgpsid></trkpt>
<trkpt lat="28.811500666666667" lon="-114.11196683333334"><ele>234.4</ele><time>2025-12-18T00:33:04.000Z</time><extensions><gpxtpx:TrackPointExtension><gpxtpx:bearing>161.96</gpxtpx:bearing><gpxtpx:speed>16.26162</gpxtpx:speed></gpxtpx:TrackPointExtension></extensions><geoidheight>-35.5</geoidheight><src>gps</src><sat>15</sat><hdop>0.69</hdop><vdop>1.01</vdop><pdop>1.22</pdop><dgpsid>0000</dgpsid></trkpt>
<trkpt lat="28.809975" lon="-114.11139483333334"><ele>239.6</ele><time>2025-12-18T00:33:15.000Z</time><extensions><gpxtpx:TrackPointExtension><gpxtpx:bearing>161.67</gpxtpx:bearing><gpxtpx:speed>16.144262</gpxtpx:speed></gpxtpx:TrackPointExtension></extensions><geoidheight>-35.5</geoidheight><src>gps</src><sat>15</sat><hdop>0.69</hdop><vdop>1.01</vdop><pdop>1.22</pdop><dgpsid>0000</dgpsid></trkpt>
<trkpt lat="28.808458000000005" lon="-114.11080433333333"><ele>240.4</ele><time>2025-12-18T00:33:26.000Z</time><extensions><gpxtpx:TrackPointExtension><gpxtpx:bearing>160.32</gpxtpx:bearing><gpxtpx:speed>16.699133</gpxtpx:speed></gpxtpx:TrackPointExtension></extensions><geoidheight>-35.5</geoidheight><src>gps</src><sat>15</sat><hdop>0.69</hdop><vdop>1.01</vdop><pdop>1.22</pdop><dgpsid>0000</dgpsid></trkpt>
<trkpt lat="28.80675816666667" lon="-114.11026366666668"><ele>239.2</ele><time>2025-12-18T00:33:37.000Z</time><extensions><gpxtpx:TrackPointExtension><gpxtpx:bearing>168.81</gpxtpx:bearing><gpxtpx:speed>17.692547</gpxtpx:speed></gpxtpx:TrackPointExtension></extensions><geoidheight>-35.5</geoidheight><src>gps</src><sat>15</sat><hdop>0.69</hdop><vdop>1.01</vdop><pdop>1.22</pdop><dgpsid>0000</dgpsid></trkpt>
<trkpt lat="28.805126333333337" lon="-114.10996349999999"><ele>239.2</ele><time>2025-12-18T00:33:48.000Z</time><extensions><gpxtpx:TrackPointExtension><gpxtpx:bearing>171.41</gpxtpx:bearing><gpxtpx:speed>16.29662</gpxtpx:speed></gpxtpx:TrackPointExtension></extensions><geoidheight>-35.5</geoidheight><src>gps</src><sat>15</sat><hdop>0.69</hdop><vdop>1.01</vdop><pdop>1.22</pdop><dgpsid>0000</dgpsid></trkpt>
<trkpt lat="28.803750166666667" lon="-114.10922133333334"><ele>238.2</ele><time>2025-12-18T00:33:59.000Z</time><extensions><gpxtpx:TrackPointExtension><gpxtpx:bearing>141.86</gpxtpx:bearing><gpxtpx:speed>15.081876</gpxtpx:speed></gpxtpx:TrackPointExtension></extensions><geoidheight>-35.5</geoidheight><src>gps</src><sat>15</sat><hdop>0.69</hdop><vdop>1.01</vdop><pdop>1.22</pdop><dgpsid>0000</dgpsid></trkpt>
<trkpt lat="28.802554833333335" lon="-114.10837616666667"><ele>230.3</ele><time>2025-12-18T00:34:10.000Z</time><extensions><gpxtpx:TrackPointExtension><gpxtpx:bearing>161.8</gpxtpx:bearing><gpxtpx:speed>13.427044</gpxtpx:speed></gpxtpx:TrackPointExtension></extensions><geoidheight>-35.5</geoidheight><src>gps</src><sat>15</sat><hdop>0.69</hdop><vdop>1.01</vdop><pdop>1.22</pdop><dgpsid>0000</dgpsid></trkpt>
<trkpt lat="28.801380333333334" lon="-114.10766399999999"><ele>220.2</ele><time>2025-12-18T00:34:21.000Z</time><extensions><gpxtpx:TrackPointExtension><gpxtpx:bearing>138.97</gpxtpx:bearing><gpxtpx:speed>13.782202</gpxtpx:speed></gpxtpx:TrackPointExtension></extensions><geoidheight>-35.5</geoidheight><src>gps</src><sat>14</sat><hdop>0.71</hdop><vdop>1.01</vdop><pdop>1.24</pdop><dgpsid>0000</dgpsid></trkpt>
<trkpt lat="28.80025483333333" lon="-114.10702933333332"><ele>218.7</ele><time>2025-12-18T00:34:32.000Z</time><extensions><gpxtpx:TrackPointExtension><gpxtpx:bearing>180.73</gpxtpx:bearing><gpxtpx:speed>12.409953</gpxtpx:speed></gpxtpx:TrackPointExtension></extensions><geoidheight>-35.5</geoidheight><src>gps</src><sat>15</sat><hdop>0.69</hdop><vdop>1.01</vdop><pdop>1.22</pdop><dgpsid>0000</dgpsid></trkpt>
<trkpt lat="28.799266499999998" lon="-114.10659416666667"><ele>215.8</ele><time>2025-12-18T00:34:43.000Z</time><extensions><gpxtpx:TrackPointExtension><gpxtpx:bearing>126.17</gpxtpx:bearing><gpxtpx:speed>10.348491</gpxtpx:speed></gpxtpx:TrackPointExtension></extensions><geoidheight>-35.5</geoidheight><src>gps</src><sat>14</sat><hdop>0.82</hdop><vdop>1.10</vdop><pdop>1.37</pdop><dgpsid>0000</dgpsid></trkpt>
<trkpt lat="28.798447166666666" lon="-114.10623483333332"><ele>210.6</ele><time>2025-12-18T00:34:54.000Z</time><extensions><gpxtpx:TrackPointExtension><gpxtpx:bearing>200.07</gpxtpx:bearing><gpxtpx:speed>8.945357</gpxtpx:speed></gpxtpx:TrackPointExtension></extensions><geoidheight>-35.5</geoidheight><src>gps</src><sat>15</sat><hdop>0.69</hdop><vdop>1.00</vdop><pdop>1.22</pdop><dgpsid>0000</dgpsid></trkpt>
<trkpt lat="28.797758833333333" lon="-114.10698833333332"><ele>203.4</ele><time>2025-12-18T00:35:05.000Z</time><extensions><gpxtpx:TrackPointExtension><gpxtpx:bearing>228.37</gpxtpx:bearing><gpxtpx:speed>10.566732</gpxtpx:speed></gpxtpx:TrackPointExtension></extensions><geoidheight>-35.5</geoidheight><src>gps</src><sat>15</sat><hdop>0.69</hdop><vdop>1.00</vdop><pdop>1.22</pdop><dgpsid>0000</dgpsid></trkpt>
<trkpt lat="28.796805499999998" lon="-114.10768449999999"><ele>194.3</ele><time>2025-12-18T00:35:16.000Z</time><extensions><gpxtpx:TrackPointExtension><gpxtpx:bearing>205.7</gpxtpx:bearing><gpxtpx:speed>14.435385</gpxtpx:speed></gpxtpx:TrackPointExtension></extensions><geoidheight>-35.5</geoidheight><src>gps</src><sat>15</sat><hdop>0.69</hdop><vdop>1.00</vdop><pdop>1.22</pdop><dgpsid>0000</dgpsid></trkpt>
<trkpt lat="28.795165166666667" lon="-114.10814216666668"><ele>189.7</ele><time>2025-12-18T00:35:27.000Z</time><extensions><gpxtpx:TrackPointExtension><gpxtpx:bearing>185.45</gpxtpx:bearing><gpxtpx:speed>18.625738</gpxtpx:speed></gpxtpx:TrackPointExtension></extensions><geoidheight>-35.5</geoidheight><src>gps</src><sat>15</sat><hdop>0.69</hdop><vdop>1.00</vdop><pdop>1.22</pdop><dgpsid>0000</dgpsid></trkpt>
<trkpt lat="28.793266166666665" lon="-114.10830849999999"><ele>184.2</ele><time>2025-12-18T00:35:38.000Z</time><extensions><gpxtpx:TrackPointExtension><gpxtpx:bearing>177.09</gpxtpx:bearing><gpxtpx:speed>18.254623</gpxtpx:speed></gpxtpx:TrackPointExtension></extensions><geoidheight>-35.5</geoidheight><src>gps</src><sat>15</sat><hdop>0.69</hdop><vdop>1.00</vdop><pdop>1.22</pdop><dgpsid>0000</dgpsid></trkpt>
<trkpt lat="28.791760999999997" lon="-114.10784116666667"><ele>174.6</ele><time>2025-12-18T00:35:49.000Z</time><extensions><gpxtpx:TrackPointExtension><gpxtpx:bearing>172.82</gpxtpx:bearing><gpxtpx:speed>14.412737</gpxtpx:speed></gpxtpx:TrackPointExtension></extensions><geoidheight>-35.5</geoidheight><src>gps</src><sat>15</sat><hdop>0.70</hdop><vdop>1.03</vdop><pdop>1.24</pdop><dgpsid>0000</dgpsid></trkpt>
<trkpt lat="28.790354" lon="-114.10816733333334"><ele>162.8</ele><time>2025-12-18T00:36:00.000Z</time><extensions><gpxtpx:TrackPointExtension><gpxtpx:bearing>196.44</gpxtpx:bearing><gpxtpx:speed>15.9183</gpxtpx:speed></gpxtpx:TrackPointExtension></extensions><geoidheight>-35.5</geoidheight><src>gps</src><sat>15</sat><hdop>0.69</hdop><vdop>1.00</vdop><pdop>1.22</pdop><dgpsid>0000</dgpsid></trkpt>
<trkpt lat="28.788619" lon="-114.10830783333334"><ele>155.5</ele><time>2025-12-18T00:36:11.000Z</time><extensions><gpxtpx:TrackPointExtension><gpxtpx:bearing>180.94</gpxtpx:bearing><gpxtpx:speed>19.983576</gpxtpx:speed></gpxtpx:TrackPointExtension></extensions><geoidheight>-35.5</geoidheight><src>gps</src><sat>15</sat><hdop>0.69</hdop><vdop>1.00</vdop><pdop>1.22</pdop><dgpsid>0000</dgpsid></trkpt>
<trkpt lat="28.786455166666663" lon="-114.10834099999998"><ele>150.4</ele><time>2025-12-18T00:36:22.000Z</time><extensions><gpxtpx:TrackPointExtension><gpxtpx:bearing>180.61</gpxtpx:bearing><gpxtpx:speed>22.805798</gpxtpx:speed></gpxtpx:TrackPointExtension></extensions><geoidheight>-35.5</geoidheight><src>gps</src><sat>15</sat><hdop>0.72</hdop><vdop>1.02</vdop><pdop>1.25</pdop><dgpsid>0000</dgpsid></trkpt>
<trkpt lat="28.784272" lon="-114.10837583333333"><ele>147.6</ele><time>2025-12-18T00:36:33.000Z</time><extensions><gpxtpx:TrackPointExtension><gpxtpx:bearing>181.54</gpxtpx:bearing><gpxtpx:speed>22.0332</gpxtpx:speed></gpxtpx:TrackPointExtension></extensions><geoidheight>-35.5</geoidheight><src>gps</src><sat>15</sat><hdop>0.69</hdop><vdop>1.00</vdop><pdop>1.22</pdop><dgpsid>0000</dgpsid></trkpt>
<trkpt lat="28.782112166666668" lon="-114.10865616666666"><ele>141.9</ele><time>2025-12-18T00:36:44.000Z</time><extensions><gpxtpx:TrackPointExtension><gpxtpx:bearing>188.2</gpxtpx:bearing><gpxtpx:speed>21.783045</gpxtpx:speed></gpxtpx:TrackPointExtension></extensions><geoidheight>-35.5</geoidheight><src>gps</src><sat>15</sat><hdop>0.69</hdop><vdop>1.00</vdop><pdop>1.22</pdop><dgpsid>0000</dgpsid></trkpt>
<trkpt lat="28.779971999999997" lon="-114.10876099999999"><ele>136.3</ele><time>2025-12-18T00:36:55.000Z</time><extensions><gpxtpx:TrackPointExtension><gpxtpx:bearing>172.08</gpxtpx:bearing><gpxtpx:speed>21.723337</gpxtpx:speed></gpxtpx:TrackPointExtension></extensions><geoidheight>-35.5</geoidheight><src>gps</src><sat>15</sat><hdop>0.69</hdop><vdop>1.00</vdop><pdop>1.22</pdop><dgpsid>0000</dgpsid></trkpt>
<trkpt lat="28.77790433333333" lon="-114.10842316666667"><ele>132.6</ele><time>2025-12-18T00:37:06.000Z</time><extensions><gpxtpx:TrackPointExtension><gpxtpx:bearing>173.56</gpxtpx:bearing><gpxtpx:speed>21.157658</gpxtpx:speed></gpxtpx:TrackPointExtension></extensions><geoidheight>-35.5</geoidheight><src>gps</src><sat>15</sat><hdop>0.69</hdop><vdop>1.00</vdop><pdop>1.22</pdop><dgpsid>0000</dgpsid></trkpt>
<trkpt lat="28.775864000000002" lon="-114.10829066666665"><ele>128.9</ele><time>2025-12-18T00:37:17.000Z</time><extensions><gpxtpx:TrackPointExtension><gpxtpx:bearing>177.15</gpxtpx:bearing><gpxtpx:speed>20.104021</gpxtpx:speed></gpxtpx:TrackPointExtension></extensions><geoidheight>-35.5</geoidheight><src>gps</src><sat>14</sat><hdop>0.72</hdop><vdop>1.02</vdop><pdop>1.24</pdop><dgpsid>0000</dgpsid></trkpt>
<trkpt lat="28.774071166666666" lon="-114.10823316666668"><ele>127.3</ele><time>2025-12-18T00:37:28.000Z</time><extensions><gpxtpx:TrackPointExtension><gpxtpx:bearing>190.91</gpxtpx:bearing><gpxtpx:speed>14.593405</gpxtpx:speed></gpxtpx:TrackPointExtension></extensions><geoidheight>-35.5</geoidheight><src>gps</src><sat>14</sat><hdop>0.69</hdop><vdop>1.00</vdop><pdop>1.22</pdop><dgpsid>0000</dgpsid></trkpt>
<trkpt lat="28.773207666666668" lon="-114.10906933333332"><ele>129.6</ele><time>2025-12-18T00:37:39.000Z</time><extensions><gpxtpx:TrackPointExtension><gpxtpx:bearing>210.4</gpxtpx:bearing><gpxtpx:speed>10.180176</gpxtpx:speed></gpxtpx:TrackPointExtension></extensions><geoidheight>-35.5</geoidheight><src>gps</src><sat>15</sat><hdop>0.69</hdop><vdop>1.00</vdop><pdop>1.22</pdop><dgpsid>0000</dgpsid></trkpt>
<trkpt lat="28.771938" lon="-114.10921400000001"><ele>129.4</ele><time>2025-12-18T00:37:50.000Z</time><extensions><gpxtpx:TrackPointExtension><gpxtpx:bearing>185.88</gpxtpx:bearing><gpxtpx:speed>14.355088</gpxtpx:speed></gpxtpx:TrackPointExtension></extensions><geoidheight>-35.5</geoidheight><src>gps</src><sat>15</sat><hdop>0.69</hdop><vdop>1.00</vdop><pdop>1.22</pdop><dgpsid>0000</dgpsid></trkpt>
<trkpt lat="28.7706395" lon="-114.10990850000002"><ele>131.1</ele><time>2025-12-18T00:38:01.000Z</time><extensions><gpxtpx:TrackPointExtension><gpxtpx:bearing>211.21</gpxtpx:bearing><gpxtpx:speed>15.352105</gpxtpx:speed></gpxtpx:TrackPointExtension></extensions><geoidheight>-35.5</geoidheight><src>gps</src><sat>15</sat><hdop>0.69</hdop><vdop>1.00</vdop><pdop>1.22</pdop><dgpsid>0000</dgpsid></trkpt>
<trkpt lat="28.769139333333335" lon="-114.110695"><ele>130.0</ele><time>2025-12-18T00:38:12.000Z</time><extensions><gpxtpx:TrackPointExtension><gpxtpx:bearing>193.83</gpxtpx:bearing><gpxtpx:speed>17.45629</gpxtpx:speed></gpxtpx:TrackPointExtension></extensions><geoidheight>-35.5</geoidheight><src>gps</src><sat>15</sat><hdop>0.69</hdop><vdop>1.00</vdop><pdop>1.21</pdop><dgpsid>0000</dgpsid></trkpt>
<trkpt lat="28.767337833333332" lon="-114.11090899999999"><ele>132.0</ele><time>2025-12-18T00:38:23.000Z</time><extensions><gpxtpx:TrackPointExtension><gpxtpx:bearing>184.54</gpxtpx:bearing><gpxtpx:speed>17.8727</gpxtpx:speed></gpxtpx:TrackPointExtension></extensions><geoidheight>-35.5</geoidheight><src>gps</src><sat>15</sat><hdop>0.69</hdop><vdop>1.00</vdop><pdop>1.21</pdop><dgpsid>0000</dgpsid></trkpt>
<trkpt lat="28.765456833333328" lon="-114.11107083333333"><ele>131.1</ele><time>2025-12-18T00:38:34.000Z</time><extensions><gpxtpx:TrackPointExtension><gpxtpx:bearing>184.59</gpxtpx:bearing><gpxtpx:speed>20.386087</gpxtpx:speed></gpxtpx:TrackPointExtension></extensions><geoidheight>-35.5</geoidheight><src>gps</src><sat>15</sat><hdop>0.69</hdop><vdop>1.00</vdop><pdop>1.21</pdop><dgpsid>0000</dgpsid></trkpt>
<trkpt lat="28.7634115" lon="-114.11124433333335"><ele>135.5</ele><time>2025-12-18T00:38:45.000Z</time><extensions><gpxtpx:TrackPointExtension><gpxtpx:bearing>184.7</gpxtpx:bearing><gpxtpx:speed>20.719114</gpxtpx:speed></gpxtpx:TrackPointExtension></extensions><geoidheight>-35.5</geoidheight><src>gps</src><sat>14</sat><hdop>0.72</hdop><vdop>1.01</vdop><pdop>1.24</pdop><dgpsid>0000</dgpsid></trkpt>
<trkpt lat="28.76133533333333" lon="-114.11142266666666"><ele>137.0</ele><time>2025-12-18T00:38:56.000Z</time><extensions><gpxtpx:TrackPointExtension><gpxtpx:bearing>184.25</gpxtpx:bearing><gpxtpx:speed>20.590948</gpxtpx:speed></gpxtpx:TrackPointExtension></extensions><geoidheight>-35.5</geoidheight><src>gps</src><sat>15</sat><hdop>0.70</hdop><vdop>0.99</vdop><pdop>1.21</pdop><dgpsid>0000</dgpsid></trkpt>
<trkpt lat="28.75937483333333" lon="-114.11159116666667"><ele>139.3</ele><time>2025-12-18T00:39:07.000Z</time><extensions><gpxtpx:TrackPointExtension><gpxtpx:bearing>185.31</gpxtpx:bearing><gpxtpx:speed>20.328955</gpxtpx:speed></gpxtpx:TrackPointExtension></extensions><geoidheight>-35.5</geoidheight><src>gps</src><sat>15</sat><hdop>0.70</hdop><vdop>0.99</vdop><pdop>1.21</pdop><dgpsid>0000</dgpsid></trkpt>
<trkpt lat="28.757504" lon="-114.11175416666669"><ele>149.0</ele><time>2025-12-18T00:39:18.000Z</time><extensions><gpxtpx:TrackPointExtension><gpxtpx:bearing>184.49</gpxtpx:bearing><gpxtpx:speed>19.165167</gpxtpx:speed></gpxtpx:TrackPointExtension></extensions><geoidheight>-35.5</geoidheight><src>gps</src><sat>15</sat><hdop>0.70</hdop><vdop>0.99</vdop><pdop>1.21</pdop><dgpsid>0000</dgpsid></trkpt>
<trkpt lat="28.755610333333333" lon="-114.11192516666667"><ele>147.4</ele><time>2025-12-18T00:39:29.000Z</time><extensions><gpxtpx:TrackPointExtension><gpxtpx:bearing>184.28</gpxtpx:bearing><gpxtpx:speed>18.711182</gpxtpx:speed></gpxtpx:TrackPointExtension></extensions><geoidheight>-35.5</geoidheight><src>gps</src><sat>15</sat><hdop>0.70</hdop><vdop>0.99</vdop><pdop>1.21</pdop><dgpsid>0000</dgpsid></trkpt>
<trkpt lat="28.753716833333336" lon="-114.11208066666669"><ele>148.0</ele><time>2025-12-18T00:39:40.000Z</time><extensions><gpxtpx:TrackPointExtension><gpxtpx:bearing>184.4</gpxtpx:bearing><gpxtpx:speed>19.332966</gpxtpx:speed></gpxtpx:TrackPointExtension></extensions><geoidheight>-35.5</geoidheight><src>gps</src><sat>15</sat><hdop>0.70</hdop><vdop>0.99</vdop><pdop>1.21</pdop><dgpsid>0000</dgpsid></trkpt>
<trkpt lat="28.751749000000004" lon="-114.11224849999999"><ele>152.7</ele><time>2025-12-18T00:39:51.000Z</time><extensions><gpxtpx:TrackPointExtension><gpxtpx:bearing>182.91</gpxtpx:bearing><gpxtpx:speed>20.090637</gpxtpx:speed></gpxtpx:TrackPointExtension></extensions><geoidheight>-35.5</geoidheight><src>gps</src><sat>15</sat><hdop>0.70</hdop><vdop>0.99</vdop><pdop>1.21</pdop><dgpsid>0000</dgpsid></trkpt>
<trkpt lat="28.749748333333333" lon="-114.11218849999999"><ele>155.3</ele><time>2025-12-18T00:40:02.000Z</time><extensions><gpxtpx:TrackPointExtension><gpxtpx:bearing>174.03</gpxtpx:bearing><gpxtpx:speed>19.905338</gpxtpx:speed></gpxtpx:TrackPointExtension></extensions><geoidheight>-35.5</geoidheight><src>gps</src><sat>14</sat><hdop>0.72</hdop><vdop>1.01</vdop><pdop>1.24</pdop><dgpsid>0000</dgpsid></trkpt>
<trkpt lat="28.747840333333336" lon="-114.11199683333334"><ele>155.9</ele><time>2025-12-18T00:40:13.000Z</time><extensions><gpxtpx:TrackPointExtension><gpxtpx:bearing>181.29</gpxtpx:bearing><gpxtpx:speed>17.342022</gpxtpx:speed></gpxtpx:TrackPointExtension></extensions><geoidheight>-35.5</geoidheight><src>gps</src><sat>15</sat><hdop>0.70</hdop><vdop>0.99</vdop><pdop>1.21</pdop><dgpsid>0000</dgpsid></trkpt>
<trkpt lat="28.746097333333335" lon="-114.11238716666666"><ele>150.8</ele><time>2025-12-18T00:40:24.000Z</time><extensions><gpxtpx:TrackPointExtension><gpxtpx:bearing>194.09</gpxtpx:bearing><gpxtpx:speed>17.827919</gpxtpx:speed></gpxtpx:TrackPointExtension></extensions><geoidheight>-35.5</geoidheight><src>gps</src><sat>14</sat><hdop>0.72</hdop><vdop>1.01</vdop><pdop>1.24</pdop><dgpsid>0000</dgpsid></trkpt>
<trkpt lat="28.744425666666665" lon="-114.112619"><ele>150.2</ele><time>2025-12-18T00:40:35.000Z</time><extensions><gpxtpx:TrackPointExtension><gpxtpx:bearing>173.2</gpxtpx:bearing><gpxtpx:speed>18.600517</gpxtpx:speed></gpxtpx:TrackPointExtension></extensions><geoidheight>-35.5</geoidheight><src>gps</src><sat>15</sat><hdop>0.71</hdop><vdop>0.93</vdop><pdop>1.17</pdop><dgpsid>0000</dgpsid></trkpt>
<trkpt lat="28.742610666666664" lon="-114.11210866666667"><ele>152.8</ele><time>2025-12-18T00:40:46.000Z</time><extensions><gpxtpx:TrackPointExtension><gpxtpx:bearing>163.54</gpxtpx:bearing><gpxtpx:speed>18.846039</gpxtpx:speed></gpxtpx:TrackPointExtension></extensions><geoidheight>-35.5</geoidheight><src>gps</src><sat>15</sat><hdop>0.71</hdop><vdop>0.93</vdop><pdop>1.17</pdop><dgpsid>0000</dgpsid></trkpt>
<trkpt lat="28.740886833333334" lon="-114.11153"><ele>153.8</ele><time>2025-12-18T00:40:57.000Z</time><extensions><gpxtpx:TrackPointExtension><gpxtpx:bearing>163.31</gpxtpx:bearing><gpxtpx:speed>18.600002</gpxtpx:speed></gpxtpx:TrackPointExtension></extensions><geoidheight>-35.5</geoidheight><src>gps</src><sat>15</sat><hdop>0.71</hdop><vdop>0.93</vdop><pdop>1.17</pdop><dgpsid>0000</dgpsid></trkpt>
<trkpt lat="28.73895716666667" lon="-114.11088066666667"><ele>143.5</ele><time>2025-12-18T00:41:08.000Z</time><extensions><gpxtpx:TrackPointExtension><gpxtpx:bearing>163.53</gpxtpx:bearing><gpxtpx:speed>20.482857</gpxtpx:speed></gpxtpx:TrackPointExtension></extensions><geoidheight>-35.5</geoidheight><src>gps</src><sat>15</sat><hdop>0.71</hdop><vdop>0.93</vdop><pdop>1.17</pdop><dgpsid>0000</dgpsid></trkpt>
<trkpt lat="28.737063499999998" lon="-114.11024450000001"><ele>149.4</ele><time>2025-12-18T00:41:19.000Z</time><extensions><gpxtpx:TrackPointExtension><gpxtpx:bearing>163.98</gpxtpx:bearing><gpxtpx:speed>20.8375</gpxtpx:speed></gpxtpx:TrackPointExtension></extensions><geoidheight>-35.5</geoidheight><src>gps</src><sat>15</sat><hdop>0.68</hdop><vdop>0.92</vdop><pdop>1.15</pdop><dgpsid>0000</dgpsid></trkpt>
<trkpt lat="28.734974333333337" lon="-114.10954216666666"><ele>144.3</ele><time>2025-12-18T00:41:30.000Z</time><extensions><gpxtpx:TrackPointExtension><gpxtpx:bearing>163.06</gpxtpx:bearing><gpxtpx:speed>22.92367</gpxtpx:speed></gpxtpx:TrackPointExtension></extensions><geoidheight>-35.5</geoidheight><src>gps</src><sat>15</sat><hdop>0.68</hdop><vdop>0.92</vdop><pdop>1.15</pdop><dgpsid>0000</dgpsid></trkpt>
<trkpt lat="28.732790666666666" lon="-114.10881116666665"><ele>134.7</ele><time>2025-12-18T00:41:41.000Z</time><extensions><gpxtpx:TrackPointExtension><gpxtpx:bearing>164.07</gpxtpx:bearing><gpxtpx:speed>23.001907</gpxtpx:speed></gpxtpx:TrackPointExtension></extensions><geoidheight>-35.5</geoidheight><src>gps</src><sat>15</sat><hdop>0.68</hdop><vdop>0.92</vdop><pdop>1.15</pdop><dgpsid>0000</dgpsid></trkpt>
<trkpt lat="28.730712" lon="-114.10787666666666"><ele>126.7</ele><time>2025-12-18T00:41:52.000Z</time><extensions><gpxtpx:TrackPointExtension><gpxtpx:bearing>148.55</gpxtpx:bearing><gpxtpx:speed>22.016214</gpxtpx:speed></gpxtpx:TrackPointExtension></extensions><geoidheight>-35.5</geoidheight><src>gps</src><sat>15</sat><hdop>0.68</hdop><vdop>0.92</vdop><pdop>1.15</pdop><dgpsid>0000</dgpsid></trkpt>
<trkpt lat="28.729019499999996" lon="-114.10663133333334"><ele>128.0</ele><time>2025-12-18T00:42:03.000Z</time><extensions><gpxtpx:TrackPointExtension><gpxtpx:bearing>146.95</gpxtpx:bearing><gpxtpx:speed>20.092697</gpxtpx:speed></gpxtpx:TrackPointExtension></extensions><geoidheight>-35.5</geoidheight><src>gps</src><sat>15</sat><hdop>0.81</hdop><vdop>1.01</vdop><pdop>1.30</pdop><dgpsid>0000</dgpsid></trkpt>
<trkpt lat="28.727411999999998" lon="-114.10542500000001"><ele>123.3</ele><time>2025-12-18T00:42:14.000Z</time><extensions><gpxtpx:TrackPointExtension><gpxtpx:bearing>147.04</gpxtpx:bearing><gpxtpx:speed>18.831627</gpxtpx:speed></gpxtpx:TrackPointExtension></extensions><geoidheight>-35.5</geoidheight><src>gps</src><sat>15</sat><hdop>0.81</hdop><vdop>1.01</vdop><pdop>1.29</pdop><dgpsid>0000</dgpsid></trkpt>
<trkpt lat="28.72596716666667" lon="-114.10426700000001"><ele>116.3</ele><time>2025-12-18T00:42:25.000Z</time><extensions><gpxtpx:TrackPointExtension><gpxtpx:bearing>138.18</gpxtpx:bearing><gpxtpx:speed>16.442287</gpxtpx:speed></gpxtpx:TrackPointExtension></extensions><geoidheight>-35.5</geoidheight><src>gps</src><sat>15</sat><hdop>0.81</hdop><vdop>1.01</vdop><pdop>1.29</pdop><dgpsid>0000</dgpsid></trkpt>
<trkpt lat="28.724977833333334" lon="-114.102651"><ele>109.4</ele><time>2025-12-18T00:42:36.000Z</time><extensions><gpxtpx:TrackPointExtension><gpxtpx:bearing>119.39</gpxtpx:bearing><gpxtpx:speed>18.963396</gpxtpx:speed></gpxtpx:TrackPointExtension></extensions><geoidheight>-35.5</geoidheight><src>gps</src><sat>15</sat><hdop>0.81</hdop><vdop>1.01</vdop><pdop>1.29</pdop><dgpsid>0000</dgpsid></trkpt>
<trkpt lat="28.724031666666665" lon="-114.10068116666667"><ele>104.6</ele><time>2025-12-18T00:42:47.000Z</time><extensions><gpxtpx:TrackPointExtension><gpxtpx:bearing>119.14</gpxtpx:bearing><gpxtpx:speed>20.183802</gpxtpx:speed></gpxtpx:TrackPointExtension></extensions><geoidheight>-35.5</geoidheight><src>gps</src><sat>15</sat><hdop>0.68</hdop><vdop>0.92</vdop><pdop>1.15</pdop><dgpsid>0000</dgpsid></trkpt>
<trkpt lat="28.723111666666668" lon="-114.09873033333334"><ele>101.6</ele><time>2025-12-18T00:42:58.000Z</time><extensions><gpxtpx:TrackPointExtension><gpxtpx:bearing>116.18</gpxtpx:bearing><gpxtpx:speed>19.747833</gpxtpx:speed></gpxtpx:TrackPointExtension></extensions><geoidheight>-35.5</geoidheight><src>gps</src><sat>15</sat><hdop>0.68</hdop><vdop>0.92</vdop><pdop>1.15</pdop><dgpsid>0000</dgpsid></trkpt>
<trkpt lat="28.722702166666668" lon="-114.09663800000001"><ele>98.7</ele><time>2025-12-18T00:43:09.000Z</time><extensions><gpxtpx:TrackPointExtension><gpxtpx:bearing>96.86</gpxtpx:bearing><gpxtpx:speed>18.790964</gpxtpx:speed></gpxtpx:TrackPointExtension></extensions><geoidheight>-35.5</geoidheight><src>gps</src><sat>15</sat><hdop>0.68</hdop><vdop>0.92</vdop><pdop>1.15</pdop><dgpsid>0000</dgpsid></trkpt>
<trkpt lat="28.722192166666666" lon="-114.09495983333333"><ele>96.6</ele><time>2025-12-18T00:43:20.000Z</time><extensions><gpxtpx:TrackPointExtension><gpxtpx:bearing>128.26</gpxtpx:bearing><gpxtpx:speed>15.85293</gpxtpx:speed></gpxtpx:TrackPointExtension></extensions><geoidheight>-35.5</geoidheight><src>gps</src><sat>15</sat><hdop>0.73</hdop><vdop>1.01</vdop><pdop>1.25</pdop><dgpsid>0000</dgpsid></trkpt>
<trkpt lat="28.721167666666663" lon="-114.09346583333333"><ele>106.5</ele><time>2025-12-18T00:43:31.000Z</time><extensions><gpxtpx:TrackPointExtension><gpxtpx:bearing>127.45</gpxtpx:bearing><gpxtpx:speed>17.322462</gpxtpx:speed></gpxtpx:TrackPointExtension></extensions><geoidheight>-35.5</geoidheight><src>gps</src><sat>15</sat><hdop>0.81</hdop><vdop>1.01</vdop><pdop>1.29</pdop><dgpsid>0000</dgpsid></trkpt>
<trkpt lat="28.720037666666666" lon="-114.09181166666667"><ele>112.5</ele><time>2025-12-18T00:43:42.000Z</time><extensions><gpxtpx:TrackPointExtension><gpxtpx:bearing>127.85</gpxtpx:bearing><gpxtpx:speed>19.175976</gpxtpx:speed></gpxtpx:TrackPointExtension></extensions><geoidheight>-35.5</geoidheight><src>gps</src><sat>15</sat><hdop>0.81</hdop><vdop>1.01</vdop><pdop>1.29</pdop><dgpsid>0000</dgpsid></trkpt>
<trkpt lat="28.71882833333333" lon="-114.09004566666665"><ele>117.7</ele><time>2025-12-18T00:43:53.000Z</time><extensions><gpxtpx:TrackPointExtension><gpxtpx:bearing>127.06</gpxtpx:bearing><gpxtpx:speed>20.51271</gpxtpx:speed></gpxtpx:TrackPointExtension></extensions><geoidheight>-35.5</geoidheight><src>gps</src><sat>15</sat><hdop>0.81</hdop><vdop>1.01</vdop><pdop>1.29</pdop><dgpsid>0000</dgpsid></trkpt>
<trkpt lat="28.717573500000004" lon="-114.08819483333333"><ele>122.9</ele><time>2025-12-18T00:44:04.000Z</time><extensions><gpxtpx:TrackPointExtension><gpxtpx:bearing>127.64</gpxtpx:bearing><gpxtpx:speed>21.448475</gpxtpx:speed></gpxtpx:TrackPointExtension></extensions><geoidheight>-35.5</geoidheight><src>gps</src><sat>14</sat><hdop>0.91</hdop><vdop>1.20</vdop><pdop>1.51</pdop><dgpsid>0000</dgpsid></trkpt>
<trkpt lat="28.716312000000002" lon="-114.08626633333333"><ele>131.2</ele><time>2025-12-18T00:44:15.000Z</time><extensions><gpxtpx:TrackPointExtension><gpxtpx:bearing>121.15</gpxtpx:bearing><gpxtpx:speed>21.000153</gpxtpx:speed></gpxtpx:TrackPointExtension></extensions><geoidheight>-35.5</geoidheight><src>gps</src><sat>15</sat><hdop>0.81</hdop><vdop>1.01</vdop><pdop>1.29</pdop><dgpsid>0000</dgpsid></trkpt>
<trkpt lat="28.715325666666665" lon="-114.084261"><ele>137.2</ele><time>2025-12-18T00:44:26.000Z</time><extensions><gpxtpx:TrackPointExtension><gpxtpx:bearing>119.18</gpxtpx:bearing><gpxtpx:speed>18.906261</gpxtpx:speed></gpxtpx:TrackPointExtension></extensions><geoidheight>-35.5</geoidheight><src>gps</src><sat>14</sat><hdop>0.92</hdop><vdop>1.20</vdop><pdop>1.51</pdop><dgpsid>0000</dgpsid></trkpt>
<trkpt lat="28.71418683333333" lon="-114.08281149999999"><ele>151.2</ele><time>2025-12-18T00:44:37.000Z</time><extensions><gpxtpx:TrackPointExtension><gpxtpx:bearing>149.69</gpxtpx:bearing><gpxtpx:speed>16.148895</gpxtpx:speed></gpxtpx:TrackPointExtension></extensions><geoidheight>-35.5</geoidheight><src>gps</src><sat>15</sat><hdop>0.81</hdop><vdop>1.01</vdop><pdop>1.29</pdop><dgpsid>0000</dgpsid></trkpt>
<trkpt lat="28.7126915" lon="-114.08226516666667"><ele>158.2</ele><time>2025-12-18T00:44:48.000Z</time><extensions><gpxtpx:TrackPointExtension><gpxtpx:bearing>165.97</gpxtpx:bearing><gpxtpx:speed>16.978113</gpxtpx:speed></gpxtpx:TrackPointExtension></extensions><geoidheight>-35.5</geoidheight><src>gps</src><sat>15</sat><hdop>0.69</hdop><vdop>0.92</vdop><pdop>1.15</pdop><dgpsid>0000</dgpsid></trkpt>
<trkpt lat="28.71098533333333" lon="-114.08200733333334"><ele>152.1</ele><time>2025-12-18T00:44:59.000Z</time><extensions><gpxtpx:TrackPointExtension><gpxtpx:bearing>188.35</gpxtpx:bearing><gpxtpx:speed>17.144882</gpxtpx:speed></gpxtpx:TrackPointExtension></extensions><geoidheight>-35.5</geoidheight><src>gps</src><sat>15</sat><hdop>0.71</hdop><vdop>0.93</vdop><pdop>1.17</pdop><dgpsid>0000</dgpsid></trkpt>
<trkpt lat="28.709312666666666" lon="-114.08235199999999"><ele>143.4</ele><time>2025-12-18T00:45:10.000Z</time><extensions><gpxtpx:TrackPointExtension><gpxtpx:bearing>186.85</gpxtpx:bearing><gpxtpx:speed>16.526186</gpxtpx:speed></gpxtpx:TrackPointExtension></extensions><geoidheight>-35.5</geoidheight><src>gps</src><sat>15</sat><hdop>0.69</hdop><vdop>0.92</vdop><pdop>1.15</pdop><dgpsid>0000</dgpsid></trkpt>
<trkpt lat="28.7079235" lon="-114.08165066666668"><ele>134.8</ele><time>2025-12-18T00:45:21.000Z</time><extensions><gpxtpx:TrackPointExtension><gpxtpx:bearing>128.75</gpxtpx:bearing><gpxtpx:speed>16.137056</gpxtpx:speed></gpxtpx:TrackPointExtension></extensions><geoidheight>-35.5</geoidheight><src>gps</src><sat>15</sat><hdop>0.81</hdop><vdop>1.01</vdop><pdop>1.29</pdop><dgpsid>0000</dgpsid></trkpt>
<trkpt lat="28.706886166666663" lon="-114.08037683333332"><ele>144.9</ele><time>2025-12-18T00:45:32.000Z</time><extensions><gpxtpx:TrackPointExtension><gpxtpx:bearing>144.45</gpxtpx:bearing><gpxtpx:speed>14.682451</gpxtpx:speed></gpxtpx:TrackPointExtension></extensions><geoidheight>-35.5</geoidheight><src>gps</src><sat>14</sat><hdop>0.75</hdop><vdop>1.20</vdop><pdop>1.42</pdop><dgpsid>0000</dgpsid></trkpt>
<trkpt lat="28.70604166666667" lon="-114.07937050000001"><ele>150.1</ele><time>2025-12-18T00:45:43.000Z</time><extensions><gpxtpx:TrackPointExtension><gpxtpx:bearing>114.98</gpxtpx:bearing><gpxtpx:speed>12.143842</gpxtpx:speed></gpxtpx:TrackPointExtension></extensions><geoidheight>-35.5</geoidheight><src>gps</src><sat>14</sat><hdop>0.88</hdop><vdop>1.20</vdop><pdop>1.48</pdop><dgpsid>0000</dgpsid></trkpt>
<trkpt lat="28.705521833333332" lon="-114.07804133333333"><ele>158.4</ele><time>2025-12-18T00:45:54.000Z</time><extensions><gpxtpx:TrackPointExtension><gpxtpx:bearing>114.06</gpxtpx:bearing><gpxtpx:speed>14.871354</gpxtpx:speed></gpxtpx:TrackPointExtension></extensions><geoidheight>-35.5</geoidheight><src>gps</src><sat>15</sat><hdop>0.81</hdop><vdop>1.00</vdop><pdop>1.29</pdop><dgpsid>0000</dgpsid></trkpt>
<trkpt lat="28.7048745" lon="-114.07635883333333"><ele>158.4</ele><time>2025-12-18T00:46:05.000Z</time><extensions><gpxtpx:TrackPointExtension><gpxtpx:bearing>114.33</gpxtpx:bearing><gpxtpx:speed>17.0476</gpxtpx:speed></gpxtpx:TrackPointExtension></extensions><geoidheight>-35.5</geoidheight><src>gps</src><sat>15</sat><hdop>0.81</hdop><vdop>1.00</vdop><pdop>1.29</pdop><dgpsid>0000</dgpsid></trkpt>
<trkpt lat="28.704170833333333" lon="-114.07455383333333"><ele>153.6</ele><time>2025-12-18T00:46:16.000Z</time><extensions><gpxtpx:TrackPointExtension><gpxtpx:bearing>114.67</gpxtpx:bearing><gpxtpx:speed>17.542248</gpxtpx:speed></gpxtpx:TrackPointExtension></extensions><geoidheight>-35.5</geoidheight><src>gps</src><sat>15</sat><hdop>0.81</hdop><vdop>1.00</vdop><pdop>1.29</pdop><dgpsid>0000</dgpsid></trkpt>
<trkpt lat="28.703392833333336" lon="-114.07284933333334"><ele>152.8</ele><time>2025-12-18T00:46:27.000Z</time><extensions><gpxtpx:TrackPointExtension><gpxtpx:bearing>126.45</gpxtpx:bearing><gpxtpx:speed>17.014658</gpxtpx:speed></gpxtpx:TrackPointExtension></extensions><geoidheight>-35.5</geoidheight><src>gps</src><sat>15</sat><hdop>0.81</hdop><vdop>1.00</vdop><pdop>1.29</pdop><dgpsid>0000</dgpsid></trkpt>
<trkpt lat="28.70215316666667" lon="-114.07132699999998"><ele>152.3</ele><time>2025-12-18T00:46:38.000Z</time><extensions><gpxtpx:TrackPointExtension><gpxtpx:bearing>133.19</gpxtpx:bearing><gpxtpx:speed>19.688126</gpxtpx:speed></gpxtpx:TrackPointExtension></extensions><geoidheight>-35.5</geoidheight><src>gps</src><sat>15</sat><hdop>0.81</hdop><vdop>1.00</vdop><pdop>1.29</pdop><dgpsid>0000</dgpsid></trkpt>
<trkpt lat="28.700796500000003" lon="-114.06973916666666"><ele>151.7</ele><time>2025-12-18T00:46:49.000Z</time><extensions><gpxtpx:TrackPointExtension><gpxtpx:bearing>139.21</gpxtpx:bearing><gpxtpx:speed>19.61555</gpxtpx:speed></gpxtpx:TrackPointExtension></extensions><geoidheight>-35.5</geoidheight><src>gps</src><sat>15</sat><hdop>0.88</hdop><vdop>1.20</vdop><pdop>1.49</pdop><dgpsid>0000</dgpsid></trkpt>
<trkpt lat="28.699037166666667" lon="-114.06863649999998"><ele>149.8</ele><time>2025-12-18T00:47:00.000Z</time><extensions><gpxtpx:TrackPointExtension><gpxtpx:bearing>155.28</gpxtpx:bearing><gpxtpx:speed>21.677011</gpxtpx:speed></gpxtpx:TrackPointExtension></extensions><geoidheight>-35.5</geoidheight><src>gps</src><sat>15</sat><hdop>0.69</hdop><vdop>0.92</vdop><pdop>1.15</pdop><dgpsid>0000</dgpsid></trkpt>
<trkpt lat="28.697315166666666" lon="-114.06758216666667"><ele>158.6</ele><time>2025-12-18T00:47:11.000Z</time><extensions><gpxtpx:TrackPointExtension><gpxtpx:bearing>140.95</gpxtpx:bearing><gpxtpx:speed>18.009615</gpxtpx:speed></gpxtpx:TrackPointExtension></extensions><geoidheight>-35.5</geoidheight><src>gps</src><sat>15</sat><hdop>0.73</hdop><vdop>1.05</vdop><pdop>1.28</pdop><dgpsid>0000</dgpsid></trkpt>
<trkpt lat="28.696045166666668" lon="-114.06592966666668"><ele>160.0</ele><time>2025-12-18T00:47:22.000Z</time><extensions><gpxtpx:TrackPointExtension><gpxtpx:bearing>129.18</gpxtpx:bearing><gpxtpx:speed>20.80713</gpxtpx:speed></gpxtpx:TrackPointExtension></extensions><geoidheight>-35.5</geoidheight><src>gps</src><sat>14</sat><hdop>0.88</hdop><vdop>1.20</vdop><pdop>1.49</pdop><dgpsid>0000</dgpsid></trkpt>
<trkpt lat="28.694777833333333" lon="-114.06418366666666"><ele>164.9</ele><time>2025-12-18T00:47:33.000Z</time><extensions><gpxtpx:TrackPointExtension><gpxtpx:bearing>128.75</gpxtpx:bearing><gpxtpx:speed>19.216639</gpxtpx:speed></gpxtpx:TrackPointExtension></extensions><geoidheight>-35.5</geoidheight><src>gps</src><sat>14</sat><hdop>0.88</hdop><vdop>1.20</vdop><pdop>1.49</pdop><dgpsid>0000</dgpsid></trkpt>
<trkpt lat="28.693608666666666" lon="-114.06255016666667"><ele>167.4</ele><time>2025-12-18T00:47:44.000Z</time><extensions><gpxtpx:TrackPointExtension><gpxtpx:bearing>129.46</gpxtpx:bearing><gpxtpx:speed>18.322567</gpxtpx:speed></gpxtpx:TrackPointExtension></extensions><geoidheight>-35.5</geoidheight><src>gps</src><sat>14</sat><hdop>0.88</hdop><vdop>1.21</vdop><pdop>1.49</pdop><dgpsid>0000</dgpsid></trkpt>
<trkpt lat="28.69241683333333" lon="-114.06088716666666"><ele>164.9</ele><time>2025-12-18T00:47:55.000Z</time><extensions><gpxtpx:TrackPointExtension><gpxtpx:bearing>129.25</gpxtpx:bearing><gpxtpx:speed>19.323702</gpxtpx:speed></gpxtpx:TrackPointExtension></extensions><geoidheight>-35.5</geoidheight><src>gps</src><sat>15</sat><hdop>0.73</hdop><vdop>1.06</vdop><pdop>1.28</pdop><dgpsid>0000</dgpsid></trkpt>
<trkpt lat="28.691095166666667" lon="-114.05936483333335"><ele>168.3</ele><time>2025-12-18T00:48:06.000Z</time><extensions><gpxtpx:TrackPointExtension><gpxtpx:bearing>143.95</gpxtpx:bearing><gpxtpx:speed>19.201712</gpxtpx:speed></gpxtpx:TrackPointExtension></extensions><geoidheight>-35.5</geoidheight><src>gps</src><sat>15</sat><hdop>0.73</hdop><vdop>1.06</vdop><pdop>1.28</pdop><dgpsid>0000</dgpsid></trkpt>
<trkpt lat="28.689470833333335" lon="-114.05819449999998"><ele>171.2</ele><time>2025-12-18T00:48:17.000Z</time><extensions><gpxtpx:TrackPointExtension><gpxtpx:bearing>147.55</gpxtpx:bearing><gpxtpx:speed>19.527533</gpxtpx:speed></gpxtpx:TrackPointExtension></extensions><geoidheight>-35.5</geoidheight><src>gps</src><sat>15</sat><hdop>0.73</hdop><vdop>1.06</vdop><pdop>1.28</pdop><dgpsid>0000</dgpsid></trkpt>
<trkpt lat="28.687890999999997" lon="-114.05706316666668"><ele>174.0</ele><time>2025-12-18T00:48:28.000Z</time><extensions><gpxtpx:TrackPointExtension><gpxtpx:bearing>146.62</gpxtpx:bearing><gpxtpx:speed>17.751225</gpxtpx:speed></gpxtpx:TrackPointExtension></extensions><geoidheight>-35.5</geoidheight><src>gps</src><sat>15</sat><hdop>0.73</hdop><vdop>1.06</vdop><pdop>1.29</pdop><dgpsid>0000</dgpsid></trkpt>
<trkpt lat="28.686626166666663" lon="-114.05577833333334"><ele>177.4</ele><time>2025-12-18T00:48:39.000Z</time><extensions><gpxtpx:TrackPointExtension><gpxtpx:bearing>130.98</gpxtpx:bearing><gpxtpx:speed>18.01013</gpxtpx:speed></gpxtpx:TrackPointExtension></extensions><geoidheight>-35.5</geoidheight><src>gps</src><sat>15</sat><hdop>0.73</hdop><vdop>1.06</vdop><pdop>1.29</pdop><dgpsid>0000</dgpsid></trkpt>
<trkpt lat="28.685380499999997" lon="-114.05419016666669"><ele>181.4</ele><time>2025-12-18T00:48:50.000Z</time><extensions><gpxtpx:TrackPointExtension><gpxtpx:bearing>135.98</gpxtpx:bearing><gpxtpx:speed>19.204287</gpxtpx:speed></gpxtpx:TrackPointExtension></extensions><geoidheight>-35.5</geoidheight><src>gps</src><sat>15</sat><hdop>0.73</hdop><vdop>1.06</vdop><pdop>1.29</pdop><dgpsid>0000</dgpsid></trkpt>
<trkpt lat="28.68394316666667" lon="-114.05275983333334"><ele>185.4</ele><time>2025-12-18T00:49:01.000Z</time><extensions><gpxtpx:TrackPointExtension><gpxtpx:bearing>135.5</gpxtpx:bearing><gpxtpx:speed>19.15693</gpxtpx:speed></gpxtpx:TrackPointExtension></extensions><geoidheight>-35.5</geoidheight><src>gps</src><sat>15</sat><hdop>0.73</hdop><vdop>1.06</vdop><pdop>1.29</pdop><dgpsid>0000</dgpsid></trkpt>
<trkpt lat="28.682664833333334" lon="-114.05144883333332"><ele>186.0</ele><time>2025-12-18T00:49:12.000Z</time><extensions><gpxtpx:TrackPointExtension><gpxtpx:bearing>151.45</gpxtpx:bearing><gpxtpx:speed>15.816899</gpxtpx:speed></gpxtpx:TrackPointExtension></extensions><geoidheight>-35.5</geoidheight><src>gps</src><sat>15</sat><hdop>0.73</hdop><vdop>1.06</vdop><pdop>1.29</pdop><dgpsid>0000</dgpsid></trkpt>
<trkpt lat="28.68111366666667" lon="-114.05087466666667"><ele>182.1</ele><time>2025-12-18T00:49:23.000Z</time><extensions><gpxtpx:TrackPointExtension><gpxtpx:bearing>162.64</gpxtpx:bearing><gpxtpx:speed>16.56582</gpxtpx:speed></gpxtpx:TrackPointExtension></extensions><geoidheight>-35.5</geoidheight><src>gps</src><sat>15</sat><hdop>0.73</hdop><vdop>1.06</vdop><pdop>1.29</pdop><dgpsid>0000</dgpsid></trkpt>
<trkpt lat="28.67971016666667" lon="-114.0501725"><ele>177.6</ele><time>2025-12-18T00:49:34.000Z</time><extensions><gpxtpx:TrackPointExtension><gpxtpx:bearing>147.27</gpxtpx:bearing><gpxtpx:speed>16.718693</gpxtpx:speed></gpxtpx:TrackPointExtension></extensions><geoidheight>-35.5</geoidheight><src>gps</src><sat>15</sat><hdop>0.73</hdop><vdop>1.06</vdop><pdop>1.29</pdop><dgpsid>0000</dgpsid></trkpt>
<trkpt lat="28.67807" lon="-114.04897000000001"><ele>169.9</ele><time>2025-12-18T00:49:45.000Z</time><extensions><gpxtpx:TrackPointExtension><gpxtpx:bearing>146.85</gpxtpx:bearing><gpxtpx:speed>22.539686</gpxtpx:speed></gpxtpx:TrackPointExtension></extensions><geoidheight>-35.5</geoidheight><src>gps</src><sat>15</sat><hdop>0.73</hdop><vdop>1.06</vdop><pdop>1.29</pdop><dgpsid>0000</dgpsid></trkpt>
<trkpt lat="28.676253166666665" lon="-114.04764966666669"><ele>163.8</ele><time>2025-12-18T00:49:56.000Z</time><extensions><gpxtpx:TrackPointExtension><gpxtpx:bearing>147.21</gpxtpx:bearing><gpxtpx:speed>21.193172</gpxtpx:speed></gpxtpx:TrackPointExtension></extensions><geoidheight>-35.5</geoidheight><src>gps</src><sat>15</sat><hdop>0.73</hdop><vdop>1.07</vdop><pdop>1.29</pdop><dgpsid>0000</dgpsid></trkpt>
<trkpt lat="28.6744905" lon="-114.046358"><ele>160.6</ele><time>2025-12-18T00:50:07.000Z</time><extensions><gpxtpx:TrackPointExtension><gpxtpx:bearing>147.55</gpxtpx:bearing><gpxtpx:speed>21.036697</gpxtpx:speed></gpxtpx:TrackPointExtension></extensions><geoidheight>-35.5</geoidheight><src>gps</src><sat>15</sat><hdop>0.73</hdop><vdop>1.07</vdop><pdop>1.29</pdop><dgpsid>0000</dgpsid></trkpt>
<trkpt lat="28.67269083333333" lon="-114.04503333333332"><ele>156.3</ele><time>2025-12-18T00:50:18.000Z</time><extensions><gpxtpx:TrackPointExtension><gpxtpx:bearing>147.26</gpxtpx:bearing><gpxtpx:speed>21.823708</gpxtpx:speed></gpxtpx:TrackPointExtension></extensions><geoidheight>-35.5</geoidheight><src>gps</src><sat>15</sat><hdop>0.73</hdop><vdop>1.07</vdop><pdop>1.29</pdop><dgpsid>0000</dgpsid></trkpt>
<trkpt lat="28.670901833333332" lon="-114.04372749999999"><ele>153.1</ele><time>2025-12-18T00:50:29.000Z</time><extensions><gpxtpx:TrackPointExtension><gpxtpx:bearing>147.45</gpxtpx:bearing><gpxtpx:speed>21.258543</gpxtpx:speed></gpxtpx:TrackPointExtension></extensions><geoidheight>-35.5</geoidheight><src>gps</src><sat>15</sat><hdop>0.73</hdop><vdop>1.07</vdop><pdop>1.30</pdop><dgpsid>0000</dgpsid></trkpt>
<trkpt lat="28.669106666666668" lon="-114.042412"><ele>148.1</ele><time>2025-12-18T00:50:40.000Z</time><extensions><gpxtpx:TrackPointExtension><gpxtpx:bearing>147.29</gpxtpx:bearing><gpxtpx:speed>21.958565</gpxtpx:speed></gpxtpx:TrackPointExtension></extensions><geoidheight>-35.5</geoidheight><src>gps</src><sat>15</sat><hdop>0.73</hdop><vdop>1.07</vdop><pdop>1.30</pdop><dgpsid>0000</dgpsid></trkpt>
<trkpt lat="28.6673255" lon="-114.04109799999999"><ele>144.4</ele><time>2025-12-18T00:50:51.000Z</time><extensions><gpxtpx:TrackPointExtension><gpxtpx:bearing>145.92</gpxtpx:bearing><gpxtpx:speed>20.87353</gpxtpx:speed></gpxtpx:TrackPointExtension></extensions><geoidheight>-35.5</geoidheight><src>gps</src><sat>15</sat><hdop>0.73</hdop><vdop>1.07</vdop><pdop>1.30</pdop><dgpsid>0000</dgpsid></trkpt>
<trkpt lat="28.66573583333333" lon="-114.03958633333332"><ele>142.8</ele><time>2025-12-18T00:51:02.000Z</time><extensions><gpxtpx:TrackPointExtension><gpxtpx:bearing>134.63</gpxtpx:bearing><gpxtpx:speed>21.46649</gpxtpx:speed></gpxtpx:TrackPointExtension></extensions><geoidheight>-35.5</geoidheight><src>gps</src><sat>15</sat><hdop>0.74</hdop><vdop>1.07</vdop><pdop>1.30</pdop><dgpsid>0000</dgpsid></trkpt>
<trkpt lat="28.664198333333335" lon="-114.03784633333335"><ele>141.5</ele><time>2025-12-18T00:51:13.000Z</time><extensions><gpxtpx:TrackPointExtension><gpxtpx:bearing>135.28</gpxtpx:bearing><gpxtpx:speed>21.797972</gpxtpx:speed></gpxtpx:TrackPointExtension></extensions><geoidheight>-35.5</geoidheight><src>gps</src><sat>15</sat><hdop>0.74</hdop><vdop>1.07</vdop><pdop>1.30</pdop><dgpsid>0000</dgpsid></trkpt>
<trkpt lat="28.662644833333335" lon="-114.03607366666665"><ele>140.3</ele><time>2025-12-18T00:51:24.000Z</time><extensions><gpxtpx:TrackPointExtension><gpxtpx:bearing>134.95</gpxtpx:bearing><gpxtpx:speed>22.689985</gpxtpx:speed></gpxtpx:TrackPointExtension></extensions><geoidheight>-35.5</geoidheight><src>gps</src><sat>15</sat><hdop>0.74</hdop><vdop>1.07</vdop><pdop>1.30</pdop><dgpsid>0000</dgpsid></trkpt>
<trkpt lat="28.661049666666667" lon="-114.034326"><ele>137.9</ele><time>2025-12-18T00:51:35.000Z</time><extensions><gpxtpx:TrackPointExtension><gpxtpx:bearing>139.01</gpxtpx:bearing><gpxtpx:speed>22.005404</gpxtpx:speed></gpxtpx:TrackPointExtension></extensions><geoidheight>-35.5</geoidheight><src>gps</src><sat>14</sat><hdop>0.79</hdop><vdop>1.08</vdop><pdop>1.33</pdop><dgpsid>0000</dgpsid></trkpt>
<trkpt lat="28.65918033333333" lon="-114.03286183333333"><ele>136.1</ele><time>2025-12-18T00:51:46.000Z</time><extensions><gpxtpx:TrackPointExtension><gpxtpx:bearing>147.93</gpxtpx:bearing><gpxtpx:speed>23.517658</gpxtpx:speed></gpxtpx:TrackPointExtension></extensions><geoidheight>-35.5</geoidheight><src>gps</src><sat>15</sat><hdop>0.74</hdop><vdop>1.07</vdop><pdop>1.30</pdop><dgpsid>0000</dgpsid></trkpt>
<trkpt lat="28.657219499999997" lon="-114.0314875"><ele>133.9</ele><time>2025-12-18T00:51:57.000Z</time><extensions><gpxtpx:TrackPointExtension><gpxtpx:bearing>148.49</gpxtpx:bearing><gpxtpx:speed>22.351297</gpxtpx:speed></gpxtpx:TrackPointExtension></extensions><geoidheight>-35.5</geoidheight><src>gps</src><sat>15</sat><hdop>0.75</hdop><vdop>1.08</vdop><pdop>1.32</pdop><dgpsid>0000</dgpsid></trkpt>
<trkpt lat="28.655443666666663" lon="-114.03040166666666"><ele>134.4</ele><time>2025-12-18T00:52:08.000Z</time><extensions><gpxtpx:TrackPointExtension><gpxtpx:bearing>162.59</gpxtpx:bearing><gpxtpx:speed>19.730846</gpxtpx:speed></gpxtpx:TrackPointExtension></extensions><geoidheight>-35.5</geoidheight><src>gps</src><sat>15</sat><hdop>0.74</hdop><vdop>1.08</vdop><pdop>1.30</pdop><dgpsid>0000</dgpsid></trkpt>
<trkpt lat="28.653554166666662" lon="-114.0302635"><ele>134.4</ele><time>2025-12-18T00:52:19.000Z</time><extensions><gpxtpx:TrackPointExtension><gpxtpx:bearing>181.34</gpxtpx:bearing><gpxtpx:speed>18.318964</gpxtpx:speed></gpxtpx:TrackPointExtension></extensions><geoidheight>-35.5</geoidheight><src>gps</src><sat>15</sat><hdop>0.74</hdop><vdop>1.08</vdop><pdop>1.31</pdop><dgpsid>0000</dgpsid></trkpt>
<trkpt lat="28.65164183333333" lon="-114.02993933333333"><ele>131.7</ele><time>2025-12-18T00:52:30.000Z</time><extensions><gpxtpx:TrackPointExtension><gpxtpx:bearing>161.07</gpxtpx:bearing><gpxtpx:speed>20.56727</gpxtpx:speed></gpxtpx:TrackPointExtension></extensions><geoidheight>-35.5</geoidheight><src>gps</src><sat>14</sat><hdop>0.74</hdop><vdop>1.08</vdop><pdop>1.31</pdop><dgpsid>0000</dgpsid></trkpt>
<trkpt lat="28.649577833333336" lon="-114.02905366666667"><ele>128.2</ele><time>2025-12-18T00:52:41.000Z</time><extensions><gpxtpx:TrackPointExtension><gpxtpx:bearing>158.84</gpxtpx:bearing><gpxtpx:speed>23.17228</gpxtpx:speed></gpxtpx:TrackPointExtension></extensions><geoidheight>-35.5</geoidheight><src>gps</src><sat>15</sat><hdop>0.75</hdop><vdop>1.09</vdop><pdop>1.32</pdop><dgpsid>0000</dgpsid></trkpt>
<trkpt lat="28.647487666666667" lon="-114.02814233333332"><ele>127.8</ele><time>2025-12-18T00:52:52.000Z</time><extensions><gpxtpx:TrackPointExtension><gpxtpx:bearing>156.45</gpxtpx:bearing><gpxtpx:speed>22.417696</gpxtpx:speed></gpxtpx:TrackPointExtension></extensions><geoidheight>-35.5</geoidheight><src>gps</src><sat>15</sat><hdop>0.74</hdop><vdop>1.08</vdop><pdop>1.31</pdop><dgpsid>0000</dgpsid></trkpt>
<trkpt lat="28.645720666666662" lon="-114.02681383333332"><ele>129.9</ele><time>2025-12-18T00:53:03.000Z</time><extensions><gpxtpx:TrackPointExtension><gpxtpx:bearing>142.8</gpxtpx:bearing><gpxtpx:speed>21.212732</gpxtpx:speed></gpxtpx:TrackPointExtension></extensions><geoidheight>-35.5</geoidheight><src>gps</src><sat>15</sat><hdop>0.74</hdop><vdop>1.08</vdop><pdop>1.31</pdop><dgpsid>0000</dgpsid></trkpt>
<trkpt lat="28.644073166666665" lon="-114.02539533333332"><ele>129.0</ele><time>2025-12-18T00:53:14.000Z</time><extensions><gpxtpx:TrackPointExtension><gpxtpx:bearing>142.56</gpxtpx:bearing><gpxtpx:speed>20.531755</gpxtpx:speed></gpxtpx:TrackPointExtension></extensions><geoidheight>-35.5</geoidheight><src>gps</src><sat>15</sat><hdop>0.74</hdop><vdop>1.08</vdop><pdop>1.31</pdop><dgpsid>0000</dgpsid></trkpt>
<trkpt lat="28.642458166666664" lon="-114.02399866666669"><ele>125.2</ele><time>2025-12-18T00:53:25.000Z</time><extensions><gpxtpx:TrackPointExtension><gpxtpx:bearing>142.7</gpxtpx:bearing><gpxtpx:speed>20.537931</gpxtpx:speed></gpxtpx:TrackPointExtension></extensions><geoidheight>-35.5</geoidheight><src>gps</src><sat>14</sat><hdop>0.89</hdop><vdop>1.22</vdop><pdop>1.51</pdop><dgpsid>0000</dgpsid></trkpt>
<trkpt lat="28.640963333333335" lon="-114.02271649999999"><ele>125.1</ele><time>2025-12-18T00:53:36.000Z</time><extensions><gpxtpx:TrackPointExtension><gpxtpx:bearing>142.74</gpxtpx:bearing><gpxtpx:speed>16.433537</gpxtpx:speed></gpxtpx:TrackPointExtension></extensions><geoidheight>-35.5</geoidheight><src>gps</src><sat>15</sat><hdop>0.74</hdop><vdop>1.08</vdop><pdop>1.31</pdop><dgpsid>0000</dgpsid></trkpt>
<trkpt lat="28.639777000000002" lon="-114.02182283333335"><ele>123.8</ele><time>2025-12-18T00:53:47.000Z</time><extensions><gpxtpx:TrackPointExtension><gpxtpx:bearing>153.85</gpxtpx:bearing><gpxtpx:speed>13.169168</gpxtpx:speed></gpxtpx:TrackPointExtension></extensions><geoidheight>-35.5</geoidheight><src>gps</src><sat>14</sat><hdop>0.89</hdop><vdop>1.23</vdop><pdop>1.51</pdop><dgpsid>0000</dgpsid></trkpt>
<trkpt lat="28.638604833333336" lon="-114.02122933333334"><ele>123.2</ele><time>2025-12-18T00:53:58.000Z</time><extensions><gpxtpx:TrackPointExtension><gpxtpx:bearing>153.23</gpxtpx:bearing><gpxtpx:speed>12.585988</gpxtpx:speed></gpxtpx:TrackPointExtension></extensions><geoidheight>-35.5</geoidheight><src>gps</src><sat>15</sat><hdop>0.74</hdop><vdop>1.08</vdop><pdop>1.31</pdop><dgpsid>0000</dgpsid></trkpt>
<trkpt lat="28.637329833333336" lon="-114.02060949999999"><ele>118.3</ele><time>2025-12-18T00:54:09.000Z</time><extensions><gpxtpx:TrackPointExtension><gpxtpx:bearing>157.32</gpxtpx:bearing><gpxtpx:speed>14.9676075</gpxtpx:speed></gpxtpx:TrackPointExtension></extensions><geoidheight>-35.5</geoidheight><src>gps</src><sat>15</sat><hdop>0.74</hdop><vdop>1.09</vdop><pdop>1.32</pdop><dgpsid>0000</dgpsid></trkpt>
<trkpt lat="28.636068" lon="-114.02009083333333"><ele>120.7</ele><time>2025-12-18T00:54:20.000Z</time><extensions><gpxtpx:TrackPointExtension><gpxtpx:bearing>170.27</gpxtpx:bearing><gpxtpx:speed>12.473779</gpxtpx:speed></gpxtpx:TrackPointExtension></extensions><geoidheight>-35.5</geoidheight><src>gps</src><sat>15</sat><hdop>0.74</hdop><vdop>1.09</vdop><pdop>1.32</pdop><dgpsid>0000</dgpsid></trkpt>
<trkpt lat="28.634788166666667" lon="-114.0201995"><ele>120.1</ele><time>2025-12-18T00:54:31.000Z</time><extensions><gpxtpx:TrackPointExtension><gpxtpx:bearing>198.47</gpxtpx:bearing><gpxtpx:speed>14.17442</gpxtpx:speed></gpxtpx:TrackPointExtension></extensions><geoidheight>-35.5</geoidheight><src>gps</src><sat>15</sat><hdop>0.74</hdop><vdop>1.09</vdop><pdop>1.32</pdop><dgpsid>0000</dgpsid></trkpt>
<trkpt lat="28.63341666666667" lon="-114.02088616666667"><ele>119.1</ele><time>2025-12-18T00:54:42.000Z</time><extensions><gpxtpx:TrackPointExtension><gpxtpx:bearing>204.16</gpxtpx:bearing><gpxtpx:speed>15.706234</gpxtpx:speed></gpxtpx:TrackPointExtension></extensions><geoidheight>-35.5</geoidheight><src>gps</src><sat>14</sat><hdop>0.79</hdop><vdop>1.23</vdop><pdop>1.46</pdop><dgpsid>0000</dgpsid></trkpt>
<trkpt lat="28.63211383333333" lon="-114.02157216666667"><ele>119.2</ele><time>2025-12-18T00:54:53.000Z</time><extensions><gpxtpx:TrackPointExtension><gpxtpx:bearing>204.2</gpxtpx:bearing><gpxtpx:speed>12.919528</gpxtpx:speed></gpxtpx:TrackPointExtension></extensions><geoidheight>-35.5</geoidheight><src>gps</src><sat>14</sat><hdop>0.79</hdop><vdop>1.23</vdop><pdop>1.46</pdop><dgpsid>0000</dgpsid></trkpt>
<trkpt lat="28.630931499999996" lon="-114.02241833333333"><ele>118.6</ele><time>2025-12-18T00:55:04.000Z</time><extensions><gpxtpx:TrackPointExtension><gpxtpx:bearing>221.74</gpxtpx:bearing><gpxtpx:speed>14.888855</gpxtpx:speed></gpxtpx:TrackPointExtension></extensions><geoidheight>-35.5</geoidheight><src>gps</src><sat>13</sat><hdop>0.81</hdop><vdop>1.32</vdop><pdop>1.55</pdop><dgpsid>0000</dgpsid></trkpt>
<trkpt lat="28.629811166666666" lon="-114.02379633333334"><ele>117.1</ele><time>2025-12-18T00:55:15.000Z</time><extensions><gpxtpx:TrackPointExtension><gpxtpx:bearing>228.64</gpxtpx:bearing><gpxtpx:speed>18.14859</gpxtpx:speed></gpxtpx:TrackPointExtension></extensions><geoidheight>-35.5</geoidheight><src>gps</src><sat>15</sat><hdop>0.75</hdop><vdop>1.09</vdop><pdop>1.32</pdop><dgpsid>0000</dgpsid></trkpt>
<trkpt lat="28.628586499999997" lon="-114.02542700000001"><ele>115.9</ele><time>2025-12-18T00:55:26.000Z</time><extensions><gpxtpx:TrackPointExtension><gpxtpx:bearing>233.38</gpxtpx:bearing><gpxtpx:speed>20.21726</gpxtpx:speed></gpxtpx:TrackPointExtension></extensions><geoidheight>-35.5</geoidheight><src>gps</src><sat>15</sat><hdop>0.75</hdop><vdop>1.09</vdop><pdop>1.32</pdop><dgpsid>0000</dgpsid></trkpt>
<trkpt lat="28.62745333333333" lon="-114.02743516666666"><ele>114.3</ele><time>2025-12-18T00:55:37.000Z</time><extensions><gpxtpx:TrackPointExtension><gpxtpx:bearing>237.91</gpxtpx:bearing><gpxtpx:speed>21.86334</gpxtpx:speed></gpxtpx:TrackPointExtension></extensions><geoidheight>-35.5</geoidheight><src>gps</src><sat>15</sat><hdop>0.75</hdop><vdop>1.09</vdop><pdop>1.32</pdop><dgpsid>0000</dgpsid></trkpt>
<trkpt lat="28.6261665" lon="-114.02947033333334"><ele>113.1</ele><time>2025-12-18T00:55:48.000Z</time><extensions><gpxtpx:TrackPointExtension><gpxtpx:bearing>231.19</gpxtpx:bearing><gpxtpx:speed>22.971024</gpxtpx:speed></gpxtpx:TrackPointExtension></extensions><geoidheight>-35.5</geoidheight><src>gps</src><sat>14</sat><hdop>0.77</hdop><vdop>1.10</vdop><pdop>1.35</pdop><dgpsid>0000</dgpsid></trkpt>
<trkpt lat="28.624780499999996" lon="-114.03139449999999"><ele>112.3</ele><time>2025-12-18T00:55:59.000Z</time><extensions><gpxtpx:TrackPointExtension><gpxtpx:bearing>230.71</gpxtpx:bearing><gpxtpx:speed>22.400711</gpxtpx:speed></gpxtpx:TrackPointExtension></extensions><geoidheight>-35.5</geoidheight><src>gps</src><sat>14</sat><hdop>0.77</hdop><vdop>1.10</vdop><pdop>1.35</pdop><dgpsid>0000</dgpsid></trkpt>
<trkpt lat="28.623370333333334" lon="-114.03328983333334"><ele>110.8</ele><time>2025-12-18T00:56:10.000Z</time><extensions><gpxtpx:TrackPointExtension><gpxtpx:bearing>225.91</gpxtpx:bearing><gpxtpx:speed>21.660027</gpxtpx:speed></gpxtpx:TrackPointExtension></extensions><geoidheight>-35.5</geoidheight><src>gps</src><sat>14</sat><hdop>0.75</hdop><vdop>1.09</vdop><pdop>1.33</pdop><dgpsid>0000</dgpsid></trkpt>
<trkpt lat="28.621797833333336" lon="-114.03477966666667"><ele>106.6</ele><time>2025-12-18T00:56:21.000Z</time><extensions><gpxtpx:TrackPointExtension><gpxtpx:bearing>215.45</gpxtpx:bearing><gpxtpx:speed>20.236818</gpxtpx:speed></gpxtpx:TrackPointExtension></extensions><geoidheight>-35.5</geoidheight><src>gps</src><sat>14</sat><hdop>0.77</hdop><vdop>1.10</vdop><pdop>1.35</pdop><dgpsid>0000</dgpsid></trkpt>
<trkpt lat="28.620104" lon="-114.03614716666668"><ele>105.7</ele><time>2025-12-18T00:56:32.000Z</time><extensions><gpxtpx:TrackPointExtension><gpxtpx:bearing>216.16</gpxtpx:bearing><gpxtpx:speed>21.033094</gpxtpx:speed></gpxtpx:TrackPointExtension></extensions><geoidheight>-35.5</geoidheight><src>gps</src><sat>15</sat><hdop>0.75</hdop><vdop>1.10</vdop><pdop>1.33</pdop><dgpsid>0000</dgpsid></trkpt>
<trkpt lat="28.618737166666666" lon="-114.03768766666666"><ele>109.3</ele><time>2025-12-18T00:56:43.000Z</time><extensions><gpxtpx:TrackPointExtension><gpxtpx:bearing>228.47</gpxtpx:bearing><gpxtpx:speed>19.248552</gpxtpx:speed></gpxtpx:TrackPointExtension></extensions><geoidheight>-35.5</geoidheight><src>gps</src><sat>14</sat><hdop>0.78</hdop><vdop>1.23</vdop><pdop>1.46</pdop><dgpsid>0000</dgpsid></trkpt>
<trkpt lat="28.617844666666663" lon="-114.0396255"><ele>109.8</ele><time>2025-12-18T00:56:54.000Z</time><extensions><gpxtpx:TrackPointExtension><gpxtpx:bearing>246.74</gpxtpx:bearing><gpxtpx:speed>19.93725</gpxtpx:speed></gpxtpx:TrackPointExtension></extensions><geoidheight>-35.5</geoidheight><src>gps</src><sat>13</sat><hdop>0.85</hdop><vdop>1.43</vdop><pdop>1.66</pdop><dgpsid>0000</dgpsid></trkpt>
<trkpt lat="28.61705716666667" lon="-114.04168683333334"><ele>113.2</ele><time>2025-12-18T00:57:05.000Z</time><extensions><gpxtpx:TrackPointExtension><gpxtpx:bearing>247.0</gpxtpx:bearing><gpxtpx:speed>18.958248</gpxtpx:speed></gpxtpx:TrackPointExtension></extensions><geoidheight>-35.5</geoidheight><src>gps</src><sat>12</sat><hdop>0.91</hdop><vdop>1.58</vdop><pdop>1.82</pdop><dgpsid>0000</dgpsid></trkpt>
<trkpt lat="28.616043833333332" lon="-114.04332883333333"><ele>112.2</ele><time>2025-12-18T00:57:16.000Z</time><extensions><gpxtpx:TrackPointExtension><gpxtpx:bearing>230.63</gpxtpx:bearing><gpxtpx:speed>20.657862</gpxtpx:speed></gpxtpx:TrackPointExtension></extensions><geoidheight>-35.5</geoidheight><src>gps</src><sat>12</sat><hdop>0.81</hdop><vdop>1.27</vdop><pdop>1.51</pdop><dgpsid>0000</dgpsid></trkpt>
<trkpt lat="28.614619" lon="-114.04527533333334"><ele>103.0</ele><time>2025-12-18T00:57:27.000Z</time><extensions><gpxtpx:TrackPointExtension><gpxtpx:bearing>230.01</gpxtpx:bearing><gpxtpx:speed>22.891756</gpxtpx:speed></gpxtpx:TrackPointExtension></extensions><geoidheight>-35.5</geoidheight><src>gps</src><sat>15</sat><hdop>0.75</hdop><vdop>1.10</vdop><pdop>1.33</pdop><dgpsid>0000</dgpsid></trkpt>
<trkpt lat="28.613235666666665" lon="-114.0470765"><ele>100.2</ele><time>2025-12-18T00:57:38.000Z</time><extensions><gpxtpx:TrackPointExtension><gpxtpx:bearing>223.37</gpxtpx:bearing><gpxtpx:speed>19.546576</gpxtpx:speed></gpxtpx:TrackPointExtension></extensions><geoidheight>-35.5</geoidheight><src>gps</src><sat>15</sat><hdop>0.75</hdop><vdop>1.10</vdop><pdop>1.34</pdop><dgpsid>0000</dgpsid></trkpt>
<trkpt lat="28.611467500000003" lon="-114.04837583333334"><ele>96.8</ele><time>2025-12-18T00:57:49.000Z</time><extensions><gpxtpx:TrackPointExtension><gpxtpx:bearing>211.51</gpxtpx:bearing><gpxtpx:speed>22.175262</gpxtpx:speed></gpxtpx:TrackPointExtension></extensions><geoidheight>-35.5</geoidheight><src>gps</src><sat>15</sat><hdop>0.75</hdop><vdop>1.10</vdop><pdop>1.34</pdop><dgpsid>0000</dgpsid></trkpt>
<trkpt lat="28.60960616666667" lon="-114.04965949999999"><ele>97.7</ele><time>2025-12-18T00:58:00.000Z</time><extensions><gpxtpx:TrackPointExtension><gpxtpx:bearing>211.73</gpxtpx:bearing><gpxtpx:speed>21.762455</gpxtpx:speed></gpxtpx:TrackPointExtension></extensions><geoidheight>-35.5</geoidheight><src>gps</src><sat>14</sat><hdop>0.75</hdop><vdop>1.10</vdop><pdop>1.34</pdop><dgpsid>0000</dgpsid></trkpt>
<trkpt lat="28.607787833333337" lon="-114.05066633333333"><ele>96.5</ele><time>2025-12-18T00:58:11.000Z</time><extensions><gpxtpx:TrackPointExtension><gpxtpx:bearing>191.29</gpxtpx:bearing><gpxtpx:speed>19.48275</gpxtpx:speed></gpxtpx:TrackPointExtension></extensions><geoidheight>-35.5</geoidheight><src>gps</src><sat>15</sat><hdop>0.76</hdop><vdop>1.10</vdop><pdop>1.34</pdop><dgpsid>0000</dgpsid></trkpt>
<trkpt lat="28.605710666666663" lon="-114.05035383333333"><ele>93.2</ele><time>2025-12-18T00:58:22.000Z</time><extensions><gpxtpx:TrackPointExtension><gpxtpx:bearing>164.44</gpxtpx:bearing><gpxtpx:speed>22.883005</gpxtpx:speed></gpxtpx:TrackPointExtension></extensions><geoidheight>-35.5</geoidheight><src>gps</src><sat>15</sat><hdop>0.76</hdop><vdop>1.11</vdop><pdop>1.34</pdop><dgpsid>0000</dgpsid></trkpt>
<trkpt lat="28.603639666666663" lon="-114.0497195"><ele>98.2</ele><time>2025-12-18T00:58:33.000Z</time><extensions><gpxtpx:TrackPointExtension><gpxtpx:bearing>167.47</gpxtpx:bearing><gpxtpx:speed>21.369722</gpxtpx:speed></gpxtpx:TrackPointExtension></extensions><geoidheight>-35.5</geoidheight><src>gps</src><sat>15</sat><hdop>0.76</hdop><vdop>1.11</vdop><pdop>1.34</pdop><dgpsid>0000</dgpsid></trkpt>
<trkpt lat="28.60159583333333" lon="-114.04932783333334"><ele>98.4</ele><time>2025-12-18T00:58:44.000Z</time><extensions><gpxtpx:TrackPointExtension><gpxtpx:bearing>170.86</gpxtpx:bearing><gpxtpx:speed>20.655804</gpxtpx:speed></gpxtpx:TrackPointExtension></extensions><geoidheight>-35.5</geoidheight><src>gps</src><sat>15</sat><hdop>0.76</hdop><vdop>1.11</vdop><pdop>1.34</pdop><dgpsid>0000</dgpsid></trkpt>
<trkpt lat="28.599618666666668" lon="-114.04900366666668"><ele>101.0</ele><time>2025-12-18T00:58:55.000Z</time><extensions><gpxtpx:TrackPointExtension><gpxtpx:bearing>172.76</gpxtpx:bearing><gpxtpx:speed>19.33554</gpxtpx:speed></gpxtpx:TrackPointExtension></extensions><geoidheight>-35.5</geoidheight><src>gps</src><sat>15</sat><hdop>0.76</hdop><vdop>1.11</vdop><pdop>1.34</pdop><dgpsid>0000</dgpsid></trkpt>
<trkpt lat="28.5976505" lon="-114.04870016666668"><ele>94.5</ele><time>2025-12-18T00:59:06.000Z</time><extensions><gpxtpx:TrackPointExtension><gpxtpx:bearing>172.5</gpxtpx:bearing><gpxtpx:speed>20.927061</gpxtpx:speed></gpxtpx:TrackPointExtension></extensions><geoidheight>-35.5</geoidheight><src>gps</src><sat>15</sat><hdop>0.76</hdop><vdop>1.11</vdop><pdop>1.34</pdop><dgpsid>0000</dgpsid></trkpt>
<trkpt lat="28.595581999999997" lon="-114.04838516666665"><ele>88.5</ele><time>2025-12-18T00:59:17.000Z</time><extensions><gpxtpx:TrackPointExtension><gpxtpx:bearing>172.45</gpxtpx:bearing><gpxtpx:speed>21.038242</gpxtpx:speed></gpxtpx:TrackPointExtension></extensions><geoidheight>-35.5</geoidheight><src>gps</src><sat>15</sat><hdop>0.76</hdop><vdop>1.11</vdop><pdop>1.34</pdop><dgpsid>0000</dgpsid></trkpt>
<trkpt lat="28.59353583333333" lon="-114.04809166666668"><ele>85.9</ele><time>2025-12-18T00:59:28.000Z</time><extensions><gpxtpx:TrackPointExtension><gpxtpx:bearing>174.81</gpxtpx:bearing><gpxtpx:speed>20.120491</gpxtpx:speed></gpxtpx:TrackPointExtension></extensions><geoidheight>-35.5</geoidheight><src>gps</src><sat>15</sat><hdop>0.76</hdop><vdop>1.11</vdop><pdop>1.35</pdop><dgpsid>0000</dgpsid></trkpt>
<trkpt lat="28.591562" lon="-114.04825533333333"><ele>83.8</ele><time>2025-12-18T00:59:39.000Z</time><extensions><gpxtpx:TrackPointExtension><gpxtpx:bearing>191.95</gpxtpx:bearing><gpxtpx:speed>20.487488</gpxtpx:speed></gpxtpx:TrackPointExtension></extensions><geoidheight>-35.5</geoidheight><src>gps</src><sat>14</sat><hdop>0.78</hdop><vdop>1.12</vdop><pdop>1.36</pdop><dgpsid>0000</dgpsid></trkpt>
<trkpt lat="28.589599666666665" lon="-114.04878816666665"><ele>80.4</ele><time>2025-12-18T00:59:50.000Z</time><extensions><gpxtpx:TrackPointExtension><gpxtpx:bearing>192.94</gpxtpx:bearing><gpxtpx:speed>19.361792</gpxtpx:speed></gpxtpx:TrackPointExtension></extensions><geoidheight>-35.5</geoidheight><src>gps</src><sat>15</sat><hdop>0.76</hdop><vdop>1.11</vdop><pdop>1.35</pdop><dgpsid>0000</dgpsid></trkpt>
<trkpt lat="28.587739333333335" lon="-114.04917683333333"><ele>78.3</ele><time>2025-12-18T01:00:01.000Z</time><extensions><gpxtpx:TrackPointExtension><gpxtpx:bearing>187.02</gpxtpx:bearing><gpxtpx:speed>20.20645</gpxtpx:speed></gpxtpx:TrackPointExtension></extensions><geoidheight>-35.5</geoidheight><src>gps</src><sat>15</sat><hdop>0.81</hdop><vdop>1.28</vdop><pdop>1.52</pdop><dgpsid>0000</dgpsid></trkpt>
<trkpt lat="28.585745499999998" lon="-114.04943999999999"><ele>75.6</ele><time>2025-12-18T01:00:12.000Z</time><extensions><gpxtpx:TrackPointExtension><gpxtpx:bearing>186.18</gpxtpx:bearing><gpxtpx:speed>19.809084</gpxtpx:speed></gpxtpx:TrackPointExtension></extensions><geoidheight>-35.5</geoidheight><src>gps</src><sat>14</sat><hdop>0.78</hdop><vdop>1.12</vdop><pdop>1.37</pdop><dgpsid>0000</dgpsid></trkpt>
<trkpt lat="28.583906666666667" lon="-114.04966600000002"><ele>78.5</ele><time>2025-12-18T01:00:23.000Z</time><extensions><gpxtpx:TrackPointExtension><gpxtpx:bearing>185.98</gpxtpx:bearing><gpxtpx:speed>18.356539</gpxtpx:speed></gpxtpx:TrackPointExtension></extensions><geoidheight>-35.5</geoidheight><src>gps</src><sat>15</sat><hdop>0.76</hdop><vdop>1.12</vdop><pdop>1.35</pdop><dgpsid>0000</dgpsid></trkpt>
<trkpt lat="28.582079" lon="-114.04990016666667"><ele>75.3</ele><time>2025-12-18T01:00:34.000Z</time><extensions><gpxtpx:TrackPointExtension><gpxtpx:bearing>186.67</gpxtpx:bearing><gpxtpx:speed>17.558205</gpxtpx:speed></gpxtpx:TrackPointExtension></extensions><geoidheight>-35.5</geoidheight><src>gps</src><sat>14</sat><hdop>0.81</hdop><vdop>1.29</vdop><pdop>1.52</pdop><dgpsid>0000</dgpsid></trkpt>
<trkpt lat="28.580281833333334" lon="-114.05012983333333"><ele>76.0</ele><time>2025-12-18T01:00:45.000Z</time><extensions><gpxtpx:TrackPointExtension><gpxtpx:bearing>186.1</gpxtpx:bearing><gpxtpx:speed>18.489336</gpxtpx:speed></gpxtpx:TrackPointExtension></extensions><geoidheight>-35.5</geoidheight><src>gps</src><sat>15</sat><hdop>0.73</hdop><vdop>1.05</vdop><pdop>1.28</pdop><dgpsid>0000</dgpsid></trkpt>
<trkpt lat="28.578575833333336" lon="-114.05036216666667"><ele>80.2</ele><time>2025-12-18T01:00:56.000Z</time><extensions><gpxtpx:TrackPointExtension><gpxtpx:bearing>186.36</gpxtpx:bearing><gpxtpx:speed>15.866312</gpxtpx:speed></gpxtpx:TrackPointExtension></extensions><geoidheight>-35.5</geoidheight><src>gps</src><sat>16</sat><hdop>0.73</hdop><vdop>1.13</vdop><pdop>1.35</pdop><dgpsid>0000</dgpsid></trkpt>
<trkpt lat="28.576903666666666" lon="-114.05057683333334"><ele>80.2</ele><time>2025-12-18T01:01:07.000Z</time><extensions><gpxtpx:TrackPointExtension><gpxtpx:bearing>186.97</gpxtpx:bearing><gpxtpx:speed>17.744019</gpxtpx:speed></gpxtpx:TrackPointExtension></extensions><geoidheight>-35.5</geoidheight><src>gps</src><sat>16</sat><hdop>0.70</hdop><vdop>1.04</vdop><pdop>1.26</pdop><dgpsid>0000</dgpsid></trkpt>
<trkpt lat="28.575268666666663" lon="-114.05078883333333"><ele>77.4</ele><time>2025-12-18T01:01:18.000Z</time><extensions><gpxtpx:TrackPointExtension><gpxtpx:bearing>186.72</gpxtpx:bearing><gpxtpx:speed>15.737117</gpxtpx:speed></gpxtpx:TrackPointExtension></extensions><geoidheight>-35.5</geoidheight><src>gps</src><sat>16</sat><hdop>0.70</hdop><vdop>1.04</vdop><pdop>1.26</pdop><dgpsid>0000</dgpsid></trkpt>
<trkpt lat="28.573564666666666" lon="-114.05101350000001"><ele>73.0</ele><time>2025-12-18T01:01:29.000Z</time><extensions><gpxtpx:TrackPointExtension><gpxtpx:bearing>186.2</gpxtpx:bearing><gpxtpx:speed>17.834095</gpxtpx:speed></gpxtpx:TrackPointExtension></extensions><geoidheight>-35.5</geoidheight><src>gps</src><sat>16</sat><hdop>0.70</hdop><vdop>1.04</vdop><pdop>1.26</pdop><dgpsid>0000</dgpsid></trkpt>
<trkpt lat="28.571866833333335" lon="-114.05122783333333"><ele>71.4</ele><time>2025-12-18T01:01:40.000Z</time><extensions><gpxtpx:TrackPointExtension><gpxtpx:bearing>186.38</gpxtpx:bearing><gpxtpx:speed>16.642513</gpxtpx:speed></gpxtpx:TrackPointExtension></extensions><geoidheight>-35.5</geoidheight><src>gps</src><sat>16</sat><hdop>0.70</hdop><vdop>1.04</vdop><pdop>1.26</pdop><dgpsid>0000</dgpsid></trkpt>
<trkpt lat="28.571160333333335" lon="-114.05138516666666"><ele>68.9</ele><time>2025-12-18T01:01:51.000Z</time><extensions><gpxtpx:TrackPointExtension><gpxtpx:bearing>213.03</gpxtpx:bearing><gpxtpx:speed>1.6486553</gpxtpx:speed></gpxtpx:TrackPointExtension></extensions><geoidheight>-35.5</geoidheight><src>gps</src><sat>15</sat><hdop>0.73</hdop><vdop>1.14</vdop><pdop>1.36</pdop><dgpsid>0000</dgpsid></trkpt>
<trkpt lat="28.571077666666664" lon="-114.05168450000001"><ele>68.0</ele><time>2025-12-18T01:02:02.000Z</time><extensions><gpxtpx:TrackPointExtension><gpxtpx:bearing>256.69</gpxtpx:bearing><gpxtpx:speed>3.3050313</gpxtpx:speed></gpxtpx:TrackPointExtension></extensions><geoidheight>-35.5</geoidheight><src>gps</src><sat>16</sat><hdop>0.70</hdop><vdop>1.05</vdop><pdop>1.26</pdop><dgpsid>0000</dgpsid></trkpt>
<trkpt lat="28.570878833333335" lon="-114.05198966666667"><ele>67.3</ele><time>2025-12-18T01:02:13.000Z</time><extensions><gpxtpx:TrackPointExtension><gpxtpx:bearing>228.22</gpxtpx:bearing><gpxtpx:speed>3.376063</gpxtpx:speed></gpxtpx:TrackPointExtension></extensions><geoidheight>-35.5</geoidheight><src>gps</src><sat>15</sat><hdop>0.73</hdop><vdop>1.05</vdop><pdop>1.28</pdop><dgpsid>0000</dgpsid></trkpt>
<trkpt lat="28.570649000000003" lon="-114.05227850000001"><ele>67.2</ele><time>2025-12-18T01:02:24.000Z</time><extensions><gpxtpx:TrackPointExtension><gpxtpx:bearing>228.39</gpxtpx:bearing><gpxtpx:speed>3.656072</gpxtpx:speed></gpxtpx:TrackPointExtension></extensions><geoidheight>-35.6</geoidheight><src>gps</src><sat>15</sat><hdop>0.73</hdop><vdop>1.05</vdop><pdop>1.28</pdop><dgpsid>0000</dgpsid></trkpt>
<trkpt lat="28.57042" lon="-114.05260500000001"><ele>66.7</ele><time>2025-12-18T01:02:35.000Z</time><extensions><gpxtpx:TrackPointExtension><gpxtpx:bearing>232.1</gpxtpx:bearing><gpxtpx:speed>4.0107155</gpxtpx:speed></gpxtpx:TrackPointExtension></extensions><geoidheight>-35.6</geoidheight><src>gps</src><sat>15</sat><hdop>0.73</hdop><vdop>1.05</vdop><pdop>1.28</pdop><dgpsid>0000</dgpsid></trkpt>
<trkpt lat="28.570157000000002" lon="-114.05296833333333"><ele>66.2</ele><time>2025-12-18T01:02:46.000Z</time><extensions><gpxtpx:TrackPointExtension><gpxtpx:bearing>232.28</gpxtpx:bearing><gpxtpx:speed>4.347344</gpxtpx:speed></gpxtpx:TrackPointExtension></extensions><geoidheight>-35.6</geoidheight><src>gps</src><sat>15</sat><hdop>0.73</hdop><vdop>1.06</vdop><pdop>1.29</pdop><dgpsid>0000</dgpsid></trkpt>
<trkpt lat="28.569862333333337" lon="-114.05339716666667"><ele>65.2</ele><time>2025-12-18T01:02:57.000Z</time><extensions><gpxtpx:TrackPointExtension><gpxtpx:bearing>231.79</gpxtpx:bearing><gpxtpx:speed>6.405718</gpxtpx:speed></gpxtpx:TrackPointExtension></extensions><geoidheight>-35.6</geoidheight><src>gps</src><sat>15</sat><hdop>0.73</hdop><vdop>1.06</vdop><pdop>1.29</pdop><dgpsid>0000</dgpsid></trkpt>
<trkpt lat="28.569549999999996" lon="-114.05384066666666"><ele>64.3</ele><time>2025-12-18T01:03:08.000Z</time><extensions><gpxtpx:TrackPointExtension><gpxtpx:bearing>230.28</gpxtpx:bearing><gpxtpx:speed>3.5907023</gpxtpx:speed></gpxtpx:TrackPointExtension></extensions><geoidheight>-35.6</geoidheight><src>gps</src><sat>15</sat><hdop>0.74</hdop><vdop>1.06</vdop><pdop>1.29</pdop><dgpsid>0000</dgpsid></trkpt>
<trkpt lat="28.56935716666667" lon="-114.05410033333334"><ele>63.7</ele><time>2025-12-18T01:03:19.000Z</time><extensions><gpxtpx:TrackPointExtension><gpxtpx:bearing>225.34</gpxtpx:bearing><gpxtpx:speed>1.9327819</gpxtpx:speed></gpxtpx:TrackPointExtension></extensions><geoidheight>-35.6</geoidheight><src>gps</src><sat>15</sat><hdop>0.74</hdop><vdop>1.06</vdop><pdop>1.29</pdop><dgpsid>0000</dgpsid></trkpt>
<trkpt lat="28.569218166666662" lon="-114.05433999999998"><ele>63.0</ele><time>2025-12-18T01:03:30.000Z</time><extensions><gpxtpx:TrackPointExtension><gpxtpx:bearing>246.29</gpxtpx:bearing><gpxtpx:speed>2.8227367</gpxtpx:speed></gpxtpx:TrackPointExtension></extensions><geoidheight>-35.6</geoidheight><src>gps</src><sat>15</sat><hdop>0.74</hdop><vdop>1.06</vdop><pdop>1.29</pdop><dgpsid>0000</dgpsid></trkpt>
<trkpt lat="28.5691125" lon="-114.05456116666667"><ele>62.3</ele><time>2025-12-18T01:03:41.000Z</time><extensions><gpxtpx:TrackPointExtension><gpxtpx:bearing>234.22</gpxtpx:bearing><gpxtpx:speed>1.7243195</gpxtpx:speed></gpxtpx:TrackPointExtension></extensions><geoidheight>-35.6</geoidheight><src>gps</src><sat>16</sat><hdop>0.71</hdop><vdop>1.06</vdop><pdop>1.27</pdop><dgpsid>0000</dgpsid></trkpt>
<trkpt lat="28.5690455" lon="-114.05479016666668"><ele>60.1</ele><time>2025-12-18T01:03:52.000Z</time><extensions><gpxtpx:TrackPointExtension><gpxtpx:bearing>244.61</gpxtpx:bearing><gpxtpx:speed>2.7650878</gpxtpx:speed></gpxtpx:TrackPointExtension></extensions><geoidheight>-35.6</geoidheight><src>gps</src><sat>16</sat><hdop>0.71</hdop><vdop>1.06</vdop><pdop>1.27</pdop><dgpsid>0000</dgpsid></trkpt>
<trkpt lat="28.568905166666664" lon="-114.05508933333334"><ele>61.4</ele><time>2025-12-18T01:04:03.000Z</time><extensions><gpxtpx:TrackPointExtension><gpxtpx:bearing>240.93</gpxtpx:bearing><gpxtpx:speed>3.5382006</gpxtpx:speed></gpxtpx:TrackPointExtension></extensions><geoidheight>-35.6</geoidheight><src>gps</src><sat>16</sat><hdop>0.71</hdop><vdop>1.06</vdop><pdop>1.28</pdop><dgpsid>0000</dgpsid></trkpt>
<trkpt lat="28.568761666666667" lon="-114.055484"><ele>62.1</ele><time>2025-12-18T01:04:14.000Z</time><extensions><gpxtpx:TrackPointExtension><gpxtpx:bearing>248.48</gpxtpx:bearing><gpxtpx:speed>4.019466</gpxtpx:speed></gpxtpx:TrackPointExtension></extensions><geoidheight>-35.6</geoidheight><src>gps</src><sat>16</sat><hdop>0.71</hdop><vdop>1.06</vdop><pdop>1.28</pdop><dgpsid>0000</dgpsid></trkpt>
<trkpt lat="28.568602499999997" lon="-114.05590716666666"><ele>62.0</ele><time>2025-12-18T01:04:25.000Z</time><extensions><gpxtpx:TrackPointExtension><gpxtpx:bearing>245.51</gpxtpx:bearing><gpxtpx:speed>4.1090274</gpxtpx:speed></gpxtpx:TrackPointExtension></extensions><geoidheight>-35.6</geoidheight><src>gps</src><sat>16</sat><hdop>0.71</hdop><vdop>1.06</vdop><pdop>1.28</pdop><dgpsid>0000</dgpsid></trkpt>
<trkpt lat="28.568446" lon="-114.0563255"><ele>60.6</ele><time>2025-12-18T01:04:36.000Z</time><extensions><gpxtpx:TrackPointExtension><gpxtpx:bearing>246.62</gpxtpx:bearing><gpxtpx:speed>4.1903534</gpxtpx:speed></gpxtpx:TrackPointExtension></extensions><geoidheight>-35.6</geoidheight><src>gps</src><sat>16</sat><hdop>0.74</hdop><vdop>1.07</vdop><pdop>1.30</pdop><dgpsid>0000</dgpsid></trkpt>
<trkpt lat="28.568314499999996" lon="-114.05672616666668"><ele>59.8</ele><time>2025-12-18T01:04:47.000Z</time><extensions><gpxtpx:TrackPointExtension><gpxtpx:bearing>259.08</gpxtpx:bearing><gpxtpx:speed>3.0785537</gpxtpx:speed></gpxtpx:TrackPointExtension></extensions><geoidheight>-35.6</geoidheight><src>gps</src><sat>16</sat><hdop>0.74</hdop><vdop>1.07</vdop><pdop>1.30</pdop><dgpsid>0000</dgpsid></trkpt>
<trkpt lat="28.56812916666667" lon="-114.05705716666668"><ele>59.6</ele><time>2025-12-18T01:04:58.000Z</time><extensions><gpxtpx:TrackPointExtension><gpxtpx:bearing>231.13</gpxtpx:bearing><gpxtpx:speed>3.0152428</gpxtpx:speed></gpxtpx:TrackPointExtension></extensions><geoidheight>-35.6</geoidheight><src>gps</src><sat>16</sat><hdop>0.74</hdop><vdop>1.07</vdop><pdop>1.30</pdop><dgpsid>0000</dgpsid></trkpt>
<trkpt lat="28.567906500000003" lon="-114.05735766666666"><ele>57.8</ele><time>2025-12-18T01:05:09.000Z</time><extensions><gpxtpx:TrackPointExtension><gpxtpx:bearing>231.56</gpxtpx:bearing><gpxtpx:speed>4.1872654</gpxtpx:speed></gpxtpx:TrackPointExtension></extensions><geoidheight>-35.6</geoidheight><src>gps</src><sat>15</sat><hdop>0.72</hdop><vdop>1.07</vdop><pdop>1.28</pdop><dgpsid>0000</dgpsid></trkpt>
<trkpt lat="28.567615833333335" lon="-114.05772033333332"><ele>58.0</ele><time>2025-12-18T01:05:20.000Z</time><extensions><gpxtpx:TrackPointExtension><gpxtpx:bearing>225.64</gpxtpx:bearing><gpxtpx:speed>5.2815647</gpxtpx:speed></gpxtpx:TrackPointExtension></extensions><geoidheight>-35.6</geoidheight><src>gps</src><sat>14</sat><hdop>0.76</hdop><vdop>1.09</vdop><pdop>1.33</pdop><dgpsid>0000</dgpsid></trkpt>
<trkpt lat="28.567227000000003" lon="-114.05824466666667"><ele>58.2</ele><time>2025-12-18T01:05:31.000Z</time><extensions><gpxtpx:TrackPointExtension><gpxtpx:bearing>231.15</gpxtpx:bearing><gpxtpx:speed>6.3125534</gpxtpx:speed></gpxtpx:TrackPointExtension></extensions><geoidheight>-35.6</geoidheight><src>gps</src><sat>14</sat><hdop>0.76</hdop><vdop>1.22</vdop><pdop>1.43</pdop><dgpsid>0000</dgpsid></trkpt>
<trkpt lat="28.56686816666667" lon="-114.0587605"><ele>56.3</ele><time>2025-12-18T01:05:42.000Z</time><extensions><gpxtpx:TrackPointExtension><gpxtpx:bearing>232.7</gpxtpx:bearing><gpxtpx:speed>5.1168537</gpxtpx:speed></gpxtpx:TrackPointExtension></extensions><geoidheight>-35.6</geoidheight><src>gps</src><sat>16</sat><hdop>0.72</hdop><vdop>1.07</vdop><pdop>1.29</pdop><dgpsid>0000</dgpsid></trkpt>
<trkpt lat="28.566628999999995" lon="-114.0591395"><ele>54.2</ele><time>2025-12-18T01:05:53.000Z</time><extensions><gpxtpx:TrackPointExtension><gpxtpx:bearing>229.99</gpxtpx:bearing><gpxtpx:speed>3.4017992</gpxtpx:speed></gpxtpx:TrackPointExtension></extensions><geoidheight>-35.6</geoidheight><src>gps</src><sat>15</sat><hdop>0.75</hdop><vdop>1.07</vdop><pdop>1.31</pdop><dgpsid>0000</dgpsid></trkpt>
<trkpt lat="28.566410166666667" lon="-114.05936750000001"><ele>48.8</ele><time>2025-12-18T01:06:04.000Z</time><extensions><gpxtpx:TrackPointExtension><gpxtpx:bearing>216.98</gpxtpx:bearing><gpxtpx:speed>2.5324333</gpxtpx:speed></gpxtpx:TrackPointExtension></extensions><geoidheight>-35.6</geoidheight><src>gps</src><sat>15</sat><hdop>0.75</hdop><vdop>1.07</vdop><pdop>1.31</pdop><dgpsid>0000</dgpsid></trkpt>
<trkpt lat="28.56614666666667" lon="-114.05962816666667"><ele>44.2</ele><time>2025-12-18T01:06:15.000Z</time><extensions><gpxtpx:TrackPointExtension><gpxtpx:bearing>216.83</gpxtpx:bearing><gpxtpx:speed>3.7718844</gpxtpx:speed></gpxtpx:TrackPointExtension></extensions><geoidheight>-35.6</geoidheight><src>gps</src><sat>16</sat><hdop>0.72</hdop><vdop>1.07</vdop><pdop>1.29</pdop><dgpsid>0000</dgpsid></trkpt>
<trkpt lat="28.5658975" lon="-114.05988199999999"><ele>44.1</ele><time>2025-12-18T01:06:26.000Z</time><extensions><gpxtpx:TrackPointExtension><gpxtpx:bearing>232.18</gpxtpx:bearing><gpxtpx:speed>2.8078098</gpxtpx:speed></gpxtpx:TrackPointExtension></extensions><geoidheight>-35.6</geoidheight><src>gps</src><sat>16</sat><hdop>0.72</hdop><vdop>1.07</vdop><pdop>1.29</pdop><dgpsid>0000</dgpsid></trkpt>
<trkpt lat="28.565748999999997" lon="-114.06021333333335"><ele>44.4</ele><time>2025-12-18T01:06:37.000Z</time><extensions><gpxtpx:TrackPointExtension><gpxtpx:bearing>254.2</gpxtpx:bearing><gpxtpx:speed>4.286092</gpxtpx:speed></gpxtpx:TrackPointExtension></extensions><geoidheight>-35.6</geoidheight><src>gps</src><sat>16</sat><hdop>0.72</hdop><vdop>1.07</vdop><pdop>1.29</pdop><dgpsid>0000</dgpsid></trkpt>
<trkpt lat="28.56553516666667" lon="-114.06058066666668"><ele>46.1</ele><time>2025-12-18T01:06:48.000Z</time><extensions><gpxtpx:TrackPointExtension><gpxtpx:bearing>212.94</gpxtpx:bearing><gpxtpx:speed>2.881415</gpxtpx:speed></gpxtpx:TrackPointExtension></extensions><geoidheight>-35.6</geoidheight><src>gps</src><sat>16</sat><hdop>0.72</hdop><vdop>1.08</vdop><pdop>1.30</pdop><dgpsid>0000</dgpsid></trkpt>
<trkpt lat="28.565303499999995" lon="-114.060784"><ele>48.3</ele><time>2025-12-18T01:06:59.000Z</time><extensions><gpxtpx:TrackPointExtension><gpxtpx:bearing>217.74</gpxtpx:bearing><gpxtpx:speed>3.2036312</gpxtpx:speed></gpxtpx:TrackPointExtension></extensions><geoidheight>-35.6</geoidheight><src>gps</src><sat>16</sat><hdop>0.72</hdop><vdop>1.08</vdop><pdop>1.30</pdop><dgpsid>0000</dgpsid></trkpt>
<trkpt lat="28.565045666666666" lon="-114.06112366666666"><ele>50.5</ele><time>2025-12-18T01:07:10.000Z</time><extensions><gpxtpx:TrackPointExtension><gpxtpx:bearing>228.51</gpxtpx:bearing><gpxtpx:speed>4.6726484</gpxtpx:speed></gpxtpx:TrackPointExtension></extensions><geoidheight>-35.6</geoidheight><src>gps</src><sat>16</sat><hdop>0.72</hdop><vdop>1.08</vdop><pdop>1.30</pdop><dgpsid>0000</dgpsid></trkpt>
<trkpt lat="28.564924333333337" lon="-114.06156316666666"><ele>50.6</ele><time>2025-12-18T01:07:21.000Z</time><extensions><gpxtpx:TrackPointExtension><gpxtpx:bearing>266.41</gpxtpx:bearing><gpxtpx:speed>4.5022755</gpxtpx:speed></gpxtpx:TrackPointExtension></extensions><geoidheight>-35.6</geoidheight><src>gps</src><sat>16</sat><hdop>0.72</hdop><vdop>1.08</vdop><pdop>1.30</pdop><dgpsid>0000</dgpsid></trkpt>
<trkpt lat="28.564813166666667" lon="-114.06209500000001"><ele>50.5</ele><time>2025-12-18T01:07:32.000Z</time><extensions><gpxtpx:TrackPointExtension><gpxtpx:bearing>249.03</gpxtpx:bearing><gpxtpx:speed>5.399951</gpxtpx:speed></gpxtpx:TrackPointExtension></extensions><geoidheight>-35.6</geoidheight><src>gps</src><sat>16</sat><hdop>0.72</hdop><vdop>1.08</vdop><pdop>1.30</pdop><dgpsid>0000</dgpsid></trkpt>
<trkpt lat="28.564617833333333" lon="-114.06266933333333"><ele>49.6</ele><time>2025-12-18T01:07:43.000Z</time><extensions><gpxtpx:TrackPointExtension><gpxtpx:bearing>247.49</gpxtpx:bearing><gpxtpx:speed>5.0411897</gpxtpx:speed></gpxtpx:TrackPointExtension></extensions><geoidheight>-35.6</geoidheight><src>gps</src><sat>16</sat><hdop>0.73</hdop><vdop>1.08</vdop><pdop>1.30</pdop><dgpsid>0000</dgpsid></trkpt>
<trkpt lat="28.564461666666663" lon="-114.06308366666666"><ele>47.9</ele><time>2025-12-18T01:07:54.000Z</time><extensions><gpxtpx:TrackPointExtension><gpxtpx:bearing>241.78</gpxtpx:bearing><gpxtpx:speed>3.1176724</gpxtpx:speed></gpxtpx:TrackPointExtension></extensions><geoidheight>-35.6</geoidheight><src>gps</src><sat>16</sat><hdop>0.73</hdop><vdop>1.08</vdop><pdop>1.30</pdop><dgpsid>0000</dgpsid></trkpt>
<trkpt lat="28.56443" lon="-114.0634015"><ele>48.3</ele><time>2025-12-18T01:08:05.000Z</time><extensions><gpxtpx:TrackPointExtension><gpxtpx:bearing>270.9</gpxtpx:bearing><gpxtpx:speed>2.1268322</gpxtpx:speed></gpxtpx:TrackPointExtension></extensions><geoidheight>-35.6</geoidheight><src>gps</src><sat>16</sat><hdop>0.73</hdop><vdop>1.08</vdop><pdop>1.30</pdop><dgpsid>0000</dgpsid></trkpt>
<trkpt lat="28.56440733333333" lon="-114.06344883333334"><ele>45.5</ele><time>2025-12-18T01:08:38.000Z</time><extensions><gpxtpx:TrackPointExtension><gpxtpx:speed>0.031912778</gpxtpx:speed></gpxtpx:TrackPointExtension></extensions><geoidheight>-35.6</geoidheight><src>gps</src><sat>16</sat><hdop>0.76</hdop><vdop>1.10</vdop><pdop>1.33</pdop><dgpsid>0000</dgpsid></trkpt>
<trkpt lat="28.564372499999998" lon="-114.06385816666668"><ele>45.4</ele><time>2025-12-18T01:09:00.000Z</time><extensions><gpxtpx:TrackPointExtension><gpxtpx:bearing>259.74</gpxtpx:bearing><gpxtpx:speed>3.6365125</gpxtpx:speed></gpxtpx:TrackPointExtension></extensions><geoidheight>-35.6</geoidheight><src>gps</src><sat>16</sat><hdop>0.73</hdop><vdop>1.09</vdop><pdop>1.31</pdop><dgpsid>0000</dgpsid></trkpt>
<trkpt lat="28.56431" lon="-114.06424866666666"><ele>45.0</ele><time>2025-12-18T01:09:11.000Z</time><extensions><gpxtpx:TrackPointExtension><gpxtpx:bearing>255.73</gpxtpx:bearing><gpxtpx:speed>3.6035702</gpxtpx:speed></gpxtpx:TrackPointExtension></extensions><geoidheight>-35.6</geoidheight><src>gps</src><sat>16</sat><hdop>0.73</hdop><vdop>1.09</vdop><pdop>1.31</pdop><dgpsid>0000</dgpsid></trkpt>
<trkpt lat="28.56422916666667" lon="-114.06462716666668"><ele>44.2</ele><time>2025-12-18T01:09:22.000Z</time><extensions><gpxtpx:TrackPointExtension><gpxtpx:bearing>253.77</gpxtpx:bearing><gpxtpx:speed>3.4270205</gpxtpx:speed></gpxtpx:TrackPointExtension></extensions><geoidheight>-35.6</geoidheight><src>gps</src><sat>16</sat><hdop>0.73</hdop><vdop>1.09</vdop><pdop>1.31</pdop><dgpsid>0000</dgpsid></trkpt>
<trkpt lat="28.56414183333333" lon="-114.06500816666667"><ele>43.2</ele><time>2025-12-18T01:09:33.000Z</time><extensions><gpxtpx:TrackPointExtension><gpxtpx:bearing>249.73</gpxtpx:bearing><gpxtpx:speed>3.4640806</gpxtpx:speed></gpxtpx:TrackPointExtension></extensions><geoidheight>-35.6</geoidheight><src>gps</src><sat>16</sat><hdop>0.73</hdop><vdop>1.09</vdop><pdop>1.31</pdop><dgpsid>0000</dgpsid></trkpt>
<trkpt lat="28.564019666666663" lon="-114.06534116666666"><ele>44.2</ele><time>2025-12-18T01:09:44.000Z</time><extensions><gpxtpx:TrackPointExtension><gpxtpx:bearing>240.19</gpxtpx:bearing><gpxtpx:speed>2.9452405</gpxtpx:speed></gpxtpx:TrackPointExtension></extensions><geoidheight>-35.6</geoidheight><src>gps</src><sat>16</sat><hdop>0.73</hdop><vdop>1.09</vdop><pdop>1.32</pdop><dgpsid>0000</dgpsid></trkpt>
<trkpt lat="28.563823333333335" lon="-114.06563666666668"><ele>42.4</ele><time>2025-12-18T01:09:55.000Z</time><extensions><gpxtpx:TrackPointExtension><gpxtpx:bearing>235.72</gpxtpx:bearing><gpxtpx:speed>3.185101</gpxtpx:speed></gpxtpx:TrackPointExtension></extensions><geoidheight>-35.6</geoidheight><src>gps</src><sat>15</sat><hdop>0.76</hdop><vdop>1.10</vdop><pdop>1.33</pdop><dgpsid>0000</dgpsid></trkpt>
<trkpt lat="28.563766499999996" lon="-114.06596983333333"><ele>38.3</ele><time>2025-12-18T01:10:06.000Z</time><extensions><gpxtpx:TrackPointExtension><gpxtpx:bearing>267.66</gpxtpx:bearing><gpxtpx:speed>2.870606</gpxtpx:speed></gpxtpx:TrackPointExtension></extensions><geoidheight>-35.6</geoidheight><src>gps</src><sat>16</sat><hdop>0.74</hdop><vdop>1.09</vdop><pdop>1.32</pdop><dgpsid>0000</dgpsid></trkpt>
<trkpt lat="28.563769333333333" lon="-114.06631866666666"><ele>34.3</ele><time>2025-12-18T01:10:17.000Z</time><extensions><gpxtpx:TrackPointExtension><gpxtpx:bearing>266.72</gpxtpx:bearing><gpxtpx:speed>3.4234176</gpxtpx:speed></gpxtpx:TrackPointExtension></extensions><geoidheight>-35.6</geoidheight><src>gps</src><sat>16</sat><hdop>0.75</hdop><vdop>1.12</vdop><pdop>1.34</pdop><dgpsid>0000</dgpsid></trkpt>
<trkpt lat="28.563697499999996" lon="-114.06666483333332"><ele>31.8</ele><time>2025-12-18T01:10:28.000Z</time><extensions><gpxtpx:TrackPointExtension><gpxtpx:bearing>253.65</gpxtpx:bearing><gpxtpx:speed>2.7120714</gpxtpx:speed></gpxtpx:TrackPointExtension></extensions><geoidheight>-35.6</geoidheight><src>gps</src><sat>15</sat><hdop>0.75</hdop><vdop>1.12</vdop><pdop>1.35</pdop><dgpsid>0000</dgpsid></trkpt>
<trkpt lat="28.563611833333333" lon="-114.06698316666667"><ele>33.5</ele><time>2025-12-18T01:10:39.000Z</time><extensions><gpxtpx:TrackPointExtension><gpxtpx:bearing>244.73</gpxtpx:bearing><gpxtpx:speed>3.127967</gpxtpx:speed></gpxtpx:TrackPointExtension></extensions><geoidheight>-35.6</geoidheight><src>gps</src><sat>16</sat><hdop>0.74</hdop><vdop>1.10</vdop><pdop>1.32</pdop><dgpsid>0000</dgpsid></trkpt>
<trkpt lat="28.563467666666664" lon="-114.06736183333332"><ele>34.2</ele><time>2025-12-18T01:10:50.000Z</time><extensions><gpxtpx:TrackPointExtension><gpxtpx:bearing>245.39</gpxtpx:bearing><gpxtpx:speed>3.6586456</gpxtpx:speed></gpxtpx:TrackPointExtension></extensions><geoidheight>-35.6</geoidheight><src>gps</src><sat>16</sat><hdop>0.74</hdop><vdop>1.10</vdop><pdop>1.32</pdop><dgpsid>0000</dgpsid></trkpt>
<trkpt lat="28.563321166666665" lon="-114.06774583333332"><ele>34.0</ele><time>2025-12-18T01:11:01.000Z</time><extensions><gpxtpx:TrackPointExtension><gpxtpx:bearing>251.19</gpxtpx:bearing><gpxtpx:speed>3.8285038</gpxtpx:speed></gpxtpx:TrackPointExtension></extensions><geoidheight>-35.6</geoidheight><src>gps</src><sat>16</sat><hdop>0.76</hdop><vdop>1.10</vdop><pdop>1.34</pdop><dgpsid>0000</dgpsid></trkpt>
<trkpt lat="28.56324516666667" lon="-114.06818566666668"><ele>34.8</ele><time>2025-12-18T01:11:12.000Z</time><extensions><gpxtpx:TrackPointExtension><gpxtpx:bearing>264.04</gpxtpx:bearing><gpxtpx:speed>4.110057</gpxtpx:speed></gpxtpx:TrackPointExtension></extensions><geoidheight>-35.6</geoidheight><src>gps</src><sat>16</sat><hdop>0.74</hdop><vdop>1.10</vdop><pdop>1.33</pdop><dgpsid>0000</dgpsid></trkpt>
<trkpt lat="28.563207000000002" lon="-114.06864750000001"><ele>36.5</ele><time>2025-12-18T01:11:23.000Z</time><extensions><gpxtpx:TrackPointExtension><gpxtpx:bearing>259.05</gpxtpx:bearing><gpxtpx:speed>4.110057</gpxtpx:speed></gpxtpx:TrackPointExtension></extensions><geoidheight>-35.6</geoidheight><src>gps</src><sat>16</sat><hdop>0.74</hdop><vdop>1.10</vdop><pdop>1.33</pdop><dgpsid>0000</dgpsid></trkpt>
<trkpt lat="28.5631615" lon="-114.06908333333334"><ele>39.0</ele><time>2025-12-18T01:11:34.000Z</time><extensions><gpxtpx:TrackPointExtension><gpxtpx:bearing>254.92</gpxtpx:bearing><gpxtpx:speed>4.172853</gpxtpx:speed></gpxtpx:TrackPointExtension></extensions><geoidheight>-35.6</geoidheight><src>gps</src><sat>16</sat><hdop>0.74</hdop><vdop>1.10</vdop><pdop>1.33</pdop><dgpsid>0000</dgpsid></trkpt>
<trkpt lat="28.563048000000002" lon="-114.06953316666667"><ele>39.7</ele><time>2025-12-18T01:11:45.000Z</time><extensions><gpxtpx:TrackPointExtension><gpxtpx:bearing>252.74</gpxtpx:bearing><gpxtpx:speed>4.000421</gpxtpx:speed></gpxtpx:TrackPointExtension></extensions><geoidheight>-35.6</geoidheight><src>gps</src><sat>16</sat><hdop>0.74</hdop><vdop>1.10</vdop><pdop>1.33</pdop><dgpsid>0000</dgpsid></trkpt>
<trkpt lat="28.562934000000002" lon="-114.06995383333333"><ele>39.9</ele><time>2025-12-18T01:11:56.000Z</time><extensions><gpxtpx:TrackPointExtension><gpxtpx:bearing>252.33</gpxtpx:bearing><gpxtpx:speed>4.180574</gpxtpx:speed></gpxtpx:TrackPointExtension></extensions><geoidheight>-35.6</geoidheight><src>gps</src><sat>16</sat><hdop>0.74</hdop><vdop>1.10</vdop><pdop>1.33</pdop><dgpsid>0000</dgpsid></trkpt>
<trkpt lat="28.562804833333335" lon="-114.07040083333335"><ele>39.6</ele><time>2025-12-18T01:12:07.000Z</time><extensions><gpxtpx:TrackPointExtension><gpxtpx:bearing>252.53</gpxtpx:bearing><gpxtpx:speed>4.053952</gpxtpx:speed></gpxtpx:TrackPointExtension></extensions><geoidheight>-35.6</geoidheight><src>gps</src><sat>15</sat><hdop>0.77</hdop><vdop>1.26</vdop><pdop>1.47</pdop><dgpsid>0000</dgpsid></trkpt>
<trkpt lat="28.562649000000004" lon="-114.07086166666667"><ele>39.1</ele><time>2025-12-18T01:12:18.000Z</time><extensions><gpxtpx:TrackPointExtension><gpxtpx:bearing>252.12</gpxtpx:bearing><gpxtpx:speed>5.527087</gpxtpx:speed></gpxtpx:TrackPointExtension></extensions><geoidheight>-35.6</geoidheight><src>gps</src><sat>15</sat><hdop>0.77</hdop><vdop>1.26</vdop><pdop>1.48</pdop><dgpsid>0000</dgpsid></trkpt>
<trkpt lat="28.562487" lon="-114.07153216666666"><ele>38.5</ele><time>2025-12-18T01:12:29.000Z</time><extensions><gpxtpx:TrackPointExtension><gpxtpx:bearing>246.23</gpxtpx:bearing><gpxtpx:speed>6.200344</gpxtpx:speed></gpxtpx:TrackPointExtension></extensions><geoidheight>-35.6</geoidheight><src>gps</src><sat>15</sat><hdop>0.77</hdop><vdop>1.26</vdop><pdop>1.48</pdop><dgpsid>0000</dgpsid></trkpt>
<trkpt lat="28.562149166666668" lon="-114.07206550000001"><ele>36.3</ele><time>2025-12-18T01:12:40.000Z</time><extensions><gpxtpx:TrackPointExtension><gpxtpx:bearing>229.48</gpxtpx:bearing><gpxtpx:speed>5.507528</gpxtpx:speed></gpxtpx:TrackPointExtension></extensions><geoidheight>-35.6</geoidheight><src>gps</src><sat>15</sat><hdop>0.83</hdop><vdop>1.33</vdop><pdop>1.57</pdop><dgpsid>0000</dgpsid></trkpt>
<trkpt lat="28.561742666666667" lon="-114.0725375"><ele>34.1</ele><time>2025-12-18T01:12:51.000Z</time><extensions><gpxtpx:TrackPointExtension><gpxtpx:bearing>224.94</gpxtpx:bearing><gpxtpx:speed>5.601722</gpxtpx:speed></gpxtpx:TrackPointExtension></extensions><geoidheight>-35.6</geoidheight><src>gps</src><sat>15</sat><hdop>0.77</hdop><vdop>1.27</vdop><pdop>1.48</pdop><dgpsid>0000</dgpsid></trkpt>
<trkpt lat="28.561314" lon="-114.0729695"><ele>36.2</ele><time>2025-12-18T01:13:02.000Z</time><extensions><gpxtpx:TrackPointExtension><gpxtpx:bearing>217.89</gpxtpx:bearing><gpxtpx:speed>5.9033494</gpxtpx:speed></gpxtpx:TrackPointExtension></extensions><geoidheight>-35.6</geoidheight><src>gps</src><sat>15</sat><hdop>0.77</hdop><vdop>1.27</vdop><pdop>1.49</pdop><dgpsid>0000</dgpsid></trkpt>
<trkpt lat="28.560842499999996" lon="-114.07341783333335"><ele>36.0</ele><time>2025-12-18T01:13:13.000Z</time><extensions><gpxtpx:TrackPointExtension><gpxtpx:bearing>220.55</gpxtpx:bearing><gpxtpx:speed>6.4942503</gpxtpx:speed></gpxtpx:TrackPointExtension></extensions><geoidheight>-35.6</geoidheight><src>gps</src><sat>15</sat><hdop>0.81</hdop><vdop>1.31</vdop><pdop>1.54</pdop><dgpsid>0000</dgpsid></trkpt>
<trkpt lat="28.560336666666664" lon="-114.07390133333335"><ele>34.5</ele><time>2025-12-18T01:13:24.000Z</time><extensions><gpxtpx:TrackPointExtension><gpxtpx:bearing>220.81</gpxtpx:bearing><gpxtpx:speed>6.7974215</gpxtpx:speed></gpxtpx:TrackPointExtension></extensions><geoidheight>-35.6</geoidheight><src>gps</src><sat>14</sat><hdop>0.78</hdop><vdop>1.27</vdop><pdop>1.49</pdop><dgpsid>0000</dgpsid></trkpt>
<trkpt lat="28.55982033333333" lon="-114.07439083333333"><ele>33.6</ele><time>2025-12-18T01:13:35.000Z</time><extensions><gpxtpx:TrackPointExtension><gpxtpx:bearing>218.99</gpxtpx:bearing><gpxtpx:speed>6.873086</gpxtpx:speed></gpxtpx:TrackPointExtension></extensions><geoidheight>-35.6</geoidheight><src>gps</src><sat>13</sat><hdop>0.83</hdop><vdop>1.41</vdop><pdop>1.63</pdop><dgpsid>0000</dgpsid></trkpt>
<trkpt lat="28.55932716666667" lon="-114.07481950000002"><ele>32.8</ele><time>2025-12-18T01:13:46.000Z</time><extensions><gpxtpx:TrackPointExtension><gpxtpx:bearing>217.82</gpxtpx:bearing><gpxtpx:speed>5.2146506</gpxtpx:speed></gpxtpx:TrackPointExtension></extensions><geoidheight>-35.6</geoidheight><src>gps</src><sat>15</sat><hdop>0.78</hdop><vdop>1.28</vdop><pdop>1.49</pdop><dgpsid>0000</dgpsid></trkpt>
<trkpt lat="28.5588775" lon="-114.07519883333335"><ele>32.9</ele><time>2025-12-18T01:13:57.000Z</time><extensions><gpxtpx:TrackPointExtension><gpxtpx:bearing>215.98</gpxtpx:bearing><gpxtpx:speed>6.059825</gpxtpx:speed></gpxtpx:TrackPointExtension></extensions><geoidheight>-35.6</geoidheight><src>gps</src><sat>15</sat><hdop>0.78</hdop><vdop>1.28</vdop><pdop>1.50</pdop><dgpsid>0000</dgpsid></trkpt>
<trkpt lat="28.558397333333332" lon="-114.07559933333332"><ele>31.1</ele><time>2025-12-18T01:14:08.000Z</time><extensions><gpxtpx:TrackPointExtension><gpxtpx:bearing>216.27</gpxtpx:bearing><gpxtpx:speed>5.7401824</gpxtpx:speed></gpxtpx:TrackPointExtension></extensions><geoidheight>-35.6</geoidheight><src>gps</src><sat>15</sat><hdop>0.78</hdop><vdop>1.28</vdop><pdop>1.50</pdop><dgpsid>0000</dgpsid></trkpt>
<trkpt lat="28.55799366666667" lon="-114.07597849999999"><ele>30.7</ele><time>2025-12-18T01:14:19.000Z</time><extensions><gpxtpx:TrackPointExtension><gpxtpx:bearing>219.18</gpxtpx:bearing><gpxtpx:speed>5.6773863</gpxtpx:speed></gpxtpx:TrackPointExtension></extensions><geoidheight>-35.6</geoidheight><src>gps</src><sat>14</sat><hdop>0.82</hdop><vdop>1.32</vdop><pdop>1.56</pdop><dgpsid>0000</dgpsid></trkpt>
<trkpt lat="28.55753233333333" lon="-114.07638966666667"><ele>29.2</ele><time>2025-12-18T01:14:30.000Z</time><extensions><gpxtpx:TrackPointExtension><gpxtpx:bearing>215.36</gpxtpx:bearing><gpxtpx:speed>6.169461</gpxtpx:speed></gpxtpx:TrackPointExtension></extensions><geoidheight>-35.6</geoidheight><src>gps</src><sat>15</sat><hdop>0.78</hdop><vdop>1.28</vdop><pdop>1.50</pdop><dgpsid>0000</dgpsid></trkpt>
<trkpt lat="28.557037666666663" lon="-114.07680299999998"><ele>28.4</ele><time>2025-12-18T01:14:41.000Z</time><extensions><gpxtpx:TrackPointExtension><gpxtpx:bearing>215.53</gpxtpx:bearing><gpxtpx:speed>6.7583027</gpxtpx:speed></gpxtpx:TrackPointExtension></extensions><geoidheight>-35.6</geoidheight><src>gps</src><sat>15</sat><hdop>0.78</hdop><vdop>1.29</vdop><pdop>1.51</pdop><dgpsid>0000</dgpsid></trkpt>
<trkpt lat="28.556474499999997" lon="-114.07725649999999"><ele>27.7</ele><time>2025-12-18T01:14:52.000Z</time><extensions><gpxtpx:TrackPointExtension><gpxtpx:bearing>214.16</gpxtpx:bearing><gpxtpx:speed>7.05993</gpxtpx:speed></gpxtpx:TrackPointExtension></extensions><geoidheight>-35.6</geoidheight><src>gps</src><sat>16</sat><hdop>0.68</hdop><vdop>0.99</vdop><pdop>1.20</pdop><dgpsid>0000</dgpsid></trkpt>
<trkpt lat="28.555912666666668" lon="-114.07777633333332"><ele>27.6</ele><time>2025-12-18T01:15:03.000Z</time><extensions><gpxtpx:TrackPointExtension><gpxtpx:bearing>220.23</gpxtpx:bearing><gpxtpx:speed>7.456781</gpxtpx:speed></gpxtpx:TrackPointExtension></extensions><geoidheight>-35.6</geoidheight><src>gps</src><sat>16</sat><hdop>0.68</hdop><vdop>0.99</vdop><pdop>1.20</pdop><dgpsid>0000</dgpsid></trkpt>
<trkpt lat="28.55536083333333" lon="-114.07833166666666"><ele>27.3</ele><time>2025-12-18T01:15:14.000Z</time><extensions><gpxtpx:TrackPointExtension><gpxtpx:bearing>224.21</gpxtpx:bearing><gpxtpx:speed>7.4614134</gpxtpx:speed></gpxtpx:TrackPointExtension></extensions><geoidheight>-35.6</geoidheight><src>gps</src><sat>16</sat><hdop>0.68</hdop><vdop>0.99</vdop><pdop>1.20</pdop><dgpsid>0000</dgpsid></trkpt>
<trkpt lat="28.554831166666666" lon="-114.07891233333334"><ele>26.3</ele><time>2025-12-18T01:15:25.000Z</time><extensions><gpxtpx:TrackPointExtension><gpxtpx:bearing>223.15</gpxtpx:bearing><gpxtpx:speed>7.674508</gpxtpx:speed></gpxtpx:TrackPointExtension></extensions><geoidheight>-35.6</geoidheight><src>gps</src><sat>16</sat><hdop>0.68</hdop><vdop>1.00</vdop><pdop>1.20</pdop><dgpsid>0000</dgpsid></trkpt>
<trkpt lat="28.55425266666667" lon="-114.07951416666668"><ele>26.0</ele><time>2025-12-18T01:15:36.000Z</time><extensions><gpxtpx:TrackPointExtension><gpxtpx:bearing>223.65</gpxtpx:bearing><gpxtpx:speed>8.125919</gpxtpx:speed></gpxtpx:TrackPointExtension></extensions><geoidheight>-35.6</geoidheight><src>gps</src><sat>15</sat><hdop>0.71</hdop><vdop>1.00</vdop><pdop>1.22</pdop><dgpsid>0000</dgpsid></trkpt>
<trkpt lat="28.55363033333333" lon="-114.080193"><ele>25.3</ele><time>2025-12-18T01:15:47.000Z</time><extensions><gpxtpx:TrackPointExtension><gpxtpx:bearing>223.81</gpxtpx:bearing><gpxtpx:speed>9.50692</gpxtpx:speed></gpxtpx:TrackPointExtension></extensions><geoidheight>-35.6</geoidheight><src>gps</src><sat>14</sat><hdop>0.73</hdop><vdop>1.00</vdop><pdop>1.24</pdop><dgpsid>0000</dgpsid></trkpt>
<trkpt lat="28.552975999999997" lon="-114.08084316666667"><ele>24.1</ele><time>2025-12-18T01:15:58.000Z</time><extensions><gpxtpx:TrackPointExtension><gpxtpx:bearing>220.35</gpxtpx:bearing><gpxtpx:speed>8.8769</gpxtpx:speed></gpxtpx:TrackPointExtension></extensions><geoidheight>-35.6</geoidheight><src>gps</src><sat>15</sat><hdop>0.71</hdop><vdop>1.00</vdop><pdop>1.23</pdop><dgpsid>0000</dgpsid></trkpt>
<trkpt lat="28.552318333333332" lon="-114.0815035"><ele>23.0</ele><time>2025-12-18T01:16:09.000Z</time><extensions><gpxtpx:TrackPointExtension><gpxtpx:bearing>220.71</gpxtpx:bearing><gpxtpx:speed>8.487255</gpxtpx:speed></gpxtpx:TrackPointExtension></extensions><geoidheight>-35.6</geoidheight><src>gps</src><sat>16</sat><hdop>0.66</hdop><vdop>0.86</vdop><pdop>1.08</pdop><dgpsid>0000</dgpsid></trkpt>
<trkpt lat="28.551726666666664" lon="-114.08207616666665"><ele>21.4</ele><time>2025-12-18T01:16:20.000Z</time><extensions><gpxtpx:TrackPointExtension><gpxtpx:bearing>219.8</gpxtpx:bearing><gpxtpx:speed>7.4089117</gpxtpx:speed></gpxtpx:TrackPointExtension></extensions><geoidheight>-35.6</geoidheight><src>gps</src><sat>15</sat><hdop>0.72</hdop><vdop>0.86</vdop><pdop>1.12</pdop><dgpsid>0000</dgpsid></trkpt>
<trkpt lat="28.5511625" lon="-114.08262666666666"><ele>21.3</ele><time>2025-12-18T01:16:31.000Z</time><extensions><gpxtpx:TrackPointExtension><gpxtpx:bearing>221.43</gpxtpx:bearing><gpxtpx:speed>7.480973</gpxtpx:speed></gpxtpx:TrackPointExtension></extensions><geoidheight>-35.6</geoidheight><src>gps</src><sat>15</sat><hdop>0.72</hdop><vdop>0.87</vdop><pdop>1.12</pdop><dgpsid>0000</dgpsid></trkpt>
<trkpt lat="28.550619833333332" lon="-114.08312550000001"><ele>20.9</ele><time>2025-12-18T01:16:42.000Z</time><extensions><gpxtpx:TrackPointExtension><gpxtpx:bearing>218.75</gpxtpx:bearing><gpxtpx:speed>6.8905864</gpxtpx:speed></gpxtpx:TrackPointExtension></extensions><geoidheight>-35.6</geoidheight><src>gps</src><sat>15</sat><hdop>0.72</hdop><vdop>0.87</vdop><pdop>1.12</pdop><dgpsid>0000</dgpsid></trkpt>
<trkpt lat="28.55003883333333" lon="-114.0836935"><ele>20.3</ele><time>2025-12-18T01:16:53.000Z</time><extensions><gpxtpx:TrackPointExtension><gpxtpx:bearing>220.69</gpxtpx:bearing><gpxtpx:speed>8.537698</gpxtpx:speed></gpxtpx:TrackPointExtension></extensions><geoidheight>-35.6</geoidheight><src>gps</src><sat>16</sat><hdop>0.65</hdop><vdop>0.83</vdop><pdop>1.06</pdop><dgpsid>0000</dgpsid></trkpt>
<trkpt lat="28.549411166666665" lon="-114.08431100000001"><ele>19.1</ele><time>2025-12-18T01:17:04.000Z</time><extensions><gpxtpx:TrackPointExtension><gpxtpx:bearing>220.88</gpxtpx:bearing><gpxtpx:speed>8.388943</gpxtpx:speed></gpxtpx:TrackPointExtension></extensions><geoidheight>-35.6</geoidheight><src>gps</src><sat>16</sat><hdop>0.65</hdop><vdop>0.84</vdop><pdop>1.06</pdop><dgpsid>0000</dgpsid></trkpt>
<trkpt lat="28.54879133333333" lon="-114.08491616666667"><ele>18.1</ele><time>2025-12-18T01:17:15.000Z</time><extensions><gpxtpx:TrackPointExtension><gpxtpx:bearing>218.52</gpxtpx:bearing><gpxtpx:speed>8.064153</gpxtpx:speed></gpxtpx:TrackPointExtension></extensions><geoidheight>-35.6</geoidheight><src>gps</src><sat>16</sat><hdop>0.65</hdop><vdop>0.84</vdop><pdop>1.06</pdop><dgpsid>0000</dgpsid></trkpt>
<trkpt lat="28.548180666666667" lon="-114.08534033333332"><ele>17.5</ele><time>2025-12-18T01:17:26.000Z</time><extensions><gpxtpx:TrackPointExtension><gpxtpx:bearing>208.21</gpxtpx:bearing><gpxtpx:speed>7.1206675</gpxtpx:speed></gpxtpx:TrackPointExtension></extensions><geoidheight>-35.6</geoidheight><src>gps</src><sat>16</sat><hdop>0.62</hdop><vdop>0.84</vdop><pdop>1.04</pdop><dgpsid>0000</dgpsid></trkpt>
<trkpt lat="28.547556666666665" lon="-114.08575983333334"><ele>16.5</ele><time>2025-12-18T01:17:37.000Z</time><extensions><gpxtpx:TrackPointExtension><gpxtpx:bearing>211.04</gpxtpx:bearing><gpxtpx:speed>7.478914</gpxtpx:speed></gpxtpx:TrackPointExtension></extensions><geoidheight>-35.6</geoidheight><src>gps</src><sat>15</sat><hdop>0.66</hdop><vdop>0.87</vdop><pdop>1.09</pdop><dgpsid>0000</dgpsid></trkpt>
<trkpt lat="28.5469845" lon="-114.08626516666666"><ele>14.5</ele><time>2025-12-18T01:17:48.000Z</time><extensions><gpxtpx:TrackPointExtension><gpxtpx:bearing>213.0</gpxtpx:bearing><gpxtpx:speed>7.5489163</gpxtpx:speed></gpxtpx:TrackPointExtension></extensions><geoidheight>-35.6</geoidheight><src>gps</src><sat>16</sat><hdop>0.65</hdop><vdop>0.84</vdop><pdop>1.06</pdop><dgpsid>0000</dgpsid></trkpt>
<trkpt lat="28.546452833333333" lon="-114.08680199999999"><ele>13.0</ele><time>2025-12-18T01:17:59.000Z</time><extensions><gpxtpx:TrackPointExtension><gpxtpx:bearing>231.26</gpxtpx:bearing><gpxtpx:speed>6.9816923</gpxtpx:speed></gpxtpx:TrackPointExtension></extensions><geoidheight>-35.6</geoidheight><src>gps</src><sat>15</sat><hdop>0.69</hdop><vdop>0.87</vdop><pdop>1.11</pdop><dgpsid>0000</dgpsid></trkpt>
<trkpt lat="28.546184499999995" lon="-114.08733033333334"><ele>8.8</ele><time>2025-12-18T01:18:10.000Z</time><extensions><gpxtpx:TrackPointExtension><gpxtpx:bearing>236.55</gpxtpx:bearing><gpxtpx:speed>3.3431208</gpxtpx:speed></gpxtpx:TrackPointExtension></extensions><geoidheight>-35.6</geoidheight><src>gps</src><sat>15</sat><hdop>0.68</hdop><vdop>1.01</vdop><pdop>1.22</pdop><dgpsid>0000</dgpsid></trkpt>
<trkpt lat="28.546083833333334" lon="-114.08744700000001"><ele>7.0</ele><time>2025-12-18T01:18:21.000Z</time><extensions><gpxtpx:TrackPointExtension><gpxtpx:speed>0.06691389</gpxtpx:speed></gpxtpx:TrackPointExtension></extensions><geoidheight>-35.6</geoidheight><src>gps</src><sat>16</sat><hdop>0.68</hdop><vdop>1.01</vdop><pdop>1.22</pdop><dgpsid>0000</dgpsid></trkpt>
<trkpt lat="28.5460475" lon="-114.08748783333334"><ele>9.0</ele><time>2025-12-18T01:20:33.000Z</time><extensions><gpxtpx:TrackPointExtension><gpxtpx:bearing>234.33</gpxtpx:bearing><gpxtpx:speed>1.819543</gpxtpx:speed></gpxtpx:TrackPointExtension></extensions><geoidheight>-35.6</geoidheight><src>gps</src><sat>16</sat><hdop>0.69</hdop><vdop>1.02</vdop><pdop>1.23</pdop><dgpsid>0000</dgpsid></trkpt>
<trkpt lat="28.545926166666664" lon="-114.08773850000001"><ele>7.2</ele><time>2025-12-18T01:20:44.000Z</time><extensions><gpxtpx:TrackPointExtension><gpxtpx:bearing>240.29</gpxtpx:bearing><gpxtpx:speed>2.234409</gpxtpx:speed></gpxtpx:TrackPointExtension></extensions><geoidheight>-35.6</geoidheight><src>gps</src><sat>16</sat><hdop>0.69</hdop><vdop>1.03</vdop><pdop>1.23</pdop><dgpsid>0000</dgpsid></trkpt>
<trkpt lat="28.545821999999998" lon="-114.088053"><ele>6.4</ele><time>2025-12-18T01:20:55.000Z</time><extensions><gpxtpx:TrackPointExtension><gpxtpx:bearing>254.65</gpxtpx:bearing><gpxtpx:speed>2.8181043</gpxtpx:speed></gpxtpx:TrackPointExtension></extensions><geoidheight>-35.6</geoidheight><src>gps</src><sat>16</sat><hdop>0.69</hdop><vdop>1.03</vdop><pdop>1.23</pdop><dgpsid>0000</dgpsid></trkpt>
<trkpt lat="28.54572466666667" lon="-114.0884025"><ele>5.3</ele><time>2025-12-18T01:21:06.000Z</time><extensions><gpxtpx:TrackPointExtension><gpxtpx:bearing>238.81</gpxtpx:bearing><gpxtpx:speed>3.676146</gpxtpx:speed></gpxtpx:TrackPointExtension></extensions><geoidheight>-35.6</geoidheight><src>gps</src><sat>16</sat><hdop>0.69</hdop><vdop>1.03</vdop><pdop>1.24</pdop><dgpsid>0000</dgpsid></trkpt>
<trkpt lat="28.54542333333333" lon="-114.08870233333333"><ele>3.9</ele><time>2025-12-18T01:21:17.000Z</time><extensions><gpxtpx:TrackPointExtension><gpxtpx:bearing>223.75</gpxtpx:bearing><gpxtpx:speed>4.3447704</gpxtpx:speed></gpxtpx:TrackPointExtension></extensions><geoidheight>-35.6</geoidheight><src>gps</src><sat>14</sat><hdop>0.75</hdop><vdop>1.16</vdop><pdop>1.38</pdop><dgpsid>0000</dgpsid></trkpt>
<trkpt lat="28.545191999999997" lon="-114.0890815"><ele>2.4</ele><time>2025-12-18T01:21:28.000Z</time><extensions><gpxtpx:TrackPointExtension><gpxtpx:bearing>241.92</gpxtpx:bearing><gpxtpx:speed>3.7723992</gpxtpx:speed></gpxtpx:TrackPointExtension></extensions><geoidheight>-35.6</geoidheight><src>gps</src><sat>15</sat><hdop>0.75</hdop><vdop>1.09</vdop><pdop>1.33</pdop><dgpsid>0000</dgpsid></trkpt>
<trkpt lat="28.544932000000003" lon="-114.08940249999999"><ele>2.2</ele><time>2025-12-18T01:21:39.000Z</time><extensions><gpxtpx:TrackPointExtension><gpxtpx:bearing>221.59</gpxtpx:bearing><gpxtpx:speed>3.9144626</gpxtpx:speed></gpxtpx:TrackPointExtension></extensions><geoidheight>-35.6</geoidheight><src>gps</src><sat>15</sat><hdop>0.73</hdop><vdop>1.09</vdop><pdop>1.31</pdop><dgpsid>0000</dgpsid></trkpt>
<trkpt lat="28.544699833333333" lon="-114.08972416666666"><ele>1.4</ele><time>2025-12-18T01:21:50.000Z</time><extensions><gpxtpx:TrackPointExtension><gpxtpx:bearing>237.45</gpxtpx:bearing><gpxtpx:speed>3.5345974</gpxtpx:speed></gpxtpx:TrackPointExtension></extensions><geoidheight>-35.6</geoidheight><src>gps</src><sat>15</sat><hdop>0.69</hdop><vdop>1.03</vdop><pdop>1.24</pdop><dgpsid>0000</dgpsid></trkpt>
<trkpt lat="28.544540666666663" lon="-114.08999"><ele>1.6</ele><time>2025-12-18T01:22:01.000Z</time><extensions><gpxtpx:TrackPointExtension><gpxtpx:speed>0.03911889</gpxtpx:speed></gpxtpx:TrackPointExtension></extensions><geoidheight>-35.6</geoidheight><src>gps</src><sat>13</sat><hdop>0.79</hdop><vdop>1.18</vdop><pdop>1.42</pdop><dgpsid>0000</dgpsid></trkpt>
<trkpt lat="28.544448333333335" lon="-114.0901565"><ele>2.9</ele><time>2025-12-18T01:22:45.000Z</time><extensions><gpxtpx:TrackPointExtension><gpxtpx:bearing>244.13</gpxtpx:bearing><gpxtpx:speed>3.043038</gpxtpx:speed></gpxtpx:TrackPointExtension></extensions><geoidheight>-35.6</geoidheight><src>gps</src><sat>15</sat><hdop>0.71</hdop><vdop>1.04</vdop><pdop>1.26</pdop><dgpsid>0000</dgpsid></trkpt>
<trkpt lat="28.544350500000004" lon="-114.09045749999999"><ele>2.8</ele><time>2025-12-18T01:22:56.000Z</time><extensions><gpxtpx:TrackPointExtension><gpxtpx:bearing>253.49</gpxtpx:bearing><gpxtpx:speed>1.8339553</gpxtpx:speed></gpxtpx:TrackPointExtension></extensions><geoidheight>-35.6</geoidheight><src>gps</src><sat>16</sat><hdop>0.62</hdop><vdop>0.86</vdop><pdop>1.06</pdop><dgpsid>0000</dgpsid></trkpt>
<trkpt lat="28.544226000000002" lon="-114.09066983333332"><ele>3.0</ele><time>2025-12-18T01:23:29.000Z</time><extensions><gpxtpx:TrackPointExtension><gpxtpx:bearing>238.91</gpxtpx:bearing><gpxtpx:speed>4.52132</gpxtpx:speed></gpxtpx:TrackPointExtension></extensions><geoidheight>-35.6</geoidheight><src>gps</src><sat>16</sat><hdop>0.62</hdop><vdop>0.86</vdop><pdop>1.06</pdop><dgpsid>0000</dgpsid></trkpt>
<trkpt lat="28.543981500000005" lon="-114.09122216666668"><ele>2.5</ele><time>2025-12-18T01:23:40.000Z</time><extensions><gpxtpx:TrackPointExtension><gpxtpx:bearing>244.9</gpxtpx:bearing><gpxtpx:speed>5.0422187</gpxtpx:speed></gpxtpx:TrackPointExtension></extensions><geoidheight>-35.6</geoidheight><src>gps</src><sat>16</sat><hdop>0.62</hdop><vdop>0.86</vdop><pdop>1.06</pdop><dgpsid>0000</dgpsid></trkpt>
<trkpt lat="28.54374683333333" lon="-114.09178033333335"><ele>1.8</ele><time>2025-12-18T01:23:51.000Z</time><extensions><gpxtpx:TrackPointExtension><gpxtpx:bearing>243.66</gpxtpx:bearing><gpxtpx:speed>6.072178</gpxtpx:speed></gpxtpx:TrackPointExtension></extensions><geoidheight>-35.6</geoidheight><src>gps</src><sat>16</sat><hdop>0.62</hdop><vdop>0.86</vdop><pdop>1.06</pdop><dgpsid>0000</dgpsid></trkpt>
<trkpt lat="28.543484333333335" lon="-114.09241166666668"><ele>2.0</ele><time>2025-12-18T01:24:02.000Z</time><extensions><gpxtpx:TrackPointExtension><gpxtpx:bearing>246.81</gpxtpx:bearing><gpxtpx:speed>5.867833</gpxtpx:speed></gpxtpx:TrackPointExtension></extensions><geoidheight>-35.6</geoidheight><src>gps</src><sat>16</sat><hdop>0.60</hdop><vdop>0.81</vdop><pdop>1.01</pdop><dgpsid>0000</dgpsid></trkpt>
<trkpt lat="28.543308166666666" lon="-114.09297683333334"><ele>1.9</ele><time>2025-12-18T01:24:13.000Z</time><extensions><gpxtpx:TrackPointExtension><gpxtpx:bearing>248.89</gpxtpx:bearing><gpxtpx:speed>5.0262623</gpxtpx:speed></gpxtpx:TrackPointExtension></extensions><geoidheight>-35.6</geoidheight><src>gps</src><sat>16</sat><hdop>0.60</hdop><vdop>0.81</vdop><pdop>1.01</pdop><dgpsid>0000</dgpsid></trkpt>
<trkpt lat="28.543188333333333" lon="-114.09333066666667"><ele>1.8</ele><time>2025-12-18T01:24:24.000Z</time><extensions><gpxtpx:TrackPointExtension><gpxtpx:bearing>256.91</gpxtpx:bearing><gpxtpx:speed>1.4978417</gpxtpx:speed></gpxtpx:TrackPointExtension></extensions><geoidheight>-35.6</geoidheight><src>gps</src><sat>16</sat><hdop>0.60</hdop><vdop>0.82</vdop><pdop>1.01</pdop><dgpsid>0000</dgpsid></trkpt>
<trkpt lat="28.543198" lon="-114.09350500000001"><ele>3.4</ele><time>2025-12-18T01:24:35.000Z</time><extensions><gpxtpx:TrackPointExtension><gpxtpx:bearing>255.77</gpxtpx:bearing><gpxtpx:speed>1.2404805</gpxtpx:speed></gpxtpx:TrackPointExtension></extensions><geoidheight>-35.6</geoidheight><src>gps</src><sat>17</sat><hdop>0.60</hdop><vdop>0.82</vdop><pdop>1.02</pdop><dgpsid>0000</dgpsid></trkpt>
<trkpt lat="28.543222333333333" lon="-114.09356033333333"><ele>3.4</ele><time>2025-12-18T01:24:46.000Z</time><extensions><gpxtpx:TrackPointExtension><gpxtpx:bearing>333.83</gpxtpx:bearing><gpxtpx:speed>0.8776014</gpxtpx:speed></gpxtpx:TrackPointExtension></extensions><geoidheight>-35.6</geoidheight><src>gps</src><sat>16</sat><hdop>0.62</hdop><vdop>0.84</vdop><pdop>1.05</pdop><dgpsid>0000</dgpsid></trkpt>
<trkpt lat="28.543318833333334" lon="-114.09354083333334"><ele>3.3</ele><time>2025-12-18T01:24:57.000Z</time><extensions><gpxtpx:TrackPointExtension><gpxtpx:bearing>41.3</gpxtpx:bearing><gpxtpx:speed>1.0356212</gpxtpx:speed></gpxtpx:TrackPointExtension></extensions><geoidheight>-35.6</geoidheight><src>gps</src><sat>16</sat><hdop>0.61</hdop><vdop>0.84</vdop><pdop>1.04</pdop><dgpsid>0000</dgpsid></trkpt>
<trkpt lat="28.543337333333337" lon="-114.09347449999999"><ele>3.8</ele><time>2025-12-18T01:25:08.000Z</time><extensions><gpxtpx:TrackPointExtension><gpxtpx:speed>0.06279611</gpxtpx:speed></gpxtpx:TrackPointExtension></extensions><geoidheight>-35.6</geoidheight><src>gps</src><sat>17</sat><hdop>0.63</hdop><vdop>0.85</vdop><pdop>1.05</pdop><dgpsid>0000</dgpsid></trkpt>
<trkpt lat="28.543308333333336" lon="-114.09351733333332"><ele>3.1</ele><time>2025-12-18T01:25:41.000Z</time><extensions><gpxtpx:TrackPointExtension><gpxtpx:bearing>222.54</gpxtpx:bearing><gpxtpx:speed>0.71443444</gpxtpx:speed></gpxtpx:TrackPointExtension></extensions><geoidheight>-35.6</geoidheight><src>gps</src><sat>17</sat><hdop>0.63</hdop><vdop>0.88</vdop><pdop>1.08</pdop><dgpsid>0000</dgpsid></trkpt>
<trkpt lat="28.543233499999996" lon="-114.0934525"><ele>4.9</ele><time>2025-12-18T01:26:03.000Z</time><extensions><gpxtpx:TrackPointExtension><gpxtpx:bearing>175.95</gpxtpx:bearing><gpxtpx:speed>0.3031714</gpxtpx:speed></gpxtpx:TrackPointExtension></extensions><geoidheight>-35.6</geoidheight><src>gps</src><sat>16</sat><hdop>0.60</hdop><vdop>0.82</vdop><pdop>1.02</pdop><dgpsid>0000</dgpsid></trkpt>
<trkpt lat="28.543173499999998" lon="-114.09334566666666"><ele>4.7</ele><time>2025-12-18T01:26:14.000Z</time><extensions><gpxtpx:TrackPointExtension><gpxtpx:bearing>86.89</gpxtpx:bearing><gpxtpx:speed>1.3928384</gpxtpx:speed></gpxtpx:TrackPointExtension></extensions><geoidheight>-35.6</geoidheight><src>gps</src><sat>16</sat><hdop>0.60</hdop><vdop>0.82</vdop><pdop>1.02</pdop><dgpsid>0000</dgpsid></trkpt>
<trkpt lat="28.543191666666665" lon="-114.09341133333334"><ele>3.4</ele><time>2025-12-18T01:26:36.000Z</time><extensions><gpxtpx:TrackPointExtension><gpxtpx:bearing>282.5</gpxtpx:bearing><gpxtpx:speed>0.2177275</gpxtpx:speed></gpxtpx:TrackPointExtension></extensions><geoidheight>-35.6</geoidheight><src>gps</src><sat>17</sat><hdop>0.62</hdop><vdop>0.85</vdop><pdop>1.05</pdop><dgpsid>0000</dgpsid></trkpt>
<trkpt lat="28.543177500000002" lon="-114.09346433333333"><ele>3.5</ele><time>2025-12-18T01:26:47.000Z</time><extensions><gpxtpx:TrackPointExtension><gpxtpx:bearing>249.71</gpxtpx:bearing><gpxtpx:speed>0.42258695</gpxtpx:speed></gpxtpx:TrackPointExtension></extensions><geoidheight>-35.6</geoidheight><src>gps</src><sat>16</sat><hdop>0.60</hdop><vdop>0.83</vdop><pdop>1.02</pdop><dgpsid>0000</dgpsid></trkpt>
<trkpt lat="28.543171666666662" lon="-114.09352566666666"><ele>4.7</ele><time>2025-12-18T01:27:09.000Z</time><extensions><gpxtpx:TrackPointExtension><gpxtpx:bearing>279.24</gpxtpx:bearing><gpxtpx:speed>0.6274464</gpxtpx:speed></gpxtpx:TrackPointExtension></extensions><geoidheight>-35.6</geoidheight><src>gps</src><sat>17</sat><hdop>0.68</hdop><vdop>0.99</vdop><pdop>1.20</pdop><dgpsid>0000</dgpsid></trkpt>
<trkpt lat="28.54319466666667" lon="-114.09357999999999"><ele>1.5</ele><time>2025-12-18T01:27:53.000Z</time><extensions><gpxtpx:TrackPointExtension><gpxtpx:speed>0.0056619444</gpxtpx:speed></gpxtpx:TrackPointExtension></extensions><geoidheight>-35.6</geoidheight><src>gps</src><sat>16</sat><hdop>0.69</hdop><vdop>0.99</vdop><pdop>1.21</pdop><dgpsid>0000</dgpsid></trkpt>
</trkseg></trk></gpx>