<?xml version="1.0" encoding="UTF-8"?><kml xmlns="http://www.opengis.net/kml/2.2" xmlns:gx="http://www.google.com/kml/ext/2.2" xmlns:kml="http://www.opengis.net/kml/2.2" xmlns:atom="http://www.w3.org/2005/Atom"><Document><name>2025-12-07T21:35:12.000Z</name>
<Placemark>
<gx:Track>

<when>2025-12-07T21:35:12.000Z</when>
<gx:coord>-100.81251516666667 30.55413583333333 678.7</gx:coord>

<when>2025-12-07T21:37:14.000Z</when>
<gx:coord>-100.8124985 30.554085999999998 676.3</gx:coord>

<when>2025-12-07T21:37:36.000Z</when>
<gx:coord>-100.81239466666666 30.55405316666667 674.9</gx:coord>

<when>2025-12-07T21:37:47.000Z</when>
<gx:coord>-100.81230400000001 30.554082333333334 673.5</gx:coord>

<when>2025-12-07T21:37:58.000Z</when>
<gx:coord>-100.81220466666667 30.554105166666666 668.7</gx:coord>

<when>2025-12-07T21:38:09.000Z</when>
<gx:coord>-100.81210633333333 30.55417166666667 666.4</gx:coord>

<when>2025-12-07T21:38:20.000Z</when>
<gx:coord>-100.81207666666666 30.554212833333334 664.4</gx:coord>

<when>2025-12-07T21:38:31.000Z</when>
<gx:coord>-100.81206766666668 30.55425866666667 667.0</gx:coord>

<when>2025-12-07T21:38:42.000Z</when>
<gx:coord>-100.81211333333334 30.554332833333333 667.9</gx:coord>

<when>2025-12-07T21:38:53.000Z</when>
<gx:coord>-100.812212 30.554425 670.0</gx:coord>

<when>2025-12-07T21:39:48.000Z</when>
<gx:coord>-100.81226366666667 30.5544535 681.9</gx:coord>

<when>2025-12-07T21:39:59.000Z</when>
<gx:coord>-100.81251849999998 30.554403666666666 679.0</gx:coord>

<when>2025-12-07T21:40:10.000Z</when>
<gx:coord>-100.81284016666665 30.55445066666667 677.6</gx:coord>

<when>2025-12-07T21:40:21.000Z</when>
<gx:coord>-100.81319933333334 30.55453433333333 676.7</gx:coord>

<when>2025-12-07T21:40:32.000Z</when>
<gx:coord>-100.8136185 30.554663833333333 677.6</gx:coord>

<when>2025-12-07T21:40:43.000Z</when>
<gx:coord>-100.81407366666666 30.5548065 678.1</gx:coord>

<when>2025-12-07T21:40:54.000Z</when>
<gx:coord>-100.814599 30.554974333333334 677.9</gx:coord>

<when>2025-12-07T21:41:05.000Z</when>
<gx:coord>-100.81530599999999 30.555207000000003 672.7</gx:coord>

<when>2025-12-07T21:41:16.000Z</when>
<gx:coord>-100.8161665 30.555497999999996 669.0</gx:coord>

<when>2025-12-07T21:41:27.000Z</when>
<gx:coord>-100.81698383333332 30.555824666666663 667.8</gx:coord>

<when>2025-12-07T21:41:38.000Z</when>
<gx:coord>-100.81777683333333 30.556151666666665 667.0</gx:coord>

<when>2025-12-07T21:41:49.000Z</when>
<gx:coord>-100.81856950000001 30.556492499999997 665.9</gx:coord>

<when>2025-12-07T21:42:00.000Z</when>
<gx:coord>-100.819404 30.556877999999998 664.8</gx:coord>

<when>2025-12-07T21:42:11.000Z</when>
<gx:coord>-100.82022200000002 30.557321499999997 664.2</gx:coord>

<when>2025-12-07T21:42:22.000Z</when>
<gx:coord>-100.8211925 30.557895 667.8</gx:coord>

<when>2025-12-07T21:42:33.000Z</when>
<gx:coord>-100.82257 30.558123333333334 667.7</gx:coord>

<when>2025-12-07T21:42:44.000Z</when>
<gx:coord>-100.82445750000001 30.55823983333333 676.6</gx:coord>

<when>2025-12-07T21:42:55.000Z</when>
<gx:coord>-100.82588 30.558375333333334 694.0</gx:coord>

<when>2025-12-07T21:43:06.000Z</when>
<gx:coord>-100.82713566666668 30.558726666666665 697.9</gx:coord>

<when>2025-12-07T21:43:17.000Z</when>
<gx:coord>-100.82823416666666 30.559456666666666 698.6</gx:coord>

<when>2025-12-07T21:43:28.000Z</when>
<gx:coord>-100.82927066666667 30.56028666666667 697.1</gx:coord>

<when>2025-12-07T21:43:39.000Z</when>
<gx:coord>-100.83037416666666 30.561190166666666 695.0</gx:coord>

<when>2025-12-07T21:43:50.000Z</when>
<gx:coord>-100.83134633333333 30.562012166666666 693.5</gx:coord>

<when>2025-12-07T21:44:01.000Z</when>
<gx:coord>-100.83154833333334 30.562730666666667 686.8</gx:coord>

<when>2025-12-07T21:44:12.000Z</when>
<gx:coord>-100.83155566666667 30.56365 674.6</gx:coord>

<when>2025-12-07T21:44:23.000Z</when>
<gx:coord>-100.83154566666666 30.564652500000005 670.4</gx:coord>

<when>2025-12-07T21:44:34.000Z</when>
<gx:coord>-100.8315875 30.565283 669.6</gx:coord>

<when>2025-12-07T21:44:45.000Z</when>
<gx:coord>-100.83117283333334 30.566198666666665 669.0</gx:coord>

<when>2025-12-07T21:44:56.000Z</when>
<gx:coord>-100.83039266666668 30.567656333333336 669.2</gx:coord>

<when>2025-12-07T21:45:07.000Z</when>
<gx:coord>-100.82928416666667 30.5690595 665.3</gx:coord>

<when>2025-12-07T21:45:18.000Z</when>
<gx:coord>-100.82803666666665 30.57050916666667 661.5</gx:coord>

<when>2025-12-07T21:45:29.000Z</when>
<gx:coord>-100.82675599999999 30.57199966666667 662.4</gx:coord>

<when>2025-12-07T21:45:40.000Z</when>
<gx:coord>-100.82543216666666 30.573551833333333 662.6</gx:coord>

<when>2025-12-07T21:45:51.000Z</when>
<gx:coord>-100.82403033333334 30.575220166666668 665.8</gx:coord>

<when>2025-12-07T21:46:02.000Z</when>
<gx:coord>-100.82293783333334 30.5772285 665.2</gx:coord>

<when>2025-12-07T21:46:13.000Z</when>
<gx:coord>-100.82233016666666 30.579448166666666 666.5</gx:coord>

<when>2025-12-07T21:46:24.000Z</when>
<gx:coord>-100.82175133333334 30.5816865 668.4</gx:coord>

<when>2025-12-07T21:46:35.000Z</when>
<gx:coord>-100.82117233333332 30.5839245 667.2</gx:coord>

<when>2025-12-07T21:46:46.000Z</when>
<gx:coord>-100.82062233333333 30.586042833333334 667.7</gx:coord>

<when>2025-12-07T21:46:57.000Z</when>
<gx:coord>-100.81999266666665 30.587926500000002 668.4</gx:coord>

<when>2025-12-07T21:47:08.000Z</when>
<gx:coord>-100.8185875 30.589364500000002 669.7</gx:coord>

<when>2025-12-07T21:47:19.000Z</when>
<gx:coord>-100.81656766666669 30.590242166666666 670.2</gx:coord>

<when>2025-12-07T21:47:30.000Z</when>
<gx:coord>-100.814462 30.5910705 669.6</gx:coord>

<when>2025-12-07T21:47:41.000Z</when>
<gx:coord>-100.81239383333335 30.591889 670.9</gx:coord>

<when>2025-12-07T21:47:52.000Z</when>
<gx:coord>-100.81034433333335 30.59269283333333 672.9</gx:coord>

<when>2025-12-07T21:48:03.000Z</when>
<gx:coord>-100.80844116666667 30.59372116666667 672.1</gx:coord>

<when>2025-12-07T21:48:14.000Z</when>
<gx:coord>-100.80696183333333 30.595244499999996 671.2</gx:coord>

<when>2025-12-07T21:48:25.000Z</when>
<gx:coord>-100.80566333333333 30.596896666666666 672.8</gx:coord>

<when>2025-12-07T21:48:36.000Z</when>
<gx:coord>-100.80442933333333 30.598547500000002 673.2</gx:coord>

<when>2025-12-07T21:48:47.000Z</when>
<gx:coord>-100.80306433333332 30.600128166666664 673.8</gx:coord>

<when>2025-12-07T21:48:58.000Z</when>
<gx:coord>-100.80134366666668 30.601519833333334 674.4</gx:coord>

<when>2025-12-07T21:49:09.000Z</when>
<gx:coord>-100.79955616666666 30.602854166666663 675.7</gx:coord>

<when>2025-12-07T21:49:20.000Z</when>
<gx:coord>-100.7977825 30.60417933333333 677.7</gx:coord>

<when>2025-12-07T21:49:31.000Z</when>
<gx:coord>-100.79600549999999 30.605512166666667 680.7</gx:coord>

<when>2025-12-07T21:49:42.000Z</when>
<gx:coord>-100.79423783333336 30.606837333333335 680.2</gx:coord>

<when>2025-12-07T21:49:53.000Z</when>
<gx:coord>-100.79245266666666 30.608172500000002 680.5</gx:coord>

<when>2025-12-07T21:50:04.000Z</when>
<gx:coord>-100.79068950000001 30.609485499999998 680.4</gx:coord>

<when>2025-12-07T21:50:15.000Z</when>
<gx:coord>-100.78896549999999 30.610771999999997 679.9</gx:coord>

<when>2025-12-07T21:50:26.000Z</when>
<gx:coord>-100.78711300000002 30.611882166666668 680.4</gx:coord>

<when>2025-12-07T21:50:37.000Z</when>
<gx:coord>-100.78495966666667 30.612458 681.1</gx:coord>

<when>2025-12-07T21:50:48.000Z</when>
<gx:coord>-100.7827385 30.612939166666667 680.9</gx:coord>

<when>2025-12-07T21:50:59.000Z</when>
<gx:coord>-100.78058433333332 30.613443666666665 681.7</gx:coord>

<when>2025-12-07T21:51:10.000Z</when>
<gx:coord>-100.77861716666666 30.614414000000004 683.2</gx:coord>

<when>2025-12-07T21:51:21.000Z</when>
<gx:coord>-100.77692933333334 30.615837000000003 683.5</gx:coord>

<when>2025-12-07T21:51:32.000Z</when>
<gx:coord>-100.77530200000001 30.617257666666667 685.0</gx:coord>

<when>2025-12-07T21:51:43.000Z</when>
<gx:coord>-100.7738525 30.61854466666667 686.7</gx:coord>

<when>2025-12-07T21:51:54.000Z</when>
<gx:coord>-100.77311916666667 30.619580666666668 692.8</gx:coord>

<when>2025-12-07T21:52:05.000Z</when>
<gx:coord>-100.77279183333333 30.620466166666667 697.5</gx:coord>

<when>2025-12-07T21:52:16.000Z</when>
<gx:coord>-100.77259216666668 30.6213565 699.7</gx:coord>

<when>2025-12-07T21:52:27.000Z</when>
<gx:coord>-100.77245083333334 30.621983833333335 698.7</gx:coord>

<when>2025-12-07T21:52:38.000Z</when>
<gx:coord>-100.77273066666666 30.622039166666664 697.6</gx:coord>

<when>2025-12-07T21:52:49.000Z</when>
<gx:coord>-100.77286950000001 30.621881833333337 694.6</gx:coord>

<when>2025-12-07T21:53:00.000Z</when>
<gx:coord>-100.7729755 30.621890333333333 693.0</gx:coord>

<when>2025-12-07T21:54:28.000Z</when>
<gx:coord>-100.7730365 30.62190966666667 689.3</gx:coord>

<when>2025-12-07T21:54:50.000Z</when>
<gx:coord>-100.77306933333332 30.621948166666666 690.2</gx:coord>

<when>2025-12-07T21:55:23.000Z</when>
<gx:coord>-100.77307283333333 30.622037833333334 691.1</gx:coord>

<when>2025-12-07T21:55:34.000Z</when>
<gx:coord>-100.77314766666665 30.62222883333333 690.6</gx:coord>

<when>2025-12-07T21:55:45.000Z</when>
<gx:coord>-100.77328083333332 30.622358166666665 690.8</gx:coord>

<when>2025-12-07T21:59:47.000Z</when>
<gx:coord>-100.77364666666666 30.6223025 690.5</gx:coord>

<when>2025-12-07T21:59:58.000Z</when>
<gx:coord>-100.77445166666666 30.621893 688.4</gx:coord>

<when>2025-12-07T22:00:09.000Z</when>
<gx:coord>-100.77605 30.621867166666668 690.5</gx:coord>

<when>2025-12-07T22:00:20.000Z</when>
<gx:coord>-100.77802600000001 30.622120000000002 693.8</gx:coord>

<when>2025-12-07T22:00:31.000Z</when>
<gx:coord>-100.78046033333334 30.622350833333332 693.7</gx:coord>

<when>2025-12-07T22:00:42.000Z</when>
<gx:coord>-100.7833625 30.622456000000003 695.8</gx:coord>

<when>2025-12-07T22:00:53.000Z</when>
<gx:coord>-100.7862575 30.622354166666664 703.9</gx:coord>

<when>2025-12-07T22:01:04.000Z</when>
<gx:coord>-100.78915966666666 30.6221645 708.9</gx:coord>

<when>2025-12-07T22:01:15.000Z</when>
<gx:coord>-100.79218616666667 30.621967499999997 706.9</gx:coord>

<when>2025-12-07T22:01:26.000Z</when>
<gx:coord>-100.79513049999998 30.621777166666668 712.7</gx:coord>

<when>2025-12-07T22:01:37.000Z</when>
<gx:coord>-100.798028 30.62159616666667 718.3</gx:coord>

<when>2025-12-07T22:01:48.000Z</when>
<gx:coord>-100.80102966666666 30.621396833333332 718.5</gx:coord>

<when>2025-12-07T22:01:59.000Z</when>
<gx:coord>-100.804027 30.621200999999996 720.9</gx:coord>

<when>2025-12-07T22:02:10.000Z</when>
<gx:coord>-100.80694633333333 30.621014 725.7</gx:coord>

<when>2025-12-07T22:02:21.000Z</when>
<gx:coord>-100.80987933333333 30.620825666666665 725.6</gx:coord>

<when>2025-12-07T22:02:32.000Z</when>
<gx:coord>-100.81282283333333 30.620633666666663 723.9</gx:coord>

<when>2025-12-07T22:02:43.000Z</when>
<gx:coord>-100.81572216666667 30.620442333333337 722.4</gx:coord>

<when>2025-12-07T22:02:54.000Z</when>
<gx:coord>-100.81857649999999 30.620259666666666 722.0</gx:coord>

<when>2025-12-07T22:03:05.000Z</when>
<gx:coord>-100.82143883333335 30.6200715 721.6</gx:coord>

<when>2025-12-07T22:03:16.000Z</when>
<gx:coord>-100.82440483333333 30.619896 715.5</gx:coord>

<when>2025-12-07T22:03:27.000Z</when>
<gx:coord>-100.82746216666668 30.61988516666667 706.1</gx:coord>

<when>2025-12-07T22:03:38.000Z</when>
<gx:coord>-100.83055083333332 30.620101833333333 697.9</gx:coord>

<when>2025-12-07T22:03:49.000Z</when>
<gx:coord>-100.83370250000002 30.620560666666666 689.6</gx:coord>

<when>2025-12-07T22:04:00.000Z</when>
<gx:coord>-100.83678749999999 30.621261333333337 682.0</gx:coord>

<when>2025-12-07T22:04:11.000Z</when>
<gx:coord>-100.8396975 30.622161666666663 678.0</gx:coord>

<when>2025-12-07T22:04:22.000Z</when>
<gx:coord>-100.84254083333332 30.6232275 672.2</gx:coord>

<when>2025-12-07T22:04:33.000Z</when>
<gx:coord>-100.84539233333335 30.624312666666665 667.5</gx:coord>

<when>2025-12-07T22:04:44.000Z</when>
<gx:coord>-100.848079 30.62533116666667 667.0</gx:coord>

<when>2025-12-07T22:04:55.000Z</when>
<gx:coord>-100.85072333333333 30.626333666666664 668.8</gx:coord>

<when>2025-12-07T22:05:06.000Z</when>
<gx:coord>-100.85339466666667 30.62735266666667 667.2</gx:coord>

<when>2025-12-07T22:05:17.000Z</when>
<gx:coord>-100.85611966666666 30.62838283333333 664.6</gx:coord>

<when>2025-12-07T22:05:28.000Z</when>
<gx:coord>-100.858846 30.6294195 662.3</gx:coord>

<when>2025-12-07T22:05:39.000Z</when>
<gx:coord>-100.8615735 30.630456000000002 660.8</gx:coord>

<when>2025-12-07T22:05:50.000Z</when>
<gx:coord>-100.86426466666666 30.631475333333334 660.7</gx:coord>

<when>2025-12-07T22:06:01.000Z</when>
<gx:coord>-100.86698866666666 30.632510333333336 660.6</gx:coord>

<when>2025-12-07T22:06:12.000Z</when>
<gx:coord>-100.86971416666665 30.6335415 659.6</gx:coord>

<when>2025-12-07T22:06:23.000Z</when>
<gx:coord>-100.87252349999999 30.634605166666667 664.5</gx:coord>

<when>2025-12-07T22:06:34.000Z</when>
<gx:coord>-100.87530299999999 30.635660666666663 672.7</gx:coord>

<when>2025-12-07T22:06:45.000Z</when>
<gx:coord>-100.8780435 30.636697833333333 680.8</gx:coord>

<when>2025-12-07T22:06:56.000Z</when>
<gx:coord>-100.88075099999999 30.637724166666665 688.4</gx:coord>

<when>2025-12-07T22:07:07.000Z</when>
<gx:coord>-100.88342499999999 30.638742 697.1</gx:coord>

<when>2025-12-07T22:07:18.000Z</when>
<gx:coord>-100.88608116666667 30.639743 706.3</gx:coord>

<when>2025-12-07T22:07:29.000Z</when>
<gx:coord>-100.88869133333334 30.640733333333333 716.0</gx:coord>

<when>2025-12-07T22:07:40.000Z</when>
<gx:coord>-100.89131199999999 30.641726333333335 722.1</gx:coord>

<when>2025-12-07T22:07:51.000Z</when>
<gx:coord>-100.89411583333334 30.642789999999998 723.1</gx:coord>

<when>2025-12-07T22:08:02.000Z</when>
<gx:coord>-100.89714083333335 30.64393916666667 724.2</gx:coord>

<when>2025-12-07T22:08:13.000Z</when>
<gx:coord>-100.9002605 30.6451085 725.2</gx:coord>

<when>2025-12-07T22:08:24.000Z</when>
<gx:coord>-100.90334683333334 30.646169999999998 720.5</gx:coord>

<when>2025-12-07T22:08:35.000Z</when>
<gx:coord>-100.90650249999999 30.647205166666662 713.7</gx:coord>

<when>2025-12-07T22:08:46.000Z</when>
<gx:coord>-100.90969150000001 30.648252166666666 704.4</gx:coord>

<when>2025-12-07T22:08:57.000Z</when>
<gx:coord>-100.91286316666668 30.649285833333337 694.6</gx:coord>

<when>2025-12-07T22:09:08.000Z</when>
<gx:coord>-100.91600616666668 30.650315666666664 695.1</gx:coord>

<when>2025-12-07T22:09:19.000Z</when>
<gx:coord>-100.91913133333334 30.651338166666665 695.6</gx:coord>

<when>2025-12-07T22:09:30.000Z</when>
<gx:coord>-100.92227933333334 30.652374499999997 689.6</gx:coord>

<when>2025-12-07T22:09:41.000Z</when>
<gx:coord>-100.92536166666666 30.653381500000002 689.9</gx:coord>

<when>2025-12-07T22:09:52.000Z</when>
<gx:coord>-100.92837416666667 30.654367 692.8</gx:coord>

<when>2025-12-07T22:10:03.000Z</when>
<gx:coord>-100.93139716666668 30.655354000000003 695.3</gx:coord>

<when>2025-12-07T22:10:14.000Z</when>
<gx:coord>-100.93443716666667 30.65634783333333 697.5</gx:coord>

<when>2025-12-07T22:10:25.000Z</when>
<gx:coord>-100.937476 30.657348000000002 699.8</gx:coord>

<when>2025-12-07T22:10:36.000Z</when>
<gx:coord>-100.940476 30.658327333333332 703.6</gx:coord>

<when>2025-12-07T22:10:47.000Z</when>
<gx:coord>-100.94337883333334 30.659278000000004 712.4</gx:coord>

<when>2025-12-07T22:10:58.000Z</when>
<gx:coord>-100.94619916666667 30.660199499999997 721.7</gx:coord>

<when>2025-12-07T22:11:09.000Z</when>
<gx:coord>-100.94909066666666 30.661148000000004 725.2</gx:coord>

<when>2025-12-07T22:11:20.000Z</when>
<gx:coord>-100.95210233333334 30.662091499999995 727.8</gx:coord>

<when>2025-12-07T22:11:31.000Z</when>
<gx:coord>-100.95525516666666 30.662838833333332 731.3</gx:coord>

<when>2025-12-07T22:11:42.000Z</when>
<gx:coord>-100.95839383333332 30.663515 734.7</gx:coord>

<when>2025-12-07T22:11:53.000Z</when>
<gx:coord>-100.96149799999999 30.66418433333333 738.2</gx:coord>

<when>2025-12-07T22:12:04.000Z</when>
<gx:coord>-100.96460416666666 30.6648515 739.2</gx:coord>

<when>2025-12-07T22:12:15.000Z</when>
<gx:coord>-100.96770616666666 30.665523999999998 740.6</gx:coord>

<when>2025-12-07T22:12:26.000Z</when>
<gx:coord>-100.97074216666667 30.666180166666663 744.3</gx:coord>

<when>2025-12-07T22:12:37.000Z</when>
<gx:coord>-100.97378316666666 30.666835833333334 746.1</gx:coord>

<when>2025-12-07T22:12:48.000Z</when>
<gx:coord>-100.97692149999999 30.66751433333333 741.0</gx:coord>

<when>2025-12-07T22:12:59.000Z</when>
<gx:coord>-100.98008333333334 30.66819466666667 735.1</gx:coord>

<when>2025-12-07T22:13:10.000Z</when>
<gx:coord>-100.98321933333334 30.668867999999996 732.7</gx:coord>

<when>2025-12-07T22:13:21.000Z</when>
<gx:coord>-100.98635883333333 30.669545666666668 731.5</gx:coord>

<when>2025-12-07T22:13:32.000Z</when>
<gx:coord>-100.98947266666667 30.670214499999997 733.8</gx:coord>

<when>2025-12-07T22:13:43.000Z</when>
<gx:coord>-100.99257549999999 30.670890333333332 735.0</gx:coord>

<when>2025-12-07T22:13:54.000Z</when>
<gx:coord>-100.99568416666668 30.671557999999997 735.0</gx:coord>

<when>2025-12-07T22:14:05.000Z</when>
<gx:coord>-100.998812 30.6722365 734.6</gx:coord>

<when>2025-12-07T22:14:16.000Z</when>
<gx:coord>-101.00190733333332 30.672994833333338 735.3</gx:coord>

<when>2025-12-07T22:14:27.000Z</when>
<gx:coord>-101.00494066666667 30.673768666666668 740.3</gx:coord>

<when>2025-12-07T22:14:38.000Z</when>
<gx:coord>-101.00794633333335 30.674532999999997 745.9</gx:coord>

<when>2025-12-07T22:14:49.000Z</when>
<gx:coord>-101.01098016666668 30.675304166666667 750.4</gx:coord>

<when>2025-12-07T22:15:00.000Z</when>
<gx:coord>-101.01406266666666 30.67609016666667 753.2</gx:coord>

<when>2025-12-07T22:15:11.000Z</when>
<gx:coord>-101.01716266666666 30.6769035 755.2</gx:coord>

<when>2025-12-07T22:15:22.000Z</when>
<gx:coord>-101.02025933333334 30.677706166666667 755.6</gx:coord>

<when>2025-12-07T22:15:33.000Z</when>
<gx:coord>-101.02332900000002 30.678488333333334 756.0</gx:coord>

<when>2025-12-07T22:15:44.000Z</when>
<gx:coord>-101.02637083333333 30.679262499999997 756.5</gx:coord>

<when>2025-12-07T22:15:55.000Z</when>
<gx:coord>-101.02939999999998 30.680032666666662 757.3</gx:coord>

<when>2025-12-07T22:16:06.000Z</when>
<gx:coord>-101.03244699999999 30.680811333333335 758.2</gx:coord>

<when>2025-12-07T22:16:17.000Z</when>
<gx:coord>-101.03554366666667 30.681595500000004 758.7</gx:coord>

<when>2025-12-07T22:16:28.000Z</when>
<gx:coord>-101.03865983333331 30.68239283333333 757.6</gx:coord>

<when>2025-12-07T22:16:39.000Z</when>
<gx:coord>-101.04178066666667 30.683164666666666 757.8</gx:coord>

<when>2025-12-07T22:16:50.000Z</when>
<gx:coord>-101.04493216666667 30.683911 758.4</gx:coord>

<when>2025-12-07T22:17:01.000Z</when>
<gx:coord>-101.0480965 30.684666 758.5</gx:coord>

<when>2025-12-07T22:17:12.000Z</when>
<gx:coord>-101.05127533333334 30.685416333333333 758.1</gx:coord>

<when>2025-12-07T22:17:23.000Z</when>
<gx:coord>-101.05443966666665 30.6861635 758.3</gx:coord>

<when>2025-12-07T22:17:34.000Z</when>
<gx:coord>-101.05754816666668 30.686903500000003 758.9</gx:coord>

<when>2025-12-07T22:17:45.000Z</when>
<gx:coord>-101.06065333333332 30.687639166666667 759.8</gx:coord>

<when>2025-12-07T22:17:56.000Z</when>
<gx:coord>-101.06380116666666 30.688385 757.8</gx:coord>

<when>2025-12-07T22:18:07.000Z</when>
<gx:coord>-101.06695800000001 30.68913 756.5</gx:coord>

<when>2025-12-07T22:18:18.000Z</when>
<gx:coord>-101.0700725 30.689867166666666 755.7</gx:coord>

<when>2025-12-07T22:18:29.000Z</when>
<gx:coord>-101.07311933333334 30.690586999999997 755.8</gx:coord>

<when>2025-12-07T22:18:40.000Z</when>
<gx:coord>-101.07613033333334 30.691296166666667 756.2</gx:coord>

<when>2025-12-07T22:18:51.000Z</when>
<gx:coord>-101.07910583333333 30.691999000000003 755.3</gx:coord>

<when>2025-12-07T22:19:02.000Z</when>
<gx:coord>-101.08210566666666 30.69271133333333 756.3</gx:coord>

<when>2025-12-07T22:19:13.000Z</when>
<gx:coord>-101.08507216666666 30.693412 757.2</gx:coord>

<when>2025-12-07T22:19:24.000Z</when>
<gx:coord>-101.08802983333332 30.69411116666667 758.6</gx:coord>

<when>2025-12-07T22:19:35.000Z</when>
<gx:coord>-101.09104283333333 30.69482216666667 759.2</gx:coord>

<when>2025-12-07T22:19:46.000Z</when>
<gx:coord>-101.094055 30.695538000000003 759.5</gx:coord>

<when>2025-12-07T22:19:57.000Z</when>
<gx:coord>-101.09703733333332 30.696243499999998 760.4</gx:coord>

<when>2025-12-07T22:20:08.000Z</when>
<gx:coord>-101.10000416666665 30.69694516666667 760.4</gx:coord>

<when>2025-12-07T22:20:19.000Z</when>
<gx:coord>-101.10303100000002 30.697661333333333 761.2</gx:coord>

<when>2025-12-07T22:20:30.000Z</when>
<gx:coord>-101.10609649999999 30.69838783333333 762.2</gx:coord>

<when>2025-12-07T22:20:41.000Z</when>
<gx:coord>-101.10922733333334 30.699130500000003 763.1</gx:coord>

<when>2025-12-07T22:20:52.000Z</when>
<gx:coord>-101.11234516666667 30.69986633333333 764.0</gx:coord>

<when>2025-12-07T22:21:03.000Z</when>
<gx:coord>-101.11543183333333 30.700595833333335 765.0</gx:coord>

<when>2025-12-07T22:21:14.000Z</when>
<gx:coord>-101.118564 30.701336500000004 765.9</gx:coord>

<when>2025-12-07T22:21:25.000Z</when>
<gx:coord>-101.12167883333335 30.70207733333333 767.4</gx:coord>

<when>2025-12-07T22:21:36.000Z</when>
<gx:coord>-101.12480066666667 30.7028115 766.2</gx:coord>

<when>2025-12-07T22:21:47.000Z</when>
<gx:coord>-101.12802216666665 30.703541166666664 760.1</gx:coord>

<when>2025-12-07T22:21:58.000Z</when>
<gx:coord>-101.13131116666666 30.704280166666663 752.7</gx:coord>

<when>2025-12-07T22:22:09.000Z</when>
<gx:coord>-101.13453466666667 30.70500083333333 751.2</gx:coord>

<when>2025-12-07T22:22:20.000Z</when>
<gx:coord>-101.13760033333334 30.705685499999998 756.9</gx:coord>

<when>2025-12-07T22:22:31.000Z</when>
<gx:coord>-101.1405805 30.706360333333336 763.7</gx:coord>

<when>2025-12-07T22:22:42.000Z</when>
<gx:coord>-101.14364883333334 30.707043999999996 760.8</gx:coord>

<when>2025-12-07T22:22:53.000Z</when>
<gx:coord>-101.14676283333334 30.707739500000002 751.1</gx:coord>

<when>2025-12-07T22:23:04.000Z</when>
<gx:coord>-101.14992150000002 30.708444999999998 740.2</gx:coord>

<when>2025-12-07T22:23:15.000Z</when>
<gx:coord>-101.153088 30.709153666666666 734.4</gx:coord>

<when>2025-12-07T22:23:26.000Z</when>
<gx:coord>-101.1562115 30.709855666666666 732.6</gx:coord>

<when>2025-12-07T22:23:37.000Z</when>
<gx:coord>-101.159299 30.710388333333338 735.1</gx:coord>

<when>2025-12-07T22:23:48.000Z</when>
<gx:coord>-101.16233833333332 30.710667166666667 736.6</gx:coord>

<when>2025-12-07T22:23:59.000Z</when>
<gx:coord>-101.16538716666668 30.71073033333333 738.9</gx:coord>

<when>2025-12-07T22:24:10.000Z</when>
<gx:coord>-101.16845133333332 30.710570833333335 742.3</gx:coord>

<when>2025-12-07T22:24:21.000Z</when>
<gx:coord>-101.17149149999999 30.710190833333332 741.1</gx:coord>

<when>2025-12-07T22:24:32.000Z</when>
<gx:coord>-101.17457950000001 30.709609666666665 736.5</gx:coord>

<when>2025-12-07T22:24:43.000Z</when>
<gx:coord>-101.17757133333335 30.70901516666667 739.7</gx:coord>

<when>2025-12-07T22:24:54.000Z</when>
<gx:coord>-101.18064799999999 30.708402999999997 736.9</gx:coord>

<when>2025-12-07T22:25:05.000Z</when>
<gx:coord>-101.18376000000002 30.7077885 734.4</gx:coord>

<when>2025-12-07T22:25:16.000Z</when>
<gx:coord>-101.18684533333332 30.707185333333335 732.1</gx:coord>

<when>2025-12-07T22:25:27.000Z</when>
<gx:coord>-101.1899085 30.706576000000002 729.8</gx:coord>

<when>2025-12-07T22:25:38.000Z</when>
<gx:coord>-101.19297583333334 30.706138666666668 728.2</gx:coord>

<when>2025-12-07T22:25:49.000Z</when>
<gx:coord>-101.19553249999998 30.7061105 723.4</gx:coord>

<when>2025-12-07T22:26:00.000Z</when>
<gx:coord>-101.19704533333334 30.706159166666666 716.4</gx:coord>

<when>2025-12-07T22:26:11.000Z</when>
<gx:coord>-101.19791433333333 30.706231333333335 714.0</gx:coord>

<when>2025-12-07T22:26:22.000Z</when>
<gx:coord>-101.19898833333333 30.70623333333333 713.8</gx:coord>

<when>2025-12-07T22:26:33.000Z</when>
<gx:coord>-101.19933283333333 30.70631166666667 711.7</gx:coord>

<when>2025-12-07T23:00:34.000Z</when>
<gx:coord>-101.206389 30.705863833333336 717.8</gx:coord>

<when>2025-12-07T23:00:45.000Z</when>
<gx:coord>-101.20862450000001 30.705627166666666 718.3</gx:coord>

<when>2025-12-07T23:00:56.000Z</when>
<gx:coord>-101.2112735 30.705225666666667 720.5</gx:coord>

<when>2025-12-07T23:01:07.000Z</when>
<gx:coord>-101.21405433333332 30.704629999999998 721.3</gx:coord>

<when>2025-12-07T23:01:18.000Z</when>
<gx:coord>-101.216885 30.703822 721.2</gx:coord>

<when>2025-12-07T23:01:29.000Z</when>
<gx:coord>-101.21980583333334 30.702904166666666 722.6</gx:coord>

<when>2025-12-07T23:01:40.000Z</when>
<gx:coord>-101.22282716666665 30.70196716666667 724.2</gx:coord>

<when>2025-12-07T23:01:51.000Z</when>
<gx:coord>-101.22586500000001 30.7010285 728.0</gx:coord>

<when>2025-12-07T23:02:02.000Z</when>
<gx:coord>-101.2289065 30.70007916666667 734.2</gx:coord>

<when>2025-12-07T23:02:13.000Z</when>
<gx:coord>-101.23191266666666 30.699154833333335 740.0</gx:coord>

<when>2025-12-07T23:02:24.000Z</when>
<gx:coord>-101.23485716666667 30.698297333333336 747.6</gx:coord>

<when>2025-12-07T23:02:35.000Z</when>
<gx:coord>-101.23795166666666 30.697643000000003 748.0</gx:coord>

<when>2025-12-07T23:02:46.000Z</when>
<gx:coord>-101.24125483333334 30.697184833333335 742.2</gx:coord>

<when>2025-12-07T23:02:57.000Z</when>
<gx:coord>-101.24447 30.696799333333335 746.3</gx:coord>

<when>2025-12-07T23:03:08.000Z</when>
<gx:coord>-101.24771366666667 30.696405833333333 750.7</gx:coord>

<when>2025-12-07T23:03:19.000Z</when>
<gx:coord>-101.25097116666666 30.696013 753.5</gx:coord>

<when>2025-12-07T23:03:30.000Z</when>
<gx:coord>-101.25419833333332 30.69561566666666 756.3</gx:coord>

<when>2025-12-07T23:03:41.000Z</when>
<gx:coord>-101.25747483333335 30.69521333333333 752.6</gx:coord>

<when>2025-12-07T23:03:52.000Z</when>
<gx:coord>-101.26071983333334 30.69482066666667 751.3</gx:coord>

<when>2025-12-07T23:04:03.000Z</when>
<gx:coord>-101.26380650000002 30.694443833333334 759.6</gx:coord>

<when>2025-12-07T23:04:14.000Z</when>
<gx:coord>-101.26682566666665 30.6940695 767.5</gx:coord>

<when>2025-12-07T23:04:25.000Z</when>
<gx:coord>-101.26989083333335 30.693695499999997 770.5</gx:coord>

<when>2025-12-07T23:04:36.000Z</when>
<gx:coord>-101.2730305 30.693218 769.8</gx:coord>

<when>2025-12-07T23:04:47.000Z</when>
<gx:coord>-101.27602766666665 30.692526833333332 771.9</gx:coord>

<when>2025-12-07T23:04:58.000Z</when>
<gx:coord>-101.27891533333334 30.691634 773.3</gx:coord>

<when>2025-12-07T23:05:09.000Z</when>
<gx:coord>-101.281869 30.690601333333333 769.2</gx:coord>

<when>2025-12-07T23:05:20.000Z</when>
<gx:coord>-101.28485533333333 30.68955933333333 769.7</gx:coord>

<when>2025-12-07T23:05:31.000Z</when>
<gx:coord>-101.28787766666667 30.6885045 771.1</gx:coord>

<when>2025-12-07T23:05:42.000Z</when>
<gx:coord>-101.290936 30.687444333333328 772.0</gx:coord>

<when>2025-12-07T23:05:53.000Z</when>
<gx:coord>-101.29400949999999 30.686371 770.0</gx:coord>

<when>2025-12-07T23:06:04.000Z</when>
<gx:coord>-101.2971175 30.6852945 761.2</gx:coord>

<when>2025-12-07T23:06:15.000Z</when>
<gx:coord>-101.30018299999999 30.6842225 751.9</gx:coord>

<when>2025-12-07T23:06:26.000Z</when>
<gx:coord>-101.30323150000001 30.6831625 744.8</gx:coord>

<when>2025-12-07T23:06:37.000Z</when>
<gx:coord>-101.30619466666667 30.68213166666667 742.7</gx:coord>

<when>2025-12-07T23:06:48.000Z</when>
<gx:coord>-101.3091735 30.681090166666664 741.4</gx:coord>

<when>2025-12-07T23:06:59.000Z</when>
<gx:coord>-101.312183 30.680040333333334 742.2</gx:coord>

<when>2025-12-07T23:07:10.000Z</when>
<gx:coord>-101.3152015 30.679067833333338 743.6</gx:coord>

<when>2025-12-07T23:07:21.000Z</when>
<gx:coord>-101.3183035 30.678326666666667 743.9</gx:coord>

<when>2025-12-07T23:07:32.000Z</when>
<gx:coord>-101.32146949999999 30.67782533333333 738.9</gx:coord>

<when>2025-12-07T23:07:43.000Z</when>
<gx:coord>-101.32462183333334 30.677571333333336 728.6</gx:coord>

<when>2025-12-07T23:07:54.000Z</when>
<gx:coord>-101.32776883333332 30.677554 723.9</gx:coord>

<when>2025-12-07T23:08:05.000Z</when>
<gx:coord>-101.33084416666667 30.677769833333333 722.9</gx:coord>

<when>2025-12-07T23:08:16.000Z</when>
<gx:coord>-101.3339485 30.678217333333336 722.0</gx:coord>

<when>2025-12-07T23:08:27.000Z</when>
<gx:coord>-101.33709416666667 30.678772333333335 719.6</gx:coord>

<when>2025-12-07T23:08:38.000Z</when>
<gx:coord>-101.34020966666667 30.679320999999998 718.3</gx:coord>

<when>2025-12-07T23:08:49.000Z</when>
<gx:coord>-101.343373 30.67988233333333 718.3</gx:coord>

<when>2025-12-07T23:09:00.000Z</when>
<gx:coord>-101.34652650000001 30.680437166666668 718.4</gx:coord>

<when>2025-12-07T23:09:11.000Z</when>
<gx:coord>-101.34965016666665 30.680991166666665 718.5</gx:coord>

<when>2025-12-07T23:09:22.000Z</when>
<gx:coord>-101.35279033333333 30.68154966666667 717.1</gx:coord>

<when>2025-12-07T23:09:33.000Z</when>
<gx:coord>-101.35597316666666 30.682112500000002 717.4</gx:coord>

<when>2025-12-07T23:09:44.000Z</when>
<gx:coord>-101.35916216666668 30.68267466666667 720.2</gx:coord>

<when>2025-12-07T23:09:55.000Z</when>
<gx:coord>-101.36233883333334 30.683252999999997 721.5</gx:coord>

<when>2025-12-07T23:10:06.000Z</when>
<gx:coord>-101.36545583333333 30.684038166666664 721.7</gx:coord>

<when>2025-12-07T23:10:17.000Z</when>
<gx:coord>-101.36849933333333 30.684990666666668 722.3</gx:coord>

<when>2025-12-07T23:10:28.000Z</when>
<gx:coord>-101.37158366666667 30.68596616666667 720.9</gx:coord>

<when>2025-12-07T23:10:39.000Z</when>
<gx:coord>-101.37464566666668 30.686938333333334 720.4</gx:coord>

<when>2025-12-07T23:10:50.000Z</when>
<gx:coord>-101.37767033333333 30.687888166666667 720.3</gx:coord>

<when>2025-12-07T23:11:01.000Z</when>
<gx:coord>-101.38071466666666 30.68867283333333 717.3</gx:coord>

<when>2025-12-07T23:11:12.000Z</when>
<gx:coord>-101.38379099999999 30.68922733333333 710.7</gx:coord>

<when>2025-12-07T23:11:23.000Z</when>
<gx:coord>-101.38698533333333 30.689563 706.2</gx:coord>

<when>2025-12-07T23:11:34.000Z</when>
<gx:coord>-101.39024016666666 30.689655500000004 704.2</gx:coord>

<when>2025-12-07T23:11:45.000Z</when>
<gx:coord>-101.39349166666668 30.689685166666663 702.0</gx:coord>

<when>2025-12-07T23:11:56.000Z</when>
<gx:coord>-101.39672383333333 30.689711166666665 700.3</gx:coord>

<when>2025-12-07T23:12:07.000Z</when>
<gx:coord>-101.39999816666665 30.689733666666665 698.4</gx:coord>

<when>2025-12-07T23:12:18.000Z</when>
<gx:coord>-101.4032315 30.689764666666665 695.9</gx:coord>

<when>2025-12-07T23:12:29.000Z</when>
<gx:coord>-101.40643716666666 30.689789000000005 696.9</gx:coord>

<when>2025-12-07T23:12:40.000Z</when>
<gx:coord>-101.4095945 30.689810166666668 696.8</gx:coord>

<when>2025-12-07T23:12:51.000Z</when>
<gx:coord>-101.41276566666666 30.6898375 696.2</gx:coord>

<when>2025-12-07T23:13:02.000Z</when>
<gx:coord>-101.41599583333333 30.689862166666664 695.4</gx:coord>

<when>2025-12-07T23:13:13.000Z</when>
<gx:coord>-101.41919383333334 30.68988566666667 695.4</gx:coord>

<when>2025-12-07T23:13:24.000Z</when>
<gx:coord>-101.42239366666666 30.689910166666664 696.6</gx:coord>

<when>2025-12-07T23:13:35.000Z</when>
<gx:coord>-101.42562266666667 30.689932 700.5</gx:coord>

<when>2025-12-07T23:13:46.000Z</when>
<gx:coord>-101.42883383333334 30.689971999999997 706.1</gx:coord>

<when>2025-12-07T23:13:57.000Z</when>
<gx:coord>-101.43192783333333 30.6902025 708.7</gx:coord>

<when>2025-12-07T23:14:08.000Z</when>
<gx:coord>-101.43484733333335 30.6906325 705.8</gx:coord>

<when>2025-12-07T23:14:19.000Z</when>
<gx:coord>-101.43778249999998 30.691153833333335 699.5</gx:coord>

<when>2025-12-07T23:14:30.000Z</when>
<gx:coord>-101.44083766666667 30.69169133333333 692.3</gx:coord>

<when>2025-12-07T23:14:41.000Z</when>
<gx:coord>-101.443905 30.692228833333335 686.0</gx:coord>

<when>2025-12-07T23:14:52.000Z</when>
<gx:coord>-101.446929 30.692765 684.5</gx:coord>

<when>2025-12-07T23:15:03.000Z</when>
<gx:coord>-101.450048 30.69331533333333 684.7</gx:coord>

<when>2025-12-07T23:15:14.000Z</when>
<gx:coord>-101.4531155 30.693861333333334 685.5</gx:coord>

<when>2025-12-07T23:15:25.000Z</when>
<gx:coord>-101.45620866666668 30.694405666666665 686.4</gx:coord>

<when>2025-12-07T23:15:36.000Z</when>
<gx:coord>-101.45932599999999 30.69495883333333 687.7</gx:coord>

<when>2025-12-07T23:15:47.000Z</when>
<gx:coord>-101.46248266666667 30.695515500000003 690.1</gx:coord>

<when>2025-12-07T23:15:58.000Z</when>
<gx:coord>-101.46566616666665 30.69607866666667 693.5</gx:coord>

<when>2025-12-07T23:16:09.000Z</when>
<gx:coord>-101.46885683333333 30.696644999999997 697.2</gx:coord>

<when>2025-12-07T23:16:20.000Z</when>
<gx:coord>-101.47205616666666 30.697213666666666 702.3</gx:coord>

<when>2025-12-07T23:16:31.000Z</when>
<gx:coord>-101.47525133333332 30.69778066666667 708.0</gx:coord>

<when>2025-12-07T23:16:42.000Z</when>
<gx:coord>-101.47845883333333 30.698348499999998 712.9</gx:coord>

<when>2025-12-07T23:16:53.000Z</when>
<gx:coord>-101.48167366666667 30.698916333333333 717.0</gx:coord>

<when>2025-12-07T23:17:04.000Z</when>
<gx:coord>-101.48484833333332 30.699483333333333 719.1</gx:coord>

<when>2025-12-07T23:17:15.000Z</when>
<gx:coord>-101.48812600000001 30.700067166666667 717.4</gx:coord>

<when>2025-12-07T23:17:26.000Z</when>
<gx:coord>-101.4915035 30.7006705 719.0</gx:coord>

<when>2025-12-07T23:17:37.000Z</when>
<gx:coord>-101.494918 30.70127766666667 719.7</gx:coord>

<when>2025-12-07T23:17:48.000Z</when>
<gx:coord>-101.49822850000001 30.70187133333333 724.6</gx:coord>

<when>2025-12-07T23:17:59.000Z</when>
<gx:coord>-101.50143983333334 30.7024485 730.7</gx:coord>

<when>2025-12-07T23:18:10.000Z</when>
<gx:coord>-101.5046265 30.703027833333334 732.8</gx:coord>

<when>2025-12-07T23:18:21.000Z</when>
<gx:coord>-101.50772266666667 30.703954500000002 732.2</gx:coord>

<when>2025-12-07T23:18:32.000Z</when>
<gx:coord>-101.51064733333332 30.705127666666666 735.6</gx:coord>

<when>2025-12-07T23:18:43.000Z</when>
<gx:coord>-101.51338883333334 30.706357833333332 742.1</gx:coord>

<when>2025-12-07T23:18:54.000Z</when>
<gx:coord>-101.51591833333332 30.707986166666668 744.9</gx:coord>

<when>2025-12-07T23:19:05.000Z</when>
<gx:coord>-101.51840316666667 30.709789833333335 748.5</gx:coord>

<when>2025-12-07T23:19:16.000Z</when>
<gx:coord>-101.52112016666666 30.71138266666667 749.5</gx:coord>

<when>2025-12-07T23:19:27.000Z</when>
<gx:coord>-101.52382533333333 30.71303983333333 749.0</gx:coord>

<when>2025-12-07T23:19:38.000Z</when>
<gx:coord>-101.52595833333335 30.715222999999998 750.8</gx:coord>

<when>2025-12-07T23:19:49.000Z</when>
<gx:coord>-101.52751483333334 30.717707000000004 753.1</gx:coord>

<when>2025-12-07T23:20:00.000Z</when>
<gx:coord>-101.52900316666667 30.720161666666666 758.2</gx:coord>

<when>2025-12-07T23:20:11.000Z</when>
<gx:coord>-101.53065999999998 30.722498499999997 762.4</gx:coord>

<when>2025-12-07T23:20:22.000Z</when>
<gx:coord>-101.53288900000001 30.724387166666663 762.0</gx:coord>

<when>2025-12-07T23:20:33.000Z</when>
<gx:coord>-101.53560633333333 30.725735666666665 767.0</gx:coord>

<when>2025-12-07T23:20:44.000Z</when>
<gx:coord>-101.53856083333334 30.726419333333336 776.9</gx:coord>

<when>2025-12-07T23:20:55.000Z</when>
<gx:coord>-101.54155 30.72665833333333 787.2</gx:coord>

<when>2025-12-07T23:21:06.000Z</when>
<gx:coord>-101.54448716666666 30.726876333333333 798.0</gx:coord>

<when>2025-12-07T23:21:17.000Z</when>
<gx:coord>-101.54737783333333 30.7271155 808.3</gx:coord>

<when>2025-12-07T23:21:28.000Z</when>
<gx:coord>-101.550276 30.727457333333337 815.9</gx:coord>

<when>2025-12-07T23:21:39.000Z</when>
<gx:coord>-101.55332683333333 30.72786866666667 818.2</gx:coord>

<when>2025-12-07T23:21:50.000Z</when>
<gx:coord>-101.55651566666666 30.72830966666667 819.8</gx:coord>

<when>2025-12-07T23:22:01.000Z</when>
<gx:coord>-101.55973850000001 30.72873383333333 820.1</gx:coord>

<when>2025-12-07T23:22:12.000Z</when>
<gx:coord>-101.56290516666668 30.729153166666666 816.4</gx:coord>

<when>2025-12-07T23:22:23.000Z</when>
<gx:coord>-101.56607716666667 30.72958383333333 807.3</gx:coord>

<when>2025-12-07T23:22:34.000Z</when>
<gx:coord>-101.56928266666667 30.730013166666662 796.9</gx:coord>

<when>2025-12-07T23:22:45.000Z</when>
<gx:coord>-101.57253933333335 30.730449666666665 785.4</gx:coord>

<when>2025-12-07T23:22:56.000Z</when>
<gx:coord>-101.57576366666666 30.730695 773.6</gx:coord>

<when>2025-12-07T23:23:07.000Z</when>
<gx:coord>-101.57898266666668 30.730709166666664 763.1</gx:coord>

<when>2025-12-07T23:23:18.000Z</when>
<gx:coord>-101.58218383333333 30.730721166666665 752.8</gx:coord>

<when>2025-12-07T23:23:29.000Z</when>
<gx:coord>-101.58540766666668 30.730743500000003 742.6</gx:coord>

<when>2025-12-07T23:23:40.000Z</when>
<gx:coord>-101.58869433333332 30.730926999999998 732.2</gx:coord>

<when>2025-12-07T23:23:51.000Z</when>
<gx:coord>-101.59190233333332 30.73136233333333 723.9</gx:coord>

<when>2025-12-07T23:24:02.000Z</when>
<gx:coord>-101.59501100000001 30.732028333333332 718.4</gx:coord>

<when>2025-12-07T23:24:13.000Z</when>
<gx:coord>-101.59809833333333 30.7329085 716.0</gx:coord>

<when>2025-12-07T23:24:24.000Z</when>
<gx:coord>-101.60116350000001 30.733818166666666 715.3</gx:coord>

<when>2025-12-07T23:24:35.000Z</when>
<gx:coord>-101.60428816666666 30.734648833333335 712.3</gx:coord>

<when>2025-12-07T23:24:46.000Z</when>
<gx:coord>-101.60755733333332 30.735258166666668 708.7</gx:coord>

<when>2025-12-07T23:24:57.000Z</when>
<gx:coord>-101.6108365 30.735602166666663 706.8</gx:coord>

<when>2025-12-07T23:25:08.000Z</when>
<gx:coord>-101.614209 30.7356855 706.2</gx:coord>

<when>2025-12-07T23:25:19.000Z</when>
<gx:coord>-101.61755533333334 30.735511499999998 707.8</gx:coord>

<when>2025-12-07T23:25:30.000Z</when>
<gx:coord>-101.62085 30.735091166666667 708.0</gx:coord>

<when>2025-12-07T23:25:41.000Z</when>
<gx:coord>-101.62414400000002 30.734664833333333 706.3</gx:coord>

<when>2025-12-07T23:25:52.000Z</when>
<gx:coord>-101.62745199999999 30.734470333333334 704.5</gx:coord>

<when>2025-12-07T23:26:03.000Z</when>
<gx:coord>-101.63079716666668 30.73455933333333 702.2</gx:coord>

<when>2025-12-07T23:26:14.000Z</when>
<gx:coord>-101.63417933333334 30.734934833333334 698.7</gx:coord>

<when>2025-12-07T23:26:25.000Z</when>
<gx:coord>-101.63749666666666 30.7355355 693.7</gx:coord>

<when>2025-12-07T23:26:36.000Z</when>
<gx:coord>-101.64079333333332 30.736155333333333 690.3</gx:coord>

<when>2025-12-07T23:26:47.000Z</when>
<gx:coord>-101.644056 30.736761166666664 686.9</gx:coord>

<when>2025-12-07T23:26:58.000Z</when>
<gx:coord>-101.64731483333335 30.737373499999997 684.1</gx:coord>

<when>2025-12-07T23:27:09.000Z</when>
<gx:coord>-101.65051 30.737972833333334 682.6</gx:coord>

<when>2025-12-07T23:27:20.000Z</when>
<gx:coord>-101.65367450000001 30.738563999999997 681.1</gx:coord>

<when>2025-12-07T23:27:31.000Z</when>
<gx:coord>-101.65677499999998 30.739151500000002 678.4</gx:coord>

<when>2025-12-07T23:27:42.000Z</when>
<gx:coord>-101.659874 30.739729166666667 675.1</gx:coord>

<when>2025-12-07T23:27:53.000Z</when>
<gx:coord>-101.66295333333333 30.740305666666668 673.6</gx:coord>

<when>2025-12-07T23:28:04.000Z</when>
<gx:coord>-101.66606266666668 30.740883833333335 672.1</gx:coord>

<when>2025-12-07T23:28:15.000Z</when>
<gx:coord>-101.6691855 30.741472999999996 670.4</gx:coord>

<when>2025-12-07T23:28:26.000Z</when>
<gx:coord>-101.67239633333332 30.74206566666667 664.8</gx:coord>

<when>2025-12-07T23:28:37.000Z</when>
<gx:coord>-101.67554816666667 30.742657 664.3</gx:coord>

<when>2025-12-07T23:28:48.000Z</when>
<gx:coord>-101.67865616666668 30.743234500000003 665.2</gx:coord>

<when>2025-12-07T23:28:59.000Z</when>
<gx:coord>-101.68167783333335 30.743953666666666 669.1</gx:coord>

<when>2025-12-07T23:29:10.000Z</when>
<gx:coord>-101.68456383333333 30.74486866666667 674.5</gx:coord>

<when>2025-12-07T23:29:21.000Z</when>
<gx:coord>-101.68743416666666 30.745889166666664 681.4</gx:coord>

<when>2025-12-07T23:29:32.000Z</when>
<gx:coord>-101.69028699999998 30.746806833333334 692.2</gx:coord>

<when>2025-12-07T23:29:43.000Z</when>
<gx:coord>-101.69316400000001 30.747390166666666 701.6</gx:coord>

<when>2025-12-07T23:29:54.000Z</when>
<gx:coord>-101.69607283333335 30.747566666666664 710.0</gx:coord>

<when>2025-12-07T23:30:05.000Z</when>
<gx:coord>-101.6990435 30.747333166666667 715.5</gx:coord>

<when>2025-12-07T23:30:16.000Z</when>
<gx:coord>-101.70201183333332 30.74674283333333 717.1</gx:coord>

<when>2025-12-07T23:30:27.000Z</when>
<gx:coord>-101.70497233333332 30.746101333333332 718.9</gx:coord>

<when>2025-12-07T23:30:38.000Z</when>
<gx:coord>-101.70789566666666 30.74546816666667 720.3</gx:coord>

<when>2025-12-07T23:30:49.000Z</when>
<gx:coord>-101.71076550000001 30.744789500000003 725.3</gx:coord>

<when>2025-12-07T23:31:00.000Z</when>
<gx:coord>-101.71342000000001 30.743804666666666 735.9</gx:coord>

<when>2025-12-07T23:31:11.000Z</when>
<gx:coord>-101.71585566666666 30.742477666666666 744.8</gx:coord>

<when>2025-12-07T23:31:22.000Z</when>
<gx:coord>-101.71810400000001 30.7409415 754.2</gx:coord>

<when>2025-12-07T23:31:33.000Z</when>
<gx:coord>-101.72039583333331 30.739357333333334 761.2</gx:coord>

<when>2025-12-07T23:31:44.000Z</when>
<gx:coord>-101.72283616666667 30.73767966666667 762.1</gx:coord>

<when>2025-12-07T23:31:55.000Z</when>
<gx:coord>-101.72528583333333 30.7359915 757.1</gx:coord>

<when>2025-12-07T23:32:06.000Z</when>
<gx:coord>-101.72786183333334 30.73453266666667 749.5</gx:coord>

<when>2025-12-07T23:32:17.000Z</when>
<gx:coord>-101.73075783333334 30.733666000000003 744.0</gx:coord>

<when>2025-12-07T23:32:28.000Z</when>
<gx:coord>-101.73374816666667 30.733455499999998 733.5</gx:coord>

<when>2025-12-07T23:32:39.000Z</when>
<gx:coord>-101.7367575 30.733605166666667 724.4</gx:coord>

<when>2025-12-07T23:32:50.000Z</when>
<gx:coord>-101.73972283333333 30.733266166666667 718.0</gx:coord>

<when>2025-12-07T23:33:01.000Z</when>
<gx:coord>-101.74249933333334 30.732173333333336 712.5</gx:coord>

<when>2025-12-07T23:33:12.000Z</when>
<gx:coord>-101.74491366666668 30.73044916666667 711.7</gx:coord>

<when>2025-12-07T23:33:23.000Z</when>
<gx:coord>-101.74725199999999 30.72858533333333 711.8</gx:coord>

<when>2025-12-07T23:33:34.000Z</when>
<gx:coord>-101.74964433333335 30.72672433333333 708.6</gx:coord>

<when>2025-12-07T23:33:45.000Z</when>
<gx:coord>-101.75230666666667 30.725159333333334 701.1</gx:coord>

<when>2025-12-07T23:33:56.000Z</when>
<gx:coord>-101.75515616666668 30.723785 693.5</gx:coord>

<when>2025-12-07T23:34:07.000Z</when>
<gx:coord>-101.75801833333335 30.72246433333333 688.6</gx:coord>

<when>2025-12-07T23:34:18.000Z</when>
<gx:coord>-101.76098833333332 30.721355333333335 683.8</gx:coord>

<when>2025-12-07T23:34:29.000Z</when>
<gx:coord>-101.76408500000001 30.72047016666667 677.0</gx:coord>

<when>2025-12-07T23:34:40.000Z</when>
<gx:coord>-101.76728433333334 30.7196575 674.0</gx:coord>

<when>2025-12-07T23:34:51.000Z</when>
<gx:coord>-101.77044550000001 30.71885216666667 672.6</gx:coord>

<when>2025-12-07T23:35:02.000Z</when>
<gx:coord>-101.77359916666667 30.718050166666664 670.9</gx:coord>

<when>2025-12-07T23:35:13.000Z</when>
<gx:coord>-101.77677 30.717245000000002 668.9</gx:coord>

<when>2025-12-07T23:35:24.000Z</when>
<gx:coord>-101.77994416666667 30.716437499999998 667.2</gx:coord>

<when>2025-12-07T23:35:35.000Z</when>
<gx:coord>-101.78304516666667 30.71564766666667 668.3</gx:coord>

<when>2025-12-07T23:35:46.000Z</when>
<gx:coord>-101.78612466666667 30.714862499999995 667.0</gx:coord>

<when>2025-12-07T23:35:57.000Z</when>
<gx:coord>-101.7892685 30.71415116666667 662.2</gx:coord>

<when>2025-12-07T23:36:08.000Z</when>
<gx:coord>-101.79251100000002 30.713892333333334 657.2</gx:coord>

<when>2025-12-07T23:36:19.000Z</when>
<gx:coord>-101.79572483333335 30.71412983333333 652.0</gx:coord>

<when>2025-12-07T23:36:30.000Z</when>
<gx:coord>-101.79884216666666 30.714850333333334 645.1</gx:coord>

<when>2025-12-07T23:36:41.000Z</when>
<gx:coord>-101.80188799999999 30.715714166666665 640.9</gx:coord>

<when>2025-12-07T23:36:52.000Z</when>
<gx:coord>-101.80488416666667 30.716551666666668 638.6</gx:coord>

<when>2025-12-07T23:37:03.000Z</when>
<gx:coord>-101.80790283333333 30.717390833333337 635.9</gx:coord>

<when>2025-12-07T23:37:14.000Z</when>
<gx:coord>-101.81091583333334 30.71823266666667 635.8</gx:coord>

<when>2025-12-07T23:37:25.000Z</when>
<gx:coord>-101.81391 30.719211333333337 636.2</gx:coord>

<when>2025-12-07T23:37:36.000Z</when>
<gx:coord>-101.81666616666668 30.720566666666667 639.5</gx:coord>

<when>2025-12-07T23:37:47.000Z</when>
<gx:coord>-101.81912283333334 30.722310500000003 642.7</gx:coord>

<when>2025-12-07T23:37:58.000Z</when>
<gx:coord>-101.82149366666665 30.724203666666668 648.2</gx:coord>

<when>2025-12-07T23:38:09.000Z</when>
<gx:coord>-101.82383016666667 30.726075166666668 653.3</gx:coord>

<when>2025-12-07T23:38:20.000Z</when>
<gx:coord>-101.82615750000001 30.727936666666665 656.4</gx:coord>

<when>2025-12-07T23:38:31.000Z</when>
<gx:coord>-101.82846683333334 30.7297865 656.1</gx:coord>

<when>2025-12-07T23:38:42.000Z</when>
<gx:coord>-101.83074800000001 30.73162316666667 662.4</gx:coord>

<when>2025-12-07T23:38:53.000Z</when>
<gx:coord>-101.83299800000002 30.733431333333336 667.5</gx:coord>

<when>2025-12-07T23:39:04.000Z</when>
<gx:coord>-101.83526266666668 30.735250833333332 667.9</gx:coord>

<when>2025-12-07T23:39:15.000Z</when>
<gx:coord>-101.83757183333334 30.73709 666.4</gx:coord>

<when>2025-12-07T23:39:26.000Z</when>
<gx:coord>-101.84018133333332 30.738758 665.2</gx:coord>

<when>2025-12-07T23:39:37.000Z</when>
<gx:coord>-101.8433095 30.73993366666667 663.9</gx:coord>

<when>2025-12-07T23:39:48.000Z</when>
<gx:coord>-101.84670916666667 30.740536833333334 662.7</gx:coord>

<when>2025-12-07T23:39:59.000Z</when>
<gx:coord>-101.85008483333334 30.741048999999997 663.5</gx:coord>

<when>2025-12-07T23:40:10.000Z</when>
<gx:coord>-101.85331666666667 30.741543499999995 665.9</gx:coord>

<when>2025-12-07T23:40:21.000Z</when>
<gx:coord>-101.85652266666666 30.742026499999998 666.6</gx:coord>

<when>2025-12-07T23:40:32.000Z</when>
<gx:coord>-101.85979616666667 30.742520666666664 665.5</gx:coord>

<when>2025-12-07T23:40:43.000Z</when>
<gx:coord>-101.86313933333334 30.743025499999998 665.9</gx:coord>

<when>2025-12-07T23:40:54.000Z</when>
<gx:coord>-101.86647083333334 30.743531 666.3</gx:coord>

<when>2025-12-07T23:41:05.000Z</when>
<gx:coord>-101.86976133333334 30.7440305 666.6</gx:coord>

<when>2025-12-07T23:41:16.000Z</when>
<gx:coord>-101.87306199999999 30.744530333333334 667.1</gx:coord>

<when>2025-12-07T23:41:27.000Z</when>
<gx:coord>-101.87631466666666 30.745028333333334 669.6</gx:coord>

<when>2025-12-07T23:41:38.000Z</when>
<gx:coord>-101.87947016666666 30.7455075 673.7</gx:coord>

<when>2025-12-07T23:41:49.000Z</when>
<gx:coord>-101.88266483333334 30.745997499999998 675.2</gx:coord>

<when>2025-12-07T23:42:00.000Z</when>
<gx:coord>-101.8859075 30.74648366666667 677.9</gx:coord>

<when>2025-12-07T23:42:11.000Z</when>
<gx:coord>-101.88910833333333 30.746973333333337 679.9</gx:coord>

<when>2025-12-07T23:42:22.000Z</when>
<gx:coord>-101.89228116666666 30.747572666666663 680.3</gx:coord>

<when>2025-12-07T23:42:33.000Z</when>
<gx:coord>-101.89522266666667 30.74859666666667 684.0</gx:coord>

<when>2025-12-07T23:42:44.000Z</when>
<gx:coord>-101.898123 30.749808500000004 685.1</gx:coord>

<when>2025-12-07T23:42:55.000Z</when>
<gx:coord>-101.90106416666667 30.751029166666665 685.2</gx:coord>

<when>2025-12-07T23:43:06.000Z</when>
<gx:coord>-101.90395216666666 30.752235000000002 685.1</gx:coord>

<when>2025-12-07T23:43:17.000Z</when>
<gx:coord>-101.90684449999999 30.753442166666666 684.8</gx:coord>

<when>2025-12-07T23:43:28.000Z</when>
<gx:coord>-101.90972666666667 30.75464416666667 685.8</gx:coord>

<when>2025-12-07T23:43:39.000Z</when>
<gx:coord>-101.91263566666666 30.755856499999997 686.9</gx:coord>

<when>2025-12-07T23:43:50.000Z</when>
<gx:coord>-101.91556116666668 30.757075 689.6</gx:coord>

<when>2025-12-07T23:44:01.000Z</when>
<gx:coord>-101.91847283333333 30.758287166666666 690.3</gx:coord>

<when>2025-12-07T23:44:12.000Z</when>
<gx:coord>-101.92139216666668 30.759503666666667 693.0</gx:coord>

<when>2025-12-07T23:44:23.000Z</when>
<gx:coord>-101.92430449999999 30.760714 695.3</gx:coord>

<when>2025-12-07T23:44:34.000Z</when>
<gx:coord>-101.9272335 30.76193466666667 697.4</gx:coord>

<when>2025-12-07T23:44:45.000Z</when>
<gx:coord>-101.93024166666667 30.76318516666667 698.3</gx:coord>

<when>2025-12-07T23:44:56.000Z</when>
<gx:coord>-101.93334750000001 30.764480333333335 699.9</gx:coord>

<when>2025-12-07T23:45:07.000Z</when>
<gx:coord>-101.93630733333333 30.765712999999998 704.5</gx:coord>

<when>2025-12-07T23:45:18.000Z</when>
<gx:coord>-101.93919433333333 30.76701483333333 708.5</gx:coord>

<when>2025-12-07T23:45:29.000Z</when>
<gx:coord>-101.941844 30.768573999999997 709.3</gx:coord>

<when>2025-12-07T23:45:40.000Z</when>
<gx:coord>-101.94454449999999 30.770182166666668 710.0</gx:coord>

<when>2025-12-07T23:45:51.000Z</when>
<gx:coord>-101.94724983333332 30.77179983333333 712.4</gx:coord>

<when>2025-12-07T23:46:02.000Z</when>
<gx:coord>-101.9499245 30.773394500000002 716.2</gx:coord>

<when>2025-12-07T23:46:13.000Z</when>
<gx:coord>-101.95250666666668 30.775102666666665 716.8</gx:coord>

<when>2025-12-07T23:46:24.000Z</when>
<gx:coord>-101.95457866666666 30.777245333333333 716.7</gx:coord>

<when>2025-12-07T23:46:35.000Z</when>
<gx:coord>-101.95614466666666 30.779656 722.3</gx:coord>

<when>2025-12-07T23:46:46.000Z</when>
<gx:coord>-101.95765183333333 30.782136833333333 725.6</gx:coord>

<when>2025-12-07T23:46:57.000Z</when>
<gx:coord>-101.95913966666667 30.78459116666667 726.9</gx:coord>

<when>2025-12-07T23:47:08.000Z</when>
<gx:coord>-101.96062366666665 30.78703366666667 730.1</gx:coord>

<when>2025-12-07T23:47:19.000Z</when>
<gx:coord>-101.96209333333333 30.789447166666665 733.4</gx:coord>

<when>2025-12-07T23:47:30.000Z</when>
<gx:coord>-101.96355833333334 30.791862166666668 736.2</gx:coord>

<when>2025-12-07T23:47:41.000Z</when>
<gx:coord>-101.96504366666667 30.7942325 737.0</gx:coord>

<when>2025-12-07T23:47:52.000Z</when>
<gx:coord>-101.96699083333333 30.7963755 737.7</gx:coord>

<when>2025-12-07T23:48:03.000Z</when>
<gx:coord>-101.9694135 30.798117833333336 735.8</gx:coord>

<when>2025-12-07T23:48:14.000Z</when>
<gx:coord>-101.97212149999999 30.799545 733.3</gx:coord>

<when>2025-12-07T23:48:25.000Z</when>
<gx:coord>-101.97481483333334 30.800941833333333 732.4</gx:coord>

<when>2025-12-07T23:48:36.000Z</when>
<gx:coord>-101.97749 30.802326833333336 733.5</gx:coord>

<when>2025-12-07T23:48:47.000Z</when>
<gx:coord>-101.98020816666667 30.803728333333332 735.7</gx:coord>

<when>2025-12-07T23:48:58.000Z</when>
<gx:coord>-101.98290933333334 30.8051255 738.5</gx:coord>

<when>2025-12-07T23:49:09.000Z</when>
<gx:coord>-101.985609 30.806514666666665 741.9</gx:coord>

<when>2025-12-07T23:49:20.000Z</when>
<gx:coord>-101.98827866666667 30.807896833333334 742.8</gx:coord>

<when>2025-12-07T23:49:31.000Z</when>
<gx:coord>-101.99088599999999 30.809234500000002 748.7</gx:coord>

<when>2025-12-07T23:49:42.000Z</when>
<gx:coord>-101.99348766666665 30.810575000000004 750.6</gx:coord>

<when>2025-12-07T23:49:53.000Z</when>
<gx:coord>-101.99612266666666 30.81193783333333 750.7</gx:coord>

<when>2025-12-07T23:50:04.000Z</when>
<gx:coord>-101.99853183333335 30.81352566666667 753.1</gx:coord>

<when>2025-12-07T23:50:15.000Z</when>
<gx:coord>-102.00046316666666 30.815475666666664 755.3</gx:coord>

<when>2025-12-07T23:50:26.000Z</when>
<gx:coord>-102.00197983333334 30.817715333333332 755.7</gx:coord>

<when>2025-12-07T23:50:37.000Z</when>
<gx:coord>-102.00344516666668 30.8200125 753.9</gx:coord>

<when>2025-12-07T23:50:48.000Z</when>
<gx:coord>-102.00492566666665 30.822284666666665 754.3</gx:coord>

<when>2025-12-07T23:50:59.000Z</when>
<gx:coord>-102.00668766666668 30.824331833333336 755.6</gx:coord>

<when>2025-12-07T23:51:10.000Z</when>
<gx:coord>-102.00888566666666 30.826032833333336 756.3</gx:coord>

<when>2025-12-07T23:51:21.000Z</when>
<gx:coord>-102.01139233333333 30.827319666666668 759.6</gx:coord>

<when>2025-12-07T23:51:32.000Z</when>
<gx:coord>-102.01402933333333 30.82847433333333 761.3</gx:coord>

<when>2025-12-07T23:51:43.000Z</when>
<gx:coord>-102.01664799999999 30.829626833333336 762.6</gx:coord>

<when>2025-12-07T23:51:54.000Z</when>
<gx:coord>-102.01922533333332 30.830759333333337 764.9</gx:coord>

<when>2025-12-07T23:52:05.000Z</when>
<gx:coord>-102.021744 30.831868666666665 768.0</gx:coord>

<when>2025-12-07T23:52:16.000Z</when>
<gx:coord>-102.02418816666668 30.83293716666667 769.4</gx:coord>

<when>2025-12-07T23:52:27.000Z</when>
<gx:coord>-102.02659916666668 30.83400483333333 770.6</gx:coord>

<when>2025-12-07T23:52:38.000Z</when>
<gx:coord>-102.02912283333332 30.835110166666663 771.8</gx:coord>

<when>2025-12-07T23:52:49.000Z</when>
<gx:coord>-102.03163850000001 30.836220166666667 773.0</gx:coord>

<when>2025-12-07T23:53:00.000Z</when>
<gx:coord>-102.03418116666666 30.83733816666667 773.5</gx:coord>

<when>2025-12-07T23:53:11.000Z</when>
<gx:coord>-102.036683 30.838438166666666 776.5</gx:coord>

<when>2025-12-07T23:53:22.000Z</when>
<gx:coord>-102.03918716666666 30.839540000000003 779.3</gx:coord>

<when>2025-12-07T23:53:33.000Z</when>
<gx:coord>-102.04181966666665 30.840698166666666 780.3</gx:coord>

<when>2025-12-07T23:53:44.000Z</when>
<gx:coord>-102.04452583333332 30.841899333333338 782.3</gx:coord>

<when>2025-12-07T23:53:55.000Z</when>
<gx:coord>-102.04725866666668 30.843101166666663 782.9</gx:coord>

<when>2025-12-07T23:54:06.000Z</when>
<gx:coord>-102.04994633333332 30.8442865 783.2</gx:coord>

<when>2025-12-07T23:54:17.000Z</when>
<gx:coord>-102.052616 30.845472000000004 782.7</gx:coord>

<when>2025-12-07T23:54:28.000Z</when>
<gx:coord>-102.055128 30.84685683333333 782.8</gx:coord>

<when>2025-12-07T23:54:39.000Z</when>
<gx:coord>-102.05759000000002 30.8482815 782.8</gx:coord>

<when>2025-12-07T23:54:50.000Z</when>
<gx:coord>-102.06004116666666 30.849701333333336 783.6</gx:coord>

<when>2025-12-07T23:55:01.000Z</when>
<gx:coord>-102.06249449999999 30.85112433333334 784.4</gx:coord>

<when>2025-12-07T23:55:12.000Z</when>
<gx:coord>-102.06493 30.852530166666664 785.3</gx:coord>

<when>2025-12-07T23:55:23.000Z</when>
<gx:coord>-102.06735666666667 30.85393333333333 786.9</gx:coord>

<when>2025-12-07T23:55:34.000Z</when>
<gx:coord>-102.06976416666666 30.855328 789.4</gx:coord>

<when>2025-12-07T23:55:45.000Z</when>
<gx:coord>-102.07219183333333 30.856737833333334 792.9</gx:coord>

<when>2025-12-07T23:55:56.000Z</when>
<gx:coord>-102.07466983333333 30.858168999999997 794.1</gx:coord>

<when>2025-12-07T23:56:07.000Z</when>
<gx:coord>-102.07715866666668 30.85960283333333 794.2</gx:coord>

<when>2025-12-07T23:56:18.000Z</when>
<gx:coord>-102.07964066666666 30.8610375 795.6</gx:coord>

<when>2025-12-07T23:56:29.000Z</when>
<gx:coord>-102.08211816666666 30.862470666666663 799.1</gx:coord>

<when>2025-12-07T23:56:40.000Z</when>
<gx:coord>-102.084571 30.863891 802.2</gx:coord>

<when>2025-12-07T23:56:51.000Z</when>
<gx:coord>-102.08705416666665 30.86533083333334 803.9</gx:coord>

<when>2025-12-07T23:57:02.000Z</when>
<gx:coord>-102.08959016666668 30.866789999999998 803.3</gx:coord>

<when>2025-12-07T23:57:13.000Z</when>
<gx:coord>-102.09213833333334 30.868263000000002 803.3</gx:coord>

<when>2025-12-07T23:57:24.000Z</when>
<gx:coord>-102.09471983333333 30.869726333333332 802.8</gx:coord>

<when>2025-12-07T23:57:35.000Z</when>
<gx:coord>-102.09747433333332 30.870905 805.3</gx:coord>

<when>2025-12-07T23:57:46.000Z</when>
<gx:coord>-102.10037233333333 30.871856166666664 805.0</gx:coord>

<when>2025-12-07T23:57:57.000Z</when>
<gx:coord>-102.10325999999999 30.872790333333334 805.2</gx:coord>

<when>2025-12-07T23:58:08.000Z</when>
<gx:coord>-102.10610116666666 30.873716666666663 808.4</gx:coord>

<when>2025-12-07T23:58:19.000Z</when>
<gx:coord>-102.10890650000002 30.874624999999998 811.6</gx:coord>

<when>2025-12-07T23:58:30.000Z</when>
<gx:coord>-102.11176449999999 30.875558666666667 812.9</gx:coord>

<when>2025-12-07T23:58:41.000Z</when>
<gx:coord>-102.1146495 30.876498333333334 813.3</gx:coord>

<when>2025-12-07T23:58:52.000Z</when>
<gx:coord>-102.11752083333334 30.87743383333333 813.4</gx:coord>

<when>2025-12-07T23:59:03.000Z</when>
<gx:coord>-102.1203425 30.878380500000002 815.4</gx:coord>

<when>2025-12-07T23:59:14.000Z</when>
<gx:coord>-102.12306099999999 30.879400499999996 817.8</gx:coord>

<when>2025-12-07T23:59:25.000Z</when>
<gx:coord>-102.12581216666668 30.88039966666667 818.6</gx:coord>

<when>2025-12-07T23:59:36.000Z</when>
<gx:coord>-102.12864716666667 30.881312499999996 819.2</gx:coord>

<when>2025-12-07T23:59:47.000Z</when>
<gx:coord>-102.13148699999998 30.882117333333333 820.0</gx:coord>

<when>2025-12-07T23:59:58.000Z</when>
<gx:coord>-102.13430966666668 30.88293 822.7</gx:coord>

<when>2025-12-08T00:00:09.000Z</when>
<gx:coord>-102.137138 30.883836166666665 824.5</gx:coord>

<when>2025-12-08T00:00:20.000Z</when>
<gx:coord>-102.1399915 30.88476633333333 826.0</gx:coord>

<when>2025-12-08T00:00:31.000Z</when>
<gx:coord>-102.14285283333332 30.885703166666666 828.1</gx:coord>

<when>2025-12-08T00:00:42.000Z</when>
<gx:coord>-102.1457455 30.886645166666668 830.0</gx:coord>

<when>2025-12-08T00:00:53.000Z</when>
<gx:coord>-102.14862133333332 30.887585166666668 834.1</gx:coord>

<when>2025-12-08T00:01:04.000Z</when>
<gx:coord>-102.151546 30.888530833333334 838.3</gx:coord>

<when>2025-12-08T00:01:15.000Z</when>
<gx:coord>-102.15456866666666 30.889514666666667 842.4</gx:coord>

<when>2025-12-08T00:01:26.000Z</when>
<gx:coord>-102.15757116666667 30.8904935 844.6</gx:coord>

<when>2025-12-08T00:01:37.000Z</when>
<gx:coord>-102.16054766666666 30.891420499999995 847.5</gx:coord>

<when>2025-12-08T00:01:48.000Z</when>
<gx:coord>-102.1636235 30.89199416666667 850.9</gx:coord>

<when>2025-12-08T00:01:59.000Z</when>
<gx:coord>-102.16677616666666 30.892101000000004 852.4</gx:coord>

<when>2025-12-08T00:02:10.000Z</when>
<gx:coord>-102.16993366666665 30.892005499999996 855.1</gx:coord>

<when>2025-12-08T00:02:21.000Z</when>
<gx:coord>-102.17313933333335 30.891912333333334 859.1</gx:coord>

<when>2025-12-08T00:02:32.000Z</when>
<gx:coord>-102.17630949999999 30.891820666666664 863.0</gx:coord>

<when>2025-12-08T00:02:43.000Z</when>
<gx:coord>-102.17946716666665 30.891726499999997 864.9</gx:coord>

<when>2025-12-08T00:02:54.000Z</when>
<gx:coord>-102.18261533333335 30.891634333333332 864.5</gx:coord>

<when>2025-12-08T00:03:05.000Z</when>
<gx:coord>-102.185749 30.891544 865.8</gx:coord>

<when>2025-12-08T00:03:16.000Z</when>
<gx:coord>-102.18881083333332 30.891462999999998 865.1</gx:coord>

<when>2025-12-08T00:03:27.000Z</when>
<gx:coord>-102.19189149999998 30.891525333333334 862.4</gx:coord>

<when>2025-12-08T00:03:38.000Z</when>
<gx:coord>-102.19498666666665 30.891741166666666 858.1</gx:coord>

<when>2025-12-08T00:03:49.000Z</when>
<gx:coord>-102.1981175 30.89196516666667 851.8</gx:coord>

<when>2025-12-08T00:04:00.000Z</when>
<gx:coord>-102.20126783333332 30.892197499999998 844.5</gx:coord>

<when>2025-12-08T00:04:11.000Z</when>
<gx:coord>-102.20446966666665 30.89243333333333 840.1</gx:coord>

<when>2025-12-08T00:04:22.000Z</when>
<gx:coord>-102.20775483333334 30.892672166666664 836.6</gx:coord>

<when>2025-12-08T00:04:33.000Z</when>
<gx:coord>-102.21100416666668 30.892908666666667 836.0</gx:coord>

<when>2025-12-08T00:04:44.000Z</when>
<gx:coord>-102.21416249999999 30.893141833333335 835.1</gx:coord>

<when>2025-12-08T00:04:55.000Z</when>
<gx:coord>-102.21727283333333 30.893366333333333 836.4</gx:coord>

<when>2025-12-08T00:05:06.000Z</when>
<gx:coord>-102.22036783333333 30.8935905 834.6</gx:coord>

<when>2025-12-08T00:05:17.000Z</when>
<gx:coord>-102.22350633333332 30.893621500000002 827.7</gx:coord>

<when>2025-12-08T00:05:28.000Z</when>
<gx:coord>-102.22663516666668 30.8935375 818.4</gx:coord>

<when>2025-12-08T00:05:39.000Z</when>
<gx:coord>-102.22976266666667 30.893452166666666 810.4</gx:coord>

<when>2025-12-08T00:05:50.000Z</when>
<gx:coord>-102.2328835 30.893366999999998 804.4</gx:coord>

<when>2025-12-08T00:06:01.000Z</when>
<gx:coord>-102.23608483333334 30.893285666666664 795.9</gx:coord>

<when>2025-12-08T00:06:12.000Z</when>
<gx:coord>-102.23931783333335 30.89320133333333 793.4</gx:coord>

<when>2025-12-08T00:06:23.000Z</when>
<gx:coord>-102.24247666666666 30.89311416666667 792.1</gx:coord>

<when>2025-12-08T00:06:34.000Z</when>
<gx:coord>-102.24562466666666 30.8930285 792.1</gx:coord>

<when>2025-12-08T00:06:45.000Z</when>
<gx:coord>-102.24872316666666 30.89294333333333 790.8</gx:coord>

<when>2025-12-08T00:06:56.000Z</when>
<gx:coord>-102.25181533333334 30.892857499999998 788.8</gx:coord>

<when>2025-12-08T00:07:07.000Z</when>
<gx:coord>-102.25487583333333 30.89277566666666 788.7</gx:coord>

<when>2025-12-08T00:07:18.000Z</when>
<gx:coord>-102.25797033333335 30.892693166666664 787.3</gx:coord>

<when>2025-12-08T00:07:29.000Z</when>
<gx:coord>-102.2610685 30.892608000000003 785.2</gx:coord>

<when>2025-12-08T00:07:40.000Z</when>
<gx:coord>-102.26414949999999 30.892520833333332 783.0</gx:coord>

<when>2025-12-08T00:07:51.000Z</when>
<gx:coord>-102.26721816666668 30.892237333333334 783.2</gx:coord>

<when>2025-12-08T00:08:02.000Z</when>
<gx:coord>-102.27019783333331 30.89152316666667 782.9</gx:coord>

<when>2025-12-08T00:08:13.000Z</when>
<gx:coord>-102.27303633333334 30.8904495 782.4</gx:coord>

<when>2025-12-08T00:08:24.000Z</when>
<gx:coord>-102.27586266666667 30.889322500000002 782.6</gx:coord>

<when>2025-12-08T00:08:35.000Z</when>
<gx:coord>-102.27862116666665 30.888220833333335 782.4</gx:coord>

<when>2025-12-08T00:08:46.000Z</when>
<gx:coord>-102.2813375 30.887139666666666 782.1</gx:coord>

<when>2025-12-08T00:08:57.000Z</when>
<gx:coord>-102.28407333333334 30.886086666666664 781.8</gx:coord>

<when>2025-12-08T00:09:08.000Z</when>
<gx:coord>-102.28691416666668 30.885343166666665 781.1</gx:coord>

<when>2025-12-08T00:09:19.000Z</when>
<gx:coord>-102.28988966666665 30.885017333333334 781.0</gx:coord>

<when>2025-12-08T00:09:30.000Z</when>
<gx:coord>-102.2928755 30.8850165 781.4</gx:coord>

<when>2025-12-08T00:09:41.000Z</when>
<gx:coord>-102.29584733333334 30.8850315 782.3</gx:coord>

<when>2025-12-08T00:09:52.000Z</when>
<gx:coord>-102.29885383333334 30.885052000000005 782.0</gx:coord>

<when>2025-12-08T00:10:03.000Z</when>
<gx:coord>-102.3018505 30.885074166666662 784.2</gx:coord>

<when>2025-12-08T00:10:14.000Z</when>
<gx:coord>-102.3048305 30.88509033333333 785.1</gx:coord>

<when>2025-12-08T00:10:25.000Z</when>
<gx:coord>-102.30786833333335 30.885141666666662 785.3</gx:coord>

<when>2025-12-08T00:10:36.000Z</when>
<gx:coord>-102.31088133333333 30.885688166666668 785.8</gx:coord>

<when>2025-12-08T00:10:47.000Z</when>
<gx:coord>-102.31369733333334 30.886704166666664 787.2</gx:coord>

<when>2025-12-08T00:10:58.000Z</when>
<gx:coord>-102.3164255 30.88772183333333 793.1</gx:coord>

<when>2025-12-08T00:11:09.000Z</when>
<gx:coord>-102.31913433333332 30.888721 800.1</gx:coord>

<when>2025-12-08T00:11:20.000Z</when>
<gx:coord>-102.32177066666667 30.88970266666667 805.5</gx:coord>

<when>2025-12-08T00:11:31.000Z</when>
<gx:coord>-102.32441533333333 30.890676999999997 807.2</gx:coord>

<when>2025-12-08T00:11:42.000Z</when>
<gx:coord>-102.32713483333333 30.891672499999995 805.5</gx:coord>

<when>2025-12-08T00:11:53.000Z</when>
<gx:coord>-102.33004716666667 30.892507000000002 800.3</gx:coord>

<when>2025-12-08T00:12:04.000Z</when>
<gx:coord>-102.33309499999999 30.893184833333333 791.1</gx:coord>

<when>2025-12-08T00:12:15.000Z</when>
<gx:coord>-102.33628433333334 30.89387616666667 786.4</gx:coord>

<when>2025-12-08T00:12:26.000Z</when>
<gx:coord>-102.33938116666668 30.89454316666667 783.8</gx:coord>

<when>2025-12-08T00:12:37.000Z</when>
<gx:coord>-102.3424635 30.89518616666667 785.1</gx:coord>

<when>2025-12-08T00:12:48.000Z</when>
<gx:coord>-102.34551783333333 30.895492833333332 787.6</gx:coord>

<when>2025-12-08T00:12:59.000Z</when>
<gx:coord>-102.34856216666667 30.895611 789.2</gx:coord>

<when>2025-12-08T00:13:10.000Z</when>
<gx:coord>-102.35169599999999 30.895739000000003 785.6</gx:coord>

<when>2025-12-08T00:13:21.000Z</when>
<gx:coord>-102.35490683333335 30.895864333333332 781.2</gx:coord>

<when>2025-12-08T00:13:32.000Z</when>
<gx:coord>-102.35806499999998 30.895987833333333 780.2</gx:coord>

<when>2025-12-08T00:13:43.000Z</when>
<gx:coord>-102.36125166666667 30.895944999999998 776.8</gx:coord>

<when>2025-12-08T00:13:54.000Z</when>
<gx:coord>-102.36437716666666 30.895623 776.1</gx:coord>

<when>2025-12-08T00:14:05.000Z</when>
<gx:coord>-102.36744683333333 30.895296999999996 776.5</gx:coord>

<when>2025-12-08T00:14:16.000Z</when>
<gx:coord>-102.37043533333332 30.89497383333333 776.1</gx:coord>

<when>2025-12-08T00:14:27.000Z</when>
<gx:coord>-102.373453 30.89465566666667 775.5</gx:coord>

<when>2025-12-08T00:14:38.000Z</when>
<gx:coord>-102.37656999999999 30.894326999999997 777.3</gx:coord>

<when>2025-12-08T00:14:49.000Z</when>
<gx:coord>-102.37964016666668 30.893987999999997 783.3</gx:coord>

<when>2025-12-08T00:15:00.000Z</when>
<gx:coord>-102.38266383333332 30.893612666666666 787.8</gx:coord>

<when>2025-12-08T00:15:11.000Z</when>
<gx:coord>-102.385749 30.893143666666667 784.8</gx:coord>

<when>2025-12-08T00:15:22.000Z</when>
<gx:coord>-102.38884333333333 30.892673 781.4</gx:coord>

<when>2025-12-08T00:15:33.000Z</when>
<gx:coord>-102.39188016666667 30.892209333333334 780.9</gx:coord>

<when>2025-12-08T00:15:44.000Z</when>
<gx:coord>-102.39490433333334 30.89174816666667 781.7</gx:coord>

<when>2025-12-08T00:15:55.000Z</when>
<gx:coord>-102.39790550000001 30.891296166666667 782.3</gx:coord>

<when>2025-12-08T00:16:06.000Z</when>
<gx:coord>-102.40088916666667 30.890838166666672 783.2</gx:coord>

<when>2025-12-08T00:16:17.000Z</when>
<gx:coord>-102.403901 30.890385666666663 783.3</gx:coord>

<when>2025-12-08T00:16:28.000Z</when>
<gx:coord>-102.40692016666665 30.889926 784.6</gx:coord>

<when>2025-12-08T00:16:39.000Z</when>
<gx:coord>-102.40995116666666 30.88946583333333 786.1</gx:coord>

<when>2025-12-08T00:16:50.000Z</when>
<gx:coord>-102.41299116666666 30.889007833333334 788.0</gx:coord>

<when>2025-12-08T00:17:01.000Z</when>
<gx:coord>-102.41600166666667 30.888542833333336 789.2</gx:coord>

<when>2025-12-08T00:17:12.000Z</when>
<gx:coord>-102.41899883333332 30.888091 791.4</gx:coord>

<when>2025-12-08T00:17:23.000Z</when>
<gx:coord>-102.421977 30.88764216666667 794.3</gx:coord>

<when>2025-12-08T00:17:34.000Z</when>
<gx:coord>-102.42492483333332 30.887190333333333 795.9</gx:coord>

<when>2025-12-08T00:17:45.000Z</when>
<gx:coord>-102.427885 30.886741999999995 797.1</gx:coord>

<when>2025-12-08T00:17:56.000Z</when>
<gx:coord>-102.43082000000001 30.88629866666667 798.6</gx:coord>

<when>2025-12-08T00:18:07.000Z</when>
<gx:coord>-102.43369650000001 30.885869333333336 801.4</gx:coord>

<when>2025-12-08T00:18:18.000Z</when>
<gx:coord>-102.43655116666666 30.88543383333333 803.3</gx:coord>

<when>2025-12-08T00:18:29.000Z</when>
<gx:coord>-102.4393865 30.885002833333335 804.6</gx:coord>

<when>2025-12-08T00:18:40.000Z</when>
<gx:coord>-102.44232683333333 30.88456216666667 807.0</gx:coord>

<when>2025-12-08T00:18:51.000Z</when>
<gx:coord>-102.44529800000001 30.88410783333334 809.6</gx:coord>

<when>2025-12-08T00:19:02.000Z</when>
<gx:coord>-102.44832533333334 30.883650499999998 811.0</gx:coord>

<when>2025-12-08T00:19:13.000Z</when>
<gx:coord>-102.45136166666667 30.883119333333337 813.4</gx:coord>

<when>2025-12-08T00:19:24.000Z</when>
<gx:coord>-102.45425099999999 30.882199333333332 814.0</gx:coord>

<when>2025-12-08T00:19:35.000Z</when>
<gx:coord>-102.45706616666666 30.88095733333334 814.2</gx:coord>

<when>2025-12-08T00:19:46.000Z</when>
<gx:coord>-102.459896 30.87969233333333 815.6</gx:coord>

<when>2025-12-08T00:19:57.000Z</when>
<gx:coord>-102.46274700000001 30.878420166666668 816.8</gx:coord>

<when>2025-12-08T00:20:08.000Z</when>
<gx:coord>-102.46557333333334 30.877160000000003 816.8</gx:coord>

<when>2025-12-08T00:20:19.000Z</when>
<gx:coord>-102.4683945 30.87589966666667 816.7</gx:coord>

<when>2025-12-08T00:20:30.000Z</when>
<gx:coord>-102.47118733333333 30.874660166666665 816.8</gx:coord>

<when>2025-12-08T00:20:41.000Z</when>
<gx:coord>-102.47401383333333 30.87339533333333 816.5</gx:coord>

<when>2025-12-08T00:20:52.000Z</when>
<gx:coord>-102.47681349999999 30.872150166666664 817.6</gx:coord>

<when>2025-12-08T00:21:03.000Z</when>
<gx:coord>-102.4796335 30.8709995 816.1</gx:coord>

<when>2025-12-08T00:21:14.000Z</when>
<gx:coord>-102.48264766666668 30.870263 815.9</gx:coord>

<when>2025-12-08T00:21:25.000Z</when>
<gx:coord>-102.48567883333332 30.869725000000003 816.1</gx:coord>

<when>2025-12-08T00:21:36.000Z</when>
<gx:coord>-102.48872850000001 30.869189 816.6</gx:coord>

<when>2025-12-08T00:21:47.000Z</when>
<gx:coord>-102.49179666666666 30.868654666666664 816.9</gx:coord>

<when>2025-12-08T00:21:58.000Z</when>
<gx:coord>-102.49499516666668 30.868089833333336 817.3</gx:coord>

<when>2025-12-08T00:22:09.000Z</when>
<gx:coord>-102.49825833333334 30.867513500000005 817.8</gx:coord>

<when>2025-12-08T00:22:20.000Z</when>
<gx:coord>-102.50156383333334 30.866933666666668 821.8</gx:coord>

<when>2025-12-08T00:22:31.000Z</when>
<gx:coord>-102.50490033333332 30.866343500000003 825.5</gx:coord>

<when>2025-12-08T00:22:42.000Z</when>
<gx:coord>-102.50823333333334 30.86575083333333 829.8</gx:coord>

<when>2025-12-08T00:22:53.000Z</when>
<gx:coord>-102.51139616666666 30.8651935 839.2</gx:coord>

<when>2025-12-08T00:23:04.000Z</when>
<gx:coord>-102.51441133333334 30.864667166666663 848.3</gx:coord>

<when>2025-12-08T00:23:15.000Z</when>
<gx:coord>-102.51746550000001 30.864310500000002 855.1</gx:coord>

<when>2025-12-08T00:23:26.000Z</when>
<gx:coord>-102.52065883333334 30.863967166666665 855.3</gx:coord>

<when>2025-12-08T00:23:37.000Z</when>
<gx:coord>-102.52387533333334 30.863614 850.1</gx:coord>

<when>2025-12-08T00:23:48.000Z</when>
<gx:coord>-102.52713016666667 30.863269833333334 842.8</gx:coord>

<when>2025-12-08T00:23:59.000Z</when>
<gx:coord>-102.53033616666669 30.862917166666662 841.7</gx:coord>

<when>2025-12-08T00:24:10.000Z</when>
<gx:coord>-102.53346850000001 30.862567833333333 842.6</gx:coord>

<when>2025-12-08T00:24:21.000Z</when>
<gx:coord>-102.53653449999999 30.8622315 847.0</gx:coord>

<when>2025-12-08T00:24:32.000Z</when>
<gx:coord>-102.5395915 30.861894333333332 850.7</gx:coord>

<when>2025-12-08T00:24:43.000Z</when>
<gx:coord>-102.54261433333335 30.861561666666663 856.8</gx:coord>

<when>2025-12-08T00:24:54.000Z</when>
<gx:coord>-102.545606 30.86123016666666 864.5</gx:coord>

<when>2025-12-08T00:25:05.000Z</when>
<gx:coord>-102.54862783333334 30.86094633333333 871.1</gx:coord>

<when>2025-12-08T00:25:16.000Z</when>
<gx:coord>-102.551744 30.8609655 869.7</gx:coord>

<when>2025-12-08T00:25:27.000Z</when>
<gx:coord>-102.55492133333334 30.861038 864.4</gx:coord>

<when>2025-12-08T00:25:38.000Z</when>
<gx:coord>-102.5581255 30.861107 859.9</gx:coord>

<when>2025-12-08T00:25:49.000Z</when>
<gx:coord>-102.56147816666667 30.861166166666667 855.0</gx:coord>

<when>2025-12-08T00:26:00.000Z</when>
<gx:coord>-102.56483583333332 30.861258333333332 853.1</gx:coord>

<when>2025-12-08T00:26:11.000Z</when>
<gx:coord>-102.568114 30.8613315 854.8</gx:coord>

<when>2025-12-08T00:26:22.000Z</when>
<gx:coord>-102.5713545 30.861395666666667 857.7</gx:coord>

<when>2025-12-08T00:26:33.000Z</when>
<gx:coord>-102.57458683333334 30.861460833333332 860.2</gx:coord>

<when>2025-12-08T00:26:44.000Z</when>
<gx:coord>-102.5778465 30.861543166666667 862.8</gx:coord>

<when>2025-12-08T00:26:55.000Z</when>
<gx:coord>-102.58107333333334 30.861644666666667 864.2</gx:coord>

<when>2025-12-08T00:27:06.000Z</when>
<gx:coord>-102.58416933333335 30.862108499999998 866.2</gx:coord>

<when>2025-12-08T00:27:17.000Z</when>
<gx:coord>-102.58702833333334 30.86298433333333 867.3</gx:coord>

<when>2025-12-08T00:27:28.000Z</when>
<gx:coord>-102.58980600000001 30.86405166666667 868.5</gx:coord>

<when>2025-12-08T00:27:39.000Z</when>
<gx:coord>-102.59257983333333 30.865126999999998 871.0</gx:coord>

<when>2025-12-08T00:27:50.000Z</when>
<gx:coord>-102.59529733333332 30.866189166666665 870.5</gx:coord>

<when>2025-12-08T00:28:01.000Z</when>
<gx:coord>-102.59804433333332 30.86726 868.4</gx:coord>

<when>2025-12-08T00:28:12.000Z</when>
<gx:coord>-102.60077133333334 30.868321999999996 867.4</gx:coord>

<when>2025-12-08T00:28:23.000Z</when>
<gx:coord>-102.6035055 30.869399166666668 867.0</gx:coord>

<when>2025-12-08T00:28:34.000Z</when>
<gx:coord>-102.60632266666668 30.870496666666668 867.1</gx:coord>

<when>2025-12-08T00:28:45.000Z</when>
<gx:coord>-102.60916783333332 30.871607 866.3</gx:coord>

<when>2025-12-08T00:28:56.000Z</when>
<gx:coord>-102.61201700000001 30.872713166666667 866.6</gx:coord>

<when>2025-12-08T00:29:07.000Z</when>
<gx:coord>-102.61495116666669 30.873592500000004 867.8</gx:coord>

<when>2025-12-08T00:29:18.000Z</when>
<gx:coord>-102.61800966666667 30.8740735 869.1</gx:coord>

<when>2025-12-08T00:29:29.000Z</when>
<gx:coord>-102.62111666666667 30.874465833333335 869.0</gx:coord>

<when>2025-12-08T00:29:40.000Z</when>
<gx:coord>-102.624231 30.874856333333334 869.2</gx:coord>

<when>2025-12-08T00:29:51.000Z</when>
<gx:coord>-102.62731133333334 30.875244 871.3</gx:coord>

<when>2025-12-08T00:30:02.000Z</when>
<gx:coord>-102.63039099999999 30.875631666666663 871.6</gx:coord>

<when>2025-12-08T00:30:13.000Z</when>
<gx:coord>-102.63349250000002 30.876020499999996 871.0</gx:coord>

<when>2025-12-08T00:30:24.000Z</when>
<gx:coord>-102.63659466666668 30.87640816666667 871.1</gx:coord>

<when>2025-12-08T00:30:35.000Z</when>
<gx:coord>-102.63968183333333 30.876795500000004 872.9</gx:coord>

<when>2025-12-08T00:30:46.000Z</when>
<gx:coord>-102.6427685 30.8771845 874.8</gx:coord>

<when>2025-12-08T00:30:57.000Z</when>
<gx:coord>-102.64586149999998 30.87756716666667 876.8</gx:coord>

<when>2025-12-08T00:31:08.000Z</when>
<gx:coord>-102.64894616666668 30.877953 879.0</gx:coord>

<when>2025-12-08T00:31:19.000Z</when>
<gx:coord>-102.65204 30.87834516666667 883.0</gx:coord>

<when>2025-12-08T00:31:30.000Z</when>
<gx:coord>-102.65518583333332 30.878742000000003 888.9</gx:coord>

<when>2025-12-08T00:31:41.000Z</when>
<gx:coord>-102.658306 30.879127999999998 894.3</gx:coord>

<when>2025-12-08T00:31:52.000Z</when>
<gx:coord>-102.66137333333333 30.87951033333333 899.6</gx:coord>

<when>2025-12-08T00:32:03.000Z</when>
<gx:coord>-102.6644635 30.87990016666667 903.2</gx:coord>

<when>2025-12-08T00:32:14.000Z</when>
<gx:coord>-102.667616 30.880286 906.3</gx:coord>

<when>2025-12-08T00:32:25.000Z</when>
<gx:coord>-102.6707635 30.880682333333333 909.6</gx:coord>

<when>2025-12-08T00:32:36.000Z</when>
<gx:coord>-102.67393783333334 30.881076500000002 907.4</gx:coord>

<when>2025-12-08T00:32:47.000Z</when>
<gx:coord>-102.67711633333332 30.881478666666666 905.0</gx:coord>

<when>2025-12-08T00:32:58.000Z</when>
<gx:coord>-102.68024783333334 30.882003500000003 903.9</gx:coord>

<when>2025-12-08T00:33:09.000Z</when>
<gx:coord>-102.68339483333332 30.88273166666667 903.4</gx:coord>

<when>2025-12-08T00:33:20.000Z</when>
<gx:coord>-102.68652366666666 30.883470333333335 902.0</gx:coord>

<when>2025-12-08T00:33:31.000Z</when>
<gx:coord>-102.68963649999999 30.884206666666667 899.7</gx:coord>

<when>2025-12-08T00:33:42.000Z</when>
<gx:coord>-102.6927875 30.884946833333334 897.1</gx:coord>

<when>2025-12-08T00:33:53.000Z</when>
<gx:coord>-102.69600183333333 30.885703166666666 894.4</gx:coord>

<when>2025-12-08T00:34:04.000Z</when>
<gx:coord>-102.6992245 30.886458 890.2</gx:coord>

<when>2025-12-08T00:34:15.000Z</when>
<gx:coord>-102.7023835 30.887203999999997 888.7</gx:coord>

<when>2025-12-08T00:34:26.000Z</when>
<gx:coord>-102.70546616666667 30.887936333333332 886.6</gx:coord>

<when>2025-12-08T00:34:37.000Z</when>
<gx:coord>-102.70858083333333 30.888673499999996 885.6</gx:coord>

<when>2025-12-08T00:34:48.000Z</when>
<gx:coord>-102.71181866666666 30.889265500000004 881.7</gx:coord>

<when>2025-12-08T00:34:59.000Z</when>
<gx:coord>-102.71506466666666 30.889417666666667 877.2</gx:coord>

<when>2025-12-08T00:35:10.000Z</when>
<gx:coord>-102.71829883333334 30.889490666666667 873.4</gx:coord>

<when>2025-12-08T00:35:21.000Z</when>
<gx:coord>-102.72156733333334 30.889565833333336 873.5</gx:coord>

<when>2025-12-08T00:35:32.000Z</when>
<gx:coord>-102.72477433333333 30.889641166666667 874.1</gx:coord>

<when>2025-12-08T00:35:43.000Z</when>
<gx:coord>-102.72793449999999 30.889711333333334 874.2</gx:coord>

<when>2025-12-08T00:35:54.000Z</when>
<gx:coord>-102.73109500000001 30.8897835 874.6</gx:coord>

<when>2025-12-08T00:36:05.000Z</when>
<gx:coord>-102.73424000000001 30.889856833333337 875.6</gx:coord>

<when>2025-12-08T00:36:16.000Z</when>
<gx:coord>-102.73737566666665 30.889925333333334 876.3</gx:coord>

<when>2025-12-08T00:36:27.000Z</when>
<gx:coord>-102.74050833333334 30.889997499999996 878.4</gx:coord>

<when>2025-12-08T00:36:38.000Z</when>
<gx:coord>-102.74363983333333 30.890066333333333 880.7</gx:coord>

<when>2025-12-08T00:36:49.000Z</when>
<gx:coord>-102.74678999999999 30.89013483333333 881.7</gx:coord>

<when>2025-12-08T00:37:00.000Z</when>
<gx:coord>-102.74994550000001 30.890210833333338 882.5</gx:coord>

<when>2025-12-08T00:37:11.000Z</when>
<gx:coord>-102.75309 30.890279833333338 884.3</gx:coord>

<when>2025-12-08T00:37:22.000Z</when>
<gx:coord>-102.75621333333332 30.890351333333335 886.1</gx:coord>

<when>2025-12-08T00:37:33.000Z</when>
<gx:coord>-102.75932883333334 30.890421 887.8</gx:coord>

<when>2025-12-08T00:37:44.000Z</when>
<gx:coord>-102.76245033333335 30.890490999999997 889.4</gx:coord>

<when>2025-12-08T00:37:55.000Z</when>
<gx:coord>-102.76555549999999 30.890560166666667 890.3</gx:coord>

<when>2025-12-08T00:38:06.000Z</when>
<gx:coord>-102.76863066666668 30.890632166666666 890.7</gx:coord>

<when>2025-12-08T00:38:17.000Z</when>
<gx:coord>-102.77170499999998 30.890703666666663 891.7</gx:coord>

<when>2025-12-08T00:38:28.000Z</when>
<gx:coord>-102.77478666666666 30.890773833333334 892.6</gx:coord>

<when>2025-12-08T00:38:39.000Z</when>
<gx:coord>-102.77788200000002 30.890842833333334 893.9</gx:coord>

<when>2025-12-08T00:38:50.000Z</when>
<gx:coord>-102.78101533333331 30.890916333333333 894.9</gx:coord>

<when>2025-12-08T00:39:01.000Z</when>
<gx:coord>-102.78418933333333 30.890985166666663 896.2</gx:coord>

<when>2025-12-08T00:39:12.000Z</when>
<gx:coord>-102.78737766666667 30.891056499999998 898.0</gx:coord>

<when>2025-12-08T00:39:23.000Z</when>
<gx:coord>-102.79056616666666 30.89113166666667 899.1</gx:coord>

<when>2025-12-08T00:39:34.000Z</when>
<gx:coord>-102.79376566666666 30.891202500000002 899.0</gx:coord>

<when>2025-12-08T00:39:45.000Z</when>
<gx:coord>-102.79699966666666 30.89127716666667 899.8</gx:coord>

<when>2025-12-08T00:39:56.000Z</when>
<gx:coord>-102.80022766666667 30.891344333333336 900.9</gx:coord>

<when>2025-12-08T00:40:07.000Z</when>
<gx:coord>-102.80345666666666 30.891420166666663 900.6</gx:coord>

<when>2025-12-08T00:40:18.000Z</when>
<gx:coord>-102.80669616666667 30.89149466666667 900.8</gx:coord>

<when>2025-12-08T00:40:29.000Z</when>
<gx:coord>-102.80998900000002 30.891565500000002 901.2</gx:coord>

<when>2025-12-08T00:40:40.000Z</when>
<gx:coord>-102.81332833333333 30.8916405 902.4</gx:coord>

<when>2025-12-08T00:40:51.000Z</when>
<gx:coord>-102.81665466666666 30.891712166666668 903.3</gx:coord>

<when>2025-12-08T00:41:02.000Z</when>
<gx:coord>-102.8199165 30.891782666666668 903.7</gx:coord>

<when>2025-12-08T00:41:13.000Z</when>
<gx:coord>-102.82315233333333 30.891849999999998 904.8</gx:coord>

<when>2025-12-08T00:41:24.000Z</when>
<gx:coord>-102.82641383333333 30.891925833333335 906.0</gx:coord>

<when>2025-12-08T00:41:35.000Z</when>
<gx:coord>-102.82971266666667 30.891997500000002 905.4</gx:coord>

<when>2025-12-08T00:41:46.000Z</when>
<gx:coord>-102.83302666666665 30.892072833333334 905.7</gx:coord>

<when>2025-12-08T00:41:57.000Z</when>
<gx:coord>-102.83640033333334 30.892147833333336 905.1</gx:coord>

<when>2025-12-08T00:42:08.000Z</when>
<gx:coord>-102.83978899999998 30.8922185 904.5</gx:coord>

<when>2025-12-08T00:42:19.000Z</when>
<gx:coord>-102.84316783333334 30.892327833333336 903.6</gx:coord>

<when>2025-12-08T00:42:30.000Z</when>
<gx:coord>-102.84644483333335 30.893032666666667 902.5</gx:coord>

<when>2025-12-08T00:42:41.000Z</when>
<gx:coord>-102.84937166666666 30.89440516666667 903.9</gx:coord>

<when>2025-12-08T00:42:52.000Z</when>
<gx:coord>-102.85223783333335 30.89588366666667 897.9</gx:coord>

<when>2025-12-08T00:43:03.000Z</when>
<gx:coord>-102.85506683333332 30.89734716666667 893.5</gx:coord>

<when>2025-12-08T00:43:14.000Z</when>
<gx:coord>-102.85783433333333 30.898774333333336 893.4</gx:coord>

<when>2025-12-08T00:43:25.000Z</when>
<gx:coord>-102.86065033333334 30.900229333333332 893.9</gx:coord>

<when>2025-12-08T00:43:36.000Z</when>
<gx:coord>-102.86346733333333 30.90168416666667 897.6</gx:coord>

<when>2025-12-08T00:43:47.000Z</when>
<gx:coord>-102.8662385 30.903116833333335 904.8</gx:coord>

<when>2025-12-08T00:43:58.000Z</when>
<gx:coord>-102.86903816666667 30.904563999999997 905.9</gx:coord>

<when>2025-12-08T00:44:09.000Z</when>
<gx:coord>-102.87192099999999 30.906022999999998 900.4</gx:coord>

<when>2025-12-08T00:44:20.000Z</when>
<gx:coord>-102.87505766666666 30.907006000000003 900.1</gx:coord>

<when>2025-12-08T00:44:31.000Z</when>
<gx:coord>-102.87824066666666 30.907241833333334 900.2</gx:coord>

<when>2025-12-08T00:44:42.000Z</when>
<gx:coord>-102.88133799999999 30.907236166666667 903.2</gx:coord>

<when>2025-12-08T00:44:53.000Z</when>
<gx:coord>-102.88439349999999 30.907228999999997 906.9</gx:coord>

<when>2025-12-08T00:45:04.000Z</when>
<gx:coord>-102.88758416666666 30.907220833333334 904.9</gx:coord>

<when>2025-12-08T00:45:15.000Z</when>
<gx:coord>-102.89082183333333 30.907219 904.9</gx:coord>

<when>2025-12-08T00:45:26.000Z</when>
<gx:coord>-102.89399999999999 30.90721266666667 907.4</gx:coord>

<when>2025-12-08T00:45:37.000Z</when>
<gx:coord>-102.89705133333334 30.90694883333333 910.0</gx:coord>

<when>2025-12-08T00:45:48.000Z</when>
<gx:coord>-102.89992416666668 30.906064500000003 913.6</gx:coord>

<when>2025-12-08T00:45:59.000Z</when>
<gx:coord>-102.90266766666667 30.904725666666664 917.0</gx:coord>

<when>2025-12-08T00:46:10.000Z</when>
<gx:coord>-102.90532550000002 30.903394000000002 920.6</gx:coord>

<when>2025-12-08T00:46:21.000Z</when>
<gx:coord>-102.9080455 30.902038333333333 923.0</gx:coord>

<when>2025-12-08T00:46:32.000Z</when>
<gx:coord>-102.91070716666667 30.900693999999998 925.4</gx:coord>

<when>2025-12-08T00:46:43.000Z</when>
<gx:coord>-102.91308066666667 30.89958766666667 927.8</gx:coord>

<when>2025-12-08T00:46:54.000Z</when>
<gx:coord>-102.91512633333332 30.898925500000004 929.0</gx:coord>

<when>2025-12-08T00:47:05.000Z</when>
<gx:coord>-102.916735 30.8982125 931.9</gx:coord>

<when>2025-12-08T00:47:16.000Z</when>
<gx:coord>-102.9183745 30.897402000000003 934.1</gx:coord>

<when>2025-12-08T00:47:27.000Z</when>
<gx:coord>-102.91882533333334 30.896898333333336 934.3</gx:coord>

<when>2025-12-08T00:47:38.000Z</when>
<gx:coord>-102.91828949999999 30.896012666666667 934.5</gx:coord>

<when>2025-12-08T00:47:49.000Z</when>
<gx:coord>-102.9178405 30.89501116666667 935.1</gx:coord>

<when>2025-12-08T00:48:00.000Z</when>
<gx:coord>-102.91782883333332 30.894416 935.4</gx:coord>

<when>2025-12-08T00:48:11.000Z</when>
<gx:coord>-102.91705116666665 30.894249833333333 936.8</gx:coord>

<when>2025-12-08T00:48:22.000Z</when>
<gx:coord>-102.91530516666666 30.89421533333333 934.8</gx:coord>

<when>2025-12-08T00:48:33.000Z</when>
<gx:coord>-102.91336483333335 30.894175333333337 932.1</gx:coord>

<when>2025-12-08T00:48:44.000Z</when>
<gx:coord>-102.91147916666665 30.894142166666665 928.6</gx:coord>

<when>2025-12-08T00:48:55.000Z</when>
<gx:coord>-102.910806 30.894280499999997 927.3</gx:coord>

<when>2025-12-08T00:49:06.000Z</when>
<gx:coord>-102.910745 30.894387833333333 925.9</gx:coord>

<when>2025-12-08T00:49:17.000Z</when>
<gx:coord>-102.9105695 30.894418333333338 927.4</gx:coord>

<when>2025-12-08T00:50:01.000Z</when>
<gx:coord>-102.91055183333334 30.894473 929.5</gx:coord>

<when>2025-12-08T00:50:45.000Z</when>
<gx:coord>-102.91051366666667 30.894509500000005 932.1</gx:coord>

<when>2025-12-08T00:50:56.000Z</when>
<gx:coord>-102.9102725 30.894497166666664 930.1</gx:coord>

<when>2025-12-08T00:51:07.000Z</when>
<gx:coord>-102.91019433333334 30.894747 928.4</gx:coord>

<when>2025-12-08T00:51:18.000Z</when>
<gx:coord>-102.91037316666667 30.894791166666664 926.6</gx:coord>

<when>2025-12-08T00:51:29.000Z</when>
<gx:coord>-102.91065699999999 30.894779166666662 924.3</gx:coord>

<when>2025-12-08T00:51:40.000Z</when>
<gx:coord>-102.91082499999999 30.89459283333333 923.2</gx:coord>

<when>2025-12-08T00:52:02.000Z</when>
<gx:coord>-102.91082133333333 30.89454783333333 926.1</gx:coord>

<when>2025-12-08T02:04:13.000Z</when>
<gx:coord>-102.90731699999999 30.894100666666667 918.1</gx:coord>

<when>2025-12-08T02:04:24.000Z</when>
<gx:coord>-102.9072385 30.894114666666663 917.6</gx:coord>

<when>2025-12-08T02:04:35.000Z</when>
<gx:coord>-102.90717916666667 30.894435166666668 916.2</gx:coord>

<when>2025-12-08T02:04:46.000Z</when>
<gx:coord>-102.90717866666667 30.89489416666667 914.6</gx:coord>

<when>2025-12-08T02:04:57.000Z</when>
<gx:coord>-102.90717933333332 30.895185833333336 914.8</gx:coord>

<when>2025-12-08T03:16:03.000Z</when>
<gx:coord>-102.90698083333334 30.894898833333333 924.9</gx:coord>

<when>2025-12-08T03:16:14.000Z</when>
<gx:coord>-102.90714166666666 30.894752499999996 923.7</gx:coord>

<when>2025-12-08T03:16:25.000Z</when>
<gx:coord>-102.90719016666665 30.894363833333333 922.0</gx:coord>

<when>2025-12-08T03:16:36.000Z</when>
<gx:coord>-102.90738350000001 30.894206500000003 920.5</gx:coord>

<when>2025-12-08T03:16:46.000Z</when>
<gx:coord>-102.90826966666667 30.894206500000003 924.5</gx:coord>

<when>2025-12-08T03:16:57.000Z</when>
<gx:coord>-102.90985649999999 30.89423783333333 927.9</gx:coord>

<when>2025-12-08T03:17:08.000Z</when>
<gx:coord>-102.91148 30.894272833333336 929.3</gx:coord>

<when>2025-12-08T03:17:19.000Z</when>
<gx:coord>-102.91310316666667 30.894300166666667 932.0</gx:coord>

<when>2025-12-08T03:17:30.000Z</when>
<gx:coord>-102.91470366666665 30.894338 933.9</gx:coord>

<when>2025-12-08T03:17:41.000Z</when>
<gx:coord>-102.91609433333333 30.894371 933.6</gx:coord>

<when>2025-12-08T03:17:52.000Z</when>
<gx:coord>-102.917077 30.89460916666667 933.7</gx:coord>

<when>2025-12-08T03:18:03.000Z</when>
<gx:coord>-102.91773816666667 30.895346333333336 935.0</gx:coord>

<when>2025-12-08T03:18:14.000Z</when>
<gx:coord>-102.91833166666666 30.896198166666668 933.4</gx:coord>

<when>2025-12-08T03:18:25.000Z</when>
<gx:coord>-102.91881083333334 30.89689616666667 930.0</gx:coord>

<when>2025-12-08T03:18:36.000Z</when>
<gx:coord>-102.91914516666665 30.89701466666667 929.0</gx:coord>

<when>2025-12-08T03:18:47.000Z</when>
<gx:coord>-102.92001899999998 30.896574333333334 930.1</gx:coord>

<when>2025-12-08T03:18:58.000Z</when>
<gx:coord>-102.92119833333332 30.895983 932.7</gx:coord>

<when>2025-12-08T03:19:09.000Z</when>
<gx:coord>-102.92256700000002 30.89529616666667 935.4</gx:coord>

<when>2025-12-08T03:19:20.000Z</when>
<gx:coord>-102.924381 30.894641 938.6</gx:coord>

<when>2025-12-08T03:19:31.000Z</when>
<gx:coord>-102.92667150000001 30.894317333333333 941.0</gx:coord>

<when>2025-12-08T03:19:42.000Z</when>
<gx:coord>-102.92922783333333 30.89430333333333 942.6</gx:coord>

<when>2025-12-08T03:19:53.000Z</when>
<gx:coord>-102.93186683333333 30.89435116666667 945.7</gx:coord>

<when>2025-12-08T03:20:04.000Z</when>
<gx:coord>-102.934597 30.894411666666663 946.1</gx:coord>

<when>2025-12-08T03:20:15.000Z</when>
<gx:coord>-102.93740799999999 30.894530666666665 943.0</gx:coord>

<when>2025-12-08T03:20:26.000Z</when>
<gx:coord>-102.94034933333333 30.894692499999998 936.2</gx:coord>

<when>2025-12-08T03:20:37.000Z</when>
<gx:coord>-102.94332416666666 30.894849333333333 931.3</gx:coord>

<when>2025-12-08T03:20:48.000Z</when>
<gx:coord>-102.94630433333332 30.895011500000003 926.3</gx:coord>

<when>2025-12-08T03:20:59.000Z</when>
<gx:coord>-102.94930966666668 30.895172166666665 922.5</gx:coord>

<when>2025-12-08T03:21:10.000Z</when>
<gx:coord>-102.95229083333334 30.89533333333333 918.5</gx:coord>

<when>2025-12-08T03:21:21.000Z</when>
<gx:coord>-102.9552395 30.89548816666667 915.1</gx:coord>

<when>2025-12-08T03:21:32.000Z</when>
<gx:coord>-102.95827683333333 30.895650833333335 912.4</gx:coord>

<when>2025-12-08T03:21:43.000Z</when>
<gx:coord>-102.9613565 30.895813166666667 911.3</gx:coord>

<when>2025-12-08T03:21:54.000Z</when>
<gx:coord>-102.96449033333334 30.895973833333333 910.6</gx:coord>

<when>2025-12-08T03:22:05.000Z</when>
<gx:coord>-102.96759883333334 30.89614166666667 911.9</gx:coord>

<when>2025-12-08T03:22:16.000Z</when>
<gx:coord>-102.97074616666666 30.896310000000003 913.5</gx:coord>

<when>2025-12-08T03:22:27.000Z</when>
<gx:coord>-102.97395183333335 30.896485166666668 913.6</gx:coord>

<when>2025-12-08T03:22:38.000Z</when>
<gx:coord>-102.97713366666667 30.896650666666666 913.6</gx:coord>

<when>2025-12-08T03:22:49.000Z</when>
<gx:coord>-102.98031250000001 30.896815833333335 912.8</gx:coord>

<when>2025-12-08T03:23:00.000Z</when>
<gx:coord>-102.9835015 30.8969805 910.4</gx:coord>

<when>2025-12-08T03:23:11.000Z</when>
<gx:coord>-102.98654216666667 30.897145333333334 910.2</gx:coord>

<when>2025-12-08T03:23:22.000Z</when>
<gx:coord>-102.98942899999999 30.897295833333335 910.0</gx:coord>

<when>2025-12-08T03:23:33.000Z</when>
<gx:coord>-102.99228149999999 30.8974445 909.4</gx:coord>

<when>2025-12-08T03:23:44.000Z</when>
<gx:coord>-102.99517216666666 30.897595833333337 909.3</gx:coord>

<when>2025-12-08T03:23:55.000Z</when>
<gx:coord>-102.99811100000001 30.89775516666667 908.9</gx:coord>

<when>2025-12-08T03:24:06.000Z</when>
<gx:coord>-103.00103733333331 30.897907 911.2</gx:coord>

<when>2025-12-08T03:24:17.000Z</when>
<gx:coord>-103.00391366666666 30.898057666666666 915.3</gx:coord>

<when>2025-12-08T03:24:28.000Z</when>
<gx:coord>-103.00678866666667 30.89821083333333 919.7</gx:coord>

<when>2025-12-08T03:24:39.000Z</when>
<gx:coord>-103.0096415 30.898361833333336 923.3</gx:coord>

<when>2025-12-08T03:24:50.000Z</when>
<gx:coord>-103.0125075 30.898514999999996 927.4</gx:coord>

<when>2025-12-08T03:25:01.000Z</when>
<gx:coord>-103.01537133333335 30.898666000000002 929.3</gx:coord>

<when>2025-12-08T03:25:12.000Z</when>
<gx:coord>-103.01819300000001 30.898812500000002 930.0</gx:coord>

<when>2025-12-08T03:25:23.000Z</when>
<gx:coord>-103.0210805 30.898959666666663 930.6</gx:coord>

<when>2025-12-08T03:25:34.000Z</when>
<gx:coord>-103.02398466666666 30.8991155 932.8</gx:coord>

<when>2025-12-08T03:25:45.000Z</when>
<gx:coord>-103.02694283333334 30.899276666666665 935.4</gx:coord>

<when>2025-12-08T03:25:56.000Z</when>
<gx:coord>-103.03003050000001 30.89944066666667 934.8</gx:coord>

<when>2025-12-08T03:26:07.000Z</when>
<gx:coord>-103.03317866666666 30.899607666666665 933.4</gx:coord>

<when>2025-12-08T03:26:18.000Z</when>
<gx:coord>-103.03634483333332 30.899772999999996 932.3</gx:coord>

<when>2025-12-08T03:26:29.000Z</when>
<gx:coord>-103.03949733333333 30.899939000000003 931.7</gx:coord>

<when>2025-12-08T03:26:40.000Z</when>
<gx:coord>-103.04262283333334 30.90010216666667 931.9</gx:coord>

<when>2025-12-08T03:26:51.000Z</when>
<gx:coord>-103.0457005 30.900264666666665 931.8</gx:coord>

<when>2025-12-08T03:27:02.000Z</when>
<gx:coord>-103.04876716666668 30.900425000000002 931.6</gx:coord>

<when>2025-12-08T03:27:13.000Z</when>
<gx:coord>-103.05189800000001 30.900592500000002 932.0</gx:coord>

<when>2025-12-08T03:27:24.000Z</when>
<gx:coord>-103.0550045 30.9007525 935.6</gx:coord>

<when>2025-12-08T03:27:35.000Z</when>
<gx:coord>-103.05803066666667 30.900914166666666 940.7</gx:coord>

<when>2025-12-08T03:27:46.000Z</when>
<gx:coord>-103.06102966666667 30.901077666666666 948.3</gx:coord>

<when>2025-12-08T03:27:57.000Z</when>
<gx:coord>-103.06394633333333 30.901270999999998 956.5</gx:coord>

<when>2025-12-08T03:28:08.000Z</when>
<gx:coord>-103.06688133333334 30.901660833333334 959.3</gx:coord>

<when>2025-12-08T03:28:19.000Z</when>
<gx:coord>-103.06977716666667 30.902097000000005 957.5</gx:coord>

<when>2025-12-08T03:28:30.000Z</when>
<gx:coord>-103.07272233333333 30.902544666666667 954.8</gx:coord>

<when>2025-12-08T03:28:41.000Z</when>
<gx:coord>-103.07575783333331 30.903004666666668 950.3</gx:coord>

<when>2025-12-08T03:28:52.000Z</when>
<gx:coord>-103.07883850000002 30.903469166666664 945.6</gx:coord>

<when>2025-12-08T03:29:03.000Z</when>
<gx:coord>-103.08193950000002 30.903937666666668 940.4</gx:coord>

<when>2025-12-08T03:29:14.000Z</when>
<gx:coord>-103.08507766666668 30.9044115 934.9</gx:coord>

<when>2025-12-08T03:29:25.000Z</when>
<gx:coord>-103.088198 30.904880333333335 930.1</gx:coord>

<when>2025-12-08T03:29:36.000Z</when>
<gx:coord>-103.09128266666667 30.9053485 926.6</gx:coord>

<when>2025-12-08T03:29:47.000Z</when>
<gx:coord>-103.09437516666667 30.905818333333333 923.6</gx:coord>

<when>2025-12-08T03:29:58.000Z</when>
<gx:coord>-103.0974975 30.9062885 922.8</gx:coord>

<when>2025-12-08T03:30:09.000Z</when>
<gx:coord>-103.10060433333335 30.906761666666664 922.8</gx:coord>

<when>2025-12-08T03:30:20.000Z</when>
<gx:coord>-103.10368783333334 30.907224666666668 922.0</gx:coord>

<when>2025-12-08T03:30:31.000Z</when>
<gx:coord>-103.10676716666667 30.907690166666665 921.5</gx:coord>

<when>2025-12-08T03:30:42.000Z</when>
<gx:coord>-103.10987300000001 30.908158166666666 920.9</gx:coord>

<when>2025-12-08T03:30:53.000Z</when>
<gx:coord>-103.11300216666665 30.908631500000002 921.4</gx:coord>

<when>2025-12-08T03:31:04.000Z</when>
<gx:coord>-103.11610033333334 30.90909783333333 922.3</gx:coord>

<when>2025-12-08T03:31:15.000Z</when>
<gx:coord>-103.11913383333334 30.90956083333333 924.3</gx:coord>

<when>2025-12-08T03:31:26.000Z</when>
<gx:coord>-103.12210866666668 30.910014 924.9</gx:coord>

<when>2025-12-08T03:31:37.000Z</when>
<gx:coord>-103.12513766666667 30.910526333333337 924.6</gx:coord>

<when>2025-12-08T03:31:48.000Z</when>
<gx:coord>-103.12817616666668 30.911250000000003 924.9</gx:coord>

<when>2025-12-08T03:31:59.000Z</when>
<gx:coord>-103.13123833333333 30.912029 925.1</gx:coord>

<when>2025-12-08T03:32:10.000Z</when>
<gx:coord>-103.13433666666667 30.912817166666667 924.8</gx:coord>

<when>2025-12-08T03:32:21.000Z</when>
<gx:coord>-103.13744833333334 30.913605833333335 923.9</gx:coord>

<when>2025-12-08T03:32:32.000Z</when>
<gx:coord>-103.14061316666667 30.91433683333333 922.6</gx:coord>

<when>2025-12-08T03:32:43.000Z</when>
<gx:coord>-103.14385750000001 30.914871833333336 921.5</gx:coord>

<when>2025-12-08T03:32:54.000Z</when>
<gx:coord>-103.14707283333334 30.9153535 921.9</gx:coord>

<when>2025-12-08T03:33:05.000Z</when>
<gx:coord>-103.1503195 30.915844 922.1</gx:coord>

<when>2025-12-08T03:33:16.000Z</when>
<gx:coord>-103.1535795 30.916336666666666 923.2</gx:coord>

<when>2025-12-08T03:33:27.000Z</when>
<gx:coord>-103.156845 30.916827833333333 924.0</gx:coord>

<when>2025-12-08T03:33:38.000Z</when>
<gx:coord>-103.16009483333333 30.917321666666666 924.5</gx:coord>

<when>2025-12-08T03:33:49.000Z</when>
<gx:coord>-103.16336350000002 30.917812000000005 925.0</gx:coord>

<when>2025-12-08T03:34:00.000Z</when>
<gx:coord>-103.16660083333333 30.918301333333336 925.3</gx:coord>

<when>2025-12-08T03:34:11.000Z</when>
<gx:coord>-103.16984466666666 30.91878616666667 925.3</gx:coord>

<when>2025-12-08T03:34:22.000Z</when>
<gx:coord>-103.17307966666667 30.9192735 925.0</gx:coord>

<when>2025-12-08T03:34:33.000Z</when>
<gx:coord>-103.17636599999999 30.91976683333333 925.3</gx:coord>

<when>2025-12-08T03:34:44.000Z</when>
<gx:coord>-103.17969450000001 30.92027633333333 929.3</gx:coord>

<when>2025-12-08T03:34:55.000Z</when>
<gx:coord>-103.183011 30.920717666666665 932.9</gx:coord>

<when>2025-12-08T03:35:06.000Z</when>
<gx:coord>-103.18638700000001 30.920971166666664 937.2</gx:coord>

<when>2025-12-08T03:35:17.000Z</when>
<gx:coord>-103.1897825 30.921190000000003 942.2</gx:coord>

<when>2025-12-08T03:35:28.000Z</when>
<gx:coord>-103.19310333333333 30.9213965 946.3</gx:coord>

<when>2025-12-08T03:35:39.000Z</when>
<gx:coord>-103.19648666666666 30.92161566666667 946.4</gx:coord>

<when>2025-12-08T03:35:50.000Z</when>
<gx:coord>-103.19988583333334 30.9220205 942.6</gx:coord>

<when>2025-12-08T03:36:01.000Z</when>
<gx:coord>-103.20316783333334 30.922513166666665 941.6</gx:coord>

<when>2025-12-08T03:36:12.000Z</when>
<gx:coord>-103.20649566666667 30.923009 937.8</gx:coord>

<when>2025-12-08T03:36:23.000Z</when>
<gx:coord>-103.209867 30.923516333333335 935.4</gx:coord>

<when>2025-12-08T03:36:34.000Z</when>
<gx:coord>-103.21325049999999 30.924030833333337 934.4</gx:coord>

<when>2025-12-08T03:36:45.000Z</when>
<gx:coord>-103.21660166666668 30.924534 933.9</gx:coord>

<when>2025-12-08T03:36:56.000Z</when>
<gx:coord>-103.219955 30.92504166666667 932.3</gx:coord>

<when>2025-12-08T03:37:07.000Z</when>
<gx:coord>-103.22333166666667 30.925564833333336 930.5</gx:coord>

<when>2025-12-08T03:37:18.000Z</when>
<gx:coord>-103.22674283333332 30.926071499999995 927.6</gx:coord>

<when>2025-12-08T03:37:29.000Z</when>
<gx:coord>-103.23014566666667 30.92658066666667 927.4</gx:coord>

<when>2025-12-08T03:37:40.000Z</when>
<gx:coord>-103.23352150000001 30.927080500000002 926.5</gx:coord>

<when>2025-12-08T03:37:51.000Z</when>
<gx:coord>-103.23677683333332 30.927563499999998 927.1</gx:coord>

<when>2025-12-08T03:38:02.000Z</when>
<gx:coord>-103.24000733333332 30.92803933333333 925.6</gx:coord>

<when>2025-12-08T03:38:13.000Z</when>
<gx:coord>-103.24325216666666 30.928535333333336 926.2</gx:coord>

<when>2025-12-08T03:38:24.000Z</when>
<gx:coord>-103.24651700000001 30.929016666666666 927.6</gx:coord>

<when>2025-12-08T03:38:35.000Z</when>
<gx:coord>-103.24979 30.929509333333332 928.0</gx:coord>

<when>2025-12-08T03:38:46.000Z</when>
<gx:coord>-103.25308816666666 30.930003666666668 928.4</gx:coord>

<when>2025-12-08T03:38:57.000Z</when>
<gx:coord>-103.25638733333332 30.9304925 929.7</gx:coord>

<when>2025-12-08T03:39:08.000Z</when>
<gx:coord>-103.25967383333334 30.930992500000002 930.9</gx:coord>

<when>2025-12-08T03:39:19.000Z</when>
<gx:coord>-103.26295466666667 30.931474 931.1</gx:coord>

<when>2025-12-08T03:39:30.000Z</when>
<gx:coord>-103.26615699999999 30.931957333333337 931.2</gx:coord>

<when>2025-12-08T03:39:41.000Z</when>
<gx:coord>-103.26930283333334 30.932432000000002 931.8</gx:coord>

<when>2025-12-08T03:39:52.000Z</when>
<gx:coord>-103.27248616666665 30.93290416666667 931.6</gx:coord>

<when>2025-12-08T03:40:03.000Z</when>
<gx:coord>-103.275695 30.933387 931.6</gx:coord>

<when>2025-12-08T03:40:14.000Z</when>
<gx:coord>-103.27887066666666 30.933861499999995 934.4</gx:coord>

<when>2025-12-08T03:40:25.000Z</when>
<gx:coord>-103.28199716666668 30.9343285 938.5</gx:coord>

<when>2025-12-08T03:40:36.000Z</when>
<gx:coord>-103.28516983333333 30.934802833333332 941.3</gx:coord>

<when>2025-12-08T03:40:47.000Z</when>
<gx:coord>-103.288358 30.935280166666665 945.4</gx:coord>

<when>2025-12-08T03:40:58.000Z</when>
<gx:coord>-103.29149933333335 30.9357505 945.6</gx:coord>

<when>2025-12-08T03:41:09.000Z</when>
<gx:coord>-103.29469166666668 30.936230666666667 942.7</gx:coord>

<when>2025-12-08T03:41:20.000Z</when>
<gx:coord>-103.2978795 30.936709000000004 942.3</gx:coord>

<when>2025-12-08T03:41:31.000Z</when>
<gx:coord>-103.30105133333333 30.9371775 942.0</gx:coord>

<when>2025-12-08T03:41:42.000Z</when>
<gx:coord>-103.30420299999999 30.937646499999996 941.3</gx:coord>

<when>2025-12-08T03:41:53.000Z</when>
<gx:coord>-103.30727883333333 30.93810733333333 939.8</gx:coord>

<when>2025-12-08T03:42:04.000Z</when>
<gx:coord>-103.31038400000001 30.93856933333333 938.9</gx:coord>

<when>2025-12-08T03:42:15.000Z</when>
<gx:coord>-103.31349483333334 30.939031999999997 938.8</gx:coord>

<when>2025-12-08T03:42:26.000Z</when>
<gx:coord>-103.31664633333334 30.939504333333335 938.5</gx:coord>

<when>2025-12-08T03:42:37.000Z</when>
<gx:coord>-103.31980933333334 30.93997566666667 939.1</gx:coord>

<when>2025-12-08T03:42:48.000Z</when>
<gx:coord>-103.32296633333333 30.94044216666667 939.4</gx:coord>

<when>2025-12-08T03:42:59.000Z</when>
<gx:coord>-103.3261315 30.940916500000004 939.2</gx:coord>

<when>2025-12-08T03:43:10.000Z</when>
<gx:coord>-103.329289 30.941384666666668 938.9</gx:coord>

<when>2025-12-08T03:43:21.000Z</when>
<gx:coord>-103.332474 30.941862833333335 937.2</gx:coord>

<when>2025-12-08T03:43:32.000Z</when>
<gx:coord>-103.33575983333334 30.94235983333333 937.4</gx:coord>

<when>2025-12-08T03:43:43.000Z</when>
<gx:coord>-103.33909983333334 30.9428575 937.7</gx:coord>

<when>2025-12-08T03:43:54.000Z</when>
<gx:coord>-103.34239366666667 30.943349166666668 939.6</gx:coord>

<when>2025-12-08T03:44:05.000Z</when>
<gx:coord>-103.34559633333335 30.943827666666667 940.7</gx:coord>

<when>2025-12-08T03:44:16.000Z</when>
<gx:coord>-103.34875316666667 30.9442985 941.2</gx:coord>

<when>2025-12-08T03:44:27.000Z</when>
<gx:coord>-103.35191416666666 30.94477266666667 942.4</gx:coord>

<when>2025-12-08T03:44:38.000Z</when>
<gx:coord>-103.35508200000001 30.94524516666667 943.9</gx:coord>

<when>2025-12-08T03:44:49.000Z</when>
<gx:coord>-103.35826399999999 30.945721333333335 944.6</gx:coord>

<when>2025-12-08T03:45:00.000Z</when>
<gx:coord>-103.36147833333334 30.946194666666663 945.7</gx:coord>

<when>2025-12-08T03:45:11.000Z</when>
<gx:coord>-103.36471250000001 30.946678 947.9</gx:coord>

<when>2025-12-08T03:45:22.000Z</when>
<gx:coord>-103.36794616666666 30.947156666666668 949.8</gx:coord>

<when>2025-12-08T03:45:33.000Z</when>
<gx:coord>-103.37116400000001 30.947631 951.5</gx:coord>

<when>2025-12-08T03:45:44.000Z</when>
<gx:coord>-103.37432816666666 30.948102833333337 953.2</gx:coord>

<when>2025-12-08T03:45:55.000Z</when>
<gx:coord>-103.37745783333334 30.948573666666668 952.8</gx:coord>

<when>2025-12-08T03:46:06.000Z</when>
<gx:coord>-103.38046700000001 30.94901766666667 952.0</gx:coord>

<when>2025-12-08T03:46:17.000Z</when>
<gx:coord>-103.38348716666665 30.949468000000003 952.1</gx:coord>

<when>2025-12-08T03:46:28.000Z</when>
<gx:coord>-103.38658583333333 30.949934999999996 952.4</gx:coord>

<when>2025-12-08T03:46:39.000Z</when>
<gx:coord>-103.38969700000001 30.950393333333334 953.3</gx:coord>

<when>2025-12-08T03:46:50.000Z</when>
<gx:coord>-103.39285900000002 30.950865 953.5</gx:coord>

<when>2025-12-08T03:47:01.000Z</when>
<gx:coord>-103.39597499999999 30.9512565 953.1</gx:coord>

<when>2025-12-08T03:47:12.000Z</when>
<gx:coord>-103.39910166666665 30.951534666666664 953.8</gx:coord>

<when>2025-12-08T03:47:23.000Z</when>
<gx:coord>-103.40230916666665 30.95181566666667 952.0</gx:coord>

<when>2025-12-08T03:47:34.000Z</when>
<gx:coord>-103.40554266666668 30.952097666666667 952.8</gx:coord>

<when>2025-12-08T03:47:45.000Z</when>
<gx:coord>-103.40882000000002 30.952391666666667 953.7</gx:coord>

<when>2025-12-08T03:47:56.000Z</when>
<gx:coord>-103.41210366666668 30.952684166666668 952.9</gx:coord>

<when>2025-12-08T03:48:07.000Z</when>
<gx:coord>-103.41540066666667 30.952974333333334 952.4</gx:coord>

<when>2025-12-08T03:48:18.000Z</when>
<gx:coord>-103.41871350000001 30.953272333333334 950.7</gx:coord>

<when>2025-12-08T03:48:29.000Z</when>
<gx:coord>-103.42201066666667 30.953563500000005 949.8</gx:coord>

<when>2025-12-08T03:48:40.000Z</when>
<gx:coord>-103.42527233333334 30.953853499999997 950.0</gx:coord>

<when>2025-12-08T03:48:51.000Z</when>
<gx:coord>-103.42851916666665 30.954139 951.4</gx:coord>

<when>2025-12-08T03:49:02.000Z</when>
<gx:coord>-103.43179299999998 30.95443416666667 951.1</gx:coord>

<when>2025-12-08T03:49:13.000Z</when>
<gx:coord>-103.43507683333334 30.954723833333333 949.8</gx:coord>

<when>2025-12-08T03:49:24.000Z</when>
<gx:coord>-103.43833833333335 30.955012166666666 949.4</gx:coord>

<when>2025-12-08T03:49:35.000Z</when>
<gx:coord>-103.44164799999999 30.955311666666663 948.0</gx:coord>

<when>2025-12-08T03:49:46.000Z</when>
<gx:coord>-103.44497299999999 30.955601833333336 946.4</gx:coord>

<when>2025-12-08T03:49:57.000Z</when>
<gx:coord>-103.44824599999998 30.955890500000002 945.4</gx:coord>

<when>2025-12-08T03:50:08.000Z</when>
<gx:coord>-103.45147816666667 30.956180166666666 943.8</gx:coord>

<when>2025-12-08T03:50:19.000Z</when>
<gx:coord>-103.45471083333332 30.95647633333333 944.1</gx:coord>

<when>2025-12-08T03:50:30.000Z</when>
<gx:coord>-103.45784966666666 30.957260333333338 944.7</gx:coord>

<when>2025-12-08T03:50:41.000Z</when>
<gx:coord>-103.46100766666665 30.95824133333333 946.0</gx:coord>

<when>2025-12-08T03:50:52.000Z</when>
<gx:coord>-103.46424683333335 30.959251666666667 946.2</gx:coord>

<when>2025-12-08T03:51:03.000Z</when>
<gx:coord>-103.46749666666668 30.960266833333336 945.8</gx:coord>

<when>2025-12-08T03:51:14.000Z</when>
<gx:coord>-103.47071566666666 30.961272500000003 945.5</gx:coord>

<when>2025-12-08T03:51:25.000Z</when>
<gx:coord>-103.47387233333332 30.962253833333328 946.6</gx:coord>

<when>2025-12-08T03:51:36.000Z</when>
<gx:coord>-103.47699749999998 30.963227 946.2</gx:coord>

<when>2025-12-08T03:51:47.000Z</when>
<gx:coord>-103.48008266666666 30.964192000000004 944.6</gx:coord>

<when>2025-12-08T03:51:58.000Z</when>
<gx:coord>-103.48318033333335 30.965158499999998 942.4</gx:coord>

<when>2025-12-08T03:52:09.000Z</when>
<gx:coord>-103.48625083333333 30.966116333333336 940.7</gx:coord>

<when>2025-12-08T03:52:20.000Z</when>
<gx:coord>-103.48926416666667 30.967056166666666 939.0</gx:coord>

<when>2025-12-08T03:52:31.000Z</when>
<gx:coord>-103.49228283333332 30.968002333333335 938.6</gx:coord>

<when>2025-12-08T03:52:42.000Z</when>
<gx:coord>-103.49531616666667 30.96891633333333 939.0</gx:coord>

<when>2025-12-08T03:52:53.000Z</when>
<gx:coord>-103.49852766666666 30.969496166666666 935.9</gx:coord>

<when>2025-12-08T03:53:04.000Z</when>
<gx:coord>-103.50176383333334 30.970045833333334 932.2</gx:coord>

<when>2025-12-08T03:53:15.000Z</when>
<gx:coord>-103.50500249999999 30.97058966666667 929.2</gx:coord>

<when>2025-12-08T03:53:26.000Z</when>
<gx:coord>-103.50827650000001 30.971143666666663 927.1</gx:coord>

<when>2025-12-08T03:53:37.000Z</when>
<gx:coord>-103.51156666666665 30.971695666666665 926.4</gx:coord>

<when>2025-12-08T03:53:48.000Z</when>
<gx:coord>-103.51488566666667 30.97225866666667 922.9</gx:coord>

<when>2025-12-08T03:53:59.000Z</when>
<gx:coord>-103.51824883333332 30.972831499999998 919.2</gx:coord>

<when>2025-12-08T03:54:10.000Z</when>
<gx:coord>-103.52159083333332 30.9734 917.6</gx:coord>

<when>2025-12-08T03:54:21.000Z</when>
<gx:coord>-103.52490116666668 30.973958833333334 917.5</gx:coord>

<when>2025-12-08T03:54:32.000Z</when>
<gx:coord>-103.52815299999999 30.974474666666666 914.3</gx:coord>

<when>2025-12-08T03:54:43.000Z</when>
<gx:coord>-103.53142033333333 30.97467316666667 912.1</gx:coord>

<when>2025-12-08T03:54:54.000Z</when>
<gx:coord>-103.53467350000001 30.974772999999995 910.6</gx:coord>

<when>2025-12-08T03:55:05.000Z</when>
<gx:coord>-103.53791016666668 30.974869166666668 908.0</gx:coord>

<when>2025-12-08T03:55:16.000Z</when>
<gx:coord>-103.54120366666666 30.974967333333332 902.8</gx:coord>

<when>2025-12-08T03:55:27.000Z</when>
<gx:coord>-103.54448599999999 30.9750585 900.4</gx:coord>

<when>2025-12-08T03:55:38.000Z</when>
<gx:coord>-103.54777083333332 30.97515316666667 899.6</gx:coord>

<when>2025-12-08T03:55:49.000Z</when>
<gx:coord>-103.551074 30.975260000000002 898.2</gx:coord>

<when>2025-12-08T03:56:00.000Z</when>
<gx:coord>-103.55437349999998 30.975351999999997 897.3</gx:coord>

<when>2025-12-08T03:56:11.000Z</when>
<gx:coord>-103.55767150000001 30.975450166666665 896.3</gx:coord>

<when>2025-12-08T03:56:22.000Z</when>
<gx:coord>-103.56099449999998 30.975545000000004 895.8</gx:coord>

<when>2025-12-08T03:56:33.000Z</when>
<gx:coord>-103.56430583333334 30.97586516666667 895.2</gx:coord>

<when>2025-12-08T03:56:44.000Z</when>
<gx:coord>-103.567556 30.97646616666667 895.1</gx:coord>

<when>2025-12-08T03:56:55.000Z</when>
<gx:coord>-103.57078699999998 30.977065500000002 894.9</gx:coord>

<when>2025-12-08T03:57:06.000Z</when>
<gx:coord>-103.57399166666667 30.977665833333337 894.4</gx:coord>

<when>2025-12-08T03:57:17.000Z</when>
<gx:coord>-103.57718266666667 30.978254500000002 893.5</gx:coord>

<when>2025-12-08T03:57:28.000Z</when>
<gx:coord>-103.58044383333332 30.97886133333333 893.4</gx:coord>

<when>2025-12-08T03:57:39.000Z</when>
<gx:coord>-103.5837855 30.979477166666666 893.1</gx:coord>

<when>2025-12-08T03:57:50.000Z</when>
<gx:coord>-103.58704449999999 30.980087833333332 893.4</gx:coord>

<when>2025-12-08T03:58:01.000Z</when>
<gx:coord>-103.59027716666667 30.9806865 892.8</gx:coord>

<when>2025-12-08T03:58:12.000Z</when>
<gx:coord>-103.59352500000001 30.98128616666667 892.1</gx:coord>

<when>2025-12-08T03:58:23.000Z</when>
<gx:coord>-103.596767 30.981893 891.8</gx:coord>

<when>2025-12-08T03:58:34.000Z</when>
<gx:coord>-103.60001716666666 30.982494166666665 892.1</gx:coord>

<when>2025-12-08T03:58:45.000Z</when>
<gx:coord>-103.603318 30.983111166666664 891.8</gx:coord>

<when>2025-12-08T03:58:56.000Z</when>
<gx:coord>-103.60667616666666 30.983735833333338 892.6</gx:coord>

<when>2025-12-08T03:59:07.000Z</when>
<gx:coord>-103.609926 30.98433783333333 893.2</gx:coord>

<when>2025-12-08T03:59:18.000Z</when>
<gx:coord>-103.61312233333335 30.984903999999997 894.3</gx:coord>

<when>2025-12-08T03:59:29.000Z</when>
<gx:coord>-103.61635983333332 30.98539166666667 895.4</gx:coord>

<when>2025-12-08T03:59:40.000Z</when>
<gx:coord>-103.61958966666667 30.98596133333333 897.2</gx:coord>

<when>2025-12-08T03:59:51.000Z</when>
<gx:coord>-103.62280799999999 30.9865585 897.9</gx:coord>

<when>2025-12-08T04:00:02.000Z</when>
<gx:coord>-103.62596866666667 30.98714783333333 899.8</gx:coord>

<when>2025-12-08T04:00:13.000Z</when>
<gx:coord>-103.62894849999999 30.9877025 905.5</gx:coord>

<when>2025-12-08T04:00:24.000Z</when>
<gx:coord>-103.63191350000001 30.98825866666667 906.2</gx:coord>

<when>2025-12-08T04:00:35.000Z</when>
<gx:coord>-103.63507083333334 30.988842166666668 905.0</gx:coord>

<when>2025-12-08T04:00:46.000Z</when>
<gx:coord>-103.63832683333334 30.98944033333333 907.9</gx:coord>

<when>2025-12-08T04:00:57.000Z</when>
<gx:coord>-103.64157333333333 30.990045499999997 908.7</gx:coord>

<when>2025-12-08T04:01:08.000Z</when>
<gx:coord>-103.64483083333334 30.990649666666666 910.0</gx:coord>

<when>2025-12-08T04:01:19.000Z</when>
<gx:coord>-103.64810316666666 30.99126066666667 910.9</gx:coord>

<when>2025-12-08T04:01:30.000Z</when>
<gx:coord>-103.65134033333334 30.991870166666665 911.2</gx:coord>

<when>2025-12-08T04:01:41.000Z</when>
<gx:coord>-103.65455266666667 30.992466166666667 913.0</gx:coord>

<when>2025-12-08T04:01:52.000Z</when>
<gx:coord>-103.65769049999999 30.993048999999996 916.0</gx:coord>

<when>2025-12-08T04:02:03.000Z</when>
<gx:coord>-103.66063166666666 30.993595833333334 922.5</gx:coord>

<when>2025-12-08T04:02:14.000Z</when>
<gx:coord>-103.66344 30.994114333333332 924.4</gx:coord>

<when>2025-12-08T04:02:25.000Z</when>
<gx:coord>-103.66623383333332 30.99462583333333 921.7</gx:coord>

<when>2025-12-08T04:02:36.000Z</when>
<gx:coord>-103.66896933333334 30.995137500000002 922.0</gx:coord>

<when>2025-12-08T04:02:47.000Z</when>
<gx:coord>-103.67171616666668 30.9956425 923.6</gx:coord>

<when>2025-12-08T04:02:58.000Z</when>
<gx:coord>-103.67448850000001 30.996214333333334 925.8</gx:coord>

<when>2025-12-08T04:03:09.000Z</when>
<gx:coord>-103.67728133333334 30.996766333333333 927.7</gx:coord>

<when>2025-12-08T04:03:20.000Z</when>
<gx:coord>-103.68009883333335 30.997289500000004 931.7</gx:coord>

<when>2025-12-08T04:03:31.000Z</when>
<gx:coord>-103.68290766666665 30.997814666666667 934.0</gx:coord>

<when>2025-12-08T04:03:42.000Z</when>
<gx:coord>-103.68572033333334 30.99833866666667 936.7</gx:coord>

<when>2025-12-08T04:03:53.000Z</when>
<gx:coord>-103.68862349999999 30.998874500000003 939.6</gx:coord>

<when>2025-12-08T04:04:04.000Z</when>
<gx:coord>-103.69153933333334 30.999417333333334 942.3</gx:coord>

<when>2025-12-08T04:04:15.000Z</when>
<gx:coord>-103.694466 30.999954000000002 944.1</gx:coord>

<when>2025-12-08T04:04:26.000Z</when>
<gx:coord>-103.69714633333334 31.000446333333336 945.5</gx:coord>

<when>2025-12-08T04:04:37.000Z</when>
<gx:coord>-103.69926849999999 31.001017 948.9</gx:coord>

<when>2025-12-08T04:04:48.000Z</when>
<gx:coord>-103.70094599999999 31.00162716666667 947.3</gx:coord>

<when>2025-12-08T04:04:59.000Z</when>
<gx:coord>-103.70237700000001 31.001921166666662 948.1</gx:coord>

<when>2025-12-08T04:05:10.000Z</when>
<gx:coord>-103.7030245 31.001822833333335 947.4</gx:coord>

<when>2025-12-08T04:05:21.000Z</when>
<gx:coord>-103.70318183333332 31.001099333333332 945.6</gx:coord>

<when>2025-12-08T04:05:32.000Z</when>
<gx:coord>-103.70342333333335 31.000095 944.0</gx:coord>

<when>2025-12-08T04:05:43.000Z</when>
<gx:coord>-103.7037105 30.999306499999996 942.4</gx:coord>

<when>2025-12-08T04:05:54.000Z</when>
<gx:coord>-103.70457933333334 30.998999833333333 944.0</gx:coord>

<when>2025-12-08T04:06:05.000Z</when>
<gx:coord>-103.70577633333332 30.998678333333334 944.5</gx:coord>

<when>2025-12-08T04:06:16.000Z</when>
<gx:coord>-103.7074335 30.99822883333333 946.5</gx:coord>

<when>2025-12-08T04:06:27.000Z</when>
<gx:coord>-103.70945116666665 30.997695333333333 949.7</gx:coord>

<when>2025-12-08T04:06:38.000Z</when>
<gx:coord>-103.711589 30.997117000000003 951.9</gx:coord>

<when>2025-12-08T04:06:49.000Z</when>
<gx:coord>-103.71368916666667 30.996586333333333 954.0</gx:coord>

<when>2025-12-08T04:07:00.000Z</when>
<gx:coord>-103.71587749999999 30.99608316666667 956.6</gx:coord>

<when>2025-12-08T04:07:11.000Z</when>
<gx:coord>-103.7181765 30.9954655 958.1</gx:coord>

<when>2025-12-08T04:07:22.000Z</when>
<gx:coord>-103.72055350000001 30.994798833333334 960.6</gx:coord>

<when>2025-12-08T04:07:33.000Z</when>
<gx:coord>-103.72294383333335 30.994127166666665 962.9</gx:coord>

<when>2025-12-08T04:07:44.000Z</when>
<gx:coord>-103.7252265 30.993608166666665 964.4</gx:coord>

<when>2025-12-08T04:07:55.000Z</when>
<gx:coord>-103.72738050000001 30.993225833333334 965.9</gx:coord>

<when>2025-12-08T04:08:06.000Z</when>
<gx:coord>-103.72968483333334 30.992939166666662 966.9</gx:coord>

<when>2025-12-08T04:08:17.000Z</when>
<gx:coord>-103.73201083333333 30.992646833333332 969.0</gx:coord>

<when>2025-12-08T04:08:28.000Z</when>
<gx:coord>-103.73426016666666 30.991828666666667 967.4</gx:coord>

<when>2025-12-08T04:08:39.000Z</when>
<gx:coord>-103.73636216666667 30.99071083333333 968.9</gx:coord>

<when>2025-12-08T04:08:50.000Z</when>
<gx:coord>-103.73833916666666 30.989645333333335 971.2</gx:coord>

<when>2025-12-08T04:09:01.000Z</when>
<gx:coord>-103.73980949999999 30.98876883333333 972.0</gx:coord>

<when>2025-12-08T04:09:12.000Z</when>
<gx:coord>-103.74095583333335 30.988107333333332 972.6</gx:coord>

<when>2025-12-08T04:09:23.000Z</when>
<gx:coord>-103.74177366666666 30.9876265 972.1</gx:coord>

<when>2025-12-08T04:09:34.000Z</when>
<gx:coord>-103.74279016666667 30.987076833333337 971.5</gx:coord>

<when>2025-12-08T04:09:45.000Z</when>
<gx:coord>-103.74416733333334 30.986518833333335 970.3</gx:coord>

<when>2025-12-08T04:09:56.000Z</when>
<gx:coord>-103.74566133333335 30.98595116666667 974.8</gx:coord>

<when>2025-12-08T04:10:07.000Z</when>
<gx:coord>-103.7473885 30.985286333333338 980.0</gx:coord>

<when>2025-12-08T04:10:18.000Z</when>
<gx:coord>-103.74908666666667 30.984486666666665 980.6</gx:coord>

<when>2025-12-08T04:10:29.000Z</when>
<gx:coord>-103.75083016666667 30.983495166666664 980.0</gx:coord>

<when>2025-12-08T04:10:40.000Z</when>
<gx:coord>-103.75257833333332 30.982414833333337 981.2</gx:coord>

<when>2025-12-08T04:10:51.000Z</when>
<gx:coord>-103.753964 30.980955 981.1</gx:coord>

<when>2025-12-08T04:11:02.000Z</when>
<gx:coord>-103.7552835 30.979457333333336 985.6</gx:coord>

<when>2025-12-08T04:11:13.000Z</when>
<gx:coord>-103.75704466666666 30.9782615 988.4</gx:coord>

<when>2025-12-08T04:11:24.000Z</when>
<gx:coord>-103.75920766666668 30.977179500000002 989.9</gx:coord>

<when>2025-12-08T04:11:35.000Z</when>
<gx:coord>-103.76150116666668 30.976038000000003 991.1</gx:coord>

<when>2025-12-08T04:11:46.000Z</when>
<gx:coord>-103.76388966666667 30.9748455 992.6</gx:coord>

<when>2025-12-08T04:11:57.000Z</when>
<gx:coord>-103.76602566666666 30.973493 993.4</gx:coord>

<when>2025-12-08T04:12:08.000Z</when>
<gx:coord>-103.76741916666667 30.971532166666666 995.3</gx:coord>

<when>2025-12-08T04:12:19.000Z</when>
<gx:coord>-103.768346 30.969386166666663 996.1</gx:coord>

<when>2025-12-08T04:12:30.000Z</when>
<gx:coord>-103.76882983333334 30.96711 998.3</gx:coord>

<when>2025-12-08T04:12:41.000Z</when>
<gx:coord>-103.76880233333334 30.964771499999998 999.4</gx:coord>

<when>2025-12-08T04:12:52.000Z</when>
<gx:coord>-103.76866166666666 30.96234116666667 1000.1</gx:coord>

<when>2025-12-08T04:13:03.000Z</when>
<gx:coord>-103.76852483333332 30.959841666666662 1000.9</gx:coord>

<when>2025-12-08T04:13:14.000Z</when>
<gx:coord>-103.76841483333334 30.957475999999996 1002.1</gx:coord>

<when>2025-12-08T04:13:25.000Z</when>
<gx:coord>-103.76900666666667 30.955292166666663 1004.3</gx:coord>

<when>2025-12-08T04:13:36.000Z</when>
<gx:coord>-103.770596 30.95351966666666 1006.9</gx:coord>

<when>2025-12-08T04:13:47.000Z</when>
<gx:coord>-103.772702 30.952037833333332 1008.5</gx:coord>

<when>2025-12-08T04:13:58.000Z</when>
<gx:coord>-103.77469066666666 30.95068366666667 1008.6</gx:coord>

<when>2025-12-08T04:14:09.000Z</when>
<gx:coord>-103.7768555 30.94961933333333 1009.6</gx:coord>

<when>2025-12-08T04:14:20.000Z</when>
<gx:coord>-103.77911700000001 30.94860233333333 1010.6</gx:coord>

<when>2025-12-08T04:14:31.000Z</when>
<gx:coord>-103.78140483333333 30.947691666666667 1012.5</gx:coord>

<when>2025-12-08T04:14:42.000Z</when>
<gx:coord>-103.78364633333334 30.9468145 1013.8</gx:coord>

<when>2025-12-08T04:14:53.000Z</when>
<gx:coord>-103.78540100000001 30.946128166666668 1015.0</gx:coord>

<when>2025-12-08T04:15:04.000Z</when>
<gx:coord>-103.78662666666666 30.945647500000003 1015.3</gx:coord>

<when>2025-12-08T04:15:15.000Z</when>
<gx:coord>-103.78673966666665 30.945470500000003 1015.3</gx:coord>

<when>2025-12-08T04:15:26.000Z</when>
<gx:coord>-103.78672383333333 30.945397333333336 1015.0</gx:coord>

<when>2025-12-08T04:16:10.000Z</when>
<gx:coord>-103.78668216666668 30.945309833333333 1014.7</gx:coord>

<when>2025-12-08T04:16:21.000Z</when>
<gx:coord>-103.78664016666669 30.9452035 1014.5</gx:coord>

<when>2025-12-08T04:16:43.000Z</when>
<gx:coord>-103.786594 30.945088499999997 1014.2</gx:coord>

<when>2025-12-08T04:16:54.000Z</when>
<gx:coord>-103.78654433333334 30.944945666666666 1014.3</gx:coord>

<when>2025-12-08T04:17:05.000Z</when>
<gx:coord>-103.78651433333334 30.944753 1014.5</gx:coord>

<when>2025-12-08T04:17:16.000Z</when>
<gx:coord>-103.78653666666666 30.944570666666664 1014.8</gx:coord>

<when>2025-12-08T04:17:27.000Z</when>
<gx:coord>-103.78655633333334 30.944430333333337 1013.8</gx:coord>

<when>2025-12-08T04:17:38.000Z</when>
<gx:coord>-103.78632216666668 30.944333833333335 1014.3</gx:coord>

<when>2025-12-08T04:17:49.000Z</when>
<gx:coord>-103.78594866666666 30.9443035 1013.4</gx:coord>

<when>2025-12-08T04:18:00.000Z</when>
<gx:coord>-103.78554966666667 30.94418316666667 1013.2</gx:coord>

<when>2025-12-08T04:18:11.000Z</when>
<gx:coord>-103.785178 30.944038833333334 1013.6</gx:coord>

<when>2025-12-08T04:18:22.000Z</when>
<gx:coord>-103.78488633333333 30.944082166666664 1013.1</gx:coord>

<when>2025-12-08T04:18:33.000Z</when>
<gx:coord>-103.78467516666666 30.944272166666664 1011.3</gx:coord>

<when>2025-12-08T04:18:44.000Z</when>
<gx:coord>-103.78436566666666 30.944345833333333 1010.6</gx:coord>

<when>2025-12-08T04:18:55.000Z</when>
<gx:coord>-103.78413299999998 30.944186 1011.2</gx:coord>

<when>2025-12-08T04:19:06.000Z</when>
<gx:coord>-103.78386833333334 30.944068833333336 1011.2</gx:coord>

<when>2025-12-08T04:19:17.000Z</when>
<gx:coord>-103.78365183333332 30.944019000000004 1010.9</gx:coord>

<when>2025-12-08T04:19:28.000Z</when>
<gx:coord>-103.78345050000001 30.943992666666666 1009.6</gx:coord>

<when>2025-12-08T04:19:39.000Z</when>
<gx:coord>-103.78321366666665 30.94394683333333 1009.4</gx:coord>

<when>2025-12-08T04:19:50.000Z</when>
<gx:coord>-103.78301016666667 30.943897833333335 1010.2</gx:coord>

<when>2025-12-08T04:20:01.000Z</when>
<gx:coord>-103.782908 30.943903833333334 1010.0</gx:coord>

<when>2025-12-08T04:20:23.000Z</when>
<gx:coord>-103.78296416666666 30.943895166666668 1012.3</gx:coord>

<when>2025-12-08T04:20:45.000Z</when>
<gx:coord>-103.78302149999999 30.9438775 1013.3</gx:coord>
</gx:Track>
</Placemark></Document></kml>
