<?xml version="1.0" encoding="UTF-8" ?><gpx version="1.1" creator="GPSLogger 135 - http://gpslogger.mendhak.com/" xmlns:xsi="http://www.w3.org/2001/XMLSchema-instance" xmlns="http://www.topografix.com/GPX/1/1" xmlns:gpxtpx="http://www.garmin.com/xmlschemas/TrackPointExtension/v2" xsi:schemaLocation="http://www.topografix.com/GPX/1/1 http://www.topografix.com/GPX/1/1/gpx.xsd http://www.garmin.com/xmlschemas/TrackPointExtension/v2 https://www8.garmin.com/xmlschemas/TrackPointExtensionv2.xsd "><metadata><time>2025-12-16T22:25:01.000Z</time></metadata><trk><name>20251216</name><trkseg><trkpt lat="31.0190665" lon="-114.83382133333335"><time>2025-12-16T22:25:01.000Z</time><extensions><gpxtpx:TrackPointExtension><gpxtpx:speed>0.0138975</gpxtpx:speed></gpxtpx:TrackPointExtension></extensions><src>gps</src><hdop>2.24</hdop><vdop>1.00</vdop><pdop>2.45</pdop></trkpt>
<trkpt lat="31.019078166666667" lon="-114.83388533333333"><ele>8.9</ele><time>2025-12-16T22:25:35.000Z</time><extensions><gpxtpx:TrackPointExtension><gpxtpx:speed>0.09934139</gpxtpx:speed></gpxtpx:TrackPointExtension></extensions><geoidheight>-34.2</geoidheight><src>gps</src><sat>8</sat><hdop>1.33</hdop><vdop>2.09</vdop><pdop>2.48</pdop></trkpt>
<trkpt lat="31.01902583333333" lon="-114.83389183333333"><ele>8.1</ele><time>2025-12-16T22:27:14.000Z</time><extensions><gpxtpx:TrackPointExtension><gpxtpx:speed>0.006691389</gpxtpx:speed></gpxtpx:TrackPointExtension></extensions><geoidheight>-34.2</geoidheight><src>gps</src><sat>9</sat><hdop>1.23</hdop><vdop>1.85</vdop><pdop>2.22</pdop></trkpt>
<trkpt lat="31.019019166666666" lon="-114.8338385"><ele>10.4</ele><time>2025-12-16T22:28:20.000Z</time><extensions><gpxtpx:TrackPointExtension><gpxtpx:speed>0.021618333</gpxtpx:speed></gpxtpx:TrackPointExtension></extensions><geoidheight>-34.2</geoidheight><src>gps</src><sat>11</sat><hdop>0.81</hdop><vdop>1.20</vdop><pdop>1.44</pdop></trkpt>
<trkpt lat="31.01905433333333" lon="-114.83387533333334"><ele>12.4</ele><time>2025-12-16T22:31:16.000Z</time><extensions><gpxtpx:TrackPointExtension><gpxtpx:speed>0.061766665</gpxtpx:speed></gpxtpx:TrackPointExtension></extensions><geoidheight>-34.2</geoidheight><src>gps</src><sat>13</sat><hdop>0.72</hdop><vdop>1.19</vdop><pdop>1.39</pdop></trkpt>
<trkpt lat="31.019067166666666" lon="-114.83398883333332"><ele>7.3</ele><time>2025-12-16T22:32:44.000Z</time><extensions><gpxtpx:TrackPointExtension><gpxtpx:bearing>278.56</gpxtpx:bearing><gpxtpx:speed>0.6413439</gpxtpx:speed></gpxtpx:TrackPointExtension></extensions><geoidheight>-34.2</geoidheight><src>gps</src><sat>15</sat><hdop>0.74</hdop><vdop>1.14</vdop><pdop>1.36</pdop></trkpt>
<trkpt lat="31.019070499999998" lon="-114.834051"><ele>10.4</ele><time>2025-12-16T22:32:55.000Z</time><extensions><gpxtpx:TrackPointExtension><gpxtpx:bearing>291.02</gpxtpx:bearing><gpxtpx:speed>0.7715686</gpxtpx:speed></gpxtpx:TrackPointExtension></extensions><geoidheight>-34.2</geoidheight><src>gps</src><sat>15</sat><hdop>0.74</hdop><vdop>1.14</vdop><pdop>1.36</pdop></trkpt>
<trkpt lat="31.019104666666667" lon="-114.83411933333333"><ele>12.1</ele><time>2025-12-16T22:33:06.000Z</time><extensions><gpxtpx:TrackPointExtension><gpxtpx:bearing>307.59</gpxtpx:bearing><gpxtpx:speed>0.79370165</gpxtpx:speed></gpxtpx:TrackPointExtension></extensions><geoidheight>-34.2</geoidheight><src>gps</src><sat>15</sat><hdop>0.92</hdop><vdop>1.39</vdop><pdop>1.67</pdop></trkpt>
<trkpt lat="31.019134" lon="-114.83416233333334"><ele>15.5</ele><time>2025-12-16T22:33:17.000Z</time><extensions><gpxtpx:TrackPointExtension><gpxtpx:bearing>310.15</gpxtpx:bearing><gpxtpx:speed>0.56156194</gpxtpx:speed></gpxtpx:TrackPointExtension></extensions><geoidheight>-34.2</geoidheight><src>gps</src><sat>15</sat><hdop>0.74</hdop><vdop>1.14</vdop><pdop>1.36</pdop></trkpt>
<trkpt lat="31.019195666666665" lon="-114.83421600000001"><ele>18.4</ele><time>2025-12-16T22:33:50.000Z</time><extensions><gpxtpx:TrackPointExtension><gpxtpx:speed>0.2527286</gpxtpx:speed></gpxtpx:TrackPointExtension></extensions><geoidheight>-34.2</geoidheight><src>gps</src><sat>15</sat><hdop>0.77</hdop><vdop>1.27</vdop><pdop>1.48</pdop></trkpt>
<trkpt lat="31.019181166666666" lon="-114.83431033333333"><ele>14.1</ele><time>2025-12-16T22:34:23.000Z</time><extensions><gpxtpx:TrackPointExtension><gpxtpx:bearing>269.06</gpxtpx:bearing><gpxtpx:speed>0.843115</gpxtpx:speed></gpxtpx:TrackPointExtension></extensions><geoidheight>-34.2</geoidheight><src>gps</src><sat>17</sat><hdop>0.65</hdop><vdop>1.01</vdop><pdop>1.20</pdop><dgpsid>0000</dgpsid></trkpt>
<trkpt lat="31.019230333333333" lon="-114.83450466666666"><ele>10.8</ele><time>2025-12-16T22:34:34.000Z</time><extensions><gpxtpx:TrackPointExtension><gpxtpx:bearing>287.7</gpxtpx:bearing><gpxtpx:speed>2.1613185</gpxtpx:speed></gpxtpx:TrackPointExtension></extensions><geoidheight>-34.2</geoidheight><src>gps</src><sat>17</sat><hdop>0.65</hdop><vdop>1.01</vdop><pdop>1.20</pdop><dgpsid>0000</dgpsid></trkpt>
<trkpt lat="31.01930033333333" lon="-114.83472633333334"><ele>5.9</ele><time>2025-12-16T22:34:47.000Z</time><extensions><gpxtpx:TrackPointExtension><gpxtpx:bearing>289.82</gpxtpx:bearing><gpxtpx:speed>1.6383609</gpxtpx:speed></gpxtpx:TrackPointExtension></extensions><geoidheight>-34.2</geoidheight><src>gps</src><sat>17</sat><hdop>0.69</hdop><vdop>1.04</vdop><pdop>1.25</pdop><dgpsid>0000</dgpsid></trkpt>
<trkpt lat="31.019356333333334" lon="-114.83489583333333"><ele>2.2</ele><time>2025-12-16T22:34:58.000Z</time><extensions><gpxtpx:TrackPointExtension><gpxtpx:bearing>291.88</gpxtpx:bearing><gpxtpx:speed>1.2718786</gpxtpx:speed></gpxtpx:TrackPointExtension></extensions><geoidheight>-34.2</geoidheight><src>gps</src><sat>17</sat><hdop>0.65</hdop><vdop>1.00</vdop><pdop>1.20</pdop><dgpsid>0000</dgpsid></trkpt>
<trkpt lat="31.019420833333335" lon="-114.83502833333333"><ele>0.3</ele><time>2025-12-16T22:35:09.000Z</time><extensions><gpxtpx:TrackPointExtension><gpxtpx:bearing>292.14</gpxtpx:bearing><gpxtpx:speed>0.7391411</gpxtpx:speed></gpxtpx:TrackPointExtension></extensions><geoidheight>-34.2</geoidheight><src>gps</src><sat>16</sat><hdop>0.76</hdop><vdop>1.06</vdop><pdop>1.30</pdop><dgpsid>0000</dgpsid></trkpt>
<trkpt lat="31.019161500000003" lon="-114.83525399999999"><ele>1.1</ele><time>2025-12-16T22:35:20.000Z</time><extensions><gpxtpx:TrackPointExtension><gpxtpx:bearing>199.25</gpxtpx:bearing><gpxtpx:speed>6.094311</gpxtpx:speed></gpxtpx:TrackPointExtension></extensions><geoidheight>-34.2</geoidheight><src>gps</src><sat>17</sat><hdop>0.63</hdop><vdop>0.96</vdop><pdop>1.15</pdop><dgpsid>0000</dgpsid></trkpt>
<trkpt lat="31.018319833333333" lon="-114.83560966666667"><ele>1.9</ele><time>2025-12-16T22:35:31.000Z</time><extensions><gpxtpx:TrackPointExtension><gpxtpx:bearing>200.29</gpxtpx:bearing><gpxtpx:speed>10.41386</gpxtpx:speed></gpxtpx:TrackPointExtension></extensions><geoidheight>-34.2</geoidheight><src>gps</src><sat>16</sat><hdop>0.68</hdop><vdop>1.04</vdop><pdop>1.25</pdop><dgpsid>0000</dgpsid></trkpt>
<trkpt lat="31.017416000000004" lon="-114.83598883333335"><ele>2.6</ele><time>2025-12-16T22:35:42.000Z</time><extensions><gpxtpx:TrackPointExtension><gpxtpx:bearing>199.53</gpxtpx:bearing><gpxtpx:speed>8.376075</gpxtpx:speed></gpxtpx:TrackPointExtension></extensions><geoidheight>-34.2</geoidheight><src>gps</src><sat>17</sat><hdop>0.63</hdop><vdop>0.96</vdop><pdop>1.15</pdop><dgpsid>0000</dgpsid></trkpt>
<trkpt lat="31.016616833333334" lon="-114.83608449999998"><ele>-1.5</ele><time>2025-12-16T22:35:53.000Z</time><extensions><gpxtpx:TrackPointExtension><gpxtpx:bearing>181.28</gpxtpx:bearing><gpxtpx:speed>8.61645</gpxtpx:speed></gpxtpx:TrackPointExtension></extensions><geoidheight>-34.2</geoidheight><src>gps</src><sat>17</sat><hdop>0.63</hdop><vdop>0.96</vdop><pdop>1.15</pdop><dgpsid>0000</dgpsid></trkpt>
<trkpt lat="31.015877" lon="-114.83608983333333"><ele>-4.8</ele><time>2025-12-16T22:36:04.000Z</time><extensions><gpxtpx:TrackPointExtension><gpxtpx:bearing>181.89</gpxtpx:bearing><gpxtpx:speed>3.0996573</gpxtpx:speed></gpxtpx:TrackPointExtension></extensions><geoidheight>-34.2</geoidheight><src>gps</src><sat>17</sat><hdop>0.63</hdop><vdop>0.96</vdop><pdop>1.15</pdop><dgpsid>0000</dgpsid></trkpt>
<trkpt lat="31.015766" lon="-114.83625116666666"><ele>-2.0</ele><time>2025-12-16T22:36:15.000Z</time><extensions><gpxtpx:TrackPointExtension><gpxtpx:bearing>273.77</gpxtpx:bearing><gpxtpx:speed>2.788765</gpxtpx:speed></gpxtpx:TrackPointExtension></extensions><geoidheight>-34.2</geoidheight><src>gps</src><sat>17</sat><hdop>0.63</hdop><vdop>0.96</vdop><pdop>1.15</pdop><dgpsid>0000</dgpsid></trkpt>
<trkpt lat="31.015768" lon="-114.83680716666667"><ele>-1.2</ele><time>2025-12-16T22:36:26.000Z</time><extensions><gpxtpx:TrackPointExtension><gpxtpx:bearing>270.76</gpxtpx:bearing><gpxtpx:speed>7.89378</gpxtpx:speed></gpxtpx:TrackPointExtension></extensions><geoidheight>-34.2</geoidheight><src>gps</src><sat>16</sat><hdop>0.65</hdop><vdop>0.96</vdop><pdop>1.16</pdop><dgpsid>0000</dgpsid></trkpt>
<trkpt lat="31.0157735" lon="-114.83792233333334"><ele>6.3</ele><time>2025-12-16T22:36:37.000Z</time><extensions><gpxtpx:TrackPointExtension><gpxtpx:bearing>271.52</gpxtpx:bearing><gpxtpx:speed>9.596996</gpxtpx:speed></gpxtpx:TrackPointExtension></extensions><geoidheight>-34.2</geoidheight><src>gps</src><sat>15</sat><hdop>0.63</hdop><vdop>1.01</vdop><pdop>1.19</pdop><dgpsid>0000</dgpsid></trkpt>
<trkpt lat="31.015763666666665" lon="-114.8391045"><ele>10.9</ele><time>2025-12-16T22:36:48.000Z</time><extensions><gpxtpx:TrackPointExtension><gpxtpx:bearing>268.14</gpxtpx:bearing><gpxtpx:speed>10.2929</gpxtpx:speed></gpxtpx:TrackPointExtension></extensions><geoidheight>-34.2</geoidheight><src>gps</src><sat>16</sat><hdop>0.63</hdop><vdop>0.93</vdop><pdop>1.13</pdop><dgpsid>0000</dgpsid></trkpt>
<trkpt lat="31.015751333333334" lon="-114.83997433333334"><ele>13.5</ele><time>2025-12-16T22:36:59.000Z</time><extensions><gpxtpx:TrackPointExtension><gpxtpx:bearing>269.95</gpxtpx:bearing><gpxtpx:speed>2.406841</gpxtpx:speed></gpxtpx:TrackPointExtension></extensions><geoidheight>-34.2</geoidheight><src>gps</src><sat>15</sat><hdop>0.65</hdop><vdop>0.94</vdop><pdop>1.14</pdop><dgpsid>0000</dgpsid></trkpt>
<trkpt lat="31.015762000000002" lon="-114.840335"><ele>14.4</ele><time>2025-12-16T22:37:10.000Z</time><extensions><gpxtpx:TrackPointExtension><gpxtpx:bearing>274.27</gpxtpx:bearing><gpxtpx:speed>4.3370495</gpxtpx:speed></gpxtpx:TrackPointExtension></extensions><geoidheight>-34.2</geoidheight><src>gps</src><sat>18</sat><hdop>0.59</hdop><vdop>0.88</vdop><pdop>1.06</pdop><dgpsid>0000</dgpsid></trkpt>
<trkpt lat="31.015770166666666" lon="-114.84082400000001"><ele>15.1</ele><time>2025-12-16T22:37:21.000Z</time><extensions><gpxtpx:TrackPointExtension><gpxtpx:bearing>269.61</gpxtpx:bearing><gpxtpx:speed>7.632816</gpxtpx:speed></gpxtpx:TrackPointExtension></extensions><geoidheight>-34.2</geoidheight><src>gps</src><sat>18</sat><hdop>0.66</hdop><vdop>0.93</vdop><pdop>1.14</pdop><dgpsid>0000</dgpsid></trkpt>
<trkpt lat="31.01574366666667" lon="-114.84187216666666"><ele>15.8</ele><time>2025-12-16T22:37:32.000Z</time><extensions><gpxtpx:TrackPointExtension><gpxtpx:bearing>261.75</gpxtpx:bearing><gpxtpx:speed>9.353532</gpxtpx:speed></gpxtpx:TrackPointExtension></extensions><geoidheight>-34.2</geoidheight><src>gps</src><sat>18</sat><hdop>0.59</hdop><vdop>0.88</vdop><pdop>1.06</pdop><dgpsid>0000</dgpsid></trkpt>
<trkpt lat="31.01547233333333" lon="-114.84272600000001"><ele>16.9</ele><time>2025-12-16T22:37:43.000Z</time><extensions><gpxtpx:TrackPointExtension><gpxtpx:bearing>262.79</gpxtpx:bearing><gpxtpx:speed>5.636723</gpxtpx:speed></gpxtpx:TrackPointExtension></extensions><geoidheight>-34.2</geoidheight><src>gps</src><sat>18</sat><hdop>0.62</hdop><vdop>0.93</vdop><pdop>1.11</pdop><dgpsid>0000</dgpsid></trkpt>
<trkpt lat="31.015493999999997" lon="-114.84306116666667"><ele>16.0</ele><time>2025-12-16T22:37:54.000Z</time><extensions><gpxtpx:TrackPointExtension><gpxtpx:bearing>277.01</gpxtpx:bearing><gpxtpx:speed>1.4576933</gpxtpx:speed></gpxtpx:TrackPointExtension></extensions><geoidheight>-34.2</geoidheight><src>gps</src><sat>18</sat><hdop>0.59</hdop><vdop>0.88</vdop><pdop>1.06</pdop><dgpsid>0000</dgpsid></trkpt>
<trkpt lat="31.01538966666667" lon="-114.84342633333333"><ele>16.7</ele><time>2025-12-16T22:38:05.000Z</time><extensions><gpxtpx:TrackPointExtension><gpxtpx:bearing>215.05</gpxtpx:bearing><gpxtpx:speed>2.3744137</gpxtpx:speed></gpxtpx:TrackPointExtension></extensions><geoidheight>-34.2</geoidheight><src>gps</src><sat>18</sat><hdop>0.59</hdop><vdop>0.88</vdop><pdop>1.06</pdop><dgpsid>0000</dgpsid></trkpt>
<trkpt lat="31.015237166666665" lon="-114.84342916666668"><ele>16.6</ele><time>2025-12-16T22:38:16.000Z</time><extensions><gpxtpx:TrackPointExtension><gpxtpx:bearing>178.46</gpxtpx:bearing><gpxtpx:speed>0.46376473</gpxtpx:speed></gpxtpx:TrackPointExtension></extensions><geoidheight>-34.2</geoidheight><src>gps</src><sat>18</sat><hdop>0.71</hdop><vdop>1.01</vdop><pdop>1.23</pdop><dgpsid>0000</dgpsid></trkpt>
<trkpt lat="31.01535366666667" lon="-114.84345016666666"><ele>25.2</ele><time>2025-12-16T22:38:49.000Z</time><extensions><gpxtpx:TrackPointExtension><gpxtpx:bearing>3.47</gpxtpx:bearing><gpxtpx:speed>1.046945</gpxtpx:speed></gpxtpx:TrackPointExtension></extensions><geoidheight>-34.2</geoidheight><src>gps</src><sat>18</sat><hdop>0.62</hdop><vdop>0.89</vdop><pdop>1.08</pdop><dgpsid>0000</dgpsid></trkpt>
<trkpt lat="31.015445500000002" lon="-114.84342833333334"><ele>24.6</ele><time>2025-12-16T22:39:00.000Z</time><extensions><gpxtpx:TrackPointExtension><gpxtpx:bearing>23.77</gpxtpx:bearing><gpxtpx:speed>1.0685633</gpxtpx:speed></gpxtpx:TrackPointExtension></extensions><geoidheight>-34.2</geoidheight><src>gps</src><sat>18</sat><hdop>0.59</hdop><vdop>0.88</vdop><pdop>1.06</pdop><dgpsid>0000</dgpsid></trkpt>
<trkpt lat="31.015521666666668" lon="-114.84340466666666"><ele>24.8</ele><time>2025-12-16T22:39:11.000Z</time><extensions><gpxtpx:TrackPointExtension><gpxtpx:bearing>7.64</gpxtpx:bearing><gpxtpx:speed>1.0953289</gpxtpx:speed></gpxtpx:TrackPointExtension></extensions><geoidheight>-34.2</geoidheight><src>gps</src><sat>18</sat><hdop>0.59</hdop><vdop>0.88</vdop><pdop>1.06</pdop><dgpsid>0000</dgpsid></trkpt>
<trkpt lat="31.01559483333333" lon="-114.84340716666665"><ele>25.0</ele><time>2025-12-16T22:39:22.000Z</time><extensions><gpxtpx:TrackPointExtension><gpxtpx:bearing>336.3</gpxtpx:bearing><gpxtpx:speed>0.31501</gpxtpx:speed></gpxtpx:TrackPointExtension></extensions><geoidheight>-34.2</geoidheight><src>gps</src><sat>18</sat><hdop>0.59</hdop><vdop>0.88</vdop><pdop>1.06</pdop><dgpsid>0000</dgpsid></trkpt>
<trkpt lat="31.015654166666664" lon="-114.84344333333333"><ele>24.9</ele><time>2025-12-16T22:39:33.000Z</time><extensions><gpxtpx:TrackPointExtension><gpxtpx:bearing>318.4</gpxtpx:bearing><gpxtpx:speed>0.71031666</gpxtpx:speed></gpxtpx:TrackPointExtension></extensions><geoidheight>-34.2</geoidheight><src>gps</src><sat>18</sat><hdop>0.59</hdop><vdop>0.87</vdop><pdop>1.06</pdop><dgpsid>0000</dgpsid></trkpt>
<trkpt lat="31.013357333333335" lon="-114.84330183333334"><time>2025-12-16T22:46:55.000Z</time><extensions><gpxtpx:TrackPointExtension><gpxtpx:bearing>185.09</gpxtpx:bearing><gpxtpx:speed>12.539148</gpxtpx:speed></gpxtpx:TrackPointExtension></extensions><src>gps</src><hdop>2.02</hdop><vdop>2.75</vdop><pdop>3.41</pdop></trkpt>
<trkpt lat="31.012172333333336" lon="-114.84342"><ele>24.4</ele><time>2025-12-16T22:47:06.000Z</time><extensions><gpxtpx:TrackPointExtension><gpxtpx:bearing>185.97</gpxtpx:bearing><gpxtpx:speed>9.417872</gpxtpx:speed></gpxtpx:TrackPointExtension></extensions><geoidheight>-34.3</geoidheight><src>gps</src><sat>8</sat><hdop>1.62</hdop><vdop>2.62</vdop><pdop>3.08</pdop></trkpt>
<trkpt lat="31.011257999999998" lon="-114.84350366666668"><ele>25.3</ele><time>2025-12-16T22:47:17.000Z</time><extensions><gpxtpx:TrackPointExtension><gpxtpx:bearing>183.05</gpxtpx:bearing><gpxtpx:speed>10.2234125</gpxtpx:speed></gpxtpx:TrackPointExtension></extensions><geoidheight>-34.3</geoidheight><src>gps</src><sat>8</sat><hdop>1.62</hdop><vdop>2.62</vdop><pdop>3.08</pdop></trkpt>
<trkpt lat="31.010127833333332" lon="-114.8433025"><ele>26.3</ele><time>2025-12-16T22:47:28.000Z</time><extensions><gpxtpx:TrackPointExtension><gpxtpx:bearing>158.98</gpxtpx:bearing><gpxtpx:speed>12.501059</gpxtpx:speed></gpxtpx:TrackPointExtension></extensions><geoidheight>-34.3</geoidheight><src>gps</src><sat>10</sat><hdop>1.25</hdop><vdop>1.70</vdop><pdop>2.11</pdop></trkpt>
<trkpt lat="31.009107166666663" lon="-114.84247400000001"><ele>26.0</ele><time>2025-12-16T22:47:39.000Z</time><extensions><gpxtpx:TrackPointExtension><gpxtpx:bearing>130.87</gpxtpx:bearing><gpxtpx:speed>12.92519</gpxtpx:speed></gpxtpx:TrackPointExtension></extensions><geoidheight>-34.3</geoidheight><src>gps</src><sat>10</sat><hdop>1.25</hdop><vdop>1.70</vdop><pdop>2.11</pdop></trkpt>
<trkpt lat="31.008322666666665" lon="-114.84123916666667"><ele>26.5</ele><time>2025-12-16T22:47:50.000Z</time><extensions><gpxtpx:TrackPointExtension><gpxtpx:bearing>125.58</gpxtpx:bearing><gpxtpx:speed>13.122843</gpxtpx:speed></gpxtpx:TrackPointExtension></extensions><geoidheight>-34.3</geoidheight><src>gps</src><sat>10</sat><hdop>1.25</hdop><vdop>1.70</vdop><pdop>2.11</pdop></trkpt>
<trkpt lat="31.0075695" lon="-114.84003083333333"><ele>27.6</ele><time>2025-12-16T22:48:01.000Z</time><extensions><gpxtpx:TrackPointExtension><gpxtpx:bearing>126.33</gpxtpx:bearing><gpxtpx:speed>12.451131</gpxtpx:speed></gpxtpx:TrackPointExtension></extensions><geoidheight>-34.3</geoidheight><src>gps</src><sat>10</sat><hdop>1.23</hdop><vdop>1.67</vdop><pdop>2.08</pdop></trkpt>
<trkpt lat="31.0067165" lon="-114.839222"><ele>25.4</ele><time>2025-12-16T22:48:12.000Z</time><extensions><gpxtpx:TrackPointExtension><gpxtpx:bearing>158.99</gpxtpx:bearing><gpxtpx:speed>10.215692</gpxtpx:speed></gpxtpx:TrackPointExtension></extensions><geoidheight>-34.3</geoidheight><src>gps</src><sat>10</sat><hdop>1.23</hdop><vdop>1.67</vdop><pdop>2.08</pdop><dgpsid>0000</dgpsid></trkpt>
<trkpt lat="31.005779666666665" lon="-114.83905083333333"><ele>20.9</ele><time>2025-12-16T22:48:23.000Z</time><extensions><gpxtpx:TrackPointExtension><gpxtpx:bearing>177.47</gpxtpx:bearing><gpxtpx:speed>10.207457</gpxtpx:speed></gpxtpx:TrackPointExtension></extensions><geoidheight>-34.3</geoidheight><src>gps</src><sat>9</sat><hdop>1.55</hdop><vdop>2.41</vdop><pdop>2.87</pdop><dgpsid>0000</dgpsid></trkpt>
<trkpt lat="31.004615833333332" lon="-114.83898366666666"><ele>19.3</ele><time>2025-12-16T22:48:34.000Z</time><extensions><gpxtpx:TrackPointExtension><gpxtpx:bearing>176.34</gpxtpx:bearing><gpxtpx:speed>12.171122</gpxtpx:speed></gpxtpx:TrackPointExtension></extensions><geoidheight>-34.3</geoidheight><src>gps</src><sat>10</sat><hdop>1.23</hdop><vdop>1.67</vdop><pdop>2.07</pdop><dgpsid>0000</dgpsid></trkpt>
<trkpt lat="31.003370166666667" lon="-114.83837133333333"><ele>21.1</ele><time>2025-12-16T22:48:45.000Z</time><extensions><gpxtpx:TrackPointExtension><gpxtpx:bearing>138.8</gpxtpx:bearing><gpxtpx:speed>15.7865305</gpxtpx:speed></gpxtpx:TrackPointExtension></extensions><geoidheight>-34.3</geoidheight><src>gps</src><sat>10</sat><hdop>1.25</hdop><vdop>1.69</vdop><pdop>2.10</pdop><dgpsid>0000</dgpsid></trkpt>
<trkpt lat="31.002066833333334" lon="-114.83744316666667"><ele>27.6</ele><time>2025-12-16T22:48:56.000Z</time><extensions><gpxtpx:TrackPointExtension><gpxtpx:bearing>163.84</gpxtpx:bearing><gpxtpx:speed>14.429208</gpxtpx:speed></gpxtpx:TrackPointExtension></extensions><geoidheight>-34.3</geoidheight><src>gps</src><sat>10</sat><hdop>1.23</hdop><vdop>1.66</vdop><pdop>2.07</pdop><dgpsid>0000</dgpsid></trkpt>
<trkpt lat="31.000681999999998" lon="-114.83708916666667"><ele>27.7</ele><time>2025-12-16T22:49:07.000Z</time><extensions><gpxtpx:TrackPointExtension><gpxtpx:bearing>168.64</gpxtpx:bearing><gpxtpx:speed>13.749775</gpxtpx:speed></gpxtpx:TrackPointExtension></extensions><geoidheight>-34.3</geoidheight><src>gps</src><sat>10</sat><hdop>1.41</hdop><vdop>2.31</vdop><pdop>2.71</pdop><dgpsid>0000</dgpsid></trkpt>
<trkpt lat="30.999315000000003" lon="-114.83674933333332"><ele>28.4</ele><time>2025-12-16T22:49:18.000Z</time><extensions><gpxtpx:TrackPointExtension><gpxtpx:bearing>168.48</gpxtpx:bearing><gpxtpx:speed>14.653112</gpxtpx:speed></gpxtpx:TrackPointExtension></extensions><geoidheight>-34.3</geoidheight><src>gps</src><sat>10</sat><hdop>1.19</hdop><vdop>1.66</vdop><pdop>2.04</pdop><dgpsid>0000</dgpsid></trkpt>
<trkpt lat="30.99781683333333" lon="-114.83637900000001"><ele>34.5</ele><time>2025-12-16T22:49:29.000Z</time><extensions><gpxtpx:TrackPointExtension><gpxtpx:bearing>167.16</gpxtpx:bearing><gpxtpx:speed>16.856638</gpxtpx:speed></gpxtpx:TrackPointExtension></extensions><geoidheight>-34.3</geoidheight><src>gps</src><sat>10</sat><hdop>1.47</hdop><vdop>2.43</vdop><pdop>2.84</pdop><dgpsid>0000</dgpsid></trkpt>
<trkpt lat="30.996250166666663" lon="-114.83599216666668"><ele>36.3</ele><time>2025-12-16T22:49:40.000Z</time><extensions><gpxtpx:TrackPointExtension><gpxtpx:bearing>168.22</gpxtpx:bearing><gpxtpx:speed>15.359826</gpxtpx:speed></gpxtpx:TrackPointExtension></extensions><geoidheight>-34.3</geoidheight><src>gps</src><sat>10</sat><hdop>1.09</hdop><vdop>1.50</vdop><pdop>1.85</pdop><dgpsid>0000</dgpsid></trkpt>
<trkpt lat="30.994777666666664" lon="-114.83561999999999"><ele>34.8</ele><time>2025-12-16T22:49:51.000Z</time><extensions><gpxtpx:TrackPointExtension><gpxtpx:bearing>165.23</gpxtpx:bearing><gpxtpx:speed>15.189453</gpxtpx:speed></gpxtpx:TrackPointExtension></extensions><geoidheight>-34.3</geoidheight><src>gps</src><sat>11</sat><hdop>1.13</hdop><vdop>1.69</vdop><pdop>2.03</pdop><dgpsid>0000</dgpsid></trkpt>
<trkpt lat="30.993561" lon="-114.83461899999999"><ele>31.0</ele><time>2025-12-16T22:50:02.000Z</time><extensions><gpxtpx:TrackPointExtension><gpxtpx:bearing>129.47</gpxtpx:bearing><gpxtpx:speed>15.757192</gpxtpx:speed></gpxtpx:TrackPointExtension></extensions><geoidheight>-34.3</geoidheight><src>gps</src><sat>12</sat><hdop>1.11</hdop><vdop>1.50</vdop><pdop>1.87</pdop><dgpsid>0000</dgpsid></trkpt>
<trkpt lat="30.992597333333332" lon="-114.83317816666667"><ele>22.8</ele><time>2025-12-16T22:50:13.000Z</time><extensions><gpxtpx:TrackPointExtension><gpxtpx:bearing>128.05</gpxtpx:bearing><gpxtpx:speed>16.464935</gpxtpx:speed></gpxtpx:TrackPointExtension></extensions><geoidheight>-34.3</geoidheight><src>gps</src><sat>12</sat><hdop>1.11</hdop><vdop>1.50</vdop><pdop>1.87</pdop><dgpsid>0000</dgpsid></trkpt>
<trkpt lat="30.991554166666667" lon="-114.8316255"><ele>14.0</ele><time>2025-12-16T22:50:24.000Z</time><extensions><gpxtpx:TrackPointExtension><gpxtpx:bearing>127.54</gpxtpx:bearing><gpxtpx:speed>17.761005</gpxtpx:speed></gpxtpx:TrackPointExtension></extensions><geoidheight>-34.3</geoidheight><src>gps</src><sat>12</sat><hdop>1.11</hdop><vdop>1.49</vdop><pdop>1.86</pdop><dgpsid>0000</dgpsid></trkpt>
<trkpt lat="30.99044366666667" lon="-114.82999116666666"><ele>13.3</ele><time>2025-12-16T22:50:35.000Z</time><extensions><gpxtpx:TrackPointExtension><gpxtpx:bearing>127.95</gpxtpx:bearing><gpxtpx:speed>18.58662</gpxtpx:speed></gpxtpx:TrackPointExtension></extensions><geoidheight>-34.3</geoidheight><src>gps</src><sat>12</sat><hdop>1.11</hdop><vdop>1.49</vdop><pdop>1.86</pdop><dgpsid>0000</dgpsid></trkpt>
<trkpt lat="30.989373999999998" lon="-114.82858383333333"><ele>19.1</ele><time>2025-12-16T22:50:46.000Z</time><extensions><gpxtpx:TrackPointExtension><gpxtpx:bearing>139.1</gpxtpx:bearing><gpxtpx:speed>15.584245</gpxtpx:speed></gpxtpx:TrackPointExtension></extensions><geoidheight>-34.3</geoidheight><src>gps</src><sat>12</sat><hdop>1.11</hdop><vdop>1.49</vdop><pdop>1.86</pdop><dgpsid>0000</dgpsid></trkpt>
<trkpt lat="30.988062333333332" lon="-114.82751816666665"><ele>19.7</ele><time>2025-12-16T22:50:57.000Z</time><extensions><gpxtpx:TrackPointExtension><gpxtpx:bearing>145.24</gpxtpx:bearing><gpxtpx:speed>15.992419</gpxtpx:speed></gpxtpx:TrackPointExtension></extensions><geoidheight>-34.3</geoidheight><src>gps</src><sat>12</sat><hdop>1.11</hdop><vdop>1.49</vdop><pdop>1.86</pdop><dgpsid>0000</dgpsid></trkpt>
<trkpt lat="30.986689000000002" lon="-114.8263345"><ele>19.4</ele><time>2025-12-16T22:51:08.000Z</time><extensions><gpxtpx:TrackPointExtension><gpxtpx:bearing>136.4</gpxtpx:bearing><gpxtpx:speed>17.471216</gpxtpx:speed></gpxtpx:TrackPointExtension></extensions><geoidheight>-34.3</geoidheight><src>gps</src><sat>12</sat><hdop>1.11</hdop><vdop>1.48</vdop><pdop>1.85</pdop><dgpsid>0000</dgpsid></trkpt>
<trkpt lat="30.985833166666666" lon="-114.82456500000002"><ele>16.1</ele><time>2025-12-16T22:51:19.000Z</time><extensions><gpxtpx:TrackPointExtension><gpxtpx:bearing>112.96</gpxtpx:bearing><gpxtpx:speed>19.034428</gpxtpx:speed></gpxtpx:TrackPointExtension></extensions><geoidheight>-34.3</geoidheight><src>gps</src><sat>12</sat><hdop>1.11</hdop><vdop>1.48</vdop><pdop>1.85</pdop><dgpsid>0000</dgpsid></trkpt>
<trkpt lat="30.98507983333333" lon="-114.82263983333333"><ele>11.8</ele><time>2025-12-16T22:51:30.000Z</time><extensions><gpxtpx:TrackPointExtension><gpxtpx:bearing>120.59</gpxtpx:bearing><gpxtpx:speed>17.683796</gpxtpx:speed></gpxtpx:TrackPointExtension></extensions><geoidheight>-34.3</geoidheight><src>gps</src><sat>12</sat><hdop>1.11</hdop><vdop>1.48</vdop><pdop>1.85</pdop><dgpsid>0000</dgpsid></trkpt>
<trkpt lat="30.98402866666667" lon="-114.82096516666667"><ele>7.6</ele><time>2025-12-16T22:51:41.000Z</time><extensions><gpxtpx:TrackPointExtension><gpxtpx:bearing>126.82</gpxtpx:bearing><gpxtpx:speed>18.889791</gpxtpx:speed></gpxtpx:TrackPointExtension></extensions><geoidheight>-34.3</geoidheight><src>gps</src><sat>12</sat><hdop>1.11</hdop><vdop>1.48</vdop><pdop>1.85</pdop><dgpsid>0000</dgpsid></trkpt>
<trkpt lat="30.98290683333333" lon="-114.81923916666668"><ele>8.1</ele><time>2025-12-16T22:51:52.000Z</time><extensions><gpxtpx:TrackPointExtension><gpxtpx:bearing>127.68</gpxtpx:bearing><gpxtpx:speed>18.357054</gpxtpx:speed></gpxtpx:TrackPointExtension></extensions><geoidheight>-34.3</geoidheight><src>gps</src><sat>12</sat><hdop>1.11</hdop><vdop>1.47</vdop><pdop>1.84</pdop><dgpsid>0000</dgpsid></trkpt>
<trkpt lat="30.981758" lon="-114.81748950000001"><ele>11.5</ele><time>2025-12-16T22:52:03.000Z</time><extensions><gpxtpx:TrackPointExtension><gpxtpx:bearing>127.15</gpxtpx:bearing><gpxtpx:speed>19.634079</gpxtpx:speed></gpxtpx:TrackPointExtension></extensions><geoidheight>-34.3</geoidheight><src>gps</src><sat>12</sat><hdop>1.11</hdop><vdop>1.47</vdop><pdop>1.84</pdop><dgpsid>0000</dgpsid></trkpt>
<trkpt lat="30.980568666666667" lon="-114.81565616666667"><ele>13.4</ele><time>2025-12-16T22:52:14.000Z</time><extensions><gpxtpx:TrackPointExtension><gpxtpx:bearing>127.38</gpxtpx:bearing><gpxtpx:speed>20.068504</gpxtpx:speed></gpxtpx:TrackPointExtension></extensions><geoidheight>-34.3</geoidheight><src>gps</src><sat>12</sat><hdop>1.11</hdop><vdop>1.47</vdop><pdop>1.84</pdop><dgpsid>0000</dgpsid></trkpt>
<trkpt lat="30.979406499999996" lon="-114.81380116666666"><ele>16.6</ele><time>2025-12-16T22:52:25.000Z</time><extensions><gpxtpx:TrackPointExtension><gpxtpx:bearing>124.57</gpxtpx:bearing><gpxtpx:speed>20.363955</gpxtpx:speed></gpxtpx:TrackPointExtension></extensions><geoidheight>-34.3</geoidheight><src>gps</src><sat>12</sat><hdop>1.11</hdop><vdop>1.46</vdop><pdop>1.84</pdop><dgpsid>0000</dgpsid></trkpt>
<trkpt lat="30.978254" lon="-114.81187083333334"><ele>14.4</ele><time>2025-12-16T22:52:36.000Z</time><extensions><gpxtpx:TrackPointExtension><gpxtpx:bearing>125.04</gpxtpx:bearing><gpxtpx:speed>20.509108</gpxtpx:speed></gpxtpx:TrackPointExtension></extensions><geoidheight>-34.3</geoidheight><src>gps</src><sat>12</sat><hdop>1.11</hdop><vdop>1.46</vdop><pdop>1.83</pdop><dgpsid>0000</dgpsid></trkpt>
<trkpt lat="30.977101333333334" lon="-114.80996283333334"><ele>14.5</ele><time>2025-12-16T22:52:47.000Z</time><extensions><gpxtpx:TrackPointExtension><gpxtpx:bearing>124.67</gpxtpx:bearing><gpxtpx:speed>20.490578</gpxtpx:speed></gpxtpx:TrackPointExtension></extensions><geoidheight>-34.3</geoidheight><src>gps</src><sat>12</sat><hdop>1.11</hdop><vdop>1.46</vdop><pdop>1.83</pdop><dgpsid>0000</dgpsid></trkpt>
<trkpt lat="30.97588466666667" lon="-114.80793100000001"><ele>13.9</ele><time>2025-12-16T22:52:58.000Z</time><extensions><gpxtpx:TrackPointExtension><gpxtpx:bearing>124.88</gpxtpx:bearing><gpxtpx:speed>22.498508</gpxtpx:speed></gpxtpx:TrackPointExtension></extensions><geoidheight>-34.3</geoidheight><src>gps</src><sat>12</sat><hdop>1.11</hdop><vdop>1.46</vdop><pdop>1.83</pdop><dgpsid>0000</dgpsid></trkpt>
<trkpt lat="30.97468216666667" lon="-114.80591766666666"><ele>15.9</ele><time>2025-12-16T22:53:09.000Z</time><extensions><gpxtpx:TrackPointExtension><gpxtpx:bearing>124.71</gpxtpx:bearing><gpxtpx:speed>20.002106</gpxtpx:speed></gpxtpx:TrackPointExtension></extensions><geoidheight>-34.3</geoidheight><src>gps</src><sat>12</sat><hdop>1.08</hdop><vdop>1.45</vdop><pdop>1.81</pdop><dgpsid>0000</dgpsid></trkpt>
<trkpt lat="30.973547" lon="-114.80401483333331"><ele>16.9</ele><time>2025-12-16T22:53:20.000Z</time><extensions><gpxtpx:TrackPointExtension><gpxtpx:bearing>124.11</gpxtpx:bearing><gpxtpx:speed>20.509623</gpxtpx:speed></gpxtpx:TrackPointExtension></extensions><geoidheight>-34.3</geoidheight><src>gps</src><sat>12</sat><hdop>1.07</hdop><vdop>1.44</vdop><pdop>1.80</pdop><dgpsid>0000</dgpsid></trkpt>
<trkpt lat="30.97239516666667" lon="-114.802076"><ele>18.3</ele><time>2025-12-16T22:53:31.000Z</time><extensions><gpxtpx:TrackPointExtension><gpxtpx:bearing>125.57</gpxtpx:bearing><gpxtpx:speed>20.47256</gpxtpx:speed></gpxtpx:TrackPointExtension></extensions><geoidheight>-34.3</geoidheight><src>gps</src><sat>12</sat><hdop>1.07</hdop><vdop>1.44</vdop><pdop>1.80</pdop><dgpsid>0000</dgpsid></trkpt>
<trkpt lat="30.971162166666666" lon="-114.80018083333334"><ele>17.6</ele><time>2025-12-16T22:53:42.000Z</time><extensions><gpxtpx:TrackPointExtension><gpxtpx:bearing>127.81</gpxtpx:bearing><gpxtpx:speed>21.192657</gpxtpx:speed></gpxtpx:TrackPointExtension></extensions><geoidheight>-34.3</geoidheight><src>gps</src><sat>12</sat><hdop>1.07</hdop><vdop>1.44</vdop><pdop>1.79</pdop><dgpsid>0000</dgpsid></trkpt>
<trkpt lat="30.969908166666663" lon="-114.79830183333334"><ele>16.7</ele><time>2025-12-16T22:53:53.000Z</time><extensions><gpxtpx:TrackPointExtension><gpxtpx:bearing>128.18</gpxtpx:bearing><gpxtpx:speed>20.319174</gpxtpx:speed></gpxtpx:TrackPointExtension></extensions><geoidheight>-34.3</geoidheight><src>gps</src><sat>12</sat><hdop>1.07</hdop><vdop>1.43</vdop><pdop>1.79</pdop><dgpsid>0000</dgpsid></trkpt>
<trkpt lat="30.968663833333334" lon="-114.79654000000001"><ele>20.1</ele><time>2025-12-16T22:54:04.000Z</time><extensions><gpxtpx:TrackPointExtension><gpxtpx:bearing>133.19</gpxtpx:bearing><gpxtpx:speed>19.687096</gpxtpx:speed></gpxtpx:TrackPointExtension></extensions><geoidheight>-34.3</geoidheight><src>gps</src><sat>12</sat><hdop>1.07</hdop><vdop>1.43</vdop><pdop>1.79</pdop><dgpsid>0000</dgpsid></trkpt>
<trkpt lat="30.967268833333332" lon="-114.79491383333334"><ele>25.1</ele><time>2025-12-16T22:54:15.000Z</time><extensions><gpxtpx:TrackPointExtension><gpxtpx:bearing>135.3</gpxtpx:bearing><gpxtpx:speed>18.646841</gpxtpx:speed></gpxtpx:TrackPointExtension></extensions><geoidheight>-34.3</geoidheight><src>gps</src><sat>12</sat><hdop>1.08</hdop><vdop>1.44</vdop><pdop>1.80</pdop><dgpsid>0000</dgpsid></trkpt>
<trkpt lat="30.9661935" lon="-114.79363766666665"><ele>23.3</ele><time>2025-12-16T22:54:26.000Z</time><extensions><gpxtpx:TrackPointExtension><gpxtpx:bearing>135.47</gpxtpx:bearing><gpxtpx:speed>15.420563</gpxtpx:speed></gpxtpx:TrackPointExtension></extensions><geoidheight>-34.3</geoidheight><src>gps</src><sat>12</sat><hdop>1.07</hdop><vdop>1.43</vdop><pdop>1.78</pdop><dgpsid>0000</dgpsid></trkpt>
<trkpt lat="30.964994333333333" lon="-114.79233683333332"><ele>24.1</ele><time>2025-12-16T22:54:37.000Z</time><extensions><gpxtpx:TrackPointExtension><gpxtpx:bearing>139.71</gpxtpx:bearing><gpxtpx:speed>16.809284</gpxtpx:speed></gpxtpx:TrackPointExtension></extensions><geoidheight>-34.3</geoidheight><src>gps</src><sat>12</sat><hdop>1.08</hdop><vdop>1.43</vdop><pdop>1.79</pdop><dgpsid>0000</dgpsid></trkpt>
<trkpt lat="30.963795833333332" lon="-114.79116566666669"><ele>22.3</ele><time>2025-12-16T22:54:48.000Z</time><extensions><gpxtpx:TrackPointExtension><gpxtpx:bearing>137.54</gpxtpx:bearing><gpxtpx:speed>15.396886</gpxtpx:speed></gpxtpx:TrackPointExtension></extensions><geoidheight>-34.3</geoidheight><src>gps</src><sat>12</sat><hdop>1.07</hdop><vdop>1.42</vdop><pdop>1.78</pdop><dgpsid>0000</dgpsid></trkpt>
<trkpt lat="30.96261233333333" lon="-114.78989466666665"><ele>14.5</ele><time>2025-12-16T22:54:59.000Z</time><extensions><gpxtpx:TrackPointExtension><gpxtpx:bearing>139.27</gpxtpx:bearing><gpxtpx:speed>17.665781</gpxtpx:speed></gpxtpx:TrackPointExtension></extensions><geoidheight>-34.3</geoidheight><src>gps</src><sat>12</sat><hdop>1.07</hdop><vdop>1.42</vdop><pdop>1.78</pdop><dgpsid>0000</dgpsid></trkpt>
<trkpt lat="30.9609405" lon="-114.7888935"><ele>10.7</ele><time>2025-12-16T22:55:10.000Z</time><extensions><gpxtpx:TrackPointExtension><gpxtpx:bearing>157.21</gpxtpx:bearing><gpxtpx:speed>19.128622</gpxtpx:speed></gpxtpx:TrackPointExtension></extensions><geoidheight>-34.3</geoidheight><src>gps</src><sat>12</sat><hdop>1.07</hdop><vdop>1.42</vdop><pdop>1.77</pdop><dgpsid>0000</dgpsid></trkpt>
<trkpt lat="30.959305000000004" lon="-114.78870466666667"><ele>13.4</ele><time>2025-12-16T22:55:21.000Z</time><extensions><gpxtpx:TrackPointExtension><gpxtpx:bearing>199.85</gpxtpx:bearing><gpxtpx:speed>16.654352</gpxtpx:speed></gpxtpx:TrackPointExtension></extensions><geoidheight>-34.3</geoidheight><src>gps</src><sat>11</sat><hdop>1.07</hdop><vdop>1.41</vdop><pdop>1.77</pdop><dgpsid>0000</dgpsid></trkpt>
<trkpt lat="30.95779616666667" lon="-114.78942533333333"><ele>13.8</ele><time>2025-12-16T22:55:32.000Z</time><extensions><gpxtpx:TrackPointExtension><gpxtpx:bearing>202.19</gpxtpx:bearing><gpxtpx:speed>14.651053</gpxtpx:speed></gpxtpx:TrackPointExtension></extensions><geoidheight>-34.3</geoidheight><src>gps</src><sat>10</sat><hdop>1.16</hdop><vdop>1.58</vdop><pdop>1.97</pdop><dgpsid>0000</dgpsid></trkpt>
<trkpt lat="30.956945000000005" lon="-114.78953083333333"><ele>16.3</ele><time>2025-12-16T22:55:43.000Z</time><extensions><gpxtpx:TrackPointExtension><gpxtpx:bearing>133.98</gpxtpx:bearing><gpxtpx:speed>7.8541465</gpxtpx:speed></gpxtpx:TrackPointExtension></extensions><geoidheight>-34.3</geoidheight><src>gps</src><sat>11</sat><hdop>1.07</hdop><vdop>1.47</vdop><pdop>1.82</pdop><dgpsid>0000</dgpsid></trkpt>
<trkpt lat="30.956575666666662" lon="-114.78821799999999"><ele>14.1</ele><time>2025-12-16T22:55:54.000Z</time><extensions><gpxtpx:TrackPointExtension><gpxtpx:bearing>105.02</gpxtpx:bearing><gpxtpx:speed>15.396886</gpxtpx:speed></gpxtpx:TrackPointExtension></extensions><geoidheight>-34.3</geoidheight><src>gps</src><sat>12</sat><hdop>1.06</hdop><vdop>1.40</vdop><pdop>1.76</pdop><dgpsid>0000</dgpsid></trkpt>
<trkpt lat="30.95609716666667" lon="-114.78617166666666"><ele>12.3</ele><time>2025-12-16T22:56:05.000Z</time><extensions><gpxtpx:TrackPointExtension><gpxtpx:bearing>104.8</gpxtpx:bearing><gpxtpx:speed>19.531136</gpxtpx:speed></gpxtpx:TrackPointExtension></extensions><geoidheight>-34.3</geoidheight><src>gps</src><sat>12</sat><hdop>1.06</hdop><vdop>1.40</vdop><pdop>1.76</pdop><dgpsid>0000</dgpsid></trkpt>
<trkpt lat="30.955602999999996" lon="-114.78400833333332"><ele>11.7</ele><time>2025-12-16T22:56:16.000Z</time><extensions><gpxtpx:TrackPointExtension><gpxtpx:bearing>105.23</gpxtpx:bearing><gpxtpx:speed>19.66702</gpxtpx:speed></gpxtpx:TrackPointExtension></extensions><geoidheight>-34.3</geoidheight><src>gps</src><sat>13</sat><hdop>1.04</hdop><vdop>1.40</vdop><pdop>1.74</pdop><dgpsid>0000</dgpsid></trkpt>
<trkpt lat="30.955092166666667" lon="-114.78178916666666"><ele>10.5</ele><time>2025-12-16T22:56:27.000Z</time><extensions><gpxtpx:TrackPointExtension><gpxtpx:bearing>105.14</gpxtpx:bearing><gpxtpx:speed>20.764923</gpxtpx:speed></gpxtpx:TrackPointExtension></extensions><geoidheight>-34.3</geoidheight><src>gps</src><sat>13</sat><hdop>1.04</hdop><vdop>1.40</vdop><pdop>1.74</pdop><dgpsid>0000</dgpsid></trkpt>
<trkpt lat="30.954546166666667" lon="-114.77940349999999"><ele>13.5</ele><time>2025-12-16T22:56:38.000Z</time><extensions><gpxtpx:TrackPointExtension><gpxtpx:bearing>104.51</gpxtpx:bearing><gpxtpx:speed>21.527227</gpxtpx:speed></gpxtpx:TrackPointExtension></extensions><geoidheight>-34.3</geoidheight><src>gps</src><sat>13</sat><hdop>1.04</hdop><vdop>1.39</vdop><pdop>1.74</pdop><dgpsid>0000</dgpsid></trkpt>
<trkpt lat="30.9540115" lon="-114.77701316666668"><ele>17.3</ele><time>2025-12-16T22:56:49.000Z</time><extensions><gpxtpx:TrackPointExtension><gpxtpx:bearing>101.15</gpxtpx:bearing><gpxtpx:speed>21.756794</gpxtpx:speed></gpxtpx:TrackPointExtension></extensions><geoidheight>-34.3</geoidheight><src>gps</src><sat>13</sat><hdop>1.04</hdop><vdop>1.39</vdop><pdop>1.73</pdop><dgpsid>0000</dgpsid></trkpt>
<trkpt lat="30.95358233333333" lon="-114.77448066666666"><ele>15.3</ele><time>2025-12-16T22:57:00.000Z</time><extensions><gpxtpx:TrackPointExtension><gpxtpx:bearing>101.62</gpxtpx:bearing><gpxtpx:speed>23.00345</gpxtpx:speed></gpxtpx:TrackPointExtension></extensions><geoidheight>-34.3</geoidheight><src>gps</src><sat>13</sat><hdop>1.04</hdop><vdop>1.39</vdop><pdop>1.73</pdop><dgpsid>0000</dgpsid></trkpt>
<trkpt lat="30.95313983333333" lon="-114.77194349999999"><ele>18.8</ele><time>2025-12-16T22:57:11.000Z</time><extensions><gpxtpx:TrackPointExtension><gpxtpx:bearing>101.29</gpxtpx:bearing><gpxtpx:speed>21.442814</gpxtpx:speed></gpxtpx:TrackPointExtension></extensions><geoidheight>-34.3</geoidheight><src>gps</src><sat>13</sat><hdop>1.04</hdop><vdop>1.39</vdop><pdop>1.73</pdop><dgpsid>0000</dgpsid></trkpt>
<trkpt lat="30.95268" lon="-114.76946716666667"><ele>20.5</ele><time>2025-12-16T22:57:22.000Z</time><extensions><gpxtpx:TrackPointExtension><gpxtpx:bearing>101.98</gpxtpx:bearing><gpxtpx:speed>22.88249</gpxtpx:speed></gpxtpx:TrackPointExtension></extensions><geoidheight>-34.3</geoidheight><src>gps</src><sat>13</sat><hdop>1.04</hdop><vdop>1.38</vdop><pdop>1.73</pdop><dgpsid>0000</dgpsid></trkpt>
<trkpt lat="30.952200500000004" lon="-114.766963"><ele>22.9</ele><time>2025-12-16T22:57:33.000Z</time><extensions><gpxtpx:TrackPointExtension><gpxtpx:bearing>101.92</gpxtpx:bearing><gpxtpx:speed>21.213762</gpxtpx:speed></gpxtpx:TrackPointExtension></extensions><geoidheight>-34.3</geoidheight><src>gps</src><sat>13</sat><hdop>1.04</hdop><vdop>1.38</vdop><pdop>1.73</pdop><dgpsid>0000</dgpsid></trkpt>
<trkpt lat="30.951757166666667" lon="-114.76461533333334"><ele>25.8</ele><time>2025-12-16T22:57:44.000Z</time><extensions><gpxtpx:TrackPointExtension><gpxtpx:bearing>103.02</gpxtpx:bearing><gpxtpx:speed>20.095785</gpxtpx:speed></gpxtpx:TrackPointExtension></extensions><geoidheight>-34.3</geoidheight><src>gps</src><sat>13</sat><hdop>1.04</hdop><vdop>1.38</vdop><pdop>1.72</pdop><dgpsid>0000</dgpsid></trkpt>
<trkpt lat="30.95108733333333" lon="-114.76263150000001"><ele>27.7</ele><time>2025-12-16T22:57:55.000Z</time><extensions><gpxtpx:TrackPointExtension><gpxtpx:bearing>118.83</gpxtpx:bearing><gpxtpx:speed>19.567165</gpxtpx:speed></gpxtpx:TrackPointExtension></extensions><geoidheight>-34.3</geoidheight><src>gps</src><sat>13</sat><hdop>1.03</hdop><vdop>1.37</vdop><pdop>1.72</pdop><dgpsid>0000</dgpsid></trkpt>
<trkpt lat="30.950099833333336" lon="-114.76051450000001"><ele>30.0</ele><time>2025-12-16T22:58:06.000Z</time><extensions><gpxtpx:TrackPointExtension><gpxtpx:bearing>118.03</gpxtpx:bearing><gpxtpx:speed>21.564287</gpxtpx:speed></gpxtpx:TrackPointExtension></extensions><geoidheight>-34.3</geoidheight><src>gps</src><sat>13</sat><hdop>1.03</hdop><vdop>1.37</vdop><pdop>1.72</pdop><dgpsid>0000</dgpsid></trkpt>
<trkpt lat="30.94902516666667" lon="-114.75816449999999"><ele>25.7</ele><time>2025-12-16T22:58:17.000Z</time><extensions><gpxtpx:TrackPointExtension><gpxtpx:bearing>117.87</gpxtpx:bearing><gpxtpx:speed>23.418318</gpxtpx:speed></gpxtpx:TrackPointExtension></extensions><geoidheight>-34.3</geoidheight><src>gps</src><sat>13</sat><hdop>1.03</hdop><vdop>1.37</vdop><pdop>1.72</pdop><dgpsid>0000</dgpsid></trkpt>
<trkpt lat="30.94799233333333" lon="-114.75577633333333"><ele>29.4</ele><time>2025-12-16T22:58:28.000Z</time><extensions><gpxtpx:TrackPointExtension><gpxtpx:bearing>113.68</gpxtpx:bearing><gpxtpx:speed>23.154264</gpxtpx:speed></gpxtpx:TrackPointExtension></extensions><geoidheight>-34.3</geoidheight><src>gps</src><sat>13</sat><hdop>1.03</hdop><vdop>1.37</vdop><pdop>1.71</pdop><dgpsid>0000</dgpsid></trkpt>
<trkpt lat="30.94706516666667" lon="-114.7533325"><ele>30.3</ele><time>2025-12-16T22:58:39.000Z</time><extensions><gpxtpx:TrackPointExtension><gpxtpx:bearing>113.79</gpxtpx:bearing><gpxtpx:speed>23.962893</gpxtpx:speed></gpxtpx:TrackPointExtension></extensions><geoidheight>-34.3</geoidheight><src>gps</src><sat>13</sat><hdop>1.03</hdop><vdop>1.36</vdop><pdop>1.71</pdop><dgpsid>0000</dgpsid></trkpt>
<trkpt lat="30.946109833333335" lon="-114.7508525"><ele>31.1</ele><time>2025-12-16T22:58:50.000Z</time><extensions><gpxtpx:TrackPointExtension><gpxtpx:bearing>112.79</gpxtpx:bearing><gpxtpx:speed>23.047203</gpxtpx:speed></gpxtpx:TrackPointExtension></extensions><geoidheight>-34.3</geoidheight><src>gps</src><sat>13</sat><hdop>1.03</hdop><vdop>1.36</vdop><pdop>1.71</pdop><dgpsid>0000</dgpsid></trkpt>
<trkpt lat="30.945166833333328" lon="-114.74853300000001"><ele>36.9</ele><time>2025-12-16T22:59:01.000Z</time><extensions><gpxtpx:TrackPointExtension><gpxtpx:bearing>122.9</gpxtpx:bearing><gpxtpx:speed>21.230747</gpxtpx:speed></gpxtpx:TrackPointExtension></extensions><geoidheight>-34.2</geoidheight><src>gps</src><sat>13</sat><hdop>1.03</hdop><vdop>1.36</vdop><pdop>1.71</pdop><dgpsid>0000</dgpsid></trkpt>
<trkpt lat="30.944010000000002" lon="-114.74651066666665"><ele>40.2</ele><time>2025-12-16T22:59:12.000Z</time><extensions><gpxtpx:TrackPointExtension><gpxtpx:bearing>123.63</gpxtpx:bearing><gpxtpx:speed>21.957535</gpxtpx:speed></gpxtpx:TrackPointExtension></extensions><geoidheight>-34.2</geoidheight><src>gps</src><sat>13</sat><hdop>1.03</hdop><vdop>1.35</vdop><pdop>1.70</pdop><dgpsid>0000</dgpsid></trkpt>
<trkpt lat="30.942792500000003" lon="-114.74447383333333"><ele>35.7</ele><time>2025-12-16T22:59:23.000Z</time><extensions><gpxtpx:TrackPointExtension><gpxtpx:bearing>126.83</gpxtpx:bearing><gpxtpx:speed>21.35325</gpxtpx:speed></gpxtpx:TrackPointExtension></extensions><geoidheight>-34.2</geoidheight><src>gps</src><sat>13</sat><hdop>1.03</hdop><vdop>1.35</vdop><pdop>1.70</pdop><dgpsid>0000</dgpsid></trkpt>
<trkpt lat="30.94144683333333" lon="-114.74250633333334"><ele>29.1</ele><time>2025-12-16T22:59:34.000Z</time><extensions><gpxtpx:TrackPointExtension><gpxtpx:bearing>127.53</gpxtpx:bearing><gpxtpx:speed>22.1521</gpxtpx:speed></gpxtpx:TrackPointExtension></extensions><geoidheight>-34.2</geoidheight><src>gps</src><sat>13</sat><hdop>1.03</hdop><vdop>1.35</vdop><pdop>1.70</pdop><dgpsid>0000</dgpsid></trkpt>
<trkpt lat="30.94004933333333" lon="-114.74069533333335"><ele>25.8</ele><time>2025-12-16T22:59:45.000Z</time><extensions><gpxtpx:TrackPointExtension><gpxtpx:bearing>143.11</gpxtpx:bearing><gpxtpx:speed>20.552343</gpxtpx:speed></gpxtpx:TrackPointExtension></extensions><geoidheight>-34.2</geoidheight><src>gps</src><sat>13</sat><hdop>1.03</hdop><vdop>1.35</vdop><pdop>1.70</pdop><dgpsid>0000</dgpsid></trkpt>
<trkpt lat="30.938366166666665" lon="-114.7392305"><ele>28.0</ele><time>2025-12-16T22:59:56.000Z</time><extensions><gpxtpx:TrackPointExtension><gpxtpx:bearing>142.91</gpxtpx:bearing><gpxtpx:speed>21.994595</gpxtpx:speed></gpxtpx:TrackPointExtension></extensions><geoidheight>-34.2</geoidheight><src>gps</src><sat>13</sat><hdop>1.06</hdop><vdop>1.35</vdop><pdop>1.72</pdop><dgpsid>0000</dgpsid></trkpt>
<trkpt lat="30.936565166666664" lon="-114.73767283333333"><ele>30.8</ele><time>2025-12-16T23:00:07.000Z</time><extensions><gpxtpx:TrackPointExtension><gpxtpx:bearing>143.58</gpxtpx:bearing><gpxtpx:speed>22.29056</gpxtpx:speed></gpxtpx:TrackPointExtension></extensions><geoidheight>-34.3</geoidheight><src>gps</src><sat>13</sat><hdop>1.03</hdop><vdop>1.34</vdop><pdop>1.69</pdop><dgpsid>0000</dgpsid></trkpt>
<trkpt lat="30.93490716666667" lon="-114.73622449999999"><ele>33.4</ele><time>2025-12-16T23:00:18.000Z</time><extensions><gpxtpx:TrackPointExtension><gpxtpx:bearing>143.53</gpxtpx:bearing><gpxtpx:speed>19.658272</gpxtpx:speed></gpxtpx:TrackPointExtension></extensions><geoidheight>-34.3</geoidheight><src>gps</src><sat>13</sat><hdop>1.04</hdop><vdop>1.34</vdop><pdop>1.70</pdop><dgpsid>0000</dgpsid></trkpt>
<trkpt lat="30.933837" lon="-114.73471983333333"><ele>32.3</ele><time>2025-12-16T23:00:29.000Z</time><extensions><gpxtpx:TrackPointExtension><gpxtpx:bearing>110.8</gpxtpx:bearing><gpxtpx:speed>18.255138</gpxtpx:speed></gpxtpx:TrackPointExtension></extensions><geoidheight>-34.3</geoidheight><src>gps</src><sat>13</sat><hdop>1.03</hdop><vdop>1.33</vdop><pdop>1.69</pdop><dgpsid>0000</dgpsid></trkpt>
<trkpt lat="30.933135166666663" lon="-114.73270033333334"><ele>30.1</ele><time>2025-12-16T23:00:40.000Z</time><extensions><gpxtpx:TrackPointExtension><gpxtpx:bearing>119.68</gpxtpx:bearing><gpxtpx:speed>18.190283</gpxtpx:speed></gpxtpx:TrackPointExtension></extensions><geoidheight>-34.3</geoidheight><src>gps</src><sat>13</sat><hdop>1.03</hdop><vdop>1.33</vdop><pdop>1.68</pdop><dgpsid>0000</dgpsid></trkpt>
<trkpt lat="30.932109500000003" lon="-114.73073049999999"><ele>24.1</ele><time>2025-12-16T23:00:51.000Z</time><extensions><gpxtpx:TrackPointExtension><gpxtpx:bearing>120.25</gpxtpx:bearing><gpxtpx:speed>21.491713</gpxtpx:speed></gpxtpx:TrackPointExtension></extensions><geoidheight>-34.2</geoidheight><src>gps</src><sat>13</sat><hdop>1.03</hdop><vdop>1.33</vdop><pdop>1.68</pdop><dgpsid>0000</dgpsid></trkpt>
<trkpt lat="30.931007500000003" lon="-114.72860916666666"><ele>21.5</ele><time>2025-12-16T23:01:02.000Z</time><extensions><gpxtpx:TrackPointExtension><gpxtpx:bearing>121.0</gpxtpx:bearing><gpxtpx:speed>21.230747</gpxtpx:speed></gpxtpx:TrackPointExtension></extensions><geoidheight>-34.2</geoidheight><src>gps</src><sat>13</sat><hdop>1.03</hdop><vdop>1.33</vdop><pdop>1.68</pdop><dgpsid>0000</dgpsid></trkpt>
<trkpt lat="30.929669166666667" lon="-114.72728966666666"><ele>21.1</ele><time>2025-12-16T23:01:13.000Z</time><extensions><gpxtpx:TrackPointExtension><gpxtpx:bearing>160.73</gpxtpx:bearing><gpxtpx:speed>18.211903</gpxtpx:speed></gpxtpx:TrackPointExtension></extensions><geoidheight>-34.2</geoidheight><src>gps</src><sat>13</sat><hdop>1.03</hdop><vdop>1.32</vdop><pdop>1.68</pdop><dgpsid>0000</dgpsid></trkpt>
<trkpt lat="30.92771733333333" lon="-114.72647350000001"><ele>19.3</ele><time>2025-12-16T23:01:24.000Z</time><extensions><gpxtpx:TrackPointExtension><gpxtpx:bearing>160.88</gpxtpx:bearing><gpxtpx:speed>22.145924</gpxtpx:speed></gpxtpx:TrackPointExtension></extensions><geoidheight>-34.3</geoidheight><src>gps</src><sat>13</sat><hdop>1.03</hdop><vdop>1.32</vdop><pdop>1.67</pdop><dgpsid>0000</dgpsid></trkpt>
<trkpt lat="30.925748666666664" lon="-114.72519150000001"><ele>19.6</ele><time>2025-12-16T23:01:35.000Z</time><extensions><gpxtpx:TrackPointExtension><gpxtpx:bearing>147.26</gpxtpx:bearing><gpxtpx:speed>23.279856</gpxtpx:speed></gpxtpx:TrackPointExtension></extensions><geoidheight>-34.3</geoidheight><src>gps</src><sat>13</sat><hdop>1.04</hdop><vdop>1.32</vdop><pdop>1.68</pdop><dgpsid>0000</dgpsid></trkpt>
<trkpt lat="30.923836833333333" lon="-114.72383116666667"><ele>22.3</ele><time>2025-12-16T23:01:46.000Z</time><extensions><gpxtpx:TrackPointExtension><gpxtpx:bearing>153.79</gpxtpx:bearing><gpxtpx:speed>21.95805</gpxtpx:speed></gpxtpx:TrackPointExtension></extensions><geoidheight>-34.3</geoidheight><src>gps</src><sat>13</sat><hdop>1.03</hdop><vdop>1.31</vdop><pdop>1.67</pdop><dgpsid>0000</dgpsid></trkpt>
<trkpt lat="30.92177916666667" lon="-114.72286933333335"><ele>23.2</ele><time>2025-12-16T23:01:57.000Z</time><extensions><gpxtpx:TrackPointExtension><gpxtpx:bearing>157.4</gpxtpx:bearing><gpxtpx:speed>22.538656</gpxtpx:speed></gpxtpx:TrackPointExtension></extensions><geoidheight>-34.3</geoidheight><src>gps</src><sat>13</sat><hdop>1.03</hdop><vdop>1.31</vdop><pdop>1.67</pdop><dgpsid>0000</dgpsid></trkpt>
<trkpt lat="30.919761499999996" lon="-114.72182683333334"><ele>24.9</ele><time>2025-12-16T23:02:08.000Z</time><extensions><gpxtpx:TrackPointExtension><gpxtpx:bearing>152.23</gpxtpx:bearing><gpxtpx:speed>22.811459</gpxtpx:speed></gpxtpx:TrackPointExtension></extensions><geoidheight>-34.3</geoidheight><src>gps</src><sat>13</sat><hdop>1.03</hdop><vdop>1.31</vdop><pdop>1.66</pdop><dgpsid>0000</dgpsid></trkpt>
<trkpt lat="30.91770633333333" lon="-114.72056816666667"><ele>19.0</ele><time>2025-12-16T23:02:19.000Z</time><extensions><gpxtpx:TrackPointExtension><gpxtpx:bearing>152.3</gpxtpx:bearing><gpxtpx:speed>23.91039</gpxtpx:speed></gpxtpx:TrackPointExtension></extensions><geoidheight>-34.3</geoidheight><src>gps</src><sat>13</sat><hdop>1.03</hdop><vdop>1.31</vdop><pdop>1.66</pdop><dgpsid>0000</dgpsid></trkpt>
<trkpt lat="30.915771000000003" lon="-114.71944649999999"><ele>27.7</ele><time>2025-12-16T23:02:30.000Z</time><extensions><gpxtpx:TrackPointExtension><gpxtpx:bearing>152.12</gpxtpx:bearing><gpxtpx:speed>19.60371</gpxtpx:speed></gpxtpx:TrackPointExtension></extensions><geoidheight>-34.3</geoidheight><src>gps</src><sat>13</sat><hdop>1.02</hdop><vdop>1.30</vdop><pdop>1.66</pdop><dgpsid>0000</dgpsid></trkpt>
<trkpt lat="30.91397416666667" lon="-114.71887616666666"><ele>24.6</ele><time>2025-12-16T23:02:41.000Z</time><extensions><gpxtpx:TrackPointExtension><gpxtpx:bearing>169.42</gpxtpx:bearing><gpxtpx:speed>18.394629</gpxtpx:speed></gpxtpx:TrackPointExtension></extensions><geoidheight>-34.3</geoidheight><src>gps</src><sat>12</sat><hdop>1.04</hdop><vdop>1.30</vdop><pdop>1.67</pdop><dgpsid>0000</dgpsid></trkpt>
<trkpt lat="30.912604166666664" lon="-114.7186935"><ele>22.8</ele><time>2025-12-16T23:02:52.000Z</time><extensions><gpxtpx:TrackPointExtension><gpxtpx:bearing>201.11</gpxtpx:bearing><gpxtpx:speed>10.176573</gpxtpx:speed></gpxtpx:TrackPointExtension></extensions><geoidheight>-34.3</geoidheight><src>gps</src><sat>12</sat><hdop>1.04</hdop><vdop>1.30</vdop><pdop>1.67</pdop><dgpsid>0000</dgpsid></trkpt>
<trkpt lat="30.911544666666668" lon="-114.71959616666666"><ele>22.8</ele><time>2025-12-16T23:03:03.000Z</time><extensions><gpxtpx:TrackPointExtension><gpxtpx:bearing>219.03</gpxtpx:bearing><gpxtpx:speed>15.797339</gpxtpx:speed></gpxtpx:TrackPointExtension></extensions><geoidheight>-34.3</geoidheight><src>gps</src><sat>13</sat><hdop>1.02</hdop><vdop>1.30</vdop><pdop>1.65</pdop><dgpsid>0000</dgpsid></trkpt>
<trkpt lat="30.910219833333333" lon="-114.72085033333333"><ele>28.5</ele><time>2025-12-16T23:03:14.000Z</time><extensions><gpxtpx:TrackPointExtension><gpxtpx:bearing>219.28</gpxtpx:bearing><gpxtpx:speed>17.7224</gpxtpx:speed></gpxtpx:TrackPointExtension></extensions><geoidheight>-34.3</geoidheight><src>gps</src><sat>12</sat><hdop>1.06</hdop><vdop>1.46</vdop><pdop>1.80</pdop><dgpsid>0000</dgpsid></trkpt>
<trkpt lat="30.908885333333334" lon="-114.72212666666668"><ele>36.7</ele><time>2025-12-16T23:03:25.000Z</time><extensions><gpxtpx:TrackPointExtension><gpxtpx:bearing>218.57</gpxtpx:bearing><gpxtpx:speed>18.998398</gpxtpx:speed></gpxtpx:TrackPointExtension></extensions><geoidheight>-34.3</geoidheight><src>gps</src><sat>12</sat><hdop>1.06</hdop><vdop>1.46</vdop><pdop>1.80</pdop><dgpsid>0000</dgpsid></trkpt>
<trkpt lat="30.90730866666667" lon="-114.72361966666668"><ele>36.8</ele><time>2025-12-16T23:03:36.000Z</time><extensions><gpxtpx:TrackPointExtension><gpxtpx:bearing>219.0</gpxtpx:bearing><gpxtpx:speed>20.748453</gpxtpx:speed></gpxtpx:TrackPointExtension></extensions><geoidheight>-34.3</geoidheight><src>gps</src><sat>12</sat><hdop>1.06</hdop><vdop>1.45</vdop><pdop>1.80</pdop><dgpsid>0000</dgpsid></trkpt>
<trkpt lat="30.90568" lon="-114.7251835"><ele>37.5</ele><time>2025-12-16T23:03:47.000Z</time><extensions><gpxtpx:TrackPointExtension><gpxtpx:bearing>219.54</gpxtpx:bearing><gpxtpx:speed>20.86478</gpxtpx:speed></gpxtpx:TrackPointExtension></extensions><geoidheight>-34.3</geoidheight><src>gps</src><sat>12</sat><hdop>1.06</hdop><vdop>1.45</vdop><pdop>1.79</pdop><dgpsid>0000</dgpsid></trkpt>
<trkpt lat="30.904221999999997" lon="-114.72656183333332"><ele>40.2</ele><time>2025-12-16T23:03:58.000Z</time><extensions><gpxtpx:TrackPointExtension><gpxtpx:bearing>219.02</gpxtpx:bearing><gpxtpx:speed>17.085175</gpxtpx:speed></gpxtpx:TrackPointExtension></extensions><geoidheight>-34.3</geoidheight><src>gps</src><sat>12</sat><hdop>1.05</hdop><vdop>1.45</vdop><pdop>1.79</pdop><dgpsid>0000</dgpsid></trkpt>
<trkpt lat="30.9028105" lon="-114.72690633333335"><ele>37.0</ele><time>2025-12-16T23:04:09.000Z</time><extensions><gpxtpx:TrackPointExtension><gpxtpx:bearing>166.89</gpxtpx:bearing><gpxtpx:speed>16.622953</gpxtpx:speed></gpxtpx:TrackPointExtension></extensions><geoidheight>-34.3</geoidheight><src>gps</src><sat>13</sat><hdop>1.04</hdop><vdop>1.28</vdop><pdop>1.65</pdop><dgpsid>0000</dgpsid></trkpt>
<trkpt lat="30.900936499999997" lon="-114.72636499999999"><ele>32.8</ele><time>2025-12-16T23:04:20.000Z</time><extensions><gpxtpx:TrackPointExtension><gpxtpx:bearing>165.22</gpxtpx:bearing><gpxtpx:speed>21.273985</gpxtpx:speed></gpxtpx:TrackPointExtension></extensions><geoidheight>-34.3</geoidheight><src>gps</src><sat>12</sat><hdop>1.04</hdop><vdop>1.28</vdop><pdop>1.65</pdop><dgpsid>0000</dgpsid></trkpt>
<trkpt lat="30.89888583333333" lon="-114.72574266666668"><ele>28.8</ele><time>2025-12-16T23:04:31.000Z</time><extensions><gpxtpx:TrackPointExtension><gpxtpx:bearing>164.97</gpxtpx:bearing><gpxtpx:speed>21.196775</gpxtpx:speed></gpxtpx:TrackPointExtension></extensions><geoidheight>-34.3</geoidheight><src>gps</src><sat>13</sat><hdop>1.03</hdop><vdop>1.28</vdop><pdop>1.64</pdop><dgpsid>0000</dgpsid></trkpt>
<trkpt lat="30.896970666666668" lon="-114.72515316666667"><ele>27.3</ele><time>2025-12-16T23:04:42.000Z</time><extensions><gpxtpx:TrackPointExtension><gpxtpx:bearing>164.49</gpxtpx:bearing><gpxtpx:speed>18.907291</gpxtpx:speed></gpxtpx:TrackPointExtension></extensions><geoidheight>-34.3</geoidheight><src>gps</src><sat>13</sat><hdop>1.03</hdop><vdop>1.27</vdop><pdop>1.64</pdop><dgpsid>0000</dgpsid></trkpt>
<trkpt lat="30.895349166666666" lon="-114.72433600000001"><ele>23.8</ele><time>2025-12-16T23:04:53.000Z</time><extensions><gpxtpx:TrackPointExtension><gpxtpx:bearing>154.05</gpxtpx:bearing><gpxtpx:speed>18.222712</gpxtpx:speed></gpxtpx:TrackPointExtension></extensions><geoidheight>-34.3</geoidheight><src>gps</src><sat>13</sat><hdop>1.03</hdop><vdop>1.27</vdop><pdop>1.64</pdop><dgpsid>0000</dgpsid></trkpt>
<trkpt lat="30.89349933333333" lon="-114.7237555"><ele>19.6</ele><time>2025-12-16T23:05:04.000Z</time><extensions><gpxtpx:TrackPointExtension><gpxtpx:bearing>166.35</gpxtpx:bearing><gpxtpx:speed>20.919855</gpxtpx:speed></gpxtpx:TrackPointExtension></extensions><geoidheight>-34.3</geoidheight><src>gps</src><sat>12</sat><hdop>1.14</hdop><vdop>1.45</vdop><pdop>1.84</pdop><dgpsid>0000</dgpsid></trkpt>
<trkpt lat="30.891337666666665" lon="-114.72314366666666"><ele>17.9</ele><time>2025-12-16T23:05:15.000Z</time><extensions><gpxtpx:TrackPointExtension><gpxtpx:bearing>166.1</gpxtpx:bearing><gpxtpx:speed>22.637484</gpxtpx:speed></gpxtpx:TrackPointExtension></extensions><geoidheight>-34.3</geoidheight><src>gps</src><sat>14</sat><hdop>0.78</hdop><vdop>1.08</vdop><pdop>1.34</pdop><dgpsid>0000</dgpsid></trkpt>
<trkpt lat="30.8892695" lon="-114.72255366666668"><ele>15.8</ele><time>2025-12-16T23:05:26.000Z</time><extensions><gpxtpx:TrackPointExtension><gpxtpx:bearing>166.02</gpxtpx:bearing><gpxtpx:speed>20.204391</gpxtpx:speed></gpxtpx:TrackPointExtension></extensions><geoidheight>-34.3</geoidheight><src>gps</src><sat>15</sat><hdop>0.76</hdop><vdop>0.94</vdop><pdop>1.20</pdop><dgpsid>0000</dgpsid></trkpt>
<trkpt lat="30.8875495" lon="-114.72246349999999"><ele>14.0</ele><time>2025-12-16T23:05:37.000Z</time><extensions><gpxtpx:TrackPointExtension><gpxtpx:bearing>199.9</gpxtpx:bearing><gpxtpx:speed>15.9507265</gpxtpx:speed></gpxtpx:TrackPointExtension></extensions><geoidheight>-34.3</geoidheight><src>gps</src><sat>14</sat><hdop>0.76</hdop><vdop>0.94</vdop><pdop>1.20</pdop><dgpsid>0000</dgpsid></trkpt>
<trkpt lat="30.886497166666665" lon="-114.72371300000002"><ele>17.5</ele><time>2025-12-16T23:05:48.000Z</time><extensions><gpxtpx:TrackPointExtension><gpxtpx:bearing>240.34</gpxtpx:bearing><gpxtpx:speed>17.101646</gpxtpx:speed></gpxtpx:TrackPointExtension></extensions><geoidheight>-34.3</geoidheight><src>gps</src><sat>14</sat><hdop>0.77</hdop><vdop>1.00</vdop><pdop>1.26</pdop><dgpsid>0000</dgpsid></trkpt>
<trkpt lat="30.885590999999998" lon="-114.72552716666665"><ele>20.4</ele><time>2025-12-16T23:05:59.000Z</time><extensions><gpxtpx:TrackPointExtension><gpxtpx:bearing>240.22</gpxtpx:bearing><gpxtpx:speed>18.227343</gpxtpx:speed></gpxtpx:TrackPointExtension></extensions><geoidheight>-34.3</geoidheight><src>gps</src><sat>15</sat><hdop>0.75</hdop><vdop>0.93</vdop><pdop>1.19</pdop><dgpsid>0000</dgpsid></trkpt>
<trkpt lat="30.884752166666665" lon="-114.72721133333334"><ele>21.2</ele><time>2025-12-16T23:06:10.000Z</time><extensions><gpxtpx:TrackPointExtension><gpxtpx:bearing>240.21</gpxtpx:bearing><gpxtpx:speed>17.21334</gpxtpx:speed></gpxtpx:TrackPointExtension></extensions><geoidheight>-34.3</geoidheight><src>gps</src><sat>16</sat><hdop>0.66</hdop><vdop>0.88</vdop><pdop>1.10</pdop><dgpsid>0000</dgpsid></trkpt>
<trkpt lat="30.883911333333337" lon="-114.72889766666667"><ele>24.0</ele><time>2025-12-16T23:06:21.000Z</time><extensions><gpxtpx:TrackPointExtension><gpxtpx:bearing>239.84</gpxtpx:bearing><gpxtpx:speed>17.200987</gpxtpx:speed></gpxtpx:TrackPointExtension></extensions><geoidheight>-34.3</geoidheight><src>gps</src><sat>16</sat><hdop>0.61</hdop><vdop>0.85</vdop><pdop>1.05</pdop><dgpsid>0000</dgpsid></trkpt>
<trkpt lat="30.883089499999997" lon="-114.73050883333332"><ele>26.4</ele><time>2025-12-16T23:06:32.000Z</time><extensions><gpxtpx:TrackPointExtension><gpxtpx:bearing>235.96</gpxtpx:bearing><gpxtpx:speed>16.12213</gpxtpx:speed></gpxtpx:TrackPointExtension></extensions><geoidheight>-34.3</geoidheight><src>gps</src><sat>16</sat><hdop>0.64</hdop><vdop>0.85</vdop><pdop>1.07</pdop><dgpsid>0000</dgpsid></trkpt>
<trkpt lat="30.881926500000002" lon="-114.73212299999999"><ele>25.8</ele><time>2025-12-16T23:06:43.000Z</time><extensions><gpxtpx:TrackPointExtension><gpxtpx:bearing>228.79</gpxtpx:bearing><gpxtpx:speed>19.281494</gpxtpx:speed></gpxtpx:TrackPointExtension></extensions><geoidheight>-34.3</geoidheight><src>gps</src><sat>17</sat><hdop>0.62</hdop><vdop>0.88</vdop><pdop>1.08</pdop><dgpsid>0000</dgpsid></trkpt>
<trkpt lat="30.880643000000003" lon="-114.73381533333334"><ele>24.9</ele><time>2025-12-16T23:06:54.000Z</time><extensions><gpxtpx:TrackPointExtension><gpxtpx:bearing>228.53</gpxtpx:bearing><gpxtpx:speed>20.197186</gpxtpx:speed></gpxtpx:TrackPointExtension></extensions><geoidheight>-34.3</geoidheight><src>gps</src><sat>17</sat><hdop>0.68</hdop><vdop>0.97</vdop><pdop>1.18</pdop><dgpsid>0000</dgpsid></trkpt>
<trkpt lat="30.879262499999996" lon="-114.73566416666667"><ele>23.8</ele><time>2025-12-16T23:07:05.000Z</time><extensions><gpxtpx:TrackPointExtension><gpxtpx:bearing>229.22</gpxtpx:bearing><gpxtpx:speed>22.811974</gpxtpx:speed></gpxtpx:TrackPointExtension></extensions><geoidheight>-34.3</geoidheight><src>gps</src><sat>17</sat><hdop>0.62</hdop><vdop>0.88</vdop><pdop>1.08</pdop><dgpsid>0000</dgpsid></trkpt>
<trkpt lat="30.877711999999995" lon="-114.73771749999999"><ele>24.4</ele><time>2025-12-16T23:07:16.000Z</time><extensions><gpxtpx:TrackPointExtension><gpxtpx:bearing>228.54</gpxtpx:bearing><gpxtpx:speed>23.655088</gpxtpx:speed></gpxtpx:TrackPointExtension></extensions><geoidheight>-34.3</geoidheight><src>gps</src><sat>17</sat><hdop>0.59</hdop><vdop>0.82</vdop><pdop>1.01</pdop><dgpsid>0000</dgpsid></trkpt>
<trkpt lat="30.87639933333333" lon="-114.73946333333333"><ele>25.2</ele><time>2025-12-16T23:07:27.000Z</time><extensions><gpxtpx:TrackPointExtension><gpxtpx:bearing>229.28</gpxtpx:bearing><gpxtpx:speed>15.050478</gpxtpx:speed></gpxtpx:TrackPointExtension></extensions><geoidheight>-34.3</geoidheight><src>gps</src><sat>16</sat><hdop>0.66</hdop><vdop>0.89</vdop><pdop>1.11</pdop><dgpsid>0000</dgpsid></trkpt>
<trkpt lat="30.875568666666663" lon="-114.74059200000002"><ele>19.7</ele><time>2025-12-16T23:07:38.000Z</time><extensions><gpxtpx:TrackPointExtension><gpxtpx:bearing>230.61</gpxtpx:bearing><gpxtpx:speed>11.189032</gpxtpx:speed></gpxtpx:TrackPointExtension></extensions><geoidheight>-34.3</geoidheight><src>gps</src><sat>17</sat><hdop>0.62</hdop><vdop>0.88</vdop><pdop>1.08</pdop><dgpsid>0000</dgpsid></trkpt>
<trkpt lat="30.874838333333333" lon="-114.74156916666668"><ele>20.2</ele><time>2025-12-16T23:07:49.000Z</time><extensions><gpxtpx:TrackPointExtension><gpxtpx:bearing>228.4</gpxtpx:bearing><gpxtpx:speed>13.421382</gpxtpx:speed></gpxtpx:TrackPointExtension></extensions><geoidheight>-34.3</geoidheight><src>gps</src><sat>17</sat><hdop>0.62</hdop><vdop>0.88</vdop><pdop>1.08</pdop><dgpsid>0000</dgpsid></trkpt>
<trkpt lat="30.8738045" lon="-114.74294033333332"><ele>22.6</ele><time>2025-12-16T23:08:00.000Z</time><extensions><gpxtpx:TrackPointExtension><gpxtpx:bearing>228.8</gpxtpx:bearing><gpxtpx:speed>17.165987</gpxtpx:speed></gpxtpx:TrackPointExtension></extensions><geoidheight>-34.4</geoidheight><src>gps</src><sat>17</sat><hdop>0.62</hdop><vdop>0.88</vdop><pdop>1.08</pdop><dgpsid>0000</dgpsid></trkpt>
<trkpt lat="30.87272983333333" lon="-114.74433233333333"><ele>26.1</ele><time>2025-12-16T23:08:11.000Z</time><extensions><gpxtpx:TrackPointExtension><gpxtpx:bearing>222.2</gpxtpx:bearing><gpxtpx:speed>14.720541</gpxtpx:speed></gpxtpx:TrackPointExtension></extensions><geoidheight>-34.4</geoidheight><src>gps</src><sat>17</sat><hdop>0.62</hdop><vdop>0.88</vdop><pdop>1.08</pdop><dgpsid>0000</dgpsid></trkpt>
<trkpt lat="30.871244499999996" lon="-114.74484483333332"><ele>27.7</ele><time>2025-12-16T23:08:22.000Z</time><extensions><gpxtpx:TrackPointExtension><gpxtpx:bearing>177.33</gpxtpx:bearing><gpxtpx:speed>17.57725</gpxtpx:speed></gpxtpx:TrackPointExtension></extensions><geoidheight>-34.4</geoidheight><src>gps</src><sat>17</sat><hdop>0.59</hdop><vdop>0.82</vdop><pdop>1.01</pdop><dgpsid>0000</dgpsid></trkpt>
<trkpt lat="30.8694335" lon="-114.74477166666665"><ele>29.6</ele><time>2025-12-16T23:08:33.000Z</time><extensions><gpxtpx:TrackPointExtension><gpxtpx:bearing>177.99</gpxtpx:bearing><gpxtpx:speed>18.030205</gpxtpx:speed></gpxtpx:TrackPointExtension></extensions><geoidheight>-34.4</geoidheight><src>gps</src><sat>16</sat><hdop>0.60</hdop><vdop>0.83</vdop><pdop>1.02</pdop><dgpsid>0000</dgpsid></trkpt>
<trkpt lat="30.867592833333333" lon="-114.74470533333333"><ele>29.6</ele><time>2025-12-16T23:08:44.000Z</time><extensions><gpxtpx:TrackPointExtension><gpxtpx:bearing>178.01</gpxtpx:bearing><gpxtpx:speed>19.023104</gpxtpx:speed></gpxtpx:TrackPointExtension></extensions><geoidheight>-34.4</geoidheight><src>gps</src><sat>16</sat><hdop>0.60</hdop><vdop>0.83</vdop><pdop>1.02</pdop><dgpsid>0000</dgpsid></trkpt>
<trkpt lat="30.865706833333334" lon="-114.74463516666668"><ele>29.2</ele><time>2025-12-16T23:08:55.000Z</time><extensions><gpxtpx:TrackPointExtension><gpxtpx:bearing>177.7</gpxtpx:bearing><gpxtpx:speed>19.934162</gpxtpx:speed></gpxtpx:TrackPointExtension></extensions><geoidheight>-34.4</geoidheight><src>gps</src><sat>16</sat><hdop>0.60</hdop><vdop>0.83</vdop><pdop>1.02</pdop><dgpsid>0000</dgpsid></trkpt>
<trkpt lat="30.863774333333335" lon="-114.74455583333332"><ele>26.9</ele><time>2025-12-16T23:09:06.000Z</time><extensions><gpxtpx:TrackPointExtension><gpxtpx:bearing>177.45</gpxtpx:bearing><gpxtpx:speed>19.009722</gpxtpx:speed></gpxtpx:TrackPointExtension></extensions><geoidheight>-34.4</geoidheight><src>gps</src><sat>16</sat><hdop>0.60</hdop><vdop>0.83</vdop><pdop>1.02</pdop><dgpsid>0000</dgpsid></trkpt>
<trkpt lat="30.861825" lon="-114.74448016666665"><ele>28.0</ele><time>2025-12-16T23:09:17.000Z</time><extensions><gpxtpx:TrackPointExtension><gpxtpx:bearing>177.67</gpxtpx:bearing><gpxtpx:speed>20.088064</gpxtpx:speed></gpxtpx:TrackPointExtension></extensions><geoidheight>-34.4</geoidheight><src>gps</src><sat>16</sat><hdop>0.60</hdop><vdop>0.83</vdop><pdop>1.02</pdop><dgpsid>0000</dgpsid></trkpt>
<trkpt lat="30.85986066666667" lon="-114.74439816666667"><ele>31.7</ele><time>2025-12-16T23:09:28.000Z</time><extensions><gpxtpx:TrackPointExtension><gpxtpx:bearing>177.99</gpxtpx:bearing><gpxtpx:speed>20.122551</gpxtpx:speed></gpxtpx:TrackPointExtension></extensions><geoidheight>-34.4</geoidheight><src>gps</src><sat>16</sat><hdop>0.60</hdop><vdop>0.83</vdop><pdop>1.02</pdop><dgpsid>0000</dgpsid></trkpt>
<trkpt lat="30.857820666666665" lon="-114.74432066666668"><ele>31.9</ele><time>2025-12-16T23:09:39.000Z</time><extensions><gpxtpx:TrackPointExtension><gpxtpx:bearing>177.9</gpxtpx:bearing><gpxtpx:speed>21.024343</gpxtpx:speed></gpxtpx:TrackPointExtension></extensions><geoidheight>-34.4</geoidheight><src>gps</src><sat>16</sat><hdop>0.60</hdop><vdop>0.83</vdop><pdop>1.02</pdop><dgpsid>0000</dgpsid></trkpt>
<trkpt lat="30.855675833333333" lon="-114.74423066666668"><ele>30.8</ele><time>2025-12-16T23:09:50.000Z</time><extensions><gpxtpx:TrackPointExtension><gpxtpx:bearing>177.78</gpxtpx:bearing><gpxtpx:speed>22.53145</gpxtpx:speed></gpxtpx:TrackPointExtension></extensions><geoidheight>-34.4</geoidheight><src>gps</src><sat>16</sat><hdop>0.60</hdop><vdop>0.83</vdop><pdop>1.02</pdop><dgpsid>0000</dgpsid></trkpt>
<trkpt lat="30.853456833333333" lon="-114.74414133333333"><ele>31.4</ele><time>2025-12-16T23:10:01.000Z</time><extensions><gpxtpx:TrackPointExtension><gpxtpx:bearing>177.92</gpxtpx:bearing><gpxtpx:speed>22.667337</gpxtpx:speed></gpxtpx:TrackPointExtension></extensions><geoidheight>-34.4</geoidheight><src>gps</src><sat>16</sat><hdop>0.60</hdop><vdop>0.83</vdop><pdop>1.02</pdop><dgpsid>0000</dgpsid></trkpt>
<trkpt lat="30.8511895" lon="-114.74405966666667"><ele>32.5</ele><time>2025-12-16T23:10:12.000Z</time><extensions><gpxtpx:TrackPointExtension><gpxtpx:bearing>178.01</gpxtpx:bearing><gpxtpx:speed>22.964333</gpxtpx:speed></gpxtpx:TrackPointExtension></extensions><geoidheight>-34.4</geoidheight><src>gps</src><sat>16</sat><hdop>0.65</hdop><vdop>0.93</vdop><pdop>1.14</pdop><dgpsid>0000</dgpsid></trkpt>
<trkpt lat="30.848931833333335" lon="-114.74397183333333"><ele>33.1</ele><time>2025-12-16T23:10:23.000Z</time><extensions><gpxtpx:TrackPointExtension><gpxtpx:bearing>177.72</gpxtpx:bearing><gpxtpx:speed>22.471228</gpxtpx:speed></gpxtpx:TrackPointExtension></extensions><geoidheight>-34.4</geoidheight><src>gps</src><sat>16</sat><hdop>0.65</hdop><vdop>0.93</vdop><pdop>1.14</pdop><dgpsid>0000</dgpsid></trkpt>
<trkpt lat="30.84670683333333" lon="-114.74388716666665"><ele>34.0</ele><time>2025-12-16T23:10:34.000Z</time><extensions><gpxtpx:TrackPointExtension><gpxtpx:bearing>178.38</gpxtpx:bearing><gpxtpx:speed>22.621012</gpxtpx:speed></gpxtpx:TrackPointExtension></extensions><geoidheight>-34.4</geoidheight><src>gps</src><sat>16</sat><hdop>0.65</hdop><vdop>0.93</vdop><pdop>1.14</pdop><dgpsid>0000</dgpsid></trkpt>
<trkpt lat="30.84443233333333" lon="-114.74379033333335"><ele>32.7</ele><time>2025-12-16T23:10:45.000Z</time><extensions><gpxtpx:TrackPointExtension><gpxtpx:bearing>177.68</gpxtpx:bearing><gpxtpx:speed>22.983377</gpxtpx:speed></gpxtpx:TrackPointExtension></extensions><geoidheight>-34.4</geoidheight><src>gps</src><sat>16</sat><hdop>0.65</hdop><vdop>0.93</vdop><pdop>1.14</pdop><dgpsid>0000</dgpsid></trkpt>
<trkpt lat="30.8421455" lon="-114.74370116666665"><ele>32.4</ele><time>2025-12-16T23:10:56.000Z</time><extensions><gpxtpx:TrackPointExtension><gpxtpx:bearing>178.35</gpxtpx:bearing><gpxtpx:speed>23.37611</gpxtpx:speed></gpxtpx:TrackPointExtension></extensions><geoidheight>-34.4</geoidheight><src>gps</src><sat>16</sat><hdop>0.65</hdop><vdop>0.93</vdop><pdop>1.14</pdop><dgpsid>0000</dgpsid></trkpt>
<trkpt lat="30.839848" lon="-114.74360433333335"><ele>31.5</ele><time>2025-12-16T23:11:07.000Z</time><extensions><gpxtpx:TrackPointExtension><gpxtpx:bearing>177.64</gpxtpx:bearing><gpxtpx:speed>22.792416</gpxtpx:speed></gpxtpx:TrackPointExtension></extensions><geoidheight>-34.4</geoidheight><src>gps</src><sat>16</sat><hdop>0.65</hdop><vdop>0.93</vdop><pdop>1.14</pdop><dgpsid>0000</dgpsid></trkpt>
<trkpt lat="30.83756" lon="-114.74351083333335"><ele>29.9</ele><time>2025-12-16T23:11:18.000Z</time><extensions><gpxtpx:TrackPointExtension><gpxtpx:bearing>177.97</gpxtpx:bearing><gpxtpx:speed>22.951464</gpxtpx:speed></gpxtpx:TrackPointExtension></extensions><geoidheight>-34.4</geoidheight><src>gps</src><sat>16</sat><hdop>0.65</hdop><vdop>0.93</vdop><pdop>1.14</pdop><dgpsid>0000</dgpsid></trkpt>
<trkpt lat="30.835373833333332" lon="-114.7434275"><ele>34.0</ele><time>2025-12-16T23:11:29.000Z</time><extensions><gpxtpx:TrackPointExtension><gpxtpx:bearing>177.82</gpxtpx:bearing><gpxtpx:speed>21.803633</gpxtpx:speed></gpxtpx:TrackPointExtension></extensions><geoidheight>-34.4</geoidheight><src>gps</src><sat>15</sat><hdop>0.68</hdop><vdop>0.98</vdop><pdop>1.19</pdop><dgpsid>0000</dgpsid></trkpt>
<trkpt lat="30.83316316666667" lon="-114.74333716666666"><ele>33.9</ele><time>2025-12-16T23:11:40.000Z</time><extensions><gpxtpx:TrackPointExtension><gpxtpx:bearing>177.72</gpxtpx:bearing><gpxtpx:speed>22.50726</gpxtpx:speed></gpxtpx:TrackPointExtension></extensions><geoidheight>-34.4</geoidheight><src>gps</src><sat>15</sat><hdop>0.65</hdop><vdop>0.93</vdop><pdop>1.14</pdop><dgpsid>0000</dgpsid></trkpt>
<trkpt lat="30.830946499999996" lon="-114.74324066666668"><ele>36.3</ele><time>2025-12-16T23:11:51.000Z</time><extensions><gpxtpx:TrackPointExtension><gpxtpx:bearing>177.85</gpxtpx:bearing><gpxtpx:speed>22.538141</gpxtpx:speed></gpxtpx:TrackPointExtension></extensions><geoidheight>-34.4</geoidheight><src>gps</src><sat>16</sat><hdop>0.65</hdop><vdop>0.93</vdop><pdop>1.14</pdop><dgpsid>0000</dgpsid></trkpt>
<trkpt lat="30.828665333333333" lon="-114.74314833333334"><ele>34.9</ele><time>2025-12-16T23:12:02.000Z</time><extensions><gpxtpx:TrackPointExtension><gpxtpx:bearing>177.76</gpxtpx:bearing><gpxtpx:speed>23.052864</gpxtpx:speed></gpxtpx:TrackPointExtension></extensions><geoidheight>-34.4</geoidheight><src>gps</src><sat>16</sat><hdop>0.65</hdop><vdop>0.93</vdop><pdop>1.14</pdop><dgpsid>0000</dgpsid></trkpt>
<trkpt lat="30.826410166666665" lon="-114.743054"><ele>32.1</ele><time>2025-12-16T23:12:13.000Z</time><extensions><gpxtpx:TrackPointExtension><gpxtpx:bearing>177.34</gpxtpx:bearing><gpxtpx:speed>22.993671</gpxtpx:speed></gpxtpx:TrackPointExtension></extensions><geoidheight>-34.4</geoidheight><src>gps</src><sat>16</sat><hdop>0.65</hdop><vdop>0.93</vdop><pdop>1.14</pdop><dgpsid>0000</dgpsid></trkpt>
<trkpt lat="30.824146666666667" lon="-114.74295366666665"><ele>31.1</ele><time>2025-12-16T23:12:24.000Z</time><extensions><gpxtpx:TrackPointExtension><gpxtpx:bearing>178.33</gpxtpx:bearing><gpxtpx:speed>22.893814</gpxtpx:speed></gpxtpx:TrackPointExtension></extensions><geoidheight>-34.4</geoidheight><src>gps</src><sat>16</sat><hdop>0.65</hdop><vdop>0.93</vdop><pdop>1.14</pdop><dgpsid>0000</dgpsid></trkpt>
<trkpt lat="30.82185416666667" lon="-114.74285900000001"><ele>30.3</ele><time>2025-12-16T23:12:35.000Z</time><extensions><gpxtpx:TrackPointExtension><gpxtpx:bearing>177.81</gpxtpx:bearing><gpxtpx:speed>22.997274</gpxtpx:speed></gpxtpx:TrackPointExtension></extensions><geoidheight>-34.4</geoidheight><src>gps</src><sat>16</sat><hdop>0.65</hdop><vdop>0.93</vdop><pdop>1.14</pdop><dgpsid>0000</dgpsid></trkpt>
<trkpt lat="30.819581000000003" lon="-114.74276733333333"><ele>30.6</ele><time>2025-12-16T23:12:46.000Z</time><extensions><gpxtpx:TrackPointExtension><gpxtpx:bearing>178.07</gpxtpx:bearing><gpxtpx:speed>22.654984</gpxtpx:speed></gpxtpx:TrackPointExtension></extensions><geoidheight>-34.4</geoidheight><src>gps</src><sat>15</sat><hdop>0.68</hdop><vdop>0.99</vdop><pdop>1.20</pdop><dgpsid>0000</dgpsid></trkpt>
<trkpt lat="30.81734633333333" lon="-114.74267833333333"><ele>29.2</ele><time>2025-12-16T23:12:57.000Z</time><extensions><gpxtpx:TrackPointExtension><gpxtpx:bearing>178.7</gpxtpx:bearing><gpxtpx:speed>22.605057</gpxtpx:speed></gpxtpx:TrackPointExtension></extensions><geoidheight>-34.4</geoidheight><src>gps</src><sat>15</sat><hdop>0.68</hdop><vdop>0.99</vdop><pdop>1.20</pdop><dgpsid>0000</dgpsid></trkpt>
<trkpt lat="30.81514516666667" lon="-114.74248316666666"><ele>28.0</ele><time>2025-12-16T23:13:08.000Z</time><extensions><gpxtpx:TrackPointExtension><gpxtpx:bearing>172.85</gpxtpx:bearing><gpxtpx:speed>23.084778</gpxtpx:speed></gpxtpx:TrackPointExtension></extensions><geoidheight>-34.4</geoidheight><src>gps</src><sat>16</sat><hdop>0.65</hdop><vdop>0.93</vdop><pdop>1.14</pdop><dgpsid>0000</dgpsid></trkpt>
<trkpt lat="30.812887833333335" lon="-114.74217016666668"><ele>30.1</ele><time>2025-12-16T23:13:19.000Z</time><extensions><gpxtpx:TrackPointExtension><gpxtpx:bearing>172.96</gpxtpx:bearing><gpxtpx:speed>23.052864</gpxtpx:speed></gpxtpx:TrackPointExtension></extensions><geoidheight>-34.4</geoidheight><src>gps</src><sat>17</sat><hdop>0.65</hdop><vdop>0.91</vdop><pdop>1.12</pdop><dgpsid>0000</dgpsid></trkpt>
<trkpt lat="30.810612" lon="-114.74183683333334"><ele>32.2</ele><time>2025-12-16T23:13:30.000Z</time><extensions><gpxtpx:TrackPointExtension><gpxtpx:bearing>172.94</gpxtpx:bearing><gpxtpx:speed>23.260813</gpxtpx:speed></gpxtpx:TrackPointExtension></extensions><geoidheight>-34.4</geoidheight><src>gps</src><sat>16</sat><hdop>0.70</hdop><vdop>0.91</vdop><pdop>1.15</pdop><dgpsid>0000</dgpsid></trkpt>
<trkpt lat="30.808309833333336" lon="-114.74151216666665"><ele>32.6</ele><time>2025-12-16T23:13:41.000Z</time><extensions><gpxtpx:TrackPointExtension><gpxtpx:bearing>172.83</gpxtpx:bearing><gpxtpx:speed>23.358608</gpxtpx:speed></gpxtpx:TrackPointExtension></extensions><geoidheight>-34.5</geoidheight><src>gps</src><sat>16</sat><hdop>0.70</hdop><vdop>0.91</vdop><pdop>1.15</pdop><dgpsid>0000</dgpsid></trkpt>
<trkpt lat="30.80603416666667" lon="-114.74118483333332"><ele>31.6</ele><time>2025-12-16T23:13:52.000Z</time><extensions><gpxtpx:TrackPointExtension><gpxtpx:bearing>172.57</gpxtpx:bearing><gpxtpx:speed>22.734766</gpxtpx:speed></gpxtpx:TrackPointExtension></extensions><geoidheight>-34.5</geoidheight><src>gps</src><sat>17</sat><hdop>0.65</hdop><vdop>0.91</vdop><pdop>1.12</pdop><dgpsid>0000</dgpsid></trkpt>
<trkpt lat="30.803897833333334" lon="-114.74087516666665"><ele>31.2</ele><time>2025-12-16T23:14:03.000Z</time><extensions><gpxtpx:TrackPointExtension><gpxtpx:bearing>172.85</gpxtpx:bearing><gpxtpx:speed>21.658997</gpxtpx:speed></gpxtpx:TrackPointExtension></extensions><geoidheight>-34.5</geoidheight><src>gps</src><sat>17</sat><hdop>0.65</hdop><vdop>0.91</vdop><pdop>1.12</pdop><dgpsid>0000</dgpsid></trkpt>
<trkpt lat="30.801670833333333" lon="-114.7405565"><ele>30.3</ele><time>2025-12-16T23:14:14.000Z</time><extensions><gpxtpx:TrackPointExtension><gpxtpx:bearing>172.46</gpxtpx:bearing><gpxtpx:speed>23.079115</gpxtpx:speed></gpxtpx:TrackPointExtension></extensions><geoidheight>-34.5</geoidheight><src>gps</src><sat>17</sat><hdop>0.65</hdop><vdop>0.91</vdop><pdop>1.12</pdop><dgpsid>0000</dgpsid></trkpt>
<trkpt lat="30.799441333333334" lon="-114.74024499999999"><ele>34.5</ele><time>2025-12-16T23:14:25.000Z</time><extensions><gpxtpx:TrackPointExtension><gpxtpx:bearing>173.55</gpxtpx:bearing><gpxtpx:speed>21.461857</gpxtpx:speed></gpxtpx:TrackPointExtension></extensions><geoidheight>-34.5</geoidheight><src>gps</src><sat>16</sat><hdop>0.72</hdop><vdop>0.98</vdop><pdop>1.22</pdop><dgpsid>0000</dgpsid></trkpt>
<trkpt lat="30.797236833333333" lon="-114.73991966666667"><ele>30.0</ele><time>2025-12-16T23:14:36.000Z</time><extensions><gpxtpx:TrackPointExtension><gpxtpx:bearing>172.71</gpxtpx:bearing><gpxtpx:speed>23.47751</gpxtpx:speed></gpxtpx:TrackPointExtension></extensions><geoidheight>-34.5</geoidheight><src>gps</src><sat>16</sat><hdop>0.67</hdop><vdop>0.97</vdop><pdop>1.18</pdop><dgpsid>0000</dgpsid></trkpt>
<trkpt lat="30.794929000000003" lon="-114.73957866666666"><ele>29.0</ele><time>2025-12-16T23:14:47.000Z</time><extensions><gpxtpx:TrackPointExtension><gpxtpx:bearing>172.98</gpxtpx:bearing><gpxtpx:speed>23.818771</gpxtpx:speed></gpxtpx:TrackPointExtension></extensions><geoidheight>-34.5</geoidheight><src>gps</src><sat>15</sat><hdop>0.72</hdop><vdop>0.98</vdop><pdop>1.22</pdop><dgpsid>0000</dgpsid></trkpt>
<trkpt lat="30.792568666666664" lon="-114.739228"><ele>29.4</ele><time>2025-12-16T23:14:58.000Z</time><extensions><gpxtpx:TrackPointExtension><gpxtpx:bearing>172.35</gpxtpx:bearing><gpxtpx:speed>24.111134</gpxtpx:speed></gpxtpx:TrackPointExtension></extensions><geoidheight>-34.5</geoidheight><src>gps</src><sat>16</sat><hdop>0.70</hdop><vdop>0.91</vdop><pdop>1.15</pdop><dgpsid>0000</dgpsid></trkpt>
<trkpt lat="30.790186000000002" lon="-114.73887983333334"><ele>28.6</ele><time>2025-12-16T23:15:09.000Z</time><extensions><gpxtpx:TrackPointExtension><gpxtpx:bearing>172.74</gpxtpx:bearing><gpxtpx:speed>24.297977</gpxtpx:speed></gpxtpx:TrackPointExtension></extensions><geoidheight>-34.5</geoidheight><src>gps</src><sat>16</sat><hdop>0.70</hdop><vdop>0.91</vdop><pdop>1.15</pdop><dgpsid>0000</dgpsid></trkpt>
<trkpt lat="30.787833666666664" lon="-114.73853750000002"><ele>28.1</ele><time>2025-12-16T23:15:20.000Z</time><extensions><gpxtpx:TrackPointExtension><gpxtpx:bearing>172.57</gpxtpx:bearing><gpxtpx:speed>24.113192</gpxtpx:speed></gpxtpx:TrackPointExtension></extensions><geoidheight>-34.5</geoidheight><src>gps</src><sat>15</sat><hdop>0.72</hdop><vdop>0.98</vdop><pdop>1.22</pdop><dgpsid>0000</dgpsid></trkpt>
<trkpt lat="30.7854735" lon="-114.73819716666667"><ele>27.7</ele><time>2025-12-16T23:15:31.000Z</time><extensions><gpxtpx:TrackPointExtension><gpxtpx:bearing>172.09</gpxtpx:bearing><gpxtpx:speed>23.084778</gpxtpx:speed></gpxtpx:TrackPointExtension></extensions><geoidheight>-34.5</geoidheight><src>gps</src><sat>16</sat><hdop>0.67</hdop><vdop>0.97</vdop><pdop>1.18</pdop><dgpsid>0000</dgpsid></trkpt>
<trkpt lat="30.783408500000004" lon="-114.73788616666667"><ele>28.5</ele><time>2025-12-16T23:15:42.000Z</time><extensions><gpxtpx:TrackPointExtension><gpxtpx:bearing>172.37</gpxtpx:bearing><gpxtpx:speed>19.087444</gpxtpx:speed></gpxtpx:TrackPointExtension></extensions><geoidheight>-34.5</geoidheight><src>gps</src><sat>17</sat><hdop>0.65</hdop><vdop>0.91</vdop><pdop>1.11</pdop><dgpsid>0000</dgpsid></trkpt>
<trkpt lat="30.781525333333335" lon="-114.73737383333334"><ele>28.4</ele><time>2025-12-16T23:15:53.000Z</time><extensions><gpxtpx:TrackPointExtension><gpxtpx:bearing>154.77</gpxtpx:bearing><gpxtpx:speed>20.376308</gpxtpx:speed></gpxtpx:TrackPointExtension></extensions><geoidheight>-34.5</geoidheight><src>gps</src><sat>16</sat><hdop>0.65</hdop><vdop>0.93</vdop><pdop>1.13</pdop><dgpsid>0000</dgpsid></trkpt>
<trkpt lat="30.7795705" lon="-114.73630116666666"><ele>26.5</ele><time>2025-12-16T23:16:04.000Z</time><extensions><gpxtpx:TrackPointExtension><gpxtpx:bearing>154.38</gpxtpx:bearing><gpxtpx:speed>23.009628</gpxtpx:speed></gpxtpx:TrackPointExtension></extensions><geoidheight>-34.5</geoidheight><src>gps</src><sat>17</sat><hdop>0.65</hdop><vdop>0.91</vdop><pdop>1.11</pdop><dgpsid>0000</dgpsid></trkpt>
<trkpt lat="30.777635166666663" lon="-114.73523599999999"><ele>28.9</ele><time>2025-12-16T23:16:15.000Z</time><extensions><gpxtpx:TrackPointExtension><gpxtpx:bearing>154.61</gpxtpx:bearing><gpxtpx:speed>21.336266</gpxtpx:speed></gpxtpx:TrackPointExtension></extensions><geoidheight>-34.5</geoidheight><src>gps</src><sat>16</sat><hdop>0.67</hdop><vdop>0.96</vdop><pdop>1.17</pdop><dgpsid>0000</dgpsid></trkpt>
<trkpt lat="30.7757255" lon="-114.73419100000001"><ele>27.9</ele><time>2025-12-16T23:16:26.000Z</time><extensions><gpxtpx:TrackPointExtension><gpxtpx:bearing>154.48</gpxtpx:bearing><gpxtpx:speed>20.7536</gpxtpx:speed></gpxtpx:TrackPointExtension></extensions><geoidheight>-34.5</geoidheight><src>gps</src><sat>16</sat><hdop>0.72</hdop><vdop>0.96</vdop><pdop>1.21</pdop><dgpsid>0000</dgpsid></trkpt>
<trkpt lat="30.773972833333332" lon="-114.73323683333335"><ele>27.2</ele><time>2025-12-16T23:16:37.000Z</time><extensions><gpxtpx:TrackPointExtension><gpxtpx:bearing>154.68</gpxtpx:bearing><gpxtpx:speed>19.907396</gpxtpx:speed></gpxtpx:TrackPointExtension></extensions><geoidheight>-34.5</geoidheight><src>gps</src><sat>17</sat><hdop>0.67</hdop><vdop>0.96</vdop><pdop>1.17</pdop><dgpsid>0000</dgpsid></trkpt>
<trkpt lat="30.7721015" lon="-114.73221116666667"><ele>26.4</ele><time>2025-12-16T23:16:48.000Z</time><extensions><gpxtpx:TrackPointExtension><gpxtpx:bearing>154.45</gpxtpx:bearing><gpxtpx:speed>22.390932</gpxtpx:speed></gpxtpx:TrackPointExtension></extensions><geoidheight>-34.5</geoidheight><src>gps</src><sat>16</sat><hdop>0.70</hdop><vdop>1.07</vdop><pdop>1.28</pdop><dgpsid>0000</dgpsid></trkpt>
<trkpt lat="30.7699975" lon="-114.7310515"><ele>26.2</ele><time>2025-12-16T23:16:59.000Z</time><extensions><gpxtpx:TrackPointExtension><gpxtpx:bearing>154.24</gpxtpx:bearing><gpxtpx:speed>23.873846</gpxtpx:speed></gpxtpx:TrackPointExtension></extensions><geoidheight>-34.5</geoidheight><src>gps</src><sat>17</sat><hdop>0.67</hdop><vdop>0.96</vdop><pdop>1.17</pdop><dgpsid>0000</dgpsid></trkpt>
<trkpt lat="30.76791016666667" lon="-114.72991166666667"><ele>23.3</ele><time>2025-12-16T23:17:10.000Z</time><extensions><gpxtpx:TrackPointExtension><gpxtpx:bearing>154.51</gpxtpx:bearing><gpxtpx:speed>22.185556</gpxtpx:speed></gpxtpx:TrackPointExtension></extensions><geoidheight>-34.5</geoidheight><src>gps</src><sat>17</sat><hdop>0.67</hdop><vdop>0.96</vdop><pdop>1.17</pdop><dgpsid>0000</dgpsid></trkpt>
<trkpt lat="30.766022" lon="-114.72886650000001"><ele>26.9</ele><time>2025-12-16T23:17:21.000Z</time><extensions><gpxtpx:TrackPointExtension><gpxtpx:bearing>154.74</gpxtpx:bearing><gpxtpx:speed>21.554508</gpxtpx:speed></gpxtpx:TrackPointExtension></extensions><geoidheight>-34.5</geoidheight><src>gps</src><sat>16</sat><hdop>0.67</hdop><vdop>0.96</vdop><pdop>1.17</pdop><dgpsid>0000</dgpsid></trkpt>
<trkpt lat="30.7639765" lon="-114.72774533333335"><ele>22.8</ele><time>2025-12-16T23:17:32.000Z</time><extensions><gpxtpx:TrackPointExtension><gpxtpx:bearing>155.07</gpxtpx:bearing><gpxtpx:speed>23.755974</gpxtpx:speed></gpxtpx:TrackPointExtension></extensions><geoidheight>-34.5</geoidheight><src>gps</src><sat>16</sat><hdop>0.67</hdop><vdop>0.96</vdop><pdop>1.17</pdop><dgpsid>0000</dgpsid></trkpt>
<trkpt lat="30.7618675" lon="-114.72659583333333"><ele>21.3</ele><time>2025-12-16T23:17:43.000Z</time><extensions><gpxtpx:TrackPointExtension><gpxtpx:bearing>154.57</gpxtpx:bearing><gpxtpx:speed>23.318975</gpxtpx:speed></gpxtpx:TrackPointExtension></extensions><geoidheight>-34.5</geoidheight><src>gps</src><sat>17</sat><hdop>0.65</hdop><vdop>0.90</vdop><pdop>1.11</pdop><dgpsid>0000</dgpsid></trkpt>
<trkpt lat="30.759816333333333" lon="-114.72547316666666"><ele>21.9</ele><time>2025-12-16T23:17:54.000Z</time><extensions><gpxtpx:TrackPointExtension><gpxtpx:bearing>154.59</gpxtpx:bearing><gpxtpx:speed>22.452183</gpxtpx:speed></gpxtpx:TrackPointExtension></extensions><geoidheight>-34.5</geoidheight><src>gps</src><sat>16</sat><hdop>0.67</hdop><vdop>0.96</vdop><pdop>1.17</pdop><dgpsid>0000</dgpsid></trkpt>
<trkpt lat="30.7579025" lon="-114.72443066666668"><ele>19.8</ele><time>2025-12-16T23:18:05.000Z</time><extensions><gpxtpx:TrackPointExtension><gpxtpx:bearing>155.29</gpxtpx:bearing><gpxtpx:speed>19.332453</gpxtpx:speed></gpxtpx:TrackPointExtension></extensions><geoidheight>-34.5</geoidheight><src>gps</src><sat>17</sat><hdop>0.67</hdop><vdop>0.96</vdop><pdop>1.17</pdop><dgpsid>0000</dgpsid></trkpt>
<trkpt lat="30.756055" lon="-114.72379049999999"><ele>20.3</ele><time>2025-12-16T23:18:16.000Z</time><extensions><gpxtpx:TrackPointExtension><gpxtpx:bearing>166.95</gpxtpx:bearing><gpxtpx:speed>21.105156</gpxtpx:speed></gpxtpx:TrackPointExtension></extensions><geoidheight>-34.5</geoidheight><src>gps</src><sat>17</sat><hdop>0.65</hdop><vdop>0.90</vdop><pdop>1.11</pdop><dgpsid>0000</dgpsid></trkpt>
<trkpt lat="30.753921833333333" lon="-114.72321483333332"><ele>20.9</ele><time>2025-12-16T23:18:27.000Z</time><extensions><gpxtpx:TrackPointExtension><gpxtpx:bearing>166.6</gpxtpx:bearing><gpxtpx:speed>22.520641</gpxtpx:speed></gpxtpx:TrackPointExtension></extensions><geoidheight>-34.5</geoidheight><src>gps</src><sat>17</sat><hdop>0.65</hdop><vdop>0.90</vdop><pdop>1.11</pdop><dgpsid>0000</dgpsid></trkpt>
<trkpt lat="30.751757833333333" lon="-114.72262866666667"><ele>19.6</ele><time>2025-12-16T23:18:38.000Z</time><extensions><gpxtpx:TrackPointExtension><gpxtpx:bearing>167.41</gpxtpx:bearing><gpxtpx:speed>22.581894</gpxtpx:speed></gpxtpx:TrackPointExtension></extensions><geoidheight>-34.5</geoidheight><src>gps</src><sat>17</sat><hdop>0.65</hdop><vdop>0.90</vdop><pdop>1.11</pdop><dgpsid>0000</dgpsid></trkpt>
<trkpt lat="30.749601666666663" lon="-114.72203283333334"><ele>19.3</ele><time>2025-12-16T23:18:49.000Z</time><extensions><gpxtpx:TrackPointExtension><gpxtpx:bearing>166.73</gpxtpx:bearing><gpxtpx:speed>22.075922</gpxtpx:speed></gpxtpx:TrackPointExtension></extensions><geoidheight>-34.5</geoidheight><src>gps</src><sat>17</sat><hdop>0.65</hdop><vdop>0.90</vdop><pdop>1.11</pdop><dgpsid>0000</dgpsid></trkpt>
<trkpt lat="30.747492333333337" lon="-114.72145866666666"><ele>19.3</ele><time>2025-12-16T23:19:00.000Z</time><extensions><gpxtpx:TrackPointExtension><gpxtpx:bearing>166.65</gpxtpx:bearing><gpxtpx:speed>21.836061</gpxtpx:speed></gpxtpx:TrackPointExtension></extensions><geoidheight>-34.5</geoidheight><src>gps</src><sat>17</sat><hdop>0.65</hdop><vdop>0.90</vdop><pdop>1.11</pdop><dgpsid>0000</dgpsid></trkpt>
<trkpt lat="30.74530766666667" lon="-114.72085366666667"><ele>22.2</ele><time>2025-12-16T23:19:11.000Z</time><extensions><gpxtpx:TrackPointExtension><gpxtpx:bearing>166.73</gpxtpx:bearing><gpxtpx:speed>23.06985</gpxtpx:speed></gpxtpx:TrackPointExtension></extensions><geoidheight>-34.5</geoidheight><src>gps</src><sat>17</sat><hdop>0.65</hdop><vdop>0.90</vdop><pdop>1.11</pdop><dgpsid>0000</dgpsid></trkpt>
<trkpt lat="30.74307233333333" lon="-114.72024433333333"><ele>20.0</ele><time>2025-12-16T23:19:22.000Z</time><extensions><gpxtpx:TrackPointExtension><gpxtpx:bearing>167.02</gpxtpx:bearing><gpxtpx:speed>23.54391</gpxtpx:speed></gpxtpx:TrackPointExtension></extensions><geoidheight>-34.5</geoidheight><src>gps</src><sat>17</sat><hdop>0.65</hdop><vdop>0.90</vdop><pdop>1.11</pdop><dgpsid>0000</dgpsid></trkpt>
<trkpt lat="30.740828000000004" lon="-114.719636"><ele>17.5</ele><time>2025-12-16T23:19:33.000Z</time><extensions><gpxtpx:TrackPointExtension><gpxtpx:bearing>166.54</gpxtpx:bearing><gpxtpx:speed>23.046688</gpxtpx:speed></gpxtpx:TrackPointExtension></extensions><geoidheight>-34.5</geoidheight><src>gps</src><sat>17</sat><hdop>0.65</hdop><vdop>0.90</vdop><pdop>1.11</pdop><dgpsid>0000</dgpsid></trkpt>
<trkpt lat="30.738653999999997" lon="-114.71904616666667"><ele>19.1</ele><time>2025-12-16T23:19:44.000Z</time><extensions><gpxtpx:TrackPointExtension><gpxtpx:bearing>166.78</gpxtpx:bearing><gpxtpx:speed>22.062023</gpxtpx:speed></gpxtpx:TrackPointExtension></extensions><geoidheight>-34.5</geoidheight><src>gps</src><sat>17</sat><hdop>0.65</hdop><vdop>0.90</vdop><pdop>1.11</pdop><dgpsid>0000</dgpsid></trkpt>
<trkpt lat="30.736639833333335" lon="-114.71839833333334"><ele>21.1</ele><time>2025-12-16T23:19:55.000Z</time><extensions><gpxtpx:TrackPointExtension><gpxtpx:bearing>153.79</gpxtpx:bearing><gpxtpx:speed>20.453003</gpxtpx:speed></gpxtpx:TrackPointExtension></extensions><geoidheight>-34.5</geoidheight><src>gps</src><sat>17</sat><hdop>0.65</hdop><vdop>0.90</vdop><pdop>1.11</pdop><dgpsid>0000</dgpsid></trkpt>
<trkpt lat="30.734701000000005" lon="-114.71720916666666"><ele>17.7</ele><time>2025-12-16T23:20:06.000Z</time><extensions><gpxtpx:TrackPointExtension><gpxtpx:bearing>151.91</gpxtpx:bearing><gpxtpx:speed>22.39402</gpxtpx:speed></gpxtpx:TrackPointExtension></extensions><geoidheight>-34.5</geoidheight><src>gps</src><sat>16</sat><hdop>0.71</hdop><vdop>0.90</vdop><pdop>1.14</pdop><dgpsid>0000</dgpsid></trkpt>
<trkpt lat="30.73278383333333" lon="-114.71602966666666"><ele>16.2</ele><time>2025-12-16T23:20:17.000Z</time><extensions><gpxtpx:TrackPointExtension><gpxtpx:bearing>152.03</gpxtpx:bearing><gpxtpx:speed>21.1592</gpxtpx:speed></gpxtpx:TrackPointExtension></extensions><geoidheight>-34.5</geoidheight><src>gps</src><sat>17</sat><hdop>0.65</hdop><vdop>0.90</vdop><pdop>1.11</pdop><dgpsid>0000</dgpsid></trkpt>
<trkpt lat="30.730984166666666" lon="-114.71497683333334"><ele>17.7</ele><time>2025-12-16T23:20:28.000Z</time><extensions><gpxtpx:TrackPointExtension><gpxtpx:bearing>157.65</gpxtpx:bearing><gpxtpx:speed>19.70614</gpxtpx:speed></gpxtpx:TrackPointExtension></extensions><geoidheight>-34.5</geoidheight><src>gps</src><sat>17</sat><hdop>0.65</hdop><vdop>0.90</vdop><pdop>1.11</pdop><dgpsid>0000</dgpsid></trkpt>
<trkpt lat="30.729061166666664" lon="-114.71455633333335"><ele>19.0</ele><time>2025-12-16T23:20:39.000Z</time><extensions><gpxtpx:TrackPointExtension><gpxtpx:bearing>175.73</gpxtpx:bearing><gpxtpx:speed>20.071592</gpxtpx:speed></gpxtpx:TrackPointExtension></extensions><geoidheight>-34.5</geoidheight><src>gps</src><sat>17</sat><hdop>0.65</hdop><vdop>0.89</vdop><pdop>1.11</pdop><dgpsid>0000</dgpsid></trkpt>
<trkpt lat="30.72703483333333" lon="-114.71443216666667"><ele>19.9</ele><time>2025-12-16T23:20:50.000Z</time><extensions><gpxtpx:TrackPointExtension><gpxtpx:bearing>176.84</gpxtpx:bearing><gpxtpx:speed>20.601757</gpxtpx:speed></gpxtpx:TrackPointExtension></extensions><geoidheight>-34.5</geoidheight><src>gps</src><sat>16</sat><hdop>0.71</hdop><vdop>0.89</vdop><pdop>1.14</pdop><dgpsid>0000</dgpsid></trkpt>
<trkpt lat="30.724988" lon="-114.71432133333334"><ele>20.3</ele><time>2025-12-16T23:21:01.000Z</time><extensions><gpxtpx:TrackPointExtension><gpxtpx:bearing>178.29</gpxtpx:bearing><gpxtpx:speed>20.304247</gpxtpx:speed></gpxtpx:TrackPointExtension></extensions><geoidheight>-34.5</geoidheight><src>gps</src><sat>17</sat><hdop>0.71</hdop><vdop>0.89</vdop><pdop>1.14</pdop><dgpsid>0000</dgpsid></trkpt>
<trkpt lat="30.722987333333336" lon="-114.714313"><ele>16.4</ele><time>2025-12-16T23:21:12.000Z</time><extensions><gpxtpx:TrackPointExtension><gpxtpx:bearing>179.54</gpxtpx:bearing><gpxtpx:speed>20.39072</gpxtpx:speed></gpxtpx:TrackPointExtension></extensions><geoidheight>-34.6</geoidheight><src>gps</src><sat>16</sat><hdop>0.71</hdop><vdop>0.89</vdop><pdop>1.14</pdop><dgpsid>0000</dgpsid></trkpt>
<trkpt lat="30.72097983333333" lon="-114.7143025"><ele>19.4</ele><time>2025-12-16T23:21:23.000Z</time><extensions><gpxtpx:TrackPointExtension><gpxtpx:bearing>179.48</gpxtpx:bearing><gpxtpx:speed>20.154978</gpxtpx:speed></gpxtpx:TrackPointExtension></extensions><geoidheight>-34.6</geoidheight><src>gps</src><sat>17</sat><hdop>0.65</hdop><vdop>0.89</vdop><pdop>1.11</pdop><dgpsid>0000</dgpsid></trkpt>
<trkpt lat="30.718915833333334" lon="-114.71429283333333"><ele>21.3</ele><time>2025-12-16T23:21:34.000Z</time><extensions><gpxtpx:TrackPointExtension><gpxtpx:bearing>179.77</gpxtpx:bearing><gpxtpx:speed>22.074892</gpxtpx:speed></gpxtpx:TrackPointExtension></extensions><geoidheight>-34.6</geoidheight><src>gps</src><sat>17</sat><hdop>0.71</hdop><vdop>0.89</vdop><pdop>1.14</pdop><dgpsid>0000</dgpsid></trkpt>
<trkpt lat="30.716590333333336" lon="-114.71428050000002"><ele>22.6</ele><time>2025-12-16T23:21:45.000Z</time><extensions><gpxtpx:TrackPointExtension><gpxtpx:bearing>179.62</gpxtpx:bearing><gpxtpx:speed>24.040102</gpxtpx:speed></gpxtpx:TrackPointExtension></extensions><geoidheight>-34.6</geoidheight><src>gps</src><sat>17</sat><hdop>0.66</hdop><vdop>0.91</vdop><pdop>1.12</pdop><dgpsid>0000</dgpsid></trkpt>
<trkpt lat="30.7143175" lon="-114.71426233333335"><ele>21.8</ele><time>2025-12-16T23:21:56.000Z</time><extensions><gpxtpx:TrackPointExtension><gpxtpx:bearing>179.48</gpxtpx:bearing><gpxtpx:speed>22.420786</gpxtpx:speed></gpxtpx:TrackPointExtension></extensions><geoidheight>-34.6</geoidheight><src>gps</src><sat>16</sat><hdop>0.71</hdop><vdop>0.89</vdop><pdop>1.14</pdop><dgpsid>0000</dgpsid></trkpt>
<trkpt lat="30.712221666666665" lon="-114.71424666666665"><ele>23.7</ele><time>2025-12-16T23:22:07.000Z</time><extensions><gpxtpx:TrackPointExtension><gpxtpx:bearing>179.51</gpxtpx:bearing><gpxtpx:speed>20.483372</gpxtpx:speed></gpxtpx:TrackPointExtension></extensions><geoidheight>-34.6</geoidheight><src>gps</src><sat>17</sat><hdop>0.71</hdop><vdop>0.89</vdop><pdop>1.14</pdop><dgpsid>0000</dgpsid></trkpt>
<trkpt lat="30.710179499999995" lon="-114.71455149999998"><ele>26.3</ele><time>2025-12-16T23:22:18.000Z</time><extensions><gpxtpx:TrackPointExtension><gpxtpx:bearing>191.68</gpxtpx:bearing><gpxtpx:speed>22.126879</gpxtpx:speed></gpxtpx:TrackPointExtension></extensions><geoidheight>-34.6</geoidheight><src>gps</src><sat>14</sat><hdop>0.73</hdop><vdop>0.91</vdop><pdop>1.17</pdop><dgpsid>0000</dgpsid></trkpt>
<trkpt lat="30.708060999999997" lon="-114.715044"><ele>26.2</ele><time>2025-12-16T23:22:29.000Z</time><extensions><gpxtpx:TrackPointExtension><gpxtpx:bearing>191.92</gpxtpx:bearing><gpxtpx:speed>21.141186</gpxtpx:speed></gpxtpx:TrackPointExtension></extensions><geoidheight>-34.6</geoidheight><src>gps</src><sat>15</sat><hdop>0.71</hdop><vdop>1.01</vdop><pdop>1.24</pdop><dgpsid>0000</dgpsid></trkpt>
<trkpt lat="30.706115999999998" lon="-114.71531516666667"><ele>25.3</ele><time>2025-12-16T23:22:40.000Z</time><extensions><gpxtpx:TrackPointExtension><gpxtpx:bearing>173.1</gpxtpx:bearing><gpxtpx:speed>19.379292</gpxtpx:speed></gpxtpx:TrackPointExtension></extensions><geoidheight>-34.6</geoidheight><src>gps</src><sat>16</sat><hdop>0.66</hdop><vdop>0.91</vdop><pdop>1.12</pdop><dgpsid>0000</dgpsid></trkpt>
<trkpt lat="30.704331833333338" lon="-114.71444199999999"><ele>26.2</ele><time>2025-12-16T23:22:51.000Z</time><extensions><gpxtpx:TrackPointExtension><gpxtpx:bearing>151.3</gpxtpx:bearing><gpxtpx:speed>20.961033</gpxtpx:speed></gpxtpx:TrackPointExtension></extensions><geoidheight>-34.6</geoidheight><src>gps</src><sat>17</sat><hdop>0.65</hdop><vdop>0.89</vdop><pdop>1.10</pdop><dgpsid>0000</dgpsid></trkpt>
<trkpt lat="30.702440333333335" lon="-114.71325616666667"><ele>26.8</ele><time>2025-12-16T23:23:02.000Z</time><extensions><gpxtpx:TrackPointExtension><gpxtpx:bearing>151.47</gpxtpx:bearing><gpxtpx:speed>21.924593</gpxtpx:speed></gpxtpx:TrackPointExtension></extensions><geoidheight>-34.6</geoidheight><src>gps</src><sat>16</sat><hdop>0.71</hdop><vdop>0.89</vdop><pdop>1.14</pdop><dgpsid>0000</dgpsid></trkpt>
<trkpt lat="30.700517833333333" lon="-114.71212150000001"><ele>25.8</ele><time>2025-12-16T23:23:13.000Z</time><extensions><gpxtpx:TrackPointExtension><gpxtpx:bearing>158.35</gpxtpx:bearing><gpxtpx:speed>22.08776</gpxtpx:speed></gpxtpx:TrackPointExtension></extensions><geoidheight>-34.6</geoidheight><src>gps</src><sat>16</sat><hdop>0.67</hdop><vdop>0.95</vdop><pdop>1.16</pdop><dgpsid>0000</dgpsid></trkpt>
<trkpt lat="30.698429" lon="-114.71139683333334"><ele>22.2</ele><time>2025-12-16T23:23:24.000Z</time><extensions><gpxtpx:TrackPointExtension><gpxtpx:bearing>162.97</gpxtpx:bearing><gpxtpx:speed>21.933344</gpxtpx:speed></gpxtpx:TrackPointExtension></extensions><geoidheight>-34.6</geoidheight><src>gps</src><sat>17</sat><hdop>0.65</hdop><vdop>0.89</vdop><pdop>1.10</pdop><dgpsid>0000</dgpsid></trkpt>
<trkpt lat="30.696386333333333" lon="-114.71070499999999"><ele>25.3</ele><time>2025-12-16T23:23:35.000Z</time><extensions><gpxtpx:TrackPointExtension><gpxtpx:bearing>163.44</gpxtpx:bearing><gpxtpx:speed>21.789736</gpxtpx:speed></gpxtpx:TrackPointExtension></extensions><geoidheight>-34.6</geoidheight><src>gps</src><sat>17</sat><hdop>0.65</hdop><vdop>0.89</vdop><pdop>1.10</pdop><dgpsid>0000</dgpsid></trkpt>
<trkpt lat="30.694275" lon="-114.70998616666665"><ele>25.9</ele><time>2025-12-16T23:23:46.000Z</time><extensions><gpxtpx:TrackPointExtension><gpxtpx:bearing>163.83</gpxtpx:bearing><gpxtpx:speed>22.177322</gpxtpx:speed></gpxtpx:TrackPointExtension></extensions><geoidheight>-34.6</geoidheight><src>gps</src><sat>17</sat><hdop>0.65</hdop><vdop>0.88</vdop><pdop>1.10</pdop><dgpsid>0000</dgpsid></trkpt>
<trkpt lat="30.69217683333333" lon="-114.70928316666665"><ele>25.6</ele><time>2025-12-16T23:23:57.000Z</time><extensions><gpxtpx:TrackPointExtension><gpxtpx:bearing>163.43</gpxtpx:bearing><gpxtpx:speed>21.954447</gpxtpx:speed></gpxtpx:TrackPointExtension></extensions><geoidheight>-34.6</geoidheight><src>gps</src><sat>17</sat><hdop>0.65</hdop><vdop>0.88</vdop><pdop>1.10</pdop><dgpsid>0000</dgpsid></trkpt>
<trkpt lat="30.690187999999996" lon="-114.70859816666668"><ele>26.5</ele><time>2025-12-16T23:24:08.000Z</time><extensions><gpxtpx:TrackPointExtension><gpxtpx:bearing>163.4</gpxtpx:bearing><gpxtpx:speed>19.543488</gpxtpx:speed></gpxtpx:TrackPointExtension></extensions><geoidheight>-34.6</geoidheight><src>gps</src><sat>17</sat><hdop>0.65</hdop><vdop>0.88</vdop><pdop>1.10</pdop><dgpsid>0000</dgpsid></trkpt>
<trkpt lat="30.6885105" lon="-114.70798816666665"><ele>26.7</ele><time>2025-12-16T23:24:19.000Z</time><extensions><gpxtpx:TrackPointExtension><gpxtpx:bearing>162.41</gpxtpx:bearing><gpxtpx:speed>16.182867</gpxtpx:speed></gpxtpx:TrackPointExtension></extensions><geoidheight>-34.6</geoidheight><src>gps</src><sat>17</sat><hdop>0.65</hdop><vdop>0.88</vdop><pdop>1.10</pdop><dgpsid>0000</dgpsid></trkpt>
<trkpt lat="30.687030333333336" lon="-114.70744733333335"><ele>25.9</ele><time>2025-12-16T23:24:30.000Z</time><extensions><gpxtpx:TrackPointExtension><gpxtpx:bearing>162.36</gpxtpx:bearing><gpxtpx:speed>16.235369</gpxtpx:speed></gpxtpx:TrackPointExtension></extensions><geoidheight>-34.6</geoidheight><src>gps</src><sat>17</sat><hdop>0.67</hdop><vdop>0.95</vdop><pdop>1.16</pdop><dgpsid>0000</dgpsid></trkpt>
<trkpt lat="30.685391333333335" lon="-114.70684316666666"><ele>26.8</ele><time>2025-12-16T23:24:41.000Z</time><extensions><gpxtpx:TrackPointExtension><gpxtpx:bearing>162.04</gpxtpx:bearing><gpxtpx:speed>18.125942</gpxtpx:speed></gpxtpx:TrackPointExtension></extensions><geoidheight>-34.6</geoidheight><src>gps</src><sat>17</sat><hdop>0.67</hdop><vdop>0.95</vdop><pdop>1.16</pdop><dgpsid>0000</dgpsid></trkpt>
<trkpt lat="30.68362833333333" lon="-114.70610200000002"><ele>24.5</ele><time>2025-12-16T23:24:52.000Z</time><extensions><gpxtpx:TrackPointExtension><gpxtpx:bearing>159.07</gpxtpx:bearing><gpxtpx:speed>19.83791</gpxtpx:speed></gpxtpx:TrackPointExtension></extensions><geoidheight>-34.6</geoidheight><src>gps</src><sat>17</sat><hdop>0.67</hdop><vdop>0.95</vdop><pdop>1.16</pdop><dgpsid>0000</dgpsid></trkpt>
<trkpt lat="30.681693333333335" lon="-114.70524183333333"><ele>23.7</ele><time>2025-12-16T23:25:03.000Z</time><extensions><gpxtpx:TrackPointExtension><gpxtpx:bearing>159.14</gpxtpx:bearing><gpxtpx:speed>21.303324</gpxtpx:speed></gpxtpx:TrackPointExtension></extensions><geoidheight>-34.6</geoidheight><src>gps</src><sat>17</sat><hdop>0.66</hdop><vdop>0.88</vdop><pdop>1.10</pdop><dgpsid>0000</dgpsid></trkpt>
<trkpt lat="30.679700166666667" lon="-114.70450833333334"><ele>23.3</ele><time>2025-12-16T23:25:14.000Z</time><extensions><gpxtpx:TrackPointExtension><gpxtpx:bearing>166.43</gpxtpx:bearing><gpxtpx:speed>21.796942</gpxtpx:speed></gpxtpx:TrackPointExtension></extensions><geoidheight>-34.6</geoidheight><src>gps</src><sat>17</sat><hdop>0.66</hdop><vdop>0.88</vdop><pdop>1.10</pdop><dgpsid>0000</dgpsid></trkpt>
<trkpt lat="30.67752216666667" lon="-114.70392783333334"><ele>20.7</ele><time>2025-12-16T23:25:25.000Z</time><extensions><gpxtpx:TrackPointExtension><gpxtpx:bearing>167.05</gpxtpx:bearing><gpxtpx:speed>22.60866</gpxtpx:speed></gpxtpx:TrackPointExtension></extensions><geoidheight>-34.6</geoidheight><src>gps</src><sat>17</sat><hdop>0.66</hdop><vdop>0.88</vdop><pdop>1.10</pdop><dgpsid>0000</dgpsid></trkpt>
<trkpt lat="30.67531" lon="-114.70333733333334"><ele>20.4</ele><time>2025-12-16T23:25:36.000Z</time><extensions><gpxtpx:TrackPointExtension><gpxtpx:bearing>166.75</gpxtpx:bearing><gpxtpx:speed>23.130587</gpxtpx:speed></gpxtpx:TrackPointExtension></extensions><geoidheight>-34.6</geoidheight><src>gps</src><sat>17</sat><hdop>0.66</hdop><vdop>0.88</vdop><pdop>1.10</pdop><dgpsid>0000</dgpsid></trkpt>
<trkpt lat="30.673037" lon="-114.7027345"><ele>18.2</ele><time>2025-12-16T23:25:47.000Z</time><extensions><gpxtpx:TrackPointExtension><gpxtpx:bearing>166.79</gpxtpx:bearing><gpxtpx:speed>23.705017</gpxtpx:speed></gpxtpx:TrackPointExtension></extensions><geoidheight>-34.6</geoidheight><src>gps</src><sat>17</sat><hdop>0.66</hdop><vdop>0.88</vdop><pdop>1.10</pdop><dgpsid>0000</dgpsid></trkpt>
<trkpt lat="30.670749999999998" lon="-114.70215466666666"><ele>18.9</ele><time>2025-12-16T23:25:58.000Z</time><extensions><gpxtpx:TrackPointExtension><gpxtpx:bearing>171.44</gpxtpx:bearing><gpxtpx:speed>23.008083</gpxtpx:speed></gpxtpx:TrackPointExtension></extensions><geoidheight>-34.6</geoidheight><src>gps</src><sat>17</sat><hdop>0.66</hdop><vdop>0.88</vdop><pdop>1.09</pdop><dgpsid>0000</dgpsid></trkpt>
<trkpt lat="30.668598166666666" lon="-114.70182533333333"><ele>18.2</ele><time>2025-12-16T23:26:09.000Z</time><extensions><gpxtpx:TrackPointExtension><gpxtpx:bearing>179.73</gpxtpx:bearing><gpxtpx:speed>20.253805</gpxtpx:speed></gpxtpx:TrackPointExtension></extensions><geoidheight>-34.6</geoidheight><src>gps</src><sat>17</sat><hdop>0.66</hdop><vdop>0.88</vdop><pdop>1.09</pdop><dgpsid>0000</dgpsid></trkpt>
<trkpt lat="30.666573166666662" lon="-114.70247733333332"><ele>16.8</ele><time>2025-12-16T23:26:20.000Z</time><extensions><gpxtpx:TrackPointExtension><gpxtpx:bearing>197.8</gpxtpx:bearing><gpxtpx:speed>22.991098</gpxtpx:speed></gpxtpx:TrackPointExtension></extensions><geoidheight>-34.6</geoidheight><src>gps</src><sat>16</sat><hdop>0.69</hdop><vdop>0.98</vdop><pdop>1.20</pdop><dgpsid>0000</dgpsid></trkpt>
<trkpt lat="30.664318499999997" lon="-114.70319050000002"><ele>16.1</ele><time>2025-12-16T23:26:31.000Z</time><extensions><gpxtpx:TrackPointExtension><gpxtpx:bearing>193.78</gpxtpx:bearing><gpxtpx:speed>24.147678</gpxtpx:speed></gpxtpx:TrackPointExtension></extensions><geoidheight>-34.6</geoidheight><src>gps</src><sat>16</sat><hdop>0.70</hdop><vdop>0.97</vdop><pdop>1.20</pdop><dgpsid>0000</dgpsid></trkpt>
<trkpt lat="30.6619995" lon="-114.70386266666668"><ele>16.3</ele><time>2025-12-16T23:26:42.000Z</time><extensions><gpxtpx:TrackPointExtension><gpxtpx:bearing>193.97</gpxtpx:bearing><gpxtpx:speed>23.35758</gpxtpx:speed></gpxtpx:TrackPointExtension></extensions><geoidheight>-34.6</geoidheight><src>gps</src><sat>15</sat><hdop>0.71</hdop><vdop>1.04</vdop><pdop>1.26</pdop><dgpsid>0000</dgpsid></trkpt>
<trkpt lat="30.659647000000003" lon="-114.7042735"><ele>17.1</ele><time>2025-12-16T23:26:53.000Z</time><extensions><gpxtpx:TrackPointExtension><gpxtpx:bearing>185.86</gpxtpx:bearing><gpxtpx:speed>25.200285</gpxtpx:speed></gpxtpx:TrackPointExtension></extensions><geoidheight>-34.6</geoidheight><src>gps</src><sat>16</sat><hdop>0.67</hdop><vdop>0.94</vdop><pdop>1.16</pdop><dgpsid>0000</dgpsid></trkpt>
<trkpt lat="30.657133833333333" lon="-114.70457933333334"><ele>17.1</ele><time>2025-12-16T23:27:04.000Z</time><extensions><gpxtpx:TrackPointExtension><gpxtpx:bearing>186.84</gpxtpx:bearing><gpxtpx:speed>25.59199</gpxtpx:speed></gpxtpx:TrackPointExtension></extensions><geoidheight>-34.6</geoidheight><src>gps</src><sat>15</sat><hdop>0.69</hdop><vdop>1.04</vdop><pdop>1.25</pdop><dgpsid>0000</dgpsid></trkpt>
<trkpt lat="30.65462266666667" lon="-114.70505383333332"><ele>17.7</ele><time>2025-12-16T23:27:15.000Z</time><extensions><gpxtpx:TrackPointExtension><gpxtpx:bearing>189.31</gpxtpx:bearing><gpxtpx:speed>24.900717</gpxtpx:speed></gpxtpx:TrackPointExtension></extensions><geoidheight>-34.6</geoidheight><src>gps</src><sat>16</sat><hdop>0.69</hdop><vdop>1.04</vdop><pdop>1.25</pdop><dgpsid>0000</dgpsid></trkpt>
<trkpt lat="30.652309" lon="-114.70545283333334"><ele>18.8</ele><time>2025-12-16T23:27:26.000Z</time><extensions><gpxtpx:TrackPointExtension><gpxtpx:bearing>184.38</gpxtpx:bearing><gpxtpx:speed>23.309196</gpxtpx:speed></gpxtpx:TrackPointExtension></extensions><geoidheight>-34.6</geoidheight><src>gps</src><sat>15</sat><hdop>0.68</hdop><vdop>0.97</vdop><pdop>1.18</pdop><dgpsid>0000</dgpsid></trkpt>
<trkpt lat="30.6499175" lon="-114.70560666666667"><ele>18.8</ele><time>2025-12-16T23:27:37.000Z</time><extensions><gpxtpx:TrackPointExtension><gpxtpx:bearing>182.57</gpxtpx:bearing><gpxtpx:speed>24.85851</gpxtpx:speed></gpxtpx:TrackPointExtension></extensions><geoidheight>-34.7</geoidheight><src>gps</src><sat>14</sat><hdop>0.76</hdop><vdop>1.06</vdop><pdop>1.31</pdop><dgpsid>0000</dgpsid></trkpt>
<trkpt lat="30.647502166666662" lon="-114.7057435"><ele>16.0</ele><time>2025-12-16T23:27:48.000Z</time><extensions><gpxtpx:TrackPointExtension><gpxtpx:bearing>182.6</gpxtpx:bearing><gpxtpx:speed>24.693798</gpxtpx:speed></gpxtpx:TrackPointExtension></extensions><geoidheight>-34.7</geoidheight><src>gps</src><sat>16</sat><hdop>0.67</hdop><vdop>0.94</vdop><pdop>1.16</pdop><dgpsid>0000</dgpsid></trkpt>
<trkpt lat="30.64505266666667" lon="-114.70588016666667"><ele>15.7</ele><time>2025-12-16T23:27:59.000Z</time><extensions><gpxtpx:TrackPointExtension><gpxtpx:bearing>182.32</gpxtpx:bearing><gpxtpx:speed>24.617105</gpxtpx:speed></gpxtpx:TrackPointExtension></extensions><geoidheight>-34.7</geoidheight><src>gps</src><sat>16</sat><hdop>0.67</hdop><vdop>0.94</vdop><pdop>1.16</pdop><dgpsid>0000</dgpsid></trkpt>
<trkpt lat="30.642600333333334" lon="-114.7059535"><ele>15.1</ele><time>2025-12-16T23:28:10.000Z</time><extensions><gpxtpx:TrackPointExtension><gpxtpx:bearing>179.67</gpxtpx:bearing><gpxtpx:speed>24.819391</gpxtpx:speed></gpxtpx:TrackPointExtension></extensions><geoidheight>-34.7</geoidheight><src>gps</src><sat>16</sat><hdop>0.67</hdop><vdop>0.94</vdop><pdop>1.15</pdop><dgpsid>0000</dgpsid></trkpt>
<trkpt lat="30.6402365" lon="-114.70601933333334"><ele>13.4</ele><time>2025-12-16T23:28:21.000Z</time><extensions><gpxtpx:TrackPointExtension><gpxtpx:bearing>187.55</gpxtpx:bearing><gpxtpx:speed>23.070879</gpxtpx:speed></gpxtpx:TrackPointExtension></extensions><geoidheight>-34.7</geoidheight><src>gps</src><sat>16</sat><hdop>0.67</hdop><vdop>0.94</vdop><pdop>1.15</pdop><dgpsid>0000</dgpsid></trkpt>
<trkpt lat="30.637902666666665" lon="-114.70647716666666"><ele>14.9</ele><time>2025-12-16T23:28:32.000Z</time><extensions><gpxtpx:TrackPointExtension><gpxtpx:bearing>189.5</gpxtpx:bearing><gpxtpx:speed>23.415228</gpxtpx:speed></gpxtpx:TrackPointExtension></extensions><geoidheight>-34.7</geoidheight><src>gps</src><sat>14</sat><hdop>0.76</hdop><vdop>1.34</vdop><pdop>1.53</pdop><dgpsid>0000</dgpsid></trkpt>
<trkpt lat="30.635924833333334" lon="-114.70660266666667"><ele>15.5</ele><time>2025-12-16T23:28:43.000Z</time><extensions><gpxtpx:TrackPointExtension><gpxtpx:bearing>163.48</gpxtpx:bearing><gpxtpx:speed>18.726624</gpxtpx:speed></gpxtpx:TrackPointExtension></extensions><geoidheight>-34.7</geoidheight><src>gps</src><sat>15</sat><hdop>0.69</hdop><vdop>1.04</vdop><pdop>1.25</pdop><dgpsid>0000</dgpsid></trkpt>
<trkpt lat="30.6343075" lon="-114.70518616666668"><ele>16.0</ele><time>2025-12-16T23:28:54.000Z</time><extensions><gpxtpx:TrackPointExtension><gpxtpx:bearing>138.02</gpxtpx:bearing><gpxtpx:speed>21.723337</gpxtpx:speed></gpxtpx:TrackPointExtension></extensions><geoidheight>-34.7</geoidheight><src>gps</src><sat>16</sat><hdop>0.67</hdop><vdop>0.94</vdop><pdop>1.15</pdop><dgpsid>0000</dgpsid></trkpt>
<trkpt lat="30.632519333333335" lon="-114.70395349999998"><ele>15.2</ele><time>2025-12-16T23:29:05.000Z</time><extensions><gpxtpx:TrackPointExtension><gpxtpx:bearing>164.48</gpxtpx:bearing><gpxtpx:speed>22.403284</gpxtpx:speed></gpxtpx:TrackPointExtension></extensions><geoidheight>-34.7</geoidheight><src>gps</src><sat>16</sat><hdop>0.67</hdop><vdop>0.94</vdop><pdop>1.15</pdop><dgpsid>0000</dgpsid></trkpt>
<trkpt lat="30.630221" lon="-114.70337166666668"><ele>13.8</ele><time>2025-12-16T23:29:16.000Z</time><extensions><gpxtpx:TrackPointExtension><gpxtpx:bearing>167.57</gpxtpx:bearing><gpxtpx:speed>24.487394</gpxtpx:speed></gpxtpx:TrackPointExtension></extensions><geoidheight>-34.7</geoidheight><src>gps</src><sat>16</sat><hdop>0.67</hdop><vdop>0.94</vdop><pdop>1.15</pdop><dgpsid>0000</dgpsid></trkpt>
<trkpt lat="30.627803000000004" lon="-114.7027725"><ele>13.7</ele><time>2025-12-16T23:29:27.000Z</time><extensions><gpxtpx:TrackPointExtension><gpxtpx:bearing>167.7</gpxtpx:bearing><gpxtpx:speed>25.22705</gpxtpx:speed></gpxtpx:TrackPointExtension></extensions><geoidheight>-34.7</geoidheight><src>gps</src><sat>16</sat><hdop>0.67</hdop><vdop>0.93</vdop><pdop>1.15</pdop><dgpsid>0000</dgpsid></trkpt>
<trkpt lat="30.625348500000005" lon="-114.7021675"><ele>14.5</ele><time>2025-12-16T23:29:38.000Z</time><extensions><gpxtpx:TrackPointExtension><gpxtpx:bearing>168.02</gpxtpx:bearing><gpxtpx:speed>25.257935</gpxtpx:speed></gpxtpx:TrackPointExtension></extensions><geoidheight>-34.7</geoidheight><src>gps</src><sat>16</sat><hdop>0.67</hdop><vdop>0.93</vdop><pdop>1.15</pdop><dgpsid>0000</dgpsid></trkpt>
<trkpt lat="30.62299833333333" lon="-114.70154083333334"><ele>17.0</ele><time>2025-12-16T23:29:49.000Z</time><extensions><gpxtpx:TrackPointExtension><gpxtpx:bearing>162.12</gpxtpx:bearing><gpxtpx:speed>24.62843</gpxtpx:speed></gpxtpx:TrackPointExtension></extensions><geoidheight>-34.7</geoidheight><src>gps</src><sat>16</sat><hdop>0.67</hdop><vdop>0.93</vdop><pdop>1.15</pdop><dgpsid>0000</dgpsid></trkpt>
<trkpt lat="30.620659" lon="-114.70058249999998"><ele>16.9</ele><time>2025-12-16T23:30:00.000Z</time><extensions><gpxtpx:TrackPointExtension><gpxtpx:bearing>160.17</gpxtpx:bearing><gpxtpx:speed>24.309301</gpxtpx:speed></gpxtpx:TrackPointExtension></extensions><geoidheight>-34.7</geoidheight><src>gps</src><sat>16</sat><hdop>0.67</hdop><vdop>0.93</vdop><pdop>1.15</pdop><dgpsid>0000</dgpsid></trkpt>
<trkpt lat="30.618453999999996" lon="-114.69966000000001"><ele>16.6</ele><time>2025-12-16T23:30:11.000Z</time><extensions><gpxtpx:TrackPointExtension><gpxtpx:bearing>160.43</gpxtpx:bearing><gpxtpx:speed>23.09816</gpxtpx:speed></gpxtpx:TrackPointExtension></extensions><geoidheight>-34.7</geoidheight><src>gps</src><sat>16</sat><hdop>0.64</hdop><vdop>0.88</vdop><pdop>1.09</pdop><dgpsid>0000</dgpsid></trkpt>
<trkpt lat="30.616322" lon="-114.69877999999999"><ele>16.8</ele><time>2025-12-16T23:30:22.000Z</time><extensions><gpxtpx:TrackPointExtension><gpxtpx:bearing>162.57</gpxtpx:bearing><gpxtpx:speed>22.577261</gpxtpx:speed></gpxtpx:TrackPointExtension></extensions><geoidheight>-34.7</geoidheight><src>gps</src><sat>16</sat><hdop>0.64</hdop><vdop>0.88</vdop><pdop>1.09</pdop><dgpsid>0000</dgpsid></trkpt>
<trkpt lat="30.614066" lon="-114.69810633333333"><ele>17.8</ele><time>2025-12-16T23:30:33.000Z</time><extensions><gpxtpx:TrackPointExtension><gpxtpx:bearing>165.75</gpxtpx:bearing><gpxtpx:speed>24.197092</gpxtpx:speed></gpxtpx:TrackPointExtension></extensions><geoidheight>-34.7</geoidheight><src>gps</src><sat>16</sat><hdop>0.64</hdop><vdop>0.88</vdop><pdop>1.09</pdop><dgpsid>0000</dgpsid></trkpt>
<trkpt lat="30.611665166666665" lon="-114.69741733333333"><ele>19.6</ele><time>2025-12-16T23:30:44.000Z</time><extensions><gpxtpx:TrackPointExtension><gpxtpx:bearing>165.84</gpxtpx:bearing><gpxtpx:speed>25.253302</gpxtpx:speed></gpxtpx:TrackPointExtension></extensions><geoidheight>-34.7</geoidheight><src>gps</src><sat>16</sat><hdop>0.64</hdop><vdop>0.88</vdop><pdop>1.09</pdop><dgpsid>0000</dgpsid></trkpt>
<trkpt lat="30.60924733333333" lon="-114.69680600000001"><ele>21.9</ele><time>2025-12-16T23:30:55.000Z</time><extensions><gpxtpx:TrackPointExtension><gpxtpx:bearing>168.01</gpxtpx:bearing><gpxtpx:speed>25.077267</gpxtpx:speed></gpxtpx:TrackPointExtension></extensions><geoidheight>-34.7</geoidheight><src>gps</src><sat>16</sat><hdop>0.64</hdop><vdop>0.88</vdop><pdop>1.09</pdop><dgpsid>0000</dgpsid></trkpt>
<trkpt lat="30.606855333333336" lon="-114.69622183333334"><ele>25.8</ele><time>2025-12-16T23:31:06.000Z</time><extensions><gpxtpx:TrackPointExtension><gpxtpx:bearing>168.06</gpxtpx:bearing><gpxtpx:speed>24.211504</gpxtpx:speed></gpxtpx:TrackPointExtension></extensions><geoidheight>-34.7</geoidheight><src>gps</src><sat>16</sat><hdop>0.64</hdop><vdop>0.88</vdop><pdop>1.09</pdop><dgpsid>0000</dgpsid></trkpt>
<trkpt lat="30.604512833333334" lon="-114.69545416666666"><ele>28.2</ele><time>2025-12-16T23:31:17.000Z</time><extensions><gpxtpx:TrackPointExtension><gpxtpx:bearing>162.35</gpxtpx:bearing><gpxtpx:speed>24.783875</gpxtpx:speed></gpxtpx:TrackPointExtension></extensions><geoidheight>-34.7</geoidheight><src>gps</src><sat>16</sat><hdop>0.64</hdop><vdop>0.88</vdop><pdop>1.09</pdop><dgpsid>0000</dgpsid></trkpt>
<trkpt lat="30.602214333333336" lon="-114.69446583333333"><ele>30.1</ele><time>2025-12-16T23:31:28.000Z</time><extensions><gpxtpx:TrackPointExtension><gpxtpx:bearing>150.86</gpxtpx:bearing><gpxtpx:speed>24.791595</gpxtpx:speed></gpxtpx:TrackPointExtension></extensions><geoidheight>-34.7</geoidheight><src>gps</src><sat>16</sat><hdop>0.64</hdop><vdop>0.88</vdop><pdop>1.09</pdop><dgpsid>0000</dgpsid></trkpt>
<trkpt lat="30.60007033333333" lon="-114.69304816666666"><ele>28.8</ele><time>2025-12-16T23:31:39.000Z</time><extensions><gpxtpx:TrackPointExtension><gpxtpx:bearing>150.54</gpxtpx:bearing><gpxtpx:speed>25.035574</gpxtpx:speed></gpxtpx:TrackPointExtension></extensions><geoidheight>-34.7</geoidheight><src>gps</src><sat>16</sat><hdop>0.64</hdop><vdop>0.88</vdop><pdop>1.09</pdop><dgpsid>0000</dgpsid></trkpt>
<trkpt lat="30.59789333333333" lon="-114.69160949999998"><ele>28.4</ele><time>2025-12-16T23:31:50.000Z</time><extensions><gpxtpx:TrackPointExtension><gpxtpx:bearing>150.13</gpxtpx:bearing><gpxtpx:speed>25.548237</gpxtpx:speed></gpxtpx:TrackPointExtension></extensions><geoidheight>-34.7</geoidheight><src>gps</src><sat>16</sat><hdop>0.64</hdop><vdop>0.88</vdop><pdop>1.09</pdop><dgpsid>0000</dgpsid></trkpt>
<trkpt lat="30.595731166666663" lon="-114.69018249999999"><ele>29.1</ele><time>2025-12-16T23:32:01.000Z</time><extensions><gpxtpx:TrackPointExtension><gpxtpx:bearing>151.23</gpxtpx:bearing><gpxtpx:speed>24.464233</gpxtpx:speed></gpxtpx:TrackPointExtension></extensions><geoidheight>-34.7</geoidheight><src>gps</src><sat>16</sat><hdop>0.68</hdop><vdop>0.88</vdop><pdop>1.12</pdop><dgpsid>0000</dgpsid></trkpt>
<trkpt lat="30.59388066666667" lon="-114.68879083333334"><ele>28.6</ele><time>2025-12-16T23:32:12.000Z</time><extensions><gpxtpx:TrackPointExtension><gpxtpx:bearing>132.9</gpxtpx:bearing><gpxtpx:speed>20.42109</gpxtpx:speed></gpxtpx:TrackPointExtension></extensions><geoidheight>-34.7</geoidheight><src>gps</src><sat>17</sat><hdop>0.64</hdop><vdop>0.88</vdop><pdop>1.09</pdop><dgpsid>0000</dgpsid></trkpt>
<trkpt lat="30.59259066666667" lon="-114.68701666666666"><ele>27.1</ele><time>2025-12-16T23:32:23.000Z</time><extensions><gpxtpx:TrackPointExtension><gpxtpx:bearing>129.58</gpxtpx:bearing><gpxtpx:speed>19.50334</gpxtpx:speed></gpxtpx:TrackPointExtension></extensions><geoidheight>-34.7</geoidheight><src>gps</src><sat>16</sat><hdop>0.65</hdop><vdop>0.95</vdop><pdop>1.15</pdop><dgpsid>0000</dgpsid></trkpt>
<trkpt lat="30.591453666666666" lon="-114.68558816666668"><ele>26.8</ele><time>2025-12-16T23:32:34.000Z</time><extensions><gpxtpx:TrackPointExtension><gpxtpx:bearing>150.1</gpxtpx:bearing><gpxtpx:speed>13.528444</gpxtpx:speed></gpxtpx:TrackPointExtension></extensions><geoidheight>-34.7</geoidheight><src>gps</src><sat>16</sat><hdop>0.70</hdop><vdop>0.96</vdop><pdop>1.19</pdop><dgpsid>0000</dgpsid></trkpt>
<trkpt lat="30.590085166666668" lon="-114.68575533333333"><ele>29.6</ele><time>2025-12-16T23:32:45.000Z</time><extensions><gpxtpx:TrackPointExtension><gpxtpx:bearing>199.27</gpxtpx:bearing><gpxtpx:speed>15.581157</gpxtpx:speed></gpxtpx:TrackPointExtension></extensions><geoidheight>-34.7</geoidheight><src>gps</src><sat>16</sat><hdop>0.67</hdop><vdop>0.98</vdop><pdop>1.19</pdop><dgpsid>0000</dgpsid></trkpt>
<trkpt lat="30.588681833333332" lon="-114.6863105"><ele>30.6</ele><time>2025-12-16T23:32:56.000Z</time><extensions><gpxtpx:TrackPointExtension><gpxtpx:bearing>191.5</gpxtpx:bearing><gpxtpx:speed>14.03699</gpxtpx:speed></gpxtpx:TrackPointExtension></extensions><geoidheight>-34.7</geoidheight><src>gps</src><sat>15</sat><hdop>0.73</hdop><vdop>1.20</vdop><pdop>1.40</pdop><dgpsid>0000</dgpsid></trkpt>
<trkpt lat="30.587146" lon="-114.68571783333333"><ele>30.9</ele><time>2025-12-16T23:33:07.000Z</time><extensions><gpxtpx:TrackPointExtension><gpxtpx:bearing>153.49</gpxtpx:bearing><gpxtpx:speed>18.998398</gpxtpx:speed></gpxtpx:TrackPointExtension></extensions><geoidheight>-34.7</geoidheight><src>gps</src><sat>16</sat><hdop>0.64</hdop><vdop>0.88</vdop><pdop>1.09</pdop><dgpsid>0000</dgpsid></trkpt>
<trkpt lat="30.58546983333333" lon="-114.68459716666666"><ele>33.7</ele><time>2025-12-16T23:33:18.000Z</time><extensions><gpxtpx:TrackPointExtension><gpxtpx:bearing>144.55</gpxtpx:bearing><gpxtpx:speed>19.89453</gpxtpx:speed></gpxtpx:TrackPointExtension></extensions><geoidheight>-34.7</geoidheight><src>gps</src><sat>17</sat><hdop>0.65</hdop><vdop>0.89</vdop><pdop>1.10</pdop><dgpsid>0000</dgpsid></trkpt>
<trkpt lat="30.583777833333336" lon="-114.68322383333334"><ele>34.3</ele><time>2025-12-16T23:33:29.000Z</time><extensions><gpxtpx:TrackPointExtension><gpxtpx:bearing>144.78</gpxtpx:bearing><gpxtpx:speed>22.257103</gpxtpx:speed></gpxtpx:TrackPointExtension></extensions><geoidheight>-34.7</geoidheight><src>gps</src><sat>17</sat><hdop>0.64</hdop><vdop>0.88</vdop><pdop>1.09</pdop><dgpsid>0000</dgpsid></trkpt>
<trkpt lat="30.5818695" lon="-114.68166649999999"><ele>34.5</ele><time>2025-12-16T23:33:40.000Z</time><extensions><gpxtpx:TrackPointExtension><gpxtpx:bearing>144.76</gpxtpx:bearing><gpxtpx:speed>24.144075</gpxtpx:speed></gpxtpx:TrackPointExtension></extensions><geoidheight>-34.7</geoidheight><src>gps</src><sat>17</sat><hdop>0.66</hdop><vdop>0.91</vdop><pdop>1.12</pdop><dgpsid>0000</dgpsid></trkpt>
<trkpt lat="30.5798955" lon="-114.68004066666666"><ele>34.0</ele><time>2025-12-16T23:33:51.000Z</time><extensions><gpxtpx:TrackPointExtension><gpxtpx:bearing>144.78</gpxtpx:bearing><gpxtpx:speed>24.751448</gpxtpx:speed></gpxtpx:TrackPointExtension></extensions><geoidheight>-34.7</geoidheight><src>gps</src><sat>16</sat><hdop>0.65</hdop><vdop>0.89</vdop><pdop>1.10</pdop><dgpsid>0000</dgpsid></trkpt>
<trkpt lat="30.577894833333335" lon="-114.67842333333334"><ele>32.4</ele><time>2025-12-16T23:34:02.000Z</time><extensions><gpxtpx:TrackPointExtension><gpxtpx:bearing>147.44</gpxtpx:bearing><gpxtpx:speed>23.971128</gpxtpx:speed></gpxtpx:TrackPointExtension></extensions><geoidheight>-34.7</geoidheight><src>gps</src><sat>16</sat><hdop>0.65</hdop><vdop>0.89</vdop><pdop>1.10</pdop><dgpsid>0000</dgpsid></trkpt>
<trkpt lat="30.575837" lon="-114.67740466666667"><ele>32.4</ele><time>2025-12-16T23:34:13.000Z</time><extensions><gpxtpx:TrackPointExtension><gpxtpx:bearing>159.53</gpxtpx:bearing><gpxtpx:speed>21.099493</gpxtpx:speed></gpxtpx:TrackPointExtension></extensions><geoidheight>-34.7</geoidheight><src>gps</src><sat>16</sat><hdop>0.64</hdop><vdop>0.88</vdop><pdop>1.08</pdop><dgpsid>0000</dgpsid></trkpt>
<trkpt lat="30.574116000000004" lon="-114.67775099999999"><ele>32.9</ele><time>2025-12-16T23:34:24.000Z</time><extensions><gpxtpx:TrackPointExtension><gpxtpx:bearing>203.64</gpxtpx:bearing><gpxtpx:speed>19.345835</gpxtpx:speed></gpxtpx:TrackPointExtension></extensions><geoidheight>-34.7</geoidheight><src>gps</src><sat>16</sat><hdop>0.73</hdop><vdop>1.20</vdop><pdop>1.40</pdop><dgpsid>0000</dgpsid></trkpt>
<trkpt lat="30.572181999999998" lon="-114.67872316666666"><ele>34.7</ele><time>2025-12-16T23:34:35.000Z</time><extensions><gpxtpx:TrackPointExtension><gpxtpx:bearing>203.46</gpxtpx:bearing><gpxtpx:speed>22.7919</gpxtpx:speed></gpxtpx:TrackPointExtension></extensions><geoidheight>-34.7</geoidheight><src>gps</src><sat>15</sat><hdop>0.73</hdop><vdop>1.20</vdop><pdop>1.40</pdop><dgpsid>0000</dgpsid></trkpt>
<trkpt lat="30.56998716666667" lon="-114.67983199999999"><ele>37.8</ele><time>2025-12-16T23:34:46.000Z</time><extensions><gpxtpx:TrackPointExtension><gpxtpx:bearing>204.05</gpxtpx:bearing><gpxtpx:speed>25.196682</gpxtpx:speed></gpxtpx:TrackPointExtension></extensions><geoidheight>-34.7</geoidheight><src>gps</src><sat>15</sat><hdop>0.73</hdop><vdop>1.20</vdop><pdop>1.40</pdop><dgpsid>0000</dgpsid></trkpt>
<trkpt lat="30.567618833333334" lon="-114.68101966666667"><ele>40.4</ele><time>2025-12-16T23:34:57.000Z</time><extensions><gpxtpx:TrackPointExtension><gpxtpx:bearing>203.46</gpxtpx:bearing><gpxtpx:speed>26.755775</gpxtpx:speed></gpxtpx:TrackPointExtension></extensions><geoidheight>-34.7</geoidheight><src>gps</src><sat>16</sat><hdop>0.71</hdop><vdop>1.09</vdop><pdop>1.30</pdop><dgpsid>0000</dgpsid></trkpt>
<trkpt lat="30.565119666666668" lon="-114.68227533333332"><ele>43.2</ele><time>2025-12-16T23:35:08.000Z</time><extensions><gpxtpx:TrackPointExtension><gpxtpx:bearing>203.56</gpxtpx:bearing><gpxtpx:speed>27.893827</gpxtpx:speed></gpxtpx:TrackPointExtension></extensions><geoidheight>-34.8</geoidheight><src>gps</src><sat>16</sat><hdop>0.71</hdop><vdop>1.09</vdop><pdop>1.30</pdop><dgpsid>0000</dgpsid></trkpt>
<trkpt lat="30.562508166666664" lon="-114.6836095"><ele>44.8</ele><time>2025-12-16T23:35:19.000Z</time><extensions><gpxtpx:TrackPointExtension><gpxtpx:bearing>203.91</gpxtpx:bearing><gpxtpx:speed>29.200191</gpxtpx:speed></gpxtpx:TrackPointExtension></extensions><geoidheight>-34.8</geoidheight><src>gps</src><sat>16</sat><hdop>0.71</hdop><vdop>1.09</vdop><pdop>1.30</pdop><dgpsid>0000</dgpsid></trkpt>
<trkpt lat="30.559910833333333" lon="-114.68493349999999"><ele>53.3</ele><time>2025-12-16T23:35:30.000Z</time><extensions><gpxtpx:TrackPointExtension><gpxtpx:bearing>203.4</gpxtpx:bearing><gpxtpx:speed>28.090965</gpxtpx:speed></gpxtpx:TrackPointExtension></extensions><geoidheight>-34.8</geoidheight><src>gps</src><sat>16</sat><hdop>0.71</hdop><vdop>1.10</vdop><pdop>1.31</pdop><dgpsid>0000</dgpsid></trkpt>
<trkpt lat="30.557351666666666" lon="-114.68621"><ele>60.4</ele><time>2025-12-16T23:35:41.000Z</time><extensions><gpxtpx:TrackPointExtension><gpxtpx:bearing>203.05</gpxtpx:bearing><gpxtpx:speed>28.055964</gpxtpx:speed></gpxtpx:TrackPointExtension></extensions><geoidheight>-34.8</geoidheight><src>gps</src><sat>16</sat><hdop>0.71</hdop><vdop>1.10</vdop><pdop>1.31</pdop><dgpsid>0000</dgpsid></trkpt>
<trkpt lat="30.554788666666663" lon="-114.68750966666667"><ele>67.3</ele><time>2025-12-16T23:35:52.000Z</time><extensions><gpxtpx:TrackPointExtension><gpxtpx:bearing>203.25</gpxtpx:bearing><gpxtpx:speed>28.3509</gpxtpx:speed></gpxtpx:TrackPointExtension></extensions><geoidheight>-34.8</geoidheight><src>gps</src><sat>15</sat><hdop>0.71</hdop><vdop>1.10</vdop><pdop>1.31</pdop><dgpsid>0000</dgpsid></trkpt>
<trkpt lat="30.552232000000004" lon="-114.6888055"><ele>75.0</ele><time>2025-12-16T23:36:03.000Z</time><extensions><gpxtpx:TrackPointExtension><gpxtpx:bearing>203.78</gpxtpx:bearing><gpxtpx:speed>28.02714</gpxtpx:speed></gpxtpx:TrackPointExtension></extensions><geoidheight>-34.8</geoidheight><src>gps</src><sat>16</sat><hdop>0.71</hdop><vdop>1.10</vdop><pdop>1.31</pdop><dgpsid>0000</dgpsid></trkpt>
<trkpt lat="30.549690833333337" lon="-114.69009633333332"><ele>82.2</ele><time>2025-12-16T23:36:14.000Z</time><extensions><gpxtpx:TrackPointExtension><gpxtpx:bearing>203.63</gpxtpx:bearing><gpxtpx:speed>28.07192</gpxtpx:speed></gpxtpx:TrackPointExtension></extensions><geoidheight>-34.8</geoidheight><src>gps</src><sat>16</sat><hdop>0.71</hdop><vdop>1.10</vdop><pdop>1.31</pdop><dgpsid>0000</dgpsid></trkpt>
<trkpt lat="30.5471705" lon="-114.69137299999998"><ele>89.8</ele><time>2025-12-16T23:36:25.000Z</time><extensions><gpxtpx:TrackPointExtension><gpxtpx:bearing>203.56</gpxtpx:bearing><gpxtpx:speed>27.662716</gpxtpx:speed></gpxtpx:TrackPointExtension></extensions><geoidheight>-34.8</geoidheight><src>gps</src><sat>16</sat><hdop>0.71</hdop><vdop>1.10</vdop><pdop>1.31</pdop><dgpsid>0000</dgpsid></trkpt>
<trkpt lat="30.5446305" lon="-114.69264833333334"><ele>93.0</ele><time>2025-12-16T23:36:36.000Z</time><extensions><gpxtpx:TrackPointExtension><gpxtpx:bearing>203.48</gpxtpx:bearing><gpxtpx:speed>28.039494</gpxtpx:speed></gpxtpx:TrackPointExtension></extensions><geoidheight>-34.8</geoidheight><src>gps</src><sat>16</sat><hdop>0.71</hdop><vdop>1.10</vdop><pdop>1.31</pdop><dgpsid>0000</dgpsid></trkpt>
<trkpt lat="30.5421065" lon="-114.69392616666667"><ele>95.5</ele><time>2025-12-16T23:36:47.000Z</time><extensions><gpxtpx:TrackPointExtension><gpxtpx:bearing>204.25</gpxtpx:bearing><gpxtpx:speed>27.369326</gpxtpx:speed></gpxtpx:TrackPointExtension></extensions><geoidheight>-34.8</geoidheight><src>gps</src><sat>16</sat><hdop>0.71</hdop><vdop>1.10</vdop><pdop>1.31</pdop><dgpsid>0000</dgpsid></trkpt>
<trkpt lat="30.539812833333333" lon="-114.69508849999998"><ele>108.9</ele><time>2025-12-16T23:36:58.000Z</time><extensions><gpxtpx:TrackPointExtension><gpxtpx:bearing>203.15</gpxtpx:bearing><gpxtpx:speed>22.124306</gpxtpx:speed></gpxtpx:TrackPointExtension></extensions><geoidheight>-34.8</geoidheight><src>gps</src><sat>13</sat><hdop>0.78</hdop><vdop>1.26</vdop><pdop>1.48</pdop><dgpsid>0000</dgpsid></trkpt>
<trkpt lat="30.538121166666663" lon="-114.69557866666668"><ele>114.2</ele><time>2025-12-16T23:37:09.000Z</time><extensions><gpxtpx:TrackPointExtension><gpxtpx:bearing>171.8</gpxtpx:bearing><gpxtpx:speed>17.04966</gpxtpx:speed></gpxtpx:TrackPointExtension></extensions><geoidheight>-34.8</geoidheight><src>gps</src><sat>15</sat><hdop>0.75</hdop><vdop>1.21</vdop><pdop>1.42</pdop><dgpsid>0000</dgpsid></trkpt>
<trkpt lat="30.53634083333333" lon="-114.694919"><ele>110.3</ele><time>2025-12-16T23:37:20.000Z</time><extensions><gpxtpx:TrackPointExtension><gpxtpx:bearing>171.82</gpxtpx:bearing><gpxtpx:speed>20.377338</gpxtpx:speed></gpxtpx:TrackPointExtension></extensions><geoidheight>-34.8</geoidheight><src>gps</src><sat>16</sat><hdop>0.71</hdop><vdop>0.85</vdop><pdop>1.11</pdop><dgpsid>0000</dgpsid></trkpt>
<trkpt lat="30.534212000000004" lon="-114.69469883333335"><ele>112.0</ele><time>2025-12-16T23:37:31.000Z</time><extensions><gpxtpx:TrackPointExtension><gpxtpx:bearing>175.29</gpxtpx:bearing><gpxtpx:speed>21.00324</gpxtpx:speed></gpxtpx:TrackPointExtension></extensions><geoidheight>-34.8</geoidheight><src>gps</src><sat>16</sat><hdop>0.78</hdop><vdop>1.26</vdop><pdop>1.49</pdop><dgpsid>0000</dgpsid></trkpt>
<trkpt lat="30.532332333333336" lon="-114.69449699999998"><ele>115.7</ele><time>2025-12-16T23:37:42.000Z</time><extensions><gpxtpx:TrackPointExtension><gpxtpx:bearing>167.76</gpxtpx:bearing><gpxtpx:speed>15.136951</gpxtpx:speed></gpxtpx:TrackPointExtension></extensions><geoidheight>-34.8</geoidheight><src>gps</src><sat>17</sat><hdop>0.68</hdop><vdop>0.93</vdop><pdop>1.15</pdop><dgpsid>0000</dgpsid></trkpt>
<trkpt lat="30.531265666666666" lon="-114.69310816666666"><ele>114.4</ele><time>2025-12-16T23:37:53.000Z</time><extensions><gpxtpx:TrackPointExtension><gpxtpx:bearing>122.15</gpxtpx:bearing><gpxtpx:speed>19.139946</gpxtpx:speed></gpxtpx:TrackPointExtension></extensions><geoidheight>-34.8</geoidheight><src>gps</src><sat>17</sat><hdop>0.66</hdop><vdop>0.83</vdop><pdop>1.06</pdop><dgpsid>0000</dgpsid></trkpt>
<trkpt lat="30.530236833333333" lon="-114.69124433333333"><ele>109.6</ele><time>2025-12-16T23:38:04.000Z</time><extensions><gpxtpx:TrackPointExtension><gpxtpx:bearing>122.46</gpxtpx:bearing><gpxtpx:speed>19.205315</gpxtpx:speed></gpxtpx:TrackPointExtension></extensions><geoidheight>-34.8</geoidheight><src>gps</src><sat>17</sat><hdop>0.66</hdop><vdop>0.82</vdop><pdop>1.05</pdop><dgpsid>0000</dgpsid></trkpt>
<trkpt lat="30.529186666666668" lon="-114.68988383333333"><ele>103.7</ele><time>2025-12-16T23:38:15.000Z</time><extensions><gpxtpx:TrackPointExtension><gpxtpx:bearing>159.01</gpxtpx:bearing><gpxtpx:speed>15.02783</gpxtpx:speed></gpxtpx:TrackPointExtension></extensions><geoidheight>-34.8</geoidheight><src>gps</src><sat>16</sat><hdop>0.66</hdop><vdop>0.80</vdop><pdop>1.04</pdop><dgpsid>0000</dgpsid></trkpt>
<trkpt lat="30.527691833333332" lon="-114.68923033333334"><ele>97.6</ele><time>2025-12-16T23:38:26.000Z</time><extensions><gpxtpx:TrackPointExtension><gpxtpx:bearing>148.17</gpxtpx:bearing><gpxtpx:speed>13.651978</gpxtpx:speed></gpxtpx:TrackPointExtension></extensions><geoidheight>-34.8</geoidheight><src>gps</src><sat>14</sat><hdop>0.79</hdop><vdop>1.49</vdop><pdop>1.69</pdop><dgpsid>0000</dgpsid></trkpt>
<trkpt lat="30.52667183333333" lon="-114.68790433333334"><ele>87.9</ele><time>2025-12-16T23:38:37.000Z</time><extensions><gpxtpx:TrackPointExtension><gpxtpx:bearing>142.44</gpxtpx:bearing><gpxtpx:speed>16.998701</gpxtpx:speed></gpxtpx:TrackPointExtension></extensions><geoidheight>-34.8</geoidheight><src>gps</src><sat>15</sat><hdop>0.74</hdop><vdop>1.11</vdop><pdop>1.33</pdop><dgpsid>0000</dgpsid></trkpt>
<trkpt lat="30.525194666666668" lon="-114.68745216666666"><ele>89.0</ele><time>2025-12-16T23:38:48.000Z</time><extensions><gpxtpx:TrackPointExtension><gpxtpx:bearing>155.9</gpxtpx:bearing><gpxtpx:speed>14.029783</gpxtpx:speed></gpxtpx:TrackPointExtension></extensions><geoidheight>-34.8</geoidheight><src>gps</src><sat>16</sat><hdop>0.71</hdop><vdop>1.11</vdop><pdop>1.31</pdop><dgpsid>0000</dgpsid></trkpt>
<trkpt lat="30.523847833333335" lon="-114.68632199999999"><ele>87.3</ele><time>2025-12-16T23:38:59.000Z</time><extensions><gpxtpx:TrackPointExtension><gpxtpx:bearing>143.14</gpxtpx:bearing><gpxtpx:speed>19.425617</gpxtpx:speed></gpxtpx:TrackPointExtension></extensions><geoidheight>-34.8</geoidheight><src>gps</src><sat>17</sat><hdop>0.61</hdop><vdop>0.80</vdop><pdop>1.01</pdop><dgpsid>0000</dgpsid></trkpt>
<trkpt lat="30.522357000000003" lon="-114.68492666666667"><ele>84.0</ele><time>2025-12-16T23:39:10.000Z</time><extensions><gpxtpx:TrackPointExtension><gpxtpx:bearing>129.47</gpxtpx:bearing><gpxtpx:speed>19.489443</gpxtpx:speed></gpxtpx:TrackPointExtension></extensions><geoidheight>-34.8</geoidheight><src>gps</src><sat>17</sat><hdop>0.62</hdop><vdop>0.82</vdop><pdop>1.02</pdop><dgpsid>0000</dgpsid></trkpt>
<trkpt lat="30.521254666666664" lon="-114.68296133333334"><ele>77.7</ele><time>2025-12-16T23:39:21.000Z</time><extensions><gpxtpx:TrackPointExtension><gpxtpx:bearing>122.11</gpxtpx:bearing><gpxtpx:speed>20.399471</gpxtpx:speed></gpxtpx:TrackPointExtension></extensions><geoidheight>-34.8</geoidheight><src>gps</src><sat>16</sat><hdop>0.64</hdop><vdop>0.88</vdop><pdop>1.09</pdop><dgpsid>0000</dgpsid></trkpt>
<trkpt lat="30.519849500000003" lon="-114.68121649999999"><ele>74.2</ele><time>2025-12-16T23:39:32.000Z</time><extensions><gpxtpx:TrackPointExtension><gpxtpx:bearing>138.09</gpxtpx:bearing><gpxtpx:speed>22.350782</gpxtpx:speed></gpxtpx:TrackPointExtension></extensions><geoidheight>-34.8</geoidheight><src>gps</src><sat>16</sat><hdop>0.64</hdop><vdop>0.88</vdop><pdop>1.09</pdop><dgpsid>0000</dgpsid></trkpt>
<trkpt lat="30.517896333333336" lon="-114.67956166666666"><ele>62.8</ele><time>2025-12-16T23:39:43.000Z</time><extensions><gpxtpx:TrackPointExtension><gpxtpx:bearing>146.35</gpxtpx:bearing><gpxtpx:speed>25.898249</gpxtpx:speed></gpxtpx:TrackPointExtension></extensions><geoidheight>-34.8</geoidheight><src>gps</src><sat>16</sat><hdop>0.64</hdop><vdop>0.88</vdop><pdop>1.09</pdop><dgpsid>0000</dgpsid></trkpt>
<trkpt lat="30.515774333333336" lon="-114.67791683333334"><ele>56.4</ele><time>2025-12-16T23:39:54.000Z</time><extensions><gpxtpx:TrackPointExtension><gpxtpx:bearing>146.1</gpxtpx:bearing><gpxtpx:speed>25.217785</gpxtpx:speed></gpxtpx:TrackPointExtension></extensions><geoidheight>-34.8</geoidheight><src>gps</src><sat>14</sat><hdop>0.76</hdop><vdop>1.19</vdop><pdop>1.41</pdop><dgpsid>0000</dgpsid></trkpt>
<trkpt lat="30.513738166666666" lon="-114.67633516666668"><ele>55.4</ele><time>2025-12-16T23:40:05.000Z</time><extensions><gpxtpx:TrackPointExtension><gpxtpx:bearing>145.87</gpxtpx:bearing><gpxtpx:speed>24.532175</gpxtpx:speed></gpxtpx:TrackPointExtension></extensions><geoidheight>-34.8</geoidheight><src>gps</src><sat>16</sat><hdop>0.64</hdop><vdop>0.94</vdop><pdop>1.14</pdop><dgpsid>0000</dgpsid></trkpt>
<trkpt lat="30.511789" lon="-114.674814"><ele>57.2</ele><time>2025-12-16T23:40:16.000Z</time><extensions><gpxtpx:TrackPointExtension><gpxtpx:bearing>145.38</gpxtpx:bearing><gpxtpx:speed>21.623995</gpxtpx:speed></gpxtpx:TrackPointExtension></extensions><geoidheight>-34.8</geoidheight><src>gps</src><sat>16</sat><hdop>0.67</hdop><vdop>1.02</vdop><pdop>1.22</pdop><dgpsid>0000</dgpsid></trkpt>
<trkpt lat="30.510090666666663" lon="-114.67356249999999"><ele>54.0</ele><time>2025-12-16T23:40:27.000Z</time><extensions><gpxtpx:TrackPointExtension><gpxtpx:bearing>152.99</gpxtpx:bearing><gpxtpx:speed>20.83853</gpxtpx:speed></gpxtpx:TrackPointExtension></extensions><geoidheight>-34.8</geoidheight><src>gps</src><sat>16</sat><hdop>0.64</hdop><vdop>0.94</vdop><pdop>1.14</pdop><dgpsid>0000</dgpsid></trkpt>
<trkpt lat="30.507790500000002" lon="-114.67270016666667"><ele>46.9</ele><time>2025-12-16T23:40:38.000Z</time><extensions><gpxtpx:TrackPointExtension><gpxtpx:bearing>164.12</gpxtpx:bearing><gpxtpx:speed>25.940971</gpxtpx:speed></gpxtpx:TrackPointExtension></extensions><geoidheight>-34.8</geoidheight><src>gps</src><sat>16</sat><hdop>0.64</hdop><vdop>0.88</vdop><pdop>1.09</pdop><dgpsid>0000</dgpsid></trkpt>
<trkpt lat="30.505235833333337" lon="-114.67187366666667"><ele>41.2</ele><time>2025-12-16T23:40:49.000Z</time><extensions><gpxtpx:TrackPointExtension><gpxtpx:bearing>164.7</gpxtpx:bearing><gpxtpx:speed>27.328148</gpxtpx:speed></gpxtpx:TrackPointExtension></extensions><geoidheight>-34.8</geoidheight><src>gps</src><sat>16</sat><hdop>0.64</hdop><vdop>0.88</vdop><pdop>1.09</pdop><dgpsid>0000</dgpsid></trkpt>
<trkpt lat="30.50266916666667" lon="-114.67104483333333"><ele>36.6</ele><time>2025-12-16T23:41:00.000Z</time><extensions><gpxtpx:TrackPointExtension><gpxtpx:bearing>164.24</gpxtpx:bearing><gpxtpx:speed>26.45981</gpxtpx:speed></gpxtpx:TrackPointExtension></extensions><geoidheight>-34.8</geoidheight><src>gps</src><sat>16</sat><hdop>0.64</hdop><vdop>0.88</vdop><pdop>1.09</pdop><dgpsid>0000</dgpsid></trkpt>
<trkpt lat="30.5001255" lon="-114.67022966666667"><ele>34.9</ele><time>2025-12-16T23:41:11.000Z</time><extensions><gpxtpx:TrackPointExtension><gpxtpx:bearing>164.56</gpxtpx:bearing><gpxtpx:speed>26.918943</gpxtpx:speed></gpxtpx:TrackPointExtension></extensions><geoidheight>-34.8</geoidheight><src>gps</src><sat>16</sat><hdop>0.71</hdop><vdop>1.12</vdop><pdop>1.32</pdop><dgpsid>0000</dgpsid></trkpt>
<trkpt lat="30.497510000000002" lon="-114.6693845"><ele>35.6</ele><time>2025-12-16T23:41:22.000Z</time><extensions><gpxtpx:TrackPointExtension><gpxtpx:bearing>164.41</gpxtpx:bearing><gpxtpx:speed>27.62926</gpxtpx:speed></gpxtpx:TrackPointExtension></extensions><geoidheight>-34.8</geoidheight><src>gps</src><sat>16</sat><hdop>0.70</hdop><vdop>1.12</vdop><pdop>1.32</pdop><dgpsid>0000</dgpsid></trkpt>
<trkpt lat="30.495008" lon="-114.66858916666666"><ele>36.8</ele><time>2025-12-16T23:41:33.000Z</time><extensions><gpxtpx:TrackPointExtension><gpxtpx:bearing>164.99</gpxtpx:bearing><gpxtpx:speed>25.326906</gpxtpx:speed></gpxtpx:TrackPointExtension></extensions><geoidheight>-34.8</geoidheight><src>gps</src><sat>16</sat><hdop>0.70</hdop><vdop>1.12</vdop><pdop>1.32</pdop><dgpsid>0000</dgpsid></trkpt>
<trkpt lat="30.492756333333332" lon="-114.66786616666668"><ele>36.8</ele><time>2025-12-16T23:41:44.000Z</time><extensions><gpxtpx:TrackPointExtension><gpxtpx:bearing>164.98</gpxtpx:bearing><gpxtpx:speed>23.150661</gpxtpx:speed></gpxtpx:TrackPointExtension></extensions><geoidheight>-34.8</geoidheight><src>gps</src><sat>16</sat><hdop>0.70</hdop><vdop>1.12</vdop><pdop>1.32</pdop><dgpsid>0000</dgpsid></trkpt>
<trkpt lat="30.490445833333336" lon="-114.66713933333334"><ele>37.1</ele><time>2025-12-16T23:41:55.000Z</time><extensions><gpxtpx:TrackPointExtension><gpxtpx:bearing>165.04</gpxtpx:bearing><gpxtpx:speed>24.40092</gpxtpx:speed></gpxtpx:TrackPointExtension></extensions><geoidheight>-34.9</geoidheight><src>gps</src><sat>16</sat><hdop>0.70</hdop><vdop>1.12</vdop><pdop>1.32</pdop><dgpsid>0000</dgpsid></trkpt>
<trkpt lat="30.488213499999997" lon="-114.66645533333333"><ele>38.1</ele><time>2025-12-16T23:42:06.000Z</time><extensions><gpxtpx:TrackPointExtension><gpxtpx:bearing>164.6</gpxtpx:bearing><gpxtpx:speed>22.937567</gpxtpx:speed></gpxtpx:TrackPointExtension></extensions><geoidheight>-34.9</geoidheight><src>gps</src><sat>16</sat><hdop>0.70</hdop><vdop>1.12</vdop><pdop>1.32</pdop><dgpsid>0000</dgpsid></trkpt>
<trkpt lat="30.485885999999997" lon="-114.66571133333333"><ele>37.7</ele><time>2025-12-16T23:42:17.000Z</time><extensions><gpxtpx:TrackPointExtension><gpxtpx:bearing>165.05</gpxtpx:bearing><gpxtpx:speed>25.210066</gpxtpx:speed></gpxtpx:TrackPointExtension></extensions><geoidheight>-34.9</geoidheight><src>gps</src><sat>16</sat><hdop>0.70</hdop><vdop>1.12</vdop><pdop>1.32</pdop><dgpsid>0000</dgpsid></trkpt>
<trkpt lat="30.483434666666668" lon="-114.66493700000001"><ele>35.7</ele><time>2025-12-16T23:42:28.000Z</time><extensions><gpxtpx:TrackPointExtension><gpxtpx:bearing>164.89</gpxtpx:bearing><gpxtpx:speed>25.906485</gpxtpx:speed></gpxtpx:TrackPointExtension></extensions><geoidheight>-34.9</geoidheight><src>gps</src><sat>16</sat><hdop>0.70</hdop><vdop>1.12</vdop><pdop>1.32</pdop><dgpsid>0000</dgpsid></trkpt>
<trkpt lat="30.480961" lon="-114.66414533333334"><ele>37.4</ele><time>2025-12-16T23:42:39.000Z</time><extensions><gpxtpx:TrackPointExtension><gpxtpx:bearing>164.43</gpxtpx:bearing><gpxtpx:speed>25.940971</gpxtpx:speed></gpxtpx:TrackPointExtension></extensions><geoidheight>-34.9</geoidheight><src>gps</src><sat>16</sat><hdop>0.70</hdop><vdop>1.12</vdop><pdop>1.32</pdop><dgpsid>0000</dgpsid></trkpt>
<trkpt lat="30.478494" lon="-114.66335916666667"><ele>38.4</ele><time>2025-12-16T23:42:50.000Z</time><extensions><gpxtpx:TrackPointExtension><gpxtpx:bearing>164.49</gpxtpx:bearing><gpxtpx:speed>25.873543</gpxtpx:speed></gpxtpx:TrackPointExtension></extensions><geoidheight>-34.9</geoidheight><src>gps</src><sat>16</sat><hdop>0.71</hdop><vdop>1.13</vdop><pdop>1.33</pdop><dgpsid>0000</dgpsid></trkpt>
<trkpt lat="30.476058" lon="-114.66257316666666"><ele>35.8</ele><time>2025-12-16T23:43:01.000Z</time><extensions><gpxtpx:TrackPointExtension><gpxtpx:bearing>164.57</gpxtpx:bearing><gpxtpx:speed>25.205433</gpxtpx:speed></gpxtpx:TrackPointExtension></extensions><geoidheight>-34.9</geoidheight><src>gps</src><sat>15</sat><hdop>0.71</hdop><vdop>1.13</vdop><pdop>1.33</pdop><dgpsid>0000</dgpsid></trkpt>
<trkpt lat="30.47359633333333" lon="-114.66178599999999"><ele>34.9</ele><time>2025-12-16T23:43:12.000Z</time><extensions><gpxtpx:TrackPointExtension><gpxtpx:bearing>164.67</gpxtpx:bearing><gpxtpx:speed>26.279142</gpxtpx:speed></gpxtpx:TrackPointExtension></extensions><geoidheight>-34.9</geoidheight><src>gps</src><sat>15</sat><hdop>0.71</hdop><vdop>1.13</vdop><pdop>1.33</pdop><dgpsid>0000</dgpsid></trkpt>
<trkpt lat="30.47102333333333" lon="-114.66095249999998"><ele>32.8</ele><time>2025-12-16T23:43:23.000Z</time><extensions><gpxtpx:TrackPointExtension><gpxtpx:bearing>164.32</gpxtpx:bearing><gpxtpx:speed>27.390944</gpxtpx:speed></gpxtpx:TrackPointExtension></extensions><geoidheight>-34.9</geoidheight><src>gps</src><sat>15</sat><hdop>0.71</hdop><vdop>1.13</vdop><pdop>1.33</pdop><dgpsid>0000</dgpsid></trkpt>
<trkpt lat="30.4683355" lon="-114.66008949999998"><ele>31.9</ele><time>2025-12-16T23:43:34.000Z</time><extensions><gpxtpx:TrackPointExtension><gpxtpx:bearing>164.62</gpxtpx:bearing><gpxtpx:speed>28.852755</gpxtpx:speed></gpxtpx:TrackPointExtension></extensions><geoidheight>-34.9</geoidheight><src>gps</src><sat>15</sat><hdop>0.71</hdop><vdop>1.13</vdop><pdop>1.33</pdop><dgpsid>0000</dgpsid></trkpt>
<trkpt lat="30.465553333333332" lon="-114.659194"><ele>30.8</ele><time>2025-12-16T23:43:45.000Z</time><extensions><gpxtpx:TrackPointExtension><gpxtpx:bearing>164.67</gpxtpx:bearing><gpxtpx:speed>29.154896</gpxtpx:speed></gpxtpx:TrackPointExtension></extensions><geoidheight>-34.9</geoidheight><src>gps</src><sat>15</sat><hdop>0.71</hdop><vdop>1.13</vdop><pdop>1.33</pdop><dgpsid>0000</dgpsid></trkpt>
<trkpt lat="30.462808166666665" lon="-114.65831333333333"><ele>29.8</ele><time>2025-12-16T23:43:56.000Z</time><extensions><gpxtpx:TrackPointExtension><gpxtpx:bearing>164.59</gpxtpx:bearing><gpxtpx:speed>28.41524</gpxtpx:speed></gpxtpx:TrackPointExtension></extensions><geoidheight>-34.9</geoidheight><src>gps</src><sat>15</sat><hdop>0.71</hdop><vdop>1.13</vdop><pdop>1.33</pdop><dgpsid>0000</dgpsid></trkpt>
<trkpt lat="30.460101333333334" lon="-114.65744016666667"><ele>26.4</ele><time>2025-12-16T23:44:07.000Z</time><extensions><gpxtpx:TrackPointExtension><gpxtpx:bearing>164.05</gpxtpx:bearing><gpxtpx:speed>28.421417</gpxtpx:speed></gpxtpx:TrackPointExtension></extensions><geoidheight>-34.9</geoidheight><src>gps</src><sat>15</sat><hdop>0.71</hdop><vdop>1.13</vdop><pdop>1.33</pdop><dgpsid>0000</dgpsid></trkpt>
<trkpt lat="30.457451999999996" lon="-114.656586"><ele>26.1</ele><time>2025-12-16T23:44:18.000Z</time><extensions><gpxtpx:TrackPointExtension><gpxtpx:bearing>164.51</gpxtpx:bearing><gpxtpx:speed>27.134096</gpxtpx:speed></gpxtpx:TrackPointExtension></extensions><geoidheight>-34.9</geoidheight><src>gps</src><sat>15</sat><hdop>0.71</hdop><vdop>1.13</vdop><pdop>1.33</pdop><dgpsid>0000</dgpsid></trkpt>
<trkpt lat="30.455047166666667" lon="-114.65580966666667"><ele>26.3</ele><time>2025-12-16T23:44:29.000Z</time><extensions><gpxtpx:TrackPointExtension><gpxtpx:bearing>164.83</gpxtpx:bearing><gpxtpx:speed>23.189266</gpxtpx:speed></gpxtpx:TrackPointExtension></extensions><geoidheight>-34.9</geoidheight><src>gps</src><sat>16</sat><hdop>0.71</hdop><vdop>1.13</vdop><pdop>1.33</pdop><dgpsid>0000</dgpsid></trkpt>
<trkpt lat="30.45301533333333" lon="-114.65516366666667"><ele>26.4</ele><time>2025-12-16T23:44:40.000Z</time><extensions><gpxtpx:TrackPointExtension><gpxtpx:bearing>164.24</gpxtpx:bearing><gpxtpx:speed>19.502825</gpxtpx:speed></gpxtpx:TrackPointExtension></extensions><geoidheight>-34.9</geoidheight><src>gps</src><sat>16</sat><hdop>0.71</hdop><vdop>1.13</vdop><pdop>1.33</pdop><dgpsid>0000</dgpsid></trkpt>
<trkpt lat="30.451297833333335" lon="-114.65461266666668"><ele>25.2</ele><time>2025-12-16T23:44:51.000Z</time><extensions><gpxtpx:TrackPointExtension><gpxtpx:bearing>164.75</gpxtpx:bearing><gpxtpx:speed>16.50045</gpxtpx:speed></gpxtpx:TrackPointExtension></extensions><geoidheight>-34.9</geoidheight><src>gps</src><sat>16</sat><hdop>0.71</hdop><vdop>1.13</vdop><pdop>1.33</pdop><dgpsid>0000</dgpsid></trkpt>
<trkpt lat="30.44983033333333" lon="-114.65414833333334"><ele>24.0</ele><time>2025-12-16T23:45:02.000Z</time><extensions><gpxtpx:TrackPointExtension><gpxtpx:bearing>164.95</gpxtpx:bearing><gpxtpx:speed>14.460607</gpxtpx:speed></gpxtpx:TrackPointExtension></extensions><geoidheight>-34.9</geoidheight><src>gps</src><sat>16</sat><hdop>0.71</hdop><vdop>1.13</vdop><pdop>1.33</pdop><dgpsid>0000</dgpsid></trkpt>
<trkpt lat="30.44878683333333" lon="-114.65381799999999"><ele>22.9</ele><time>2025-12-16T23:45:13.000Z</time><extensions><gpxtpx:TrackPointExtension><gpxtpx:bearing>163.6</gpxtpx:bearing><gpxtpx:speed>7.495385</gpxtpx:speed></gpxtpx:TrackPointExtension></extensions><geoidheight>-34.9</geoidheight><src>gps</src><sat>16</sat><hdop>0.71</hdop><vdop>1.13</vdop><pdop>1.33</pdop><dgpsid>0000</dgpsid></trkpt>
<trkpt lat="30.448331999999997" lon="-114.65356166666668"><ele>23.3</ele><time>2025-12-16T23:45:24.000Z</time><extensions><gpxtpx:TrackPointExtension><gpxtpx:bearing>140.53</gpxtpx:bearing><gpxtpx:speed>4.2938128</gpxtpx:speed></gpxtpx:TrackPointExtension></extensions><geoidheight>-34.9</geoidheight><src>gps</src><sat>16</sat><hdop>0.71</hdop><vdop>1.13</vdop><pdop>1.33</pdop><dgpsid>0000</dgpsid></trkpt>
<trkpt lat="30.447806500000002" lon="-114.65332533333334"><ele>23.5</ele><time>2025-12-16T23:45:35.000Z</time><extensions><gpxtpx:TrackPointExtension><gpxtpx:bearing>167.04</gpxtpx:bearing><gpxtpx:speed>6.891616</gpxtpx:speed></gpxtpx:TrackPointExtension></extensions><geoidheight>-34.9</geoidheight><src>gps</src><sat>16</sat><hdop>0.71</hdop><vdop>1.13</vdop><pdop>1.33</pdop><dgpsid>0000</dgpsid></trkpt>
<trkpt lat="30.447117499999997" lon="-114.65310383333332"><ele>22.4</ele><time>2025-12-16T23:45:46.000Z</time><extensions><gpxtpx:TrackPointExtension><gpxtpx:bearing>164.71</gpxtpx:bearing><gpxtpx:speed>7.3589835</gpxtpx:speed></gpxtpx:TrackPointExtension></extensions><geoidheight>-34.9</geoidheight><src>gps</src><sat>16</sat><hdop>0.70</hdop><vdop>1.12</vdop><pdop>1.32</pdop><dgpsid>0000</dgpsid></trkpt>
<trkpt lat="30.446520833333338" lon="-114.65289650000001"><ele>23.9</ele><time>2025-12-16T23:45:57.000Z</time><extensions><gpxtpx:TrackPointExtension><gpxtpx:bearing>163.59</gpxtpx:bearing><gpxtpx:speed>5.922909</gpxtpx:speed></gpxtpx:TrackPointExtension></extensions><geoidheight>-34.9</geoidheight><src>gps</src><sat>16</sat><hdop>0.70</hdop><vdop>1.12</vdop><pdop>1.32</pdop><dgpsid>0000</dgpsid></trkpt>
<trkpt lat="30.445760333333336" lon="-114.65268466666666"><ele>22.6</ele><time>2025-12-16T23:46:08.000Z</time><extensions><gpxtpx:TrackPointExtension><gpxtpx:bearing>167.11</gpxtpx:bearing><gpxtpx:speed>9.906858</gpxtpx:speed></gpxtpx:TrackPointExtension></extensions><geoidheight>-34.9</geoidheight><src>gps</src><sat>16</sat><hdop>0.70</hdop><vdop>1.12</vdop><pdop>1.32</pdop><dgpsid>0000</dgpsid></trkpt>
<trkpt lat="30.444701666666667" lon="-114.65233699999999"><ele>23.1</ele><time>2025-12-16T23:46:19.000Z</time><extensions><gpxtpx:TrackPointExtension><gpxtpx:bearing>162.68</gpxtpx:bearing><gpxtpx:speed>12.958647</gpxtpx:speed></gpxtpx:TrackPointExtension></extensions><geoidheight>-34.9</geoidheight><src>gps</src><sat>16</sat><hdop>0.70</hdop><vdop>1.13</vdop><pdop>1.32</pdop><dgpsid>0000</dgpsid></trkpt>
<trkpt lat="30.443588166666668" lon="-114.65194600000001"><ele>23.4</ele><time>2025-12-16T23:46:30.000Z</time><extensions><gpxtpx:TrackPointExtension><gpxtpx:bearing>164.52</gpxtpx:bearing><gpxtpx:speed>10.273855</gpxtpx:speed></gpxtpx:TrackPointExtension></extensions><geoidheight>-34.9</geoidheight><src>gps</src><sat>16</sat><hdop>0.70</hdop><vdop>1.13</vdop><pdop>1.33</pdop><dgpsid>0000</dgpsid></trkpt>
<trkpt lat="30.442741" lon="-114.65173316666666"><ele>24.2</ele><time>2025-12-16T23:46:41.000Z</time><extensions><gpxtpx:TrackPointExtension><gpxtpx:bearing>166.3</gpxtpx:bearing><gpxtpx:speed>8.724027</gpxtpx:speed></gpxtpx:TrackPointExtension></extensions><geoidheight>-34.9</geoidheight><src>gps</src><sat>16</sat><hdop>0.70</hdop><vdop>1.13</vdop><pdop>1.33</pdop><dgpsid>0000</dgpsid></trkpt>
<trkpt lat="30.44187883333333" lon="-114.65142750000001"><ele>23.5</ele><time>2025-12-16T23:46:52.000Z</time><extensions><gpxtpx:TrackPointExtension><gpxtpx:bearing>166.03</gpxtpx:bearing><gpxtpx:speed>9.535229</gpxtpx:speed></gpxtpx:TrackPointExtension></extensions><geoidheight>-34.9</geoidheight><src>gps</src><sat>16</sat><hdop>0.70</hdop><vdop>1.13</vdop><pdop>1.33</pdop><dgpsid>0000</dgpsid></trkpt>
<trkpt lat="30.44102816666667" lon="-114.65120950000001"><ele>25.5</ele><time>2025-12-16T23:47:03.000Z</time><extensions><gpxtpx:TrackPointExtension><gpxtpx:bearing>165.96</gpxtpx:bearing><gpxtpx:speed>7.6498017</gpxtpx:speed></gpxtpx:TrackPointExtension></extensions><geoidheight>-34.9</geoidheight><src>gps</src><sat>16</sat><hdop>0.70</hdop><vdop>1.13</vdop><pdop>1.33</pdop><dgpsid>0000</dgpsid></trkpt>
<trkpt lat="30.4404315" lon="-114.65104233333335"><ele>25.8</ele><time>2025-12-16T23:47:14.000Z</time><extensions><gpxtpx:TrackPointExtension><gpxtpx:bearing>174.55</gpxtpx:bearing><gpxtpx:speed>4.0091715</gpxtpx:speed></gpxtpx:TrackPointExtension></extensions><geoidheight>-34.9</geoidheight><src>gps</src><sat>16</sat><hdop>0.70</hdop><vdop>1.13</vdop><pdop>1.33</pdop><dgpsid>0000</dgpsid></trkpt>
<trkpt lat="30.439994166666665" lon="-114.65104649999999"><ele>25.6</ele><time>2025-12-16T23:47:25.000Z</time><extensions><gpxtpx:TrackPointExtension><gpxtpx:bearing>168.24</gpxtpx:bearing><gpxtpx:speed>8.798661</gpxtpx:speed></gpxtpx:TrackPointExtension></extensions><geoidheight>-34.9</geoidheight><src>gps</src><sat>16</sat><hdop>0.70</hdop><vdop>1.13</vdop><pdop>1.33</pdop><dgpsid>0000</dgpsid></trkpt>
<trkpt lat="30.4387085" lon="-114.650628"><ele>26.7</ele><time>2025-12-16T23:47:36.000Z</time><extensions><gpxtpx:TrackPointExtension><gpxtpx:bearing>164.9</gpxtpx:bearing><gpxtpx:speed>16.469051</gpxtpx:speed></gpxtpx:TrackPointExtension></extensions><geoidheight>-34.9</geoidheight><src>gps</src><sat>16</sat><hdop>0.70</hdop><vdop>1.13</vdop><pdop>1.33</pdop><dgpsid>0000</dgpsid></trkpt>
<trkpt lat="30.436897" lon="-114.65004400000001"><ele>27.3</ele><time>2025-12-16T23:47:47.000Z</time><extensions><gpxtpx:TrackPointExtension><gpxtpx:bearing>164.51</gpxtpx:bearing><gpxtpx:speed>21.186481</gpxtpx:speed></gpxtpx:TrackPointExtension></extensions><geoidheight>-34.9</geoidheight><src>gps</src><sat>16</sat><hdop>0.70</hdop><vdop>1.13</vdop><pdop>1.33</pdop><dgpsid>0000</dgpsid></trkpt>
<trkpt lat="30.434699833333337" lon="-114.64933483333334"><ele>27.0</ele><time>2025-12-16T23:47:58.000Z</time><extensions><gpxtpx:TrackPointExtension><gpxtpx:bearing>164.09</gpxtpx:bearing><gpxtpx:speed>24.49666</gpxtpx:speed></gpxtpx:TrackPointExtension></extensions><geoidheight>-34.9</geoidheight><src>gps</src><sat>16</sat><hdop>0.70</hdop><vdop>1.13</vdop><pdop>1.33</pdop><dgpsid>0000</dgpsid></trkpt>
<trkpt lat="30.432238666666663" lon="-114.64854349999999"><ele>27.4</ele><time>2025-12-16T23:48:09.000Z</time><extensions><gpxtpx:TrackPointExtension><gpxtpx:bearing>164.62</gpxtpx:bearing><gpxtpx:speed>26.733128</gpxtpx:speed></gpxtpx:TrackPointExtension></extensions><geoidheight>-34.9</geoidheight><src>gps</src><sat>16</sat><hdop>0.70</hdop><vdop>1.13</vdop><pdop>1.32</pdop><dgpsid>0000</dgpsid></trkpt>
<trkpt lat="30.4296345" lon="-114.64771"><ele>27.1</ele><time>2025-12-16T23:48:20.000Z</time><extensions><gpxtpx:TrackPointExtension><gpxtpx:bearing>164.64</gpxtpx:bearing><gpxtpx:speed>27.609186</gpxtpx:speed></gpxtpx:TrackPointExtension></extensions><geoidheight>-34.9</geoidheight><src>gps</src><sat>16</sat><hdop>0.70</hdop><vdop>1.13</vdop><pdop>1.32</pdop><dgpsid>0000</dgpsid></trkpt>
<trkpt lat="30.426934666666664" lon="-114.64685300000001"><ele>26.4</ele><time>2025-12-16T23:48:31.000Z</time><extensions><gpxtpx:TrackPointExtension><gpxtpx:bearing>164.6</gpxtpx:bearing><gpxtpx:speed>28.568113</gpxtpx:speed></gpxtpx:TrackPointExtension></extensions><geoidheight>-34.9</geoidheight><src>gps</src><sat>16</sat><hdop>0.70</hdop><vdop>1.13</vdop><pdop>1.32</pdop><dgpsid>0000</dgpsid></trkpt>
<trkpt lat="30.424174333333333" lon="-114.6459775"><ele>24.7</ele><time>2025-12-16T23:48:42.000Z</time><extensions><gpxtpx:TrackPointExtension><gpxtpx:bearing>164.8</gpxtpx:bearing><gpxtpx:speed>29.183207</gpxtpx:speed></gpxtpx:TrackPointExtension></extensions><geoidheight>-34.9</geoidheight><src>gps</src><sat>16</sat><hdop>0.70</hdop><vdop>1.13</vdop><pdop>1.32</pdop><dgpsid>0000</dgpsid></trkpt>
<trkpt lat="30.42143" lon="-114.64510800000001"><ele>24.1</ele><time>2025-12-16T23:48:53.000Z</time><extensions><gpxtpx:TrackPointExtension><gpxtpx:bearing>164.93</gpxtpx:bearing><gpxtpx:speed>27.715218</gpxtpx:speed></gpxtpx:TrackPointExtension></extensions><geoidheight>-34.9</geoidheight><src>gps</src><sat>16</sat><hdop>0.70</hdop><vdop>1.13</vdop><pdop>1.32</pdop><dgpsid>0000</dgpsid></trkpt>
<trkpt lat="30.418797166666664" lon="-114.64427416666668"><ele>22.8</ele><time>2025-12-16T23:49:04.000Z</time><extensions><gpxtpx:TrackPointExtension><gpxtpx:bearing>165.02</gpxtpx:bearing><gpxtpx:speed>27.136156</gpxtpx:speed></gpxtpx:TrackPointExtension></extensions><geoidheight>-34.9</geoidheight><src>gps</src><sat>16</sat><hdop>0.70</hdop><vdop>1.13</vdop><pdop>1.32</pdop><dgpsid>0000</dgpsid></trkpt>
<trkpt lat="30.41634183333333" lon="-114.64349849999999"><ele>23.1</ele><time>2025-12-16T23:49:15.000Z</time><extensions><gpxtpx:TrackPointExtension><gpxtpx:bearing>163.88</gpxtpx:bearing><gpxtpx:speed>23.825977</gpxtpx:speed></gpxtpx:TrackPointExtension></extensions><geoidheight>-34.9</geoidheight><src>gps</src><sat>16</sat><hdop>0.70</hdop><vdop>1.13</vdop><pdop>1.32</pdop><dgpsid>0000</dgpsid></trkpt>
<trkpt lat="30.414212833333334" lon="-114.64284500000001"><ele>21.8</ele><time>2025-12-16T23:49:26.000Z</time><extensions><gpxtpx:TrackPointExtension><gpxtpx:bearing>170.38</gpxtpx:bearing><gpxtpx:speed>21.181849</gpxtpx:speed></gpxtpx:TrackPointExtension></extensions><geoidheight>-34.9</geoidheight><src>gps</src><sat>16</sat><hdop>0.70</hdop><vdop>1.13</vdop><pdop>1.32</pdop><dgpsid>0000</dgpsid></trkpt>
<trkpt lat="30.412013166666664" lon="-114.64281216666669"><ele>20.4</ele><time>2025-12-16T23:49:37.000Z</time><extensions><gpxtpx:TrackPointExtension><gpxtpx:bearing>181.83</gpxtpx:bearing><gpxtpx:speed>23.762667</gpxtpx:speed></gpxtpx:TrackPointExtension></extensions><geoidheight>-34.9</geoidheight><src>gps</src><sat>16</sat><hdop>0.70</hdop><vdop>1.13</vdop><pdop>1.32</pdop><dgpsid>0000</dgpsid></trkpt>
<trkpt lat="30.4095385" lon="-114.6428915"><ele>20.8</ele><time>2025-12-16T23:49:48.000Z</time><extensions><gpxtpx:TrackPointExtension><gpxtpx:bearing>181.22</gpxtpx:bearing><gpxtpx:speed>25.79479</gpxtpx:speed></gpxtpx:TrackPointExtension></extensions><geoidheight>-34.9</geoidheight><src>gps</src><sat>16</sat><hdop>0.70</hdop><vdop>1.13</vdop><pdop>1.32</pdop><dgpsid>0000</dgpsid></trkpt>
<trkpt lat="30.407006666666668" lon="-114.64296700000001"><ele>21.5</ele><time>2025-12-16T23:49:59.000Z</time><extensions><gpxtpx:TrackPointExtension><gpxtpx:bearing>181.58</gpxtpx:bearing><gpxtpx:speed>25.435</gpxtpx:speed></gpxtpx:TrackPointExtension></extensions><geoidheight>-35.0</geoidheight><src>gps</src><sat>16</sat><hdop>0.70</hdop><vdop>1.13</vdop><pdop>1.32</pdop><dgpsid>0000</dgpsid></trkpt>
<trkpt lat="30.404476666666664" lon="-114.64303633333333"><ele>22.5</ele><time>2025-12-16T23:50:10.000Z</time><extensions><gpxtpx:TrackPointExtension><gpxtpx:bearing>181.25</gpxtpx:bearing><gpxtpx:speed>25.503971</gpxtpx:speed></gpxtpx:TrackPointExtension></extensions><geoidheight>-35.0</geoidheight><src>gps</src><sat>16</sat><hdop>0.70</hdop><vdop>1.13</vdop><pdop>1.32</pdop><dgpsid>0000</dgpsid></trkpt>
<trkpt lat="30.401950499999998" lon="-114.64310616666668"><ele>23.8</ele><time>2025-12-16T23:50:21.000Z</time><extensions><gpxtpx:TrackPointExtension><gpxtpx:bearing>181.24</gpxtpx:bearing><gpxtpx:speed>25.118444</gpxtpx:speed></gpxtpx:TrackPointExtension></extensions><geoidheight>-35.0</geoidheight><src>gps</src><sat>16</sat><hdop>0.70</hdop><vdop>1.13</vdop><pdop>1.32</pdop><dgpsid>0000</dgpsid></trkpt>
<trkpt lat="30.399579666666668" lon="-114.64318033333332"><ele>24.5</ele><time>2025-12-16T23:50:32.000Z</time><extensions><gpxtpx:TrackPointExtension><gpxtpx:bearing>183.85</gpxtpx:bearing><gpxtpx:speed>23.076542</gpxtpx:speed></gpxtpx:TrackPointExtension></extensions><geoidheight>-35.0</geoidheight><src>gps</src><sat>16</sat><hdop>0.69</hdop><vdop>1.13</vdop><pdop>1.32</pdop><dgpsid>0000</dgpsid></trkpt>
<trkpt lat="30.3972875" lon="-114.64346383333334"><ele>23.8</ele><time>2025-12-16T23:50:43.000Z</time><extensions><gpxtpx:TrackPointExtension><gpxtpx:bearing>186.71</gpxtpx:bearing><gpxtpx:speed>22.525274</gpxtpx:speed></gpxtpx:TrackPointExtension></extensions><geoidheight>-35.0</geoidheight><src>gps</src><sat>16</sat><hdop>0.69</hdop><vdop>1.13</vdop><pdop>1.32</pdop><dgpsid>0000</dgpsid></trkpt>
<trkpt lat="30.395020833333334" lon="-114.64376949999999"><ele>20.5</ele><time>2025-12-16T23:50:54.000Z</time><extensions><gpxtpx:TrackPointExtension><gpxtpx:bearing>186.27</gpxtpx:bearing><gpxtpx:speed>22.83977</gpxtpx:speed></gpxtpx:TrackPointExtension></extensions><geoidheight>-35.0</geoidheight><src>gps</src><sat>16</sat><hdop>0.69</hdop><vdop>1.13</vdop><pdop>1.32</pdop><dgpsid>0000</dgpsid></trkpt>
<trkpt lat="30.392773499999997" lon="-114.64407316666666"><ele>18.5</ele><time>2025-12-16T23:51:05.000Z</time><extensions><gpxtpx:TrackPointExtension><gpxtpx:bearing>186.64</gpxtpx:bearing><gpxtpx:speed>22.71881</gpxtpx:speed></gpxtpx:TrackPointExtension></extensions><geoidheight>-35.0</geoidheight><src>gps</src><sat>16</sat><hdop>0.69</hdop><vdop>1.13</vdop><pdop>1.32</pdop><dgpsid>0000</dgpsid></trkpt>
<trkpt lat="30.390532333333333" lon="-114.64437633333334"><ele>17.4</ele><time>2025-12-16T23:51:16.000Z</time><extensions><gpxtpx:TrackPointExtension><gpxtpx:bearing>186.86</gpxtpx:bearing><gpxtpx:speed>22.996244</gpxtpx:speed></gpxtpx:TrackPointExtension></extensions><geoidheight>-35.0</geoidheight><src>gps</src><sat>16</sat><hdop>0.70</hdop><vdop>1.13</vdop><pdop>1.33</pdop><dgpsid>0000</dgpsid></trkpt>
<trkpt lat="30.388216333333336" lon="-114.64469433333333"><ele>15.0</ele><time>2025-12-16T23:51:27.000Z</time><extensions><gpxtpx:TrackPointExtension><gpxtpx:bearing>186.65</gpxtpx:bearing><gpxtpx:speed>23.977304</gpxtpx:speed></gpxtpx:TrackPointExtension></extensions><geoidheight>-35.0</geoidheight><src>gps</src><sat>16</sat><hdop>0.69</hdop><vdop>1.13</vdop><pdop>1.32</pdop><dgpsid>0000</dgpsid></trkpt>
<trkpt lat="30.38590883333333" lon="-114.64501049999998"><ele>12.6</ele><time>2025-12-16T23:51:38.000Z</time><extensions><gpxtpx:TrackPointExtension><gpxtpx:bearing>186.56</gpxtpx:bearing><gpxtpx:speed>22.77028</gpxtpx:speed></gpxtpx:TrackPointExtension></extensions><geoidheight>-35.0</geoidheight><src>gps</src><sat>16</sat><hdop>0.69</hdop><vdop>1.13</vdop><pdop>1.32</pdop><dgpsid>0000</dgpsid></trkpt>
<trkpt lat="30.383646666666664" lon="-114.64515366666667"><ele>12.0</ele><time>2025-12-16T23:51:49.000Z</time><extensions><gpxtpx:TrackPointExtension><gpxtpx:bearing>181.63</gpxtpx:bearing><gpxtpx:speed>22.804768</gpxtpx:speed></gpxtpx:TrackPointExtension></extensions><geoidheight>-35.0</geoidheight><src>gps</src><sat>16</sat><hdop>0.69</hdop><vdop>1.13</vdop><pdop>1.32</pdop><dgpsid>0000</dgpsid></trkpt>
<trkpt lat="30.38138966666667" lon="-114.645213"><ele>12.9</ele><time>2025-12-16T23:52:00.000Z</time><extensions><gpxtpx:TrackPointExtension><gpxtpx:bearing>181.69</gpxtpx:bearing><gpxtpx:speed>22.844402</gpxtpx:speed></gpxtpx:TrackPointExtension></extensions><geoidheight>-35.0</geoidheight><src>gps</src><sat>16</sat><hdop>0.72</hdop><vdop>1.19</vdop><pdop>1.39</pdop><dgpsid>0000</dgpsid></trkpt>
<trkpt lat="30.379079833333336" lon="-114.64529283333334"><ele>14.5</ele><time>2025-12-16T23:52:11.000Z</time><extensions><gpxtpx:TrackPointExtension><gpxtpx:bearing>182.11</gpxtpx:bearing><gpxtpx:speed>23.586117</gpxtpx:speed></gpxtpx:TrackPointExtension></extensions><geoidheight>-35.0</geoidheight><src>gps</src><sat>16</sat><hdop>0.69</hdop><vdop>1.13</vdop><pdop>1.32</pdop><dgpsid>0000</dgpsid></trkpt>
<trkpt lat="30.37678583333333" lon="-114.64537566666668"><ele>15.9</ele><time>2025-12-16T23:52:22.000Z</time><extensions><gpxtpx:TrackPointExtension><gpxtpx:bearing>181.32</gpxtpx:bearing><gpxtpx:speed>22.007978</gpxtpx:speed></gpxtpx:TrackPointExtension></extensions><geoidheight>-35.0</geoidheight><src>gps</src><sat>16</sat><hdop>0.70</hdop><vdop>1.13</vdop><pdop>1.33</pdop><dgpsid>0000</dgpsid></trkpt>
<trkpt lat="30.374712666666664" lon="-114.645425"><ele>15.8</ele><time>2025-12-16T23:52:33.000Z</time><extensions><gpxtpx:TrackPointExtension><gpxtpx:bearing>178.32</gpxtpx:bearing><gpxtpx:speed>21.300749</gpxtpx:speed></gpxtpx:TrackPointExtension></extensions><geoidheight>-35.0</geoidheight><src>gps</src><sat>16</sat><hdop>0.69</hdop><vdop>1.12</vdop><pdop>1.32</pdop><dgpsid>0000</dgpsid></trkpt>
<trkpt lat="30.372573000000003" lon="-114.64493983333332"><ele>13.7</ele><time>2025-12-16T23:52:44.000Z</time><extensions><gpxtpx:TrackPointExtension><gpxtpx:bearing>160.22</gpxtpx:bearing><gpxtpx:speed>22.31115</gpxtpx:speed></gpxtpx:TrackPointExtension></extensions><geoidheight>-35.0</geoidheight><src>gps</src><sat>16</sat><hdop>0.69</hdop><vdop>1.12</vdop><pdop>1.32</pdop><dgpsid>0000</dgpsid></trkpt>
<trkpt lat="30.37060616666667" lon="-114.64390200000001"><ele>15.1</ele><time>2025-12-16T23:52:55.000Z</time><extensions><gpxtpx:TrackPointExtension><gpxtpx:bearing>155.96</gpxtpx:bearing><gpxtpx:speed>21.678041</gpxtpx:speed></gpxtpx:TrackPointExtension></extensions><geoidheight>-35.0</geoidheight><src>gps</src><sat>15</sat><hdop>0.71</hdop><vdop>1.17</vdop><pdop>1.36</pdop><dgpsid>0000</dgpsid></trkpt>
<trkpt lat="30.368521499999996" lon="-114.64303266666666"><ele>15.2</ele><time>2025-12-16T23:53:06.000Z</time><extensions><gpxtpx:TrackPointExtension><gpxtpx:bearing>160.21</gpxtpx:bearing><gpxtpx:speed>22.4213</gpxtpx:speed></gpxtpx:TrackPointExtension></extensions><geoidheight>-35.0</geoidheight><src>gps</src><sat>16</sat><hdop>0.71</hdop><vdop>1.17</vdop><pdop>1.36</pdop><dgpsid>0000</dgpsid></trkpt>
<trkpt lat="30.366456333333335" lon="-114.64243616666666"><ele>20.0</ele><time>2025-12-16T23:53:17.000Z</time><extensions><gpxtpx:TrackPointExtension><gpxtpx:bearing>177.38</gpxtpx:bearing><gpxtpx:speed>21.805178</gpxtpx:speed></gpxtpx:TrackPointExtension></extensions><geoidheight>-35.0</geoidheight><src>gps</src><sat>16</sat><hdop>0.69</hdop><vdop>1.12</vdop><pdop>1.32</pdop><dgpsid>0000</dgpsid></trkpt>
<trkpt lat="30.364348666666668" lon="-114.64290483333335"><ele>23.2</ele><time>2025-12-16T23:53:28.000Z</time><extensions><gpxtpx:TrackPointExtension><gpxtpx:bearing>197.35</gpxtpx:bearing><gpxtpx:speed>21.947756</gpxtpx:speed></gpxtpx:TrackPointExtension></extensions><geoidheight>-35.0</geoidheight><src>gps</src><sat>16</sat><hdop>0.69</hdop><vdop>1.12</vdop><pdop>1.32</pdop><dgpsid>0000</dgpsid></trkpt>
<trkpt lat="30.362180833333333" lon="-114.64362216666665"><ele>27.3</ele><time>2025-12-16T23:53:39.000Z</time><extensions><gpxtpx:TrackPointExtension><gpxtpx:bearing>192.37</gpxtpx:bearing><gpxtpx:speed>22.639542</gpxtpx:speed></gpxtpx:TrackPointExtension></extensions><geoidheight>-35.0</geoidheight><src>gps</src><sat>16</sat><hdop>0.69</hdop><vdop>1.12</vdop><pdop>1.32</pdop><dgpsid>0000</dgpsid></trkpt>
<trkpt lat="30.360065166666665" lon="-114.64393"><ele>33.9</ele><time>2025-12-16T23:53:50.000Z</time><extensions><gpxtpx:TrackPointExtension><gpxtpx:bearing>182.68</gpxtpx:bearing><gpxtpx:speed>21.155598</gpxtpx:speed></gpxtpx:TrackPointExtension></extensions><geoidheight>-35.0</geoidheight><src>gps</src><sat>15</sat><hdop>0.70</hdop><vdop>1.17</vdop><pdop>1.37</pdop><dgpsid>0000</dgpsid></trkpt>
<trkpt lat="30.3579725" lon="-114.643965"><ele>29.1</ele><time>2025-12-16T23:54:01.000Z</time><extensions><gpxtpx:TrackPointExtension><gpxtpx:bearing>179.61</gpxtpx:bearing><gpxtpx:speed>21.667747</gpxtpx:speed></gpxtpx:TrackPointExtension></extensions><geoidheight>-35.0</geoidheight><src>gps</src><sat>15</sat><hdop>0.75</hdop><vdop>1.23</vdop><pdop>1.44</pdop><dgpsid>0000</dgpsid></trkpt>
<trkpt lat="30.355836666666665" lon="-114.64393899999999"><ele>34.1</ele><time>2025-12-16T23:54:12.000Z</time><extensions><gpxtpx:TrackPointExtension><gpxtpx:bearing>179.05</gpxtpx:bearing><gpxtpx:speed>22.077465</gpxtpx:speed></gpxtpx:TrackPointExtension></extensions><geoidheight>-35.0</geoidheight><src>gps</src><sat>15</sat><hdop>0.70</hdop><vdop>1.17</vdop><pdop>1.37</pdop><dgpsid>0000</dgpsid></trkpt>
<trkpt lat="30.353595333333335" lon="-114.64390683333335"><ele>41.2</ele><time>2025-12-16T23:54:23.000Z</time><extensions><gpxtpx:TrackPointExtension><gpxtpx:bearing>179.62</gpxtpx:bearing><gpxtpx:speed>23.146029</gpxtpx:speed></gpxtpx:TrackPointExtension></extensions><geoidheight>-35.0</geoidheight><src>gps</src><sat>16</sat><hdop>0.73</hdop><vdop>1.23</vdop><pdop>1.43</pdop><dgpsid>0000</dgpsid></trkpt>
<trkpt lat="30.35133" lon="-114.64388383333335"><ele>48.6</ele><time>2025-12-16T23:54:34.000Z</time><extensions><gpxtpx:TrackPointExtension><gpxtpx:bearing>179.33</gpxtpx:bearing><gpxtpx:speed>22.39196</gpxtpx:speed></gpxtpx:TrackPointExtension></extensions><geoidheight>-35.0</geoidheight><src>gps</src><sat>16</sat><hdop>0.77</hdop><vdop>1.30</vdop><pdop>1.51</pdop><dgpsid>0000</dgpsid></trkpt>
<trkpt lat="30.349193666666665" lon="-114.64385783333334"><ele>56.7</ele><time>2025-12-16T23:54:45.000Z</time><extensions><gpxtpx:TrackPointExtension><gpxtpx:bearing>179.48</gpxtpx:bearing><gpxtpx:speed>20.15858</gpxtpx:speed></gpxtpx:TrackPointExtension></extensions><geoidheight>-35.0</geoidheight><src>gps</src><sat>14</sat><hdop>0.79</hdop><vdop>1.36</vdop><pdop>1.57</pdop><dgpsid>0000</dgpsid></trkpt>
<trkpt lat="30.347307666666666" lon="-114.64383699999999"><ele>58.2</ele><time>2025-12-16T23:54:56.000Z</time><extensions><gpxtpx:TrackPointExtension><gpxtpx:bearing>179.78</gpxtpx:bearing><gpxtpx:speed>17.963806</gpxtpx:speed></gpxtpx:TrackPointExtension></extensions><geoidheight>-35.0</geoidheight><src>gps</src><sat>14</sat><hdop>0.79</hdop><vdop>1.36</vdop><pdop>1.57</pdop><dgpsid>0000</dgpsid></trkpt>
<trkpt lat="30.345539833333337" lon="-114.64390899999998"><ele>52.2</ele><time>2025-12-16T23:55:07.000Z</time><extensions><gpxtpx:TrackPointExtension><gpxtpx:bearing>186.05</gpxtpx:bearing><gpxtpx:speed>18.319479</gpxtpx:speed></gpxtpx:TrackPointExtension></extensions><geoidheight>-35.0</geoidheight><src>gps</src><sat>15</sat><hdop>0.69</hdop><vdop>1.12</vdop><pdop>1.32</pdop><dgpsid>0000</dgpsid></trkpt>
<trkpt lat="30.343549333333332" lon="-114.6442805"><ele>45.6</ele><time>2025-12-16T23:55:18.000Z</time><extensions><gpxtpx:TrackPointExtension><gpxtpx:bearing>190.09</gpxtpx:bearing><gpxtpx:speed>21.714586</gpxtpx:speed></gpxtpx:TrackPointExtension></extensions><geoidheight>-35.0</geoidheight><src>gps</src><sat>15</sat><hdop>0.71</hdop><vdop>1.12</vdop><pdop>1.32</pdop><dgpsid>0000</dgpsid></trkpt>
<trkpt lat="30.341435" lon="-114.64470533333333"><ele>45.4</ele><time>2025-12-16T23:55:29.000Z</time><extensions><gpxtpx:TrackPointExtension><gpxtpx:bearing>190.19</gpxtpx:bearing><gpxtpx:speed>21.60701</gpxtpx:speed></gpxtpx:TrackPointExtension></extensions><geoidheight>-35.1</geoidheight><src>gps</src><sat>14</sat><hdop>0.72</hdop><vdop>1.17</vdop><pdop>1.37</pdop><dgpsid>0000</dgpsid></trkpt>
<trkpt lat="30.339396833333332" lon="-114.64511866666665"><ele>46.1</ele><time>2025-12-16T23:55:40.000Z</time><extensions><gpxtpx:TrackPointExtension><gpxtpx:bearing>190.69</gpxtpx:bearing><gpxtpx:speed>19.775112</gpxtpx:speed></gpxtpx:TrackPointExtension></extensions><geoidheight>-35.1</geoidheight><src>gps</src><sat>15</sat><hdop>0.71</hdop><vdop>1.12</vdop><pdop>1.32</pdop><dgpsid>0000</dgpsid></trkpt>
<trkpt lat="30.337459" lon="-114.64578133333335"><ele>46.2</ele><time>2025-12-16T23:55:51.000Z</time><extensions><gpxtpx:TrackPointExtension><gpxtpx:bearing>202.64</gpxtpx:bearing><gpxtpx:speed>21.126774</gpxtpx:speed></gpxtpx:TrackPointExtension></extensions><geoidheight>-35.1</geoidheight><src>gps</src><sat>15</sat><hdop>0.80</hdop><vdop>1.23</vdop><pdop>1.47</pdop><dgpsid>0000</dgpsid></trkpt>
<trkpt lat="30.335461666666667" lon="-114.64678566666667"><ele>47.6</ele><time>2025-12-16T23:56:02.000Z</time><extensions><gpxtpx:TrackPointExtension><gpxtpx:bearing>203.7</gpxtpx:bearing><gpxtpx:speed>22.227764</gpxtpx:speed></gpxtpx:TrackPointExtension></extensions><geoidheight>-35.1</geoidheight><src>gps</src><sat>15</sat><hdop>0.75</hdop><vdop>1.22</vdop><pdop>1.43</pdop><dgpsid>0000</dgpsid></trkpt>
<trkpt lat="30.333545833333332" lon="-114.64769650000001"><ele>52.6</ele><time>2025-12-16T23:56:13.000Z</time><extensions><gpxtpx:TrackPointExtension><gpxtpx:bearing>198.24</gpxtpx:bearing><gpxtpx:speed>21.008387</gpxtpx:speed></gpxtpx:TrackPointExtension></extensions><geoidheight>-35.1</geoidheight><src>gps</src><sat>14</sat><hdop>0.79</hdop><vdop>1.36</vdop><pdop>1.57</pdop><dgpsid>0000</dgpsid></trkpt>
<trkpt lat="30.331430333333333" lon="-114.64821166666667"><ele>58.1</ele><time>2025-12-16T23:56:24.000Z</time><extensions><gpxtpx:TrackPointExtension><gpxtpx:bearing>184.99</gpxtpx:bearing><gpxtpx:speed>22.586525</gpxtpx:speed></gpxtpx:TrackPointExtension></extensions><geoidheight>-35.1</geoidheight><src>gps</src><sat>15</sat><hdop>0.79</hdop><vdop>1.36</vdop><pdop>1.57</pdop><dgpsid>0000</dgpsid></trkpt>
<trkpt lat="30.329198833333333" lon="-114.64846899999999"><ele>60.1</ele><time>2025-12-16T23:56:35.000Z</time><extensions><gpxtpx:TrackPointExtension><gpxtpx:bearing>185.47</gpxtpx:bearing><gpxtpx:speed>21.748043</gpxtpx:speed></gpxtpx:TrackPointExtension></extensions><geoidheight>-35.1</geoidheight><src>gps</src><sat>15</sat><hdop>0.70</hdop><vdop>1.17</vdop><pdop>1.36</pdop><dgpsid>0000</dgpsid></trkpt>
<trkpt lat="30.326978333333333" lon="-114.64870766666667"><ele>56.4</ele><time>2025-12-16T23:56:46.000Z</time><extensions><gpxtpx:TrackPointExtension><gpxtpx:bearing>185.51</gpxtpx:bearing><gpxtpx:speed>22.775944</gpxtpx:speed></gpxtpx:TrackPointExtension></extensions><geoidheight>-35.1</geoidheight><src>gps</src><sat>14</sat><hdop>0.79</hdop><vdop>1.36</vdop><pdop>1.58</pdop><dgpsid>0000</dgpsid></trkpt>
<trkpt lat="30.324719333333338" lon="-114.64895616666666"><ele>50.1</ele><time>2025-12-16T23:56:57.000Z</time><extensions><gpxtpx:TrackPointExtension><gpxtpx:bearing>185.7</gpxtpx:bearing><gpxtpx:speed>22.46917</gpxtpx:speed></gpxtpx:TrackPointExtension></extensions><geoidheight>-35.1</geoidheight><src>gps</src><sat>13</sat><hdop>0.79</hdop><vdop>1.37</vdop><pdop>1.58</pdop><dgpsid>0000</dgpsid></trkpt>
<trkpt lat="30.322484166666662" lon="-114.6492095"><ele>41.6</ele><time>2025-12-16T23:57:08.000Z</time><extensions><gpxtpx:TrackPointExtension><gpxtpx:bearing>185.67</gpxtpx:bearing><gpxtpx:speed>22.92367</gpxtpx:speed></gpxtpx:TrackPointExtension></extensions><geoidheight>-35.1</geoidheight><src>gps</src><sat>14</sat><hdop>0.79</hdop><vdop>1.37</vdop><pdop>1.58</pdop><dgpsid>0000</dgpsid></trkpt>
<trkpt lat="30.32018833333333" lon="-114.64945600000001"><ele>30.2</ele><time>2025-12-16T23:57:19.000Z</time><extensions><gpxtpx:TrackPointExtension><gpxtpx:bearing>185.32</gpxtpx:bearing><gpxtpx:speed>23.565527</gpxtpx:speed></gpxtpx:TrackPointExtension></extensions><geoidheight>-35.1</geoidheight><src>gps</src><sat>14</sat><hdop>0.79</hdop><vdop>1.37</vdop><pdop>1.58</pdop><dgpsid>0000</dgpsid></trkpt>
<trkpt lat="30.31788483333333" lon="-114.64970049999998"><ele>25.3</ele><time>2025-12-16T23:57:30.000Z</time><extensions><gpxtpx:TrackPointExtension><gpxtpx:bearing>183.85</gpxtpx:bearing><gpxtpx:speed>22.88455</gpxtpx:speed></gpxtpx:TrackPointExtension></extensions><geoidheight>-35.1</geoidheight><src>gps</src><sat>13</sat><hdop>0.81</hdop><vdop>1.37</vdop><pdop>1.59</pdop><dgpsid>0000</dgpsid></trkpt>
<trkpt lat="30.315658666666664" lon="-114.64977866666668"><ele>26.1</ele><time>2025-12-16T23:57:41.000Z</time><extensions><gpxtpx:TrackPointExtension><gpxtpx:bearing>178.65</gpxtpx:bearing><gpxtpx:speed>21.955992</gpxtpx:speed></gpxtpx:TrackPointExtension></extensions><geoidheight>-35.1</geoidheight><src>gps</src><sat>14</sat><hdop>0.79</hdop><vdop>1.37</vdop><pdop>1.58</pdop><dgpsid>0000</dgpsid></trkpt>
<trkpt lat="30.313448666666666" lon="-114.649639"><ele>24.2</ele><time>2025-12-16T23:57:52.000Z</time><extensions><gpxtpx:TrackPointExtension><gpxtpx:bearing>176.09</gpxtpx:bearing><gpxtpx:speed>22.479979</gpxtpx:speed></gpxtpx:TrackPointExtension></extensions><geoidheight>-35.1</geoidheight><src>gps</src><sat>14</sat><hdop>0.79</hdop><vdop>1.37</vdop><pdop>1.58</pdop><dgpsid>0000</dgpsid></trkpt>
<trkpt lat="30.311311" lon="-114.64948483333335"><ele>23.1</ele><time>2025-12-16T23:58:03.000Z</time><extensions><gpxtpx:TrackPointExtension><gpxtpx:bearing>176.02</gpxtpx:bearing><gpxtpx:speed>21.175673</gpxtpx:speed></gpxtpx:TrackPointExtension></extensions><geoidheight>-35.1</geoidheight><src>gps</src><sat>14</sat><hdop>0.79</hdop><vdop>1.37</vdop><pdop>1.58</pdop><dgpsid>0000</dgpsid></trkpt>
<trkpt lat="30.309200333333333" lon="-114.64950016666666"><ele>22.6</ele><time>2025-12-16T23:58:14.000Z</time><extensions><gpxtpx:TrackPointExtension><gpxtpx:bearing>185.73</gpxtpx:bearing><gpxtpx:speed>22.03423</gpxtpx:speed></gpxtpx:TrackPointExtension></extensions><geoidheight>-35.1</geoidheight><src>gps</src><sat>14</sat><hdop>0.79</hdop><vdop>1.37</vdop><pdop>1.58</pdop><dgpsid>0000</dgpsid></trkpt>
<trkpt lat="30.307084666666665" lon="-114.65001133333332"><ele>24.9</ele><time>2025-12-16T23:58:25.000Z</time><extensions><gpxtpx:TrackPointExtension><gpxtpx:bearing>198.32</gpxtpx:bearing><gpxtpx:speed>20.935297</gpxtpx:speed></gpxtpx:TrackPointExtension></extensions><geoidheight>-35.1</geoidheight><src>gps</src><sat>14</sat><hdop>0.79</hdop><vdop>1.37</vdop><pdop>1.58</pdop><dgpsid>0000</dgpsid></trkpt>
<trkpt lat="30.305075333333335" lon="-114.65089433333333"><ele>24.8</ele><time>2025-12-16T23:58:36.000Z</time><extensions><gpxtpx:TrackPointExtension><gpxtpx:bearing>201.26</gpxtpx:bearing><gpxtpx:speed>22.341003</gpxtpx:speed></gpxtpx:TrackPointExtension></extensions><geoidheight>-35.1</geoidheight><src>gps</src><sat>16</sat><hdop>0.69</hdop><vdop>1.11</vdop><pdop>1.31</pdop><dgpsid>0000</dgpsid></trkpt>
<trkpt lat="30.3031085" lon="-114.65178166666668"><ele>20.2</ele><time>2025-12-16T23:58:47.000Z</time><extensions><gpxtpx:TrackPointExtension><gpxtpx:bearing>202.11</gpxtpx:bearing><gpxtpx:speed>20.211597</gpxtpx:speed></gpxtpx:TrackPointExtension></extensions><geoidheight>-35.1</geoidheight><src>gps</src><sat>15</sat><hdop>0.70</hdop><vdop>1.17</vdop><pdop>1.36</pdop><dgpsid>0000</dgpsid></trkpt>
<trkpt lat="30.301076" lon="-114.65247916666667"><ele>18.4</ele><time>2025-12-16T23:58:58.000Z</time><extensions><gpxtpx:TrackPointExtension><gpxtpx:bearing>191.14</gpxtpx:bearing><gpxtpx:speed>22.322474</gpxtpx:speed></gpxtpx:TrackPointExtension></extensions><geoidheight>-35.1</geoidheight><src>gps</src><sat>14</sat><hdop>0.79</hdop><vdop>1.37</vdop><pdop>1.58</pdop><dgpsid>0000</dgpsid></trkpt>
<trkpt lat="30.298808" lon="-114.6527735"><ele>18.4</ele><time>2025-12-16T23:59:09.000Z</time><extensions><gpxtpx:TrackPointExtension><gpxtpx:bearing>185.08</gpxtpx:bearing><gpxtpx:speed>23.548027</gpxtpx:speed></gpxtpx:TrackPointExtension></extensions><geoidheight>-35.1</geoidheight><src>gps</src><sat>14</sat><hdop>0.79</hdop><vdop>1.37</vdop><pdop>1.58</pdop><dgpsid>0000</dgpsid></trkpt>
<trkpt lat="30.296521833333333" lon="-114.65301333333333"><ele>18.7</ele><time>2025-12-16T23:59:20.000Z</time><extensions><gpxtpx:TrackPointExtension><gpxtpx:bearing>186.27</gpxtpx:bearing><gpxtpx:speed>23.340078</gpxtpx:speed></gpxtpx:TrackPointExtension></extensions><geoidheight>-35.1</geoidheight><src>gps</src><sat>13</sat><hdop>0.74</hdop><vdop>1.17</vdop><pdop>1.39</pdop><dgpsid>0000</dgpsid></trkpt>
<trkpt lat="30.294391000000005" lon="-114.65328300000002"><ele>19.5</ele><time>2025-12-16T23:59:31.000Z</time><extensions><gpxtpx:TrackPointExtension><gpxtpx:bearing>188.27</gpxtpx:bearing><gpxtpx:speed>20.24454</gpxtpx:speed></gpxtpx:TrackPointExtension></extensions><geoidheight>-35.1</geoidheight><src>gps</src><sat>13</sat><hdop>0.81</hdop><vdop>1.38</vdop><pdop>1.60</pdop><dgpsid>0000</dgpsid></trkpt>
<trkpt lat="30.292533166666665" lon="-114.65417433333332"><ele>23.3</ele><time>2025-12-16T23:59:42.000Z</time><extensions><gpxtpx:TrackPointExtension><gpxtpx:bearing>215.98</gpxtpx:bearing><gpxtpx:speed>21.313618</gpxtpx:speed></gpxtpx:TrackPointExtension></extensions><geoidheight>-35.1</geoidheight><src>gps</src><sat>14</sat><hdop>0.75</hdop><vdop>1.21</vdop><pdop>1.42</pdop><dgpsid>0000</dgpsid></trkpt>
<trkpt lat="30.290884166666668" lon="-114.65577649999999"><ele>23.0</ele><time>2025-12-16T23:59:53.000Z</time><extensions><gpxtpx:TrackPointExtension><gpxtpx:bearing>220.58</gpxtpx:bearing><gpxtpx:speed>21.891136</gpxtpx:speed></gpxtpx:TrackPointExtension></extensions><geoidheight>-35.1</geoidheight><src>gps</src><sat>15</sat><hdop>0.75</hdop><vdop>1.15</vdop><pdop>1.38</pdop><dgpsid>0000</dgpsid></trkpt>
<trkpt lat="30.289133999999997" lon="-114.65715216666668"><ele>24.7</ele><time>2025-12-17T00:00:04.000Z</time><extensions><gpxtpx:TrackPointExtension><gpxtpx:bearing>203.77</gpxtpx:bearing><gpxtpx:speed>21.126259</gpxtpx:speed></gpxtpx:TrackPointExtension></extensions><geoidheight>-35.1</geoidheight><src>gps</src><sat>14</sat><hdop>0.79</hdop><vdop>1.37</vdop><pdop>1.58</pdop><dgpsid>0000</dgpsid></trkpt>
<trkpt lat="30.28701416666667" lon="-114.65744600000001"><ele>27.3</ele><time>2025-12-17T00:00:15.000Z</time><extensions><gpxtpx:TrackPointExtension><gpxtpx:bearing>177.05</gpxtpx:bearing><gpxtpx:speed>22.176807</gpxtpx:speed></gpxtpx:TrackPointExtension></extensions><geoidheight>-35.2</geoidheight><src>gps</src><sat>14</sat><hdop>0.81</hdop><vdop>1.43</vdop><pdop>1.64</pdop><dgpsid>0000</dgpsid></trkpt>
<trkpt lat="30.284788499999998" lon="-114.65729016666667"><ele>29.6</ele><time>2025-12-17T00:00:26.000Z</time><extensions><gpxtpx:TrackPointExtension><gpxtpx:bearing>176.06</gpxtpx:bearing><gpxtpx:speed>22.960215</gpxtpx:speed></gpxtpx:TrackPointExtension></extensions><geoidheight>-35.2</geoidheight><src>gps</src><sat>14</sat><hdop>0.79</hdop><vdop>1.37</vdop><pdop>1.58</pdop><dgpsid>0000</dgpsid></trkpt>
<trkpt lat="30.282502500000003" lon="-114.65715333333334"><ele>32.2</ele><time>2025-12-17T00:00:37.000Z</time><extensions><gpxtpx:TrackPointExtension><gpxtpx:bearing>179.22</gpxtpx:bearing><gpxtpx:speed>23.079115</gpxtpx:speed></gpxtpx:TrackPointExtension></extensions><geoidheight>-35.2</geoidheight><src>gps</src><sat>14</sat><hdop>0.79</hdop><vdop>1.37</vdop><pdop>1.58</pdop><dgpsid>0000</dgpsid></trkpt>
<trkpt lat="30.2802605" lon="-114.65727133333333"><ele>36.4</ele><time>2025-12-17T00:00:48.000Z</time><extensions><gpxtpx:TrackPointExtension><gpxtpx:bearing>185.53</gpxtpx:bearing><gpxtpx:speed>22.031141</gpxtpx:speed></gpxtpx:TrackPointExtension></extensions><geoidheight>-35.2</geoidheight><src>gps</src><sat>14</sat><hdop>0.79</hdop><vdop>1.37</vdop><pdop>1.58</pdop><dgpsid>0000</dgpsid></trkpt>
<trkpt lat="30.278164833333335" lon="-114.657521"><ele>36.4</ele><time>2025-12-17T00:00:59.000Z</time><extensions><gpxtpx:TrackPointExtension><gpxtpx:bearing>185.56</gpxtpx:bearing><gpxtpx:speed>20.80147</gpxtpx:speed></gpxtpx:TrackPointExtension></extensions><geoidheight>-35.2</geoidheight><src>gps</src><sat>14</sat><hdop>0.79</hdop><vdop>1.37</vdop><pdop>1.58</pdop><dgpsid>0000</dgpsid></trkpt>
<trkpt lat="30.2760725" lon="-114.65748950000001"><ele>35.0</ele><time>2025-12-17T00:01:10.000Z</time><extensions><gpxtpx:TrackPointExtension><gpxtpx:bearing>171.78</gpxtpx:bearing><gpxtpx:speed>22.50417</gpxtpx:speed></gpxtpx:TrackPointExtension></extensions><geoidheight>-35.2</geoidheight><src>gps</src><sat>14</sat><hdop>0.79</hdop><vdop>1.36</vdop><pdop>1.58</pdop><dgpsid>0000</dgpsid></trkpt>
<trkpt lat="30.273947833333335" lon="-114.65687233333334"><ele>41.7</ele><time>2025-12-17T00:01:21.000Z</time><extensions><gpxtpx:TrackPointExtension><gpxtpx:bearing>164.55</gpxtpx:bearing><gpxtpx:speed>21.470608</gpxtpx:speed></gpxtpx:TrackPointExtension></extensions><geoidheight>-35.2</geoidheight><src>gps</src><sat>14</sat><hdop>0.79</hdop><vdop>1.36</vdop><pdop>1.58</pdop><dgpsid>0000</dgpsid></trkpt>
<trkpt lat="30.271932833333334" lon="-114.6567275"><ele>41.6</ele><time>2025-12-17T00:01:32.000Z</time><extensions><gpxtpx:TrackPointExtension><gpxtpx:bearing>190.64</gpxtpx:bearing><gpxtpx:speed>20.011885</gpxtpx:speed></gpxtpx:TrackPointExtension></extensions><geoidheight>-35.2</geoidheight><src>gps</src><sat>14</sat><hdop>0.79</hdop><vdop>1.36</vdop><pdop>1.58</pdop><dgpsid>0000</dgpsid></trkpt>
<trkpt lat="30.270077666666666" lon="-114.65778833333334"><ele>31.8</ele><time>2025-12-17T00:01:43.000Z</time><extensions><gpxtpx:TrackPointExtension><gpxtpx:bearing>216.83</gpxtpx:bearing><gpxtpx:speed>22.617924</gpxtpx:speed></gpxtpx:TrackPointExtension></extensions><geoidheight>-35.2</geoidheight><src>gps</src><sat>15</sat><hdop>0.75</hdop><vdop>1.20</vdop><pdop>1.41</pdop><dgpsid>0000</dgpsid></trkpt>
<trkpt lat="30.268248166666663" lon="-114.65922183333332"><ele>33.7</ele><time>2025-12-17T00:01:54.000Z</time><extensions><gpxtpx:TrackPointExtension><gpxtpx:bearing>209.73</gpxtpx:bearing><gpxtpx:speed>22.07798</gpxtpx:speed></gpxtpx:TrackPointExtension></extensions><geoidheight>-35.2</geoidheight><src>gps</src><sat>15</sat><hdop>0.75</hdop><vdop>1.20</vdop><pdop>1.41</pdop><dgpsid>0000</dgpsid></trkpt>
<trkpt lat="30.2662785" lon="-114.66035316666667"><ele>40.4</ele><time>2025-12-17T00:02:05.000Z</time><extensions><gpxtpx:TrackPointExtension><gpxtpx:bearing>205.35</gpxtpx:bearing><gpxtpx:speed>22.162909</gpxtpx:speed></gpxtpx:TrackPointExtension></extensions><geoidheight>-35.2</geoidheight><src>gps</src><sat>16</sat><hdop>0.68</hdop><vdop>1.10</vdop><pdop>1.29</pdop><dgpsid>0000</dgpsid></trkpt>
<trkpt lat="30.2642905" lon="-114.66155516666667"><ele>46.6</ele><time>2025-12-17T00:02:16.000Z</time><extensions><gpxtpx:TrackPointExtension><gpxtpx:bearing>211.42</gpxtpx:bearing><gpxtpx:speed>23.028158</gpxtpx:speed></gpxtpx:TrackPointExtension></extensions><geoidheight>-35.2</geoidheight><src>gps</src><sat>16</sat><hdop>0.68</hdop><vdop>1.10</vdop><pdop>1.29</pdop><dgpsid>0000</dgpsid></trkpt>
<trkpt lat="30.26241166666667" lon="-114.66312099999999"><ele>53.6</ele><time>2025-12-17T00:02:27.000Z</time><extensions><gpxtpx:TrackPointExtension><gpxtpx:bearing>217.85</gpxtpx:bearing><gpxtpx:speed>23.424494</gpxtpx:speed></gpxtpx:TrackPointExtension></extensions><geoidheight>-35.2</geoidheight><src>gps</src><sat>16</sat><hdop>0.68</hdop><vdop>1.10</vdop><pdop>1.29</pdop><dgpsid>0000</dgpsid></trkpt>
<trkpt lat="30.260614166666663" lon="-114.66473283333335"><ele>58.9</ele><time>2025-12-17T00:02:38.000Z</time><extensions><gpxtpx:TrackPointExtension><gpxtpx:bearing>217.52</gpxtpx:bearing><gpxtpx:speed>21.722822</gpxtpx:speed></gpxtpx:TrackPointExtension></extensions><geoidheight>-35.2</geoidheight><src>gps</src><sat>15</sat><hdop>0.72</hdop><vdop>1.13</vdop><pdop>1.34</pdop><dgpsid>0000</dgpsid></trkpt>
<trkpt lat="30.258831" lon="-114.665704"><ele>58.5</ele><time>2025-12-17T00:02:49.000Z</time><extensions><gpxtpx:TrackPointExtension><gpxtpx:bearing>191.5</gpxtpx:bearing><gpxtpx:speed>19.10443</gpxtpx:speed></gpxtpx:TrackPointExtension></extensions><geoidheight>-35.2</geoidheight><src>gps</src><sat>16</sat><hdop>0.68</hdop><vdop>1.10</vdop><pdop>1.29</pdop><dgpsid>0000</dgpsid></trkpt>
<trkpt lat="30.256960333333335" lon="-114.665583"><ele>57.4</ele><time>2025-12-17T00:03:00.000Z</time><extensions><gpxtpx:TrackPointExtension><gpxtpx:bearing>165.32</gpxtpx:bearing><gpxtpx:speed>19.724155</gpxtpx:speed></gpxtpx:TrackPointExtension></extensions><geoidheight>-35.2</geoidheight><src>gps</src><sat>16</sat><hdop>0.68</hdop><vdop>1.10</vdop><pdop>1.29</pdop><dgpsid>0000</dgpsid></trkpt>
<trkpt lat="30.25484666666667" lon="-114.66496566666667"><ele>56.7</ele><time>2025-12-17T00:03:11.000Z</time><extensions><gpxtpx:TrackPointExtension><gpxtpx:bearing>164.99</gpxtpx:bearing><gpxtpx:speed>24.121428</gpxtpx:speed></gpxtpx:TrackPointExtension></extensions><geoidheight>-35.2</geoidheight><src>gps</src><sat>15</sat><hdop>0.69</hdop><vdop>1.17</vdop><pdop>1.36</pdop><dgpsid>0000</dgpsid></trkpt>
<trkpt lat="30.2524125" lon="-114.6642195"><ele>54.4</ele><time>2025-12-17T00:03:22.000Z</time><extensions><gpxtpx:TrackPointExtension><gpxtpx:bearing>165.08</gpxtpx:bearing><gpxtpx:speed>25.566767</gpxtpx:speed></gpxtpx:TrackPointExtension></extensions><geoidheight>-35.2</geoidheight><src>gps</src><sat>16</sat><hdop>0.68</hdop><vdop>1.09</vdop><pdop>1.29</pdop><dgpsid>0000</dgpsid></trkpt>
<trkpt lat="30.24992616666667" lon="-114.66346"><ele>52.8</ele><time>2025-12-17T00:03:33.000Z</time><extensions><gpxtpx:TrackPointExtension><gpxtpx:bearing>164.96</gpxtpx:bearing><gpxtpx:speed>26.101564</gpxtpx:speed></gpxtpx:TrackPointExtension></extensions><geoidheight>-35.2</geoidheight><src>gps</src><sat>15</sat><hdop>0.69</hdop><vdop>1.17</vdop><pdop>1.36</pdop><dgpsid>0000</dgpsid></trkpt>
<trkpt lat="30.247559833333337" lon="-114.66273683333333"><ele>54.5</ele><time>2025-12-17T00:03:44.000Z</time><extensions><gpxtpx:TrackPointExtension><gpxtpx:bearing>166.28</gpxtpx:bearing><gpxtpx:speed>23.48626</gpxtpx:speed></gpxtpx:TrackPointExtension></extensions><geoidheight>-35.2</geoidheight><src>gps</src><sat>15</sat><hdop>0.69</hdop><vdop>1.17</vdop><pdop>1.36</pdop><dgpsid>0000</dgpsid></trkpt>
<trkpt lat="30.245257999999996" lon="-114.66250550000001"><ele>52.9</ele><time>2025-12-17T00:03:55.000Z</time><extensions><gpxtpx:TrackPointExtension><gpxtpx:bearing>184.01</gpxtpx:bearing><gpxtpx:speed>24.15334</gpxtpx:speed></gpxtpx:TrackPointExtension></extensions><geoidheight>-35.2</geoidheight><src>gps</src><sat>14</sat><hdop>0.79</hdop><vdop>1.36</vdop><pdop>1.57</pdop><dgpsid>0000</dgpsid></trkpt>
<trkpt lat="30.243009999999995" lon="-114.66316800000001"><ele>48.8</ele><time>2025-12-17T00:04:06.000Z</time><extensions><gpxtpx:TrackPointExtension><gpxtpx:bearing>202.08</gpxtpx:bearing><gpxtpx:speed>23.527952</gpxtpx:speed></gpxtpx:TrackPointExtension></extensions><geoidheight>-35.2</geoidheight><src>gps</src><sat>14</sat><hdop>0.79</hdop><vdop>1.36</vdop><pdop>1.57</pdop><dgpsid>0000</dgpsid></trkpt>
<trkpt lat="30.240835999999998" lon="-114.66428766666668"><ele>42.0</ele><time>2025-12-17T00:04:17.000Z</time><extensions><gpxtpx:TrackPointExtension><gpxtpx:bearing>204.04</gpxtpx:bearing><gpxtpx:speed>24.637178</gpxtpx:speed></gpxtpx:TrackPointExtension></extensions><geoidheight>-35.2</geoidheight><src>gps</src><sat>15</sat><hdop>0.75</hdop><vdop>1.18</vdop><pdop>1.40</pdop><dgpsid>0000</dgpsid></trkpt>
<trkpt lat="30.238485666666666" lon="-114.66537133333334"><ele>41.5</ele><time>2025-12-17T00:04:28.000Z</time><extensions><gpxtpx:TrackPointExtension><gpxtpx:bearing>197.34</gpxtpx:bearing><gpxtpx:speed>25.741774</gpxtpx:speed></gpxtpx:TrackPointExtension></extensions><geoidheight>-35.2</geoidheight><src>gps</src><sat>14</sat><hdop>0.79</hdop><vdop>1.36</vdop><pdop>1.57</pdop><dgpsid>0000</dgpsid></trkpt>
<trkpt lat="30.236029833333337" lon="-114.66602666666668"><ele>49.6</ele><time>2025-12-17T00:04:39.000Z</time><extensions><gpxtpx:TrackPointExtension><gpxtpx:bearing>192.41</gpxtpx:bearing><gpxtpx:speed>25.383526</gpxtpx:speed></gpxtpx:TrackPointExtension></extensions><geoidheight>-35.2</geoidheight><src>gps</src><sat>14</sat><hdop>0.79</hdop><vdop>1.36</vdop><pdop>1.57</pdop><dgpsid>0000</dgpsid></trkpt>
<trkpt lat="30.233598999999995" lon="-114.66666949999998"><ele>57.4</ele><time>2025-12-17T00:04:50.000Z</time><extensions><gpxtpx:TrackPointExtension><gpxtpx:bearing>194.41</gpxtpx:bearing><gpxtpx:speed>25.171976</gpxtpx:speed></gpxtpx:TrackPointExtension></extensions><geoidheight>-35.2</geoidheight><src>gps</src><sat>14</sat><hdop>0.79</hdop><vdop>1.36</vdop><pdop>1.57</pdop><dgpsid>0000</dgpsid></trkpt>
<trkpt lat="30.231229" lon="-114.66746749999999"><ele>66.4</ele><time>2025-12-17T00:05:01.000Z</time><extensions><gpxtpx:TrackPointExtension><gpxtpx:bearing>197.52</gpxtpx:bearing><gpxtpx:speed>24.816303</gpxtpx:speed></gpxtpx:TrackPointExtension></extensions><geoidheight>-35.2</geoidheight><src>gps</src><sat>14</sat><hdop>0.82</hdop><vdop>1.38</vdop><pdop>1.60</pdop><dgpsid>0000</dgpsid></trkpt>
<trkpt lat="30.228901000000004" lon="-114.66830666666668"><ele>75.4</ele><time>2025-12-17T00:05:12.000Z</time><extensions><gpxtpx:TrackPointExtension><gpxtpx:bearing>196.16</gpxtpx:bearing><gpxtpx:speed>24.342758</gpxtpx:speed></gpxtpx:TrackPointExtension></extensions><geoidheight>-35.3</geoidheight><src>gps</src><sat>14</sat><hdop>0.79</hdop><vdop>1.36</vdop><pdop>1.57</pdop><dgpsid>0000</dgpsid></trkpt>
<trkpt lat="30.226532" lon="-114.668823"><ele>84.4</ele><time>2025-12-17T00:05:23.000Z</time><extensions><gpxtpx:TrackPointExtension><gpxtpx:bearing>186.56</gpxtpx:bearing><gpxtpx:speed>24.11731</gpxtpx:speed></gpxtpx:TrackPointExtension></extensions><geoidheight>-35.3</geoidheight><src>gps</src><sat>14</sat><hdop>0.79</hdop><vdop>1.36</vdop><pdop>1.57</pdop><dgpsid>0000</dgpsid></trkpt>
<trkpt lat="30.2241605" lon="-114.66914583333333"><ele>93.2</ele><time>2025-12-17T00:05:34.000Z</time><extensions><gpxtpx:TrackPointExtension><gpxtpx:bearing>186.93</gpxtpx:bearing><gpxtpx:speed>24.286139</gpxtpx:speed></gpxtpx:TrackPointExtension></extensions><geoidheight>-35.3</geoidheight><src>gps</src><sat>15</sat><hdop>0.69</hdop><vdop>1.16</vdop><pdop>1.35</pdop><dgpsid>0000</dgpsid></trkpt>
<trkpt lat="30.22188683333333" lon="-114.66947550000002"><ele>93.3</ele><time>2025-12-17T00:05:45.000Z</time><extensions><gpxtpx:TrackPointExtension><gpxtpx:bearing>188.15</gpxtpx:bearing><gpxtpx:speed>22.019817</gpxtpx:speed></gpxtpx:TrackPointExtension></extensions><geoidheight>-35.3</geoidheight><src>gps</src><sat>14</sat><hdop>0.79</hdop><vdop>1.36</vdop><pdop>1.57</pdop><dgpsid>0000</dgpsid></trkpt>
<trkpt lat="30.21988666666667" lon="-114.66974633333332"><ele>86.3</ele><time>2025-12-17T00:05:56.000Z</time><extensions><gpxtpx:TrackPointExtension><gpxtpx:bearing>184.14</gpxtpx:bearing><gpxtpx:speed>19.04884</gpxtpx:speed></gpxtpx:TrackPointExtension></extensions><geoidheight>-35.3</geoidheight><src>gps</src><sat>13</sat><hdop>0.82</hdop><vdop>1.49</vdop><pdop>1.70</pdop><dgpsid>0000</dgpsid></trkpt>
<trkpt lat="30.217971499999997" lon="-114.66976266666667"><ele>76.5</ele><time>2025-12-17T00:06:07.000Z</time><extensions><gpxtpx:TrackPointExtension><gpxtpx:bearing>174.94</gpxtpx:bearing><gpxtpx:speed>19.288185</gpxtpx:speed></gpxtpx:TrackPointExtension></extensions><geoidheight>-35.3</geoidheight><src>gps</src><sat>13</sat><hdop>0.82</hdop><vdop>1.49</vdop><pdop>1.70</pdop><dgpsid>0000</dgpsid></trkpt>
<trkpt lat="30.21603866666667" lon="-114.66926033333333"><ele>66.0</ele><time>2025-12-17T00:06:18.000Z</time><extensions><gpxtpx:TrackPointExtension><gpxtpx:bearing>164.53</gpxtpx:bearing><gpxtpx:speed>20.331013</gpxtpx:speed></gpxtpx:TrackPointExtension></extensions><geoidheight>-35.3</geoidheight><src>gps</src><sat>12</sat><hdop>0.88</hdop><vdop>1.72</vdop><pdop>1.93</pdop><dgpsid>0000</dgpsid></trkpt>
<trkpt lat="30.214311" lon="-114.66837066666668"><ele>63.2</ele><time>2025-12-17T00:06:29.000Z</time><extensions><gpxtpx:TrackPointExtension><gpxtpx:bearing>148.94</gpxtpx:bearing><gpxtpx:speed>17.960718</gpxtpx:speed></gpxtpx:TrackPointExtension></extensions><geoidheight>-35.3</geoidheight><src>gps</src><sat>12</sat><hdop>0.88</hdop><vdop>1.72</vdop><pdop>1.93</pdop><dgpsid>0000</dgpsid></trkpt>
<trkpt lat="30.212947333333332" lon="-114.667258"><ele>61.4</ele><time>2025-12-17T00:06:40.000Z</time><extensions><gpxtpx:TrackPointExtension><gpxtpx:bearing>149.8</gpxtpx:bearing><gpxtpx:speed>16.163822</gpxtpx:speed></gpxtpx:TrackPointExtension></extensions><geoidheight>-35.3</geoidheight><src>gps</src><sat>12</sat><hdop>0.88</hdop><vdop>1.72</vdop><pdop>1.93</pdop><dgpsid>0000</dgpsid></trkpt>
<trkpt lat="30.211367166666665" lon="-114.66672816666666"><ele>53.9</ele><time>2025-12-17T00:06:51.000Z</time><extensions><gpxtpx:TrackPointExtension><gpxtpx:bearing>176.46</gpxtpx:bearing><gpxtpx:speed>17.64056</gpxtpx:speed></gpxtpx:TrackPointExtension></extensions><geoidheight>-35.3</geoidheight><src>gps</src><sat>14</sat><hdop>0.79</hdop><vdop>1.35</vdop><pdop>1.57</pdop><dgpsid>0000</dgpsid></trkpt>
<trkpt lat="30.209543500000002" lon="-114.66717366666666"><ele>42.8</ele><time>2025-12-17T00:07:02.000Z</time><extensions><gpxtpx:TrackPointExtension><gpxtpx:bearing>203.2</gpxtpx:bearing><gpxtpx:speed>20.14108</gpxtpx:speed></gpxtpx:TrackPointExtension></extensions><geoidheight>-35.3</geoidheight><src>gps</src><sat>16</sat><hdop>0.68</hdop><vdop>1.08</vdop><pdop>1.27</pdop><dgpsid>0000</dgpsid></trkpt>
<trkpt lat="30.2075655" lon="-114.66807083333333"><ele>28.1</ele><time>2025-12-17T00:07:13.000Z</time><extensions><gpxtpx:TrackPointExtension><gpxtpx:bearing>195.88</gpxtpx:bearing><gpxtpx:speed>23.041025</gpxtpx:speed></gpxtpx:TrackPointExtension></extensions><geoidheight>-35.3</geoidheight><src>gps</src><sat>16</sat><hdop>0.68</hdop><vdop>1.08</vdop><pdop>1.27</pdop><dgpsid>0000</dgpsid></trkpt>
<trkpt lat="30.205280000000002" lon="-114.6685975"><ele>18.5</ele><time>2025-12-17T00:07:24.000Z</time><extensions><gpxtpx:TrackPointExtension><gpxtpx:bearing>189.19</gpxtpx:bearing><gpxtpx:speed>23.2989</gpxtpx:speed></gpxtpx:TrackPointExtension></extensions><geoidheight>-35.3</geoidheight><src>gps</src><sat>16</sat><hdop>0.68</hdop><vdop>1.08</vdop><pdop>1.27</pdop><dgpsid>0000</dgpsid></trkpt>
<trkpt lat="30.203148166666665" lon="-114.66935216666667"><ele>19.4</ele><time>2025-12-17T00:07:35.000Z</time><extensions><gpxtpx:TrackPointExtension><gpxtpx:bearing>205.42</gpxtpx:bearing><gpxtpx:speed>22.558216</gpxtpx:speed></gpxtpx:TrackPointExtension></extensions><geoidheight>-35.3</geoidheight><src>gps</src><sat>16</sat><hdop>0.68</hdop><vdop>1.07</vdop><pdop>1.27</pdop><dgpsid>0000</dgpsid></trkpt>
<trkpt lat="30.20119216666667" lon="-114.67058666666665"><ele>25.0</ele><time>2025-12-17T00:07:46.000Z</time><extensions><gpxtpx:TrackPointExtension><gpxtpx:bearing>208.77</gpxtpx:bearing><gpxtpx:speed>22.370857</gpxtpx:speed></gpxtpx:TrackPointExtension></extensions><geoidheight>-35.3</geoidheight><src>gps</src><sat>15</sat><hdop>0.69</hdop><vdop>1.16</vdop><pdop>1.35</pdop><dgpsid>0000</dgpsid></trkpt>
<trkpt lat="30.199149166666665" lon="-114.67140966666666"><ele>33.0</ele><time>2025-12-17T00:07:57.000Z</time><extensions><gpxtpx:TrackPointExtension><gpxtpx:bearing>185.07</gpxtpx:bearing><gpxtpx:speed>22.65138</gpxtpx:speed></gpxtpx:TrackPointExtension></extensions><geoidheight>-35.3</geoidheight><src>gps</src><sat>15</sat><hdop>0.69</hdop><vdop>1.16</vdop><pdop>1.35</pdop><dgpsid>0000</dgpsid></trkpt>
<trkpt lat="30.19692466666667" lon="-114.67095616666666"><ele>36.1</ele><time>2025-12-17T00:08:08.000Z</time><extensions><gpxtpx:TrackPointExtension><gpxtpx:bearing>157.04</gpxtpx:bearing><gpxtpx:speed>24.174444</gpxtpx:speed></gpxtpx:TrackPointExtension></extensions><geoidheight>-35.3</geoidheight><src>gps</src><sat>15</sat><hdop>0.69</hdop><vdop>1.15</vdop><pdop>1.34</pdop><dgpsid>0000</dgpsid></trkpt>
<trkpt lat="30.19474866666667" lon="-114.66984066666667"><ele>29.6</ele><time>2025-12-17T00:08:19.000Z</time><extensions><gpxtpx:TrackPointExtension><gpxtpx:bearing>156.27</gpxtpx:bearing><gpxtpx:speed>23.800756</gpxtpx:speed></gpxtpx:TrackPointExtension></extensions><geoidheight>-35.3</geoidheight><src>gps</src><sat>14</sat><hdop>0.79</hdop><vdop>1.35</vdop><pdop>1.56</pdop><dgpsid>0000</dgpsid></trkpt>
<trkpt lat="30.19270483333333" lon="-114.66884583333334"><ele>30.2</ele><time>2025-12-17T00:08:30.000Z</time><extensions><gpxtpx:TrackPointExtension><gpxtpx:bearing>163.97</gpxtpx:bearing><gpxtpx:speed>21.608038</gpxtpx:speed></gpxtpx:TrackPointExtension></extensions><geoidheight>-35.3</geoidheight><src>gps</src><sat>14</sat><hdop>0.79</hdop><vdop>1.35</vdop><pdop>1.56</pdop><dgpsid>0000</dgpsid></trkpt>
<trkpt lat="30.190559833333335" lon="-114.66880383333334"><ele>26.5</ele><time>2025-12-17T00:08:41.000Z</time><extensions><gpxtpx:TrackPointExtension><gpxtpx:bearing>193.44</gpxtpx:bearing><gpxtpx:speed>21.723852</gpxtpx:speed></gpxtpx:TrackPointExtension></extensions><geoidheight>-35.3</geoidheight><src>gps</src><sat>14</sat><hdop>0.79</hdop><vdop>1.34</vdop><pdop>1.56</pdop><dgpsid>0000</dgpsid></trkpt>
<trkpt lat="30.188593333333333" lon="-114.66942816666666"><ele>25.3</ele><time>2025-12-17T00:08:52.000Z</time><extensions><gpxtpx:TrackPointExtension><gpxtpx:bearing>189.35</gpxtpx:bearing><gpxtpx:speed>19.516209</gpxtpx:speed></gpxtpx:TrackPointExtension></extensions><geoidheight>-35.3</geoidheight><src>gps</src><sat>15</sat><hdop>0.69</hdop><vdop>1.15</vdop><pdop>1.34</pdop><dgpsid>0000</dgpsid></trkpt>
<trkpt lat="30.186755833333336" lon="-114.66925733333333"><ele>34.1</ele><time>2025-12-17T00:09:03.000Z</time><extensions><gpxtpx:TrackPointExtension><gpxtpx:bearing>164.15</gpxtpx:bearing><gpxtpx:speed>18.420364</gpxtpx:speed></gpxtpx:TrackPointExtension></extensions><geoidheight>-35.3</geoidheight><src>gps</src><sat>15</sat><hdop>0.69</hdop><vdop>1.15</vdop><pdop>1.34</pdop><dgpsid>0000</dgpsid></trkpt>
<trkpt lat="30.185008166666663" lon="-114.6686095"><ele>44.3</ele><time>2025-12-17T00:09:14.000Z</time><extensions><gpxtpx:TrackPointExtension><gpxtpx:bearing>165.44</gpxtpx:bearing><gpxtpx:speed>18.74155</gpxtpx:speed></gpxtpx:TrackPointExtension></extensions><geoidheight>-35.3</geoidheight><src>gps</src><sat>15</sat><hdop>0.69</hdop><vdop>1.15</vdop><pdop>1.34</pdop><dgpsid>0000</dgpsid></trkpt>
<trkpt lat="30.18317983333333" lon="-114.66821900000001"><ele>54.3</ele><time>2025-12-17T00:09:25.000Z</time><extensions><gpxtpx:TrackPointExtension><gpxtpx:bearing>173.57</gpxtpx:bearing><gpxtpx:speed>18.793022</gpxtpx:speed></gpxtpx:TrackPointExtension></extensions><geoidheight>-35.3</geoidheight><src>gps</src><sat>14</sat><hdop>0.73</hdop><vdop>1.25</vdop><pdop>1.45</pdop><dgpsid>0000</dgpsid></trkpt>
<trkpt lat="30.181382666666664" lon="-114.667693"><ele>65.3</ele><time>2025-12-17T00:09:36.000Z</time><extensions><gpxtpx:TrackPointExtension><gpxtpx:bearing>154.53</gpxtpx:bearing><gpxtpx:speed>18.971117</gpxtpx:speed></gpxtpx:TrackPointExtension></extensions><geoidheight>-35.3</geoidheight><src>gps</src><sat>14</sat><hdop>0.71</hdop><vdop>1.21</vdop><pdop>1.41</pdop><dgpsid>0000</dgpsid></trkpt>
<trkpt lat="30.179742499999996" lon="-114.66659733333333"><ele>75.8</ele><time>2025-12-17T00:09:47.000Z</time><extensions><gpxtpx:TrackPointExtension><gpxtpx:bearing>152.97</gpxtpx:bearing><gpxtpx:speed>19.170315</gpxtpx:speed></gpxtpx:TrackPointExtension></extensions><geoidheight>-35.3</geoidheight><src>gps</src><sat>12</sat><hdop>0.89</hdop><vdop>1.71</vdop><pdop>1.93</pdop><dgpsid>0000</dgpsid></trkpt>
<trkpt lat="30.17793283333333" lon="-114.665913"><ele>87.1</ele><time>2025-12-17T00:09:58.000Z</time><extensions><gpxtpx:TrackPointExtension><gpxtpx:bearing>167.72</gpxtpx:bearing><gpxtpx:speed>19.333996</gpxtpx:speed></gpxtpx:TrackPointExtension></extensions><geoidheight>-35.3</geoidheight><src>gps</src><sat>13</sat><hdop>0.98</hdop><vdop>1.57</vdop><pdop>1.85</pdop><dgpsid>0000</dgpsid></trkpt>
<trkpt lat="30.176050333333333" lon="-114.66543683333333"><ele>98.0</ele><time>2025-12-17T00:10:09.000Z</time><extensions><gpxtpx:TrackPointExtension><gpxtpx:bearing>166.4</gpxtpx:bearing><gpxtpx:speed>19.239286</gpxtpx:speed></gpxtpx:TrackPointExtension></extensions><geoidheight>-35.3</geoidheight><src>gps</src><sat>11</sat><hdop>0.79</hdop><vdop>1.28</vdop><pdop>1.51</pdop><dgpsid>0000</dgpsid></trkpt>
<trkpt lat="30.174342333333335" lon="-114.66444699999998"><ele>107.2</ele><time>2025-12-17T00:10:20.000Z</time><extensions><gpxtpx:TrackPointExtension><gpxtpx:bearing>148.88</gpxtpx:bearing><gpxtpx:speed>20.047401</gpxtpx:speed></gpxtpx:TrackPointExtension></extensions><geoidheight>-35.3</geoidheight><src>gps</src><sat>12</sat><hdop>0.89</hdop><vdop>1.71</vdop><pdop>1.93</pdop><dgpsid>0000</dgpsid></trkpt>
<trkpt lat="30.17261716666667" lon="-114.66323949999999"><ele>116.6</ele><time>2025-12-17T00:10:31.000Z</time><extensions><gpxtpx:TrackPointExtension><gpxtpx:bearing>151.32</gpxtpx:bearing><gpxtpx:speed>19.534224</gpxtpx:speed></gpxtpx:TrackPointExtension></extensions><geoidheight>-35.3</geoidheight><src>gps</src><sat>13</sat><hdop>0.83</hdop><vdop>1.50</vdop><pdop>1.72</pdop><dgpsid>0000</dgpsid></trkpt>
<trkpt lat="30.170817666666668" lon="-114.6627355"><ele>127.3</ele><time>2025-12-17T00:10:42.000Z</time><extensions><gpxtpx:TrackPointExtension><gpxtpx:bearing>176.61</gpxtpx:bearing><gpxtpx:speed>18.51044</gpxtpx:speed></gpxtpx:TrackPointExtension></extensions><geoidheight>-35.3</geoidheight><src>gps</src><sat>13</sat><hdop>0.83</hdop><vdop>1.50</vdop><pdop>1.72</pdop><dgpsid>0000</dgpsid></trkpt>
<trkpt lat="30.168992499999998" lon="-114.66269033333334"><ele>140.7</ele><time>2025-12-17T00:10:53.000Z</time><extensions><gpxtpx:TrackPointExtension><gpxtpx:bearing>177.54</gpxtpx:bearing><gpxtpx:speed>18.309185</gpxtpx:speed></gpxtpx:TrackPointExtension></extensions><geoidheight>-35.3</geoidheight><src>gps</src><sat>13</sat><hdop>0.83</hdop><vdop>1.50</vdop><pdop>1.72</pdop><dgpsid>0000</dgpsid></trkpt>
<trkpt lat="30.167215666666667" lon="-114.66224533333335"><ele>153.5</ele><time>2025-12-17T00:11:04.000Z</time><extensions><gpxtpx:TrackPointExtension><gpxtpx:bearing>161.97</gpxtpx:bearing><gpxtpx:speed>18.635517</gpxtpx:speed></gpxtpx:TrackPointExtension></extensions><geoidheight>-35.3</geoidheight><src>gps</src><sat>13</sat><hdop>0.89</hdop><vdop>1.59</vdop><pdop>1.82</pdop><dgpsid>0000</dgpsid></trkpt>
<trkpt lat="30.165450166666666" lon="-114.66154683333335"><ele>164.6</ele><time>2025-12-17T00:11:15.000Z</time><extensions><gpxtpx:TrackPointExtension><gpxtpx:bearing>158.55</gpxtpx:bearing><gpxtpx:speed>18.573236</gpxtpx:speed></gpxtpx:TrackPointExtension></extensions><geoidheight>-35.3</geoidheight><src>gps</src><sat>14</sat><hdop>0.77</hdop><vdop>1.30</vdop><pdop>1.51</pdop><dgpsid>0000</dgpsid></trkpt>
<trkpt lat="30.163767833333335" lon="-114.66067"><ele>173.3</ele><time>2025-12-17T00:11:26.000Z</time><extensions><gpxtpx:TrackPointExtension><gpxtpx:bearing>153.53</gpxtpx:bearing><gpxtpx:speed>18.709124</gpxtpx:speed></gpxtpx:TrackPointExtension></extensions><geoidheight>-35.3</geoidheight><src>gps</src><sat>13</sat><hdop>0.89</hdop><vdop>1.59</vdop><pdop>1.82</pdop><dgpsid>0000</dgpsid></trkpt>
<trkpt lat="30.16222833333334" lon="-114.65967866666666"><ele>176.4</ele><time>2025-12-17T00:11:37.000Z</time><extensions><gpxtpx:TrackPointExtension><gpxtpx:bearing>147.07</gpxtpx:bearing><gpxtpx:speed>16.25081</gpxtpx:speed></gpxtpx:TrackPointExtension></extensions><geoidheight>-35.3</geoidheight><src>gps</src><sat>16</sat><hdop>0.72</hdop><vdop>1.18</vdop><pdop>1.39</pdop><dgpsid>0000</dgpsid></trkpt>
<trkpt lat="30.161067666666668" lon="-114.65854783333334"><ele>175.7</ele><time>2025-12-17T00:11:48.000Z</time><extensions><gpxtpx:TrackPointExtension><gpxtpx:bearing>134.38</gpxtpx:bearing><gpxtpx:speed>14.926945</gpxtpx:speed></gpxtpx:TrackPointExtension></extensions><geoidheight>-35.3</geoidheight><src>gps</src><sat>16</sat><hdop>0.72</hdop><vdop>1.18</vdop><pdop>1.38</pdop><dgpsid>0000</dgpsid></trkpt>
<trkpt lat="30.159933500000005" lon="-114.65725116666665"><ele>168.7</ele><time>2025-12-17T00:11:59.000Z</time><extensions><gpxtpx:TrackPointExtension><gpxtpx:bearing>134.6</gpxtpx:bearing><gpxtpx:speed>16.760386</gpxtpx:speed></gpxtpx:TrackPointExtension></extensions><geoidheight>-35.3</geoidheight><src>gps</src><sat>16</sat><hdop>0.72</hdop><vdop>1.18</vdop><pdop>1.38</pdop><dgpsid>0000</dgpsid></trkpt>
<trkpt lat="30.158710333333335" lon="-114.6558445"><ele>159.8</ele><time>2025-12-17T00:12:10.000Z</time><extensions><gpxtpx:TrackPointExtension><gpxtpx:bearing>134.84</gpxtpx:bearing><gpxtpx:speed>17.986454</gpxtpx:speed></gpxtpx:TrackPointExtension></extensions><geoidheight>-35.3</geoidheight><src>gps</src><sat>16</sat><hdop>0.72</hdop><vdop>1.18</vdop><pdop>1.38</pdop><dgpsid>0000</dgpsid></trkpt>
<trkpt lat="30.157414666666668" lon="-114.65437233333333"><ele>151.3</ele><time>2025-12-17T00:12:21.000Z</time><extensions><gpxtpx:TrackPointExtension><gpxtpx:bearing>138.03</gpxtpx:bearing><gpxtpx:speed>18.770376</gpxtpx:speed></gpxtpx:TrackPointExtension></extensions><geoidheight>-35.3</geoidheight><src>gps</src><sat>16</sat><hdop>0.72</hdop><vdop>1.18</vdop><pdop>1.38</pdop><dgpsid>0000</dgpsid></trkpt>
<trkpt lat="30.155988833333335" lon="-114.65294"><ele>141.0</ele><time>2025-12-17T00:12:32.000Z</time><extensions><gpxtpx:TrackPointExtension><gpxtpx:bearing>140.08</gpxtpx:bearing><gpxtpx:speed>19.442602</gpxtpx:speed></gpxtpx:TrackPointExtension></extensions><geoidheight>-35.3</geoidheight><src>gps</src><sat>16</sat><hdop>0.73</hdop><vdop>1.25</vdop><pdop>1.45</pdop><dgpsid>0000</dgpsid></trkpt>
<trkpt lat="30.154436833333328" lon="-114.65146016666668"><ele>127.8</ele><time>2025-12-17T00:12:43.000Z</time><extensions><gpxtpx:TrackPointExtension><gpxtpx:bearing>140.4</gpxtpx:bearing><gpxtpx:speed>21.332663</gpxtpx:speed></gpxtpx:TrackPointExtension></extensions><geoidheight>-35.3</geoidheight><src>gps</src><sat>15</sat><hdop>0.73</hdop><vdop>1.25</vdop><pdop>1.45</pdop><dgpsid>0000</dgpsid></trkpt>
<trkpt lat="30.152783999999997" lon="-114.64986983333334"><ele>112.7</ele><time>2025-12-17T00:12:54.000Z</time><extensions><gpxtpx:TrackPointExtension><gpxtpx:bearing>140.02</gpxtpx:bearing><gpxtpx:speed>20.458664</gpxtpx:speed></gpxtpx:TrackPointExtension></extensions><geoidheight>-35.3</geoidheight><src>gps</src><sat>15</sat><hdop>0.73</hdop><vdop>1.25</vdop><pdop>1.45</pdop><dgpsid>0000</dgpsid></trkpt>
<trkpt lat="30.15133733333333" lon="-114.64841999999999"><ele>100.2</ele><time>2025-12-17T00:13:05.000Z</time><extensions><gpxtpx:TrackPointExtension><gpxtpx:bearing>135.08</gpxtpx:bearing><gpxtpx:speed>19.516209</gpxtpx:speed></gpxtpx:TrackPointExtension></extensions><geoidheight>-35.3</geoidheight><src>gps</src><sat>15</sat><hdop>0.73</hdop><vdop>1.25</vdop><pdop>1.45</pdop><dgpsid>0000</dgpsid></trkpt>
<trkpt lat="30.150104333333335" lon="-114.64661333333333"><ele>87.3</ele><time>2025-12-17T00:13:16.000Z</time><extensions><gpxtpx:TrackPointExtension><gpxtpx:bearing>120.86</gpxtpx:bearing><gpxtpx:speed>20.846766</gpxtpx:speed></gpxtpx:TrackPointExtension></extensions><geoidheight>-35.3</geoidheight><src>gps</src><sat>15</sat><hdop>0.72</hdop><vdop>1.17</vdop><pdop>1.37</pdop><dgpsid>0000</dgpsid></trkpt>
<trkpt lat="30.149204" lon="-114.6445725"><ele>77.1</ele><time>2025-12-17T00:13:27.000Z</time><extensions><gpxtpx:TrackPointExtension><gpxtpx:bearing>117.51</gpxtpx:bearing><gpxtpx:speed>18.937145</gpxtpx:speed></gpxtpx:TrackPointExtension></extensions><geoidheight>-35.3</geoidheight><src>gps</src><sat>15</sat><hdop>0.80</hdop><vdop>1.27</vdop><pdop>1.50</pdop><dgpsid>0000</dgpsid></trkpt>
<trkpt lat="30.147998999999995" lon="-114.64295150000001"><ele>67.5</ele><time>2025-12-17T00:13:38.000Z</time><extensions><gpxtpx:TrackPointExtension><gpxtpx:bearing>144.21</gpxtpx:bearing><gpxtpx:speed>18.851702</gpxtpx:speed></gpxtpx:TrackPointExtension></extensions><geoidheight>-35.3</geoidheight><src>gps</src><sat>16</sat><hdop>0.72</hdop><vdop>1.17</vdop><pdop>1.37</pdop><dgpsid>0000</dgpsid></trkpt>
<trkpt lat="30.146286666666665" lon="-114.64211833333333"><ele>56.2</ele><time>2025-12-17T00:13:49.000Z</time><extensions><gpxtpx:TrackPointExtension><gpxtpx:bearing>170.96</gpxtpx:bearing><gpxtpx:speed>19.354586</gpxtpx:speed></gpxtpx:TrackPointExtension></extensions><geoidheight>-35.3</geoidheight><src>gps</src><sat>15</sat><hdop>0.73</hdop><vdop>1.24</vdop><pdop>1.44</pdop><dgpsid>0000</dgpsid></trkpt>
<trkpt lat="30.144314666666666" lon="-114.64195216666667"><ele>42.8</ele><time>2025-12-17T00:14:00.000Z</time><extensions><gpxtpx:TrackPointExtension><gpxtpx:bearing>178.21</gpxtpx:bearing><gpxtpx:speed>20.646538</gpxtpx:speed></gpxtpx:TrackPointExtension></extensions><geoidheight>-35.3</geoidheight><src>gps</src><sat>14</sat><hdop>0.85</hdop><vdop>1.44</vdop><pdop>1.67</pdop><dgpsid>0000</dgpsid></trkpt>
<trkpt lat="30.1422145" lon="-114.64163349999998"><ele>32.7</ele><time>2025-12-17T00:14:11.000Z</time><extensions><gpxtpx:TrackPointExtension><gpxtpx:bearing>168.5</gpxtpx:bearing><gpxtpx:speed>21.69966</gpxtpx:speed></gpxtpx:TrackPointExtension></extensions><geoidheight>-35.4</geoidheight><src>gps</src><sat>16</sat><hdop>0.67</hdop><vdop>1.04</vdop><pdop>1.23</pdop><dgpsid>0000</dgpsid></trkpt>
<trkpt lat="30.140273666666666" lon="-114.64113616666667"><ele>31.7</ele><time>2025-12-17T00:14:22.000Z</time><extensions><gpxtpx:TrackPointExtension><gpxtpx:bearing>167.1</gpxtpx:bearing><gpxtpx:speed>18.118736</gpxtpx:speed></gpxtpx:TrackPointExtension></extensions><geoidheight>-35.4</geoidheight><src>gps</src><sat>15</sat><hdop>0.69</hdop><vdop>1.13</vdop><pdop>1.32</pdop><dgpsid>0000</dgpsid></trkpt>
<trkpt lat="30.138502166666665" lon="-114.64069749999999"><ele>36.4</ele><time>2025-12-17T00:14:33.000Z</time><extensions><gpxtpx:TrackPointExtension><gpxtpx:bearing>167.8</gpxtpx:bearing><gpxtpx:speed>18.8167</gpxtpx:speed></gpxtpx:TrackPointExtension></extensions><geoidheight>-35.4</geoidheight><src>gps</src><sat>14</sat><hdop>0.80</hdop><vdop>1.31</vdop><pdop>1.54</pdop><dgpsid>0000</dgpsid></trkpt>
<trkpt lat="30.136633833333335" lon="-114.6401645"><ele>41.8</ele><time>2025-12-17T00:14:44.000Z</time><extensions><gpxtpx:TrackPointExtension><gpxtpx:bearing>161.24</gpxtpx:bearing><gpxtpx:speed>19.6418</gpxtpx:speed></gpxtpx:TrackPointExtension></extensions><geoidheight>-35.4</geoidheight><src>gps</src><sat>15</sat><hdop>0.74</hdop><vdop>1.18</vdop><pdop>1.39</pdop><dgpsid>0000</dgpsid></trkpt>
<trkpt lat="30.134805500000002" lon="-114.63927983333333"><ele>40.8</ele><time>2025-12-17T00:14:55.000Z</time><extensions><gpxtpx:TrackPointExtension><gpxtpx:bearing>154.0</gpxtpx:bearing><gpxtpx:speed>19.825556</gpxtpx:speed></gpxtpx:TrackPointExtension></extensions><geoidheight>-35.4</geoidheight><src>gps</src><sat>16</sat><hdop>0.67</hdop><vdop>1.03</vdop><pdop>1.23</pdop><dgpsid>0000</dgpsid></trkpt>
<trkpt lat="30.13297133333333" lon="-114.6385765"><ele>34.6</ele><time>2025-12-17T00:15:06.000Z</time><extensions><gpxtpx:TrackPointExtension><gpxtpx:bearing>167.76</gpxtpx:bearing><gpxtpx:speed>20.46484</gpxtpx:speed></gpxtpx:TrackPointExtension></extensions><geoidheight>-35.4</geoidheight><src>gps</src><sat>16</sat><hdop>0.67</hdop><vdop>1.03</vdop><pdop>1.23</pdop><dgpsid>0000</dgpsid></trkpt>
<trkpt lat="30.1308345" lon="-114.63851449999999"><ele>23.8</ele><time>2025-12-17T00:15:17.000Z</time><extensions><gpxtpx:TrackPointExtension><gpxtpx:bearing>183.03</gpxtpx:bearing><gpxtpx:speed>22.74712</gpxtpx:speed></gpxtpx:TrackPointExtension></extensions><geoidheight>-35.4</geoidheight><src>gps</src><sat>16</sat><hdop>0.67</hdop><vdop>1.03</vdop><pdop>1.23</pdop><dgpsid>0000</dgpsid></trkpt>
<trkpt lat="30.128641000000002" lon="-114.63872916666666"><ele>19.2</ele><time>2025-12-17T00:15:28.000Z</time><extensions><gpxtpx:TrackPointExtension><gpxtpx:bearing>184.64</gpxtpx:bearing><gpxtpx:speed>21.426857</gpxtpx:speed></gpxtpx:TrackPointExtension></extensions><geoidheight>-35.4</geoidheight><src>gps</src><sat>16</sat><hdop>0.67</hdop><vdop>1.03</vdop><pdop>1.23</pdop><dgpsid>0000</dgpsid></trkpt>
<trkpt lat="30.12649066666667" lon="-114.6386125"><ele>20.2</ele><time>2025-12-17T00:15:39.000Z</time><extensions><gpxtpx:TrackPointExtension><gpxtpx:bearing>169.5</gpxtpx:bearing><gpxtpx:speed>22.780577</gpxtpx:speed></gpxtpx:TrackPointExtension></extensions><geoidheight>-35.4</geoidheight><src>gps</src><sat>15</sat><hdop>0.68</hdop><vdop>1.13</vdop><pdop>1.32</pdop><dgpsid>0000</dgpsid></trkpt>
<trkpt lat="30.124279166666664" lon="-114.637734"><ele>19.5</ele><time>2025-12-17T00:15:50.000Z</time><extensions><gpxtpx:TrackPointExtension><gpxtpx:bearing>158.68</gpxtpx:bearing><gpxtpx:speed>23.813623</gpxtpx:speed></gpxtpx:TrackPointExtension></extensions><geoidheight>-35.4</geoidheight><src>gps</src><sat>16</sat><hdop>0.67</hdop><vdop>1.03</vdop><pdop>1.23</pdop><dgpsid>0000</dgpsid></trkpt>
<trkpt lat="30.12210483333333" lon="-114.63674"><ele>20.7</ele><time>2025-12-17T00:16:01.000Z</time><extensions><gpxtpx:TrackPointExtension><gpxtpx:bearing>158.32</gpxtpx:bearing><gpxtpx:speed>23.875391</gpxtpx:speed></gpxtpx:TrackPointExtension></extensions><geoidheight>-35.4</geoidheight><src>gps</src><sat>15</sat><hdop>0.70</hdop><vdop>1.04</vdop><pdop>1.25</pdop><dgpsid>0000</dgpsid></trkpt>
<trkpt lat="30.119935833333336" lon="-114.63575216666668"><ele>19.6</ele><time>2025-12-17T00:16:12.000Z</time><extensions><gpxtpx:TrackPointExtension><gpxtpx:bearing>158.11</gpxtpx:bearing><gpxtpx:speed>23.441994</gpxtpx:speed></gpxtpx:TrackPointExtension></extensions><geoidheight>-35.4</geoidheight><src>gps</src><sat>16</sat><hdop>0.67</hdop><vdop>1.03</vdop><pdop>1.22</pdop><dgpsid>0000</dgpsid></trkpt>
<trkpt lat="30.117751666666663" lon="-114.63478699999999"><ele>19.7</ele><time>2025-12-17T00:16:23.000Z</time><extensions><gpxtpx:TrackPointExtension><gpxtpx:bearing>160.97</gpxtpx:bearing><gpxtpx:speed>23.850683</gpxtpx:speed></gpxtpx:TrackPointExtension></extensions><geoidheight>-35.4</geoidheight><src>gps</src><sat>16</sat><hdop>0.67</hdop><vdop>1.02</vdop><pdop>1.22</pdop><dgpsid>0000</dgpsid></trkpt>
<trkpt lat="30.11545233333333" lon="-114.63393616666666"><ele>17.6</ele><time>2025-12-17T00:16:34.000Z</time><extensions><gpxtpx:TrackPointExtension><gpxtpx:bearing>163.55</gpxtpx:bearing><gpxtpx:speed>24.614017</gpxtpx:speed></gpxtpx:TrackPointExtension></extensions><geoidheight>-35.4</geoidheight><src>gps</src><sat>16</sat><hdop>0.67</hdop><vdop>1.02</vdop><pdop>1.22</pdop><dgpsid>0000</dgpsid></trkpt>
<trkpt lat="30.113093166666665" lon="-114.63321183333333"><ele>18.8</ele><time>2025-12-17T00:16:45.000Z</time><extensions><gpxtpx:TrackPointExtension><gpxtpx:bearing>164.9</gpxtpx:bearing><gpxtpx:speed>24.945498</gpxtpx:speed></gpxtpx:TrackPointExtension></extensions><geoidheight>-35.4</geoidheight><src>gps</src><sat>16</sat><hdop>0.67</hdop><vdop>1.02</vdop><pdop>1.22</pdop><dgpsid>0000</dgpsid></trkpt>
<trkpt lat="30.110657500000002" lon="-114.63249849999998"><ele>22.2</ele><time>2025-12-17T00:16:56.000Z</time><extensions><gpxtpx:TrackPointExtension><gpxtpx:bearing>165.73</gpxtpx:bearing><gpxtpx:speed>25.716038</gpxtpx:speed></gpxtpx:TrackPointExtension></extensions><geoidheight>-35.4</geoidheight><src>gps</src><sat>16</sat><hdop>0.67</hdop><vdop>1.02</vdop><pdop>1.22</pdop><dgpsid>0000</dgpsid></trkpt>
<trkpt lat="30.108238500000002" lon="-114.63178666666666"><ele>25.6</ele><time>2025-12-17T00:17:07.000Z</time><extensions><gpxtpx:TrackPointExtension><gpxtpx:bearing>165.34</gpxtpx:bearing><gpxtpx:speed>25.483383</gpxtpx:speed></gpxtpx:TrackPointExtension></extensions><geoidheight>-35.4</geoidheight><src>gps</src><sat>16</sat><hdop>0.67</hdop><vdop>1.02</vdop><pdop>1.22</pdop><dgpsid>0000</dgpsid></trkpt>
<trkpt lat="30.1057715" lon="-114.63106716666668"><ele>27.4</ele><time>2025-12-17T00:17:18.000Z</time><extensions><gpxtpx:TrackPointExtension><gpxtpx:bearing>165.83</gpxtpx:bearing><gpxtpx:speed>25.628534</gpxtpx:speed></gpxtpx:TrackPointExtension></extensions><geoidheight>-35.4</geoidheight><src>gps</src><sat>15</sat><hdop>0.68</hdop><vdop>1.12</vdop><pdop>1.31</pdop><dgpsid>0000</dgpsid></trkpt>
<trkpt lat="30.103267" lon="-114.63037283333333"><ele>32.5</ele><time>2025-12-17T00:17:29.000Z</time><extensions><gpxtpx:TrackPointExtension><gpxtpx:bearing>166.82</gpxtpx:bearing><gpxtpx:speed>25.677433</gpxtpx:speed></gpxtpx:TrackPointExtension></extensions><geoidheight>-35.4</geoidheight><src>gps</src><sat>15</sat><hdop>0.68</hdop><vdop>1.12</vdop><pdop>1.31</pdop><dgpsid>0000</dgpsid></trkpt>
<trkpt lat="30.100906333333334" lon="-114.62976750000001"><ele>41.1</ele><time>2025-12-17T00:17:40.000Z</time><extensions><gpxtpx:TrackPointExtension><gpxtpx:bearing>167.42</gpxtpx:bearing><gpxtpx:speed>23.289637</gpxtpx:speed></gpxtpx:TrackPointExtension></extensions><geoidheight>-35.4</geoidheight><src>gps</src><sat>15</sat><hdop>0.68</hdop><vdop>1.12</vdop><pdop>1.31</pdop><dgpsid>0000</dgpsid></trkpt>
<trkpt lat="30.09875233333333" lon="-114.62920816666669"><ele>40.6</ele><time>2025-12-17T00:17:51.000Z</time><extensions><gpxtpx:TrackPointExtension><gpxtpx:bearing>166.8</gpxtpx:bearing><gpxtpx:speed>21.793854</gpxtpx:speed></gpxtpx:TrackPointExtension></extensions><geoidheight>-35.4</geoidheight><src>gps</src><sat>15</sat><hdop>0.68</hdop><vdop>1.12</vdop><pdop>1.31</pdop><dgpsid>0000</dgpsid></trkpt>
<trkpt lat="30.096587666666665" lon="-114.62864583333334"><ele>37.0</ele><time>2025-12-17T00:18:02.000Z</time><extensions><gpxtpx:TrackPointExtension><gpxtpx:bearing>167.39</gpxtpx:bearing><gpxtpx:speed>22.587555</gpxtpx:speed></gpxtpx:TrackPointExtension></extensions><geoidheight>-35.4</geoidheight><src>gps</src><sat>16</sat><hdop>0.67</hdop><vdop>1.01</vdop><pdop>1.21</pdop><dgpsid>0000</dgpsid></trkpt>
<trkpt lat="30.0943945" lon="-114.62808866666667"><ele>38.0</ele><time>2025-12-17T00:18:13.000Z</time><extensions><gpxtpx:TrackPointExtension><gpxtpx:bearing>167.56</gpxtpx:bearing><gpxtpx:speed>22.225706</gpxtpx:speed></gpxtpx:TrackPointExtension></extensions><geoidheight>-35.4</geoidheight><src>gps</src><sat>16</sat><hdop>0.67</hdop><vdop>1.01</vdop><pdop>1.21</pdop><dgpsid>0000</dgpsid></trkpt>
<trkpt lat="30.09224733333333" lon="-114.62751383333334"><ele>39.7</ele><time>2025-12-17T00:18:24.000Z</time><extensions><gpxtpx:TrackPointExtension><gpxtpx:bearing>166.64</gpxtpx:bearing><gpxtpx:speed>22.0018</gpxtpx:speed></gpxtpx:TrackPointExtension></extensions><geoidheight>-35.4</geoidheight><src>gps</src><sat>15</sat><hdop>0.68</hdop><vdop>1.12</vdop><pdop>1.31</pdop><dgpsid>0000</dgpsid></trkpt>
<trkpt lat="30.090177999999998" lon="-114.62672466666666"><ele>42.0</ele><time>2025-12-17T00:18:35.000Z</time><extensions><gpxtpx:TrackPointExtension><gpxtpx:bearing>157.62</gpxtpx:bearing><gpxtpx:speed>22.15416</gpxtpx:speed></gpxtpx:TrackPointExtension></extensions><geoidheight>-35.4</geoidheight><src>gps</src><sat>16</sat><hdop>0.67</hdop><vdop>1.01</vdop><pdop>1.21</pdop><dgpsid>0000</dgpsid></trkpt>
<trkpt lat="30.088179666666665" lon="-114.6256725"><ele>45.4</ele><time>2025-12-17T00:18:46.000Z</time><extensions><gpxtpx:TrackPointExtension><gpxtpx:bearing>154.54</gpxtpx:bearing><gpxtpx:speed>22.242176</gpxtpx:speed></gpxtpx:TrackPointExtension></extensions><geoidheight>-35.4</geoidheight><src>gps</src><sat>16</sat><hdop>0.67</hdop><vdop>1.01</vdop><pdop>1.21</pdop><dgpsid>0000</dgpsid></trkpt>
<trkpt lat="30.086166333333335" lon="-114.624588"><ele>46.1</ele><time>2025-12-17T00:18:57.000Z</time><extensions><gpxtpx:TrackPointExtension><gpxtpx:bearing>155.12</gpxtpx:bearing><gpxtpx:speed>22.407917</gpxtpx:speed></gpxtpx:TrackPointExtension></extensions><geoidheight>-35.4</geoidheight><src>gps</src><sat>15</sat><hdop>0.68</hdop><vdop>1.11</vdop><pdop>1.31</pdop><dgpsid>0000</dgpsid></trkpt>
<trkpt lat="30.084100499999998" lon="-114.62350399999998"><ele>40.6</ele><time>2025-12-17T00:19:08.000Z</time><extensions><gpxtpx:TrackPointExtension><gpxtpx:bearing>158.1</gpxtpx:bearing><gpxtpx:speed>23.503761</gpxtpx:speed></gpxtpx:TrackPointExtension></extensions><geoidheight>-35.4</geoidheight><src>gps</src><sat>15</sat><hdop>0.68</hdop><vdop>1.11</vdop><pdop>1.31</pdop><dgpsid>0000</dgpsid></trkpt>
<trkpt lat="30.081936000000002" lon="-114.6226515"><ele>42.9</ele><time>2025-12-17T00:19:19.000Z</time><extensions><gpxtpx:TrackPointExtension><gpxtpx:bearing>164.21</gpxtpx:bearing><gpxtpx:speed>23.04154</gpxtpx:speed></gpxtpx:TrackPointExtension></extensions><geoidheight>-35.4</geoidheight><src>gps</src><sat>15</sat><hdop>0.68</hdop><vdop>1.11</vdop><pdop>1.30</pdop><dgpsid>0000</dgpsid></trkpt>
<trkpt lat="30.079713333333334" lon="-114.6219925"><ele>47.5</ele><time>2025-12-17T00:19:30.000Z</time><extensions><gpxtpx:TrackPointExtension><gpxtpx:bearing>165.49</gpxtpx:bearing><gpxtpx:speed>23.179485</gpxtpx:speed></gpxtpx:TrackPointExtension></extensions><geoidheight>-35.4</geoidheight><src>gps</src><sat>15</sat><hdop>0.68</hdop><vdop>1.11</vdop><pdop>1.30</pdop><dgpsid>0000</dgpsid></trkpt>
<trkpt lat="30.077501999999996" lon="-114.62128166666668"><ele>51.1</ele><time>2025-12-17T00:19:41.000Z</time><extensions><gpxtpx:TrackPointExtension><gpxtpx:bearing>160.56</gpxtpx:bearing><gpxtpx:speed>23.391552</gpxtpx:speed></gpxtpx:TrackPointExtension></extensions><geoidheight>-35.4</geoidheight><src>gps</src><sat>15</sat><hdop>0.68</hdop><vdop>1.11</vdop><pdop>1.30</pdop><dgpsid>0000</dgpsid></trkpt>
<trkpt lat="30.075429166666662" lon="-114.62024616666667"><ele>58.1</ele><time>2025-12-17T00:19:52.000Z</time><extensions><gpxtpx:TrackPointExtension><gpxtpx:bearing>152.29</gpxtpx:bearing><gpxtpx:speed>22.594246</gpxtpx:speed></gpxtpx:TrackPointExtension></extensions><geoidheight>-35.4</geoidheight><src>gps</src><sat>15</sat><hdop>0.68</hdop><vdop>1.11</vdop><pdop>1.30</pdop><dgpsid>0000</dgpsid></trkpt>
<trkpt lat="30.073496833333333" lon="-114.61897966666666"><ele>63.0</ele><time>2025-12-17T00:20:03.000Z</time><extensions><gpxtpx:TrackPointExtension><gpxtpx:bearing>150.35</gpxtpx:bearing><gpxtpx:speed>22.322474</gpxtpx:speed></gpxtpx:TrackPointExtension></extensions><geoidheight>-35.4</geoidheight><src>gps</src><sat>15</sat><hdop>0.68</hdop><vdop>1.11</vdop><pdop>1.30</pdop><dgpsid>0000</dgpsid></trkpt>
<trkpt lat="30.071574333333334" lon="-114.6177"><ele>63.1</ele><time>2025-12-17T00:20:14.000Z</time><extensions><gpxtpx:TrackPointExtension><gpxtpx:bearing>150.34</gpxtpx:bearing><gpxtpx:speed>21.629143</gpxtpx:speed></gpxtpx:TrackPointExtension></extensions><geoidheight>-35.4</geoidheight><src>gps</src><sat>15</sat><hdop>0.68</hdop><vdop>1.11</vdop><pdop>1.30</pdop><dgpsid>0000</dgpsid></trkpt>
<trkpt lat="30.06956266666667" lon="-114.61633183333333"><ele>63.0</ele><time>2025-12-17T00:20:25.000Z</time><extensions><gpxtpx:TrackPointExtension><gpxtpx:bearing>147.99</gpxtpx:bearing><gpxtpx:speed>24.211504</gpxtpx:speed></gpxtpx:TrackPointExtension></extensions><geoidheight>-35.4</geoidheight><src>gps</src><sat>15</sat><hdop>0.68</hdop><vdop>1.11</vdop><pdop>1.30</pdop><dgpsid>0000</dgpsid></trkpt>
<trkpt lat="30.067612999999998" lon="-114.61476433333334"><ele>64.9</ele><time>2025-12-17T00:20:36.000Z</time><extensions><gpxtpx:TrackPointExtension><gpxtpx:bearing>140.81</gpxtpx:bearing><gpxtpx:speed>24.212534</gpxtpx:speed></gpxtpx:TrackPointExtension></extensions><geoidheight>-35.4</geoidheight><src>gps</src><sat>15</sat><hdop>0.68</hdop><vdop>1.11</vdop><pdop>1.30</pdop><dgpsid>0000</dgpsid></trkpt>
<trkpt lat="30.065716166666668" lon="-114.6129515"><ele>63.8</ele><time>2025-12-17T00:20:47.000Z</time><extensions><gpxtpx:TrackPointExtension><gpxtpx:bearing>140.25</gpxtpx:bearing><gpxtpx:speed>25.551327</gpxtpx:speed></gpxtpx:TrackPointExtension></extensions><geoidheight>-35.4</geoidheight><src>gps</src><sat>14</sat><hdop>0.73</hdop><vdop>1.24</vdop><pdop>1.44</pdop><dgpsid>0000</dgpsid></trkpt>
<trkpt lat="30.06375166666667" lon="-114.61107283333334"><ele>56.5</ele><time>2025-12-17T00:20:58.000Z</time><extensions><gpxtpx:TrackPointExtension><gpxtpx:bearing>140.17</gpxtpx:bearing><gpxtpx:speed>25.165285</gpxtpx:speed></gpxtpx:TrackPointExtension></extensions><geoidheight>-35.4</geoidheight><src>gps</src><sat>15</sat><hdop>0.68</hdop><vdop>1.10</vdop><pdop>1.30</pdop><dgpsid>0000</dgpsid></trkpt>
<trkpt lat="30.06201133333333" lon="-114.60931416666666"><ele>60.9</ele><time>2025-12-17T00:21:09.000Z</time><extensions><gpxtpx:TrackPointExtension><gpxtpx:bearing>134.42</gpxtpx:bearing><gpxtpx:speed>22.016727</gpxtpx:speed></gpxtpx:TrackPointExtension></extensions><geoidheight>-35.4</geoidheight><src>gps</src><sat>14</sat><hdop>0.68</hdop><vdop>1.10</vdop><pdop>1.30</pdop><dgpsid>0000</dgpsid></trkpt>
<trkpt lat="30.060699999999997" lon="-114.60722116666666"><ele>59.8</ele><time>2025-12-17T00:21:20.000Z</time><extensions><gpxtpx:TrackPointExtension><gpxtpx:bearing>118.94</gpxtpx:bearing><gpxtpx:speed>23.660751</gpxtpx:speed></gpxtpx:TrackPointExtension></extensions><geoidheight>-35.4</geoidheight><src>gps</src><sat>12</sat><hdop>0.80</hdop><vdop>1.27</vdop><pdop>1.50</pdop><dgpsid>0000</dgpsid></trkpt>
<trkpt lat="30.059621666666665" lon="-114.60483316666665"><ele>57.4</ele><time>2025-12-17T00:21:31.000Z</time><extensions><gpxtpx:TrackPointExtension><gpxtpx:bearing>117.07</gpxtpx:bearing><gpxtpx:speed>22.94014</gpxtpx:speed></gpxtpx:TrackPointExtension></extensions><geoidheight>-35.4</geoidheight><src>gps</src><sat>13</sat><hdop>0.85</hdop><vdop>1.31</vdop><pdop>1.56</pdop><dgpsid>0000</dgpsid></trkpt>
<trkpt lat="30.058604999999996" lon="-114.60255583333334"><ele>57.5</ele><time>2025-12-17T00:21:42.000Z</time><extensions><gpxtpx:TrackPointExtension><gpxtpx:bearing>117.39</gpxtpx:bearing><gpxtpx:speed>22.615866</gpxtpx:speed></gpxtpx:TrackPointExtension></extensions><geoidheight>-35.4</geoidheight><src>gps</src><sat>13</sat><hdop>0.87</hdop><vdop>1.51</vdop><pdop>1.74</pdop><dgpsid>0000</dgpsid></trkpt>
<trkpt lat="30.057562500000003" lon="-114.6002305"><ele>52.1</ele><time>2025-12-17T00:21:53.000Z</time><extensions><gpxtpx:TrackPointExtension><gpxtpx:bearing>117.0</gpxtpx:bearing><gpxtpx:speed>23.012716</gpxtpx:speed></gpxtpx:TrackPointExtension></extensions><geoidheight>-35.4</geoidheight><src>gps</src><sat>14</sat><hdop>0.82</hdop><vdop>1.30</vdop><pdop>1.53</pdop><dgpsid>0000</dgpsid></trkpt>
<trkpt lat="30.0564065" lon="-114.59795899999999"><ele>46.3</ele><time>2025-12-17T00:22:04.000Z</time><extensions><gpxtpx:TrackPointExtension><gpxtpx:bearing>125.18</gpxtpx:bearing><gpxtpx:speed>23.211914</gpxtpx:speed></gpxtpx:TrackPointExtension></extensions><geoidheight>-35.4</geoidheight><src>gps</src><sat>15</sat><hdop>0.70</hdop><vdop>1.13</vdop><pdop>1.33</pdop><dgpsid>0000</dgpsid></trkpt>
<trkpt lat="30.05493483333333" lon="-114.59593116666669"><ele>40.7</ele><time>2025-12-17T00:22:15.000Z</time><extensions><gpxtpx:TrackPointExtension><gpxtpx:bearing>134.55</gpxtpx:bearing><gpxtpx:speed>23.717371</gpxtpx:speed></gpxtpx:TrackPointExtension></extensions><geoidheight>-35.4</geoidheight><src>gps</src><sat>15</sat><hdop>0.70</hdop><vdop>1.13</vdop><pdop>1.33</pdop><dgpsid>0000</dgpsid></trkpt>
<trkpt lat="30.053115333333334" lon="-114.5941465"><ele>33.7</ele><time>2025-12-17T00:22:26.000Z</time><extensions><gpxtpx:TrackPointExtension><gpxtpx:bearing>144.61</gpxtpx:bearing><gpxtpx:speed>24.241358</gpxtpx:speed></gpxtpx:TrackPointExtension></extensions><geoidheight>-35.4</geoidheight><src>gps</src><sat>15</sat><hdop>0.70</hdop><vdop>1.13</vdop><pdop>1.33</pdop><dgpsid>0000</dgpsid></trkpt>
<trkpt lat="30.051149333333335" lon="-114.59259150000001"><ele>34.2</ele><time>2025-12-17T00:22:37.000Z</time><extensions><gpxtpx:TrackPointExtension><gpxtpx:bearing>145.31</gpxtpx:bearing><gpxtpx:speed>23.521261</gpxtpx:speed></gpxtpx:TrackPointExtension></extensions><geoidheight>-35.4</geoidheight><src>gps</src><sat>15</sat><hdop>0.70</hdop><vdop>1.13</vdop><pdop>1.33</pdop><dgpsid>0000</dgpsid></trkpt>
<trkpt lat="30.049252833333338" lon="-114.59107983333334"><ele>40.6</ele><time>2025-12-17T00:22:48.000Z</time><extensions><gpxtpx:TrackPointExtension><gpxtpx:bearing>145.51</gpxtpx:bearing><gpxtpx:speed>22.989553</gpxtpx:speed></gpxtpx:TrackPointExtension></extensions><geoidheight>-35.4</geoidheight><src>gps</src><sat>15</sat><hdop>0.70</hdop><vdop>1.13</vdop><pdop>1.33</pdop><dgpsid>0000</dgpsid></trkpt>
<trkpt lat="30.047358666666664" lon="-114.58958249999999"><ele>42.9</ele><time>2025-12-17T00:22:59.000Z</time><extensions><gpxtpx:TrackPointExtension><gpxtpx:bearing>145.56</gpxtpx:bearing><gpxtpx:speed>23.096102</gpxtpx:speed></gpxtpx:TrackPointExtension></extensions><geoidheight>-35.4</geoidheight><src>gps</src><sat>15</sat><hdop>0.70</hdop><vdop>1.12</vdop><pdop>1.33</pdop><dgpsid>0000</dgpsid></trkpt>
<trkpt lat="30.045477166666668" lon="-114.58808666666667"><ele>38.0</ele><time>2025-12-17T00:23:10.000Z</time><extensions><gpxtpx:TrackPointExtension><gpxtpx:bearing>145.84</gpxtpx:bearing><gpxtpx:speed>23.0786</gpxtpx:speed></gpxtpx:TrackPointExtension></extensions><geoidheight>-35.4</geoidheight><src>gps</src><sat>15</sat><hdop>0.73</hdop><vdop>1.18</vdop><pdop>1.38</pdop><dgpsid>0000</dgpsid></trkpt>
<trkpt lat="30.04357883333333" lon="-114.58659683333332"><ele>30.5</ele><time>2025-12-17T00:23:21.000Z</time><extensions><gpxtpx:TrackPointExtension><gpxtpx:bearing>145.62</gpxtpx:bearing><gpxtpx:speed>23.64531</gpxtpx:speed></gpxtpx:TrackPointExtension></extensions><geoidheight>-35.4</geoidheight><src>gps</src><sat>15</sat><hdop>0.70</hdop><vdop>1.12</vdop><pdop>1.32</pdop><dgpsid>0000</dgpsid></trkpt>
<trkpt lat="30.041706666666663" lon="-114.58512333333334"><ele>34.3</ele><time>2025-12-17T00:23:32.000Z</time><extensions><gpxtpx:TrackPointExtension><gpxtpx:bearing>145.51</gpxtpx:bearing><gpxtpx:speed>23.117205</gpxtpx:speed></gpxtpx:TrackPointExtension></extensions><geoidheight>-35.4</geoidheight><src>gps</src><sat>15</sat><hdop>0.73</hdop><vdop>1.18</vdop><pdop>1.38</pdop><dgpsid>0000</dgpsid></trkpt>
<trkpt lat="30.039745833333335" lon="-114.58368483333334"><ele>29.5</ele><time>2025-12-17T00:23:43.000Z</time><extensions><gpxtpx:TrackPointExtension><gpxtpx:bearing>148.46</gpxtpx:bearing><gpxtpx:speed>24.187826</gpxtpx:speed></gpxtpx:TrackPointExtension></extensions><geoidheight>-35.4</geoidheight><src>gps</src><sat>15</sat><hdop>0.73</hdop><vdop>1.17</vdop><pdop>1.38</pdop><dgpsid>0000</dgpsid></trkpt>
<trkpt lat="30.037551" lon="-114.582277"><ele>19.4</ele><time>2025-12-17T00:23:54.000Z</time><extensions><gpxtpx:TrackPointExtension><gpxtpx:bearing>152.15</gpxtpx:bearing><gpxtpx:speed>25.57037</gpxtpx:speed></gpxtpx:TrackPointExtension></extensions><geoidheight>-35.4</geoidheight><src>gps</src><sat>15</sat><hdop>0.70</hdop><vdop>1.12</vdop><pdop>1.32</pdop><dgpsid>0000</dgpsid></trkpt>
<trkpt lat="30.035343166666667" lon="-114.58089399999999"><ele>18.2</ele><time>2025-12-17T00:24:05.000Z</time><extensions><gpxtpx:TrackPointExtension><gpxtpx:bearing>150.56</gpxtpx:bearing><gpxtpx:speed>25.47</gpxtpx:speed></gpxtpx:TrackPointExtension></extensions><geoidheight>-35.4</geoidheight><src>gps</src><sat>15</sat><hdop>0.70</hdop><vdop>1.12</vdop><pdop>1.32</pdop><dgpsid>0000</dgpsid></trkpt>
<trkpt lat="30.033153666666667" lon="-114.57942683333334"><ele>15.1</ele><time>2025-12-17T00:24:16.000Z</time><extensions><gpxtpx:TrackPointExtension><gpxtpx:bearing>148.04</gpxtpx:bearing><gpxtpx:speed>26.058842</gpxtpx:speed></gpxtpx:TrackPointExtension></extensions><geoidheight>-35.4</geoidheight><src>gps</src><sat>15</sat><hdop>0.70</hdop><vdop>1.12</vdop><pdop>1.32</pdop><dgpsid>0000</dgpsid></trkpt>
<trkpt lat="30.030919166666664" lon="-114.577722"><ele>12.7</ele><time>2025-12-17T00:24:27.000Z</time><extensions><gpxtpx:TrackPointExtension><gpxtpx:bearing>145.28</gpxtpx:bearing><gpxtpx:speed>27.472784</gpxtpx:speed></gpxtpx:TrackPointExtension></extensions><geoidheight>-35.4</geoidheight><src>gps</src><sat>15</sat><hdop>0.73</hdop><vdop>1.17</vdop><pdop>1.38</pdop><dgpsid>0000</dgpsid></trkpt>
<trkpt lat="30.028691000000002" lon="-114.5759685"><ele>13.2</ele><time>2025-12-17T00:24:38.000Z</time><extensions><gpxtpx:TrackPointExtension><gpxtpx:bearing>146.36</gpxtpx:bearing><gpxtpx:speed>26.31466</gpxtpx:speed></gpxtpx:TrackPointExtension></extensions><geoidheight>-35.4</geoidheight><src>gps</src><sat>15</sat><hdop>0.70</hdop><vdop>1.12</vdop><pdop>1.32</pdop><dgpsid>0000</dgpsid></trkpt>
<trkpt lat="30.02655033333333" lon="-114.57428216666668"><ele>16.7</ele><time>2025-12-17T00:24:49.000Z</time><extensions><gpxtpx:TrackPointExtension><gpxtpx:bearing>145.86</gpxtpx:bearing><gpxtpx:speed>26.741879</gpxtpx:speed></gpxtpx:TrackPointExtension></extensions><geoidheight>-35.4</geoidheight><src>gps</src><sat>15</sat><hdop>0.83</hdop><vdop>1.27</vdop><pdop>1.51</pdop><dgpsid>0000</dgpsid></trkpt>
<trkpt lat="30.02436266666667" lon="-114.57259133333334"><ele>21.0</ele><time>2025-12-17T00:25:00.000Z</time><extensions><gpxtpx:TrackPointExtension><gpxtpx:bearing>146.85</gpxtpx:bearing><gpxtpx:speed>26.49893</gpxtpx:speed></gpxtpx:TrackPointExtension></extensions><geoidheight>-35.4</geoidheight><src>gps</src><sat>15</sat><hdop>0.70</hdop><vdop>1.11</vdop><pdop>1.32</pdop><dgpsid>0000</dgpsid></trkpt>
<trkpt lat="30.022235166666665" lon="-114.57106633333333"><ele>26.3</ele><time>2025-12-17T00:25:11.000Z</time><extensions><gpxtpx:TrackPointExtension><gpxtpx:bearing>148.83</gpxtpx:bearing><gpxtpx:speed>24.637178</gpxtpx:speed></gpxtpx:TrackPointExtension></extensions><geoidheight>-35.5</geoidheight><src>gps</src><sat>15</sat><hdop>0.83</hdop><vdop>1.27</vdop><pdop>1.51</pdop><dgpsid>0000</dgpsid></trkpt>
<trkpt lat="30.020196333333335" lon="-114.56964699999999"><ele>27.1</ele><time>2025-12-17T00:25:22.000Z</time><extensions><gpxtpx:TrackPointExtension><gpxtpx:bearing>148.66</gpxtpx:bearing><gpxtpx:speed>24.28099</gpxtpx:speed></gpxtpx:TrackPointExtension></extensions><geoidheight>-35.5</geoidheight><src>gps</src><sat>15</sat><hdop>0.70</hdop><vdop>1.11</vdop><pdop>1.31</pdop><dgpsid>0000</dgpsid></trkpt>
<trkpt lat="30.018168" lon="-114.56828349999999"><ele>25.4</ele><time>2025-12-17T00:25:33.000Z</time><extensions><gpxtpx:TrackPointExtension><gpxtpx:bearing>153.03</gpxtpx:bearing><gpxtpx:speed>23.65406</gpxtpx:speed></gpxtpx:TrackPointExtension></extensions><geoidheight>-35.5</geoidheight><src>gps</src><sat>15</sat><hdop>0.70</hdop><vdop>1.11</vdop><pdop>1.31</pdop><dgpsid>0000</dgpsid></trkpt>
<trkpt lat="30.01601683333333" lon="-114.56727266666667"><ele>22.6</ele><time>2025-12-17T00:25:44.000Z</time><extensions><gpxtpx:TrackPointExtension><gpxtpx:bearing>161.86</gpxtpx:bearing><gpxtpx:speed>22.802195</gpxtpx:speed></gpxtpx:TrackPointExtension></extensions><geoidheight>-35.5</geoidheight><src>gps</src><sat>15</sat><hdop>0.70</hdop><vdop>1.11</vdop><pdop>1.31</pdop><dgpsid>0000</dgpsid></trkpt>
<trkpt lat="30.01376283333333" lon="-114.56670116666668"><ele>17.2</ele><time>2025-12-17T00:25:55.000Z</time><extensions><gpxtpx:TrackPointExtension><gpxtpx:bearing>172.45</gpxtpx:bearing><gpxtpx:speed>24.083338</gpxtpx:speed></gpxtpx:TrackPointExtension></extensions><geoidheight>-35.5</geoidheight><src>gps</src><sat>12</sat><hdop>0.90</hdop><vdop>1.80</vdop><pdop>2.01</pdop><dgpsid>0000</dgpsid></trkpt>
<trkpt lat="30.011403499999997" lon="-114.56646350000001"><ele>17.4</ele><time>2025-12-17T00:26:06.000Z</time><extensions><gpxtpx:TrackPointExtension><gpxtpx:bearing>175.65</gpxtpx:bearing><gpxtpx:speed>23.403904</gpxtpx:speed></gpxtpx:TrackPointExtension></extensions><geoidheight>-35.5</geoidheight><src>gps</src><sat>15</sat><hdop>0.70</hdop><vdop>1.11</vdop><pdop>1.31</pdop><dgpsid>0000</dgpsid></trkpt>
<trkpt lat="30.0091245" lon="-114.56626916666667"><ele>28.0</ele><time>2025-12-17T00:26:17.000Z</time><extensions><gpxtpx:TrackPointExtension><gpxtpx:bearing>175.33</gpxtpx:bearing><gpxtpx:speed>22.775944</gpxtpx:speed></gpxtpx:TrackPointExtension></extensions><geoidheight>-35.5</geoidheight><src>gps</src><sat>14</sat><hdop>0.74</hdop><vdop>1.22</vdop><pdop>1.42</pdop><dgpsid>0000</dgpsid></trkpt>
<trkpt lat="30.006814333333335" lon="-114.56607783333332"><ele>33.4</ele><time>2025-12-17T00:26:28.000Z</time><extensions><gpxtpx:TrackPointExtension><gpxtpx:bearing>175.56</gpxtpx:bearing><gpxtpx:speed>24.407614</gpxtpx:speed></gpxtpx:TrackPointExtension></extensions><geoidheight>-35.5</geoidheight><src>gps</src><sat>15</sat><hdop>0.70</hdop><vdop>1.10</vdop><pdop>1.31</pdop><dgpsid>0000</dgpsid></trkpt>
<trkpt lat="30.00426183333333" lon="-114.56586266666666"><ele>31.0</ele><time>2025-12-17T00:26:39.000Z</time><extensions><gpxtpx:TrackPointExtension><gpxtpx:bearing>175.57</gpxtpx:bearing><gpxtpx:speed>26.142227</gpxtpx:speed></gpxtpx:TrackPointExtension></extensions><geoidheight>-35.5</geoidheight><src>gps</src><sat>15</sat><hdop>0.70</hdop><vdop>1.10</vdop><pdop>1.31</pdop><dgpsid>0000</dgpsid></trkpt>
<trkpt lat="30.001771500000004" lon="-114.56564599999999"><ele>37.9</ele><time>2025-12-17T00:26:50.000Z</time><extensions><gpxtpx:TrackPointExtension><gpxtpx:bearing>175.37</gpxtpx:bearing><gpxtpx:speed>24.235695</gpxtpx:speed></gpxtpx:TrackPointExtension></extensions><geoidheight>-35.5</geoidheight><src>gps</src><sat>15</sat><hdop>0.70</hdop><vdop>1.10</vdop><pdop>1.31</pdop><dgpsid>0000</dgpsid></trkpt>
<trkpt lat="29.999433999999997" lon="-114.56530816666667"><ele>48.2</ele><time>2025-12-17T00:27:01.000Z</time><extensions><gpxtpx:TrackPointExtension><gpxtpx:bearing>169.39</gpxtpx:bearing><gpxtpx:speed>23.901127</gpxtpx:speed></gpxtpx:TrackPointExtension></extensions><geoidheight>-35.5</geoidheight><src>gps</src><sat>16</sat><hdop>0.69</hdop><vdop>1.02</vdop><pdop>1.23</pdop><dgpsid>0000</dgpsid></trkpt>
<trkpt lat="29.997015499999996" lon="-114.56462383333334"><ele>49.9</ele><time>2025-12-17T00:27:12.000Z</time><extensions><gpxtpx:TrackPointExtension><gpxtpx:bearing>163.67</gpxtpx:bearing><gpxtpx:speed>26.219435</gpxtpx:speed></gpxtpx:TrackPointExtension></extensions><geoidheight>-35.5</geoidheight><src>gps</src><sat>15</sat><hdop>0.71</hdop><vdop>1.07</vdop><pdop>1.29</pdop><dgpsid>0000</dgpsid></trkpt>
<trkpt lat="29.994462" lon="-114.56378216666666"><ele>47.6</ele><time>2025-12-17T00:27:23.000Z</time><extensions><gpxtpx:TrackPointExtension><gpxtpx:bearing>164.28</gpxtpx:bearing><gpxtpx:speed>26.505106</gpxtpx:speed></gpxtpx:TrackPointExtension></extensions><geoidheight>-35.5</geoidheight><src>gps</src><sat>16</sat><hdop>0.67</hdop><vdop>0.99</vdop><pdop>1.19</pdop><dgpsid>0000</dgpsid></trkpt>
<trkpt lat="29.991918666666667" lon="-114.56293633333334"><ele>52.0</ele><time>2025-12-17T00:27:34.000Z</time><extensions><gpxtpx:TrackPointExtension><gpxtpx:bearing>163.47</gpxtpx:bearing><gpxtpx:speed>26.671362</gpxtpx:speed></gpxtpx:TrackPointExtension></extensions><geoidheight>-35.5</geoidheight><src>gps</src><sat>16</sat><hdop>0.67</hdop><vdop>0.99</vdop><pdop>1.19</pdop><dgpsid>0000</dgpsid></trkpt>
<trkpt lat="29.989391666666666" lon="-114.56209249999999"><ele>52.0</ele><time>2025-12-17T00:27:45.000Z</time><extensions><gpxtpx:TrackPointExtension><gpxtpx:bearing>163.82</gpxtpx:bearing><gpxtpx:speed>26.201935</gpxtpx:speed></gpxtpx:TrackPointExtension></extensions><geoidheight>-35.5</geoidheight><src>gps</src><sat>16</sat><hdop>0.67</hdop><vdop>0.99</vdop><pdop>1.19</pdop><dgpsid>0000</dgpsid></trkpt>
<trkpt lat="29.98685366666667" lon="-114.56124"><ele>45.2</ele><time>2025-12-17T00:27:56.000Z</time><extensions><gpxtpx:TrackPointExtension><gpxtpx:bearing>163.88</gpxtpx:bearing><gpxtpx:speed>27.196894</gpxtpx:speed></gpxtpx:TrackPointExtension></extensions><geoidheight>-35.5</geoidheight><src>gps</src><sat>15</sat><hdop>0.67</hdop><vdop>0.99</vdop><pdop>1.19</pdop><dgpsid>0000</dgpsid></trkpt>
<trkpt lat="29.98430733333333" lon="-114.56039116666668"><ele>49.6</ele><time>2025-12-17T00:28:07.000Z</time><extensions><gpxtpx:TrackPointExtension><gpxtpx:bearing>163.8</gpxtpx:bearing><gpxtpx:speed>25.834938</gpxtpx:speed></gpxtpx:TrackPointExtension></extensions><geoidheight>-35.5</geoidheight><src>gps</src><sat>15</sat><hdop>0.68</hdop><vdop>1.07</vdop><pdop>1.27</pdop><dgpsid>0000</dgpsid></trkpt>
<trkpt lat="29.9819715" lon="-114.55929883333334"><ele>58.7</ele><time>2025-12-17T00:28:18.000Z</time><extensions><gpxtpx:TrackPointExtension><gpxtpx:bearing>150.94</gpxtpx:bearing><gpxtpx:speed>25.659418</gpxtpx:speed></gpxtpx:TrackPointExtension></extensions><geoidheight>-35.5</geoidheight><src>gps</src><sat>15</sat><hdop>0.68</hdop><vdop>1.07</vdop><pdop>1.27</pdop><dgpsid>0000</dgpsid></trkpt>
<trkpt lat="29.97993466666667" lon="-114.55760883333332"><ele>57.0</ele><time>2025-12-17T00:28:29.000Z</time><extensions><gpxtpx:TrackPointExtension><gpxtpx:bearing>137.25</gpxtpx:bearing><gpxtpx:speed>25.589415</gpxtpx:speed></gpxtpx:TrackPointExtension></extensions><geoidheight>-35.5</geoidheight><src>gps</src><sat>15</sat><hdop>0.68</hdop><vdop>1.06</vdop><pdop>1.27</pdop><dgpsid>0000</dgpsid></trkpt>
<trkpt lat="29.97809516666667" lon="-114.55561383333334"><ele>52.2</ele><time>2025-12-17T00:28:40.000Z</time><extensions><gpxtpx:TrackPointExtension><gpxtpx:bearing>136.12</gpxtpx:bearing><gpxtpx:speed>24.69174</gpxtpx:speed></gpxtpx:TrackPointExtension></extensions><geoidheight>-35.5</geoidheight><src>gps</src><sat>14</sat><hdop>0.69</hdop><vdop>1.06</vdop><pdop>1.27</pdop><dgpsid>0000</dgpsid></trkpt>
<trkpt lat="29.97627783333333" lon="-114.5536425"><ele>56.0</ele><time>2025-12-17T00:28:51.000Z</time><extensions><gpxtpx:TrackPointExtension><gpxtpx:bearing>136.5</gpxtpx:bearing><gpxtpx:speed>25.24558</gpxtpx:speed></gpxtpx:TrackPointExtension></extensions><geoidheight>-35.5</geoidheight><src>gps</src><sat>16</sat><hdop>0.67</hdop><vdop>0.98</vdop><pdop>1.19</pdop><dgpsid>0000</dgpsid></trkpt>
<trkpt lat="29.974529500000003" lon="-114.55173933333332"><ele>59.9</ele><time>2025-12-17T00:29:02.000Z</time><extensions><gpxtpx:TrackPointExtension><gpxtpx:bearing>136.45</gpxtpx:bearing><gpxtpx:speed>24.388054</gpxtpx:speed></gpxtpx:TrackPointExtension></extensions><geoidheight>-35.5</geoidheight><src>gps</src><sat>16</sat><hdop>0.67</hdop><vdop>0.98</vdop><pdop>1.19</pdop><dgpsid>0000</dgpsid></trkpt>
<trkpt lat="29.97272966666667" lon="-114.54977916666667"><ele>56.4</ele><time>2025-12-17T00:29:13.000Z</time><extensions><gpxtpx:TrackPointExtension><gpxtpx:bearing>136.87</gpxtpx:bearing><gpxtpx:speed>25.496765</gpxtpx:speed></gpxtpx:TrackPointExtension></extensions><geoidheight>-35.5</geoidheight><src>gps</src><sat>15</sat><hdop>0.69</hdop><vdop>1.02</vdop><pdop>1.23</pdop><dgpsid>0000</dgpsid></trkpt>
<trkpt lat="29.970883833333332" lon="-114.54780366666667"><ele>50.4</ele><time>2025-12-17T00:29:24.000Z</time><extensions><gpxtpx:TrackPointExtension><gpxtpx:bearing>139.12</gpxtpx:bearing><gpxtpx:speed>25.530737</gpxtpx:speed></gpxtpx:TrackPointExtension></extensions><geoidheight>-35.5</geoidheight><src>gps</src><sat>15</sat><hdop>0.71</hdop><vdop>1.08</vdop><pdop>1.29</pdop><dgpsid>0000</dgpsid></trkpt>
<trkpt lat="29.968822333333332" lon="-114.54600883333333"><ele>44.1</ele><time>2025-12-17T00:29:35.000Z</time><extensions><gpxtpx:TrackPointExtension><gpxtpx:bearing>146.93</gpxtpx:bearing><gpxtpx:speed>25.99759</gpxtpx:speed></gpxtpx:TrackPointExtension></extensions><geoidheight>-35.5</geoidheight><src>gps</src><sat>15</sat><hdop>0.70</hdop><vdop>1.05</vdop><pdop>1.26</pdop><dgpsid>0000</dgpsid></trkpt>
<trkpt lat="29.966593166666666" lon="-114.54448383333332"><ele>35.9</ele><time>2025-12-17T00:29:46.000Z</time><extensions><gpxtpx:TrackPointExtension><gpxtpx:bearing>150.15</gpxtpx:bearing><gpxtpx:speed>26.78666</gpxtpx:speed></gpxtpx:TrackPointExtension></extensions><geoidheight>-35.5</geoidheight><src>gps</src><sat>15</sat><hdop>0.70</hdop><vdop>1.05</vdop><pdop>1.26</pdop><dgpsid>0000</dgpsid></trkpt>
<trkpt lat="29.964276499999997" lon="-114.54297049999998"><ele>31.4</ele><time>2025-12-17T00:29:57.000Z</time><extensions><gpxtpx:TrackPointExtension><gpxtpx:bearing>150.44</gpxtpx:bearing><gpxtpx:speed>26.335762</gpxtpx:speed></gpxtpx:TrackPointExtension></extensions><geoidheight>-35.5</geoidheight><src>gps</src><sat>15</sat><hdop>0.70</hdop><vdop>1.05</vdop><pdop>1.26</pdop><dgpsid>0000</dgpsid></trkpt>
<trkpt lat="29.96205133333334" lon="-114.54151599999999"><ele>38.5</ele><time>2025-12-17T00:30:08.000Z</time><extensions><gpxtpx:TrackPointExtension><gpxtpx:bearing>150.46</gpxtpx:bearing><gpxtpx:speed>25.152416</gpxtpx:speed></gpxtpx:TrackPointExtension></extensions><geoidheight>-35.5</geoidheight><src>gps</src><sat>15</sat><hdop>0.70</hdop><vdop>1.05</vdop><pdop>1.26</pdop><dgpsid>0000</dgpsid></trkpt>
<trkpt lat="29.959932333333334" lon="-114.54013766666667"><ele>45.3</ele><time>2025-12-17T00:30:19.000Z</time><extensions><gpxtpx:TrackPointExtension><gpxtpx:bearing>150.69</gpxtpx:bearing><gpxtpx:speed>23.982452</gpxtpx:speed></gpxtpx:TrackPointExtension></extensions><geoidheight>-35.5</geoidheight><src>gps</src><sat>15</sat><hdop>0.70</hdop><vdop>1.05</vdop><pdop>1.26</pdop><dgpsid>0000</dgpsid></trkpt>
<trkpt lat="29.957900666666667" lon="-114.53881683333333"><ele>50.0</ele><time>2025-12-17T00:30:30.000Z</time><extensions><gpxtpx:TrackPointExtension><gpxtpx:bearing>150.53</gpxtpx:bearing><gpxtpx:speed>23.800756</gpxtpx:speed></gpxtpx:TrackPointExtension></extensions><geoidheight>-35.5</geoidheight><src>gps</src><sat>15</sat><hdop>0.70</hdop><vdop>1.05</vdop><pdop>1.26</pdop><dgpsid>0000</dgpsid></trkpt>
<trkpt lat="29.955851999999997" lon="-114.5374835"><ele>54.0</ele><time>2025-12-17T00:30:41.000Z</time><extensions><gpxtpx:TrackPointExtension><gpxtpx:bearing>150.4</gpxtpx:bearing><gpxtpx:speed>24.301065</gpxtpx:speed></gpxtpx:TrackPointExtension></extensions><geoidheight>-35.5</geoidheight><src>gps</src><sat>15</sat><hdop>0.70</hdop><vdop>1.05</vdop><pdop>1.26</pdop><dgpsid>0000</dgpsid></trkpt>
<trkpt lat="29.953743500000005" lon="-114.53611266666667"><ele>59.4</ele><time>2025-12-17T00:30:52.000Z</time><extensions><gpxtpx:TrackPointExtension><gpxtpx:bearing>150.34</gpxtpx:bearing><gpxtpx:speed>24.657253</gpxtpx:speed></gpxtpx:TrackPointExtension></extensions><geoidheight>-35.5</geoidheight><src>gps</src><sat>16</sat><hdop>0.67</hdop><vdop>0.98</vdop><pdop>1.19</pdop><dgpsid>0000</dgpsid></trkpt>
<trkpt lat="29.951605499999996" lon="-114.53471466666666"><ele>64.5</ele><time>2025-12-17T00:31:03.000Z</time><extensions><gpxtpx:TrackPointExtension><gpxtpx:bearing>150.2</gpxtpx:bearing><gpxtpx:speed>25.005205</gpxtpx:speed></gpxtpx:TrackPointExtension></extensions><geoidheight>-35.5</geoidheight><src>gps</src><sat>16</sat><hdop>0.71</hdop><vdop>0.98</vdop><pdop>1.21</pdop><dgpsid>0000</dgpsid></trkpt>
<trkpt lat="29.949420666666665" lon="-114.53329433333334"><ele>67.7</ele><time>2025-12-17T00:31:14.000Z</time><extensions><gpxtpx:TrackPointExtension><gpxtpx:bearing>150.32</gpxtpx:bearing><gpxtpx:speed>25.283155</gpxtpx:speed></gpxtpx:TrackPointExtension></extensions><geoidheight>-35.5</geoidheight><src>gps</src><sat>16</sat><hdop>0.81</hdop><vdop>1.11</vdop><pdop>1.38</pdop><dgpsid>0000</dgpsid></trkpt>
<trkpt lat="29.947295999999998" lon="-114.53190733333334"><ele>71.1</ele><time>2025-12-17T00:31:25.000Z</time><extensions><gpxtpx:TrackPointExtension><gpxtpx:bearing>150.4</gpxtpx:bearing><gpxtpx:speed>24.166723</gpxtpx:speed></gpxtpx:TrackPointExtension></extensions><geoidheight>-35.5</geoidheight><src>gps</src><sat>16</sat><hdop>0.81</hdop><vdop>1.11</vdop><pdop>1.38</pdop><dgpsid>0000</dgpsid></trkpt>
<trkpt lat="29.94517283333333" lon="-114.53052333333332"><ele>75.1</ele><time>2025-12-17T00:31:36.000Z</time><extensions><gpxtpx:TrackPointExtension><gpxtpx:bearing>150.52</gpxtpx:bearing><gpxtpx:speed>24.883732</gpxtpx:speed></gpxtpx:TrackPointExtension></extensions><geoidheight>-35.5</geoidheight><src>gps</src><sat>16</sat><hdop>0.81</hdop><vdop>1.11</vdop><pdop>1.38</pdop><dgpsid>0000</dgpsid></trkpt>
<trkpt lat="29.942969166666664" lon="-114.52908566666669"><ele>76.8</ele><time>2025-12-17T00:31:47.000Z</time><extensions><gpxtpx:TrackPointExtension><gpxtpx:bearing>150.26</gpxtpx:bearing><gpxtpx:speed>25.983692</gpxtpx:speed></gpxtpx:TrackPointExtension></extensions><geoidheight>-35.5</geoidheight><src>gps</src><sat>16</sat><hdop>0.75</hdop><vdop>1.07</vdop><pdop>1.30</pdop><dgpsid>0000</dgpsid></trkpt>
<trkpt lat="29.940760500000003" lon="-114.52764816666668"><ele>81.8</ele><time>2025-12-17T00:31:58.000Z</time><extensions><gpxtpx:TrackPointExtension><gpxtpx:bearing>150.52</gpxtpx:bearing><gpxtpx:speed>25.216242</gpxtpx:speed></gpxtpx:TrackPointExtension></extensions><geoidheight>-35.5</geoidheight><src>gps</src><sat>16</sat><hdop>0.71</hdop><vdop>1.06</vdop><pdop>1.28</pdop><dgpsid>0000</dgpsid></trkpt>
<trkpt lat="29.93857816666667" lon="-114.52620716666667"><ele>87.9</ele><time>2025-12-17T00:32:09.000Z</time><extensions><gpxtpx:TrackPointExtension><gpxtpx:bearing>149.74</gpxtpx:bearing><gpxtpx:speed>26.02487</gpxtpx:speed></gpxtpx:TrackPointExtension></extensions><geoidheight>-35.5</geoidheight><src>gps</src><sat>15</sat><hdop>0.84</hdop><vdop>1.20</vdop><pdop>1.46</pdop><dgpsid>0000</dgpsid></trkpt>
<trkpt lat="29.936314833333334" lon="-114.52465833333332"><ele>86.8</ele><time>2025-12-17T00:32:20.000Z</time><extensions><gpxtpx:TrackPointExtension><gpxtpx:bearing>148.48</gpxtpx:bearing><gpxtpx:speed>26.85769</gpxtpx:speed></gpxtpx:TrackPointExtension></extensions><geoidheight>-35.5</geoidheight><src>gps</src><sat>16</sat><hdop>0.71</hdop><vdop>1.06</vdop><pdop>1.28</pdop><dgpsid>0000</dgpsid></trkpt>
<trkpt lat="29.934070833333333" lon="-114.523085"><ele>89.3</ele><time>2025-12-17T00:32:31.000Z</time><extensions><gpxtpx:TrackPointExtension><gpxtpx:bearing>148.21</gpxtpx:bearing><gpxtpx:speed>26.195244</gpxtpx:speed></gpxtpx:TrackPointExtension></extensions><geoidheight>-35.5</geoidheight><src>gps</src><sat>16</sat><hdop>0.84</hdop><vdop>1.19</vdop><pdop>1.46</pdop><dgpsid>0000</dgpsid></trkpt>
<trkpt lat="29.931908500000002" lon="-114.52156716666666"><ele>89.8</ele><time>2025-12-17T00:32:42.000Z</time><extensions><gpxtpx:TrackPointExtension><gpxtpx:bearing>149.0</gpxtpx:bearing><gpxtpx:speed>25.269258</gpxtpx:speed></gpxtpx:TrackPointExtension></extensions><geoidheight>-35.5</geoidheight><src>gps</src><sat>16</sat><hdop>0.71</hdop><vdop>1.06</vdop><pdop>1.27</pdop><dgpsid>0000</dgpsid></trkpt>
<trkpt lat="29.929622166666665" lon="-114.51996833333332"><ele>83.0</ele><time>2025-12-17T00:32:53.000Z</time><extensions><gpxtpx:TrackPointExtension><gpxtpx:bearing>148.4</gpxtpx:bearing><gpxtpx:speed>27.333294</gpxtpx:speed></gpxtpx:TrackPointExtension></extensions><geoidheight>-35.5</geoidheight><src>gps</src><sat>16</sat><hdop>0.71</hdop><vdop>1.06</vdop><pdop>1.27</pdop><dgpsid>0000</dgpsid></trkpt>
<trkpt lat="29.927386000000002" lon="-114.51829649999999"><ele>84.4</ele><time>2025-12-17T00:33:04.000Z</time><extensions><gpxtpx:TrackPointExtension><gpxtpx:bearing>141.9</gpxtpx:bearing><gpxtpx:speed>26.931295</gpxtpx:speed></gpxtpx:TrackPointExtension></extensions><geoidheight>-35.5</geoidheight><src>gps</src><sat>16</sat><hdop>0.71</hdop><vdop>1.06</vdop><pdop>1.27</pdop><dgpsid>0000</dgpsid></trkpt>
<trkpt lat="29.925531333333332" lon="-114.51611900000002"><ele>91.0</ele><time>2025-12-17T00:33:15.000Z</time><extensions><gpxtpx:TrackPointExtension><gpxtpx:bearing>127.28</gpxtpx:bearing><gpxtpx:speed>27.34925</gpxtpx:speed></gpxtpx:TrackPointExtension></extensions><geoidheight>-35.5</geoidheight><src>gps</src><sat>15</sat><hdop>0.84</hdop><vdop>1.19</vdop><pdop>1.46</pdop><dgpsid>0000</dgpsid></trkpt>
<trkpt lat="29.924188000000004" lon="-114.51339166666666"><ele>87.6</ele><time>2025-12-17T00:33:26.000Z</time><extensions><gpxtpx:TrackPointExtension><gpxtpx:bearing>113.38</gpxtpx:bearing><gpxtpx:speed>28.093023</gpxtpx:speed></gpxtpx:TrackPointExtension></extensions><geoidheight>-35.5</geoidheight><src>gps</src><sat>15</sat><hdop>0.84</hdop><vdop>1.19</vdop><pdop>1.46</pdop><dgpsid>0000</dgpsid></trkpt>
<trkpt lat="29.923078" lon="-114.51042600000001"><ele>79.4</ele><time>2025-12-17T00:33:37.000Z</time><extensions><gpxtpx:TrackPointExtension><gpxtpx:bearing>113.21</gpxtpx:bearing><gpxtpx:speed>28.118761</gpxtpx:speed></gpxtpx:TrackPointExtension></extensions><geoidheight>-35.5</geoidheight><src>gps</src><sat>15</sat><hdop>0.84</hdop><vdop>1.19</vdop><pdop>1.46</pdop><dgpsid>0000</dgpsid></trkpt>
<trkpt lat="29.92200366666667" lon="-114.507545"><ele>75.8</ele><time>2025-12-17T00:33:48.000Z</time><extensions><gpxtpx:TrackPointExtension><gpxtpx:bearing>113.39</gpxtpx:bearing><gpxtpx:speed>26.759378</gpxtpx:speed></gpxtpx:TrackPointExtension></extensions><geoidheight>-35.4</geoidheight><src>gps</src><sat>16</sat><hdop>0.71</hdop><vdop>1.05</vdop><pdop>1.27</pdop><dgpsid>0000</dgpsid></trkpt>
<trkpt lat="29.920958166666665" lon="-114.504756"><ele>74.6</ele><time>2025-12-17T00:33:59.000Z</time><extensions><gpxtpx:TrackPointExtension><gpxtpx:bearing>113.16</gpxtpx:bearing><gpxtpx:speed>26.634815</gpxtpx:speed></gpxtpx:TrackPointExtension></extensions><geoidheight>-35.4</geoidheight><src>gps</src><sat>16</sat><hdop>0.71</hdop><vdop>1.05</vdop><pdop>1.27</pdop><dgpsid>0000</dgpsid></trkpt>
<trkpt lat="29.919902666666665" lon="-114.5019705"><ele>71.9</ele><time>2025-12-17T00:34:10.000Z</time><extensions><gpxtpx:TrackPointExtension><gpxtpx:bearing>115.5</gpxtpx:bearing><gpxtpx:speed>26.864382</gpxtpx:speed></gpxtpx:TrackPointExtension></extensions><geoidheight>-35.4</geoidheight><src>gps</src><sat>16</sat><hdop>0.71</hdop><vdop>1.05</vdop><pdop>1.27</pdop><dgpsid>0000</dgpsid></trkpt>
<trkpt lat="29.91853133333333" lon="-114.49936350000002"><ele>70.1</ele><time>2025-12-17T00:34:21.000Z</time><extensions><gpxtpx:TrackPointExtension><gpxtpx:bearing>126.17</gpxtpx:bearing><gpxtpx:speed>26.583344</gpxtpx:speed></gpxtpx:TrackPointExtension></extensions><geoidheight>-35.4</geoidheight><src>gps</src><sat>15</sat><hdop>0.82</hdop><vdop>1.13</vdop><pdop>1.40</pdop><dgpsid>0000</dgpsid></trkpt>
<trkpt lat="29.916834166666664" lon="-114.49698866666668"><ele>68.8</ele><time>2025-12-17T00:34:32.000Z</time><extensions><gpxtpx:TrackPointExtension><gpxtpx:bearing>130.17</gpxtpx:bearing><gpxtpx:speed>27.233438</gpxtpx:speed></gpxtpx:TrackPointExtension></extensions><geoidheight>-35.4</geoidheight><src>gps</src><sat>16</sat><hdop>0.84</hdop><vdop>1.18</vdop><pdop>1.45</pdop><dgpsid>0000</dgpsid></trkpt>
<trkpt lat="29.915063499999995" lon="-114.49456450000001"><ele>67.1</ele><time>2025-12-17T00:34:43.000Z</time><extensions><gpxtpx:TrackPointExtension><gpxtpx:bearing>130.22</gpxtpx:bearing><gpxtpx:speed>28.279354</gpxtpx:speed></gpxtpx:TrackPointExtension></extensions><geoidheight>-35.4</geoidheight><src>gps</src><sat>15</sat><hdop>0.82</hdop><vdop>1.13</vdop><pdop>1.40</pdop><dgpsid>0000</dgpsid></trkpt>
<trkpt lat="29.91325883333333" lon="-114.49208766666668"><ele>65.0</ele><time>2025-12-17T00:34:54.000Z</time><extensions><gpxtpx:TrackPointExtension><gpxtpx:bearing>130.08</gpxtpx:bearing><gpxtpx:speed>28.771427</gpxtpx:speed></gpxtpx:TrackPointExtension></extensions><geoidheight>-35.4</geoidheight><src>gps</src><sat>15</sat><hdop>0.82</hdop><vdop>1.13</vdop><pdop>1.39</pdop><dgpsid>0000</dgpsid></trkpt>
<trkpt lat="29.911413166666662" lon="-114.48955383333332"><ele>61.4</ele><time>2025-12-17T00:35:05.000Z</time><extensions><gpxtpx:TrackPointExtension><gpxtpx:bearing>130.18</gpxtpx:bearing><gpxtpx:speed>29.570276</gpxtpx:speed></gpxtpx:TrackPointExtension></extensions><geoidheight>-35.4</geoidheight><src>gps</src><sat>15</sat><hdop>0.82</hdop><vdop>1.12</vdop><pdop>1.39</pdop><dgpsid>0000</dgpsid></trkpt>
<trkpt lat="29.909525" lon="-114.48696399999999"><ele>55.8</ele><time>2025-12-17T00:35:16.000Z</time><extensions><gpxtpx:TrackPointExtension><gpxtpx:bearing>130.09</gpxtpx:bearing><gpxtpx:speed>29.412258</gpxtpx:speed></gpxtpx:TrackPointExtension></extensions><geoidheight>-35.4</geoidheight><src>gps</src><sat>16</sat><hdop>0.69</hdop><vdop>1.00</vdop><pdop>1.21</pdop><dgpsid>0000</dgpsid></trkpt>
<trkpt lat="29.907661" lon="-114.48441216666667"><ele>53.3</ele><time>2025-12-17T00:35:27.000Z</time><extensions><gpxtpx:TrackPointExtension><gpxtpx:bearing>130.03</gpxtpx:bearing><gpxtpx:speed>29.122469</gpxtpx:speed></gpxtpx:TrackPointExtension></extensions><geoidheight>-35.4</geoidheight><src>gps</src><sat>16</sat><hdop>0.69</hdop><vdop>1.00</vdop><pdop>1.21</pdop><dgpsid>0000</dgpsid></trkpt>
<trkpt lat="29.905782833333333" lon="-114.48183599999999"><ele>51.5</ele><time>2025-12-17T00:35:38.000Z</time><extensions><gpxtpx:TrackPointExtension><gpxtpx:bearing>130.06</gpxtpx:bearing><gpxtpx:speed>29.769989</gpxtpx:speed></gpxtpx:TrackPointExtension></extensions><geoidheight>-35.4</geoidheight><src>gps</src><sat>16</sat><hdop>0.69</hdop><vdop>1.00</vdop><pdop>1.21</pdop><dgpsid>0000</dgpsid></trkpt>
<trkpt lat="29.903903500000002" lon="-114.4792605"><ele>50.6</ele><time>2025-12-17T00:35:49.000Z</time><extensions><gpxtpx:TrackPointExtension><gpxtpx:bearing>129.93</gpxtpx:bearing><gpxtpx:speed>29.111145</gpxtpx:speed></gpxtpx:TrackPointExtension></extensions><geoidheight>-35.4</geoidheight><src>gps</src><sat>16</sat><hdop>0.69</hdop><vdop>1.00</vdop><pdop>1.21</pdop><dgpsid>0000</dgpsid></trkpt>
<trkpt lat="29.90204983333333" lon="-114.47670616666667"><ele>47.3</ele><time>2025-12-17T00:36:00.000Z</time><extensions><gpxtpx:TrackPointExtension><gpxtpx:bearing>129.93</gpxtpx:bearing><gpxtpx:speed>29.214088</gpxtpx:speed></gpxtpx:TrackPointExtension></extensions><geoidheight>-35.4</geoidheight><src>gps</src><sat>16</sat><hdop>0.71</hdop><vdop>1.05</vdop><pdop>1.26</pdop><dgpsid>0000</dgpsid></trkpt>
<trkpt lat="29.900198666666665" lon="-114.474172"><ele>44.5</ele><time>2025-12-17T00:36:11.000Z</time><extensions><gpxtpx:TrackPointExtension><gpxtpx:bearing>129.77</gpxtpx:bearing><gpxtpx:speed>28.97886</gpxtpx:speed></gpxtpx:TrackPointExtension></extensions><geoidheight>-35.4</geoidheight><src>gps</src><sat>16</sat><hdop>0.69</hdop><vdop>1.00</vdop><pdop>1.21</pdop><dgpsid>0000</dgpsid></trkpt>
<trkpt lat="29.89837766666667" lon="-114.47167716666667"><ele>39.9</ele><time>2025-12-17T00:36:22.000Z</time><extensions><gpxtpx:TrackPointExtension><gpxtpx:bearing>129.77</gpxtpx:bearing><gpxtpx:speed>28.355532</gpxtpx:speed></gpxtpx:TrackPointExtension></extensions><geoidheight>-35.4</geoidheight><src>gps</src><sat>16</sat><hdop>0.69</hdop><vdop>1.00</vdop><pdop>1.21</pdop><dgpsid>0000</dgpsid></trkpt>
<trkpt lat="29.89655966666667" lon="-114.46919133333334"><ele>37.5</ele><time>2025-12-17T00:36:33.000Z</time><extensions><gpxtpx:TrackPointExtension><gpxtpx:bearing>130.0</gpxtpx:bearing><gpxtpx:speed>28.53517</gpxtpx:speed></gpxtpx:TrackPointExtension></extensions><geoidheight>-35.4</geoidheight><src>gps</src><sat>16</sat><hdop>0.69</hdop><vdop>0.99</vdop><pdop>1.21</pdop><dgpsid>0000</dgpsid></trkpt>
<trkpt lat="29.894733499999997" lon="-114.46668933333333"><ele>35.1</ele><time>2025-12-17T00:36:44.000Z</time><extensions><gpxtpx:TrackPointExtension><gpxtpx:bearing>129.82</gpxtpx:bearing><gpxtpx:speed>28.799223</gpxtpx:speed></gpxtpx:TrackPointExtension></extensions><geoidheight>-35.4</geoidheight><src>gps</src><sat>16</sat><hdop>0.69</hdop><vdop>0.99</vdop><pdop>1.21</pdop><dgpsid>0000</dgpsid></trkpt>
<trkpt lat="29.89292983333333" lon="-114.46421549999998"><ele>32.6</ele><time>2025-12-17T00:36:55.000Z</time><extensions><gpxtpx:TrackPointExtension><gpxtpx:bearing>130.0</gpxtpx:bearing><gpxtpx:speed>27.278734</gpxtpx:speed></gpxtpx:TrackPointExtension></extensions><geoidheight>-35.4</geoidheight><src>gps</src><sat>16</sat><hdop>0.69</hdop><vdop>0.99</vdop><pdop>1.21</pdop><dgpsid>0000</dgpsid></trkpt>
<trkpt lat="29.891143000000003" lon="-114.46203799999999"><ele>26.7</ele><time>2025-12-17T00:37:06.000Z</time><extensions><gpxtpx:TrackPointExtension><gpxtpx:bearing>136.81</gpxtpx:bearing><gpxtpx:speed>26.558123</gpxtpx:speed></gpxtpx:TrackPointExtension></extensions><geoidheight>-35.4</geoidheight><src>gps</src><sat>16</sat><hdop>0.82</hdop><vdop>1.11</vdop><pdop>1.39</pdop><dgpsid>0000</dgpsid></trkpt>
<trkpt lat="29.889040666666666" lon="-114.46007833333333"><ele>23.4</ele><time>2025-12-17T00:37:17.000Z</time><extensions><gpxtpx:TrackPointExtension><gpxtpx:bearing>144.71</gpxtpx:bearing><gpxtpx:speed>27.816103</gpxtpx:speed></gpxtpx:TrackPointExtension></extensions><geoidheight>-35.4</geoidheight><src>gps</src><sat>16</sat><hdop>0.71</hdop><vdop>1.04</vdop><pdop>1.26</pdop><dgpsid>0000</dgpsid></trkpt>
<trkpt lat="29.886769833333332" lon="-114.45824333333333"><ele>23.3</ele><time>2025-12-17T00:37:28.000Z</time><extensions><gpxtpx:TrackPointExtension><gpxtpx:bearing>145.0</gpxtpx:bearing><gpxtpx:speed>28.207808</gpxtpx:speed></gpxtpx:TrackPointExtension></extensions><geoidheight>-35.4</geoidheight><src>gps</src><sat>16</sat><hdop>0.71</hdop><vdop>1.04</vdop><pdop>1.26</pdop><dgpsid>0000</dgpsid></trkpt>
<trkpt lat="29.88447383333333" lon="-114.45638633333334"><ele>21.6</ele><time>2025-12-17T00:37:39.000Z</time><extensions><gpxtpx:TrackPointExtension><gpxtpx:bearing>144.97</gpxtpx:bearing><gpxtpx:speed>28.155306</gpxtpx:speed></gpxtpx:TrackPointExtension></extensions><geoidheight>-35.4</geoidheight><src>gps</src><sat>16</sat><hdop>0.71</hdop><vdop>1.04</vdop><pdop>1.26</pdop><dgpsid>0000</dgpsid></trkpt>
<trkpt lat="29.8822485" lon="-114.45459383333333"><ele>21.6</ele><time>2025-12-17T00:37:50.000Z</time><extensions><gpxtpx:TrackPointExtension><gpxtpx:bearing>144.74</gpxtpx:bearing><gpxtpx:speed>26.633787</gpxtpx:speed></gpxtpx:TrackPointExtension></extensions><geoidheight>-35.4</geoidheight><src>gps</src><sat>16</sat><hdop>0.71</hdop><vdop>1.04</vdop><pdop>1.26</pdop><dgpsid>0000</dgpsid></trkpt>
<trkpt lat="29.8801055" lon="-114.45294366666667"><ele>25.2</ele><time>2025-12-17T00:38:01.000Z</time><extensions><gpxtpx:TrackPointExtension><gpxtpx:bearing>149.63</gpxtpx:bearing><gpxtpx:speed>26.379515</gpxtpx:speed></gpxtpx:TrackPointExtension></extensions><geoidheight>-35.4</geoidheight><src>gps</src><sat>15</sat><hdop>0.75</hdop><vdop>1.11</vdop><pdop>1.33</pdop><dgpsid>0000</dgpsid></trkpt>
<trkpt lat="29.877734166666663" lon="-114.45154133333332"><ele>28.5</ele><time>2025-12-17T00:38:12.000Z</time><extensions><gpxtpx:TrackPointExtension><gpxtpx:bearing>156.91</gpxtpx:bearing><gpxtpx:speed>27.439842</gpxtpx:speed></gpxtpx:TrackPointExtension></extensions><geoidheight>-35.4</geoidheight><src>gps</src><sat>16</sat><hdop>0.69</hdop><vdop>0.99</vdop><pdop>1.21</pdop><dgpsid>0000</dgpsid></trkpt>
<trkpt lat="29.875140499999997" lon="-114.45046466666666"><ele>29.8</ele><time>2025-12-17T00:38:23.000Z</time><extensions><gpxtpx:TrackPointExtension><gpxtpx:bearing>162.04</gpxtpx:bearing><gpxtpx:speed>27.255056</gpxtpx:speed></gpxtpx:TrackPointExtension></extensions><geoidheight>-35.4</geoidheight><src>gps</src><sat>16</sat><hdop>0.69</hdop><vdop>0.99</vdop><pdop>1.21</pdop><dgpsid>0000</dgpsid></trkpt>
<trkpt lat="29.872804166666665" lon="-114.449585"><ele>33.1</ele><time>2025-12-17T00:38:34.000Z</time><extensions><gpxtpx:TrackPointExtension><gpxtpx:bearing>161.91</gpxtpx:bearing><gpxtpx:speed>24.05966</gpxtpx:speed></gpxtpx:TrackPointExtension></extensions><geoidheight>-35.4</geoidheight><src>gps</src><sat>16</sat><hdop>0.69</hdop><vdop>0.99</vdop><pdop>1.21</pdop><dgpsid>0000</dgpsid></trkpt>
<trkpt lat="29.870458" lon="-114.44869166666668"><ele>33.8</ele><time>2025-12-17T00:38:45.000Z</time><extensions><gpxtpx:TrackPointExtension><gpxtpx:bearing>161.72</gpxtpx:bearing><gpxtpx:speed>26.054209</gpxtpx:speed></gpxtpx:TrackPointExtension></extensions><geoidheight>-35.4</geoidheight><src>gps</src><sat>16</sat><hdop>0.69</hdop><vdop>0.99</vdop><pdop>1.21</pdop><dgpsid>0000</dgpsid></trkpt>
<trkpt lat="29.867966500000005" lon="-114.44775316666667"><ele>35.2</ele><time>2025-12-17T00:38:56.000Z</time><extensions><gpxtpx:TrackPointExtension><gpxtpx:bearing>162.04</gpxtpx:bearing><gpxtpx:speed>25.8581</gpxtpx:speed></gpxtpx:TrackPointExtension></extensions><geoidheight>-35.4</geoidheight><src>gps</src><sat>16</sat><hdop>0.69</hdop><vdop>0.99</vdop><pdop>1.21</pdop><dgpsid>0000</dgpsid></trkpt>
<trkpt lat="29.865545166666667" lon="-114.446839"><ele>34.5</ele><time>2025-12-17T00:39:07.000Z</time><extensions><gpxtpx:TrackPointExtension><gpxtpx:bearing>161.25</gpxtpx:bearing><gpxtpx:speed>25.553385</gpxtpx:speed></gpxtpx:TrackPointExtension></extensions><geoidheight>-35.4</geoidheight><src>gps</src><sat>15</sat><hdop>0.72</hdop><vdop>1.08</vdop><pdop>1.30</pdop><dgpsid>0000</dgpsid></trkpt>
<trkpt lat="29.863058666666667" lon="-114.44590783333334"><ele>32.5</ele><time>2025-12-17T00:39:18.000Z</time><extensions><gpxtpx:TrackPointExtension><gpxtpx:bearing>162.12</gpxtpx:bearing><gpxtpx:speed>26.499445</gpxtpx:speed></gpxtpx:TrackPointExtension></extensions><geoidheight>-35.4</geoidheight><src>gps</src><sat>16</sat><hdop>0.69</hdop><vdop>0.99</vdop><pdop>1.20</pdop><dgpsid>0000</dgpsid></trkpt>
<trkpt lat="29.860648" lon="-114.444997"><ele>34.2</ele><time>2025-12-17T00:39:29.000Z</time><extensions><gpxtpx:TrackPointExtension><gpxtpx:bearing>161.57</gpxtpx:bearing><gpxtpx:speed>25.08756</gpxtpx:speed></gpxtpx:TrackPointExtension></extensions><geoidheight>-35.4</geoidheight><src>gps</src><sat>16</sat><hdop>0.69</hdop><vdop>0.99</vdop><pdop>1.20</pdop><dgpsid>0000</dgpsid></trkpt>
<trkpt lat="29.858241833333334" lon="-114.44408483333333"><ele>36.2</ele><time>2025-12-17T00:39:40.000Z</time><extensions><gpxtpx:TrackPointExtension><gpxtpx:bearing>161.54</gpxtpx:bearing><gpxtpx:speed>26.047003</gpxtpx:speed></gpxtpx:TrackPointExtension></extensions><geoidheight>-35.4</geoidheight><src>gps</src><sat>16</sat><hdop>0.69</hdop><vdop>0.99</vdop><pdop>1.20</pdop><dgpsid>0000</dgpsid></trkpt>
<trkpt lat="29.855733333333333" lon="-114.44300783333334"><ele>38.2</ele><time>2025-12-17T00:39:51.000Z</time><extensions><gpxtpx:TrackPointExtension><gpxtpx:bearing>157.66</gpxtpx:bearing><gpxtpx:speed>27.833605</gpxtpx:speed></gpxtpx:TrackPointExtension></extensions><geoidheight>-35.4</geoidheight><src>gps</src><sat>16</sat><hdop>0.69</hdop><vdop>0.98</vdop><pdop>1.20</pdop><dgpsid>0000</dgpsid></trkpt>
<trkpt lat="29.853185500000002" lon="-114.4416855"><ele>41.7</ele><time>2025-12-17T00:40:02.000Z</time><extensions><gpxtpx:TrackPointExtension><gpxtpx:bearing>153.72</gpxtpx:bearing><gpxtpx:speed>28.634512</gpxtpx:speed></gpxtpx:TrackPointExtension></extensions><geoidheight>-35.4</geoidheight><src>gps</src><sat>15</sat><hdop>0.73</hdop><vdop>1.08</vdop><pdop>1.30</pdop><dgpsid>0000</dgpsid></trkpt>
<trkpt lat="29.850708666666666" lon="-114.440175"><ele>46.3</ele><time>2025-12-17T00:40:13.000Z</time><extensions><gpxtpx:TrackPointExtension><gpxtpx:bearing>151.03</gpxtpx:bearing><gpxtpx:speed>28.288618</gpxtpx:speed></gpxtpx:TrackPointExtension></extensions><geoidheight>-35.4</geoidheight><src>gps</src><sat>16</sat><hdop>0.69</hdop><vdop>0.98</vdop><pdop>1.20</pdop><dgpsid>0000</dgpsid></trkpt>
<trkpt lat="29.848274333333332" lon="-114.43863250000001"><ele>54.5</ele><time>2025-12-17T00:40:24.000Z</time><extensions><gpxtpx:TrackPointExtension><gpxtpx:bearing>150.9</gpxtpx:bearing><gpxtpx:speed>27.2391</gpxtpx:speed></gpxtpx:TrackPointExtension></extensions><geoidheight>-35.4</geoidheight><src>gps</src><sat>16</sat><hdop>0.69</hdop><vdop>0.98</vdop><pdop>1.20</pdop><dgpsid>0000</dgpsid></trkpt>
<trkpt lat="29.8460025" lon="-114.43719100000001"><ele>68.5</ele><time>2025-12-17T00:40:35.000Z</time><extensions><gpxtpx:TrackPointExtension><gpxtpx:bearing>150.93</gpxtpx:bearing><gpxtpx:speed>25.23683</gpxtpx:speed></gpxtpx:TrackPointExtension></extensions><geoidheight>-35.4</geoidheight><src>gps</src><sat>16</sat><hdop>0.68</hdop><vdop>0.96</vdop><pdop>1.17</pdop><dgpsid>0000</dgpsid></trkpt>
<trkpt lat="29.843825833333334" lon="-114.43580183333333"><ele>77.6</ele><time>2025-12-17T00:40:46.000Z</time><extensions><gpxtpx:TrackPointExtension><gpxtpx:bearing>150.54</gpxtpx:bearing><gpxtpx:speed>25.526619</gpxtpx:speed></gpxtpx:TrackPointExtension></extensions><geoidheight>-35.4</geoidheight><src>gps</src><sat>16</sat><hdop>0.68</hdop><vdop>0.96</vdop><pdop>1.17</pdop><dgpsid>0000</dgpsid></trkpt>
<trkpt lat="29.841715833333335" lon="-114.43419100000001"><ele>79.5</ele><time>2025-12-17T00:40:57.000Z</time><extensions><gpxtpx:TrackPointExtension><gpxtpx:bearing>143.42</gpxtpx:bearing><gpxtpx:speed>23.991203</gpxtpx:speed></gpxtpx:TrackPointExtension></extensions><geoidheight>-35.4</geoidheight><src>gps</src><sat>16</sat><hdop>0.68</hdop><vdop>0.96</vdop><pdop>1.17</pdop><dgpsid>0000</dgpsid></trkpt>
<trkpt lat="29.839874000000002" lon="-114.43249033333335"><ele>82.0</ele><time>2025-12-17T00:41:08.000Z</time><extensions><gpxtpx:TrackPointExtension><gpxtpx:bearing>140.98</gpxtpx:bearing><gpxtpx:speed>23.39464</gpxtpx:speed></gpxtpx:TrackPointExtension></extensions><geoidheight>-35.4</geoidheight><src>gps</src><sat>15</sat><hdop>0.71</hdop><vdop>1.06</vdop><pdop>1.28</pdop><dgpsid>0000</dgpsid></trkpt>
<trkpt lat="29.83815383333333" lon="-114.43088866666668"><ele>83.6</ele><time>2025-12-17T00:41:19.000Z</time><extensions><gpxtpx:TrackPointExtension><gpxtpx:bearing>141.88</gpxtpx:bearing><gpxtpx:speed>22.025478</gpxtpx:speed></gpxtpx:TrackPointExtension></extensions><geoidheight>-35.4</geoidheight><src>gps</src><sat>13</sat><hdop>0.78</hdop><vdop>1.50</vdop><pdop>1.69</pdop><dgpsid>0000</dgpsid></trkpt>
<trkpt lat="29.836224166666664" lon="-114.42949733333334"><ele>81.4</ele><time>2025-12-17T00:41:30.000Z</time><extensions><gpxtpx:TrackPointExtension><gpxtpx:bearing>151.93</gpxtpx:bearing><gpxtpx:speed>23.882597</gpxtpx:speed></gpxtpx:TrackPointExtension></extensions><geoidheight>-35.4</geoidheight><src>gps</src><sat>15</sat><hdop>0.70</hdop><vdop>1.03</vdop><pdop>1.24</pdop><dgpsid>0000</dgpsid></trkpt>
<trkpt lat="29.834047" lon="-114.42840233333332"><ele>79.7</ele><time>2025-12-17T00:41:41.000Z</time><extensions><gpxtpx:TrackPointExtension><gpxtpx:bearing>157.68</gpxtpx:bearing><gpxtpx:speed>23.795609</gpxtpx:speed></gpxtpx:TrackPointExtension></extensions><geoidheight>-35.4</geoidheight><src>gps</src><sat>15</sat><hdop>0.70</hdop><vdop>1.03</vdop><pdop>1.24</pdop><dgpsid>0000</dgpsid></trkpt>
<trkpt lat="29.831896666666662" lon="-114.42736483333334"><ele>71.2</ele><time>2025-12-17T00:41:52.000Z</time><extensions><gpxtpx:TrackPointExtension><gpxtpx:bearing>153.41</gpxtpx:bearing><gpxtpx:speed>23.488834</gpxtpx:speed></gpxtpx:TrackPointExtension></extensions><geoidheight>-35.4</geoidheight><src>gps</src><sat>13</sat><hdop>0.88</hdop><vdop>1.38</vdop><pdop>1.63</pdop><dgpsid>0000</dgpsid></trkpt>
<trkpt lat="29.829905" lon="-114.42586166666666"><ele>59.1</ele><time>2025-12-17T00:42:03.000Z</time><extensions><gpxtpx:TrackPointExtension><gpxtpx:bearing>140.73</gpxtpx:bearing><gpxtpx:speed>24.539896</gpxtpx:speed></gpxtpx:TrackPointExtension></extensions><geoidheight>-35.4</geoidheight><src>gps</src><sat>14</sat><hdop>0.84</hdop><vdop>1.12</vdop><pdop>1.40</pdop><dgpsid>0000</dgpsid></trkpt>
<trkpt lat="29.828119666666666" lon="-114.42389383333332"><ele>45.0</ele><time>2025-12-17T00:42:14.000Z</time><extensions><gpxtpx:TrackPointExtension><gpxtpx:bearing>135.42</gpxtpx:bearing><gpxtpx:speed>25.195139</gpxtpx:speed></gpxtpx:TrackPointExtension></extensions><geoidheight>-35.4</geoidheight><src>gps</src><sat>15</sat><hdop>0.85</hdop><vdop>1.15</vdop><pdop>1.43</pdop><dgpsid>0000</dgpsid></trkpt>
<trkpt lat="29.826399" lon="-114.42204883333333"><ele>42.6</ele><time>2025-12-17T00:42:25.000Z</time><extensions><gpxtpx:TrackPointExtension><gpxtpx:bearing>142.47</gpxtpx:bearing><gpxtpx:speed>21.786133</gpxtpx:speed></gpxtpx:TrackPointExtension></extensions><geoidheight>-35.4</geoidheight><src>gps</src><sat>14</sat><hdop>0.84</hdop><vdop>1.12</vdop><pdop>1.40</pdop><dgpsid>0000</dgpsid></trkpt>
<trkpt lat="29.824562999999998" lon="-114.42073450000001"><ele>47.6</ele><time>2025-12-17T00:42:36.000Z</time><extensions><gpxtpx:TrackPointExtension><gpxtpx:bearing>153.81</gpxtpx:bearing><gpxtpx:speed>22.373945</gpxtpx:speed></gpxtpx:TrackPointExtension></extensions><geoidheight>-35.4</geoidheight><src>gps</src><sat>14</sat><hdop>0.73</hdop><vdop>1.19</vdop><pdop>1.40</pdop><dgpsid>0000</dgpsid></trkpt>
<trkpt lat="29.822538166666664" lon="-114.419883"><ele>46.9</ele><time>2025-12-17T00:42:47.000Z</time><extensions><gpxtpx:TrackPointExtension><gpxtpx:bearing>166.33</gpxtpx:bearing><gpxtpx:speed>21.417076</gpxtpx:speed></gpxtpx:TrackPointExtension></extensions><geoidheight>-35.4</geoidheight><src>gps</src><sat>15</sat><hdop>0.70</hdop><vdop>1.02</vdop><pdop>1.24</pdop><dgpsid>0000</dgpsid></trkpt>
<trkpt lat="29.820421166666666" lon="-114.41953616666666"><ele>42.4</ele><time>2025-12-17T00:42:58.000Z</time><extensions><gpxtpx:TrackPointExtension><gpxtpx:bearing>177.43</gpxtpx:bearing><gpxtpx:speed>22.067171</gpxtpx:speed></gpxtpx:TrackPointExtension></extensions><geoidheight>-35.4</geoidheight><src>gps</src><sat>15</sat><hdop>0.70</hdop><vdop>1.02</vdop><pdop>1.24</pdop><dgpsid>0000</dgpsid></trkpt>
<trkpt lat="29.81824" lon="-114.41949083333333"><ele>45.3</ele><time>2025-12-17T00:43:09.000Z</time><extensions><gpxtpx:TrackPointExtension><gpxtpx:bearing>179.22</gpxtpx:bearing><gpxtpx:speed>21.819075</gpxtpx:speed></gpxtpx:TrackPointExtension></extensions><geoidheight>-35.4</geoidheight><src>gps</src><sat>14</sat><hdop>0.73</hdop><vdop>1.20</vdop><pdop>1.40</pdop><dgpsid>0000</dgpsid></trkpt>
<trkpt lat="29.816106166666668" lon="-114.41936233333332"><ele>39.8</ele><time>2025-12-17T00:43:20.000Z</time><extensions><gpxtpx:TrackPointExtension><gpxtpx:bearing>172.76</gpxtpx:bearing><gpxtpx:speed>22.691528</gpxtpx:speed></gpxtpx:TrackPointExtension></extensions><geoidheight>-35.4</geoidheight><src>gps</src><sat>15</sat><hdop>0.70</hdop><vdop>1.02</vdop><pdop>1.24</pdop><dgpsid>0000</dgpsid></trkpt>
<trkpt lat="29.813940666666667" lon="-114.41884316666668"><ele>30.9</ele><time>2025-12-17T00:43:31.000Z</time><extensions><gpxtpx:TrackPointExtension><gpxtpx:bearing>163.85</gpxtpx:bearing><gpxtpx:speed>20.794264</gpxtpx:speed></gpxtpx:TrackPointExtension></extensions><geoidheight>-35.4</geoidheight><src>gps</src><sat>15</sat><hdop>0.70</hdop><vdop>1.02</vdop><pdop>1.24</pdop><dgpsid>0000</dgpsid></trkpt>
<trkpt lat="29.812337166666666" lon="-114.41823733333334"><ele>26.5</ele><time>2025-12-17T00:43:42.000Z</time><extensions><gpxtpx:TrackPointExtension><gpxtpx:bearing>161.53</gpxtpx:bearing><gpxtpx:speed>12.209211</gpxtpx:speed></gpxtpx:TrackPointExtension></extensions><geoidheight>-35.4</geoidheight><src>gps</src><sat>15</sat><hdop>0.70</hdop><vdop>1.02</vdop><pdop>1.24</pdop><dgpsid>0000</dgpsid></trkpt>
<trkpt lat="29.81111583333333" lon="-114.41775383333334"><ele>23.5</ele><time>2025-12-17T00:43:53.000Z</time><extensions><gpxtpx:TrackPointExtension><gpxtpx:bearing>161.37</gpxtpx:bearing><gpxtpx:speed>16.525156</gpxtpx:speed></gpxtpx:TrackPointExtension></extensions><geoidheight>-35.4</geoidheight><src>gps</src><sat>15</sat><hdop>0.70</hdop><vdop>1.02</vdop><pdop>1.24</pdop><dgpsid>0000</dgpsid></trkpt>
<trkpt lat="29.80920716666667" lon="-114.41699733333334"><ele>19.4</ele><time>2025-12-17T00:44:04.000Z</time><extensions><gpxtpx:TrackPointExtension><gpxtpx:bearing>161.36</gpxtpx:bearing><gpxtpx:speed>23.167133</gpxtpx:speed></gpxtpx:TrackPointExtension></extensions><geoidheight>-35.4</geoidheight><src>gps</src><sat>15</sat><hdop>0.70</hdop><vdop>1.02</vdop><pdop>1.24</pdop><dgpsid>0000</dgpsid></trkpt>
<trkpt lat="29.806956" lon="-114.41615483333332"><ele>16.9</ele><time>2025-12-17T00:44:15.000Z</time><extensions><gpxtpx:TrackPointExtension><gpxtpx:bearing>164.24</gpxtpx:bearing><gpxtpx:speed>24.204298</gpxtpx:speed></gpxtpx:TrackPointExtension></extensions><geoidheight>-35.4</geoidheight><src>gps</src><sat>15</sat><hdop>0.70</hdop><vdop>1.02</vdop><pdop>1.24</pdop><dgpsid>0000</dgpsid></trkpt>
<trkpt lat="29.804586833333328" lon="-114.41556283333333"><ele>13.8</ele><time>2025-12-17T00:44:26.000Z</time><extensions><gpxtpx:TrackPointExtension><gpxtpx:bearing>171.14</gpxtpx:bearing><gpxtpx:speed>24.981014</gpxtpx:speed></gpxtpx:TrackPointExtension></extensions><geoidheight>-35.4</geoidheight><src>gps</src><sat>15</sat><hdop>0.70</hdop><vdop>1.02</vdop><pdop>1.24</pdop><dgpsid>0000</dgpsid></trkpt>
<trkpt lat="29.8020915" lon="-114.41525183333333"><ele>12.6</ele><time>2025-12-17T00:44:37.000Z</time><extensions><gpxtpx:TrackPointExtension><gpxtpx:bearing>174.82</gpxtpx:bearing><gpxtpx:speed>25.37838</gpxtpx:speed></gpxtpx:TrackPointExtension></extensions><geoidheight>-35.4</geoidheight><src>gps</src><sat>14</sat><hdop>0.70</hdop><vdop>1.02</vdop><pdop>1.24</pdop><dgpsid>0000</dgpsid></trkpt>
<trkpt lat="29.799601" lon="-114.4150005"><ele>16.7</ele><time>2025-12-17T00:44:48.000Z</time><extensions><gpxtpx:TrackPointExtension><gpxtpx:bearing>174.94</gpxtpx:bearing><gpxtpx:speed>25.511177</gpxtpx:speed></gpxtpx:TrackPointExtension></extensions><geoidheight>-35.4</geoidheight><src>gps</src><sat>15</sat><hdop>0.70</hdop><vdop>1.02</vdop><pdop>1.24</pdop><dgpsid>0000</dgpsid></trkpt>
<trkpt lat="29.79720316666667" lon="-114.41474699999999"><ele>19.3</ele><time>2025-12-17T00:44:59.000Z</time><extensions><gpxtpx:TrackPointExtension><gpxtpx:bearing>174.56</gpxtpx:bearing><gpxtpx:speed>22.723442</gpxtpx:speed></gpxtpx:TrackPointExtension></extensions><geoidheight>-35.4</geoidheight><src>gps</src><sat>14</sat><hdop>0.84</hdop><vdop>1.11</vdop><pdop>1.39</pdop><dgpsid>0000</dgpsid></trkpt>
<trkpt lat="29.795161833333335" lon="-114.41453283333334"><ele>21.7</ele><time>2025-12-17T00:45:10.000Z</time><extensions><gpxtpx:TrackPointExtension><gpxtpx:bearing>175.42</gpxtpx:bearing><gpxtpx:speed>19.096708</gpxtpx:speed></gpxtpx:TrackPointExtension></extensions><geoidheight>-35.4</geoidheight><src>gps</src><sat>14</sat><hdop>0.84</hdop><vdop>1.11</vdop><pdop>1.39</pdop><dgpsid>0000</dgpsid></trkpt>
<trkpt lat="29.793494333333335" lon="-114.41435299999999"><ele>22.7</ele><time>2025-12-17T00:45:21.000Z</time><extensions><gpxtpx:TrackPointExtension><gpxtpx:bearing>174.06</gpxtpx:bearing><gpxtpx:speed>14.827603</gpxtpx:speed></gpxtpx:TrackPointExtension></extensions><geoidheight>-35.4</geoidheight><src>gps</src><sat>14</sat><hdop>0.84</hdop><vdop>1.11</vdop><pdop>1.39</pdop><dgpsid>0000</dgpsid></trkpt>
<trkpt lat="29.792348500000003" lon="-114.41420566666666"><ele>23.0</ele><time>2025-12-17T00:45:32.000Z</time><extensions><gpxtpx:TrackPointExtension><gpxtpx:bearing>176.07</gpxtpx:bearing><gpxtpx:speed>9.048817</gpxtpx:speed></gpxtpx:TrackPointExtension></extensions><geoidheight>-35.4</geoidheight><src>gps</src><sat>14</sat><hdop>0.73</hdop><vdop>1.04</vdop><pdop>1.27</pdop><dgpsid>0000</dgpsid></trkpt>
<trkpt lat="29.791840999999998" lon="-114.41431416666667"><ele>21.9</ele><time>2025-12-17T00:45:43.000Z</time><extensions><gpxtpx:TrackPointExtension><gpxtpx:bearing>223.5</gpxtpx:bearing><gpxtpx:speed>4.0235834</gpxtpx:speed></gpxtpx:TrackPointExtension></extensions><geoidheight>-35.4</geoidheight><src>gps</src><sat>15</sat><hdop>0.70</hdop><vdop>1.02</vdop><pdop>1.23</pdop><dgpsid>0000</dgpsid></trkpt>
<trkpt lat="29.7916685" lon="-114.41463583333334"><ele>19.4</ele><time>2025-12-17T00:45:54.000Z</time><extensions><gpxtpx:TrackPointExtension><gpxtpx:bearing>227.78</gpxtpx:bearing><gpxtpx:speed>2.5612578</gpxtpx:speed></gpxtpx:TrackPointExtension></extensions><geoidheight>-35.4</geoidheight><src>gps</src><sat>15</sat><hdop>0.70</hdop><vdop>1.02</vdop><pdop>1.23</pdop><dgpsid>0000</dgpsid></trkpt>
<trkpt lat="29.791854333333337" lon="-114.41405133333335"><time>2025-12-17T00:55:02.000Z</time><extensions><gpxtpx:TrackPointExtension><gpxtpx:bearing>25.67</gpxtpx:bearing><gpxtpx:speed>3.2947369</gpxtpx:speed></gpxtpx:TrackPointExtension></extensions><src>gps</src><hdop>3.16</hdop><vdop>5.73</vdop><pdop>6.54</pdop></trkpt>
<trkpt lat="29.792248166666663" lon="-114.41346816666668"><ele>15.5</ele><time>2025-12-17T00:55:40.000Z</time><extensions><gpxtpx:TrackPointExtension><gpxtpx:bearing>86.8</gpxtpx:bearing><gpxtpx:speed>2.1041844</gpxtpx:speed></gpxtpx:TrackPointExtension></extensions><geoidheight>-35.4</geoidheight><src>gps</src><sat>6</sat><hdop>2.04</hdop><vdop>2.69</vdop><pdop>3.38</pdop></trkpt>
<trkpt lat="29.792273833333336" lon="-114.41322683333334"><ele>15.4</ele><time>2025-12-17T00:55:51.000Z</time><extensions><gpxtpx:TrackPointExtension><gpxtpx:bearing>86.27</gpxtpx:bearing><gpxtpx:speed>1.2373922</gpxtpx:speed></gpxtpx:TrackPointExtension></extensions><geoidheight>-35.4</geoidheight><src>gps</src><sat>8</sat><hdop>2.05</hdop><vdop>2.68</vdop><pdop>3.37</pdop></trkpt>
<trkpt lat="29.7922595" lon="-114.41336733333334"><ele>17.9</ele><time>2025-12-17T00:56:24.000Z</time><extensions><gpxtpx:TrackPointExtension><gpxtpx:bearing>263.41</gpxtpx:bearing><gpxtpx:speed>1.4376192</gpxtpx:speed></gpxtpx:TrackPointExtension></extensions><geoidheight>-35.4</geoidheight><src>gps</src><sat>10</sat><hdop>1.17</hdop><vdop>1.54</vdop><pdop>1.93</pdop></trkpt>
<trkpt lat="29.792242166666664" lon="-114.41352533333333"><ele>17.7</ele><time>2025-12-17T00:56:35.000Z</time><extensions><gpxtpx:TrackPointExtension><gpxtpx:bearing>267.65</gpxtpx:bearing><gpxtpx:speed>1.6579202</gpxtpx:speed></gpxtpx:TrackPointExtension></extensions><geoidheight>-35.4</geoidheight><src>gps</src><sat>10</sat><hdop>1.17</hdop><vdop>1.54</vdop><pdop>1.93</pdop></trkpt>
<trkpt lat="29.792240833333334" lon="-114.41373783333331"><ele>16.7</ele><time>2025-12-17T00:56:46.000Z</time><extensions><gpxtpx:TrackPointExtension><gpxtpx:bearing>266.91</gpxtpx:bearing><gpxtpx:speed>1.7212311</gpxtpx:speed></gpxtpx:TrackPointExtension></extensions><geoidheight>-35.4</geoidheight><src>gps</src><sat>9</sat><hdop>1.90</hdop><vdop>2.25</vdop><pdop>2.94</pdop></trkpt>
<trkpt lat="29.792291833333334" lon="-114.41387233333334"><ele>17.2</ele><time>2025-12-17T00:56:57.000Z</time><extensions><gpxtpx:TrackPointExtension><gpxtpx:speed>0.43905807</gpxtpx:speed></gpxtpx:TrackPointExtension></extensions><geoidheight>-35.4</geoidheight><src>gps</src><sat>11</sat><hdop>0.98</hdop><vdop>1.28</vdop><pdop>1.62</pdop></trkpt>
<trkpt lat="29.79221016666667" lon="-114.41400616666667"><ele>19.6</ele><time>2025-12-17T00:57:08.000Z</time><extensions><gpxtpx:TrackPointExtension><gpxtpx:bearing>240.38</gpxtpx:bearing><gpxtpx:speed>2.5025795</gpxtpx:speed></gpxtpx:TrackPointExtension></extensions><geoidheight>-35.4</geoidheight><src>gps</src><sat>11</sat><hdop>0.98</hdop><vdop>1.28</vdop><pdop>1.62</pdop></trkpt>
<trkpt lat="29.791889833333336" lon="-114.41396216666665"><ele>21.3</ele><time>2025-12-17T00:57:19.000Z</time><extensions><gpxtpx:TrackPointExtension><gpxtpx:bearing>118.93</gpxtpx:bearing><gpxtpx:speed>4.3087397</gpxtpx:speed></gpxtpx:TrackPointExtension></extensions><geoidheight>-35.4</geoidheight><src>gps</src><sat>11</sat><hdop>0.99</hdop><vdop>1.28</vdop><pdop>1.62</pdop></trkpt>
<trkpt lat="29.79188633333333" lon="-114.41364316666667"><ele>19.8</ele><time>2025-12-17T00:57:30.000Z</time><extensions><gpxtpx:TrackPointExtension><gpxtpx:bearing>79.66</gpxtpx:bearing><gpxtpx:speed>1.3784261</gpxtpx:speed></gpxtpx:TrackPointExtension></extensions><geoidheight>-35.4</geoidheight><src>gps</src><sat>11</sat><hdop>0.99</hdop><vdop>1.28</vdop><pdop>1.62</pdop></trkpt>
<trkpt lat="29.791919" lon="-114.41340516666666"><ele>18.8</ele><time>2025-12-17T00:57:41.000Z</time><extensions><gpxtpx:TrackPointExtension><gpxtpx:bearing>82.37</gpxtpx:bearing><gpxtpx:speed>2.9524467</gpxtpx:speed></gpxtpx:TrackPointExtension></extensions><geoidheight>-35.4</geoidheight><src>gps</src><sat>10</sat><hdop>1.53</hdop><vdop>1.63</vdop><pdop>2.24</pdop></trkpt>
<trkpt lat="29.791983833333333" lon="-114.41274100000001"><ele>19.0</ele><time>2025-12-17T00:57:52.000Z</time><extensions><gpxtpx:TrackPointExtension><gpxtpx:bearing>86.09</gpxtpx:bearing><gpxtpx:speed>8.224747</gpxtpx:speed></gpxtpx:TrackPointExtension></extensions><geoidheight>-35.4</geoidheight><src>gps</src><sat>11</sat><hdop>0.99</hdop><vdop>1.28</vdop><pdop>1.62</pdop></trkpt>
<trkpt lat="29.79207066666667" lon="-114.41160550000001"><ele>17.1</ele><time>2025-12-17T00:58:03.000Z</time><extensions><gpxtpx:TrackPointExtension><gpxtpx:bearing>84.37</gpxtpx:bearing><gpxtpx:speed>10.646515</gpxtpx:speed></gpxtpx:TrackPointExtension></extensions><geoidheight>-35.4</geoidheight><src>gps</src><sat>11</sat><hdop>0.99</hdop><vdop>1.28</vdop><pdop>1.62</pdop></trkpt>
<trkpt lat="29.79219183333333" lon="-114.41023683333333"><ele>15.8</ele><time>2025-12-17T00:58:14.000Z</time><extensions><gpxtpx:TrackPointExtension><gpxtpx:bearing>83.9</gpxtpx:bearing><gpxtpx:speed>12.908204</gpxtpx:speed></gpxtpx:TrackPointExtension></extensions><geoidheight>-35.4</geoidheight><src>gps</src><sat>12</sat><hdop>0.88</hdop><vdop>1.14</vdop><pdop>1.44</pdop></trkpt>
<trkpt lat="29.7923235" lon="-114.408759"><ele>13.0</ele><time>2025-12-17T00:58:25.000Z</time><extensions><gpxtpx:TrackPointExtension><gpxtpx:bearing>83.92</gpxtpx:bearing><gpxtpx:speed>13.236082</gpxtpx:speed></gpxtpx:TrackPointExtension></extensions><geoidheight>-35.4</geoidheight><src>gps</src><sat>13</sat><hdop>0.83</hdop><vdop>1.05</vdop><pdop>1.34</pdop></trkpt>
<trkpt lat="29.792457833333334" lon="-114.40721800000001"><ele>10.2</ele><time>2025-12-17T00:58:36.000Z</time><extensions><gpxtpx:TrackPointExtension><gpxtpx:bearing>84.33</gpxtpx:bearing><gpxtpx:speed>13.808968</gpxtpx:speed></gpxtpx:TrackPointExtension></extensions><geoidheight>-35.4</geoidheight><src>gps</src><sat>13</sat><hdop>0.83</hdop><vdop>1.05</vdop><pdop>1.34</pdop></trkpt>
<trkpt lat="29.792603166666662" lon="-114.40566249999999"><ele>8.5</ele><time>2025-12-17T00:58:47.000Z</time><extensions><gpxtpx:TrackPointExtension><gpxtpx:bearing>84.34</gpxtpx:bearing><gpxtpx:speed>13.469766</gpxtpx:speed></gpxtpx:TrackPointExtension></extensions><geoidheight>-35.4</geoidheight><src>gps</src><sat>13</sat><hdop>0.83</hdop><vdop>1.05</vdop><pdop>1.34</pdop></trkpt>
<trkpt lat="29.792747333333335" lon="-114.40409766666669"><ele>7.1</ele><time>2025-12-17T00:58:58.000Z</time><extensions><gpxtpx:TrackPointExtension><gpxtpx:bearing>83.59</gpxtpx:bearing><gpxtpx:speed>13.891323</gpxtpx:speed></gpxtpx:TrackPointExtension></extensions><geoidheight>-35.4</geoidheight><src>gps</src><sat>12</sat><hdop>0.83</hdop><vdop>1.05</vdop><pdop>1.34</pdop></trkpt>
<trkpt lat="29.792902833333333" lon="-114.40252466666668"><ele>5.1</ele><time>2025-12-17T00:59:09.000Z</time><extensions><gpxtpx:TrackPointExtension><gpxtpx:bearing>82.99</gpxtpx:bearing><gpxtpx:speed>13.489326</gpxtpx:speed></gpxtpx:TrackPointExtension></extensions><geoidheight>-35.4</geoidheight><src>gps</src><sat>13</sat><hdop>0.83</hdop><vdop>1.05</vdop><pdop>1.34</pdop></trkpt>
<trkpt lat="29.793059833333338" lon="-114.40099149999999"><ele>4.9</ele><time>2025-12-17T00:59:20.000Z</time><extensions><gpxtpx:TrackPointExtension><gpxtpx:bearing>83.38</gpxtpx:bearing><gpxtpx:speed>13.446089</gpxtpx:speed></gpxtpx:TrackPointExtension></extensions><geoidheight>-35.4</geoidheight><src>gps</src><sat>14</sat><hdop>0.82</hdop><vdop>1.04</vdop><pdop>1.32</pdop></trkpt>
<trkpt lat="29.793190499999998" lon="-114.39952550000001"><ele>4.7</ele><time>2025-12-17T00:59:31.000Z</time><extensions><gpxtpx:TrackPointExtension><gpxtpx:bearing>84.47</gpxtpx:bearing><gpxtpx:speed>11.956997</gpxtpx:speed></gpxtpx:TrackPointExtension></extensions><geoidheight>-35.4</geoidheight><src>gps</src><sat>14</sat><hdop>0.82</hdop><vdop>1.04</vdop><pdop>1.32</pdop></trkpt>
<trkpt lat="29.793246500000002" lon="-114.39833766666668"><ele>3.2</ele><time>2025-12-17T00:59:42.000Z</time><extensions><gpxtpx:TrackPointExtension><gpxtpx:bearing>90.08</gpxtpx:bearing><gpxtpx:speed>8.937122</gpxtpx:speed></gpxtpx:TrackPointExtension></extensions><geoidheight>-35.4</geoidheight><src>gps</src><sat>15</sat><hdop>0.74</hdop><vdop>1.03</vdop><pdop>1.27</pdop></trkpt>
<trkpt lat="29.79317116666667" lon="-114.39755166666667"><ele>2.7</ele><time>2025-12-17T00:59:53.000Z</time><extensions><gpxtpx:TrackPointExtension><gpxtpx:bearing>114.23</gpxtpx:bearing><gpxtpx:speed>6.8365407</gpxtpx:speed></gpxtpx:TrackPointExtension></extensions><geoidheight>-35.4</geoidheight><src>gps</src><sat>16</sat><hdop>0.70</hdop><vdop>1.03</vdop><pdop>1.24</pdop></trkpt>
<trkpt lat="29.792803499999998" lon="-114.39698833333333"><ele>4.2</ele><time>2025-12-17T01:00:04.000Z</time><extensions><gpxtpx:TrackPointExtension><gpxtpx:bearing>134.02</gpxtpx:bearing><gpxtpx:speed>5.1425896</gpxtpx:speed></gpxtpx:TrackPointExtension></extensions><geoidheight>-35.4</geoidheight><src>gps</src><sat>16</sat><hdop>0.70</hdop><vdop>1.03</vdop><pdop>1.24</pdop></trkpt>
<trkpt lat="29.792511166666667" lon="-114.39652533333334"><ele>5.2</ele><time>2025-12-17T01:00:15.000Z</time><extensions><gpxtpx:TrackPointExtension><gpxtpx:bearing>105.61</gpxtpx:bearing><gpxtpx:speed>4.480657</gpxtpx:speed></gpxtpx:TrackPointExtension></extensions><geoidheight>-35.4</geoidheight><src>gps</src><sat>16</sat><hdop>0.70</hdop><vdop>1.03</vdop><pdop>1.24</pdop></trkpt>
<trkpt lat="29.7923435" lon="-114.39616249999999"><ele>6.6</ele><time>2025-12-17T01:00:26.000Z</time><extensions><gpxtpx:TrackPointExtension><gpxtpx:bearing>110.42</gpxtpx:bearing><gpxtpx:speed>3.3549595</gpxtpx:speed></gpxtpx:TrackPointExtension></extensions><geoidheight>-35.4</geoidheight><src>gps</src><sat>16</sat><hdop>0.70</hdop><vdop>1.03</vdop><pdop>1.24</pdop></trkpt>
<trkpt lat="29.792363666666667" lon="-114.39600333333334"><ele>5.2</ele><time>2025-12-17T01:00:37.000Z</time><extensions><gpxtpx:TrackPointExtension><gpxtpx:bearing>77.19</gpxtpx:bearing><gpxtpx:speed>0.43442556</gpxtpx:speed></gpxtpx:TrackPointExtension></extensions><geoidheight>-35.4</geoidheight><src>gps</src><sat>16</sat><hdop>0.70</hdop><vdop>1.03</vdop><pdop>1.24</pdop></trkpt>
<trkpt lat="29.792357666666664" lon="-114.39608933333332"><ele>6.0</ele><time>2025-12-17T01:02:38.000Z</time><extensions><gpxtpx:TrackPointExtension><gpxtpx:bearing>265.76</gpxtpx:bearing><gpxtpx:speed>1.1421686</gpxtpx:speed></gpxtpx:TrackPointExtension></extensions><geoidheight>-35.4</geoidheight><src>gps</src><sat>16</sat><hdop>0.70</hdop><vdop>1.04</vdop><pdop>1.26</pdop></trkpt>
<trkpt lat="29.792324333333333" lon="-114.39620199999999"><ele>5.1</ele><time>2025-12-17T01:02:49.000Z</time><extensions><gpxtpx:TrackPointExtension><gpxtpx:bearing>223.41</gpxtpx:bearing><gpxtpx:speed>1.1256975</gpxtpx:speed></gpxtpx:TrackPointExtension></extensions><geoidheight>-35.4</geoidheight><src>gps</src><sat>16</sat><hdop>0.70</hdop><vdop>1.04</vdop><pdop>1.26</pdop></trkpt>
<trkpt lat="29.79226233333333" lon="-114.39624366666666"><ele>4.4</ele><time>2025-12-17T01:03:00.000Z</time><extensions><gpxtpx:TrackPointExtension><gpxtpx:bearing>109.87</gpxtpx:bearing><gpxtpx:speed>0.6238433</gpxtpx:speed></gpxtpx:TrackPointExtension></extensions><geoidheight>-35.4</geoidheight><src>gps</src><sat>16</sat><hdop>0.70</hdop><vdop>1.04</vdop><pdop>1.26</pdop></trkpt>
<trkpt lat="29.79224633333333" lon="-114.39607550000001"><ele>3.3</ele><time>2025-12-17T01:03:11.000Z</time><extensions><gpxtpx:TrackPointExtension><gpxtpx:bearing>76.11</gpxtpx:bearing><gpxtpx:speed>1.545196</gpxtpx:speed></gpxtpx:TrackPointExtension></extensions><geoidheight>-35.4</geoidheight><src>gps</src><sat>16</sat><hdop>0.70</hdop><vdop>1.04</vdop><pdop>1.26</pdop></trkpt>
<trkpt lat="29.7922685" lon="-114.39599449999999"><ele>3.0</ele><time>2025-12-17T01:03:22.000Z</time><extensions><gpxtpx:TrackPointExtension><gpxtpx:speed>0.15801972</gpxtpx:speed></gpxtpx:TrackPointExtension></extensions><geoidheight>-35.4</geoidheight><src>gps</src><sat>16</sat><hdop>0.70</hdop><vdop>1.05</vdop><pdop>1.26</pdop></trkpt>
<trkpt lat="29.792234999999998" lon="-114.39608116666668"><ele>2.2</ele><time>2025-12-17T01:04:39.000Z</time><extensions><gpxtpx:TrackPointExtension><gpxtpx:bearing>248.91</gpxtpx:bearing><gpxtpx:speed>0.9429711</gpxtpx:speed></gpxtpx:TrackPointExtension></extensions><geoidheight>-35.4</geoidheight><src>gps</src><sat>16</sat><hdop>0.71</hdop><vdop>1.05</vdop><pdop>1.27</pdop></trkpt>
<trkpt lat="29.792245166666664" lon="-114.39619683333333"><ele>1.2</ele><time>2025-12-17T01:04:50.000Z</time><extensions><gpxtpx:TrackPointExtension><gpxtpx:bearing>299.36</gpxtpx:bearing><gpxtpx:speed>0.8971608</gpxtpx:speed></gpxtpx:TrackPointExtension></extensions><geoidheight>-35.4</geoidheight><src>gps</src><sat>16</sat><hdop>0.71</hdop><vdop>1.05</vdop><pdop>1.27</pdop></trkpt>
<trkpt lat="29.79212933333333" lon="-114.39620699999999"><ele>1.9</ele><time>2025-12-17T01:05:12.000Z</time><extensions><gpxtpx:TrackPointExtension><gpxtpx:bearing>232.81</gpxtpx:bearing><gpxtpx:speed>0.4308225</gpxtpx:speed></gpxtpx:TrackPointExtension></extensions><geoidheight>-35.4</geoidheight><src>gps</src><sat>16</sat><hdop>0.71</hdop><vdop>1.06</vdop><pdop>1.27</pdop></trkpt>
<trkpt lat="29.79221016666667" lon="-114.39619766666668"><ele>2.2</ele><time>2025-12-17T01:05:23.000Z</time><extensions><gpxtpx:TrackPointExtension><gpxtpx:bearing>25.39</gpxtpx:bearing><gpxtpx:speed>0.6372261</gpxtpx:speed></gpxtpx:TrackPointExtension></extensions><geoidheight>-35.4</geoidheight><src>gps</src><sat>16</sat><hdop>0.71</hdop><vdop>1.06</vdop><pdop>1.27</pdop></trkpt>
<trkpt lat="29.79222933333333" lon="-114.39614949999999"><ele>2.3</ele><time>2025-12-17T01:05:34.000Z</time><extensions><gpxtpx:TrackPointExtension><gpxtpx:bearing>86.41</gpxtpx:bearing><gpxtpx:speed>0.49413332</gpxtpx:speed></gpxtpx:TrackPointExtension></extensions><geoidheight>-35.4</geoidheight><src>gps</src><sat>16</sat><hdop>0.71</hdop><vdop>1.06</vdop><pdop>1.27</pdop></trkpt>
<trkpt lat="29.792251166666667" lon="-114.39610133333332"><ele>1.3</ele><time>2025-12-17T01:05:45.000Z</time><extensions><gpxtpx:TrackPointExtension><gpxtpx:speed>0.23008083</gpxtpx:speed></gpxtpx:TrackPointExtension></extensions><geoidheight>-35.4</geoidheight><src>gps</src><sat>17</sat><hdop>0.64</hdop><vdop>0.95</vdop><pdop>1.14</pdop></trkpt>
<trkpt lat="29.7922595" lon="-114.39604883333335"><ele>1.9</ele><time>2025-12-17T01:06:07.000Z</time><extensions><gpxtpx:TrackPointExtension><gpxtpx:speed>0.038089443</gpxtpx:speed></gpxtpx:TrackPointExtension></extensions><geoidheight>-35.4</geoidheight><src>gps</src><sat>17</sat><hdop>0.64</hdop><vdop>0.95</vdop><pdop>1.14</pdop></trkpt>
</trkseg></trk></gpx>