<?xml version="1.0" encoding="UTF-8" ?><gpx version="1.1" creator="GPSLogger 135 - http://gpslogger.mendhak.com/" xmlns:xsi="http://www.w3.org/2001/XMLSchema-instance" xmlns="http://www.topografix.com/GPX/1/1" xmlns:gpxtpx="http://www.garmin.com/xmlschemas/TrackPointExtension/v2" xsi:schemaLocation="http://www.topografix.com/GPX/1/1 http://www.topografix.com/GPX/1/1/gpx.xsd http://www.garmin.com/xmlschemas/TrackPointExtension/v2 https://www8.garmin.com/xmlschemas/TrackPointExtensionv2.xsd "><metadata><time>2025-12-10T18:47:21.000Z</time></metadata><trk><name>20251210</name><trkseg><trkpt lat="31.9263525" lon="-106.51254166666668"><time>2025-12-10T18:47:21.000Z</time><extensions><gpxtpx:TrackPointExtension><gpxtpx:speed>0.45449972</gpxtpx:speed></gpxtpx:TrackPointExtension></extensions><src>gps</src><hdop>3.33</hdop><vdop>3.10</vdop><pdop>4.55</pdop></trkpt>
<trkpt lat="31.926309333333332" lon="-106.5125045"><ele>1537.5</ele><time>2025-12-10T18:48:04.000Z</time><extensions><gpxtpx:TrackPointExtension><gpxtpx:speed>0.27074388</gpxtpx:speed></gpxtpx:TrackPointExtension></extensions><geoidheight>-26.2</geoidheight><src>gps</src><sat>8</sat><hdop>2.62</hdop><vdop>2.52</vdop><pdop>3.63</pdop></trkpt>
<trkpt lat="31.9262925" lon="-106.51242833333332"><ele>1530.6</ele><time>2025-12-10T18:53:01.000Z</time><extensions><gpxtpx:TrackPointExtension><gpxtpx:speed>0.3268486</gpxtpx:speed></gpxtpx:TrackPointExtension></extensions><geoidheight>-26.2</geoidheight><src>gps</src><sat>13</sat><hdop>0.93</hdop><vdop>1.16</vdop><pdop>1.48</pdop><dgpsid>0000</dgpsid></trkpt>
<trkpt lat="31.9262705" lon="-106.51237433333333"><ele>1531.7</ele><time>2025-12-10T18:53:56.000Z</time><extensions><gpxtpx:TrackPointExtension><gpxtpx:speed>0.07463472</gpxtpx:speed></gpxtpx:TrackPointExtension></extensions><geoidheight>-26.2</geoidheight><src>gps</src><sat>13</sat><hdop>0.93</hdop><vdop>1.17</vdop><pdop>1.49</pdop><dgpsid>0000</dgpsid></trkpt>
<trkpt lat="31.926267999999997" lon="-106.51231783333333"><ele>1520.9</ele><time>2025-12-10T18:54:29.000Z</time><extensions><gpxtpx:TrackPointExtension><gpxtpx:speed>0.03911889</gpxtpx:speed></gpxtpx:TrackPointExtension></extensions><geoidheight>-26.2</geoidheight><src>gps</src><sat>13</sat><hdop>1.04</hdop><vdop>1.34</vdop><pdop>1.70</pdop><dgpsid>0000</dgpsid></trkpt>
<trkpt lat="31.926222999999997" lon="-106.51235399999999"><ele>1527.0</ele><time>2025-12-10T18:55:46.000Z</time><extensions><gpxtpx:TrackPointExtension><gpxtpx:speed>0.20383</gpxtpx:speed></gpxtpx:TrackPointExtension></extensions><geoidheight>-26.2</geoidheight><src>gps</src><sat>14</sat><hdop>0.87</hdop><vdop>1.18</vdop><pdop>1.46</pdop><dgpsid>0000</dgpsid></trkpt>
<trkpt lat="31.926174833333334" lon="-106.5123885"><ele>1526.6</ele><time>2025-12-10T18:56:30.000Z</time><extensions><gpxtpx:TrackPointExtension><gpxtpx:speed>0.20794778</gpxtpx:speed></gpxtpx:TrackPointExtension></extensions><geoidheight>-26.2</geoidheight><src>gps</src><sat>16</sat><hdop>0.75</hdop><vdop>1.08</vdop><pdop>1.32</pdop><dgpsid>0000</dgpsid></trkpt>
<trkpt lat="31.926119333333336" lon="-106.51240866666667"><ele>1526.8</ele><time>2025-12-10T18:57:03.000Z</time><extensions><gpxtpx:TrackPointExtension><gpxtpx:bearing>265.87</gpxtpx:bearing><gpxtpx:speed>0.31706887</gpxtpx:speed></gpxtpx:TrackPointExtension></extensions><geoidheight>-26.2</geoidheight><src>gps</src><sat>16</sat><hdop>0.75</hdop><vdop>1.08</vdop><pdop>1.32</pdop><dgpsid>0000</dgpsid></trkpt>
<trkpt lat="31.926153666666664" lon="-106.5124605"><ele>1526.4</ele><time>2025-12-10T18:57:14.000Z</time><extensions><gpxtpx:TrackPointExtension><gpxtpx:speed>0.015956389</gpxtpx:speed></gpxtpx:TrackPointExtension></extensions><geoidheight>-26.2</geoidheight><src>gps</src><sat>16</sat><hdop>0.75</hdop><vdop>1.08</vdop><pdop>1.32</pdop><dgpsid>0000</dgpsid></trkpt>
<trkpt lat="31.926083333333334" lon="-106.51245566666667"><ele>1527.0</ele><time>2025-12-10T18:57:36.000Z</time><extensions><gpxtpx:TrackPointExtension><gpxtpx:speed>0.43030778</gpxtpx:speed></gpxtpx:TrackPointExtension></extensions><geoidheight>-26.2</geoidheight><src>gps</src><sat>16</sat><hdop>0.75</hdop><vdop>1.08</vdop><pdop>1.32</pdop><dgpsid>0000</dgpsid></trkpt>
<trkpt lat="31.926116333333333" lon="-106.51250999999999"><ele>1525.5</ele><time>2025-12-10T18:59:37.000Z</time><extensions><gpxtpx:TrackPointExtension><gpxtpx:bearing>319.45</gpxtpx:bearing><gpxtpx:speed>0.6253875</gpxtpx:speed></gpxtpx:TrackPointExtension></extensions><geoidheight>-26.2</geoidheight><src>gps</src><sat>16</sat><hdop>0.75</hdop><vdop>1.09</vdop><pdop>1.32</pdop><dgpsid>0000</dgpsid></trkpt>
<trkpt lat="31.926088333333336" lon="-106.51246633333334"><ele>1519.3</ele><time>2025-12-10T19:00:54.000Z</time><extensions><gpxtpx:TrackPointExtension><gpxtpx:speed>0.0602225</gpxtpx:speed></gpxtpx:TrackPointExtension></extensions><geoidheight>-26.2</geoidheight><src>gps</src><sat>16</sat><hdop>0.75</hdop><vdop>1.09</vdop><pdop>1.32</pdop><dgpsid>0000</dgpsid></trkpt>
<trkpt lat="31.92600916666667" lon="-106.512279"><time>2025-12-10T23:16:33.000Z</time><extensions><gpxtpx:TrackPointExtension><gpxtpx:speed>0.042721946</gpxtpx:speed></gpxtpx:TrackPointExtension></extensions><geoidheight>-26.2</geoidheight><src>gps</src><hdop>3.21</hdop><vdop>3.38</vdop><pdop>4.66</pdop></trkpt>
<trkpt lat="31.926052833333333" lon="-106.51234416666667"><ele>1520.6</ele><time>2025-12-10T23:16:43.000Z</time><extensions><gpxtpx:TrackPointExtension><gpxtpx:speed>0.042207222</gpxtpx:speed></gpxtpx:TrackPointExtension></extensions><geoidheight>-26.2</geoidheight><src>gps</src><sat>11</sat><hdop>1.51</hdop><vdop>1.69</vdop><pdop>2.27</pdop></trkpt>
<trkpt lat="31.926075666666666" lon="-106.51240883333334"><ele>1527.9</ele><time>2025-12-10T23:16:54.000Z</time><extensions><gpxtpx:TrackPointExtension><gpxtpx:speed>0.10294444</gpxtpx:speed></gpxtpx:TrackPointExtension></extensions><geoidheight>-26.2</geoidheight><src>gps</src><sat>11</sat><hdop>1.51</hdop><vdop>1.69</vdop><pdop>2.26</pdop></trkpt>
<trkpt lat="31.926106166666667" lon="-106.51244849999999"><ele>1532.9</ele><time>2025-12-10T23:17:16.000Z</time><extensions><gpxtpx:TrackPointExtension><gpxtpx:speed>0.028309721</gpxtpx:speed></gpxtpx:TrackPointExtension></extensions><geoidheight>-26.2</geoidheight><src>gps</src><sat>14</sat><hdop>0.83</hdop><vdop>1.17</vdop><pdop>1.44</pdop></trkpt>
<trkpt lat="31.926233000000003" lon="-106.51257166666667"><time>2025-12-10T23:25:12.000Z</time><extensions><gpxtpx:TrackPointExtension><gpxtpx:speed>0.03448639</gpxtpx:speed></gpxtpx:TrackPointExtension></extensions><src>gps</src><hdop>2.50</hdop><vdop>3.65</vdop><pdop>4.42</pdop></trkpt>
<trkpt lat="31.92550383333333" lon="-106.51265616666666"><ele>1523.1</ele><time>2025-12-10T23:25:56.000Z</time><extensions><gpxtpx:TrackPointExtension><gpxtpx:bearing>190.2</gpxtpx:bearing><gpxtpx:speed>3.6334243</gpxtpx:speed></gpxtpx:TrackPointExtension></extensions><geoidheight>-26.2</geoidheight><src>gps</src><sat>6</sat><hdop>1.08</hdop><vdop>2.23</vdop><pdop>2.48</pdop></trkpt>
<trkpt lat="31.925093666666665" lon="-106.51273266666666"><ele>1519.1</ele><time>2025-12-10T23:26:07.000Z</time><extensions><gpxtpx:TrackPointExtension><gpxtpx:bearing>185.76</gpxtpx:bearing><gpxtpx:speed>4.032334</gpxtpx:speed></gpxtpx:TrackPointExtension></extensions><geoidheight>-26.2</geoidheight><src>gps</src><sat>8</sat><hdop>1.08</hdop><vdop>2.23</vdop><pdop>2.47</pdop></trkpt>
<trkpt lat="31.924720999999998" lon="-106.51277183333335"><ele>1510.6</ele><time>2025-12-10T23:26:18.000Z</time><extensions><gpxtpx:TrackPointExtension><gpxtpx:bearing>189.17</gpxtpx:bearing><gpxtpx:speed>3.1825275</gpxtpx:speed></gpxtpx:TrackPointExtension></extensions><geoidheight>-26.2</geoidheight><src>gps</src><sat>8</sat><hdop>1.08</hdop><vdop>2.22</vdop><pdop>2.47</pdop></trkpt>
<trkpt lat="31.92430883333333" lon="-106.51294683333332"><ele>1513.4</ele><time>2025-12-10T23:26:29.000Z</time><extensions><gpxtpx:TrackPointExtension><gpxtpx:bearing>199.49</gpxtpx:bearing><gpxtpx:speed>4.0199804</gpxtpx:speed></gpxtpx:TrackPointExtension></extensions><geoidheight>-26.2</geoidheight><src>gps</src><sat>9</sat><hdop>0.88</hdop><vdop>1.55</vdop><pdop>1.78</pdop></trkpt>
<trkpt lat="31.923727999999997" lon="-106.51313533333332"><ele>1511.7</ele><time>2025-12-10T23:26:40.000Z</time><extensions><gpxtpx:TrackPointExtension><gpxtpx:bearing>187.25</gpxtpx:bearing><gpxtpx:speed>7.6245804</gpxtpx:speed></gpxtpx:TrackPointExtension></extensions><geoidheight>-26.2</geoidheight><src>gps</src><sat>9</sat><hdop>0.95</hdop><vdop>1.46</vdop><pdop>1.74</pdop></trkpt>
<trkpt lat="31.922956" lon="-106.51309699999999"><ele>1509.2</ele><time>2025-12-10T23:26:51.000Z</time><extensions><gpxtpx:TrackPointExtension><gpxtpx:bearing>170.07</gpxtpx:bearing><gpxtpx:speed>7.955547</gpxtpx:speed></gpxtpx:TrackPointExtension></extensions><geoidheight>-26.2</geoidheight><src>gps</src><sat>11</sat><hdop>0.79</hdop><vdop>1.37</vdop><pdop>1.58</pdop></trkpt>
<trkpt lat="31.922209833333334" lon="-106.51293883333334"><ele>1505.1</ele><time>2025-12-10T23:27:02.000Z</time><extensions><gpxtpx:TrackPointExtension><gpxtpx:bearing>174.45</gpxtpx:bearing><gpxtpx:speed>6.6481524</gpxtpx:speed></gpxtpx:TrackPointExtension></extensions><geoidheight>-26.2</geoidheight><src>gps</src><sat>11</sat><hdop>0.78</hdop><vdop>1.31</vdop><pdop>1.53</pdop></trkpt>
<trkpt lat="31.921963833333333" lon="-106.51293216666666"><ele>1506.1</ele><time>2025-12-10T23:27:13.000Z</time><extensions><gpxtpx:TrackPointExtension><gpxtpx:bearing>180.24</gpxtpx:bearing><gpxtpx:speed>1.5925505</gpxtpx:speed></gpxtpx:TrackPointExtension></extensions><geoidheight>-26.2</geoidheight><src>gps</src><sat>12</sat><hdop>0.78</hdop><vdop>1.31</vdop><pdop>1.52</pdop></trkpt>
<trkpt lat="31.921697" lon="-106.51295200000001"><ele>1503.3</ele><time>2025-12-10T23:27:24.000Z</time><extensions><gpxtpx:TrackPointExtension><gpxtpx:bearing>187.22</gpxtpx:bearing><gpxtpx:speed>2.9617116</gpxtpx:speed></gpxtpx:TrackPointExtension></extensions><geoidheight>-26.2</geoidheight><src>gps</src><sat>12</sat><hdop>0.78</hdop><vdop>1.31</vdop><pdop>1.52</pdop></trkpt>
<trkpt lat="31.921329" lon="-106.51304800000001"><ele>1497.9</ele><time>2025-12-10T23:27:35.000Z</time><extensions><gpxtpx:TrackPointExtension><gpxtpx:bearing>192.6</gpxtpx:bearing><gpxtpx:speed>4.1239543</gpxtpx:speed></gpxtpx:TrackPointExtension></extensions><geoidheight>-26.2</geoidheight><src>gps</src><sat>11</sat><hdop>0.88</hdop><vdop>1.66</vdop><pdop>1.88</pdop></trkpt>
<trkpt lat="31.920892333333335" lon="-106.51320516666668"><ele>1499.9</ele><time>2025-12-10T23:27:46.000Z</time><extensions><gpxtpx:TrackPointExtension><gpxtpx:bearing>194.55</gpxtpx:bearing><gpxtpx:speed>4.3792567</gpxtpx:speed></gpxtpx:TrackPointExtension></extensions><geoidheight>-26.2</geoidheight><src>gps</src><sat>12</sat><hdop>0.99</hdop><vdop>1.85</vdop><pdop>2.10</pdop></trkpt>
<trkpt lat="31.920231833333332" lon="-106.51333533333333"><ele>1502.0</ele><time>2025-12-10T23:27:57.000Z</time><extensions><gpxtpx:TrackPointExtension><gpxtpx:bearing>183.48</gpxtpx:bearing><gpxtpx:speed>8.9144745</gpxtpx:speed></gpxtpx:TrackPointExtension></extensions><geoidheight>-26.2</geoidheight><src>gps</src><sat>12</sat><hdop>0.85</hdop><vdop>1.63</vdop><pdop>1.84</pdop></trkpt>
<trkpt lat="31.919200999999997" lon="-106.51332550000001"><ele>1500.6</ele><time>2025-12-10T23:28:08.000Z</time><extensions><gpxtpx:TrackPointExtension><gpxtpx:bearing>187.59</gpxtpx:bearing><gpxtpx:speed>10.505481</gpxtpx:speed></gpxtpx:TrackPointExtension></extensions><geoidheight>-26.2</geoidheight><src>gps</src><sat>13</sat><hdop>0.85</hdop><vdop>1.63</vdop><pdop>1.84</pdop></trkpt>
<trkpt lat="31.91842916666667" lon="-106.51383783333334"><ele>1504.6</ele><time>2025-12-10T23:28:19.000Z</time><extensions><gpxtpx:TrackPointExtension><gpxtpx:bearing>232.36</gpxtpx:bearing><gpxtpx:speed>8.879473</gpxtpx:speed></gpxtpx:TrackPointExtension></extensions><geoidheight>-26.2</geoidheight><src>gps</src><sat>12</sat><hdop>0.85</hdop><vdop>1.63</vdop><pdop>1.84</pdop></trkpt>
<trkpt lat="31.91784883333333" lon="-106.51442233333334"><ele>1499.6</ele><time>2025-12-10T23:28:30.000Z</time><extensions><gpxtpx:TrackPointExtension><gpxtpx:bearing>202.68</gpxtpx:bearing><gpxtpx:speed>9.439491</gpxtpx:speed></gpxtpx:TrackPointExtension></extensions><geoidheight>-26.2</geoidheight><src>gps</src><sat>12</sat><hdop>0.99</hdop><vdop>1.85</vdop><pdop>2.09</pdop></trkpt>
<trkpt lat="31.91693666666667" lon="-106.5147695"><ele>1495.7</ele><time>2025-12-10T23:28:41.000Z</time><extensions><gpxtpx:TrackPointExtension><gpxtpx:bearing>192.41</gpxtpx:bearing><gpxtpx:speed>10.17297</gpxtpx:speed></gpxtpx:TrackPointExtension></extensions><geoidheight>-26.2</geoidheight><src>gps</src><sat>11</sat><hdop>0.88</hdop><vdop>1.65</vdop><pdop>1.87</pdop></trkpt>
<trkpt lat="31.916111" lon="-106.51497933333333"><ele>1498.3</ele><time>2025-12-10T23:28:52.000Z</time><extensions><gpxtpx:TrackPointExtension><gpxtpx:bearing>191.34</gpxtpx:bearing><gpxtpx:speed>3.0512733</gpxtpx:speed></gpxtpx:TrackPointExtension></extensions><geoidheight>-26.2</geoidheight><src>gps</src><sat>13</sat><hdop>0.69</hdop><vdop>1.16</vdop><pdop>1.35</pdop></trkpt>
<trkpt lat="31.9159005" lon="-106.515048"><ele>1492.6</ele><time>2025-12-10T23:29:03.000Z</time><extensions><gpxtpx:TrackPointExtension><gpxtpx:bearing>196.26</gpxtpx:bearing><gpxtpx:speed>3.9427722</gpxtpx:speed></gpxtpx:TrackPointExtension></extensions><geoidheight>-26.2</geoidheight><src>gps</src><sat>13</sat><hdop>0.69</hdop><vdop>1.16</vdop><pdop>1.35</pdop></trkpt>
<trkpt lat="31.915377666666668" lon="-106.51535766666666"><ele>1486.3</ele><time>2025-12-10T23:29:14.000Z</time><extensions><gpxtpx:TrackPointExtension><gpxtpx:bearing>212.16</gpxtpx:bearing><gpxtpx:speed>8.179966</gpxtpx:speed></gpxtpx:TrackPointExtension></extensions><geoidheight>-26.2</geoidheight><src>gps</src><sat>13</sat><hdop>0.76</hdop><vdop>1.21</vdop><pdop>1.43</pdop><dgpsid>0000</dgpsid></trkpt>
<trkpt lat="31.91448833333333" lon="-106.51584816666667"><ele>1475.8</ele><time>2025-12-10T23:29:25.000Z</time><extensions><gpxtpx:TrackPointExtension><gpxtpx:bearing>189.56</gpxtpx:bearing><gpxtpx:speed>10.510628</gpxtpx:speed></gpxtpx:TrackPointExtension></extensions><geoidheight>-26.2</geoidheight><src>gps</src><sat>12</sat><hdop>0.76</hdop><vdop>1.21</vdop><pdop>1.43</pdop><dgpsid>0000</dgpsid></trkpt>
<trkpt lat="31.913702166666667" lon="-106.51588316666667"><ele>1467.4</ele><time>2025-12-10T23:29:36.000Z</time><extensions><gpxtpx:TrackPointExtension><gpxtpx:bearing>185.75</gpxtpx:bearing><gpxtpx:speed>6.609548</gpxtpx:speed></gpxtpx:TrackPointExtension></extensions><geoidheight>-26.2</geoidheight><src>gps</src><sat>13</sat><hdop>0.69</hdop><vdop>1.16</vdop><pdop>1.34</pdop><dgpsid>0000</dgpsid></trkpt>
<trkpt lat="31.913052166666663" lon="-106.51630866666667"><ele>1464.2</ele><time>2025-12-10T23:29:47.000Z</time><extensions><gpxtpx:TrackPointExtension><gpxtpx:bearing>224.89</gpxtpx:bearing><gpxtpx:speed>9.302575</gpxtpx:speed></gpxtpx:TrackPointExtension></extensions><geoidheight>-26.2</geoidheight><src>gps</src><sat>13</sat><hdop>0.69</hdop><vdop>1.15</vdop><pdop>1.34</pdop><dgpsid>0000</dgpsid></trkpt>
<trkpt lat="31.912218999999997" lon="-106.51710033333332"><ele>1461.0</ele><time>2025-12-10T23:29:58.000Z</time><extensions><gpxtpx:TrackPointExtension><gpxtpx:bearing>209.69</gpxtpx:bearing><gpxtpx:speed>11.642502</gpxtpx:speed></gpxtpx:TrackPointExtension></extensions><geoidheight>-26.2</geoidheight><src>gps</src><sat>13</sat><hdop>0.72</hdop><vdop>1.16</vdop><pdop>1.37</pdop><dgpsid>0000</dgpsid></trkpt>
<trkpt lat="31.911696666666664" lon="-106.51749300000002"><ele>1461.5</ele><time>2025-12-10T23:30:09.000Z</time><extensions><gpxtpx:TrackPointExtension><gpxtpx:bearing>216.89</gpxtpx:bearing><gpxtpx:speed>2.9179602</gpxtpx:speed></gpxtpx:TrackPointExtension></extensions><geoidheight>-26.2</geoidheight><src>gps</src><sat>13</sat><hdop>0.85</hdop><vdop>1.25</vdop><pdop>1.51</pdop><dgpsid>0000</dgpsid></trkpt>
<trkpt lat="31.911557833333337" lon="-106.51760399999999"><ele>1461.1</ele><time>2025-12-10T23:30:20.000Z</time><extensions><gpxtpx:TrackPointExtension><gpxtpx:bearing>213.65</gpxtpx:bearing><gpxtpx:speed>2.288455</gpxtpx:speed></gpxtpx:TrackPointExtension></extensions><geoidheight>-26.2</geoidheight><src>gps</src><sat>11</sat><hdop>0.85</hdop><vdop>1.25</vdop><pdop>1.51</pdop><dgpsid>0000</dgpsid></trkpt>
<trkpt lat="31.911292333333336" lon="-106.51799383333334"><ele>1457.6</ele><time>2025-12-10T23:30:31.000Z</time><extensions><gpxtpx:TrackPointExtension><gpxtpx:bearing>239.15</gpxtpx:bearing><gpxtpx:speed>7.712083</gpxtpx:speed></gpxtpx:TrackPointExtension></extensions><geoidheight>-26.2</geoidheight><src>gps</src><sat>13</sat><hdop>0.76</hdop><vdop>1.20</vdop><pdop>1.42</pdop><dgpsid>0000</dgpsid></trkpt>
<trkpt lat="31.910830666666666" lon="-106.51878049999999"><ele>1454.0</ele><time>2025-12-10T23:30:42.000Z</time><extensions><gpxtpx:TrackPointExtension><gpxtpx:bearing>234.05</gpxtpx:bearing><gpxtpx:speed>6.620357</gpxtpx:speed></gpxtpx:TrackPointExtension></extensions><geoidheight>-26.2</geoidheight><src>gps</src><sat>13</sat><hdop>0.68</hdop><vdop>1.15</vdop><pdop>1.34</pdop><dgpsid>0000</dgpsid></trkpt>
<trkpt lat="31.910461499999997" lon="-106.51955333333332"><ele>1449.2</ele><time>2025-12-10T23:30:53.000Z</time><extensions><gpxtpx:TrackPointExtension><gpxtpx:bearing>243.04</gpxtpx:bearing><gpxtpx:speed>8.7456455</gpxtpx:speed></gpxtpx:TrackPointExtension></extensions><geoidheight>-26.2</geoidheight><src>gps</src><sat>13</sat><hdop>0.68</hdop><vdop>1.14</vdop><pdop>1.33</pdop><dgpsid>0000</dgpsid></trkpt>
<trkpt lat="31.910094000000004" lon="-106.52042733333334"><ele>1445.4</ele><time>2025-12-10T23:31:04.000Z</time><extensions><gpxtpx:TrackPointExtension><gpxtpx:bearing>243.55</gpxtpx:bearing><gpxtpx:speed>7.826351</gpxtpx:speed></gpxtpx:TrackPointExtension></extensions><geoidheight>-26.2</geoidheight><src>gps</src><sat>13</sat><hdop>0.68</hdop><vdop>1.14</vdop><pdop>1.33</pdop><dgpsid>0000</dgpsid></trkpt>
<trkpt lat="31.909734166666667" lon="-106.52126566666666"><ele>1440.9</ele><time>2025-12-10T23:31:15.000Z</time><extensions><gpxtpx:TrackPointExtension><gpxtpx:bearing>243.47</gpxtpx:bearing><gpxtpx:speed>8.315852</gpxtpx:speed></gpxtpx:TrackPointExtension></extensions><geoidheight>-26.2</geoidheight><src>gps</src><sat>13</sat><hdop>0.68</hdop><vdop>1.14</vdop><pdop>1.33</pdop><dgpsid>0000</dgpsid></trkpt>
<trkpt lat="31.90935416666667" lon="-106.52214483333334"><ele>1437.5</ele><time>2025-12-10T23:31:26.000Z</time><extensions><gpxtpx:TrackPointExtension><gpxtpx:bearing>244.78</gpxtpx:bearing><gpxtpx:speed>9.717441</gpxtpx:speed></gpxtpx:TrackPointExtension></extensions><geoidheight>-26.2</geoidheight><src>gps</src><sat>13</sat><hdop>0.68</hdop><vdop>1.14</vdop><pdop>1.33</pdop><dgpsid>0000</dgpsid></trkpt>
<trkpt lat="31.90889816666667" lon="-106.52326483333333"><ele>1433.0</ele><time>2025-12-10T23:31:37.000Z</time><extensions><gpxtpx:TrackPointExtension><gpxtpx:bearing>244.92</gpxtpx:bearing><gpxtpx:speed>11.052115</gpxtpx:speed></gpxtpx:TrackPointExtension></extensions><geoidheight>-26.2</geoidheight><src>gps</src><sat>14</sat><hdop>0.68</hdop><vdop>1.05</vdop><pdop>1.25</pdop><dgpsid>0000</dgpsid></trkpt>
<trkpt lat="31.908426166666665" lon="-106.52450316666666"><ele>1428.4</ele><time>2025-12-10T23:31:48.000Z</time><extensions><gpxtpx:TrackPointExtension><gpxtpx:bearing>248.15</gpxtpx:bearing><gpxtpx:speed>10.344887</gpxtpx:speed></gpxtpx:TrackPointExtension></extensions><geoidheight>-26.2</geoidheight><src>gps</src><sat>14</sat><hdop>0.68</hdop><vdop>1.05</vdop><pdop>1.25</pdop><dgpsid>0000</dgpsid></trkpt>
<trkpt lat="31.908197499999996" lon="-106.52531400000001"><ele>1425.1</ele><time>2025-12-10T23:31:59.000Z</time><extensions><gpxtpx:TrackPointExtension><gpxtpx:bearing>256.56</gpxtpx:bearing><gpxtpx:speed>4.097189</gpxtpx:speed></gpxtpx:TrackPointExtension></extensions><geoidheight>-26.2</geoidheight><src>gps</src><sat>14</sat><hdop>0.76</hdop><vdop>1.31</vdop><pdop>1.51</pdop><dgpsid>0000</dgpsid></trkpt>
<trkpt lat="31.90814533333333" lon="-106.5255665"><ele>1423.4</ele><time>2025-12-10T23:32:10.000Z</time><extensions><gpxtpx:TrackPointExtension><gpxtpx:bearing>253.11</gpxtpx:bearing><gpxtpx:speed>0.5075161</gpxtpx:speed></gpxtpx:TrackPointExtension></extensions><geoidheight>-26.2</geoidheight><src>gps</src><sat>14</sat><hdop>0.68</hdop><vdop>1.05</vdop><pdop>1.24</pdop><dgpsid>0000</dgpsid></trkpt>
<trkpt lat="31.907979333333333" lon="-106.52581566666667"><ele>1424.0</ele><time>2025-12-10T23:32:21.000Z</time><extensions><gpxtpx:TrackPointExtension><gpxtpx:bearing>213.08</gpxtpx:bearing><gpxtpx:speed>4.2109423</gpxtpx:speed></gpxtpx:TrackPointExtension></extensions><geoidheight>-26.2</geoidheight><src>gps</src><sat>14</sat><hdop>0.68</hdop><vdop>1.04</vdop><pdop>1.24</pdop><dgpsid>0000</dgpsid></trkpt>
<trkpt lat="31.907793500000004" lon="-106.52594583333332"><ele>1426.1</ele><time>2025-12-10T23:32:32.000Z</time><extensions><gpxtpx:TrackPointExtension><gpxtpx:bearing>224.05</gpxtpx:bearing><gpxtpx:speed>0.2990536</gpxtpx:speed></gpxtpx:TrackPointExtension></extensions><geoidheight>-26.2</geoidheight><src>gps</src><sat>15</sat><hdop>0.66</hdop><vdop>0.95</vdop><pdop>1.15</pdop><dgpsid>0000</dgpsid></trkpt>
<trkpt lat="31.907762666666667" lon="-106.52623933333334"><ele>1426.5</ele><time>2025-12-10T23:32:54.000Z</time><extensions><gpxtpx:TrackPointExtension><gpxtpx:bearing>275.63</gpxtpx:bearing><gpxtpx:speed>8.126949</gpxtpx:speed></gpxtpx:TrackPointExtension></extensions><geoidheight>-26.2</geoidheight><src>gps</src><sat>16</sat><hdop>0.66</hdop><vdop>0.95</vdop><pdop>1.15</pdop><dgpsid>0000</dgpsid></trkpt>
<trkpt lat="31.907783499999997" lon="-106.5279265"><ele>1417.7</ele><time>2025-12-10T23:33:05.000Z</time><extensions><gpxtpx:TrackPointExtension><gpxtpx:bearing>264.18</gpxtpx:bearing><gpxtpx:speed>17.060984</gpxtpx:speed></gpxtpx:TrackPointExtension></extensions><geoidheight>-26.2</geoidheight><src>gps</src><sat>16</sat><hdop>0.66</hdop><vdop>0.94</vdop><pdop>1.15</pdop><dgpsid>0000</dgpsid></trkpt>
<trkpt lat="31.90762783333333" lon="-106.52989266666667"><ele>1407.5</ele><time>2025-12-10T23:33:16.000Z</time><extensions><gpxtpx:TrackPointExtension><gpxtpx:bearing>264.73</gpxtpx:bearing><gpxtpx:speed>16.894213</gpxtpx:speed></gpxtpx:TrackPointExtension></extensions><geoidheight>-26.2</geoidheight><src>gps</src><sat>16</sat><hdop>0.66</hdop><vdop>0.94</vdop><pdop>1.15</pdop><dgpsid>0000</dgpsid></trkpt>
<trkpt lat="31.90748116666667" lon="-106.5318535"><ele>1397.6</ele><time>2025-12-10T23:33:27.000Z</time><extensions><gpxtpx:TrackPointExtension><gpxtpx:bearing>264.79</gpxtpx:bearing><gpxtpx:speed>17.128925</gpxtpx:speed></gpxtpx:TrackPointExtension></extensions><geoidheight>-26.2</geoidheight><src>gps</src><sat>16</sat><hdop>0.66</hdop><vdop>0.94</vdop><pdop>1.15</pdop><dgpsid>0000</dgpsid></trkpt>
<trkpt lat="31.90734033333333" lon="-106.53383316666668"><ele>1387.1</ele><time>2025-12-10T23:33:38.000Z</time><extensions><gpxtpx:TrackPointExtension><gpxtpx:bearing>265.34</gpxtpx:bearing><gpxtpx:speed>17.405848</gpxtpx:speed></gpxtpx:TrackPointExtension></extensions><geoidheight>-26.2</geoidheight><src>gps</src><sat>16</sat><hdop>0.66</hdop><vdop>0.94</vdop><pdop>1.15</pdop><dgpsid>0000</dgpsid></trkpt>
<trkpt lat="31.907130666666664" lon="-106.53583483333333"><ele>1376.8</ele><time>2025-12-10T23:33:49.000Z</time><extensions><gpxtpx:TrackPointExtension><gpxtpx:bearing>260.31</gpxtpx:bearing><gpxtpx:speed>17.711592</gpxtpx:speed></gpxtpx:TrackPointExtension></extensions><geoidheight>-26.2</geoidheight><src>gps</src><sat>16</sat><hdop>0.66</hdop><vdop>0.94</vdop><pdop>1.15</pdop><dgpsid>0000</dgpsid></trkpt>
<trkpt lat="31.906718666666666" lon="-106.53792916666667"><ele>1367.0</ele><time>2025-12-10T23:34:00.000Z</time><extensions><gpxtpx:TrackPointExtension><gpxtpx:bearing>253.87</gpxtpx:bearing><gpxtpx:speed>18.733315</gpxtpx:speed></gpxtpx:TrackPointExtension></extensions><geoidheight>-26.2</geoidheight><src>gps</src><sat>16</sat><hdop>0.66</hdop><vdop>0.94</vdop><pdop>1.15</pdop><dgpsid>0000</dgpsid></trkpt>
<trkpt lat="31.906109999999998" lon="-106.53996333333335"><ele>1356.6</ele><time>2025-12-10T23:34:11.000Z</time><extensions><gpxtpx:TrackPointExtension><gpxtpx:bearing>247.88</gpxtpx:bearing><gpxtpx:speed>18.713757</gpxtpx:speed></gpxtpx:TrackPointExtension></extensions><geoidheight>-26.2</geoidheight><src>gps</src><sat>16</sat><hdop>0.66</hdop><vdop>0.94</vdop><pdop>1.15</pdop><dgpsid>0000</dgpsid></trkpt>
<trkpt lat="31.905423666666668" lon="-106.54197883333333"><ele>1346.8</ele><time>2025-12-10T23:34:22.000Z</time><extensions><gpxtpx:TrackPointExtension><gpxtpx:bearing>252.05</gpxtpx:bearing><gpxtpx:speed>18.884129</gpxtpx:speed></gpxtpx:TrackPointExtension></extensions><geoidheight>-26.2</geoidheight><src>gps</src><sat>15</sat><hdop>0.68</hdop><vdop>0.96</vdop><pdop>1.18</pdop><dgpsid>0000</dgpsid></trkpt>
<trkpt lat="31.905000499999996" lon="-106.54412083333334"><ele>1336.9</ele><time>2025-12-10T23:34:33.000Z</time><extensions><gpxtpx:TrackPointExtension><gpxtpx:bearing>261.43</gpxtpx:bearing><gpxtpx:speed>19.124504</gpxtpx:speed></gpxtpx:TrackPointExtension></extensions><geoidheight>-26.2</geoidheight><src>gps</src><sat>16</sat><hdop>0.66</hdop><vdop>0.94</vdop><pdop>1.14</pdop><dgpsid>0000</dgpsid></trkpt>
<trkpt lat="31.904910166666664" lon="-106.546439"><ele>1323.6</ele><time>2025-12-10T23:34:44.000Z</time><extensions><gpxtpx:TrackPointExtension><gpxtpx:bearing>272.74</gpxtpx:bearing><gpxtpx:speed>21.21582</gpxtpx:speed></gpxtpx:TrackPointExtension></extensions><geoidheight>-26.2</geoidheight><src>gps</src><sat>16</sat><hdop>0.66</hdop><vdop>0.94</vdop><pdop>1.14</pdop><dgpsid>0000</dgpsid></trkpt>
<trkpt lat="31.905117000000004" lon="-106.54902150000001"><ele>1312.6</ele><time>2025-12-10T23:34:55.000Z</time><extensions><gpxtpx:TrackPointExtension><gpxtpx:bearing>276.49</gpxtpx:bearing><gpxtpx:speed>22.61329</gpxtpx:speed></gpxtpx:TrackPointExtension></extensions><geoidheight>-26.2</geoidheight><src>gps</src><sat>16</sat><hdop>0.66</hdop><vdop>0.94</vdop><pdop>1.14</pdop><dgpsid>0000</dgpsid></trkpt>
<trkpt lat="31.905324000000004" lon="-106.551626"><ele>1300.2</ele><time>2025-12-10T23:35:06.000Z</time><extensions><gpxtpx:TrackPointExtension><gpxtpx:bearing>275.44</gpxtpx:bearing><gpxtpx:speed>23.127499</gpxtpx:speed></gpxtpx:TrackPointExtension></extensions><geoidheight>-26.2</geoidheight><src>gps</src><sat>15</sat><hdop>0.66</hdop><vdop>0.94</vdop><pdop>1.14</pdop><dgpsid>0000</dgpsid></trkpt>
<trkpt lat="31.9055495" lon="-106.55436583333334"><ele>1284.9</ele><time>2025-12-10T23:35:17.000Z</time><extensions><gpxtpx:TrackPointExtension><gpxtpx:bearing>275.6</gpxtpx:bearing><gpxtpx:speed>24.003555</gpxtpx:speed></gpxtpx:TrackPointExtension></extensions><geoidheight>-26.2</geoidheight><src>gps</src><sat>15</sat><hdop>0.81</hdop><vdop>1.20</vdop><pdop>1.45</pdop><dgpsid>0000</dgpsid></trkpt>
<trkpt lat="31.905809833333333" lon="-106.55710066666667"><ele>1279.3</ele><time>2025-12-10T23:35:28.000Z</time><extensions><gpxtpx:TrackPointExtension><gpxtpx:bearing>278.21</gpxtpx:bearing><gpxtpx:speed>22.786753</gpxtpx:speed></gpxtpx:TrackPointExtension></extensions><geoidheight>-26.2</geoidheight><src>gps</src><sat>16</sat><hdop>0.66</hdop><vdop>0.93</vdop><pdop>1.14</pdop><dgpsid>0000</dgpsid></trkpt>
<trkpt lat="31.906204499999998" lon="-106.55959133333333"><ele>1273.6</ele><time>2025-12-10T23:35:39.000Z</time><extensions><gpxtpx:TrackPointExtension><gpxtpx:bearing>282.47</gpxtpx:bearing><gpxtpx:speed>23.0436</gpxtpx:speed></gpxtpx:TrackPointExtension></extensions><geoidheight>-26.2</geoidheight><src>gps</src><sat>16</sat><hdop>0.66</hdop><vdop>0.93</vdop><pdop>1.14</pdop><dgpsid>0000</dgpsid></trkpt>
<trkpt lat="31.906786000000004" lon="-106.56227083333333"><ele>1259.1</ele><time>2025-12-10T23:35:50.000Z</time><extensions><gpxtpx:TrackPointExtension><gpxtpx:bearing>284.05</gpxtpx:bearing><gpxtpx:speed>24.648502</gpxtpx:speed></gpxtpx:TrackPointExtension></extensions><geoidheight>-26.2</geoidheight><src>gps</src><sat>15</sat><hdop>0.68</hdop><vdop>0.94</vdop><pdop>1.16</pdop><dgpsid>0000</dgpsid></trkpt>
<trkpt lat="31.907325999999998" lon="-106.56500233333333"><ele>1251.1</ele><time>2025-12-10T23:36:01.000Z</time><extensions><gpxtpx:TrackPointExtension><gpxtpx:bearing>280.88</gpxtpx:bearing><gpxtpx:speed>22.995214</gpxtpx:speed></gpxtpx:TrackPointExtension></extensions><geoidheight>-26.2</geoidheight><src>gps</src><sat>16</sat><hdop>0.64</hdop><vdop>0.87</vdop><pdop>1.08</pdop><dgpsid>0000</dgpsid></trkpt>
<trkpt lat="31.907633333333333" lon="-106.56753833333332"><ele>1249.4</ele><time>2025-12-10T23:36:12.000Z</time><extensions><gpxtpx:TrackPointExtension><gpxtpx:bearing>275.92</gpxtpx:bearing><gpxtpx:speed>22.256588</gpxtpx:speed></gpxtpx:TrackPointExtension></extensions><geoidheight>-26.2</geoidheight><src>gps</src><sat>16</sat><hdop>0.64</hdop><vdop>0.86</vdop><pdop>1.08</pdop><dgpsid>0000</dgpsid></trkpt>
<trkpt lat="31.90784116666667" lon="-106.5701585"><ele>1234.7</ele><time>2025-12-10T23:36:23.000Z</time><extensions><gpxtpx:TrackPointExtension><gpxtpx:bearing>274.42</gpxtpx:bearing><gpxtpx:speed>23.243826</gpxtpx:speed></gpxtpx:TrackPointExtension></extensions><geoidheight>-26.2</geoidheight><src>gps</src><sat>16</sat><hdop>0.64</hdop><vdop>0.86</vdop><pdop>1.08</pdop><dgpsid>0000</dgpsid></trkpt>
<trkpt lat="31.908054833333335" lon="-106.57291766666667"><ele>1220.3</ele><time>2025-12-10T23:36:34.000Z</time><extensions><gpxtpx:TrackPointExtension><gpxtpx:bearing>276.29</gpxtpx:bearing><gpxtpx:speed>24.122972</gpxtpx:speed></gpxtpx:TrackPointExtension></extensions><geoidheight>-26.2</geoidheight><src>gps</src><sat>16</sat><hdop>0.64</hdop><vdop>0.86</vdop><pdop>1.08</pdop><dgpsid>0000</dgpsid></trkpt>
<trkpt lat="31.908294666666666" lon="-106.57559566666666"><ele>1213.7</ele><time>2025-12-10T23:36:45.000Z</time><extensions><gpxtpx:TrackPointExtension><gpxtpx:bearing>275.95</gpxtpx:bearing><gpxtpx:speed>21.67032</gpxtpx:speed></gpxtpx:TrackPointExtension></extensions><geoidheight>-26.2</geoidheight><src>gps</src><sat>16</sat><hdop>0.64</hdop><vdop>0.86</vdop><pdop>1.08</pdop><dgpsid>0000</dgpsid></trkpt>
<trkpt lat="31.908468166666662" lon="-106.57802116666666"><ele>1205.4</ele><time>2025-12-10T23:36:56.000Z</time><extensions><gpxtpx:TrackPointExtension><gpxtpx:bearing>272.82</gpxtpx:bearing><gpxtpx:speed>20.373735</gpxtpx:speed></gpxtpx:TrackPointExtension></extensions><geoidheight>-26.2</geoidheight><src>gps</src><sat>16</sat><hdop>0.69</hdop><vdop>0.97</vdop><pdop>1.19</pdop><dgpsid>0000</dgpsid></trkpt>
<trkpt lat="31.9084945" lon="-106.57995883333334"><ele>1195.2</ele><time>2025-12-10T23:37:07.000Z</time><extensions><gpxtpx:TrackPointExtension><gpxtpx:bearing>269.04</gpxtpx:bearing><gpxtpx:speed>12.417159</gpxtpx:speed></gpxtpx:TrackPointExtension></extensions><geoidheight>-26.2</geoidheight><src>gps</src><sat>16</sat><hdop>0.69</hdop><vdop>0.97</vdop><pdop>1.19</pdop><dgpsid>0000</dgpsid></trkpt>
<trkpt lat="31.9084995" lon="-106.58090633333335"><ele>1193.2</ele><time>2025-12-10T23:37:18.000Z</time><extensions><gpxtpx:TrackPointExtension><gpxtpx:bearing>270.3</gpxtpx:bearing><gpxtpx:speed>2.9699473</gpxtpx:speed></gpxtpx:TrackPointExtension></extensions><geoidheight>-26.2</geoidheight><src>gps</src><sat>16</sat><hdop>0.69</hdop><vdop>0.97</vdop><pdop>1.19</pdop><dgpsid>0000</dgpsid></trkpt>
<trkpt lat="31.908501833333336" lon="-106.581201"><ele>1193.4</ele><time>2025-12-10T23:37:29.000Z</time><extensions><gpxtpx:TrackPointExtension><gpxtpx:bearing>272.31</gpxtpx:bearing><gpxtpx:speed>4.463156</gpxtpx:speed></gpxtpx:TrackPointExtension></extensions><geoidheight>-26.2</geoidheight><src>gps</src><sat>16</sat><hdop>0.64</hdop><vdop>0.86</vdop><pdop>1.08</pdop><dgpsid>0000</dgpsid></trkpt>
<trkpt lat="31.908518333333337" lon="-106.5818055"><ele>1195.3</ele><time>2025-12-10T23:37:40.000Z</time><extensions><gpxtpx:TrackPointExtension><gpxtpx:bearing>277.98</gpxtpx:bearing><gpxtpx:speed>3.7832084</gpxtpx:speed></gpxtpx:TrackPointExtension></extensions><geoidheight>-26.2</geoidheight><src>gps</src><sat>16</sat><hdop>0.77</hdop><vdop>1.01</vdop><pdop>1.27</pdop><dgpsid>0000</dgpsid></trkpt>
<trkpt lat="31.9085685" lon="-106.58199533333332"><ele>1194.7</ele><time>2025-12-10T23:37:51.000Z</time><extensions><gpxtpx:TrackPointExtension><gpxtpx:bearing>296.33</gpxtpx:bearing><gpxtpx:speed>0.435455</gpxtpx:speed></gpxtpx:TrackPointExtension></extensions><geoidheight>-26.2</geoidheight><src>gps</src><sat>16</sat><hdop>0.72</hdop><vdop>0.98</vdop><pdop>1.22</pdop><dgpsid>0000</dgpsid></trkpt>
<trkpt lat="31.908633000000002" lon="-106.58209966666666"><ele>1195.7</ele><time>2025-12-10T23:38:02.000Z</time><extensions><gpxtpx:TrackPointExtension><gpxtpx:bearing>316.9</gpxtpx:bearing><gpxtpx:speed>2.9730356</gpxtpx:speed></gpxtpx:TrackPointExtension></extensions><geoidheight>-26.2</geoidheight><src>gps</src><sat>16</sat><hdop>0.64</hdop><vdop>0.86</vdop><pdop>1.07</pdop><dgpsid>0000</dgpsid></trkpt>
<trkpt lat="31.909405833333334" lon="-106.58219083333333"><ele>1193.1</ele><time>2025-12-10T23:38:13.000Z</time><extensions><gpxtpx:TrackPointExtension><gpxtpx:bearing>357.71</gpxtpx:bearing><gpxtpx:speed>14.267071</gpxtpx:speed></gpxtpx:TrackPointExtension></extensions><geoidheight>-26.2</geoidheight><src>gps</src><sat>17</sat><hdop>0.76</hdop><vdop>0.95</vdop><pdop>1.22</pdop><dgpsid>0000</dgpsid></trkpt>
<trkpt lat="31.91116883333333" lon="-106.58229516666667"><ele>1189.7</ele><time>2025-12-10T23:38:24.000Z</time><extensions><gpxtpx:TrackPointExtension><gpxtpx:bearing>354.59</gpxtpx:bearing><gpxtpx:speed>19.857983</gpxtpx:speed></gpxtpx:TrackPointExtension></extensions><geoidheight>-26.2</geoidheight><src>gps</src><sat>15</sat><hdop>0.68</hdop><vdop>0.92</vdop><pdop>1.15</pdop><dgpsid>0000</dgpsid></trkpt>
<trkpt lat="31.913220666666668" lon="-106.58241433333333"><ele>1190.0</ele><time>2025-12-10T23:38:35.000Z</time><extensions><gpxtpx:TrackPointExtension><gpxtpx:bearing>359.49</gpxtpx:bearing><gpxtpx:speed>20.687716</gpxtpx:speed></gpxtpx:TrackPointExtension></extensions><geoidheight>-26.2</geoidheight><src>gps</src><sat>15</sat><hdop>0.69</hdop><vdop>0.96</vdop><pdop>1.18</pdop><dgpsid>0000</dgpsid></trkpt>
<trkpt lat="31.915213499999997" lon="-106.58240783333333"><ele>1189.8</ele><time>2025-12-10T23:38:46.000Z</time><extensions><gpxtpx:TrackPointExtension><gpxtpx:bearing>0.13</gpxtpx:bearing><gpxtpx:speed>20.831324</gpxtpx:speed></gpxtpx:TrackPointExtension></extensions><geoidheight>-26.2</geoidheight><src>gps</src><sat>17</sat><hdop>0.70</hdop><vdop>0.95</vdop><pdop>1.18</pdop><dgpsid>0000</dgpsid></trkpt>
<trkpt lat="31.91737516666667" lon="-106.5824185"><ele>1188.7</ele><time>2025-12-10T23:38:57.000Z</time><extensions><gpxtpx:TrackPointExtension><gpxtpx:bearing>359.83</gpxtpx:bearing><gpxtpx:speed>22.582922</gpxtpx:speed></gpxtpx:TrackPointExtension></extensions><geoidheight>-26.2</geoidheight><src>gps</src><sat>17</sat><hdop>0.65</hdop><vdop>0.89</vdop><pdop>1.10</pdop><dgpsid>0000</dgpsid></trkpt>
<trkpt lat="31.91956733333333" lon="-106.58243750000001"><ele>1195.0</ele><time>2025-12-10T23:39:08.000Z</time><extensions><gpxtpx:TrackPointExtension><gpxtpx:bearing>358.98</gpxtpx:bearing><gpxtpx:speed>21.796942</gpxtpx:speed></gpxtpx:TrackPointExtension></extensions><geoidheight>-26.2</geoidheight><src>gps</src><sat>16</sat><hdop>0.63</hdop><vdop>0.88</vdop><pdop>1.08</pdop><dgpsid>0000</dgpsid></trkpt>
<trkpt lat="31.921775166666666" lon="-106.58251266666666"><ele>1195.9</ele><time>2025-12-10T23:39:19.000Z</time><extensions><gpxtpx:TrackPointExtension><gpxtpx:bearing>356.83</gpxtpx:bearing><gpxtpx:speed>22.393505</gpxtpx:speed></gpxtpx:TrackPointExtension></extensions><geoidheight>-26.2</geoidheight><src>gps</src><sat>17</sat><hdop>0.63</hdop><vdop>0.88</vdop><pdop>1.08</pdop><dgpsid>0000</dgpsid></trkpt>
<trkpt lat="31.924004833333335" lon="-106.58266016666667"><ele>1204.1</ele><time>2025-12-10T23:39:30.000Z</time><extensions><gpxtpx:TrackPointExtension><gpxtpx:bearing>357.27</gpxtpx:bearing><gpxtpx:speed>22.503656</gpxtpx:speed></gpxtpx:TrackPointExtension></extensions><geoidheight>-26.2</geoidheight><src>gps</src><sat>17</sat><hdop>0.63</hdop><vdop>0.88</vdop><pdop>1.08</pdop><dgpsid>0000</dgpsid></trkpt>
<trkpt lat="31.926309999999997" lon="-106.58270883333334"><ele>1206.7</ele><time>2025-12-10T23:39:41.000Z</time><extensions><gpxtpx:TrackPointExtension><gpxtpx:bearing>359.68</gpxtpx:bearing><gpxtpx:speed>23.741047</gpxtpx:speed></gpxtpx:TrackPointExtension></extensions><geoidheight>-26.2</geoidheight><src>gps</src><sat>17</sat><hdop>0.63</hdop><vdop>0.88</vdop><pdop>1.08</pdop><dgpsid>0000</dgpsid></trkpt>
<trkpt lat="31.928732500000002" lon="-106.582704"><ele>1200.9</ele><time>2025-12-10T23:39:52.000Z</time><extensions><gpxtpx:TrackPointExtension><gpxtpx:bearing>0.01</gpxtpx:bearing><gpxtpx:speed>25.226536</gpxtpx:speed></gpxtpx:TrackPointExtension></extensions><geoidheight>-26.2</geoidheight><src>gps</src><sat>18</sat><hdop>0.65</hdop><vdop>0.89</vdop><pdop>1.10</pdop><dgpsid>0000</dgpsid></trkpt>
<trkpt lat="31.931312333333334" lon="-106.58270166666668"><ele>1196.1</ele><time>2025-12-10T23:40:03.000Z</time><extensions><gpxtpx:TrackPointExtension><gpxtpx:bearing>359.95</gpxtpx:bearing><gpxtpx:speed>26.899899</gpxtpx:speed></gpxtpx:TrackPointExtension></extensions><geoidheight>-26.2</geoidheight><src>gps</src><sat>17</sat><hdop>0.65</hdop><vdop>0.89</vdop><pdop>1.10</pdop><dgpsid>0000</dgpsid></trkpt>
<trkpt lat="31.933999000000004" lon="-106.582704"><ele>1195.6</ele><time>2025-12-10T23:40:14.000Z</time><extensions><gpxtpx:TrackPointExtension><gpxtpx:bearing>0.15</gpxtpx:bearing><gpxtpx:speed>26.980194</gpxtpx:speed></gpxtpx:TrackPointExtension></extensions><geoidheight>-26.2</geoidheight><src>gps</src><sat>17</sat><hdop>0.63</hdop><vdop>0.87</vdop><pdop>1.08</pdop><dgpsid>0000</dgpsid></trkpt>
<trkpt lat="31.936667000000003" lon="-106.58270383333333"><ele>1196.4</ele><time>2025-12-10T23:40:25.000Z</time><extensions><gpxtpx:TrackPointExtension><gpxtpx:bearing>359.3</gpxtpx:bearing><gpxtpx:speed>27.073359</gpxtpx:speed></gpxtpx:TrackPointExtension></extensions><geoidheight>-26.2</geoidheight><src>gps</src><sat>17</sat><hdop>0.63</hdop><vdop>0.87</vdop><pdop>1.08</pdop><dgpsid>0000</dgpsid></trkpt>
<trkpt lat="31.939360833333332" lon="-106.58272899999999"><ele>1197.7</ele><time>2025-12-10T23:40:36.000Z</time><extensions><gpxtpx:TrackPointExtension><gpxtpx:bearing>0.29</gpxtpx:bearing><gpxtpx:speed>27.098066</gpxtpx:speed></gpxtpx:TrackPointExtension></extensions><geoidheight>-26.2</geoidheight><src>gps</src><sat>17</sat><hdop>0.61</hdop><vdop>0.83</vdop><pdop>1.03</pdop><dgpsid>0000</dgpsid></trkpt>
<trkpt lat="31.9420515" lon="-106.58272866666667"><ele>1201.9</ele><time>2025-12-10T23:40:47.000Z</time><extensions><gpxtpx:TrackPointExtension><gpxtpx:bearing>359.99</gpxtpx:bearing><gpxtpx:speed>27.273586</gpxtpx:speed></gpxtpx:TrackPointExtension></extensions><geoidheight>-26.2</geoidheight><src>gps</src><sat>17</sat><hdop>0.61</hdop><vdop>0.83</vdop><pdop>1.03</pdop><dgpsid>0000</dgpsid></trkpt>
<trkpt lat="31.9447245" lon="-106.58263516666666"><ele>1203.7</ele><time>2025-12-10T23:40:58.000Z</time><extensions><gpxtpx:TrackPointExtension><gpxtpx:bearing>0.2</gpxtpx:bearing><gpxtpx:speed>26.649742</gpxtpx:speed></gpxtpx:TrackPointExtension></extensions><geoidheight>-26.2</geoidheight><src>gps</src><sat>17</sat><hdop>0.63</hdop><vdop>0.87</vdop><pdop>1.07</pdop><dgpsid>0000</dgpsid></trkpt>
<trkpt lat="31.947346666666665" lon="-106.58262033333334"><ele>1203.1</ele><time>2025-12-10T23:41:09.000Z</time><extensions><gpxtpx:TrackPointExtension><gpxtpx:bearing>0.27</gpxtpx:bearing><gpxtpx:speed>26.53496</gpxtpx:speed></gpxtpx:TrackPointExtension></extensions><geoidheight>-26.2</geoidheight><src>gps</src><sat>16</sat><hdop>0.65</hdop><vdop>0.84</vdop><pdop>1.06</pdop><dgpsid>0000</dgpsid></trkpt>
<trkpt lat="31.949981166666664" lon="-106.58261233333333"><ele>1202.3</ele><time>2025-12-10T23:41:20.000Z</time><extensions><gpxtpx:TrackPointExtension><gpxtpx:bearing>0.09</gpxtpx:bearing><gpxtpx:speed>26.603418</gpxtpx:speed></gpxtpx:TrackPointExtension></extensions><geoidheight>-26.2</geoidheight><src>gps</src><sat>17</sat><hdop>0.64</hdop><vdop>0.89</vdop><pdop>1.10</pdop><dgpsid>0000</dgpsid></trkpt>
<trkpt lat="31.952642833333336" lon="-106.58261483333332"><ele>1201.7</ele><time>2025-12-10T23:41:31.000Z</time><extensions><gpxtpx:TrackPointExtension><gpxtpx:bearing>0.17</gpxtpx:bearing><gpxtpx:speed>26.788204</gpxtpx:speed></gpxtpx:TrackPointExtension></extensions><geoidheight>-26.2</geoidheight><src>gps</src><sat>16</sat><hdop>0.62</hdop><vdop>0.85</vdop><pdop>1.05</pdop><dgpsid>0000</dgpsid></trkpt>
<trkpt lat="31.955311833333333" lon="-106.58261499999999"><ele>1201.9</ele><time>2025-12-10T23:41:42.000Z</time><extensions><gpxtpx:TrackPointExtension><gpxtpx:bearing>0.02</gpxtpx:bearing><gpxtpx:speed>27.291086</gpxtpx:speed></gpxtpx:TrackPointExtension></extensions><geoidheight>-26.2</geoidheight><src>gps</src><sat>17</sat><hdop>0.63</hdop><vdop>0.87</vdop><pdop>1.07</pdop><dgpsid>0000</dgpsid></trkpt>
<trkpt lat="31.958009833333335" lon="-106.58261916666667"><ele>1200.4</ele><time>2025-12-10T23:41:53.000Z</time><extensions><gpxtpx:TrackPointExtension><gpxtpx:bearing>359.94</gpxtpx:bearing><gpxtpx:speed>27.004387</gpxtpx:speed></gpxtpx:TrackPointExtension></extensions><geoidheight>-26.2</geoidheight><src>gps</src><sat>17</sat><hdop>0.63</hdop><vdop>0.84</vdop><pdop>1.05</pdop><dgpsid>0000</dgpsid></trkpt>
<trkpt lat="31.960729500000003" lon="-106.58262"><ele>1197.3</ele><time>2025-12-10T23:42:04.000Z</time><extensions><gpxtpx:TrackPointExtension><gpxtpx:bearing>359.72</gpxtpx:bearing><gpxtpx:speed>27.537125</gpxtpx:speed></gpxtpx:TrackPointExtension></extensions><geoidheight>-26.2</geoidheight><src>gps</src><sat>16</sat><hdop>0.67</hdop><vdop>0.90</vdop><pdop>1.12</pdop><dgpsid>0000</dgpsid></trkpt>
<trkpt lat="31.963457000000002" lon="-106.58261133333332"><ele>1197.5</ele><time>2025-12-10T23:42:15.000Z</time><extensions><gpxtpx:TrackPointExtension><gpxtpx:bearing>0.12</gpxtpx:bearing><gpxtpx:speed>27.548449</gpxtpx:speed></gpxtpx:TrackPointExtension></extensions><geoidheight>-26.2</geoidheight><src>gps</src><sat>16</sat><hdop>0.62</hdop><vdop>0.85</vdop><pdop>1.05</pdop><dgpsid>0000</dgpsid></trkpt>
<trkpt lat="31.966211166666668" lon="-106.58261316666668"><ele>1197.6</ele><time>2025-12-10T23:42:26.000Z</time><extensions><gpxtpx:TrackPointExtension><gpxtpx:bearing>359.93</gpxtpx:bearing><gpxtpx:speed>28.11001</gpxtpx:speed></gpxtpx:TrackPointExtension></extensions><geoidheight>-26.2</geoidheight><src>gps</src><sat>16</sat><hdop>0.72</hdop><vdop>1.02</vdop><pdop>1.25</pdop><dgpsid>0000</dgpsid></trkpt>
<trkpt lat="31.968933999999997" lon="-106.58261016666665"><ele>1196.2</ele><time>2025-12-10T23:42:37.000Z</time><extensions><gpxtpx:TrackPointExtension><gpxtpx:bearing>0.23</gpxtpx:bearing><gpxtpx:speed>27.136671</gpxtpx:speed></gpxtpx:TrackPointExtension></extensions><geoidheight>-26.2</geoidheight><src>gps</src><sat>17</sat><hdop>0.68</hdop><vdop>1.00</vdop><pdop>1.21</pdop><dgpsid>0000</dgpsid></trkpt>
<trkpt lat="31.9716575" lon="-106.58261333333333"><ele>1194.1</ele><time>2025-12-10T23:42:48.000Z</time><extensions><gpxtpx:TrackPointExtension><gpxtpx:bearing>359.79</gpxtpx:bearing><gpxtpx:speed>27.889194</gpxtpx:speed></gpxtpx:TrackPointExtension></extensions><geoidheight>-26.2</geoidheight><src>gps</src><sat>17</sat><hdop>0.70</hdop><vdop>1.01</vdop><pdop>1.23</pdop><dgpsid>0000</dgpsid></trkpt>
<trkpt lat="31.974376333333332" lon="-106.58261383333333"><ele>1193.2</ele><time>2025-12-10T23:42:59.000Z</time><extensions><gpxtpx:TrackPointExtension><gpxtpx:bearing>0.16</gpxtpx:bearing><gpxtpx:speed>27.115566</gpxtpx:speed></gpxtpx:TrackPointExtension></extensions><geoidheight>-26.2</geoidheight><src>gps</src><sat>17</sat><hdop>0.72</hdop><vdop>1.02</vdop><pdop>1.25</pdop><dgpsid>0000</dgpsid></trkpt>
<trkpt lat="31.977061000000003" lon="-106.58262099999999"><ele>1195.5</ele><time>2025-12-10T23:43:10.000Z</time><extensions><gpxtpx:TrackPointExtension><gpxtpx:bearing>0.02</gpxtpx:bearing><gpxtpx:speed>26.932325</gpxtpx:speed></gpxtpx:TrackPointExtension></extensions><geoidheight>-26.2</geoidheight><src>gps</src><sat>17</sat><hdop>0.68</hdop><vdop>1.00</vdop><pdop>1.21</pdop><dgpsid>0000</dgpsid></trkpt>
<trkpt lat="31.97974" lon="-106.58261466666666"><ele>1197.3</ele><time>2025-12-10T23:43:21.000Z</time><extensions><gpxtpx:TrackPointExtension><gpxtpx:bearing>359.85</gpxtpx:bearing><gpxtpx:speed>27.260717</gpxtpx:speed></gpxtpx:TrackPointExtension></extensions><geoidheight>-26.2</geoidheight><src>gps</src><sat>17</sat><hdop>0.68</hdop><vdop>1.00</vdop><pdop>1.21</pdop><dgpsid>0000</dgpsid></trkpt>
<trkpt lat="31.98245116666667" lon="-106.58261966666666"><ele>1198.1</ele><time>2025-12-10T23:43:32.000Z</time><extensions><gpxtpx:TrackPointExtension><gpxtpx:bearing>0.08</gpxtpx:bearing><gpxtpx:speed>27.243732</gpxtpx:speed></gpxtpx:TrackPointExtension></extensions><geoidheight>-26.2</geoidheight><src>gps</src><sat>17</sat><hdop>0.70</hdop><vdop>1.00</vdop><pdop>1.22</pdop><dgpsid>0000</dgpsid></trkpt>
<trkpt lat="31.985148333333335" lon="-106.58262416666666"><ele>1195.8</ele><time>2025-12-10T23:43:43.000Z</time><extensions><gpxtpx:TrackPointExtension><gpxtpx:bearing>0.21</gpxtpx:bearing><gpxtpx:speed>27.188658</gpxtpx:speed></gpxtpx:TrackPointExtension></extensions><geoidheight>-26.2</geoidheight><src>gps</src><sat>17</sat><hdop>0.70</hdop><vdop>1.00</vdop><pdop>1.22</pdop><dgpsid>0000</dgpsid></trkpt>
<trkpt lat="31.987836333333334" lon="-106.5826185"><ele>1197.0</ele><time>2025-12-10T23:43:54.000Z</time><extensions><gpxtpx:TrackPointExtension><gpxtpx:bearing>359.79</gpxtpx:bearing><gpxtpx:speed>26.795923</gpxtpx:speed></gpxtpx:TrackPointExtension></extensions><geoidheight>-26.2</geoidheight><src>gps</src><sat>17</sat><hdop>0.67</hdop><vdop>0.92</vdop><pdop>1.13</pdop><dgpsid>0000</dgpsid></trkpt>
<trkpt lat="31.990508999999996" lon="-106.58262600000002"><ele>1195.8</ele><time>2025-12-10T23:44:05.000Z</time><extensions><gpxtpx:TrackPointExtension><gpxtpx:bearing>359.77</gpxtpx:bearing><gpxtpx:speed>27.176304</gpxtpx:speed></gpxtpx:TrackPointExtension></extensions><geoidheight>-26.2</geoidheight><src>gps</src><sat>17</sat><hdop>0.67</hdop><vdop>0.91</vdop><pdop>1.13</pdop><dgpsid>0000</dgpsid></trkpt>
<trkpt lat="31.993214333333338" lon="-106.5826035"><ele>1190.7</ele><time>2025-12-10T23:44:16.000Z</time><extensions><gpxtpx:TrackPointExtension><gpxtpx:bearing>1.19</gpxtpx:bearing><gpxtpx:speed>27.39815</gpxtpx:speed></gpxtpx:TrackPointExtension></extensions><geoidheight>-26.2</geoidheight><src>gps</src><sat>16</sat><hdop>0.72</hdop><vdop>1.01</vdop><pdop>1.24</pdop><dgpsid>0000</dgpsid></trkpt>
<trkpt lat="31.995953500000002" lon="-106.58259666666666"><ele>1188.3</ele><time>2025-12-10T23:44:27.000Z</time><extensions><gpxtpx:TrackPointExtension><gpxtpx:bearing>0.22</gpxtpx:bearing><gpxtpx:speed>27.542786</gpxtpx:speed></gpxtpx:TrackPointExtension></extensions><geoidheight>-26.2</geoidheight><src>gps</src><sat>17</sat><hdop>0.70</hdop><vdop>0.99</vdop><pdop>1.22</pdop><dgpsid>0000</dgpsid></trkpt>
<trkpt lat="31.998660166666664" lon="-106.58259433333333"><ele>1193.5</ele><time>2025-12-10T23:44:38.000Z</time><extensions><gpxtpx:TrackPointExtension><gpxtpx:bearing>359.68</gpxtpx:bearing><gpxtpx:speed>27.28491</gpxtpx:speed></gpxtpx:TrackPointExtension></extensions><geoidheight>-26.2</geoidheight><src>gps</src><sat>16</sat><hdop>0.70</hdop><vdop>0.99</vdop><pdop>1.21</pdop><dgpsid>0000</dgpsid></trkpt>
<trkpt lat="32.00129783333333" lon="-106.58260116666666"><ele>1193.6</ele><time>2025-12-10T23:44:49.000Z</time><extensions><gpxtpx:TrackPointExtension><gpxtpx:bearing>359.15</gpxtpx:bearing><gpxtpx:speed>26.115976</gpxtpx:speed></gpxtpx:TrackPointExtension></extensions><geoidheight>-26.2</geoidheight><src>gps</src><sat>17</sat><hdop>0.67</hdop><vdop>0.91</vdop><pdop>1.13</pdop><dgpsid>0000</dgpsid></trkpt>
<trkpt lat="32.0037545" lon="-106.58260583333335"><ele>1193.6</ele><time>2025-12-10T23:45:00.000Z</time><extensions><gpxtpx:TrackPointExtension><gpxtpx:bearing>359.97</gpxtpx:bearing><gpxtpx:speed>23.05904</gpxtpx:speed></gpxtpx:TrackPointExtension></extensions><geoidheight>-26.2</geoidheight><src>gps</src><sat>17</sat><hdop>0.67</hdop><vdop>0.91</vdop><pdop>1.13</pdop><dgpsid>0000</dgpsid></trkpt>
<trkpt lat="32.00582433333333" lon="-106.58247783333333"><ele>1193.7</ele><time>2025-12-10T23:45:11.000Z</time><extensions><gpxtpx:TrackPointExtension><gpxtpx:bearing>7.81</gpxtpx:bearing><gpxtpx:speed>18.974205</gpxtpx:speed></gpxtpx:TrackPointExtension></extensions><geoidheight>-26.2</geoidheight><src>gps</src><sat>17</sat><hdop>0.67</hdop><vdop>0.91</vdop><pdop>1.13</pdop><dgpsid>0000</dgpsid></trkpt>
<trkpt lat="32.00740333333333" lon="-106.58221350000001"><ele>1197.2</ele><time>2025-12-10T23:45:22.000Z</time><extensions><gpxtpx:TrackPointExtension><gpxtpx:bearing>3.39</gpxtpx:bearing><gpxtpx:speed>12.3512745</gpxtpx:speed></gpxtpx:TrackPointExtension></extensions><geoidheight>-26.2</geoidheight><src>gps</src><sat>16</sat><hdop>0.70</hdop><vdop>0.99</vdop><pdop>1.21</pdop><dgpsid>0000</dgpsid></trkpt>
<trkpt lat="32.008042" lon="-106.58192466666667"><ele>1198.7</ele><time>2025-12-10T23:45:33.000Z</time><extensions><gpxtpx:TrackPointExtension><gpxtpx:bearing>80.8</gpxtpx:bearing><gpxtpx:speed>6.585356</gpxtpx:speed></gpxtpx:TrackPointExtension></extensions><geoidheight>-26.2</geoidheight><src>gps</src><sat>17</sat><hdop>0.67</hdop><vdop>0.91</vdop><pdop>1.13</pdop><dgpsid>0000</dgpsid></trkpt>
<trkpt lat="32.007696" lon="-106.581551"><ele>1200.8</ele><time>2025-12-10T23:45:44.000Z</time><extensions><gpxtpx:TrackPointExtension><gpxtpx:bearing>167.3</gpxtpx:bearing><gpxtpx:speed>3.5665102</gpxtpx:speed></gpxtpx:TrackPointExtension></extensions><geoidheight>-26.2</geoidheight><src>gps</src><sat>17</sat><hdop>0.67</hdop><vdop>0.91</vdop><pdop>1.13</pdop><dgpsid>0000</dgpsid></trkpt>
<trkpt lat="32.007189499999996" lon="-106.58147133333333"><ele>1199.8</ele><time>2025-12-10T23:45:55.000Z</time><extensions><gpxtpx:TrackPointExtension><gpxtpx:bearing>172.62</gpxtpx:bearing><gpxtpx:speed>5.0571456</gpxtpx:speed></gpxtpx:TrackPointExtension></extensions><geoidheight>-26.2</geoidheight><src>gps</src><sat>16</sat><hdop>0.71</hdop><vdop>0.94</vdop><pdop>1.18</pdop><dgpsid>0000</dgpsid></trkpt>
<trkpt lat="32.006668833333336" lon="-106.58120383333335"><ele>1200.5</ele><time>2025-12-10T23:59:21.000Z</time><extensions><gpxtpx:TrackPointExtension><gpxtpx:speed>0.3494964</gpxtpx:speed></gpxtpx:TrackPointExtension></extensions><geoidheight>-26.2</geoidheight><src>gps</src><sat>7</sat><hdop>1.56</hdop><vdop>2.80</vdop><pdop>3.20</pdop></trkpt>
<trkpt lat="32.006878666666665" lon="-106.58139666666666"><ele>1198.4</ele><time>2025-12-10T23:59:43.000Z</time><extensions><gpxtpx:TrackPointExtension><gpxtpx:bearing>339.73</gpxtpx:bearing><gpxtpx:speed>4.306166</gpxtpx:speed></gpxtpx:TrackPointExtension></extensions><geoidheight>-26.2</geoidheight><src>gps</src><sat>13</sat><hdop>0.79</hdop><vdop>1.07</vdop><pdop>1.33</pdop></trkpt>
<trkpt lat="32.0075545" lon="-106.58152399999999"><ele>1199.8</ele><time>2025-12-10T23:59:54.000Z</time><extensions><gpxtpx:TrackPointExtension><gpxtpx:bearing>350.45</gpxtpx:bearing><gpxtpx:speed>7.599359</gpxtpx:speed></gpxtpx:TrackPointExtension></extensions><geoidheight>-26.2</geoidheight><src>gps</src><sat>13</sat><hdop>0.79</hdop><vdop>1.07</vdop><pdop>1.33</pdop></trkpt>
<trkpt lat="32.00808216666667" lon="-106.58183466666667"><ele>1198.7</ele><time>2025-12-11T00:00:05.000Z</time><extensions><gpxtpx:TrackPointExtension><gpxtpx:bearing>291.44</gpxtpx:bearing><gpxtpx:speed>6.2219625</gpxtpx:speed></gpxtpx:TrackPointExtension></extensions><geoidheight>-26.2</geoidheight><src>gps</src><sat>13</sat><hdop>0.86</hdop><vdop>1.04</vdop><pdop>1.35</pdop></trkpt>
<trkpt lat="32.00845366666667" lon="-106.58225683333333"><ele>1197.7</ele><time>2025-12-11T00:00:16.000Z</time><extensions><gpxtpx:TrackPointExtension><gpxtpx:bearing>354.13</gpxtpx:bearing><gpxtpx:speed>7.771276</gpxtpx:speed></gpxtpx:TrackPointExtension></extensions><geoidheight>-26.2</geoidheight><src>gps</src><sat>13</sat><hdop>0.86</hdop><vdop>1.04</vdop><pdop>1.35</pdop></trkpt>
<trkpt lat="32.00952466666667" lon="-106.58248783333332"><ele>1194.2</ele><time>2025-12-11T00:00:27.000Z</time><extensions><gpxtpx:TrackPointExtension><gpxtpx:bearing>346.73</gpxtpx:bearing><gpxtpx:speed>14.459062</gpxtpx:speed></gpxtpx:TrackPointExtension></extensions><geoidheight>-26.2</geoidheight><src>gps</src><sat>14</sat><hdop>0.86</hdop><vdop>1.04</vdop><pdop>1.35</pdop></trkpt>
<trkpt lat="32.011219833333335" lon="-106.58291849999999"><ele>1192.8</ele><time>2025-12-11T00:00:38.000Z</time><extensions><gpxtpx:TrackPointExtension><gpxtpx:bearing>347.78</gpxtpx:bearing><gpxtpx:speed>19.830704</gpxtpx:speed></gpxtpx:TrackPointExtension></extensions><geoidheight>-26.2</geoidheight><src>gps</src><sat>14</sat><hdop>0.78</hdop><vdop>1.00</vdop><pdop>1.26</pdop></trkpt>
<trkpt lat="32.01333566666666" lon="-106.58354083333333"><ele>1192.2</ele><time>2025-12-11T00:00:49.000Z</time><extensions><gpxtpx:TrackPointExtension><gpxtpx:bearing>342.67</gpxtpx:bearing><gpxtpx:speed>23.239193</gpxtpx:speed></gpxtpx:TrackPointExtension></extensions><geoidheight>-26.2</geoidheight><src>gps</src><sat>14</sat><hdop>0.78</hdop><vdop>1.00</vdop><pdop>1.26</pdop></trkpt>
<trkpt lat="32.0155055" lon="-106.58446083333335"><ele>1191.3</ele><time>2025-12-11T00:01:00.000Z</time><extensions><gpxtpx:TrackPointExtension><gpxtpx:bearing>339.0</gpxtpx:bearing><gpxtpx:speed>23.18</gpxtpx:speed></gpxtpx:TrackPointExtension></extensions><geoidheight>-26.2</geoidheight><src>gps</src><sat>13</sat><hdop>0.87</hdop><vdop>1.06</vdop><pdop>1.37</pdop></trkpt>
<trkpt lat="32.0177265" lon="-106.5854325"><ele>1192.3</ele><time>2025-12-11T00:01:11.000Z</time><extensions><gpxtpx:TrackPointExtension><gpxtpx:bearing>339.32</gpxtpx:bearing><gpxtpx:speed>24.342758</gpxtpx:speed></gpxtpx:TrackPointExtension></extensions><geoidheight>-26.2</geoidheight><src>gps</src><sat>14</sat><hdop>0.86</hdop><vdop>1.03</vdop><pdop>1.34</pdop></trkpt>
<trkpt lat="32.020058999999996" lon="-106.58644916666665"><ele>1193.9</ele><time>2025-12-11T00:01:22.000Z</time><extensions><gpxtpx:TrackPointExtension><gpxtpx:bearing>339.52</gpxtpx:bearing><gpxtpx:speed>25.632137</gpxtpx:speed></gpxtpx:TrackPointExtension></extensions><geoidheight>-26.2</geoidheight><src>gps</src><sat>11</sat><hdop>0.88</hdop><vdop>1.11</vdop><pdop>1.42</pdop></trkpt>
<trkpt lat="32.02248483333334" lon="-106.58751033333334"><ele>1193.5</ele><time>2025-12-11T00:01:33.000Z</time><extensions><gpxtpx:TrackPointExtension><gpxtpx:bearing>339.34</gpxtpx:bearing><gpxtpx:speed>26.930267</gpxtpx:speed></gpxtpx:TrackPointExtension></extensions><geoidheight>-26.2</geoidheight><src>gps</src><sat>13</sat><hdop>0.87</hdop><vdop>1.05</vdop><pdop>1.37</pdop></trkpt>
<trkpt lat="32.02500633333333" lon="-106.58862066666667"><ele>1191.8</ele><time>2025-12-11T00:01:44.000Z</time><extensions><gpxtpx:TrackPointExtension><gpxtpx:bearing>339.64</gpxtpx:bearing><gpxtpx:speed>28.168173</gpxtpx:speed></gpxtpx:TrackPointExtension></extensions><geoidheight>-26.1</geoidheight><src>gps</src><sat>13</sat><hdop>0.81</hdop><vdop>1.05</vdop><pdop>1.33</pdop></trkpt>
<trkpt lat="32.0276155" lon="-106.589754"><ele>1189.2</ele><time>2025-12-11T00:01:55.000Z</time><extensions><gpxtpx:TrackPointExtension><gpxtpx:bearing>339.85</gpxtpx:bearing><gpxtpx:speed>28.143467</gpxtpx:speed></gpxtpx:TrackPointExtension></extensions><geoidheight>-26.1</geoidheight><src>gps</src><sat>14</sat><hdop>0.80</hdop><vdop>1.03</vdop><pdop>1.30</pdop></trkpt>
<trkpt lat="32.0302435" lon="-106.5909025"><ele>1187.8</ele><time>2025-12-11T00:02:06.000Z</time><extensions><gpxtpx:TrackPointExtension><gpxtpx:bearing>339.53</gpxtpx:bearing><gpxtpx:speed>28.716867</gpxtpx:speed></gpxtpx:TrackPointExtension></extensions><geoidheight>-26.1</geoidheight><src>gps</src><sat>14</sat><hdop>0.77</hdop><vdop>0.93</vdop><pdop>1.21</pdop></trkpt>
<trkpt lat="32.032915" lon="-106.59206616666667"><ele>1186.2</ele><time>2025-12-11T00:02:17.000Z</time><extensions><gpxtpx:TrackPointExtension><gpxtpx:bearing>339.23</gpxtpx:bearing><gpxtpx:speed>28.550098</gpxtpx:speed></gpxtpx:TrackPointExtension></extensions><geoidheight>-26.1</geoidheight><src>gps</src><sat>15</sat><hdop>0.76</hdop><vdop>0.90</vdop><pdop>1.18</pdop></trkpt>
<trkpt lat="32.035592333333334" lon="-106.59324033333333"><ele>1184.2</ele><time>2025-12-11T00:02:28.000Z</time><extensions><gpxtpx:TrackPointExtension><gpxtpx:bearing>339.54</gpxtpx:bearing><gpxtpx:speed>29.196589</gpxtpx:speed></gpxtpx:TrackPointExtension></extensions><geoidheight>-26.1</geoidheight><src>gps</src><sat>15</sat><hdop>0.76</hdop><vdop>0.90</vdop><pdop>1.18</pdop></trkpt>
<trkpt lat="32.038323" lon="-106.59443733333335"><ele>1181.7</ele><time>2025-12-11T00:02:39.000Z</time><extensions><gpxtpx:TrackPointExtension><gpxtpx:bearing>339.71</gpxtpx:bearing><gpxtpx:speed>29.394241</gpxtpx:speed></gpxtpx:TrackPointExtension></extensions><geoidheight>-26.1</geoidheight><src>gps</src><sat>15</sat><hdop>0.76</hdop><vdop>0.90</vdop><pdop>1.18</pdop></trkpt>
<trkpt lat="32.04102216666667" lon="-106.59561483333333"><ele>1183.7</ele><time>2025-12-11T00:02:50.000Z</time><extensions><gpxtpx:TrackPointExtension><gpxtpx:bearing>339.38</gpxtpx:bearing><gpxtpx:speed>28.80231</gpxtpx:speed></gpxtpx:TrackPointExtension></extensions><geoidheight>-26.1</geoidheight><src>gps</src><sat>15</sat><hdop>0.76</hdop><vdop>0.90</vdop><pdop>1.18</pdop></trkpt>
<trkpt lat="32.04367466666667" lon="-106.59677866666668"><ele>1188.5</ele><time>2025-12-11T00:03:01.000Z</time><extensions><gpxtpx:TrackPointExtension><gpxtpx:bearing>339.42</gpxtpx:bearing><gpxtpx:speed>28.640688</gpxtpx:speed></gpxtpx:TrackPointExtension></extensions><geoidheight>-26.1</geoidheight><src>gps</src><sat>15</sat><hdop>0.76</hdop><vdop>0.90</vdop><pdop>1.17</pdop></trkpt>
<trkpt lat="32.04638833333333" lon="-106.597969"><ele>1189.2</ele><time>2025-12-11T00:03:12.000Z</time><extensions><gpxtpx:TrackPointExtension><gpxtpx:bearing>339.45</gpxtpx:bearing><gpxtpx:speed>29.368505</gpxtpx:speed></gpxtpx:TrackPointExtension></extensions><geoidheight>-26.1</geoidheight><src>gps</src><sat>16</sat><hdop>0.69</hdop><vdop>0.86</vdop><pdop>1.10</pdop></trkpt>
<trkpt lat="32.0491205" lon="-106.599165"><ele>1188.6</ele><time>2025-12-11T00:03:23.000Z</time><extensions><gpxtpx:TrackPointExtension><gpxtpx:bearing>339.6</gpxtpx:bearing><gpxtpx:speed>29.402477</gpxtpx:speed></gpxtpx:TrackPointExtension></extensions><geoidheight>-26.1</geoidheight><src>gps</src><sat>15</sat><hdop>0.76</hdop><vdop>0.89</vdop><pdop>1.17</pdop></trkpt>
<trkpt lat="32.051853333333334" lon="-106.60036733333332"><ele>1187.1</ele><time>2025-12-11T00:03:34.000Z</time><extensions><gpxtpx:TrackPointExtension><gpxtpx:bearing>339.38</gpxtpx:bearing><gpxtpx:speed>29.443655</gpxtpx:speed></gpxtpx:TrackPointExtension></extensions><geoidheight>-26.1</geoidheight><src>gps</src><sat>15</sat><hdop>0.76</hdop><vdop>0.89</vdop><pdop>1.17</pdop></trkpt>
<trkpt lat="32.054573166666664" lon="-106.6016635"><ele>1188.2</ele><time>2025-12-11T00:03:45.000Z</time><extensions><gpxtpx:TrackPointExtension><gpxtpx:bearing>335.57</gpxtpx:bearing><gpxtpx:speed>29.658295</gpxtpx:speed></gpxtpx:TrackPointExtension></extensions><geoidheight>-26.1</geoidheight><src>gps</src><sat>15</sat><hdop>0.76</hdop><vdop>0.89</vdop><pdop>1.17</pdop></trkpt>
<trkpt lat="32.05726033333334" lon="-106.60306666666665"><ele>1189.3</ele><time>2025-12-11T00:03:56.000Z</time><extensions><gpxtpx:TrackPointExtension><gpxtpx:bearing>336.04</gpxtpx:bearing><gpxtpx:speed>29.494099</gpxtpx:speed></gpxtpx:TrackPointExtension></extensions><geoidheight>-26.1</geoidheight><src>gps</src><sat>15</sat><hdop>0.76</hdop><vdop>0.89</vdop><pdop>1.17</pdop></trkpt>
<trkpt lat="32.0599215" lon="-106.60447133333334"><ele>1189.5</ele><time>2025-12-11T00:04:07.000Z</time><extensions><gpxtpx:TrackPointExtension><gpxtpx:bearing>335.85</gpxtpx:bearing><gpxtpx:speed>29.281517</gpxtpx:speed></gpxtpx:TrackPointExtension></extensions><geoidheight>-26.1</geoidheight><src>gps</src><sat>15</sat><hdop>0.76</hdop><vdop>0.89</vdop><pdop>1.17</pdop></trkpt>
<trkpt lat="32.06261716666667" lon="-106.60579033333333"><ele>1189.0</ele><time>2025-12-11T00:04:18.000Z</time><extensions><gpxtpx:TrackPointExtension><gpxtpx:bearing>338.83</gpxtpx:bearing><gpxtpx:speed>29.73396</gpxtpx:speed></gpxtpx:TrackPointExtension></extensions><geoidheight>-26.1</geoidheight><src>gps</src><sat>15</sat><hdop>0.77</hdop><vdop>0.91</vdop><pdop>1.19</pdop></trkpt>
<trkpt lat="32.065331" lon="-106.60717016666668"><ele>1187.2</ele><time>2025-12-11T00:04:29.000Z</time><extensions><gpxtpx:TrackPointExtension><gpxtpx:bearing>335.79</gpxtpx:bearing><gpxtpx:speed>29.80293</gpxtpx:speed></gpxtpx:TrackPointExtension></extensions><geoidheight>-26.1</geoidheight><src>gps</src><sat>15</sat><hdop>0.76</hdop><vdop>0.88</vdop><pdop>1.17</pdop></trkpt>
<trkpt lat="32.068030666666665" lon="-106.60858366666668"><ele>1185.2</ele><time>2025-12-11T00:04:40.000Z</time><extensions><gpxtpx:TrackPointExtension><gpxtpx:bearing>335.89</gpxtpx:bearing><gpxtpx:speed>29.70462</gpxtpx:speed></gpxtpx:TrackPointExtension></extensions><geoidheight>-26.1</geoidheight><src>gps</src><sat>15</sat><hdop>0.76</hdop><vdop>0.88</vdop><pdop>1.16</pdop></trkpt>
<trkpt lat="32.07068433333333" lon="-106.60998583333334"><ele>1186.7</ele><time>2025-12-11T00:04:51.000Z</time><extensions><gpxtpx:TrackPointExtension><gpxtpx:bearing>335.73</gpxtpx:bearing><gpxtpx:speed>29.170853</gpxtpx:speed></gpxtpx:TrackPointExtension></extensions><geoidheight>-26.1</geoidheight><src>gps</src><sat>15</sat><hdop>0.76</hdop><vdop>0.88</vdop><pdop>1.16</pdop></trkpt>
<trkpt lat="32.07333416666667" lon="-106.61138316666666"><ele>1184.6</ele><time>2025-12-11T00:05:02.000Z</time><extensions><gpxtpx:TrackPointExtension><gpxtpx:bearing>336.2</gpxtpx:bearing><gpxtpx:speed>29.374683</gpxtpx:speed></gpxtpx:TrackPointExtension></extensions><geoidheight>-26.1</geoidheight><src>gps</src><sat>15</sat><hdop>0.76</hdop><vdop>0.88</vdop><pdop>1.16</pdop></trkpt>
<trkpt lat="32.07596683333334" lon="-106.61277"><ele>1184.9</ele><time>2025-12-11T00:05:13.000Z</time><extensions><gpxtpx:TrackPointExtension><gpxtpx:bearing>336.15</gpxtpx:bearing><gpxtpx:speed>28.542377</gpxtpx:speed></gpxtpx:TrackPointExtension></extensions><geoidheight>-26.1</geoidheight><src>gps</src><sat>16</sat><hdop>0.76</hdop><vdop>0.88</vdop><pdop>1.16</pdop></trkpt>
<trkpt lat="32.07851016666667" lon="-106.61411266666667"><ele>1186.5</ele><time>2025-12-11T00:05:24.000Z</time><extensions><gpxtpx:TrackPointExtension><gpxtpx:bearing>335.46</gpxtpx:bearing><gpxtpx:speed>27.935005</gpxtpx:speed></gpxtpx:TrackPointExtension></extensions><geoidheight>-26.1</geoidheight><src>gps</src><sat>15</sat><hdop>0.76</hdop><vdop>0.88</vdop><pdop>1.16</pdop></trkpt>
<trkpt lat="32.08103166666667" lon="-106.61544366666666"><ele>1188.5</ele><time>2025-12-11T00:05:35.000Z</time><extensions><gpxtpx:TrackPointExtension><gpxtpx:bearing>336.03</gpxtpx:bearing><gpxtpx:speed>27.890738</gpxtpx:speed></gpxtpx:TrackPointExtension></extensions><geoidheight>-26.1</geoidheight><src>gps</src><sat>15</sat><hdop>0.76</hdop><vdop>0.88</vdop><pdop>1.16</pdop></trkpt>
<trkpt lat="32.08356666666667" lon="-106.61677300000001"><ele>1190.4</ele><time>2025-12-11T00:05:46.000Z</time><extensions><gpxtpx:TrackPointExtension><gpxtpx:bearing>335.67</gpxtpx:bearing><gpxtpx:speed>28.142952</gpxtpx:speed></gpxtpx:TrackPointExtension></extensions><geoidheight>-26.1</geoidheight><src>gps</src><sat>15</sat><hdop>0.76</hdop><vdop>0.88</vdop><pdop>1.16</pdop></trkpt>
<trkpt lat="32.0861" lon="-106.61810816666666"><ele>1190.6</ele><time>2025-12-11T00:05:57.000Z</time><extensions><gpxtpx:TrackPointExtension><gpxtpx:bearing>335.93</gpxtpx:bearing><gpxtpx:speed>27.942726</gpxtpx:speed></gpxtpx:TrackPointExtension></extensions><geoidheight>-26.1</geoidheight><src>gps</src><sat>15</sat><hdop>0.76</hdop><vdop>0.87</vdop><pdop>1.16</pdop></trkpt>
<trkpt lat="32.088629999999995" lon="-106.61944183333331"><ele>1190.9</ele><time>2025-12-11T00:06:08.000Z</time><extensions><gpxtpx:TrackPointExtension><gpxtpx:bearing>335.96</gpxtpx:bearing><gpxtpx:speed>28.11001</gpxtpx:speed></gpxtpx:TrackPointExtension></extensions><geoidheight>-26.1</geoidheight><src>gps</src><sat>15</sat><hdop>0.76</hdop><vdop>0.87</vdop><pdop>1.16</pdop></trkpt>
<trkpt lat="32.091185833333334" lon="-106.62078816666666"><ele>1191.1</ele><time>2025-12-11T00:06:19.000Z</time><extensions><gpxtpx:TrackPointExtension><gpxtpx:bearing>335.6</gpxtpx:bearing><gpxtpx:speed>28.329796</gpxtpx:speed></gpxtpx:TrackPointExtension></extensions><geoidheight>-26.1</geoidheight><src>gps</src><sat>15</sat><hdop>0.76</hdop><vdop>0.87</vdop><pdop>1.16</pdop></trkpt>
<trkpt lat="32.093787166666665" lon="-106.62215916666668"><ele>1190.7</ele><time>2025-12-11T00:06:30.000Z</time><extensions><gpxtpx:TrackPointExtension><gpxtpx:bearing>335.68</gpxtpx:bearing><gpxtpx:speed>29.19144</gpxtpx:speed></gpxtpx:TrackPointExtension></extensions><geoidheight>-26.1</geoidheight><src>gps</src><sat>15</sat><hdop>0.76</hdop><vdop>0.87</vdop><pdop>1.15</pdop></trkpt>
<trkpt lat="32.096445333333335" lon="-106.62355950000001"><ele>1189.6</ele><time>2025-12-11T00:06:41.000Z</time><extensions><gpxtpx:TrackPointExtension><gpxtpx:bearing>336.09</gpxtpx:bearing><gpxtpx:speed>29.552261</gpxtpx:speed></gpxtpx:TrackPointExtension></extensions><geoidheight>-26.1</geoidheight><src>gps</src><sat>15</sat><hdop>0.76</hdop><vdop>0.87</vdop><pdop>1.15</pdop></trkpt>
<trkpt lat="32.09910266666667" lon="-106.62496666666667"><ele>1190.1</ele><time>2025-12-11T00:06:52.000Z</time><extensions><gpxtpx:TrackPointExtension><gpxtpx:bearing>335.86</gpxtpx:bearing><gpxtpx:speed>29.270708</gpxtpx:speed></gpxtpx:TrackPointExtension></extensions><geoidheight>-26.1</geoidheight><src>gps</src><sat>15</sat><hdop>0.76</hdop><vdop>0.87</vdop><pdop>1.15</pdop></trkpt>
<trkpt lat="32.101740666666664" lon="-106.62635783333332"><ele>1190.8</ele><time>2025-12-11T00:07:03.000Z</time><extensions><gpxtpx:TrackPointExtension><gpxtpx:bearing>336.04</gpxtpx:bearing><gpxtpx:speed>29.16519</gpxtpx:speed></gpxtpx:TrackPointExtension></extensions><geoidheight>-26.1</geoidheight><src>gps</src><sat>15</sat><hdop>0.76</hdop><vdop>0.87</vdop><pdop>1.15</pdop></trkpt>
<trkpt lat="32.104386999999996" lon="-106.62774783333334"><ele>1189.4</ele><time>2025-12-11T00:07:14.000Z</time><extensions><gpxtpx:TrackPointExtension><gpxtpx:bearing>335.84</gpxtpx:bearing><gpxtpx:speed>29.138426</gpxtpx:speed></gpxtpx:TrackPointExtension></extensions><geoidheight>-26.1</geoidheight><src>gps</src><sat>15</sat><hdop>0.76</hdop><vdop>0.86</vdop><pdop>1.15</pdop></trkpt>
<trkpt lat="32.107003500000005" lon="-106.6291335"><ele>1188.6</ele><time>2025-12-11T00:07:25.000Z</time><extensions><gpxtpx:TrackPointExtension><gpxtpx:bearing>335.8</gpxtpx:bearing><gpxtpx:speed>28.92842</gpxtpx:speed></gpxtpx:TrackPointExtension></extensions><geoidheight>-26.1</geoidheight><src>gps</src><sat>15</sat><hdop>0.76</hdop><vdop>0.86</vdop><pdop>1.15</pdop></trkpt>
<trkpt lat="32.109612" lon="-106.63050883333332"><ele>1188.5</ele><time>2025-12-11T00:07:36.000Z</time><extensions><gpxtpx:TrackPointExtension><gpxtpx:bearing>335.59</gpxtpx:bearing><gpxtpx:speed>28.803856</gpxtpx:speed></gpxtpx:TrackPointExtension></extensions><geoidheight>-26.1</geoidheight><src>gps</src><sat>15</sat><hdop>0.76</hdop><vdop>0.86</vdop><pdop>1.15</pdop></trkpt>
<trkpt lat="32.112208333333335" lon="-106.63187916666666"><ele>1189.3</ele><time>2025-12-11T00:07:47.000Z</time><extensions><gpxtpx:TrackPointExtension><gpxtpx:bearing>335.95</gpxtpx:bearing><gpxtpx:speed>28.588186</gpxtpx:speed></gpxtpx:TrackPointExtension></extensions><geoidheight>-26.1</geoidheight><src>gps</src><sat>15</sat><hdop>0.76</hdop><vdop>0.86</vdop><pdop>1.15</pdop></trkpt>
<trkpt lat="32.11478816666667" lon="-106.63324050000001"><ele>1189.9</ele><time>2025-12-11T00:07:58.000Z</time><extensions><gpxtpx:TrackPointExtension><gpxtpx:bearing>336.16</gpxtpx:bearing><gpxtpx:speed>28.578922</gpxtpx:speed></gpxtpx:TrackPointExtension></extensions><geoidheight>-26.1</geoidheight><src>gps</src><sat>15</sat><hdop>0.76</hdop><vdop>0.86</vdop><pdop>1.15</pdop></trkpt>
<trkpt lat="32.11737383333333" lon="-106.63460699999999"><ele>1189.7</ele><time>2025-12-11T00:08:09.000Z</time><extensions><gpxtpx:TrackPointExtension><gpxtpx:bearing>335.85</gpxtpx:bearing><gpxtpx:speed>28.735912</gpxtpx:speed></gpxtpx:TrackPointExtension></extensions><geoidheight>-26.1</geoidheight><src>gps</src><sat>15</sat><hdop>0.76</hdop><vdop>0.86</vdop><pdop>1.14</pdop></trkpt>
<trkpt lat="32.11998666666667" lon="-106.63598666666667"><ele>1189.7</ele><time>2025-12-11T00:08:20.000Z</time><extensions><gpxtpx:TrackPointExtension><gpxtpx:bearing>335.36</gpxtpx:bearing><gpxtpx:speed>28.761133</gpxtpx:speed></gpxtpx:TrackPointExtension></extensions><geoidheight>-26.1</geoidheight><src>gps</src><sat>15</sat><hdop>0.76</hdop><vdop>0.86</vdop><pdop>1.14</pdop></trkpt>
<trkpt lat="32.122580666666664" lon="-106.63735566666668"><ele>1191.1</ele><time>2025-12-11T00:08:31.000Z</time><extensions><gpxtpx:TrackPointExtension><gpxtpx:bearing>335.71</gpxtpx:bearing><gpxtpx:speed>28.720985</gpxtpx:speed></gpxtpx:TrackPointExtension></extensions><geoidheight>-26.1</geoidheight><src>gps</src><sat>15</sat><hdop>0.76</hdop><vdop>0.86</vdop><pdop>1.14</pdop></trkpt>
<trkpt lat="32.1251935" lon="-106.63873533333332"><ele>1192.1</ele><time>2025-12-11T00:08:42.000Z</time><extensions><gpxtpx:TrackPointExtension><gpxtpx:bearing>335.5</gpxtpx:bearing><gpxtpx:speed>28.949522</gpxtpx:speed></gpxtpx:TrackPointExtension></extensions><geoidheight>-26.1</geoidheight><src>gps</src><sat>15</sat><hdop>0.76</hdop><vdop>0.85</vdop><pdop>1.14</pdop></trkpt>
<trkpt lat="32.12781433333334" lon="-106.64010933333333"><ele>1192.6</ele><time>2025-12-11T00:08:53.000Z</time><extensions><gpxtpx:TrackPointExtension><gpxtpx:bearing>336.01</gpxtpx:bearing><gpxtpx:speed>28.829077</gpxtpx:speed></gpxtpx:TrackPointExtension></extensions><geoidheight>-26.1</geoidheight><src>gps</src><sat>14</sat><hdop>0.81</hdop><vdop>0.95</vdop><pdop>1.25</pdop></trkpt>
<trkpt lat="32.130415666666664" lon="-106.641488"><ele>1190.8</ele><time>2025-12-11T00:09:04.000Z</time><extensions><gpxtpx:TrackPointExtension><gpxtpx:bearing>336.22</gpxtpx:bearing><gpxtpx:speed>29.173426</gpxtpx:speed></gpxtpx:TrackPointExtension></extensions><geoidheight>-26.1</geoidheight><src>gps</src><sat>13</sat><hdop>0.84</hdop><vdop>1.10</vdop><pdop>1.38</pdop></trkpt>
<trkpt lat="32.133031833333334" lon="-106.64286566666667"><ele>1184.5</ele><time>2025-12-11T00:09:15.000Z</time><extensions><gpxtpx:TrackPointExtension><gpxtpx:bearing>336.0</gpxtpx:bearing><gpxtpx:speed>28.690102</gpxtpx:speed></gpxtpx:TrackPointExtension></extensions><geoidheight>-26.1</geoidheight><src>gps</src><sat>13</sat><hdop>0.84</hdop><vdop>1.10</vdop><pdop>1.38</pdop></trkpt>
<trkpt lat="32.135568166666665" lon="-106.644206"><ele>1188.2</ele><time>2025-12-11T00:09:26.000Z</time><extensions><gpxtpx:TrackPointExtension><gpxtpx:bearing>335.77</gpxtpx:bearing><gpxtpx:speed>27.484108</gpxtpx:speed></gpxtpx:TrackPointExtension></extensions><geoidheight>-26.1</geoidheight><src>gps</src><sat>13</sat><hdop>0.84</hdop><vdop>1.09</vdop><pdop>1.38</pdop></trkpt>
<trkpt lat="32.13803516666667" lon="-106.64550566666666"><ele>1194.1</ele><time>2025-12-11T00:09:37.000Z</time><extensions><gpxtpx:TrackPointExtension><gpxtpx:bearing>335.64</gpxtpx:bearing><gpxtpx:speed>27.207188</gpxtpx:speed></gpxtpx:TrackPointExtension></extensions><geoidheight>-26.1</geoidheight><src>gps</src><sat>13</sat><hdop>0.84</hdop><vdop>1.09</vdop><pdop>1.38</pdop></trkpt>
<trkpt lat="32.140514" lon="-106.64681583333335"><ele>1195.0</ele><time>2025-12-11T00:09:48.000Z</time><extensions><gpxtpx:TrackPointExtension><gpxtpx:bearing>335.78</gpxtpx:bearing><gpxtpx:speed>27.87787</gpxtpx:speed></gpxtpx:TrackPointExtension></extensions><geoidheight>-26.1</geoidheight><src>gps</src><sat>13</sat><hdop>0.84</hdop><vdop>1.09</vdop><pdop>1.38</pdop></trkpt>
<trkpt lat="32.14304283333333" lon="-106.64815733333334"><ele>1193.6</ele><time>2025-12-11T00:09:59.000Z</time><extensions><gpxtpx:TrackPointExtension><gpxtpx:bearing>335.6</gpxtpx:bearing><gpxtpx:speed>28.178984</gpxtpx:speed></gpxtpx:TrackPointExtension></extensions><geoidheight>-26.1</geoidheight><src>gps</src><sat>13</sat><hdop>0.84</hdop><vdop>1.09</vdop><pdop>1.38</pdop></trkpt>
<trkpt lat="32.14562" lon="-106.64952516666666"><ele>1192.0</ele><time>2025-12-11T00:10:10.000Z</time><extensions><gpxtpx:TrackPointExtension><gpxtpx:bearing>334.91</gpxtpx:bearing><gpxtpx:speed>28.929962</gpxtpx:speed></gpxtpx:TrackPointExtension></extensions><geoidheight>-26.1</geoidheight><src>gps</src><sat>13</sat><hdop>0.84</hdop><vdop>1.09</vdop><pdop>1.38</pdop></trkpt>
<trkpt lat="32.14814233333333" lon="-106.65111049999999"><ele>1192.2</ele><time>2025-12-11T00:10:21.000Z</time><extensions><gpxtpx:TrackPointExtension><gpxtpx:bearing>329.19</gpxtpx:bearing><gpxtpx:speed>28.81518</gpxtpx:speed></gpxtpx:TrackPointExtension></extensions><geoidheight>-26.1</geoidheight><src>gps</src><sat>13</sat><hdop>0.84</hdop><vdop>1.09</vdop><pdop>1.38</pdop></trkpt>
<trkpt lat="32.15058" lon="-106.652856"><ele>1192.6</ele><time>2025-12-11T00:10:32.000Z</time><extensions><gpxtpx:TrackPointExtension><gpxtpx:bearing>328.84</gpxtpx:bearing><gpxtpx:speed>28.785841</gpxtpx:speed></gpxtpx:TrackPointExtension></extensions><geoidheight>-26.1</geoidheight><src>gps</src><sat>12</sat><hdop>0.89</hdop><vdop>1.10</vdop><pdop>1.42</pdop></trkpt>
<trkpt lat="32.15303966666667" lon="-106.6546225"><ele>1193.4</ele><time>2025-12-11T00:10:43.000Z</time><extensions><gpxtpx:TrackPointExtension><gpxtpx:bearing>328.55</gpxtpx:bearing><gpxtpx:speed>29.113203</gpxtpx:speed></gpxtpx:TrackPointExtension></extensions><geoidheight>-26.1</geoidheight><src>gps</src><sat>12</sat><hdop>0.89</hdop><vdop>1.10</vdop><pdop>1.42</pdop></trkpt>
<trkpt lat="32.15550433333333" lon="-106.65639516666667"><ele>1195.9</ele><time>2025-12-11T00:10:54.000Z</time><extensions><gpxtpx:TrackPointExtension><gpxtpx:bearing>328.7</gpxtpx:bearing><gpxtpx:speed>29.025702</gpxtpx:speed></gpxtpx:TrackPointExtension></extensions><geoidheight>-26.1</geoidheight><src>gps</src><sat>13</sat><hdop>0.82</hdop><vdop>1.06</vdop><pdop>1.34</pdop></trkpt>
<trkpt lat="32.1579325" lon="-106.65813833333335"><ele>1196.5</ele><time>2025-12-11T00:11:05.000Z</time><extensions><gpxtpx:TrackPointExtension><gpxtpx:bearing>328.71</gpxtpx:bearing><gpxtpx:speed>28.290163</gpxtpx:speed></gpxtpx:TrackPointExtension></extensions><geoidheight>-26.1</geoidheight><src>gps</src><sat>12</sat><hdop>0.89</hdop><vdop>1.10</vdop><pdop>1.41</pdop></trkpt>
<trkpt lat="32.16025466666667" lon="-106.659825"><ele>1192.6</ele><time>2025-12-11T00:11:16.000Z</time><extensions><gpxtpx:TrackPointExtension><gpxtpx:bearing>329.07</gpxtpx:bearing><gpxtpx:speed>27.850075</gpxtpx:speed></gpxtpx:TrackPointExtension></extensions><geoidheight>-26.1</geoidheight><src>gps</src><sat>12</sat><hdop>0.89</hdop><vdop>1.10</vdop><pdop>1.41</pdop></trkpt>
<trkpt lat="32.1626655" lon="-106.661521"><ele>1188.5</ele><time>2025-12-11T00:11:27.000Z</time><extensions><gpxtpx:TrackPointExtension><gpxtpx:bearing>328.23</gpxtpx:bearing><gpxtpx:speed>28.83937</gpxtpx:speed></gpxtpx:TrackPointExtension></extensions><geoidheight>-26.1</geoidheight><src>gps</src><sat>11</sat><hdop>1.18</hdop><vdop>1.32</vdop><pdop>1.77</pdop></trkpt>
<trkpt lat="32.16510383333333" lon="-106.66327500000001"><ele>1186.6</ele><time>2025-12-11T00:11:38.000Z</time><extensions><gpxtpx:TrackPointExtension><gpxtpx:bearing>328.72</gpxtpx:bearing><gpxtpx:speed>28.866137</gpxtpx:speed></gpxtpx:TrackPointExtension></extensions><geoidheight>-26.1</geoidheight><src>gps</src><sat>12</sat><hdop>0.89</hdop><vdop>1.10</vdop><pdop>1.41</pdop></trkpt>
<trkpt lat="32.167567" lon="-106.66503650000001"><ele>1188.4</ele><time>2025-12-11T00:11:49.000Z</time><extensions><gpxtpx:TrackPointExtension><gpxtpx:bearing>328.64</gpxtpx:bearing><gpxtpx:speed>29.005627</gpxtpx:speed></gpxtpx:TrackPointExtension></extensions><geoidheight>-26.1</geoidheight><src>gps</src><sat>12</sat><hdop>0.89</hdop><vdop>1.10</vdop><pdop>1.41</pdop></trkpt>
<trkpt lat="32.17000016666667" lon="-106.66678316666666"><ele>1190.2</ele><time>2025-12-11T00:12:00.000Z</time><extensions><gpxtpx:TrackPointExtension><gpxtpx:bearing>328.86</gpxtpx:bearing><gpxtpx:speed>28.671057</gpxtpx:speed></gpxtpx:TrackPointExtension></extensions><geoidheight>-26.1</geoidheight><src>gps</src><sat>14</sat><hdop>0.89</hdop><vdop>1.10</vdop><pdop>1.41</pdop></trkpt>
<trkpt lat="32.17241716666667" lon="-106.66851666666668"><ele>1190.8</ele><time>2025-12-11T00:12:11.000Z</time><extensions><gpxtpx:TrackPointExtension><gpxtpx:bearing>328.5</gpxtpx:bearing><gpxtpx:speed>28.512524</gpxtpx:speed></gpxtpx:TrackPointExtension></extensions><geoidheight>-26.1</geoidheight><src>gps</src><sat>13</sat><hdop>0.89</hdop><vdop>1.09</vdop><pdop>1.41</pdop></trkpt>
<trkpt lat="32.17482716666667" lon="-106.67026916666667"><ele>1190.9</ele><time>2025-12-11T00:12:22.000Z</time><extensions><gpxtpx:TrackPointExtension><gpxtpx:bearing>328.11</gpxtpx:bearing><gpxtpx:speed>28.78687</gpxtpx:speed></gpxtpx:TrackPointExtension></extensions><geoidheight>-26.1</geoidheight><src>gps</src><sat>12</sat><hdop>0.82</hdop><vdop>1.05</vdop><pdop>1.33</pdop></trkpt>
<trkpt lat="32.17726033333334" lon="-106.67201666666666"><ele>1191.9</ele><time>2025-12-11T00:12:33.000Z</time><extensions><gpxtpx:TrackPointExtension><gpxtpx:bearing>328.15</gpxtpx:bearing><gpxtpx:speed>28.775032</gpxtpx:speed></gpxtpx:TrackPointExtension></extensions><geoidheight>-26.1</geoidheight><src>gps</src><sat>13</sat><hdop>0.82</hdop><vdop>1.05</vdop><pdop>1.33</pdop></trkpt>
<trkpt lat="32.1796845" lon="-106.67374966666667"><ele>1192.5</ele><time>2025-12-11T00:12:44.000Z</time><extensions><gpxtpx:TrackPointExtension><gpxtpx:bearing>328.51</gpxtpx:bearing><gpxtpx:speed>28.405975</gpxtpx:speed></gpxtpx:TrackPointExtension></extensions><geoidheight>-26.1</geoidheight><src>gps</src><sat>12</sat><hdop>0.89</hdop><vdop>1.09</vdop><pdop>1.41</pdop></trkpt>
<trkpt lat="32.18210666666666" lon="-106.67549"><ele>1192.9</ele><time>2025-12-11T00:12:55.000Z</time><extensions><gpxtpx:TrackPointExtension><gpxtpx:bearing>328.56</gpxtpx:bearing><gpxtpx:speed>28.9068</gpxtpx:speed></gpxtpx:TrackPointExtension></extensions><geoidheight>-26.1</geoidheight><src>gps</src><sat>13</sat><hdop>0.84</hdop><vdop>1.07</vdop><pdop>1.36</pdop></trkpt>
<trkpt lat="32.184552000000004" lon="-106.67723533333334"><ele>1195.7</ele><time>2025-12-11T00:13:06.000Z</time><extensions><gpxtpx:TrackPointExtension><gpxtpx:bearing>328.78</gpxtpx:bearing><gpxtpx:speed>28.642233</gpxtpx:speed></gpxtpx:TrackPointExtension></extensions><geoidheight>-26.1</geoidheight><src>gps</src><sat>14</sat><hdop>0.82</hdop><vdop>1.05</vdop><pdop>1.33</pdop></trkpt>
<trkpt lat="32.18693533333333" lon="-106.67894433333335"><ele>1200.7</ele><time>2025-12-11T00:13:17.000Z</time><extensions><gpxtpx:TrackPointExtension><gpxtpx:bearing>328.92</gpxtpx:bearing><gpxtpx:speed>27.906694</gpxtpx:speed></gpxtpx:TrackPointExtension></extensions><geoidheight>-26.1</geoidheight><src>gps</src><sat>14</sat><hdop>0.82</hdop><vdop>1.05</vdop><pdop>1.33</pdop></trkpt>
<trkpt lat="32.18930733333333" lon="-106.68064633333333"><ele>1204.7</ele><time>2025-12-11T00:13:28.000Z</time><extensions><gpxtpx:TrackPointExtension><gpxtpx:bearing>328.52</gpxtpx:bearing><gpxtpx:speed>28.287075</gpxtpx:speed></gpxtpx:TrackPointExtension></extensions><geoidheight>-26.1</geoidheight><src>gps</src><sat>13</sat><hdop>0.82</hdop><vdop>1.05</vdop><pdop>1.33</pdop></trkpt>
<trkpt lat="32.191704333333334" lon="-106.6823625"><ele>1204.9</ele><time>2025-12-11T00:13:39.000Z</time><extensions><gpxtpx:TrackPointExtension><gpxtpx:bearing>328.89</gpxtpx:bearing><gpxtpx:speed>28.582525</gpxtpx:speed></gpxtpx:TrackPointExtension></extensions><geoidheight>-26.1</geoidheight><src>gps</src><sat>13</sat><hdop>0.82</hdop><vdop>1.05</vdop><pdop>1.33</pdop></trkpt>
<trkpt lat="32.19413266666666" lon="-106.68411066666667"><ele>1202.2</ele><time>2025-12-11T00:13:50.000Z</time><extensions><gpxtpx:TrackPointExtension><gpxtpx:bearing>328.85</gpxtpx:bearing><gpxtpx:speed>28.534142</gpxtpx:speed></gpxtpx:TrackPointExtension></extensions><geoidheight>-26.1</geoidheight><src>gps</src><sat>14</sat><hdop>0.79</hdop><vdop>1.01</vdop><pdop>1.28</pdop></trkpt>
<trkpt lat="32.196556" lon="-106.68585883333331"><ele>1199.6</ele><time>2025-12-11T00:14:01.000Z</time><extensions><gpxtpx:TrackPointExtension><gpxtpx:bearing>328.98</gpxtpx:bearing><gpxtpx:speed>28.836283</gpxtpx:speed></gpxtpx:TrackPointExtension></extensions><geoidheight>-26.1</geoidheight><src>gps</src><sat>13</sat><hdop>0.82</hdop><vdop>1.04</vdop><pdop>1.33</pdop></trkpt>
<trkpt lat="32.198957666666665" lon="-106.6875745"><ele>1199.8</ele><time>2025-12-11T00:14:12.000Z</time><extensions><gpxtpx:TrackPointExtension><gpxtpx:bearing>329.2</gpxtpx:bearing><gpxtpx:speed>28.066772</gpxtpx:speed></gpxtpx:TrackPointExtension></extensions><geoidheight>-26.1</geoidheight><src>gps</src><sat>13</sat><hdop>0.82</hdop><vdop>1.04</vdop><pdop>1.33</pdop></trkpt>
<trkpt lat="32.20133133333333" lon="-106.68927649999999"><ele>1201.2</ele><time>2025-12-11T00:14:23.000Z</time><extensions><gpxtpx:TrackPointExtension><gpxtpx:bearing>328.69</gpxtpx:bearing><gpxtpx:speed>28.102804</gpxtpx:speed></gpxtpx:TrackPointExtension></extensions><geoidheight>-26.1</geoidheight><src>gps</src><sat>14</sat><hdop>0.84</hdop><vdop>1.06</vdop><pdop>1.35</pdop></trkpt>
<trkpt lat="32.20374983333333" lon="-106.69101266666667"><ele>1197.4</ele><time>2025-12-11T00:14:34.000Z</time><extensions><gpxtpx:TrackPointExtension><gpxtpx:bearing>329.03</gpxtpx:bearing><gpxtpx:speed>29.013863</gpxtpx:speed></gpxtpx:TrackPointExtension></extensions><geoidheight>-26.1</geoidheight><src>gps</src><sat>13</sat><hdop>0.84</hdop><vdop>1.06</vdop><pdop>1.35</pdop></trkpt>
<trkpt lat="32.20615883333333" lon="-106.69275416666666"><ele>1198.1</ele><time>2025-12-11T00:14:45.000Z</time><extensions><gpxtpx:TrackPointExtension><gpxtpx:bearing>328.9</gpxtpx:bearing><gpxtpx:speed>28.150673</gpxtpx:speed></gpxtpx:TrackPointExtension></extensions><geoidheight>-26.1</geoidheight><src>gps</src><sat>13</sat><hdop>0.84</hdop><vdop>1.06</vdop><pdop>1.35</pdop></trkpt>
<trkpt lat="32.208531666666666" lon="-106.69445816666666"><ele>1200.3</ele><time>2025-12-11T00:14:56.000Z</time><extensions><gpxtpx:TrackPointExtension><gpxtpx:bearing>328.53</gpxtpx:bearing><gpxtpx:speed>27.928312</gpxtpx:speed></gpxtpx:TrackPointExtension></extensions><geoidheight>-26.1</geoidheight><src>gps</src><sat>14</sat><hdop>0.84</hdop><vdop>1.06</vdop><pdop>1.35</pdop></trkpt>
<trkpt lat="32.21094016666667" lon="-106.696185"><ele>1199.2</ele><time>2025-12-11T00:15:07.000Z</time><extensions><gpxtpx:TrackPointExtension><gpxtpx:bearing>329.18</gpxtpx:bearing><gpxtpx:speed>29.162617</gpxtpx:speed></gpxtpx:TrackPointExtension></extensions><geoidheight>-26.1</geoidheight><src>gps</src><sat>13</sat><hdop>0.84</hdop><vdop>1.06</vdop><pdop>1.35</pdop></trkpt>
<trkpt lat="32.213436" lon="-106.69796866666665"><ele>1195.9</ele><time>2025-12-11T00:15:18.000Z</time><extensions><gpxtpx:TrackPointExtension><gpxtpx:bearing>330.1</gpxtpx:bearing><gpxtpx:speed>30.43398</gpxtpx:speed></gpxtpx:TrackPointExtension></extensions><geoidheight>-26.1</geoidheight><src>gps</src><sat>13</sat><hdop>0.84</hdop><vdop>1.05</vdop><pdop>1.35</pdop></trkpt>
<trkpt lat="32.215886999999995" lon="-106.69973399999999"><ele>1198.3</ele><time>2025-12-11T00:15:29.000Z</time><extensions><gpxtpx:TrackPointExtension><gpxtpx:bearing>328.55</gpxtpx:bearing><gpxtpx:speed>28.79665</gpxtpx:speed></gpxtpx:TrackPointExtension></extensions><geoidheight>-26.1</geoidheight><src>gps</src><sat>13</sat><hdop>0.84</hdop><vdop>1.05</vdop><pdop>1.35</pdop></trkpt>
<trkpt lat="32.21835116666667" lon="-106.70150133333333"><ele>1203.1</ele><time>2025-12-11T00:15:40.000Z</time><extensions><gpxtpx:TrackPointExtension><gpxtpx:bearing>328.66</gpxtpx:bearing><gpxtpx:speed>29.369535</gpxtpx:speed></gpxtpx:TrackPointExtension></extensions><geoidheight>-26.1</geoidheight><src>gps</src><sat>13</sat><hdop>0.84</hdop><vdop>1.05</vdop><pdop>1.35</pdop></trkpt>
<trkpt lat="32.22081583333333" lon="-106.70327666666665"><ele>1204.0</ele><time>2025-12-11T00:15:51.000Z</time><extensions><gpxtpx:TrackPointExtension><gpxtpx:bearing>328.65</gpxtpx:bearing><gpxtpx:speed>29.127102</gpxtpx:speed></gpxtpx:TrackPointExtension></extensions><geoidheight>-26.1</geoidheight><src>gps</src><sat>14</sat><hdop>0.79</hdop><vdop>0.94</vdop><pdop>1.23</pdop></trkpt>
<trkpt lat="32.22319583333333" lon="-106.70499466666666"><ele>1203.1</ele><time>2025-12-11T00:16:02.000Z</time><extensions><gpxtpx:TrackPointExtension><gpxtpx:bearing>328.62</gpxtpx:bearing><gpxtpx:speed>28.080671</gpxtpx:speed></gpxtpx:TrackPointExtension></extensions><geoidheight>-26.1</geoidheight><src>gps</src><sat>14</sat><hdop>0.79</hdop><vdop>0.94</vdop><pdop>1.23</pdop></trkpt>
<trkpt lat="32.22559516666667" lon="-106.706729"><ele>1198.7</ele><time>2025-12-11T00:16:13.000Z</time><extensions><gpxtpx:TrackPointExtension><gpxtpx:bearing>328.32</gpxtpx:bearing><gpxtpx:speed>28.386415</gpxtpx:speed></gpxtpx:TrackPointExtension></extensions><geoidheight>-26.1</geoidheight><src>gps</src><sat>14</sat><hdop>0.79</hdop><vdop>0.94</vdop><pdop>1.23</pdop></trkpt>
<trkpt lat="32.227979166666664" lon="-106.70842400000001"><ele>1199.1</ele><time>2025-12-11T00:16:24.000Z</time><extensions><gpxtpx:TrackPointExtension><gpxtpx:bearing>328.74</gpxtpx:bearing><gpxtpx:speed>27.785221</gpxtpx:speed></gpxtpx:TrackPointExtension></extensions><geoidheight>-26.0</geoidheight><src>gps</src><sat>14</sat><hdop>0.79</hdop><vdop>0.94</vdop><pdop>1.23</pdop></trkpt>
<trkpt lat="32.23034166666666" lon="-106.71012483333334"><ele>1199.5</ele><time>2025-12-11T00:16:35.000Z</time><extensions><gpxtpx:TrackPointExtension><gpxtpx:bearing>328.19</gpxtpx:bearing><gpxtpx:speed>28.100744</gpxtpx:speed></gpxtpx:TrackPointExtension></extensions><geoidheight>-26.0</geoidheight><src>gps</src><sat>14</sat><hdop>0.79</hdop><vdop>0.94</vdop><pdop>1.23</pdop></trkpt>
<trkpt lat="32.232746166666665" lon="-106.7118615"><ele>1198.2</ele><time>2025-12-11T00:16:46.000Z</time><extensions><gpxtpx:TrackPointExtension><gpxtpx:bearing>328.74</gpxtpx:bearing><gpxtpx:speed>28.240234</gpxtpx:speed></gpxtpx:TrackPointExtension></extensions><geoidheight>-26.0</geoidheight><src>gps</src><sat>14</sat><hdop>0.79</hdop><vdop>0.93</vdop><pdop>1.23</pdop></trkpt>
<trkpt lat="32.23511383333334" lon="-106.71356033333335"><ele>1201.0</ele><time>2025-12-11T00:16:57.000Z</time><extensions><gpxtpx:TrackPointExtension><gpxtpx:bearing>328.88</gpxtpx:bearing><gpxtpx:speed>27.739925</gpxtpx:speed></gpxtpx:TrackPointExtension></extensions><geoidheight>-26.0</geoidheight><src>gps</src><sat>15</sat><hdop>0.73</hdop><vdop>0.92</vdop><pdop>1.17</pdop></trkpt>
<trkpt lat="32.23744833333333" lon="-106.71524366666667"><ele>1203.1</ele><time>2025-12-11T00:17:08.000Z</time><extensions><gpxtpx:TrackPointExtension><gpxtpx:bearing>328.39</gpxtpx:bearing><gpxtpx:speed>27.522713</gpxtpx:speed></gpxtpx:TrackPointExtension></extensions><geoidheight>-26.0</geoidheight><src>gps</src><sat>15</sat><hdop>0.73</hdop><vdop>0.92</vdop><pdop>1.17</pdop></trkpt>
<trkpt lat="32.239789" lon="-106.71693633333334"><ele>1205.1</ele><time>2025-12-11T00:17:19.000Z</time><extensions><gpxtpx:TrackPointExtension><gpxtpx:bearing>328.58</gpxtpx:bearing><gpxtpx:speed>27.794485</gpxtpx:speed></gpxtpx:TrackPointExtension></extensions><geoidheight>-26.0</geoidheight><src>gps</src><sat>15</sat><hdop>0.73</hdop><vdop>0.92</vdop><pdop>1.17</pdop></trkpt>
<trkpt lat="32.24215433333333" lon="-106.71863466666667"><ele>1207.2</ele><time>2025-12-11T00:17:30.000Z</time><extensions><gpxtpx:TrackPointExtension><gpxtpx:bearing>328.38</gpxtpx:bearing><gpxtpx:speed>27.528889</gpxtpx:speed></gpxtpx:TrackPointExtension></extensions><geoidheight>-26.0</geoidheight><src>gps</src><sat>15</sat><hdop>0.73</hdop><vdop>0.92</vdop><pdop>1.17</pdop></trkpt>
<trkpt lat="32.244459" lon="-106.72029183333333"><ele>1210.0</ele><time>2025-12-11T00:17:41.000Z</time><extensions><gpxtpx:TrackPointExtension><gpxtpx:bearing>328.41</gpxtpx:bearing><gpxtpx:speed>27.26741</gpxtpx:speed></gpxtpx:TrackPointExtension></extensions><geoidheight>-26.0</geoidheight><src>gps</src><sat>15</sat><hdop>0.73</hdop><vdop>0.92</vdop><pdop>1.17</pdop></trkpt>
<trkpt lat="32.246764500000005" lon="-106.72194833333333"><ele>1211.4</ele><time>2025-12-11T00:17:52.000Z</time><extensions><gpxtpx:TrackPointExtension><gpxtpx:bearing>328.52</gpxtpx:bearing><gpxtpx:speed>26.978136</gpxtpx:speed></gpxtpx:TrackPointExtension></extensions><geoidheight>-26.0</geoidheight><src>gps</src><sat>15</sat><hdop>0.73</hdop><vdop>0.92</vdop><pdop>1.17</pdop></trkpt>
<trkpt lat="32.249077166666666" lon="-106.723631"><ele>1209.9</ele><time>2025-12-11T00:18:03.000Z</time><extensions><gpxtpx:TrackPointExtension><gpxtpx:bearing>327.45</gpxtpx:bearing><gpxtpx:speed>27.951475</gpxtpx:speed></gpxtpx:TrackPointExtension></extensions><geoidheight>-26.0</geoidheight><src>gps</src><sat>15</sat><hdop>0.73</hdop><vdop>0.91</vdop><pdop>1.17</pdop></trkpt>
<trkpt lat="32.251432333333334" lon="-106.72534650000001"><ele>1207.4</ele><time>2025-12-11T00:18:14.000Z</time><extensions><gpxtpx:TrackPointExtension><gpxtpx:bearing>328.31</gpxtpx:bearing><gpxtpx:speed>27.931402</gpxtpx:speed></gpxtpx:TrackPointExtension></extensions><geoidheight>-26.0</geoidheight><src>gps</src><sat>14</sat><hdop>0.73</hdop><vdop>0.91</vdop><pdop>1.17</pdop></trkpt>
<trkpt lat="32.25381983333333" lon="-106.7270655"><ele>1206.0</ele><time>2025-12-11T00:18:25.000Z</time><extensions><gpxtpx:TrackPointExtension><gpxtpx:bearing>328.67</gpxtpx:bearing><gpxtpx:speed>28.055449</gpxtpx:speed></gpxtpx:TrackPointExtension></extensions><geoidheight>-26.0</geoidheight><src>gps</src><sat>15</sat><hdop>0.79</hdop><vdop>0.93</vdop><pdop>1.22</pdop></trkpt>
<trkpt lat="32.25623633333333" lon="-106.72875833333335"><ele>1207.8</ele><time>2025-12-11T00:18:36.000Z</time><extensions><gpxtpx:TrackPointExtension><gpxtpx:bearing>328.66</gpxtpx:bearing><gpxtpx:speed>28.451271</gpxtpx:speed></gpxtpx:TrackPointExtension></extensions><geoidheight>-26.0</geoidheight><src>gps</src><sat>15</sat><hdop>0.79</hdop><vdop>0.93</vdop><pdop>1.22</pdop></trkpt>
<trkpt lat="32.25860016666666" lon="-106.73045366666665"><ele>1212.6</ele><time>2025-12-11T00:18:47.000Z</time><extensions><gpxtpx:TrackPointExtension><gpxtpx:bearing>328.54</gpxtpx:bearing><gpxtpx:speed>27.87015</gpxtpx:speed></gpxtpx:TrackPointExtension></extensions><geoidheight>-26.0</geoidheight><src>gps</src><sat>15</sat><hdop>0.73</hdop><vdop>0.91</vdop><pdop>1.17</pdop></trkpt>
<trkpt lat="32.2609465" lon="-106.73221149999999"><ele>1210.1</ele><time>2025-12-11T00:18:58.000Z</time><extensions><gpxtpx:TrackPointExtension><gpxtpx:bearing>324.24</gpxtpx:bearing><gpxtpx:speed>28.790987</gpxtpx:speed></gpxtpx:TrackPointExtension></extensions><geoidheight>-26.0</geoidheight><src>gps</src><sat>15</sat><hdop>0.73</hdop><vdop>0.91</vdop><pdop>1.17</pdop></trkpt>
<trkpt lat="32.26308366666667" lon="-106.73443983333333"><ele>1206.5</ele><time>2025-12-11T00:19:09.000Z</time><extensions><gpxtpx:TrackPointExtension><gpxtpx:bearing>313.29</gpxtpx:bearing><gpxtpx:speed>28.230455</gpxtpx:speed></gpxtpx:TrackPointExtension></extensions><geoidheight>-26.0</geoidheight><src>gps</src><sat>15</sat><hdop>0.73</hdop><vdop>0.91</vdop><pdop>1.17</pdop></trkpt>
<trkpt lat="32.26475966666667" lon="-106.73697083333333"><ele>1206.4</ele><time>2025-12-11T00:19:20.000Z</time><extensions><gpxtpx:TrackPointExtension><gpxtpx:bearing>303.74</gpxtpx:bearing><gpxtpx:speed>27.11917</gpxtpx:speed></gpxtpx:TrackPointExtension></extensions><geoidheight>-26.0</geoidheight><src>gps</src><sat>15</sat><hdop>0.74</hdop><vdop>0.91</vdop><pdop>1.17</pdop></trkpt>
<trkpt lat="32.26612083333334" lon="-106.73962099999999"><ele>1205.2</ele><time>2025-12-11T00:19:31.000Z</time><extensions><gpxtpx:TrackPointExtension><gpxtpx:bearing>300.26</gpxtpx:bearing><gpxtpx:speed>26.255466</gpxtpx:speed></gpxtpx:TrackPointExtension></extensions><geoidheight>-26.0</geoidheight><src>gps</src><sat>15</sat><hdop>0.82</hdop><vdop>1.00</vdop><pdop>1.29</pdop></trkpt>
<trkpt lat="32.2674735" lon="-106.74228533333334"><ele>1199.4</ele><time>2025-12-11T00:19:42.000Z</time><extensions><gpxtpx:TrackPointExtension><gpxtpx:bearing>300.92</gpxtpx:bearing><gpxtpx:speed>27.097551</gpxtpx:speed></gpxtpx:TrackPointExtension></extensions><geoidheight>-26.0</geoidheight><src>gps</src><sat>14</sat><hdop>0.82</hdop><vdop>1.00</vdop><pdop>1.29</pdop></trkpt>
<trkpt lat="32.26885566666667" lon="-106.74500216666665"><ele>1197.9</ele><time>2025-12-11T00:19:53.000Z</time><extensions><gpxtpx:TrackPointExtension><gpxtpx:bearing>300.97</gpxtpx:bearing><gpxtpx:speed>27.291601</gpxtpx:speed></gpxtpx:TrackPointExtension></extensions><geoidheight>-26.0</geoidheight><src>gps</src><sat>14</sat><hdop>0.82</hdop><vdop>1.00</vdop><pdop>1.29</pdop></trkpt>
<trkpt lat="32.270230833333336" lon="-106.74771299999999"><ele>1197.5</ele><time>2025-12-11T00:20:04.000Z</time><extensions><gpxtpx:TrackPointExtension><gpxtpx:bearing>300.96</gpxtpx:bearing><gpxtpx:speed>27.123287</gpxtpx:speed></gpxtpx:TrackPointExtension></extensions><geoidheight>-26.0</geoidheight><src>gps</src><sat>14</sat><hdop>0.86</hdop><vdop>1.01</vdop><pdop>1.33</pdop></trkpt>
<trkpt lat="32.271633666666666" lon="-106.75044799999999"><ele>1196.8</ele><time>2025-12-11T00:20:15.000Z</time><extensions><gpxtpx:TrackPointExtension><gpxtpx:bearing>301.17</gpxtpx:bearing><gpxtpx:speed>27.236526</gpxtpx:speed></gpxtpx:TrackPointExtension></extensions><geoidheight>-26.0</geoidheight><src>gps</src><sat>14</sat><hdop>0.83</hdop><vdop>0.96</vdop><pdop>1.27</pdop></trkpt>
<trkpt lat="32.2730285" lon="-106.75318033333333"><ele>1194.2</ele><time>2025-12-11T00:20:26.000Z</time><extensions><gpxtpx:TrackPointExtension><gpxtpx:bearing>301.17</gpxtpx:bearing><gpxtpx:speed>26.794895</gpxtpx:speed></gpxtpx:TrackPointExtension></extensions><geoidheight>-26.0</geoidheight><src>gps</src><sat>15</sat><hdop>0.77</hdop><vdop>0.93</vdop><pdop>1.21</pdop></trkpt>
<trkpt lat="32.27432783333334" lon="-106.75573516666667"><ele>1190.2</ele><time>2025-12-11T00:20:37.000Z</time><extensions><gpxtpx:TrackPointExtension><gpxtpx:bearing>301.09</gpxtpx:bearing><gpxtpx:speed>24.831743</gpxtpx:speed></gpxtpx:TrackPointExtension></extensions><geoidheight>-26.0</geoidheight><src>gps</src><sat>14</sat><hdop>0.81</hdop><vdop>0.94</vdop><pdop>1.24</pdop></trkpt>
<trkpt lat="32.27563133333333" lon="-106.75830383333331"><ele>1189.3</ele><time>2025-12-11T00:20:48.000Z</time><extensions><gpxtpx:TrackPointExtension><gpxtpx:bearing>301.09</gpxtpx:bearing><gpxtpx:speed>25.953838</gpxtpx:speed></gpxtpx:TrackPointExtension></extensions><geoidheight>-26.0</geoidheight><src>gps</src><sat>14</sat><hdop>0.81</hdop><vdop>0.94</vdop><pdop>1.24</pdop></trkpt>
<trkpt lat="32.276942166666664" lon="-106.76087716666667"><ele>1190.9</ele><time>2025-12-11T00:20:59.000Z</time><extensions><gpxtpx:TrackPointExtension><gpxtpx:bearing>301.1</gpxtpx:bearing><gpxtpx:speed>25.544634</gpxtpx:speed></gpxtpx:TrackPointExtension></extensions><geoidheight>-26.0</geoidheight><src>gps</src><sat>14</sat><hdop>0.74</hdop><vdop>0.85</vdop><pdop>1.13</pdop><dgpsid>0000</dgpsid></trkpt>
<trkpt lat="32.278244666666666" lon="-106.76344016666665"><ele>1188.3</ele><time>2025-12-11T00:21:10.000Z</time><extensions><gpxtpx:TrackPointExtension><gpxtpx:bearing>301.01</gpxtpx:bearing><gpxtpx:speed>26.100534</gpxtpx:speed></gpxtpx:TrackPointExtension></extensions><geoidheight>-26.0</geoidheight><src>gps</src><sat>16</sat><hdop>0.74</hdop><vdop>0.80</vdop><pdop>1.09</pdop><dgpsid>0000</dgpsid></trkpt>
<trkpt lat="32.2795675" lon="-106.76603949999999"><ele>1187.5</ele><time>2025-12-11T00:21:21.000Z</time><extensions><gpxtpx:TrackPointExtension><gpxtpx:bearing>301.06</gpxtpx:bearing><gpxtpx:speed>26.025385</gpxtpx:speed></gpxtpx:TrackPointExtension></extensions><geoidheight>-26.0</geoidheight><src>gps</src><sat>16</sat><hdop>0.74</hdop><vdop>0.80</vdop><pdop>1.09</pdop><dgpsid>0000</dgpsid></trkpt>
<trkpt lat="32.2807675" lon="-106.76878233333333"><ele>1189.2</ele><time>2025-12-11T00:21:32.000Z</time><extensions><gpxtpx:TrackPointExtension><gpxtpx:bearing>293.85</gpxtpx:bearing><gpxtpx:speed>26.805704</gpxtpx:speed></gpxtpx:TrackPointExtension></extensions><geoidheight>-26.0</geoidheight><src>gps</src><sat>17</sat><hdop>0.67</hdop><vdop>0.77</vdop><pdop>1.02</pdop><dgpsid>0000</dgpsid></trkpt>
<trkpt lat="32.281781333333335" lon="-106.77149050000001"><ele>1190.9</ele><time>2025-12-11T00:21:43.000Z</time><extensions><gpxtpx:TrackPointExtension><gpxtpx:bearing>293.64</gpxtpx:bearing><gpxtpx:speed>24.701004</gpxtpx:speed></gpxtpx:TrackPointExtension></extensions><geoidheight>-26.0</geoidheight><src>gps</src><sat>17</sat><hdop>0.65</hdop><vdop>0.77</vdop><pdop>1.00</pdop><dgpsid>0000</dgpsid></trkpt>
<trkpt lat="32.282790999999996" lon="-106.77418466666668"><ele>1187.2</ele><time>2025-12-11T00:21:54.000Z</time><extensions><gpxtpx:TrackPointExtension><gpxtpx:bearing>293.95</gpxtpx:bearing><gpxtpx:speed>25.81332</gpxtpx:speed></gpxtpx:TrackPointExtension></extensions><geoidheight>-26.0</geoidheight><src>gps</src><sat>17</sat><hdop>0.64</hdop><vdop>0.75</vdop><pdop>0.99</pdop><dgpsid>0000</dgpsid></trkpt>
<trkpt lat="32.2838335" lon="-106.77693433333334"><ele>1184.4</ele><time>2025-12-11T00:22:05.000Z</time><extensions><gpxtpx:TrackPointExtension><gpxtpx:bearing>293.95</gpxtpx:bearing><gpxtpx:speed>26.257524</gpxtpx:speed></gpxtpx:TrackPointExtension></extensions><geoidheight>-26.0</geoidheight><src>gps</src><sat>17</sat><hdop>0.64</hdop><vdop>0.75</vdop><pdop>0.99</pdop><dgpsid>0000</dgpsid></trkpt>
<trkpt lat="32.284884166666664" lon="-106.77971233333334"><ele>1187.1</ele><time>2025-12-11T00:22:16.000Z</time><extensions><gpxtpx:TrackPointExtension><gpxtpx:bearing>293.69</gpxtpx:bearing><gpxtpx:speed>25.57243</gpxtpx:speed></gpxtpx:TrackPointExtension></extensions><geoidheight>-26.0</geoidheight><src>gps</src><sat>17</sat><hdop>0.64</hdop><vdop>0.75</vdop><pdop>0.99</pdop><dgpsid>0000</dgpsid></trkpt>
<trkpt lat="32.2858925" lon="-106.78238066666667"><ele>1193.4</ele><time>2025-12-11T00:22:27.000Z</time><extensions><gpxtpx:TrackPointExtension><gpxtpx:bearing>293.98</gpxtpx:bearing><gpxtpx:speed>25.381468</gpxtpx:speed></gpxtpx:TrackPointExtension></extensions><geoidheight>-26.0</geoidheight><src>gps</src><sat>17</sat><hdop>0.64</hdop><vdop>0.75</vdop><pdop>0.99</pdop><dgpsid>0000</dgpsid></trkpt>
<trkpt lat="32.28698466666666" lon="-106.78497833333334"><ele>1192.1</ele><time>2025-12-11T00:22:38.000Z</time><extensions><gpxtpx:TrackPointExtension><gpxtpx:bearing>300.25</gpxtpx:bearing><gpxtpx:speed>25.073149</gpxtpx:speed></gpxtpx:TrackPointExtension></extensions><geoidheight>-26.0</geoidheight><src>gps</src><sat>17</sat><hdop>0.64</hdop><vdop>0.75</vdop><pdop>0.99</pdop><dgpsid>0000</dgpsid></trkpt>
<trkpt lat="32.28826016666667" lon="-106.78750933333335"><ele>1190.5</ele><time>2025-12-11T00:22:49.000Z</time><extensions><gpxtpx:TrackPointExtension><gpxtpx:bearing>300.7</gpxtpx:bearing><gpxtpx:speed>24.397833</gpxtpx:speed></gpxtpx:TrackPointExtension></extensions><geoidheight>-26.0</geoidheight><src>gps</src><sat>17</sat><hdop>0.67</hdop><vdop>0.86</vdop><pdop>1.09</pdop><dgpsid>0000</dgpsid></trkpt>
<trkpt lat="32.289451666666665" lon="-106.78987983333333"><ele>1194.7</ele><time>2025-12-11T00:23:00.000Z</time><extensions><gpxtpx:TrackPointExtension><gpxtpx:bearing>301.16</gpxtpx:bearing><gpxtpx:speed>23.03485</gpxtpx:speed></gpxtpx:TrackPointExtension></extensions><geoidheight>-26.0</geoidheight><src>gps</src><sat>17</sat><hdop>0.67</hdop><vdop>0.86</vdop><pdop>1.09</pdop><dgpsid>0000</dgpsid></trkpt>
<trkpt lat="32.29064583333333" lon="-106.792267"><ele>1193.7</ele><time>2025-12-11T00:23:11.000Z</time><extensions><gpxtpx:TrackPointExtension><gpxtpx:bearing>300.82</gpxtpx:bearing><gpxtpx:speed>24.989763</gpxtpx:speed></gpxtpx:TrackPointExtension></extensions><geoidheight>-26.0</geoidheight><src>gps</src><sat>17</sat><hdop>0.67</hdop><vdop>0.86</vdop><pdop>1.09</pdop><dgpsid>0000</dgpsid></trkpt>
<trkpt lat="32.291915" lon="-106.79484116666666"><ele>1190.3</ele><time>2025-12-11T00:23:22.000Z</time><extensions><gpxtpx:TrackPointExtension><gpxtpx:bearing>299.28</gpxtpx:bearing><gpxtpx:speed>26.107225</gpxtpx:speed></gpxtpx:TrackPointExtension></extensions><geoidheight>-26.0</geoidheight><src>gps</src><sat>16</sat><hdop>0.72</hdop><vdop>0.91</vdop><pdop>1.16</pdop><dgpsid>0000</dgpsid></trkpt>
<trkpt lat="32.29323933333333" lon="-106.79749016666668"><ele>1190.9</ele><time>2025-12-11T00:23:33.000Z</time><extensions><gpxtpx:TrackPointExtension><gpxtpx:bearing>301.02</gpxtpx:bearing><gpxtpx:speed>26.549372</gpxtpx:speed></gpxtpx:TrackPointExtension></extensions><geoidheight>-26.0</geoidheight><src>gps</src><sat>16</sat><hdop>0.67</hdop><vdop>0.86</vdop><pdop>1.09</pdop><dgpsid>0000</dgpsid></trkpt>
<trkpt lat="32.29455599999999" lon="-106.80019033333335"><ele>1192.5</ele><time>2025-12-11T00:23:44.000Z</time><extensions><gpxtpx:TrackPointExtension><gpxtpx:bearing>294.33</gpxtpx:bearing><gpxtpx:speed>26.629154</gpxtpx:speed></gpxtpx:TrackPointExtension></extensions><geoidheight>-26.0</geoidheight><src>gps</src><sat>16</sat><hdop>0.67</hdop><vdop>0.86</vdop><pdop>1.09</pdop><dgpsid>0000</dgpsid></trkpt>
<trkpt lat="32.295204166666664" lon="-106.80316066666667"><ele>1194.2</ele><time>2025-12-11T00:23:55.000Z</time><extensions><gpxtpx:TrackPointExtension><gpxtpx:bearing>275.72</gpxtpx:bearing><gpxtpx:speed>26.428926</gpxtpx:speed></gpxtpx:TrackPointExtension></extensions><geoidheight>-26.0</geoidheight><src>gps</src><sat>16</sat><hdop>0.67</hdop><vdop>0.86</vdop><pdop>1.09</pdop><dgpsid>0000</dgpsid></trkpt>
<trkpt lat="32.295017" lon="-106.80618266666667"><ele>1196.6</ele><time>2025-12-11T00:24:06.000Z</time><extensions><gpxtpx:TrackPointExtension><gpxtpx:bearing>256.24</gpxtpx:bearing><gpxtpx:speed>25.526619</gpxtpx:speed></gpxtpx:TrackPointExtension></extensions><geoidheight>-26.0</geoidheight><src>gps</src><sat>17</sat><hdop>0.64</hdop><vdop>0.83</vdop><pdop>1.05</pdop><dgpsid>0000</dgpsid></trkpt>
<trkpt lat="32.2943695" lon="-106.80904633333333"><ele>1199.2</ele><time>2025-12-11T00:24:17.000Z</time><extensions><gpxtpx:TrackPointExtension><gpxtpx:bearing>254.83</gpxtpx:bearing><gpxtpx:speed>25.25639</gpxtpx:speed></gpxtpx:TrackPointExtension></extensions><geoidheight>-26.0</geoidheight><src>gps</src><sat>17</sat><hdop>0.64</hdop><vdop>0.83</vdop><pdop>1.05</pdop><dgpsid>0000</dgpsid></trkpt>
<trkpt lat="32.29370433333334" lon="-106.81193200000001"><ele>1196.4</ele><time>2025-12-11T00:24:28.000Z</time><extensions><gpxtpx:TrackPointExtension><gpxtpx:bearing>254.75</gpxtpx:bearing><gpxtpx:speed>26.277084</gpxtpx:speed></gpxtpx:TrackPointExtension></extensions><geoidheight>-26.0</geoidheight><src>gps</src><sat>17</sat><hdop>0.64</hdop><vdop>0.83</vdop><pdop>1.05</pdop><dgpsid>0000</dgpsid></trkpt>
<trkpt lat="32.29302" lon="-106.814919"><ele>1195.1</ele><time>2025-12-11T00:24:39.000Z</time><extensions><gpxtpx:TrackPointExtension><gpxtpx:bearing>254.59</gpxtpx:bearing><gpxtpx:speed>26.662611</gpxtpx:speed></gpxtpx:TrackPointExtension></extensions><geoidheight>-26.0</geoidheight><src>gps</src><sat>17</sat><hdop>0.64</hdop><vdop>0.83</vdop><pdop>1.05</pdop><dgpsid>0000</dgpsid></trkpt>
<trkpt lat="32.292324" lon="-106.81793266666666"><ele>1194.2</ele><time>2025-12-11T00:24:50.000Z</time><extensions><gpxtpx:TrackPointExtension><gpxtpx:bearing>254.84</gpxtpx:bearing><gpxtpx:speed>27.007475</gpxtpx:speed></gpxtpx:TrackPointExtension></extensions><geoidheight>-26.0</geoidheight><src>gps</src><sat>17</sat><hdop>0.64</hdop><vdop>0.84</vdop><pdop>1.05</pdop><dgpsid>0000</dgpsid></trkpt>
<trkpt lat="32.29162516666667" lon="-106.82094899999998"><ele>1195.7</ele><time>2025-12-11T00:25:01.000Z</time><extensions><gpxtpx:TrackPointExtension><gpxtpx:bearing>254.78</gpxtpx:bearing><gpxtpx:speed>26.418633</gpxtpx:speed></gpxtpx:TrackPointExtension></extensions><geoidheight>-26.0</geoidheight><src>gps</src><sat>17</sat><hdop>0.64</hdop><vdop>0.84</vdop><pdop>1.05</pdop><dgpsid>0000</dgpsid></trkpt>
<trkpt lat="32.290951" lon="-106.82386100000001"><ele>1197.2</ele><time>2025-12-11T00:25:12.000Z</time><extensions><gpxtpx:TrackPointExtension><gpxtpx:bearing>254.96</gpxtpx:bearing><gpxtpx:speed>25.298082</gpxtpx:speed></gpxtpx:TrackPointExtension></extensions><geoidheight>-26.0</geoidheight><src>gps</src><sat>17</sat><hdop>0.64</hdop><vdop>0.84</vdop><pdop>1.05</pdop><dgpsid>0000</dgpsid></trkpt>
<trkpt lat="32.29028383333333" lon="-106.82675216666667"><ele>1197.2</ele><time>2025-12-11T00:25:23.000Z</time><extensions><gpxtpx:TrackPointExtension><gpxtpx:bearing>254.38</gpxtpx:bearing><gpxtpx:speed>26.038254</gpxtpx:speed></gpxtpx:TrackPointExtension></extensions><geoidheight>-26.0</geoidheight><src>gps</src><sat>17</sat><hdop>0.64</hdop><vdop>0.84</vdop><pdop>1.05</pdop><dgpsid>0000</dgpsid></trkpt>
<trkpt lat="32.2895965" lon="-106.82971333333334"><ele>1196.1</ele><time>2025-12-11T00:25:34.000Z</time><extensions><gpxtpx:TrackPointExtension><gpxtpx:bearing>255.04</gpxtpx:bearing><gpxtpx:speed>26.351204</gpxtpx:speed></gpxtpx:TrackPointExtension></extensions><geoidheight>-26.0</geoidheight><src>gps</src><sat>17</sat><hdop>0.64</hdop><vdop>0.84</vdop><pdop>1.05</pdop><dgpsid>0000</dgpsid></trkpt>
<trkpt lat="32.28891733333333" lon="-106.83264333333334"><ele>1194.8</ele><time>2025-12-11T00:25:45.000Z</time><extensions><gpxtpx:TrackPointExtension><gpxtpx:bearing>254.56</gpxtpx:bearing><gpxtpx:speed>25.797878</gpxtpx:speed></gpxtpx:TrackPointExtension></extensions><geoidheight>-26.1</geoidheight><src>gps</src><sat>17</sat><hdop>0.64</hdop><vdop>0.84</vdop><pdop>1.05</pdop><dgpsid>0000</dgpsid></trkpt>
<trkpt lat="32.288238666666665" lon="-106.83559033333334"><ele>1194.4</ele><time>2025-12-11T00:25:56.000Z</time><extensions><gpxtpx:TrackPointExtension><gpxtpx:bearing>254.49</gpxtpx:bearing><gpxtpx:speed>26.383118</gpxtpx:speed></gpxtpx:TrackPointExtension></extensions><geoidheight>-26.1</geoidheight><src>gps</src><sat>17</sat><hdop>0.64</hdop><vdop>0.84</vdop><pdop>1.05</pdop><dgpsid>0000</dgpsid></trkpt>
<trkpt lat="32.287556" lon="-106.83854666666666"><ele>1194.8</ele><time>2025-12-11T00:26:07.000Z</time><extensions><gpxtpx:TrackPointExtension><gpxtpx:bearing>254.76</gpxtpx:bearing><gpxtpx:speed>26.346058</gpxtpx:speed></gpxtpx:TrackPointExtension></extensions><geoidheight>-26.1</geoidheight><src>gps</src><sat>17</sat><hdop>0.64</hdop><vdop>0.84</vdop><pdop>1.05</pdop><dgpsid>0000</dgpsid></trkpt>
<trkpt lat="32.28687783333333" lon="-106.84147800000001"><ele>1195.7</ele><time>2025-12-11T00:26:18.000Z</time><extensions><gpxtpx:TrackPointExtension><gpxtpx:bearing>255.07</gpxtpx:bearing><gpxtpx:speed>25.849865</gpxtpx:speed></gpxtpx:TrackPointExtension></extensions><geoidheight>-26.1</geoidheight><src>gps</src><sat>17</sat><hdop>0.64</hdop><vdop>0.84</vdop><pdop>1.05</pdop><dgpsid>0000</dgpsid></trkpt>
<trkpt lat="32.2861905" lon="-106.84443950000001"><ele>1194.9</ele><time>2025-12-11T00:26:29.000Z</time><extensions><gpxtpx:TrackPointExtension><gpxtpx:bearing>254.87</gpxtpx:bearing><gpxtpx:speed>26.97093</gpxtpx:speed></gpxtpx:TrackPointExtension></extensions><geoidheight>-26.1</geoidheight><src>gps</src><sat>17</sat><hdop>0.64</hdop><vdop>0.84</vdop><pdop>1.05</pdop><dgpsid>0000</dgpsid></trkpt>
<trkpt lat="32.285485666666666" lon="-106.84748333333333"><ele>1194.5</ele><time>2025-12-11T00:26:40.000Z</time><extensions><gpxtpx:TrackPointExtension><gpxtpx:bearing>254.99</gpxtpx:bearing><gpxtpx:speed>27.161377</gpxtpx:speed></gpxtpx:TrackPointExtension></extensions><geoidheight>-26.1</geoidheight><src>gps</src><sat>17</sat><hdop>0.64</hdop><vdop>0.84</vdop><pdop>1.05</pdop><dgpsid>0000</dgpsid></trkpt>
<trkpt lat="32.28479133333334" lon="-106.8504885"><ele>1200.5</ele><time>2025-12-11T00:26:51.000Z</time><extensions><gpxtpx:TrackPointExtension><gpxtpx:bearing>254.68</gpxtpx:bearing><gpxtpx:speed>25.77523</gpxtpx:speed></gpxtpx:TrackPointExtension></extensions><geoidheight>-26.1</geoidheight><src>gps</src><sat>17</sat><hdop>0.64</hdop><vdop>0.84</vdop><pdop>1.05</pdop><dgpsid>0000</dgpsid></trkpt>
<trkpt lat="32.28422516666667" lon="-106.85334666666668"><ele>1211.7</ele><time>2025-12-11T00:27:02.000Z</time><extensions><gpxtpx:TrackPointExtension><gpxtpx:bearing>260.79</gpxtpx:bearing><gpxtpx:speed>24.63615</gpxtpx:speed></gpxtpx:TrackPointExtension></extensions><geoidheight>-26.1</geoidheight><src>gps</src><sat>16</sat><hdop>0.65</hdop><vdop>0.84</vdop><pdop>1.06</pdop><dgpsid>0000</dgpsid></trkpt>
<trkpt lat="32.28399666666667" lon="-106.8561675"><ele>1222.7</ele><time>2025-12-11T00:27:13.000Z</time><extensions><gpxtpx:TrackPointExtension><gpxtpx:bearing>265.82</gpxtpx:bearing><gpxtpx:speed>23.807447</gpxtpx:speed></gpxtpx:TrackPointExtension></extensions><geoidheight>-26.1</geoidheight><src>gps</src><sat>17</sat><hdop>0.64</hdop><vdop>0.84</vdop><pdop>1.05</pdop><dgpsid>0000</dgpsid></trkpt>
<trkpt lat="32.283833666666666" lon="-106.85890483333333"><ele>1233.7</ele><time>2025-12-11T00:27:24.000Z</time><extensions><gpxtpx:TrackPointExtension><gpxtpx:bearing>266.46</gpxtpx:bearing><gpxtpx:speed>23.170736</gpxtpx:speed></gpxtpx:TrackPointExtension></extensions><geoidheight>-26.1</geoidheight><src>gps</src><sat>15</sat><hdop>0.77</hdop><vdop>0.93</vdop><pdop>1.20</pdop><dgpsid>0000</dgpsid></trkpt>
<trkpt lat="32.28367766666667" lon="-106.86158599999999"><ele>1244.0</ele><time>2025-12-11T00:27:35.000Z</time><extensions><gpxtpx:TrackPointExtension><gpxtpx:bearing>266.11</gpxtpx:bearing><gpxtpx:speed>22.841827</gpxtpx:speed></gpxtpx:TrackPointExtension></extensions><geoidheight>-26.1</geoidheight><src>gps</src><sat>16</sat><hdop>0.70</hdop><vdop>0.86</vdop><pdop>1.11</pdop><dgpsid>0000</dgpsid></trkpt>
<trkpt lat="32.283527166666666" lon="-106.8642175"><ele>1254.0</ele><time>2025-12-11T00:27:46.000Z</time><extensions><gpxtpx:TrackPointExtension><gpxtpx:bearing>266.17</gpxtpx:bearing><gpxtpx:speed>22.319386</gpxtpx:speed></gpxtpx:TrackPointExtension></extensions><geoidheight>-26.1</geoidheight><src>gps</src><sat>16</sat><hdop>0.66</hdop><vdop>0.84</vdop><pdop>1.07</pdop><dgpsid>0000</dgpsid></trkpt>
<trkpt lat="32.28337233333333" lon="-106.866795"><ele>1263.9</ele><time>2025-12-11T00:27:57.000Z</time><extensions><gpxtpx:TrackPointExtension><gpxtpx:bearing>266.67</gpxtpx:bearing><gpxtpx:speed>22.026508</gpxtpx:speed></gpxtpx:TrackPointExtension></extensions><geoidheight>-26.1</geoidheight><src>gps</src><sat>17</sat><hdop>0.68</hdop><vdop>0.84</vdop><pdop>1.08</pdop><dgpsid>0000</dgpsid></trkpt>
<trkpt lat="32.283228" lon="-106.86933916666666"><ele>1273.5</ele><time>2025-12-11T00:28:08.000Z</time><extensions><gpxtpx:TrackPointExtension><gpxtpx:bearing>265.74</gpxtpx:bearing><gpxtpx:speed>21.83709</gpxtpx:speed></gpxtpx:TrackPointExtension></extensions><geoidheight>-26.1</geoidheight><src>gps</src><sat>17</sat><hdop>0.66</hdop><vdop>0.84</vdop><pdop>1.07</pdop><dgpsid>0000</dgpsid></trkpt>
<trkpt lat="32.2830705" lon="-106.87194116666666"><ele>1279.4</ele><time>2025-12-11T00:28:19.000Z</time><extensions><gpxtpx:TrackPointExtension><gpxtpx:bearing>265.99</gpxtpx:bearing><gpxtpx:speed>23.139853</gpxtpx:speed></gpxtpx:TrackPointExtension></extensions><geoidheight>-26.1</geoidheight><src>gps</src><sat>16</sat><hdop>0.66</hdop><vdop>0.84</vdop><pdop>1.07</pdop><dgpsid>0000</dgpsid></trkpt>
<trkpt lat="32.282908166666665" lon="-106.87473983333332"><ele>1280.2</ele><time>2025-12-11T00:28:30.000Z</time><extensions><gpxtpx:TrackPointExtension><gpxtpx:bearing>266.18</gpxtpx:bearing><gpxtpx:speed>24.575413</gpxtpx:speed></gpxtpx:TrackPointExtension></extensions><geoidheight>-26.1</geoidheight><src>gps</src><sat>16</sat><hdop>0.66</hdop><vdop>0.84</vdop><pdop>1.07</pdop><dgpsid>0000</dgpsid></trkpt>
<trkpt lat="32.28274066666667" lon="-106.87762166666668"><ele>1279.4</ele><time>2025-12-11T00:28:41.000Z</time><extensions><gpxtpx:TrackPointExtension><gpxtpx:bearing>266.37</gpxtpx:bearing><gpxtpx:speed>24.885275</gpxtpx:speed></gpxtpx:TrackPointExtension></extensions><geoidheight>-26.1</geoidheight><src>gps</src><sat>17</sat><hdop>0.64</hdop><vdop>0.84</vdop><pdop>1.05</pdop><dgpsid>0000</dgpsid></trkpt>
<trkpt lat="32.282568999999995" lon="-106.8805475"><ele>1278.9</ele><time>2025-12-11T00:28:52.000Z</time><extensions><gpxtpx:TrackPointExtension><gpxtpx:bearing>266.2</gpxtpx:bearing><gpxtpx:speed>25.298082</gpxtpx:speed></gpxtpx:TrackPointExtension></extensions><geoidheight>-26.1</geoidheight><src>gps</src><sat>17</sat><hdop>0.64</hdop><vdop>0.84</vdop><pdop>1.05</pdop><dgpsid>0000</dgpsid></trkpt>
<trkpt lat="32.282259833333335" lon="-106.88350583333334"><ele>1280.4</ele><time>2025-12-11T00:29:03.000Z</time><extensions><gpxtpx:TrackPointExtension><gpxtpx:bearing>259.05</gpxtpx:bearing><gpxtpx:speed>25.808172</gpxtpx:speed></gpxtpx:TrackPointExtension></extensions><geoidheight>-26.1</geoidheight><src>gps</src><sat>16</sat><hdop>0.67</hdop><vdop>0.86</vdop><pdop>1.09</pdop><dgpsid>0000</dgpsid></trkpt>
<trkpt lat="32.28155833333334" lon="-106.88640949999998"><ele>1286.2</ele><time>2025-12-11T00:29:14.000Z</time><extensions><gpxtpx:TrackPointExtension><gpxtpx:bearing>249.78</gpxtpx:bearing><gpxtpx:speed>26.068623</gpxtpx:speed></gpxtpx:TrackPointExtension></extensions><geoidheight>-26.1</geoidheight><src>gps</src><sat>17</sat><hdop>0.64</hdop><vdop>0.84</vdop><pdop>1.05</pdop><dgpsid>0000</dgpsid></trkpt>
<trkpt lat="32.2805615" lon="-106.88923016666668"><ele>1290.9</ele><time>2025-12-11T00:29:25.000Z</time><extensions><gpxtpx:TrackPointExtension><gpxtpx:bearing>247.05</gpxtpx:bearing><gpxtpx:speed>26.277084</gpxtpx:speed></gpxtpx:TrackPointExtension></extensions><geoidheight>-26.1</geoidheight><src>gps</src><sat>17</sat><hdop>0.66</hdop><vdop>0.84</vdop><pdop>1.06</pdop><dgpsid>0000</dgpsid></trkpt>
<trkpt lat="32.27956433333333" lon="-106.89203583333334"><ele>1295.5</ele><time>2025-12-11T00:29:36.000Z</time><extensions><gpxtpx:TrackPointExtension><gpxtpx:bearing>247.28</gpxtpx:bearing><gpxtpx:speed>26.152006</gpxtpx:speed></gpxtpx:TrackPointExtension></extensions><geoidheight>-26.1</geoidheight><src>gps</src><sat>17</sat><hdop>0.64</hdop><vdop>0.84</vdop><pdop>1.05</pdop><dgpsid>0000</dgpsid></trkpt>
<trkpt lat="32.27857433333334" lon="-106.89481966666666"><ele>1301.4</ele><time>2025-12-11T00:29:47.000Z</time><extensions><gpxtpx:TrackPointExtension><gpxtpx:bearing>247.28</gpxtpx:bearing><gpxtpx:speed>26.176714</gpxtpx:speed></gpxtpx:TrackPointExtension></extensions><geoidheight>-26.1</geoidheight><src>gps</src><sat>17</sat><hdop>0.64</hdop><vdop>0.84</vdop><pdop>1.05</pdop><dgpsid>0000</dgpsid></trkpt>
<trkpt lat="32.277597" lon="-106.89758216666665"><ele>1309.1</ele><time>2025-12-11T00:29:58.000Z</time><extensions><gpxtpx:TrackPointExtension><gpxtpx:bearing>247.18</gpxtpx:bearing><gpxtpx:speed>25.39691</gpxtpx:speed></gpxtpx:TrackPointExtension></extensions><geoidheight>-26.1</geoidheight><src>gps</src><sat>16</sat><hdop>0.71</hdop><vdop>1.00</vdop><pdop>1.23</pdop><dgpsid>0000</dgpsid></trkpt>
<trkpt lat="32.27664033333333" lon="-106.90028583333333"><ele>1317.4</ele><time>2025-12-11T00:30:09.000Z</time><extensions><gpxtpx:TrackPointExtension><gpxtpx:bearing>247.38</gpxtpx:bearing><gpxtpx:speed>25.014471</gpxtpx:speed></gpxtpx:TrackPointExtension></extensions><geoidheight>-26.1</geoidheight><src>gps</src><sat>16</sat><hdop>0.71</hdop><vdop>1.00</vdop><pdop>1.23</pdop><dgpsid>0000</dgpsid></trkpt>
<trkpt lat="32.27570133333334" lon="-106.90292916666667"><ele>1325.7</ele><time>2025-12-11T00:30:20.000Z</time><extensions><gpxtpx:TrackPointExtension><gpxtpx:bearing>247.1</gpxtpx:bearing><gpxtpx:speed>24.2743</gpxtpx:speed></gpxtpx:TrackPointExtension></extensions><geoidheight>-26.1</geoidheight><src>gps</src><sat>15</sat><hdop>0.74</hdop><vdop>1.00</vdop><pdop>1.24</pdop><dgpsid>0000</dgpsid></trkpt>
<trkpt lat="32.27476033333333" lon="-106.90556183333335"><ele>1332.7</ele><time>2025-12-11T00:30:31.000Z</time><extensions><gpxtpx:TrackPointExtension><gpxtpx:bearing>247.3</gpxtpx:bearing><gpxtpx:speed>24.680416</gpxtpx:speed></gpxtpx:TrackPointExtension></extensions><geoidheight>-26.1</geoidheight><src>gps</src><sat>16</sat><hdop>0.71</hdop><vdop>1.00</vdop><pdop>1.23</pdop><dgpsid>0000</dgpsid></trkpt>
<trkpt lat="32.273947" lon="-106.9082685"><ele>1339.8</ele><time>2025-12-11T00:30:42.000Z</time><extensions><gpxtpx:TrackPointExtension><gpxtpx:bearing>254.83</gpxtpx:bearing><gpxtpx:speed>24.715418</gpxtpx:speed></gpxtpx:TrackPointExtension></extensions><geoidheight>-26.1</geoidheight><src>gps</src><sat>16</sat><hdop>0.71</hdop><vdop>1.00</vdop><pdop>1.23</pdop><dgpsid>0000</dgpsid></trkpt>
<trkpt lat="32.273499" lon="-106.91108833333334"><ele>1347.4</ele><time>2025-12-11T00:30:53.000Z</time><extensions><gpxtpx:TrackPointExtension><gpxtpx:bearing>262.27</gpxtpx:bearing><gpxtpx:speed>24.536293</gpxtpx:speed></gpxtpx:TrackPointExtension></extensions><geoidheight>-26.1</geoidheight><src>gps</src><sat>17</sat><hdop>0.64</hdop><vdop>0.84</vdop><pdop>1.05</pdop><dgpsid>0000</dgpsid></trkpt>
<trkpt lat="32.273169833333334" lon="-106.9139555"><ele>1351.0</ele><time>2025-12-11T00:31:04.000Z</time><extensions><gpxtpx:TrackPointExtension><gpxtpx:bearing>262.77</gpxtpx:bearing><gpxtpx:speed>25.082928</gpxtpx:speed></gpxtpx:TrackPointExtension></extensions><geoidheight>-26.1</geoidheight><src>gps</src><sat>16</sat><hdop>0.66</hdop><vdop>0.84</vdop><pdop>1.07</pdop><dgpsid>0000</dgpsid></trkpt>
<trkpt lat="32.27283633333333" lon="-106.9168765"><ele>1353.3</ele><time>2025-12-11T00:31:15.000Z</time><extensions><gpxtpx:TrackPointExtension><gpxtpx:bearing>261.96</gpxtpx:bearing><gpxtpx:speed>25.362938</gpxtpx:speed></gpxtpx:TrackPointExtension></extensions><geoidheight>-26.1</geoidheight><src>gps</src><sat>16</sat><hdop>0.66</hdop><vdop>0.84</vdop><pdop>1.07</pdop><dgpsid>0000</dgpsid></trkpt>
<trkpt lat="32.27249483333333" lon="-106.91985366666668"><ele>1352.3</ele><time>2025-12-11T00:31:26.000Z</time><extensions><gpxtpx:TrackPointExtension><gpxtpx:bearing>262.59</gpxtpx:bearing><gpxtpx:speed>26.233334</gpxtpx:speed></gpxtpx:TrackPointExtension></extensions><geoidheight>-26.1</geoidheight><src>gps</src><sat>16</sat><hdop>0.77</hdop><vdop>1.01</vdop><pdop>1.26</pdop><dgpsid>0000</dgpsid></trkpt>
<trkpt lat="32.27214266666667" lon="-106.92292833333335"><ele>1350.9</ele><time>2025-12-11T00:31:37.000Z</time><extensions><gpxtpx:TrackPointExtension><gpxtpx:bearing>262.35</gpxtpx:bearing><gpxtpx:speed>26.854603</gpxtpx:speed></gpxtpx:TrackPointExtension></extensions><geoidheight>-26.1</geoidheight><src>gps</src><sat>15</sat><hdop>0.66</hdop><vdop>0.84</vdop><pdop>1.06</pdop><dgpsid>0000</dgpsid></trkpt>
<trkpt lat="32.271784000000004" lon="-106.92603516666668"><ele>1350.6</ele><time>2025-12-11T00:31:48.000Z</time><extensions><gpxtpx:TrackPointExtension><gpxtpx:bearing>262.17</gpxtpx:bearing><gpxtpx:speed>26.810337</gpxtpx:speed></gpxtpx:TrackPointExtension></extensions><geoidheight>-26.1</geoidheight><src>gps</src><sat>16</sat><hdop>0.66</hdop><vdop>0.84</vdop><pdop>1.06</pdop><dgpsid>0000</dgpsid></trkpt>
<trkpt lat="32.271437500000005" lon="-106.92909833333333"><ele>1352.4</ele><time>2025-12-11T00:31:59.000Z</time><extensions><gpxtpx:TrackPointExtension><gpxtpx:bearing>262.26</gpxtpx:bearing><gpxtpx:speed>26.342453</gpxtpx:speed></gpxtpx:TrackPointExtension></extensions><geoidheight>-26.1</geoidheight><src>gps</src><sat>16</sat><hdop>0.66</hdop><vdop>0.84</vdop><pdop>1.06</pdop><dgpsid>0000</dgpsid></trkpt>
<trkpt lat="32.271086833333335" lon="-106.932151"><ele>1353.7</ele><time>2025-12-11T00:32:10.000Z</time><extensions><gpxtpx:TrackPointExtension><gpxtpx:bearing>261.98</gpxtpx:bearing><gpxtpx:speed>26.63533</gpxtpx:speed></gpxtpx:TrackPointExtension></extensions><geoidheight>-26.1</geoidheight><src>gps</src><sat>16</sat><hdop>0.66</hdop><vdop>0.84</vdop><pdop>1.06</pdop><dgpsid>0000</dgpsid></trkpt>
<trkpt lat="32.27073583333333" lon="-106.93522383333332"><ele>1354.6</ele><time>2025-12-11T00:32:21.000Z</time><extensions><gpxtpx:TrackPointExtension><gpxtpx:bearing>261.91</gpxtpx:bearing><gpxtpx:speed>26.496355</gpxtpx:speed></gpxtpx:TrackPointExtension></extensions><geoidheight>-26.1</geoidheight><src>gps</src><sat>15</sat><hdop>0.66</hdop><vdop>0.84</vdop><pdop>1.06</pdop><dgpsid>0000</dgpsid></trkpt>
<trkpt lat="32.270381" lon="-106.93829683333334"><ele>1355.5</ele><time>2025-12-11T00:32:32.000Z</time><extensions><gpxtpx:TrackPointExtension><gpxtpx:bearing>262.12</gpxtpx:bearing><gpxtpx:speed>26.823719</gpxtpx:speed></gpxtpx:TrackPointExtension></extensions><geoidheight>-26.1</geoidheight><src>gps</src><sat>16</sat><hdop>0.66</hdop><vdop>0.84</vdop><pdop>1.06</pdop><dgpsid>0000</dgpsid></trkpt>
<trkpt lat="32.2700265" lon="-106.94139500000001"><ele>1356.4</ele><time>2025-12-11T00:32:43.000Z</time><extensions><gpxtpx:TrackPointExtension><gpxtpx:bearing>262.22</gpxtpx:bearing><gpxtpx:speed>26.871073</gpxtpx:speed></gpxtpx:TrackPointExtension></extensions><geoidheight>-26.1</geoidheight><src>gps</src><sat>16</sat><hdop>0.66</hdop><vdop>0.84</vdop><pdop>1.06</pdop><dgpsid>0000</dgpsid></trkpt>
<trkpt lat="32.269671499999994" lon="-106.94450166666665"><ele>1356.6</ele><time>2025-12-11T00:32:54.000Z</time><extensions><gpxtpx:TrackPointExtension><gpxtpx:bearing>262.27</gpxtpx:bearing><gpxtpx:speed>26.915854</gpxtpx:speed></gpxtpx:TrackPointExtension></extensions><geoidheight>-26.1</geoidheight><src>gps</src><sat>17</sat><hdop>0.64</hdop><vdop>0.84</vdop><pdop>1.05</pdop><dgpsid>0000</dgpsid></trkpt>
<trkpt lat="32.269315666666664" lon="-106.94761933333332"><ele>1355.4</ele><time>2025-12-11T00:33:05.000Z</time><extensions><gpxtpx:TrackPointExtension><gpxtpx:bearing>262.66</gpxtpx:bearing><gpxtpx:speed>27.049683</gpxtpx:speed></gpxtpx:TrackPointExtension></extensions><geoidheight>-26.1</geoidheight><src>gps</src><sat>17</sat><hdop>0.64</hdop><vdop>0.84</vdop><pdop>1.05</pdop><dgpsid>0000</dgpsid></trkpt>
<trkpt lat="32.26895666666667" lon="-106.95075200000001"><ele>1353.8</ele><time>2025-12-11T00:33:16.000Z</time><extensions><gpxtpx:TrackPointExtension><gpxtpx:bearing>262.37</gpxtpx:bearing><gpxtpx:speed>27.157259</gpxtpx:speed></gpxtpx:TrackPointExtension></extensions><geoidheight>-26.1</geoidheight><src>gps</src><sat>17</sat><hdop>0.64</hdop><vdop>0.84</vdop><pdop>1.05</pdop><dgpsid>0000</dgpsid></trkpt>
<trkpt lat="32.26859566666667" lon="-106.95388650000001"><ele>1352.6</ele><time>2025-12-11T00:33:27.000Z</time><extensions><gpxtpx:TrackPointExtension><gpxtpx:bearing>262.37</gpxtpx:bearing><gpxtpx:speed>27.09961</gpxtpx:speed></gpxtpx:TrackPointExtension></extensions><geoidheight>-26.1</geoidheight><src>gps</src><sat>17</sat><hdop>0.64</hdop><vdop>0.84</vdop><pdop>1.05</pdop><dgpsid>0000</dgpsid></trkpt>
<trkpt lat="32.26823866666667" lon="-106.9570145"><ele>1353.1</ele><time>2025-12-11T00:33:38.000Z</time><extensions><gpxtpx:TrackPointExtension><gpxtpx:bearing>262.55</gpxtpx:bearing><gpxtpx:speed>27.00902</gpxtpx:speed></gpxtpx:TrackPointExtension></extensions><geoidheight>-26.1</geoidheight><src>gps</src><sat>16</sat><hdop>0.66</hdop><vdop>0.84</vdop><pdop>1.06</pdop><dgpsid>0000</dgpsid></trkpt>
<trkpt lat="32.2678785" lon="-106.96013966666666"><ele>1354.0</ele><time>2025-12-11T00:33:49.000Z</time><extensions><gpxtpx:TrackPointExtension><gpxtpx:bearing>262.31</gpxtpx:bearing><gpxtpx:speed>27.031153</gpxtpx:speed></gpxtpx:TrackPointExtension></extensions><geoidheight>-26.1</geoidheight><src>gps</src><sat>16</sat><hdop>0.66</hdop><vdop>0.84</vdop><pdop>1.06</pdop><dgpsid>0000</dgpsid></trkpt>
<trkpt lat="32.267519" lon="-106.9632825"><ele>1355.3</ele><time>2025-12-11T00:34:00.000Z</time><extensions><gpxtpx:TrackPointExtension><gpxtpx:bearing>262.25</gpxtpx:bearing><gpxtpx:speed>27.27822</gpxtpx:speed></gpxtpx:TrackPointExtension></extensions><geoidheight>-26.1</geoidheight><src>gps</src><sat>17</sat><hdop>0.64</hdop><vdop>0.84</vdop><pdop>1.05</pdop><dgpsid>0000</dgpsid></trkpt>
<trkpt lat="32.267153" lon="-106.96646666666666"><ele>1356.4</ele><time>2025-12-11T00:34:11.000Z</time><extensions><gpxtpx:TrackPointExtension><gpxtpx:bearing>262.35</gpxtpx:bearing><gpxtpx:speed>27.867062</gpxtpx:speed></gpxtpx:TrackPointExtension></extensions><geoidheight>-26.1</geoidheight><src>gps</src><sat>16</sat><hdop>0.66</hdop><vdop>0.88</vdop><pdop>1.10</pdop><dgpsid>0000</dgpsid></trkpt>
<trkpt lat="32.26677983333333" lon="-106.96968766666666"><ele>1356.7</ele><time>2025-12-11T00:34:22.000Z</time><extensions><gpxtpx:TrackPointExtension><gpxtpx:bearing>262.16</gpxtpx:bearing><gpxtpx:speed>27.607641</gpxtpx:speed></gpxtpx:TrackPointExtension></extensions><geoidheight>-26.1</geoidheight><src>gps</src><sat>17</sat><hdop>0.64</hdop><vdop>0.84</vdop><pdop>1.05</pdop><dgpsid>0000</dgpsid></trkpt>
<trkpt lat="32.26641883333333" lon="-106.97286016666666"><ele>1357.9</ele><time>2025-12-11T00:34:33.000Z</time><extensions><gpxtpx:TrackPointExtension><gpxtpx:bearing>262.4</gpxtpx:bearing><gpxtpx:speed>27.602493</gpxtpx:speed></gpxtpx:TrackPointExtension></extensions><geoidheight>-26.1</geoidheight><src>gps</src><sat>17</sat><hdop>0.64</hdop><vdop>0.84</vdop><pdop>1.05</pdop><dgpsid>0000</dgpsid></trkpt>
<trkpt lat="32.2660475" lon="-106.97606416666667"><ele>1358.9</ele><time>2025-12-11T00:34:44.000Z</time><extensions><gpxtpx:TrackPointExtension><gpxtpx:bearing>262.48</gpxtpx:bearing><gpxtpx:speed>27.865002</gpxtpx:speed></gpxtpx:TrackPointExtension></extensions><geoidheight>-26.1</geoidheight><src>gps</src><sat>17</sat><hdop>0.64</hdop><vdop>0.84</vdop><pdop>1.05</pdop><dgpsid>0000</dgpsid></trkpt>
<trkpt lat="32.265673666666665" lon="-106.97932666666665"><ele>1358.7</ele><time>2025-12-11T00:34:55.000Z</time><extensions><gpxtpx:TrackPointExtension><gpxtpx:bearing>262.26</gpxtpx:bearing><gpxtpx:speed>28.344208</gpxtpx:speed></gpxtpx:TrackPointExtension></extensions><geoidheight>-26.1</geoidheight><src>gps</src><sat>17</sat><hdop>0.64</hdop><vdop>0.84</vdop><pdop>1.05</pdop><dgpsid>0000</dgpsid></trkpt>
<trkpt lat="32.265302166666665" lon="-106.98257933333335"><ele>1356.9</ele><time>2025-12-11T00:35:06.000Z</time><extensions><gpxtpx:TrackPointExtension><gpxtpx:bearing>262.38</gpxtpx:bearing><gpxtpx:speed>28.089935</gpxtpx:speed></gpxtpx:TrackPointExtension></extensions><geoidheight>-26.1</geoidheight><src>gps</src><sat>17</sat><hdop>0.64</hdop><vdop>0.84</vdop><pdop>1.05</pdop><dgpsid>0000</dgpsid></trkpt>
<trkpt lat="32.264928833333336" lon="-106.98582683333333"><ele>1355.9</ele><time>2025-12-11T00:35:17.000Z</time><extensions><gpxtpx:TrackPointExtension><gpxtpx:bearing>262.39</gpxtpx:bearing><gpxtpx:speed>28.142952</gpxtpx:speed></gpxtpx:TrackPointExtension></extensions><geoidheight>-26.1</geoidheight><src>gps</src><sat>17</sat><hdop>0.64</hdop><vdop>0.84</vdop><pdop>1.05</pdop><dgpsid>0000</dgpsid></trkpt>
<trkpt lat="32.264550500000006" lon="-106.98908816666666"><ele>1355.4</ele><time>2025-12-11T00:35:28.000Z</time><extensions><gpxtpx:TrackPointExtension><gpxtpx:bearing>262.32</gpxtpx:bearing><gpxtpx:speed>28.345238</gpxtpx:speed></gpxtpx:TrackPointExtension></extensions><geoidheight>-26.1</geoidheight><src>gps</src><sat>17</sat><hdop>0.64</hdop><vdop>0.83</vdop><pdop>1.05</pdop><dgpsid>0000</dgpsid></trkpt>
<trkpt lat="32.26417716666666" lon="-106.99235983333334"><ele>1354.4</ele><time>2025-12-11T00:35:39.000Z</time><extensions><gpxtpx:TrackPointExtension><gpxtpx:bearing>262.07</gpxtpx:bearing><gpxtpx:speed>28.242807</gpxtpx:speed></gpxtpx:TrackPointExtension></extensions><geoidheight>-26.1</geoidheight><src>gps</src><sat>17</sat><hdop>0.64</hdop><vdop>0.83</vdop><pdop>1.05</pdop><dgpsid>0000</dgpsid></trkpt>
<trkpt lat="32.26380016666667" lon="-106.99559983333332"><ele>1353.9</ele><time>2025-12-11T00:35:50.000Z</time><extensions><gpxtpx:TrackPointExtension><gpxtpx:bearing>262.23</gpxtpx:bearing><gpxtpx:speed>27.849047</gpxtpx:speed></gpxtpx:TrackPointExtension></extensions><geoidheight>-26.1</geoidheight><src>gps</src><sat>17</sat><hdop>0.64</hdop><vdop>0.83</vdop><pdop>1.05</pdop><dgpsid>0000</dgpsid></trkpt>
<trkpt lat="32.26343833333333" lon="-106.99877583333334"><ele>1353.3</ele><time>2025-12-11T00:36:01.000Z</time><extensions><gpxtpx:TrackPointExtension><gpxtpx:bearing>262.18</gpxtpx:bearing><gpxtpx:speed>27.809412</gpxtpx:speed></gpxtpx:TrackPointExtension></extensions><geoidheight>-26.1</geoidheight><src>gps</src><sat>17</sat><hdop>0.64</hdop><vdop>0.83</vdop><pdop>1.05</pdop><dgpsid>0000</dgpsid></trkpt>
<trkpt lat="32.26307216666667" lon="-107.00193149999998"><ele>1352.8</ele><time>2025-12-11T00:36:12.000Z</time><extensions><gpxtpx:TrackPointExtension><gpxtpx:bearing>262.17</gpxtpx:bearing><gpxtpx:speed>26.351719</gpxtpx:speed></gpxtpx:TrackPointExtension></extensions><geoidheight>-26.1</geoidheight><src>gps</src><sat>17</sat><hdop>0.64</hdop><vdop>0.83</vdop><pdop>1.05</pdop><dgpsid>0000</dgpsid></trkpt>
<trkpt lat="32.262723" lon="-107.00499233333333"><ele>1353.6</ele><time>2025-12-11T00:36:23.000Z</time><extensions><gpxtpx:TrackPointExtension><gpxtpx:bearing>262.28</gpxtpx:bearing><gpxtpx:speed>26.744452</gpxtpx:speed></gpxtpx:TrackPointExtension></extensions><geoidheight>-26.1</geoidheight><src>gps</src><sat>17</sat><hdop>0.64</hdop><vdop>0.83</vdop><pdop>1.05</pdop><dgpsid>0000</dgpsid></trkpt>
<trkpt lat="32.262378" lon="-107.00809249999999"><ele>1355.5</ele><time>2025-12-11T00:36:34.000Z</time><extensions><gpxtpx:TrackPointExtension><gpxtpx:bearing>263.13</gpxtpx:bearing><gpxtpx:speed>27.314249</gpxtpx:speed></gpxtpx:TrackPointExtension></extensions><geoidheight>-26.1</geoidheight><src>gps</src><sat>17</sat><hdop>0.64</hdop><vdop>0.83</vdop><pdop>1.05</pdop><dgpsid>0000</dgpsid></trkpt>
<trkpt lat="32.26211216666666" lon="-107.01129799999998"><ele>1356.4</ele><time>2025-12-11T00:36:45.000Z</time><extensions><gpxtpx:TrackPointExtension><gpxtpx:bearing>265.63</gpxtpx:bearing><gpxtpx:speed>27.98802</gpxtpx:speed></gpxtpx:TrackPointExtension></extensions><geoidheight>-26.1</geoidheight><src>gps</src><sat>16</sat><hdop>0.66</hdop><vdop>0.84</vdop><pdop>1.06</pdop><dgpsid>0000</dgpsid></trkpt>
<trkpt lat="32.2619465" lon="-107.01453283333333"><ele>1355.6</ele><time>2025-12-11T00:36:56.000Z</time><extensions><gpxtpx:TrackPointExtension><gpxtpx:bearing>266.98</gpxtpx:bearing><gpxtpx:speed>27.470724</gpxtpx:speed></gpxtpx:TrackPointExtension></extensions><geoidheight>-26.1</geoidheight><src>gps</src><sat>16</sat><hdop>0.66</hdop><vdop>0.83</vdop><pdop>1.06</pdop><dgpsid>0000</dgpsid></trkpt>
<trkpt lat="32.2617295" lon="-107.01770966666666"><ele>1356.0</ele><time>2025-12-11T00:37:07.000Z</time><extensions><gpxtpx:TrackPointExtension><gpxtpx:bearing>264.45</gpxtpx:bearing><gpxtpx:speed>27.214394</gpxtpx:speed></gpxtpx:TrackPointExtension></extensions><geoidheight>-26.1</geoidheight><src>gps</src><sat>16</sat><hdop>0.66</hdop><vdop>0.83</vdop><pdop>1.06</pdop><dgpsid>0000</dgpsid></trkpt>
<trkpt lat="32.26140216666667" lon="-107.02085783333332"><ele>1356.4</ele><time>2025-12-11T00:37:18.000Z</time><extensions><gpxtpx:TrackPointExtension><gpxtpx:bearing>262.26</gpxtpx:bearing><gpxtpx:speed>27.161377</gpxtpx:speed></gpxtpx:TrackPointExtension></extensions><geoidheight>-26.1</geoidheight><src>gps</src><sat>17</sat><hdop>0.64</hdop><vdop>0.83</vdop><pdop>1.05</pdop><dgpsid>0000</dgpsid></trkpt>
<trkpt lat="32.261038" lon="-107.024003"><ele>1355.1</ele><time>2025-12-11T00:37:29.000Z</time><extensions><gpxtpx:TrackPointExtension><gpxtpx:bearing>262.4</gpxtpx:bearing><gpxtpx:speed>27.366236</gpxtpx:speed></gpxtpx:TrackPointExtension></extensions><geoidheight>-26.1</geoidheight><src>gps</src><sat>16</sat><hdop>0.64</hdop><vdop>0.83</vdop><pdop>1.05</pdop><dgpsid>0000</dgpsid></trkpt>
<trkpt lat="32.260668499999994" lon="-107.02719883333333"><ele>1355.1</ele><time>2025-12-11T00:37:40.000Z</time><extensions><gpxtpx:TrackPointExtension><gpxtpx:bearing>262.34</gpxtpx:bearing><gpxtpx:speed>27.634922</gpxtpx:speed></gpxtpx:TrackPointExtension></extensions><geoidheight>-26.1</geoidheight><src>gps</src><sat>16</sat><hdop>0.66</hdop><vdop>0.84</vdop><pdop>1.06</pdop><dgpsid>0000</dgpsid></trkpt>
<trkpt lat="32.2603005" lon="-107.03036583333332"><ele>1356.2</ele><time>2025-12-11T00:37:51.000Z</time><extensions><gpxtpx:TrackPointExtension><gpxtpx:bearing>262.3</gpxtpx:bearing><gpxtpx:speed>27.011593</gpxtpx:speed></gpxtpx:TrackPointExtension></extensions><geoidheight>-26.1</geoidheight><src>gps</src><sat>16</sat><hdop>0.66</hdop><vdop>0.84</vdop><pdop>1.06</pdop><dgpsid>0000</dgpsid></trkpt>
<trkpt lat="32.259947499999996" lon="-107.03342900000001"><ele>1357.1</ele><time>2025-12-11T00:38:02.000Z</time><extensions><gpxtpx:TrackPointExtension><gpxtpx:bearing>262.22</gpxtpx:bearing><gpxtpx:speed>26.336792</gpxtpx:speed></gpxtpx:TrackPointExtension></extensions><geoidheight>-26.1</geoidheight><src>gps</src><sat>16</sat><hdop>0.66</hdop><vdop>0.84</vdop><pdop>1.06</pdop><dgpsid>0000</dgpsid></trkpt>
<trkpt lat="32.259599" lon="-107.03647916666665"><ele>1356.7</ele><time>2025-12-11T00:38:13.000Z</time><extensions><gpxtpx:TrackPointExtension><gpxtpx:bearing>262.35</gpxtpx:bearing><gpxtpx:speed>26.500988</gpxtpx:speed></gpxtpx:TrackPointExtension></extensions><geoidheight>-26.2</geoidheight><src>gps</src><sat>16</sat><hdop>0.66</hdop><vdop>0.83</vdop><pdop>1.06</pdop><dgpsid>0000</dgpsid></trkpt>
<trkpt lat="32.25925133333333" lon="-107.03953566666665"><ele>1355.4</ele><time>2025-12-11T00:38:24.000Z</time><extensions><gpxtpx:TrackPointExtension><gpxtpx:bearing>262.22</gpxtpx:bearing><gpxtpx:speed>26.507679</gpxtpx:speed></gpxtpx:TrackPointExtension></extensions><geoidheight>-26.2</geoidheight><src>gps</src><sat>16</sat><hdop>0.67</hdop><vdop>0.84</vdop><pdop>1.07</pdop><dgpsid>0000</dgpsid></trkpt>
<trkpt lat="32.258888" lon="-107.04261066666668"><ele>1355.2</ele><time>2025-12-11T00:38:35.000Z</time><extensions><gpxtpx:TrackPointExtension><gpxtpx:bearing>262.49</gpxtpx:bearing><gpxtpx:speed>26.706362</gpxtpx:speed></gpxtpx:TrackPointExtension></extensions><geoidheight>-26.2</geoidheight><src>gps</src><sat>16</sat><hdop>0.66</hdop><vdop>0.83</vdop><pdop>1.06</pdop><dgpsid>0000</dgpsid></trkpt>
<trkpt lat="32.25853683333333" lon="-107.04570533333332"><ele>1354.1</ele><time>2025-12-11T00:38:46.000Z</time><extensions><gpxtpx:TrackPointExtension><gpxtpx:bearing>262.18</gpxtpx:bearing><gpxtpx:speed>26.68114</gpxtpx:speed></gpxtpx:TrackPointExtension></extensions><geoidheight>-26.2</geoidheight><src>gps</src><sat>16</sat><hdop>0.66</hdop><vdop>0.83</vdop><pdop>1.06</pdop><dgpsid>0000</dgpsid></trkpt>
<trkpt lat="32.258184666666665" lon="-107.04878816666665"><ele>1352.5</ele><time>2025-12-11T00:38:57.000Z</time><extensions><gpxtpx:TrackPointExtension><gpxtpx:bearing>262.25</gpxtpx:bearing><gpxtpx:speed>26.726437</gpxtpx:speed></gpxtpx:TrackPointExtension></extensions><geoidheight>-26.2</geoidheight><src>gps</src><sat>16</sat><hdop>0.64</hdop><vdop>0.83</vdop><pdop>1.05</pdop><dgpsid>0000</dgpsid></trkpt>
<trkpt lat="32.257825499999996" lon="-107.05189399999999"><ele>1349.7</ele><time>2025-12-11T00:39:08.000Z</time><extensions><gpxtpx:TrackPointExtension><gpxtpx:bearing>262.16</gpxtpx:bearing><gpxtpx:speed>27.073359</gpxtpx:speed></gpxtpx:TrackPointExtension></extensions><geoidheight>-26.2</geoidheight><src>gps</src><sat>17</sat><hdop>0.64</hdop><vdop>0.83</vdop><pdop>1.05</pdop><dgpsid>0000</dgpsid></trkpt>
<trkpt lat="32.257467" lon="-107.05503866666668"><ele>1345.3</ele><time>2025-12-11T00:39:19.000Z</time><extensions><gpxtpx:TrackPointExtension><gpxtpx:bearing>262.24</gpxtpx:bearing><gpxtpx:speed>27.154171</gpxtpx:speed></gpxtpx:TrackPointExtension></extensions><geoidheight>-26.2</geoidheight><src>gps</src><sat>17</sat><hdop>0.64</hdop><vdop>0.83</vdop><pdop>1.05</pdop><dgpsid>0000</dgpsid></trkpt>
<trkpt lat="32.257100666666666" lon="-107.05816600000001"><ele>1343.1</ele><time>2025-12-11T00:39:30.000Z</time><extensions><gpxtpx:TrackPointExtension><gpxtpx:bearing>262.32</gpxtpx:bearing><gpxtpx:speed>26.899384</gpxtpx:speed></gpxtpx:TrackPointExtension></extensions><geoidheight>-26.2</geoidheight><src>gps</src><sat>17</sat><hdop>0.64</hdop><vdop>0.83</vdop><pdop>1.05</pdop><dgpsid>0000</dgpsid></trkpt>
<trkpt lat="32.2567485" lon="-107.06122816666667"><ele>1345.1</ele><time>2025-12-11T00:39:41.000Z</time><extensions><gpxtpx:TrackPointExtension><gpxtpx:bearing>262.2</gpxtpx:bearing><gpxtpx:speed>26.381573</gpxtpx:speed></gpxtpx:TrackPointExtension></extensions><geoidheight>-26.2</geoidheight><src>gps</src><sat>17</sat><hdop>0.64</hdop><vdop>0.83</vdop><pdop>1.05</pdop><dgpsid>0000</dgpsid></trkpt>
<trkpt lat="32.25639966666667" lon="-107.06428550000001"><ele>1345.3</ele><time>2025-12-11T00:39:52.000Z</time><extensions><gpxtpx:TrackPointExtension><gpxtpx:bearing>261.81</gpxtpx:bearing><gpxtpx:speed>26.895266</gpxtpx:speed></gpxtpx:TrackPointExtension></extensions><geoidheight>-26.2</geoidheight><src>gps</src><sat>16</sat><hdop>0.64</hdop><vdop>0.83</vdop><pdop>1.05</pdop><dgpsid>0000</dgpsid></trkpt>
<trkpt lat="32.25604516666667" lon="-107.06742483333333"><ele>1344.9</ele><time>2025-12-11T00:40:03.000Z</time><extensions><gpxtpx:TrackPointExtension><gpxtpx:bearing>262.2</gpxtpx:bearing><gpxtpx:speed>27.249908</gpxtpx:speed></gpxtpx:TrackPointExtension></extensions><geoidheight>-26.2</geoidheight><src>gps</src><sat>16</sat><hdop>0.66</hdop><vdop>0.88</vdop><pdop>1.10</pdop><dgpsid>0000</dgpsid></trkpt>
<trkpt lat="32.255682666666665" lon="-107.070578"><ele>1343.8</ele><time>2025-12-11T00:40:14.000Z</time><extensions><gpxtpx:TrackPointExtension><gpxtpx:bearing>262.04</gpxtpx:bearing><gpxtpx:speed>27.28594</gpxtpx:speed></gpxtpx:TrackPointExtension></extensions><geoidheight>-26.2</geoidheight><src>gps</src><sat>16</sat><hdop>0.66</hdop><vdop>0.88</vdop><pdop>1.10</pdop><dgpsid>0000</dgpsid></trkpt>
<trkpt lat="32.255319500000006" lon="-107.07372766666667"><ele>1342.7</ele><time>2025-12-11T00:40:25.000Z</time><extensions><gpxtpx:TrackPointExtension><gpxtpx:bearing>262.21</gpxtpx:bearing><gpxtpx:speed>27.239614</gpxtpx:speed></gpxtpx:TrackPointExtension></extensions><geoidheight>-26.2</geoidheight><src>gps</src><sat>16</sat><hdop>0.66</hdop><vdop>0.88</vdop><pdop>1.10</pdop><dgpsid>0000</dgpsid></trkpt>
<trkpt lat="32.25495683333334" lon="-107.07685233333335"><ele>1341.9</ele><time>2025-12-11T00:40:36.000Z</time><extensions><gpxtpx:TrackPointExtension><gpxtpx:bearing>262.24</gpxtpx:bearing><gpxtpx:speed>26.927177</gpxtpx:speed></gpxtpx:TrackPointExtension></extensions><geoidheight>-26.2</geoidheight><src>gps</src><sat>16</sat><hdop>0.66</hdop><vdop>0.88</vdop><pdop>1.10</pdop><dgpsid>0000</dgpsid></trkpt>
<trkpt lat="32.25459633333333" lon="-107.07996066666668"><ele>1341.4</ele><time>2025-12-11T00:40:47.000Z</time><extensions><gpxtpx:TrackPointExtension><gpxtpx:bearing>262.44</gpxtpx:bearing><gpxtpx:speed>26.98946</gpxtpx:speed></gpxtpx:TrackPointExtension></extensions><geoidheight>-26.2</geoidheight><src>gps</src><sat>16</sat><hdop>0.66</hdop><vdop>0.88</vdop><pdop>1.10</pdop><dgpsid>0000</dgpsid></trkpt>
<trkpt lat="32.25423283333334" lon="-107.08309766666667"><ele>1340.5</ele><time>2025-12-11T00:40:58.000Z</time><extensions><gpxtpx:TrackPointExtension><gpxtpx:bearing>262.55</gpxtpx:bearing><gpxtpx:speed>27.446533</gpxtpx:speed></gpxtpx:TrackPointExtension></extensions><geoidheight>-26.2</geoidheight><src>gps</src><sat>16</sat><hdop>0.66</hdop><vdop>0.88</vdop><pdop>1.10</pdop><dgpsid>0000</dgpsid></trkpt>
<trkpt lat="32.253862000000005" lon="-107.08630583333334"><ele>1338.8</ele><time>2025-12-11T00:41:09.000Z</time><extensions><gpxtpx:TrackPointExtension><gpxtpx:bearing>262.26</gpxtpx:bearing><gpxtpx:speed>27.937578</gpxtpx:speed></gpxtpx:TrackPointExtension></extensions><geoidheight>-26.2</geoidheight><src>gps</src><sat>15</sat><hdop>0.68</hdop><vdop>0.88</vdop><pdop>1.11</pdop><dgpsid>0000</dgpsid></trkpt>
<trkpt lat="32.2534895" lon="-107.08950833333334"><ele>1338.4</ele><time>2025-12-11T00:41:20.000Z</time><extensions><gpxtpx:TrackPointExtension><gpxtpx:bearing>262.39</gpxtpx:bearing><gpxtpx:speed>27.376017</gpxtpx:speed></gpxtpx:TrackPointExtension></extensions><geoidheight>-26.2</geoidheight><src>gps</src><sat>16</sat><hdop>0.66</hdop><vdop>0.88</vdop><pdop>1.10</pdop><dgpsid>0000</dgpsid></trkpt>
<trkpt lat="32.25313033333334" lon="-107.09262249999999"><ele>1340.1</ele><time>2025-12-11T00:41:31.000Z</time><extensions><gpxtpx:TrackPointExtension><gpxtpx:bearing>262.19</gpxtpx:bearing><gpxtpx:speed>26.682686</gpxtpx:speed></gpxtpx:TrackPointExtension></extensions><geoidheight>-26.2</geoidheight><src>gps</src><sat>16</sat><hdop>0.66</hdop><vdop>0.88</vdop><pdop>1.10</pdop><dgpsid>0000</dgpsid></trkpt>
<trkpt lat="32.25278166666667" lon="-107.09567933333334"><ele>1340.0</ele><time>2025-12-11T00:41:42.000Z</time><extensions><gpxtpx:TrackPointExtension><gpxtpx:bearing>262.22</gpxtpx:bearing><gpxtpx:speed>26.104137</gpxtpx:speed></gpxtpx:TrackPointExtension></extensions><geoidheight>-26.2</geoidheight><src>gps</src><sat>16</sat><hdop>0.66</hdop><vdop>0.88</vdop><pdop>1.10</pdop><dgpsid>0000</dgpsid></trkpt>
<trkpt lat="32.252446166666665" lon="-107.09855766666666"><ele>1340.0</ele><time>2025-12-11T00:41:53.000Z</time><extensions><gpxtpx:TrackPointExtension><gpxtpx:bearing>262.14</gpxtpx:bearing><gpxtpx:speed>24.301065</gpxtpx:speed></gpxtpx:TrackPointExtension></extensions><geoidheight>-26.2</geoidheight><src>gps</src><sat>16</sat><hdop>0.66</hdop><vdop>0.88</vdop><pdop>1.10</pdop><dgpsid>0000</dgpsid></trkpt>
<trkpt lat="32.25212633333333" lon="-107.10134433333333"><ele>1339.9</ele><time>2025-12-11T00:42:04.000Z</time><extensions><gpxtpx:TrackPointExtension><gpxtpx:bearing>261.99</gpxtpx:bearing><gpxtpx:speed>24.220768</gpxtpx:speed></gpxtpx:TrackPointExtension></extensions><geoidheight>-26.2</geoidheight><src>gps</src><sat>16</sat><hdop>0.66</hdop><vdop>0.88</vdop><pdop>1.10</pdop><dgpsid>0000</dgpsid></trkpt>
<trkpt lat="32.251797" lon="-107.10418733333333"><ele>1340.2</ele><time>2025-12-11T00:42:15.000Z</time><extensions><gpxtpx:TrackPointExtension><gpxtpx:bearing>262.55</gpxtpx:bearing><gpxtpx:speed>24.772036</gpxtpx:speed></gpxtpx:TrackPointExtension></extensions><geoidheight>-26.2</geoidheight><src>gps</src><sat>16</sat><hdop>0.66</hdop><vdop>0.88</vdop><pdop>1.10</pdop><dgpsid>0000</dgpsid></trkpt>
<trkpt lat="32.25146433333334" lon="-107.10704483333332"><ele>1339.9</ele><time>2025-12-11T00:42:26.000Z</time><extensions><gpxtpx:TrackPointExtension><gpxtpx:bearing>262.42</gpxtpx:bearing><gpxtpx:speed>24.80498</gpxtpx:speed></gpxtpx:TrackPointExtension></extensions><geoidheight>-26.2</geoidheight><src>gps</src><sat>16</sat><hdop>0.66</hdop><vdop>0.88</vdop><pdop>1.10</pdop><dgpsid>0000</dgpsid></trkpt>
<trkpt lat="32.25113733333333" lon="-107.10991700000001"><ele>1339.5</ele><time>2025-12-11T00:42:37.000Z</time><extensions><gpxtpx:TrackPointExtension><gpxtpx:bearing>262.76</gpxtpx:bearing><gpxtpx:speed>24.869833</gpxtpx:speed></gpxtpx:TrackPointExtension></extensions><geoidheight>-26.2</geoidheight><src>gps</src><sat>16</sat><hdop>0.66</hdop><vdop>0.88</vdop><pdop>1.10</pdop><dgpsid>0000</dgpsid></trkpt>
<trkpt lat="32.25079366666667" lon="-107.112862"><ele>1338.0</ele><time>2025-12-11T00:42:48.000Z</time><extensions><gpxtpx:TrackPointExtension><gpxtpx:bearing>262.57</gpxtpx:bearing><gpxtpx:speed>25.967735</gpxtpx:speed></gpxtpx:TrackPointExtension></extensions><geoidheight>-26.2</geoidheight><src>gps</src><sat>16</sat><hdop>0.66</hdop><vdop>0.88</vdop><pdop>1.10</pdop><dgpsid>0000</dgpsid></trkpt>
<trkpt lat="32.250454" lon="-107.11579783333333"><ele>1336.7</ele><time>2025-12-11T00:42:59.000Z</time><extensions><gpxtpx:TrackPointExtension><gpxtpx:bearing>262.14</gpxtpx:bearing><gpxtpx:speed>23.101248</gpxtpx:speed></gpxtpx:TrackPointExtension></extensions><geoidheight>-26.2</geoidheight><src>gps</src><sat>16</sat><hdop>0.66</hdop><vdop>0.88</vdop><pdop>1.10</pdop><dgpsid>0000</dgpsid></trkpt>
<trkpt lat="32.25026783333333" lon="-107.1179455"><ele>1335.8</ele><time>2025-12-11T00:43:10.000Z</time><extensions><gpxtpx:TrackPointExtension><gpxtpx:bearing>269.17</gpxtpx:bearing><gpxtpx:speed>14.678333</gpxtpx:speed></gpxtpx:TrackPointExtension></extensions><geoidheight>-26.2</geoidheight><src>gps</src><sat>16</sat><hdop>0.66</hdop><vdop>0.88</vdop><pdop>1.10</pdop><dgpsid>0000</dgpsid></trkpt>
<trkpt lat="32.25025133333334" lon="-107.11936616666665"><ele>1335.6</ele><time>2025-12-11T00:43:21.000Z</time><extensions><gpxtpx:TrackPointExtension><gpxtpx:bearing>269.24</gpxtpx:bearing><gpxtpx:speed>10.5554085</gpxtpx:speed></gpxtpx:TrackPointExtension></extensions><geoidheight>-26.2</geoidheight><src>gps</src><sat>16</sat><hdop>0.66</hdop><vdop>0.88</vdop><pdop>1.10</pdop><dgpsid>0000</dgpsid></trkpt>
<trkpt lat="32.2502655" lon="-107.12024583333331"><ele>1335.8</ele><time>2025-12-11T00:43:32.000Z</time><extensions><gpxtpx:TrackPointExtension><gpxtpx:bearing>274.27</gpxtpx:bearing><gpxtpx:speed>3.1784098</gpxtpx:speed></gpxtpx:TrackPointExtension></extensions><geoidheight>-26.2</geoidheight><src>gps</src><sat>16</sat><hdop>0.66</hdop><vdop>0.88</vdop><pdop>1.10</pdop><dgpsid>0000</dgpsid></trkpt>
<trkpt lat="32.250274833333336" lon="-107.12063616666667"><ele>1335.5</ele><time>2025-12-11T00:43:43.000Z</time><extensions><gpxtpx:TrackPointExtension><gpxtpx:bearing>268.27</gpxtpx:bearing><gpxtpx:speed>3.185101</gpxtpx:speed></gpxtpx:TrackPointExtension></extensions><geoidheight>-26.2</geoidheight><src>gps</src><sat>16</sat><hdop>0.72</hdop><vdop>1.05</vdop><pdop>1.28</pdop><dgpsid>0000</dgpsid></trkpt>
<trkpt lat="32.25025783333333" lon="-107.12092499999999"><ele>1334.0</ele><time>2025-12-11T00:43:54.000Z</time><extensions><gpxtpx:TrackPointExtension><gpxtpx:speed>0.6248728</gpxtpx:speed></gpxtpx:TrackPointExtension></extensions><geoidheight>-26.2</geoidheight><src>gps</src><sat>16</sat><hdop>0.70</hdop><vdop>0.91</vdop><pdop>1.15</pdop><dgpsid>0000</dgpsid></trkpt>
<trkpt lat="32.25020216666667" lon="-107.12133549999999"><ele>1339.3</ele><time>2025-12-11T00:44:05.000Z</time><extensions><gpxtpx:TrackPointExtension><gpxtpx:bearing>261.81</gpxtpx:bearing><gpxtpx:speed>7.720319</gpxtpx:speed></gpxtpx:TrackPointExtension></extensions><geoidheight>-26.2</geoidheight><src>gps</src><sat>13</sat><hdop>0.74</hdop><vdop>0.91</vdop><pdop>1.17</pdop><dgpsid>0000</dgpsid></trkpt>
<trkpt lat="32.24985283333333" lon="-107.12279250000002"><ele>1332.5</ele><time>2025-12-11T00:44:16.000Z</time><extensions><gpxtpx:TrackPointExtension><gpxtpx:bearing>252.97</gpxtpx:bearing><gpxtpx:speed>16.14169</gpxtpx:speed></gpxtpx:TrackPointExtension></extensions><geoidheight>-26.2</geoidheight><src>gps</src><sat>16</sat><hdop>0.66</hdop><vdop>0.88</vdop><pdop>1.10</pdop><dgpsid>0000</dgpsid></trkpt>
<trkpt lat="32.24945433333333" lon="-107.12497733333333"><ele>1332.9</ele><time>2025-12-11T00:44:27.000Z</time><extensions><gpxtpx:TrackPointExtension><gpxtpx:bearing>260.56</gpxtpx:bearing><gpxtpx:speed>21.22663</gpxtpx:speed></gpxtpx:TrackPointExtension></extensions><geoidheight>-26.2</geoidheight><src>gps</src><sat>16</sat><hdop>0.66</hdop><vdop>0.88</vdop><pdop>1.10</pdop><dgpsid>0000</dgpsid></trkpt>
<trkpt lat="32.2490915" lon="-107.12767950000001"><ele>1332.9</ele><time>2025-12-11T00:44:38.000Z</time><extensions><gpxtpx:TrackPointExtension><gpxtpx:bearing>261.35</gpxtpx:bearing><gpxtpx:speed>24.899687</gpxtpx:speed></gpxtpx:TrackPointExtension></extensions><geoidheight>-26.2</geoidheight><src>gps</src><sat>16</sat><hdop>0.66</hdop><vdop>0.88</vdop><pdop>1.10</pdop><dgpsid>0000</dgpsid></trkpt>
<trkpt lat="32.248757166666664" lon="-107.1305805"><ele>1332.0</ele><time>2025-12-11T00:44:49.000Z</time><extensions><gpxtpx:TrackPointExtension><gpxtpx:bearing>262.53</gpxtpx:bearing><gpxtpx:speed>25.239405</gpxtpx:speed></gpxtpx:TrackPointExtension></extensions><geoidheight>-26.2</geoidheight><src>gps</src><sat>16</sat><hdop>0.66</hdop><vdop>0.88</vdop><pdop>1.10</pdop><dgpsid>0000</dgpsid></trkpt>
<trkpt lat="32.24841266666667" lon="-107.13354616666666"><ele>1331.3</ele><time>2025-12-11T00:45:00.000Z</time><extensions><gpxtpx:TrackPointExtension><gpxtpx:bearing>262.44</gpxtpx:bearing><gpxtpx:speed>25.638313</gpxtpx:speed></gpxtpx:TrackPointExtension></extensions><geoidheight>-26.2</geoidheight><src>gps</src><sat>16</sat><hdop>0.66</hdop><vdop>0.88</vdop><pdop>1.10</pdop><dgpsid>0000</dgpsid></trkpt>
<trkpt lat="32.248066666666666" lon="-107.136539"><ele>1331.4</ele><time>2025-12-11T00:45:11.000Z</time><extensions><gpxtpx:TrackPointExtension><gpxtpx:bearing>262.06</gpxtpx:bearing><gpxtpx:speed>26.150463</gpxtpx:speed></gpxtpx:TrackPointExtension></extensions><geoidheight>-26.2</geoidheight><src>gps</src><sat>15</sat><hdop>0.68</hdop><vdop>0.88</vdop><pdop>1.11</pdop><dgpsid>0000</dgpsid></trkpt>
<trkpt lat="32.247715666666664" lon="-107.13955816666666"><ele>1332.2</ele><time>2025-12-11T00:45:22.000Z</time><extensions><gpxtpx:TrackPointExtension><gpxtpx:bearing>262.37</gpxtpx:bearing><gpxtpx:speed>26.059872</gpxtpx:speed></gpxtpx:TrackPointExtension></extensions><geoidheight>-26.2</geoidheight><src>gps</src><sat>15</sat><hdop>0.68</hdop><vdop>0.88</vdop><pdop>1.11</pdop><dgpsid>0000</dgpsid></trkpt>
<trkpt lat="32.24736633333334" lon="-107.14257983333333"><ele>1333.0</ele><time>2025-12-11T00:45:33.000Z</time><extensions><gpxtpx:TrackPointExtension><gpxtpx:bearing>262.33</gpxtpx:bearing><gpxtpx:speed>26.060902</gpxtpx:speed></gpxtpx:TrackPointExtension></extensions><geoidheight>-26.2</geoidheight><src>gps</src><sat>16</sat><hdop>0.66</hdop><vdop>0.88</vdop><pdop>1.10</pdop><dgpsid>0000</dgpsid></trkpt>
<trkpt lat="32.247017" lon="-107.14560933333333"><ele>1332.8</ele><time>2025-12-11T00:45:44.000Z</time><extensions><gpxtpx:TrackPointExtension><gpxtpx:bearing>262.48</gpxtpx:bearing><gpxtpx:speed>26.350689</gpxtpx:speed></gpxtpx:TrackPointExtension></extensions><geoidheight>-26.2</geoidheight><src>gps</src><sat>16</sat><hdop>0.66</hdop><vdop>0.88</vdop><pdop>1.10</pdop><dgpsid>0000</dgpsid></trkpt>
<trkpt lat="32.246651" lon="-107.1487375"><ele>1332.5</ele><time>2025-12-11T00:45:55.000Z</time><extensions><gpxtpx:TrackPointExtension><gpxtpx:bearing>262.24</gpxtpx:bearing><gpxtpx:speed>27.492344</gpxtpx:speed></gpxtpx:TrackPointExtension></extensions><geoidheight>-26.2</geoidheight><src>gps</src><sat>16</sat><hdop>0.66</hdop><vdop>0.88</vdop><pdop>1.10</pdop><dgpsid>0000</dgpsid></trkpt>
<trkpt lat="32.246271666666665" lon="-107.15196900000001"><ele>1333.8</ele><time>2025-12-11T00:46:06.000Z</time><extensions><gpxtpx:TrackPointExtension><gpxtpx:bearing>262.41</gpxtpx:bearing><gpxtpx:speed>28.353989</gpxtpx:speed></gpxtpx:TrackPointExtension></extensions><geoidheight>-26.2</geoidheight><src>gps</src><sat>16</sat><hdop>0.66</hdop><vdop>0.88</vdop><pdop>1.10</pdop><dgpsid>0000</dgpsid></trkpt>
<trkpt lat="32.24589233333334" lon="-107.15525000000001"><ele>1332.7</ele><time>2025-12-11T00:46:17.000Z</time><extensions><gpxtpx:TrackPointExtension><gpxtpx:bearing>262.2</gpxtpx:bearing><gpxtpx:speed>28.334429</gpxtpx:speed></gpxtpx:TrackPointExtension></extensions><geoidheight>-26.2</geoidheight><src>gps</src><sat>15</sat><hdop>0.68</hdop><vdop>0.88</vdop><pdop>1.11</pdop><dgpsid>0000</dgpsid></trkpt>
<trkpt lat="32.245511" lon="-107.15855616666667"><ele>1330.8</ele><time>2025-12-11T00:46:28.000Z</time><extensions><gpxtpx:TrackPointExtension><gpxtpx:bearing>262.06</gpxtpx:bearing><gpxtpx:speed>28.828562</gpxtpx:speed></gpxtpx:TrackPointExtension></extensions><geoidheight>-26.2</geoidheight><src>gps</src><sat>16</sat><hdop>0.66</hdop><vdop>0.88</vdop><pdop>1.10</pdop><dgpsid>0000</dgpsid></trkpt>
<trkpt lat="32.24513433333333" lon="-107.16183500000001"><ele>1331.5</ele><time>2025-12-11T00:46:39.000Z</time><extensions><gpxtpx:TrackPointExtension><gpxtpx:bearing>262.35</gpxtpx:bearing><gpxtpx:speed>28.323105</gpxtpx:speed></gpxtpx:TrackPointExtension></extensions><geoidheight>-26.2</geoidheight><src>gps</src><sat>16</sat><hdop>0.66</hdop><vdop>0.88</vdop><pdop>1.10</pdop><dgpsid>0000</dgpsid></trkpt>
<trkpt lat="32.244757" lon="-107.16511866666666"><ele>1332.4</ele><time>2025-12-11T00:46:50.000Z</time><extensions><gpxtpx:TrackPointExtension><gpxtpx:bearing>262.42</gpxtpx:bearing><gpxtpx:speed>28.317444</gpxtpx:speed></gpxtpx:TrackPointExtension></extensions><geoidheight>-26.2</geoidheight><src>gps</src><sat>16</sat><hdop>0.66</hdop><vdop>0.88</vdop><pdop>1.10</pdop><dgpsid>0000</dgpsid></trkpt>
<trkpt lat="32.24436633333333" lon="-107.1684675"><ele>1331.4</ele><time>2025-12-11T00:47:01.000Z</time><extensions><gpxtpx:TrackPointExtension><gpxtpx:bearing>262.35</gpxtpx:bearing><gpxtpx:speed>29.308798</gpxtpx:speed></gpxtpx:TrackPointExtension></extensions><geoidheight>-26.2</geoidheight><src>gps</src><sat>16</sat><hdop>0.66</hdop><vdop>0.88</vdop><pdop>1.10</pdop><dgpsid>0000</dgpsid></trkpt>
<trkpt lat="32.243975500000005" lon="-107.17187566666668"><ele>1330.2</ele><time>2025-12-11T00:47:12.000Z</time><extensions><gpxtpx:TrackPointExtension><gpxtpx:bearing>262.39</gpxtpx:bearing><gpxtpx:speed>29.581085</gpxtpx:speed></gpxtpx:TrackPointExtension></extensions><geoidheight>-26.2</geoidheight><src>gps</src><sat>16</sat><hdop>0.66</hdop><vdop>0.88</vdop><pdop>1.10</pdop><dgpsid>0000</dgpsid></trkpt>
<trkpt lat="32.243576833333336" lon="-107.17528416666667"><ele>1329.6</ele><time>2025-12-11T00:47:23.000Z</time><extensions><gpxtpx:TrackPointExtension><gpxtpx:bearing>262.26</gpxtpx:bearing><gpxtpx:speed>29.428728</gpxtpx:speed></gpxtpx:TrackPointExtension></extensions><geoidheight>-26.2</geoidheight><src>gps</src><sat>16</sat><hdop>0.66</hdop><vdop>0.88</vdop><pdop>1.10</pdop><dgpsid>0000</dgpsid></trkpt>
<trkpt lat="32.24318816666666" lon="-107.17864916666667"><ele>1329.4</ele><time>2025-12-11T00:47:34.000Z</time><extensions><gpxtpx:TrackPointExtension><gpxtpx:bearing>261.94</gpxtpx:bearing><gpxtpx:speed>28.841946</gpxtpx:speed></gpxtpx:TrackPointExtension></extensions><geoidheight>-26.2</geoidheight><src>gps</src><sat>16</sat><hdop>0.66</hdop><vdop>0.88</vdop><pdop>1.10</pdop><dgpsid>0000</dgpsid></trkpt>
<trkpt lat="32.24279666666666" lon="-107.18200800000001"><ele>1328.7</ele><time>2025-12-11T00:47:45.000Z</time><extensions><gpxtpx:TrackPointExtension><gpxtpx:bearing>262.16</gpxtpx:bearing><gpxtpx:speed>29.103424</gpxtpx:speed></gpxtpx:TrackPointExtension></extensions><geoidheight>-26.2</geoidheight><src>gps</src><sat>16</sat><hdop>0.66</hdop><vdop>0.88</vdop><pdop>1.10</pdop><dgpsid>0000</dgpsid></trkpt>
<trkpt lat="32.24239983333334" lon="-107.18534466666667"><ele>1328.6</ele><time>2025-12-11T00:47:56.000Z</time><extensions><gpxtpx:TrackPointExtension><gpxtpx:bearing>262.03</gpxtpx:bearing><gpxtpx:speed>29.151293</gpxtpx:speed></gpxtpx:TrackPointExtension></extensions><geoidheight>-26.2</geoidheight><src>gps</src><sat>16</sat><hdop>0.66</hdop><vdop>0.88</vdop><pdop>1.10</pdop><dgpsid>0000</dgpsid></trkpt>
<trkpt lat="32.2420225" lon="-107.18864583333334"><ele>1327.4</ele><time>2025-12-11T00:48:07.000Z</time><extensions><gpxtpx:TrackPointExtension><gpxtpx:bearing>262.17</gpxtpx:bearing><gpxtpx:speed>28.231485</gpxtpx:speed></gpxtpx:TrackPointExtension></extensions><geoidheight>-26.2</geoidheight><src>gps</src><sat>16</sat><hdop>0.66</hdop><vdop>0.88</vdop><pdop>1.10</pdop><dgpsid>0000</dgpsid></trkpt>
<trkpt lat="32.24164016666667" lon="-107.1919065"><ele>1326.2</ele><time>2025-12-11T00:48:18.000Z</time><extensions><gpxtpx:TrackPointExtension><gpxtpx:bearing>261.95</gpxtpx:bearing><gpxtpx:speed>28.0153</gpxtpx:speed></gpxtpx:TrackPointExtension></extensions><geoidheight>-26.2</geoidheight><src>gps</src><sat>16</sat><hdop>0.66</hdop><vdop>0.88</vdop><pdop>1.10</pdop><dgpsid>0000</dgpsid></trkpt>
<trkpt lat="32.24127133333333" lon="-107.19515366666668"><ele>1325.4</ele><time>2025-12-11T00:48:29.000Z</time><extensions><gpxtpx:TrackPointExtension><gpxtpx:bearing>263.36</gpxtpx:bearing><gpxtpx:speed>28.306633</gpxtpx:speed></gpxtpx:TrackPointExtension></extensions><geoidheight>-26.2</geoidheight><src>gps</src><sat>16</sat><hdop>0.66</hdop><vdop>0.87</vdop><pdop>1.10</pdop><dgpsid>0000</dgpsid></trkpt>
<trkpt lat="32.24105333333333" lon="-107.19842683333333"><ele>1326.3</ele><time>2025-12-11T00:48:40.000Z</time><extensions><gpxtpx:TrackPointExtension><gpxtpx:bearing>268.33</gpxtpx:bearing><gpxtpx:speed>28.229425</gpxtpx:speed></gpxtpx:TrackPointExtension></extensions><geoidheight>-26.2</geoidheight><src>gps</src><sat>16</sat><hdop>0.69</hdop><vdop>0.87</vdop><pdop>1.12</pdop><dgpsid>0000</dgpsid></trkpt>
<trkpt lat="32.24107266666667" lon="-107.2017675"><ele>1326.7</ele><time>2025-12-11T00:48:51.000Z</time><extensions><gpxtpx:TrackPointExtension><gpxtpx:bearing>271.52</gpxtpx:bearing><gpxtpx:speed>29.164162</gpxtpx:speed></gpxtpx:TrackPointExtension></extensions><geoidheight>-26.2</geoidheight><src>gps</src><sat>16</sat><hdop>0.66</hdop><vdop>0.87</vdop><pdop>1.10</pdop><dgpsid>0000</dgpsid></trkpt>
<trkpt lat="32.24115166666666" lon="-107.20515366666665"><ele>1325.6</ele><time>2025-12-11T00:49:02.000Z</time><extensions><gpxtpx:TrackPointExtension><gpxtpx:bearing>271.7</gpxtpx:bearing><gpxtpx:speed>28.68238</gpxtpx:speed></gpxtpx:TrackPointExtension></extensions><geoidheight>-26.2</geoidheight><src>gps</src><sat>16</sat><hdop>0.66</hdop><vdop>0.87</vdop><pdop>1.10</pdop><dgpsid>0000</dgpsid></trkpt>
<trkpt lat="32.241223" lon="-107.20852533333333"><ele>1324.8</ele><time>2025-12-11T00:49:13.000Z</time><extensions><gpxtpx:TrackPointExtension><gpxtpx:bearing>271.66</gpxtpx:bearing><gpxtpx:speed>29.299534</gpxtpx:speed></gpxtpx:TrackPointExtension></extensions><geoidheight>-26.2</geoidheight><src>gps</src><sat>16</sat><hdop>0.66</hdop><vdop>0.87</vdop><pdop>1.10</pdop><dgpsid>0000</dgpsid></trkpt>
<trkpt lat="32.241285" lon="-107.21187166666665"><ele>1324.7</ele><time>2025-12-11T00:49:24.000Z</time><extensions><gpxtpx:TrackPointExtension><gpxtpx:bearing>271.29</gpxtpx:bearing><gpxtpx:speed>28.708632</gpxtpx:speed></gpxtpx:TrackPointExtension></extensions><geoidheight>-26.2</geoidheight><src>gps</src><sat>16</sat><hdop>0.72</hdop><vdop>0.96</vdop><pdop>1.19</pdop><dgpsid>0000</dgpsid></trkpt>
<trkpt lat="32.241357" lon="-107.21524383333332"><ele>1324.0</ele><time>2025-12-11T00:49:35.000Z</time><extensions><gpxtpx:TrackPointExtension><gpxtpx:bearing>271.28</gpxtpx:bearing><gpxtpx:speed>29.190413</gpxtpx:speed></gpxtpx:TrackPointExtension></extensions><geoidheight>-26.2</geoidheight><src>gps</src><sat>16</sat><hdop>0.72</hdop><vdop>0.95</vdop><pdop>1.19</pdop><dgpsid>0000</dgpsid></trkpt>
<trkpt lat="32.241431166666665" lon="-107.21864099999999"><ele>1322.9</ele><time>2025-12-11T00:49:46.000Z</time><extensions><gpxtpx:TrackPointExtension><gpxtpx:bearing>271.49</gpxtpx:bearing><gpxtpx:speed>28.934595</gpxtpx:speed></gpxtpx:TrackPointExtension></extensions><geoidheight>-26.2</geoidheight><src>gps</src><sat>15</sat><hdop>0.72</hdop><vdop>0.95</vdop><pdop>1.19</pdop><dgpsid>0000</dgpsid></trkpt>
<trkpt lat="32.241493500000004" lon="-107.221994"><ele>1323.8</ele><time>2025-12-11T00:49:57.000Z</time><extensions><gpxtpx:TrackPointExtension><gpxtpx:bearing>271.38</gpxtpx:bearing><gpxtpx:speed>28.623188</gpxtpx:speed></gpxtpx:TrackPointExtension></extensions><geoidheight>-26.2</geoidheight><src>gps</src><sat>15</sat><hdop>0.72</hdop><vdop>0.95</vdop><pdop>1.19</pdop><dgpsid>0000</dgpsid></trkpt>
<trkpt lat="32.241559333333335" lon="-107.22533849999999"><ele>1324.2</ele><time>2025-12-11T00:50:08.000Z</time><extensions><gpxtpx:TrackPointExtension><gpxtpx:bearing>271.15</gpxtpx:bearing><gpxtpx:speed>28.812605</gpxtpx:speed></gpxtpx:TrackPointExtension></extensions><geoidheight>-26.2</geoidheight><src>gps</src><sat>16</sat><hdop>0.66</hdop><vdop>0.87</vdop><pdop>1.10</pdop><dgpsid>0000</dgpsid></trkpt>
<trkpt lat="32.241631999999996" lon="-107.22871349999998"><ele>1324.2</ele><time>2025-12-11T00:50:19.000Z</time><extensions><gpxtpx:TrackPointExtension><gpxtpx:bearing>271.39</gpxtpx:bearing><gpxtpx:speed>28.90783</gpxtpx:speed></gpxtpx:TrackPointExtension></extensions><geoidheight>-26.2</geoidheight><src>gps</src><sat>16</sat><hdop>0.72</hdop><vdop>0.95</vdop><pdop>1.19</pdop><dgpsid>0000</dgpsid></trkpt>
<trkpt lat="32.24170466666667" lon="-107.23207533333334"><ele>1323.1</ele><time>2025-12-11T00:50:30.000Z</time><extensions><gpxtpx:TrackPointExtension><gpxtpx:bearing>271.46</gpxtpx:bearing><gpxtpx:speed>28.718925</gpxtpx:speed></gpxtpx:TrackPointExtension></extensions><geoidheight>-26.2</geoidheight><src>gps</src><sat>15</sat><hdop>0.72</hdop><vdop>0.95</vdop><pdop>1.19</pdop><dgpsid>0000</dgpsid></trkpt>
<trkpt lat="32.241771666666665" lon="-107.23542350000001"><ele>1321.6</ele><time>2025-12-11T00:50:41.000Z</time><extensions><gpxtpx:TrackPointExtension><gpxtpx:bearing>271.43</gpxtpx:bearing><gpxtpx:speed>28.692675</gpxtpx:speed></gpxtpx:TrackPointExtension></extensions><geoidheight>-26.2</geoidheight><src>gps</src><sat>15</sat><hdop>0.72</hdop><vdop>0.95</vdop><pdop>1.19</pdop><dgpsid>0000</dgpsid></trkpt>
<trkpt lat="32.2418385" lon="-107.2387505"><ele>1320.5</ele><time>2025-12-11T00:50:52.000Z</time><extensions><gpxtpx:TrackPointExtension><gpxtpx:bearing>271.48</gpxtpx:bearing><gpxtpx:speed>28.253618</gpxtpx:speed></gpxtpx:TrackPointExtension></extensions><geoidheight>-26.2</geoidheight><src>gps</src><sat>15</sat><hdop>0.72</hdop><vdop>0.95</vdop><pdop>1.19</pdop><dgpsid>0000</dgpsid></trkpt>
<trkpt lat="32.24190683333334" lon="-107.24201599999999"><ele>1319.9</ele><time>2025-12-11T00:51:03.000Z</time><extensions><gpxtpx:TrackPointExtension><gpxtpx:bearing>271.29</gpxtpx:bearing><gpxtpx:speed>27.895885</gpxtpx:speed></gpxtpx:TrackPointExtension></extensions><geoidheight>-26.2</geoidheight><src>gps</src><sat>15</sat><hdop>0.72</hdop><vdop>0.95</vdop><pdop>1.19</pdop><dgpsid>0000</dgpsid></trkpt>
<trkpt lat="32.24197233333334" lon="-107.245231"><ele>1318.5</ele><time>2025-12-11T00:51:14.000Z</time><extensions><gpxtpx:TrackPointExtension><gpxtpx:bearing>271.37</gpxtpx:bearing><gpxtpx:speed>27.389914</gpxtpx:speed></gpxtpx:TrackPointExtension></extensions><geoidheight>-26.2</geoidheight><src>gps</src><sat>15</sat><hdop>0.72</hdop><vdop>0.95</vdop><pdop>1.19</pdop><dgpsid>0000</dgpsid></trkpt>
<trkpt lat="32.24203733333333" lon="-107.24842683333333"><ele>1318.1</ele><time>2025-12-11T00:51:25.000Z</time><extensions><gpxtpx:TrackPointExtension><gpxtpx:bearing>271.23</gpxtpx:bearing><gpxtpx:speed>27.502123</gpxtpx:speed></gpxtpx:TrackPointExtension></extensions><geoidheight>-26.2</geoidheight><src>gps</src><sat>16</sat><hdop>0.66</hdop><vdop>0.87</vdop><pdop>1.09</pdop><dgpsid>0000</dgpsid></trkpt>
<trkpt lat="32.24210083333333" lon="-107.25165899999999"><ele>1317.2</ele><time>2025-12-11T00:51:36.000Z</time><extensions><gpxtpx:TrackPointExtension><gpxtpx:bearing>271.49</gpxtpx:bearing><gpxtpx:speed>27.972065</gpxtpx:speed></gpxtpx:TrackPointExtension></extensions><geoidheight>-26.2</geoidheight><src>gps</src><sat>16</sat><hdop>0.66</hdop><vdop>0.87</vdop><pdop>1.09</pdop><dgpsid>0000</dgpsid></trkpt>
<trkpt lat="32.242168500000005" lon="-107.25494816666667"><ele>1315.5</ele><time>2025-12-11T00:51:47.000Z</time><extensions><gpxtpx:TrackPointExtension><gpxtpx:bearing>271.25</gpxtpx:bearing><gpxtpx:speed>28.44355</gpxtpx:speed></gpxtpx:TrackPointExtension></extensions><geoidheight>-26.2</geoidheight><src>gps</src><sat>16</sat><hdop>0.66</hdop><vdop>0.87</vdop><pdop>1.09</pdop><dgpsid>0000</dgpsid></trkpt>
<trkpt lat="32.24223333333334" lon="-107.25826916666668"><ele>1314.3</ele><time>2025-12-11T00:51:58.000Z</time><extensions><gpxtpx:TrackPointExtension><gpxtpx:bearing>271.37</gpxtpx:bearing><gpxtpx:speed>28.407005</gpxtpx:speed></gpxtpx:TrackPointExtension></extensions><geoidheight>-26.3</geoidheight><src>gps</src><sat>16</sat><hdop>0.66</hdop><vdop>0.87</vdop><pdop>1.09</pdop><dgpsid>0000</dgpsid></trkpt>
<trkpt lat="32.242300500000006" lon="-107.26159750000001"><ele>1315.0</ele><time>2025-12-11T00:52:09.000Z</time><extensions><gpxtpx:TrackPointExtension><gpxtpx:bearing>271.16</gpxtpx:bearing><gpxtpx:speed>28.52642</gpxtpx:speed></gpxtpx:TrackPointExtension></extensions><geoidheight>-26.3</geoidheight><src>gps</src><sat>16</sat><hdop>0.72</hdop><vdop>0.95</vdop><pdop>1.19</pdop><dgpsid>0000</dgpsid></trkpt>
<trkpt lat="32.242366" lon="-107.26493483333334"><ele>1314.6</ele><time>2025-12-11T00:52:20.000Z</time><extensions><gpxtpx:TrackPointExtension><gpxtpx:bearing>271.08</gpxtpx:bearing><gpxtpx:speed>28.796135</gpxtpx:speed></gpxtpx:TrackPointExtension></extensions><geoidheight>-26.3</geoidheight><src>gps</src><sat>16</sat><hdop>0.72</hdop><vdop>0.95</vdop><pdop>1.19</pdop><dgpsid>0000</dgpsid></trkpt>
<trkpt lat="32.242434" lon="-107.26830966666667"><ele>1313.6</ele><time>2025-12-11T00:52:31.000Z</time><extensions><gpxtpx:TrackPointExtension><gpxtpx:bearing>271.35</gpxtpx:bearing><gpxtpx:speed>28.8893</gpxtpx:speed></gpxtpx:TrackPointExtension></extensions><geoidheight>-26.3</geoidheight><src>gps</src><sat>16</sat><hdop>0.66</hdop><vdop>0.87</vdop><pdop>1.09</pdop><dgpsid>0000</dgpsid></trkpt>
<trkpt lat="32.24249733333333" lon="-107.27165066666666"><ele>1315.2</ele><time>2025-12-11T00:52:42.000Z</time><extensions><gpxtpx:TrackPointExtension><gpxtpx:bearing>271.04</gpxtpx:bearing><gpxtpx:speed>28.455904</gpxtpx:speed></gpxtpx:TrackPointExtension></extensions><geoidheight>-26.3</geoidheight><src>gps</src><sat>17</sat><hdop>0.61</hdop><vdop>0.79</vdop><pdop>1.00</pdop><dgpsid>0000</dgpsid></trkpt>
<trkpt lat="32.24256683333333" lon="-107.27496266666667"><ele>1316.2</ele><time>2025-12-11T00:52:53.000Z</time><extensions><gpxtpx:TrackPointExtension><gpxtpx:bearing>271.19</gpxtpx:bearing><gpxtpx:speed>28.496052</gpxtpx:speed></gpxtpx:TrackPointExtension></extensions><geoidheight>-26.3</geoidheight><src>gps</src><sat>16</sat><hdop>0.64</hdop><vdop>0.86</vdop><pdop>1.07</pdop><dgpsid>0000</dgpsid></trkpt>
<trkpt lat="32.24262983333333" lon="-107.27828966666667"><ele>1315.9</ele><time>2025-12-11T00:53:04.000Z</time><extensions><gpxtpx:TrackPointExtension><gpxtpx:bearing>271.52</gpxtpx:bearing><gpxtpx:speed>28.584068</gpxtpx:speed></gpxtpx:TrackPointExtension></extensions><geoidheight>-26.3</geoidheight><src>gps</src><sat>16</sat><hdop>0.64</hdop><vdop>0.86</vdop><pdop>1.07</pdop><dgpsid>0000</dgpsid></trkpt>
<trkpt lat="32.2426905" lon="-107.28162249999998"><ele>1314.1</ele><time>2025-12-11T00:53:15.000Z</time><extensions><gpxtpx:TrackPointExtension><gpxtpx:bearing>271.28</gpxtpx:bearing><gpxtpx:speed>28.69422</gpxtpx:speed></gpxtpx:TrackPointExtension></extensions><geoidheight>-26.3</geoidheight><src>gps</src><sat>16</sat><hdop>0.64</hdop><vdop>0.86</vdop><pdop>1.07</pdop><dgpsid>0000</dgpsid></trkpt>
<trkpt lat="32.242750666666666" lon="-107.28496416666667"><ele>1311.6</ele><time>2025-12-11T00:53:26.000Z</time><extensions><gpxtpx:TrackPointExtension><gpxtpx:bearing>271.18</gpxtpx:bearing><gpxtpx:speed>28.412151</gpxtpx:speed></gpxtpx:TrackPointExtension></extensions><geoidheight>-26.3</geoidheight><src>gps</src><sat>16</sat><hdop>0.64</hdop><vdop>0.86</vdop><pdop>1.07</pdop><dgpsid>0000</dgpsid></trkpt>
<trkpt lat="32.242815" lon="-107.28821266666667"><ele>1309.2</ele><time>2025-12-11T00:53:37.000Z</time><extensions><gpxtpx:TrackPointExtension><gpxtpx:bearing>271.37</gpxtpx:bearing><gpxtpx:speed>27.114536</gpxtpx:speed></gpxtpx:TrackPointExtension></extensions><geoidheight>-26.3</geoidheight><src>gps</src><sat>16</sat><hdop>0.64</hdop><vdop>0.86</vdop><pdop>1.07</pdop><dgpsid>0000</dgpsid></trkpt>
<trkpt lat="32.2428745" lon="-107.29134066666666"><ele>1307.9</ele><time>2025-12-11T00:53:48.000Z</time><extensions><gpxtpx:TrackPointExtension><gpxtpx:bearing>271.65</gpxtpx:bearing><gpxtpx:speed>26.927177</gpxtpx:speed></gpxtpx:TrackPointExtension></extensions><geoidheight>-26.3</geoidheight><src>gps</src><sat>16</sat><hdop>0.64</hdop><vdop>0.86</vdop><pdop>1.07</pdop><dgpsid>0000</dgpsid></trkpt>
<trkpt lat="32.242938333333335" lon="-107.29458600000001"><ele>1306.0</ele><time>2025-12-11T00:53:59.000Z</time><extensions><gpxtpx:TrackPointExtension><gpxtpx:bearing>271.35</gpxtpx:bearing><gpxtpx:speed>28.556274</gpxtpx:speed></gpxtpx:TrackPointExtension></extensions><geoidheight>-26.3</geoidheight><src>gps</src><sat>16</sat><hdop>0.64</hdop><vdop>0.86</vdop><pdop>1.07</pdop><dgpsid>0000</dgpsid></trkpt>
<trkpt lat="32.24300083333333" lon="-107.29787983333333"><ele>1310.4</ele><time>2025-12-11T00:54:10.000Z</time><extensions><gpxtpx:TrackPointExtension><gpxtpx:bearing>271.16</gpxtpx:bearing><gpxtpx:speed>27.701836</gpxtpx:speed></gpxtpx:TrackPointExtension></extensions><geoidheight>-26.3</geoidheight><src>gps</src><sat>16</sat><hdop>0.64</hdop><vdop>0.86</vdop><pdop>1.07</pdop><dgpsid>0000</dgpsid></trkpt>
<trkpt lat="32.24306333333333" lon="-107.30113383333334"><ele>1309.6</ele><time>2025-12-11T00:54:21.000Z</time><extensions><gpxtpx:TrackPointExtension><gpxtpx:bearing>271.51</gpxtpx:bearing><gpxtpx:speed>28.353474</gpxtpx:speed></gpxtpx:TrackPointExtension></extensions><geoidheight>-26.3</geoidheight><src>gps</src><sat>16</sat><hdop>0.64</hdop><vdop>0.86</vdop><pdop>1.07</pdop><dgpsid>0000</dgpsid></trkpt>
<trkpt lat="32.243131166666664" lon="-107.30442583333334"><ele>1307.8</ele><time>2025-12-11T00:54:32.000Z</time><extensions><gpxtpx:TrackPointExtension><gpxtpx:bearing>271.56</gpxtpx:bearing><gpxtpx:speed>27.936548</gpxtpx:speed></gpxtpx:TrackPointExtension></extensions><geoidheight>-26.3</geoidheight><src>gps</src><sat>16</sat><hdop>0.64</hdop><vdop>0.86</vdop><pdop>1.07</pdop><dgpsid>0000</dgpsid></trkpt>
<trkpt lat="32.24319416666666" lon="-107.30766916666668"><ele>1307.6</ele><time>2025-12-11T00:54:43.000Z</time><extensions><gpxtpx:TrackPointExtension><gpxtpx:bearing>271.28</gpxtpx:bearing><gpxtpx:speed>27.78831</gpxtpx:speed></gpxtpx:TrackPointExtension></extensions><geoidheight>-26.3</geoidheight><src>gps</src><sat>16</sat><hdop>0.64</hdop><vdop>0.86</vdop><pdop>1.07</pdop><dgpsid>0000</dgpsid></trkpt>
<trkpt lat="32.243249666666664" lon="-107.31092949999999"><ele>1307.3</ele><time>2025-12-11T00:54:54.000Z</time><extensions><gpxtpx:TrackPointExtension><gpxtpx:bearing>271.1</gpxtpx:bearing><gpxtpx:speed>28.276266</gpxtpx:speed></gpxtpx:TrackPointExtension></extensions><geoidheight>-26.3</geoidheight><src>gps</src><sat>16</sat><hdop>0.64</hdop><vdop>0.86</vdop><pdop>1.07</pdop><dgpsid>0000</dgpsid></trkpt>
<trkpt lat="32.243317833333336" lon="-107.31422816666667"><ele>1307.2</ele><time>2025-12-11T00:55:05.000Z</time><extensions><gpxtpx:TrackPointExtension><gpxtpx:bearing>271.31</gpxtpx:bearing><gpxtpx:speed>28.12957</gpxtpx:speed></gpxtpx:TrackPointExtension></extensions><geoidheight>-26.3</geoidheight><src>gps</src><sat>16</sat><hdop>0.64</hdop><vdop>0.86</vdop><pdop>1.07</pdop><dgpsid>0000</dgpsid></trkpt>
<trkpt lat="32.24338233333334" lon="-107.31746766666666"><ele>1305.8</ele><time>2025-12-11T00:55:16.000Z</time><extensions><gpxtpx:TrackPointExtension><gpxtpx:bearing>271.37</gpxtpx:bearing><gpxtpx:speed>27.551537</gpxtpx:speed></gpxtpx:TrackPointExtension></extensions><geoidheight>-26.3</geoidheight><src>gps</src><sat>16</sat><hdop>0.64</hdop><vdop>0.86</vdop><pdop>1.07</pdop><dgpsid>0000</dgpsid></trkpt>
<trkpt lat="32.2434455" lon="-107.32066416666666"><ele>1304.6</ele><time>2025-12-11T00:55:27.000Z</time><extensions><gpxtpx:TrackPointExtension><gpxtpx:bearing>271.32</gpxtpx:bearing><gpxtpx:speed>27.388369</gpxtpx:speed></gpxtpx:TrackPointExtension></extensions><geoidheight>-26.3</geoidheight><src>gps</src><sat>16</sat><hdop>0.64</hdop><vdop>0.86</vdop><pdop>1.07</pdop><dgpsid>0000</dgpsid></trkpt>
<trkpt lat="32.243512" lon="-107.32387750000001"><ele>1302.8</ele><time>2025-12-11T00:55:38.000Z</time><extensions><gpxtpx:TrackPointExtension><gpxtpx:bearing>271.47</gpxtpx:bearing><gpxtpx:speed>27.645731</gpxtpx:speed></gpxtpx:TrackPointExtension></extensions><geoidheight>-26.3</geoidheight><src>gps</src><sat>16</sat><hdop>0.64</hdop><vdop>0.86</vdop><pdop>1.07</pdop><dgpsid>0000</dgpsid></trkpt>
<trkpt lat="32.24357633333333" lon="-107.32708400000001"><ele>1302.1</ele><time>2025-12-11T00:55:49.000Z</time><extensions><gpxtpx:TrackPointExtension><gpxtpx:bearing>271.35</gpxtpx:bearing><gpxtpx:speed>27.32094</gpxtpx:speed></gpxtpx:TrackPointExtension></extensions><geoidheight>-26.3</geoidheight><src>gps</src><sat>16</sat><hdop>0.64</hdop><vdop>0.86</vdop><pdop>1.07</pdop><dgpsid>0000</dgpsid></trkpt>
<trkpt lat="32.243637166666666" lon="-107.33024500000002"><ele>1302.1</ele><time>2025-12-11T00:56:00.000Z</time><extensions><gpxtpx:TrackPointExtension><gpxtpx:bearing>271.32</gpxtpx:bearing><gpxtpx:speed>26.934385</gpxtpx:speed></gpxtpx:TrackPointExtension></extensions><geoidheight>-26.3</geoidheight><src>gps</src><sat>16</sat><hdop>0.64</hdop><vdop>0.86</vdop><pdop>1.07</pdop><dgpsid>0000</dgpsid></trkpt>
<trkpt lat="32.24369983333334" lon="-107.333363"><ele>1302.8</ele><time>2025-12-11T00:56:11.000Z</time><extensions><gpxtpx:TrackPointExtension><gpxtpx:bearing>271.51</gpxtpx:bearing><gpxtpx:speed>26.778938</gpxtpx:speed></gpxtpx:TrackPointExtension></extensions><geoidheight>-26.3</geoidheight><src>gps</src><sat>16</sat><hdop>0.64</hdop><vdop>0.86</vdop><pdop>1.07</pdop><dgpsid>0000</dgpsid></trkpt>
<trkpt lat="32.243759999999995" lon="-107.3364635"><ele>1302.6</ele><time>2025-12-11T00:56:22.000Z</time><extensions><gpxtpx:TrackPointExtension><gpxtpx:bearing>271.3</gpxtpx:bearing><gpxtpx:speed>26.49018</gpxtpx:speed></gpxtpx:TrackPointExtension></extensions><geoidheight>-26.3</geoidheight><src>gps</src><sat>17</sat><hdop>0.61</hdop><vdop>0.79</vdop><pdop>1.00</pdop><dgpsid>0000</dgpsid></trkpt>
<trkpt lat="32.24382133333334" lon="-107.33952766666668"><ele>1301.7</ele><time>2025-12-11T00:56:33.000Z</time><extensions><gpxtpx:TrackPointExtension><gpxtpx:bearing>271.37</gpxtpx:bearing><gpxtpx:speed>26.165905</gpxtpx:speed></gpxtpx:TrackPointExtension></extensions><geoidheight>-26.3</geoidheight><src>gps</src><sat>16</sat><hdop>0.63</hdop><vdop>0.79</vdop><pdop>1.01</pdop><dgpsid>0000</dgpsid></trkpt>
<trkpt lat="32.2438805" lon="-107.34254066666666"><ele>1300.6</ele><time>2025-12-11T00:56:44.000Z</time><extensions><gpxtpx:TrackPointExtension><gpxtpx:bearing>271.39</gpxtpx:bearing><gpxtpx:speed>25.73817</gpxtpx:speed></gpxtpx:TrackPointExtension></extensions><geoidheight>-26.3</geoidheight><src>gps</src><sat>17</sat><hdop>0.61</hdop><vdop>0.79</vdop><pdop>1.00</pdop><dgpsid>0000</dgpsid></trkpt>
<trkpt lat="32.2439375" lon="-107.34559916666667"><ele>1298.9</ele><time>2025-12-11T00:56:55.000Z</time><extensions><gpxtpx:TrackPointExtension><gpxtpx:bearing>271.26</gpxtpx:bearing><gpxtpx:speed>26.779453</gpxtpx:speed></gpxtpx:TrackPointExtension></extensions><geoidheight>-26.3</geoidheight><src>gps</src><sat>17</sat><hdop>0.61</hdop><vdop>0.79</vdop><pdop>1.00</pdop><dgpsid>0000</dgpsid></trkpt>
<trkpt lat="32.2439975" lon="-107.34871666666668"><ele>1298.0</ele><time>2025-12-11T00:57:06.000Z</time><extensions><gpxtpx:TrackPointExtension><gpxtpx:bearing>271.56</gpxtpx:bearing><gpxtpx:speed>26.634302</gpxtpx:speed></gpxtpx:TrackPointExtension></extensions><geoidheight>-26.3</geoidheight><src>gps</src><sat>17</sat><hdop>0.61</hdop><vdop>0.79</vdop><pdop>1.00</pdop><dgpsid>0000</dgpsid></trkpt>
<trkpt lat="32.244054166666665" lon="-107.35184699999999"><ele>1298.0</ele><time>2025-12-11T00:57:17.000Z</time><extensions><gpxtpx:TrackPointExtension><gpxtpx:bearing>271.31</gpxtpx:bearing><gpxtpx:speed>27.003357</gpxtpx:speed></gpxtpx:TrackPointExtension></extensions><geoidheight>-26.3</geoidheight><src>gps</src><sat>17</sat><hdop>0.61</hdop><vdop>0.79</vdop><pdop>1.00</pdop><dgpsid>0000</dgpsid></trkpt>
<trkpt lat="32.24412016666667" lon="-107.35501333333335"><ele>1296.9</ele><time>2025-12-11T00:57:28.000Z</time><extensions><gpxtpx:TrackPointExtension><gpxtpx:bearing>271.09</gpxtpx:bearing><gpxtpx:speed>27.369839</gpxtpx:speed></gpxtpx:TrackPointExtension></extensions><geoidheight>-26.3</geoidheight><src>gps</src><sat>17</sat><hdop>0.61</hdop><vdop>0.79</vdop><pdop>1.00</pdop><dgpsid>0000</dgpsid></trkpt>
<trkpt lat="32.244179" lon="-107.35820200000002"><ele>1295.7</ele><time>2025-12-11T00:57:39.000Z</time><extensions><gpxtpx:TrackPointExtension><gpxtpx:bearing>271.5</gpxtpx:bearing><gpxtpx:speed>27.365208</gpxtpx:speed></gpxtpx:TrackPointExtension></extensions><geoidheight>-26.3</geoidheight><src>gps</src><sat>17</sat><hdop>0.61</hdop><vdop>0.79</vdop><pdop>1.00</pdop><dgpsid>0000</dgpsid></trkpt>
<trkpt lat="32.244240833333336" lon="-107.36137599999999"><ele>1294.6</ele><time>2025-12-11T00:57:50.000Z</time><extensions><gpxtpx:TrackPointExtension><gpxtpx:bearing>271.37</gpxtpx:bearing><gpxtpx:speed>27.17373</gpxtpx:speed></gpxtpx:TrackPointExtension></extensions><geoidheight>-26.3</geoidheight><src>gps</src><sat>17</sat><hdop>0.61</hdop><vdop>0.79</vdop><pdop>1.00</pdop><dgpsid>0000</dgpsid></trkpt>
<trkpt lat="32.244261333333334" lon="-107.364604"><ele>1293.9</ele><time>2025-12-11T00:58:01.000Z</time><extensions><gpxtpx:TrackPointExtension><gpxtpx:bearing>267.61</gpxtpx:bearing><gpxtpx:speed>28.104862</gpxtpx:speed></gpxtpx:TrackPointExtension></extensions><geoidheight>-26.3</geoidheight><src>gps</src><sat>16</sat><hdop>0.71</hdop><vdop>1.05</vdop><pdop>1.27</pdop><dgpsid>0000</dgpsid></trkpt>
<trkpt lat="32.24388216666667" lon="-107.36785416666667"><ele>1292.4</ele><time>2025-12-11T00:58:12.000Z</time><extensions><gpxtpx:TrackPointExtension><gpxtpx:bearing>257.55</gpxtpx:bearing><gpxtpx:speed>28.07089</gpxtpx:speed></gpxtpx:TrackPointExtension></extensions><geoidheight>-26.3</geoidheight><src>gps</src><sat>16</sat><hdop>0.66</hdop><vdop>0.87</vdop><pdop>1.10</pdop><dgpsid>0000</dgpsid></trkpt>
<trkpt lat="32.243026" lon="-107.37097183333331"><ele>1292.1</ele><time>2025-12-11T00:58:23.000Z</time><extensions><gpxtpx:TrackPointExtension><gpxtpx:bearing>247.13</gpxtpx:bearing><gpxtpx:speed>28.34318</gpxtpx:speed></gpxtpx:TrackPointExtension></extensions><geoidheight>-26.3</geoidheight><src>gps</src><sat>16</sat><hdop>0.66</hdop><vdop>0.88</vdop><pdop>1.10</pdop><dgpsid>0000</dgpsid></trkpt>
<trkpt lat="32.241738000000005" lon="-107.37393133333335"><ele>1291.6</ele><time>2025-12-11T00:58:34.000Z</time><extensions><gpxtpx:TrackPointExtension><gpxtpx:bearing>241.39</gpxtpx:bearing><gpxtpx:speed>28.587671</gpxtpx:speed></gpxtpx:TrackPointExtension></extensions><geoidheight>-26.3</geoidheight><src>gps</src><sat>15</sat><hdop>0.66</hdop><vdop>0.88</vdop><pdop>1.10</pdop><dgpsid>0000</dgpsid></trkpt>
<trkpt lat="32.24040583333333" lon="-107.3768025"><ele>1295.5</ele><time>2025-12-11T00:58:45.000Z</time><extensions><gpxtpx:TrackPointExtension><gpxtpx:bearing>241.85</gpxtpx:bearing><gpxtpx:speed>27.605581</gpxtpx:speed></gpxtpx:TrackPointExtension></extensions><geoidheight>-26.3</geoidheight><src>gps</src><sat>16</sat><hdop>0.64</hdop><vdop>0.87</vdop><pdop>1.09</pdop><dgpsid>0000</dgpsid></trkpt>
<trkpt lat="32.2390815" lon="-107.37964066666667"><ele>1293.1</ele><time>2025-12-11T00:58:56.000Z</time><extensions><gpxtpx:TrackPointExtension><gpxtpx:bearing>241.13</gpxtpx:bearing><gpxtpx:speed>28.07089</gpxtpx:speed></gpxtpx:TrackPointExtension></extensions><geoidheight>-26.3</geoidheight><src>gps</src><sat>16</sat><hdop>0.64</hdop><vdop>0.88</vdop><pdop>1.09</pdop><dgpsid>0000</dgpsid></trkpt>
<trkpt lat="32.2377785" lon="-107.38255133333332"><ele>1285.1</ele><time>2025-12-11T00:59:07.000Z</time><extensions><gpxtpx:TrackPointExtension><gpxtpx:bearing>245.44</gpxtpx:bearing><gpxtpx:speed>28.337002</gpxtpx:speed></gpxtpx:TrackPointExtension></extensions><geoidheight>-26.3</geoidheight><src>gps</src><sat>15</sat><hdop>0.68</hdop><vdop>0.88</vdop><pdop>1.12</pdop><dgpsid>0000</dgpsid></trkpt>
<trkpt lat="32.2368375" lon="-107.38565750000001"><ele>1283.3</ele><time>2025-12-11T00:59:18.000Z</time><extensions><gpxtpx:TrackPointExtension><gpxtpx:bearing>255.44</gpxtpx:bearing><gpxtpx:speed>28.608261</gpxtpx:speed></gpxtpx:TrackPointExtension></extensions><geoidheight>-26.3</geoidheight><src>gps</src><sat>16</sat><hdop>0.64</hdop><vdop>0.88</vdop><pdop>1.09</pdop><dgpsid>0000</dgpsid></trkpt>
<trkpt lat="32.236384" lon="-107.388956"><ele>1281.5</ele><time>2025-12-11T00:59:29.000Z</time><extensions><gpxtpx:TrackPointExtension><gpxtpx:bearing>266.03</gpxtpx:bearing><gpxtpx:speed>28.54495</gpxtpx:speed></gpxtpx:TrackPointExtension></extensions><geoidheight>-26.3</geoidheight><src>gps</src><sat>15</sat><hdop>0.66</hdop><vdop>0.88</vdop><pdop>1.10</pdop><dgpsid>0000</dgpsid></trkpt>
<trkpt lat="32.23644616666666" lon="-107.39227933333335"><ele>1281.2</ele><time>2025-12-11T00:59:40.000Z</time><extensions><gpxtpx:TrackPointExtension><gpxtpx:bearing>276.24</gpxtpx:bearing><gpxtpx:speed>28.670029</gpxtpx:speed></gpxtpx:TrackPointExtension></extensions><geoidheight>-26.3</geoidheight><src>gps</src><sat>16</sat><hdop>0.64</hdop><vdop>0.88</vdop><pdop>1.09</pdop><dgpsid>0000</dgpsid></trkpt>
<trkpt lat="32.2367995" lon="-107.395597"><ele>1279.5</ele><time>2025-12-11T00:59:51.000Z</time><extensions><gpxtpx:TrackPointExtension><gpxtpx:bearing>277.44</gpxtpx:bearing><gpxtpx:speed>28.639145</gpxtpx:speed></gpxtpx:TrackPointExtension></extensions><geoidheight>-26.3</geoidheight><src>gps</src><sat>15</sat><hdop>0.71</hdop><vdop>1.06</vdop><pdop>1.28</pdop><dgpsid>0000</dgpsid></trkpt>
<trkpt lat="32.237160333333335" lon="-107.39894433333332"><ele>1279.1</ele><time>2025-12-11T01:00:02.000Z</time><extensions><gpxtpx:TrackPointExtension><gpxtpx:bearing>277.19</gpxtpx:bearing><gpxtpx:speed>28.949522</gpxtpx:speed></gpxtpx:TrackPointExtension></extensions><geoidheight>-26.3</geoidheight><src>gps</src><sat>15</sat><hdop>0.71</hdop><vdop>1.06</vdop><pdop>1.28</pdop><dgpsid>0000</dgpsid></trkpt>
<trkpt lat="32.237521666666666" lon="-107.40227750000001"><ele>1279.7</ele><time>2025-12-11T01:00:13.000Z</time><extensions><gpxtpx:TrackPointExtension><gpxtpx:bearing>277.36</gpxtpx:bearing><gpxtpx:speed>28.556274</gpxtpx:speed></gpxtpx:TrackPointExtension></extensions><geoidheight>-26.3</geoidheight><src>gps</src><sat>16</sat><hdop>0.64</hdop><vdop>0.88</vdop><pdop>1.09</pdop><dgpsid>0000</dgpsid></trkpt>
<trkpt lat="32.23788583333333" lon="-107.40561600000001"><ele>1278.1</ele><time>2025-12-11T01:00:24.000Z</time><extensions><gpxtpx:TrackPointExtension><gpxtpx:bearing>277.38</gpxtpx:bearing><gpxtpx:speed>29.30571</gpxtpx:speed></gpxtpx:TrackPointExtension></extensions><geoidheight>-26.3</geoidheight><src>gps</src><sat>16</sat><hdop>0.64</hdop><vdop>0.88</vdop><pdop>1.09</pdop><dgpsid>0000</dgpsid></trkpt>
<trkpt lat="32.238255833333334" lon="-107.40904483333334"><ele>1278.0</ele><time>2025-12-11T01:00:35.000Z</time><extensions><gpxtpx:TrackPointExtension><gpxtpx:bearing>277.38</gpxtpx:bearing><gpxtpx:speed>29.84102</gpxtpx:speed></gpxtpx:TrackPointExtension></extensions><geoidheight>-26.3</geoidheight><src>gps</src><sat>16</sat><hdop>0.64</hdop><vdop>0.88</vdop><pdop>1.09</pdop><dgpsid>0000</dgpsid></trkpt>
<trkpt lat="32.2386255" lon="-107.41246716666667"><ele>1276.9</ele><time>2025-12-11T01:00:46.000Z</time><extensions><gpxtpx:TrackPointExtension><gpxtpx:bearing>277.26</gpxtpx:bearing><gpxtpx:speed>29.4802</gpxtpx:speed></gpxtpx:TrackPointExtension></extensions><geoidheight>-26.3</geoidheight><src>gps</src><sat>16</sat><hdop>0.71</hdop><vdop>1.07</vdop><pdop>1.28</pdop><dgpsid>0000</dgpsid></trkpt>
<trkpt lat="32.23899883333333" lon="-107.41591199999999"><ele>1276.5</ele><time>2025-12-11T01:00:57.000Z</time><extensions><gpxtpx:TrackPointExtension><gpxtpx:bearing>276.92</gpxtpx:bearing><gpxtpx:speed>30.18743</gpxtpx:speed></gpxtpx:TrackPointExtension></extensions><geoidheight>-26.3</geoidheight><src>gps</src><sat>15</sat><hdop>0.64</hdop><vdop>0.89</vdop><pdop>1.09</pdop><dgpsid>0000</dgpsid></trkpt>
<trkpt lat="32.2393655" lon="-107.41937483333335"><ele>1275.7</ele><time>2025-12-11T01:01:08.000Z</time><extensions><gpxtpx:TrackPointExtension><gpxtpx:bearing>277.52</gpxtpx:bearing><gpxtpx:speed>29.512114</gpxtpx:speed></gpxtpx:TrackPointExtension></extensions><geoidheight>-26.3</geoidheight><src>gps</src><sat>16</sat><hdop>0.64</hdop><vdop>0.89</vdop><pdop>1.10</pdop><dgpsid>0000</dgpsid></trkpt>
<trkpt lat="32.23973816666667" lon="-107.4227795"><ele>1273.7</ele><time>2025-12-11T01:01:19.000Z</time><extensions><gpxtpx:TrackPointExtension><gpxtpx:bearing>277.51</gpxtpx:bearing><gpxtpx:speed>29.637705</gpxtpx:speed></gpxtpx:TrackPointExtension></extensions><geoidheight>-26.3</geoidheight><src>gps</src><sat>16</sat><hdop>0.64</hdop><vdop>0.89</vdop><pdop>1.10</pdop><dgpsid>0000</dgpsid></trkpt>
<trkpt lat="32.2401135" lon="-107.42626299999999"><ele>1273.0</ele><time>2025-12-11T01:01:30.000Z</time><extensions><gpxtpx:TrackPointExtension><gpxtpx:bearing>276.98</gpxtpx:bearing><gpxtpx:speed>30.375816</gpxtpx:speed></gpxtpx:TrackPointExtension></extensions><geoidheight>-26.3</geoidheight><src>gps</src><sat>16</sat><hdop>0.64</hdop><vdop>0.89</vdop><pdop>1.10</pdop><dgpsid>0000</dgpsid></trkpt>
<trkpt lat="32.240491166666665" lon="-107.42971766666666"><ele>1272.5</ele><time>2025-12-11T01:01:41.000Z</time><extensions><gpxtpx:TrackPointExtension><gpxtpx:bearing>277.42</gpxtpx:bearing><gpxtpx:speed>30.003159</gpxtpx:speed></gpxtpx:TrackPointExtension></extensions><geoidheight>-26.3</geoidheight><src>gps</src><sat>16</sat><hdop>0.64</hdop><vdop>0.89</vdop><pdop>1.10</pdop><dgpsid>0000</dgpsid></trkpt>
<trkpt lat="32.240864" lon="-107.43315733333333"><ele>1272.3</ele><time>2025-12-11T01:01:52.000Z</time><extensions><gpxtpx:TrackPointExtension><gpxtpx:bearing>277.17</gpxtpx:bearing><gpxtpx:speed>30.032497</gpxtpx:speed></gpxtpx:TrackPointExtension></extensions><geoidheight>-26.3</geoidheight><src>gps</src><sat>15</sat><hdop>0.71</hdop><vdop>1.07</vdop><pdop>1.29</pdop><dgpsid>0000</dgpsid></trkpt>
<trkpt lat="32.241348" lon="-107.43665933333332"><ele>1271.7</ele><time>2025-12-11T01:02:03.000Z</time><extensions><gpxtpx:TrackPointExtension><gpxtpx:bearing>281.5</gpxtpx:bearing><gpxtpx:speed>30.660973</gpxtpx:speed></gpxtpx:TrackPointExtension></extensions><geoidheight>-26.3</geoidheight><src>gps</src><sat>14</sat><hdop>0.72</hdop><vdop>1.08</vdop><pdop>1.30</pdop><dgpsid>0000</dgpsid></trkpt>
<trkpt lat="32.24211066666667" lon="-107.44010283333334"><ele>1271.1</ele><time>2025-12-11T01:02:14.000Z</time><extensions><gpxtpx:TrackPointExtension><gpxtpx:bearing>287.19</gpxtpx:bearing><gpxtpx:speed>30.397951</gpxtpx:speed></gpxtpx:TrackPointExtension></extensions><geoidheight>-26.3</geoidheight><src>gps</src><sat>14</sat><hdop>0.78</hdop><vdop>1.13</vdop><pdop>1.38</pdop><dgpsid>0000</dgpsid></trkpt>
<trkpt lat="32.243081" lon="-107.44339599999999"><ele>1272.2</ele><time>2025-12-11T01:02:25.000Z</time><extensions><gpxtpx:TrackPointExtension><gpxtpx:bearing>289.97</gpxtpx:bearing><gpxtpx:speed>30.155</gpxtpx:speed></gpxtpx:TrackPointExtension></extensions><geoidheight>-26.3</geoidheight><src>gps</src><sat>15</sat><hdop>0.78</hdop><vdop>1.13</vdop><pdop>1.38</pdop><dgpsid>0000</dgpsid></trkpt>
<trkpt lat="32.244102" lon="-107.44672983333334"><ele>1272.8</ele><time>2025-12-11T01:02:36.000Z</time><extensions><gpxtpx:TrackPointExtension><gpxtpx:bearing>289.58</gpxtpx:bearing><gpxtpx:speed>29.441082</gpxtpx:speed></gpxtpx:TrackPointExtension></extensions><geoidheight>-26.3</geoidheight><src>gps</src><sat>15</sat><hdop>0.78</hdop><vdop>1.14</vdop><pdop>1.38</pdop><dgpsid>0000</dgpsid></trkpt>
<trkpt lat="32.245076000000005" lon="-107.449923"><ele>1272.4</ele><time>2025-12-11T01:02:47.000Z</time><extensions><gpxtpx:TrackPointExtension><gpxtpx:bearing>289.89</gpxtpx:bearing><gpxtpx:speed>29.225927</gpxtpx:speed></gpxtpx:TrackPointExtension></extensions><geoidheight>-26.3</geoidheight><src>gps</src><sat>15</sat><hdop>0.68</hdop><vdop>0.91</vdop><pdop>1.13</pdop><dgpsid>0000</dgpsid></trkpt>
<trkpt lat="32.24607983333333" lon="-107.45319399999998"><ele>1272.3</ele><time>2025-12-11T01:02:58.000Z</time><extensions><gpxtpx:TrackPointExtension><gpxtpx:bearing>289.77</gpxtpx:bearing><gpxtpx:speed>30.25949</gpxtpx:speed></gpxtpx:TrackPointExtension></extensions><geoidheight>-26.3</geoidheight><src>gps</src><sat>16</sat><hdop>0.64</hdop><vdop>0.90</vdop><pdop>1.10</pdop><dgpsid>0000</dgpsid></trkpt>
<trkpt lat="32.24711583333333" lon="-107.45657866666667"><ele>1272.8</ele><time>2025-12-11T01:03:09.000Z</time><extensions><gpxtpx:TrackPointExtension><gpxtpx:bearing>289.84</gpxtpx:bearing><gpxtpx:speed>31.151505</gpxtpx:speed></gpxtpx:TrackPointExtension></extensions><geoidheight>-26.3</geoidheight><src>gps</src><sat>15</sat><hdop>0.68</hdop><vdop>0.91</vdop><pdop>1.14</pdop><dgpsid>0000</dgpsid></trkpt>
<trkpt lat="32.24814666666667" lon="-107.45996166666667"><ele>1273.4</ele><time>2025-12-11T01:03:20.000Z</time><extensions><gpxtpx:TrackPointExtension><gpxtpx:bearing>289.65</gpxtpx:bearing><gpxtpx:speed>31.122164</gpxtpx:speed></gpxtpx:TrackPointExtension></extensions><geoidheight>-26.3</geoidheight><src>gps</src><sat>16</sat><hdop>0.64</hdop><vdop>0.90</vdop><pdop>1.10</pdop><dgpsid>0000</dgpsid></trkpt>
<trkpt lat="32.24919966666666" lon="-107.46340533333333"><ele>1273.8</ele><time>2025-12-11T01:03:31.000Z</time><extensions><gpxtpx:TrackPointExtension><gpxtpx:bearing>289.73</gpxtpx:bearing><gpxtpx:speed>31.200401</gpxtpx:speed></gpxtpx:TrackPointExtension></extensions><geoidheight>-26.3</geoidheight><src>gps</src><sat>15</sat><hdop>0.71</hdop><vdop>1.08</vdop><pdop>1.29</pdop><dgpsid>0000</dgpsid></trkpt>
<trkpt lat="32.250225166666674" lon="-107.46676649999999"><ele>1273.7</ele><time>2025-12-11T01:03:42.000Z</time><extensions><gpxtpx:TrackPointExtension><gpxtpx:bearing>290.02</gpxtpx:bearing><gpxtpx:speed>30.197723</gpxtpx:speed></gpxtpx:TrackPointExtension></extensions><geoidheight>-26.3</geoidheight><src>gps</src><sat>15</sat><hdop>0.65</hdop><vdop>0.95</vdop><pdop>1.15</pdop><dgpsid>0000</dgpsid></trkpt>
<trkpt lat="32.25122983333333" lon="-107.47004483333333"><ele>1274.2</ele><time>2025-12-11T01:03:53.000Z</time><extensions><gpxtpx:TrackPointExtension><gpxtpx:bearing>289.74</gpxtpx:bearing><gpxtpx:speed>30.069042</gpxtpx:speed></gpxtpx:TrackPointExtension></extensions><geoidheight>-26.3</geoidheight><src>gps</src><sat>16</sat><hdop>0.64</hdop><vdop>0.90</vdop><pdop>1.11</pdop><dgpsid>0000</dgpsid></trkpt>
<trkpt lat="32.25224766666667" lon="-107.47336416666667"><ele>1274.5</ele><time>2025-12-11T01:04:04.000Z</time><extensions><gpxtpx:TrackPointExtension><gpxtpx:bearing>290.01</gpxtpx:bearing><gpxtpx:speed>30.35317</gpxtpx:speed></gpxtpx:TrackPointExtension></extensions><geoidheight>-26.3</geoidheight><src>gps</src><sat>16</sat><hdop>0.64</hdop><vdop>0.90</vdop><pdop>1.11</pdop><dgpsid>0000</dgpsid></trkpt>
<trkpt lat="32.253263" lon="-107.47668066666665"><ele>1273.7</ele><time>2025-12-11T01:04:15.000Z</time><extensions><gpxtpx:TrackPointExtension><gpxtpx:bearing>289.85</gpxtpx:bearing><gpxtpx:speed>30.124632</gpxtpx:speed></gpxtpx:TrackPointExtension></extensions><geoidheight>-26.3</geoidheight><src>gps</src><sat>16</sat><hdop>0.64</hdop><vdop>0.90</vdop><pdop>1.11</pdop><dgpsid>0000</dgpsid></trkpt>
<trkpt lat="32.25427366666667" lon="-107.47998299999999"><ele>1273.5</ele><time>2025-12-11T01:04:26.000Z</time><extensions><gpxtpx:TrackPointExtension><gpxtpx:bearing>289.92</gpxtpx:bearing><gpxtpx:speed>30.184341</gpxtpx:speed></gpxtpx:TrackPointExtension></extensions><geoidheight>-26.3</geoidheight><src>gps</src><sat>16</sat><hdop>0.64</hdop><vdop>0.91</vdop><pdop>1.11</pdop><dgpsid>0000</dgpsid></trkpt>
<trkpt lat="32.2552735" lon="-107.48324083333334"><ele>1273.1</ele><time>2025-12-11T01:04:37.000Z</time><extensions><gpxtpx:TrackPointExtension><gpxtpx:bearing>290.03</gpxtpx:bearing><gpxtpx:speed>28.424505</gpxtpx:speed></gpxtpx:TrackPointExtension></extensions><geoidheight>-26.3</geoidheight><src>gps</src><sat>15</sat><hdop>0.71</hdop><vdop>1.09</vdop><pdop>1.30</pdop><dgpsid>0000</dgpsid></trkpt>
<trkpt lat="32.2562155" lon="-107.48631900000001"><ele>1273.9</ele><time>2025-12-11T01:04:48.000Z</time><extensions><gpxtpx:TrackPointExtension><gpxtpx:bearing>289.71</gpxtpx:bearing><gpxtpx:speed>27.883532</gpxtpx:speed></gpxtpx:TrackPointExtension></extensions><geoidheight>-26.3</geoidheight><src>gps</src><sat>15</sat><hdop>0.71</hdop><vdop>1.09</vdop><pdop>1.30</pdop><dgpsid>0000</dgpsid></trkpt>
<trkpt lat="32.257158" lon="-107.48940066666667"><ele>1273.9</ele><time>2025-12-11T01:04:59.000Z</time><extensions><gpxtpx:TrackPointExtension><gpxtpx:bearing>289.75</gpxtpx:bearing><gpxtpx:speed>28.282957</gpxtpx:speed></gpxtpx:TrackPointExtension></extensions><geoidheight>-26.3</geoidheight><src>gps</src><sat>15</sat><hdop>0.71</hdop><vdop>1.09</vdop><pdop>1.30</pdop><dgpsid>0000</dgpsid></trkpt>
<trkpt lat="32.25811" lon="-107.49251350000002"><ele>1274.4</ele><time>2025-12-11T01:05:10.000Z</time><extensions><gpxtpx:TrackPointExtension><gpxtpx:bearing>290.07</gpxtpx:bearing><gpxtpx:speed>28.323105</gpxtpx:speed></gpxtpx:TrackPointExtension></extensions><geoidheight>-26.3</geoidheight><src>gps</src><sat>16</sat><hdop>0.64</hdop><vdop>0.91</vdop><pdop>1.11</pdop><dgpsid>0000</dgpsid></trkpt>
<trkpt lat="32.25905366666667" lon="-107.49560199999999"><ele>1274.3</ele><time>2025-12-11T01:05:21.000Z</time><extensions><gpxtpx:TrackPointExtension><gpxtpx:bearing>289.95</gpxtpx:bearing><gpxtpx:speed>27.924194</gpxtpx:speed></gpxtpx:TrackPointExtension></extensions><geoidheight>-26.3</geoidheight><src>gps</src><sat>16</sat><hdop>0.65</hdop><vdop>0.96</vdop><pdop>1.16</pdop><dgpsid>0000</dgpsid></trkpt>
<trkpt lat="32.259987" lon="-107.49865933333334"><ele>1275.5</ele><time>2025-12-11T01:05:32.000Z</time><extensions><gpxtpx:TrackPointExtension><gpxtpx:bearing>289.91</gpxtpx:bearing><gpxtpx:speed>28.038464</gpxtpx:speed></gpxtpx:TrackPointExtension></extensions><geoidheight>-26.3</geoidheight><src>gps</src><sat>15</sat><hdop>0.73</hdop><vdop>1.19</vdop><pdop>1.39</pdop><dgpsid>0000</dgpsid></trkpt>
<trkpt lat="32.26093016666667" lon="-107.50174183333333"><ele>1276.4</ele><time>2025-12-11T01:05:43.000Z</time><extensions><gpxtpx:TrackPointExtension><gpxtpx:bearing>289.94</gpxtpx:bearing><gpxtpx:speed>28.06626</gpxtpx:speed></gpxtpx:TrackPointExtension></extensions><geoidheight>-26.3</geoidheight><src>gps</src><sat>15</sat><hdop>0.73</hdop><vdop>1.19</vdop><pdop>1.39</pdop><dgpsid>0000</dgpsid></trkpt>
<trkpt lat="32.26186666666667" lon="-107.50480966666667"><ele>1277.1</ele><time>2025-12-11T01:05:54.000Z</time><extensions><gpxtpx:TrackPointExtension><gpxtpx:bearing>289.8</gpxtpx:bearing><gpxtpx:speed>27.802721</gpxtpx:speed></gpxtpx:TrackPointExtension></extensions><geoidheight>-26.3</geoidheight><src>gps</src><sat>16</sat><hdop>0.64</hdop><vdop>0.91</vdop><pdop>1.12</pdop><dgpsid>0000</dgpsid></trkpt>
<trkpt lat="32.262799333333334" lon="-107.50786516666668"><ele>1277.9</ele><time>2025-12-11T01:06:05.000Z</time><extensions><gpxtpx:TrackPointExtension><gpxtpx:bearing>289.71</gpxtpx:bearing><gpxtpx:speed>27.766176</gpxtpx:speed></gpxtpx:TrackPointExtension></extensions><geoidheight>-26.3</geoidheight><src>gps</src><sat>15</sat><hdop>0.78</hdop><vdop>1.16</vdop><pdop>1.40</pdop><dgpsid>0000</dgpsid></trkpt>
<trkpt lat="32.263727333333335" lon="-107.51090799999999"><ele>1279.0</ele><time>2025-12-11T01:06:16.000Z</time><extensions><gpxtpx:TrackPointExtension><gpxtpx:bearing>289.58</gpxtpx:bearing><gpxtpx:speed>27.736835</gpxtpx:speed></gpxtpx:TrackPointExtension></extensions><geoidheight>-26.3</geoidheight><src>gps</src><sat>15</sat><hdop>0.71</hdop><vdop>1.10</vdop><pdop>1.31</pdop><dgpsid>0000</dgpsid></trkpt>
<trkpt lat="32.26466283333333" lon="-107.51397700000001"><ele>1279.6</ele><time>2025-12-11T01:06:27.000Z</time><extensions><gpxtpx:TrackPointExtension><gpxtpx:bearing>289.99</gpxtpx:bearing><gpxtpx:speed>28.26031</gpxtpx:speed></gpxtpx:TrackPointExtension></extensions><geoidheight>-26.3</geoidheight><src>gps</src><sat>15</sat><hdop>0.78</hdop><vdop>1.17</vdop><pdop>1.40</pdop><dgpsid>0000</dgpsid></trkpt>
<trkpt lat="32.26561583333333" lon="-107.5171105"><ele>1280.0</ele><time>2025-12-11T01:06:38.000Z</time><extensions><gpxtpx:TrackPointExtension><gpxtpx:bearing>289.57</gpxtpx:bearing><gpxtpx:speed>28.693705</gpxtpx:speed></gpxtpx:TrackPointExtension></extensions><geoidheight>-26.3</geoidheight><src>gps</src><sat>15</sat><hdop>0.68</hdop><vdop>0.93</vdop><pdop>1.15</pdop><dgpsid>0000</dgpsid></trkpt>
<trkpt lat="32.26657466666666" lon="-107.52024983333334"><ele>1280.0</ele><time>2025-12-11T01:06:49.000Z</time><extensions><gpxtpx:TrackPointExtension><gpxtpx:bearing>289.71</gpxtpx:bearing><gpxtpx:speed>28.472889</gpxtpx:speed></gpxtpx:TrackPointExtension></extensions><geoidheight>-26.3</geoidheight><src>gps</src><sat>15</sat><hdop>0.68</hdop><vdop>0.93</vdop><pdop>1.15</pdop><dgpsid>0000</dgpsid></trkpt>
<trkpt lat="32.26752716666667" lon="-107.52336966666665"><ele>1280.5</ele><time>2025-12-11T01:07:00.000Z</time><extensions><gpxtpx:TrackPointExtension><gpxtpx:bearing>289.86</gpxtpx:bearing><gpxtpx:speed>28.328768</gpxtpx:speed></gpxtpx:TrackPointExtension></extensions><geoidheight>-26.3</geoidheight><src>gps</src><sat>14</sat><hdop>0.78</hdop><vdop>1.17</vdop><pdop>1.41</pdop><dgpsid>0000</dgpsid></trkpt>
<trkpt lat="32.268481333333334" lon="-107.52649533333333"><ele>1280.7</ele><time>2025-12-11T01:07:11.000Z</time><extensions><gpxtpx:TrackPointExtension><gpxtpx:bearing>289.66</gpxtpx:bearing><gpxtpx:speed>28.511494</gpxtpx:speed></gpxtpx:TrackPointExtension></extensions><geoidheight>-26.3</geoidheight><src>gps</src><sat>14</sat><hdop>0.68</hdop><vdop>0.93</vdop><pdop>1.16</pdop><dgpsid>0000</dgpsid></trkpt>
<trkpt lat="32.2694275" lon="-107.5296035"><ele>1280.7</ele><time>2025-12-11T01:07:22.000Z</time><extensions><gpxtpx:TrackPointExtension><gpxtpx:bearing>289.79</gpxtpx:bearing><gpxtpx:speed>28.07398</gpxtpx:speed></gpxtpx:TrackPointExtension></extensions><geoidheight>-26.3</geoidheight><src>gps</src><sat>15</sat><hdop>0.64</hdop><vdop>0.92</vdop><pdop>1.12</pdop><dgpsid>0000</dgpsid></trkpt>
<trkpt lat="32.27036666666667" lon="-107.53270400000001"><ele>1282.4</ele><time>2025-12-11T01:07:33.000Z</time><extensions><gpxtpx:TrackPointExtension><gpxtpx:bearing>289.62</gpxtpx:bearing><gpxtpx:speed>28.26031</gpxtpx:speed></gpxtpx:TrackPointExtension></extensions><geoidheight>-26.3</geoidheight><src>gps</src><sat>15</sat><hdop>0.68</hdop><vdop>0.94</vdop><pdop>1.16</pdop><dgpsid>0000</dgpsid></trkpt>
<trkpt lat="32.27131266666667" lon="-107.53579716666667"><ele>1282.4</ele><time>2025-12-11T01:07:44.000Z</time><extensions><gpxtpx:TrackPointExtension><gpxtpx:bearing>289.62</gpxtpx:bearing><gpxtpx:speed>28.159939</gpxtpx:speed></gpxtpx:TrackPointExtension></extensions><geoidheight>-26.3</geoidheight><src>gps</src><sat>15</sat><hdop>0.68</hdop><vdop>0.94</vdop><pdop>1.16</pdop><dgpsid>0000</dgpsid></trkpt>
<trkpt lat="32.272256" lon="-107.53888733333334"><ele>1282.3</ele><time>2025-12-11T01:07:55.000Z</time><extensions><gpxtpx:TrackPointExtension><gpxtpx:bearing>289.68</gpxtpx:bearing><gpxtpx:speed>28.502743</gpxtpx:speed></gpxtpx:TrackPointExtension></extensions><geoidheight>-26.3</geoidheight><src>gps</src><sat>15</sat><hdop>0.68</hdop><vdop>0.94</vdop><pdop>1.16</pdop><dgpsid>0000</dgpsid></trkpt>
<trkpt lat="32.27321133333333" lon="-107.54203116666667"><ele>1283.0</ele><time>2025-12-11T01:08:06.000Z</time><extensions><gpxtpx:TrackPointExtension><gpxtpx:bearing>289.63</gpxtpx:bearing><gpxtpx:speed>28.464653</gpxtpx:speed></gpxtpx:TrackPointExtension></extensions><geoidheight>-26.3</geoidheight><src>gps</src><sat>15</sat><hdop>0.68</hdop><vdop>0.94</vdop><pdop>1.16</pdop><dgpsid>0000</dgpsid></trkpt>
<trkpt lat="32.274152" lon="-107.54513433333335"><ele>1283.5</ele><time>2025-12-11T01:08:17.000Z</time><extensions><gpxtpx:TrackPointExtension><gpxtpx:bearing>289.88</gpxtpx:bearing><gpxtpx:speed>28.145012</gpxtpx:speed></gpxtpx:TrackPointExtension></extensions><geoidheight>-26.3</geoidheight><src>gps</src><sat>15</sat><hdop>0.68</hdop><vdop>0.94</vdop><pdop>1.16</pdop><dgpsid>0000</dgpsid></trkpt>
<trkpt lat="32.275099833333336" lon="-107.548223"><ele>1283.6</ele><time>2025-12-11T01:08:28.000Z</time><extensions><gpxtpx:TrackPointExtension><gpxtpx:bearing>289.64</gpxtpx:bearing><gpxtpx:speed>28.265455</gpxtpx:speed></gpxtpx:TrackPointExtension></extensions><geoidheight>-26.3</geoidheight><src>gps</src><sat>15</sat><hdop>0.68</hdop><vdop>0.94</vdop><pdop>1.16</pdop><dgpsid>0000</dgpsid></trkpt>
<trkpt lat="32.276043666666666" lon="-107.55131916666666"><ele>1284.0</ele><time>2025-12-11T01:08:39.000Z</time><extensions><gpxtpx:TrackPointExtension><gpxtpx:bearing>289.77</gpxtpx:bearing><gpxtpx:speed>28.251043</gpxtpx:speed></gpxtpx:TrackPointExtension></extensions><geoidheight>-26.3</geoidheight><src>gps</src><sat>15</sat><hdop>0.68</hdop><vdop>0.94</vdop><pdop>1.16</pdop><dgpsid>0000</dgpsid></trkpt>
<trkpt lat="32.276992166666666" lon="-107.55443166666667"><ele>1284.1</ele><time>2025-12-11T01:08:50.000Z</time><extensions><gpxtpx:TrackPointExtension><gpxtpx:bearing>289.59</gpxtpx:bearing><gpxtpx:speed>28.477522</gpxtpx:speed></gpxtpx:TrackPointExtension></extensions><geoidheight>-26.3</geoidheight><src>gps</src><sat>15</sat><hdop>0.68</hdop><vdop>0.94</vdop><pdop>1.16</pdop><dgpsid>0000</dgpsid></trkpt>
<trkpt lat="32.27795083333333" lon="-107.55757566666668"><ele>1284.8</ele><time>2025-12-11T01:09:01.000Z</time><extensions><gpxtpx:TrackPointExtension><gpxtpx:bearing>289.64</gpxtpx:bearing><gpxtpx:speed>28.650984</gpxtpx:speed></gpxtpx:TrackPointExtension></extensions><geoidheight>-26.3</geoidheight><src>gps</src><sat>14</sat><hdop>0.78</hdop><vdop>1.19</vdop><pdop>1.42</pdop><dgpsid>0000</dgpsid></trkpt>
<trkpt lat="32.27891316666667" lon="-107.56073933333333"><ele>1284.9</ele><time>2025-12-11T01:09:12.000Z</time><extensions><gpxtpx:TrackPointExtension><gpxtpx:bearing>289.33</gpxtpx:bearing><gpxtpx:speed>28.757015</gpxtpx:speed></gpxtpx:TrackPointExtension></extensions><geoidheight>-26.3</geoidheight><src>gps</src><sat>15</sat><hdop>0.68</hdop><vdop>0.95</vdop><pdop>1.17</pdop><dgpsid>0000</dgpsid></trkpt>
<trkpt lat="32.27973133333333" lon="-107.56393099999998"><ele>1286.4</ele><time>2025-12-11T01:09:23.000Z</time><extensions><gpxtpx:TrackPointExtension><gpxtpx:bearing>284.62</gpxtpx:bearing><gpxtpx:speed>28.269058</gpxtpx:speed></gpxtpx:TrackPointExtension></extensions><geoidheight>-26.3</geoidheight><src>gps</src><sat>14</sat><hdop>0.71</hdop><vdop>0.96</vdop><pdop>1.19</pdop><dgpsid>0000</dgpsid></trkpt>
<trkpt lat="32.28029883333333" lon="-107.56714566666666"><ele>1287.2</ele><time>2025-12-11T01:09:34.000Z</time><extensions><gpxtpx:TrackPointExtension><gpxtpx:bearing>279.52</gpxtpx:bearing><gpxtpx:speed>28.27781</gpxtpx:speed></gpxtpx:TrackPointExtension></extensions><geoidheight>-26.3</geoidheight><src>gps</src><sat>16</sat><hdop>0.64</hdop><vdop>0.93</vdop><pdop>1.13</pdop><dgpsid>0000</dgpsid></trkpt>
<trkpt lat="32.280682666666664" lon="-107.57046066666665"><ele>1287.4</ele><time>2025-12-11T01:09:45.000Z</time><extensions><gpxtpx:TrackPointExtension><gpxtpx:bearing>277.17</gpxtpx:bearing><gpxtpx:speed>29.176</gpxtpx:speed></gpxtpx:TrackPointExtension></extensions><geoidheight>-26.3</geoidheight><src>gps</src><sat>16</sat><hdop>0.67</hdop><vdop>1.06</vdop><pdop>1.26</pdop><dgpsid>0000</dgpsid></trkpt>
<trkpt lat="32.2810475" lon="-107.5737735"><ele>1287.3</ele><time>2025-12-11T01:09:56.000Z</time><extensions><gpxtpx:TrackPointExtension><gpxtpx:bearing>277.2</gpxtpx:bearing><gpxtpx:speed>28.19288</gpxtpx:speed></gpxtpx:TrackPointExtension></extensions><geoidheight>-26.3</geoidheight><src>gps</src><sat>16</sat><hdop>0.64</hdop><vdop>0.94</vdop><pdop>1.13</pdop><dgpsid>0000</dgpsid></trkpt>
<trkpt lat="32.28140466666667" lon="-107.57702499999999"><ele>1287.6</ele><time>2025-12-11T01:10:07.000Z</time><extensions><gpxtpx:TrackPointExtension><gpxtpx:bearing>277.32</gpxtpx:bearing><gpxtpx:speed>28.189278</gpxtpx:speed></gpxtpx:TrackPointExtension></extensions><geoidheight>-26.3</geoidheight><src>gps</src><sat>16</sat><hdop>0.64</hdop><vdop>0.94</vdop><pdop>1.14</pdop><dgpsid>0000</dgpsid></trkpt>
<trkpt lat="32.281763500000004" lon="-107.58029883333332"><ele>1287.8</ele><time>2025-12-11T01:10:18.000Z</time><extensions><gpxtpx:TrackPointExtension><gpxtpx:bearing>277.31</gpxtpx:bearing><gpxtpx:speed>28.337517</gpxtpx:speed></gpxtpx:TrackPointExtension></extensions><geoidheight>-26.3</geoidheight><src>gps</src><sat>16</sat><hdop>0.64</hdop><vdop>0.94</vdop><pdop>1.14</pdop><dgpsid>0000</dgpsid></trkpt>
<trkpt lat="32.28212499999999" lon="-107.58355016666668"><ele>1288.4</ele><time>2025-12-11T01:10:29.000Z</time><extensions><gpxtpx:TrackPointExtension><gpxtpx:bearing>277.62</gpxtpx:bearing><gpxtpx:speed>27.726542</gpxtpx:speed></gpxtpx:TrackPointExtension></extensions><geoidheight>-26.3</geoidheight><src>gps</src><sat>16</sat><hdop>0.64</hdop><vdop>0.94</vdop><pdop>1.14</pdop><dgpsid>0000</dgpsid></trkpt>
<trkpt lat="32.2824785" lon="-107.58675616666666"><ele>1288.7</ele><time>2025-12-11T01:10:40.000Z</time><extensions><gpxtpx:TrackPointExtension><gpxtpx:bearing>277.5</gpxtpx:bearing><gpxtpx:speed>27.780073</gpxtpx:speed></gpxtpx:TrackPointExtension></extensions><geoidheight>-26.3</geoidheight><src>gps</src><sat>16</sat><hdop>0.64</hdop><vdop>0.94</vdop><pdop>1.14</pdop><dgpsid>0000</dgpsid></trkpt>
<trkpt lat="32.282832" lon="-107.58997983333332"><ele>1289.6</ele><time>2025-12-11T01:10:51.000Z</time><extensions><gpxtpx:TrackPointExtension><gpxtpx:bearing>277.34</gpxtpx:bearing><gpxtpx:speed>27.964344</gpxtpx:speed></gpxtpx:TrackPointExtension></extensions><geoidheight>-26.3</geoidheight><src>gps</src><sat>16</sat><hdop>0.64</hdop><vdop>0.94</vdop><pdop>1.14</pdop><dgpsid>0000</dgpsid></trkpt>
<trkpt lat="32.28319016666667" lon="-107.59322500000002"><ele>1290.5</ele><time>2025-12-11T01:11:02.000Z</time><extensions><gpxtpx:TrackPointExtension><gpxtpx:bearing>277.25</gpxtpx:bearing><gpxtpx:speed>28.01427</gpxtpx:speed></gpxtpx:TrackPointExtension></extensions><geoidheight>-26.3</geoidheight><src>gps</src><sat>16</sat><hdop>0.64</hdop><vdop>0.94</vdop><pdop>1.14</pdop><dgpsid>0000</dgpsid></trkpt>
<trkpt lat="32.28354983333334" lon="-107.59645733333333"><ele>1292.3</ele><time>2025-12-11T01:11:13.000Z</time><extensions><gpxtpx:TrackPointExtension><gpxtpx:bearing>277.32</gpxtpx:bearing><gpxtpx:speed>27.760513</gpxtpx:speed></gpxtpx:TrackPointExtension></extensions><geoidheight>-26.3</geoidheight><src>gps</src><sat>16</sat><hdop>0.64</hdop><vdop>0.94</vdop><pdop>1.14</pdop><dgpsid>0000</dgpsid></trkpt>
<trkpt lat="32.28390016666666" lon="-107.59965316666667"><ele>1293.7</ele><time>2025-12-11T01:11:24.000Z</time><extensions><gpxtpx:TrackPointExtension><gpxtpx:bearing>277.29</gpxtpx:bearing><gpxtpx:speed>27.49955</gpxtpx:speed></gpxtpx:TrackPointExtension></extensions><geoidheight>-26.3</geoidheight><src>gps</src><sat>16</sat><hdop>0.64</hdop><vdop>0.94</vdop><pdop>1.14</pdop><dgpsid>0000</dgpsid></trkpt>
<trkpt lat="32.28424866666667" lon="-107.60283316666667"><ele>1294.9</ele><time>2025-12-11T01:11:35.000Z</time><extensions><gpxtpx:TrackPointExtension><gpxtpx:bearing>277.5</gpxtpx:bearing><gpxtpx:speed>27.435724</gpxtpx:speed></gpxtpx:TrackPointExtension></extensions><geoidheight>-26.3</geoidheight><src>gps</src><sat>16</sat><hdop>0.64</hdop><vdop>0.95</vdop><pdop>1.14</pdop><dgpsid>0000</dgpsid></trkpt>
<trkpt lat="32.284602666666665" lon="-107.60600116666667"><ele>1296.1</ele><time>2025-12-11T01:11:46.000Z</time><extensions><gpxtpx:TrackPointExtension><gpxtpx:bearing>277.31</gpxtpx:bearing><gpxtpx:speed>27.359545</gpxtpx:speed></gpxtpx:TrackPointExtension></extensions><geoidheight>-26.3</geoidheight><src>gps</src><sat>16</sat><hdop>0.64</hdop><vdop>0.95</vdop><pdop>1.14</pdop><dgpsid>0000</dgpsid></trkpt>
<trkpt lat="32.2849475" lon="-107.60915016666668"><ele>1297.6</ele><time>2025-12-11T01:11:57.000Z</time><extensions><gpxtpx:TrackPointExtension><gpxtpx:bearing>277.39</gpxtpx:bearing><gpxtpx:speed>27.188143</gpxtpx:speed></gpxtpx:TrackPointExtension></extensions><geoidheight>-26.3</geoidheight><src>gps</src><sat>15</sat><hdop>0.71</hdop><vdop>1.13</vdop><pdop>1.33</pdop><dgpsid>0000</dgpsid></trkpt>
<trkpt lat="32.2852945" lon="-107.61229066666668"><ele>1299.7</ele><time>2025-12-11T01:12:08.000Z</time><extensions><gpxtpx:TrackPointExtension><gpxtpx:bearing>277.34</gpxtpx:bearing><gpxtpx:speed>27.310646</gpxtpx:speed></gpxtpx:TrackPointExtension></extensions><geoidheight>-26.4</geoidheight><src>gps</src><sat>16</sat><hdop>0.64</hdop><vdop>0.95</vdop><pdop>1.15</pdop><dgpsid>0000</dgpsid></trkpt>
<trkpt lat="32.285641166666665" lon="-107.61545566666668"><ele>1300.7</ele><time>2025-12-11T01:12:19.000Z</time><extensions><gpxtpx:TrackPointExtension><gpxtpx:bearing>277.48</gpxtpx:bearing><gpxtpx:speed>27.445503</gpxtpx:speed></gpxtpx:TrackPointExtension></extensions><geoidheight>-26.4</geoidheight><src>gps</src><sat>16</sat><hdop>0.64</hdop><vdop>0.95</vdop><pdop>1.15</pdop><dgpsid>0000</dgpsid></trkpt>
<trkpt lat="32.285987500000005" lon="-107.61863"><ele>1301.0</ele><time>2025-12-11T01:12:30.000Z</time><extensions><gpxtpx:TrackPointExtension><gpxtpx:bearing>277.46</gpxtpx:bearing><gpxtpx:speed>27.449106</gpxtpx:speed></gpxtpx:TrackPointExtension></extensions><geoidheight>-26.4</geoidheight><src>gps</src><sat>16</sat><hdop>0.64</hdop><vdop>0.95</vdop><pdop>1.15</pdop><dgpsid>0000</dgpsid></trkpt>
<trkpt lat="32.28633633333333" lon="-107.6217925"><ele>1301.3</ele><time>2025-12-11T01:12:41.000Z</time><extensions><gpxtpx:TrackPointExtension><gpxtpx:bearing>277.37</gpxtpx:bearing><gpxtpx:speed>27.287483</gpxtpx:speed></gpxtpx:TrackPointExtension></extensions><geoidheight>-26.4</geoidheight><src>gps</src><sat>16</sat><hdop>0.64</hdop><vdop>0.95</vdop><pdop>1.15</pdop><dgpsid>0000</dgpsid></trkpt>
<trkpt lat="32.286686333333336" lon="-107.62496133333335"><ele>1301.9</ele><time>2025-12-11T01:12:52.000Z</time><extensions><gpxtpx:TrackPointExtension><gpxtpx:bearing>277.32</gpxtpx:bearing><gpxtpx:speed>27.53661</gpxtpx:speed></gpxtpx:TrackPointExtension></extensions><geoidheight>-26.4</geoidheight><src>gps</src><sat>16</sat><hdop>0.64</hdop><vdop>0.95</vdop><pdop>1.15</pdop><dgpsid>0000</dgpsid></trkpt>
<trkpt lat="32.28704066666667" lon="-107.62816216666667"><ele>1303.5</ele><time>2025-12-11T01:13:03.000Z</time><extensions><gpxtpx:TrackPointExtension><gpxtpx:bearing>277.14</gpxtpx:bearing><gpxtpx:speed>27.645731</gpxtpx:speed></gpxtpx:TrackPointExtension></extensions><geoidheight>-26.4</geoidheight><src>gps</src><sat>16</sat><hdop>0.64</hdop><vdop>0.95</vdop><pdop>1.15</pdop><dgpsid>0000</dgpsid></trkpt>
<trkpt lat="32.28727716666666" lon="-107.63132366666666"><ele>1306.1</ele><time>2025-12-11T01:13:14.000Z</time><extensions><gpxtpx:TrackPointExtension><gpxtpx:bearing>270.81</gpxtpx:bearing><gpxtpx:speed>26.865412</gpxtpx:speed></gpxtpx:TrackPointExtension></extensions><geoidheight>-26.4</geoidheight><src>gps</src><sat>16</sat><hdop>0.64</hdop><vdop>0.96</vdop><pdop>1.15</pdop><dgpsid>0000</dgpsid></trkpt>
<trkpt lat="32.28711416666667" lon="-107.63443416666665"><ele>1307.3</ele><time>2025-12-11T01:13:25.000Z</time><extensions><gpxtpx:TrackPointExtension><gpxtpx:bearing>264.09</gpxtpx:bearing><gpxtpx:speed>26.687317</gpxtpx:speed></gpxtpx:TrackPointExtension></extensions><geoidheight>-26.4</geoidheight><src>gps</src><sat>16</sat><hdop>0.64</hdop><vdop>0.96</vdop><pdop>1.15</pdop><dgpsid>0000</dgpsid></trkpt>
<trkpt lat="32.2868235" lon="-107.63753100000001"><ele>1308.0</ele><time>2025-12-11T01:13:36.000Z</time><extensions><gpxtpx:TrackPointExtension><gpxtpx:bearing>263.69</gpxtpx:bearing><gpxtpx:speed>26.823204</gpxtpx:speed></gpxtpx:TrackPointExtension></extensions><geoidheight>-26.4</geoidheight><src>gps</src><sat>16</sat><hdop>0.64</hdop><vdop>0.96</vdop><pdop>1.15</pdop><dgpsid>0000</dgpsid></trkpt>
<trkpt lat="32.28652733333333" lon="-107.64065000000001"><ele>1308.2</ele><time>2025-12-11T01:13:47.000Z</time><extensions><gpxtpx:TrackPointExtension><gpxtpx:bearing>263.38</gpxtpx:bearing><gpxtpx:speed>26.930782</gpxtpx:speed></gpxtpx:TrackPointExtension></extensions><geoidheight>-26.4</geoidheight><src>gps</src><sat>16</sat><hdop>0.64</hdop><vdop>0.96</vdop><pdop>1.15</pdop><dgpsid>0000</dgpsid></trkpt>
<trkpt lat="32.28623" lon="-107.64377783333333"><ele>1308.7</ele><time>2025-12-11T01:13:58.000Z</time><extensions><gpxtpx:TrackPointExtension><gpxtpx:bearing>263.26</gpxtpx:bearing><gpxtpx:speed>27.02755</gpxtpx:speed></gpxtpx:TrackPointExtension></extensions><geoidheight>-26.4</geoidheight><src>gps</src><sat>16</sat><hdop>0.64</hdop><vdop>0.96</vdop><pdop>1.15</pdop><dgpsid>0000</dgpsid></trkpt>
<trkpt lat="32.28593183333333" lon="-107.64693833333334"><ele>1309.4</ele><time>2025-12-11T01:14:09.000Z</time><extensions><gpxtpx:TrackPointExtension><gpxtpx:bearing>263.64</gpxtpx:bearing><gpxtpx:speed>27.691027</gpxtpx:speed></gpxtpx:TrackPointExtension></extensions><geoidheight>-26.4</geoidheight><src>gps</src><sat>16</sat><hdop>0.64</hdop><vdop>0.96</vdop><pdop>1.16</pdop><dgpsid>0000</dgpsid></trkpt>
<trkpt lat="32.285626" lon="-107.65015216666667"><ele>1310.2</ele><time>2025-12-11T01:14:20.000Z</time><extensions><gpxtpx:TrackPointExtension><gpxtpx:bearing>263.52</gpxtpx:bearing><gpxtpx:speed>27.555655</gpxtpx:speed></gpxtpx:TrackPointExtension></extensions><geoidheight>-26.4</geoidheight><src>gps</src><sat>16</sat><hdop>0.64</hdop><vdop>0.96</vdop><pdop>1.16</pdop><dgpsid>0000</dgpsid></trkpt>
<trkpt lat="32.285320999999996" lon="-107.653309"><ele>1310.5</ele><time>2025-12-11T01:14:31.000Z</time><extensions><gpxtpx:TrackPointExtension><gpxtpx:bearing>263.47</gpxtpx:bearing><gpxtpx:speed>26.97093</gpxtpx:speed></gpxtpx:TrackPointExtension></extensions><geoidheight>-26.4</geoidheight><src>gps</src><sat>16</sat><hdop>0.64</hdop><vdop>0.96</vdop><pdop>1.16</pdop><dgpsid>0000</dgpsid></trkpt>
<trkpt lat="32.28502183333333" lon="-107.65639433333332"><ele>1310.4</ele><time>2025-12-11T01:14:42.000Z</time><extensions><gpxtpx:TrackPointExtension><gpxtpx:bearing>263.52</gpxtpx:bearing><gpxtpx:speed>26.382088</gpxtpx:speed></gpxtpx:TrackPointExtension></extensions><geoidheight>-26.4</geoidheight><src>gps</src><sat>16</sat><hdop>0.64</hdop><vdop>0.96</vdop><pdop>1.16</pdop><dgpsid>0000</dgpsid></trkpt>
<trkpt lat="32.28473566666666" lon="-107.65941249999999"><ele>1310.7</ele><time>2025-12-11T01:14:53.000Z</time><extensions><gpxtpx:TrackPointExtension><gpxtpx:bearing>263.7</gpxtpx:bearing><gpxtpx:speed>25.828247</gpxtpx:speed></gpxtpx:TrackPointExtension></extensions><geoidheight>-26.4</geoidheight><src>gps</src><sat>16</sat><hdop>0.64</hdop><vdop>0.96</vdop><pdop>1.16</pdop><dgpsid>0000</dgpsid></trkpt>
<trkpt lat="32.284451833333335" lon="-107.66238833333334"><ele>1311.4</ele><time>2025-12-11T01:15:04.000Z</time><extensions><gpxtpx:TrackPointExtension><gpxtpx:bearing>263.75</gpxtpx:bearing><gpxtpx:speed>25.435513</gpxtpx:speed></gpxtpx:TrackPointExtension></extensions><geoidheight>-26.4</geoidheight><src>gps</src><sat>16</sat><hdop>0.64</hdop><vdop>0.97</vdop><pdop>1.16</pdop><dgpsid>0000</dgpsid></trkpt>
<trkpt lat="32.2841745" lon="-107.66530783333334"><ele>1312.6</ele><time>2025-12-11T01:15:15.000Z</time><extensions><gpxtpx:TrackPointExtension><gpxtpx:bearing>263.45</gpxtpx:bearing><gpxtpx:speed>24.98822</gpxtpx:speed></gpxtpx:TrackPointExtension></extensions><geoidheight>-26.4</geoidheight><src>gps</src><sat>16</sat><hdop>0.64</hdop><vdop>0.97</vdop><pdop>1.16</pdop><dgpsid>0000</dgpsid></trkpt>
<trkpt lat="32.283896166666665" lon="-107.66823483333334"><ele>1313.2</ele><time>2025-12-11T01:15:26.000Z</time><extensions><gpxtpx:TrackPointExtension><gpxtpx:bearing>263.37</gpxtpx:bearing><gpxtpx:speed>25.518898</gpxtpx:speed></gpxtpx:TrackPointExtension></extensions><geoidheight>-26.4</geoidheight><src>gps</src><sat>16</sat><hdop>0.64</hdop><vdop>0.97</vdop><pdop>1.16</pdop><dgpsid>0000</dgpsid></trkpt>
<trkpt lat="32.28361133333333" lon="-107.67120783333333"><ele>1312.5</ele><time>2025-12-11T01:15:37.000Z</time><extensions><gpxtpx:TrackPointExtension><gpxtpx:bearing>263.58</gpxtpx:bearing><gpxtpx:speed>25.584269</gpxtpx:speed></gpxtpx:TrackPointExtension></extensions><geoidheight>-26.4</geoidheight><src>gps</src><sat>15</sat><hdop>0.68</hdop><vdop>0.99</vdop><pdop>1.20</pdop><dgpsid>0000</dgpsid></trkpt>
<trkpt lat="32.28332866666666" lon="-107.67416649999998"><ele>1312.2</ele><time>2025-12-11T01:15:48.000Z</time><extensions><gpxtpx:TrackPointExtension><gpxtpx:bearing>263.68</gpxtpx:bearing><gpxtpx:speed>25.371687</gpxtpx:speed></gpxtpx:TrackPointExtension></extensions><geoidheight>-26.4</geoidheight><src>gps</src><sat>15</sat><hdop>0.68</hdop><vdop>0.99</vdop><pdop>1.20</pdop><dgpsid>0000</dgpsid></trkpt>
<trkpt lat="32.28304816666667" lon="-107.67711816666666"><ele>1312.5</ele><time>2025-12-11T01:15:59.000Z</time><extensions><gpxtpx:TrackPointExtension><gpxtpx:bearing>263.72</gpxtpx:bearing><gpxtpx:speed>25.45816</gpxtpx:speed></gpxtpx:TrackPointExtension></extensions><geoidheight>-26.4</geoidheight><src>gps</src><sat>16</sat><hdop>0.64</hdop><vdop>0.97</vdop><pdop>1.16</pdop><dgpsid>0000</dgpsid></trkpt>
<trkpt lat="32.282767166666666" lon="-107.6800595"><ele>1314.0</ele><time>2025-12-11T01:16:10.000Z</time><extensions><gpxtpx:TrackPointExtension><gpxtpx:bearing>263.61</gpxtpx:bearing><gpxtpx:speed>25.319185</gpxtpx:speed></gpxtpx:TrackPointExtension></extensions><geoidheight>-26.4</geoidheight><src>gps</src><sat>16</sat><hdop>0.64</hdop><vdop>0.97</vdop><pdop>1.17</pdop><dgpsid>0000</dgpsid></trkpt>
<trkpt lat="32.28248416666667" lon="-107.68303216666666"><ele>1313.7</ele><time>2025-12-11T01:16:21.000Z</time><extensions><gpxtpx:TrackPointExtension><gpxtpx:bearing>263.51</gpxtpx:bearing><gpxtpx:speed>26.10774</gpxtpx:speed></gpxtpx:TrackPointExtension></extensions><geoidheight>-26.4</geoidheight><src>gps</src><sat>16</sat><hdop>0.65</hdop><vdop>0.87</vdop><pdop>1.08</pdop><dgpsid>0000</dgpsid></trkpt>
<trkpt lat="32.282191499999996" lon="-107.68605700000002"><ele>1314.8</ele><time>2025-12-11T01:16:32.000Z</time><extensions><gpxtpx:TrackPointExtension><gpxtpx:bearing>263.61</gpxtpx:bearing><gpxtpx:speed>26.20811</gpxtpx:speed></gpxtpx:TrackPointExtension></extensions><geoidheight>-26.4</geoidheight><src>gps</src><sat>16</sat><hdop>0.62</hdop><vdop>0.87</vdop><pdop>1.06</pdop><dgpsid>0000</dgpsid></trkpt>
<trkpt lat="32.28189416666667" lon="-107.689108"><ele>1316.0</ele><time>2025-12-11T01:16:43.000Z</time><extensions><gpxtpx:TrackPointExtension><gpxtpx:bearing>263.28</gpxtpx:bearing><gpxtpx:speed>26.407824</gpxtpx:speed></gpxtpx:TrackPointExtension></extensions><geoidheight>-26.4</geoidheight><src>gps</src><sat>16</sat><hdop>0.65</hdop><vdop>0.87</vdop><pdop>1.09</pdop><dgpsid>0000</dgpsid></trkpt>
<trkpt lat="32.281493" lon="-107.692137"><ele>1316.7</ele><time>2025-12-11T01:16:54.000Z</time><extensions><gpxtpx:TrackPointExtension><gpxtpx:bearing>259.49</gpxtpx:bearing><gpxtpx:speed>26.211714</gpxtpx:speed></gpxtpx:TrackPointExtension></extensions><geoidheight>-26.4</geoidheight><src>gps</src><sat>16</sat><hdop>0.65</hdop><vdop>0.87</vdop><pdop>1.09</pdop><dgpsid>0000</dgpsid></trkpt>
<trkpt lat="32.28094016666667" lon="-107.6951635"><ele>1316.3</ele><time>2025-12-11T01:17:05.000Z</time><extensions><gpxtpx:TrackPointExtension><gpxtpx:bearing>256.51</gpxtpx:bearing><gpxtpx:speed>26.71717</gpxtpx:speed></gpxtpx:TrackPointExtension></extensions><geoidheight>-26.4</geoidheight><src>gps</src><sat>16</sat><hdop>0.62</hdop><vdop>0.87</vdop><pdop>1.07</pdop><dgpsid>0000</dgpsid></trkpt>
<trkpt lat="32.28024583333333" lon="-107.69818433333333"><ele>1317.5</ele><time>2025-12-11T01:17:16.000Z</time><extensions><gpxtpx:TrackPointExtension><gpxtpx:bearing>252.89</gpxtpx:bearing><gpxtpx:speed>26.763496</gpxtpx:speed></gpxtpx:TrackPointExtension></extensions><geoidheight>-26.4</geoidheight><src>gps</src><sat>16</sat><hdop>0.62</hdop><vdop>0.87</vdop><pdop>1.07</pdop><dgpsid>0000</dgpsid></trkpt>
<trkpt lat="32.279401666666665" lon="-107.70113950000001"><ele>1318.8</ele><time>2025-12-11T01:17:27.000Z</time><extensions><gpxtpx:TrackPointExtension><gpxtpx:bearing>250.35</gpxtpx:bearing><gpxtpx:speed>26.617315</gpxtpx:speed></gpxtpx:TrackPointExtension></extensions><geoidheight>-26.4</geoidheight><src>gps</src><sat>16</sat><hdop>0.62</hdop><vdop>0.87</vdop><pdop>1.07</pdop><dgpsid>0000</dgpsid></trkpt>
<trkpt lat="32.2785165" lon="-107.70403800000001"><ele>1318.7</ele><time>2025-12-11T01:17:38.000Z</time><extensions><gpxtpx:TrackPointExtension><gpxtpx:bearing>250.15</gpxtpx:bearing><gpxtpx:speed>26.329586</gpxtpx:speed></gpxtpx:TrackPointExtension></extensions><geoidheight>-26.4</geoidheight><src>gps</src><sat>16</sat><hdop>0.62</hdop><vdop>0.87</vdop><pdop>1.07</pdop><dgpsid>0000</dgpsid></trkpt>
<trkpt lat="32.27760916666667" lon="-107.70698616666665"><ele>1319.2</ele><time>2025-12-11T01:17:49.000Z</time><extensions><gpxtpx:TrackPointExtension><gpxtpx:bearing>249.96</gpxtpx:bearing><gpxtpx:speed>27.133581</gpxtpx:speed></gpxtpx:TrackPointExtension></extensions><geoidheight>-26.4</geoidheight><src>gps</src><sat>16</sat><hdop>0.62</hdop><vdop>0.88</vdop><pdop>1.07</pdop><dgpsid>0000</dgpsid></trkpt>
<trkpt lat="32.276717833333336" lon="-107.70997533333333"><ele>1319.5</ele><time>2025-12-11T01:18:00.000Z</time><extensions><gpxtpx:TrackPointExtension><gpxtpx:bearing>252.78</gpxtpx:bearing><gpxtpx:speed>27.109905</gpxtpx:speed></gpxtpx:TrackPointExtension></extensions><geoidheight>-26.4</geoidheight><src>gps</src><sat>16</sat><hdop>0.62</hdop><vdop>0.88</vdop><pdop>1.07</pdop><dgpsid>0000</dgpsid></trkpt>
<trkpt lat="32.27616616666667" lon="-107.71305883333335"><ele>1320.5</ele><time>2025-12-11T01:18:11.000Z</time><extensions><gpxtpx:TrackPointExtension><gpxtpx:bearing>261.83</gpxtpx:bearing><gpxtpx:speed>26.814968</gpxtpx:speed></gpxtpx:TrackPointExtension></extensions><geoidheight>-26.4</geoidheight><src>gps</src><sat>16</sat><hdop>0.62</hdop><vdop>0.88</vdop><pdop>1.07</pdop><dgpsid>0000</dgpsid></trkpt>
<trkpt lat="32.27577933333334" lon="-107.71619933333335"><ele>1321.3</ele><time>2025-12-11T01:18:22.000Z</time><extensions><gpxtpx:TrackPointExtension><gpxtpx:bearing>261.85</gpxtpx:bearing><gpxtpx:speed>26.96115</gpxtpx:speed></gpxtpx:TrackPointExtension></extensions><geoidheight>-26.4</geoidheight><src>gps</src><sat>16</sat><hdop>0.62</hdop><vdop>0.88</vdop><pdop>1.07</pdop><dgpsid>0000</dgpsid></trkpt>
<trkpt lat="32.27539616666666" lon="-107.71931416666666"><ele>1321.6</ele><time>2025-12-11T01:18:33.000Z</time><extensions><gpxtpx:TrackPointExtension><gpxtpx:bearing>261.7</gpxtpx:bearing><gpxtpx:speed>27.242702</gpxtpx:speed></gpxtpx:TrackPointExtension></extensions><geoidheight>-26.4</geoidheight><src>gps</src><sat>16</sat><hdop>0.62</hdop><vdop>0.88</vdop><pdop>1.07</pdop><dgpsid>0000</dgpsid></trkpt>
<trkpt lat="32.275006999999995" lon="-107.72251183333334"><ele>1321.8</ele><time>2025-12-11T01:18:44.000Z</time><extensions><gpxtpx:TrackPointExtension><gpxtpx:bearing>261.98</gpxtpx:bearing><gpxtpx:speed>28.094053</gpxtpx:speed></gpxtpx:TrackPointExtension></extensions><geoidheight>-26.4</geoidheight><src>gps</src><sat>16</sat><hdop>0.62</hdop><vdop>0.88</vdop><pdop>1.08</pdop><dgpsid>0000</dgpsid></trkpt>
<trkpt lat="32.27460683333334" lon="-107.72576383333332"><ele>1323.0</ele><time>2025-12-11T01:18:55.000Z</time><extensions><gpxtpx:TrackPointExtension><gpxtpx:bearing>261.89</gpxtpx:bearing><gpxtpx:speed>28.093538</gpxtpx:speed></gpxtpx:TrackPointExtension></extensions><geoidheight>-26.4</geoidheight><src>gps</src><sat>16</sat><hdop>0.62</hdop><vdop>0.88</vdop><pdop>1.08</pdop><dgpsid>0000</dgpsid></trkpt>
<trkpt lat="32.27420933333334" lon="-107.72901599999999"><ele>1323.9</ele><time>2025-12-11T01:19:06.000Z</time><extensions><gpxtpx:TrackPointExtension><gpxtpx:bearing>261.65</gpxtpx:bearing><gpxtpx:speed>28.357592</gpxtpx:speed></gpxtpx:TrackPointExtension></extensions><geoidheight>-26.4</geoidheight><src>gps</src><sat>16</sat><hdop>0.62</hdop><vdop>0.88</vdop><pdop>1.08</pdop><dgpsid>0000</dgpsid></trkpt>
<trkpt lat="32.2738085" lon="-107.7322885"><ele>1326.2</ele><time>2025-12-11T01:19:17.000Z</time><extensions><gpxtpx:TrackPointExtension><gpxtpx:bearing>261.75</gpxtpx:bearing><gpxtpx:speed>27.63595</gpxtpx:speed></gpxtpx:TrackPointExtension></extensions><geoidheight>-26.4</geoidheight><src>gps</src><sat>16</sat><hdop>0.62</hdop><vdop>0.88</vdop><pdop>1.08</pdop><dgpsid>0000</dgpsid></trkpt>
<trkpt lat="32.27342316666667" lon="-107.7353745"><ele>1332.8</ele><time>2025-12-11T01:19:28.000Z</time><extensions><gpxtpx:TrackPointExtension><gpxtpx:bearing>262.0</gpxtpx:bearing><gpxtpx:speed>26.418633</gpxtpx:speed></gpxtpx:TrackPointExtension></extensions><geoidheight>-26.4</geoidheight><src>gps</src><sat>16</sat><hdop>0.62</hdop><vdop>0.88</vdop><pdop>1.08</pdop><dgpsid>0000</dgpsid></trkpt>
<trkpt lat="32.2730465" lon="-107.73846066666668"><ele>1330.7</ele><time>2025-12-11T01:19:39.000Z</time><extensions><gpxtpx:TrackPointExtension><gpxtpx:bearing>261.83</gpxtpx:bearing><gpxtpx:speed>27.52374</gpxtpx:speed></gpxtpx:TrackPointExtension></extensions><geoidheight>-26.4</geoidheight><src>gps</src><sat>16</sat><hdop>0.62</hdop><vdop>0.89</vdop><pdop>1.08</pdop><dgpsid>0000</dgpsid></trkpt>
<trkpt lat="32.27264916666666" lon="-107.74168433333334"><ele>1325.5</ele><time>2025-12-11T01:19:50.000Z</time><extensions><gpxtpx:TrackPointExtension><gpxtpx:bearing>262.07</gpxtpx:bearing><gpxtpx:speed>27.516535</gpxtpx:speed></gpxtpx:TrackPointExtension></extensions><geoidheight>-26.4</geoidheight><src>gps</src><sat>16</sat><hdop>0.62</hdop><vdop>0.89</vdop><pdop>1.08</pdop><dgpsid>0000</dgpsid></trkpt>
<trkpt lat="32.27226666666666" lon="-107.744823"><ele>1325.6</ele><time>2025-12-11T01:20:01.000Z</time><extensions><gpxtpx:TrackPointExtension><gpxtpx:bearing>261.82</gpxtpx:bearing><gpxtpx:speed>26.983284</gpxtpx:speed></gpxtpx:TrackPointExtension></extensions><geoidheight>-26.4</geoidheight><src>gps</src><sat>16</sat><hdop>0.62</hdop><vdop>0.89</vdop><pdop>1.08</pdop><dgpsid>0000</dgpsid></trkpt>
<trkpt lat="32.27187833333333" lon="-107.74793633333333"><ele>1326.4</ele><time>2025-12-11T01:20:12.000Z</time><extensions><gpxtpx:TrackPointExtension><gpxtpx:bearing>261.67</gpxtpx:bearing><gpxtpx:speed>27.009535</gpxtpx:speed></gpxtpx:TrackPointExtension></extensions><geoidheight>-26.4</geoidheight><src>gps</src><sat>16</sat><hdop>0.62</hdop><vdop>0.89</vdop><pdop>1.08</pdop><dgpsid>0000</dgpsid></trkpt>
<trkpt lat="32.27149133333333" lon="-107.75103733333331"><ele>1330.5</ele><time>2025-12-11T01:20:23.000Z</time><extensions><gpxtpx:TrackPointExtension><gpxtpx:bearing>261.65</gpxtpx:bearing><gpxtpx:speed>26.464958</gpxtpx:speed></gpxtpx:TrackPointExtension></extensions><geoidheight>-26.4</geoidheight><src>gps</src><sat>16</sat><hdop>0.62</hdop><vdop>0.89</vdop><pdop>1.08</pdop><dgpsid>0000</dgpsid></trkpt>
<trkpt lat="32.27111783333333" lon="-107.75408833333334"><ele>1332.1</ele><time>2025-12-11T01:20:34.000Z</time><extensions><gpxtpx:TrackPointExtension><gpxtpx:bearing>261.84</gpxtpx:bearing><gpxtpx:speed>26.898354</gpxtpx:speed></gpxtpx:TrackPointExtension></extensions><geoidheight>-26.4</geoidheight><src>gps</src><sat>16</sat><hdop>0.62</hdop><vdop>0.89</vdop><pdop>1.08</pdop><dgpsid>0000</dgpsid></trkpt>
<trkpt lat="32.270725" lon="-107.75724266666666"><ele>1331.6</ele><time>2025-12-11T01:20:45.000Z</time><extensions><gpxtpx:TrackPointExtension><gpxtpx:bearing>262.02</gpxtpx:bearing><gpxtpx:speed>26.927177</gpxtpx:speed></gpxtpx:TrackPointExtension></extensions><geoidheight>-26.4</geoidheight><src>gps</src><sat>16</sat><hdop>0.62</hdop><vdop>0.89</vdop><pdop>1.09</pdop><dgpsid>0000</dgpsid></trkpt>
<trkpt lat="32.27035383333334" lon="-107.76030416666666"><ele>1333.8</ele><time>2025-12-11T01:20:56.000Z</time><extensions><gpxtpx:TrackPointExtension><gpxtpx:bearing>261.77</gpxtpx:bearing><gpxtpx:speed>26.446428</gpxtpx:speed></gpxtpx:TrackPointExtension></extensions><geoidheight>-26.4</geoidheight><src>gps</src><sat>16</sat><hdop>0.62</hdop><vdop>0.89</vdop><pdop>1.09</pdop><dgpsid>0000</dgpsid></trkpt>
<trkpt lat="32.269975" lon="-107.76338816666666"><ele>1332.2</ele><time>2025-12-11T01:21:07.000Z</time><extensions><gpxtpx:TrackPointExtension><gpxtpx:bearing>261.52</gpxtpx:bearing><gpxtpx:speed>26.706362</gpxtpx:speed></gpxtpx:TrackPointExtension></extensions><geoidheight>-26.4</geoidheight><src>gps</src><sat>16</sat><hdop>0.62</hdop><vdop>0.89</vdop><pdop>1.09</pdop><dgpsid>0000</dgpsid></trkpt>
<trkpt lat="32.269596" lon="-107.76641866666665"><ele>1335.8</ele><time>2025-12-11T01:21:18.000Z</time><extensions><gpxtpx:TrackPointExtension><gpxtpx:bearing>262.11</gpxtpx:bearing><gpxtpx:speed>25.669712</gpxtpx:speed></gpxtpx:TrackPointExtension></extensions><geoidheight>-26.4</geoidheight><src>gps</src><sat>16</sat><hdop>0.62</hdop><vdop>0.90</vdop><pdop>1.09</pdop><dgpsid>0000</dgpsid></trkpt>
<trkpt lat="32.26923416666667" lon="-107.76942566666666"><ele>1339.1</ele><time>2025-12-11T01:21:29.000Z</time><extensions><gpxtpx:TrackPointExtension><gpxtpx:bearing>262.53</gpxtpx:bearing><gpxtpx:speed>26.39547</gpxtpx:speed></gpxtpx:TrackPointExtension></extensions><geoidheight>-26.4</geoidheight><src>gps</src><sat>16</sat><hdop>0.62</hdop><vdop>0.90</vdop><pdop>1.09</pdop><dgpsid>0000</dgpsid></trkpt>
<trkpt lat="32.26899366666667" lon="-107.77253216666668"><ele>1335.7</ele><time>2025-12-11T01:21:40.000Z</time><extensions><gpxtpx:TrackPointExtension><gpxtpx:bearing>267.98</gpxtpx:bearing><gpxtpx:speed>26.249289</gpxtpx:speed></gpxtpx:TrackPointExtension></extensions><geoidheight>-26.4</geoidheight><src>gps</src><sat>16</sat><hdop>0.64</hdop><vdop>0.92</vdop><pdop>1.11</pdop><dgpsid>0000</dgpsid></trkpt>
<trkpt lat="32.26879183333333" lon="-107.77551383333333"><ele>1339.9</ele><time>2025-12-11T01:21:51.000Z</time><extensions><gpxtpx:TrackPointExtension><gpxtpx:bearing>256.82</gpxtpx:bearing><gpxtpx:speed>25.282125</gpxtpx:speed></gpxtpx:TrackPointExtension></extensions><geoidheight>-26.4</geoidheight><src>gps</src><sat>16</sat><hdop>0.62</hdop><vdop>0.90</vdop><pdop>1.09</pdop><dgpsid>0000</dgpsid></trkpt>
<trkpt lat="32.267860166666665" lon="-107.77823633333334"><ele>1340.9</ele><time>2025-12-11T01:22:02.000Z</time><extensions><gpxtpx:TrackPointExtension><gpxtpx:bearing>249.88</gpxtpx:bearing><gpxtpx:speed>24.956306</gpxtpx:speed></gpxtpx:TrackPointExtension></extensions><geoidheight>-26.4</geoidheight><src>gps</src><sat>16</sat><hdop>0.62</hdop><vdop>0.90</vdop><pdop>1.09</pdop><dgpsid>0000</dgpsid></trkpt>
<trkpt lat="32.26752233333333" lon="-107.78110566666668"><ele>1335.5</ele><time>2025-12-11T01:22:13.000Z</time><extensions><gpxtpx:TrackPointExtension><gpxtpx:bearing>269.27</gpxtpx:bearing><gpxtpx:speed>25.354702</gpxtpx:speed></gpxtpx:TrackPointExtension></extensions><geoidheight>-26.4</geoidheight><src>gps</src><sat>16</sat><hdop>0.64</hdop><vdop>0.91</vdop><pdop>1.11</pdop><dgpsid>0000</dgpsid></trkpt>
<trkpt lat="32.26747483333334" lon="-107.78399900000001"><ele>1337.0</ele><time>2025-12-11T01:22:24.000Z</time><extensions><gpxtpx:TrackPointExtension><gpxtpx:bearing>267.8</gpxtpx:bearing><gpxtpx:speed>24.907923</gpxtpx:speed></gpxtpx:TrackPointExtension></extensions><geoidheight>-26.4</geoidheight><src>gps</src><sat>16</sat><hdop>0.62</hdop><vdop>0.90</vdop><pdop>1.09</pdop><dgpsid>0000</dgpsid></trkpt>
<trkpt lat="32.26733433333333" lon="-107.786918"><ele>1338.1</ele><time>2025-12-11T01:22:35.000Z</time><extensions><gpxtpx:TrackPointExtension><gpxtpx:bearing>265.87</gpxtpx:bearing><gpxtpx:speed>25.121017</gpxtpx:speed></gpxtpx:TrackPointExtension></extensions><geoidheight>-26.4</geoidheight><src>gps</src><sat>16</sat><hdop>0.62</hdop><vdop>0.90</vdop><pdop>1.10</pdop><dgpsid>0000</dgpsid></trkpt>
<trkpt lat="32.26708083333333" lon="-107.789865"><ele>1340.2</ele><time>2025-12-11T01:22:46.000Z</time><extensions><gpxtpx:TrackPointExtension><gpxtpx:bearing>263.12</gpxtpx:bearing><gpxtpx:speed>25.70986</gpxtpx:speed></gpxtpx:TrackPointExtension></extensions><geoidheight>-26.4</geoidheight><src>gps</src><sat>16</sat><hdop>0.62</hdop><vdop>0.90</vdop><pdop>1.10</pdop><dgpsid>0000</dgpsid></trkpt>
<trkpt lat="32.266732499999996" lon="-107.79288733333333"><ele>1341.4</ele><time>2025-12-11T01:22:57.000Z</time><extensions><gpxtpx:TrackPointExtension><gpxtpx:bearing>262.01</gpxtpx:bearing><gpxtpx:speed>26.593637</gpxtpx:speed></gpxtpx:TrackPointExtension></extensions><geoidheight>-26.4</geoidheight><src>gps</src><sat>16</sat><hdop>0.62</hdop><vdop>0.91</vdop><pdop>1.10</pdop><dgpsid>0000</dgpsid></trkpt>
<trkpt lat="32.26634766666667" lon="-107.79596733333334"><ele>1340.7</ele><time>2025-12-11T01:23:08.000Z</time><extensions><gpxtpx:TrackPointExtension><gpxtpx:bearing>261.73</gpxtpx:bearing><gpxtpx:speed>26.683714</gpxtpx:speed></gpxtpx:TrackPointExtension></extensions><geoidheight>-26.4</geoidheight><src>gps</src><sat>16</sat><hdop>0.62</hdop><vdop>0.91</vdop><pdop>1.10</pdop><dgpsid>0000</dgpsid></trkpt>
<trkpt lat="32.265966000000006" lon="-107.799052"><ele>1341.2</ele><time>2025-12-11T01:23:19.000Z</time><extensions><gpxtpx:TrackPointExtension><gpxtpx:bearing>261.86</gpxtpx:bearing><gpxtpx:speed>26.746511</gpxtpx:speed></gpxtpx:TrackPointExtension></extensions><geoidheight>-26.4</geoidheight><src>gps</src><sat>16</sat><hdop>0.62</hdop><vdop>0.91</vdop><pdop>1.10</pdop><dgpsid>0000</dgpsid></trkpt>
<trkpt lat="32.265579" lon="-107.80217749999998"><ele>1340.8</ele><time>2025-12-11T01:23:30.000Z</time><extensions><gpxtpx:TrackPointExtension><gpxtpx:bearing>261.58</gpxtpx:bearing><gpxtpx:speed>27.330206</gpxtpx:speed></gpxtpx:TrackPointExtension></extensions><geoidheight>-26.4</geoidheight><src>gps</src><sat>16</sat><hdop>0.62</hdop><vdop>0.91</vdop><pdop>1.10</pdop><dgpsid>0000</dgpsid></trkpt>
<trkpt lat="32.265186166666666" lon="-107.80533150000001"><ele>1341.1</ele><time>2025-12-11T01:23:41.000Z</time><extensions><gpxtpx:TrackPointExtension><gpxtpx:bearing>261.66</gpxtpx:bearing><gpxtpx:speed>27.373957</gpxtpx:speed></gpxtpx:TrackPointExtension></extensions><geoidheight>-26.4</geoidheight><src>gps</src><sat>16</sat><hdop>0.62</hdop><vdop>0.91</vdop><pdop>1.10</pdop><dgpsid>0000</dgpsid></trkpt>
<trkpt lat="32.26479883333333" lon="-107.80848466666666"><ele>1341.1</ele><time>2025-12-11T01:23:52.000Z</time><extensions><gpxtpx:TrackPointExtension><gpxtpx:bearing>261.68</gpxtpx:bearing><gpxtpx:speed>27.126375</gpxtpx:speed></gpxtpx:TrackPointExtension></extensions><geoidheight>-26.4</geoidheight><src>gps</src><sat>16</sat><hdop>0.62</hdop><vdop>0.91</vdop><pdop>1.10</pdop><dgpsid>0000</dgpsid></trkpt>
<trkpt lat="32.26441466666667" lon="-107.81160566666668"><ele>1340.5</ele><time>2025-12-11T01:24:03.000Z</time><extensions><gpxtpx:TrackPointExtension><gpxtpx:bearing>261.71</gpxtpx:bearing><gpxtpx:speed>27.035784</gpxtpx:speed></gpxtpx:TrackPointExtension></extensions><geoidheight>-26.4</geoidheight><src>gps</src><sat>16</sat><hdop>0.62</hdop><vdop>0.91</vdop><pdop>1.10</pdop><dgpsid>0000</dgpsid></trkpt>
<trkpt lat="32.26402566666666" lon="-107.81474000000001"><ele>1340.5</ele><time>2025-12-11T01:24:14.000Z</time><extensions><gpxtpx:TrackPointExtension><gpxtpx:bearing>261.57</gpxtpx:bearing><gpxtpx:speed>27.189173</gpxtpx:speed></gpxtpx:TrackPointExtension></extensions><geoidheight>-26.4</geoidheight><src>gps</src><sat>16</sat><hdop>0.62</hdop><vdop>0.91</vdop><pdop>1.10</pdop><dgpsid>0000</dgpsid></trkpt>
<trkpt lat="32.26363516666667" lon="-107.8178765"><ele>1341.7</ele><time>2025-12-11T01:24:25.000Z</time><extensions><gpxtpx:TrackPointExtension><gpxtpx:bearing>261.55</gpxtpx:bearing><gpxtpx:speed>27.129465</gpxtpx:speed></gpxtpx:TrackPointExtension></extensions><geoidheight>-26.4</geoidheight><src>gps</src><sat>16</sat><hdop>0.64</hdop><vdop>1.02</vdop><pdop>1.21</pdop><dgpsid>0000</dgpsid></trkpt>
<trkpt lat="32.26324066666667" lon="-107.821066"><ele>1343.3</ele><time>2025-12-11T01:24:36.000Z</time><extensions><gpxtpx:TrackPointExtension><gpxtpx:bearing>261.92</gpxtpx:bearing><gpxtpx:speed>28.112583</gpxtpx:speed></gpxtpx:TrackPointExtension></extensions><geoidheight>-26.4</geoidheight><src>gps</src><sat>16</sat><hdop>0.65</hdop><vdop>1.02</vdop><pdop>1.21</pdop><dgpsid>0000</dgpsid></trkpt>
<trkpt lat="32.26283683333334" lon="-107.82433933333331"><ele>1345.0</ele><time>2025-12-11T01:24:47.000Z</time><extensions><gpxtpx:TrackPointExtension><gpxtpx:bearing>261.39</gpxtpx:bearing><gpxtpx:speed>28.479065</gpxtpx:speed></gpxtpx:TrackPointExtension></extensions><geoidheight>-26.5</geoidheight><src>gps</src><sat>16</sat><hdop>0.65</hdop><vdop>1.02</vdop><pdop>1.21</pdop><dgpsid>0000</dgpsid></trkpt>
<trkpt lat="32.26243266666667" lon="-107.8276245"><ele>1345.5</ele><time>2025-12-11T01:24:58.000Z</time><extensions><gpxtpx:TrackPointExtension><gpxtpx:bearing>261.71</gpxtpx:bearing><gpxtpx:speed>28.204205</gpxtpx:speed></gpxtpx:TrackPointExtension></extensions><geoidheight>-26.5</geoidheight><src>gps</src><sat>16</sat><hdop>0.65</hdop><vdop>1.02</vdop><pdop>1.21</pdop><dgpsid>0000</dgpsid></trkpt>
<trkpt lat="32.262034" lon="-107.83082983333334"><ele>1345.6</ele><time>2025-12-11T01:25:09.000Z</time><extensions><gpxtpx:TrackPointExtension><gpxtpx:bearing>261.78</gpxtpx:bearing><gpxtpx:speed>27.584478</gpxtpx:speed></gpxtpx:TrackPointExtension></extensions><geoidheight>-26.5</geoidheight><src>gps</src><sat>16</sat><hdop>0.65</hdop><vdop>1.03</vdop><pdop>1.21</pdop><dgpsid>0000</dgpsid></trkpt>
<trkpt lat="32.261641166666664" lon="-107.83402"><ele>1346.5</ele><time>2025-12-11T01:25:20.000Z</time><extensions><gpxtpx:TrackPointExtension><gpxtpx:bearing>261.93</gpxtpx:bearing><gpxtpx:speed>27.689482</gpxtpx:speed></gpxtpx:TrackPointExtension></extensions><geoidheight>-26.5</geoidheight><src>gps</src><sat>16</sat><hdop>0.65</hdop><vdop>1.03</vdop><pdop>1.21</pdop><dgpsid>0000</dgpsid></trkpt>
<trkpt lat="32.261247166666664" lon="-107.83723649999999"><ele>1348.1</ele><time>2025-12-11T01:25:31.000Z</time><extensions><gpxtpx:TrackPointExtension><gpxtpx:bearing>261.98</gpxtpx:bearing><gpxtpx:speed>28.170748</gpxtpx:speed></gpxtpx:TrackPointExtension></extensions><geoidheight>-26.5</geoidheight><src>gps</src><sat>16</sat><hdop>0.65</hdop><vdop>1.03</vdop><pdop>1.21</pdop><dgpsid>0000</dgpsid></trkpt>
<trkpt lat="32.26083333333334" lon="-107.84055000000002"><ele>1349.5</ele><time>2025-12-11T01:25:42.000Z</time><extensions><gpxtpx:TrackPointExtension><gpxtpx:bearing>261.72</gpxtpx:bearing><gpxtpx:speed>29.067907</gpxtpx:speed></gpxtpx:TrackPointExtension></extensions><geoidheight>-26.5</geoidheight><src>gps</src><sat>16</sat><hdop>0.65</hdop><vdop>1.03</vdop><pdop>1.22</pdop><dgpsid>0000</dgpsid></trkpt>
<trkpt lat="32.2604175" lon="-107.84386216666665"><ele>1349.3</ele><time>2025-12-11T01:25:53.000Z</time><extensions><gpxtpx:TrackPointExtension><gpxtpx:bearing>261.76</gpxtpx:bearing><gpxtpx:speed>28.477007</gpxtpx:speed></gpxtpx:TrackPointExtension></extensions><geoidheight>-26.5</geoidheight><src>gps</src><sat>16</sat><hdop>0.65</hdop><vdop>1.03</vdop><pdop>1.22</pdop><dgpsid>0000</dgpsid></trkpt>
<trkpt lat="32.26000616666667" lon="-107.84719599999998"><ele>1349.6</ele><time>2025-12-11T01:26:04.000Z</time><extensions><gpxtpx:TrackPointExtension><gpxtpx:bearing>261.72</gpxtpx:bearing><gpxtpx:speed>29.126072</gpxtpx:speed></gpxtpx:TrackPointExtension></extensions><geoidheight>-26.5</geoidheight><src>gps</src><sat>16</sat><hdop>0.65</hdop><vdop>1.03</vdop><pdop>1.22</pdop><dgpsid>0000</dgpsid></trkpt>
<trkpt lat="32.259585333333334" lon="-107.85057983333333"><ele>1350.6</ele><time>2025-12-11T01:26:15.000Z</time><extensions><gpxtpx:TrackPointExtension><gpxtpx:bearing>261.83</gpxtpx:bearing><gpxtpx:speed>29.4452</gpxtpx:speed></gpxtpx:TrackPointExtension></extensions><geoidheight>-26.5</geoidheight><src>gps</src><sat>16</sat><hdop>0.65</hdop><vdop>1.03</vdop><pdop>1.22</pdop><dgpsid>0000</dgpsid></trkpt>
<trkpt lat="32.2591725" lon="-107.85390450000001"><ele>1350.9</ele><time>2025-12-11T01:26:26.000Z</time><extensions><gpxtpx:TrackPointExtension><gpxtpx:bearing>261.65</gpxtpx:bearing><gpxtpx:speed>28.267</gpxtpx:speed></gpxtpx:TrackPointExtension></extensions><geoidheight>-26.5</geoidheight><src>gps</src><sat>16</sat><hdop>0.65</hdop><vdop>1.04</vdop><pdop>1.22</pdop><dgpsid>0000</dgpsid></trkpt>
<trkpt lat="32.258777499999994" lon="-107.85709733333333"><ele>1351.1</ele><time>2025-12-11T01:26:37.000Z</time><extensions><gpxtpx:TrackPointExtension><gpxtpx:bearing>261.85</gpxtpx:bearing><gpxtpx:speed>27.634407</gpxtpx:speed></gpxtpx:TrackPointExtension></extensions><geoidheight>-26.5</geoidheight><src>gps</src><sat>16</sat><hdop>0.65</hdop><vdop>1.04</vdop><pdop>1.22</pdop><dgpsid>0000</dgpsid></trkpt>
<trkpt lat="32.25837716666667" lon="-107.86033133333333"><ele>1352.6</ele><time>2025-12-11T01:26:48.000Z</time><extensions><gpxtpx:TrackPointExtension><gpxtpx:bearing>261.54</gpxtpx:bearing><gpxtpx:speed>28.24744</gpxtpx:speed></gpxtpx:TrackPointExtension></extensions><geoidheight>-26.5</geoidheight><src>gps</src><sat>16</sat><hdop>0.65</hdop><vdop>1.04</vdop><pdop>1.22</pdop><dgpsid>0000</dgpsid></trkpt>
<trkpt lat="32.257975" lon="-107.86360666666666"><ele>1352.7</ele><time>2025-12-11T01:26:59.000Z</time><extensions><gpxtpx:TrackPointExtension><gpxtpx:bearing>261.7</gpxtpx:bearing><gpxtpx:speed>28.456932</gpxtpx:speed></gpxtpx:TrackPointExtension></extensions><geoidheight>-26.5</geoidheight><src>gps</src><sat>16</sat><hdop>0.65</hdop><vdop>1.04</vdop><pdop>1.22</pdop><dgpsid>0000</dgpsid></trkpt>
<trkpt lat="32.257560166666664" lon="-107.86691266666666"><ele>1352.5</ele><time>2025-12-11T01:27:10.000Z</time><extensions><gpxtpx:TrackPointExtension><gpxtpx:bearing>261.99</gpxtpx:bearing><gpxtpx:speed>28.745176</gpxtpx:speed></gpxtpx:TrackPointExtension></extensions><geoidheight>-26.5</geoidheight><src>gps</src><sat>16</sat><hdop>0.65</hdop><vdop>1.08</vdop><pdop>1.26</pdop><dgpsid>0000</dgpsid></trkpt>
<trkpt lat="32.257152166666664" lon="-107.87021133333334"><ele>1354.1</ele><time>2025-12-11T01:27:21.000Z</time><extensions><gpxtpx:TrackPointExtension><gpxtpx:bearing>261.78</gpxtpx:bearing><gpxtpx:speed>28.51664</gpxtpx:speed></gpxtpx:TrackPointExtension></extensions><geoidheight>-26.5</geoidheight><src>gps</src><sat>16</sat><hdop>0.65</hdop><vdop>1.04</vdop><pdop>1.23</pdop><dgpsid>0000</dgpsid></trkpt>
<trkpt lat="32.256744000000005" lon="-107.87347016666666"><ele>1354.8</ele><time>2025-12-11T01:27:32.000Z</time><extensions><gpxtpx:TrackPointExtension><gpxtpx:bearing>261.8</gpxtpx:bearing><gpxtpx:speed>27.74919</gpxtpx:speed></gpxtpx:TrackPointExtension></extensions><geoidheight>-26.5</geoidheight><src>gps</src><sat>16</sat><hdop>0.65</hdop><vdop>1.04</vdop><pdop>1.23</pdop><dgpsid>0000</dgpsid></trkpt>
<trkpt lat="32.25635716666667" lon="-107.87657533333335"><ele>1354.8</ele><time>2025-12-11T01:27:43.000Z</time><extensions><gpxtpx:TrackPointExtension><gpxtpx:bearing>261.92</gpxtpx:bearing><gpxtpx:speed>26.544739</gpxtpx:speed></gpxtpx:TrackPointExtension></extensions><geoidheight>-26.5</geoidheight><src>gps</src><sat>16</sat><hdop>0.65</hdop><vdop>1.05</vdop><pdop>1.23</pdop><dgpsid>0000</dgpsid></trkpt>
<trkpt lat="32.25598" lon="-107.8795975"><ele>1356.4</ele><time>2025-12-11T01:27:54.000Z</time><extensions><gpxtpx:TrackPointExtension><gpxtpx:bearing>261.44</gpxtpx:bearing><gpxtpx:speed>26.143257</gpxtpx:speed></gpxtpx:TrackPointExtension></extensions><geoidheight>-26.5</geoidheight><src>gps</src><sat>16</sat><hdop>0.65</hdop><vdop>1.05</vdop><pdop>1.23</pdop><dgpsid>0000</dgpsid></trkpt>
<trkpt lat="32.25560483333334" lon="-107.88263616666667"><ele>1356.8</ele><time>2025-12-11T01:28:05.000Z</time><extensions><gpxtpx:TrackPointExtension><gpxtpx:bearing>261.58</gpxtpx:bearing><gpxtpx:speed>26.56121</gpxtpx:speed></gpxtpx:TrackPointExtension></extensions><geoidheight>-26.5</geoidheight><src>gps</src><sat>16</sat><hdop>0.65</hdop><vdop>1.05</vdop><pdop>1.23</pdop><dgpsid>0000</dgpsid></trkpt>
<trkpt lat="32.25521766666667" lon="-107.88574183333334"><ele>1357.4</ele><time>2025-12-11T01:28:16.000Z</time><extensions><gpxtpx:TrackPointExtension><gpxtpx:bearing>261.69</gpxtpx:bearing><gpxtpx:speed>26.949825</gpxtpx:speed></gpxtpx:TrackPointExtension></extensions><geoidheight>-26.5</geoidheight><src>gps</src><sat>16</sat><hdop>0.65</hdop><vdop>1.05</vdop><pdop>1.23</pdop><dgpsid>0000</dgpsid></trkpt>
<trkpt lat="32.2548375" lon="-107.88881283333333"><ele>1357.9</ele><time>2025-12-11T01:28:27.000Z</time><extensions><gpxtpx:TrackPointExtension><gpxtpx:bearing>261.56</gpxtpx:bearing><gpxtpx:speed>26.59158</gpxtpx:speed></gpxtpx:TrackPointExtension></extensions><geoidheight>-26.5</geoidheight><src>gps</src><sat>16</sat><hdop>0.65</hdop><vdop>1.05</vdop><pdop>1.23</pdop><dgpsid>0000</dgpsid></trkpt>
<trkpt lat="32.254454" lon="-107.89191133333334"><ele>1358.6</ele><time>2025-12-11T01:28:38.000Z</time><extensions><gpxtpx:TrackPointExtension><gpxtpx:bearing>261.72</gpxtpx:bearing><gpxtpx:speed>26.908134</gpxtpx:speed></gpxtpx:TrackPointExtension></extensions><geoidheight>-26.5</geoidheight><src>gps</src><sat>15</sat><hdop>0.65</hdop><vdop>1.09</vdop><pdop>1.27</pdop><dgpsid>0000</dgpsid></trkpt>
<trkpt lat="32.2540725" lon="-107.89503250000001"><ele>1360.0</ele><time>2025-12-11T01:28:49.000Z</time><extensions><gpxtpx:TrackPointExtension><gpxtpx:bearing>261.89</gpxtpx:bearing><gpxtpx:speed>27.165495</gpxtpx:speed></gpxtpx:TrackPointExtension></extensions><geoidheight>-26.5</geoidheight><src>gps</src><sat>16</sat><hdop>0.69</hdop><vdop>1.10</vdop><pdop>1.29</pdop><dgpsid>0000</dgpsid></trkpt>
<trkpt lat="32.25368366666667" lon="-107.89819700000001"><ele>1360.6</ele><time>2025-12-11T01:29:00.000Z</time><extensions><gpxtpx:TrackPointExtension><gpxtpx:bearing>261.74</gpxtpx:bearing><gpxtpx:speed>27.771322</gpxtpx:speed></gpxtpx:TrackPointExtension></extensions><geoidheight>-26.5</geoidheight><src>gps</src><sat>15</sat><hdop>0.68</hdop><vdop>1.10</vdop><pdop>1.29</pdop><dgpsid>0000</dgpsid></trkpt>
<trkpt lat="32.25327983333333" lon="-107.90142366666666"><ele>1360.6</ele><time>2025-12-11T01:29:11.000Z</time><extensions><gpxtpx:TrackPointExtension><gpxtpx:bearing>261.6</gpxtpx:bearing><gpxtpx:speed>28.154276</gpxtpx:speed></gpxtpx:TrackPointExtension></extensions><geoidheight>-26.5</geoidheight><src>gps</src><sat>16</sat><hdop>0.65</hdop><vdop>1.10</vdop><pdop>1.28</pdop><dgpsid>0000</dgpsid></trkpt>
<trkpt lat="32.25286766666667" lon="-107.90471016666667"><ele>1358.3</ele><time>2025-12-11T01:29:22.000Z</time><extensions><gpxtpx:TrackPointExtension><gpxtpx:bearing>261.31</gpxtpx:bearing><gpxtpx:speed>28.773487</gpxtpx:speed></gpxtpx:TrackPointExtension></extensions><geoidheight>-26.5</geoidheight><src>gps</src><sat>16</sat><hdop>0.65</hdop><vdop>1.10</vdop><pdop>1.28</pdop><dgpsid>0000</dgpsid></trkpt>
<trkpt lat="32.25245433333334" lon="-107.90802766666665"><ele>1358.1</ele><time>2025-12-11T01:29:33.000Z</time><extensions><gpxtpx:TrackPointExtension><gpxtpx:bearing>261.35</gpxtpx:bearing><gpxtpx:speed>28.699368</gpxtpx:speed></gpxtpx:TrackPointExtension></extensions><geoidheight>-26.5</geoidheight><src>gps</src><sat>16</sat><hdop>0.65</hdop><vdop>1.10</vdop><pdop>1.28</pdop><dgpsid>0000</dgpsid></trkpt>
<trkpt lat="32.25204733333333" lon="-107.91132716666668"><ele>1359.0</ele><time>2025-12-11T01:29:44.000Z</time><extensions><gpxtpx:TrackPointExtension><gpxtpx:bearing>261.73</gpxtpx:bearing><gpxtpx:speed>28.775545</gpxtpx:speed></gpxtpx:TrackPointExtension></extensions><geoidheight>-26.5</geoidheight><src>gps</src><sat>16</sat><hdop>0.65</hdop><vdop>1.10</vdop><pdop>1.28</pdop><dgpsid>0000</dgpsid></trkpt>
<trkpt lat="32.2516445" lon="-107.914575"><ele>1360.4</ele><time>2025-12-11T01:29:55.000Z</time><extensions><gpxtpx:TrackPointExtension><gpxtpx:bearing>261.94</gpxtpx:bearing><gpxtpx:speed>27.8125</gpxtpx:speed></gpxtpx:TrackPointExtension></extensions><geoidheight>-26.5</geoidheight><src>gps</src><sat>16</sat><hdop>0.65</hdop><vdop>1.06</vdop><pdop>1.24</pdop><dgpsid>0000</dgpsid></trkpt>
<trkpt lat="32.251251333333336" lon="-107.91775216666669"><ele>1362.8</ele><time>2025-12-11T01:30:06.000Z</time><extensions><gpxtpx:TrackPointExtension><gpxtpx:bearing>261.9</gpxtpx:bearing><gpxtpx:speed>27.249395</gpxtpx:speed></gpxtpx:TrackPointExtension></extensions><geoidheight>-26.5</geoidheight><src>gps</src><sat>16</sat><hdop>0.65</hdop><vdop>1.06</vdop><pdop>1.25</pdop><dgpsid>0000</dgpsid></trkpt>
<trkpt lat="32.25086516666667" lon="-107.92090183333333"><ele>1363.8</ele><time>2025-12-11T01:30:17.000Z</time><extensions><gpxtpx:TrackPointExtension><gpxtpx:bearing>261.36</gpxtpx:bearing><gpxtpx:speed>27.49749</gpxtpx:speed></gpxtpx:TrackPointExtension></extensions><geoidheight>-26.5</geoidheight><src>gps</src><sat>16</sat><hdop>0.65</hdop><vdop>1.07</vdop><pdop>1.25</pdop><dgpsid>0000</dgpsid></trkpt>
<trkpt lat="32.250465" lon="-107.92410416666668"><ele>1362.9</ele><time>2025-12-11T01:30:28.000Z</time><extensions><gpxtpx:TrackPointExtension><gpxtpx:bearing>261.74</gpxtpx:bearing><gpxtpx:speed>27.854708</gpxtpx:speed></gpxtpx:TrackPointExtension></extensions><geoidheight>-26.5</geoidheight><src>gps</src><sat>16</sat><hdop>0.65</hdop><vdop>1.07</vdop><pdop>1.25</pdop><dgpsid>0000</dgpsid></trkpt>
<trkpt lat="32.250084" lon="-107.92720116666666"><ele>1365.2</ele><time>2025-12-11T01:30:39.000Z</time><extensions><gpxtpx:TrackPointExtension><gpxtpx:bearing>261.82</gpxtpx:bearing><gpxtpx:speed>26.30385</gpxtpx:speed></gpxtpx:TrackPointExtension></extensions><geoidheight>-26.5</geoidheight><src>gps</src><sat>16</sat><hdop>0.65</hdop><vdop>1.07</vdop><pdop>1.25</pdop><dgpsid>0000</dgpsid></trkpt>
<trkpt lat="32.249705999999996" lon="-107.93026033333332"><ele>1364.7</ele><time>2025-12-11T01:30:50.000Z</time><extensions><gpxtpx:TrackPointExtension><gpxtpx:bearing>261.67</gpxtpx:bearing><gpxtpx:speed>26.799013</gpxtpx:speed></gpxtpx:TrackPointExtension></extensions><geoidheight>-26.5</geoidheight><src>gps</src><sat>15</sat><hdop>0.67</hdop><vdop>1.09</vdop><pdop>1.28</pdop><dgpsid>0000</dgpsid></trkpt>
<trkpt lat="32.24931166666667" lon="-107.93338466666667"><ele>1361.7</ele><time>2025-12-11T01:31:01.000Z</time><extensions><gpxtpx:TrackPointExtension><gpxtpx:bearing>261.74</gpxtpx:bearing><gpxtpx:speed>27.054829</gpxtpx:speed></gpxtpx:TrackPointExtension></extensions><geoidheight>-26.5</geoidheight><src>gps</src><sat>16</sat><hdop>0.65</hdop><vdop>1.07</vdop><pdop>1.25</pdop><dgpsid>0000</dgpsid></trkpt>
<trkpt lat="32.248924333333335" lon="-107.93651033333332"><ele>1361.6</ele><time>2025-12-11T01:31:12.000Z</time><extensions><gpxtpx:TrackPointExtension><gpxtpx:bearing>261.78</gpxtpx:bearing><gpxtpx:speed>27.438812</gpxtpx:speed></gpxtpx:TrackPointExtension></extensions><geoidheight>-26.5</geoidheight><src>gps</src><sat>15</sat><hdop>0.67</hdop><vdop>1.10</vdop><pdop>1.29</pdop><dgpsid>0000</dgpsid></trkpt>
<trkpt lat="32.248516" lon="-107.93976866666665"><ele>1361.6</ele><time>2025-12-11T01:31:23.000Z</time><extensions><gpxtpx:TrackPointExtension><gpxtpx:bearing>261.35</gpxtpx:bearing><gpxtpx:speed>28.394136</gpxtpx:speed></gpxtpx:TrackPointExtension></extensions><geoidheight>-26.5</geoidheight><src>gps</src><sat>15</sat><hdop>0.67</hdop><vdop>1.10</vdop><pdop>1.29</pdop><dgpsid>0000</dgpsid></trkpt>
<trkpt lat="32.24810633333333" lon="-107.943032"><ele>1360.8</ele><time>2025-12-11T01:31:34.000Z</time><extensions><gpxtpx:TrackPointExtension><gpxtpx:bearing>261.57</gpxtpx:bearing><gpxtpx:speed>28.337517</gpxtpx:speed></gpxtpx:TrackPointExtension></extensions><geoidheight>-26.5</geoidheight><src>gps</src><sat>15</sat><hdop>0.67</hdop><vdop>1.10</vdop><pdop>1.29</pdop><dgpsid>0000</dgpsid></trkpt>
<trkpt lat="32.24770183333333" lon="-107.94630000000001"><ele>1360.3</ele><time>2025-12-11T01:31:45.000Z</time><extensions><gpxtpx:TrackPointExtension><gpxtpx:bearing>261.79</gpxtpx:bearing><gpxtpx:speed>28.294281</gpxtpx:speed></gpxtpx:TrackPointExtension></extensions><geoidheight>-26.5</geoidheight><src>gps</src><sat>15</sat><hdop>0.67</hdop><vdop>1.10</vdop><pdop>1.29</pdop><dgpsid>0000</dgpsid></trkpt>
<trkpt lat="32.247297499999995" lon="-107.94955883333333"><ele>1360.5</ele><time>2025-12-11T01:31:56.000Z</time><extensions><gpxtpx:TrackPointExtension><gpxtpx:bearing>261.29</gpxtpx:bearing><gpxtpx:speed>28.16663</gpxtpx:speed></gpxtpx:TrackPointExtension></extensions><geoidheight>-26.5</geoidheight><src>gps</src><sat>15</sat><hdop>0.67</hdop><vdop>1.10</vdop><pdop>1.29</pdop><dgpsid>0000</dgpsid></trkpt>
<trkpt lat="32.24688566666667" lon="-107.95282466666667"><ele>1360.2</ele><time>2025-12-11T01:32:07.000Z</time><extensions><gpxtpx:TrackPointExtension><gpxtpx:bearing>261.48</gpxtpx:bearing><gpxtpx:speed>28.616497</gpxtpx:speed></gpxtpx:TrackPointExtension></extensions><geoidheight>-26.5</geoidheight><src>gps</src><sat>15</sat><hdop>0.67</hdop><vdop>1.10</vdop><pdop>1.29</pdop><dgpsid>0000</dgpsid></trkpt>
<trkpt lat="32.246474" lon="-107.95612966666667"><ele>1360.3</ele><time>2025-12-11T01:32:18.000Z</time><extensions><gpxtpx:TrackPointExtension><gpxtpx:bearing>261.35</gpxtpx:bearing><gpxtpx:speed>28.463625</gpxtpx:speed></gpxtpx:TrackPointExtension></extensions><geoidheight>-26.5</geoidheight><src>gps</src><sat>15</sat><hdop>0.67</hdop><vdop>1.11</vdop><pdop>1.30</pdop><dgpsid>0000</dgpsid></trkpt>
<trkpt lat="32.24606300000001" lon="-107.95939599999998"><ele>1360.1</ele><time>2025-12-11T01:32:29.000Z</time><extensions><gpxtpx:TrackPointExtension><gpxtpx:bearing>261.77</gpxtpx:bearing><gpxtpx:speed>28.335974</gpxtpx:speed></gpxtpx:TrackPointExtension></extensions><geoidheight>-26.5</geoidheight><src>gps</src><sat>16</sat><hdop>0.67</hdop><vdop>1.11</vdop><pdop>1.30</pdop><dgpsid>0000</dgpsid></trkpt>
<trkpt lat="32.24565833333334" lon="-107.96266733333331"><ele>1360.5</ele><time>2025-12-11T01:32:40.000Z</time><extensions><gpxtpx:TrackPointExtension><gpxtpx:bearing>261.66</gpxtpx:bearing><gpxtpx:speed>28.302517</gpxtpx:speed></gpxtpx:TrackPointExtension></extensions><geoidheight>-26.5</geoidheight><src>gps</src><sat>16</sat><hdop>0.68</hdop><vdop>1.11</vdop><pdop>1.30</pdop><dgpsid>0000</dgpsid></trkpt>
<trkpt lat="32.24525166666667" lon="-107.96593816666667"><ele>1361.7</ele><time>2025-12-11T01:32:51.000Z</time><extensions><gpxtpx:TrackPointExtension><gpxtpx:bearing>261.55</gpxtpx:bearing><gpxtpx:speed>28.365828</gpxtpx:speed></gpxtpx:TrackPointExtension></extensions><geoidheight>-26.5</geoidheight><src>gps</src><sat>15</sat><hdop>0.68</hdop><vdop>1.11</vdop><pdop>1.30</pdop><dgpsid>0000</dgpsid></trkpt>
<trkpt lat="32.24483733333333" lon="-107.96924650000001"><ele>1360.9</ele><time>2025-12-11T01:33:02.000Z</time><extensions><gpxtpx:TrackPointExtension><gpxtpx:bearing>261.64</gpxtpx:bearing><gpxtpx:speed>28.942316</gpxtpx:speed></gpxtpx:TrackPointExtension></extensions><geoidheight>-26.5</geoidheight><src>gps</src><sat>16</sat><hdop>0.65</hdop><vdop>1.09</vdop><pdop>1.27</pdop><dgpsid>0000</dgpsid></trkpt>
<trkpt lat="32.24442883333334" lon="-107.97256999999999"><ele>1360.4</ele><time>2025-12-11T01:33:13.000Z</time><extensions><gpxtpx:TrackPointExtension><gpxtpx:bearing>261.75</gpxtpx:bearing><gpxtpx:speed>28.519215</gpxtpx:speed></gpxtpx:TrackPointExtension></extensions><geoidheight>-26.5</geoidheight><src>gps</src><sat>16</sat><hdop>0.65</hdop><vdop>1.09</vdop><pdop>1.27</pdop><dgpsid>0000</dgpsid></trkpt>
<trkpt lat="32.24402216666667" lon="-107.97583066666667"><ele>1361.5</ele><time>2025-12-11T01:33:24.000Z</time><extensions><gpxtpx:TrackPointExtension><gpxtpx:bearing>261.53</gpxtpx:bearing><gpxtpx:speed>27.993683</gpxtpx:speed></gpxtpx:TrackPointExtension></extensions><geoidheight>-26.5</geoidheight><src>gps</src><sat>16</sat><hdop>0.65</hdop><vdop>1.09</vdop><pdop>1.27</pdop><dgpsid>0000</dgpsid></trkpt>
<trkpt lat="32.24362233333333" lon="-107.979047"><ele>1361.2</ele><time>2025-12-11T01:33:35.000Z</time><extensions><gpxtpx:TrackPointExtension><gpxtpx:bearing>261.27</gpxtpx:bearing><gpxtpx:speed>28.029713</gpxtpx:speed></gpxtpx:TrackPointExtension></extensions><geoidheight>-26.5</geoidheight><src>gps</src><sat>16</sat><hdop>0.65</hdop><vdop>1.09</vdop><pdop>1.27</pdop><dgpsid>0000</dgpsid></trkpt>
<trkpt lat="32.24320066666667" lon="-107.98224683333335"><ele>1361.4</ele><time>2025-12-11T01:33:46.000Z</time><extensions><gpxtpx:TrackPointExtension><gpxtpx:bearing>259.66</gpxtpx:bearing><gpxtpx:speed>27.58242</gpxtpx:speed></gpxtpx:TrackPointExtension></extensions><geoidheight>-26.5</geoidheight><src>gps</src><sat>16</sat><hdop>0.65</hdop><vdop>1.09</vdop><pdop>1.27</pdop><dgpsid>0000</dgpsid></trkpt>
<trkpt lat="32.2426375" lon="-107.98541916666666"><ele>1361.2</ele><time>2025-12-11T01:33:57.000Z</time><extensions><gpxtpx:TrackPointExtension><gpxtpx:bearing>258.99</gpxtpx:bearing><gpxtpx:speed>28.024052</gpxtpx:speed></gpxtpx:TrackPointExtension></extensions><geoidheight>-26.5</geoidheight><src>gps</src><sat>16</sat><hdop>0.65</hdop><vdop>1.09</vdop><pdop>1.27</pdop><dgpsid>0000</dgpsid></trkpt>
<trkpt lat="32.2421985" lon="-107.98865383333332"><ele>1360.5</ele><time>2025-12-11T01:34:08.000Z</time><extensions><gpxtpx:TrackPointExtension><gpxtpx:bearing>261.67</gpxtpx:bearing><gpxtpx:speed>28.11979</gpxtpx:speed></gpxtpx:TrackPointExtension></extensions><geoidheight>-26.5</geoidheight><src>gps</src><sat>16</sat><hdop>0.65</hdop><vdop>1.10</vdop><pdop>1.28</pdop><dgpsid>0000</dgpsid></trkpt>
<trkpt lat="32.241801" lon="-107.99183483333333"><ele>1365.2</ele><time>2025-12-11T01:34:19.000Z</time><extensions><gpxtpx:TrackPointExtension><gpxtpx:bearing>261.98</gpxtpx:bearing><gpxtpx:speed>26.53496</gpxtpx:speed></gpxtpx:TrackPointExtension></extensions><geoidheight>-26.5</geoidheight><src>gps</src><sat>15</sat><hdop>0.68</hdop><vdop>1.12</vdop><pdop>1.31</pdop><dgpsid>0000</dgpsid></trkpt>
<trkpt lat="32.241412833333335" lon="-107.99490833333333"><ele>1367.7</ele><time>2025-12-11T01:34:30.000Z</time><extensions><gpxtpx:TrackPointExtension><gpxtpx:bearing>261.61</gpxtpx:bearing><gpxtpx:speed>27.257114</gpxtpx:speed></gpxtpx:TrackPointExtension></extensions><geoidheight>-26.5</geoidheight><src>gps</src><sat>16</sat><hdop>0.65</hdop><vdop>1.10</vdop><pdop>1.28</pdop><dgpsid>0000</dgpsid></trkpt>
<trkpt lat="32.241012500000004" lon="-107.99813533333332"><ele>1362.2</ele><time>2025-12-11T01:34:41.000Z</time><extensions><gpxtpx:TrackPointExtension><gpxtpx:bearing>262.1</gpxtpx:bearing><gpxtpx:speed>27.91596</gpxtpx:speed></gpxtpx:TrackPointExtension></extensions><geoidheight>-26.5</geoidheight><src>gps</src><sat>16</sat><hdop>0.65</hdop><vdop>1.10</vdop><pdop>1.28</pdop><dgpsid>0000</dgpsid></trkpt>
<trkpt lat="32.24061566666667" lon="-108.001321"><ele>1365.7</ele><time>2025-12-11T01:34:52.000Z</time><extensions><gpxtpx:TrackPointExtension><gpxtpx:bearing>261.59</gpxtpx:bearing><gpxtpx:speed>27.467121</gpxtpx:speed></gpxtpx:TrackPointExtension></extensions><geoidheight>-26.5</geoidheight><src>gps</src><sat>16</sat><hdop>0.65</hdop><vdop>1.10</vdop><pdop>1.28</pdop><dgpsid>0000</dgpsid></trkpt>
<trkpt lat="32.2402185" lon="-108.00448316666667"><ele>1365.4</ele><time>2025-12-11T01:35:03.000Z</time><extensions><gpxtpx:TrackPointExtension><gpxtpx:bearing>261.59</gpxtpx:bearing><gpxtpx:speed>27.420797</gpxtpx:speed></gpxtpx:TrackPointExtension></extensions><geoidheight>-26.5</geoidheight><src>gps</src><sat>16</sat><hdop>0.65</hdop><vdop>1.10</vdop><pdop>1.28</pdop><dgpsid>0000</dgpsid></trkpt>
<trkpt lat="32.23981166666667" lon="-108.007712"><ele>1364.4</ele><time>2025-12-11T01:35:14.000Z</time><extensions><gpxtpx:TrackPointExtension><gpxtpx:bearing>261.47</gpxtpx:bearing><gpxtpx:speed>28.551641</gpxtpx:speed></gpxtpx:TrackPointExtension></extensions><geoidheight>-26.5</geoidheight><src>gps</src><sat>16</sat><hdop>0.65</hdop><vdop>1.10</vdop><pdop>1.28</pdop><dgpsid>0000</dgpsid></trkpt>
<trkpt lat="32.23940066666667" lon="-108.01098516666667"><ele>1364.5</ele><time>2025-12-11T01:35:25.000Z</time><extensions><gpxtpx:TrackPointExtension><gpxtpx:bearing>261.67</gpxtpx:bearing><gpxtpx:speed>28.258764</gpxtpx:speed></gpxtpx:TrackPointExtension></extensions><geoidheight>-26.5</geoidheight><src>gps</src><sat>16</sat><hdop>0.65</hdop><vdop>1.11</vdop><pdop>1.28</pdop><dgpsid>0000</dgpsid></trkpt>
<trkpt lat="32.238998" lon="-108.0142325"><ele>1365.0</ele><time>2025-12-11T01:35:36.000Z</time><extensions><gpxtpx:TrackPointExtension><gpxtpx:bearing>261.31</gpxtpx:bearing><gpxtpx:speed>27.993168</gpxtpx:speed></gpxtpx:TrackPointExtension></extensions><geoidheight>-26.5</geoidheight><src>gps</src><sat>16</sat><hdop>0.65</hdop><vdop>1.11</vdop><pdop>1.29</pdop><dgpsid>0000</dgpsid></trkpt>
<trkpt lat="32.238603499999996" lon="-108.01740550000001"><ele>1365.6</ele><time>2025-12-11T01:35:47.000Z</time><extensions><gpxtpx:TrackPointExtension><gpxtpx:bearing>261.62</gpxtpx:bearing><gpxtpx:speed>27.18557</gpxtpx:speed></gpxtpx:TrackPointExtension></extensions><geoidheight>-26.5</geoidheight><src>gps</src><sat>16</sat><hdop>0.65</hdop><vdop>1.11</vdop><pdop>1.29</pdop><dgpsid>0000</dgpsid></trkpt>
<trkpt lat="32.23821183333334" lon="-108.02054066666666"><ele>1366.3</ele><time>2025-12-11T01:35:58.000Z</time><extensions><gpxtpx:TrackPointExtension><gpxtpx:bearing>261.5</gpxtpx:bearing><gpxtpx:speed>27.346678</gpxtpx:speed></gpxtpx:TrackPointExtension></extensions><geoidheight>-26.5</geoidheight><src>gps</src><sat>16</sat><hdop>0.66</hdop><vdop>1.11</vdop><pdop>1.29</pdop><dgpsid>0000</dgpsid></trkpt>
<trkpt lat="32.23781616666667" lon="-108.02371749999999"><ele>1367.1</ele><time>2025-12-11T01:36:09.000Z</time><extensions><gpxtpx:TrackPointExtension><gpxtpx:bearing>261.47</gpxtpx:bearing><gpxtpx:speed>27.6936</gpxtpx:speed></gpxtpx:TrackPointExtension></extensions><geoidheight>-26.6</geoidheight><src>gps</src><sat>15</sat><hdop>0.66</hdop><vdop>1.11</vdop><pdop>1.29</pdop><dgpsid>0000</dgpsid></trkpt>
<trkpt lat="32.23741733333333" lon="-108.02690666666668"><ele>1367.4</ele><time>2025-12-11T01:36:20.000Z</time><extensions><gpxtpx:TrackPointExtension><gpxtpx:bearing>261.71</gpxtpx:bearing><gpxtpx:speed>27.52477</gpxtpx:speed></gpxtpx:TrackPointExtension></extensions><geoidheight>-26.6</geoidheight><src>gps</src><sat>14</sat><hdop>0.67</hdop><vdop>1.23</vdop><pdop>1.40</pdop><dgpsid>0000</dgpsid></trkpt>
<trkpt lat="32.237019833333335" lon="-108.03009066666667"><ele>1367.8</ele><time>2025-12-11T01:36:31.000Z</time><extensions><gpxtpx:TrackPointExtension><gpxtpx:bearing>261.89</gpxtpx:bearing><gpxtpx:speed>28.01427</gpxtpx:speed></gpxtpx:TrackPointExtension></extensions><geoidheight>-26.6</geoidheight><src>gps</src><sat>16</sat><hdop>0.66</hdop><vdop>1.11</vdop><pdop>1.29</pdop><dgpsid>0000</dgpsid></trkpt>
<trkpt lat="32.236608000000004" lon="-108.03338583333334"><ele>1369.1</ele><time>2025-12-11T01:36:42.000Z</time><extensions><gpxtpx:TrackPointExtension><gpxtpx:bearing>261.66</gpxtpx:bearing><gpxtpx:speed>28.819813</gpxtpx:speed></gpxtpx:TrackPointExtension></extensions><geoidheight>-26.6</geoidheight><src>gps</src><sat>16</sat><hdop>0.66</hdop><vdop>1.12</vdop><pdop>1.29</pdop><dgpsid>0000</dgpsid></trkpt>
<trkpt lat="32.23619416666667" lon="-108.03669483333333"><ele>1370.4</ele><time>2025-12-11T01:36:53.000Z</time><extensions><gpxtpx:TrackPointExtension><gpxtpx:bearing>261.67</gpxtpx:bearing><gpxtpx:speed>28.24847</gpxtpx:speed></gpxtpx:TrackPointExtension></extensions><geoidheight>-26.6</geoidheight><src>gps</src><sat>15</sat><hdop>0.68</hdop><vdop>1.23</vdop><pdop>1.40</pdop><dgpsid>0000</dgpsid></trkpt>
<trkpt lat="32.235793333333326" lon="-108.03991383333332"><ele>1371.2</ele><time>2025-12-11T01:37:04.000Z</time><extensions><gpxtpx:TrackPointExtension><gpxtpx:bearing>261.67</gpxtpx:bearing><gpxtpx:speed>28.01427</gpxtpx:speed></gpxtpx:TrackPointExtension></extensions><geoidheight>-26.6</geoidheight><src>gps</src><sat>16</sat><hdop>0.66</hdop><vdop>1.12</vdop><pdop>1.30</pdop><dgpsid>0000</dgpsid></trkpt>
<trkpt lat="32.23538733333333" lon="-108.0431825"><ele>1371.7</ele><time>2025-12-11T01:37:15.000Z</time><extensions><gpxtpx:TrackPointExtension><gpxtpx:bearing>261.52</gpxtpx:bearing><gpxtpx:speed>28.56451</gpxtpx:speed></gpxtpx:TrackPointExtension></extensions><geoidheight>-26.6</geoidheight><src>gps</src><sat>16</sat><hdop>0.72</hdop><vdop>1.15</vdop><pdop>1.36</pdop><dgpsid>0000</dgpsid></trkpt>
<trkpt lat="32.234972500000005" lon="-108.04647250000001"><ele>1371.8</ele><time>2025-12-11T01:37:26.000Z</time><extensions><gpxtpx:TrackPointExtension><gpxtpx:bearing>261.55</gpxtpx:bearing><gpxtpx:speed>28.460022</gpxtpx:speed></gpxtpx:TrackPointExtension></extensions><geoidheight>-26.6</geoidheight><src>gps</src><sat>16</sat><hdop>0.66</hdop><vdop>1.12</vdop><pdop>1.30</pdop><dgpsid>0000</dgpsid></trkpt>
<trkpt lat="32.234559833333336" lon="-108.04975883333333"><ele>1372.2</ele><time>2025-12-11T01:37:37.000Z</time><extensions><gpxtpx:TrackPointExtension><gpxtpx:bearing>261.68</gpxtpx:bearing><gpxtpx:speed>28.533627</gpxtpx:speed></gpxtpx:TrackPointExtension></extensions><geoidheight>-26.6</geoidheight><src>gps</src><sat>16</sat><hdop>0.66</hdop><vdop>1.12</vdop><pdop>1.30</pdop><dgpsid>0000</dgpsid></trkpt>
<trkpt lat="32.234147" lon="-108.05305883333334"><ele>1373.5</ele><time>2025-12-11T01:37:48.000Z</time><extensions><gpxtpx:TrackPointExtension><gpxtpx:bearing>261.76</gpxtpx:bearing><gpxtpx:speed>28.541862</gpxtpx:speed></gpxtpx:TrackPointExtension></extensions><geoidheight>-26.6</geoidheight><src>gps</src><sat>16</sat><hdop>0.66</hdop><vdop>1.12</vdop><pdop>1.30</pdop><dgpsid>0000</dgpsid></trkpt>
<trkpt lat="32.23373733333334" lon="-108.05633683333332"><ele>1375.7</ele><time>2025-12-11T01:37:59.000Z</time><extensions><gpxtpx:TrackPointExtension><gpxtpx:bearing>261.44</gpxtpx:bearing><gpxtpx:speed>28.215528</gpxtpx:speed></gpxtpx:TrackPointExtension></extensions><geoidheight>-26.6</geoidheight><src>gps</src><sat>15</sat><hdop>0.68</hdop><vdop>1.16</vdop><pdop>1.34</pdop><dgpsid>0000</dgpsid></trkpt>
<trkpt lat="32.23332533333333" lon="-108.05957766666667"><ele>1377.1</ele><time>2025-12-11T01:38:10.000Z</time><extensions><gpxtpx:TrackPointExtension><gpxtpx:bearing>261.48</gpxtpx:bearing><gpxtpx:speed>27.997286</gpxtpx:speed></gpxtpx:TrackPointExtension></extensions><geoidheight>-26.6</geoidheight><src>gps</src><sat>15</sat><hdop>0.66</hdop><vdop>1.13</vdop><pdop>1.31</pdop><dgpsid>0000</dgpsid></trkpt>
<trkpt lat="32.232926166666665" lon="-108.06277533333332"><ele>1377.4</ele><time>2025-12-11T01:38:21.000Z</time><extensions><gpxtpx:TrackPointExtension><gpxtpx:bearing>261.53</gpxtpx:bearing><gpxtpx:speed>27.519623</gpxtpx:speed></gpxtpx:TrackPointExtension></extensions><geoidheight>-26.6</geoidheight><src>gps</src><sat>15</sat><hdop>0.68</hdop><vdop>1.16</vdop><pdop>1.34</pdop><dgpsid>0000</dgpsid></trkpt>
<trkpt lat="32.232527" lon="-108.06596900000001"><ele>1377.4</ele><time>2025-12-11T01:38:32.000Z</time><extensions><gpxtpx:TrackPointExtension><gpxtpx:bearing>261.68</gpxtpx:bearing><gpxtpx:speed>28.111555</gpxtpx:speed></gpxtpx:TrackPointExtension></extensions><geoidheight>-26.6</geoidheight><src>gps</src><sat>15</sat><hdop>0.66</hdop><vdop>1.13</vdop><pdop>1.31</pdop><dgpsid>0000</dgpsid></trkpt>
<trkpt lat="32.232115" lon="-108.06923016666666"><ele>1377.1</ele><time>2025-12-11T01:38:43.000Z</time><extensions><gpxtpx:TrackPointExtension><gpxtpx:bearing>261.64</gpxtpx:bearing><gpxtpx:speed>28.003462</gpxtpx:speed></gpxtpx:TrackPointExtension></extensions><geoidheight>-26.6</geoidheight><src>gps</src><sat>15</sat><hdop>0.68</hdop><vdop>1.16</vdop><pdop>1.35</pdop><dgpsid>0000</dgpsid></trkpt>
<trkpt lat="32.2316195" lon="-108.07240900000001"><ele>1376.8</ele><time>2025-12-11T01:38:54.000Z</time><extensions><gpxtpx:TrackPointExtension><gpxtpx:bearing>257.25</gpxtpx:bearing><gpxtpx:speed>27.900518</gpxtpx:speed></gpxtpx:TrackPointExtension></extensions><geoidheight>-26.6</geoidheight><src>gps</src><sat>16</sat><hdop>0.66</hdop><vdop>1.13</vdop><pdop>1.31</pdop><dgpsid>0000</dgpsid></trkpt>
<trkpt lat="32.230934000000005" lon="-108.07556500000001"><ele>1376.2</ele><time>2025-12-11T01:39:05.000Z</time><extensions><gpxtpx:TrackPointExtension><gpxtpx:bearing>255.37</gpxtpx:bearing><gpxtpx:speed>27.817133</gpxtpx:speed></gpxtpx:TrackPointExtension></extensions><geoidheight>-26.6</geoidheight><src>gps</src><sat>15</sat><hdop>0.69</hdop><vdop>1.14</vdop><pdop>1.33</pdop><dgpsid>0000</dgpsid></trkpt>
<trkpt lat="32.23024516666667" lon="-108.0786905"><ele>1376.9</ele><time>2025-12-11T01:39:16.000Z</time><extensions><gpxtpx:TrackPointExtension><gpxtpx:bearing>255.43</gpxtpx:bearing><gpxtpx:speed>27.856766</gpxtpx:speed></gpxtpx:TrackPointExtension></extensions><geoidheight>-26.6</geoidheight><src>gps</src><sat>16</sat><hdop>0.68</hdop><vdop>1.15</vdop><pdop>1.34</pdop><dgpsid>0000</dgpsid></trkpt>
<trkpt lat="32.229627" lon="-108.08192616666665"><ele>1378.2</ele><time>2025-12-11T01:39:27.000Z</time><extensions><gpxtpx:TrackPointExtension><gpxtpx:bearing>259.8</gpxtpx:bearing><gpxtpx:speed>28.829592</gpxtpx:speed></gpxtpx:TrackPointExtension></extensions><geoidheight>-26.6</geoidheight><src>gps</src><sat>15</sat><hdop>0.70</hdop><vdop>1.26</vdop><pdop>1.45</pdop><dgpsid>0000</dgpsid></trkpt>
<trkpt lat="32.229198" lon="-108.085231"><ele>1380.9</ele><time>2025-12-11T01:39:38.000Z</time><extensions><gpxtpx:TrackPointExtension><gpxtpx:bearing>261.59</gpxtpx:bearing><gpxtpx:speed>28.225307</gpxtpx:speed></gpxtpx:TrackPointExtension></extensions><geoidheight>-26.6</geoidheight><src>gps</src><sat>16</sat><hdop>0.66</hdop><vdop>1.14</vdop><pdop>1.32</pdop><dgpsid>0000</dgpsid></trkpt>
<trkpt lat="32.22878383333333" lon="-108.08854099999999"><ele>1382.8</ele><time>2025-12-11T01:39:49.000Z</time><extensions><gpxtpx:TrackPointExtension><gpxtpx:bearing>261.59</gpxtpx:bearing><gpxtpx:speed>29.78543</gpxtpx:speed></gpxtpx:TrackPointExtension></extensions><geoidheight>-26.6</geoidheight><src>gps</src><sat>16</sat><hdop>0.66</hdop><vdop>1.14</vdop><pdop>1.32</pdop><dgpsid>0000</dgpsid></trkpt>
<trkpt lat="32.228354833333334" lon="-108.09198183333335"><ele>1379.0</ele><time>2025-12-11T01:40:00.000Z</time><extensions><gpxtpx:TrackPointExtension><gpxtpx:bearing>261.86</gpxtpx:bearing><gpxtpx:speed>29.608881</gpxtpx:speed></gpxtpx:TrackPointExtension></extensions><geoidheight>-26.6</geoidheight><src>gps</src><sat>16</sat><hdop>0.68</hdop><vdop>1.18</vdop><pdop>1.36</pdop><dgpsid>0000</dgpsid></trkpt>
<trkpt lat="32.22791616666667" lon="-108.095446"><ele>1379.0</ele><time>2025-12-11T01:40:11.000Z</time><extensions><gpxtpx:TrackPointExtension><gpxtpx:bearing>261.91</gpxtpx:bearing><gpxtpx:speed>29.729841</gpxtpx:speed></gpxtpx:TrackPointExtension></extensions><geoidheight>-26.6</geoidheight><src>gps</src><sat>15</sat><hdop>0.70</hdop><vdop>1.22</vdop><pdop>1.41</pdop><dgpsid>0000</dgpsid></trkpt>
<trkpt lat="32.22748983333334" lon="-108.09889116666666"><ele>1381.1</ele><time>2025-12-11T01:40:22.000Z</time><extensions><gpxtpx:TrackPointExtension><gpxtpx:bearing>261.61</gpxtpx:bearing><gpxtpx:speed>30.342875</gpxtpx:speed></gpxtpx:TrackPointExtension></extensions><geoidheight>-26.6</geoidheight><src>gps</src><sat>16</sat><hdop>0.70</hdop><vdop>1.22</vdop><pdop>1.41</pdop><dgpsid>0000</dgpsid></trkpt>
<trkpt lat="32.22705233333333" lon="-108.10239600000001"><ele>1382.2</ele><time>2025-12-11T01:40:33.000Z</time><extensions><gpxtpx:TrackPointExtension><gpxtpx:bearing>261.6</gpxtpx:bearing><gpxtpx:speed>30.422657</gpxtpx:speed></gpxtpx:TrackPointExtension></extensions><geoidheight>-26.6</geoidheight><src>gps</src><sat>16</sat><hdop>0.70</hdop><vdop>1.23</vdop><pdop>1.41</pdop><dgpsid>0000</dgpsid></trkpt>
<trkpt lat="32.226609" lon="-108.10592283333332"><ele>1384.4</ele><time>2025-12-11T01:40:44.000Z</time><extensions><gpxtpx:TrackPointExtension><gpxtpx:bearing>261.6</gpxtpx:bearing><gpxtpx:speed>30.589941</gpxtpx:speed></gpxtpx:TrackPointExtension></extensions><geoidheight>-26.6</geoidheight><src>gps</src><sat>16</sat><hdop>0.70</hdop><vdop>1.23</vdop><pdop>1.41</pdop><dgpsid>0000</dgpsid></trkpt>
<trkpt lat="32.226167333333336" lon="-108.10945383333335"><ele>1385.9</ele><time>2025-12-11T01:40:55.000Z</time><extensions><gpxtpx:TrackPointExtension><gpxtpx:bearing>261.77</gpxtpx:bearing><gpxtpx:speed>30.149855</gpxtpx:speed></gpxtpx:TrackPointExtension></extensions><geoidheight>-26.6</geoidheight><src>gps</src><sat>15</sat><hdop>0.71</hdop><vdop>1.34</vdop><pdop>1.52</pdop><dgpsid>0000</dgpsid></trkpt>
<trkpt lat="32.22575066666666" lon="-108.11283983333333"><ele>1387.7</ele><time>2025-12-11T01:41:06.000Z</time><extensions><gpxtpx:TrackPointExtension><gpxtpx:bearing>261.73</gpxtpx:bearing><gpxtpx:speed>28.969082</gpxtpx:speed></gpxtpx:TrackPointExtension></extensions><geoidheight>-26.6</geoidheight><src>gps</src><sat>15</sat><hdop>0.70</hdop><vdop>1.23</vdop><pdop>1.42</pdop><dgpsid>0000</dgpsid></trkpt>
<trkpt lat="32.225339500000004" lon="-108.11614499999999"><ele>1388.4</ele><time>2025-12-11T01:41:17.000Z</time><extensions><gpxtpx:TrackPointExtension><gpxtpx:bearing>261.63</gpxtpx:bearing><gpxtpx:speed>28.420387</gpxtpx:speed></gpxtpx:TrackPointExtension></extensions><geoidheight>-26.6</geoidheight><src>gps</src><sat>15</sat><hdop>0.71</hdop><vdop>1.35</vdop><pdop>1.52</pdop><dgpsid>0000</dgpsid></trkpt>
<trkpt lat="32.22492666666667" lon="-108.11941700000001"><ele>1389.4</ele><time>2025-12-11T01:41:28.000Z</time><extensions><gpxtpx:TrackPointExtension><gpxtpx:bearing>261.17</gpxtpx:bearing><gpxtpx:speed>28.570686</gpxtpx:speed></gpxtpx:TrackPointExtension></extensions><geoidheight>-26.6</geoidheight><src>gps</src><sat>16</sat><hdop>0.67</hdop><vdop>1.15</vdop><pdop>1.33</pdop><dgpsid>0000</dgpsid></trkpt>
<trkpt lat="32.224511166666666" lon="-108.12273216666667"><ele>1390.0</ele><time>2025-12-11T01:41:39.000Z</time><extensions><gpxtpx:TrackPointExtension><gpxtpx:bearing>261.42</gpxtpx:bearing><gpxtpx:speed>29.05298</gpxtpx:speed></gpxtpx:TrackPointExtension></extensions><geoidheight>-26.6</geoidheight><src>gps</src><sat>15</sat><hdop>0.68</hdop><vdop>1.25</vdop><pdop>1.43</pdop><dgpsid>0000</dgpsid></trkpt>
<trkpt lat="32.22409183333333" lon="-108.12608366666667"><ele>1391.1</ele><time>2025-12-11T01:41:50.000Z</time><extensions><gpxtpx:TrackPointExtension><gpxtpx:bearing>261.53</gpxtpx:bearing><gpxtpx:speed>28.977318</gpxtpx:speed></gpxtpx:TrackPointExtension></extensions><geoidheight>-26.6</geoidheight><src>gps</src><sat>16</sat><hdop>0.67</hdop><vdop>1.16</vdop><pdop>1.33</pdop><dgpsid>0000</dgpsid></trkpt>
<trkpt lat="32.223673" lon="-108.129405"><ele>1391.9</ele><time>2025-12-11T01:42:01.000Z</time><extensions><gpxtpx:TrackPointExtension><gpxtpx:bearing>261.52</gpxtpx:bearing><gpxtpx:speed>28.69319</gpxtpx:speed></gpxtpx:TrackPointExtension></extensions><geoidheight>-26.6</geoidheight><src>gps</src><sat>15</sat><hdop>0.69</hdop><vdop>1.26</vdop><pdop>1.43</pdop><dgpsid>0000</dgpsid></trkpt>
<trkpt lat="32.22325633333333" lon="-108.13270566666667"><ele>1393.2</ele><time>2025-12-11T01:42:12.000Z</time><extensions><gpxtpx:TrackPointExtension><gpxtpx:bearing>261.59</gpxtpx:bearing><gpxtpx:speed>28.687014</gpxtpx:speed></gpxtpx:TrackPointExtension></extensions><geoidheight>-26.6</geoidheight><src>gps</src><sat>13</sat><hdop>0.76</hdop><vdop>1.35</vdop><pdop>1.55</pdop><dgpsid>0000</dgpsid></trkpt>
<trkpt lat="32.222838499999995" lon="-108.13603383333333"><ele>1394.4</ele><time>2025-12-11T01:42:23.000Z</time><extensions><gpxtpx:TrackPointExtension><gpxtpx:bearing>261.65</gpxtpx:bearing><gpxtpx:speed>28.697308</gpxtpx:speed></gpxtpx:TrackPointExtension></extensions><geoidheight>-26.6</geoidheight><src>gps</src><sat>13</sat><hdop>0.71</hdop><vdop>1.26</vdop><pdop>1.45</pdop><dgpsid>0000</dgpsid></trkpt>
<trkpt lat="32.22242283333333" lon="-108.13931433333333"><ele>1396.5</ele><time>2025-12-11T01:42:34.000Z</time><extensions><gpxtpx:TrackPointExtension><gpxtpx:bearing>261.79</gpxtpx:bearing><gpxtpx:speed>28.236631</gpxtpx:speed></gpxtpx:TrackPointExtension></extensions><geoidheight>-26.6</geoidheight><src>gps</src><sat>15</sat><hdop>0.71</hdop><vdop>1.26</vdop><pdop>1.45</pdop><dgpsid>0000</dgpsid></trkpt>
<trkpt lat="32.222014666666674" lon="-108.14256583333332"><ele>1399.0</ele><time>2025-12-11T01:42:45.000Z</time><extensions><gpxtpx:TrackPointExtension><gpxtpx:bearing>261.74</gpxtpx:bearing><gpxtpx:speed>28.097656</gpxtpx:speed></gpxtpx:TrackPointExtension></extensions><geoidheight>-26.6</geoidheight><src>gps</src><sat>15</sat><hdop>0.72</hdop><vdop>1.20</vdop><pdop>1.40</pdop><dgpsid>0000</dgpsid></trkpt>
<trkpt lat="32.221610166666665" lon="-108.14579733333333"><ele>1400.7</ele><time>2025-12-11T01:42:56.000Z</time><extensions><gpxtpx:TrackPointExtension><gpxtpx:bearing>261.52</gpxtpx:bearing><gpxtpx:speed>28.009125</gpxtpx:speed></gpxtpx:TrackPointExtension></extensions><geoidheight>-26.6</geoidheight><src>gps</src><sat>14</sat><hdop>0.71</hdop><vdop>1.35</vdop><pdop>1.53</pdop><dgpsid>0000</dgpsid></trkpt>
<trkpt lat="32.221208499999996" lon="-108.14900716666668"><ele>1401.1</ele><time>2025-12-11T01:43:07.000Z</time><extensions><gpxtpx:TrackPointExtension><gpxtpx:bearing>261.6</gpxtpx:bearing><gpxtpx:speed>27.61742</gpxtpx:speed></gpxtpx:TrackPointExtension></extensions><geoidheight>-26.6</geoidheight><src>gps</src><sat>16</sat><hdop>0.67</hdop><vdop>1.17</vdop><pdop>1.34</pdop><dgpsid>0000</dgpsid></trkpt>
<trkpt lat="32.220806833333334" lon="-108.15218966666667"><ele>1403.0</ele><time>2025-12-11T01:43:18.000Z</time><extensions><gpxtpx:TrackPointExtension><gpxtpx:bearing>261.84</gpxtpx:bearing><gpxtpx:speed>27.431091</gpxtpx:speed></gpxtpx:TrackPointExtension></extensions><geoidheight>-26.6</geoidheight><src>gps</src><sat>15</sat><hdop>0.70</hdop><vdop>1.17</vdop><pdop>1.36</pdop><dgpsid>0000</dgpsid></trkpt>
<trkpt lat="32.220404333333335" lon="-108.15537316666665"><ele>1403.2</ele><time>2025-12-11T01:43:29.000Z</time><extensions><gpxtpx:TrackPointExtension><gpxtpx:bearing>261.65</gpxtpx:bearing><gpxtpx:speed>28.022507</gpxtpx:speed></gpxtpx:TrackPointExtension></extensions><geoidheight>-26.6</geoidheight><src>gps</src><sat>14</sat><hdop>0.75</hdop><vdop>1.27</vdop><pdop>1.47</pdop><dgpsid>0000</dgpsid></trkpt>
<trkpt lat="32.21999516666666" lon="-108.15863983333332"><ele>1402.9</ele><time>2025-12-11T01:43:40.000Z</time><extensions><gpxtpx:TrackPointExtension><gpxtpx:bearing>261.84</gpxtpx:bearing><gpxtpx:speed>28.391048</gpxtpx:speed></gpxtpx:TrackPointExtension></extensions><geoidheight>-26.6</geoidheight><src>gps</src><sat>14</sat><hdop>0.75</hdop><vdop>1.27</vdop><pdop>1.47</pdop><dgpsid>0000</dgpsid></trkpt>
<trkpt lat="32.21959233333334" lon="-108.16186533333332"><ele>1402.6</ele><time>2025-12-11T01:43:51.000Z</time><extensions><gpxtpx:TrackPointExtension><gpxtpx:bearing>261.76</gpxtpx:bearing><gpxtpx:speed>27.6761</gpxtpx:speed></gpxtpx:TrackPointExtension></extensions><geoidheight>-26.6</geoidheight><src>gps</src><sat>15</sat><hdop>0.70</hdop><vdop>1.18</vdop><pdop>1.37</pdop><dgpsid>0000</dgpsid></trkpt>
<trkpt lat="32.2191925" lon="-108.16504933333333"><ele>1402.3</ele><time>2025-12-11T01:44:02.000Z</time><extensions><gpxtpx:TrackPointExtension><gpxtpx:bearing>261.41</gpxtpx:bearing><gpxtpx:speed>27.413591</gpxtpx:speed></gpxtpx:TrackPointExtension></extensions><geoidheight>-26.6</geoidheight><src>gps</src><sat>15</sat><hdop>0.70</hdop><vdop>1.18</vdop><pdop>1.37</pdop><dgpsid>0000</dgpsid></trkpt>
<trkpt lat="32.21878516666666" lon="-108.1682585"><ele>1402.7</ele><time>2025-12-11T01:44:13.000Z</time><extensions><gpxtpx:TrackPointExtension><gpxtpx:bearing>261.17</gpxtpx:bearing><gpxtpx:speed>28.196999</gpxtpx:speed></gpxtpx:TrackPointExtension></extensions><geoidheight>-26.6</geoidheight><src>gps</src><sat>14</sat><hdop>0.72</hdop><vdop>1.27</vdop><pdop>1.46</pdop><dgpsid>0000</dgpsid></trkpt>
<trkpt lat="32.218283" lon="-108.17148700000001"><ele>1404.7</ele><time>2025-12-11T01:44:24.000Z</time><extensions><gpxtpx:TrackPointExtension><gpxtpx:bearing>258.53</gpxtpx:bearing><gpxtpx:speed>28.018904</gpxtpx:speed></gpxtpx:TrackPointExtension></extensions><geoidheight>-26.6</geoidheight><src>gps</src><sat>16</sat><hdop>0.67</hdop><vdop>1.17</vdop><pdop>1.35</pdop><dgpsid>0000</dgpsid></trkpt>
<trkpt lat="32.2176865" lon="-108.17466916666666"><ele>1404.7</ele><time>2025-12-11T01:44:35.000Z</time><extensions><gpxtpx:TrackPointExtension><gpxtpx:bearing>257.6</gpxtpx:bearing><gpxtpx:speed>27.737865</gpxtpx:speed></gpxtpx:TrackPointExtension></extensions><geoidheight>-26.6</geoidheight><src>gps</src><sat>16</sat><hdop>0.67</hdop><vdop>1.18</vdop><pdop>1.36</pdop><dgpsid>0000</dgpsid></trkpt>
<trkpt lat="32.217089666666666" lon="-108.1777995"><ele>1404.4</ele><time>2025-12-11T01:44:46.000Z</time><extensions><gpxtpx:TrackPointExtension><gpxtpx:bearing>257.65</gpxtpx:bearing><gpxtpx:speed>27.61073</gpxtpx:speed></gpxtpx:TrackPointExtension></extensions><geoidheight>-26.6</geoidheight><src>gps</src><sat>16</sat><hdop>0.67</hdop><vdop>1.18</vdop><pdop>1.36</pdop><dgpsid>0000</dgpsid></trkpt>
<trkpt lat="32.21649183333333" lon="-108.18097866666668"><ele>1404.3</ele><time>2025-12-11T01:44:57.000Z</time><extensions><gpxtpx:TrackPointExtension><gpxtpx:bearing>257.41</gpxtpx:bearing><gpxtpx:speed>28.335974</gpxtpx:speed></gpxtpx:TrackPointExtension></extensions><geoidheight>-26.6</geoidheight><src>gps</src><sat>16</sat><hdop>0.67</hdop><vdop>1.18</vdop><pdop>1.36</pdop><dgpsid>0000</dgpsid></trkpt>
<trkpt lat="32.215873333333334" lon="-108.18424683333333"><ele>1403.9</ele><time>2025-12-11T01:45:08.000Z</time><extensions><gpxtpx:TrackPointExtension><gpxtpx:bearing>257.52</gpxtpx:bearing><gpxtpx:speed>29.04835</gpxtpx:speed></gpxtpx:TrackPointExtension></extensions><geoidheight>-26.6</geoidheight><src>gps</src><sat>16</sat><hdop>0.67</hdop><vdop>1.18</vdop><pdop>1.36</pdop><dgpsid>0000</dgpsid></trkpt>
<trkpt lat="32.215244500000004" lon="-108.18758150000001"><ele>1403.7</ele><time>2025-12-11T01:45:19.000Z</time><extensions><gpxtpx:TrackPointExtension><gpxtpx:bearing>257.37</gpxtpx:bearing><gpxtpx:speed>29.623808</gpxtpx:speed></gpxtpx:TrackPointExtension></extensions><geoidheight>-26.6</geoidheight><src>gps</src><sat>16</sat><hdop>0.67</hdop><vdop>1.18</vdop><pdop>1.36</pdop><dgpsid>0000</dgpsid></trkpt>
<trkpt lat="32.214610666666665" lon="-108.19092"><ele>1403.0</ele><time>2025-12-11T01:45:30.000Z</time><extensions><gpxtpx:TrackPointExtension><gpxtpx:bearing>257.66</gpxtpx:bearing><gpxtpx:speed>28.923786</gpxtpx:speed></gpxtpx:TrackPointExtension></extensions><geoidheight>-26.6</geoidheight><src>gps</src><sat>16</sat><hdop>0.68</hdop><vdop>1.18</vdop><pdop>1.36</pdop><dgpsid>0000</dgpsid></trkpt>
<trkpt lat="32.21399733333333" lon="-108.19415066666667"><ele>1403.1</ele><time>2025-12-11T01:45:41.000Z</time><extensions><gpxtpx:TrackPointExtension><gpxtpx:bearing>257.33</gpxtpx:bearing><gpxtpx:speed>28.123392</gpxtpx:speed></gpxtpx:TrackPointExtension></extensions><geoidheight>-26.6</geoidheight><src>gps</src><sat>16</sat><hdop>0.68</hdop><vdop>1.18</vdop><pdop>1.36</pdop><dgpsid>0000</dgpsid></trkpt>
<trkpt lat="32.213379833333335" lon="-108.19739983333332"><ele>1403.4</ele><time>2025-12-11T01:45:52.000Z</time><extensions><gpxtpx:TrackPointExtension><gpxtpx:bearing>257.76</gpxtpx:bearing><gpxtpx:speed>29.038054</gpxtpx:speed></gpxtpx:TrackPointExtension></extensions><geoidheight>-26.6</geoidheight><src>gps</src><sat>16</sat><hdop>0.68</hdop><vdop>1.19</vdop><pdop>1.36</pdop><dgpsid>0000</dgpsid></trkpt>
<trkpt lat="32.2127485" lon="-108.20073433333333"><ele>1403.2</ele><time>2025-12-11T01:46:03.000Z</time><extensions><gpxtpx:TrackPointExtension><gpxtpx:bearing>257.76</gpxtpx:bearing><gpxtpx:speed>29.541452</gpxtpx:speed></gpxtpx:TrackPointExtension></extensions><geoidheight>-26.6</geoidheight><src>gps</src><sat>16</sat><hdop>0.68</hdop><vdop>1.19</vdop><pdop>1.37</pdop><dgpsid>0000</dgpsid></trkpt>
<trkpt lat="32.212122666666666" lon="-108.20405199999999"><ele>1402.6</ele><time>2025-12-11T01:46:14.000Z</time><extensions><gpxtpx:TrackPointExtension><gpxtpx:bearing>257.47</gpxtpx:bearing><gpxtpx:speed>28.79459</gpxtpx:speed></gpxtpx:TrackPointExtension></extensions><geoidheight>-26.6</geoidheight><src>gps</src><sat>15</sat><hdop>0.69</hdop><vdop>1.22</vdop><pdop>1.40</pdop><dgpsid>0000</dgpsid></trkpt>
<trkpt lat="32.211503666666665" lon="-108.20735966666668"><ele>1402.9</ele><time>2025-12-11T01:46:25.000Z</time><extensions><gpxtpx:TrackPointExtension><gpxtpx:bearing>257.51</gpxtpx:bearing><gpxtpx:speed>29.498217</gpxtpx:speed></gpxtpx:TrackPointExtension></extensions><geoidheight>-26.6</geoidheight><src>gps</src><sat>15</sat><hdop>0.69</hdop><vdop>1.22</vdop><pdop>1.40</pdop><dgpsid>0000</dgpsid></trkpt>
<trkpt lat="32.21086683333333" lon="-108.21071683333334"><ele>1402.2</ele><time>2025-12-11T01:46:36.000Z</time><extensions><gpxtpx:TrackPointExtension><gpxtpx:bearing>257.54</gpxtpx:bearing><gpxtpx:speed>29.742193</gpxtpx:speed></gpxtpx:TrackPointExtension></extensions><geoidheight>-26.6</geoidheight><src>gps</src><sat>15</sat><hdop>0.69</hdop><vdop>1.22</vdop><pdop>1.40</pdop><dgpsid>0000</dgpsid></trkpt>
<trkpt lat="32.210215166666664" lon="-108.2141515"><ele>1401.0</ele><time>2025-12-11T01:46:47.000Z</time><extensions><gpxtpx:TrackPointExtension><gpxtpx:bearing>257.35</gpxtpx:bearing><gpxtpx:speed>30.371185</gpxtpx:speed></gpxtpx:TrackPointExtension></extensions><geoidheight>-26.7</geoidheight><src>gps</src><sat>15</sat><hdop>0.69</hdop><vdop>1.22</vdop><pdop>1.41</pdop><dgpsid>0000</dgpsid></trkpt>
<trkpt lat="32.2095585" lon="-108.21761583333334"><ele>1399.3</ele><time>2025-12-11T01:46:58.000Z</time><extensions><gpxtpx:TrackPointExtension><gpxtpx:bearing>257.31</gpxtpx:bearing><gpxtpx:speed>30.467438</gpxtpx:speed></gpxtpx:TrackPointExtension></extensions><geoidheight>-26.7</geoidheight><src>gps</src><sat>14</sat><hdop>0.71</hdop><vdop>1.32</vdop><pdop>1.50</pdop><dgpsid>0000</dgpsid></trkpt>
<trkpt lat="32.208903" lon="-108.22108250000001"><ele>1398.8</ele><time>2025-12-11T01:47:09.000Z</time><extensions><gpxtpx:TrackPointExtension><gpxtpx:bearing>257.55</gpxtpx:bearing><gpxtpx:speed>30.38148</gpxtpx:speed></gpxtpx:TrackPointExtension></extensions><geoidheight>-26.7</geoidheight><src>gps</src><sat>15</sat><hdop>0.69</hdop><vdop>1.23</vdop><pdop>1.41</pdop><dgpsid>0000</dgpsid></trkpt>
<trkpt lat="32.208202166666666" lon="-108.22449550000002"><ele>1398.0</ele><time>2025-12-11T01:47:20.000Z</time><extensions><gpxtpx:TrackPointExtension><gpxtpx:bearing>255.98</gpxtpx:bearing><gpxtpx:speed>29.68506</gpxtpx:speed></gpxtpx:TrackPointExtension></extensions><geoidheight>-26.7</geoidheight><src>gps</src><sat>16</sat><hdop>0.71</hdop><vdop>1.20</vdop><pdop>1.39</pdop><dgpsid>0000</dgpsid></trkpt>
<trkpt lat="32.2075635" lon="-108.2278345"><ele>1398.1</ele><time>2025-12-11T01:47:31.000Z</time><extensions><gpxtpx:TrackPointExtension><gpxtpx:bearing>257.33</gpxtpx:bearing><gpxtpx:speed>29.18475</gpxtpx:speed></gpxtpx:TrackPointExtension></extensions><geoidheight>-26.7</geoidheight><src>gps</src><sat>15</sat><hdop>0.73</hdop><vdop>1.23</vdop><pdop>1.43</pdop><dgpsid>0000</dgpsid></trkpt>
<trkpt lat="32.20693033333334" lon="-108.23118883333333"><ele>1398.0</ele><time>2025-12-11T01:47:42.000Z</time><extensions><gpxtpx:TrackPointExtension><gpxtpx:bearing>257.71</gpxtpx:bearing><gpxtpx:speed>29.896095</gpxtpx:speed></gpxtpx:TrackPointExtension></extensions><geoidheight>-26.7</geoidheight><src>gps</src><sat>15</sat><hdop>0.70</hdop><vdop>1.23</vdop><pdop>1.41</pdop><dgpsid>0000</dgpsid></trkpt>
<trkpt lat="32.206280500000005" lon="-108.23461100000002"><ele>1397.9</ele><time>2025-12-11T01:47:53.000Z</time><extensions><gpxtpx:TrackPointExtension><gpxtpx:bearing>257.47</gpxtpx:bearing><gpxtpx:speed>29.90845</gpxtpx:speed></gpxtpx:TrackPointExtension></extensions><geoidheight>-26.7</geoidheight><src>gps</src><sat>16</sat><hdop>0.64</hdop><vdop>0.96</vdop><pdop>1.15</pdop><dgpsid>0000</dgpsid></trkpt>
<trkpt lat="32.205639" lon="-108.23798233333333"><ele>1398.2</ele><time>2025-12-11T01:48:04.000Z</time><extensions><gpxtpx:TrackPointExtension><gpxtpx:bearing>257.31</gpxtpx:bearing><gpxtpx:speed>29.367476</gpxtpx:speed></gpxtpx:TrackPointExtension></extensions><geoidheight>-26.7</geoidheight><src>gps</src><sat>16</sat><hdop>0.64</hdop><vdop>0.96</vdop><pdop>1.15</pdop><dgpsid>0000</dgpsid></trkpt>
<trkpt lat="32.205009499999996" lon="-108.24128850000001"><ele>1398.5</ele><time>2025-12-11T01:48:15.000Z</time><extensions><gpxtpx:TrackPointExtension><gpxtpx:bearing>257.6</gpxtpx:bearing><gpxtpx:speed>28.875917</gpxtpx:speed></gpxtpx:TrackPointExtension></extensions><geoidheight>-26.7</geoidheight><src>gps</src><sat>16</sat><hdop>0.64</hdop><vdop>0.96</vdop><pdop>1.15</pdop><dgpsid>0000</dgpsid></trkpt>
<trkpt lat="32.20438983333334" lon="-108.24455000000002"><ele>1398.8</ele><time>2025-12-11T01:48:26.000Z</time><extensions><gpxtpx:TrackPointExtension><gpxtpx:bearing>257.22</gpxtpx:bearing><gpxtpx:speed>28.500685</gpxtpx:speed></gpxtpx:TrackPointExtension></extensions><geoidheight>-26.7</geoidheight><src>gps</src><sat>15</sat><hdop>0.67</hdop><vdop>0.96</vdop><pdop>1.17</pdop><dgpsid>0000</dgpsid></trkpt>
<trkpt lat="32.2037805" lon="-108.24777666666665"><ele>1399.5</ele><time>2025-12-11T01:48:37.000Z</time><extensions><gpxtpx:TrackPointExtension><gpxtpx:bearing>257.48</gpxtpx:bearing><gpxtpx:speed>28.250015</gpxtpx:speed></gpxtpx:TrackPointExtension></extensions><geoidheight>-26.7</geoidheight><src>gps</src><sat>16</sat><hdop>0.64</hdop><vdop>0.96</vdop><pdop>1.16</pdop><dgpsid>0000</dgpsid></trkpt>
<trkpt lat="32.203164666666666" lon="-108.25102116666667"><ele>1399.4</ele><time>2025-12-11T01:48:48.000Z</time><extensions><gpxtpx:TrackPointExtension><gpxtpx:bearing>257.33</gpxtpx:bearing><gpxtpx:speed>28.69628</gpxtpx:speed></gpxtpx:TrackPointExtension></extensions><geoidheight>-26.7</geoidheight><src>gps</src><sat>14</sat><hdop>0.71</hdop><vdop>0.97</vdop><pdop>1.20</pdop><dgpsid>0000</dgpsid></trkpt>
<trkpt lat="32.20254616666667" lon="-108.25428699999999"><ele>1399.4</ele><time>2025-12-11T01:48:59.000Z</time><extensions><gpxtpx:TrackPointExtension><gpxtpx:bearing>257.43</gpxtpx:bearing><gpxtpx:speed>28.843489</gpxtpx:speed></gpxtpx:TrackPointExtension></extensions><geoidheight>-26.7</geoidheight><src>gps</src><sat>15</sat><hdop>0.68</hdop><vdop>0.97</vdop><pdop>1.19</pdop><dgpsid>0000</dgpsid></trkpt>
<trkpt lat="32.201928833333334" lon="-108.25754983333333"><ele>1400.0</ele><time>2025-12-11T01:49:10.000Z</time><extensions><gpxtpx:TrackPointExtension><gpxtpx:bearing>257.24</gpxtpx:bearing><gpxtpx:speed>28.312296</gpxtpx:speed></gpxtpx:TrackPointExtension></extensions><geoidheight>-26.7</geoidheight><src>gps</src><sat>16</sat><hdop>0.64</hdop><vdop>0.96</vdop><pdop>1.16</pdop><dgpsid>0000</dgpsid></trkpt>
<trkpt lat="32.20131983333333" lon="-108.26077316666667"><ele>1400.8</ele><time>2025-12-11T01:49:21.000Z</time><extensions><gpxtpx:TrackPointExtension><gpxtpx:bearing>257.7</gpxtpx:bearing><gpxtpx:speed>28.448698</gpxtpx:speed></gpxtpx:TrackPointExtension></extensions><geoidheight>-26.7</geoidheight><src>gps</src><sat>16</sat><hdop>0.61</hdop><vdop>0.96</vdop><pdop>1.14</pdop><dgpsid>0000</dgpsid></trkpt>
<trkpt lat="32.20070016666667" lon="-108.264031"><ele>1400.7</ele><time>2025-12-11T01:49:32.000Z</time><extensions><gpxtpx:TrackPointExtension><gpxtpx:bearing>257.55</gpxtpx:bearing><gpxtpx:speed>28.753927</gpxtpx:speed></gpxtpx:TrackPointExtension></extensions><geoidheight>-26.7</geoidheight><src>gps</src><sat>16</sat><hdop>0.61</hdop><vdop>0.96</vdop><pdop>1.14</pdop><dgpsid>0000</dgpsid></trkpt>
<trkpt lat="32.20008333333333" lon="-108.26727950000001"><ele>1400.9</ele><time>2025-12-11T01:49:43.000Z</time><extensions><gpxtpx:TrackPointExtension><gpxtpx:bearing>257.33</gpxtpx:bearing><gpxtpx:speed>28.474949</gpxtpx:speed></gpxtpx:TrackPointExtension></extensions><geoidheight>-26.7</geoidheight><src>gps</src><sat>16</sat><hdop>0.61</hdop><vdop>0.96</vdop><pdop>1.14</pdop><dgpsid>0000</dgpsid></trkpt>
<trkpt lat="32.19947416666666" lon="-108.27052516666666"><ele>1401.5</ele><time>2025-12-11T01:49:54.000Z</time><extensions><gpxtpx:TrackPointExtension><gpxtpx:bearing>257.53</gpxtpx:bearing><gpxtpx:speed>28.515097</gpxtpx:speed></gpxtpx:TrackPointExtension></extensions><geoidheight>-26.7</geoidheight><src>gps</src><sat>16</sat><hdop>0.61</hdop><vdop>0.96</vdop><pdop>1.14</pdop><dgpsid>0000</dgpsid></trkpt>
<trkpt lat="32.19885883333333" lon="-108.27375750000002"><ele>1402.0</ele><time>2025-12-11T01:50:05.000Z</time><extensions><gpxtpx:TrackPointExtension><gpxtpx:bearing>257.55</gpxtpx:bearing><gpxtpx:speed>28.387445</gpxtpx:speed></gpxtpx:TrackPointExtension></extensions><geoidheight>-26.7</geoidheight><src>gps</src><sat>16</sat><hdop>0.61</hdop><vdop>0.97</vdop><pdop>1.14</pdop><dgpsid>0000</dgpsid></trkpt>
<trkpt lat="32.198253333333334" lon="-108.27695"><ele>1402.8</ele><time>2025-12-11T01:50:16.000Z</time><extensions><gpxtpx:TrackPointExtension><gpxtpx:bearing>257.33</gpxtpx:bearing><gpxtpx:speed>27.810957</gpxtpx:speed></gpxtpx:TrackPointExtension></extensions><geoidheight>-26.7</geoidheight><src>gps</src><sat>16</sat><hdop>0.61</hdop><vdop>0.97</vdop><pdop>1.14</pdop><dgpsid>0000</dgpsid></trkpt>
<trkpt lat="32.19765966666667" lon="-108.28009516666667"><ele>1403.0</ele><time>2025-12-11T01:50:27.000Z</time><extensions><gpxtpx:TrackPointExtension><gpxtpx:bearing>257.33</gpxtpx:bearing><gpxtpx:speed>27.504696</gpxtpx:speed></gpxtpx:TrackPointExtension></extensions><geoidheight>-26.7</geoidheight><src>gps</src><sat>16</sat><hdop>0.61</hdop><vdop>0.97</vdop><pdop>1.14</pdop><dgpsid>0000</dgpsid></trkpt>
<trkpt lat="32.1970695" lon="-108.28320033333333"><ele>1402.0</ele><time>2025-12-11T01:50:38.000Z</time><extensions><gpxtpx:TrackPointExtension><gpxtpx:bearing>257.28</gpxtpx:bearing><gpxtpx:speed>27.087257</gpxtpx:speed></gpxtpx:TrackPointExtension></extensions><geoidheight>-26.7</geoidheight><src>gps</src><sat>16</sat><hdop>0.61</hdop><vdop>0.97</vdop><pdop>1.15</pdop><dgpsid>0000</dgpsid></trkpt>
<trkpt lat="32.19650216666666" lon="-108.28620383333333"><ele>1401.1</ele><time>2025-12-11T01:50:49.000Z</time><extensions><gpxtpx:TrackPointExtension><gpxtpx:bearing>257.01</gpxtpx:bearing><gpxtpx:speed>25.545149</gpxtpx:speed></gpxtpx:TrackPointExtension></extensions><geoidheight>-26.7</geoidheight><src>gps</src><sat>16</sat><hdop>0.61</hdop><vdop>0.97</vdop><pdop>1.15</pdop><dgpsid>0000</dgpsid></trkpt>
<trkpt lat="32.195957666666665" lon="-108.28905516666667"><ele>1400.4</ele><time>2025-12-11T01:51:00.000Z</time><extensions><gpxtpx:TrackPointExtension><gpxtpx:bearing>257.09</gpxtpx:bearing><gpxtpx:speed>25.450954</gpxtpx:speed></gpxtpx:TrackPointExtension></extensions><geoidheight>-26.7</geoidheight><src>gps</src><sat>16</sat><hdop>0.63</hdop><vdop>1.02</vdop><pdop>1.20</pdop><dgpsid>0000</dgpsid></trkpt>
<trkpt lat="32.19540716666667" lon="-108.29196533333334"><ele>1400.1</ele><time>2025-12-11T01:51:11.000Z</time><extensions><gpxtpx:TrackPointExtension><gpxtpx:bearing>256.98</gpxtpx:bearing><gpxtpx:speed>25.674345</gpxtpx:speed></gpxtpx:TrackPointExtension></extensions><geoidheight>-26.7</geoidheight><src>gps</src><sat>16</sat><hdop>0.61</hdop><vdop>0.97</vdop><pdop>1.15</pdop><dgpsid>0000</dgpsid></trkpt>
<trkpt lat="32.19483283333333" lon="-108.29497733333334"><ele>1399.3</ele><time>2025-12-11T01:51:22.000Z</time><extensions><gpxtpx:TrackPointExtension><gpxtpx:bearing>257.21</gpxtpx:bearing><gpxtpx:speed>27.656025</gpxtpx:speed></gpxtpx:TrackPointExtension></extensions><geoidheight>-26.7</geoidheight><src>gps</src><sat>16</sat><hdop>0.61</hdop><vdop>0.97</vdop><pdop>1.15</pdop><dgpsid>0000</dgpsid></trkpt>
<trkpt lat="32.19422233333333" lon="-108.29817550000001"><ele>1398.2</ele><time>2025-12-11T01:51:33.000Z</time><extensions><gpxtpx:TrackPointExtension><gpxtpx:bearing>257.47</gpxtpx:bearing><gpxtpx:speed>28.297884</gpxtpx:speed></gpxtpx:TrackPointExtension></extensions><geoidheight>-26.7</geoidheight><src>gps</src><sat>16</sat><hdop>0.61</hdop><vdop>0.97</vdop><pdop>1.15</pdop><dgpsid>0000</dgpsid></trkpt>
<trkpt lat="32.193608499999996" lon="-108.30138683333334"><ele>1396.5</ele><time>2025-12-11T01:51:44.000Z</time><extensions><gpxtpx:TrackPointExtension><gpxtpx:bearing>257.29</gpxtpx:bearing><gpxtpx:speed>28.197514</gpxtpx:speed></gpxtpx:TrackPointExtension></extensions><geoidheight>-26.7</geoidheight><src>gps</src><sat>16</sat><hdop>0.61</hdop><vdop>0.97</vdop><pdop>1.15</pdop><dgpsid>0000</dgpsid></trkpt>
<trkpt lat="32.192992333333336" lon="-108.30459883333333"><ele>1395.2</ele><time>2025-12-11T01:51:55.000Z</time><extensions><gpxtpx:TrackPointExtension><gpxtpx:bearing>257.46</gpxtpx:bearing><gpxtpx:speed>28.27987</gpxtpx:speed></gpxtpx:TrackPointExtension></extensions><geoidheight>-26.7</geoidheight><src>gps</src><sat>16</sat><hdop>0.64</hdop><vdop>1.02</vdop><pdop>1.20</pdop><dgpsid>0000</dgpsid></trkpt>
<trkpt lat="32.192384833333335" lon="-108.30780166666666"><ele>1396.4</ele><time>2025-12-11T01:52:06.000Z</time><extensions><gpxtpx:TrackPointExtension><gpxtpx:bearing>257.44</gpxtpx:bearing><gpxtpx:speed>28.195969</gpxtpx:speed></gpxtpx:TrackPointExtension></extensions><geoidheight>-26.7</geoidheight><src>gps</src><sat>15</sat><hdop>0.67</hdop><vdop>1.11</vdop><pdop>1.29</pdop><dgpsid>0000</dgpsid></trkpt>
<trkpt lat="32.19176916666667" lon="-108.31103499999999"><ele>1397.1</ele><time>2025-12-11T01:52:17.000Z</time><extensions><gpxtpx:TrackPointExtension><gpxtpx:bearing>257.57</gpxtpx:bearing><gpxtpx:speed>28.648409</gpxtpx:speed></gpxtpx:TrackPointExtension></extensions><geoidheight>-26.7</geoidheight><src>gps</src><sat>15</sat><hdop>0.67</hdop><vdop>1.11</vdop><pdop>1.29</pdop><dgpsid>0000</dgpsid></trkpt>
<trkpt lat="32.19114683333333" lon="-108.31429666666666"><ele>1395.9</ele><time>2025-12-11T01:52:28.000Z</time><extensions><gpxtpx:TrackPointExtension><gpxtpx:bearing>257.55</gpxtpx:bearing><gpxtpx:speed>28.585098</gpxtpx:speed></gpxtpx:TrackPointExtension></extensions><geoidheight>-26.7</geoidheight><src>gps</src><sat>16</sat><hdop>0.64</hdop><vdop>1.02</vdop><pdop>1.20</pdop><dgpsid>0000</dgpsid></trkpt>
<trkpt lat="32.19052383333334" lon="-108.31754600000001"><ele>1395.3</ele><time>2025-12-11T01:52:39.000Z</time><extensions><gpxtpx:TrackPointExtension><gpxtpx:bearing>257.36</gpxtpx:bearing><gpxtpx:speed>28.650469</gpxtpx:speed></gpxtpx:TrackPointExtension></extensions><geoidheight>-26.7</geoidheight><src>gps</src><sat>16</sat><hdop>0.62</hdop><vdop>0.98</vdop><pdop>1.15</pdop><dgpsid>0000</dgpsid></trkpt>
<trkpt lat="32.1898975" lon="-108.32083050000001"><ele>1394.8</ele><time>2025-12-11T01:52:50.000Z</time><extensions><gpxtpx:TrackPointExtension><gpxtpx:bearing>257.75</gpxtpx:bearing><gpxtpx:speed>29.125042</gpxtpx:speed></gpxtpx:TrackPointExtension></extensions><geoidheight>-26.7</geoidheight><src>gps</src><sat>16</sat><hdop>0.62</hdop><vdop>0.98</vdop><pdop>1.15</pdop><dgpsid>0000</dgpsid></trkpt>
<trkpt lat="32.18926016666667" lon="-108.32416800000001"><ele>1395.4</ele><time>2025-12-11T01:53:01.000Z</time><extensions><gpxtpx:TrackPointExtension><gpxtpx:bearing>257.41</gpxtpx:bearing><gpxtpx:speed>29.352549</gpxtpx:speed></gpxtpx:TrackPointExtension></extensions><geoidheight>-26.7</geoidheight><src>gps</src><sat>16</sat><hdop>0.62</hdop><vdop>0.98</vdop><pdop>1.16</pdop><dgpsid>0000</dgpsid></trkpt>
<trkpt lat="32.188633833333334" lon="-108.32746816666668"><ele>1395.1</ele><time>2025-12-11T01:53:12.000Z</time><extensions><gpxtpx:TrackPointExtension><gpxtpx:bearing>257.28</gpxtpx:bearing><gpxtpx:speed>28.65819</gpxtpx:speed></gpxtpx:TrackPointExtension></extensions><geoidheight>-26.7</geoidheight><src>gps</src><sat>16</sat><hdop>0.62</hdop><vdop>0.98</vdop><pdop>1.16</pdop><dgpsid>0000</dgpsid></trkpt>
<trkpt lat="32.188010999999996" lon="-108.33073733333335"><ele>1394.4</ele><time>2025-12-11T01:53:23.000Z</time><extensions><gpxtpx:TrackPointExtension><gpxtpx:bearing>257.41</gpxtpx:bearing><gpxtpx:speed>28.818783</gpxtpx:speed></gpxtpx:TrackPointExtension></extensions><geoidheight>-26.7</geoidheight><src>gps</src><sat>16</sat><hdop>0.62</hdop><vdop>0.98</vdop><pdop>1.16</pdop><dgpsid>0000</dgpsid></trkpt>
<trkpt lat="32.187380833333336" lon="-108.33402050000001"><ele>1393.0</ele><time>2025-12-11T01:53:34.000Z</time><extensions><gpxtpx:TrackPointExtension><gpxtpx:bearing>257.24</gpxtpx:bearing><gpxtpx:speed>28.997906</gpxtpx:speed></gpxtpx:TrackPointExtension></extensions><geoidheight>-26.7</geoidheight><src>gps</src><sat>16</sat><hdop>0.62</hdop><vdop>0.98</vdop><pdop>1.16</pdop><dgpsid>0000</dgpsid></trkpt>
<trkpt lat="32.18675433333333" lon="-108.33732283333332"><ele>1392.5</ele><time>2025-12-11T01:53:45.000Z</time><extensions><gpxtpx:TrackPointExtension><gpxtpx:bearing>257.22</gpxtpx:bearing><gpxtpx:speed>28.932022</gpxtpx:speed></gpxtpx:TrackPointExtension></extensions><geoidheight>-26.7</geoidheight><src>gps</src><sat>16</sat><hdop>0.62</hdop><vdop>0.98</vdop><pdop>1.16</pdop><dgpsid>0000</dgpsid></trkpt>
<trkpt lat="32.186134" lon="-108.34059366666666"><ele>1392.0</ele><time>2025-12-11T01:53:56.000Z</time><extensions><gpxtpx:TrackPointExtension><gpxtpx:bearing>257.39</gpxtpx:bearing><gpxtpx:speed>28.662308</gpxtpx:speed></gpxtpx:TrackPointExtension></extensions><geoidheight>-26.7</geoidheight><src>gps</src><sat>16</sat><hdop>0.62</hdop><vdop>0.98</vdop><pdop>1.16</pdop><dgpsid>0000</dgpsid></trkpt>
<trkpt lat="32.18551083333333" lon="-108.34386033333334"><ele>1391.8</ele><time>2025-12-11T01:54:07.000Z</time><extensions><gpxtpx:TrackPointExtension><gpxtpx:bearing>257.11</gpxtpx:bearing><gpxtpx:speed>28.770914</gpxtpx:speed></gpxtpx:TrackPointExtension></extensions><geoidheight>-26.7</geoidheight><src>gps</src><sat>16</sat><hdop>0.62</hdop><vdop>0.98</vdop><pdop>1.16</pdop><dgpsid>0000</dgpsid></trkpt>
<trkpt lat="32.18488516666666" lon="-108.34713083333332"><ele>1390.2</ele><time>2025-12-11T01:54:18.000Z</time><extensions><gpxtpx:TrackPointExtension><gpxtpx:bearing>257.4</gpxtpx:bearing><gpxtpx:speed>28.59385</gpxtpx:speed></gpxtpx:TrackPointExtension></extensions><geoidheight>-26.7</geoidheight><src>gps</src><sat>16</sat><hdop>0.62</hdop><vdop>0.98</vdop><pdop>1.16</pdop><dgpsid>0000</dgpsid></trkpt>
<trkpt lat="32.18426383333333" lon="-108.3503835"><ele>1389.5</ele><time>2025-12-11T01:54:29.000Z</time><extensions><gpxtpx:TrackPointExtension><gpxtpx:bearing>257.47</gpxtpx:bearing><gpxtpx:speed>28.56245</gpxtpx:speed></gpxtpx:TrackPointExtension></extensions><geoidheight>-26.7</geoidheight><src>gps</src><sat>16</sat><hdop>0.62</hdop><vdop>0.98</vdop><pdop>1.16</pdop><dgpsid>0000</dgpsid></trkpt>
<trkpt lat="32.18364333333333" lon="-108.35364249999999"><ele>1389.3</ele><time>2025-12-11T01:54:40.000Z</time><extensions><gpxtpx:TrackPointExtension><gpxtpx:bearing>257.35</gpxtpx:bearing><gpxtpx:speed>28.905256</gpxtpx:speed></gpxtpx:TrackPointExtension></extensions><geoidheight>-26.7</geoidheight><src>gps</src><sat>16</sat><hdop>0.62</hdop><vdop>0.98</vdop><pdop>1.16</pdop><dgpsid>0000</dgpsid></trkpt>
<trkpt lat="32.18302116666667" lon="-108.35691933333334"><ele>1388.6</ele><time>2025-12-11T01:54:51.000Z</time><extensions><gpxtpx:TrackPointExtension><gpxtpx:bearing>257.21</gpxtpx:bearing><gpxtpx:speed>28.773487</gpxtpx:speed></gpxtpx:TrackPointExtension></extensions><geoidheight>-26.7</geoidheight><src>gps</src><sat>16</sat><hdop>0.62</hdop><vdop>0.98</vdop><pdop>1.16</pdop><dgpsid>0000</dgpsid></trkpt>
<trkpt lat="32.18240016666667" lon="-108.36017133333334"><ele>1388.0</ele><time>2025-12-11T01:55:02.000Z</time><extensions><gpxtpx:TrackPointExtension><gpxtpx:bearing>257.4</gpxtpx:bearing><gpxtpx:speed>28.454874</gpxtpx:speed></gpxtpx:TrackPointExtension></extensions><geoidheight>-26.7</geoidheight><src>gps</src><sat>15</sat><hdop>0.65</hdop><vdop>1.00</vdop><pdop>1.19</pdop><dgpsid>0000</dgpsid></trkpt>
<trkpt lat="32.18178116666666" lon="-108.3634125"><ele>1387.2</ele><time>2025-12-11T01:55:13.000Z</time><extensions><gpxtpx:TrackPointExtension><gpxtpx:bearing>257.59</gpxtpx:bearing><gpxtpx:speed>28.597452</gpxtpx:speed></gpxtpx:TrackPointExtension></extensions><geoidheight>-26.7</geoidheight><src>gps</src><sat>16</sat><hdop>0.65</hdop><vdop>0.99</vdop><pdop>1.18</pdop><dgpsid>0000</dgpsid></trkpt>
<trkpt lat="32.181149" lon="-108.36670299999999"><ele>1385.7</ele><time>2025-12-11T01:55:24.000Z</time><extensions><gpxtpx:TrackPointExtension><gpxtpx:bearing>257.18</gpxtpx:bearing><gpxtpx:speed>29.185265</gpxtpx:speed></gpxtpx:TrackPointExtension></extensions><geoidheight>-26.7</geoidheight><src>gps</src><sat>16</sat><hdop>0.65</hdop><vdop>0.99</vdop><pdop>1.18</pdop><dgpsid>0000</dgpsid></trkpt>
<trkpt lat="32.18051633333334" lon="-108.37004316666668"><ele>1384.0</ele><time>2025-12-11T01:55:35.000Z</time><extensions><gpxtpx:TrackPointExtension><gpxtpx:bearing>257.28</gpxtpx:bearing><gpxtpx:speed>29.232618</gpxtpx:speed></gpxtpx:TrackPointExtension></extensions><geoidheight>-26.7</geoidheight><src>gps</src><sat>15</sat><hdop>0.65</hdop><vdop>0.99</vdop><pdop>1.18</pdop><dgpsid>0000</dgpsid></trkpt>
<trkpt lat="32.17989433333333" lon="-108.37330583333332"><ele>1382.6</ele><time>2025-12-11T01:55:46.000Z</time><extensions><gpxtpx:TrackPointExtension><gpxtpx:bearing>257.3</gpxtpx:bearing><gpxtpx:speed>28.611864</gpxtpx:speed></gpxtpx:TrackPointExtension></extensions><geoidheight>-26.7</geoidheight><src>gps</src><sat>16</sat><hdop>0.65</hdop><vdop>0.99</vdop><pdop>1.18</pdop><dgpsid>0000</dgpsid></trkpt>
<trkpt lat="32.17931133333333" lon="-108.37656466666667"><ele>1381.2</ele><time>2025-12-11T01:55:57.000Z</time><extensions><gpxtpx:TrackPointExtension><gpxtpx:bearing>261.07</gpxtpx:bearing><gpxtpx:speed>28.362738</gpxtpx:speed></gpxtpx:TrackPointExtension></extensions><geoidheight>-26.7</geoidheight><src>gps</src><sat>16</sat><hdop>0.65</hdop><vdop>0.99</vdop><pdop>1.18</pdop><dgpsid>0000</dgpsid></trkpt>
<trkpt lat="32.17913033333333" lon="-108.37984233333333"><ele>1380.4</ele><time>2025-12-11T01:56:08.000Z</time><extensions><gpxtpx:TrackPointExtension><gpxtpx:bearing>270.71</gpxtpx:bearing><gpxtpx:speed>27.431091</gpxtpx:speed></gpxtpx:TrackPointExtension></extensions><geoidheight>-26.7</geoidheight><src>gps</src><sat>16</sat><hdop>0.66</hdop><vdop>1.05</vdop><pdop>1.24</pdop><dgpsid>0000</dgpsid></trkpt>
<trkpt lat="32.17943283333333" lon="-108.38303616666666"><ele>1379.3</ele><time>2025-12-11T01:56:19.000Z</time><extensions><gpxtpx:TrackPointExtension><gpxtpx:bearing>281.05</gpxtpx:bearing><gpxtpx:speed>27.463518</gpxtpx:speed></gpxtpx:TrackPointExtension></extensions><geoidheight>-26.7</geoidheight><src>gps</src><sat>15</sat><hdop>0.67</hdop><vdop>1.04</vdop><pdop>1.24</pdop><dgpsid>0000</dgpsid></trkpt>
<trkpt lat="32.180206500000004" lon="-108.38613533333334"><ele>1377.2</ele><time>2025-12-11T01:56:30.000Z</time><extensions><gpxtpx:TrackPointExtension><gpxtpx:bearing>291.45</gpxtpx:bearing><gpxtpx:speed>27.929857</gpxtpx:speed></gpxtpx:TrackPointExtension></extensions><geoidheight>-26.7</geoidheight><src>gps</src><sat>16</sat><hdop>0.62</hdop><vdop>0.99</vdop><pdop>1.17</pdop><dgpsid>0000</dgpsid></trkpt>
<trkpt lat="32.18145633333334" lon="-108.3890865"><ele>1377.4</ele><time>2025-12-11T01:56:41.000Z</time><extensions><gpxtpx:TrackPointExtension><gpxtpx:bearing>301.49</gpxtpx:bearing><gpxtpx:speed>28.301487</gpxtpx:speed></gpxtpx:TrackPointExtension></extensions><geoidheight>-26.7</geoidheight><src>gps</src><sat>15</sat><hdop>0.66</hdop><vdop>1.05</vdop><pdop>1.24</pdop><dgpsid>0000</dgpsid></trkpt>
<trkpt lat="32.18306016666667" lon="-108.39174233333333"><ele>1376.5</ele><time>2025-12-11T01:56:52.000Z</time><extensions><gpxtpx:TrackPointExtension><gpxtpx:bearing>306.51</gpxtpx:bearing><gpxtpx:speed>27.97927</gpxtpx:speed></gpxtpx:TrackPointExtension></extensions><geoidheight>-26.7</geoidheight><src>gps</src><sat>16</sat><hdop>0.64</hdop><vdop>1.05</vdop><pdop>1.23</pdop><dgpsid>0000</dgpsid></trkpt>
<trkpt lat="32.18468233333333" lon="-108.39434950000002"><ele>1376.5</ele><time>2025-12-11T01:57:03.000Z</time><extensions><gpxtpx:TrackPointExtension><gpxtpx:bearing>307.17</gpxtpx:bearing><gpxtpx:speed>27.58139</gpxtpx:speed></gpxtpx:TrackPointExtension></extensions><geoidheight>-26.7</geoidheight><src>gps</src><sat>16</sat><hdop>0.64</hdop><vdop>1.05</vdop><pdop>1.23</pdop><dgpsid>0000</dgpsid></trkpt>
<trkpt lat="32.1863185" lon="-108.39696366666666"><ele>1376.0</ele><time>2025-12-11T01:57:14.000Z</time><extensions><gpxtpx:TrackPointExtension><gpxtpx:bearing>306.22</gpxtpx:bearing><gpxtpx:speed>27.999859</gpxtpx:speed></gpxtpx:TrackPointExtension></extensions><geoidheight>-26.7</geoidheight><src>gps</src><sat>16</sat><hdop>0.64</hdop><vdop>1.05</vdop><pdop>1.23</pdop><dgpsid>0000</dgpsid></trkpt>
<trkpt lat="32.187939" lon="-108.39955833333333"><ele>1377.5</ele><time>2025-12-11T01:57:25.000Z</time><extensions><gpxtpx:TrackPointExtension><gpxtpx:bearing>306.36</gpxtpx:bearing><gpxtpx:speed>27.4594</gpxtpx:speed></gpxtpx:TrackPointExtension></extensions><geoidheight>-26.7</geoidheight><src>gps</src><sat>16</sat><hdop>0.67</hdop><vdop>1.12</vdop><pdop>1.30</pdop><dgpsid>0000</dgpsid></trkpt>
<trkpt lat="32.18954433333333" lon="-108.40214133333332"><ele>1380.0</ele><time>2025-12-11T01:57:36.000Z</time><extensions><gpxtpx:TrackPointExtension><gpxtpx:bearing>305.53</gpxtpx:bearing><gpxtpx:speed>27.681246</gpxtpx:speed></gpxtpx:TrackPointExtension></extensions><geoidheight>-26.7</geoidheight><src>gps</src><sat>16</sat><hdop>0.64</hdop><vdop>1.05</vdop><pdop>1.23</pdop><dgpsid>0000</dgpsid></trkpt>
<trkpt lat="32.19113183333333" lon="-108.40468316666666"><ele>1382.0</ele><time>2025-12-11T01:57:47.000Z</time><extensions><gpxtpx:TrackPointExtension><gpxtpx:bearing>306.52</gpxtpx:bearing><gpxtpx:speed>26.853058</gpxtpx:speed></gpxtpx:TrackPointExtension></extensions><geoidheight>-26.7</geoidheight><src>gps</src><sat>16</sat><hdop>0.62</hdop><vdop>0.99</vdop><pdop>1.17</pdop><dgpsid>0000</dgpsid></trkpt>
<trkpt lat="32.1927285" lon="-108.40723000000001"><ele>1382.0</ele><time>2025-12-11T01:57:58.000Z</time><extensions><gpxtpx:TrackPointExtension><gpxtpx:bearing>306.24</gpxtpx:bearing><gpxtpx:speed>27.892282</gpxtpx:speed></gpxtpx:TrackPointExtension></extensions><geoidheight>-26.7</geoidheight><src>gps</src><sat>16</sat><hdop>0.69</hdop><vdop>1.21</vdop><pdop>1.39</pdop><dgpsid>0000</dgpsid></trkpt>
<trkpt lat="32.194404999999996" lon="-108.40990933333333"><ele>1381.8</ele><time>2025-12-11T01:58:09.000Z</time><extensions><gpxtpx:TrackPointExtension><gpxtpx:bearing>306.26</gpxtpx:bearing><gpxtpx:speed>29.051952</gpxtpx:speed></gpxtpx:TrackPointExtension></extensions><geoidheight>-26.7</geoidheight><src>gps</src><sat>15</sat><hdop>0.69</hdop><vdop>1.21</vdop><pdop>1.39</pdop><dgpsid>0000</dgpsid></trkpt>
<trkpt lat="32.196076833333336" lon="-108.41258316666666"><ele>1379.0</ele><time>2025-12-11T01:58:20.000Z</time><extensions><gpxtpx:TrackPointExtension><gpxtpx:bearing>306.06</gpxtpx:bearing><gpxtpx:speed>28.262367</gpxtpx:speed></gpxtpx:TrackPointExtension></extensions><geoidheight>-26.7</geoidheight><src>gps</src><sat>16</sat><hdop>0.66</hdop><vdop>1.13</vdop><pdop>1.31</pdop><dgpsid>0000</dgpsid></trkpt>
<trkpt lat="32.19768616666667" lon="-108.415248"><ele>1376.8</ele><time>2025-12-11T01:58:31.000Z</time><extensions><gpxtpx:TrackPointExtension><gpxtpx:bearing>305.54</gpxtpx:bearing><gpxtpx:speed>28.048758</gpxtpx:speed></gpxtpx:TrackPointExtension></extensions><geoidheight>-26.7</geoidheight><src>gps</src><sat>16</sat><hdop>0.66</hdop><vdop>1.14</vdop><pdop>1.31</pdop><dgpsid>0000</dgpsid></trkpt>
<trkpt lat="32.199286666666666" lon="-108.41790833333334"><ele>1376.8</ele><time>2025-12-11T01:58:42.000Z</time><extensions><gpxtpx:TrackPointExtension><gpxtpx:bearing>305.37</gpxtpx:bearing><gpxtpx:speed>27.657055</gpxtpx:speed></gpxtpx:TrackPointExtension></extensions><geoidheight>-26.7</geoidheight><src>gps</src><sat>16</sat><hdop>0.66</hdop><vdop>1.14</vdop><pdop>1.32</pdop><dgpsid>0000</dgpsid></trkpt>
<trkpt lat="32.200862666666666" lon="-108.42052416666665"><ele>1379.0</ele><time>2025-12-11T01:58:53.000Z</time><extensions><gpxtpx:TrackPointExtension><gpxtpx:bearing>305.2</gpxtpx:bearing><gpxtpx:speed>27.289028</gpxtpx:speed></gpxtpx:TrackPointExtension></extensions><geoidheight>-26.7</geoidheight><src>gps</src><sat>16</sat><hdop>0.66</hdop><vdop>1.14</vdop><pdop>1.32</pdop><dgpsid>0000</dgpsid></trkpt>
<trkpt lat="32.20244183333333" lon="-108.42314900000001"><ele>1381.1</ele><time>2025-12-11T01:59:04.000Z</time><extensions><gpxtpx:TrackPointExtension><gpxtpx:bearing>305.46</gpxtpx:bearing><gpxtpx:speed>27.816103</gpxtpx:speed></gpxtpx:TrackPointExtension></extensions><geoidheight>-26.7</geoidheight><src>gps</src><sat>16</sat><hdop>0.64</hdop><vdop>1.06</vdop><pdop>1.24</pdop><dgpsid>0000</dgpsid></trkpt>
<trkpt lat="32.204074500000004" lon="-108.425862"><ele>1379.3</ele><time>2025-12-11T01:59:15.000Z</time><extensions><gpxtpx:TrackPointExtension><gpxtpx:bearing>305.46</gpxtpx:bearing><gpxtpx:speed>28.612894</gpxtpx:speed></gpxtpx:TrackPointExtension></extensions><geoidheight>-26.7</geoidheight><src>gps</src><sat>15</sat><hdop>0.66</hdop><vdop>1.07</vdop><pdop>1.25</pdop><dgpsid>0000</dgpsid></trkpt>
<trkpt lat="32.20570633333333" lon="-108.42857266666667"><ele>1378.4</ele><time>2025-12-11T01:59:26.000Z</time><extensions><gpxtpx:TrackPointExtension><gpxtpx:bearing>305.33</gpxtpx:bearing><gpxtpx:speed>28.854298</gpxtpx:speed></gpxtpx:TrackPointExtension></extensions><geoidheight>-26.7</geoidheight><src>gps</src><sat>14</sat><hdop>0.71</hdop><vdop>1.15</vdop><pdop>1.35</pdop><dgpsid>0000</dgpsid></trkpt>
<trkpt lat="32.207372" lon="-108.43135266666668"><ele>1378.2</ele><time>2025-12-11T01:59:37.000Z</time><extensions><gpxtpx:TrackPointExtension><gpxtpx:bearing>305.41</gpxtpx:bearing><gpxtpx:speed>29.252178</gpxtpx:speed></gpxtpx:TrackPointExtension></extensions><geoidheight>-26.7</geoidheight><src>gps</src><sat>15</sat><hdop>0.66</hdop><vdop>1.07</vdop><pdop>1.26</pdop><dgpsid>0000</dgpsid></trkpt>
<trkpt lat="32.209036999999995" lon="-108.434118"><ele>1378.3</ele><time>2025-12-11T01:59:48.000Z</time><extensions><gpxtpx:TrackPointExtension><gpxtpx:bearing>305.17</gpxtpx:bearing><gpxtpx:speed>29.076143</gpxtpx:speed></gpxtpx:TrackPointExtension></extensions><geoidheight>-26.7</geoidheight><src>gps</src><sat>16</sat><hdop>0.64</hdop><vdop>1.06</vdop><pdop>1.24</pdop><dgpsid>0000</dgpsid></trkpt>
<trkpt lat="32.21069266666667" lon="-108.4368795"><ele>1380.2</ele><time>2025-12-11T01:59:59.000Z</time><extensions><gpxtpx:TrackPointExtension><gpxtpx:bearing>305.19</gpxtpx:bearing><gpxtpx:speed>28.85018</gpxtpx:speed></gpxtpx:TrackPointExtension></extensions><geoidheight>-26.7</geoidheight><src>gps</src><sat>16</sat><hdop>0.63</hdop><vdop>1.00</vdop><pdop>1.18</pdop><dgpsid>0000</dgpsid></trkpt>
<trkpt lat="32.2123395" lon="-108.43961749999998"><ele>1383.4</ele><time>2025-12-11T02:00:10.000Z</time><extensions><gpxtpx:TrackPointExtension><gpxtpx:bearing>305.25</gpxtpx:bearing><gpxtpx:speed>28.728706</gpxtpx:speed></gpxtpx:TrackPointExtension></extensions><geoidheight>-26.7</geoidheight><src>gps</src><sat>15</sat><hdop>0.66</hdop><vdop>1.07</vdop><pdop>1.26</pdop><dgpsid>0000</dgpsid></trkpt>
<trkpt lat="32.21398683333334" lon="-108.44236116666667"><ele>1381.6</ele><time>2025-12-11T02:00:21.000Z</time><extensions><gpxtpx:TrackPointExtension><gpxtpx:bearing>305.18</gpxtpx:bearing><gpxtpx:speed>28.728706</gpxtpx:speed></gpxtpx:TrackPointExtension></extensions><geoidheight>-26.7</geoidheight><src>gps</src><sat>16</sat><hdop>0.66</hdop><vdop>1.07</vdop><pdop>1.26</pdop><dgpsid>0000</dgpsid></trkpt>
<trkpt lat="32.21563916666666" lon="-108.44510683333334"><ele>1377.9</ele><time>2025-12-11T02:00:32.000Z</time><extensions><gpxtpx:TrackPointExtension><gpxtpx:bearing>305.16</gpxtpx:bearing><gpxtpx:speed>28.93614</gpxtpx:speed></gpxtpx:TrackPointExtension></extensions><geoidheight>-26.7</geoidheight><src>gps</src><sat>16</sat><hdop>0.64</hdop><vdop>1.07</vdop><pdop>1.24</pdop><dgpsid>0000</dgpsid></trkpt>
<trkpt lat="32.2172925" lon="-108.44785133333335"><ele>1375.6</ele><time>2025-12-11T02:00:43.000Z</time><extensions><gpxtpx:TrackPointExtension><gpxtpx:bearing>305.07</gpxtpx:bearing><gpxtpx:speed>29.11063</gpxtpx:speed></gpxtpx:TrackPointExtension></extensions><geoidheight>-26.7</geoidheight><src>gps</src><sat>16</sat><hdop>0.64</hdop><vdop>1.00</vdop><pdop>1.19</pdop><dgpsid>0000</dgpsid></trkpt>
<trkpt lat="32.218956166666665" lon="-108.45062549999999"><ele>1375.3</ele><time>2025-12-11T02:00:54.000Z</time><extensions><gpxtpx:TrackPointExtension><gpxtpx:bearing>305.09</gpxtpx:bearing><gpxtpx:speed>29.066364</gpxtpx:speed></gpxtpx:TrackPointExtension></extensions><geoidheight>-26.7</geoidheight><src>gps</src><sat>16</sat><hdop>0.64</hdop><vdop>1.00</vdop><pdop>1.19</pdop><dgpsid>0000</dgpsid></trkpt>
<trkpt lat="32.22060183333333" lon="-108.45335750000001"><ele>1373.2</ele><time>2025-12-11T02:01:05.000Z</time><extensions><gpxtpx:TrackPointExtension><gpxtpx:bearing>305.25</gpxtpx:bearing><gpxtpx:speed>28.437374</gpxtpx:speed></gpxtpx:TrackPointExtension></extensions><geoidheight>-26.7</geoidheight><src>gps</src><sat>16</sat><hdop>0.64</hdop><vdop>1.01</vdop><pdop>1.19</pdop><dgpsid>0000</dgpsid></trkpt>
<trkpt lat="32.222216" lon="-108.45604866666666"><ele>1371.7</ele><time>2025-12-11T02:01:16.000Z</time><extensions><gpxtpx:TrackPointExtension><gpxtpx:bearing>305.02</gpxtpx:bearing><gpxtpx:speed>28.181557</gpxtpx:speed></gpxtpx:TrackPointExtension></extensions><geoidheight>-26.7</geoidheight><src>gps</src><sat>16</sat><hdop>0.63</hdop><vdop>1.00</vdop><pdop>1.18</pdop><dgpsid>0000</dgpsid></trkpt>
<trkpt lat="32.22382233333334" lon="-108.45871983333333"><ele>1370.4</ele><time>2025-12-11T02:01:27.000Z</time><extensions><gpxtpx:TrackPointExtension><gpxtpx:bearing>304.99</gpxtpx:bearing><gpxtpx:speed>27.945814</gpxtpx:speed></gpxtpx:TrackPointExtension></extensions><geoidheight>-26.7</geoidheight><src>gps</src><sat>15</sat><hdop>0.69</hdop><vdop>1.09</vdop><pdop>1.29</pdop><dgpsid>0000</dgpsid></trkpt>
<trkpt lat="32.22538933333333" lon="-108.4613295"><ele>1368.6</ele><time>2025-12-11T02:01:38.000Z</time><extensions><gpxtpx:TrackPointExtension><gpxtpx:bearing>304.81</gpxtpx:bearing><gpxtpx:speed>27.396605</gpxtpx:speed></gpxtpx:TrackPointExtension></extensions><geoidheight>-26.7</geoidheight><src>gps</src><sat>16</sat><hdop>0.64</hdop><vdop>1.07</vdop><pdop>1.25</pdop><dgpsid>0000</dgpsid></trkpt>
<trkpt lat="32.22694466666667" lon="-108.46392466666666"><ele>1368.1</ele><time>2025-12-11T02:01:49.000Z</time><extensions><gpxtpx:TrackPointExtension><gpxtpx:bearing>305.38</gpxtpx:bearing><gpxtpx:speed>27.142332</gpxtpx:speed></gpxtpx:TrackPointExtension></extensions><geoidheight>-26.7</geoidheight><src>gps</src><sat>15</sat><hdop>0.66</hdop><vdop>1.10</vdop><pdop>1.28</pdop><dgpsid>0000</dgpsid></trkpt>
<trkpt lat="32.22851383333333" lon="-108.46652783333333"><ele>1366.7</ele><time>2025-12-11T02:02:00.000Z</time><extensions><gpxtpx:TrackPointExtension><gpxtpx:bearing>305.34</gpxtpx:bearing><gpxtpx:speed>27.382193</gpxtpx:speed></gpxtpx:TrackPointExtension></extensions><geoidheight>-26.7</geoidheight><src>gps</src><sat>15</sat><hdop>0.69</hdop><vdop>1.10</vdop><pdop>1.30</pdop><dgpsid>0000</dgpsid></trkpt>
<trkpt lat="32.23006566666666" lon="-108.46912116666665"><ele>1366.1</ele><time>2025-12-11T02:02:11.000Z</time><extensions><gpxtpx:TrackPointExtension><gpxtpx:bearing>305.12</gpxtpx:bearing><gpxtpx:speed>26.684744</gpxtpx:speed></gpxtpx:TrackPointExtension></extensions><geoidheight>-26.7</geoidheight><src>gps</src><sat>14</sat><hdop>0.73</hdop><vdop>1.18</vdop><pdop>1.38</pdop><dgpsid>0000</dgpsid></trkpt>
<trkpt lat="32.231584" lon="-108.47165250000002"><ele>1364.9</ele><time>2025-12-11T02:02:22.000Z</time><extensions><gpxtpx:TrackPointExtension><gpxtpx:bearing>305.05</gpxtpx:bearing><gpxtpx:speed>26.60033</gpxtpx:speed></gpxtpx:TrackPointExtension></extensions><geoidheight>-26.7</geoidheight><src>gps</src><sat>14</sat><hdop>0.73</hdop><vdop>1.18</vdop><pdop>1.38</pdop><dgpsid>0000</dgpsid></trkpt>
<trkpt lat="32.233093333333336" lon="-108.47417183333333"><ele>1363.8</ele><time>2025-12-11T02:02:33.000Z</time><extensions><gpxtpx:TrackPointExtension><gpxtpx:bearing>305.07</gpxtpx:bearing><gpxtpx:speed>26.329071</gpxtpx:speed></gpxtpx:TrackPointExtension></extensions><geoidheight>-26.7</geoidheight><src>gps</src><sat>15</sat><hdop>0.69</hdop><vdop>1.16</vdop><pdop>1.35</pdop><dgpsid>0000</dgpsid></trkpt>
<trkpt lat="32.234594333333334" lon="-108.47666983333332"><ele>1362.9</ele><time>2025-12-11T02:02:44.000Z</time><extensions><gpxtpx:TrackPointExtension><gpxtpx:bearing>305.14</gpxtpx:bearing><gpxtpx:speed>26.178257</gpxtpx:speed></gpxtpx:TrackPointExtension></extensions><geoidheight>-26.7</geoidheight><src>gps</src><sat>15</sat><hdop>0.65</hdop><vdop>1.03</vdop><pdop>1.22</pdop><dgpsid>0000</dgpsid></trkpt>
<trkpt lat="32.23611666666667" lon="-108.47920066666666"><ele>1361.5</ele><time>2025-12-11T02:02:55.000Z</time><extensions><gpxtpx:TrackPointExtension><gpxtpx:bearing>305.16</gpxtpx:bearing><gpxtpx:speed>26.930267</gpxtpx:speed></gpxtpx:TrackPointExtension></extensions><geoidheight>-26.7</geoidheight><src>gps</src><sat>14</sat><hdop>0.72</hdop><vdop>1.16</vdop><pdop>1.37</pdop><dgpsid>0000</dgpsid></trkpt>
<trkpt lat="32.23766583333334" lon="-108.48177883333334"><ele>1360.3</ele><time>2025-12-11T02:03:06.000Z</time><extensions><gpxtpx:TrackPointExtension><gpxtpx:bearing>305.18</gpxtpx:bearing><gpxtpx:speed>27.789337</gpxtpx:speed></gpxtpx:TrackPointExtension></extensions><geoidheight>-26.7</geoidheight><src>gps</src><sat>16</sat><hdop>0.70</hdop><vdop>1.12</vdop><pdop>1.32</pdop><dgpsid>0000</dgpsid></trkpt>
<trkpt lat="32.23928133333333" lon="-108.48446533333332"><ele>1360.2</ele><time>2025-12-11T02:03:17.000Z</time><extensions><gpxtpx:TrackPointExtension><gpxtpx:bearing>305.32</gpxtpx:bearing><gpxtpx:speed>28.154276</gpxtpx:speed></gpxtpx:TrackPointExtension></extensions><geoidheight>-26.7</geoidheight><src>gps</src><sat>16</sat><hdop>0.69</hdop><vdop>0.93</vdop><pdop>1.16</pdop><dgpsid>0000</dgpsid></trkpt>
<trkpt lat="32.24089766666667" lon="-108.48715183333334"><ele>1358.4</ele><time>2025-12-11T02:03:28.000Z</time><extensions><gpxtpx:TrackPointExtension><gpxtpx:bearing>305.66</gpxtpx:bearing><gpxtpx:speed>28.446638</gpxtpx:speed></gpxtpx:TrackPointExtension></extensions><geoidheight>-26.7</geoidheight><src>gps</src><sat>16</sat><hdop>0.62</hdop><vdop>0.84</vdop><pdop>1.05</pdop><dgpsid>0000</dgpsid></trkpt>
<trkpt lat="32.24252883333334" lon="-108.48986533333333"><ele>1356.1</ele><time>2025-12-11T02:03:39.000Z</time><extensions><gpxtpx:TrackPointExtension><gpxtpx:bearing>305.28</gpxtpx:bearing><gpxtpx:speed>28.581495</gpxtpx:speed></gpxtpx:TrackPointExtension></extensions><geoidheight>-26.7</geoidheight><src>gps</src><sat>17</sat><hdop>0.60</hdop><vdop>0.84</vdop><pdop>1.03</pdop><dgpsid>0000</dgpsid></trkpt>
<trkpt lat="32.24416833333333" lon="-108.49260416666667"><ele>1353.8</ele><time>2025-12-11T02:03:50.000Z</time><extensions><gpxtpx:TrackPointExtension><gpxtpx:bearing>305.21</gpxtpx:bearing><gpxtpx:speed>29.098791</gpxtpx:speed></gpxtpx:TrackPointExtension></extensions><geoidheight>-26.7</geoidheight><src>gps</src><sat>17</sat><hdop>0.60</hdop><vdop>0.85</vdop><pdop>1.03</pdop><dgpsid>0000</dgpsid></trkpt>
<trkpt lat="32.245839333333336" lon="-108.49539000000001"><ele>1352.3</ele><time>2025-12-11T02:04:01.000Z</time><extensions><gpxtpx:TrackPointExtension><gpxtpx:bearing>305.18</gpxtpx:bearing><gpxtpx:speed>29.40608</gpxtpx:speed></gpxtpx:TrackPointExtension></extensions><geoidheight>-26.7</geoidheight><src>gps</src><sat>17</sat><hdop>0.60</hdop><vdop>0.85</vdop><pdop>1.03</pdop><dgpsid>0000</dgpsid></trkpt>
<trkpt lat="32.24752433333333" lon="-108.49820216666667"><ele>1351.3</ele><time>2025-12-11T02:04:12.000Z</time><extensions><gpxtpx:TrackPointExtension><gpxtpx:bearing>305.14</gpxtpx:bearing><gpxtpx:speed>29.67837</gpxtpx:speed></gpxtpx:TrackPointExtension></extensions><geoidheight>-26.7</geoidheight><src>gps</src><sat>17</sat><hdop>0.60</hdop><vdop>0.85</vdop><pdop>1.03</pdop><dgpsid>0000</dgpsid></trkpt>
<trkpt lat="32.249241500000004" lon="-108.50106783333334"><ele>1349.2</ele><time>2025-12-11T02:04:23.000Z</time><extensions><gpxtpx:TrackPointExtension><gpxtpx:bearing>305.24</gpxtpx:bearing><gpxtpx:speed>30.416481</gpxtpx:speed></gpxtpx:TrackPointExtension></extensions><geoidheight>-26.7</geoidheight><src>gps</src><sat>15</sat><hdop>0.63</hdop><vdop>0.85</vdop><pdop>1.06</pdop><dgpsid>0000</dgpsid></trkpt>
<trkpt lat="32.25094433333334" lon="-108.50390733333333"><ele>1346.5</ele><time>2025-12-11T02:04:34.000Z</time><extensions><gpxtpx:TrackPointExtension><gpxtpx:bearing>305.22</gpxtpx:bearing><gpxtpx:speed>28.914005</gpxtpx:speed></gpxtpx:TrackPointExtension></extensions><geoidheight>-26.7</geoidheight><src>gps</src><sat>16</sat><hdop>0.61</hdop><vdop>0.85</vdop><pdop>1.05</pdop><dgpsid>0000</dgpsid></trkpt>
<trkpt lat="32.252575" lon="-108.50662150000001"><ele>1344.9</ele><time>2025-12-11T02:04:45.000Z</time><extensions><gpxtpx:TrackPointExtension><gpxtpx:bearing>305.15</gpxtpx:bearing><gpxtpx:speed>28.317957</gpxtpx:speed></gpxtpx:TrackPointExtension></extensions><geoidheight>-26.7</geoidheight><src>gps</src><sat>16</sat><hdop>0.61</hdop><vdop>0.85</vdop><pdop>1.05</pdop><dgpsid>0000</dgpsid></trkpt>
<trkpt lat="32.25419133333333" lon="-108.50930733333334"><ele>1343.3</ele><time>2025-12-11T02:04:56.000Z</time><extensions><gpxtpx:TrackPointExtension><gpxtpx:bearing>305.18</gpxtpx:bearing><gpxtpx:speed>28.09148</gpxtpx:speed></gpxtpx:TrackPointExtension></extensions><geoidheight>-26.7</geoidheight><src>gps</src><sat>17</sat><hdop>0.60</hdop><vdop>0.84</vdop><pdop>1.04</pdop><dgpsid>0000</dgpsid></trkpt>
<trkpt lat="32.255788333333335" lon="-108.51197033333334"><ele>1341.4</ele><time>2025-12-11T02:05:07.000Z</time><extensions><gpxtpx:TrackPointExtension><gpxtpx:bearing>305.16</gpxtpx:bearing><gpxtpx:speed>28.208838</gpxtpx:speed></gpxtpx:TrackPointExtension></extensions><geoidheight>-26.7</geoidheight><src>gps</src><sat>17</sat><hdop>0.60</hdop><vdop>0.85</vdop><pdop>1.04</pdop><dgpsid>0000</dgpsid></trkpt>
<trkpt lat="32.25742266666667" lon="-108.51469733333333"><ele>1339.8</ele><time>2025-12-11T02:05:18.000Z</time><extensions><gpxtpx:TrackPointExtension><gpxtpx:bearing>305.21</gpxtpx:bearing><gpxtpx:speed>28.724588</gpxtpx:speed></gpxtpx:TrackPointExtension></extensions><geoidheight>-26.7</geoidheight><src>gps</src><sat>17</sat><hdop>0.60</hdop><vdop>0.85</vdop><pdop>1.04</pdop><dgpsid>0000</dgpsid></trkpt>
<trkpt lat="32.25905183333334" lon="-108.51741166666667"><ele>1337.8</ele><time>2025-12-11T02:05:29.000Z</time><extensions><gpxtpx:TrackPointExtension><gpxtpx:bearing>305.52</gpxtpx:bearing><gpxtpx:speed>28.272663</gpxtpx:speed></gpxtpx:TrackPointExtension></extensions><geoidheight>-26.7</geoidheight><src>gps</src><sat>17</sat><hdop>0.60</hdop><vdop>0.85</vdop><pdop>1.04</pdop><dgpsid>0000</dgpsid></trkpt>
<trkpt lat="32.260695166666665" lon="-108.520152"><ele>1335.8</ele><time>2025-12-11T02:05:40.000Z</time><extensions><gpxtpx:TrackPointExtension><gpxtpx:bearing>305.09</gpxtpx:bearing><gpxtpx:speed>28.859446</gpxtpx:speed></gpxtpx:TrackPointExtension></extensions><geoidheight>-26.7</geoidheight><src>gps</src><sat>17</sat><hdop>0.60</hdop><vdop>0.85</vdop><pdop>1.04</pdop><dgpsid>0000</dgpsid></trkpt>
<trkpt lat="32.26234133333333" lon="-108.52289216666668"><ele>1333.1</ele><time>2025-12-11T02:05:51.000Z</time><extensions><gpxtpx:TrackPointExtension><gpxtpx:bearing>305.33</gpxtpx:bearing><gpxtpx:speed>28.609291</gpxtpx:speed></gpxtpx:TrackPointExtension></extensions><geoidheight>-26.7</geoidheight><src>gps</src><sat>17</sat><hdop>0.60</hdop><vdop>0.85</vdop><pdop>1.04</pdop><dgpsid>0000</dgpsid></trkpt>
<trkpt lat="32.26397583333333" lon="-108.52561166666668"><ele>1330.7</ele><time>2025-12-11T02:06:02.000Z</time><extensions><gpxtpx:TrackPointExtension><gpxtpx:bearing>305.22</gpxtpx:bearing><gpxtpx:speed>28.668999</gpxtpx:speed></gpxtpx:TrackPointExtension></extensions><geoidheight>-26.7</geoidheight><src>gps</src><sat>17</sat><hdop>0.60</hdop><vdop>0.85</vdop><pdop>1.04</pdop><dgpsid>0000</dgpsid></trkpt>
<trkpt lat="32.26563" lon="-108.52836549999999"><ele>1328.8</ele><time>2025-12-11T02:06:13.000Z</time><extensions><gpxtpx:TrackPointExtension><gpxtpx:bearing>305.3</gpxtpx:bearing><gpxtpx:speed>29.061216</gpxtpx:speed></gpxtpx:TrackPointExtension></extensions><geoidheight>-26.7</geoidheight><src>gps</src><sat>17</sat><hdop>0.60</hdop><vdop>0.85</vdop><pdop>1.04</pdop><dgpsid>0000</dgpsid></trkpt>
<trkpt lat="32.2673135" lon="-108.53116550000001"><ele>1327.0</ele><time>2025-12-11T02:06:24.000Z</time><extensions><gpxtpx:TrackPointExtension><gpxtpx:bearing>305.17</gpxtpx:bearing><gpxtpx:speed>29.554834</gpxtpx:speed></gpxtpx:TrackPointExtension></extensions><geoidheight>-26.7</geoidheight><src>gps</src><sat>17</sat><hdop>0.60</hdop><vdop>0.85</vdop><pdop>1.04</pdop><dgpsid>0000</dgpsid></trkpt>
<trkpt lat="32.269" lon="-108.53398116666668"><ele>1324.6</ele><time>2025-12-11T02:06:35.000Z</time><extensions><gpxtpx:TrackPointExtension><gpxtpx:bearing>304.95</gpxtpx:bearing><gpxtpx:speed>29.738077</gpxtpx:speed></gpxtpx:TrackPointExtension></extensions><geoidheight>-26.7</geoidheight><src>gps</src><sat>17</sat><hdop>0.60</hdop><vdop>0.85</vdop><pdop>1.04</pdop><dgpsid>0000</dgpsid></trkpt>
<trkpt lat="32.2706995" lon="-108.536811"><ele>1322.0</ele><time>2025-12-11T02:06:46.000Z</time><extensions><gpxtpx:TrackPointExtension><gpxtpx:bearing>305.57</gpxtpx:bearing><gpxtpx:speed>29.537334</gpxtpx:speed></gpxtpx:TrackPointExtension></extensions><geoidheight>-26.7</geoidheight><src>gps</src><sat>16</sat><hdop>0.61</hdop><vdop>0.87</vdop><pdop>1.06</pdop><dgpsid>0000</dgpsid></trkpt>
<trkpt lat="32.2723965" lon="-108.53962983333334"><ele>1320.8</ele><time>2025-12-11T02:06:57.000Z</time><extensions><gpxtpx:TrackPointExtension><gpxtpx:bearing>305.34</gpxtpx:bearing><gpxtpx:speed>29.207397</gpxtpx:speed></gpxtpx:TrackPointExtension></extensions><geoidheight>-26.7</geoidheight><src>gps</src><sat>17</sat><hdop>0.60</hdop><vdop>0.85</vdop><pdop>1.04</pdop><dgpsid>0000</dgpsid></trkpt>
<trkpt lat="32.27407866666667" lon="-108.5424225"><ele>1319.3</ele><time>2025-12-11T02:07:08.000Z</time><extensions><gpxtpx:TrackPointExtension><gpxtpx:bearing>305.4</gpxtpx:bearing><gpxtpx:speed>29.609911</gpxtpx:speed></gpxtpx:TrackPointExtension></extensions><geoidheight>-26.7</geoidheight><src>gps</src><sat>17</sat><hdop>0.62</hdop><vdop>0.92</vdop><pdop>1.11</pdop><dgpsid>0000</dgpsid></trkpt>
<trkpt lat="32.2757725" lon="-108.54524516666667"><ele>1317.3</ele><time>2025-12-11T02:07:19.000Z</time><extensions><gpxtpx:TrackPointExtension><gpxtpx:bearing>305.14</gpxtpx:bearing><gpxtpx:speed>29.657265</gpxtpx:speed></gpxtpx:TrackPointExtension></extensions><geoidheight>-26.7</geoidheight><src>gps</src><sat>16</sat><hdop>0.62</hdop><vdop>0.92</vdop><pdop>1.11</pdop><dgpsid>0000</dgpsid></trkpt>
<trkpt lat="32.27747133333333" lon="-108.54807450000001"><ele>1315.2</ele><time>2025-12-11T02:07:30.000Z</time><extensions><gpxtpx:TrackPointExtension><gpxtpx:bearing>305.06</gpxtpx:bearing><gpxtpx:speed>30.034555</gpxtpx:speed></gpxtpx:TrackPointExtension></extensions><geoidheight>-26.7</geoidheight><src>gps</src><sat>16</sat><hdop>0.74</hdop><vdop>1.08</vdop><pdop>1.31</pdop><dgpsid>0000</dgpsid></trkpt>
<trkpt lat="32.27919983333334" lon="-108.5509645"><ele>1313.3</ele><time>2025-12-11T02:07:41.000Z</time><extensions><gpxtpx:TrackPointExtension><gpxtpx:bearing>305.26</gpxtpx:bearing><gpxtpx:speed>30.521484</gpxtpx:speed></gpxtpx:TrackPointExtension></extensions><geoidheight>-26.7</geoidheight><src>gps</src><sat>15</sat><hdop>0.68</hdop><vdop>1.03</vdop><pdop>1.24</pdop><dgpsid>0000</dgpsid></trkpt>
<trkpt lat="32.280958166666665" lon="-108.55389566666666"><ele>1312.3</ele><time>2025-12-11T02:07:52.000Z</time><extensions><gpxtpx:TrackPointExtension><gpxtpx:bearing>305.45</gpxtpx:bearing><gpxtpx:speed>30.73252</gpxtpx:speed></gpxtpx:TrackPointExtension></extensions><geoidheight>-26.7</geoidheight><src>gps</src><sat>16</sat><hdop>0.66</hdop><vdop>0.93</vdop><pdop>1.14</pdop><dgpsid>0000</dgpsid></trkpt>
<trkpt lat="32.282715" lon="-108.55682083333335"><ele>1311.1</ele><time>2025-12-11T02:08:03.000Z</time><extensions><gpxtpx:TrackPointExtension><gpxtpx:bearing>305.33</gpxtpx:bearing><gpxtpx:speed>30.915247</gpxtpx:speed></gpxtpx:TrackPointExtension></extensions><geoidheight>-26.7</geoidheight><src>gps</src><sat>16</sat><hdop>0.60</hdop><vdop>0.86</vdop><pdop>1.04</pdop><dgpsid>0000</dgpsid></trkpt>
<trkpt lat="32.284489666666666" lon="-108.55979516666666"><ele>1310.1</ele><time>2025-12-11T02:08:14.000Z</time><extensions><gpxtpx:TrackPointExtension><gpxtpx:bearing>305.28</gpxtpx:bearing><gpxtpx:speed>31.245697</gpxtpx:speed></gpxtpx:TrackPointExtension></extensions><geoidheight>-26.7</geoidheight><src>gps</src><sat>16</sat><hdop>0.60</hdop><vdop>0.86</vdop><pdop>1.04</pdop><dgpsid>0000</dgpsid></trkpt>
<trkpt lat="32.286281" lon="-108.56277483333334"><ele>1309.3</ele><time>2025-12-11T02:08:25.000Z</time><extensions><gpxtpx:TrackPointExtension><gpxtpx:bearing>305.3</gpxtpx:bearing><gpxtpx:speed>31.526222</gpxtpx:speed></gpxtpx:TrackPointExtension></extensions><geoidheight>-26.7</geoidheight><src>gps</src><sat>16</sat><hdop>0.60</hdop><vdop>0.86</vdop><pdop>1.04</pdop><dgpsid>0000</dgpsid></trkpt>
<trkpt lat="32.288063333333334" lon="-108.56574366666668"><ele>1307.7</ele><time>2025-12-11T02:08:36.000Z</time><extensions><gpxtpx:TrackPointExtension><gpxtpx:bearing>305.11</gpxtpx:bearing><gpxtpx:speed>30.476189</gpxtpx:speed></gpxtpx:TrackPointExtension></extensions><geoidheight>-26.7</geoidheight><src>gps</src><sat>17</sat><hdop>0.57</hdop><vdop>0.83</vdop><pdop>1.00</pdop><dgpsid>0000</dgpsid></trkpt>
<trkpt lat="32.28979966666667" lon="-108.56864816666666"><ele>1306.4</ele><time>2025-12-11T02:08:47.000Z</time><extensions><gpxtpx:TrackPointExtension><gpxtpx:bearing>304.99</gpxtpx:bearing><gpxtpx:speed>30.383024</gpxtpx:speed></gpxtpx:TrackPointExtension></extensions><geoidheight>-26.7</geoidheight><src>gps</src><sat>17</sat><hdop>0.58</hdop><vdop>0.86</vdop><pdop>1.03</pdop><dgpsid>0000</dgpsid></trkpt>
<trkpt lat="32.29152716666667" lon="-108.57153366666668"><ele>1305.1</ele><time>2025-12-11T02:08:58.000Z</time><extensions><gpxtpx:TrackPointExtension><gpxtpx:bearing>305.23</gpxtpx:bearing><gpxtpx:speed>30.150883</gpxtpx:speed></gpxtpx:TrackPointExtension></extensions><geoidheight>-26.7</geoidheight><src>gps</src><sat>17</sat><hdop>0.61</hdop><vdop>0.94</vdop><pdop>1.12</pdop><dgpsid>0000</dgpsid></trkpt>
<trkpt lat="32.2932505" lon="-108.57439666666666"><ele>1305.1</ele><time>2025-12-11T02:09:09.000Z</time><extensions><gpxtpx:TrackPointExtension><gpxtpx:bearing>305.09</gpxtpx:bearing><gpxtpx:speed>29.992865</gpxtpx:speed></gpxtpx:TrackPointExtension></extensions><geoidheight>-26.7</geoidheight><src>gps</src><sat>17</sat><hdop>0.58</hdop><vdop>0.86</vdop><pdop>1.04</pdop><dgpsid>0000</dgpsid></trkpt>
<trkpt lat="32.294976166666665" lon="-108.57728266666666"><ele>1304.5</ele><time>2025-12-11T02:09:20.000Z</time><extensions><gpxtpx:TrackPointExtension><gpxtpx:bearing>305.3</gpxtpx:bearing><gpxtpx:speed>30.356773</gpxtpx:speed></gpxtpx:TrackPointExtension></extensions><geoidheight>-26.7</geoidheight><src>gps</src><sat>17</sat><hdop>0.60</hdop><vdop>0.86</vdop><pdop>1.05</pdop><dgpsid>0000</dgpsid></trkpt>
<trkpt lat="32.29671416666667" lon="-108.58017450000001"><ele>1303.5</ele><time>2025-12-11T02:09:31.000Z</time><extensions><gpxtpx:TrackPointExtension><gpxtpx:bearing>305.39</gpxtpx:bearing><gpxtpx:speed>30.254858</gpxtpx:speed></gpxtpx:TrackPointExtension></extensions><geoidheight>-26.7</geoidheight><src>gps</src><sat>17</sat><hdop>0.58</hdop><vdop>0.86</vdop><pdop>1.04</pdop><dgpsid>0000</dgpsid></trkpt>
<trkpt lat="32.298438499999996" lon="-108.58305516666665"><ele>1303.0</ele><time>2025-12-11T02:09:42.000Z</time><extensions><gpxtpx:TrackPointExtension><gpxtpx:bearing>304.88</gpxtpx:bearing><gpxtpx:speed>30.196693</gpxtpx:speed></gpxtpx:TrackPointExtension></extensions><geoidheight>-26.7</geoidheight><src>gps</src><sat>17</sat><hdop>0.58</hdop><vdop>0.86</vdop><pdop>1.04</pdop><dgpsid>0000</dgpsid></trkpt>
<trkpt lat="32.30016316666667" lon="-108.5859325"><ele>1302.7</ele><time>2025-12-11T02:09:53.000Z</time><extensions><gpxtpx:TrackPointExtension><gpxtpx:bearing>305.28</gpxtpx:bearing><gpxtpx:speed>30.169928</gpxtpx:speed></gpxtpx:TrackPointExtension></extensions><geoidheight>-26.7</geoidheight><src>gps</src><sat>17</sat><hdop>0.58</hdop><vdop>0.86</vdop><pdop>1.04</pdop><dgpsid>0000</dgpsid></trkpt>
<trkpt lat="32.301900833333335" lon="-108.58883599999999"><ele>1302.6</ele><time>2025-12-11T02:10:04.000Z</time><extensions><gpxtpx:TrackPointExtension><gpxtpx:bearing>305.19</gpxtpx:bearing><gpxtpx:speed>30.599722</gpxtpx:speed></gpxtpx:TrackPointExtension></extensions><geoidheight>-26.7</geoidheight><src>gps</src><sat>17</sat><hdop>0.58</hdop><vdop>0.86</vdop><pdop>1.04</pdop><dgpsid>0000</dgpsid></trkpt>
<trkpt lat="32.30365266666667" lon="-108.59175766666667"><ele>1301.7</ele><time>2025-12-11T02:10:15.000Z</time><extensions><gpxtpx:TrackPointExtension><gpxtpx:bearing>305.06</gpxtpx:bearing><gpxtpx:speed>30.839067</gpxtpx:speed></gpxtpx:TrackPointExtension></extensions><geoidheight>-26.7</geoidheight><src>gps</src><sat>17</sat><hdop>0.58</hdop><vdop>0.86</vdop><pdop>1.04</pdop><dgpsid>0000</dgpsid></trkpt>
<trkpt lat="32.3053505" lon="-108.59473966666668"><ele>1301.4</ele><time>2025-12-11T02:10:26.000Z</time><extensions><gpxtpx:TrackPointExtension><gpxtpx:bearing>302.17</gpxtpx:bearing><gpxtpx:speed>30.719652</gpxtpx:speed></gpxtpx:TrackPointExtension></extensions><geoidheight>-26.7</geoidheight><src>gps</src><sat>17</sat><hdop>0.60</hdop><vdop>0.86</vdop><pdop>1.05</pdop><dgpsid>0000</dgpsid></trkpt>
<trkpt lat="32.306984166666666" lon="-108.59777450000001"><ele>1300.5</ele><time>2025-12-11T02:10:37.000Z</time><extensions><gpxtpx:TrackPointExtension><gpxtpx:bearing>302.43</gpxtpx:bearing><gpxtpx:speed>30.771124</gpxtpx:speed></gpxtpx:TrackPointExtension></extensions><geoidheight>-26.7</geoidheight><src>gps</src><sat>16</sat><hdop>0.63</hdop><vdop>0.87</vdop><pdop>1.07</pdop><dgpsid>0000</dgpsid></trkpt>
<trkpt lat="32.3085965" lon="-108.600751"><ele>1298.9</ele><time>2025-12-11T02:10:48.000Z</time><extensions><gpxtpx:TrackPointExtension><gpxtpx:bearing>302.64</gpxtpx:bearing><gpxtpx:speed>29.702045</gpxtpx:speed></gpxtpx:TrackPointExtension></extensions><geoidheight>-26.7</geoidheight><src>gps</src><sat>17</sat><hdop>0.60</hdop><vdop>0.86</vdop><pdop>1.05</pdop><dgpsid>0000</dgpsid></trkpt>
<trkpt lat="32.31014233333334" lon="-108.6036195"><ele>1297.9</ele><time>2025-12-11T02:10:59.000Z</time><extensions><gpxtpx:TrackPointExtension><gpxtpx:bearing>302.5</gpxtpx:bearing><gpxtpx:speed>28.71172</gpxtpx:speed></gpxtpx:TrackPointExtension></extensions><geoidheight>-26.7</geoidheight><src>gps</src><sat>17</sat><hdop>0.60</hdop><vdop>0.86</vdop><pdop>1.05</pdop><dgpsid>0000</dgpsid></trkpt>
<trkpt lat="32.31163816666666" lon="-108.606388"><ele>1300.7</ele><time>2025-12-11T02:11:10.000Z</time><extensions><gpxtpx:TrackPointExtension><gpxtpx:bearing>302.92</gpxtpx:bearing><gpxtpx:speed>27.249908</gpxtpx:speed></gpxtpx:TrackPointExtension></extensions><geoidheight>-26.7</geoidheight><src>gps</src><sat>16</sat><hdop>0.62</hdop><vdop>0.87</vdop><pdop>1.07</pdop><dgpsid>0000</dgpsid></trkpt>
<trkpt lat="32.313158666666666" lon="-108.60909783333334"><ele>1299.6</ele><time>2025-12-11T02:11:21.000Z</time><extensions><gpxtpx:TrackPointExtension><gpxtpx:bearing>304.72</gpxtpx:bearing><gpxtpx:speed>28.473919</gpxtpx:speed></gpxtpx:TrackPointExtension></extensions><geoidheight>-26.7</geoidheight><src>gps</src><sat>17</sat><hdop>0.60</hdop><vdop>0.87</vdop><pdop>1.06</pdop><dgpsid>0000</dgpsid></trkpt>
<trkpt lat="32.31484733333333" lon="-108.61187933333333"><ele>1292.7</ele><time>2025-12-11T02:11:32.000Z</time><extensions><gpxtpx:TrackPointExtension><gpxtpx:bearing>305.47</gpxtpx:bearing><gpxtpx:speed>29.744768</gpxtpx:speed></gpxtpx:TrackPointExtension></extensions><geoidheight>-26.7</geoidheight><src>gps</src><sat>17</sat><hdop>0.58</hdop><vdop>0.86</vdop><pdop>1.04</pdop><dgpsid>0000</dgpsid></trkpt>
<trkpt lat="32.31655916666667" lon="-108.61468500000001"><ele>1292.5</ele><time>2025-12-11T02:11:43.000Z</time><extensions><gpxtpx:TrackPointExtension><gpxtpx:bearing>305.38</gpxtpx:bearing><gpxtpx:speed>29.75146</gpxtpx:speed></gpxtpx:TrackPointExtension></extensions><geoidheight>-26.7</geoidheight><src>gps</src><sat>16</sat><hdop>0.62</hdop><vdop>0.88</vdop><pdop>1.08</pdop><dgpsid>0000</dgpsid></trkpt>
<trkpt lat="32.31827416666667" lon="-108.61750349999998"><ele>1293.3</ele><time>2025-12-11T02:11:54.000Z</time><extensions><gpxtpx:TrackPointExtension><gpxtpx:bearing>305.67</gpxtpx:bearing><gpxtpx:speed>29.787489</gpxtpx:speed></gpxtpx:TrackPointExtension></extensions><geoidheight>-26.7</geoidheight><src>gps</src><sat>15</sat><hdop>0.63</hdop><vdop>0.96</vdop><pdop>1.15</pdop><dgpsid>0000</dgpsid></trkpt>
<trkpt lat="32.320013" lon="-108.62035866666665"><ele>1293.1</ele><time>2025-12-11T02:12:05.000Z</time><extensions><gpxtpx:TrackPointExtension><gpxtpx:bearing>305.49</gpxtpx:bearing><gpxtpx:speed>30.196178</gpxtpx:speed></gpxtpx:TrackPointExtension></extensions><geoidheight>-26.7</geoidheight><src>gps</src><sat>15</sat><hdop>0.63</hdop><vdop>0.96</vdop><pdop>1.15</pdop><dgpsid>0000</dgpsid></trkpt>
<trkpt lat="32.321752833333335" lon="-108.62322416666666"><ele>1293.2</ele><time>2025-12-11T02:12:16.000Z</time><extensions><gpxtpx:TrackPointExtension><gpxtpx:bearing>305.56</gpxtpx:bearing><gpxtpx:speed>30.52766</gpxtpx:speed></gpxtpx:TrackPointExtension></extensions><geoidheight>-26.7</geoidheight><src>gps</src><sat>16</sat><hdop>0.62</hdop><vdop>0.91</vdop><pdop>1.10</pdop><dgpsid>0000</dgpsid></trkpt>
<trkpt lat="32.3235105" lon="-108.6261115"><ele>1292.3</ele><time>2025-12-11T02:12:27.000Z</time><extensions><gpxtpx:TrackPointExtension><gpxtpx:bearing>305.56</gpxtpx:bearing><gpxtpx:speed>30.385597</gpxtpx:speed></gpxtpx:TrackPointExtension></extensions><geoidheight>-26.7</geoidheight><src>gps</src><sat>16</sat><hdop>0.63</hdop><vdop>0.97</vdop><pdop>1.16</pdop><dgpsid>0000</dgpsid></trkpt>
<trkpt lat="32.32526566666666" lon="-108.628993"><ele>1290.6</ele><time>2025-12-11T02:12:38.000Z</time><extensions><gpxtpx:TrackPointExtension><gpxtpx:bearing>305.48</gpxtpx:bearing><gpxtpx:speed>30.001099</gpxtpx:speed></gpxtpx:TrackPointExtension></extensions><geoidheight>-26.7</geoidheight><src>gps</src><sat>16</sat><hdop>0.63</hdop><vdop>0.97</vdop><pdop>1.16</pdop><dgpsid>0000</dgpsid></trkpt>
<trkpt lat="32.32700416666667" lon="-108.63184216666666"><ele>1289.1</ele><time>2025-12-11T02:12:49.000Z</time><extensions><gpxtpx:TrackPointExtension><gpxtpx:bearing>305.67</gpxtpx:bearing><gpxtpx:speed>30.13081</gpxtpx:speed></gpxtpx:TrackPointExtension></extensions><geoidheight>-26.7</geoidheight><src>gps</src><sat>16</sat><hdop>0.63</hdop><vdop>0.97</vdop><pdop>1.16</pdop><dgpsid>0000</dgpsid></trkpt>
<trkpt lat="32.32858366666667" lon="-108.6347745"><ele>1288.5</ele><time>2025-12-11T02:13:00.000Z</time><extensions><gpxtpx:TrackPointExtension><gpxtpx:bearing>297.75</gpxtpx:bearing><gpxtpx:speed>29.469906</gpxtpx:speed></gpxtpx:TrackPointExtension></extensions><geoidheight>-26.7</geoidheight><src>gps</src><sat>16</sat><hdop>0.65</hdop><vdop>0.97</vdop><pdop>1.17</pdop><dgpsid>0000</dgpsid></trkpt>
<trkpt lat="32.329686833333334" lon="-108.63795683333335"><ele>1288.4</ele><time>2025-12-11T02:13:11.000Z</time><extensions><gpxtpx:TrackPointExtension><gpxtpx:bearing>287.05</gpxtpx:bearing><gpxtpx:speed>29.773077</gpxtpx:speed></gpxtpx:TrackPointExtension></extensions><geoidheight>-26.7</geoidheight><src>gps</src><sat>16</sat><hdop>0.61</hdop><vdop>0.96</vdop><pdop>1.14</pdop><dgpsid>0000</dgpsid></trkpt>
<trkpt lat="32.33048016666667" lon="-108.641273"><ele>1289.2</ele><time>2025-12-11T02:13:22.000Z</time><extensions><gpxtpx:TrackPointExtension><gpxtpx:bearing>285.34</gpxtpx:bearing><gpxtpx:speed>29.322695</gpxtpx:speed></gpxtpx:TrackPointExtension></extensions><geoidheight>-26.7</geoidheight><src>gps</src><sat>16</sat><hdop>0.63</hdop><vdop>0.97</vdop><pdop>1.15</pdop><dgpsid>0000</dgpsid></trkpt>
<trkpt lat="32.33125133333333" lon="-108.64451816666666"><ele>1288.6</ele><time>2025-12-11T02:13:33.000Z</time><extensions><gpxtpx:TrackPointExtension><gpxtpx:bearing>285.72</gpxtpx:bearing><gpxtpx:speed>28.572231</gpxtpx:speed></gpxtpx:TrackPointExtension></extensions><geoidheight>-26.7</geoidheight><src>gps</src><sat>16</sat><hdop>0.61</hdop><vdop>0.97</vdop><pdop>1.14</pdop><dgpsid>0000</dgpsid></trkpt>
<trkpt lat="32.331986" lon="-108.64761816666666"><ele>1288.9</ele><time>2025-12-11T02:13:44.000Z</time><extensions><gpxtpx:TrackPointExtension><gpxtpx:bearing>285.49</gpxtpx:bearing><gpxtpx:speed>26.94571</gpxtpx:speed></gpxtpx:TrackPointExtension></extensions><geoidheight>-26.7</geoidheight><src>gps</src><sat>16</sat><hdop>0.61</hdop><vdop>0.97</vdop><pdop>1.14</pdop><dgpsid>0000</dgpsid></trkpt>
<trkpt lat="32.332717" lon="-108.65068600000001"><ele>1288.8</ele><time>2025-12-11T02:13:55.000Z</time><extensions><gpxtpx:TrackPointExtension><gpxtpx:bearing>285.61</gpxtpx:bearing><gpxtpx:speed>27.698748</gpxtpx:speed></gpxtpx:TrackPointExtension></extensions><geoidheight>-26.7</geoidheight><src>gps</src><sat>16</sat><hdop>0.61</hdop><vdop>0.97</vdop><pdop>1.14</pdop><dgpsid>0000</dgpsid></trkpt>
<trkpt lat="32.33346100000001" lon="-108.65380333333333"><ele>1290.9</ele><time>2025-12-11T02:14:06.000Z</time><extensions><gpxtpx:TrackPointExtension><gpxtpx:bearing>285.71</gpxtpx:bearing><gpxtpx:speed>27.961256</gpxtpx:speed></gpxtpx:TrackPointExtension></extensions><geoidheight>-26.7</geoidheight><src>gps</src><sat>16</sat><hdop>0.61</hdop><vdop>0.97</vdop><pdop>1.15</pdop><dgpsid>0000</dgpsid></trkpt>
<trkpt lat="32.33420133333333" lon="-108.65694766666665"><ele>1293.1</ele><time>2025-12-11T02:14:17.000Z</time><extensions><gpxtpx:TrackPointExtension><gpxtpx:bearing>285.5</gpxtpx:bearing><gpxtpx:speed>28.077583</gpxtpx:speed></gpxtpx:TrackPointExtension></extensions><geoidheight>-26.7</geoidheight><src>gps</src><sat>16</sat><hdop>0.61</hdop><vdop>0.97</vdop><pdop>1.15</pdop><dgpsid>0000</dgpsid></trkpt>
<trkpt lat="32.334954833333335" lon="-108.66010149999998"><ele>1294.2</ele><time>2025-12-11T02:14:28.000Z</time><extensions><gpxtpx:TrackPointExtension><gpxtpx:bearing>285.86</gpxtpx:bearing><gpxtpx:speed>27.860884</gpxtpx:speed></gpxtpx:TrackPointExtension></extensions><geoidheight>-26.7</geoidheight><src>gps</src><sat>16</sat><hdop>0.61</hdop><vdop>0.97</vdop><pdop>1.15</pdop><dgpsid>0000</dgpsid></trkpt>
<trkpt lat="32.335696" lon="-108.66321783333333"><ele>1294.9</ele><time>2025-12-11T02:14:39.000Z</time><extensions><gpxtpx:TrackPointExtension><gpxtpx:bearing>285.55</gpxtpx:bearing><gpxtpx:speed>27.372929</gpxtpx:speed></gpxtpx:TrackPointExtension></extensions><geoidheight>-26.7</geoidheight><src>gps</src><sat>16</sat><hdop>0.61</hdop><vdop>0.97</vdop><pdop>1.15</pdop><dgpsid>0000</dgpsid></trkpt>
<trkpt lat="32.33641816666667" lon="-108.66626033333333"><ele>1295.7</ele><time>2025-12-11T02:14:50.000Z</time><extensions><gpxtpx:TrackPointExtension><gpxtpx:bearing>285.7</gpxtpx:bearing><gpxtpx:speed>27.165495</gpxtpx:speed></gpxtpx:TrackPointExtension></extensions><geoidheight>-26.7</geoidheight><src>gps</src><sat>16</sat><hdop>0.61</hdop><vdop>0.97</vdop><pdop>1.15</pdop><dgpsid>0000</dgpsid></trkpt>
<trkpt lat="32.33714633333333" lon="-108.66932083333334"><ele>1296.8</ele><time>2025-12-11T02:15:01.000Z</time><extensions><gpxtpx:TrackPointExtension><gpxtpx:bearing>285.64</gpxtpx:bearing><gpxtpx:speed>27.232409</gpxtpx:speed></gpxtpx:TrackPointExtension></extensions><geoidheight>-26.7</geoidheight><src>gps</src><sat>15</sat><hdop>0.65</hdop><vdop>0.98</vdop><pdop>1.17</pdop><dgpsid>0000</dgpsid></trkpt>
<trkpt lat="32.33787466666667" lon="-108.67238983333333"><ele>1297.8</ele><time>2025-12-11T02:15:12.000Z</time><extensions><gpxtpx:TrackPointExtension><gpxtpx:bearing>285.57</gpxtpx:bearing><gpxtpx:speed>27.39609</gpxtpx:speed></gpxtpx:TrackPointExtension></extensions><geoidheight>-26.7</geoidheight><src>gps</src><sat>16</sat><hdop>0.61</hdop><vdop>0.97</vdop><pdop>1.15</pdop><dgpsid>0000</dgpsid></trkpt>
<trkpt lat="32.33861183333333" lon="-108.67547766666667"><ele>1298.0</ele><time>2025-12-11T02:15:23.000Z</time><extensions><gpxtpx:TrackPointExtension><gpxtpx:bearing>285.62</gpxtpx:bearing><gpxtpx:speed>27.630804</gpxtpx:speed></gpxtpx:TrackPointExtension></extensions><geoidheight>-26.7</geoidheight><src>gps</src><sat>16</sat><hdop>0.63</hdop><vdop>0.98</vdop><pdop>1.16</pdop><dgpsid>0000</dgpsid></trkpt>
<trkpt lat="32.33935066666666" lon="-108.67859116666665"><ele>1298.7</ele><time>2025-12-11T02:15:34.000Z</time><extensions><gpxtpx:TrackPointExtension><gpxtpx:bearing>285.73</gpxtpx:bearing><gpxtpx:speed>27.690512</gpxtpx:speed></gpxtpx:TrackPointExtension></extensions><geoidheight>-26.7</geoidheight><src>gps</src><sat>15</sat><hdop>0.65</hdop><vdop>0.98</vdop><pdop>1.17</pdop><dgpsid>0000</dgpsid></trkpt>
<trkpt lat="32.34009483333333" lon="-108.68173633333332"><ele>1299.8</ele><time>2025-12-11T02:15:45.000Z</time><extensions><gpxtpx:TrackPointExtension><gpxtpx:bearing>285.19</gpxtpx:bearing><gpxtpx:speed>28.237146</gpxtpx:speed></gpxtpx:TrackPointExtension></extensions><geoidheight>-26.7</geoidheight><src>gps</src><sat>15</sat><hdop>0.65</hdop><vdop>0.98</vdop><pdop>1.18</pdop><dgpsid>0000</dgpsid></trkpt>
<trkpt lat="32.34084633333334" lon="-108.68490483333332"><ele>1300.3</ele><time>2025-12-11T02:15:56.000Z</time><extensions><gpxtpx:TrackPointExtension><gpxtpx:bearing>285.52</gpxtpx:bearing><gpxtpx:speed>28.214499</gpxtpx:speed></gpxtpx:TrackPointExtension></extensions><geoidheight>-26.7</geoidheight><src>gps</src><sat>16</sat><hdop>0.63</hdop><vdop>0.98</vdop><pdop>1.16</pdop><dgpsid>0000</dgpsid></trkpt>
<trkpt lat="32.34137316666667" lon="-108.68809216666665"><ele>1302.2</ele><time>2025-12-11T02:16:07.000Z</time><extensions><gpxtpx:TrackPointExtension><gpxtpx:bearing>276.82</gpxtpx:bearing><gpxtpx:speed>27.455284</gpxtpx:speed></gpxtpx:TrackPointExtension></extensions><geoidheight>-26.7</geoidheight><src>gps</src><sat>16</sat><hdop>0.61</hdop><vdop>0.98</vdop><pdop>1.15</pdop><dgpsid>0000</dgpsid></trkpt>
<trkpt lat="32.3414515" lon="-108.69127566666666"><ele>1304.2</ele><time>2025-12-11T02:16:18.000Z</time><extensions><gpxtpx:TrackPointExtension><gpxtpx:bearing>269.78</gpxtpx:bearing><gpxtpx:speed>27.10733</gpxtpx:speed></gpxtpx:TrackPointExtension></extensions><geoidheight>-26.7</geoidheight><src>gps</src><sat>16</sat><hdop>0.61</hdop><vdop>0.98</vdop><pdop>1.15</pdop><dgpsid>0000</dgpsid></trkpt>
<trkpt lat="32.34144366666667" lon="-108.69440666666667"><ele>1306.6</ele><time>2025-12-11T02:16:29.000Z</time><extensions><gpxtpx:TrackPointExtension><gpxtpx:bearing>269.61</gpxtpx:bearing><gpxtpx:speed>27.225203</gpxtpx:speed></gpxtpx:TrackPointExtension></extensions><geoidheight>-26.7</geoidheight><src>gps</src><sat>16</sat><hdop>0.61</hdop><vdop>0.98</vdop><pdop>1.15</pdop><dgpsid>0000</dgpsid></trkpt>
<trkpt lat="32.341429166666664" lon="-108.69761250000002"><ele>1308.7</ele><time>2025-12-11T02:16:40.000Z</time><extensions><gpxtpx:TrackPointExtension><gpxtpx:bearing>269.69</gpxtpx:bearing><gpxtpx:speed>27.785734</gpxtpx:speed></gpxtpx:TrackPointExtension></extensions><geoidheight>-26.7</geoidheight><src>gps</src><sat>16</sat><hdop>0.63</hdop><vdop>0.98</vdop><pdop>1.16</pdop><dgpsid>0000</dgpsid></trkpt>
<trkpt lat="32.341420166666666" lon="-108.70081616666667"><ele>1310.5</ele><time>2025-12-11T02:16:51.000Z</time><extensions><gpxtpx:TrackPointExtension><gpxtpx:bearing>269.68</gpxtpx:bearing><gpxtpx:speed>26.802101</gpxtpx:speed></gpxtpx:TrackPointExtension></extensions><geoidheight>-26.7</geoidheight><src>gps</src><sat>16</sat><hdop>0.63</hdop><vdop>0.98</vdop><pdop>1.16</pdop><dgpsid>0000</dgpsid></trkpt>
<trkpt lat="32.34140133333334" lon="-108.70395116666666"><ele>1313.1</ele><time>2025-12-11T02:17:02.000Z</time><extensions><gpxtpx:TrackPointExtension><gpxtpx:bearing>270.02</gpxtpx:bearing><gpxtpx:speed>27.308588</gpxtpx:speed></gpxtpx:TrackPointExtension></extensions><geoidheight>-26.7</geoidheight><src>gps</src><sat>16</sat><hdop>0.61</hdop><vdop>0.98</vdop><pdop>1.16</pdop><dgpsid>0000</dgpsid></trkpt>
<trkpt lat="32.341388333333335" lon="-108.70708916666666"><ele>1320.3</ele><time>2025-12-11T02:17:13.000Z</time><extensions><gpxtpx:TrackPointExtension><gpxtpx:bearing>270.3</gpxtpx:bearing><gpxtpx:speed>26.14686</gpxtpx:speed></gpxtpx:TrackPointExtension></extensions><geoidheight>-26.7</geoidheight><src>gps</src><sat>16</sat><hdop>0.61</hdop><vdop>0.98</vdop><pdop>1.16</pdop><dgpsid>0000</dgpsid></trkpt>
<trkpt lat="32.341690666666665" lon="-108.70985766666666"><ele>1323.4</ele><time>2025-12-11T02:17:24.000Z</time><extensions><gpxtpx:TrackPointExtension><gpxtpx:bearing>285.75</gpxtpx:bearing><gpxtpx:speed>22.868593</gpxtpx:speed></gpxtpx:TrackPointExtension></extensions><geoidheight>-26.7</geoidheight><src>gps</src><sat>16</sat><hdop>0.61</hdop><vdop>0.98</vdop><pdop>1.16</pdop><dgpsid>0000</dgpsid></trkpt>
<trkpt lat="32.342574666666664" lon="-108.71250583333334"><ele>1324.8</ele><time>2025-12-11T02:17:35.000Z</time><extensions><gpxtpx:TrackPointExtension><gpxtpx:bearing>293.04</gpxtpx:bearing><gpxtpx:speed>25.51581</gpxtpx:speed></gpxtpx:TrackPointExtension></extensions><geoidheight>-26.7</geoidheight><src>gps</src><sat>15</sat><hdop>0.65</hdop><vdop>1.06</vdop><pdop>1.24</pdop><dgpsid>0000</dgpsid></trkpt>
<trkpt lat="32.343617" lon="-108.71535700000001"><ele>1320.5</ele><time>2025-12-11T02:17:46.000Z</time><extensions><gpxtpx:TrackPointExtension><gpxtpx:bearing>293.28</gpxtpx:bearing><gpxtpx:speed>27.519623</gpxtpx:speed></gpxtpx:TrackPointExtension></extensions><geoidheight>-26.7</geoidheight><src>gps</src><sat>16</sat><hdop>0.61</hdop><vdop>0.98</vdop><pdop>1.16</pdop><dgpsid>0000</dgpsid></trkpt>
<trkpt lat="32.34473033333334" lon="-108.7183875"><ele>1315.8</ele><time>2025-12-11T02:17:57.000Z</time><extensions><gpxtpx:TrackPointExtension><gpxtpx:bearing>293.41</gpxtpx:bearing><gpxtpx:speed>28.37818</gpxtpx:speed></gpxtpx:TrackPointExtension></extensions><geoidheight>-26.7</geoidheight><src>gps</src><sat>16</sat><hdop>0.63</hdop><vdop>0.98</vdop><pdop>1.17</pdop><dgpsid>0000</dgpsid></trkpt>
<trkpt lat="32.345833" lon="-108.72139416666666"><ele>1317.1</ele><time>2025-12-11T02:18:08.000Z</time><extensions><gpxtpx:TrackPointExtension><gpxtpx:bearing>293.11</gpxtpx:bearing><gpxtpx:speed>27.559772</gpxtpx:speed></gpxtpx:TrackPointExtension></extensions><geoidheight>-26.7</geoidheight><src>gps</src><sat>15</sat><hdop>0.66</hdop><vdop>1.01</vdop><pdop>1.20</pdop><dgpsid>0000</dgpsid></trkpt>
<trkpt lat="32.346902" lon="-108.72430966666667"><ele>1318.2</ele><time>2025-12-11T02:18:19.000Z</time><extensions><gpxtpx:TrackPointExtension><gpxtpx:bearing>293.43</gpxtpx:bearing><gpxtpx:speed>27.049168</gpxtpx:speed></gpxtpx:TrackPointExtension></extensions><geoidheight>-26.7</geoidheight><src>gps</src><sat>15</sat><hdop>0.65</hdop><vdop>1.06</vdop><pdop>1.24</pdop><dgpsid>0000</dgpsid></trkpt>
<trkpt lat="32.34797016666666" lon="-108.72721916666666"><ele>1317.5</ele><time>2025-12-11T02:18:30.000Z</time><extensions><gpxtpx:TrackPointExtension><gpxtpx:bearing>293.16</gpxtpx:bearing><gpxtpx:speed>27.54433</gpxtpx:speed></gpxtpx:TrackPointExtension></extensions><geoidheight>-26.7</geoidheight><src>gps</src><sat>15</sat><hdop>0.65</hdop><vdop>1.06</vdop><pdop>1.24</pdop><dgpsid>0000</dgpsid></trkpt>
<trkpt lat="32.34908466666666" lon="-108.73026816666668"><ele>1315.6</ele><time>2025-12-11T02:18:41.000Z</time><extensions><gpxtpx:TrackPointExtension><gpxtpx:bearing>293.5</gpxtpx:bearing><gpxtpx:speed>28.85224</gpxtpx:speed></gpxtpx:TrackPointExtension></extensions><geoidheight>-26.7</geoidheight><src>gps</src><sat>13</sat><hdop>0.70</hdop><vdop>1.07</vdop><pdop>1.28</pdop><dgpsid>0000</dgpsid></trkpt>
<trkpt lat="32.350203666666665" lon="-108.733315"><ele>1312.6</ele><time>2025-12-11T02:18:52.000Z</time><extensions><gpxtpx:TrackPointExtension><gpxtpx:bearing>293.21</gpxtpx:bearing><gpxtpx:speed>27.133068</gpxtpx:speed></gpxtpx:TrackPointExtension></extensions><geoidheight>-26.7</geoidheight><src>gps</src><sat>15</sat><hdop>0.63</hdop><vdop>0.99</vdop><pdop>1.17</pdop><dgpsid>0000</dgpsid></trkpt>
<trkpt lat="32.351242666666664" lon="-108.7361475"><ele>1310.2</ele><time>2025-12-11T02:19:03.000Z</time><extensions><gpxtpx:TrackPointExtension><gpxtpx:bearing>294.09</gpxtpx:bearing><gpxtpx:speed>25.387644</gpxtpx:speed></gpxtpx:TrackPointExtension></extensions><geoidheight>-26.7</geoidheight><src>gps</src><sat>15</sat><hdop>0.63</hdop><vdop>0.99</vdop><pdop>1.17</pdop><dgpsid>0000</dgpsid></trkpt>
<trkpt lat="32.3523185" lon="-108.73841833333333"><ele>1309.0</ele><time>2025-12-11T02:19:14.000Z</time><extensions><gpxtpx:TrackPointExtension><gpxtpx:bearing>307.24</gpxtpx:bearing><gpxtpx:speed>20.13233</gpxtpx:speed></gpxtpx:TrackPointExtension></extensions><geoidheight>-26.7</geoidheight><src>gps</src><sat>15</sat><hdop>0.65</hdop><vdop>1.00</vdop><pdop>1.20</pdop><dgpsid>0000</dgpsid></trkpt>
<trkpt lat="32.35335533333333" lon="-108.73987266666667"><ele>1311.1</ele><time>2025-12-11T02:19:25.000Z</time><extensions><gpxtpx:TrackPointExtension><gpxtpx:bearing>306.26</gpxtpx:bearing><gpxtpx:speed>11.311536</gpxtpx:speed></gpxtpx:TrackPointExtension></extensions><geoidheight>-26.7</geoidheight><src>gps</src><sat>15</sat><hdop>0.66</hdop><vdop>1.01</vdop><pdop>1.21</pdop><dgpsid>0000</dgpsid></trkpt>
<trkpt lat="32.353192" lon="-108.7403875"><ele>1311.8</ele><time>2025-12-11T02:19:36.000Z</time><extensions><gpxtpx:TrackPointExtension><gpxtpx:bearing>202.19</gpxtpx:bearing><gpxtpx:speed>9.363312</gpxtpx:speed></gpxtpx:TrackPointExtension></extensions><geoidheight>-26.7</geoidheight><src>gps</src><sat>16</sat><hdop>0.61</hdop><vdop>0.99</vdop><pdop>1.17</pdop><dgpsid>0000</dgpsid></trkpt>
<trkpt lat="32.35213133333333" lon="-108.74093033333332"><ele>1313.2</ele><time>2025-12-11T02:19:47.000Z</time><extensions><gpxtpx:TrackPointExtension><gpxtpx:bearing>203.22</gpxtpx:bearing><gpxtpx:speed>12.439807</gpxtpx:speed></gpxtpx:TrackPointExtension></extensions><geoidheight>-26.7</geoidheight><src>gps</src><sat>16</sat><hdop>0.63</hdop><vdop>1.01</vdop><pdop>1.19</pdop><dgpsid>0000</dgpsid></trkpt>
<trkpt lat="32.350993499999994" lon="-108.74149783333333"><ele>1312.2</ele><time>2025-12-11T02:19:58.000Z</time><extensions><gpxtpx:TrackPointExtension><gpxtpx:bearing>203.5</gpxtpx:bearing><gpxtpx:speed>11.422201</gpxtpx:speed></gpxtpx:TrackPointExtension></extensions><geoidheight>-26.7</geoidheight><src>gps</src><sat>16</sat><hdop>0.61</hdop><vdop>0.99</vdop><pdop>1.17</pdop><dgpsid>0000</dgpsid></trkpt>
<trkpt lat="32.35023666666667" lon="-108.74219483333333"><ele>1313.1</ele><time>2025-12-11T02:20:09.000Z</time><extensions><gpxtpx:TrackPointExtension><gpxtpx:bearing>246.56</gpxtpx:bearing><gpxtpx:speed>8.5855665</gpxtpx:speed></gpxtpx:TrackPointExtension></extensions><geoidheight>-26.7</geoidheight><src>gps</src><sat>16</sat><hdop>0.61</hdop><vdop>0.99</vdop><pdop>1.17</pdop><dgpsid>0000</dgpsid></trkpt>
<trkpt lat="32.349748500000004" lon="-108.74256883333334"><ele>1313.8</ele><time>2025-12-11T02:20:20.000Z</time><extensions><gpxtpx:TrackPointExtension><gpxtpx:bearing>180.76</gpxtpx:bearing><gpxtpx:speed>7.119123</gpxtpx:speed></gpxtpx:TrackPointExtension></extensions><geoidheight>-26.7</geoidheight><src>gps</src><sat>16</sat><hdop>0.61</hdop><vdop>0.99</vdop><pdop>1.17</pdop><dgpsid>0000</dgpsid></trkpt>
<trkpt lat="32.348966000000004" lon="-108.74257549999999"><ele>1315.4</ele><time>2025-12-11T02:20:31.000Z</time><extensions><gpxtpx:TrackPointExtension><gpxtpx:bearing>178.13</gpxtpx:bearing><gpxtpx:speed>8.621082</gpxtpx:speed></gpxtpx:TrackPointExtension></extensions><geoidheight>-26.7</geoidheight><src>gps</src><sat>16</sat><hdop>0.61</hdop><vdop>0.99</vdop><pdop>1.17</pdop><dgpsid>0000</dgpsid></trkpt>
<trkpt lat="32.34834016666667" lon="-108.74252700000001"><ele>1314.1</ele><time>2025-12-11T02:20:42.000Z</time><extensions><gpxtpx:TrackPointExtension><gpxtpx:bearing>137.73</gpxtpx:bearing><gpxtpx:speed>4.0055685</gpxtpx:speed></gpxtpx:TrackPointExtension></extensions><geoidheight>-26.7</geoidheight><src>gps</src><sat>16</sat><hdop>0.62</hdop><vdop>0.99</vdop><pdop>1.17</pdop><dgpsid>0000</dgpsid></trkpt>
<trkpt lat="32.34848983333333" lon="-108.74213483333332"><ele>1311.7</ele><time>2025-12-11T02:20:53.000Z</time><extensions><gpxtpx:TrackPointExtension><gpxtpx:bearing>43.78</gpxtpx:bearing><gpxtpx:speed>4.3617563</gpxtpx:speed></gpxtpx:TrackPointExtension></extensions><geoidheight>-26.7</geoidheight><src>gps</src><sat>17</sat><hdop>0.63</hdop><vdop>1.02</vdop><pdop>1.19</pdop><dgpsid>0000</dgpsid></trkpt>
<trkpt lat="32.350054" lon="-108.74248083333332"><ele>1315.7</ele><time>2025-12-11T02:50:10.000Z</time><extensions><gpxtpx:TrackPointExtension><gpxtpx:bearing>12.49</gpxtpx:bearing><gpxtpx:speed>2.8587673</gpxtpx:speed></gpxtpx:TrackPointExtension></extensions><geoidheight>-26.7</geoidheight><src>gps</src><sat>7</sat><hdop>2.72</hdop><vdop>2.37</vdop><pdop>3.61</pdop></trkpt>
<trkpt lat="32.3502715" lon="-108.74201583333334"><ele>1314.9</ele><time>2025-12-11T02:50:21.000Z</time><extensions><gpxtpx:TrackPointExtension><gpxtpx:bearing>63.62</gpxtpx:bearing><gpxtpx:speed>8.079595</gpxtpx:speed></gpxtpx:TrackPointExtension></extensions><geoidheight>-26.7</geoidheight><src>gps</src><sat>9</sat><hdop>2.72</hdop><vdop>2.37</vdop><pdop>3.61</pdop></trkpt>
<trkpt lat="32.35095166666667" lon="-108.74144433333335"><ele>1312.8</ele><time>2025-12-11T02:50:32.000Z</time><extensions><gpxtpx:TrackPointExtension><gpxtpx:bearing>25.6</gpxtpx:bearing><gpxtpx:speed>8.974697</gpxtpx:speed></gpxtpx:TrackPointExtension></extensions><geoidheight>-26.7</geoidheight><src>gps</src><sat>9</sat><hdop>2.72</hdop><vdop>2.37</vdop><pdop>3.60</pdop></trkpt>
<trkpt lat="32.35195216666667" lon="-108.74094533333333"><ele>1315.7</ele><time>2025-12-11T02:50:43.000Z</time><extensions><gpxtpx:TrackPointExtension><gpxtpx:bearing>23.48</gpxtpx:bearing><gpxtpx:speed>12.035749</gpxtpx:speed></gpxtpx:TrackPointExtension></extensions><geoidheight>-26.7</geoidheight><src>gps</src><sat>9</sat><hdop>2.71</hdop><vdop>2.37</vdop><pdop>3.60</pdop></trkpt>
<trkpt lat="32.353017333333334" lon="-108.74040433333333"><ele>1315.7</ele><time>2025-12-11T02:50:54.000Z</time><extensions><gpxtpx:TrackPointExtension><gpxtpx:bearing>23.81</gpxtpx:bearing><gpxtpx:speed>10.538423</gpxtpx:speed></gpxtpx:TrackPointExtension></extensions><geoidheight>-26.7</geoidheight><src>gps</src><sat>9</sat><hdop>2.71</hdop><vdop>2.37</vdop><pdop>3.60</pdop></trkpt>
<trkpt lat="32.35362166666666" lon="-108.74035033333332"><ele>1314.1</ele><time>2025-12-11T02:51:05.000Z</time><extensions><gpxtpx:TrackPointExtension><gpxtpx:bearing>304.65</gpxtpx:bearing><gpxtpx:speed>6.1210766</gpxtpx:speed></gpxtpx:TrackPointExtension></extensions><geoidheight>-26.7</geoidheight><src>gps</src><sat>9</sat><hdop>2.71</hdop><vdop>2.37</vdop><pdop>3.60</pdop></trkpt>
<trkpt lat="32.353914833333334" lon="-108.74164649999999"><ele>1308.9</ele><time>2025-12-11T02:51:16.000Z</time><extensions><gpxtpx:TrackPointExtension><gpxtpx:bearing>278.42</gpxtpx:bearing><gpxtpx:speed>15.921903</gpxtpx:speed></gpxtpx:TrackPointExtension></extensions><geoidheight>-26.7</geoidheight><src>gps</src><sat>9</sat><hdop>2.71</hdop><vdop>2.37</vdop><pdop>3.60</pdop></trkpt>
<trkpt lat="32.354296999999995" lon="-108.743865"><ele>1305.9</ele><time>2025-12-11T02:51:27.000Z</time><extensions><gpxtpx:TrackPointExtension><gpxtpx:bearing>282.45</gpxtpx:bearing><gpxtpx:speed>21.471638</gpxtpx:speed></gpxtpx:TrackPointExtension></extensions><geoidheight>-26.7</geoidheight><src>gps</src><sat>11</sat><hdop>1.13</hdop><vdop>1.25</vdop><pdop>1.69</pdop></trkpt>
<trkpt lat="32.354806" lon="-108.74644716666666"><ele>1310.2</ele><time>2025-12-11T02:51:38.000Z</time><extensions><gpxtpx:TrackPointExtension><gpxtpx:bearing>279.1</gpxtpx:bearing><gpxtpx:speed>23.917082</gpxtpx:speed></gpxtpx:TrackPointExtension></extensions><geoidheight>-26.7</geoidheight><src>gps</src><sat>11</sat><hdop>0.97</hdop><vdop>1.22</vdop><pdop>1.55</pdop></trkpt>
<trkpt lat="32.354813166666666" lon="-108.74923849999999"><ele>1311.5</ele><time>2025-12-11T02:51:49.000Z</time><extensions><gpxtpx:TrackPointExtension><gpxtpx:bearing>261.89</gpxtpx:bearing><gpxtpx:speed>24.146648</gpxtpx:speed></gpxtpx:TrackPointExtension></extensions><geoidheight>-26.7</geoidheight><src>gps</src><sat>12</sat><hdop>0.95</hdop><vdop>1.13</vdop><pdop>1.48</pdop></trkpt>
<trkpt lat="32.354119" lon="-108.751914"><ele>1310.2</ele><time>2025-12-11T02:52:00.000Z</time><extensions><gpxtpx:TrackPointExtension><gpxtpx:bearing>245.21</gpxtpx:bearing><gpxtpx:speed>24.370554</gpxtpx:speed></gpxtpx:TrackPointExtension></extensions><geoidheight>-26.7</geoidheight><src>gps</src><sat>12</sat><hdop>0.83</hdop><vdop>1.08</vdop><pdop>1.36</pdop></trkpt>
<trkpt lat="32.352841" lon="-108.75437916666667"><ele>1312.1</ele><time>2025-12-11T02:52:11.000Z</time><extensions><gpxtpx:TrackPointExtension><gpxtpx:bearing>236.55</gpxtpx:bearing><gpxtpx:speed>25.500883</gpxtpx:speed></gpxtpx:TrackPointExtension></extensions><geoidheight>-26.7</geoidheight><src>gps</src><sat>13</sat><hdop>0.76</hdop><vdop>1.08</vdop><pdop>1.32</pdop></trkpt>
<trkpt lat="32.35138766666667" lon="-108.7569005"><ele>1314.5</ele><time>2025-12-11T02:52:22.000Z</time><extensions><gpxtpx:TrackPointExtension><gpxtpx:bearing>236.11</gpxtpx:bearing><gpxtpx:speed>26.610624</gpxtpx:speed></gpxtpx:TrackPointExtension></extensions><geoidheight>-26.7</geoidheight><src>gps</src><sat>12</sat><hdop>0.90</hdop><vdop>1.19</vdop><pdop>1.49</pdop></trkpt>
<trkpt lat="32.34989233333333" lon="-108.759495"><ele>1318.9</ele><time>2025-12-11T02:52:33.000Z</time><extensions><gpxtpx:TrackPointExtension><gpxtpx:bearing>235.89</gpxtpx:bearing><gpxtpx:speed>27.156744</gpxtpx:speed></gpxtpx:TrackPointExtension></extensions><geoidheight>-26.7</geoidheight><src>gps</src><sat>14</sat><hdop>0.80</hdop><vdop>1.11</vdop><pdop>1.37</pdop></trkpt>
<trkpt lat="32.348387333333335" lon="-108.7621275"><ele>1325.6</ele><time>2025-12-11T02:52:44.000Z</time><extensions><gpxtpx:TrackPointExtension><gpxtpx:bearing>235.96</gpxtpx:bearing><gpxtpx:speed>27.031153</gpxtpx:speed></gpxtpx:TrackPointExtension></extensions><geoidheight>-26.7</geoidheight><src>gps</src><sat>14</sat><hdop>0.78</hdop><vdop>1.11</vdop><pdop>1.35</pdop></trkpt>
<trkpt lat="32.34688966666667" lon="-108.7647465"><ele>1328.4</ele><time>2025-12-11T02:52:55.000Z</time><extensions><gpxtpx:TrackPointExtension><gpxtpx:bearing>235.89</gpxtpx:bearing><gpxtpx:speed>27.34925</gpxtpx:speed></gpxtpx:TrackPointExtension></extensions><geoidheight>-26.7</geoidheight><src>gps</src><sat>14</sat><hdop>0.78</hdop><vdop>1.11</vdop><pdop>1.36</pdop></trkpt>
<trkpt lat="32.345350333333336" lon="-108.76743499999999"><ele>1328.4</ele><time>2025-12-11T02:53:06.000Z</time><extensions><gpxtpx:TrackPointExtension><gpxtpx:bearing>235.97</gpxtpx:bearing><gpxtpx:speed>27.879929</gpxtpx:speed></gpxtpx:TrackPointExtension></extensions><geoidheight>-26.7</geoidheight><src>gps</src><sat>16</sat><hdop>0.64</hdop><vdop>1.02</vdop><pdop>1.20</pdop></trkpt>
<trkpt lat="32.343793" lon="-108.77015216666665"><ele>1331.2</ele><time>2025-12-11T02:53:17.000Z</time><extensions><gpxtpx:TrackPointExtension><gpxtpx:bearing>236.11</gpxtpx:bearing><gpxtpx:speed>28.207293</gpxtpx:speed></gpxtpx:TrackPointExtension></extensions><geoidheight>-26.7</geoidheight><src>gps</src><sat>16</sat><hdop>0.64</hdop><vdop>1.02</vdop><pdop>1.20</pdop></trkpt>
<trkpt lat="32.34222" lon="-108.77288433333334"><ele>1332.9</ele><time>2025-12-11T02:53:28.000Z</time><extensions><gpxtpx:TrackPointExtension><gpxtpx:bearing>235.7</gpxtpx:bearing><gpxtpx:speed>27.892797</gpxtpx:speed></gpxtpx:TrackPointExtension></extensions><geoidheight>-26.7</geoidheight><src>gps</src><sat>16</sat><hdop>0.64</hdop><vdop>1.02</vdop><pdop>1.20</pdop></trkpt>
<trkpt lat="32.34065666666667" lon="-108.77558966666666"><ele>1332.6</ele><time>2025-12-11T02:53:39.000Z</time><extensions><gpxtpx:TrackPointExtension><gpxtpx:bearing>235.69</gpxtpx:bearing><gpxtpx:speed>28.383842</gpxtpx:speed></gpxtpx:TrackPointExtension></extensions><geoidheight>-26.7</geoidheight><src>gps</src><sat>15</sat><hdop>0.70</hdop><vdop>1.08</vdop><pdop>1.29</pdop></trkpt>
<trkpt lat="32.33905816666667" lon="-108.77837416666668"><ele>1326.8</ele><time>2025-12-11T02:53:50.000Z</time><extensions><gpxtpx:TrackPointExtension><gpxtpx:bearing>235.9</gpxtpx:bearing><gpxtpx:speed>28.824959</gpxtpx:speed></gpxtpx:TrackPointExtension></extensions><geoidheight>-26.7</geoidheight><src>gps</src><sat>16</sat><hdop>0.64</hdop><vdop>1.02</vdop><pdop>1.20</pdop></trkpt>
<trkpt lat="32.3374745" lon="-108.781137"><ele>1325.8</ele><time>2025-12-11T02:54:01.000Z</time><extensions><gpxtpx:TrackPointExtension><gpxtpx:bearing>235.92</gpxtpx:bearing><gpxtpx:speed>28.32156</gpxtpx:speed></gpxtpx:TrackPointExtension></extensions><geoidheight>-26.7</geoidheight><src>gps</src><sat>16</sat><hdop>0.64</hdop><vdop>1.02</vdop><pdop>1.20</pdop><dgpsid>0000</dgpsid></trkpt>
<trkpt lat="32.33588816666667" lon="-108.78390183333335"><ele>1324.1</ele><time>2025-12-11T02:54:12.000Z</time><extensions><gpxtpx:TrackPointExtension><gpxtpx:bearing>235.93</gpxtpx:bearing><gpxtpx:speed>28.682896</gpxtpx:speed></gpxtpx:TrackPointExtension></extensions><geoidheight>-26.7</geoidheight><src>gps</src><sat>16</sat><hdop>0.64</hdop><vdop>1.02</vdop><pdop>1.20</pdop><dgpsid>0000</dgpsid></trkpt>
<trkpt lat="32.334300999999996" lon="-108.78666916666667"><ele>1321.5</ele><time>2025-12-11T02:54:23.000Z</time><extensions><gpxtpx:TrackPointExtension><gpxtpx:bearing>235.77</gpxtpx:bearing><gpxtpx:speed>28.56142</gpxtpx:speed></gpxtpx:TrackPointExtension></extensions><geoidheight>-26.7</geoidheight><src>gps</src><sat>16</sat><hdop>0.63</hdop><vdop>1.02</vdop><pdop>1.20</pdop><dgpsid>0000</dgpsid></trkpt>
<trkpt lat="32.332721666666664" lon="-108.789415"><ele>1320.8</ele><time>2025-12-11T02:54:34.000Z</time><extensions><gpxtpx:TrackPointExtension><gpxtpx:bearing>235.93</gpxtpx:bearing><gpxtpx:speed>28.128025</gpxtpx:speed></gpxtpx:TrackPointExtension></extensions><geoidheight>-26.7</geoidheight><src>gps</src><sat>16</sat><hdop>0.63</hdop><vdop>1.02</vdop><pdop>1.20</pdop><dgpsid>0000</dgpsid></trkpt>
<trkpt lat="32.33117333333333" lon="-108.7921025"><ele>1322.7</ele><time>2025-12-11T02:54:45.000Z</time><extensions><gpxtpx:TrackPointExtension><gpxtpx:bearing>236.05</gpxtpx:bearing><gpxtpx:speed>27.666319</gpxtpx:speed></gpxtpx:TrackPointExtension></extensions><geoidheight>-26.8</geoidheight><src>gps</src><sat>16</sat><hdop>0.63</hdop><vdop>1.02</vdop><pdop>1.20</pdop><dgpsid>0000</dgpsid></trkpt>
<trkpt lat="32.329628166666666" lon="-108.794788"><ele>1321.7</ele><time>2025-12-11T02:54:56.000Z</time><extensions><gpxtpx:TrackPointExtension><gpxtpx:bearing>235.84</gpxtpx:bearing><gpxtpx:speed>27.857796</gpxtpx:speed></gpxtpx:TrackPointExtension></extensions><geoidheight>-26.8</geoidheight><src>gps</src><sat>16</sat><hdop>0.68</hdop><vdop>1.05</vdop><pdop>1.25</pdop><dgpsid>0000</dgpsid></trkpt>
<trkpt lat="32.328092833333336" lon="-108.79746599999999"><ele>1319.6</ele><time>2025-12-11T02:55:07.000Z</time><extensions><gpxtpx:TrackPointExtension><gpxtpx:bearing>236.11</gpxtpx:bearing><gpxtpx:speed>27.56286</gpxtpx:speed></gpxtpx:TrackPointExtension></extensions><geoidheight>-26.8</geoidheight><src>gps</src><sat>16</sat><hdop>0.63</hdop><vdop>1.02</vdop><pdop>1.20</pdop><dgpsid>0000</dgpsid></trkpt>
<trkpt lat="32.326538" lon="-108.80016416666668"><ele>1315.9</ele><time>2025-12-11T02:55:18.000Z</time><extensions><gpxtpx:TrackPointExtension><gpxtpx:bearing>236.04</gpxtpx:bearing><gpxtpx:speed>28.34884</gpxtpx:speed></gpxtpx:TrackPointExtension></extensions><geoidheight>-26.8</geoidheight><src>gps</src><sat>16</sat><hdop>0.63</hdop><vdop>1.02</vdop><pdop>1.20</pdop><dgpsid>0000</dgpsid></trkpt>
<trkpt lat="32.324985999999996" lon="-108.80286550000001"><ele>1313.7</ele><time>2025-12-11T02:55:29.000Z</time><extensions><gpxtpx:TrackPointExtension><gpxtpx:bearing>235.78</gpxtpx:bearing><gpxtpx:speed>27.745071</gpxtpx:speed></gpxtpx:TrackPointExtension></extensions><geoidheight>-26.8</geoidheight><src>gps</src><sat>16</sat><hdop>0.63</hdop><vdop>1.02</vdop><pdop>1.20</pdop><dgpsid>0000</dgpsid></trkpt>
<trkpt lat="32.323463" lon="-108.805511"><ele>1311.6</ele><time>2025-12-11T02:55:40.000Z</time><extensions><gpxtpx:TrackPointExtension><gpxtpx:bearing>235.76</gpxtpx:bearing><gpxtpx:speed>27.642643</gpxtpx:speed></gpxtpx:TrackPointExtension></extensions><geoidheight>-26.8</geoidheight><src>gps</src><sat>16</sat><hdop>0.70</hdop><vdop>1.09</vdop><pdop>1.29</pdop><dgpsid>0000</dgpsid></trkpt>
<trkpt lat="32.32193316666667" lon="-108.80817549999999"><ele>1310.6</ele><time>2025-12-11T02:55:51.000Z</time><extensions><gpxtpx:TrackPointExtension><gpxtpx:bearing>236.07</gpxtpx:bearing><gpxtpx:speed>27.907724</gpxtpx:speed></gpxtpx:TrackPointExtension></extensions><geoidheight>-26.8</geoidheight><src>gps</src><sat>16</sat><hdop>0.63</hdop><vdop>1.02</vdop><pdop>1.20</pdop><dgpsid>0000</dgpsid></trkpt>
<trkpt lat="32.32035633333333" lon="-108.81092716666666"><ele>1307.7</ele><time>2025-12-11T02:56:02.000Z</time><extensions><gpxtpx:TrackPointExtension><gpxtpx:bearing>235.91</gpxtpx:bearing><gpxtpx:speed>29.095703</gpxtpx:speed></gpxtpx:TrackPointExtension></extensions><geoidheight>-26.8</geoidheight><src>gps</src><sat>16</sat><hdop>0.63</hdop><vdop>1.02</vdop><pdop>1.20</pdop><dgpsid>0000</dgpsid></trkpt>
<trkpt lat="32.3187275" lon="-108.813755"><ele>1304.7</ele><time>2025-12-11T02:56:13.000Z</time><extensions><gpxtpx:TrackPointExtension><gpxtpx:bearing>236.15</gpxtpx:bearing><gpxtpx:speed>28.341635</gpxtpx:speed></gpxtpx:TrackPointExtension></extensions><geoidheight>-26.8</geoidheight><src>gps</src><sat>16</sat><hdop>0.63</hdop><vdop>1.02</vdop><pdop>1.20</pdop><dgpsid>0000</dgpsid></trkpt>
<trkpt lat="32.31720966666667" lon="-108.8163775"><ele>1302.6</ele><time>2025-12-11T02:56:24.000Z</time><extensions><gpxtpx:TrackPointExtension><gpxtpx:bearing>235.85</gpxtpx:bearing><gpxtpx:speed>27.124317</gpxtpx:speed></gpxtpx:TrackPointExtension></extensions><geoidheight>-26.8</geoidheight><src>gps</src><sat>17</sat><hdop>0.60</hdop><vdop>0.90</vdop><pdop>1.08</pdop><dgpsid>0000</dgpsid></trkpt>
<trkpt lat="32.315695166666664" lon="-108.81899399999999"><ele>1300.5</ele><time>2025-12-11T02:56:35.000Z</time><extensions><gpxtpx:TrackPointExtension><gpxtpx:bearing>235.79</gpxtpx:bearing><gpxtpx:speed>27.388884</gpxtpx:speed></gpxtpx:TrackPointExtension></extensions><geoidheight>-26.8</geoidheight><src>gps</src><sat>17</sat><hdop>0.60</hdop><vdop>0.90</vdop><pdop>1.08</pdop><dgpsid>0000</dgpsid></trkpt>
<trkpt lat="32.31415366666667" lon="-108.821684"><ele>1298.2</ele><time>2025-12-11T02:56:46.000Z</time><extensions><gpxtpx:TrackPointExtension><gpxtpx:bearing>235.66</gpxtpx:bearing><gpxtpx:speed>28.40546</gpxtpx:speed></gpxtpx:TrackPointExtension></extensions><geoidheight>-26.8</geoidheight><src>gps</src><sat>16</sat><hdop>0.63</hdop><vdop>0.90</vdop><pdop>1.10</pdop><dgpsid>0000</dgpsid></trkpt>
<trkpt lat="32.31254916666667" lon="-108.82446933333334"><ele>1294.2</ele><time>2025-12-11T02:56:57.000Z</time><extensions><gpxtpx:TrackPointExtension><gpxtpx:bearing>235.78</gpxtpx:bearing><gpxtpx:speed>29.147175</gpxtpx:speed></gpxtpx:TrackPointExtension></extensions><geoidheight>-26.8</geoidheight><src>gps</src><sat>16</sat><hdop>0.63</hdop><vdop>0.90</vdop><pdop>1.10</pdop><dgpsid>0000</dgpsid></trkpt>
<trkpt lat="32.310936833333336" lon="-108.827277"><ele>1290.1</ele><time>2025-12-11T02:57:08.000Z</time><extensions><gpxtpx:TrackPointExtension><gpxtpx:bearing>235.91</gpxtpx:bearing><gpxtpx:speed>29.024157</gpxtpx:speed></gpxtpx:TrackPointExtension></extensions><geoidheight>-26.8</geoidheight><src>gps</src><sat>16</sat><hdop>0.63</hdop><vdop>0.90</vdop><pdop>1.10</pdop><dgpsid>0000</dgpsid></trkpt>
<trkpt lat="32.309321999999995" lon="-108.83008300000002"><ele>1285.6</ele><time>2025-12-11T02:57:19.000Z</time><extensions><gpxtpx:TrackPointExtension><gpxtpx:bearing>235.54</gpxtpx:bearing><gpxtpx:speed>29.355639</gpxtpx:speed></gpxtpx:TrackPointExtension></extensions><geoidheight>-26.8</geoidheight><src>gps</src><sat>16</sat><hdop>0.60</hdop><vdop>0.90</vdop><pdop>1.08</pdop><dgpsid>0000</dgpsid></trkpt>
<trkpt lat="32.30768633333333" lon="-108.83292600000001"><ele>1281.9</ele><time>2025-12-11T02:57:30.000Z</time><extensions><gpxtpx:TrackPointExtension><gpxtpx:bearing>235.77</gpxtpx:bearing><gpxtpx:speed>29.157469</gpxtpx:speed></gpxtpx:TrackPointExtension></extensions><geoidheight>-26.8</geoidheight><src>gps</src><sat>17</sat><hdop>0.60</hdop><vdop>0.90</vdop><pdop>1.08</pdop><dgpsid>0000</dgpsid></trkpt>
<trkpt lat="32.30606133333333" lon="-108.83575366666668"><ele>1276.3</ele><time>2025-12-11T02:57:41.000Z</time><extensions><gpxtpx:TrackPointExtension><gpxtpx:bearing>235.85</gpxtpx:bearing><gpxtpx:speed>29.703075</gpxtpx:speed></gpxtpx:TrackPointExtension></extensions><geoidheight>-26.8</geoidheight><src>gps</src><sat>17</sat><hdop>0.60</hdop><vdop>0.90</vdop><pdop>1.08</pdop><dgpsid>0000</dgpsid></trkpt>
<trkpt lat="32.30440316666667" lon="-108.838625"><ele>1271.7</ele><time>2025-12-11T02:57:52.000Z</time><extensions><gpxtpx:TrackPointExtension><gpxtpx:bearing>235.59</gpxtpx:bearing><gpxtpx:speed>29.536304</gpxtpx:speed></gpxtpx:TrackPointExtension></extensions><geoidheight>-26.8</geoidheight><src>gps</src><sat>17</sat><hdop>0.63</hdop><vdop>0.90</vdop><pdop>1.10</pdop><dgpsid>0000</dgpsid></trkpt>
<trkpt lat="32.302786999999995" lon="-108.8414315"><ele>1270.9</ele><time>2025-12-11T02:58:03.000Z</time><extensions><gpxtpx:TrackPointExtension><gpxtpx:bearing>235.68</gpxtpx:bearing><gpxtpx:speed>29.069452</gpxtpx:speed></gpxtpx:TrackPointExtension></extensions><geoidheight>-26.8</geoidheight><src>gps</src><sat>16</sat><hdop>0.63</hdop><vdop>0.90</vdop><pdop>1.10</pdop><dgpsid>0000</dgpsid></trkpt>
<trkpt lat="32.301187" lon="-108.84421499999999"><ele>1270.2</ele><time>2025-12-11T02:58:14.000Z</time><extensions><gpxtpx:TrackPointExtension><gpxtpx:bearing>235.89</gpxtpx:bearing><gpxtpx:speed>28.75753</gpxtpx:speed></gpxtpx:TrackPointExtension></extensions><geoidheight>-26.8</geoidheight><src>gps</src><sat>16</sat><hdop>0.63</hdop><vdop>0.90</vdop><pdop>1.10</pdop><dgpsid>0000</dgpsid></trkpt>
<trkpt lat="32.29959816666667" lon="-108.8469685"><ele>1269.4</ele><time>2025-12-11T02:58:25.000Z</time><extensions><gpxtpx:TrackPointExtension><gpxtpx:bearing>236.0</gpxtpx:bearing><gpxtpx:speed>28.396196</gpxtpx:speed></gpxtpx:TrackPointExtension></extensions><geoidheight>-26.8</geoidheight><src>gps</src><sat>16</sat><hdop>0.63</hdop><vdop>0.90</vdop><pdop>1.10</pdop><dgpsid>0000</dgpsid></trkpt>
<trkpt lat="32.2980185" lon="-108.84969716666667"><ele>1269.3</ele><time>2025-12-11T02:58:36.000Z</time><extensions><gpxtpx:TrackPointExtension><gpxtpx:bearing>235.65</gpxtpx:bearing><gpxtpx:speed>28.226337</gpxtpx:speed></gpxtpx:TrackPointExtension></extensions><geoidheight>-26.8</geoidheight><src>gps</src><sat>15</sat><hdop>0.63</hdop><vdop>0.90</vdop><pdop>1.10</pdop><dgpsid>0000</dgpsid></trkpt>
<trkpt lat="32.296448166666664" lon="-108.85242416666667"><ele>1268.9</ele><time>2025-12-11T02:58:47.000Z</time><extensions><gpxtpx:TrackPointExtension><gpxtpx:bearing>235.79</gpxtpx:bearing><gpxtpx:speed>28.228395</gpxtpx:speed></gpxtpx:TrackPointExtension></extensions><geoidheight>-26.8</geoidheight><src>gps</src><sat>17</sat><hdop>0.60</hdop><vdop>0.90</vdop><pdop>1.08</pdop><dgpsid>0000</dgpsid></trkpt>
<trkpt lat="32.29488516666667" lon="-108.85513516666667"><ele>1268.7</ele><time>2025-12-11T02:58:58.000Z</time><extensions><gpxtpx:TrackPointExtension><gpxtpx:bearing>235.87</gpxtpx:bearing><gpxtpx:speed>27.827427</gpxtpx:speed></gpxtpx:TrackPointExtension></extensions><geoidheight>-26.8</geoidheight><src>gps</src><sat>17</sat><hdop>0.60</hdop><vdop>0.90</vdop><pdop>1.08</pdop><dgpsid>0000</dgpsid></trkpt>
<trkpt lat="32.293328333333335" lon="-108.85783033333334"><ele>1268.7</ele><time>2025-12-11T02:59:09.000Z</time><extensions><gpxtpx:TrackPointExtension><gpxtpx:bearing>236.04</gpxtpx:bearing><gpxtpx:speed>28.2845</gpxtpx:speed></gpxtpx:TrackPointExtension></extensions><geoidheight>-26.8</geoidheight><src>gps</src><sat>17</sat><hdop>0.60</hdop><vdop>0.90</vdop><pdop>1.08</pdop><dgpsid>0000</dgpsid></trkpt>
<trkpt lat="32.29174666666667" lon="-108.86058133333333"><ele>1268.9</ele><time>2025-12-11T02:59:20.000Z</time><extensions><gpxtpx:TrackPointExtension><gpxtpx:bearing>235.94</gpxtpx:bearing><gpxtpx:speed>28.565538</gpxtpx:speed></gpxtpx:TrackPointExtension></extensions><geoidheight>-26.8</geoidheight><src>gps</src><sat>17</sat><hdop>0.60</hdop><vdop>0.90</vdop><pdop>1.08</pdop><dgpsid>0000</dgpsid></trkpt>
<trkpt lat="32.29016083333333" lon="-108.86333433333333"><ele>1269.0</ele><time>2025-12-11T02:59:31.000Z</time><extensions><gpxtpx:TrackPointExtension><gpxtpx:bearing>235.9</gpxtpx:bearing><gpxtpx:speed>28.257221</gpxtpx:speed></gpxtpx:TrackPointExtension></extensions><geoidheight>-26.8</geoidheight><src>gps</src><sat>16</sat><hdop>0.64</hdop><vdop>0.92</vdop><pdop>1.12</pdop><dgpsid>0000</dgpsid></trkpt>
<trkpt lat="32.2885985" lon="-108.86604583333335"><ele>1269.4</ele><time>2025-12-11T02:59:42.000Z</time><extensions><gpxtpx:TrackPointExtension><gpxtpx:bearing>236.08</gpxtpx:bearing><gpxtpx:speed>27.967432</gpxtpx:speed></gpxtpx:TrackPointExtension></extensions><geoidheight>-26.8</geoidheight><src>gps</src><sat>16</sat><hdop>0.64</hdop><vdop>0.92</vdop><pdop>1.12</pdop><dgpsid>0000</dgpsid></trkpt>
<trkpt lat="32.287045166666665" lon="-108.86874433333332"><ele>1270.1</ele><time>2025-12-11T02:59:53.000Z</time><extensions><gpxtpx:TrackPointExtension><gpxtpx:bearing>235.95</gpxtpx:bearing><gpxtpx:speed>28.05339</gpxtpx:speed></gpxtpx:TrackPointExtension></extensions><geoidheight>-26.8</geoidheight><src>gps</src><sat>16</sat><hdop>0.64</hdop><vdop>0.92</vdop><pdop>1.12</pdop><dgpsid>0000</dgpsid></trkpt>
<trkpt lat="32.285501" lon="-108.871423"><ele>1270.1</ele><time>2025-12-11T03:00:04.000Z</time><extensions><gpxtpx:TrackPointExtension><gpxtpx:bearing>235.82</gpxtpx:bearing><gpxtpx:speed>27.673012</gpxtpx:speed></gpxtpx:TrackPointExtension></extensions><geoidheight>-26.8</geoidheight><src>gps</src><sat>17</sat><hdop>0.60</hdop><vdop>0.90</vdop><pdop>1.08</pdop><dgpsid>0000</dgpsid></trkpt>
<trkpt lat="32.283967" lon="-108.87407550000002"><ele>1270.8</ele><time>2025-12-11T03:00:15.000Z</time><extensions><gpxtpx:TrackPointExtension><gpxtpx:bearing>235.8</gpxtpx:bearing><gpxtpx:speed>27.320427</gpxtpx:speed></gpxtpx:TrackPointExtension></extensions><geoidheight>-26.8</geoidheight><src>gps</src><sat>17</sat><hdop>0.64</hdop><vdop>0.92</vdop><pdop>1.12</pdop><dgpsid>0000</dgpsid></trkpt>
<trkpt lat="32.28244866666667" lon="-108.87670783333333"><ele>1270.3</ele><time>2025-12-11T03:00:26.000Z</time><extensions><gpxtpx:TrackPointExtension><gpxtpx:bearing>235.74</gpxtpx:bearing><gpxtpx:speed>27.498005</gpxtpx:speed></gpxtpx:TrackPointExtension></extensions><geoidheight>-26.8</geoidheight><src>gps</src><sat>16</sat><hdop>0.64</hdop><vdop>0.92</vdop><pdop>1.12</pdop><dgpsid>0000</dgpsid></trkpt>
<trkpt lat="32.280939" lon="-108.87933266666666"><ele>1269.6</ele><time>2025-12-11T03:00:37.000Z</time><extensions><gpxtpx:TrackPointExtension><gpxtpx:bearing>236.0</gpxtpx:bearing><gpxtpx:speed>27.364693</gpxtpx:speed></gpxtpx:TrackPointExtension></extensions><geoidheight>-26.8</geoidheight><src>gps</src><sat>16</sat><hdop>0.60</hdop><vdop>0.90</vdop><pdop>1.08</pdop><dgpsid>0000</dgpsid></trkpt>
<trkpt lat="32.279405" lon="-108.88199283333333"><ele>1269.6</ele><time>2025-12-11T03:00:48.000Z</time><extensions><gpxtpx:TrackPointExtension><gpxtpx:bearing>235.77</gpxtpx:bearing><gpxtpx:speed>27.85059</gpxtpx:speed></gpxtpx:TrackPointExtension></extensions><geoidheight>-26.8</geoidheight><src>gps</src><sat>16</sat><hdop>0.60</hdop><vdop>0.90</vdop><pdop>1.08</pdop><dgpsid>0000</dgpsid></trkpt>
<trkpt lat="32.277852833333334" lon="-108.88469016666667"><ele>1270.2</ele><time>2025-12-11T03:00:59.000Z</time><extensions><gpxtpx:TrackPointExtension><gpxtpx:bearing>236.01</gpxtpx:bearing><gpxtpx:speed>28.091995</gpxtpx:speed></gpxtpx:TrackPointExtension></extensions><geoidheight>-26.8</geoidheight><src>gps</src><sat>16</sat><hdop>0.63</hdop><vdop>0.92</vdop><pdop>1.12</pdop><dgpsid>0000</dgpsid></trkpt>
<trkpt lat="32.2762835" lon="-108.887416"><ele>1270.4</ele><time>2025-12-11T03:01:10.000Z</time><extensions><gpxtpx:TrackPointExtension><gpxtpx:bearing>236.03</gpxtpx:bearing><gpxtpx:speed>28.485243</gpxtpx:speed></gpxtpx:TrackPointExtension></extensions><geoidheight>-26.8</geoidheight><src>gps</src><sat>16</sat><hdop>0.63</hdop><vdop>0.92</vdop><pdop>1.12</pdop><dgpsid>0000</dgpsid></trkpt>
<trkpt lat="32.27468116666667" lon="-108.89019366666668"><ele>1271.4</ele><time>2025-12-11T03:01:21.000Z</time><extensions><gpxtpx:TrackPointExtension><gpxtpx:bearing>235.62</gpxtpx:bearing><gpxtpx:speed>29.007172</gpxtpx:speed></gpxtpx:TrackPointExtension></extensions><geoidheight>-26.8</geoidheight><src>gps</src><sat>15</sat><hdop>0.70</hdop><vdop>0.95</vdop><pdop>1.18</pdop><dgpsid>0000</dgpsid></trkpt>
<trkpt lat="32.273063666666665" lon="-108.893007"><ele>1271.5</ele><time>2025-12-11T03:01:32.000Z</time><extensions><gpxtpx:TrackPointExtension><gpxtpx:bearing>235.75</gpxtpx:bearing><gpxtpx:speed>29.134308</gpxtpx:speed></gpxtpx:TrackPointExtension></extensions><geoidheight>-26.8</geoidheight><src>gps</src><sat>15</sat><hdop>0.70</hdop><vdop>0.95</vdop><pdop>1.18</pdop><dgpsid>0000</dgpsid></trkpt>
<trkpt lat="32.27142083333333" lon="-108.89585666666666"><ele>1271.8</ele><time>2025-12-11T03:01:43.000Z</time><extensions><gpxtpx:TrackPointExtension><gpxtpx:bearing>235.86</gpxtpx:bearing><gpxtpx:speed>29.755577</gpxtpx:speed></gpxtpx:TrackPointExtension></extensions><geoidheight>-26.9</geoidheight><src>gps</src><sat>15</sat><hdop>0.70</hdop><vdop>0.95</vdop><pdop>1.18</pdop><dgpsid>0000</dgpsid></trkpt>
<trkpt lat="32.269757166666665" lon="-108.89874583333334"><ele>1272.2</ele><time>2025-12-11T03:01:54.000Z</time><extensions><gpxtpx:TrackPointExtension><gpxtpx:bearing>235.93</gpxtpx:bearing><gpxtpx:speed>29.93367</gpxtpx:speed></gpxtpx:TrackPointExtension></extensions><geoidheight>-26.9</geoidheight><src>gps</src><sat>15</sat><hdop>0.70</hdop><vdop>0.96</vdop><pdop>1.18</pdop><dgpsid>0000</dgpsid></trkpt>
<trkpt lat="32.26812133333333" lon="-108.90158916666665"><ele>1272.2</ele><time>2025-12-11T03:02:05.000Z</time><extensions><gpxtpx:TrackPointExtension><gpxtpx:bearing>235.73</gpxtpx:bearing><gpxtpx:speed>29.164162</gpxtpx:speed></gpxtpx:TrackPointExtension></extensions><geoidheight>-26.9</geoidheight><src>gps</src><sat>16</sat><hdop>0.70</hdop><vdop>0.96</vdop><pdop>1.18</pdop><dgpsid>0000</dgpsid></trkpt>
<trkpt lat="32.266513833333335" lon="-108.90438350000001"><ele>1272.5</ele><time>2025-12-11T03:02:16.000Z</time><extensions><gpxtpx:TrackPointExtension><gpxtpx:bearing>235.93</gpxtpx:bearing><gpxtpx:speed>28.906284</gpxtpx:speed></gpxtpx:TrackPointExtension></extensions><geoidheight>-26.9</geoidheight><src>gps</src><sat>14</sat><hdop>0.79</hdop><vdop>1.21</vdop><pdop>1.45</pdop><dgpsid>0000</dgpsid></trkpt>
<trkpt lat="32.26491983333334" lon="-108.90714133333334"><ele>1272.6</ele><time>2025-12-11T03:02:27.000Z</time><extensions><gpxtpx:TrackPointExtension><gpxtpx:bearing>235.69</gpxtpx:bearing><gpxtpx:speed>28.333399</gpxtpx:speed></gpxtpx:TrackPointExtension></extensions><geoidheight>-26.9</geoidheight><src>gps</src><sat>15</sat><hdop>0.70</hdop><vdop>0.96</vdop><pdop>1.18</pdop><dgpsid>0000</dgpsid></trkpt>
<trkpt lat="32.263362666666666" lon="-108.90984116666665"><ele>1272.7</ele><time>2025-12-11T03:02:38.000Z</time><extensions><gpxtpx:TrackPointExtension><gpxtpx:bearing>235.74</gpxtpx:bearing><gpxtpx:speed>27.85831</gpxtpx:speed></gpxtpx:TrackPointExtension></extensions><geoidheight>-26.9</geoidheight><src>gps</src><sat>15</sat><hdop>0.70</hdop><vdop>0.96</vdop><pdop>1.19</pdop><dgpsid>0000</dgpsid></trkpt>
<trkpt lat="32.261815" lon="-108.9125215"><ele>1272.5</ele><time>2025-12-11T03:02:49.000Z</time><extensions><gpxtpx:TrackPointExtension><gpxtpx:bearing>235.86</gpxtpx:bearing><gpxtpx:speed>27.863459</gpxtpx:speed></gpxtpx:TrackPointExtension></extensions><geoidheight>-26.9</geoidheight><src>gps</src><sat>15</sat><hdop>0.70</hdop><vdop>0.96</vdop><pdop>1.19</pdop><dgpsid>0000</dgpsid></trkpt>
<trkpt lat="32.26026283333333" lon="-108.91521883333334"><ele>1273.1</ele><time>2025-12-11T03:03:00.000Z</time><extensions><gpxtpx:TrackPointExtension><gpxtpx:bearing>235.99</gpxtpx:bearing><gpxtpx:speed>28.113613</gpxtpx:speed></gpxtpx:TrackPointExtension></extensions><geoidheight>-26.9</geoidheight><src>gps</src><sat>16</sat><hdop>0.69</hdop><vdop>1.09</vdop><pdop>1.30</pdop><dgpsid>0000</dgpsid></trkpt>
<trkpt lat="32.25868" lon="-108.91795833333332"><ele>1272.9</ele><time>2025-12-11T03:03:11.000Z</time><extensions><gpxtpx:TrackPointExtension><gpxtpx:bearing>235.7</gpxtpx:bearing><gpxtpx:speed>28.735397</gpxtpx:speed></gpxtpx:TrackPointExtension></extensions><geoidheight>-26.9</geoidheight><src>gps</src><sat>16</sat><hdop>0.69</hdop><vdop>1.09</vdop><pdop>1.30</pdop><dgpsid>0000</dgpsid></trkpt>
<trkpt lat="32.25707883333334" lon="-108.92073200000002"><ele>1272.9</ele><time>2025-12-11T03:03:22.000Z</time><extensions><gpxtpx:TrackPointExtension><gpxtpx:bearing>235.94</gpxtpx:bearing><gpxtpx:speed>28.785841</gpxtpx:speed></gpxtpx:TrackPointExtension></extensions><geoidheight>-26.9</geoidheight><src>gps</src><sat>16</sat><hdop>0.63</hdop><vdop>0.93</vdop><pdop>1.12</pdop><dgpsid>0000</dgpsid></trkpt>
<trkpt lat="32.255475499999996" lon="-108.92351416666666"><ele>1273.5</ele><time>2025-12-11T03:03:33.000Z</time><extensions><gpxtpx:TrackPointExtension><gpxtpx:bearing>235.65</gpxtpx:bearing><gpxtpx:speed>28.810032</gpxtpx:speed></gpxtpx:TrackPointExtension></extensions><geoidheight>-26.9</geoidheight><src>gps</src><sat>16</sat><hdop>0.63</hdop><vdop>0.93</vdop><pdop>1.12</pdop><dgpsid>0000</dgpsid></trkpt>
<trkpt lat="32.25387333333333" lon="-108.92628666666666"><ele>1273.5</ele><time>2025-12-11T03:03:44.000Z</time><extensions><gpxtpx:TrackPointExtension><gpxtpx:bearing>236.07</gpxtpx:bearing><gpxtpx:speed>28.825474</gpxtpx:speed></gpxtpx:TrackPointExtension></extensions><geoidheight>-26.9</geoidheight><src>gps</src><sat>16</sat><hdop>0.63</hdop><vdop>0.93</vdop><pdop>1.12</pdop><dgpsid>0000</dgpsid></trkpt>
<trkpt lat="32.2522805" lon="-108.92904683333333"><ele>1273.0</ele><time>2025-12-11T03:03:55.000Z</time><extensions><gpxtpx:TrackPointExtension><gpxtpx:bearing>235.74</gpxtpx:bearing><gpxtpx:speed>28.48936</gpxtpx:speed></gpxtpx:TrackPointExtension></extensions><geoidheight>-26.9</geoidheight><src>gps</src><sat>16</sat><hdop>0.63</hdop><vdop>0.93</vdop><pdop>1.12</pdop><dgpsid>0000</dgpsid></trkpt>
<trkpt lat="32.25070433333334" lon="-108.93177616666665"><ele>1273.3</ele><time>2025-12-11T03:04:06.000Z</time><extensions><gpxtpx:TrackPointExtension><gpxtpx:bearing>236.01</gpxtpx:bearing><gpxtpx:speed>28.139864</gpxtpx:speed></gpxtpx:TrackPointExtension></extensions><geoidheight>-26.9</geoidheight><src>gps</src><sat>16</sat><hdop>0.63</hdop><vdop>0.93</vdop><pdop>1.12</pdop><dgpsid>0000</dgpsid></trkpt>
<trkpt lat="32.2491335" lon="-108.93449566666668"><ele>1274.6</ele><time>2025-12-11T03:04:17.000Z</time><extensions><gpxtpx:TrackPointExtension><gpxtpx:bearing>235.79</gpxtpx:bearing><gpxtpx:speed>28.270088</gpxtpx:speed></gpxtpx:TrackPointExtension></extensions><geoidheight>-26.9</geoidheight><src>gps</src><sat>17</sat><hdop>0.68</hdop><vdop>0.93</vdop><pdop>1.15</pdop><dgpsid>0000</dgpsid></trkpt>
<trkpt lat="32.247541166666664" lon="-108.93725799999999"><ele>1274.4</ele><time>2025-12-11T03:04:28.000Z</time><extensions><gpxtpx:TrackPointExtension><gpxtpx:bearing>235.53</gpxtpx:bearing><gpxtpx:speed>28.825989</gpxtpx:speed></gpxtpx:TrackPointExtension></extensions><geoidheight>-26.9</geoidheight><src>gps</src><sat>16</sat><hdop>0.68</hdop><vdop>0.93</vdop><pdop>1.15</pdop><dgpsid>0000</dgpsid></trkpt>
<trkpt lat="32.24593133333334" lon="-108.94004183333332"><ele>1274.6</ele><time>2025-12-11T03:04:39.000Z</time><extensions><gpxtpx:TrackPointExtension><gpxtpx:bearing>236.09</gpxtpx:bearing><gpxtpx:speed>28.840916</gpxtpx:speed></gpxtpx:TrackPointExtension></extensions><geoidheight>-26.9</geoidheight><src>gps</src><sat>17</sat><hdop>0.63</hdop><vdop>0.93</vdop><pdop>1.13</pdop><dgpsid>0000</dgpsid></trkpt>
<trkpt lat="32.244332666666665" lon="-108.94280716666665"><ele>1273.3</ele><time>2025-12-11T03:04:50.000Z</time><extensions><gpxtpx:TrackPointExtension><gpxtpx:bearing>235.77</gpxtpx:bearing><gpxtpx:speed>28.817753</gpxtpx:speed></gpxtpx:TrackPointExtension></extensions><geoidheight>-26.9</geoidheight><src>gps</src><sat>17</sat><hdop>0.63</hdop><vdop>0.93</vdop><pdop>1.13</pdop><dgpsid>0000</dgpsid></trkpt>
<trkpt lat="32.24270633333333" lon="-108.94563183333334"><ele>1273.3</ele><time>2025-12-11T03:05:01.000Z</time><extensions><gpxtpx:TrackPointExtension><gpxtpx:bearing>235.83</gpxtpx:bearing><gpxtpx:speed>29.198647</gpxtpx:speed></gpxtpx:TrackPointExtension></extensions><geoidheight>-26.9</geoidheight><src>gps</src><sat>16</sat><hdop>0.60</hdop><vdop>0.96</vdop><pdop>1.13</pdop><dgpsid>0000</dgpsid></trkpt>
<trkpt lat="32.241105166666664" lon="-108.94841633333333"><ele>1275.7</ele><time>2025-12-11T03:05:12.000Z</time><extensions><gpxtpx:TrackPointExtension><gpxtpx:bearing>235.96</gpxtpx:bearing><gpxtpx:speed>28.416784</gpxtpx:speed></gpxtpx:TrackPointExtension></extensions><geoidheight>-26.9</geoidheight><src>gps</src><sat>16</sat><hdop>0.63</hdop><vdop>0.96</vdop><pdop>1.15</pdop><dgpsid>0000</dgpsid></trkpt>
<trkpt lat="32.23953683333333" lon="-108.95113166666667"><ele>1279.0</ele><time>2025-12-11T03:05:23.000Z</time><extensions><gpxtpx:TrackPointExtension><gpxtpx:bearing>235.72</gpxtpx:bearing><gpxtpx:speed>27.981329</gpxtpx:speed></gpxtpx:TrackPointExtension></extensions><geoidheight>-26.9</geoidheight><src>gps</src><sat>16</sat><hdop>0.60</hdop><vdop>0.96</vdop><pdop>1.13</pdop><dgpsid>0000</dgpsid></trkpt>
<trkpt lat="32.2379905" lon="-108.953797"><ele>1282.6</ele><time>2025-12-11T03:05:34.000Z</time><extensions><gpxtpx:TrackPointExtension><gpxtpx:bearing>235.68</gpxtpx:bearing><gpxtpx:speed>27.276674</gpxtpx:speed></gpxtpx:TrackPointExtension></extensions><geoidheight>-26.9</geoidheight><src>gps</src><sat>16</sat><hdop>0.60</hdop><vdop>0.96</vdop><pdop>1.13</pdop><dgpsid>0000</dgpsid></trkpt>
<trkpt lat="32.236504" lon="-108.95637966666666"><ele>1286.8</ele><time>2025-12-11T03:05:45.000Z</time><extensions><gpxtpx:TrackPointExtension><gpxtpx:bearing>235.49</gpxtpx:bearing><gpxtpx:speed>26.833498</gpxtpx:speed></gpxtpx:TrackPointExtension></extensions><geoidheight>-26.9</geoidheight><src>gps</src><sat>16</sat><hdop>0.60</hdop><vdop>0.96</vdop><pdop>1.13</pdop><dgpsid>0000</dgpsid></trkpt>
<trkpt lat="32.235020166666665" lon="-108.95894816666666"><ele>1291.0</ele><time>2025-12-11T03:05:56.000Z</time><extensions><gpxtpx:TrackPointExtension><gpxtpx:bearing>235.06</gpxtpx:bearing><gpxtpx:speed>26.54165</gpxtpx:speed></gpxtpx:TrackPointExtension></extensions><geoidheight>-26.9</geoidheight><src>gps</src><sat>15</sat><hdop>0.63</hdop><vdop>0.96</vdop><pdop>1.15</pdop><dgpsid>0000</dgpsid></trkpt>
<trkpt lat="32.2335335" lon="-108.96152533333334"><ele>1295.1</ele><time>2025-12-11T03:06:07.000Z</time><extensions><gpxtpx:TrackPointExtension><gpxtpx:bearing>236.27</gpxtpx:bearing><gpxtpx:speed>26.576653</gpxtpx:speed></gpxtpx:TrackPointExtension></extensions><geoidheight>-26.9</geoidheight><src>gps</src><sat>15</sat><hdop>0.63</hdop><vdop>0.96</vdop><pdop>1.15</pdop><dgpsid>0000</dgpsid></trkpt>
<trkpt lat="32.23206066666667" lon="-108.96408833333335"><ele>1299.4</ele><time>2025-12-11T03:06:18.000Z</time><extensions><gpxtpx:TrackPointExtension><gpxtpx:bearing>235.98</gpxtpx:bearing><gpxtpx:speed>26.08149</gpxtpx:speed></gpxtpx:TrackPointExtension></extensions><geoidheight>-26.9</geoidheight><src>gps</src><sat>15</sat><hdop>0.63</hdop><vdop>0.96</vdop><pdop>1.15</pdop><dgpsid>0000</dgpsid></trkpt>
<trkpt lat="32.230590166666666" lon="-108.96661733333333"><ele>1304.1</ele><time>2025-12-11T03:06:29.000Z</time><extensions><gpxtpx:TrackPointExtension><gpxtpx:bearing>235.65</gpxtpx:bearing><gpxtpx:speed>26.1273</gpxtpx:speed></gpxtpx:TrackPointExtension></extensions><geoidheight>-26.9</geoidheight><src>gps</src><sat>16</sat><hdop>0.63</hdop><vdop>0.99</vdop><pdop>1.17</pdop><dgpsid>0000</dgpsid></trkpt>
<trkpt lat="32.229145" lon="-108.96912300000001"><ele>1306.0</ele><time>2025-12-11T03:06:40.000Z</time><extensions><gpxtpx:TrackPointExtension><gpxtpx:bearing>235.93</gpxtpx:bearing><gpxtpx:speed>26.036194</gpxtpx:speed></gpxtpx:TrackPointExtension></extensions><geoidheight>-26.9</geoidheight><src>gps</src><sat>16</sat><hdop>0.63</hdop><vdop>0.99</vdop><pdop>1.17</pdop><dgpsid>0000</dgpsid></trkpt>
<trkpt lat="32.227774999999994" lon="-108.97173083333334"><ele>1306.9</ele><time>2025-12-11T03:06:51.000Z</time><extensions><gpxtpx:TrackPointExtension><gpxtpx:bearing>244.27</gpxtpx:bearing><gpxtpx:speed>26.389294</gpxtpx:speed></gpxtpx:TrackPointExtension></extensions><geoidheight>-26.9</geoidheight><src>gps</src><sat>15</sat><hdop>0.67</hdop><vdop>1.02</vdop><pdop>1.22</pdop><dgpsid>0000</dgpsid></trkpt>
<trkpt lat="32.2271305" lon="-108.97468150000002"><ele>1309.2</ele><time>2025-12-11T03:07:02.000Z</time><extensions><gpxtpx:TrackPointExtension><gpxtpx:bearing>264.53</gpxtpx:bearing><gpxtpx:speed>26.400618</gpxtpx:speed></gpxtpx:TrackPointExtension></extensions><geoidheight>-26.9</geoidheight><src>gps</src><sat>16</sat><hdop>0.64</hdop><vdop>0.99</vdop><pdop>1.17</pdop><dgpsid>0000</dgpsid></trkpt>
<trkpt lat="32.227146" lon="-108.97769666666666"><ele>1313.6</ele><time>2025-12-11T03:07:13.000Z</time><extensions><gpxtpx:TrackPointExtension><gpxtpx:bearing>272.54</gpxtpx:bearing><gpxtpx:speed>26.09024</gpxtpx:speed></gpxtpx:TrackPointExtension></extensions><geoidheight>-26.9</geoidheight><src>gps</src><sat>16</sat><hdop>0.70</hdop><vdop>1.17</vdop><pdop>1.37</pdop><dgpsid>0000</dgpsid></trkpt>
<trkpt lat="32.227267" lon="-108.98072916666666"><ele>1317.3</ele><time>2025-12-11T03:07:24.000Z</time><extensions><gpxtpx:TrackPointExtension><gpxtpx:bearing>272.55</gpxtpx:bearing><gpxtpx:speed>26.210686</gpxtpx:speed></gpxtpx:TrackPointExtension></extensions><geoidheight>-26.9</geoidheight><src>gps</src><sat>16</sat><hdop>0.64</hdop><vdop>1.08</vdop><pdop>1.26</pdop><dgpsid>0000</dgpsid></trkpt>
<trkpt lat="32.22738983333333" lon="-108.98379566666667"><ele>1320.3</ele><time>2025-12-11T03:07:35.000Z</time><extensions><gpxtpx:TrackPointExtension><gpxtpx:bearing>272.71</gpxtpx:bearing><gpxtpx:speed>26.103622</gpxtpx:speed></gpxtpx:TrackPointExtension></extensions><geoidheight>-26.9</geoidheight><src>gps</src><sat>15</sat><hdop>0.70</hdop><vdop>1.17</vdop><pdop>1.37</pdop><dgpsid>0000</dgpsid></trkpt>
<trkpt lat="32.22752083333333" lon="-108.98676849999998"><ele>1325.5</ele><time>2025-12-11T03:07:46.000Z</time><extensions><gpxtpx:TrackPointExtension><gpxtpx:bearing>272.88</gpxtpx:bearing><gpxtpx:speed>25.281097</gpxtpx:speed></gpxtpx:TrackPointExtension></extensions><geoidheight>-26.9</geoidheight><src>gps</src><sat>15</sat><hdop>0.69</hdop><vdop>1.09</vdop><pdop>1.29</pdop><dgpsid>0000</dgpsid></trkpt>
<trkpt lat="32.227629" lon="-108.98974366666668"><ele>1332.2</ele><time>2025-12-11T03:07:57.000Z</time><extensions><gpxtpx:TrackPointExtension><gpxtpx:bearing>272.51</gpxtpx:bearing><gpxtpx:speed>26.107225</gpxtpx:speed></gpxtpx:TrackPointExtension></extensions><geoidheight>-26.9</geoidheight><src>gps</src><sat>15</sat><hdop>0.69</hdop><vdop>1.09</vdop><pdop>1.29</pdop><dgpsid>0000</dgpsid></trkpt>
<trkpt lat="32.227621666666664" lon="-108.99271766666668"><ele>1333.9</ele><time>2025-12-11T03:08:08.000Z</time><extensions><gpxtpx:TrackPointExtension><gpxtpx:bearing>265.42</gpxtpx:bearing><gpxtpx:speed>24.971233</gpxtpx:speed></gpxtpx:TrackPointExtension></extensions><geoidheight>-26.9</geoidheight><src>gps</src><sat>16</sat><hdop>0.69</hdop><vdop>1.09</vdop><pdop>1.29</pdop><dgpsid>0000</dgpsid></trkpt>
<trkpt lat="32.22722616666667" lon="-108.99564433333335"><ele>1328.5</ele><time>2025-12-11T03:08:19.000Z</time><extensions><gpxtpx:TrackPointExtension><gpxtpx:bearing>256.51</gpxtpx:bearing><gpxtpx:speed>25.345436</gpxtpx:speed></gpxtpx:TrackPointExtension></extensions><geoidheight>-26.9</geoidheight><src>gps</src><sat>15</sat><hdop>0.69</hdop><vdop>1.09</vdop><pdop>1.29</pdop><dgpsid>0000</dgpsid></trkpt>
<trkpt lat="32.22656266666667" lon="-108.9985515"><ele>1322.9</ele><time>2025-12-11T03:08:30.000Z</time><extensions><gpxtpx:TrackPointExtension><gpxtpx:bearing>254.7</gpxtpx:bearing><gpxtpx:speed>26.486061</gpxtpx:speed></gpxtpx:TrackPointExtension></extensions><geoidheight>-26.9</geoidheight><src>gps</src><sat>16</sat><hdop>0.63</hdop><vdop>0.94</vdop><pdop>1.13</pdop><dgpsid>0000</dgpsid></trkpt>
<trkpt lat="32.22589983333333" lon="-109.00162416666666"><ele>1316.6</ele><time>2025-12-11T03:08:41.000Z</time><extensions><gpxtpx:TrackPointExtension><gpxtpx:bearing>258.17</gpxtpx:bearing><gpxtpx:speed>27.298807</gpxtpx:speed></gpxtpx:TrackPointExtension></extensions><geoidheight>-26.9</geoidheight><src>gps</src><sat>15</sat><hdop>0.69</hdop><vdop>1.09</vdop><pdop>1.29</pdop><dgpsid>0000</dgpsid></trkpt>
<trkpt lat="32.225355" lon="-109.00471633333333"><ele>1309.5</ele><time>2025-12-11T03:08:52.000Z</time><extensions><gpxtpx:TrackPointExtension><gpxtpx:bearing>258.46</gpxtpx:bearing><gpxtpx:speed>27.103727</gpxtpx:speed></gpxtpx:TrackPointExtension></extensions><geoidheight>-26.9</geoidheight><src>gps</src><sat>15</sat><hdop>0.69</hdop><vdop>1.09</vdop><pdop>1.29</pdop><dgpsid>0000</dgpsid></trkpt>
<trkpt lat="32.22480766666667" lon="-109.0078735"><ele>1302.0</ele><time>2025-12-11T03:09:03.000Z</time><extensions><gpxtpx:TrackPointExtension><gpxtpx:bearing>258.08</gpxtpx:bearing><gpxtpx:speed>27.90618</gpxtpx:speed></gpxtpx:TrackPointExtension></extensions><geoidheight>-26.9</geoidheight><src>gps</src><sat>15</sat><hdop>0.69</hdop><vdop>1.09</vdop><pdop>1.29</pdop><dgpsid>0000</dgpsid></trkpt>
<trkpt lat="32.22434783333333" lon="-109.01107283333334"><ele>1296.3</ele><time>2025-12-11T03:09:14.000Z</time><extensions><gpxtpx:TrackPointExtension><gpxtpx:bearing>262.29</gpxtpx:bearing><gpxtpx:speed>27.824854</gpxtpx:speed></gpxtpx:TrackPointExtension></extensions><geoidheight>-26.9</geoidheight><src>gps</src><sat>16</sat><hdop>0.69</hdop><vdop>1.09</vdop><pdop>1.29</pdop><dgpsid>0000</dgpsid></trkpt>
<trkpt lat="32.22399816666667" lon="-109.01429716666668"><ele>1290.9</ele><time>2025-12-11T03:09:25.000Z</time><extensions><gpxtpx:TrackPointExtension><gpxtpx:bearing>262.41</gpxtpx:bearing><gpxtpx:speed>27.99008</gpxtpx:speed></gpxtpx:TrackPointExtension></extensions><geoidheight>-26.9</geoidheight><src>gps</src><sat>16</sat><hdop>0.69</hdop><vdop>1.09</vdop><pdop>1.29</pdop><dgpsid>0000</dgpsid></trkpt>
<trkpt lat="32.2236405" lon="-109.01759183333334"><ele>1285.2</ele><time>2025-12-11T03:09:36.000Z</time><extensions><gpxtpx:TrackPointExtension><gpxtpx:bearing>262.59</gpxtpx:bearing><gpxtpx:speed>28.69628</gpxtpx:speed></gpxtpx:TrackPointExtension></extensions><geoidheight>-26.9</geoidheight><src>gps</src><sat>16</sat><hdop>0.69</hdop><vdop>1.09</vdop><pdop>1.29</pdop><dgpsid>0000</dgpsid></trkpt>
<trkpt lat="32.223286333333334" lon="-109.02087533333334"><ele>1281.7</ele><time>2025-12-11T03:09:47.000Z</time><extensions><gpxtpx:TrackPointExtension><gpxtpx:bearing>262.84</gpxtpx:bearing><gpxtpx:speed>27.913385</gpxtpx:speed></gpxtpx:TrackPointExtension></extensions><geoidheight>-27.0</geoidheight><src>gps</src><sat>17</sat><hdop>0.63</hdop><vdop>1.01</vdop><pdop>1.19</pdop><dgpsid>0000</dgpsid></trkpt>
<trkpt lat="32.222950833333336" lon="-109.02402699999999"><ele>1279.5</ele><time>2025-12-11T03:09:58.000Z</time><extensions><gpxtpx:TrackPointExtension><gpxtpx:bearing>262.73</gpxtpx:bearing><gpxtpx:speed>26.77688</gpxtpx:speed></gpxtpx:TrackPointExtension></extensions><geoidheight>-27.0</geoidheight><src>gps</src><sat>17</sat><hdop>0.63</hdop><vdop>1.01</vdop><pdop>1.19</pdop><dgpsid>0000</dgpsid></trkpt>
<trkpt lat="32.22264766666667" lon="-109.02713333333334"><ele>1275.7</ele><time>2025-12-11T03:10:09.000Z</time><extensions><gpxtpx:TrackPointExtension><gpxtpx:bearing>266.06</gpxtpx:bearing><gpxtpx:speed>26.692465</gpxtpx:speed></gpxtpx:TrackPointExtension></extensions><geoidheight>-27.0</geoidheight><src>gps</src><sat>16</sat><hdop>0.63</hdop><vdop>0.95</vdop><pdop>1.14</pdop><dgpsid>0000</dgpsid></trkpt>
<trkpt lat="32.222703833333334" lon="-109.03029433333334"><ele>1269.5</ele><time>2025-12-11T03:10:20.000Z</time><extensions><gpxtpx:TrackPointExtension><gpxtpx:bearing>276.37</gpxtpx:bearing><gpxtpx:speed>27.722424</gpxtpx:speed></gpxtpx:TrackPointExtension></extensions><geoidheight>-27.0</geoidheight><src>gps</src><sat>16</sat><hdop>0.63</hdop><vdop>1.01</vdop><pdop>1.19</pdop><dgpsid>0000</dgpsid></trkpt>
<trkpt lat="32.223218833333334" lon="-109.03339766666667"><ele>1264.1</ele><time>2025-12-11T03:10:31.000Z</time><extensions><gpxtpx:TrackPointExtension><gpxtpx:bearing>285.85</gpxtpx:bearing><gpxtpx:speed>26.32032</gpxtpx:speed></gpxtpx:TrackPointExtension></extensions><geoidheight>-27.0</geoidheight><src>gps</src><sat>16</sat><hdop>0.63</hdop><vdop>1.01</vdop><pdop>1.19</pdop><dgpsid>0000</dgpsid></trkpt>
<trkpt lat="32.22403883333333" lon="-109.036262"><ele>1259.7</ele><time>2025-12-11T03:10:42.000Z</time><extensions><gpxtpx:TrackPointExtension><gpxtpx:bearing>288.95</gpxtpx:bearing><gpxtpx:speed>25.968765</gpxtpx:speed></gpxtpx:TrackPointExtension></extensions><geoidheight>-27.0</geoidheight><src>gps</src><sat>16</sat><hdop>0.63</hdop><vdop>1.01</vdop><pdop>1.19</pdop><dgpsid>0000</dgpsid></trkpt>
<trkpt lat="32.22489066666667" lon="-109.03918816666668"><ele>1254.6</ele><time>2025-12-11T03:10:53.000Z</time><extensions><gpxtpx:TrackPointExtension><gpxtpx:bearing>288.69</gpxtpx:bearing><gpxtpx:speed>27.03424</gpxtpx:speed></gpxtpx:TrackPointExtension></extensions><geoidheight>-27.0</geoidheight><src>gps</src><sat>16</sat><hdop>0.63</hdop><vdop>1.01</vdop><pdop>1.19</pdop><dgpsid>0000</dgpsid></trkpt>
<trkpt lat="32.22576083333333" lon="-109.04214383333334"><ele>1249.5</ele><time>2025-12-11T03:11:04.000Z</time><extensions><gpxtpx:TrackPointExtension><gpxtpx:bearing>289.04</gpxtpx:bearing><gpxtpx:speed>26.487606</gpxtpx:speed></gpxtpx:TrackPointExtension></extensions><geoidheight>-27.0</geoidheight><src>gps</src><sat>16</sat><hdop>0.63</hdop><vdop>1.01</vdop><pdop>1.19</pdop><dgpsid>0000</dgpsid></trkpt>
<trkpt lat="32.22664266666666" lon="-109.04512066666666"><ele>1247.3</ele><time>2025-12-11T03:11:15.000Z</time><extensions><gpxtpx:TrackPointExtension><gpxtpx:bearing>289.22</gpxtpx:bearing><gpxtpx:speed>27.225718</gpxtpx:speed></gpxtpx:TrackPointExtension></extensions><geoidheight>-27.0</geoidheight><src>gps</src><sat>16</sat><hdop>0.63</hdop><vdop>1.01</vdop><pdop>1.19</pdop><dgpsid>0000</dgpsid></trkpt>
<trkpt lat="32.22753133333333" lon="-109.048103"><ele>1245.4</ele><time>2025-12-11T03:11:26.000Z</time><extensions><gpxtpx:TrackPointExtension><gpxtpx:bearing>289.34</gpxtpx:bearing><gpxtpx:speed>27.215937</gpxtpx:speed></gpxtpx:TrackPointExtension></extensions><geoidheight>-27.0</geoidheight><src>gps</src><sat>16</sat><hdop>0.65</hdop><vdop>1.05</vdop><pdop>1.23</pdop><dgpsid>0000</dgpsid></trkpt>
<trkpt lat="32.228412000000006" lon="-109.05106499999998"><ele>1244.9</ele><time>2025-12-11T03:11:37.000Z</time><extensions><gpxtpx:TrackPointExtension><gpxtpx:bearing>291.25</gpxtpx:bearing><gpxtpx:speed>25.750523</gpxtpx:speed></gpxtpx:TrackPointExtension></extensions><geoidheight>-27.0</geoidheight><src>gps</src><sat>16</sat><hdop>0.67</hdop><vdop>1.05</vdop><pdop>1.25</pdop><dgpsid>0000</dgpsid></trkpt>
<trkpt lat="32.229294833333334" lon="-109.05347833333332"><ele>1242.0</ele><time>2025-12-11T03:11:48.000Z</time><extensions><gpxtpx:TrackPointExtension><gpxtpx:bearing>295.32</gpxtpx:bearing><gpxtpx:speed>19.31598</gpxtpx:speed></gpxtpx:TrackPointExtension></extensions><geoidheight>-27.0</geoidheight><src>gps</src><sat>16</sat><hdop>0.68</hdop><vdop>1.08</vdop><pdop>1.28</pdop><dgpsid>0000</dgpsid></trkpt>
<trkpt lat="32.22987033333333" lon="-109.05494249999998"><ele>1236.7</ele><time>2025-12-11T03:11:59.000Z</time><extensions><gpxtpx:TrackPointExtension><gpxtpx:bearing>293.32</gpxtpx:bearing><gpxtpx:speed>6.074752</gpxtpx:speed></gpxtpx:TrackPointExtension></extensions><geoidheight>-27.0</geoidheight><src>gps</src><sat>16</sat><hdop>0.63</hdop><vdop>1.01</vdop><pdop>1.19</pdop><dgpsid>0000</dgpsid></trkpt>
<trkpt lat="32.2297935" lon="-109.055243"><ele>1232.5</ele><time>2025-12-11T03:12:10.000Z</time><extensions><gpxtpx:TrackPointExtension><gpxtpx:bearing>202.05</gpxtpx:bearing><gpxtpx:speed>3.8696816</gpxtpx:speed></gpxtpx:TrackPointExtension></extensions><geoidheight>-27.0</geoidheight><src>gps</src><sat>17</sat><hdop>0.60</hdop><vdop>0.92</vdop><pdop>1.10</pdop><dgpsid>0000</dgpsid></trkpt>
<trkpt lat="32.229099166666664" lon="-109.05555066666666"><ele>1231.1</ele><time>2025-12-11T03:12:21.000Z</time><extensions><gpxtpx:TrackPointExtension><gpxtpx:bearing>199.31</gpxtpx:bearing><gpxtpx:speed>9.030287</gpxtpx:speed></gpxtpx:TrackPointExtension></extensions><geoidheight>-27.0</geoidheight><src>gps</src><sat>17</sat><hdop>0.64</hdop><vdop>0.95</vdop><pdop>1.15</pdop><dgpsid>0000</dgpsid></trkpt>
<trkpt lat="32.228215500000005" lon="-109.05599883333335"><ele>1231.7</ele><time>2025-12-11T03:12:32.000Z</time><extensions><gpxtpx:TrackPointExtension><gpxtpx:bearing>214.0</gpxtpx:bearing><gpxtpx:speed>10.028333</gpxtpx:speed></gpxtpx:TrackPointExtension></extensions><geoidheight>-27.0</geoidheight><src>gps</src><sat>17</sat><hdop>0.60</hdop><vdop>0.92</vdop><pdop>1.10</pdop><dgpsid>0000</dgpsid></trkpt>
<trkpt lat="32.22782216666667" lon="-109.05638400000001"><ele>1231.3</ele><time>2025-12-11T03:12:43.000Z</time><extensions><gpxtpx:TrackPointExtension><gpxtpx:bearing>224.38</gpxtpx:bearing><gpxtpx:speed>3.5479803</gpxtpx:speed></gpxtpx:TrackPointExtension></extensions><geoidheight>-27.0</geoidheight><src>gps</src><sat>17</sat><hdop>0.60</hdop><vdop>0.92</vdop><pdop>1.10</pdop><dgpsid>0000</dgpsid></trkpt>
<trkpt lat="32.22738116666667" lon="-109.05686983333332"><ele>1231.0</ele><time>2025-12-11T03:12:54.000Z</time><extensions><gpxtpx:TrackPointExtension><gpxtpx:bearing>222.77</gpxtpx:bearing><gpxtpx:speed>7.7023034</gpxtpx:speed></gpxtpx:TrackPointExtension></extensions><geoidheight>-27.0</geoidheight><src>gps</src><sat>17</sat><hdop>0.60</hdop><vdop>0.92</vdop><pdop>1.10</pdop><dgpsid>0000</dgpsid></trkpt>
<trkpt lat="32.226761333333336" lon="-109.05753866666667"><ele>1229.7</ele><time>2025-12-11T03:13:05.000Z</time><extensions><gpxtpx:TrackPointExtension><gpxtpx:bearing>221.4</gpxtpx:bearing><gpxtpx:speed>9.471404</gpxtpx:speed></gpxtpx:TrackPointExtension></extensions><geoidheight>-27.0</geoidheight><src>gps</src><sat>17</sat><hdop>0.60</hdop><vdop>0.92</vdop><pdop>1.10</pdop><dgpsid>0000</dgpsid></trkpt>
<trkpt lat="32.226101666666665" lon="-109.05831083333332"><ele>1228.0</ele><time>2025-12-11T03:13:16.000Z</time><extensions><gpxtpx:TrackPointExtension><gpxtpx:bearing>229.26</gpxtpx:bearing><gpxtpx:speed>9.914579</gpxtpx:speed></gpxtpx:TrackPointExtension></extensions><geoidheight>-27.0</geoidheight><src>gps</src><sat>17</sat><hdop>0.60</hdop><vdop>0.92</vdop><pdop>1.10</pdop><dgpsid>0000</dgpsid></trkpt>
<trkpt lat="32.22546216666667" lon="-109.05928666666665"><ele>1225.8</ele><time>2025-12-11T03:13:27.000Z</time><extensions><gpxtpx:TrackPointExtension><gpxtpx:bearing>232.27</gpxtpx:bearing><gpxtpx:speed>10.480259</gpxtpx:speed></gpxtpx:TrackPointExtension></extensions><geoidheight>-27.0</geoidheight><src>gps</src><sat>17</sat><hdop>0.63</hdop><vdop>0.93</vdop><pdop>1.12</pdop><dgpsid>0000</dgpsid></trkpt>
<trkpt lat="32.22488333333333" lon="-109.06019666666667"><ele>1224.4</ele><time>2025-12-11T03:13:38.000Z</time><extensions><gpxtpx:TrackPointExtension><gpxtpx:bearing>231.17</gpxtpx:bearing><gpxtpx:speed>9.8960495</gpxtpx:speed></gpxtpx:TrackPointExtension></extensions><geoidheight>-27.0</geoidheight><src>gps</src><sat>17</sat><hdop>0.60</hdop><vdop>0.92</vdop><pdop>1.10</pdop><dgpsid>0000</dgpsid></trkpt>
<trkpt lat="32.224159" lon="-109.06104983333334"><ele>1221.0</ele><time>2025-12-11T03:13:49.000Z</time><extensions><gpxtpx:TrackPointExtension><gpxtpx:bearing>221.77</gpxtpx:bearing><gpxtpx:speed>10.657324</gpxtpx:speed></gpxtpx:TrackPointExtension></extensions><geoidheight>-27.0</geoidheight><src>gps</src><sat>16</sat><hdop>0.69</hdop><vdop>0.96</vdop><pdop>1.19</pdop><dgpsid>0000</dgpsid></trkpt>
<trkpt lat="32.223341166666664" lon="-109.06189733333333"><ele>1218.0</ele><time>2025-12-11T03:14:00.000Z</time><extensions><gpxtpx:TrackPointExtension><gpxtpx:bearing>221.47</gpxtpx:bearing><gpxtpx:speed>11.003732</gpxtpx:speed></gpxtpx:TrackPointExtension></extensions><geoidheight>-27.0</geoidheight><src>gps</src><sat>15</sat><hdop>0.80</hdop><vdop>1.05</vdop><pdop>1.32</pdop><dgpsid>0000</dgpsid></trkpt>
<trkpt lat="32.22240566666667" lon="-109.06288633333334"><ele>1215.5</ele><time>2025-12-11T03:14:11.000Z</time><extensions><gpxtpx:TrackPointExtension><gpxtpx:bearing>221.09</gpxtpx:bearing><gpxtpx:speed>12.632313</gpxtpx:speed></gpxtpx:TrackPointExtension></extensions><geoidheight>-27.0</geoidheight><src>gps</src><sat>15</sat><hdop>0.69</hdop><vdop>0.97</vdop><pdop>1.19</pdop><dgpsid>0000</dgpsid></trkpt>
<trkpt lat="32.221448499999994" lon="-109.06387366666668"><ele>1214.5</ele><time>2025-12-11T03:14:22.000Z</time><extensions><gpxtpx:TrackPointExtension><gpxtpx:bearing>221.16</gpxtpx:bearing><gpxtpx:speed>13.0065155</gpxtpx:speed></gpxtpx:TrackPointExtension></extensions><geoidheight>-27.0</geoidheight><src>gps</src><sat>15</sat><hdop>0.80</hdop><vdop>1.05</vdop><pdop>1.32</pdop><dgpsid>0000</dgpsid></trkpt>
<trkpt lat="32.220585" lon="-109.06476900000001"><ele>1212.4</ele><time>2025-12-11T03:14:33.000Z</time><extensions><gpxtpx:TrackPointExtension><gpxtpx:bearing>220.11</gpxtpx:bearing><gpxtpx:speed>6.9312496</gpxtpx:speed></gpxtpx:TrackPointExtension></extensions><geoidheight>-27.0</geoidheight><src>gps</src><sat>15</sat><hdop>0.69</hdop><vdop>0.97</vdop><pdop>1.19</pdop><dgpsid>0000</dgpsid></trkpt>
<trkpt lat="32.220385" lon="-109.064953"><ele>1211.5</ele><time>2025-12-11T03:14:44.000Z</time><extensions><gpxtpx:TrackPointExtension><gpxtpx:speed>0.047354445</gpxtpx:speed></gpxtpx:TrackPointExtension></extensions><geoidheight>-27.0</geoidheight><src>gps</src><sat>15</sat><hdop>0.69</hdop><vdop>0.97</vdop><pdop>1.19</pdop><dgpsid>0000</dgpsid></trkpt>
<trkpt lat="32.2203185" lon="-109.06495283333334"><ele>1210.7</ele><time>2025-12-11T03:15:06.000Z</time><extensions><gpxtpx:TrackPointExtension><gpxtpx:bearing>203.36</gpxtpx:bearing><gpxtpx:speed>1.3135711</gpxtpx:speed></gpxtpx:TrackPointExtension></extensions><geoidheight>-27.0</geoidheight><src>gps</src><sat>15</sat><hdop>0.69</hdop><vdop>0.97</vdop><pdop>1.19</pdop><dgpsid>0000</dgpsid></trkpt>
<trkpt lat="32.220301666666664" lon="-109.06502566666668"><ele>1210.1</ele><time>2025-12-11T03:15:17.000Z</time><extensions><gpxtpx:TrackPointExtension><gpxtpx:bearing>279.97</gpxtpx:bearing><gpxtpx:speed>0.35258472</gpxtpx:speed></gpxtpx:TrackPointExtension></extensions><geoidheight>-27.0</geoidheight><src>gps</src><sat>16</sat><hdop>0.64</hdop><vdop>0.96</vdop><pdop>1.15</pdop><dgpsid>0000</dgpsid></trkpt>
<trkpt lat="32.220329500000005" lon="-109.06496516666667"><ele>1212.2</ele><time>2025-12-11T03:18:35.000Z</time><extensions><gpxtpx:TrackPointExtension><gpxtpx:bearing>51.57</gpxtpx:bearing><gpxtpx:speed>0.96510416</gpxtpx:speed></gpxtpx:TrackPointExtension></extensions><geoidheight>-27.0</geoidheight><src>gps</src><sat>17</sat><hdop>0.61</hdop><vdop>0.93</vdop><pdop>1.11</pdop><dgpsid>0000</dgpsid></trkpt>
<trkpt lat="32.22045083333333" lon="-109.06487783333333"><ele>1212.1</ele><time>2025-12-11T03:18:46.000Z</time><extensions><gpxtpx:TrackPointExtension><gpxtpx:bearing>37.88</gpxtpx:bearing><gpxtpx:speed>0.7298761</gpxtpx:speed></gpxtpx:TrackPointExtension></extensions><geoidheight>-27.0</geoidheight><src>gps</src><sat>16</sat><hdop>0.64</hdop><vdop>0.93</vdop><pdop>1.12</pdop><dgpsid>0000</dgpsid></trkpt>
<trkpt lat="32.22035466666667" lon="-109.06482583333333"><ele>1211.7</ele><time>2025-12-11T03:18:57.000Z</time><extensions><gpxtpx:TrackPointExtension><gpxtpx:bearing>135.91</gpxtpx:bearing><gpxtpx:speed>1.9523414</gpxtpx:speed></gpxtpx:TrackPointExtension></extensions><geoidheight>-27.0</geoidheight><src>gps</src><sat>16</sat><hdop>0.64</hdop><vdop>0.93</vdop><pdop>1.12</pdop><dgpsid>0000</dgpsid></trkpt>
<trkpt lat="32.22025716666667" lon="-109.064504"><ele>1211.9</ele><time>2025-12-11T03:19:08.000Z</time><extensions><gpxtpx:TrackPointExtension><gpxtpx:bearing>104.07</gpxtpx:bearing><gpxtpx:speed>3.3827543</gpxtpx:speed></gpxtpx:TrackPointExtension></extensions><geoidheight>-27.0</geoidheight><src>gps</src><sat>17</sat><hdop>0.62</hdop><vdop>0.93</vdop><pdop>1.12</pdop><dgpsid>0000</dgpsid></trkpt>
<trkpt lat="32.22017066666667" lon="-109.06412533333332"><ele>1211.2</ele><time>2025-12-11T03:19:19.000Z</time><extensions><gpxtpx:TrackPointExtension><gpxtpx:bearing>104.33</gpxtpx:bearing><gpxtpx:speed>2.9421523</gpxtpx:speed></gpxtpx:TrackPointExtension></extensions><geoidheight>-27.0</geoidheight><src>gps</src><sat>17</sat><hdop>0.64</hdop><vdop>0.98</vdop><pdop>1.17</pdop><dgpsid>0000</dgpsid></trkpt>
<trkpt lat="32.22022066666667" lon="-109.063929"><ele>1210.9</ele><time>2025-12-11T03:19:30.000Z</time><extensions><gpxtpx:TrackPointExtension><gpxtpx:bearing>18.55</gpxtpx:bearing><gpxtpx:speed>2.2642632</gpxtpx:speed></gpxtpx:TrackPointExtension></extensions><geoidheight>-27.0</geoidheight><src>gps</src><sat>17</sat><hdop>0.63</hdop><vdop>0.94</vdop><pdop>1.13</pdop><dgpsid>0000</dgpsid></trkpt>
<trkpt lat="32.220314" lon="-109.06388383333334"><ele>1213.4</ele><time>2025-12-11T03:19:41.000Z</time><extensions><gpxtpx:TrackPointExtension><gpxtpx:speed>0.157505</gpxtpx:speed></gpxtpx:TrackPointExtension></extensions><geoidheight>-27.0</geoidheight><src>gps</src><sat>17</sat><hdop>0.63</hdop><vdop>0.94</vdop><pdop>1.13</pdop><dgpsid>0000</dgpsid></trkpt>
<trkpt lat="32.2204055" lon="-109.06388116666668"><ele>1215.8</ele><time>2025-12-11T03:20:36.000Z</time><extensions><gpxtpx:TrackPointExtension><gpxtpx:speed>0.15235777</gpxtpx:speed></gpxtpx:TrackPointExtension></extensions><geoidheight>-27.0</geoidheight><src>gps</src><sat>17</sat><hdop>0.62</hdop><vdop>0.93</vdop><pdop>1.12</pdop><dgpsid>0000</dgpsid></trkpt>
<trkpt lat="32.22036833333333" lon="-109.06391916666668"><ele>1214.7</ele><time>2025-12-11T03:22:26.000Z</time><extensions><gpxtpx:TrackPointExtension><gpxtpx:bearing>195.31</gpxtpx:bearing><gpxtpx:speed>0.3474375</gpxtpx:speed></gpxtpx:TrackPointExtension></extensions><geoidheight>-27.0</geoidheight><src>gps</src><sat>17</sat><hdop>0.64</hdop><vdop>0.93</vdop><pdop>1.13</pdop><dgpsid>0000</dgpsid></trkpt>
<trkpt lat="32.220322333333336" lon="-109.06389750000001"><ele>1214.6</ele><time>2025-12-11T03:23:43.000Z</time><extensions><gpxtpx:TrackPointExtension><gpxtpx:bearing>208.41</gpxtpx:bearing><gpxtpx:speed>0.5785478</gpxtpx:speed></gpxtpx:TrackPointExtension></extensions><geoidheight>-27.0</geoidheight><src>gps</src><sat>16</sat><hdop>0.66</hdop><vdop>1.03</vdop><pdop>1.22</pdop><dgpsid>0000</dgpsid></trkpt>
<trkpt lat="32.220366166666665" lon="-109.0638405"><ele>1214.8</ele><time>2025-12-11T03:24:05.000Z</time><extensions><gpxtpx:TrackPointExtension><gpxtpx:bearing>71.45</gpxtpx:bearing><gpxtpx:speed>0.9095142</gpxtpx:speed></gpxtpx:TrackPointExtension></extensions><geoidheight>-27.0</geoidheight><src>gps</src><sat>16</sat><hdop>0.72</hdop><vdop>1.03</vdop><pdop>1.25</pdop><dgpsid>0000</dgpsid></trkpt>
<trkpt lat="32.22031716666667" lon="-109.06388083333334"><ele>1215.8</ele><time>2025-12-11T03:24:27.000Z</time><extensions><gpxtpx:TrackPointExtension><gpxtpx:speed>0.022133056</gpxtpx:speed></gpxtpx:TrackPointExtension></extensions><geoidheight>-27.0</geoidheight><src>gps</src><sat>18</sat><hdop>0.62</hdop><vdop>0.91</vdop><pdop>1.10</pdop><dgpsid>0000</dgpsid></trkpt>
<trkpt lat="32.220282833333336" lon="-109.06393566666665"><ele>1212.0</ele><time>2025-12-11T03:27:01.000Z</time><extensions><gpxtpx:TrackPointExtension><gpxtpx:bearing>283.04</gpxtpx:bearing><gpxtpx:speed>0.4982511</gpxtpx:speed></gpxtpx:TrackPointExtension></extensions><geoidheight>-27.0</geoidheight><src>gps</src><sat>16</sat><hdop>0.65</hdop><vdop>0.95</vdop><pdop>1.15</pdop><dgpsid>0000</dgpsid></trkpt>
<trkpt lat="32.22021683333333" lon="-109.06391666666666"><ele>1213.4</ele><time>2025-12-11T03:27:45.000Z</time><extensions><gpxtpx:TrackPointExtension><gpxtpx:speed>0.05764889</gpxtpx:speed></gpxtpx:TrackPointExtension></extensions><geoidheight>-27.0</geoidheight><src>gps</src><sat>18</sat><hdop>0.62</hdop><vdop>0.91</vdop><pdop>1.10</pdop><dgpsid>0000</dgpsid></trkpt>
<trkpt lat="32.22029633333333" lon="-109.06393150000001"><ele>1212.7</ele><time>2025-12-11T03:28:07.000Z</time><extensions><gpxtpx:TrackPointExtension><gpxtpx:bearing>17.94</gpxtpx:bearing><gpxtpx:speed>0.5028836</gpxtpx:speed></gpxtpx:TrackPointExtension></extensions><geoidheight>-27.0</geoidheight><src>gps</src><sat>17</sat><hdop>0.63</hdop><vdop>0.91</vdop><pdop>1.10</pdop><dgpsid>0000</dgpsid></trkpt>
</trkseg></trk></gpx>