<?xml version="1.0" encoding="UTF-8" ?><gpx version="1.1" creator="GPSLogger 135 - http://gpslogger.mendhak.com/" xmlns:xsi="http://www.w3.org/2001/XMLSchema-instance" xmlns="http://www.topografix.com/GPX/1/1" xmlns:gpxtpx="http://www.garmin.com/xmlschemas/TrackPointExtension/v2" xsi:schemaLocation="http://www.topografix.com/GPX/1/1 http://www.topografix.com/GPX/1/1/gpx.xsd http://www.garmin.com/xmlschemas/TrackPointExtension/v2 https://www8.garmin.com/xmlschemas/TrackPointExtensionv2.xsd "><metadata><time>2025-12-11T22:28:56.000Z</time></metadata><trk><name>20251211</name><trkseg><trkpt lat="32.22022833333333" lon="-109.06416666666668"><ele>1224.3</ele><time>2025-12-11T22:28:56.000Z</time><extensions><gpxtpx:TrackPointExtension><gpxtpx:speed>0.4534703</gpxtpx:speed></gpxtpx:TrackPointExtension></extensions><geoidheight>-27.0</geoidheight><src>gps</src><sat>6</sat><hdop>2.86</hdop><vdop>2.70</vdop><pdop>3.93</pdop></trkpt>
<trkpt lat="32.22026316666667" lon="-109.06429083333333"><ele>1219.2</ele><time>2025-12-11T22:29:07.000Z</time><extensions><gpxtpx:TrackPointExtension><gpxtpx:bearing>283.05</gpxtpx:bearing><gpxtpx:speed>1.6332136</gpxtpx:speed></gpxtpx:TrackPointExtension></extensions><geoidheight>-27.0</geoidheight><src>gps</src><sat>9</sat><hdop>1.65</hdop><vdop>2.19</vdop><pdop>2.74</pdop></trkpt>
<trkpt lat="32.2203015" lon="-109.06442516666667"><ele>1217.3</ele><time>2025-12-11T22:29:18.000Z</time><extensions><gpxtpx:TrackPointExtension><gpxtpx:bearing>287.81</gpxtpx:bearing><gpxtpx:speed>0.9697367</gpxtpx:speed></gpxtpx:TrackPointExtension></extensions><geoidheight>-27.0</geoidheight><src>gps</src><sat>9</sat><hdop>1.33</hdop><vdop>1.46</vdop><pdop>1.97</pdop></trkpt>
<trkpt lat="32.220341833333336" lon="-109.06462766666667"><ele>1215.2</ele><time>2025-12-11T22:29:29.000Z</time><extensions><gpxtpx:TrackPointExtension><gpxtpx:bearing>283.21</gpxtpx:bearing><gpxtpx:speed>1.4937239</gpxtpx:speed></gpxtpx:TrackPointExtension></extensions><geoidheight>-27.0</geoidheight><src>gps</src><sat>11</sat><hdop>0.92</hdop><vdop>1.19</vdop><pdop>1.50</pdop></trkpt>
<trkpt lat="32.220374666666665" lon="-109.064773"><ele>1213.9</ele><time>2025-12-11T22:29:40.000Z</time><extensions><gpxtpx:TrackPointExtension><gpxtpx:bearing>288.95</gpxtpx:bearing><gpxtpx:speed>1.3130563</gpxtpx:speed></gpxtpx:TrackPointExtension></extensions><geoidheight>-27.0</geoidheight><src>gps</src><sat>11</sat><hdop>0.90</hdop><vdop>1.13</vdop><pdop>1.44</pdop></trkpt>
<trkpt lat="32.220451000000004" lon="-109.064849"><ele>1214.3</ele><time>2025-12-11T22:29:51.000Z</time><extensions><gpxtpx:TrackPointExtension><gpxtpx:bearing>345.38</gpxtpx:bearing><gpxtpx:speed>1.0824609</gpxtpx:speed></gpxtpx:TrackPointExtension></extensions><geoidheight>-27.0</geoidheight><src>gps</src><sat>12</sat><hdop>0.90</hdop><vdop>1.13</vdop><pdop>1.44</pdop></trkpt>
<trkpt lat="32.220541000000004" lon="-109.06476483333333"><ele>1214.8</ele><time>2025-12-11T22:30:02.000Z</time><extensions><gpxtpx:TrackPointExtension><gpxtpx:bearing>57.02</gpxtpx:bearing><gpxtpx:speed>1.9142519</gpxtpx:speed></gpxtpx:TrackPointExtension></extensions><geoidheight>-27.0</geoidheight><src>gps</src><sat>12</sat><hdop>0.92</hdop><vdop>1.17</vdop><pdop>1.49</pdop></trkpt>
<trkpt lat="32.220659999999995" lon="-109.06459250000002"><ele>1215.8</ele><time>2025-12-11T22:30:13.000Z</time><extensions><gpxtpx:TrackPointExtension><gpxtpx:bearing>41.55</gpxtpx:bearing><gpxtpx:speed>1.7191722</gpxtpx:speed></gpxtpx:TrackPointExtension></extensions><geoidheight>-27.0</geoidheight><src>gps</src><sat>15</sat><hdop>0.72</hdop><vdop>0.97</vdop><pdop>1.20</pdop></trkpt>
<trkpt lat="32.2207645" lon="-109.06447616666668"><ele>1216.5</ele><time>2025-12-11T22:33:20.000Z</time><extensions><gpxtpx:TrackPointExtension><gpxtpx:bearing>39.41</gpxtpx:bearing><gpxtpx:speed>2.676041</gpxtpx:speed></gpxtpx:TrackPointExtension></extensions><geoidheight>-27.0</geoidheight><src>gps</src><sat>19</sat><hdop>0.62</hdop><vdop>0.80</vdop><pdop>1.01</pdop></trkpt>
<trkpt lat="32.2209955" lon="-109.06425183333334"><ele>1217.2</ele><time>2025-12-11T22:33:31.000Z</time><extensions><gpxtpx:TrackPointExtension><gpxtpx:bearing>41.89</gpxtpx:bearing><gpxtpx:speed>3.3045166</gpxtpx:speed></gpxtpx:TrackPointExtension></extensions><geoidheight>-27.0</geoidheight><src>gps</src><sat>19</sat><hdop>0.59</hdop><vdop>0.78</vdop><pdop>0.98</pdop></trkpt>
<trkpt lat="32.2212525" lon="-109.06398283333334"><ele>1217.7</ele><time>2025-12-11T22:33:42.000Z</time><extensions><gpxtpx:TrackPointExtension><gpxtpx:bearing>41.94</gpxtpx:bearing><gpxtpx:speed>2.7100124</gpxtpx:speed></gpxtpx:TrackPointExtension></extensions><geoidheight>-27.0</geoidheight><src>gps</src><sat>19</sat><hdop>0.59</hdop><vdop>0.78</vdop><pdop>0.98</pdop></trkpt>
<trkpt lat="32.221430166666664" lon="-109.06379533333332"><ele>1218.3</ele><time>2025-12-11T22:33:53.000Z</time><extensions><gpxtpx:TrackPointExtension><gpxtpx:bearing>42.56</gpxtpx:bearing><gpxtpx:speed>2.7408957</gpxtpx:speed></gpxtpx:TrackPointExtension></extensions><geoidheight>-27.0</geoidheight><src>gps</src><sat>19</sat><hdop>0.62</hdop><vdop>0.81</vdop><pdop>1.02</pdop></trkpt>
<trkpt lat="32.22168016666667" lon="-109.06354600000002"><ele>1218.9</ele><time>2025-12-11T22:34:04.000Z</time><extensions><gpxtpx:TrackPointExtension><gpxtpx:bearing>40.04</gpxtpx:bearing><gpxtpx:speed>3.8460045</gpxtpx:speed></gpxtpx:TrackPointExtension></extensions><geoidheight>-27.0</geoidheight><src>gps</src><sat>19</sat><hdop>0.59</hdop><vdop>0.78</vdop><pdop>0.98</pdop></trkpt>
<trkpt lat="32.221989666666666" lon="-109.06323283333334"><ele>1220.0</ele><time>2025-12-11T22:34:15.000Z</time><extensions><gpxtpx:TrackPointExtension><gpxtpx:bearing>40.39</gpxtpx:bearing><gpxtpx:speed>4.2557235</gpxtpx:speed></gpxtpx:TrackPointExtension></extensions><geoidheight>-27.0</geoidheight><src>gps</src><sat>19</sat><hdop>0.59</hdop><vdop>0.78</vdop><pdop>0.98</pdop></trkpt>
<trkpt lat="32.222336000000006" lon="-109.06287383333334"><ele>1220.5</ele><time>2025-12-11T22:34:26.000Z</time><extensions><gpxtpx:TrackPointExtension><gpxtpx:bearing>42.85</gpxtpx:bearing><gpxtpx:speed>6.2291684</gpxtpx:speed></gpxtpx:TrackPointExtension></extensions><geoidheight>-27.0</geoidheight><src>gps</src><sat>19</sat><hdop>0.59</hdop><vdop>0.78</vdop><pdop>0.98</pdop></trkpt>
<trkpt lat="32.222986500000005" lon="-109.06219016666667"><ele>1222.0</ele><time>2025-12-11T22:34:37.000Z</time><extensions><gpxtpx:TrackPointExtension><gpxtpx:bearing>40.93</gpxtpx:bearing><gpxtpx:speed>10.33974</gpxtpx:speed></gpxtpx:TrackPointExtension></extensions><geoidheight>-27.0</geoidheight><src>gps</src><sat>19</sat><hdop>0.62</hdop><vdop>0.81</vdop><pdop>1.02</pdop></trkpt>
<trkpt lat="32.223824" lon="-109.06131400000001"><ele>1225.0</ele><time>2025-12-11T22:34:48.000Z</time><extensions><gpxtpx:TrackPointExtension><gpxtpx:bearing>41.05</gpxtpx:bearing><gpxtpx:speed>12.417674</gpxtpx:speed></gpxtpx:TrackPointExtension></extensions><geoidheight>-27.0</geoidheight><src>gps</src><sat>19</sat><hdop>0.62</hdop><vdop>0.81</vdop><pdop>1.02</pdop></trkpt>
<trkpt lat="32.22472266666667" lon="-109.06033483333334"><ele>1228.1</ele><time>2025-12-11T22:34:59.000Z</time><extensions><gpxtpx:TrackPointExtension><gpxtpx:bearing>47.48</gpxtpx:bearing><gpxtpx:speed>12.010014</gpxtpx:speed></gpxtpx:TrackPointExtension></extensions><geoidheight>-27.0</geoidheight><src>gps</src><sat>19</sat><hdop>0.62</hdop><vdop>0.81</vdop><pdop>1.02</pdop></trkpt>
<trkpt lat="32.2254535" lon="-109.05921500000001"><ele>1230.6</ele><time>2025-12-11T22:35:10.000Z</time><extensions><gpxtpx:TrackPointExtension><gpxtpx:bearing>52.98</gpxtpx:bearing><gpxtpx:speed>12.323995</gpxtpx:speed></gpxtpx:TrackPointExtension></extensions><geoidheight>-27.0</geoidheight><src>gps</src><sat>18</sat><hdop>0.67</hdop><vdop>0.85</vdop><pdop>1.08</pdop></trkpt>
<trkpt lat="32.226199666666666" lon="-109.058078"><ele>1233.0</ele><time>2025-12-11T22:35:21.000Z</time><extensions><gpxtpx:TrackPointExtension><gpxtpx:bearing>48.22</gpxtpx:bearing><gpxtpx:speed>12.363627</gpxtpx:speed></gpxtpx:TrackPointExtension></extensions><geoidheight>-27.0</geoidheight><src>gps</src><sat>18</sat><hdop>0.63</hdop><vdop>0.80</vdop><pdop>1.02</pdop></trkpt>
<trkpt lat="32.227064000000006" lon="-109.05710033333335"><ele>1235.6</ele><time>2025-12-11T22:35:32.000Z</time><extensions><gpxtpx:TrackPointExtension><gpxtpx:bearing>42.33</gpxtpx:bearing><gpxtpx:speed>11.89523</gpxtpx:speed></gpxtpx:TrackPointExtension></extensions><geoidheight>-27.0</geoidheight><src>gps</src><sat>18</sat><hdop>0.63</hdop><vdop>0.80</vdop><pdop>1.02</pdop></trkpt>
<trkpt lat="32.2277985" lon="-109.05630199999999"><ele>1238.8</ele><time>2025-12-11T22:35:43.000Z</time><extensions><gpxtpx:TrackPointExtension><gpxtpx:bearing>42.57</gpxtpx:bearing><gpxtpx:speed>6.5359426</gpxtpx:speed></gpxtpx:TrackPointExtension></extensions><geoidheight>-27.0</geoidheight><src>gps</src><sat>18</sat><hdop>0.62</hdop><vdop>0.81</vdop><pdop>1.02</pdop></trkpt>
<trkpt lat="32.2280875" lon="-109.0560025"><ele>1239.5</ele><time>2025-12-11T22:35:54.000Z</time><extensions><gpxtpx:TrackPointExtension><gpxtpx:bearing>38.29</gpxtpx:bearing><gpxtpx:speed>3.5999672</gpxtpx:speed></gpxtpx:TrackPointExtension></extensions><geoidheight>-27.0</geoidheight><src>gps</src><sat>18</sat><hdop>0.62</hdop><vdop>0.81</vdop><pdop>1.02</pdop></trkpt>
<trkpt lat="32.22842683333333" lon="-109.05577016666666"><ele>1239.9</ele><time>2025-12-11T22:36:05.000Z</time><extensions><gpxtpx:TrackPointExtension><gpxtpx:bearing>22.55</gpxtpx:bearing><gpxtpx:speed>4.0472608</gpxtpx:speed></gpxtpx:TrackPointExtension></extensions><geoidheight>-27.0</geoidheight><src>gps</src><sat>18</sat><hdop>0.67</hdop><vdop>0.86</vdop><pdop>1.09</pdop></trkpt>
<trkpt lat="32.22876833333333" lon="-109.05562383333333"><ele>1239.7</ele><time>2025-12-11T22:36:16.000Z</time><extensions><gpxtpx:TrackPointExtension><gpxtpx:bearing>18.41</gpxtpx:bearing><gpxtpx:speed>4.5419087</gpxtpx:speed></gpxtpx:TrackPointExtension></extensions><geoidheight>-27.0</geoidheight><src>gps</src><sat>19</sat><hdop>0.67</hdop><vdop>0.86</vdop><pdop>1.08</pdop></trkpt>
<trkpt lat="32.229243833333335" lon="-109.05543166666666"><ele>1239.0</ele><time>2025-12-11T22:36:27.000Z</time><extensions><gpxtpx:TrackPointExtension><gpxtpx:bearing>19.91</gpxtpx:bearing><gpxtpx:speed>5.314507</gpxtpx:speed></gpxtpx:TrackPointExtension></extensions><geoidheight>-27.0</geoidheight><src>gps</src><sat>18</sat><hdop>0.76</hdop><vdop>0.95</vdop><pdop>1.22</pdop></trkpt>
<trkpt lat="32.229707999999995" lon="-109.05522799999999"><ele>1238.2</ele><time>2025-12-11T22:36:38.000Z</time><extensions><gpxtpx:TrackPointExtension><gpxtpx:bearing>21.59</gpxtpx:bearing><gpxtpx:speed>3.6221004</gpxtpx:speed></gpxtpx:TrackPointExtension></extensions><geoidheight>-27.0</geoidheight><src>gps</src><sat>18</sat><hdop>0.67</hdop><vdop>0.85</vdop><pdop>1.08</pdop></trkpt>
<trkpt lat="32.229930833333334" lon="-109.05542033333334"><ele>1238.0</ele><time>2025-12-11T22:36:49.000Z</time><extensions><gpxtpx:TrackPointExtension><gpxtpx:bearing>285.47</gpxtpx:bearing><gpxtpx:speed>4.4466853</gpxtpx:speed></gpxtpx:TrackPointExtension></extensions><geoidheight>-27.0</geoidheight><src>gps</src><sat>17</sat><hdop>0.62</hdop><vdop>0.78</vdop><pdop>0.99</pdop></trkpt>
<trkpt lat="32.230149833333336" lon="-109.05642033333334"><ele>1237.2</ele><time>2025-12-11T22:37:00.000Z</time><extensions><gpxtpx:TrackPointExtension><gpxtpx:bearing>283.08</gpxtpx:bearing><gpxtpx:speed>12.283846</gpxtpx:speed></gpxtpx:TrackPointExtension></extensions><geoidheight>-27.0</geoidheight><src>gps</src><sat>18</sat><hdop>0.63</hdop><vdop>0.85</vdop><pdop>1.06</pdop></trkpt>
<trkpt lat="32.230383833333335" lon="-109.05754783333332"><ele>1236.4</ele><time>2025-12-11T22:37:11.000Z</time><extensions><gpxtpx:TrackPointExtension><gpxtpx:bearing>284.48</gpxtpx:bearing><gpxtpx:speed>7.595756</gpxtpx:speed></gpxtpx:TrackPointExtension></extensions><geoidheight>-27.0</geoidheight><src>gps</src><sat>18</sat><hdop>0.63</hdop><vdop>0.85</vdop><pdop>1.06</pdop></trkpt>
<trkpt lat="32.230583833333334" lon="-109.05847383333334"><ele>1236.1</ele><time>2025-12-11T22:37:22.000Z</time><extensions><gpxtpx:TrackPointExtension><gpxtpx:bearing>284.69</gpxtpx:bearing><gpxtpx:speed>12.25811</gpxtpx:speed></gpxtpx:TrackPointExtension></extensions><geoidheight>-27.0</geoidheight><src>gps</src><sat>18</sat><hdop>0.63</hdop><vdop>0.85</vdop><pdop>1.06</pdop></trkpt>
<trkpt lat="32.231078499999995" lon="-109.060317"><ele>1233.8</ele><time>2025-12-11T22:37:33.000Z</time><extensions><gpxtpx:TrackPointExtension><gpxtpx:bearing>287.79</gpxtpx:bearing><gpxtpx:speed>19.803938</gpxtpx:speed></gpxtpx:TrackPointExtension></extensions><geoidheight>-27.0</geoidheight><src>gps</src><sat>18</sat><hdop>0.63</hdop><vdop>0.85</vdop><pdop>1.06</pdop></trkpt>
<trkpt lat="32.23177183333333" lon="-109.06278233333333"><ele>1230.8</ele><time>2025-12-11T22:37:44.000Z</time><extensions><gpxtpx:TrackPointExtension><gpxtpx:bearing>289.05</gpxtpx:bearing><gpxtpx:speed>24.390112</gpxtpx:speed></gpxtpx:TrackPointExtension></extensions><geoidheight>-27.0</geoidheight><src>gps</src><sat>18</sat><hdop>0.63</hdop><vdop>0.85</vdop><pdop>1.06</pdop></trkpt>
<trkpt lat="32.23259483333333" lon="-109.06559416666666"><ele>1227.8</ele><time>2025-12-11T22:37:55.000Z</time><extensions><gpxtpx:TrackPointExtension><gpxtpx:bearing>289.04</gpxtpx:bearing><gpxtpx:speed>26.305393</gpxtpx:speed></gpxtpx:TrackPointExtension></extensions><geoidheight>-27.0</geoidheight><src>gps</src><sat>18</sat><hdop>0.63</hdop><vdop>0.85</vdop><pdop>1.06</pdop></trkpt>
<trkpt lat="32.233441166666665" lon="-109.06849083333333"><ele>1223.6</ele><time>2025-12-11T22:38:06.000Z</time><extensions><gpxtpx:TrackPointExtension><gpxtpx:bearing>288.95</gpxtpx:bearing><gpxtpx:speed>26.426353</gpxtpx:speed></gpxtpx:TrackPointExtension></extensions><geoidheight>-27.0</geoidheight><src>gps</src><sat>18</sat><hdop>0.63</hdop><vdop>0.85</vdop><pdop>1.06</pdop></trkpt>
<trkpt lat="32.23430016666667" lon="-109.07144166666667"><ele>1219.5</ele><time>2025-12-11T22:38:17.000Z</time><extensions><gpxtpx:TrackPointExtension><gpxtpx:bearing>288.84</gpxtpx:bearing><gpxtpx:speed>26.99049</gpxtpx:speed></gpxtpx:TrackPointExtension></extensions><geoidheight>-27.0</geoidheight><src>gps</src><sat>18</sat><hdop>0.63</hdop><vdop>0.85</vdop><pdop>1.06</pdop></trkpt>
<trkpt lat="32.235177" lon="-109.07443366666666"><ele>1215.6</ele><time>2025-12-11T22:38:28.000Z</time><extensions><gpxtpx:TrackPointExtension><gpxtpx:bearing>288.93</gpxtpx:bearing><gpxtpx:speed>27.1377</gpxtpx:speed></gpxtpx:TrackPointExtension></extensions><geoidheight>-27.0</geoidheight><src>gps</src><sat>18</sat><hdop>0.63</hdop><vdop>0.85</vdop><pdop>1.06</pdop></trkpt>
<trkpt lat="32.23604366666667" lon="-109.07740533333332"><ele>1212.9</ele><time>2025-12-11T22:38:39.000Z</time><extensions><gpxtpx:TrackPointExtension><gpxtpx:bearing>288.85</gpxtpx:bearing><gpxtpx:speed>25.945087</gpxtpx:speed></gpxtpx:TrackPointExtension></extensions><geoidheight>-27.0</geoidheight><src>gps</src><sat>18</sat><hdop>0.63</hdop><vdop>0.85</vdop><pdop>1.06</pdop></trkpt>
<trkpt lat="32.23689566666667" lon="-109.08033249999998"><ele>1210.0</ele><time>2025-12-11T22:38:50.000Z</time><extensions><gpxtpx:TrackPointExtension><gpxtpx:bearing>288.22</gpxtpx:bearing><gpxtpx:speed>26.84894</gpxtpx:speed></gpxtpx:TrackPointExtension></extensions><geoidheight>-27.0</geoidheight><src>gps</src><sat>18</sat><hdop>0.63</hdop><vdop>0.85</vdop><pdop>1.06</pdop></trkpt>
<trkpt lat="32.237664333333335" lon="-109.08337566666665"><ele>1205.5</ele><time>2025-12-11T22:39:01.000Z</time><extensions><gpxtpx:TrackPointExtension><gpxtpx:bearing>285.12</gpxtpx:bearing><gpxtpx:speed>27.172186</gpxtpx:speed></gpxtpx:TrackPointExtension></extensions><geoidheight>-27.0</geoidheight><src>gps</src><sat>18</sat><hdop>0.63</hdop><vdop>0.85</vdop><pdop>1.06</pdop></trkpt>
<trkpt lat="32.23829583333334" lon="-109.08654816666667"><ele>1201.1</ele><time>2025-12-11T22:39:12.000Z</time><extensions><gpxtpx:TrackPointExtension><gpxtpx:bearing>281.5</gpxtpx:bearing><gpxtpx:speed>28.376637</gpxtpx:speed></gpxtpx:TrackPointExtension></extensions><geoidheight>-27.0</geoidheight><src>gps</src><sat>18</sat><hdop>0.69</hdop><vdop>0.97</vdop><pdop>1.19</pdop></trkpt>
<trkpt lat="32.23877433333334" lon="-109.08982316666668"><ele>1196.1</ele><time>2025-12-11T22:39:23.000Z</time><extensions><gpxtpx:TrackPointExtension><gpxtpx:bearing>278.51</gpxtpx:bearing><gpxtpx:speed>28.689587</gpxtpx:speed></gpxtpx:TrackPointExtension></extensions><geoidheight>-27.0</geoidheight><src>gps</src><sat>18</sat><hdop>0.63</hdop><vdop>0.85</vdop><pdop>1.06</pdop></trkpt>
<trkpt lat="32.23909583333333" lon="-109.09314733333333"><ele>1191.4</ele><time>2025-12-11T22:39:34.000Z</time><extensions><gpxtpx:TrackPointExtension><gpxtpx:bearing>275.04</gpxtpx:bearing><gpxtpx:speed>28.541862</gpxtpx:speed></gpxtpx:TrackPointExtension></extensions><geoidheight>-27.0</geoidheight><src>gps</src><sat>18</sat><hdop>0.63</hdop><vdop>0.85</vdop><pdop>1.06</pdop></trkpt>
<trkpt lat="32.239323666666664" lon="-109.09644166666666"><ele>1187.1</ele><time>2025-12-11T22:39:45.000Z</time><extensions><gpxtpx:TrackPointExtension><gpxtpx:bearing>275.51</gpxtpx:bearing><gpxtpx:speed>28.222734</gpxtpx:speed></gpxtpx:TrackPointExtension></extensions><geoidheight>-27.0</geoidheight><src>gps</src><sat>18</sat><hdop>0.63</hdop><vdop>0.85</vdop><pdop>1.06</pdop></trkpt>
<trkpt lat="32.2396775" lon="-109.09966633333333"><ele>1186.6</ele><time>2025-12-11T22:39:56.000Z</time><extensions><gpxtpx:TrackPointExtension><gpxtpx:bearing>278.94</gpxtpx:bearing><gpxtpx:speed>27.51808</gpxtpx:speed></gpxtpx:TrackPointExtension></extensions><geoidheight>-27.0</geoidheight><src>gps</src><sat>18</sat><hdop>0.63</hdop><vdop>0.85</vdop><pdop>1.06</pdop></trkpt>
<trkpt lat="32.240174833333334" lon="-109.10276266666666"><ele>1189.9</ele><time>2025-12-11T22:40:07.000Z</time><extensions><gpxtpx:TrackPointExtension><gpxtpx:bearing>282.28</gpxtpx:bearing><gpxtpx:speed>26.922031</gpxtpx:speed></gpxtpx:TrackPointExtension></extensions><geoidheight>-27.0</geoidheight><src>gps</src><sat>17</sat><hdop>0.64</hdop><vdop>0.83</vdop><pdop>1.04</pdop></trkpt>
<trkpt lat="32.24081533333333" lon="-109.1058155"><ele>1192.0</ele><time>2025-12-11T22:40:18.000Z</time><extensions><gpxtpx:TrackPointExtension><gpxtpx:bearing>285.39</gpxtpx:bearing><gpxtpx:speed>26.97093</gpxtpx:speed></gpxtpx:TrackPointExtension></extensions><geoidheight>-27.0</geoidheight><src>gps</src><sat>18</sat><hdop>0.61</hdop><vdop>0.82</vdop><pdop>1.02</pdop></trkpt>
<trkpt lat="32.241510166666664" lon="-109.108823"><ele>1192.2</ele><time>2025-12-11T22:40:29.000Z</time><extensions><gpxtpx:TrackPointExtension><gpxtpx:bearing>285.18</gpxtpx:bearing><gpxtpx:speed>26.370764</gpxtpx:speed></gpxtpx:TrackPointExtension></extensions><geoidheight>-27.0</geoidheight><src>gps</src><sat>18</sat><hdop>0.61</hdop><vdop>0.82</vdop><pdop>1.02</pdop><dgpsid>0000</dgpsid></trkpt>
<trkpt lat="32.242196166666666" lon="-109.11179333333332"><ele>1190.8</ele><time>2025-12-11T22:40:40.000Z</time><extensions><gpxtpx:TrackPointExtension><gpxtpx:bearing>285.31</gpxtpx:bearing><gpxtpx:speed>27.146965</gpxtpx:speed></gpxtpx:TrackPointExtension></extensions><geoidheight>-27.0</geoidheight><src>gps</src><sat>18</sat><hdop>0.61</hdop><vdop>0.82</vdop><pdop>1.02</pdop><dgpsid>0000</dgpsid></trkpt>
<trkpt lat="32.24291466666667" lon="-109.11490533333333"><ele>1187.9</ele><time>2025-12-11T22:40:51.000Z</time><extensions><gpxtpx:TrackPointExtension><gpxtpx:bearing>284.86</gpxtpx:bearing><gpxtpx:speed>27.551537</gpxtpx:speed></gpxtpx:TrackPointExtension></extensions><geoidheight>-27.0</geoidheight><src>gps</src><sat>18</sat><hdop>0.64</hdop><vdop>0.83</vdop><pdop>1.05</pdop><dgpsid>0000</dgpsid></trkpt>
<trkpt lat="32.24363566666667" lon="-109.11804599999999"><ele>1185.4</ele><time>2025-12-11T22:41:02.000Z</time><extensions><gpxtpx:TrackPointExtension><gpxtpx:bearing>285.34</gpxtpx:bearing><gpxtpx:speed>28.346783</gpxtpx:speed></gpxtpx:TrackPointExtension></extensions><geoidheight>-27.0</geoidheight><src>gps</src><sat>18</sat><hdop>0.61</hdop><vdop>0.82</vdop><pdop>1.02</pdop><dgpsid>0000</dgpsid></trkpt>
<trkpt lat="32.24438683333334" lon="-109.12130733333333"><ele>1181.8</ele><time>2025-12-11T22:41:13.000Z</time><extensions><gpxtpx:TrackPointExtension><gpxtpx:bearing>285.06</gpxtpx:bearing><gpxtpx:speed>29.476082</gpxtpx:speed></gpxtpx:TrackPointExtension></extensions><geoidheight>-27.0</geoidheight><src>gps</src><sat>18</sat><hdop>0.61</hdop><vdop>0.82</vdop><pdop>1.02</pdop><dgpsid>0000</dgpsid></trkpt>
<trkpt lat="32.24515333333333" lon="-109.12464550000001"><ele>1177.2</ele><time>2025-12-11T22:41:24.000Z</time><extensions><gpxtpx:TrackPointExtension><gpxtpx:bearing>285.06</gpxtpx:bearing><gpxtpx:speed>29.636162</gpxtpx:speed></gpxtpx:TrackPointExtension></extensions><geoidheight>-27.0</geoidheight><src>gps</src><sat>18</sat><hdop>0.61</hdop><vdop>0.82</vdop><pdop>1.02</pdop><dgpsid>0000</dgpsid></trkpt>
<trkpt lat="32.24592416666667" lon="-109.12802316666667"><ele>1173.3</ele><time>2025-12-11T22:41:35.000Z</time><extensions><gpxtpx:TrackPointExtension><gpxtpx:bearing>285.3</gpxtpx:bearing><gpxtpx:speed>29.833815</gpxtpx:speed></gpxtpx:TrackPointExtension></extensions><geoidheight>-27.0</geoidheight><src>gps</src><sat>18</sat><hdop>0.61</hdop><vdop>0.82</vdop><pdop>1.02</pdop><dgpsid>0000</dgpsid></trkpt>
<trkpt lat="32.24670366666667" lon="-109.13141666666667"><ele>1168.9</ele><time>2025-12-11T22:41:46.000Z</time><extensions><gpxtpx:TrackPointExtension><gpxtpx:bearing>284.96</gpxtpx:bearing><gpxtpx:speed>30.337729</gpxtpx:speed></gpxtpx:TrackPointExtension></extensions><geoidheight>-27.0</geoidheight><src>gps</src><sat>18</sat><hdop>0.61</hdop><vdop>0.82</vdop><pdop>1.02</pdop><dgpsid>0000</dgpsid></trkpt>
<trkpt lat="32.247477333333336" lon="-109.13478500000001"><ele>1163.9</ele><time>2025-12-11T22:41:57.000Z</time><extensions><gpxtpx:TrackPointExtension><gpxtpx:bearing>285.08</gpxtpx:bearing><gpxtpx:speed>29.713884</gpxtpx:speed></gpxtpx:TrackPointExtension></extensions><geoidheight>-27.0</geoidheight><src>gps</src><sat>18</sat><hdop>0.61</hdop><vdop>0.82</vdop><pdop>1.02</pdop><dgpsid>0000</dgpsid></trkpt>
<trkpt lat="32.248245" lon="-109.13812000000001"><ele>1160.9</ele><time>2025-12-11T22:42:08.000Z</time><extensions><gpxtpx:TrackPointExtension><gpxtpx:bearing>285.14</gpxtpx:bearing><gpxtpx:speed>29.491524</gpxtpx:speed></gpxtpx:TrackPointExtension></extensions><geoidheight>-27.0</geoidheight><src>gps</src><sat>18</sat><hdop>0.61</hdop><vdop>0.82</vdop><pdop>1.02</pdop><dgpsid>0000</dgpsid></trkpt>
<trkpt lat="32.249013833333336" lon="-109.14145916666666"><ele>1155.5</ele><time>2025-12-11T22:42:19.000Z</time><extensions><gpxtpx:TrackPointExtension><gpxtpx:bearing>285.26</gpxtpx:bearing><gpxtpx:speed>29.813227</gpxtpx:speed></gpxtpx:TrackPointExtension></extensions><geoidheight>-27.0</geoidheight><src>gps</src><sat>18</sat><hdop>0.61</hdop><vdop>0.82</vdop><pdop>1.02</pdop><dgpsid>0000</dgpsid></trkpt>
<trkpt lat="32.24979916666667" lon="-109.14486000000001"><ele>1148.8</ele><time>2025-12-11T22:42:30.000Z</time><extensions><gpxtpx:TrackPointExtension><gpxtpx:bearing>285.07</gpxtpx:bearing><gpxtpx:speed>30.369125</gpxtpx:speed></gpxtpx:TrackPointExtension></extensions><geoidheight>-27.0</geoidheight><src>gps</src><sat>18</sat><hdop>0.64</hdop><vdop>0.83</vdop><pdop>1.05</pdop><dgpsid>0000</dgpsid></trkpt>
<trkpt lat="32.250589833333336" lon="-109.14828933333335"><ele>1146.6</ele><time>2025-12-11T22:42:41.000Z</time><extensions><gpxtpx:TrackPointExtension><gpxtpx:bearing>285.0</gpxtpx:bearing><gpxtpx:speed>30.599207</gpxtpx:speed></gpxtpx:TrackPointExtension></extensions><geoidheight>-27.0</geoidheight><src>gps</src><sat>17</sat><hdop>0.64</hdop><vdop>0.83</vdop><pdop>1.05</pdop><dgpsid>0000</dgpsid></trkpt>
<trkpt lat="32.251372833333335" lon="-109.15168583333335"><ele>1140.0</ele><time>2025-12-11T22:42:52.000Z</time><extensions><gpxtpx:TrackPointExtension><gpxtpx:bearing>285.48</gpxtpx:bearing><gpxtpx:speed>29.696384</gpxtpx:speed></gpxtpx:TrackPointExtension></extensions><geoidheight>-27.0</geoidheight><src>gps</src><sat>18</sat><hdop>0.61</hdop><vdop>0.82</vdop><pdop>1.02</pdop><dgpsid>0000</dgpsid></trkpt>
<trkpt lat="32.25214183333333" lon="-109.15503266666668"><ele>1136.2</ele><time>2025-12-11T22:43:03.000Z</time><extensions><gpxtpx:TrackPointExtension><gpxtpx:bearing>285.05</gpxtpx:bearing><gpxtpx:speed>29.506966</gpxtpx:speed></gpxtpx:TrackPointExtension></extensions><geoidheight>-27.0</geoidheight><src>gps</src><sat>18</sat><hdop>0.61</hdop><vdop>0.82</vdop><pdop>1.02</pdop><dgpsid>0000</dgpsid></trkpt>
<trkpt lat="32.252906" lon="-109.15836983333332"><ele>1133.1</ele><time>2025-12-11T22:43:14.000Z</time><extensions><gpxtpx:TrackPointExtension><gpxtpx:bearing>285.08</gpxtpx:bearing><gpxtpx:speed>29.711311</gpxtpx:speed></gpxtpx:TrackPointExtension></extensions><geoidheight>-27.0</geoidheight><src>gps</src><sat>18</sat><hdop>0.64</hdop><vdop>0.83</vdop><pdop>1.05</pdop><dgpsid>0000</dgpsid></trkpt>
<trkpt lat="32.25368066666667" lon="-109.16173333333333"><ele>1130.2</ele><time>2025-12-11T22:43:25.000Z</time><extensions><gpxtpx:TrackPointExtension><gpxtpx:bearing>285.27</gpxtpx:bearing><gpxtpx:speed>29.907934</gpxtpx:speed></gpxtpx:TrackPointExtension></extensions><geoidheight>-27.0</geoidheight><src>gps</src><sat>18</sat><hdop>0.61</hdop><vdop>0.82</vdop><pdop>1.02</pdop><dgpsid>0000</dgpsid></trkpt>
<trkpt lat="32.2544795" lon="-109.16516483333335"><ele>1126.7</ele><time>2025-12-11T22:43:36.000Z</time><extensions><gpxtpx:TrackPointExtension><gpxtpx:bearing>284.98</gpxtpx:bearing><gpxtpx:speed>30.806126</gpxtpx:speed></gpxtpx:TrackPointExtension></extensions><geoidheight>-27.0</geoidheight><src>gps</src><sat>18</sat><hdop>0.61</hdop><vdop>0.82</vdop><pdop>1.02</pdop><dgpsid>0000</dgpsid></trkpt>
<trkpt lat="32.25528133333333" lon="-109.16866783333334"><ele>1122.5</ele><time>2025-12-11T22:43:47.000Z</time><extensions><gpxtpx:TrackPointExtension><gpxtpx:bearing>284.99</gpxtpx:bearing><gpxtpx:speed>31.485044</gpxtpx:speed></gpxtpx:TrackPointExtension></extensions><geoidheight>-27.0</geoidheight><src>gps</src><sat>18</sat><hdop>0.61</hdop><vdop>0.82</vdop><pdop>1.02</pdop><dgpsid>0000</dgpsid></trkpt>
<trkpt lat="32.25610316666667" lon="-109.17221483333333"><ele>1119.1</ele><time>2025-12-11T22:43:58.000Z</time><extensions><gpxtpx:TrackPointExtension><gpxtpx:bearing>285.3</gpxtpx:bearing><gpxtpx:speed>31.448498</gpxtpx:speed></gpxtpx:TrackPointExtension></extensions><geoidheight>-27.0</geoidheight><src>gps</src><sat>18</sat><hdop>0.61</hdop><vdop>0.82</vdop><pdop>1.02</pdop><dgpsid>0000</dgpsid></trkpt>
<trkpt lat="32.256910999999995" lon="-109.1757345"><ele>1116.0</ele><time>2025-12-11T22:44:09.000Z</time><extensions><gpxtpx:TrackPointExtension><gpxtpx:bearing>284.24</gpxtpx:bearing><gpxtpx:speed>30.922966</gpxtpx:speed></gpxtpx:TrackPointExtension></extensions><geoidheight>-27.0</geoidheight><src>gps</src><sat>18</sat><hdop>0.61</hdop><vdop>0.82</vdop><pdop>1.02</pdop><dgpsid>0000</dgpsid></trkpt>
<trkpt lat="32.257426833333334" lon="-109.17920799999999"><ele>1113.0</ele><time>2025-12-11T22:44:20.000Z</time><extensions><gpxtpx:TrackPointExtension><gpxtpx:bearing>276.28</gpxtpx:bearing><gpxtpx:speed>29.868816</gpxtpx:speed></gpxtpx:TrackPointExtension></extensions><geoidheight>-27.0</geoidheight><src>gps</src><sat>18</sat><hdop>0.61</hdop><vdop>0.82</vdop><pdop>1.02</pdop><dgpsid>0000</dgpsid></trkpt>
<trkpt lat="32.257538833333335" lon="-109.1827595"><ele>1110.7</ele><time>2025-12-11T22:44:31.000Z</time><extensions><gpxtpx:TrackPointExtension><gpxtpx:bearing>269.31</gpxtpx:bearing><gpxtpx:speed>30.855537</gpxtpx:speed></gpxtpx:TrackPointExtension></extensions><geoidheight>-27.0</geoidheight><src>gps</src><sat>18</sat><hdop>0.61</hdop><vdop>0.83</vdop><pdop>1.03</pdop><dgpsid>0000</dgpsid></trkpt>
<trkpt lat="32.257520666666665" lon="-109.18626433333333"><ele>1108.8</ele><time>2025-12-11T22:44:42.000Z</time><extensions><gpxtpx:TrackPointExtension><gpxtpx:bearing>269.64</gpxtpx:bearing><gpxtpx:speed>29.457039</gpxtpx:speed></gpxtpx:TrackPointExtension></extensions><geoidheight>-27.0</geoidheight><src>gps</src><sat>18</sat><hdop>0.61</hdop><vdop>0.82</vdop><pdop>1.02</pdop><dgpsid>0000</dgpsid></trkpt>
<trkpt lat="32.25749" lon="-109.18959083333333"><ele>1107.1</ele><time>2025-12-11T22:44:53.000Z</time><extensions><gpxtpx:TrackPointExtension><gpxtpx:bearing>269.36</gpxtpx:bearing><gpxtpx:speed>27.784706</gpxtpx:speed></gpxtpx:TrackPointExtension></extensions><geoidheight>-27.0</geoidheight><src>gps</src><sat>19</sat><hdop>0.58</hdop><vdop>0.77</vdop><pdop>0.97</pdop><dgpsid>0000</dgpsid></trkpt>
<trkpt lat="32.257468833333334" lon="-109.19288816666668"><ele>1105.2</ele><time>2025-12-11T22:45:04.000Z</time><extensions><gpxtpx:TrackPointExtension><gpxtpx:bearing>269.51</gpxtpx:bearing><gpxtpx:speed>28.287075</gpxtpx:speed></gpxtpx:TrackPointExtension></extensions><geoidheight>-27.0</geoidheight><src>gps</src><sat>19</sat><hdop>0.59</hdop><vdop>0.78</vdop><pdop>0.98</pdop><dgpsid>0000</dgpsid></trkpt>
<trkpt lat="32.257439999999995" lon="-109.19619749999998"><ele>1102.6</ele><time>2025-12-11T22:45:15.000Z</time><extensions><gpxtpx:TrackPointExtension><gpxtpx:bearing>269.45</gpxtpx:bearing><gpxtpx:speed>28.633482</gpxtpx:speed></gpxtpx:TrackPointExtension></extensions><geoidheight>-27.0</geoidheight><src>gps</src><sat>18</sat><hdop>0.60</hdop><vdop>0.81</vdop><pdop>1.00</pdop><dgpsid>0000</dgpsid></trkpt>
<trkpt lat="32.257440833333334" lon="-109.19955"><ele>1100.7</ele><time>2025-12-11T22:45:26.000Z</time><extensions><gpxtpx:TrackPointExtension><gpxtpx:bearing>271.99</gpxtpx:bearing><gpxtpx:speed>29.134823</gpxtpx:speed></gpxtpx:TrackPointExtension></extensions><geoidheight>-27.0</geoidheight><src>gps</src><sat>19</sat><hdop>0.58</hdop><vdop>0.77</vdop><pdop>0.97</pdop><dgpsid>0000</dgpsid></trkpt>
<trkpt lat="32.25776033333333" lon="-109.20295733333333"><ele>1099.1</ele><time>2025-12-11T22:45:37.000Z</time><extensions><gpxtpx:TrackPointExtension><gpxtpx:bearing>280.32</gpxtpx:bearing><gpxtpx:speed>29.329388</gpxtpx:speed></gpxtpx:TrackPointExtension></extensions><geoidheight>-27.0</geoidheight><src>gps</src><sat>19</sat><hdop>0.58</hdop><vdop>0.77</vdop><pdop>0.97</pdop><dgpsid>0000</dgpsid></trkpt>
<trkpt lat="32.258447000000004" lon="-109.20622499999999"><ele>1100.7</ele><time>2025-12-11T22:45:48.000Z</time><extensions><gpxtpx:TrackPointExtension><gpxtpx:bearing>285.27</gpxtpx:bearing><gpxtpx:speed>28.410093</gpxtpx:speed></gpxtpx:TrackPointExtension></extensions><geoidheight>-27.0</geoidheight><src>gps</src><sat>19</sat><hdop>0.58</hdop><vdop>0.77</vdop><pdop>0.97</pdop><dgpsid>0000</dgpsid></trkpt>
<trkpt lat="32.25919283333334" lon="-109.20942616666667"><ele>1104.0</ele><time>2025-12-11T22:45:59.000Z</time><extensions><gpxtpx:TrackPointExtension><gpxtpx:bearing>285.25</gpxtpx:bearing><gpxtpx:speed>29.218206</gpxtpx:speed></gpxtpx:TrackPointExtension></extensions><geoidheight>-27.0</geoidheight><src>gps</src><sat>18</sat><hdop>0.58</hdop><vdop>0.77</vdop><pdop>0.97</pdop><dgpsid>0000</dgpsid></trkpt>
<trkpt lat="32.25995816666667" lon="-109.2127295"><ele>1105.3</ele><time>2025-12-11T22:46:10.000Z</time><extensions><gpxtpx:TrackPointExtension><gpxtpx:bearing>285.05</gpxtpx:bearing><gpxtpx:speed>29.459097</gpxtpx:speed></gpxtpx:TrackPointExtension></extensions><geoidheight>-27.0</geoidheight><src>gps</src><sat>19</sat><hdop>0.58</hdop><vdop>0.77</vdop><pdop>0.97</pdop><dgpsid>0000</dgpsid></trkpt>
<trkpt lat="32.26072766666667" lon="-109.21603699999999"><ele>1106.5</ele><time>2025-12-11T22:46:21.000Z</time><extensions><gpxtpx:TrackPointExtension><gpxtpx:bearing>285.12</gpxtpx:bearing><gpxtpx:speed>29.155926</gpxtpx:speed></gpxtpx:TrackPointExtension></extensions><geoidheight>-27.0</geoidheight><src>gps</src><sat>18</sat><hdop>0.59</hdop><vdop>0.79</vdop><pdop>0.98</pdop><dgpsid>0000</dgpsid></trkpt>
<trkpt lat="32.26148616666667" lon="-109.21933433333334"><ele>1107.9</ele><time>2025-12-11T22:46:32.000Z</time><extensions><gpxtpx:TrackPointExtension><gpxtpx:bearing>285.07</gpxtpx:bearing><gpxtpx:speed>29.528584</gpxtpx:speed></gpxtpx:TrackPointExtension></extensions><geoidheight>-27.0</geoidheight><src>gps</src><sat>19</sat><hdop>0.59</hdop><vdop>0.82</vdop><pdop>1.01</pdop><dgpsid>0000</dgpsid></trkpt>
<trkpt lat="32.262258833333334" lon="-109.22266733333332"><ele>1109.2</ele><time>2025-12-11T22:46:43.000Z</time><extensions><gpxtpx:TrackPointExtension><gpxtpx:bearing>285.31</gpxtpx:bearing><gpxtpx:speed>29.584175</gpxtpx:speed></gpxtpx:TrackPointExtension></extensions><geoidheight>-27.0</geoidheight><src>gps</src><sat>17</sat><hdop>0.62</hdop><vdop>0.80</vdop><pdop>1.01</pdop><dgpsid>0000</dgpsid></trkpt>
<trkpt lat="32.263026833333335" lon="-109.22595666666666"><ele>1111.3</ele><time>2025-12-11T22:46:54.000Z</time><extensions><gpxtpx:TrackPointExtension><gpxtpx:bearing>285.59</gpxtpx:bearing><gpxtpx:speed>28.697308</gpxtpx:speed></gpxtpx:TrackPointExtension></extensions><geoidheight>-27.0</geoidheight><src>gps</src><sat>17</sat><hdop>0.62</hdop><vdop>0.82</vdop><pdop>1.03</pdop><dgpsid>0000</dgpsid></trkpt>
<trkpt lat="32.26372883333333" lon="-109.22901133333335"><ele>1111.4</ele><time>2025-12-11T22:47:05.000Z</time><extensions><gpxtpx:TrackPointExtension><gpxtpx:bearing>284.94</gpxtpx:bearing><gpxtpx:speed>25.668167</gpxtpx:speed></gpxtpx:TrackPointExtension></extensions><geoidheight>-27.0</geoidheight><src>gps</src><sat>17</sat><hdop>0.62</hdop><vdop>0.81</vdop><pdop>1.02</pdop><dgpsid>0000</dgpsid></trkpt>
<trkpt lat="32.264422833333334" lon="-109.2319745"><ele>1107.5</ele><time>2025-12-11T22:47:16.000Z</time><extensions><gpxtpx:TrackPointExtension><gpxtpx:bearing>286.36</gpxtpx:bearing><gpxtpx:speed>26.642536</gpxtpx:speed></gpxtpx:TrackPointExtension></extensions><geoidheight>-27.0</geoidheight><src>gps</src><sat>17</sat><hdop>0.67</hdop><vdop>0.85</vdop><pdop>1.08</pdop><dgpsid>0000</dgpsid></trkpt>
<trkpt lat="32.265348499999995" lon="-109.234895"><ele>1105.1</ele><time>2025-12-11T22:47:27.000Z</time><extensions><gpxtpx:TrackPointExtension><gpxtpx:bearing>293.77</gpxtpx:bearing><gpxtpx:speed>26.517975</gpxtpx:speed></gpxtpx:TrackPointExtension></extensions><geoidheight>-27.0</geoidheight><src>gps</src><sat>18</sat><hdop>0.63</hdop><vdop>0.80</vdop><pdop>1.02</pdop><dgpsid>0000</dgpsid></trkpt>
<trkpt lat="32.266529" lon="-109.23761416666666"><ele>1103.3</ele><time>2025-12-11T22:47:38.000Z</time><extensions><gpxtpx:TrackPointExtension><gpxtpx:bearing>298.21</gpxtpx:bearing><gpxtpx:speed>26.079432</gpxtpx:speed></gpxtpx:TrackPointExtension></extensions><geoidheight>-27.0</geoidheight><src>gps</src><sat>18</sat><hdop>0.61</hdop><vdop>0.79</vdop><pdop>1.00</pdop><dgpsid>0000</dgpsid></trkpt>
<trkpt lat="32.2677675" lon="-109.24031416666666"><ele>1102.6</ele><time>2025-12-11T22:47:49.000Z</time><extensions><gpxtpx:TrackPointExtension><gpxtpx:bearing>298.51</gpxtpx:bearing><gpxtpx:speed>26.91534</gpxtpx:speed></gpxtpx:TrackPointExtension></extensions><geoidheight>-27.0</geoidheight><src>gps</src><sat>17</sat><hdop>0.69</hdop><vdop>0.93</vdop><pdop>1.16</pdop><dgpsid>0000</dgpsid></trkpt>
<trkpt lat="32.26903333333333" lon="-109.24307733333332"><ele>1102.9</ele><time>2025-12-11T22:48:00.000Z</time><extensions><gpxtpx:TrackPointExtension><gpxtpx:bearing>298.55</gpxtpx:bearing><gpxtpx:speed>26.759893</gpxtpx:speed></gpxtpx:TrackPointExtension></extensions><geoidheight>-27.0</geoidheight><src>gps</src><sat>17</sat><hdop>0.63</hdop><vdop>0.85</vdop><pdop>1.06</pdop><dgpsid>0000</dgpsid></trkpt>
<trkpt lat="32.270287333333336" lon="-109.24581699999999"><ele>1102.3</ele><time>2025-12-11T22:48:11.000Z</time><extensions><gpxtpx:TrackPointExtension><gpxtpx:bearing>298.69</gpxtpx:bearing><gpxtpx:speed>26.661581</gpxtpx:speed></gpxtpx:TrackPointExtension></extensions><geoidheight>-27.0</geoidheight><src>gps</src><sat>18</sat><hdop>0.60</hdop><vdop>0.82</vdop><pdop>1.02</pdop><dgpsid>0000</dgpsid></trkpt>
<trkpt lat="32.271541166666665" lon="-109.24855449999998"><ele>1101.5</ele><time>2025-12-11T22:48:22.000Z</time><extensions><gpxtpx:TrackPointExtension><gpxtpx:bearing>298.2</gpxtpx:bearing><gpxtpx:speed>26.829895</gpxtpx:speed></gpxtpx:TrackPointExtension></extensions><geoidheight>-27.0</geoidheight><src>gps</src><sat>16</sat><hdop>0.61</hdop><vdop>0.83</vdop><pdop>1.03</pdop><dgpsid>0000</dgpsid></trkpt>
<trkpt lat="32.27279816666667" lon="-109.25129616666666"><ele>1101.8</ele><time>2025-12-11T22:48:33.000Z</time><extensions><gpxtpx:TrackPointExtension><gpxtpx:bearing>298.37</gpxtpx:bearing><gpxtpx:speed>26.766584</gpxtpx:speed></gpxtpx:TrackPointExtension></extensions><geoidheight>-27.0</geoidheight><src>gps</src><sat>17</sat><hdop>0.63</hdop><vdop>0.85</vdop><pdop>1.06</pdop><dgpsid>0000</dgpsid></trkpt>
<trkpt lat="32.27404833333333" lon="-109.25403266666666"><ele>1101.2</ele><time>2025-12-11T22:48:44.000Z</time><extensions><gpxtpx:TrackPointExtension><gpxtpx:bearing>297.82</gpxtpx:bearing><gpxtpx:speed>26.420177</gpxtpx:speed></gpxtpx:TrackPointExtension></extensions><geoidheight>-27.0</geoidheight><src>gps</src><sat>17</sat><hdop>0.63</hdop><vdop>0.85</vdop><pdop>1.06</pdop><dgpsid>0000</dgpsid></trkpt>
<trkpt lat="32.27512583333333" lon="-109.25681183333333"><ele>1100.1</ele><time>2025-12-11T22:48:55.000Z</time><extensions><gpxtpx:TrackPointExtension><gpxtpx:bearing>291.56</gpxtpx:bearing><gpxtpx:speed>26.006855</gpxtpx:speed></gpxtpx:TrackPointExtension></extensions><geoidheight>-27.0</geoidheight><src>gps</src><sat>15</sat><hdop>0.72</hdop><vdop>0.93</vdop><pdop>1.18</pdop><dgpsid>0000</dgpsid></trkpt>
<trkpt lat="32.27590266666667" lon="-109.25971"><ele>1099.2</ele><time>2025-12-11T22:49:06.000Z</time><extensions><gpxtpx:TrackPointExtension><gpxtpx:bearing>285.42</gpxtpx:bearing><gpxtpx:speed>26.22973</gpxtpx:speed></gpxtpx:TrackPointExtension></extensions><geoidheight>-27.0</geoidheight><src>gps</src><sat>16</sat><hdop>0.69</hdop><vdop>0.93</vdop><pdop>1.16</pdop><dgpsid>0000</dgpsid></trkpt>
<trkpt lat="32.27657933333333" lon="-109.26268583333334"><ele>1098.6</ele><time>2025-12-11T22:49:17.000Z</time><extensions><gpxtpx:TrackPointExtension><gpxtpx:bearing>285.36</gpxtpx:bearing><gpxtpx:speed>26.539593</gpxtpx:speed></gpxtpx:TrackPointExtension></extensions><geoidheight>-27.0</geoidheight><src>gps</src><sat>16</sat><hdop>0.65</hdop><vdop>0.89</vdop><pdop>1.10</pdop><dgpsid>0000</dgpsid></trkpt>
<trkpt lat="32.2772715" lon="-109.26571366666667"><ele>1098.4</ele><time>2025-12-11T22:49:28.000Z</time><extensions><gpxtpx:TrackPointExtension><gpxtpx:bearing>285.28</gpxtpx:bearing><gpxtpx:speed>27.229836</gpxtpx:speed></gpxtpx:TrackPointExtension></extensions><geoidheight>-27.0</geoidheight><src>gps</src><sat>17</sat><hdop>0.63</hdop><vdop>0.87</vdop><pdop>1.08</pdop><dgpsid>0000</dgpsid></trkpt>
<trkpt lat="32.277975500000004" lon="-109.26877199999998"><ele>1097.7</ele><time>2025-12-11T22:49:39.000Z</time><extensions><gpxtpx:TrackPointExtension><gpxtpx:bearing>285.11</gpxtpx:bearing><gpxtpx:speed>27.430576</gpxtpx:speed></gpxtpx:TrackPointExtension></extensions><geoidheight>-27.0</geoidheight><src>gps</src><sat>17</sat><hdop>0.66</hdop><vdop>0.93</vdop><pdop>1.14</pdop><dgpsid>0000</dgpsid></trkpt>
<trkpt lat="32.278688833333334" lon="-109.27188"><ele>1097.4</ele><time>2025-12-11T22:49:50.000Z</time><extensions><gpxtpx:TrackPointExtension><gpxtpx:bearing>285.11</gpxtpx:bearing><gpxtpx:speed>27.741983</gpxtpx:speed></gpxtpx:TrackPointExtension></extensions><geoidheight>-27.0</geoidheight><src>gps</src><sat>17</sat><hdop>0.63</hdop><vdop>0.89</vdop><pdop>1.09</pdop><dgpsid>0000</dgpsid></trkpt>
<trkpt lat="32.27940666666667" lon="-109.27500716666667"><ele>1097.1</ele><time>2025-12-11T22:50:01.000Z</time><extensions><gpxtpx:TrackPointExtension><gpxtpx:bearing>285.32</gpxtpx:bearing><gpxtpx:speed>27.820736</gpxtpx:speed></gpxtpx:TrackPointExtension></extensions><geoidheight>-27.0</geoidheight><src>gps</src><sat>16</sat><hdop>0.65</hdop><vdop>0.92</vdop><pdop>1.12</pdop><dgpsid>0000</dgpsid></trkpt>
<trkpt lat="32.280126333333335" lon="-109.27814099999999"><ele>1096.2</ele><time>2025-12-11T22:50:12.000Z</time><extensions><gpxtpx:TrackPointExtension><gpxtpx:bearing>285.05</gpxtpx:bearing><gpxtpx:speed>27.87787</gpxtpx:speed></gpxtpx:TrackPointExtension></extensions><geoidheight>-27.0</geoidheight><src>gps</src><sat>18</sat><hdop>0.60</hdop><vdop>0.85</vdop><pdop>1.04</pdop><dgpsid>0000</dgpsid></trkpt>
<trkpt lat="32.28083983333333" lon="-109.28126016666666"><ele>1095.9</ele><time>2025-12-11T22:50:23.000Z</time><extensions><gpxtpx:TrackPointExtension><gpxtpx:bearing>285.22</gpxtpx:bearing><gpxtpx:speed>27.58139</gpxtpx:speed></gpxtpx:TrackPointExtension></extensions><geoidheight>-27.0</geoidheight><src>gps</src><sat>18</sat><hdop>0.61</hdop><vdop>0.84</vdop><pdop>1.04</pdop><dgpsid>0000</dgpsid></trkpt>
<trkpt lat="32.281557166666666" lon="-109.28437266666667"><ele>1096.3</ele><time>2025-12-11T22:50:34.000Z</time><extensions><gpxtpx:TrackPointExtension><gpxtpx:bearing>285.28</gpxtpx:bearing><gpxtpx:speed>27.708527</gpxtpx:speed></gpxtpx:TrackPointExtension></extensions><geoidheight>-27.0</geoidheight><src>gps</src><sat>17</sat><hdop>0.64</hdop><vdop>0.92</vdop><pdop>1.12</pdop><dgpsid>0000</dgpsid></trkpt>
<trkpt lat="32.2822745" lon="-109.28750033333333"><ele>1095.9</ele><time>2025-12-11T22:50:45.000Z</time><extensions><gpxtpx:TrackPointExtension><gpxtpx:bearing>285.11</gpxtpx:bearing><gpxtpx:speed>27.904636</gpxtpx:speed></gpxtpx:TrackPointExtension></extensions><geoidheight>-27.0</geoidheight><src>gps</src><sat>18</sat><hdop>0.60</hdop><vdop>0.83</vdop><pdop>1.02</pdop><dgpsid>0000</dgpsid></trkpt>
<trkpt lat="32.28299483333333" lon="-109.29062833333334"><ele>1095.9</ele><time>2025-12-11T22:50:56.000Z</time><extensions><gpxtpx:TrackPointExtension><gpxtpx:bearing>285.07</gpxtpx:bearing><gpxtpx:speed>27.671467</gpxtpx:speed></gpxtpx:TrackPointExtension></extensions><geoidheight>-27.0</geoidheight><src>gps</src><sat>18</sat><hdop>0.60</hdop><vdop>0.85</vdop><pdop>1.04</pdop><dgpsid>0000</dgpsid></trkpt>
<trkpt lat="32.28370983333333" lon="-109.29374266666667"><ele>1096.2</ele><time>2025-12-11T22:51:07.000Z</time><extensions><gpxtpx:TrackPointExtension><gpxtpx:bearing>285.06</gpxtpx:bearing><gpxtpx:speed>27.607126</gpxtpx:speed></gpxtpx:TrackPointExtension></extensions><geoidheight>-27.0</geoidheight><src>gps</src><sat>17</sat><hdop>0.63</hdop><vdop>0.89</vdop><pdop>1.09</pdop><dgpsid>0000</dgpsid></trkpt>
<trkpt lat="32.2844245" lon="-109.29686666666666"><ele>1096.1</ele><time>2025-12-11T22:51:18.000Z</time><extensions><gpxtpx:TrackPointExtension><gpxtpx:bearing>285.0</gpxtpx:bearing><gpxtpx:speed>27.781618</gpxtpx:speed></gpxtpx:TrackPointExtension></extensions><geoidheight>-27.0</geoidheight><src>gps</src><sat>18</sat><hdop>0.60</hdop><vdop>0.85</vdop><pdop>1.04</pdop><dgpsid>0000</dgpsid></trkpt>
<trkpt lat="32.285134500000005" lon="-109.29993916666666"><ele>1096.4</ele><time>2025-12-11T22:51:29.000Z</time><extensions><gpxtpx:TrackPointExtension><gpxtpx:bearing>285.27</gpxtpx:bearing><gpxtpx:speed>27.115566</gpxtpx:speed></gpxtpx:TrackPointExtension></extensions><geoidheight>-27.0</geoidheight><src>gps</src><sat>17</sat><hdop>0.64</hdop><vdop>0.95</vdop><pdop>1.14</pdop><dgpsid>0000</dgpsid></trkpt>
<trkpt lat="32.28582183333333" lon="-109.30297049999999"><ele>1096.1</ele><time>2025-12-11T22:51:40.000Z</time><extensions><gpxtpx:TrackPointExtension><gpxtpx:bearing>285.24</gpxtpx:bearing><gpxtpx:speed>26.409882</gpxtpx:speed></gpxtpx:TrackPointExtension></extensions><geoidheight>-27.0</geoidheight><src>gps</src><sat>17</sat><hdop>0.60</hdop><vdop>0.85</vdop><pdop>1.04</pdop><dgpsid>0000</dgpsid></trkpt>
<trkpt lat="32.2864995" lon="-109.30592049999998"><ele>1096.0</ele><time>2025-12-11T22:51:51.000Z</time><extensions><gpxtpx:TrackPointExtension><gpxtpx:bearing>285.04</gpxtpx:bearing><gpxtpx:speed>26.103622</gpxtpx:speed></gpxtpx:TrackPointExtension></extensions><geoidheight>-27.0</geoidheight><src>gps</src><sat>18</sat><hdop>0.60</hdop><vdop>0.85</vdop><pdop>1.04</pdop><dgpsid>0000</dgpsid></trkpt>
<trkpt lat="32.287169666666664" lon="-109.30885516666667"><ele>1095.9</ele><time>2025-12-11T22:52:02.000Z</time><extensions><gpxtpx:TrackPointExtension><gpxtpx:bearing>285.33</gpxtpx:bearing><gpxtpx:speed>25.98009</gpxtpx:speed></gpxtpx:TrackPointExtension></extensions><geoidheight>-27.0</geoidheight><src>gps</src><sat>17</sat><hdop>0.64</hdop><vdop>0.95</vdop><pdop>1.14</pdop><dgpsid>0000</dgpsid></trkpt>
<trkpt lat="32.287836666666664" lon="-109.31176416666668"><ele>1095.8</ele><time>2025-12-11T22:52:13.000Z</time><extensions><gpxtpx:TrackPointExtension><gpxtpx:bearing>285.25</gpxtpx:bearing><gpxtpx:speed>25.660446</gpxtpx:speed></gpxtpx:TrackPointExtension></extensions><geoidheight>-27.0</geoidheight><src>gps</src><sat>18</sat><hdop>0.60</hdop><vdop>0.83</vdop><pdop>1.02</pdop><dgpsid>0000</dgpsid></trkpt>
<trkpt lat="32.28849566666667" lon="-109.31463649999999"><ele>1095.6</ele><time>2025-12-11T22:52:24.000Z</time><extensions><gpxtpx:TrackPointExtension><gpxtpx:bearing>284.93</gpxtpx:bearing><gpxtpx:speed>25.535885</gpxtpx:speed></gpxtpx:TrackPointExtension></extensions><geoidheight>-27.0</geoidheight><src>gps</src><sat>18</sat><hdop>0.60</hdop><vdop>0.86</vdop><pdop>1.04</pdop><dgpsid>0000</dgpsid></trkpt>
<trkpt lat="32.289164166666666" lon="-109.3175475"><ele>1095.6</ele><time>2025-12-11T22:52:35.000Z</time><extensions><gpxtpx:TrackPointExtension><gpxtpx:bearing>284.9</gpxtpx:bearing><gpxtpx:speed>26.16436</gpxtpx:speed></gpxtpx:TrackPointExtension></extensions><geoidheight>-27.0</geoidheight><src>gps</src><sat>18</sat><hdop>0.60</hdop><vdop>0.86</vdop><pdop>1.04</pdop><dgpsid>0000</dgpsid></trkpt>
<trkpt lat="32.289835833333335" lon="-109.32047283333334"><ele>1095.6</ele><time>2025-12-11T22:52:46.000Z</time><extensions><gpxtpx:TrackPointExtension><gpxtpx:bearing>285.51</gpxtpx:bearing><gpxtpx:speed>25.69802</gpxtpx:speed></gpxtpx:TrackPointExtension></extensions><geoidheight>-27.0</geoidheight><src>gps</src><sat>18</sat><hdop>0.60</hdop><vdop>0.83</vdop><pdop>1.02</pdop><dgpsid>0000</dgpsid></trkpt>
<trkpt lat="32.290493833333336" lon="-109.32333516666668"><ele>1097.0</ele><time>2025-12-11T22:52:57.000Z</time><extensions><gpxtpx:TrackPointExtension><gpxtpx:bearing>285.23</gpxtpx:bearing><gpxtpx:speed>25.20749</gpxtpx:speed></gpxtpx:TrackPointExtension></extensions><geoidheight>-27.0</geoidheight><src>gps</src><sat>18</sat><hdop>0.60</hdop><vdop>0.83</vdop><pdop>1.02</pdop><dgpsid>0000</dgpsid></trkpt>
<trkpt lat="32.291141" lon="-109.32617049999999"><ele>1098.2</ele><time>2025-12-11T22:53:08.000Z</time><extensions><gpxtpx:TrackPointExtension><gpxtpx:bearing>285.35</gpxtpx:bearing><gpxtpx:speed>25.13646</gpxtpx:speed></gpxtpx:TrackPointExtension></extensions><geoidheight>-27.0</geoidheight><src>gps</src><sat>18</sat><hdop>0.60</hdop><vdop>0.83</vdop><pdop>1.02</pdop><dgpsid>0000</dgpsid></trkpt>
<trkpt lat="32.291789" lon="-109.329"><ele>1099.0</ele><time>2025-12-11T22:53:19.000Z</time><extensions><gpxtpx:TrackPointExtension><gpxtpx:bearing>285.11</gpxtpx:bearing><gpxtpx:speed>25.092194</gpxtpx:speed></gpxtpx:TrackPointExtension></extensions><geoidheight>-27.0</geoidheight><src>gps</src><sat>19</sat><hdop>0.58</hdop><vdop>0.80</vdop><pdop>0.99</pdop><dgpsid>0000</dgpsid></trkpt>
<trkpt lat="32.292430833333334" lon="-109.33180366666666"><ele>1099.4</ele><time>2025-12-11T22:53:30.000Z</time><extensions><gpxtpx:TrackPointExtension><gpxtpx:bearing>285.0</gpxtpx:bearing><gpxtpx:speed>24.67115</gpxtpx:speed></gpxtpx:TrackPointExtension></extensions><geoidheight>-27.0</geoidheight><src>gps</src><sat>19</sat><hdop>0.58</hdop><vdop>0.80</vdop><pdop>0.99</pdop><dgpsid>0000</dgpsid></trkpt>
<trkpt lat="32.293059166666666" lon="-109.33457516666667"><ele>1099.6</ele><time>2025-12-11T22:53:41.000Z</time><extensions><gpxtpx:TrackPointExtension><gpxtpx:bearing>284.94</gpxtpx:bearing><gpxtpx:speed>24.96197</gpxtpx:speed></gpxtpx:TrackPointExtension></extensions><geoidheight>-27.0</geoidheight><src>gps</src><sat>18</sat><hdop>0.60</hdop><vdop>0.83</vdop><pdop>1.02</pdop><dgpsid>0000</dgpsid></trkpt>
<trkpt lat="32.29371033333334" lon="-109.3374075"><ele>1100.0</ele><time>2025-12-11T22:53:52.000Z</time><extensions><gpxtpx:TrackPointExtension><gpxtpx:bearing>285.09</gpxtpx:bearing><gpxtpx:speed>25.269258</gpxtpx:speed></gpxtpx:TrackPointExtension></extensions><geoidheight>-27.0</geoidheight><src>gps</src><sat>19</sat><hdop>0.58</hdop><vdop>0.80</vdop><pdop>0.99</pdop><dgpsid>0000</dgpsid></trkpt>
<trkpt lat="32.2943695" lon="-109.34027749999998"><ele>1100.9</ele><time>2025-12-11T22:54:03.000Z</time><extensions><gpxtpx:TrackPointExtension><gpxtpx:bearing>285.53</gpxtpx:bearing><gpxtpx:speed>25.649637</gpxtpx:speed></gpxtpx:TrackPointExtension></extensions><geoidheight>-27.0</geoidheight><src>gps</src><sat>19</sat><hdop>0.58</hdop><vdop>0.80</vdop><pdop>0.99</pdop><dgpsid>0000</dgpsid></trkpt>
<trkpt lat="32.295033" lon="-109.34317899999999"><ele>1101.7</ele><time>2025-12-11T22:54:14.000Z</time><extensions><gpxtpx:TrackPointExtension><gpxtpx:bearing>285.08</gpxtpx:bearing><gpxtpx:speed>25.848835</gpxtpx:speed></gpxtpx:TrackPointExtension></extensions><geoidheight>-27.0</geoidheight><src>gps</src><sat>19</sat><hdop>0.58</hdop><vdop>0.80</vdop><pdop>0.99</pdop><dgpsid>0000</dgpsid></trkpt>
<trkpt lat="32.295692" lon="-109.34606733333334"><ele>1102.3</ele><time>2025-12-11T22:54:25.000Z</time><extensions><gpxtpx:TrackPointExtension><gpxtpx:bearing>284.91</gpxtpx:bearing><gpxtpx:speed>25.589415</gpxtpx:speed></gpxtpx:TrackPointExtension></extensions><geoidheight>-27.0</geoidheight><src>gps</src><sat>18</sat><hdop>0.62</hdop><vdop>0.84</vdop><pdop>1.04</pdop><dgpsid>0000</dgpsid></trkpt>
<trkpt lat="32.296356833333334" lon="-109.34897016666667"><ele>1104.3</ele><time>2025-12-11T22:54:36.000Z</time><extensions><gpxtpx:TrackPointExtension><gpxtpx:bearing>285.12</gpxtpx:bearing><gpxtpx:speed>25.586327</gpxtpx:speed></gpxtpx:TrackPointExtension></extensions><geoidheight>-27.0</geoidheight><src>gps</src><sat>19</sat><hdop>0.58</hdop><vdop>0.82</vdop><pdop>1.01</pdop><dgpsid>0000</dgpsid></trkpt>
<trkpt lat="32.297005166666665" lon="-109.35181516666668"><ele>1109.3</ele><time>2025-12-11T22:54:47.000Z</time><extensions><gpxtpx:TrackPointExtension><gpxtpx:bearing>284.96</gpxtpx:bearing><gpxtpx:speed>24.926453</gpxtpx:speed></gpxtpx:TrackPointExtension></extensions><geoidheight>-27.0</geoidheight><src>gps</src><sat>19</sat><hdop>0.58</hdop><vdop>0.80</vdop><pdop>0.99</pdop><dgpsid>0000</dgpsid></trkpt>
<trkpt lat="32.297643666666666" lon="-109.35461250000002"><ele>1109.5</ele><time>2025-12-11T22:54:58.000Z</time><extensions><gpxtpx:TrackPointExtension><gpxtpx:bearing>285.04</gpxtpx:bearing><gpxtpx:speed>25.44169</gpxtpx:speed></gpxtpx:TrackPointExtension></extensions><geoidheight>-27.0</geoidheight><src>gps</src><sat>19</sat><hdop>0.58</hdop><vdop>0.80</vdop><pdop>0.99</pdop><dgpsid>0000</dgpsid></trkpt>
<trkpt lat="32.298308" lon="-109.35750333333333"><ele>1106.5</ele><time>2025-12-11T22:55:09.000Z</time><extensions><gpxtpx:TrackPointExtension><gpxtpx:bearing>285.21</gpxtpx:bearing><gpxtpx:speed>25.8056</gpxtpx:speed></gpxtpx:TrackPointExtension></extensions><geoidheight>-27.0</geoidheight><src>gps</src><sat>19</sat><hdop>0.58</hdop><vdop>0.80</vdop><pdop>0.99</pdop><dgpsid>0000</dgpsid></trkpt>
<trkpt lat="32.29897283333333" lon="-109.36041099999998"><ele>1107.4</ele><time>2025-12-11T22:55:20.000Z</time><extensions><gpxtpx:TrackPointExtension><gpxtpx:bearing>285.34</gpxtpx:bearing><gpxtpx:speed>25.762877</gpxtpx:speed></gpxtpx:TrackPointExtension></extensions><geoidheight>-27.0</geoidheight><src>gps</src><sat>19</sat><hdop>0.58</hdop><vdop>0.82</vdop><pdop>1.01</pdop><dgpsid>0000</dgpsid></trkpt>
<trkpt lat="32.2996305" lon="-109.36331116666666"><ele>1109.7</ele><time>2025-12-11T22:55:31.000Z</time><extensions><gpxtpx:TrackPointExtension><gpxtpx:bearing>285.22</gpxtpx:bearing><gpxtpx:speed>25.76854</gpxtpx:speed></gpxtpx:TrackPointExtension></extensions><geoidheight>-27.0</geoidheight><src>gps</src><sat>18</sat><hdop>0.58</hdop><vdop>0.80</vdop><pdop>0.99</pdop><dgpsid>0000</dgpsid></trkpt>
<trkpt lat="32.30029316666666" lon="-109.36623566666667"><ele>1110.9</ele><time>2025-12-11T22:55:42.000Z</time><extensions><gpxtpx:TrackPointExtension><gpxtpx:bearing>284.8</gpxtpx:bearing><gpxtpx:speed>26.038767</gpxtpx:speed></gpxtpx:TrackPointExtension></extensions><geoidheight>-27.0</geoidheight><src>gps</src><sat>19</sat><hdop>0.58</hdop><vdop>0.82</vdop><pdop>1.01</pdop><dgpsid>0000</dgpsid></trkpt>
<trkpt lat="32.300960833333335" lon="-109.36916649999999"><ele>1111.7</ele><time>2025-12-11T22:55:53.000Z</time><extensions><gpxtpx:TrackPointExtension><gpxtpx:bearing>284.95</gpxtpx:bearing><gpxtpx:speed>25.675888</gpxtpx:speed></gpxtpx:TrackPointExtension></extensions><geoidheight>-27.0</geoidheight><src>gps</src><sat>19</sat><hdop>0.58</hdop><vdop>0.80</vdop><pdop>0.99</pdop><dgpsid>0000</dgpsid></trkpt>
<trkpt lat="32.301630833333334" lon="-109.37208899999999"><ele>1112.3</ele><time>2025-12-11T22:56:04.000Z</time><extensions><gpxtpx:TrackPointExtension><gpxtpx:bearing>285.01</gpxtpx:bearing><gpxtpx:speed>26.343998</gpxtpx:speed></gpxtpx:TrackPointExtension></extensions><geoidheight>-27.0</geoidheight><src>gps</src><sat>18</sat><hdop>0.60</hdop><vdop>0.80</vdop><pdop>1.00</pdop><dgpsid>0000</dgpsid></trkpt>
<trkpt lat="32.302309666666666" lon="-109.37506483333333"><ele>1113.4</ele><time>2025-12-11T22:56:15.000Z</time><extensions><gpxtpx:TrackPointExtension><gpxtpx:bearing>285.17</gpxtpx:bearing><gpxtpx:speed>26.270393</gpxtpx:speed></gpxtpx:TrackPointExtension></extensions><geoidheight>-27.0</geoidheight><src>gps</src><sat>18</sat><hdop>0.60</hdop><vdop>0.80</vdop><pdop>1.00</pdop><dgpsid>0000</dgpsid></trkpt>
<trkpt lat="32.30297816666667" lon="-109.3780085"><ele>1114.0</ele><time>2025-12-11T22:56:26.000Z</time><extensions><gpxtpx:TrackPointExtension><gpxtpx:bearing>285.02</gpxtpx:bearing><gpxtpx:speed>25.817438</gpxtpx:speed></gpxtpx:TrackPointExtension></extensions><geoidheight>-27.0</geoidheight><src>gps</src><sat>19</sat><hdop>0.60</hdop><vdop>0.83</vdop><pdop>1.02</pdop><dgpsid>0000</dgpsid></trkpt>
<trkpt lat="32.303641166666665" lon="-109.38091950000002"><ele>1115.1</ele><time>2025-12-11T22:56:37.000Z</time><extensions><gpxtpx:TrackPointExtension><gpxtpx:bearing>285.02</gpxtpx:bearing><gpxtpx:speed>25.956411</gpxtpx:speed></gpxtpx:TrackPointExtension></extensions><geoidheight>-27.0</geoidheight><src>gps</src><sat>19</sat><hdop>0.58</hdop><vdop>0.83</vdop><pdop>1.01</pdop><dgpsid>0000</dgpsid></trkpt>
<trkpt lat="32.30431516666667" lon="-109.38386283333332"><ele>1115.2</ele><time>2025-12-11T22:56:48.000Z</time><extensions><gpxtpx:TrackPointExtension><gpxtpx:bearing>285.3</gpxtpx:bearing><gpxtpx:speed>26.166933</gpxtpx:speed></gpxtpx:TrackPointExtension></extensions><geoidheight>-27.0</geoidheight><src>gps</src><sat>19</sat><hdop>0.58</hdop><vdop>0.80</vdop><pdop>0.99</pdop><dgpsid>0000</dgpsid></trkpt>
<trkpt lat="32.30498566666667" lon="-109.38681533333332"><ele>1115.5</ele><time>2025-12-11T22:56:59.000Z</time><extensions><gpxtpx:TrackPointExtension><gpxtpx:bearing>285.1</gpxtpx:bearing><gpxtpx:speed>26.140167</gpxtpx:speed></gpxtpx:TrackPointExtension></extensions><geoidheight>-27.0</geoidheight><src>gps</src><sat>19</sat><hdop>0.58</hdop><vdop>0.80</vdop><pdop>0.99</pdop><dgpsid>0000</dgpsid></trkpt>
<trkpt lat="32.30565433333334" lon="-109.38975516666666"><ele>1115.7</ele><time>2025-12-11T22:57:10.000Z</time><extensions><gpxtpx:TrackPointExtension><gpxtpx:bearing>285.24</gpxtpx:bearing><gpxtpx:speed>26.20039</gpxtpx:speed></gpxtpx:TrackPointExtension></extensions><geoidheight>-27.0</geoidheight><src>gps</src><sat>19</sat><hdop>0.58</hdop><vdop>0.80</vdop><pdop>0.99</pdop><dgpsid>0000</dgpsid></trkpt>
<trkpt lat="32.306334666666665" lon="-109.39273216666668"><ele>1117.7</ele><time>2025-12-11T22:57:21.000Z</time><extensions><gpxtpx:TrackPointExtension><gpxtpx:bearing>285.16</gpxtpx:bearing><gpxtpx:speed>26.293041</gpxtpx:speed></gpxtpx:TrackPointExtension></extensions><geoidheight>-27.0</geoidheight><src>gps</src><sat>19</sat><hdop>0.58</hdop><vdop>0.80</vdop><pdop>0.99</pdop><dgpsid>0000</dgpsid></trkpt>
<trkpt lat="32.306994833333334" lon="-109.39566183333334"><ele>1122.6</ele><time>2025-12-11T22:57:32.000Z</time><extensions><gpxtpx:TrackPointExtension><gpxtpx:bearing>284.93</gpxtpx:bearing><gpxtpx:speed>25.464853</gpxtpx:speed></gpxtpx:TrackPointExtension></extensions><geoidheight>-27.0</geoidheight><src>gps</src><sat>19</sat><hdop>0.58</hdop><vdop>0.83</vdop><pdop>1.01</pdop><dgpsid>0000</dgpsid></trkpt>
<trkpt lat="32.3076515" lon="-109.39851016666668"><ele>1121.3</ele><time>2025-12-11T22:57:43.000Z</time><extensions><gpxtpx:TrackPointExtension><gpxtpx:bearing>285.06</gpxtpx:bearing><gpxtpx:speed>25.515295</gpxtpx:speed></gpxtpx:TrackPointExtension></extensions><geoidheight>-27.0</geoidheight><src>gps</src><sat>19</sat><hdop>0.62</hdop><vdop>0.86</vdop><pdop>1.06</pdop><dgpsid>0000</dgpsid></trkpt>
<trkpt lat="32.30831283333334" lon="-109.4013885"><ele>1119.2</ele><time>2025-12-11T22:57:54.000Z</time><extensions><gpxtpx:TrackPointExtension><gpxtpx:bearing>285.02</gpxtpx:bearing><gpxtpx:speed>25.68258</gpxtpx:speed></gpxtpx:TrackPointExtension></extensions><geoidheight>-27.0</geoidheight><src>gps</src><sat>19</sat><hdop>0.58</hdop><vdop>0.80</vdop><pdop>0.99</pdop><dgpsid>0000</dgpsid></trkpt>
<trkpt lat="32.308974" lon="-109.40429716666668"><ele>1119.2</ele><time>2025-12-11T22:58:05.000Z</time><extensions><gpxtpx:TrackPointExtension><gpxtpx:bearing>284.85</gpxtpx:bearing><gpxtpx:speed>25.97031</gpxtpx:speed></gpxtpx:TrackPointExtension></extensions><geoidheight>-27.0</geoidheight><src>gps</src><sat>19</sat><hdop>0.58</hdop><vdop>0.80</vdop><pdop>0.99</pdop><dgpsid>0000</dgpsid></trkpt>
<trkpt lat="32.30964216666666" lon="-109.40723066666666"><ele>1119.9</ele><time>2025-12-11T22:58:16.000Z</time><extensions><gpxtpx:TrackPointExtension><gpxtpx:bearing>285.48</gpxtpx:bearing><gpxtpx:speed>25.848835</gpxtpx:speed></gpxtpx:TrackPointExtension></extensions><geoidheight>-27.0</geoidheight><src>gps</src><sat>19</sat><hdop>0.58</hdop><vdop>0.83</vdop><pdop>1.01</pdop><dgpsid>0000</dgpsid></trkpt>
<trkpt lat="32.310301833333334" lon="-109.4101275"><ele>1120.1</ele><time>2025-12-11T22:58:27.000Z</time><extensions><gpxtpx:TrackPointExtension><gpxtpx:bearing>285.34</gpxtpx:bearing><gpxtpx:speed>25.574488</gpxtpx:speed></gpxtpx:TrackPointExtension></extensions><geoidheight>-27.0</geoidheight><src>gps</src><sat>19</sat><hdop>0.58</hdop><vdop>0.83</vdop><pdop>1.01</pdop><dgpsid>0000</dgpsid></trkpt>
<trkpt lat="32.31095916666666" lon="-109.41302316666666"><ele>1121.2</ele><time>2025-12-11T22:58:38.000Z</time><extensions><gpxtpx:TrackPointExtension><gpxtpx:bearing>285.28</gpxtpx:bearing><gpxtpx:speed>25.798393</gpxtpx:speed></gpxtpx:TrackPointExtension></extensions><geoidheight>-27.0</geoidheight><src>gps</src><sat>19</sat><hdop>0.58</hdop><vdop>0.83</vdop><pdop>1.01</pdop><dgpsid>0000</dgpsid></trkpt>
<trkpt lat="32.31161866666666" lon="-109.41592916666666"><ele>1122.0</ele><time>2025-12-11T22:58:49.000Z</time><extensions><gpxtpx:TrackPointExtension><gpxtpx:bearing>285.16</gpxtpx:bearing><gpxtpx:speed>25.677948</gpxtpx:speed></gpxtpx:TrackPointExtension></extensions><geoidheight>-27.0</geoidheight><src>gps</src><sat>19</sat><hdop>0.58</hdop><vdop>0.83</vdop><pdop>1.01</pdop><dgpsid>0000</dgpsid></trkpt>
<trkpt lat="32.31229333333333" lon="-109.41887616666666"><ele>1123.1</ele><time>2025-12-11T22:59:00.000Z</time><extensions><gpxtpx:TrackPointExtension><gpxtpx:bearing>285.07</gpxtpx:bearing><gpxtpx:speed>26.241568</gpxtpx:speed></gpxtpx:TrackPointExtension></extensions><geoidheight>-27.0</geoidheight><src>gps</src><sat>19</sat><hdop>0.58</hdop><vdop>0.83</vdop><pdop>1.02</pdop><dgpsid>0000</dgpsid></trkpt>
<trkpt lat="32.31295116666667" lon="-109.42177949999999"><ele>1124.8</ele><time>2025-12-11T22:59:11.000Z</time><extensions><gpxtpx:TrackPointExtension><gpxtpx:bearing>284.86</gpxtpx:bearing><gpxtpx:speed>25.420073</gpxtpx:speed></gpxtpx:TrackPointExtension></extensions><geoidheight>-27.0</geoidheight><src>gps</src><sat>19</sat><hdop>0.58</hdop><vdop>0.80</vdop><pdop>0.99</pdop><dgpsid>0000</dgpsid></trkpt>
<trkpt lat="32.313597333333334" lon="-109.4246205"><ele>1126.1</ele><time>2025-12-11T22:59:22.000Z</time><extensions><gpxtpx:TrackPointExtension><gpxtpx:bearing>285.1</gpxtpx:bearing><gpxtpx:speed>25.195139</gpxtpx:speed></gpxtpx:TrackPointExtension></extensions><geoidheight>-27.0</geoidheight><src>gps</src><sat>18</sat><hdop>0.62</hdop><vdop>0.92</vdop><pdop>1.11</pdop><dgpsid>0000</dgpsid></trkpt>
<trkpt lat="32.31430183333334" lon="-109.42772083333332"><ele>1128.0</ele><time>2025-12-11T22:59:34.000Z</time><extensions><gpxtpx:TrackPointExtension><gpxtpx:bearing>284.99</gpxtpx:bearing><gpxtpx:speed>25.11999</gpxtpx:speed></gpxtpx:TrackPointExtension></extensions><geoidheight>-27.0</geoidheight><src>gps</src><sat>17</sat><hdop>0.63</hdop><vdop>0.91</vdop><pdop>1.10</pdop><dgpsid>0000</dgpsid></trkpt>
<trkpt lat="32.314947" lon="-109.43053783333335"><ele>1129.1</ele><time>2025-12-11T22:59:45.000Z</time><extensions><gpxtpx:TrackPointExtension><gpxtpx:bearing>285.09</gpxtpx:bearing><gpxtpx:speed>25.14315</gpxtpx:speed></gpxtpx:TrackPointExtension></extensions><geoidheight>-27.0</geoidheight><src>gps</src><sat>17</sat><hdop>0.63</hdop><vdop>0.94</vdop><pdop>1.13</pdop><dgpsid>0000</dgpsid></trkpt>
<trkpt lat="32.31559516666667" lon="-109.43337433333333"><ele>1130.2</ele><time>2025-12-11T22:59:56.000Z</time><extensions><gpxtpx:TrackPointExtension><gpxtpx:bearing>285.0</gpxtpx:bearing><gpxtpx:speed>25.19977</gpxtpx:speed></gpxtpx:TrackPointExtension></extensions><geoidheight>-27.0</geoidheight><src>gps</src><sat>16</sat><hdop>0.64</hdop><vdop>0.93</vdop><pdop>1.13</pdop><dgpsid>0000</dgpsid></trkpt>
<trkpt lat="32.316241500000004" lon="-109.43622066666667"><ele>1131.1</ele><time>2025-12-11T23:00:07.000Z</time><extensions><gpxtpx:TrackPointExtension><gpxtpx:bearing>285.08</gpxtpx:bearing><gpxtpx:speed>25.299112</gpxtpx:speed></gpxtpx:TrackPointExtension></extensions><geoidheight>-27.0</geoidheight><src>gps</src><sat>16</sat><hdop>0.67</hdop><vdop>1.01</vdop><pdop>1.22</pdop><dgpsid>0000</dgpsid></trkpt>
<trkpt lat="32.316884333333334" lon="-109.43903966666667"><ele>1131.7</ele><time>2025-12-11T23:00:18.000Z</time><extensions><gpxtpx:TrackPointExtension><gpxtpx:bearing>284.49</gpxtpx:bearing><gpxtpx:speed>24.820421</gpxtpx:speed></gpxtpx:TrackPointExtension></extensions><geoidheight>-27.0</geoidheight><src>gps</src><sat>17</sat><hdop>0.63</hdop><vdop>0.91</vdop><pdop>1.10</pdop><dgpsid>0000</dgpsid></trkpt>
<trkpt lat="32.31735166666667" lon="-109.44183416666668"><ele>1131.0</ele><time>2025-12-11T23:00:29.000Z</time><extensions><gpxtpx:TrackPointExtension><gpxtpx:bearing>277.9</gpxtpx:bearing><gpxtpx:speed>24.219225</gpxtpx:speed></gpxtpx:TrackPointExtension></extensions><geoidheight>-27.0</geoidheight><src>gps</src><sat>16</sat><hdop>0.67</hdop><vdop>0.99</vdop><pdop>1.20</pdop><dgpsid>0000</dgpsid></trkpt>
<trkpt lat="32.317546166666666" lon="-109.44463983333331"><ele>1130.6</ele><time>2025-12-11T23:00:40.000Z</time><extensions><gpxtpx:TrackPointExtension><gpxtpx:bearing>271.32</gpxtpx:bearing><gpxtpx:speed>24.15334</gpxtpx:speed></gpxtpx:TrackPointExtension></extensions><geoidheight>-27.0</geoidheight><src>gps</src><sat>18</sat><hdop>0.62</hdop><vdop>0.89</vdop><pdop>1.08</pdop><dgpsid>0000</dgpsid></trkpt>
<trkpt lat="32.31755633333333" lon="-109.44746266666668"><ele>1131.9</ele><time>2025-12-11T23:00:51.000Z</time><extensions><gpxtpx:TrackPointExtension><gpxtpx:bearing>270.2</gpxtpx:bearing><gpxtpx:speed>24.211504</gpxtpx:speed></gpxtpx:TrackPointExtension></extensions><geoidheight>-27.0</geoidheight><src>gps</src><sat>18</sat><hdop>0.62</hdop><vdop>0.89</vdop><pdop>1.09</pdop><dgpsid>0000</dgpsid></trkpt>
<trkpt lat="32.317559833333334" lon="-109.450293"><ele>1132.3</ele><time>2025-12-11T23:01:02.000Z</time><extensions><gpxtpx:TrackPointExtension><gpxtpx:bearing>270.06</gpxtpx:bearing><gpxtpx:speed>24.266579</gpxtpx:speed></gpxtpx:TrackPointExtension></extensions><geoidheight>-27.0</geoidheight><src>gps</src><sat>18</sat><hdop>0.62</hdop><vdop>0.89</vdop><pdop>1.09</pdop><dgpsid>0000</dgpsid></trkpt>
<trkpt lat="32.3175635" lon="-109.45309200000001"><ele>1133.7</ele><time>2025-12-11T23:01:13.000Z</time><extensions><gpxtpx:TrackPointExtension><gpxtpx:bearing>270.14</gpxtpx:bearing><gpxtpx:speed>23.90473</gpxtpx:speed></gpxtpx:TrackPointExtension></extensions><geoidheight>-27.0</geoidheight><src>gps</src><sat>18</sat><hdop>0.62</hdop><vdop>0.89</vdop><pdop>1.09</pdop><dgpsid>0000</dgpsid></trkpt>
<trkpt lat="32.3175635" lon="-109.45588799999999"><ele>1135.5</ele><time>2025-12-11T23:01:24.000Z</time><extensions><gpxtpx:TrackPointExtension><gpxtpx:bearing>270.25</gpxtpx:bearing><gpxtpx:speed>24.047308</gpxtpx:speed></gpxtpx:TrackPointExtension></extensions><geoidheight>-27.0</geoidheight><src>gps</src><sat>18</sat><hdop>0.62</hdop><vdop>0.89</vdop><pdop>1.09</pdop><dgpsid>0000</dgpsid></trkpt>
<trkpt lat="32.31756883333333" lon="-109.45870383333335"><ele>1136.6</ele><time>2025-12-11T23:01:35.000Z</time><extensions><gpxtpx:TrackPointExtension><gpxtpx:bearing>270.27</gpxtpx:bearing><gpxtpx:speed>24.138927</gpxtpx:speed></gpxtpx:TrackPointExtension></extensions><geoidheight>-27.0</geoidheight><src>gps</src><sat>18</sat><hdop>0.61</hdop><vdop>0.90</vdop><pdop>1.09</pdop><dgpsid>0000</dgpsid></trkpt>
<trkpt lat="32.317573833333334" lon="-109.46151666666668"><ele>1138.5</ele><time>2025-12-11T23:01:46.000Z</time><extensions><gpxtpx:TrackPointExtension><gpxtpx:bearing>269.98</gpxtpx:bearing><gpxtpx:speed>23.955172</gpxtpx:speed></gpxtpx:TrackPointExtension></extensions><geoidheight>-27.0</geoidheight><src>gps</src><sat>18</sat><hdop>0.61</hdop><vdop>0.90</vdop><pdop>1.09</pdop><dgpsid>0000</dgpsid></trkpt>
<trkpt lat="32.31757866666667" lon="-109.46430016666666"><ele>1141.0</ele><time>2025-12-11T23:01:57.000Z</time><extensions><gpxtpx:TrackPointExtension><gpxtpx:bearing>269.83</gpxtpx:bearing><gpxtpx:speed>23.692663</gpxtpx:speed></gpxtpx:TrackPointExtension></extensions><geoidheight>-27.0</geoidheight><src>gps</src><sat>18</sat><hdop>0.61</hdop><vdop>0.90</vdop><pdop>1.09</pdop><dgpsid>0000</dgpsid></trkpt>
<trkpt lat="32.317578499999996" lon="-109.46705850000002"><ele>1143.1</ele><time>2025-12-11T23:02:08.000Z</time><extensions><gpxtpx:TrackPointExtension><gpxtpx:bearing>270.03</gpxtpx:bearing><gpxtpx:speed>23.6345</gpxtpx:speed></gpxtpx:TrackPointExtension></extensions><geoidheight>-27.0</geoidheight><src>gps</src><sat>18</sat><hdop>0.61</hdop><vdop>0.90</vdop><pdop>1.09</pdop><dgpsid>0000</dgpsid></trkpt>
<trkpt lat="32.317580666666665" lon="-109.46979466666666"><ele>1144.9</ele><time>2025-12-11T23:02:19.000Z</time><extensions><gpxtpx:TrackPointExtension><gpxtpx:bearing>270.26</gpxtpx:bearing><gpxtpx:speed>23.313314</gpxtpx:speed></gpxtpx:TrackPointExtension></extensions><geoidheight>-27.0</geoidheight><src>gps</src><sat>18</sat><hdop>0.61</hdop><vdop>0.90</vdop><pdop>1.09</pdop><dgpsid>0000</dgpsid></trkpt>
<trkpt lat="32.31758633333333" lon="-109.47256383333334"><ele>1147.2</ele><time>2025-12-11T23:02:30.000Z</time><extensions><gpxtpx:TrackPointExtension><gpxtpx:bearing>270.09</gpxtpx:bearing><gpxtpx:speed>24.05966</gpxtpx:speed></gpxtpx:TrackPointExtension></extensions><geoidheight>-27.0</geoidheight><src>gps</src><sat>18</sat><hdop>0.61</hdop><vdop>0.90</vdop><pdop>1.09</pdop><dgpsid>0000</dgpsid></trkpt>
<trkpt lat="32.31758816666666" lon="-109.47538266666668"><ele>1149.1</ele><time>2025-12-11T23:02:41.000Z</time><extensions><gpxtpx:TrackPointExtension><gpxtpx:bearing>270.15</gpxtpx:bearing><gpxtpx:speed>24.207901</gpxtpx:speed></gpxtpx:TrackPointExtension></extensions><geoidheight>-27.0</geoidheight><src>gps</src><sat>18</sat><hdop>0.61</hdop><vdop>0.90</vdop><pdop>1.09</pdop><dgpsid>0000</dgpsid></trkpt>
<trkpt lat="32.31758883333334" lon="-109.47822300000001"><ele>1151.1</ele><time>2025-12-11T23:02:52.000Z</time><extensions><gpxtpx:TrackPointExtension><gpxtpx:bearing>270.47</gpxtpx:bearing><gpxtpx:speed>24.444159</gpxtpx:speed></gpxtpx:TrackPointExtension></extensions><geoidheight>-27.0</geoidheight><src>gps</src><sat>17</sat><hdop>0.61</hdop><vdop>0.90</vdop><pdop>1.09</pdop><dgpsid>0000</dgpsid></trkpt>
<trkpt lat="32.31759016666667" lon="-109.48113833333333"><ele>1152.9</ele><time>2025-12-11T23:03:03.000Z</time><extensions><gpxtpx:TrackPointExtension><gpxtpx:bearing>270.14</gpxtpx:bearing><gpxtpx:speed>25.248154</gpxtpx:speed></gpxtpx:TrackPointExtension></extensions><geoidheight>-27.0</geoidheight><src>gps</src><sat>18</sat><hdop>0.61</hdop><vdop>0.90</vdop><pdop>1.09</pdop><dgpsid>0000</dgpsid></trkpt>
<trkpt lat="32.317589500000004" lon="-109.4840075"><ele>1157.5</ele><time>2025-12-11T23:03:14.000Z</time><extensions><gpxtpx:TrackPointExtension><gpxtpx:bearing>269.93</gpxtpx:bearing><gpxtpx:speed>24.160032</gpxtpx:speed></gpxtpx:TrackPointExtension></extensions><geoidheight>-27.0</geoidheight><src>gps</src><sat>18</sat><hdop>0.61</hdop><vdop>0.90</vdop><pdop>1.09</pdop><dgpsid>0000</dgpsid></trkpt>
<trkpt lat="32.31762233333333" lon="-109.48687916666668"><ele>1157.8</ele><time>2025-12-11T23:03:25.000Z</time><extensions><gpxtpx:TrackPointExtension><gpxtpx:bearing>272.94</gpxtpx:bearing><gpxtpx:speed>24.991308</gpxtpx:speed></gpxtpx:TrackPointExtension></extensions><geoidheight>-27.0</geoidheight><src>gps</src><sat>18</sat><hdop>0.61</hdop><vdop>0.90</vdop><pdop>1.09</pdop><dgpsid>0000</dgpsid></trkpt>
<trkpt lat="32.31789716666666" lon="-109.48978583333334"><ele>1159.1</ele><time>2025-12-11T23:03:36.000Z</time><extensions><gpxtpx:TrackPointExtension><gpxtpx:bearing>279.81</gpxtpx:bearing><gpxtpx:speed>25.040722</gpxtpx:speed></gpxtpx:TrackPointExtension></extensions><geoidheight>-27.0</geoidheight><src>gps</src><sat>18</sat><hdop>0.61</hdop><vdop>0.90</vdop><pdop>1.09</pdop><dgpsid>0000</dgpsid></trkpt>
<trkpt lat="32.318454333333335" lon="-109.49259116666666"><ele>1159.4</ele><time>2025-12-11T23:03:47.000Z</time><extensions><gpxtpx:TrackPointExtension><gpxtpx:bearing>286.71</gpxtpx:bearing><gpxtpx:speed>24.303125</gpxtpx:speed></gpxtpx:TrackPointExtension></extensions><geoidheight>-27.0</geoidheight><src>gps</src><sat>18</sat><hdop>0.61</hdop><vdop>0.90</vdop><pdop>1.09</pdop><dgpsid>0000</dgpsid></trkpt>
<trkpt lat="32.319251" lon="-109.49521583333332"><ele>1160.2</ele><time>2025-12-11T23:03:58.000Z</time><extensions><gpxtpx:TrackPointExtension><gpxtpx:bearing>292.56</gpxtpx:bearing><gpxtpx:speed>23.722517</gpxtpx:speed></gpxtpx:TrackPointExtension></extensions><geoidheight>-27.0</geoidheight><src>gps</src><sat>18</sat><hdop>0.61</hdop><vdop>0.90</vdop><pdop>1.09</pdop><dgpsid>0000</dgpsid></trkpt>
<trkpt lat="32.3202825" lon="-109.49768133333333"><ele>1160.9</ele><time>2025-12-11T23:04:09.000Z</time><extensions><gpxtpx:TrackPointExtension><gpxtpx:bearing>299.42</gpxtpx:bearing><gpxtpx:speed>23.445597</gpxtpx:speed></gpxtpx:TrackPointExtension></extensions><geoidheight>-27.0</geoidheight><src>gps</src><sat>18</sat><hdop>0.61</hdop><vdop>0.90</vdop><pdop>1.09</pdop><dgpsid>0000</dgpsid></trkpt>
<trkpt lat="32.321523166666665" lon="-109.499952"><ele>1162.8</ele><time>2025-12-11T23:04:20.000Z</time><extensions><gpxtpx:TrackPointExtension><gpxtpx:bearing>305.72</gpxtpx:bearing><gpxtpx:speed>22.913889</gpxtpx:speed></gpxtpx:TrackPointExtension></extensions><geoidheight>-27.0</geoidheight><src>gps</src><sat>18</sat><hdop>0.61</hdop><vdop>0.90</vdop><pdop>1.09</pdop><dgpsid>0000</dgpsid></trkpt>
<trkpt lat="32.322866" lon="-109.50211050000001"><ele>1165.8</ele><time>2025-12-11T23:04:31.000Z</time><extensions><gpxtpx:TrackPointExtension><gpxtpx:bearing>306.08</gpxtpx:bearing><gpxtpx:speed>23.081173</gpxtpx:speed></gpxtpx:TrackPointExtension></extensions><geoidheight>-27.0</geoidheight><src>gps</src><sat>18</sat><hdop>0.63</hdop><vdop>0.92</vdop><pdop>1.11</pdop><dgpsid>0000</dgpsid></trkpt>
<trkpt lat="32.3242355" lon="-109.50429100000001"><ele>1164.3</ele><time>2025-12-11T23:04:42.000Z</time><extensions><gpxtpx:TrackPointExtension><gpxtpx:bearing>306.22</gpxtpx:bearing><gpxtpx:speed>22.851093</gpxtpx:speed></gpxtpx:TrackPointExtension></extensions><geoidheight>-27.0</geoidheight><src>gps</src><sat>18</sat><hdop>0.61</hdop><vdop>0.90</vdop><pdop>1.09</pdop><dgpsid>0000</dgpsid></trkpt>
<trkpt lat="32.325541333333334" lon="-109.50637966666666"><ele>1165.0</ele><time>2025-12-11T23:04:53.000Z</time><extensions><gpxtpx:TrackPointExtension><gpxtpx:bearing>306.6</gpxtpx:bearing><gpxtpx:speed>21.994595</gpxtpx:speed></gpxtpx:TrackPointExtension></extensions><geoidheight>-27.0</geoidheight><src>gps</src><sat>18</sat><hdop>0.61</hdop><vdop>0.90</vdop><pdop>1.09</pdop><dgpsid>0000</dgpsid></trkpt>
<trkpt lat="32.326833" lon="-109.50845550000001"><ele>1166.0</ele><time>2025-12-11T23:05:04.000Z</time><extensions><gpxtpx:TrackPointExtension><gpxtpx:bearing>306.32</gpxtpx:bearing><gpxtpx:speed>22.794989</gpxtpx:speed></gpxtpx:TrackPointExtension></extensions><geoidheight>-27.0</geoidheight><src>gps</src><sat>18</sat><hdop>0.61</hdop><vdop>0.90</vdop><pdop>1.09</pdop><dgpsid>0000</dgpsid></trkpt>
<trkpt lat="32.32822483333334" lon="-109.51069566666665"><ele>1167.5</ele><time>2025-12-11T23:05:15.000Z</time><extensions><gpxtpx:TrackPointExtension><gpxtpx:bearing>306.32</gpxtpx:bearing><gpxtpx:speed>24.365921</gpxtpx:speed></gpxtpx:TrackPointExtension></extensions><geoidheight>-27.0</geoidheight><src>gps</src><sat>18</sat><hdop>0.61</hdop><vdop>0.90</vdop><pdop>1.09</pdop><dgpsid>0000</dgpsid></trkpt>
<trkpt lat="32.32966566666666" lon="-109.51300116666668"><ele>1168.8</ele><time>2025-12-11T23:05:26.000Z</time><extensions><gpxtpx:TrackPointExtension><gpxtpx:bearing>305.92</gpxtpx:bearing><gpxtpx:speed>24.803434</gpxtpx:speed></gpxtpx:TrackPointExtension></extensions><geoidheight>-27.0</geoidheight><src>gps</src><sat>18</sat><hdop>0.61</hdop><vdop>0.90</vdop><pdop>1.09</pdop><dgpsid>0000</dgpsid></trkpt>
<trkpt lat="32.33098566666667" lon="-109.51543766666667"><ele>1167.5</ele><time>2025-12-11T23:05:37.000Z</time><extensions><gpxtpx:TrackPointExtension><gpxtpx:bearing>298.92</gpxtpx:bearing><gpxtpx:speed>24.68402</gpxtpx:speed></gpxtpx:TrackPointExtension></extensions><geoidheight>-27.0</geoidheight><src>gps</src><sat>17</sat><hdop>0.62</hdop><vdop>0.90</vdop><pdop>1.10</pdop><dgpsid>0000</dgpsid></trkpt>
<trkpt lat="32.332057" lon="-109.51804366666666"><ele>1168.6</ele><time>2025-12-11T23:05:48.000Z</time><extensions><gpxtpx:TrackPointExtension><gpxtpx:bearing>292.45</gpxtpx:bearing><gpxtpx:speed>25.758759</gpxtpx:speed></gpxtpx:TrackPointExtension></extensions><geoidheight>-27.0</geoidheight><src>gps</src><sat>18</sat><hdop>0.61</hdop><vdop>0.90</vdop><pdop>1.09</pdop><dgpsid>0000</dgpsid></trkpt>
<trkpt lat="32.33289966666667" lon="-109.52089900000001"><ele>1171.0</ele><time>2025-12-11T23:05:59.000Z</time><extensions><gpxtpx:TrackPointExtension><gpxtpx:bearing>285.93</gpxtpx:bearing><gpxtpx:speed>25.731478</gpxtpx:speed></gpxtpx:TrackPointExtension></extensions><geoidheight>-27.0</geoidheight><src>gps</src><sat>18</sat><hdop>0.61</hdop><vdop>0.90</vdop><pdop>1.09</pdop><dgpsid>0000</dgpsid></trkpt>
<trkpt lat="32.333488333333335" lon="-109.52385616666668"><ele>1173.6</ele><time>2025-12-11T23:06:10.000Z</time><extensions><gpxtpx:TrackPointExtension><gpxtpx:bearing>282.41</gpxtpx:bearing><gpxtpx:speed>26.146345</gpxtpx:speed></gpxtpx:TrackPointExtension></extensions><geoidheight>-27.0</geoidheight><src>gps</src><sat>18</sat><hdop>0.61</hdop><vdop>0.90</vdop><pdop>1.09</pdop><dgpsid>0000</dgpsid></trkpt>
<trkpt lat="32.334043333333334" lon="-109.52685616666668"><ele>1175.2</ele><time>2025-12-11T23:06:21.000Z</time><extensions><gpxtpx:TrackPointExtension><gpxtpx:bearing>282.19</gpxtpx:bearing><gpxtpx:speed>26.567387</gpxtpx:speed></gpxtpx:TrackPointExtension></extensions><geoidheight>-27.0</geoidheight><src>gps</src><sat>18</sat><hdop>0.61</hdop><vdop>0.91</vdop><pdop>1.09</pdop><dgpsid>0000</dgpsid></trkpt>
<trkpt lat="32.33459916666666" lon="-109.52989216666668"><ele>1177.0</ele><time>2025-12-11T23:06:32.000Z</time><extensions><gpxtpx:TrackPointExtension><gpxtpx:bearing>282.04</gpxtpx:bearing><gpxtpx:speed>26.687317</gpxtpx:speed></gpxtpx:TrackPointExtension></extensions><geoidheight>-27.0</geoidheight><src>gps</src><sat>17</sat><hdop>0.62</hdop><vdop>0.92</vdop><pdop>1.11</pdop><dgpsid>0000</dgpsid></trkpt>
<trkpt lat="32.335163333333334" lon="-109.53294583333333"><ele>1179.7</ele><time>2025-12-11T23:06:43.000Z</time><extensions><gpxtpx:TrackPointExtension><gpxtpx:bearing>282.11</gpxtpx:bearing><gpxtpx:speed>26.760923</gpxtpx:speed></gpxtpx:TrackPointExtension></extensions><geoidheight>-27.0</geoidheight><src>gps</src><sat>18</sat><hdop>0.61</hdop><vdop>0.91</vdop><pdop>1.09</pdop><dgpsid>0000</dgpsid></trkpt>
<trkpt lat="32.3357235" lon="-109.53601016666668"><ele>1182.6</ele><time>2025-12-11T23:06:54.000Z</time><extensions><gpxtpx:TrackPointExtension><gpxtpx:bearing>282.27</gpxtpx:bearing><gpxtpx:speed>27.078506</gpxtpx:speed></gpxtpx:TrackPointExtension></extensions><geoidheight>-27.0</geoidheight><src>gps</src><sat>18</sat><hdop>0.61</hdop><vdop>0.91</vdop><pdop>1.09</pdop><dgpsid>0000</dgpsid></trkpt>
<trkpt lat="32.33628916666667" lon="-109.53910499999999"><ele>1186.2</ele><time>2025-12-11T23:07:05.000Z</time><extensions><gpxtpx:TrackPointExtension><gpxtpx:bearing>282.1</gpxtpx:bearing><gpxtpx:speed>26.802616</gpxtpx:speed></gpxtpx:TrackPointExtension></extensions><geoidheight>-27.0</geoidheight><src>gps</src><sat>18</sat><hdop>0.61</hdop><vdop>0.94</vdop><pdop>1.12</pdop><dgpsid>0000</dgpsid></trkpt>
<trkpt lat="32.33684516666666" lon="-109.54214449999999"><ele>1189.7</ele><time>2025-12-11T23:07:16.000Z</time><extensions><gpxtpx:TrackPointExtension><gpxtpx:bearing>282.32</gpxtpx:bearing><gpxtpx:speed>26.627096</gpxtpx:speed></gpxtpx:TrackPointExtension></extensions><geoidheight>-27.0</geoidheight><src>gps</src><sat>17</sat><hdop>0.66</hdop><vdop>1.01</vdop><pdop>1.21</pdop><dgpsid>0000</dgpsid></trkpt>
<trkpt lat="32.33739516666667" lon="-109.5451815"><ele>1192.6</ele><time>2025-12-11T23:07:27.000Z</time><extensions><gpxtpx:TrackPointExtension><gpxtpx:bearing>282.19</gpxtpx:bearing><gpxtpx:speed>26.662611</gpxtpx:speed></gpxtpx:TrackPointExtension></extensions><geoidheight>-27.0</geoidheight><src>gps</src><sat>17</sat><hdop>0.66</hdop><vdop>1.01</vdop><pdop>1.21</pdop><dgpsid>0000</dgpsid></trkpt>
<trkpt lat="32.337947166666666" lon="-109.54821166666667"><ele>1195.5</ele><time>2025-12-11T23:07:38.000Z</time><extensions><gpxtpx:TrackPointExtension><gpxtpx:bearing>282.52</gpxtpx:bearing><gpxtpx:speed>26.30179</gpxtpx:speed></gpxtpx:TrackPointExtension></extensions><geoidheight>-27.0</geoidheight><src>gps</src><sat>17</sat><hdop>0.66</hdop><vdop>1.01</vdop><pdop>1.21</pdop><dgpsid>0000</dgpsid></trkpt>
<trkpt lat="32.33849133333333" lon="-109.5511905"><ele>1197.6</ele><time>2025-12-11T23:07:49.000Z</time><extensions><gpxtpx:TrackPointExtension><gpxtpx:bearing>282.05</gpxtpx:bearing><gpxtpx:speed>26.03362</gpxtpx:speed></gpxtpx:TrackPointExtension></extensions><geoidheight>-27.0</geoidheight><src>gps</src><sat>17</sat><hdop>0.66</hdop><vdop>1.02</vdop><pdop>1.21</pdop><dgpsid>0000</dgpsid></trkpt>
<trkpt lat="32.339029" lon="-109.55414366666668"><ele>1200.4</ele><time>2025-12-11T23:08:00.000Z</time><extensions><gpxtpx:TrackPointExtension><gpxtpx:bearing>282.52</gpxtpx:bearing><gpxtpx:speed>25.700596</gpxtpx:speed></gpxtpx:TrackPointExtension></extensions><geoidheight>-27.0</geoidheight><src>gps</src><sat>16</sat><hdop>0.67</hdop><vdop>1.03</vdop><pdop>1.23</pdop><dgpsid>0000</dgpsid></trkpt>
<trkpt lat="32.33956633333333" lon="-109.55707683333334"><ele>1203.2</ele><time>2025-12-11T23:08:11.000Z</time><extensions><gpxtpx:TrackPointExtension><gpxtpx:bearing>281.98</gpxtpx:bearing><gpxtpx:speed>25.99965</gpxtpx:speed></gpxtpx:TrackPointExtension></extensions><geoidheight>-27.0</geoidheight><src>gps</src><sat>18</sat><hdop>0.61</hdop><vdop>0.91</vdop><pdop>1.09</pdop><dgpsid>0000</dgpsid></trkpt>
<trkpt lat="32.34012216666667" lon="-109.56013016666665"><ele>1205.2</ele><time>2025-12-11T23:08:22.000Z</time><extensions><gpxtpx:TrackPointExtension><gpxtpx:bearing>282.08</gpxtpx:bearing><gpxtpx:speed>27.256601</gpxtpx:speed></gpxtpx:TrackPointExtension></extensions><geoidheight>-27.0</geoidheight><src>gps</src><sat>17</sat><hdop>0.62</hdop><vdop>0.92</vdop><pdop>1.11</pdop><dgpsid>0000</dgpsid></trkpt>
<trkpt lat="32.34068633333333" lon="-109.56322733333333"><ele>1205.6</ele><time>2025-12-11T23:08:33.000Z</time><extensions><gpxtpx:TrackPointExtension><gpxtpx:bearing>282.44</gpxtpx:bearing><gpxtpx:speed>27.192776</gpxtpx:speed></gpxtpx:TrackPointExtension></extensions><geoidheight>-27.0</geoidheight><src>gps</src><sat>18</sat><hdop>0.61</hdop><vdop>0.91</vdop><pdop>1.09</pdop><dgpsid>0000</dgpsid></trkpt>
<trkpt lat="32.341264333333335" lon="-109.56638183333334"><ele>1207.3</ele><time>2025-12-11T23:08:44.000Z</time><extensions><gpxtpx:TrackPointExtension><gpxtpx:bearing>282.06</gpxtpx:bearing><gpxtpx:speed>27.863459</gpxtpx:speed></gpxtpx:TrackPointExtension></extensions><geoidheight>-27.0</geoidheight><src>gps</src><sat>18</sat><hdop>0.64</hdop><vdop>0.91</vdop><pdop>1.11</pdop><dgpsid>0000</dgpsid></trkpt>
<trkpt lat="32.341840166666664" lon="-109.56955416666666"><ele>1209.2</ele><time>2025-12-11T23:08:55.000Z</time><extensions><gpxtpx:TrackPointExtension><gpxtpx:bearing>282.03</gpxtpx:bearing><gpxtpx:speed>27.832575</gpxtpx:speed></gpxtpx:TrackPointExtension></extensions><geoidheight>-27.0</geoidheight><src>gps</src><sat>17</sat><hdop>0.66</hdop><vdop>1.02</vdop><pdop>1.22</pdop><dgpsid>0000</dgpsid></trkpt>
<trkpt lat="32.3424155" lon="-109.57273333333333"><ele>1211.0</ele><time>2025-12-11T23:09:06.000Z</time><extensions><gpxtpx:TrackPointExtension><gpxtpx:bearing>282.34</gpxtpx:bearing><gpxtpx:speed>27.810442</gpxtpx:speed></gpxtpx:TrackPointExtension></extensions><geoidheight>-27.0</geoidheight><src>gps</src><sat>17</sat><hdop>0.66</hdop><vdop>1.02</vdop><pdop>1.22</pdop><dgpsid>0000</dgpsid></trkpt>
<trkpt lat="32.34299" lon="-109.57588666666668"><ele>1212.1</ele><time>2025-12-11T23:09:17.000Z</time><extensions><gpxtpx:TrackPointExtension><gpxtpx:bearing>282.17</gpxtpx:bearing><gpxtpx:speed>27.144905</gpxtpx:speed></gpxtpx:TrackPointExtension></extensions><geoidheight>-27.0</geoidheight><src>gps</src><sat>17</sat><hdop>0.66</hdop><vdop>1.02</vdop><pdop>1.22</pdop><dgpsid>0000</dgpsid></trkpt>
<trkpt lat="32.343557000000004" lon="-109.5789975"><ele>1213.0</ele><time>2025-12-11T23:09:28.000Z</time><extensions><gpxtpx:TrackPointExtension><gpxtpx:bearing>282.21</gpxtpx:bearing><gpxtpx:speed>27.204613</gpxtpx:speed></gpxtpx:TrackPointExtension></extensions><geoidheight>-27.0</geoidheight><src>gps</src><sat>17</sat><hdop>0.66</hdop><vdop>1.02</vdop><pdop>1.22</pdop><dgpsid>0000</dgpsid></trkpt>
<trkpt lat="32.344126833333334" lon="-109.58211083333332"><ele>1213.9</ele><time>2025-12-11T23:09:39.000Z</time><extensions><gpxtpx:TrackPointExtension><gpxtpx:bearing>282.3</gpxtpx:bearing><gpxtpx:speed>27.269468</gpxtpx:speed></gpxtpx:TrackPointExtension></extensions><geoidheight>-27.0</geoidheight><src>gps</src><sat>18</sat><hdop>0.61</hdop><vdop>0.91</vdop><pdop>1.09</pdop><dgpsid>0000</dgpsid></trkpt>
<trkpt lat="32.344687666666665" lon="-109.58517316666666"><ele>1215.2</ele><time>2025-12-11T23:09:50.000Z</time><extensions><gpxtpx:TrackPointExtension><gpxtpx:bearing>282.26</gpxtpx:bearing><gpxtpx:speed>26.418118</gpxtpx:speed></gpxtpx:TrackPointExtension></extensions><geoidheight>-27.0</geoidheight><src>gps</src><sat>18</sat><hdop>0.61</hdop><vdop>0.91</vdop><pdop>1.09</pdop><dgpsid>0000</dgpsid></trkpt>
<trkpt lat="32.34523316666667" lon="-109.58816333333334"><ele>1217.7</ele><time>2025-12-11T23:10:01.000Z</time><extensions><gpxtpx:TrackPointExtension><gpxtpx:bearing>282.08</gpxtpx:bearing><gpxtpx:speed>25.952808</gpxtpx:speed></gpxtpx:TrackPointExtension></extensions><geoidheight>-27.0</geoidheight><src>gps</src><sat>18</sat><hdop>0.61</hdop><vdop>0.91</vdop><pdop>1.09</pdop><dgpsid>0000</dgpsid></trkpt>
<trkpt lat="32.3457675" lon="-109.59107116666668"><ele>1221.4</ele><time>2025-12-11T23:10:12.000Z</time><extensions><gpxtpx:TrackPointExtension><gpxtpx:bearing>282.14</gpxtpx:bearing><gpxtpx:speed>25.059767</gpxtpx:speed></gpxtpx:TrackPointExtension></extensions><geoidheight>-27.0</geoidheight><src>gps</src><sat>17</sat><hdop>0.66</hdop><vdop>1.03</vdop><pdop>1.22</pdop><dgpsid>0000</dgpsid></trkpt>
<trkpt lat="32.346295166666664" lon="-109.59397349999999"><ele>1224.1</ele><time>2025-12-11T23:10:23.000Z</time><extensions><gpxtpx:TrackPointExtension><gpxtpx:bearing>282.33</gpxtpx:bearing><gpxtpx:speed>25.889498</gpxtpx:speed></gpxtpx:TrackPointExtension></extensions><geoidheight>-27.0</geoidheight><src>gps</src><sat>17</sat><hdop>0.66</hdop><vdop>1.03</vdop><pdop>1.22</pdop><dgpsid>0000</dgpsid></trkpt>
<trkpt lat="32.346839833333334" lon="-109.5969575"><ele>1223.5</ele><time>2025-12-11T23:10:34.000Z</time><extensions><gpxtpx:TrackPointExtension><gpxtpx:bearing>282.3</gpxtpx:bearing><gpxtpx:speed>26.439222</gpxtpx:speed></gpxtpx:TrackPointExtension></extensions><geoidheight>-27.0</geoidheight><src>gps</src><sat>17</sat><hdop>0.66</hdop><vdop>1.03</vdop><pdop>1.22</pdop><dgpsid>0000</dgpsid></trkpt>
<trkpt lat="32.34741116666667" lon="-109.59995966666665"><ele>1222.8</ele><time>2025-12-11T23:10:45.000Z</time><extensions><gpxtpx:TrackPointExtension><gpxtpx:bearing>285.52</gpxtpx:bearing><gpxtpx:speed>26.288408</gpxtpx:speed></gpxtpx:TrackPointExtension></extensions><geoidheight>-27.0</geoidheight><src>gps</src><sat>18</sat><hdop>0.66</hdop><vdop>1.03</vdop><pdop>1.22</pdop><dgpsid>0000</dgpsid></trkpt>
<trkpt lat="32.348364999999994" lon="-109.60278783333334"><ele>1221.6</ele><time>2025-12-11T23:10:56.000Z</time><extensions><gpxtpx:TrackPointExtension><gpxtpx:bearing>296.66</gpxtpx:bearing><gpxtpx:speed>25.948177</gpxtpx:speed></gpxtpx:TrackPointExtension></extensions><geoidheight>-27.0</geoidheight><src>gps</src><sat>17</sat><hdop>0.66</hdop><vdop>1.03</vdop><pdop>1.22</pdop><dgpsid>0000</dgpsid></trkpt>
<trkpt lat="32.349770166666666" lon="-109.60526049999999"><ele>1221.8</ele><time>2025-12-11T23:11:07.000Z</time><extensions><gpxtpx:TrackPointExtension><gpxtpx:bearing>309.54</gpxtpx:bearing><gpxtpx:speed>25.39485</gpxtpx:speed></gpxtpx:TrackPointExtension></extensions><geoidheight>-27.0</geoidheight><src>gps</src><sat>18</sat><hdop>0.61</hdop><vdop>0.91</vdop><pdop>1.09</pdop><dgpsid>0000</dgpsid></trkpt>
<trkpt lat="32.351536499999995" lon="-109.60731416666667"><ele>1225.3</ele><time>2025-12-11T23:11:18.000Z</time><extensions><gpxtpx:TrackPointExtension><gpxtpx:bearing>320.65</gpxtpx:bearing><gpxtpx:speed>24.722624</gpxtpx:speed></gpxtpx:TrackPointExtension></extensions><geoidheight>-27.0</geoidheight><src>gps</src><sat>17</sat><hdop>0.66</hdop><vdop>1.03</vdop><pdop>1.23</pdop><dgpsid>0000</dgpsid></trkpt>
<trkpt lat="32.35349466666666" lon="-109.60903633333334"><ele>1225.8</ele><time>2025-12-11T23:11:29.000Z</time><extensions><gpxtpx:TrackPointExtension><gpxtpx:bearing>323.59</gpxtpx:bearing><gpxtpx:speed>25.20183</gpxtpx:speed></gpxtpx:TrackPointExtension></extensions><geoidheight>-27.0</geoidheight><src>gps</src><sat>17</sat><hdop>0.66</hdop><vdop>1.03</vdop><pdop>1.23</pdop><dgpsid>0000</dgpsid></trkpt>
<trkpt lat="32.35553683333333" lon="-109.61081383333334"><ele>1220.2</ele><time>2025-12-11T23:11:40.000Z</time><extensions><gpxtpx:TrackPointExtension><gpxtpx:bearing>323.9</gpxtpx:bearing><gpxtpx:speed>25.956411</gpxtpx:speed></gpxtpx:TrackPointExtension></extensions><geoidheight>-27.0</geoidheight><src>gps</src><sat>17</sat><hdop>0.68</hdop><vdop>1.04</vdop><pdop>1.24</pdop><dgpsid>0000</dgpsid></trkpt>
<trkpt lat="32.35760616666666" lon="-109.61262333333335"><ele>1216.4</ele><time>2025-12-11T23:11:51.000Z</time><extensions><gpxtpx:TrackPointExtension><gpxtpx:bearing>323.06</gpxtpx:bearing><gpxtpx:speed>25.623386</gpxtpx:speed></gpxtpx:TrackPointExtension></extensions><geoidheight>-27.0</geoidheight><src>gps</src><sat>16</sat><hdop>0.67</hdop><vdop>1.07</vdop><pdop>1.26</pdop><dgpsid>0000</dgpsid></trkpt>
<trkpt lat="32.3594635" lon="-109.61457283333333"><ele>1222.0</ele><time>2025-12-11T23:12:02.000Z</time><extensions><gpxtpx:TrackPointExtension><gpxtpx:bearing>312.92</gpxtpx:bearing><gpxtpx:speed>24.536808</gpxtpx:speed></gpxtpx:TrackPointExtension></extensions><geoidheight>-27.0</geoidheight><src>gps</src><sat>18</sat><hdop>0.68</hdop><vdop>1.07</vdop><pdop>1.26</pdop><dgpsid>0000</dgpsid></trkpt>
<trkpt lat="32.3609235" lon="-109.61684699999999"><ele>1229.1</ele><time>2025-12-11T23:12:13.000Z</time><extensions><gpxtpx:TrackPointExtension><gpxtpx:bearing>302.27</gpxtpx:bearing><gpxtpx:speed>24.651592</gpxtpx:speed></gpxtpx:TrackPointExtension></extensions><geoidheight>-27.0</geoidheight><src>gps</src><sat>18</sat><hdop>0.61</hdop><vdop>0.91</vdop><pdop>1.09</pdop><dgpsid>0000</dgpsid></trkpt>
<trkpt lat="32.361997833333334" lon="-109.61953700000001"><ele>1233.3</ele><time>2025-12-11T23:12:24.000Z</time><extensions><gpxtpx:TrackPointExtension><gpxtpx:bearing>289.84</gpxtpx:bearing><gpxtpx:speed>25.966192</gpxtpx:speed></gpxtpx:TrackPointExtension></extensions><geoidheight>-27.0</geoidheight><src>gps</src><sat>18</sat><hdop>0.60</hdop><vdop>0.91</vdop><pdop>1.09</pdop><dgpsid>0000</dgpsid></trkpt>
<trkpt lat="32.362662166666674" lon="-109.6224695"><ele>1236.5</ele><time>2025-12-11T23:12:35.000Z</time><extensions><gpxtpx:TrackPointExtension><gpxtpx:bearing>280.41</gpxtpx:bearing><gpxtpx:speed>26.126785</gpxtpx:speed></gpxtpx:TrackPointExtension></extensions><geoidheight>-27.0</geoidheight><src>gps</src><sat>18</sat><hdop>0.60</hdop><vdop>0.91</vdop><pdop>1.09</pdop><dgpsid>0000</dgpsid></trkpt>
<trkpt lat="32.36293083333333" lon="-109.62548116666667"><ele>1236.7</ele><time>2025-12-11T23:12:46.000Z</time><extensions><gpxtpx:TrackPointExtension><gpxtpx:bearing>271.61</gpxtpx:bearing><gpxtpx:speed>25.78604</gpxtpx:speed></gpxtpx:TrackPointExtension></extensions><geoidheight>-27.0</geoidheight><src>gps</src><sat>18</sat><hdop>0.62</hdop><vdop>0.91</vdop><pdop>1.10</pdop><dgpsid>0000</dgpsid></trkpt>
<trkpt lat="32.362917" lon="-109.62847850000001"><ele>1241.3</ele><time>2025-12-11T23:12:57.000Z</time><extensions><gpxtpx:TrackPointExtension><gpxtpx:bearing>269.45</gpxtpx:bearing><gpxtpx:speed>25.807142</gpxtpx:speed></gpxtpx:TrackPointExtension></extensions><geoidheight>-27.0</geoidheight><src>gps</src><sat>18</sat><hdop>0.62</hdop><vdop>0.91</vdop><pdop>1.10</pdop><dgpsid>0000</dgpsid></trkpt>
<trkpt lat="32.362876666666665" lon="-109.631484"><ele>1248.7</ele><time>2025-12-11T23:13:08.000Z</time><extensions><gpxtpx:TrackPointExtension><gpxtpx:bearing>269.87</gpxtpx:bearing><gpxtpx:speed>25.760818</gpxtpx:speed></gpxtpx:TrackPointExtension></extensions><geoidheight>-27.0</geoidheight><src>gps</src><sat>18</sat><hdop>0.60</hdop><vdop>0.91</vdop><pdop>1.09</pdop><dgpsid>0000</dgpsid></trkpt>
<trkpt lat="32.36284616666667" lon="-109.63450716666667"><ele>1252.4</ele><time>2025-12-11T23:13:19.000Z</time><extensions><gpxtpx:TrackPointExtension><gpxtpx:bearing>269.29</gpxtpx:bearing><gpxtpx:speed>26.265245</gpxtpx:speed></gpxtpx:TrackPointExtension></extensions><geoidheight>-27.0</geoidheight><src>gps</src><sat>18</sat><hdop>0.60</hdop><vdop>0.91</vdop><pdop>1.09</pdop><dgpsid>0000</dgpsid></trkpt>
<trkpt lat="32.36280216666667" lon="-109.63764333333332"><ele>1254.0</ele><time>2025-12-11T23:13:30.000Z</time><extensions><gpxtpx:TrackPointExtension><gpxtpx:bearing>269.0</gpxtpx:bearing><gpxtpx:speed>27.113508</gpxtpx:speed></gpxtpx:TrackPointExtension></extensions><geoidheight>-27.0</geoidheight><src>gps</src><sat>18</sat><hdop>0.60</hdop><vdop>0.91</vdop><pdop>1.09</pdop><dgpsid>0000</dgpsid></trkpt>
<trkpt lat="32.362763666666666" lon="-109.640799"><ele>1254.8</ele><time>2025-12-11T23:13:41.000Z</time><extensions><gpxtpx:TrackPointExtension><gpxtpx:bearing>269.28</gpxtpx:bearing><gpxtpx:speed>26.937988</gpxtpx:speed></gpxtpx:TrackPointExtension></extensions><geoidheight>-27.0</geoidheight><src>gps</src><sat>18</sat><hdop>0.60</hdop><vdop>0.91</vdop><pdop>1.09</pdop><dgpsid>0000</dgpsid></trkpt>
<trkpt lat="32.362734" lon="-109.64389433333332"><ele>1258.4</ele><time>2025-12-11T23:13:52.000Z</time><extensions><gpxtpx:TrackPointExtension><gpxtpx:bearing>269.01</gpxtpx:bearing><gpxtpx:speed>26.159212</gpxtpx:speed></gpxtpx:TrackPointExtension></extensions><geoidheight>-27.0</geoidheight><src>gps</src><sat>16</sat><hdop>0.65</hdop><vdop>0.96</vdop><pdop>1.16</pdop><dgpsid>0000</dgpsid></trkpt>
<trkpt lat="32.362686833333335" lon="-109.6469455"><ele>1265.0</ele><time>2025-12-11T23:14:03.000Z</time><extensions><gpxtpx:TrackPointExtension><gpxtpx:bearing>268.72</gpxtpx:bearing><gpxtpx:speed>26.375912</gpxtpx:speed></gpxtpx:TrackPointExtension></extensions><geoidheight>-27.0</geoidheight><src>gps</src><sat>18</sat><hdop>0.60</hdop><vdop>0.91</vdop><pdop>1.09</pdop><dgpsid>0000</dgpsid></trkpt>
<trkpt lat="32.362487333333334" lon="-109.650068"><ele>1268.9</ele><time>2025-12-11T23:14:14.000Z</time><extensions><gpxtpx:TrackPointExtension><gpxtpx:bearing>262.91</gpxtpx:bearing><gpxtpx:speed>27.074903</gpxtpx:speed></gpxtpx:TrackPointExtension></extensions><geoidheight>-27.0</geoidheight><src>gps</src><sat>17</sat><hdop>0.61</hdop><vdop>0.93</vdop><pdop>1.12</pdop><dgpsid>0000</dgpsid></trkpt>
<trkpt lat="32.36215283333333" lon="-109.65318866666667"><ele>1271.7</ele><time>2025-12-11T23:14:25.000Z</time><extensions><gpxtpx:TrackPointExtension><gpxtpx:bearing>262.38</gpxtpx:bearing><gpxtpx:speed>26.621948</gpxtpx:speed></gpxtpx:TrackPointExtension></extensions><geoidheight>-27.0</geoidheight><src>gps</src><sat>18</sat><hdop>0.60</hdop><vdop>0.91</vdop><pdop>1.09</pdop><dgpsid>0000</dgpsid></trkpt>
<trkpt lat="32.361816833333336" lon="-109.65624566666665"><ele>1273.1</ele><time>2025-12-11T23:14:36.000Z</time><extensions><gpxtpx:TrackPointExtension><gpxtpx:bearing>262.63</gpxtpx:bearing><gpxtpx:speed>26.384146</gpxtpx:speed></gpxtpx:TrackPointExtension></extensions><geoidheight>-27.0</geoidheight><src>gps</src><sat>18</sat><hdop>0.60</hdop><vdop>0.91</vdop><pdop>1.09</pdop><dgpsid>0000</dgpsid></trkpt>
<trkpt lat="32.361479" lon="-109.65935149999999"><ele>1273.7</ele><time>2025-12-11T23:14:47.000Z</time><extensions><gpxtpx:TrackPointExtension><gpxtpx:bearing>262.35</gpxtpx:bearing><gpxtpx:speed>26.928722</gpxtpx:speed></gpxtpx:TrackPointExtension></extensions><geoidheight>-27.0</geoidheight><src>gps</src><sat>18</sat><hdop>0.60</hdop><vdop>0.91</vdop><pdop>1.09</pdop><dgpsid>0000</dgpsid></trkpt>
<trkpt lat="32.36113366666667" lon="-109.66250583333334"><ele>1274.4</ele><time>2025-12-11T23:14:58.000Z</time><extensions><gpxtpx:TrackPointExtension><gpxtpx:bearing>262.42</gpxtpx:bearing><gpxtpx:speed>27.472784</gpxtpx:speed></gpxtpx:TrackPointExtension></extensions><geoidheight>-27.0</geoidheight><src>gps</src><sat>18</sat><hdop>0.60</hdop><vdop>0.91</vdop><pdop>1.09</pdop><dgpsid>0000</dgpsid></trkpt>
<trkpt lat="32.360789999999994" lon="-109.66564883333334"><ele>1278.6</ele><time>2025-12-11T23:15:09.000Z</time><extensions><gpxtpx:TrackPointExtension><gpxtpx:bearing>262.6</gpxtpx:bearing><gpxtpx:speed>26.968355</gpxtpx:speed></gpxtpx:TrackPointExtension></extensions><geoidheight>-27.0</geoidheight><src>gps</src><sat>18</sat><hdop>0.60</hdop><vdop>0.91</vdop><pdop>1.09</pdop><dgpsid>0000</dgpsid></trkpt>
<trkpt lat="32.360447666666666" lon="-109.66878166666666"><ele>1280.9</ele><time>2025-12-11T23:15:20.000Z</time><extensions><gpxtpx:TrackPointExtension><gpxtpx:bearing>262.62</gpxtpx:bearing><gpxtpx:speed>27.094463</gpxtpx:speed></gpxtpx:TrackPointExtension></extensions><geoidheight>-27.0</geoidheight><src>gps</src><sat>18</sat><hdop>0.60</hdop><vdop>0.91</vdop><pdop>1.09</pdop><dgpsid>0000</dgpsid></trkpt>
<trkpt lat="32.36009716666667" lon="-109.67194050000002"><ele>1282.6</ele><time>2025-12-11T23:15:31.000Z</time><extensions><gpxtpx:TrackPointExtension><gpxtpx:bearing>262.69</gpxtpx:bearing><gpxtpx:speed>27.423885</gpxtpx:speed></gpxtpx:TrackPointExtension></extensions><geoidheight>-27.0</geoidheight><src>gps</src><sat>18</sat><hdop>0.60</hdop><vdop>0.91</vdop><pdop>1.09</pdop><dgpsid>0000</dgpsid></trkpt>
<trkpt lat="32.35974816666667" lon="-109.67514766666666"><ele>1284.1</ele><time>2025-12-11T23:15:42.000Z</time><extensions><gpxtpx:TrackPointExtension><gpxtpx:bearing>262.47</gpxtpx:bearing><gpxtpx:speed>27.928827</gpxtpx:speed></gpxtpx:TrackPointExtension></extensions><geoidheight>-27.0</geoidheight><src>gps</src><sat>18</sat><hdop>0.60</hdop><vdop>0.91</vdop><pdop>1.09</pdop><dgpsid>0000</dgpsid></trkpt>
<trkpt lat="32.35937716666667" lon="-109.67834399999998"><ele>1284.9</ele><time>2025-12-11T23:15:53.000Z</time><extensions><gpxtpx:TrackPointExtension><gpxtpx:bearing>261.26</gpxtpx:bearing><gpxtpx:speed>27.159319</gpxtpx:speed></gpxtpx:TrackPointExtension></extensions><geoidheight>-27.0</geoidheight><src>gps</src><sat>16</sat><hdop>0.61</hdop><vdop>0.94</vdop><pdop>1.12</pdop><dgpsid>0000</dgpsid></trkpt>
<trkpt lat="32.358933666666665" lon="-109.68137033333332"><ele>1291.0</ele><time>2025-12-11T23:16:04.000Z</time><extensions><gpxtpx:TrackPointExtension><gpxtpx:bearing>261.47</gpxtpx:bearing><gpxtpx:speed>25.650152</gpxtpx:speed></gpxtpx:TrackPointExtension></extensions><geoidheight>-27.1</geoidheight><src>gps</src><sat>18</sat><hdop>0.60</hdop><vdop>0.91</vdop><pdop>1.09</pdop><dgpsid>0000</dgpsid></trkpt>
<trkpt lat="32.35870233333333" lon="-109.68433833333332"><ele>1296.4</ele><time>2025-12-11T23:16:15.000Z</time><extensions><gpxtpx:TrackPointExtension><gpxtpx:bearing>265.47</gpxtpx:bearing><gpxtpx:speed>25.556473</gpxtpx:speed></gpxtpx:TrackPointExtension></extensions><geoidheight>-27.1</geoidheight><src>gps</src><sat>18</sat><hdop>0.63</hdop><vdop>0.95</vdop><pdop>1.14</pdop><dgpsid>0000</dgpsid></trkpt>
<trkpt lat="32.35841933333334" lon="-109.68732033333332"><ele>1299.8</ele><time>2025-12-11T23:16:26.000Z</time><extensions><gpxtpx:TrackPointExtension><gpxtpx:bearing>262.38</gpxtpx:bearing><gpxtpx:speed>25.798393</gpxtpx:speed></gpxtpx:TrackPointExtension></extensions><geoidheight>-27.1</geoidheight><src>gps</src><sat>16</sat><hdop>0.61</hdop><vdop>0.93</vdop><pdop>1.12</pdop><dgpsid>0000</dgpsid></trkpt>
<trkpt lat="32.35800783333333" lon="-109.69025400000001"><ele>1304.0</ele><time>2025-12-11T23:16:37.000Z</time><extensions><gpxtpx:TrackPointExtension><gpxtpx:bearing>259.34</gpxtpx:bearing><gpxtpx:speed>25.324333</gpxtpx:speed></gpxtpx:TrackPointExtension></extensions><geoidheight>-27.1</geoidheight><src>gps</src><sat>16</sat><hdop>0.62</hdop><vdop>0.97</vdop><pdop>1.15</pdop><dgpsid>0000</dgpsid></trkpt>
<trkpt lat="32.35750683333333" lon="-109.69318"><ele>1306.7</ele><time>2025-12-11T23:16:48.000Z</time><extensions><gpxtpx:TrackPointExtension><gpxtpx:bearing>258.46</gpxtpx:bearing><gpxtpx:speed>25.816408</gpxtpx:speed></gpxtpx:TrackPointExtension></extensions><geoidheight>-27.1</geoidheight><src>gps</src><sat>18</sat><hdop>0.60</hdop><vdop>0.91</vdop><pdop>1.09</pdop><dgpsid>0000</dgpsid></trkpt>
<trkpt lat="32.356992500000004" lon="-109.69615"><ele>1308.9</ele><time>2025-12-11T23:16:59.000Z</time><extensions><gpxtpx:TrackPointExtension><gpxtpx:bearing>258.45</gpxtpx:bearing><gpxtpx:speed>26.047003</gpxtpx:speed></gpxtpx:TrackPointExtension></extensions><geoidheight>-27.1</geoidheight><src>gps</src><sat>17</sat><hdop>0.63</hdop><vdop>0.92</vdop><pdop>1.11</pdop><dgpsid>0000</dgpsid></trkpt>
<trkpt lat="32.356470666666674" lon="-109.69914733333331"><ele>1310.6</ele><time>2025-12-11T23:17:10.000Z</time><extensions><gpxtpx:TrackPointExtension><gpxtpx:bearing>258.54</gpxtpx:bearing><gpxtpx:speed>26.175169</gpxtpx:speed></gpxtpx:TrackPointExtension></extensions><geoidheight>-27.1</geoidheight><src>gps</src><sat>18</sat><hdop>0.60</hdop><vdop>0.91</vdop><pdop>1.09</pdop><dgpsid>0000</dgpsid></trkpt>
<trkpt lat="32.35594266666667" lon="-109.70219800000001"><ele>1313.1</ele><time>2025-12-11T23:17:21.000Z</time><extensions><gpxtpx:TrackPointExtension><gpxtpx:bearing>258.45</gpxtpx:bearing><gpxtpx:speed>27.023947</gpxtpx:speed></gpxtpx:TrackPointExtension></extensions><geoidheight>-27.1</geoidheight><src>gps</src><sat>18</sat><hdop>0.63</hdop><vdop>0.92</vdop><pdop>1.11</pdop><dgpsid>0000</dgpsid></trkpt>
<trkpt lat="32.35540666666667" lon="-109.70528700000001"><ele>1315.4</ele><time>2025-12-11T23:17:32.000Z</time><extensions><gpxtpx:TrackPointExtension><gpxtpx:bearing>258.45</gpxtpx:bearing><gpxtpx:speed>26.974533</gpxtpx:speed></gpxtpx:TrackPointExtension></extensions><geoidheight>-27.1</geoidheight><src>gps</src><sat>17</sat><hdop>0.63</hdop><vdop>0.92</vdop><pdop>1.11</pdop><dgpsid>0000</dgpsid></trkpt>
<trkpt lat="32.35486616666667" lon="-109.70839033333331"><ele>1318.4</ele><time>2025-12-11T23:17:43.000Z</time><extensions><gpxtpx:TrackPointExtension><gpxtpx:bearing>258.34</gpxtpx:bearing><gpxtpx:speed>27.162922</gpxtpx:speed></gpxtpx:TrackPointExtension></extensions><geoidheight>-27.1</geoidheight><src>gps</src><sat>18</sat><hdop>0.60</hdop><vdop>0.91</vdop><pdop>1.09</pdop><dgpsid>0000</dgpsid></trkpt>
<trkpt lat="32.35432466666667" lon="-109.71150516666667"><ele>1319.7</ele><time>2025-12-11T23:17:54.000Z</time><extensions><gpxtpx:TrackPointExtension><gpxtpx:bearing>258.3</gpxtpx:bearing><gpxtpx:speed>27.333294</gpxtpx:speed></gpxtpx:TrackPointExtension></extensions><geoidheight>-27.1</geoidheight><src>gps</src><sat>18</sat><hdop>0.60</hdop><vdop>0.91</vdop><pdop>1.09</pdop><dgpsid>0000</dgpsid></trkpt>
<trkpt lat="32.3537835" lon="-109.714636"><ele>1318.6</ele><time>2025-12-11T23:18:05.000Z</time><extensions><gpxtpx:TrackPointExtension><gpxtpx:bearing>258.44</gpxtpx:bearing><gpxtpx:speed>27.263292</gpxtpx:speed></gpxtpx:TrackPointExtension></extensions><geoidheight>-27.1</geoidheight><src>gps</src><sat>18</sat><hdop>0.60</hdop><vdop>0.91</vdop><pdop>1.09</pdop><dgpsid>0000</dgpsid></trkpt>
<trkpt lat="32.35324883333333" lon="-109.71767766666666"><ele>1325.0</ele><time>2025-12-11T23:18:16.000Z</time><extensions><gpxtpx:TrackPointExtension><gpxtpx:bearing>258.42</gpxtpx:bearing><gpxtpx:speed>25.91472</gpxtpx:speed></gpxtpx:TrackPointExtension></extensions><geoidheight>-27.1</geoidheight><src>gps</src><sat>18</sat><hdop>0.60</hdop><vdop>0.95</vdop><pdop>1.12</pdop><dgpsid>0000</dgpsid></trkpt>
<trkpt lat="32.352739" lon="-109.72063683333333"><ele>1331.1</ele><time>2025-12-11T23:18:27.000Z</time><extensions><gpxtpx:TrackPointExtension><gpxtpx:bearing>258.32</gpxtpx:bearing><gpxtpx:speed>26.048548</gpxtpx:speed></gpxtpx:TrackPointExtension></extensions><geoidheight>-27.1</geoidheight><src>gps</src><sat>18</sat><hdop>0.60</hdop><vdop>0.91</vdop><pdop>1.09</pdop><dgpsid>0000</dgpsid></trkpt>
<trkpt lat="32.352221166666666" lon="-109.72360916666666"><ele>1332.9</ele><time>2025-12-11T23:18:38.000Z</time><extensions><gpxtpx:TrackPointExtension><gpxtpx:bearing>258.53</gpxtpx:bearing><gpxtpx:speed>25.96362</gpxtpx:speed></gpxtpx:TrackPointExtension></extensions><geoidheight>-27.1</geoidheight><src>gps</src><sat>18</sat><hdop>0.60</hdop><vdop>0.91</vdop><pdop>1.09</pdop><dgpsid>0000</dgpsid></trkpt>
<trkpt lat="32.35170566666667" lon="-109.72658883333334"><ele>1332.7</ele><time>2025-12-11T23:18:49.000Z</time><extensions><gpxtpx:TrackPointExtension><gpxtpx:bearing>258.14</gpxtpx:bearing><gpxtpx:speed>26.234362</gpxtpx:speed></gpxtpx:TrackPointExtension></extensions><geoidheight>-27.1</geoidheight><src>gps</src><sat>18</sat><hdop>0.60</hdop><vdop>0.91</vdop><pdop>1.09</pdop><dgpsid>0000</dgpsid></trkpt>
<trkpt lat="32.351183999999996" lon="-109.72959566666665"><ele>1333.9</ele><time>2025-12-11T23:19:00.000Z</time><extensions><gpxtpx:TrackPointExtension><gpxtpx:bearing>258.14</gpxtpx:bearing><gpxtpx:speed>26.231274</gpxtpx:speed></gpxtpx:TrackPointExtension></extensions><geoidheight>-27.1</geoidheight><src>gps</src><sat>18</sat><hdop>0.60</hdop><vdop>0.91</vdop><pdop>1.09</pdop><dgpsid>0000</dgpsid></trkpt>
<trkpt lat="32.35066283333333" lon="-109.73257633333333"><ele>1337.4</ele><time>2025-12-11T23:19:11.000Z</time><extensions><gpxtpx:TrackPointExtension><gpxtpx:bearing>258.33</gpxtpx:bearing><gpxtpx:speed>25.949205</gpxtpx:speed></gpxtpx:TrackPointExtension></extensions><geoidheight>-27.1</geoidheight><src>gps</src><sat>18</sat><hdop>0.60</hdop><vdop>0.91</vdop><pdop>1.09</pdop><dgpsid>0000</dgpsid></trkpt>
<trkpt lat="32.35015033333333" lon="-109.73552900000001"><ele>1340.8</ele><time>2025-12-11T23:19:22.000Z</time><extensions><gpxtpx:TrackPointExtension><gpxtpx:bearing>258.42</gpxtpx:bearing><gpxtpx:speed>25.663021</gpxtpx:speed></gpxtpx:TrackPointExtension></extensions><geoidheight>-27.1</geoidheight><src>gps</src><sat>18</sat><hdop>0.60</hdop><vdop>0.91</vdop><pdop>1.09</pdop><dgpsid>0000</dgpsid></trkpt>
<trkpt lat="32.349638" lon="-109.73847383333332"><ele>1344.2</ele><time>2025-12-11T23:19:33.000Z</time><extensions><gpxtpx:TrackPointExtension><gpxtpx:bearing>258.33</gpxtpx:bearing><gpxtpx:speed>25.93325</gpxtpx:speed></gpxtpx:TrackPointExtension></extensions><geoidheight>-27.1</geoidheight><src>gps</src><sat>18</sat><hdop>0.60</hdop><vdop>0.91</vdop><pdop>1.09</pdop><dgpsid>0000</dgpsid></trkpt>
<trkpt lat="32.34904033333333" lon="-109.74141816666666"><ele>1347.8</ele><time>2025-12-11T23:19:44.000Z</time><extensions><gpxtpx:TrackPointExtension><gpxtpx:bearing>253.1</gpxtpx:bearing><gpxtpx:speed>26.059357</gpxtpx:speed></gpxtpx:TrackPointExtension></extensions><geoidheight>-27.1</geoidheight><src>gps</src><sat>17</sat><hdop>0.60</hdop><vdop>0.91</vdop><pdop>1.09</pdop><dgpsid>0000</dgpsid></trkpt>
<trkpt lat="32.34814366666667" lon="-109.7442995"><ele>1347.3</ele><time>2025-12-11T23:19:55.000Z</time><extensions><gpxtpx:TrackPointExtension><gpxtpx:bearing>246.36</gpxtpx:bearing><gpxtpx:speed>26.706877</gpxtpx:speed></gpxtpx:TrackPointExtension></extensions><geoidheight>-27.1</geoidheight><src>gps</src><sat>17</sat><hdop>0.64</hdop><vdop>0.96</vdop><pdop>1.16</pdop><dgpsid>0000</dgpsid></trkpt>
<trkpt lat="32.34691616666667" lon="-109.74709966666666"><ele>1344.1</ele><time>2025-12-11T23:20:06.000Z</time><extensions><gpxtpx:TrackPointExtension><gpxtpx:bearing>238.99</gpxtpx:bearing><gpxtpx:speed>26.947252</gpxtpx:speed></gpxtpx:TrackPointExtension></extensions><geoidheight>-27.1</geoidheight><src>gps</src><sat>17</sat><hdop>0.64</hdop><vdop>0.96</vdop><pdop>1.16</pdop><dgpsid>0000</dgpsid></trkpt>
<trkpt lat="32.3454055" lon="-109.74968766666667"><ele>1341.7</ele><time>2025-12-11T23:20:17.000Z</time><extensions><gpxtpx:TrackPointExtension><gpxtpx:bearing>232.15</gpxtpx:bearing><gpxtpx:speed>26.84019</gpxtpx:speed></gpxtpx:TrackPointExtension></extensions><geoidheight>-27.1</geoidheight><src>gps</src><sat>17</sat><hdop>0.64</hdop><vdop>0.96</vdop><pdop>1.16</pdop><dgpsid>0000</dgpsid></trkpt>
<trkpt lat="32.3436315" lon="-109.75205983333332"><ele>1339.4</ele><time>2025-12-11T23:20:28.000Z</time><extensions><gpxtpx:TrackPointExtension><gpxtpx:bearing>226.8</gpxtpx:bearing><gpxtpx:speed>27.268438</gpxtpx:speed></gpxtpx:TrackPointExtension></extensions><geoidheight>-27.1</geoidheight><src>gps</src><sat>17</sat><hdop>0.65</hdop><vdop>0.98</vdop><pdop>1.18</pdop><dgpsid>0000</dgpsid></trkpt>
<trkpt lat="32.341767499999996" lon="-109.75438666666666"><ele>1336.8</ele><time>2025-12-11T23:20:39.000Z</time><extensions><gpxtpx:TrackPointExtension><gpxtpx:bearing>226.36</gpxtpx:bearing><gpxtpx:speed>27.62926</gpxtpx:speed></gpxtpx:TrackPointExtension></extensions><geoidheight>-27.1</geoidheight><src>gps</src><sat>17</sat><hdop>0.65</hdop><vdop>0.99</vdop><pdop>1.18</pdop><dgpsid>0000</dgpsid></trkpt>
<trkpt lat="32.33988733333333" lon="-109.7567265"><ele>1334.1</ele><time>2025-12-11T23:20:50.000Z</time><extensions><gpxtpx:TrackPointExtension><gpxtpx:bearing>226.68</gpxtpx:bearing><gpxtpx:speed>27.652937</gpxtpx:speed></gpxtpx:TrackPointExtension></extensions><geoidheight>-27.1</geoidheight><src>gps</src><sat>17</sat><hdop>0.65</hdop><vdop>0.99</vdop><pdop>1.18</pdop><dgpsid>0000</dgpsid></trkpt>
<trkpt lat="32.338016833333334" lon="-109.75906933333333"><ele>1332.7</ele><time>2025-12-11T23:21:01.000Z</time><extensions><gpxtpx:TrackPointExtension><gpxtpx:bearing>226.86</gpxtpx:bearing><gpxtpx:speed>27.39918</gpxtpx:speed></gpxtpx:TrackPointExtension></extensions><geoidheight>-27.1</geoidheight><src>gps</src><sat>17</sat><hdop>0.64</hdop><vdop>0.96</vdop><pdop>1.15</pdop><dgpsid>0000</dgpsid></trkpt>
<trkpt lat="32.336143666666665" lon="-109.76141449999999"><ele>1333.5</ele><time>2025-12-11T23:21:12.000Z</time><extensions><gpxtpx:TrackPointExtension><gpxtpx:bearing>226.58</gpxtpx:bearing><gpxtpx:speed>27.77647</gpxtpx:speed></gpxtpx:TrackPointExtension></extensions><geoidheight>-27.1</geoidheight><src>gps</src><sat>17</sat><hdop>0.64</hdop><vdop>0.96</vdop><pdop>1.15</pdop><dgpsid>0000</dgpsid></trkpt>
<trkpt lat="32.334248833333326" lon="-109.76378283333334"><ele>1333.7</ele><time>2025-12-11T23:21:23.000Z</time><extensions><gpxtpx:TrackPointExtension><gpxtpx:bearing>226.56</gpxtpx:bearing><gpxtpx:speed>27.970005</gpxtpx:speed></gpxtpx:TrackPointExtension></extensions><geoidheight>-27.1</geoidheight><src>gps</src><sat>17</sat><hdop>0.64</hdop><vdop>0.96</vdop><pdop>1.15</pdop><dgpsid>0000</dgpsid></trkpt>
<trkpt lat="32.33233866666667" lon="-109.76616683333332"><ele>1333.2</ele><time>2025-12-11T23:21:34.000Z</time><extensions><gpxtpx:TrackPointExtension><gpxtpx:bearing>226.57</gpxtpx:bearing><gpxtpx:speed>28.40649</gpxtpx:speed></gpxtpx:TrackPointExtension></extensions><geoidheight>-27.1</geoidheight><src>gps</src><sat>17</sat><hdop>0.64</hdop><vdop>0.99</vdop><pdop>1.18</pdop><dgpsid>0000</dgpsid></trkpt>
<trkpt lat="32.3304005" lon="-109.768595"><ele>1331.1</ele><time>2025-12-11T23:21:45.000Z</time><extensions><gpxtpx:TrackPointExtension><gpxtpx:bearing>226.83</gpxtpx:bearing><gpxtpx:speed>28.550098</gpxtpx:speed></gpxtpx:TrackPointExtension></extensions><geoidheight>-27.1</geoidheight><src>gps</src><sat>17</sat><hdop>0.64</hdop><vdop>0.96</vdop><pdop>1.15</pdop><dgpsid>0000</dgpsid></trkpt>
<trkpt lat="32.328460166666666" lon="-109.77102716666668"><ele>1328.7</ele><time>2025-12-11T23:21:56.000Z</time><extensions><gpxtpx:TrackPointExtension><gpxtpx:bearing>226.67</gpxtpx:bearing><gpxtpx:speed>28.548038</gpxtpx:speed></gpxtpx:TrackPointExtension></extensions><geoidheight>-27.1</geoidheight><src>gps</src><sat>17</sat><hdop>0.64</hdop><vdop>0.96</vdop><pdop>1.15</pdop><dgpsid>0000</dgpsid></trkpt>
<trkpt lat="32.326513" lon="-109.77346466666668"><ele>1327.1</ele><time>2025-12-11T23:22:07.000Z</time><extensions><gpxtpx:TrackPointExtension><gpxtpx:bearing>226.77</gpxtpx:bearing><gpxtpx:speed>28.691132</gpxtpx:speed></gpxtpx:TrackPointExtension></extensions><geoidheight>-27.1</geoidheight><src>gps</src><sat>17</sat><hdop>0.64</hdop><vdop>0.96</vdop><pdop>1.15</pdop><dgpsid>0000</dgpsid></trkpt>
<trkpt lat="32.324574" lon="-109.77589449999999"><ele>1326.0</ele><time>2025-12-11T23:22:18.000Z</time><extensions><gpxtpx:TrackPointExtension><gpxtpx:bearing>226.32</gpxtpx:bearing><gpxtpx:speed>28.356562</gpxtpx:speed></gpxtpx:TrackPointExtension></extensions><geoidheight>-27.1</geoidheight><src>gps</src><sat>17</sat><hdop>0.64</hdop><vdop>0.99</vdop><pdop>1.18</pdop><dgpsid>0000</dgpsid></trkpt>
<trkpt lat="32.322664499999995" lon="-109.77827649999999"><ele>1324.9</ele><time>2025-12-11T23:22:29.000Z</time><extensions><gpxtpx:TrackPointExtension><gpxtpx:bearing>226.68</gpxtpx:bearing><gpxtpx:speed>27.879929</gpxtpx:speed></gpxtpx:TrackPointExtension></extensions><geoidheight>-27.1</geoidheight><src>gps</src><sat>17</sat><hdop>0.64</hdop><vdop>0.99</vdop><pdop>1.18</pdop><dgpsid>0000</dgpsid></trkpt>
<trkpt lat="32.32077116666667" lon="-109.78064733333333"><ele>1323.0</ele><time>2025-12-11T23:22:40.000Z</time><extensions><gpxtpx:TrackPointExtension><gpxtpx:bearing>226.71</gpxtpx:bearing><gpxtpx:speed>27.966402</gpxtpx:speed></gpxtpx:TrackPointExtension></extensions><geoidheight>-27.1</geoidheight><src>gps</src><sat>17</sat><hdop>0.64</hdop><vdop>0.96</vdop><pdop>1.15</pdop><dgpsid>0000</dgpsid></trkpt>
<trkpt lat="32.318861500000004" lon="-109.78303433333333"><ele>1320.7</ele><time>2025-12-11T23:22:51.000Z</time><extensions><gpxtpx:TrackPointExtension><gpxtpx:bearing>226.56</gpxtpx:bearing><gpxtpx:speed>28.19185</gpxtpx:speed></gpxtpx:TrackPointExtension></extensions><geoidheight>-27.1</geoidheight><src>gps</src><sat>17</sat><hdop>0.64</hdop><vdop>0.96</vdop><pdop>1.15</pdop><dgpsid>0000</dgpsid></trkpt>
<trkpt lat="32.31693333333333" lon="-109.78544850000002"><ele>1318.2</ele><time>2025-12-11T23:23:02.000Z</time><extensions><gpxtpx:TrackPointExtension><gpxtpx:bearing>226.56</gpxtpx:bearing><gpxtpx:speed>28.308178</gpxtpx:speed></gpxtpx:TrackPointExtension></extensions><geoidheight>-27.1</geoidheight><src>gps</src><sat>17</sat><hdop>0.64</hdop><vdop>0.96</vdop><pdop>1.15</pdop><dgpsid>0000</dgpsid></trkpt>
<trkpt lat="32.3150505" lon="-109.78779316666666"><ele>1315.0</ele><time>2025-12-11T23:23:13.000Z</time><extensions><gpxtpx:TrackPointExtension><gpxtpx:bearing>226.95</gpxtpx:bearing><gpxtpx:speed>27.32094</gpxtpx:speed></gpxtpx:TrackPointExtension></extensions><geoidheight>-27.1</geoidheight><src>gps</src><sat>16</sat><hdop>0.70</hdop><vdop>1.02</vdop><pdop>1.23</pdop><dgpsid>0000</dgpsid></trkpt>
<trkpt lat="32.313165000000005" lon="-109.79008533333332"><ele>1312.9</ele><time>2025-12-11T23:23:24.000Z</time><extensions><gpxtpx:TrackPointExtension><gpxtpx:bearing>224.92</gpxtpx:bearing><gpxtpx:speed>27.407928</gpxtpx:speed></gpxtpx:TrackPointExtension></extensions><geoidheight>-27.1</geoidheight><src>gps</src><sat>17</sat><hdop>0.64</hdop><vdop>0.96</vdop><pdop>1.15</pdop><dgpsid>0000</dgpsid></trkpt>
<trkpt lat="32.3112715" lon="-109.79239933333335"><ele>1309.7</ele><time>2025-12-11T23:23:35.000Z</time><extensions><gpxtpx:TrackPointExtension><gpxtpx:bearing>226.79</gpxtpx:bearing><gpxtpx:speed>27.58139</gpxtpx:speed></gpxtpx:TrackPointExtension></extensions><geoidheight>-27.1</geoidheight><src>gps</src><sat>17</sat><hdop>0.70</hdop><vdop>1.02</vdop><pdop>1.23</pdop><dgpsid>0000</dgpsid></trkpt>
<trkpt lat="32.309389333333336" lon="-109.79473866666667"><ele>1306.6</ele><time>2025-12-11T23:23:46.000Z</time><extensions><gpxtpx:TrackPointExtension><gpxtpx:bearing>226.52</gpxtpx:bearing><gpxtpx:speed>27.643156</gpxtpx:speed></gpxtpx:TrackPointExtension></extensions><geoidheight>-27.2</geoidheight><src>gps</src><sat>16</sat><hdop>0.64</hdop><vdop>0.96</vdop><pdop>1.15</pdop><dgpsid>0000</dgpsid></trkpt>
<trkpt lat="32.30751216666667" lon="-109.79708133333334"><ele>1303.7</ele><time>2025-12-11T23:23:57.000Z</time><extensions><gpxtpx:TrackPointExtension><gpxtpx:bearing>226.88</gpxtpx:bearing><gpxtpx:speed>27.590654</gpxtpx:speed></gpxtpx:TrackPointExtension></extensions><geoidheight>-27.2</geoidheight><src>gps</src><sat>17</sat><hdop>0.64</hdop><vdop>0.95</vdop><pdop>1.15</pdop><dgpsid>0000</dgpsid></trkpt>
<trkpt lat="32.30563083333333" lon="-109.79942816666669"><ele>1301.0</ele><time>2025-12-11T23:24:08.000Z</time><extensions><gpxtpx:TrackPointExtension><gpxtpx:bearing>226.76</gpxtpx:bearing><gpxtpx:speed>27.502123</gpxtpx:speed></gpxtpx:TrackPointExtension></extensions><geoidheight>-27.2</geoidheight><src>gps</src><sat>17</sat><hdop>0.64</hdop><vdop>0.95</vdop><pdop>1.15</pdop><dgpsid>0000</dgpsid></trkpt>
<trkpt lat="32.303739666666665" lon="-109.80178749999999"><ele>1298.3</ele><time>2025-12-11T23:24:19.000Z</time><extensions><gpxtpx:TrackPointExtension><gpxtpx:bearing>226.58</gpxtpx:bearing><gpxtpx:speed>28.010155</gpxtpx:speed></gpxtpx:TrackPointExtension></extensions><geoidheight>-27.2</geoidheight><src>gps</src><sat>17</sat><hdop>0.64</hdop><vdop>0.95</vdop><pdop>1.15</pdop><dgpsid>0000</dgpsid></trkpt>
<trkpt lat="32.301827" lon="-109.80417100000001"><ele>1295.6</ele><time>2025-12-11T23:24:30.000Z</time><extensions><gpxtpx:TrackPointExtension><gpxtpx:bearing>226.63</gpxtpx:bearing><gpxtpx:speed>28.044125</gpxtpx:speed></gpxtpx:TrackPointExtension></extensions><geoidheight>-27.2</geoidheight><src>gps</src><sat>17</sat><hdop>0.64</hdop><vdop>0.95</vdop><pdop>1.15</pdop><dgpsid>0000</dgpsid></trkpt>
<trkpt lat="32.299927333333336" lon="-109.806544"><ele>1292.9</ele><time>2025-12-11T23:24:41.000Z</time><extensions><gpxtpx:TrackPointExtension><gpxtpx:bearing>226.55</gpxtpx:bearing><gpxtpx:speed>27.8125</gpxtpx:speed></gpxtpx:TrackPointExtension></extensions><geoidheight>-27.2</geoidheight><src>gps</src><sat>17</sat><hdop>0.64</hdop><vdop>0.95</vdop><pdop>1.15</pdop><dgpsid>0000</dgpsid></trkpt>
<trkpt lat="32.298047333333336" lon="-109.80888949999999"><ele>1290.9</ele><time>2025-12-11T23:24:52.000Z</time><extensions><gpxtpx:TrackPointExtension><gpxtpx:bearing>226.65</gpxtpx:bearing><gpxtpx:speed>27.597347</gpxtpx:speed></gpxtpx:TrackPointExtension></extensions><geoidheight>-27.2</geoidheight><src>gps</src><sat>17</sat><hdop>0.64</hdop><vdop>0.95</vdop><pdop>1.15</pdop><dgpsid>0000</dgpsid></trkpt>
<trkpt lat="32.296169" lon="-109.81124049999998"><ele>1288.7</ele><time>2025-12-11T23:25:03.000Z</time><extensions><gpxtpx:TrackPointExtension><gpxtpx:bearing>226.42</gpxtpx:bearing><gpxtpx:speed>27.595287</gpxtpx:speed></gpxtpx:TrackPointExtension></extensions><geoidheight>-27.2</geoidheight><src>gps</src><sat>17</sat><hdop>0.64</hdop><vdop>0.95</vdop><pdop>1.15</pdop><dgpsid>0000</dgpsid></trkpt>
<trkpt lat="32.294278500000004" lon="-109.81359083333334"><ele>1286.4</ele><time>2025-12-11T23:25:14.000Z</time><extensions><gpxtpx:TrackPointExtension><gpxtpx:bearing>226.52</gpxtpx:bearing><gpxtpx:speed>27.901033</gpxtpx:speed></gpxtpx:TrackPointExtension></extensions><geoidheight>-27.2</geoidheight><src>gps</src><sat>17</sat><hdop>0.64</hdop><vdop>0.95</vdop><pdop>1.15</pdop><dgpsid>0000</dgpsid></trkpt>
<trkpt lat="32.29239316666667" lon="-109.81595016666667"><ele>1284.9</ele><time>2025-12-11T23:25:25.000Z</time><extensions><gpxtpx:TrackPointExtension><gpxtpx:bearing>226.99</gpxtpx:bearing><gpxtpx:speed>27.71316</gpxtpx:speed></gpxtpx:TrackPointExtension></extensions><geoidheight>-27.2</geoidheight><src>gps</src><sat>17</sat><hdop>0.64</hdop><vdop>0.95</vdop><pdop>1.15</pdop><dgpsid>0000</dgpsid></trkpt>
<trkpt lat="32.2905055" lon="-109.81830383333333"><ele>1283.9</ele><time>2025-12-11T23:25:36.000Z</time><extensions><gpxtpx:TrackPointExtension><gpxtpx:bearing>226.55</gpxtpx:bearing><gpxtpx:speed>27.790367</gpxtpx:speed></gpxtpx:TrackPointExtension></extensions><geoidheight>-27.2</geoidheight><src>gps</src><sat>17</sat><hdop>0.64</hdop><vdop>0.95</vdop><pdop>1.14</pdop><dgpsid>0000</dgpsid></trkpt>
<trkpt lat="32.28861083333334" lon="-109.82066333333333"><ele>1282.7</ele><time>2025-12-11T23:25:47.000Z</time><extensions><gpxtpx:TrackPointExtension><gpxtpx:bearing>226.64</gpxtpx:bearing><gpxtpx:speed>27.868605</gpxtpx:speed></gpxtpx:TrackPointExtension></extensions><geoidheight>-27.2</geoidheight><src>gps</src><sat>17</sat><hdop>0.64</hdop><vdop>0.95</vdop><pdop>1.14</pdop><dgpsid>0000</dgpsid></trkpt>
<trkpt lat="32.286730166666665" lon="-109.82300966666665"><ele>1282.3</ele><time>2025-12-11T23:25:58.000Z</time><extensions><gpxtpx:TrackPointExtension><gpxtpx:bearing>226.52</gpxtpx:bearing><gpxtpx:speed>27.446018</gpxtpx:speed></gpxtpx:TrackPointExtension></extensions><geoidheight>-27.2</geoidheight><src>gps</src><sat>17</sat><hdop>0.64</hdop><vdop>0.95</vdop><pdop>1.14</pdop><dgpsid>0000</dgpsid></trkpt>
<trkpt lat="32.284866666666666" lon="-109.82532183333333"><ele>1282.1</ele><time>2025-12-11T23:26:09.000Z</time><extensions><gpxtpx:TrackPointExtension><gpxtpx:bearing>226.77</gpxtpx:bearing><gpxtpx:speed>27.319912</gpxtpx:speed></gpxtpx:TrackPointExtension></extensions><geoidheight>-27.2</geoidheight><src>gps</src><sat>17</sat><hdop>0.64</hdop><vdop>0.95</vdop><pdop>1.14</pdop><dgpsid>0000</dgpsid></trkpt>
<trkpt lat="32.28300433333333" lon="-109.8276495"><ele>1281.6</ele><time>2025-12-11T23:26:20.000Z</time><extensions><gpxtpx:TrackPointExtension><gpxtpx:bearing>226.72</gpxtpx:bearing><gpxtpx:speed>27.539183</gpxtpx:speed></gpxtpx:TrackPointExtension></extensions><geoidheight>-27.2</geoidheight><src>gps</src><sat>17</sat><hdop>0.64</hdop><vdop>0.98</vdop><pdop>1.17</pdop><dgpsid>0000</dgpsid></trkpt>
<trkpt lat="32.281133999999994" lon="-109.82999149999999"><ele>1281.0</ele><time>2025-12-11T23:26:31.000Z</time><extensions><gpxtpx:TrackPointExtension><gpxtpx:bearing>226.6</gpxtpx:bearing><gpxtpx:speed>27.558228</gpxtpx:speed></gpxtpx:TrackPointExtension></extensions><geoidheight>-27.2</geoidheight><src>gps</src><sat>17</sat><hdop>0.64</hdop><vdop>0.95</vdop><pdop>1.14</pdop><dgpsid>0000</dgpsid></trkpt>
<trkpt lat="32.279238" lon="-109.83231933333333"><ele>1280.6</ele><time>2025-12-11T23:26:42.000Z</time><extensions><gpxtpx:TrackPointExtension><gpxtpx:bearing>225.09</gpxtpx:bearing><gpxtpx:speed>27.743013</gpxtpx:speed></gpxtpx:TrackPointExtension></extensions><geoidheight>-27.2</geoidheight><src>gps</src><sat>16</sat><hdop>0.66</hdop><vdop>0.97</vdop><pdop>1.17</pdop><dgpsid>0000</dgpsid></trkpt>
<trkpt lat="32.27726966666667" lon="-109.834554"><ele>1281.3</ele><time>2025-12-11T23:26:53.000Z</time><extensions><gpxtpx:TrackPointExtension><gpxtpx:bearing>222.75</gpxtpx:bearing><gpxtpx:speed>27.621023</gpxtpx:speed></gpxtpx:TrackPointExtension></extensions><geoidheight>-27.2</geoidheight><src>gps</src><sat>17</sat><hdop>0.66</hdop><vdop>0.97</vdop><pdop>1.17</pdop><dgpsid>0000</dgpsid></trkpt>
<trkpt lat="32.275205166666666" lon="-109.83670533333334"><ele>1281.4</ele><time>2025-12-11T23:27:04.000Z</time><extensions><gpxtpx:TrackPointExtension><gpxtpx:bearing>220.54</gpxtpx:bearing><gpxtpx:speed>28.264427</gpxtpx:speed></gpxtpx:TrackPointExtension></extensions><geoidheight>-27.2</geoidheight><src>gps</src><sat>17</sat><hdop>0.65</hdop><vdop>0.97</vdop><pdop>1.17</pdop><dgpsid>0000</dgpsid></trkpt>
<trkpt lat="32.27301916666667" lon="-109.83878333333332"><ele>1280.9</ele><time>2025-12-11T23:27:15.000Z</time><extensions><gpxtpx:TrackPointExtension><gpxtpx:bearing>217.45</gpxtpx:bearing><gpxtpx:speed>28.20935</gpxtpx:speed></gpxtpx:TrackPointExtension></extensions><geoidheight>-27.2</geoidheight><src>gps</src><sat>17</sat><hdop>0.65</hdop><vdop>0.97</vdop><pdop>1.17</pdop><dgpsid>0000</dgpsid></trkpt>
<trkpt lat="32.27081866666666" lon="-109.8407005"><ele>1279.6</ele><time>2025-12-11T23:27:26.000Z</time><extensions><gpxtpx:TrackPointExtension><gpxtpx:bearing>214.98</gpxtpx:bearing><gpxtpx:speed>27.273586</gpxtpx:speed></gpxtpx:TrackPointExtension></extensions><geoidheight>-27.2</geoidheight><src>gps</src><sat>17</sat><hdop>0.65</hdop><vdop>0.97</vdop><pdop>1.17</pdop><dgpsid>0000</dgpsid></trkpt>
<trkpt lat="32.26858783333333" lon="-109.84247866666668"><ele>1278.2</ele><time>2025-12-11T23:27:37.000Z</time><extensions><gpxtpx:TrackPointExtension><gpxtpx:bearing>213.73</gpxtpx:bearing><gpxtpx:speed>27.181967</gpxtpx:speed></gpxtpx:TrackPointExtension></extensions><geoidheight>-27.2</geoidheight><src>gps</src><sat>17</sat><hdop>0.66</hdop><vdop>1.00</vdop><pdop>1.19</pdop><dgpsid>0000</dgpsid></trkpt>
<trkpt lat="32.266349500000004" lon="-109.844226"><ele>1278.4</ele><time>2025-12-11T23:27:48.000Z</time><extensions><gpxtpx:TrackPointExtension><gpxtpx:bearing>212.94</gpxtpx:bearing><gpxtpx:speed>26.486061</gpxtpx:speed></gpxtpx:TrackPointExtension></extensions><geoidheight>-27.2</geoidheight><src>gps</src><sat>18</sat><hdop>0.63</hdop><vdop>0.93</vdop><pdop>1.12</pdop><dgpsid>0000</dgpsid></trkpt>
<trkpt lat="32.26411083333333" lon="-109.84595133333332"><ele>1278.5</ele><time>2025-12-11T23:27:59.000Z</time><extensions><gpxtpx:TrackPointExtension><gpxtpx:bearing>213.89</gpxtpx:bearing><gpxtpx:speed>26.809822</gpxtpx:speed></gpxtpx:TrackPointExtension></extensions><geoidheight>-27.2</geoidheight><src>gps</src><sat>17</sat><hdop>0.63</hdop><vdop>0.95</vdop><pdop>1.14</pdop><dgpsid>0000</dgpsid></trkpt>
<trkpt lat="32.26191016666667" lon="-109.84766516666666"><ele>1278.7</ele><time>2025-12-11T23:28:10.000Z</time><extensions><gpxtpx:TrackPointExtension><gpxtpx:bearing>213.12</gpxtpx:bearing><gpxtpx:speed>26.370764</gpxtpx:speed></gpxtpx:TrackPointExtension></extensions><geoidheight>-27.2</geoidheight><src>gps</src><sat>18</sat><hdop>0.59</hdop><vdop>0.89</vdop><pdop>1.07</pdop><dgpsid>0000</dgpsid></trkpt>
<trkpt lat="32.259734" lon="-109.84936366666668"><ele>1278.2</ele><time>2025-12-11T23:28:21.000Z</time><extensions><gpxtpx:TrackPointExtension><gpxtpx:bearing>213.55</gpxtpx:bearing><gpxtpx:speed>26.367676</gpxtpx:speed></gpxtpx:TrackPointExtension></extensions><geoidheight>-27.2</geoidheight><src>gps</src><sat>18</sat><hdop>0.59</hdop><vdop>0.89</vdop><pdop>1.07</pdop><dgpsid>0000</dgpsid></trkpt>
<trkpt lat="32.257560166666664" lon="-109.85105383333332"><ele>1277.5</ele><time>2025-12-11T23:28:32.000Z</time><extensions><gpxtpx:TrackPointExtension><gpxtpx:bearing>213.31</gpxtpx:bearing><gpxtpx:speed>26.335247</gpxtpx:speed></gpxtpx:TrackPointExtension></extensions><geoidheight>-27.2</geoidheight><src>gps</src><sat>18</sat><hdop>0.63</hdop><vdop>0.94</vdop><pdop>1.14</pdop><dgpsid>0000</dgpsid></trkpt>
<trkpt lat="32.25538783333333" lon="-109.85273416666665"><ele>1276.7</ele><time>2025-12-11T23:28:43.000Z</time><extensions><gpxtpx:TrackPointExtension><gpxtpx:bearing>212.87</gpxtpx:bearing><gpxtpx:speed>26.494297</gpxtpx:speed></gpxtpx:TrackPointExtension></extensions><geoidheight>-27.2</geoidheight><src>gps</src><sat>17</sat><hdop>0.62</hdop><vdop>0.90</vdop><pdop>1.10</pdop><dgpsid>0000</dgpsid></trkpt>
<trkpt lat="32.25322683333333" lon="-109.85441766666666"><ele>1277.2</ele><time>2025-12-11T23:28:54.000Z</time><extensions><gpxtpx:TrackPointExtension><gpxtpx:bearing>213.6</gpxtpx:bearing><gpxtpx:speed>26.029503</gpxtpx:speed></gpxtpx:TrackPointExtension></extensions><geoidheight>-27.2</geoidheight><src>gps</src><sat>16</sat><hdop>0.62</hdop><vdop>0.90</vdop><pdop>1.09</pdop><dgpsid>0000</dgpsid></trkpt>
<trkpt lat="32.2510505" lon="-109.856112"><ele>1278.2</ele><time>2025-12-11T23:29:05.000Z</time><extensions><gpxtpx:TrackPointExtension><gpxtpx:bearing>213.21</gpxtpx:bearing><gpxtpx:speed>26.402163</gpxtpx:speed></gpxtpx:TrackPointExtension></extensions><geoidheight>-27.2</geoidheight><src>gps</src><sat>17</sat><hdop>0.62</hdop><vdop>0.90</vdop><pdop>1.09</pdop><dgpsid>0000</dgpsid></trkpt>
<trkpt lat="32.248854666666666" lon="-109.85781683333335"><ele>1278.5</ele><time>2025-12-11T23:29:16.000Z</time><extensions><gpxtpx:TrackPointExtension><gpxtpx:bearing>213.32</gpxtpx:bearing><gpxtpx:speed>26.49687</gpxtpx:speed></gpxtpx:TrackPointExtension></extensions><geoidheight>-27.2</geoidheight><src>gps</src><sat>17</sat><hdop>0.69</hdop><vdop>0.99</vdop><pdop>1.20</pdop><dgpsid>0000</dgpsid></trkpt>
<trkpt lat="32.24666933333333" lon="-109.85951766666668"><ele>1277.9</ele><time>2025-12-11T23:29:27.000Z</time><extensions><gpxtpx:TrackPointExtension><gpxtpx:bearing>213.55</gpxtpx:bearing><gpxtpx:speed>26.420692</gpxtpx:speed></gpxtpx:TrackPointExtension></extensions><geoidheight>-27.2</geoidheight><src>gps</src><sat>16</sat><hdop>0.71</hdop><vdop>1.02</vdop><pdop>1.24</pdop><dgpsid>0000</dgpsid></trkpt>
<trkpt lat="32.244489" lon="-109.86121083333335"><ele>1276.9</ele><time>2025-12-11T23:29:38.000Z</time><extensions><gpxtpx:TrackPointExtension><gpxtpx:bearing>213.54</gpxtpx:bearing><gpxtpx:speed>26.502533</gpxtpx:speed></gpxtpx:TrackPointExtension></extensions><geoidheight>-27.3</geoidheight><src>gps</src><sat>16</sat><hdop>0.71</hdop><vdop>1.02</vdop><pdop>1.24</pdop><dgpsid>0000</dgpsid></trkpt>
<trkpt lat="32.24230733333333" lon="-109.86290833333332"><ele>1276.3</ele><time>2025-12-11T23:29:49.000Z</time><extensions><gpxtpx:TrackPointExtension><gpxtpx:bearing>213.6</gpxtpx:bearing><gpxtpx:speed>26.503561</gpxtpx:speed></gpxtpx:TrackPointExtension></extensions><geoidheight>-27.3</geoidheight><src>gps</src><sat>16</sat><hdop>0.71</hdop><vdop>1.02</vdop><pdop>1.24</pdop><dgpsid>0000</dgpsid></trkpt>
<trkpt lat="32.240132" lon="-109.86460266666667"><ele>1275.6</ele><time>2025-12-11T23:30:00.000Z</time><extensions><gpxtpx:TrackPointExtension><gpxtpx:bearing>213.31</gpxtpx:bearing><gpxtpx:speed>26.283775</gpxtpx:speed></gpxtpx:TrackPointExtension></extensions><geoidheight>-27.3</geoidheight><src>gps</src><sat>16</sat><hdop>0.69</hdop><vdop>0.99</vdop><pdop>1.20</pdop><dgpsid>0000</dgpsid></trkpt>
<trkpt lat="32.237963666666666" lon="-109.86628033333334"><ele>1274.9</ele><time>2025-12-11T23:30:11.000Z</time><extensions><gpxtpx:TrackPointExtension><gpxtpx:bearing>213.54</gpxtpx:bearing><gpxtpx:speed>26.162815</gpxtpx:speed></gpxtpx:TrackPointExtension></extensions><geoidheight>-27.3</geoidheight><src>gps</src><sat>16</sat><hdop>0.69</hdop><vdop>0.99</vdop><pdop>1.20</pdop><dgpsid>0000</dgpsid></trkpt>
<trkpt lat="32.23581516666666" lon="-109.86795150000002"><ele>1274.4</ele><time>2025-12-11T23:30:22.000Z</time><extensions><gpxtpx:TrackPointExtension><gpxtpx:bearing>213.13</gpxtpx:bearing><gpxtpx:speed>25.8581</gpxtpx:speed></gpxtpx:TrackPointExtension></extensions><geoidheight>-27.3</geoidheight><src>gps</src><sat>16</sat><hdop>0.71</hdop><vdop>1.02</vdop><pdop>1.24</pdop><dgpsid>0000</dgpsid></trkpt>
<trkpt lat="32.233681000000004" lon="-109.86961216666666"><ele>1274.0</ele><time>2025-12-11T23:30:33.000Z</time><extensions><gpxtpx:TrackPointExtension><gpxtpx:bearing>213.53</gpxtpx:bearing><gpxtpx:speed>25.809717</gpxtpx:speed></gpxtpx:TrackPointExtension></extensions><geoidheight>-27.3</geoidheight><src>gps</src><sat>16</sat><hdop>0.71</hdop><vdop>1.02</vdop><pdop>1.24</pdop><dgpsid>0000</dgpsid></trkpt>
<trkpt lat="32.231533166666665" lon="-109.87127366666667"><ele>1273.9</ele><time>2025-12-11T23:30:44.000Z</time><extensions><gpxtpx:TrackPointExtension><gpxtpx:bearing>213.48</gpxtpx:bearing><gpxtpx:speed>26.128843</gpxtpx:speed></gpxtpx:TrackPointExtension></extensions><geoidheight>-27.3</geoidheight><src>gps</src><sat>16</sat><hdop>0.71</hdop><vdop>1.01</vdop><pdop>1.24</pdop><dgpsid>0000</dgpsid></trkpt>
<trkpt lat="32.229355166666664" lon="-109.87296883333332"><ele>1274.2</ele><time>2025-12-11T23:30:55.000Z</time><extensions><gpxtpx:TrackPointExtension><gpxtpx:bearing>213.65</gpxtpx:bearing><gpxtpx:speed>26.399073</gpxtpx:speed></gpxtpx:TrackPointExtension></extensions><geoidheight>-27.3</geoidheight><src>gps</src><sat>16</sat><hdop>0.70</hdop><vdop>0.96</vdop><pdop>1.19</pdop><dgpsid>0000</dgpsid></trkpt>
<trkpt lat="32.22717266666667" lon="-109.87465633333335"><ele>1274.1</ele><time>2025-12-11T23:31:06.000Z</time><extensions><gpxtpx:TrackPointExtension><gpxtpx:bearing>213.34</gpxtpx:bearing><gpxtpx:speed>26.292011</gpxtpx:speed></gpxtpx:TrackPointExtension></extensions><geoidheight>-27.3</geoidheight><src>gps</src><sat>15</sat><hdop>0.75</hdop><vdop>1.07</vdop><pdop>1.31</pdop><dgpsid>0000</dgpsid></trkpt>
<trkpt lat="32.22503733333333" lon="-109.87631716666668"><ele>1273.1</ele><time>2025-12-11T23:31:17.000Z</time><extensions><gpxtpx:TrackPointExtension><gpxtpx:bearing>213.52</gpxtpx:bearing><gpxtpx:speed>25.524046</gpxtpx:speed></gpxtpx:TrackPointExtension></extensions><geoidheight>-27.3</geoidheight><src>gps</src><sat>17</sat><hdop>0.63</hdop><vdop>0.88</vdop><pdop>1.08</pdop><dgpsid>0000</dgpsid></trkpt>
<trkpt lat="32.22290616666667" lon="-109.87796949999999"><ele>1272.8</ele><time>2025-12-11T23:31:28.000Z</time><extensions><gpxtpx:TrackPointExtension><gpxtpx:bearing>213.47</gpxtpx:bearing><gpxtpx:speed>26.213259</gpxtpx:speed></gpxtpx:TrackPointExtension></extensions><geoidheight>-27.3</geoidheight><src>gps</src><sat>17</sat><hdop>0.63</hdop><vdop>0.86</vdop><pdop>1.06</pdop><dgpsid>0000</dgpsid></trkpt>
<trkpt lat="32.2207285" lon="-109.87966399999999"><ele>1272.5</ele><time>2025-12-11T23:31:39.000Z</time><extensions><gpxtpx:TrackPointExtension><gpxtpx:bearing>213.37</gpxtpx:bearing><gpxtpx:speed>26.508194</gpxtpx:speed></gpxtpx:TrackPointExtension></extensions><geoidheight>-27.3</geoidheight><src>gps</src><sat>18</sat><hdop>0.60</hdop><vdop>0.83</vdop><pdop>1.02</pdop><dgpsid>0000</dgpsid></trkpt>
<trkpt lat="32.21854766666667" lon="-109.88135583333333"><ele>1272.0</ele><time>2025-12-11T23:31:50.000Z</time><extensions><gpxtpx:TrackPointExtension><gpxtpx:bearing>213.58</gpxtpx:bearing><gpxtpx:speed>26.643566</gpxtpx:speed></gpxtpx:TrackPointExtension></extensions><geoidheight>-27.3</geoidheight><src>gps</src><sat>18</sat><hdop>0.60</hdop><vdop>0.83</vdop><pdop>1.02</pdop><dgpsid>0000</dgpsid></trkpt>
<trkpt lat="32.2164745" lon="-109.88326966666666"><ele>1271.7</ele><time>2025-12-11T23:32:01.000Z</time><extensions><gpxtpx:TrackPointExtension><gpxtpx:bearing>222.15</gpxtpx:bearing><gpxtpx:speed>26.602388</gpxtpx:speed></gpxtpx:TrackPointExtension></extensions><geoidheight>-27.3</geoidheight><src>gps</src><sat>17</sat><hdop>0.62</hdop><vdop>0.88</vdop><pdop>1.07</pdop><dgpsid>0000</dgpsid></trkpt>
<trkpt lat="32.214700666666666" lon="-109.8855595"><ele>1272.5</ele><time>2025-12-11T23:32:12.000Z</time><extensions><gpxtpx:TrackPointExtension><gpxtpx:bearing>231.73</gpxtpx:bearing><gpxtpx:speed>26.536505</gpxtpx:speed></gpxtpx:TrackPointExtension></extensions><geoidheight>-27.3</geoidheight><src>gps</src><sat>17</sat><hdop>0.62</hdop><vdop>0.88</vdop><pdop>1.07</pdop><dgpsid>0000</dgpsid></trkpt>
<trkpt lat="32.21321366666667" lon="-109.888034"><ele>1273.2</ele><time>2025-12-11T23:32:23.000Z</time><extensions><gpxtpx:TrackPointExtension><gpxtpx:bearing>234.73</gpxtpx:bearing><gpxtpx:speed>25.955898</gpxtpx:speed></gpxtpx:TrackPointExtension></extensions><geoidheight>-27.3</geoidheight><src>gps</src><sat>17</sat><hdop>0.62</hdop><vdop>0.88</vdop><pdop>1.07</pdop><dgpsid>0000</dgpsid></trkpt>
<trkpt lat="32.21173116666667" lon="-109.890524"><ele>1273.9</ele><time>2025-12-11T23:32:34.000Z</time><extensions><gpxtpx:TrackPointExtension><gpxtpx:bearing>234.98</gpxtpx:bearing><gpxtpx:speed>25.985752</gpxtpx:speed></gpxtpx:TrackPointExtension></extensions><geoidheight>-27.3</geoidheight><src>gps</src><sat>17</sat><hdop>0.61</hdop><vdop>0.88</vdop><pdop>1.07</pdop><dgpsid>0000</dgpsid></trkpt>
<trkpt lat="32.21026716666667" lon="-109.8929865"><ele>1274.4</ele><time>2025-12-11T23:32:45.000Z</time><extensions><gpxtpx:TrackPointExtension><gpxtpx:bearing>235.14</gpxtpx:bearing><gpxtpx:speed>25.556988</gpxtpx:speed></gpxtpx:TrackPointExtension></extensions><geoidheight>-27.3</geoidheight><src>gps</src><sat>18</sat><hdop>0.57</hdop><vdop>0.82</vdop><pdop>1.00</pdop><dgpsid>0000</dgpsid></trkpt>
<trkpt lat="32.20881683333334" lon="-109.89541866666666"><ele>1274.8</ele><time>2025-12-11T23:32:56.000Z</time><extensions><gpxtpx:TrackPointExtension><gpxtpx:bearing>235.33</gpxtpx:bearing><gpxtpx:speed>25.461763</gpxtpx:speed></gpxtpx:TrackPointExtension></extensions><geoidheight>-27.3</geoidheight><src>gps</src><sat>18</sat><hdop>0.57</hdop><vdop>0.82</vdop><pdop>1.00</pdop><dgpsid>0000</dgpsid></trkpt>
<trkpt lat="32.207367" lon="-109.89785566666666"><ele>1275.2</ele><time>2025-12-11T23:33:07.000Z</time><extensions><gpxtpx:TrackPointExtension><gpxtpx:bearing>235.01</gpxtpx:bearing><gpxtpx:speed>25.5714</gpxtpx:speed></gpxtpx:TrackPointExtension></extensions><geoidheight>-27.3</geoidheight><src>gps</src><sat>17</sat><hdop>0.59</hdop><vdop>0.83</vdop><pdop>1.02</pdop><dgpsid>0000</dgpsid></trkpt>
<trkpt lat="32.20590983333333" lon="-109.90030649999999"><ele>1275.6</ele><time>2025-12-11T23:33:18.000Z</time><extensions><gpxtpx:TrackPointExtension><gpxtpx:bearing>235.01</gpxtpx:bearing><gpxtpx:speed>25.620813</gpxtpx:speed></gpxtpx:TrackPointExtension></extensions><geoidheight>-27.3</geoidheight><src>gps</src><sat>18</sat><hdop>0.57</hdop><vdop>0.82</vdop><pdop>1.00</pdop><dgpsid>0000</dgpsid></trkpt>
<trkpt lat="32.2044495" lon="-109.90276583333335"><ele>1275.6</ele><time>2025-12-11T23:33:29.000Z</time><extensions><gpxtpx:TrackPointExtension><gpxtpx:bearing>235.17</gpxtpx:bearing><gpxtpx:speed>25.81023</gpxtpx:speed></gpxtpx:TrackPointExtension></extensions><geoidheight>-27.3</geoidheight><src>gps</src><sat>18</sat><hdop>0.57</hdop><vdop>0.82</vdop><pdop>1.00</pdop><dgpsid>0000</dgpsid></trkpt>
<trkpt lat="32.20298066666667" lon="-109.90523366666666"><ele>1275.5</ele><time>2025-12-11T23:33:40.000Z</time><extensions><gpxtpx:TrackPointExtension><gpxtpx:bearing>235.01</gpxtpx:bearing><gpxtpx:speed>25.904425</gpxtpx:speed></gpxtpx:TrackPointExtension></extensions><geoidheight>-27.3</geoidheight><src>gps</src><sat>18</sat><hdop>0.59</hdop><vdop>0.83</vdop><pdop>1.02</pdop><dgpsid>0000</dgpsid></trkpt>
<trkpt lat="32.20150416666667" lon="-109.90771533333333"><ele>1275.1</ele><time>2025-12-11T23:33:51.000Z</time><extensions><gpxtpx:TrackPointExtension><gpxtpx:bearing>235.01</gpxtpx:bearing><gpxtpx:speed>25.916264</gpxtpx:speed></gpxtpx:TrackPointExtension></extensions><geoidheight>-27.3</geoidheight><src>gps</src><sat>18</sat><hdop>0.59</hdop><vdop>0.83</vdop><pdop>1.02</pdop><dgpsid>0000</dgpsid></trkpt>
<trkpt lat="32.20004983333333" lon="-109.91016316666668"><ele>1275.6</ele><time>2025-12-11T23:34:02.000Z</time><extensions><gpxtpx:TrackPointExtension><gpxtpx:bearing>234.89</gpxtpx:bearing><gpxtpx:speed>25.587872</gpxtpx:speed></gpxtpx:TrackPointExtension></extensions><geoidheight>-27.3</geoidheight><src>gps</src><sat>18</sat><hdop>0.57</hdop><vdop>0.82</vdop><pdop>1.00</pdop><dgpsid>0000</dgpsid></trkpt>
<trkpt lat="32.19859666666667" lon="-109.91260416666667"><ele>1276.1</ele><time>2025-12-11T23:34:13.000Z</time><extensions><gpxtpx:TrackPointExtension><gpxtpx:bearing>234.99</gpxtpx:bearing><gpxtpx:speed>25.53434</gpxtpx:speed></gpxtpx:TrackPointExtension></extensions><geoidheight>-27.3</geoidheight><src>gps</src><sat>17</sat><hdop>0.61</hdop><vdop>0.92</vdop><pdop>1.10</pdop><dgpsid>0000</dgpsid></trkpt>
<trkpt lat="32.197136" lon="-109.91506533333335"><ele>1276.7</ele><time>2025-12-11T23:34:24.000Z</time><extensions><gpxtpx:TrackPointExtension><gpxtpx:bearing>234.91</gpxtpx:bearing><gpxtpx:speed>25.928102</gpxtpx:speed></gpxtpx:TrackPointExtension></extensions><geoidheight>-27.3</geoidheight><src>gps</src><sat>17</sat><hdop>0.61</hdop><vdop>0.92</vdop><pdop>1.10</pdop><dgpsid>0000</dgpsid></trkpt>
<trkpt lat="32.19564616666666" lon="-109.9175645"><ele>1276.8</ele><time>2025-12-11T23:34:35.000Z</time><extensions><gpxtpx:TrackPointExtension><gpxtpx:bearing>235.06</gpxtpx:bearing><gpxtpx:speed>26.61011</gpxtpx:speed></gpxtpx:TrackPointExtension></extensions><geoidheight>-27.3</geoidheight><src>gps</src><sat>17</sat><hdop>0.61</hdop><vdop>0.92</vdop><pdop>1.10</pdop><dgpsid>0000</dgpsid></trkpt>
<trkpt lat="32.19412316666667" lon="-109.92011316666667"><ele>1278.0</ele><time>2025-12-11T23:34:46.000Z</time><extensions><gpxtpx:TrackPointExtension><gpxtpx:bearing>235.03</gpxtpx:bearing><gpxtpx:speed>26.547314</gpxtpx:speed></gpxtpx:TrackPointExtension></extensions><geoidheight>-27.3</geoidheight><src>gps</src><sat>17</sat><hdop>0.61</hdop><vdop>0.92</vdop><pdop>1.10</pdop><dgpsid>0000</dgpsid></trkpt>
<trkpt lat="32.192605666666665" lon="-109.922656"><ele>1279.1</ele><time>2025-12-11T23:34:57.000Z</time><extensions><gpxtpx:TrackPointExtension><gpxtpx:bearing>234.75</gpxtpx:bearing><gpxtpx:speed>26.939531</gpxtpx:speed></gpxtpx:TrackPointExtension></extensions><geoidheight>-27.3</geoidheight><src>gps</src><sat>17</sat><hdop>0.61</hdop><vdop>0.92</vdop><pdop>1.10</pdop><dgpsid>0000</dgpsid></trkpt>
<trkpt lat="32.191077666666665" lon="-109.92522366666665"><ele>1279.8</ele><time>2025-12-11T23:35:08.000Z</time><extensions><gpxtpx:TrackPointExtension><gpxtpx:bearing>234.72</gpxtpx:bearing><gpxtpx:speed>27.092403</gpxtpx:speed></gpxtpx:TrackPointExtension></extensions><geoidheight>-27.3</geoidheight><src>gps</src><sat>17</sat><hdop>0.61</hdop><vdop>0.95</vdop><pdop>1.13</pdop><dgpsid>0000</dgpsid></trkpt>
<trkpt lat="32.189552166666665" lon="-109.92778816666666"><ele>1281.9</ele><time>2025-12-11T23:35:19.000Z</time><extensions><gpxtpx:TrackPointExtension><gpxtpx:bearing>234.61</gpxtpx:bearing><gpxtpx:speed>26.697613</gpxtpx:speed></gpxtpx:TrackPointExtension></extensions><geoidheight>-27.3</geoidheight><src>gps</src><sat>17</sat><hdop>0.61</hdop><vdop>0.92</vdop><pdop>1.10</pdop><dgpsid>0000</dgpsid></trkpt>
<trkpt lat="32.1880255" lon="-109.93034583333335"><ele>1282.8</ele><time>2025-12-11T23:35:30.000Z</time><extensions><gpxtpx:TrackPointExtension><gpxtpx:bearing>235.28</gpxtpx:bearing><gpxtpx:speed>27.162922</gpxtpx:speed></gpxtpx:TrackPointExtension></extensions><geoidheight>-27.3</geoidheight><src>gps</src><sat>17</sat><hdop>0.61</hdop><vdop>0.92</vdop><pdop>1.10</pdop><dgpsid>0000</dgpsid></trkpt>
<trkpt lat="32.186483833333334" lon="-109.93293299999999"><ele>1282.9</ele><time>2025-12-11T23:35:41.000Z</time><extensions><gpxtpx:TrackPointExtension><gpxtpx:bearing>234.68</gpxtpx:bearing><gpxtpx:speed>26.951885</gpxtpx:speed></gpxtpx:TrackPointExtension></extensions><geoidheight>-27.3</geoidheight><src>gps</src><sat>16</sat><hdop>0.64</hdop><vdop>0.92</vdop><pdop>1.12</pdop><dgpsid>0000</dgpsid></trkpt>
<trkpt lat="32.18495016666667" lon="-109.9355155"><ele>1283.0</ele><time>2025-12-11T23:35:52.000Z</time><extensions><gpxtpx:TrackPointExtension><gpxtpx:bearing>235.19</gpxtpx:bearing><gpxtpx:speed>27.255571</gpxtpx:speed></gpxtpx:TrackPointExtension></extensions><geoidheight>-27.4</geoidheight><src>gps</src><sat>17</sat><hdop>0.64</hdop><vdop>0.92</vdop><pdop>1.12</pdop><dgpsid>0000</dgpsid></trkpt>
<trkpt lat="32.18338933333334" lon="-109.93813233333334"><ele>1282.7</ele><time>2025-12-11T23:36:03.000Z</time><extensions><gpxtpx:TrackPointExtension><gpxtpx:bearing>235.1</gpxtpx:bearing><gpxtpx:speed>27.496462</gpxtpx:speed></gpxtpx:TrackPointExtension></extensions><geoidheight>-27.4</geoidheight><src>gps</src><sat>17</sat><hdop>0.64</hdop><vdop>0.95</vdop><pdop>1.14</pdop><dgpsid>0000</dgpsid></trkpt>
<trkpt lat="32.181820333333334" lon="-109.94076183333333"><ele>1283.9</ele><time>2025-12-11T23:36:14.000Z</time><extensions><gpxtpx:TrackPointExtension><gpxtpx:bearing>235.09</gpxtpx:bearing><gpxtpx:speed>27.493887</gpxtpx:speed></gpxtpx:TrackPointExtension></extensions><geoidheight>-27.4</geoidheight><src>gps</src><sat>17</sat><hdop>0.61</hdop><vdop>0.92</vdop><pdop>1.10</pdop><dgpsid>0000</dgpsid></trkpt>
<trkpt lat="32.180255833333334" lon="-109.94338950000001"><ele>1284.7</ele><time>2025-12-11T23:36:25.000Z</time><extensions><gpxtpx:TrackPointExtension><gpxtpx:bearing>235.24</gpxtpx:bearing><gpxtpx:speed>27.710585</gpxtpx:speed></gpxtpx:TrackPointExtension></extensions><geoidheight>-27.4</geoidheight><src>gps</src><sat>17</sat><hdop>0.61</hdop><vdop>0.95</vdop><pdop>1.13</pdop><dgpsid>0000</dgpsid></trkpt>
<trkpt lat="32.1786525" lon="-109.946072"><ele>1285.8</ele><time>2025-12-11T23:36:36.000Z</time><extensions><gpxtpx:TrackPointExtension><gpxtpx:bearing>234.91</gpxtpx:bearing><gpxtpx:speed>27.816618</gpxtpx:speed></gpxtpx:TrackPointExtension></extensions><geoidheight>-27.4</geoidheight><src>gps</src><sat>17</sat><hdop>0.66</hdop><vdop>1.01</vdop><pdop>1.21</pdop><dgpsid>0000</dgpsid></trkpt>
<trkpt lat="32.177100333333335" lon="-109.94869583333333"><ele>1285.5</ele><time>2025-12-11T23:36:47.000Z</time><extensions><gpxtpx:TrackPointExtension><gpxtpx:bearing>234.58</gpxtpx:bearing><gpxtpx:speed>27.133068</gpxtpx:speed></gpxtpx:TrackPointExtension></extensions><geoidheight>-27.4</geoidheight><src>gps</src><sat>17</sat><hdop>0.61</hdop><vdop>0.92</vdop><pdop>1.10</pdop><dgpsid>0000</dgpsid></trkpt>
<trkpt lat="32.17557516666667" lon="-109.95126333333334"><ele>1287.9</ele><time>2025-12-11T23:36:58.000Z</time><extensions><gpxtpx:TrackPointExtension><gpxtpx:bearing>234.92</gpxtpx:bearing><gpxtpx:speed>26.740849</gpxtpx:speed></gpxtpx:TrackPointExtension></extensions><geoidheight>-27.4</geoidheight><src>gps</src><sat>17</sat><hdop>0.61</hdop><vdop>0.92</vdop><pdop>1.10</pdop><dgpsid>0000</dgpsid></trkpt>
<trkpt lat="32.17406366666667" lon="-109.95380283333334"><ele>1290.5</ele><time>2025-12-11T23:37:09.000Z</time><extensions><gpxtpx:TrackPointExtension><gpxtpx:bearing>235.11</gpxtpx:bearing><gpxtpx:speed>26.251863</gpxtpx:speed></gpxtpx:TrackPointExtension></extensions><geoidheight>-27.4</geoidheight><src>gps</src><sat>17</sat><hdop>0.61</hdop><vdop>0.92</vdop><pdop>1.10</pdop><dgpsid>0000</dgpsid></trkpt>
<trkpt lat="32.172553666666666" lon="-109.95633449999998"><ele>1294.6</ele><time>2025-12-11T23:37:20.000Z</time><extensions><gpxtpx:TrackPointExtension><gpxtpx:bearing>234.83</gpxtpx:bearing><gpxtpx:speed>26.925634</gpxtpx:speed></gpxtpx:TrackPointExtension></extensions><geoidheight>-27.4</geoidheight><src>gps</src><sat>17</sat><hdop>0.61</hdop><vdop>0.92</vdop><pdop>1.10</pdop><dgpsid>0000</dgpsid></trkpt>
<trkpt lat="32.17102033333333" lon="-109.95891883333334"><ele>1298.5</ele><time>2025-12-11T23:37:31.000Z</time><extensions><gpxtpx:TrackPointExtension><gpxtpx:bearing>235.02</gpxtpx:bearing><gpxtpx:speed>27.30447</gpxtpx:speed></gpxtpx:TrackPointExtension></extensions><geoidheight>-27.4</geoidheight><src>gps</src><sat>17</sat><hdop>0.61</hdop><vdop>0.92</vdop><pdop>1.10</pdop><dgpsid>0000</dgpsid></trkpt>
<trkpt lat="32.16947366666667" lon="-109.96151149999999"><ele>1302.5</ele><time>2025-12-11T23:37:42.000Z</time><extensions><gpxtpx:TrackPointExtension><gpxtpx:bearing>235.11</gpxtpx:bearing><gpxtpx:speed>27.150568</gpxtpx:speed></gpxtpx:TrackPointExtension></extensions><geoidheight>-27.4</geoidheight><src>gps</src><sat>17</sat><hdop>0.61</hdop><vdop>0.92</vdop><pdop>1.10</pdop><dgpsid>0000</dgpsid></trkpt>
<trkpt lat="32.167930500000004" lon="-109.96411083333332"><ele>1306.5</ele><time>2025-12-11T23:37:53.000Z</time><extensions><gpxtpx:TrackPointExtension><gpxtpx:bearing>235.05</gpxtpx:bearing><gpxtpx:speed>27.39815</gpxtpx:speed></gpxtpx:TrackPointExtension></extensions><geoidheight>-27.4</geoidheight><src>gps</src><sat>17</sat><hdop>0.61</hdop><vdop>0.92</vdop><pdop>1.10</pdop><dgpsid>0000</dgpsid></trkpt>
<trkpt lat="32.166367" lon="-109.9667425"><ele>1311.3</ele><time>2025-12-11T23:38:04.000Z</time><extensions><gpxtpx:TrackPointExtension><gpxtpx:bearing>234.88</gpxtpx:bearing><gpxtpx:speed>27.673012</gpxtpx:speed></gpxtpx:TrackPointExtension></extensions><geoidheight>-27.4</geoidheight><src>gps</src><sat>17</sat><hdop>0.61</hdop><vdop>0.92</vdop><pdop>1.10</pdop><dgpsid>0000</dgpsid></trkpt>
<trkpt lat="32.164810333333335" lon="-109.96935116666667"><ele>1315.7</ele><time>2025-12-11T23:38:15.000Z</time><extensions><gpxtpx:TrackPointExtension><gpxtpx:bearing>235.2</gpxtpx:bearing><gpxtpx:speed>27.009535</gpxtpx:speed></gpxtpx:TrackPointExtension></extensions><geoidheight>-27.4</geoidheight><src>gps</src><sat>17</sat><hdop>0.61</hdop><vdop>0.92</vdop><pdop>1.10</pdop><dgpsid>0000</dgpsid></trkpt>
<trkpt lat="32.16329266666666" lon="-109.97189583333332"><ele>1319.8</ele><time>2025-12-11T23:38:26.000Z</time><extensions><gpxtpx:TrackPointExtension><gpxtpx:bearing>235.04</gpxtpx:bearing><gpxtpx:speed>26.593124</gpxtpx:speed></gpxtpx:TrackPointExtension></extensions><geoidheight>-27.4</geoidheight><src>gps</src><sat>17</sat><hdop>0.61</hdop><vdop>0.92</vdop><pdop>1.10</pdop><dgpsid>0000</dgpsid></trkpt>
<trkpt lat="32.16177783333333" lon="-109.9744405"><ele>1324.0</ele><time>2025-12-11T23:38:37.000Z</time><extensions><gpxtpx:TrackPointExtension><gpxtpx:bearing>235.0</gpxtpx:bearing><gpxtpx:speed>26.880339</gpxtpx:speed></gpxtpx:TrackPointExtension></extensions><geoidheight>-27.4</geoidheight><src>gps</src><sat>17</sat><hdop>0.61</hdop><vdop>0.91</vdop><pdop>1.10</pdop><dgpsid>0000</dgpsid></trkpt>
<trkpt lat="32.16024266666667" lon="-109.97701216666668"><ele>1328.5</ele><time>2025-12-11T23:38:48.000Z</time><extensions><gpxtpx:TrackPointExtension><gpxtpx:bearing>234.87</gpxtpx:bearing><gpxtpx:speed>27.009535</gpxtpx:speed></gpxtpx:TrackPointExtension></extensions><geoidheight>-27.4</geoidheight><src>gps</src><sat>17</sat><hdop>0.61</hdop><vdop>0.91</vdop><pdop>1.10</pdop><dgpsid>0000</dgpsid></trkpt>
<trkpt lat="32.1587035" lon="-109.97959100000001"><ele>1333.3</ele><time>2025-12-11T23:38:59.000Z</time><extensions><gpxtpx:TrackPointExtension><gpxtpx:bearing>234.59</gpxtpx:bearing><gpxtpx:speed>27.125347</gpxtpx:speed></gpxtpx:TrackPointExtension></extensions><geoidheight>-27.4</geoidheight><src>gps</src><sat>17</sat><hdop>0.61</hdop><vdop>0.91</vdop><pdop>1.10</pdop><dgpsid>0000</dgpsid></trkpt>
<trkpt lat="32.1571685" lon="-109.98216516666668"><ele>1336.1</ele><time>2025-12-11T23:39:10.000Z</time><extensions><gpxtpx:TrackPointExtension><gpxtpx:bearing>234.77</gpxtpx:bearing><gpxtpx:speed>26.84019</gpxtpx:speed></gpxtpx:TrackPointExtension></extensions><geoidheight>-27.4</geoidheight><src>gps</src><sat>16</sat><hdop>0.67</hdop><vdop>1.01</vdop><pdop>1.21</pdop><dgpsid>0000</dgpsid></trkpt>
<trkpt lat="32.1556445" lon="-109.98472633333334"><ele>1339.4</ele><time>2025-12-11T23:39:21.000Z</time><extensions><gpxtpx:TrackPointExtension><gpxtpx:bearing>234.93</gpxtpx:bearing><gpxtpx:speed>26.796953</gpxtpx:speed></gpxtpx:TrackPointExtension></extensions><geoidheight>-27.4</geoidheight><src>gps</src><sat>17</sat><hdop>0.65</hdop><vdop>1.01</vdop><pdop>1.20</pdop><dgpsid>0000</dgpsid></trkpt>
<trkpt lat="32.15414833333333" lon="-109.98723900000002"><ele>1343.7</ele><time>2025-12-11T23:39:32.000Z</time><extensions><gpxtpx:TrackPointExtension><gpxtpx:bearing>234.9</gpxtpx:bearing><gpxtpx:speed>25.874056</gpxtpx:speed></gpxtpx:TrackPointExtension></extensions><geoidheight>-27.4</geoidheight><src>gps</src><sat>17</sat><hdop>0.65</hdop><vdop>1.01</vdop><pdop>1.20</pdop><dgpsid>0000</dgpsid></trkpt>
<trkpt lat="32.15266633333333" lon="-109.98966683333335"><ele>1347.2</ele><time>2025-12-11T23:39:43.000Z</time><extensions><gpxtpx:TrackPointExtension><gpxtpx:bearing>233.0</gpxtpx:bearing><gpxtpx:speed>25.64861</gpxtpx:speed></gpxtpx:TrackPointExtension></extensions><geoidheight>-27.4</geoidheight><src>gps</src><sat>17</sat><hdop>0.65</hdop><vdop>1.01</vdop><pdop>1.20</pdop><dgpsid>0000</dgpsid></trkpt>
<trkpt lat="32.151033999999996" lon="-109.99196500000001"><ele>1349.6</ele><time>2025-12-11T23:39:54.000Z</time><extensions><gpxtpx:TrackPointExtension><gpxtpx:bearing>228.07</gpxtpx:bearing><gpxtpx:speed>25.583239</gpxtpx:speed></gpxtpx:TrackPointExtension></extensions><geoidheight>-27.4</geoidheight><src>gps</src><sat>17</sat><hdop>0.65</hdop><vdop>1.01</vdop><pdop>1.20</pdop><dgpsid>0000</dgpsid></trkpt>
<trkpt lat="32.14929299999999" lon="-109.99405766666665"><ele>1354.9</ele><time>2025-12-11T23:40:05.000Z</time><extensions><gpxtpx:TrackPointExtension><gpxtpx:bearing>223.2</gpxtpx:bearing><gpxtpx:speed>24.91101</gpxtpx:speed></gpxtpx:TrackPointExtension></extensions><geoidheight>-27.4</geoidheight><src>gps</src><sat>17</sat><hdop>0.66</hdop><vdop>1.03</vdop><pdop>1.22</pdop><dgpsid>0000</dgpsid></trkpt>
<trkpt lat="32.147431" lon="-109.99596816666666"><ele>1359.6</ele><time>2025-12-11T23:40:16.000Z</time><extensions><gpxtpx:TrackPointExtension><gpxtpx:bearing>218.44</gpxtpx:bearing><gpxtpx:speed>25.289846</gpxtpx:speed></gpxtpx:TrackPointExtension></extensions><geoidheight>-27.4</geoidheight><src>gps</src><sat>17</sat><hdop>0.65</hdop><vdop>1.01</vdop><pdop>1.20</pdop><dgpsid>0000</dgpsid></trkpt>
<trkpt lat="32.14540366666667" lon="-109.99774083333332"><ele>1361.4</ele><time>2025-12-11T23:40:27.000Z</time><extensions><gpxtpx:TrackPointExtension><gpxtpx:bearing>214.41</gpxtpx:bearing><gpxtpx:speed>25.958986</gpxtpx:speed></gpxtpx:TrackPointExtension></extensions><geoidheight>-27.4</geoidheight><src>gps</src><sat>16</sat><hdop>0.73</hdop><vdop>1.13</vdop><pdop>1.34</pdop><dgpsid>0000</dgpsid></trkpt>
<trkpt lat="32.14325483333334" lon="-109.99940733333332"><ele>1360.6</ele><time>2025-12-11T23:40:38.000Z</time><extensions><gpxtpx:TrackPointExtension><gpxtpx:bearing>213.44</gpxtpx:bearing><gpxtpx:speed>26.15664</gpxtpx:speed></gpxtpx:TrackPointExtension></extensions><geoidheight>-27.4</geoidheight><src>gps</src><sat>16</sat><hdop>0.73</hdop><vdop>1.13</vdop><pdop>1.34</pdop><dgpsid>0000</dgpsid></trkpt>
<trkpt lat="32.141099000000004" lon="-110.0010525"><ele>1364.2</ele><time>2025-12-11T23:40:49.000Z</time><extensions><gpxtpx:TrackPointExtension><gpxtpx:bearing>213.15</gpxtpx:bearing><gpxtpx:speed>25.72942</gpxtpx:speed></gpxtpx:TrackPointExtension></extensions><geoidheight>-27.4</geoidheight><src>gps</src><sat>16</sat><hdop>0.73</hdop><vdop>1.13</vdop><pdop>1.34</pdop><dgpsid>0000</dgpsid></trkpt>
<trkpt lat="32.13896316666667" lon="-110.00268400000002"><ele>1369.2</ele><time>2025-12-11T23:41:00.000Z</time><extensions><gpxtpx:TrackPointExtension><gpxtpx:bearing>212.89</gpxtpx:bearing><gpxtpx:speed>25.613607</gpxtpx:speed></gpxtpx:TrackPointExtension></extensions><geoidheight>-27.4</geoidheight><src>gps</src><sat>16</sat><hdop>0.72</hdop><vdop>1.13</vdop><pdop>1.34</pdop><dgpsid>0000</dgpsid></trkpt>
<trkpt lat="32.136852999999995" lon="-110.00429933333335"><ele>1377.6</ele><time>2025-12-11T23:41:11.000Z</time><extensions><gpxtpx:TrackPointExtension><gpxtpx:bearing>213.02</gpxtpx:bearing><gpxtpx:speed>25.22808</gpxtpx:speed></gpxtpx:TrackPointExtension></extensions><geoidheight>-27.4</geoidheight><src>gps</src><sat>16</sat><hdop>0.71</hdop><vdop>1.02</vdop><pdop>1.24</pdop><dgpsid>0000</dgpsid></trkpt>
<trkpt lat="32.13477666666667" lon="-110.00588950000001"><ele>1384.9</ele><time>2025-12-11T23:41:22.000Z</time><extensions><gpxtpx:TrackPointExtension><gpxtpx:bearing>213.35</gpxtpx:bearing><gpxtpx:speed>25.079325</gpxtpx:speed></gpxtpx:TrackPointExtension></extensions><geoidheight>-27.4</geoidheight><src>gps</src><sat>16</sat><hdop>0.64</hdop><vdop>0.95</vdop><pdop>1.15</pdop><dgpsid>0000</dgpsid></trkpt>
<trkpt lat="32.1326595" lon="-110.00750966666668"><ele>1390.3</ele><time>2025-12-11T23:41:33.000Z</time><extensions><gpxtpx:TrackPointExtension><gpxtpx:bearing>212.82</gpxtpx:bearing><gpxtpx:speed>25.593018</gpxtpx:speed></gpxtpx:TrackPointExtension></extensions><geoidheight>-27.4</geoidheight><src>gps</src><sat>15</sat><hdop>0.66</hdop><vdop>1.00</vdop><pdop>1.20</pdop><dgpsid>0000</dgpsid></trkpt>
<trkpt lat="32.1305475" lon="-110.00913083333334"><ele>1395.2</ele><time>2025-12-11T23:41:44.000Z</time><extensions><gpxtpx:TrackPointExtension><gpxtpx:bearing>213.21</gpxtpx:bearing><gpxtpx:speed>25.421616</gpxtpx:speed></gpxtpx:TrackPointExtension></extensions><geoidheight>-27.5</geoidheight><src>gps</src><sat>16</sat><hdop>0.75</hdop><vdop>1.23</vdop><pdop>1.44</pdop><dgpsid>0000</dgpsid></trkpt>
<trkpt lat="32.12842916666667" lon="-110.01074816666666"><ele>1400.1</ele><time>2025-12-11T23:41:55.000Z</time><extensions><gpxtpx:TrackPointExtension><gpxtpx:bearing>212.91</gpxtpx:bearing><gpxtpx:speed>25.73817</gpxtpx:speed></gpxtpx:TrackPointExtension></extensions><geoidheight>-27.5</geoidheight><src>gps</src><sat>17</sat><hdop>0.61</hdop><vdop>0.91</vdop><pdop>1.09</pdop><dgpsid>0000</dgpsid></trkpt>
<trkpt lat="32.12629483333333" lon="-110.012391"><ele>1402.3</ele><time>2025-12-11T23:42:06.000Z</time><extensions><gpxtpx:TrackPointExtension><gpxtpx:bearing>212.81</gpxtpx:bearing><gpxtpx:speed>25.95075</gpxtpx:speed></gpxtpx:TrackPointExtension></extensions><geoidheight>-27.5</geoidheight><src>gps</src><sat>17</sat><hdop>0.63</hdop><vdop>0.91</vdop><pdop>1.11</pdop><dgpsid>0000</dgpsid></trkpt>
<trkpt lat="32.1241415" lon="-110.014028"><ele>1405.6</ele><time>2025-12-11T23:42:17.000Z</time><extensions><gpxtpx:TrackPointExtension><gpxtpx:bearing>213.23</gpxtpx:bearing><gpxtpx:speed>25.69905</gpxtpx:speed></gpxtpx:TrackPointExtension></extensions><geoidheight>-27.5</geoidheight><src>gps</src><sat>17</sat><hdop>0.68</hdop><vdop>1.01</vdop><pdop>1.21</pdop><dgpsid>0000</dgpsid></trkpt>
<trkpt lat="32.12201433333333" lon="-110.01566666666668"><ele>1407.0</ele><time>2025-12-11T23:42:28.000Z</time><extensions><gpxtpx:TrackPointExtension><gpxtpx:bearing>212.8</gpxtpx:bearing><gpxtpx:speed>25.77317</gpxtpx:speed></gpxtpx:TrackPointExtension></extensions><geoidheight>-27.5</geoidheight><src>gps</src><sat>16</sat><hdop>0.68</hdop><vdop>1.01</vdop><pdop>1.21</pdop><dgpsid>0000</dgpsid></trkpt>
<trkpt lat="32.1198565" lon="-110.01732283333334"><ele>1409.0</ele><time>2025-12-11T23:42:39.000Z</time><extensions><gpxtpx:TrackPointExtension><gpxtpx:bearing>212.71</gpxtpx:bearing><gpxtpx:speed>26.197817</gpxtpx:speed></gpxtpx:TrackPointExtension></extensions><geoidheight>-27.5</geoidheight><src>gps</src><sat>17</sat><hdop>0.68</hdop><vdop>1.01</vdop><pdop>1.21</pdop><dgpsid>0000</dgpsid></trkpt>
<trkpt lat="32.11772416666667" lon="-110.01894233333333"><ele>1414.8</ele><time>2025-12-11T23:42:50.000Z</time><extensions><gpxtpx:TrackPointExtension><gpxtpx:bearing>213.0</gpxtpx:bearing><gpxtpx:speed>25.008293</gpxtpx:speed></gpxtpx:TrackPointExtension></extensions><geoidheight>-27.5</geoidheight><src>gps</src><sat>17</sat><hdop>0.65</hdop><vdop>1.02</vdop><pdop>1.22</pdop><dgpsid>0000</dgpsid></trkpt>
<trkpt lat="32.11565733333334" lon="-110.02052283333333"><ele>1422.4</ele><time>2025-12-11T23:43:01.000Z</time><extensions><gpxtpx:TrackPointExtension><gpxtpx:bearing>213.09</gpxtpx:bearing><gpxtpx:speed>24.998514</gpxtpx:speed></gpxtpx:TrackPointExtension></extensions><geoidheight>-27.5</geoidheight><src>gps</src><sat>16</sat><hdop>0.75</hdop><vdop>1.14</vdop><pdop>1.37</pdop><dgpsid>0000</dgpsid></trkpt>
<trkpt lat="32.11353316666667" lon="-110.02213366666668"><ele>1422.9</ele><time>2025-12-11T23:43:12.000Z</time><extensions><gpxtpx:TrackPointExtension><gpxtpx:bearing>211.13</gpxtpx:bearing><gpxtpx:speed>26.08046</gpxtpx:speed></gpxtpx:TrackPointExtension></extensions><geoidheight>-27.5</geoidheight><src>gps</src><sat>16</sat><hdop>0.72</hdop><vdop>1.13</vdop><pdop>1.34</pdop><dgpsid>0000</dgpsid></trkpt>
<trkpt lat="32.11126" lon="-110.02375783333333"><ele>1416.7</ele><time>2025-12-11T23:43:23.000Z</time><extensions><gpxtpx:TrackPointExtension><gpxtpx:bearing>211.11</gpxtpx:bearing><gpxtpx:speed>27.275131</gpxtpx:speed></gpxtpx:TrackPointExtension></extensions><geoidheight>-27.5</geoidheight><src>gps</src><sat>16</sat><hdop>0.72</hdop><vdop>1.13</vdop><pdop>1.34</pdop><dgpsid>0000</dgpsid></trkpt>
<trkpt lat="32.10899383333334" lon="-110.0253635"><ele>1411.8</ele><time>2025-12-11T23:43:34.000Z</time><extensions><gpxtpx:TrackPointExtension><gpxtpx:bearing>211.42</gpxtpx:bearing><gpxtpx:speed>26.381058</gpxtpx:speed></gpxtpx:TrackPointExtension></extensions><geoidheight>-27.5</geoidheight><src>gps</src><sat>16</sat><hdop>0.72</hdop><vdop>1.13</vdop><pdop>1.34</pdop><dgpsid>0000</dgpsid></trkpt>
<trkpt lat="32.1067875" lon="-110.02692833333334"><ele>1411.2</ele><time>2025-12-11T23:43:45.000Z</time><extensions><gpxtpx:TrackPointExtension><gpxtpx:bearing>211.07</gpxtpx:bearing><gpxtpx:speed>25.670742</gpxtpx:speed></gpxtpx:TrackPointExtension></extensions><geoidheight>-27.5</geoidheight><src>gps</src><sat>16</sat><hdop>0.63</hdop><vdop>0.95</vdop><pdop>1.14</pdop><dgpsid>0000</dgpsid></trkpt>
<trkpt lat="32.10464583333333" lon="-110.02845133333334"><ele>1414.4</ele><time>2025-12-11T23:43:56.000Z</time><extensions><gpxtpx:TrackPointExtension><gpxtpx:bearing>211.01</gpxtpx:bearing><gpxtpx:speed>25.034544</gpxtpx:speed></gpxtpx:TrackPointExtension></extensions><geoidheight>-27.5</geoidheight><src>gps</src><sat>16</sat><hdop>0.72</hdop><vdop>1.13</vdop><pdop>1.34</pdop><dgpsid>0000</dgpsid></trkpt>
<trkpt lat="32.102491" lon="-110.02997083333334"><ele>1419.7</ele><time>2025-12-11T23:44:07.000Z</time><extensions><gpxtpx:TrackPointExtension><gpxtpx:bearing>210.76</gpxtpx:bearing><gpxtpx:speed>25.46022</gpxtpx:speed></gpxtpx:TrackPointExtension></extensions><geoidheight>-27.5</geoidheight><src>gps</src><sat>16</sat><hdop>0.74</hdop><vdop>1.22</vdop><pdop>1.43</pdop><dgpsid>0000</dgpsid></trkpt>
<trkpt lat="32.100322166666665" lon="-110.03150816666667"><ele>1422.7</ele><time>2025-12-11T23:44:18.000Z</time><extensions><gpxtpx:TrackPointExtension><gpxtpx:bearing>211.23</gpxtpx:bearing><gpxtpx:speed>25.71964</gpxtpx:speed></gpxtpx:TrackPointExtension></extensions><geoidheight>-27.5</geoidheight><src>gps</src><sat>16</sat><hdop>0.74</hdop><vdop>1.23</vdop><pdop>1.43</pdop><dgpsid>0000</dgpsid></trkpt>
<trkpt lat="32.09813316666667" lon="-110.033059"><ele>1424.5</ele><time>2025-12-11T23:44:29.000Z</time><extensions><gpxtpx:TrackPointExtension><gpxtpx:bearing>211.15</gpxtpx:bearing><gpxtpx:speed>25.218815</gpxtpx:speed></gpxtpx:TrackPointExtension></extensions><geoidheight>-27.5</geoidheight><src>gps</src><sat>16</sat><hdop>0.75</hdop><vdop>1.24</vdop><pdop>1.44</pdop><dgpsid>0000</dgpsid></trkpt>
<trkpt lat="32.096022833333336" lon="-110.03455533333333"><ele>1426.2</ele><time>2025-12-11T23:44:40.000Z</time><extensions><gpxtpx:TrackPointExtension><gpxtpx:bearing>211.39</gpxtpx:bearing><gpxtpx:speed>24.73549</gpxtpx:speed></gpxtpx:TrackPointExtension></extensions><geoidheight>-27.5</geoidheight><src>gps</src><sat>16</sat><hdop>0.64</hdop><vdop>0.97</vdop><pdop>1.16</pdop><dgpsid>0000</dgpsid></trkpt>
<trkpt lat="32.09395633333334" lon="-110.03601766666667"><ele>1433.6</ele><time>2025-12-11T23:44:51.000Z</time><extensions><gpxtpx:TrackPointExtension><gpxtpx:bearing>212.19</gpxtpx:bearing><gpxtpx:speed>24.131721</gpxtpx:speed></gpxtpx:TrackPointExtension></extensions><geoidheight>-27.5</geoidheight><src>gps</src><sat>16</sat><hdop>0.73</hdop><vdop>1.14</vdop><pdop>1.36</pdop><dgpsid>0000</dgpsid></trkpt>
<trkpt lat="32.09196266666667" lon="-110.03758766666667"><ele>1444.6</ele><time>2025-12-11T23:45:02.000Z</time><extensions><gpxtpx:TrackPointExtension><gpxtpx:bearing>216.17</gpxtpx:bearing><gpxtpx:speed>24.221283</gpxtpx:speed></gpxtpx:TrackPointExtension></extensions><geoidheight>-27.5</geoidheight><src>gps</src><sat>16</sat><hdop>0.72</hdop><vdop>1.13</vdop><pdop>1.34</pdop><dgpsid>0000</dgpsid></trkpt>
<trkpt lat="32.09010383333334" lon="-110.03930266666666"><ele>1453.3</ele><time>2025-12-11T23:45:13.000Z</time><extensions><gpxtpx:TrackPointExtension><gpxtpx:bearing>220.47</gpxtpx:bearing><gpxtpx:speed>23.784285</gpxtpx:speed></gpxtpx:TrackPointExtension></extensions><geoidheight>-27.5</geoidheight><src>gps</src><sat>16</sat><hdop>0.72</hdop><vdop>1.13</vdop><pdop>1.34</pdop><dgpsid>0000</dgpsid></trkpt>
<trkpt lat="32.088376833333335" lon="-110.04115733333335"><ele>1461.8</ele><time>2025-12-11T23:45:24.000Z</time><extensions><gpxtpx:TrackPointExtension><gpxtpx:bearing>224.61</gpxtpx:bearing><gpxtpx:speed>23.489862</gpxtpx:speed></gpxtpx:TrackPointExtension></extensions><geoidheight>-27.5</geoidheight><src>gps</src><sat>16</sat><hdop>0.79</hdop><vdop>1.27</vdop><pdop>1.50</pdop><dgpsid>0000</dgpsid></trkpt>
<trkpt lat="32.0867855" lon="-110.04314783333332"><ele>1469.2</ele><time>2025-12-11T23:45:35.000Z</time><extensions><gpxtpx:TrackPointExtension><gpxtpx:bearing>229.46</gpxtpx:bearing><gpxtpx:speed>23.70862</gpxtpx:speed></gpxtpx:TrackPointExtension></extensions><geoidheight>-27.5</geoidheight><src>gps</src><sat>14</sat><hdop>0.69</hdop><vdop>0.98</vdop><pdop>1.20</pdop><dgpsid>0000</dgpsid></trkpt>
<trkpt lat="32.085271166666665" lon="-110.04534316666668"><ele>1474.9</ele><time>2025-12-11T23:45:46.000Z</time><extensions><gpxtpx:TrackPointExtension><gpxtpx:bearing>233.37</gpxtpx:bearing><gpxtpx:speed>24.555338</gpxtpx:speed></gpxtpx:TrackPointExtension></extensions><geoidheight>-27.5</geoidheight><src>gps</src><sat>16</sat><hdop>0.66</hdop><vdop>0.95</vdop><pdop>1.16</pdop><dgpsid>0000</dgpsid></trkpt>
<trkpt lat="32.08388016666667" lon="-110.04771533333333"><ele>1478.9</ele><time>2025-12-11T23:45:57.000Z</time><extensions><gpxtpx:TrackPointExtension><gpxtpx:bearing>238.16</gpxtpx:bearing><gpxtpx:speed>24.991308</gpxtpx:speed></gpxtpx:TrackPointExtension></extensions><geoidheight>-27.5</geoidheight><src>gps</src><sat>17</sat><hdop>0.63</hdop><vdop>0.90</vdop><pdop>1.10</pdop><dgpsid>0000</dgpsid></trkpt>
<trkpt lat="32.0826255" lon="-110.0502495"><ele>1478.4</ele><time>2025-12-11T23:46:08.000Z</time><extensions><gpxtpx:TrackPointExtension><gpxtpx:bearing>242.71</gpxtpx:bearing><gpxtpx:speed>25.43191</gpxtpx:speed></gpxtpx:TrackPointExtension></extensions><geoidheight>-27.6</geoidheight><src>gps</src><sat>17</sat><hdop>0.64</hdop><vdop>0.90</vdop><pdop>1.11</pdop><dgpsid>0000</dgpsid></trkpt>
<trkpt lat="32.081454666666666" lon="-110.05290083333333"><ele>1474.7</ele><time>2025-12-11T23:46:19.000Z</time><extensions><gpxtpx:TrackPointExtension><gpxtpx:bearing>242.14</gpxtpx:bearing><gpxtpx:speed>25.965677</gpxtpx:speed></gpxtpx:TrackPointExtension></extensions><geoidheight>-27.6</geoidheight><src>gps</src><sat>17</sat><hdop>0.60</hdop><vdop>0.90</vdop><pdop>1.08</pdop><dgpsid>0000</dgpsid></trkpt>
<trkpt lat="32.080158" lon="-110.05551949999999"><ele>1469.5</ele><time>2025-12-11T23:46:30.000Z</time><extensions><gpxtpx:TrackPointExtension><gpxtpx:bearing>236.8</gpxtpx:bearing><gpxtpx:speed>26.14583</gpxtpx:speed></gpxtpx:TrackPointExtension></extensions><geoidheight>-27.6</geoidheight><src>gps</src><sat>17</sat><hdop>0.64</hdop><vdop>0.94</vdop><pdop>1.14</pdop><dgpsid>0000</dgpsid></trkpt>
<trkpt lat="32.078618666666664" lon="-110.05796933333335"><ele>1465.5</ele><time>2025-12-11T23:46:41.000Z</time><extensions><gpxtpx:TrackPointExtension><gpxtpx:bearing>230.79</gpxtpx:bearing><gpxtpx:speed>26.113403</gpxtpx:speed></gpxtpx:TrackPointExtension></extensions><geoidheight>-27.6</geoidheight><src>gps</src><sat>17</sat><hdop>0.60</hdop><vdop>0.90</vdop><pdop>1.08</pdop><dgpsid>0000</dgpsid></trkpt>
<trkpt lat="32.07689166666667" lon="-110.06016816666667"><ele>1465.3</ele><time>2025-12-11T23:46:52.000Z</time><extensions><gpxtpx:TrackPointExtension><gpxtpx:bearing>223.85</gpxtpx:bearing><gpxtpx:speed>25.173004</gpxtpx:speed></gpxtpx:TrackPointExtension></extensions><geoidheight>-27.6</geoidheight><src>gps</src><sat>17</sat><hdop>0.66</hdop><vdop>0.99</vdop><pdop>1.19</pdop><dgpsid>0000</dgpsid></trkpt>
<trkpt lat="32.07506733333333" lon="-110.0621035"><ele>1468.9</ele><time>2025-12-11T23:47:03.000Z</time><extensions><gpxtpx:TrackPointExtension><gpxtpx:bearing>221.0</gpxtpx:bearing><gpxtpx:speed>24.223858</gpxtpx:speed></gpxtpx:TrackPointExtension></extensions><geoidheight>-27.6</geoidheight><src>gps</src><sat>17</sat><hdop>0.72</hdop><vdop>1.13</vdop><pdop>1.34</pdop><dgpsid>0000</dgpsid></trkpt>
<trkpt lat="32.073280833333335" lon="-110.063938"><ele>1478.3</ele><time>2025-12-11T23:47:14.000Z</time><extensions><gpxtpx:TrackPointExtension><gpxtpx:bearing>220.59</gpxtpx:bearing><gpxtpx:speed>23.830095</gpxtpx:speed></gpxtpx:TrackPointExtension></extensions><geoidheight>-27.6</geoidheight><src>gps</src><sat>17</sat><hdop>0.72</hdop><vdop>1.13</vdop><pdop>1.34</pdop><dgpsid>0000</dgpsid></trkpt>
<trkpt lat="32.07147116666667" lon="-110.06580366666667"><ele>1482.1</ele><time>2025-12-11T23:47:25.000Z</time><extensions><gpxtpx:TrackPointExtension><gpxtpx:bearing>220.84</gpxtpx:bearing><gpxtpx:speed>24.972778</gpxtpx:speed></gpxtpx:TrackPointExtension></extensions><geoidheight>-27.6</geoidheight><src>gps</src><sat>16</sat><hdop>0.77</hdop><vdop>1.14</vdop><pdop>1.38</pdop><dgpsid>0000</dgpsid></trkpt>
<trkpt lat="32.069632" lon="-110.06769700000001"><ele>1486.2</ele><time>2025-12-11T23:47:36.000Z</time><extensions><gpxtpx:TrackPointExtension><gpxtpx:bearing>221.17</gpxtpx:bearing><gpxtpx:speed>23.875391</gpxtpx:speed></gpxtpx:TrackPointExtension></extensions><geoidheight>-27.6</geoidheight><src>gps</src><sat>17</sat><hdop>0.72</hdop><vdop>1.13</vdop><pdop>1.34</pdop><dgpsid>0000</dgpsid></trkpt>
<trkpt lat="32.067895" lon="-110.06948283333334"><ele>1495.8</ele><time>2025-12-11T23:47:47.000Z</time><extensions><gpxtpx:TrackPointExtension><gpxtpx:bearing>221.12</gpxtpx:bearing><gpxtpx:speed>23.176912</gpxtpx:speed></gpxtpx:TrackPointExtension></extensions><geoidheight>-27.6</geoidheight><src>gps</src><sat>16</sat><hdop>0.67</hdop><vdop>1.05</vdop><pdop>1.24</pdop><dgpsid>0000</dgpsid></trkpt>
<trkpt lat="32.066157" lon="-110.07127800000002"><ele>1502.3</ele><time>2025-12-11T23:47:58.000Z</time><extensions><gpxtpx:TrackPointExtension><gpxtpx:bearing>220.99</gpxtpx:bearing><gpxtpx:speed>23.39464</gpxtpx:speed></gpxtpx:TrackPointExtension></extensions><geoidheight>-27.6</geoidheight><src>gps</src><sat>16</sat><hdop>0.67</hdop><vdop>1.05</vdop><pdop>1.24</pdop><dgpsid>0000</dgpsid></trkpt>
<trkpt lat="32.064456666666665" lon="-110.0730305"><ele>1511.1</ele><time>2025-12-11T23:48:09.000Z</time><extensions><gpxtpx:TrackPointExtension><gpxtpx:bearing>221.01</gpxtpx:bearing><gpxtpx:speed>22.733736</gpxtpx:speed></gpxtpx:TrackPointExtension></extensions><geoidheight>-27.6</geoidheight><src>gps</src><sat>15</sat><hdop>0.70</hdop><vdop>1.11</vdop><pdop>1.31</pdop><dgpsid>0000</dgpsid></trkpt>
<trkpt lat="32.062748000000006" lon="-110.07479633333332"><ele>1515.0</ele><time>2025-12-11T23:48:20.000Z</time><extensions><gpxtpx:TrackPointExtension><gpxtpx:bearing>220.93</gpxtpx:bearing><gpxtpx:speed>23.386404</gpxtpx:speed></gpxtpx:TrackPointExtension></extensions><geoidheight>-27.6</geoidheight><src>gps</src><sat>15</sat><hdop>0.69</hdop><vdop>1.00</vdop><pdop>1.21</pdop><dgpsid>0000</dgpsid></trkpt>
<trkpt lat="32.0609395" lon="-110.07664600000001"><ele>1511.9</ele><time>2025-12-11T23:48:31.000Z</time><extensions><gpxtpx:TrackPointExtension><gpxtpx:bearing>220.74</gpxtpx:bearing><gpxtpx:speed>24.759169</gpxtpx:speed></gpxtpx:TrackPointExtension></extensions><geoidheight>-27.6</geoidheight><src>gps</src><sat>13</sat><hdop>0.72</hdop><vdop>1.11</vdop><pdop>1.33</pdop><dgpsid>0000</dgpsid></trkpt>
<trkpt lat="32.0590285" lon="-110.0785245"><ele>1502.5</ele><time>2025-12-11T23:48:42.000Z</time><extensions><gpxtpx:TrackPointExtension><gpxtpx:bearing>219.09</gpxtpx:bearing><gpxtpx:speed>25.271317</gpxtpx:speed></gpxtpx:TrackPointExtension></extensions><geoidheight>-27.6</geoidheight><src>gps</src><sat>16</sat><hdop>0.67</hdop><vdop>0.99</vdop><pdop>1.19</pdop><dgpsid>0000</dgpsid></trkpt>
<trkpt lat="32.057056333333335" lon="-110.08039750000002"><ele>1492.0</ele><time>2025-12-11T23:48:53.000Z</time><extensions><gpxtpx:TrackPointExtension><gpxtpx:bearing>218.46</gpxtpx:bearing><gpxtpx:speed>26.149433</gpxtpx:speed></gpxtpx:TrackPointExtension></extensions><geoidheight>-27.6</geoidheight><src>gps</src><sat>16</sat><hdop>0.63</hdop><vdop>0.93</vdop><pdop>1.13</pdop><dgpsid>0000</dgpsid></trkpt>
<trkpt lat="32.05497366666667" lon="-110.08231300000001"><ele>1486.0</ele><time>2025-12-11T23:49:04.000Z</time><extensions><gpxtpx:TrackPointExtension><gpxtpx:bearing>217.47</gpxtpx:bearing><gpxtpx:speed>26.299732</gpxtpx:speed></gpxtpx:TrackPointExtension></extensions><geoidheight>-27.6</geoidheight><src>gps</src><sat>16</sat><hdop>0.63</hdop><vdop>0.93</vdop><pdop>1.12</pdop><dgpsid>0000</dgpsid></trkpt>
<trkpt lat="32.05296033333333" lon="-110.0841025"><ele>1479.2</ele><time>2025-12-11T23:49:15.000Z</time><extensions><gpxtpx:TrackPointExtension><gpxtpx:bearing>216.57</gpxtpx:bearing><gpxtpx:speed>25.43294</gpxtpx:speed></gpxtpx:TrackPointExtension></extensions><geoidheight>-27.6</geoidheight><src>gps</src><sat>15</sat><hdop>0.74</hdop><vdop>1.24</vdop><pdop>1.44</pdop><dgpsid>0000</dgpsid></trkpt>
<trkpt lat="32.050886500000004" lon="-110.08589699999999"><ele>1468.6</ele><time>2025-12-11T23:49:26.000Z</time><extensions><gpxtpx:TrackPointExtension><gpxtpx:bearing>216.08</gpxtpx:bearing><gpxtpx:speed>26.701216</gpxtpx:speed></gpxtpx:TrackPointExtension></extensions><geoidheight>-27.6</geoidheight><src>gps</src><sat>15</sat><hdop>0.69</hdop><vdop>1.06</vdop><pdop>1.27</pdop><dgpsid>0000</dgpsid></trkpt>
<trkpt lat="32.048736" lon="-110.0876835"><ele>1460.5</ele><time>2025-12-11T23:49:37.000Z</time><extensions><gpxtpx:TrackPointExtension><gpxtpx:bearing>214.55</gpxtpx:bearing><gpxtpx:speed>25.851923</gpxtpx:speed></gpxtpx:TrackPointExtension></extensions><geoidheight>-27.6</geoidheight><src>gps</src><sat>16</sat><hdop>0.74</hdop><vdop>1.14</vdop><pdop>1.36</pdop><dgpsid>0000</dgpsid></trkpt>
<trkpt lat="32.04663333333333" lon="-110.0893725"><ele>1457.8</ele><time>2025-12-11T23:49:48.000Z</time><extensions><gpxtpx:TrackPointExtension><gpxtpx:bearing>213.73</gpxtpx:bearing><gpxtpx:speed>25.766994</gpxtpx:speed></gpxtpx:TrackPointExtension></extensions><geoidheight>-27.6</geoidheight><src>gps</src><sat>16</sat><hdop>0.66</hdop><vdop>1.04</vdop><pdop>1.24</pdop><dgpsid>0000</dgpsid></trkpt>
<trkpt lat="32.04453516666667" lon="-110.09109766666667"><ele>1451.8</ele><time>2025-12-11T23:49:59.000Z</time><extensions><gpxtpx:TrackPointExtension><gpxtpx:bearing>218.95</gpxtpx:bearing><gpxtpx:speed>26.036194</gpxtpx:speed></gpxtpx:TrackPointExtension></extensions><geoidheight>-27.6</geoidheight><src>gps</src><sat>14</sat><hdop>0.83</hdop><vdop>1.37</vdop><pdop>1.60</pdop><dgpsid>0000</dgpsid></trkpt>
<trkpt lat="32.04266566666667" lon="-110.09317616666667"><ele>1446.8</ele><time>2025-12-11T23:50:10.000Z</time><extensions><gpxtpx:TrackPointExtension><gpxtpx:bearing>228.69</gpxtpx:bearing><gpxtpx:speed>25.542576</gpxtpx:speed></gpxtpx:TrackPointExtension></extensions><geoidheight>-27.6</geoidheight><src>gps</src><sat>17</sat><hdop>0.65</hdop><vdop>0.94</vdop><pdop>1.14</pdop><dgpsid>0000</dgpsid></trkpt>
<trkpt lat="32.04108233333333" lon="-110.09544783333334"><ele>1440.7</ele><time>2025-12-11T23:50:21.000Z</time><extensions><gpxtpx:TrackPointExtension><gpxtpx:bearing>231.29</gpxtpx:bearing><gpxtpx:speed>25.189991</gpxtpx:speed></gpxtpx:TrackPointExtension></extensions><geoidheight>-27.7</geoidheight><src>gps</src><sat>17</sat><hdop>0.63</hdop><vdop>0.94</vdop><pdop>1.13</pdop><dgpsid>0000</dgpsid></trkpt>
<trkpt lat="32.03947733333334" lon="-110.09779133333335"><ele>1435.8</ele><time>2025-12-11T23:50:32.000Z</time><extensions><gpxtpx:TrackPointExtension><gpxtpx:bearing>231.08</gpxtpx:bearing><gpxtpx:speed>25.458675</gpxtpx:speed></gpxtpx:TrackPointExtension></extensions><geoidheight>-27.7</geoidheight><src>gps</src><sat>17</sat><hdop>0.63</hdop><vdop>0.93</vdop><pdop>1.12</pdop><dgpsid>0000</dgpsid></trkpt>
<trkpt lat="32.03782866666666" lon="-110.0999735"><ele>1437.4</ele><time>2025-12-11T23:50:43.000Z</time><extensions><gpxtpx:TrackPointExtension><gpxtpx:bearing>223.22</gpxtpx:bearing><gpxtpx:speed>25.28161</gpxtpx:speed></gpxtpx:TrackPointExtension></extensions><geoidheight>-27.7</geoidheight><src>gps</src><sat>16</sat><hdop>0.63</hdop><vdop>0.93</vdop><pdop>1.12</pdop><dgpsid>0000</dgpsid></trkpt>
<trkpt lat="32.03581133333333" lon="-110.10179733333334"><ele>1433.3</ele><time>2025-12-11T23:50:54.000Z</time><extensions><gpxtpx:TrackPointExtension><gpxtpx:bearing>211.77</gpxtpx:bearing><gpxtpx:speed>25.933764</gpxtpx:speed></gpxtpx:TrackPointExtension></extensions><geoidheight>-27.7</geoidheight><src>gps</src><sat>15</sat><hdop>0.70</hdop><vdop>1.10</vdop><pdop>1.31</pdop><dgpsid>0000</dgpsid></trkpt>
<trkpt lat="32.0335415" lon="-110.10321700000001"><ele>1434.5</ele><time>2025-12-11T23:51:05.000Z</time><extensions><gpxtpx:TrackPointExtension><gpxtpx:bearing>206.78</gpxtpx:bearing><gpxtpx:speed>25.722214</gpxtpx:speed></gpxtpx:TrackPointExtension></extensions><geoidheight>-27.7</geoidheight><src>gps</src><sat>15</sat><hdop>0.69</hdop><vdop>1.06</vdop><pdop>1.27</pdop><dgpsid>0000</dgpsid></trkpt>
<trkpt lat="32.031265999999995" lon="-110.10457883333332"><ele>1435.6</ele><time>2025-12-11T23:51:16.000Z</time><extensions><gpxtpx:TrackPointExtension><gpxtpx:bearing>206.96</gpxtpx:bearing><gpxtpx:speed>26.05009</gpxtpx:speed></gpxtpx:TrackPointExtension></extensions><geoidheight>-27.7</geoidheight><src>gps</src><sat>15</sat><hdop>0.76</hdop><vdop>1.33</vdop><pdop>1.54</pdop><dgpsid>0000</dgpsid></trkpt>
<trkpt lat="32.02891133333333" lon="-110.10598283333333"><ele>1422.1</ele><time>2025-12-11T23:51:27.000Z</time><extensions><gpxtpx:TrackPointExtension><gpxtpx:bearing>206.96</gpxtpx:bearing><gpxtpx:speed>26.621433</gpxtpx:speed></gpxtpx:TrackPointExtension></extensions><geoidheight>-27.7</geoidheight><src>gps</src><sat>15</sat><hdop>0.74</hdop><vdop>1.24</vdop><pdop>1.44</pdop><dgpsid>0000</dgpsid></trkpt>
<trkpt lat="32.0266385" lon="-110.1073875"><ele>1419.9</ele><time>2025-12-11T23:51:38.000Z</time><extensions><gpxtpx:TrackPointExtension><gpxtpx:bearing>209.32</gpxtpx:bearing><gpxtpx:speed>25.249699</gpxtpx:speed></gpxtpx:TrackPointExtension></extensions><geoidheight>-27.7</geoidheight><src>gps</src><sat>14</sat><hdop>0.76</hdop><vdop>1.34</vdop><pdop>1.54</pdop><dgpsid>0000</dgpsid></trkpt>
<trkpt lat="32.02446333333333" lon="-110.10895299999999"><ele>1416.4</ele><time>2025-12-11T23:51:49.000Z</time><extensions><gpxtpx:TrackPointExtension><gpxtpx:bearing>213.06</gpxtpx:bearing><gpxtpx:speed>26.126785</gpxtpx:speed></gpxtpx:TrackPointExtension></extensions><geoidheight>-27.7</geoidheight><src>gps</src><sat>14</sat><hdop>0.75</hdop><vdop>1.24</vdop><pdop>1.45</pdop><dgpsid>0000</dgpsid></trkpt>
<trkpt lat="32.02235833333334" lon="-110.11069"><ele>1410.3</ele><time>2025-12-11T23:52:00.000Z</time><extensions><gpxtpx:TrackPointExtension><gpxtpx:bearing>217.45</gpxtpx:bearing><gpxtpx:speed>25.964132</gpxtpx:speed></gpxtpx:TrackPointExtension></extensions><geoidheight>-27.7</geoidheight><src>gps</src><sat>14</sat><hdop>0.74</hdop><vdop>1.24</vdop><pdop>1.44</pdop><dgpsid>0000</dgpsid></trkpt>
<trkpt lat="32.02036183333333" lon="-110.11258416666666"><ele>1402.1</ele><time>2025-12-11T23:52:11.000Z</time><extensions><gpxtpx:TrackPointExtension><gpxtpx:bearing>220.69</gpxtpx:bearing><gpxtpx:speed>25.254332</gpxtpx:speed></gpxtpx:TrackPointExtension></extensions><geoidheight>-27.7</geoidheight><src>gps</src><sat>15</sat><hdop>0.75</hdop><vdop>1.24</vdop><pdop>1.45</pdop><dgpsid>0000</dgpsid></trkpt>
<trkpt lat="32.0185535" lon="-110.11452583333333"><ele>1403.3</ele><time>2025-12-11T23:52:22.000Z</time><extensions><gpxtpx:TrackPointExtension><gpxtpx:bearing>224.65</gpxtpx:bearing><gpxtpx:speed>24.181135</gpxtpx:speed></gpxtpx:TrackPointExtension></extensions><geoidheight>-27.7</geoidheight><src>gps</src><sat>16</sat><hdop>0.66</hdop><vdop>1.01</vdop><pdop>1.20</pdop><dgpsid>0000</dgpsid></trkpt>
<trkpt lat="32.01690866666667" lon="-110.11652583333334"><ele>1406.9</ele><time>2025-12-11T23:52:33.000Z</time><extensions><gpxtpx:TrackPointExtension><gpxtpx:bearing>227.72</gpxtpx:bearing><gpxtpx:speed>24.16209</gpxtpx:speed></gpxtpx:TrackPointExtension></extensions><geoidheight>-27.7</geoidheight><src>gps</src><sat>16</sat><hdop>0.63</hdop><vdop>0.92</vdop><pdop>1.11</pdop><dgpsid>0000</dgpsid></trkpt>
<trkpt lat="32.015309333333335" lon="-110.11872166666666"><ele>1404.2</ele><time>2025-12-11T23:52:44.000Z</time><extensions><gpxtpx:TrackPointExtension><gpxtpx:bearing>231.0</gpxtpx:bearing><gpxtpx:speed>25.59199</gpxtpx:speed></gpxtpx:TrackPointExtension></extensions><geoidheight>-27.7</geoidheight><src>gps</src><sat>17</sat><hdop>0.63</hdop><vdop>0.92</vdop><pdop>1.11</pdop><dgpsid>0000</dgpsid></trkpt>
<trkpt lat="32.0137645" lon="-110.12114166666667"><ele>1390.9</ele><time>2025-12-11T23:52:55.000Z</time><extensions><gpxtpx:TrackPointExtension><gpxtpx:bearing>235.01</gpxtpx:bearing><gpxtpx:speed>26.75526</gpxtpx:speed></gpxtpx:TrackPointExtension></extensions><geoidheight>-27.7</geoidheight><src>gps</src><sat>17</sat><hdop>0.60</hdop><vdop>0.87</vdop><pdop>1.06</pdop><dgpsid>0000</dgpsid></trkpt>
<trkpt lat="32.012268166666665" lon="-110.12383900000002"><ele>1372.7</ele><time>2025-12-11T23:53:06.000Z</time><extensions><gpxtpx:TrackPointExtension><gpxtpx:bearing>239.15</gpxtpx:bearing><gpxtpx:speed>28.589216</gpxtpx:speed></gpxtpx:TrackPointExtension></extensions><geoidheight>-27.7</geoidheight><src>gps</src><sat>17</sat><hdop>0.61</hdop><vdop>0.87</vdop><pdop>1.06</pdop><dgpsid>0000</dgpsid></trkpt>
<trkpt lat="32.01097583333333" lon="-110.12677266666667"><ele>1361.4</ele><time>2025-12-11T23:53:17.000Z</time><extensions><gpxtpx:TrackPointExtension><gpxtpx:bearing>246.84</gpxtpx:bearing><gpxtpx:speed>27.495432</gpxtpx:speed></gpxtpx:TrackPointExtension></extensions><geoidheight>-27.7</geoidheight><src>gps</src><sat>17</sat><hdop>0.60</hdop><vdop>0.87</vdop><pdop>1.06</pdop><dgpsid>0000</dgpsid></trkpt>
<trkpt lat="32.0099595" lon="-110.12954783333335"><ele>1360.4</ele><time>2025-12-11T23:53:28.000Z</time><extensions><gpxtpx:TrackPointExtension><gpxtpx:bearing>246.73</gpxtpx:bearing><gpxtpx:speed>25.418013</gpxtpx:speed></gpxtpx:TrackPointExtension></extensions><geoidheight>-27.7</geoidheight><src>gps</src><sat>17</sat><hdop>0.60</hdop><vdop>0.87</vdop><pdop>1.06</pdop><dgpsid>0000</dgpsid></trkpt>
<trkpt lat="32.00894666666667" lon="-110.13228983333332"><ele>1358.7</ele><time>2025-12-11T23:53:39.000Z</time><extensions><gpxtpx:TrackPointExtension><gpxtpx:bearing>246.61</gpxtpx:bearing><gpxtpx:speed>25.78707</gpxtpx:speed></gpxtpx:TrackPointExtension></extensions><geoidheight>-27.7</geoidheight><src>gps</src><sat>17</sat><hdop>0.60</hdop><vdop>0.87</vdop><pdop>1.05</pdop><dgpsid>0000</dgpsid></trkpt>
<trkpt lat="32.00792166666667" lon="-110.13507933333334"><ele>1351.7</ele><time>2025-12-11T23:53:50.000Z</time><extensions><gpxtpx:TrackPointExtension><gpxtpx:bearing>246.65</gpxtpx:bearing><gpxtpx:speed>26.511282</gpxtpx:speed></gpxtpx:TrackPointExtension></extensions><geoidheight>-27.7</geoidheight><src>gps</src><sat>16</sat><hdop>0.63</hdop><vdop>0.91</vdop><pdop>1.11</pdop><dgpsid>0000</dgpsid></trkpt>
<trkpt lat="32.00688316666666" lon="-110.137901"><ele>1345.0</ele><time>2025-12-11T23:54:01.000Z</time><extensions><gpxtpx:TrackPointExtension><gpxtpx:bearing>246.44</gpxtpx:bearing><gpxtpx:speed>25.919867</gpxtpx:speed></gpxtpx:TrackPointExtension></extensions><geoidheight>-27.7</geoidheight><src>gps</src><sat>16</sat><hdop>0.65</hdop><vdop>0.91</vdop><pdop>1.11</pdop><dgpsid>0000</dgpsid></trkpt>
<trkpt lat="32.00588483333333" lon="-110.14062299999999"><ele>1342.5</ele><time>2025-12-11T23:54:12.000Z</time><extensions><gpxtpx:TrackPointExtension><gpxtpx:bearing>246.48</gpxtpx:bearing><gpxtpx:speed>24.957851</gpxtpx:speed></gpxtpx:TrackPointExtension></extensions><geoidheight>-27.7</geoidheight><src>gps</src><sat>17</sat><hdop>0.60</hdop><vdop>0.86</vdop><pdop>1.05</pdop><dgpsid>0000</dgpsid></trkpt>
<trkpt lat="32.004910333333335" lon="-110.14327049999999"><ele>1342.0</ele><time>2025-12-11T23:54:23.000Z</time><extensions><gpxtpx:TrackPointExtension><gpxtpx:bearing>246.6</gpxtpx:bearing><gpxtpx:speed>24.958881</gpxtpx:speed></gpxtpx:TrackPointExtension></extensions><geoidheight>-27.7</geoidheight><src>gps</src><sat>17</sat><hdop>0.60</hdop><vdop>0.86</vdop><pdop>1.05</pdop><dgpsid>0000</dgpsid></trkpt>
<trkpt lat="32.003918" lon="-110.14597716666667"><ele>1338.5</ele><time>2025-12-11T23:54:34.000Z</time><extensions><gpxtpx:TrackPointExtension><gpxtpx:bearing>246.75</gpxtpx:bearing><gpxtpx:speed>25.611547</gpxtpx:speed></gpxtpx:TrackPointExtension></extensions><geoidheight>-27.7</geoidheight><src>gps</src><sat>17</sat><hdop>0.60</hdop><vdop>0.86</vdop><pdop>1.05</pdop><dgpsid>0000</dgpsid></trkpt>
<trkpt lat="32.002916" lon="-110.14871216666667"><ele>1334.1</ele><time>2025-12-11T23:54:45.000Z</time><extensions><gpxtpx:TrackPointExtension><gpxtpx:bearing>246.48</gpxtpx:bearing><gpxtpx:speed>25.71089</gpxtpx:speed></gpxtpx:TrackPointExtension></extensions><geoidheight>-27.8</geoidheight><src>gps</src><sat>17</sat><hdop>0.63</hdop><vdop>0.88</vdop><pdop>1.09</pdop><dgpsid>0000</dgpsid></trkpt>
<trkpt lat="32.001861" lon="-110.15157300000001"><ele>1329.5</ele><time>2025-12-11T23:54:56.000Z</time><extensions><gpxtpx:TrackPointExtension><gpxtpx:bearing>246.83</gpxtpx:bearing><gpxtpx:speed>27.29469</gpxtpx:speed></gpxtpx:TrackPointExtension></extensions><geoidheight>-27.8</geoidheight><src>gps</src><sat>17</sat><hdop>0.60</hdop><vdop>0.86</vdop><pdop>1.05</pdop><dgpsid>0000</dgpsid></trkpt>
<trkpt lat="32.000777500000005" lon="-110.15451933333334"><ele>1324.1</ele><time>2025-12-11T23:55:07.000Z</time><extensions><gpxtpx:TrackPointExtension><gpxtpx:bearing>246.79</gpxtpx:bearing><gpxtpx:speed>27.684849</gpxtpx:speed></gpxtpx:TrackPointExtension></extensions><geoidheight>-27.8</geoidheight><src>gps</src><sat>17</sat><hdop>0.60</hdop><vdop>0.86</vdop><pdop>1.05</pdop><dgpsid>0000</dgpsid></trkpt>
<trkpt lat="31.99969533333334" lon="-110.15747116666668"><ele>1319.6</ele><time>2025-12-11T23:55:18.000Z</time><extensions><gpxtpx:TrackPointExtension><gpxtpx:bearing>246.51</gpxtpx:bearing><gpxtpx:speed>27.58036</gpxtpx:speed></gpxtpx:TrackPointExtension></extensions><geoidheight>-27.8</geoidheight><src>gps</src><sat>16</sat><hdop>0.67</hdop><vdop>0.91</vdop><pdop>1.13</pdop><dgpsid>0000</dgpsid></trkpt>
<trkpt lat="31.99861333333333" lon="-110.16041516666668"><ele>1313.9</ele><time>2025-12-11T23:55:29.000Z</time><extensions><gpxtpx:TrackPointExtension><gpxtpx:bearing>246.6</gpxtpx:bearing><gpxtpx:speed>27.771837</gpxtpx:speed></gpxtpx:TrackPointExtension></extensions><geoidheight>-27.8</geoidheight><src>gps</src><sat>16</sat><hdop>0.63</hdop><vdop>0.91</vdop><pdop>1.10</pdop><dgpsid>0000</dgpsid></trkpt>
<trkpt lat="31.997515" lon="-110.16339383333334"><ele>1306.9</ele><time>2025-12-11T23:55:40.000Z</time><extensions><gpxtpx:TrackPointExtension><gpxtpx:bearing>246.7</gpxtpx:bearing><gpxtpx:speed>28.031773</gpxtpx:speed></gpxtpx:TrackPointExtension></extensions><geoidheight>-27.8</geoidheight><src>gps</src><sat>16</sat><hdop>0.63</hdop><vdop>0.91</vdop><pdop>1.10</pdop><dgpsid>0000</dgpsid></trkpt>
<trkpt lat="31.996437833333335" lon="-110.166334"><ele>1300.4</ele><time>2025-12-11T23:55:51.000Z</time><extensions><gpxtpx:TrackPointExtension><gpxtpx:bearing>246.49</gpxtpx:bearing><gpxtpx:speed>27.71316</gpxtpx:speed></gpxtpx:TrackPointExtension></extensions><geoidheight>-27.8</geoidheight><src>gps</src><sat>16</sat><hdop>0.63</hdop><vdop>0.90</vdop><pdop>1.10</pdop><dgpsid>0000</dgpsid></trkpt>
<trkpt lat="31.995339833333333" lon="-110.16932100000001"><ele>1295.0</ele><time>2025-12-11T23:56:02.000Z</time><extensions><gpxtpx:TrackPointExtension><gpxtpx:bearing>246.43</gpxtpx:bearing><gpxtpx:speed>28.230455</gpxtpx:speed></gpxtpx:TrackPointExtension></extensions><geoidheight>-27.8</geoidheight><src>gps</src><sat>16</sat><hdop>0.63</hdop><vdop>0.90</vdop><pdop>1.10</pdop><dgpsid>0000</dgpsid></trkpt>
<trkpt lat="31.994229166666667" lon="-110.17233183333335"><ele>1289.5</ele><time>2025-12-11T23:56:13.000Z</time><extensions><gpxtpx:TrackPointExtension><gpxtpx:bearing>246.73</gpxtpx:bearing><gpxtpx:speed>27.902576</gpxtpx:speed></gpxtpx:TrackPointExtension></extensions><geoidheight>-27.8</geoidheight><src>gps</src><sat>16</sat><hdop>0.63</hdop><vdop>0.90</vdop><pdop>1.10</pdop><dgpsid>0000</dgpsid></trkpt>
<trkpt lat="31.99315" lon="-110.17528300000001"><ele>1286.3</ele><time>2025-12-11T23:56:24.000Z</time><extensions><gpxtpx:TrackPointExtension><gpxtpx:bearing>246.55</gpxtpx:bearing><gpxtpx:speed>27.34256</gpxtpx:speed></gpxtpx:TrackPointExtension></extensions><geoidheight>-27.8</geoidheight><src>gps</src><sat>16</sat><hdop>0.63</hdop><vdop>0.90</vdop><pdop>1.10</pdop><dgpsid>0000</dgpsid></trkpt>
<trkpt lat="31.99208566666667" lon="-110.17818516666667"><ele>1281.1</ele><time>2025-12-11T23:56:35.000Z</time><extensions><gpxtpx:TrackPointExtension><gpxtpx:bearing>246.51</gpxtpx:bearing><gpxtpx:speed>27.289543</gpxtpx:speed></gpxtpx:TrackPointExtension></extensions><geoidheight>-27.8</geoidheight><src>gps</src><sat>16</sat><hdop>0.63</hdop><vdop>0.90</vdop><pdop>1.10</pdop><dgpsid>0000</dgpsid></trkpt>
<trkpt lat="31.991020333333335" lon="-110.18109666666666"><ele>1273.6</ele><time>2025-12-11T23:56:46.000Z</time><extensions><gpxtpx:TrackPointExtension><gpxtpx:bearing>246.98</gpxtpx:bearing><gpxtpx:speed>27.466093</gpxtpx:speed></gpxtpx:TrackPointExtension></extensions><geoidheight>-27.8</geoidheight><src>gps</src><sat>16</sat><hdop>0.63</hdop><vdop>0.90</vdop><pdop>1.10</pdop><dgpsid>0000</dgpsid></trkpt>
<trkpt lat="31.989932333333332" lon="-110.184033"><ele>1266.6</ele><time>2025-12-11T23:56:57.000Z</time><extensions><gpxtpx:TrackPointExtension><gpxtpx:bearing>246.31</gpxtpx:bearing><gpxtpx:speed>27.52477</gpxtpx:speed></gpxtpx:TrackPointExtension></extensions><geoidheight>-27.8</geoidheight><src>gps</src><sat>16</sat><hdop>0.63</hdop><vdop>0.90</vdop><pdop>1.10</pdop><dgpsid>0000</dgpsid></trkpt>
<trkpt lat="31.988855166666667" lon="-110.18696583333333"><ele>1261.6</ele><time>2025-12-11T23:57:08.000Z</time><extensions><gpxtpx:TrackPointExtension><gpxtpx:bearing>246.88</gpxtpx:bearing><gpxtpx:speed>27.280277</gpxtpx:speed></gpxtpx:TrackPointExtension></extensions><geoidheight>-27.8</geoidheight><src>gps</src><sat>16</sat><hdop>0.63</hdop><vdop>0.90</vdop><pdop>1.10</pdop><dgpsid>0000</dgpsid></trkpt>
<trkpt lat="31.987779166666662" lon="-110.18989433333333"><ele>1255.7</ele><time>2025-12-11T23:57:19.000Z</time><extensions><gpxtpx:TrackPointExtension><gpxtpx:bearing>246.72</gpxtpx:bearing><gpxtpx:speed>27.477932</gpxtpx:speed></gpxtpx:TrackPointExtension></extensions><geoidheight>-27.8</geoidheight><src>gps</src><sat>16</sat><hdop>0.63</hdop><vdop>0.92</vdop><pdop>1.12</pdop><dgpsid>0000</dgpsid></trkpt>
<trkpt lat="31.986737666666667" lon="-110.19285749999999"><ele>1249.5</ele><time>2025-12-11T23:57:30.000Z</time><extensions><gpxtpx:TrackPointExtension><gpxtpx:bearing>248.6</gpxtpx:bearing><gpxtpx:speed>27.468151</gpxtpx:speed></gpxtpx:TrackPointExtension></extensions><geoidheight>-27.8</geoidheight><src>gps</src><sat>16</sat><hdop>0.63</hdop><vdop>0.92</vdop><pdop>1.12</pdop><dgpsid>0000</dgpsid></trkpt>
<trkpt lat="31.985813666666665" lon="-110.19583650000001"><ele>1243.2</ele><time>2025-12-11T23:57:41.000Z</time><extensions><gpxtpx:TrackPointExtension><gpxtpx:bearing>251.18</gpxtpx:bearing><gpxtpx:speed>27.174246</gpxtpx:speed></gpxtpx:TrackPointExtension></extensions><geoidheight>-27.8</geoidheight><src>gps</src><sat>16</sat><hdop>0.63</hdop><vdop>0.90</vdop><pdop>1.09</pdop><dgpsid>0000</dgpsid></trkpt>
<trkpt lat="31.985002833333336" lon="-110.19885366666668"><ele>1237.5</ele><time>2025-12-11T23:57:52.000Z</time><extensions><gpxtpx:TrackPointExtension><gpxtpx:bearing>253.94</gpxtpx:bearing><gpxtpx:speed>27.450136</gpxtpx:speed></gpxtpx:TrackPointExtension></extensions><geoidheight>-27.8</geoidheight><src>gps</src><sat>15</sat><hdop>0.68</hdop><vdop>0.96</vdop><pdop>1.17</pdop><dgpsid>0000</dgpsid></trkpt>
<trkpt lat="31.98424433333333" lon="-110.20192483333334"><ele>1232.5</ele><time>2025-12-11T23:58:03.000Z</time><extensions><gpxtpx:TrackPointExtension><gpxtpx:bearing>253.98</gpxtpx:bearing><gpxtpx:speed>27.492344</gpxtpx:speed></gpxtpx:TrackPointExtension></extensions><geoidheight>-27.8</geoidheight><src>gps</src><sat>16</sat><hdop>0.63</hdop><vdop>0.89</vdop><pdop>1.09</pdop><dgpsid>0000</dgpsid></trkpt>
<trkpt lat="31.9834885" lon="-110.20498583333334"><ele>1227.3</ele><time>2025-12-11T23:58:14.000Z</time><extensions><gpxtpx:TrackPointExtension><gpxtpx:bearing>254.03</gpxtpx:bearing><gpxtpx:speed>27.443445</gpxtpx:speed></gpxtpx:TrackPointExtension></extensions><geoidheight>-27.8</geoidheight><src>gps</src><sat>16</sat><hdop>0.63</hdop><vdop>0.89</vdop><pdop>1.09</pdop><dgpsid>0000</dgpsid></trkpt>
<trkpt lat="31.98272683333333" lon="-110.20809050000001"><ele>1217.0</ele><time>2025-12-11T23:58:25.000Z</time><extensions><gpxtpx:TrackPointExtension><gpxtpx:bearing>254.1</gpxtpx:bearing><gpxtpx:speed>27.810957</gpxtpx:speed></gpxtpx:TrackPointExtension></extensions><geoidheight>-27.8</geoidheight><src>gps</src><sat>16</sat><hdop>0.67</hdop><vdop>0.93</vdop><pdop>1.15</pdop><dgpsid>0000</dgpsid></trkpt>
<trkpt lat="31.981943833333336" lon="-110.21127033333332"><ele>1200.2</ele><time>2025-12-11T23:58:36.000Z</time><extensions><gpxtpx:TrackPointExtension><gpxtpx:bearing>253.62</gpxtpx:bearing><gpxtpx:speed>29.11938</gpxtpx:speed></gpxtpx:TrackPointExtension></extensions><geoidheight>-27.8</geoidheight><src>gps</src><sat>16</sat><hdop>0.67</hdop><vdop>0.93</vdop><pdop>1.15</pdop><dgpsid>0000</dgpsid></trkpt>
<trkpt lat="31.981118999999996" lon="-110.21460983333333"><ele>1180.6</ele><time>2025-12-11T23:58:47.000Z</time><extensions><gpxtpx:TrackPointExtension><gpxtpx:bearing>253.95</gpxtpx:bearing><gpxtpx:speed>30.36295</gpxtpx:speed></gpxtpx:TrackPointExtension></extensions><geoidheight>-27.9</geoidheight><src>gps</src><sat>15</sat><hdop>0.67</hdop><vdop>0.93</vdop><pdop>1.14</pdop><dgpsid>0000</dgpsid></trkpt>
<trkpt lat="31.980301833333336" lon="-110.21792816666667"><ele>1170.6</ele><time>2025-12-11T23:58:58.000Z</time><extensions><gpxtpx:TrackPointExtension><gpxtpx:bearing>253.76</gpxtpx:bearing><gpxtpx:speed>28.591276</gpxtpx:speed></gpxtpx:TrackPointExtension></extensions><geoidheight>-27.9</geoidheight><src>gps</src><sat>16</sat><hdop>0.76</hdop><vdop>0.97</vdop><pdop>1.23</pdop><dgpsid>0000</dgpsid></trkpt>
<trkpt lat="31.979552166666668" lon="-110.22103533333332"><ele>1164.8</ele><time>2025-12-11T23:59:09.000Z</time><extensions><gpxtpx:TrackPointExtension><gpxtpx:bearing>254.4</gpxtpx:bearing><gpxtpx:speed>28.382298</gpxtpx:speed></gpxtpx:TrackPointExtension></extensions><geoidheight>-27.9</geoidheight><src>gps</src><sat>16</sat><hdop>0.76</hdop><vdop>0.97</vdop><pdop>1.23</pdop><dgpsid>0000</dgpsid></trkpt>
<trkpt lat="31.978791500000003" lon="-110.22420183333334"><ele>1160.4</ele><time>2025-12-11T23:59:20.000Z</time><extensions><gpxtpx:TrackPointExtension><gpxtpx:bearing>253.83</gpxtpx:bearing><gpxtpx:speed>28.037434</gpxtpx:speed></gpxtpx:TrackPointExtension></extensions><geoidheight>-27.9</geoidheight><src>gps</src><sat>16</sat><hdop>0.76</hdop><vdop>0.97</vdop><pdop>1.23</pdop><dgpsid>0000</dgpsid></trkpt>
<trkpt lat="31.97805733333333" lon="-110.22722633333333"><ele>1156.4</ele><time>2025-12-11T23:59:31.000Z</time><extensions><gpxtpx:TrackPointExtension><gpxtpx:bearing>252.86</gpxtpx:bearing><gpxtpx:speed>26.501503</gpxtpx:speed></gpxtpx:TrackPointExtension></extensions><geoidheight>-27.9</geoidheight><src>gps</src><sat>16</sat><hdop>0.63</hdop><vdop>0.89</vdop><pdop>1.09</pdop><dgpsid>0000</dgpsid></trkpt>
<trkpt lat="31.97704816666667" lon="-110.2300955"><ele>1151.9</ele><time>2025-12-11T23:59:42.000Z</time><extensions><gpxtpx:TrackPointExtension><gpxtpx:bearing>242.82</gpxtpx:bearing><gpxtpx:speed>27.01571</gpxtpx:speed></gpxtpx:TrackPointExtension></extensions><geoidheight>-27.9</geoidheight><src>gps</src><sat>16</sat><hdop>0.63</hdop><vdop>0.89</vdop><pdop>1.09</pdop><dgpsid>0000</dgpsid></trkpt>
<trkpt lat="31.975611333333337" lon="-110.23277783333333"><ele>1146.2</ele><time>2025-12-11T23:59:53.000Z</time><extensions><gpxtpx:TrackPointExtension><gpxtpx:bearing>233.43</gpxtpx:bearing><gpxtpx:speed>27.353369</gpxtpx:speed></gpxtpx:TrackPointExtension></extensions><geoidheight>-27.9</geoidheight><src>gps</src><sat>16</sat><hdop>0.68</hdop><vdop>0.90</vdop><pdop>1.13</pdop><dgpsid>0000</dgpsid></trkpt>
<trkpt lat="31.973992833333334" lon="-110.23530466666668"><ele>1140.0</ele><time>2025-12-12T00:00:04.000Z</time><extensions><gpxtpx:TrackPointExtension><gpxtpx:bearing>233.0</gpxtpx:bearing><gpxtpx:speed>27.4419</gpxtpx:speed></gpxtpx:TrackPointExtension></extensions><geoidheight>-27.9</geoidheight><src>gps</src><sat>16</sat><hdop>0.63</hdop><vdop>0.88</vdop><pdop>1.08</pdop><dgpsid>0000</dgpsid></trkpt>
<trkpt lat="31.972319333333335" lon="-110.23789283333332"><ele>1135.1</ele><time>2025-12-12T00:00:15.000Z</time><extensions><gpxtpx:TrackPointExtension><gpxtpx:bearing>232.88</gpxtpx:bearing><gpxtpx:speed>28.495537</gpxtpx:speed></gpxtpx:TrackPointExtension></extensions><geoidheight>-27.9</geoidheight><src>gps</src><sat>15</sat><hdop>0.65</hdop><vdop>0.96</vdop><pdop>1.16</pdop><dgpsid>0000</dgpsid></trkpt>
<trkpt lat="31.970634166666667" lon="-110.24060383333332"><ele>1130.2</ele><time>2025-12-12T00:00:26.000Z</time><extensions><gpxtpx:TrackPointExtension><gpxtpx:bearing>236.49</gpxtpx:bearing><gpxtpx:speed>29.06688</gpxtpx:speed></gpxtpx:TrackPointExtension></extensions><geoidheight>-27.9</geoidheight><src>gps</src><sat>16</sat><hdop>0.64</hdop><vdop>0.88</vdop><pdop>1.09</pdop><dgpsid>0000</dgpsid></trkpt>
<trkpt lat="31.969145166666667" lon="-110.24350933333332"><ele>1126.3</ele><time>2025-12-12T00:00:37.000Z</time><extensions><gpxtpx:TrackPointExtension><gpxtpx:bearing>241.6</gpxtpx:bearing><gpxtpx:speed>29.054525</gpxtpx:speed></gpxtpx:TrackPointExtension></extensions><geoidheight>-27.9</geoidheight><src>gps</src><sat>16</sat><hdop>0.63</hdop><vdop>0.88</vdop><pdop>1.08</pdop><dgpsid>0000</dgpsid></trkpt>
<trkpt lat="31.96789533333333" lon="-110.246544"><ele>1121.6</ele><time>2025-12-12T00:00:48.000Z</time><extensions><gpxtpx:TrackPointExtension><gpxtpx:bearing>247.13</gpxtpx:bearing><gpxtpx:speed>28.518185</gpxtpx:speed></gpxtpx:TrackPointExtension></extensions><geoidheight>-27.9</geoidheight><src>gps</src><sat>16</sat><hdop>0.63</hdop><vdop>0.88</vdop><pdop>1.08</pdop><dgpsid>0000</dgpsid></trkpt>
<trkpt lat="31.966916500000004" lon="-110.24963316666665"><ele>1117.2</ele><time>2025-12-12T00:00:59.000Z</time><extensions><gpxtpx:TrackPointExtension><gpxtpx:bearing>252.22</gpxtpx:bearing><gpxtpx:speed>28.258764</gpxtpx:speed></gpxtpx:TrackPointExtension></extensions><geoidheight>-27.9</geoidheight><src>gps</src><sat>16</sat><hdop>0.63</hdop><vdop>0.88</vdop><pdop>1.08</pdop><dgpsid>0000</dgpsid></trkpt>
<trkpt lat="31.966177333333334" lon="-110.252796"><ele>1112.6</ele><time>2025-12-12T00:01:10.000Z</time><extensions><gpxtpx:TrackPointExtension><gpxtpx:bearing>257.16</gpxtpx:bearing><gpxtpx:speed>28.541348</gpxtpx:speed></gpxtpx:TrackPointExtension></extensions><geoidheight>-27.9</geoidheight><src>gps</src><sat>16</sat><hdop>0.63</hdop><vdop>0.88</vdop><pdop>1.08</pdop><dgpsid>0000</dgpsid></trkpt>
<trkpt lat="31.96568666666667" lon="-110.2560355"><ele>1107.2</ele><time>2025-12-12T00:01:21.000Z</time><extensions><gpxtpx:TrackPointExtension><gpxtpx:bearing>262.28</gpxtpx:bearing><gpxtpx:speed>27.81353</gpxtpx:speed></gpxtpx:TrackPointExtension></extensions><geoidheight>-27.9</geoidheight><src>gps</src><sat>16</sat><hdop>0.63</hdop><vdop>0.88</vdop><pdop>1.08</pdop><dgpsid>0000</dgpsid></trkpt>
<trkpt lat="31.965443166666667" lon="-110.25927483333335"><ele>1101.7</ele><time>2025-12-12T00:01:32.000Z</time><extensions><gpxtpx:TrackPointExtension><gpxtpx:bearing>268.03</gpxtpx:bearing><gpxtpx:speed>28.161997</gpxtpx:speed></gpxtpx:TrackPointExtension></extensions><geoidheight>-27.9</geoidheight><src>gps</src><sat>16</sat><hdop>0.76</hdop><vdop>0.96</vdop><pdop>1.22</pdop><dgpsid>0000</dgpsid></trkpt>
<trkpt lat="31.965454500000003" lon="-110.26256"><ele>1096.9</ele><time>2025-12-12T00:01:43.000Z</time><extensions><gpxtpx:TrackPointExtension><gpxtpx:bearing>270.65</gpxtpx:bearing><gpxtpx:speed>28.47958</gpxtpx:speed></gpxtpx:TrackPointExtension></extensions><geoidheight>-27.9</geoidheight><src>gps</src><sat>16</sat><hdop>0.63</hdop><vdop>0.87</vdop><pdop>1.08</pdop><dgpsid>0000</dgpsid></trkpt>
<trkpt lat="31.9654915" lon="-110.26582633333334"><ele>1092.5</ele><time>2025-12-12T00:01:54.000Z</time><extensions><gpxtpx:TrackPointExtension><gpxtpx:bearing>271.3</gpxtpx:bearing><gpxtpx:speed>27.443445</gpxtpx:speed></gpxtpx:TrackPointExtension></extensions><geoidheight>-27.9</geoidheight><src>gps</src><sat>16</sat><hdop>0.68</hdop><vdop>0.89</vdop><pdop>1.12</pdop><dgpsid>0000</dgpsid></trkpt>
<trkpt lat="31.96571783333333" lon="-110.26895733333335"><ele>1090.5</ele><time>2025-12-12T00:02:05.000Z</time><extensions><gpxtpx:TrackPointExtension><gpxtpx:bearing>277.97</gpxtpx:bearing><gpxtpx:speed>27.004902</gpxtpx:speed></gpxtpx:TrackPointExtension></extensions><geoidheight>-27.9</geoidheight><src>gps</src><sat>16</sat><hdop>0.76</hdop><vdop>0.95</vdop><pdop>1.22</pdop><dgpsid>0000</dgpsid></trkpt>
<trkpt lat="31.966255166666663" lon="-110.27206783333334"><ele>1088.3</ele><time>2025-12-12T00:02:16.000Z</time><extensions><gpxtpx:TrackPointExtension><gpxtpx:bearing>284.48</gpxtpx:bearing><gpxtpx:speed>27.456827</gpxtpx:speed></gpxtpx:TrackPointExtension></extensions><geoidheight>-27.9</geoidheight><src>gps</src><sat>15</sat><hdop>0.68</hdop><vdop>0.89</vdop><pdop>1.12</pdop><dgpsid>0000</dgpsid></trkpt>
<trkpt lat="31.967083333333335" lon="-110.27505766666667"><ele>1082.8</ele><time>2025-12-12T00:02:27.000Z</time><extensions><gpxtpx:TrackPointExtension><gpxtpx:bearing>291.37</gpxtpx:bearing><gpxtpx:speed>27.01571</gpxtpx:speed></gpxtpx:TrackPointExtension></extensions><geoidheight>-27.9</geoidheight><src>gps</src><sat>15</sat><hdop>0.64</hdop><vdop>0.85</vdop><pdop>1.06</pdop><dgpsid>0000</dgpsid></trkpt>
<trkpt lat="31.968202833333333" lon="-110.27793850000002"><ele>1077.9</ele><time>2025-12-12T00:02:38.000Z</time><extensions><gpxtpx:TrackPointExtension><gpxtpx:bearing>298.14</gpxtpx:bearing><gpxtpx:speed>27.271013</gpxtpx:speed></gpxtpx:TrackPointExtension></extensions><geoidheight>-27.9</geoidheight><src>gps</src><sat>15</sat><hdop>0.68</hdop><vdop>0.96</vdop><pdop>1.18</pdop><dgpsid>0000</dgpsid></trkpt>
<trkpt lat="31.969581166666664" lon="-110.280608"><ele>1077.7</ele><time>2025-12-12T00:02:49.000Z</time><extensions><gpxtpx:TrackPointExtension><gpxtpx:bearing>304.51</gpxtpx:bearing><gpxtpx:speed>26.613712</gpxtpx:speed></gpxtpx:TrackPointExtension></extensions><geoidheight>-27.9</geoidheight><src>gps</src><sat>15</sat><hdop>0.80</hdop><vdop>1.20</vdop><pdop>1.44</pdop><dgpsid>0000</dgpsid></trkpt>
<trkpt lat="31.971185" lon="-110.2830545"><ele>1079.2</ele><time>2025-12-12T00:03:00.000Z</time><extensions><gpxtpx:TrackPointExtension><gpxtpx:bearing>310.76</gpxtpx:bearing><gpxtpx:speed>26.841219</gpxtpx:speed></gpxtpx:TrackPointExtension></extensions><geoidheight>-27.9</geoidheight><src>gps</src><sat>16</sat><hdop>0.62</hdop><vdop>0.91</vdop><pdop>1.10</pdop><dgpsid>0000</dgpsid></trkpt>
<trkpt lat="31.972964666666666" lon="-110.28538466666666"><ele>1081.3</ele><time>2025-12-12T00:03:11.000Z</time><extensions><gpxtpx:TrackPointExtension><gpxtpx:bearing>311.95</gpxtpx:bearing><gpxtpx:speed>27.22263</gpxtpx:speed></gpxtpx:TrackPointExtension></extensions><geoidheight>-27.9</geoidheight><src>gps</src><sat>16</sat><hdop>0.62</hdop><vdop>0.91</vdop><pdop>1.10</pdop><dgpsid>0000</dgpsid></trkpt>
<trkpt lat="31.974799500000003" lon="-110.28779433333332"><ele>1082.0</ele><time>2025-12-12T00:03:22.000Z</time><extensions><gpxtpx:TrackPointExtension><gpxtpx:bearing>311.84</gpxtpx:bearing><gpxtpx:speed>28.174866</gpxtpx:speed></gpxtpx:TrackPointExtension></extensions><geoidheight>-27.9</geoidheight><src>gps</src><sat>17</sat><hdop>0.59</hdop><vdop>0.80</vdop><pdop>0.99</pdop><dgpsid>0000</dgpsid></trkpt>
<trkpt lat="31.976572333333333" lon="-110.29033499999998"><ele>1082.8</ele><time>2025-12-12T00:03:33.000Z</time><extensions><gpxtpx:TrackPointExtension><gpxtpx:bearing>304.6</gpxtpx:bearing><gpxtpx:speed>28.276266</gpxtpx:speed></gpxtpx:TrackPointExtension></extensions><geoidheight>-27.9</geoidheight><src>gps</src><sat>17</sat><hdop>0.64</hdop><vdop>0.93</vdop><pdop>1.13</pdop><dgpsid>0000</dgpsid></trkpt>
<trkpt lat="31.977851333333334" lon="-110.29322433333333"><ele>1083.7</ele><time>2025-12-12T00:03:44.000Z</time><extensions><gpxtpx:TrackPointExtension><gpxtpx:bearing>291.94</gpxtpx:bearing><gpxtpx:speed>28.040009</gpxtpx:speed></gpxtpx:TrackPointExtension></extensions><geoidheight>-27.9</geoidheight><src>gps</src><sat>18</sat><hdop>0.59</hdop><vdop>0.80</vdop><pdop>0.99</pdop><dgpsid>0000</dgpsid></trkpt>
<trkpt lat="31.978572999999997" lon="-110.29635949999998"><ele>1085.1</ele><time>2025-12-12T00:03:55.000Z</time><extensions><gpxtpx:TrackPointExtension><gpxtpx:bearing>279.25</gpxtpx:bearing><gpxtpx:speed>27.586023</gpxtpx:speed></gpxtpx:TrackPointExtension></extensions><geoidheight>-27.9</geoidheight><src>gps</src><sat>18</sat><hdop>0.59</hdop><vdop>0.80</vdop><pdop>0.99</pdop><dgpsid>0000</dgpsid></trkpt>
<trkpt lat="31.97873083333333" lon="-110.29959066666667"><ele>1087.1</ele><time>2025-12-12T00:04:06.000Z</time><extensions><gpxtpx:TrackPointExtension><gpxtpx:bearing>270.05</gpxtpx:bearing><gpxtpx:speed>28.189793</gpxtpx:speed></gpxtpx:TrackPointExtension></extensions><geoidheight>-27.9</geoidheight><src>gps</src><sat>18</sat><hdop>0.59</hdop><vdop>0.80</vdop><pdop>0.99</pdop><dgpsid>0000</dgpsid></trkpt>
<trkpt lat="31.97872933333333" lon="-110.30290099999999"><ele>1091.2</ele><time>2025-12-12T00:04:17.000Z</time><extensions><gpxtpx:TrackPointExtension><gpxtpx:bearing>269.88</gpxtpx:bearing><gpxtpx:speed>28.325678</gpxtpx:speed></gpxtpx:TrackPointExtension></extensions><geoidheight>-27.9</geoidheight><src>gps</src><sat>18</sat><hdop>0.59</hdop><vdop>0.81</vdop><pdop>1.01</pdop><dgpsid>0000</dgpsid></trkpt>
<trkpt lat="31.978734666666664" lon="-110.30607233333333"><ele>1100.6</ele><time>2025-12-12T00:04:28.000Z</time><extensions><gpxtpx:TrackPointExtension><gpxtpx:bearing>270.38</gpxtpx:bearing><gpxtpx:speed>26.564814</gpxtpx:speed></gpxtpx:TrackPointExtension></extensions><geoidheight>-28.0</geoidheight><src>gps</src><sat>18</sat><hdop>0.59</hdop><vdop>0.81</vdop><pdop>1.01</pdop><dgpsid>0000</dgpsid></trkpt>
<trkpt lat="31.978606" lon="-110.30913766666666"><ele>1106.3</ele><time>2025-12-12T00:04:39.000Z</time><extensions><gpxtpx:TrackPointExtension><gpxtpx:bearing>263.36</gpxtpx:bearing><gpxtpx:speed>26.55349</gpxtpx:speed></gpxtpx:TrackPointExtension></extensions><geoidheight>-28.0</geoidheight><src>gps</src><sat>18</sat><hdop>0.59</hdop><vdop>0.80</vdop><pdop>0.99</pdop><dgpsid>0000</dgpsid></trkpt>
<trkpt lat="31.978058166666663" lon="-110.31215183333333"><ele>1112.8</ele><time>2025-12-12T00:04:50.000Z</time><extensions><gpxtpx:TrackPointExtension><gpxtpx:bearing>253.38</gpxtpx:bearing><gpxtpx:speed>26.195244</gpxtpx:speed></gpxtpx:TrackPointExtension></extensions><geoidheight>-28.0</geoidheight><src>gps</src><sat>18</sat><hdop>0.59</hdop><vdop>0.80</vdop><pdop>0.99</pdop><dgpsid>0000</dgpsid></trkpt>
<trkpt lat="31.97713666666667" lon="-110.3149495"><ele>1124.3</ele><time>2025-12-12T00:05:01.000Z</time><extensions><gpxtpx:TrackPointExtension><gpxtpx:bearing>244.48</gpxtpx:bearing><gpxtpx:speed>25.695963</gpxtpx:speed></gpxtpx:TrackPointExtension></extensions><geoidheight>-28.0</geoidheight><src>gps</src><sat>18</sat><hdop>0.60</hdop><vdop>0.82</vdop><pdop>1.02</pdop><dgpsid>0000</dgpsid></trkpt>
<trkpt lat="31.975973333333332" lon="-110.31762566666666"><ele>1131.3</ele><time>2025-12-12T00:05:12.000Z</time><extensions><gpxtpx:TrackPointExtension><gpxtpx:bearing>243.72</gpxtpx:bearing><gpxtpx:speed>26.130388</gpxtpx:speed></gpxtpx:TrackPointExtension></extensions><geoidheight>-28.0</geoidheight><src>gps</src><sat>19</sat><hdop>0.60</hdop><vdop>0.82</vdop><pdop>1.01</pdop><dgpsid>0000</dgpsid></trkpt>
<trkpt lat="31.974792333333333" lon="-110.32034716666666"><ele>1137.2</ele><time>2025-12-12T00:05:23.000Z</time><extensions><gpxtpx:TrackPointExtension><gpxtpx:bearing>243.02</gpxtpx:bearing><gpxtpx:speed>26.342968</gpxtpx:speed></gpxtpx:TrackPointExtension></extensions><geoidheight>-28.0</geoidheight><src>gps</src><sat>19</sat><hdop>0.60</hdop><vdop>0.83</vdop><pdop>1.03</pdop><dgpsid>0000</dgpsid></trkpt>
<trkpt lat="31.973626333333332" lon="-110.32302933333334"><ele>1148.5</ele><time>2025-12-12T00:05:34.000Z</time><extensions><gpxtpx:TrackPointExtension><gpxtpx:bearing>242.8</gpxtpx:bearing><gpxtpx:speed>25.16477</gpxtpx:speed></gpxtpx:TrackPointExtension></extensions><geoidheight>-28.0</geoidheight><src>gps</src><sat>18</sat><hdop>0.63</hdop><vdop>0.85</vdop><pdop>1.06</pdop><dgpsid>0000</dgpsid></trkpt>
<trkpt lat="31.9725315" lon="-110.32554416666666"><ele>1161.6</ele><time>2025-12-12T00:05:45.000Z</time><extensions><gpxtpx:TrackPointExtension><gpxtpx:bearing>242.6</gpxtpx:bearing><gpxtpx:speed>23.570675</gpxtpx:speed></gpxtpx:TrackPointExtension></extensions><geoidheight>-28.0</geoidheight><src>gps</src><sat>18</sat><hdop>0.61</hdop><vdop>0.82</vdop><pdop>1.02</pdop><dgpsid>0000</dgpsid></trkpt>
<trkpt lat="31.97146566666667" lon="-110.3279185"><ele>1173.3</ele><time>2025-12-12T00:05:56.000Z</time><extensions><gpxtpx:TrackPointExtension><gpxtpx:bearing>239.64</gpxtpx:bearing><gpxtpx:speed>22.738369</gpxtpx:speed></gpxtpx:TrackPointExtension></extensions><geoidheight>-28.0</geoidheight><src>gps</src><sat>19</sat><hdop>0.60</hdop><vdop>0.82</vdop><pdop>1.01</pdop><dgpsid>0000</dgpsid></trkpt>
<trkpt lat="31.970208666666668" lon="-110.33007"><ele>1184.1</ele><time>2025-12-12T00:06:07.000Z</time><extensions><gpxtpx:TrackPointExtension><gpxtpx:bearing>232.93</gpxtpx:bearing><gpxtpx:speed>22.188646</gpxtpx:speed></gpxtpx:TrackPointExtension></extensions><geoidheight>-28.0</geoidheight><src>gps</src><sat>19</sat><hdop>0.58</hdop><vdop>0.77</vdop><pdop>0.97</pdop><dgpsid>0000</dgpsid></trkpt>
<trkpt lat="31.968917499999996" lon="-110.33213666666667"><ele>1194.6</ele><time>2025-12-12T00:06:18.000Z</time><extensions><gpxtpx:TrackPointExtension><gpxtpx:bearing>234.75</gpxtpx:bearing><gpxtpx:speed>22.118128</gpxtpx:speed></gpxtpx:TrackPointExtension></extensions><geoidheight>-28.0</geoidheight><src>gps</src><sat>17</sat><hdop>0.58</hdop><vdop>0.78</vdop><pdop>0.98</pdop><dgpsid>0000</dgpsid></trkpt>
<trkpt lat="31.9679165" lon="-110.334449"><ele>1203.0</ele><time>2025-12-12T00:06:29.000Z</time><extensions><gpxtpx:TrackPointExtension><gpxtpx:bearing>250.39</gpxtpx:bearing><gpxtpx:speed>22.911316</gpxtpx:speed></gpxtpx:TrackPointExtension></extensions><geoidheight>-28.0</geoidheight><src>gps</src><sat>17</sat><hdop>0.58</hdop><vdop>0.77</vdop><pdop>0.96</pdop><dgpsid>0000</dgpsid></trkpt>
<trkpt lat="31.967234" lon="-110.33706883333335"><ele>1209.1</ele><time>2025-12-12T00:06:40.000Z</time><extensions><gpxtpx:TrackPointExtension><gpxtpx:bearing>253.4</gpxtpx:bearing><gpxtpx:speed>24.02569</gpxtpx:speed></gpxtpx:TrackPointExtension></extensions><geoidheight>-28.0</geoidheight><src>gps</src><sat>17</sat><hdop>0.58</hdop><vdop>0.77</vdop><pdop>0.96</pdop><dgpsid>0000</dgpsid></trkpt>
<trkpt lat="31.96654266666667" lon="-110.33975333333335"><ele>1215.3</ele><time>2025-12-12T00:06:51.000Z</time><extensions><gpxtpx:TrackPointExtension><gpxtpx:bearing>252.99</gpxtpx:bearing><gpxtpx:speed>24.485851</gpxtpx:speed></gpxtpx:TrackPointExtension></extensions><geoidheight>-28.0</geoidheight><src>gps</src><sat>17</sat><hdop>0.58</hdop><vdop>0.77</vdop><pdop>0.96</pdop><dgpsid>0000</dgpsid></trkpt>
<trkpt lat="31.96583483333333" lon="-110.34252066666667"><ele>1222.4</ele><time>2025-12-12T00:07:02.000Z</time><extensions><gpxtpx:TrackPointExtension><gpxtpx:bearing>253.51</gpxtpx:bearing><gpxtpx:speed>25.00675</gpxtpx:speed></gpxtpx:TrackPointExtension></extensions><geoidheight>-28.0</geoidheight><src>gps</src><sat>17</sat><hdop>0.58</hdop><vdop>0.77</vdop><pdop>0.96</pdop><dgpsid>0000</dgpsid></trkpt>
<trkpt lat="31.965131166666666" lon="-110.3452995"><ele>1232.0</ele><time>2025-12-12T00:07:13.000Z</time><extensions><gpxtpx:TrackPointExtension><gpxtpx:bearing>253.42</gpxtpx:bearing><gpxtpx:speed>24.71696</gpxtpx:speed></gpxtpx:TrackPointExtension></extensions><geoidheight>-28.0</geoidheight><src>gps</src><sat>16</sat><hdop>0.58</hdop><vdop>0.78</vdop><pdop>0.97</pdop><dgpsid>0000</dgpsid></trkpt>
<trkpt lat="31.964451166666663" lon="-110.34799166666666"><ele>1240.5</ele><time>2025-12-12T00:07:24.000Z</time><extensions><gpxtpx:TrackPointExtension><gpxtpx:bearing>253.53</gpxtpx:bearing><gpxtpx:speed>24.101353</gpxtpx:speed></gpxtpx:TrackPointExtension></extensions><geoidheight>-28.0</geoidheight><src>gps</src><sat>17</sat><hdop>0.58</hdop><vdop>0.77</vdop><pdop>0.96</pdop><dgpsid>0000</dgpsid></trkpt>
<trkpt lat="31.963875666666663" lon="-110.35076066666667"><ele>1245.2</ele><time>2025-12-12T00:07:35.000Z</time><extensions><gpxtpx:TrackPointExtension><gpxtpx:bearing>259.48</gpxtpx:bearing><gpxtpx:speed>25.136974</gpxtpx:speed></gpxtpx:TrackPointExtension></extensions><geoidheight>-28.0</geoidheight><src>gps</src><sat>16</sat><hdop>0.58</hdop><vdop>0.77</vdop><pdop>0.96</pdop><dgpsid>0000</dgpsid></trkpt>
<trkpt lat="31.963571833333337" lon="-110.35369833333334"><ele>1248.1</ele><time>2025-12-12T00:07:46.000Z</time><extensions><gpxtpx:TrackPointExtension><gpxtpx:bearing>266.23</gpxtpx:bearing><gpxtpx:speed>25.706257</gpxtpx:speed></gpxtpx:TrackPointExtension></extensions><geoidheight>-28.0</geoidheight><src>gps</src><sat>17</sat><hdop>0.58</hdop><vdop>0.77</vdop><pdop>0.96</pdop><dgpsid>0000</dgpsid></trkpt>
<trkpt lat="31.963529833333336" lon="-110.35670283333333"><ele>1251.7</ele><time>2025-12-12T00:07:57.000Z</time><extensions><gpxtpx:TrackPointExtension><gpxtpx:bearing>269.64</gpxtpx:bearing><gpxtpx:speed>25.841629</gpxtpx:speed></gpxtpx:TrackPointExtension></extensions><geoidheight>-28.0</geoidheight><src>gps</src><sat>17</sat><hdop>0.58</hdop><vdop>0.77</vdop><pdop>0.96</pdop><dgpsid>0000</dgpsid></trkpt>
<trkpt lat="31.963520000000003" lon="-110.35969366666669"><ele>1254.1</ele><time>2025-12-12T00:08:08.000Z</time><extensions><gpxtpx:TrackPointExtension><gpxtpx:bearing>269.67</gpxtpx:bearing><gpxtpx:speed>25.546694</gpxtpx:speed></gpxtpx:TrackPointExtension></extensions><geoidheight>-28.0</geoidheight><src>gps</src><sat>16</sat><hdop>0.62</hdop><vdop>0.79</vdop><pdop>1.00</pdop><dgpsid>0000</dgpsid></trkpt>
<trkpt lat="31.963505333333334" lon="-110.36263750000002"><ele>1256.2</ele><time>2025-12-12T00:08:19.000Z</time><extensions><gpxtpx:TrackPointExtension><gpxtpx:bearing>269.81</gpxtpx:bearing><gpxtpx:speed>25.110209</gpxtpx:speed></gpxtpx:TrackPointExtension></extensions><geoidheight>-28.0</geoidheight><src>gps</src><sat>16</sat><hdop>0.62</hdop><vdop>0.79</vdop><pdop>1.00</pdop><dgpsid>0000</dgpsid></trkpt>
<trkpt lat="31.963490499999995" lon="-110.36554733333332"><ele>1260.0</ele><time>2025-12-12T00:08:30.000Z</time><extensions><gpxtpx:TrackPointExtension><gpxtpx:bearing>269.46</gpxtpx:bearing><gpxtpx:speed>24.972263</gpxtpx:speed></gpxtpx:TrackPointExtension></extensions><geoidheight>-28.0</geoidheight><src>gps</src><sat>16</sat><hdop>0.62</hdop><vdop>0.79</vdop><pdop>1.00</pdop><dgpsid>0000</dgpsid></trkpt>
<trkpt lat="31.963445333333333" lon="-110.36848366666666"><ele>1263.1</ele><time>2025-12-12T00:08:41.000Z</time><extensions><gpxtpx:TrackPointExtension><gpxtpx:bearing>268.94</gpxtpx:bearing><gpxtpx:speed>25.367056</gpxtpx:speed></gpxtpx:TrackPointExtension></extensions><geoidheight>-28.0</geoidheight><src>gps</src><sat>17</sat><hdop>0.58</hdop><vdop>0.78</vdop><pdop>0.97</pdop><dgpsid>0000</dgpsid></trkpt>
<trkpt lat="31.9634145" lon="-110.37142633333333"><ele>1264.3</ele><time>2025-12-12T00:08:52.000Z</time><extensions><gpxtpx:TrackPointExtension><gpxtpx:bearing>269.75</gpxtpx:bearing><gpxtpx:speed>25.185358</gpxtpx:speed></gpxtpx:TrackPointExtension></extensions><geoidheight>-28.0</geoidheight><src>gps</src><sat>17</sat><hdop>0.58</hdop><vdop>0.77</vdop><pdop>0.96</pdop><dgpsid>0000</dgpsid></trkpt>
<trkpt lat="31.963397166666663" lon="-110.37434383333333"><ele>1266.9</ele><time>2025-12-12T00:09:03.000Z</time><extensions><gpxtpx:TrackPointExtension><gpxtpx:bearing>269.73</gpxtpx:bearing><gpxtpx:speed>25.110209</gpxtpx:speed></gpxtpx:TrackPointExtension></extensions><geoidheight>-28.0</geoidheight><src>gps</src><sat>17</sat><hdop>0.61</hdop><vdop>0.80</vdop><pdop>1.01</pdop><dgpsid>0000</dgpsid></trkpt>
<trkpt lat="31.963377666666663" lon="-110.37729433333334"><ele>1269.6</ele><time>2025-12-12T00:09:14.000Z</time><extensions><gpxtpx:TrackPointExtension><gpxtpx:bearing>269.34</gpxtpx:bearing><gpxtpx:speed>25.5714</gpxtpx:speed></gpxtpx:TrackPointExtension></extensions><geoidheight>-28.0</geoidheight><src>gps</src><sat>17</sat><hdop>0.61</hdop><vdop>0.80</vdop><pdop>1.00</pdop><dgpsid>0000</dgpsid></trkpt>
<trkpt lat="31.9633605" lon="-110.38026316666668"><ele>1273.3</ele><time>2025-12-12T00:09:25.000Z</time><extensions><gpxtpx:TrackPointExtension><gpxtpx:bearing>269.8</gpxtpx:bearing><gpxtpx:speed>25.53537</gpxtpx:speed></gpxtpx:TrackPointExtension></extensions><geoidheight>-28.0</geoidheight><src>gps</src><sat>17</sat><hdop>0.61</hdop><vdop>0.79</vdop><pdop>1.00</pdop><dgpsid>0000</dgpsid></trkpt>
<trkpt lat="31.963340166666665" lon="-110.38323450000001"><ele>1276.5</ele><time>2025-12-12T00:09:36.000Z</time><extensions><gpxtpx:TrackPointExtension><gpxtpx:bearing>269.44</gpxtpx:bearing><gpxtpx:speed>25.486471</gpxtpx:speed></gpxtpx:TrackPointExtension></extensions><geoidheight>-28.1</geoidheight><src>gps</src><sat>17</sat><hdop>0.58</hdop><vdop>0.76</vdop><pdop>0.96</pdop><dgpsid>0000</dgpsid></trkpt>
<trkpt lat="31.963328666666666" lon="-110.38617233333335"><ele>1279.7</ele><time>2025-12-12T00:09:47.000Z</time><extensions><gpxtpx:TrackPointExtension><gpxtpx:bearing>269.69</gpxtpx:bearing><gpxtpx:speed>25.481323</gpxtpx:speed></gpxtpx:TrackPointExtension></extensions><geoidheight>-28.1</geoidheight><src>gps</src><sat>17</sat><hdop>0.58</hdop><vdop>0.76</vdop><pdop>0.96</pdop><dgpsid>0000</dgpsid></trkpt>
<trkpt lat="31.9633215" lon="-110.38914516666667"><ele>1279.4</ele><time>2025-12-12T00:09:58.000Z</time><extensions><gpxtpx:TrackPointExtension><gpxtpx:bearing>269.89</gpxtpx:bearing><gpxtpx:speed>25.484926</gpxtpx:speed></gpxtpx:TrackPointExtension></extensions><geoidheight>-28.1</geoidheight><src>gps</src><sat>17</sat><hdop>0.58</hdop><vdop>0.76</vdop><pdop>0.96</pdop><dgpsid>0000</dgpsid></trkpt>
<trkpt lat="31.963308833333333" lon="-110.39207883333331"><ele>1280.9</ele><time>2025-12-12T00:10:09.000Z</time><extensions><gpxtpx:TrackPointExtension><gpxtpx:bearing>269.53</gpxtpx:bearing><gpxtpx:speed>25.073149</gpxtpx:speed></gpxtpx:TrackPointExtension></extensions><geoidheight>-28.1</geoidheight><src>gps</src><sat>17</sat><hdop>0.58</hdop><vdop>0.76</vdop><pdop>0.96</pdop><dgpsid>0000</dgpsid></trkpt>
<trkpt lat="31.963292000000003" lon="-110.395027"><ele>1277.7</ele><time>2025-12-12T00:10:20.000Z</time><extensions><gpxtpx:TrackPointExtension><gpxtpx:bearing>269.69</gpxtpx:bearing><gpxtpx:speed>25.677948</gpxtpx:speed></gpxtpx:TrackPointExtension></extensions><geoidheight>-28.1</geoidheight><src>gps</src><sat>17</sat><hdop>0.58</hdop><vdop>0.76</vdop><pdop>0.95</pdop><dgpsid>0000</dgpsid></trkpt>
<trkpt lat="31.963286" lon="-110.39802333333334"><ele>1282.0</ele><time>2025-12-12T00:10:31.000Z</time><extensions><gpxtpx:TrackPointExtension><gpxtpx:bearing>269.77</gpxtpx:bearing><gpxtpx:speed>25.8931</gpxtpx:speed></gpxtpx:TrackPointExtension></extensions><geoidheight>-28.1</geoidheight><src>gps</src><sat>17</sat><hdop>0.58</hdop><vdop>0.76</vdop><pdop>0.95</pdop><dgpsid>0000</dgpsid></trkpt>
<trkpt lat="31.963276166666667" lon="-110.40108899999998"><ele>1283.3</ele><time>2025-12-12T00:10:42.000Z</time><extensions><gpxtpx:TrackPointExtension><gpxtpx:bearing>269.96</gpxtpx:bearing><gpxtpx:speed>26.71151</gpxtpx:speed></gpxtpx:TrackPointExtension></extensions><geoidheight>-28.1</geoidheight><src>gps</src><sat>17</sat><hdop>0.58</hdop><vdop>0.76</vdop><pdop>0.95</pdop><dgpsid>0000</dgpsid></trkpt>
<trkpt lat="31.96325883333333" lon="-110.40419033333335"><ele>1285.3</ele><time>2025-12-12T00:10:53.000Z</time><extensions><gpxtpx:TrackPointExtension><gpxtpx:bearing>269.77</gpxtpx:bearing><gpxtpx:speed>26.78563</gpxtpx:speed></gpxtpx:TrackPointExtension></extensions><geoidheight>-28.1</geoidheight><src>gps</src><sat>17</sat><hdop>0.58</hdop><vdop>0.76</vdop><pdop>0.95</pdop><dgpsid>0000</dgpsid></trkpt>
<trkpt lat="31.96324966666667" lon="-110.40728316666667"><ele>1287.6</ele><time>2025-12-12T00:11:04.000Z</time><extensions><gpxtpx:TrackPointExtension><gpxtpx:bearing>269.84</gpxtpx:bearing><gpxtpx:speed>26.394442</gpxtpx:speed></gpxtpx:TrackPointExtension></extensions><geoidheight>-28.1</geoidheight><src>gps</src><sat>17</sat><hdop>0.58</hdop><vdop>0.76</vdop><pdop>0.95</pdop><dgpsid>0000</dgpsid></trkpt>
<trkpt lat="31.963237333333335" lon="-110.41032633333334"><ele>1288.3</ele><time>2025-12-12T00:11:15.000Z</time><extensions><gpxtpx:TrackPointExtension><gpxtpx:bearing>269.62</gpxtpx:bearing><gpxtpx:speed>26.305908</gpxtpx:speed></gpxtpx:TrackPointExtension></extensions><geoidheight>-28.1</geoidheight><src>gps</src><sat>17</sat><hdop>0.58</hdop><vdop>0.76</vdop><pdop>0.95</pdop><dgpsid>0000</dgpsid></trkpt>
<trkpt lat="31.963214833333335" lon="-110.41342316666666"><ele>1288.5</ele><time>2025-12-12T00:11:26.000Z</time><extensions><gpxtpx:TrackPointExtension><gpxtpx:bearing>270.04</gpxtpx:bearing><gpxtpx:speed>26.763496</gpxtpx:speed></gpxtpx:TrackPointExtension></extensions><geoidheight>-28.1</geoidheight><src>gps</src><sat>17</sat><hdop>0.62</hdop><vdop>0.78</vdop><pdop>0.99</pdop><dgpsid>0000</dgpsid></trkpt>
<trkpt lat="31.96320033333333" lon="-110.41652549999999"><ele>1286.8</ele><time>2025-12-12T00:11:37.000Z</time><extensions><gpxtpx:TrackPointExtension><gpxtpx:bearing>269.86</gpxtpx:bearing><gpxtpx:speed>26.802101</gpxtpx:speed></gpxtpx:TrackPointExtension></extensions><geoidheight>-28.1</geoidheight><src>gps</src><sat>16</sat><hdop>0.62</hdop><vdop>0.78</vdop><pdop>1.00</pdop><dgpsid>0000</dgpsid></trkpt>
<trkpt lat="31.9631835" lon="-110.41968583333333"><ele>1281.7</ele><time>2025-12-12T00:11:48.000Z</time><extensions><gpxtpx:TrackPointExtension><gpxtpx:bearing>269.51</gpxtpx:bearing><gpxtpx:speed>27.23035</gpxtpx:speed></gpxtpx:TrackPointExtension></extensions><geoidheight>-28.1</geoidheight><src>gps</src><sat>16</sat><hdop>0.62</hdop><vdop>0.78</vdop><pdop>0.99</pdop><dgpsid>0000</dgpsid></trkpt>
<trkpt lat="31.963167" lon="-110.42281816666667"><ele>1281.8</ele><time>2025-12-12T00:11:59.000Z</time><extensions><gpxtpx:TrackPointExtension><gpxtpx:bearing>269.75</gpxtpx:bearing><gpxtpx:speed>26.87725</gpxtpx:speed></gpxtpx:TrackPointExtension></extensions><geoidheight>-28.1</geoidheight><src>gps</src><sat>17</sat><hdop>0.57</hdop><vdop>0.76</vdop><pdop>0.95</pdop><dgpsid>0000</dgpsid></trkpt>
<trkpt lat="31.96315083333333" lon="-110.42599316666669"><ele>1279.9</ele><time>2025-12-12T00:12:10.000Z</time><extensions><gpxtpx:TrackPointExtension><gpxtpx:bearing>269.55</gpxtpx:bearing><gpxtpx:speed>27.745071</gpxtpx:speed></gpxtpx:TrackPointExtension></extensions><geoidheight>-28.1</geoidheight><src>gps</src><sat>16</sat><hdop>0.62</hdop><vdop>0.77</vdop><pdop>0.99</pdop><dgpsid>0000</dgpsid></trkpt>
<trkpt lat="31.963139" lon="-110.42917316666666"><ele>1282.4</ele><time>2025-12-12T00:12:21.000Z</time><extensions><gpxtpx:TrackPointExtension><gpxtpx:bearing>269.85</gpxtpx:bearing><gpxtpx:speed>26.985342</gpxtpx:speed></gpxtpx:TrackPointExtension></extensions><geoidheight>-28.1</geoidheight><src>gps</src><sat>17</sat><hdop>0.61</hdop><vdop>0.84</vdop><pdop>1.04</pdop><dgpsid>0000</dgpsid></trkpt>
<trkpt lat="31.96312066666667" lon="-110.43236066666665"><ele>1283.6</ele><time>2025-12-12T00:12:32.000Z</time><extensions><gpxtpx:TrackPointExtension><gpxtpx:bearing>269.75</gpxtpx:bearing><gpxtpx:speed>27.605068</gpxtpx:speed></gpxtpx:TrackPointExtension></extensions><geoidheight>-28.1</geoidheight><src>gps</src><sat>16</sat><hdop>0.65</hdop><vdop>0.87</vdop><pdop>1.09</pdop><dgpsid>0000</dgpsid></trkpt>
<trkpt lat="31.963102499999998" lon="-110.43552833333334"><ele>1282.9</ele><time>2025-12-12T00:12:43.000Z</time><extensions><gpxtpx:TrackPointExtension><gpxtpx:bearing>269.69</gpxtpx:bearing><gpxtpx:speed>27.275646</gpxtpx:speed></gpxtpx:TrackPointExtension></extensions><geoidheight>-28.1</geoidheight><src>gps</src><sat>17</sat><hdop>0.65</hdop><vdop>0.87</vdop><pdop>1.09</pdop><dgpsid>0000</dgpsid></trkpt>
<trkpt lat="31.963088666666668" lon="-110.43875566666665"><ele>1279.2</ele><time>2025-12-12T00:12:54.000Z</time><extensions><gpxtpx:TrackPointExtension><gpxtpx:bearing>269.8</gpxtpx:bearing><gpxtpx:speed>27.723454</gpxtpx:speed></gpxtpx:TrackPointExtension></extensions><geoidheight>-28.1</geoidheight><src>gps</src><sat>18</sat><hdop>0.66</hdop><vdop>0.90</vdop><pdop>1.12</pdop><dgpsid>0000</dgpsid></trkpt>
<trkpt lat="31.963077166666668" lon="-110.44194450000002"><ele>1276.5</ele><time>2025-12-12T00:13:05.000Z</time><extensions><gpxtpx:TrackPointExtension><gpxtpx:bearing>269.65</gpxtpx:bearing><gpxtpx:speed>27.238071</gpxtpx:speed></gpxtpx:TrackPointExtension></extensions><geoidheight>-28.1</geoidheight><src>gps</src><sat>18</sat><hdop>0.68</hdop><vdop>0.93</vdop><pdop>1.15</pdop><dgpsid>0000</dgpsid></trkpt>
<trkpt lat="31.963079333333333" lon="-110.44508316666666"><ele>1273.0</ele><time>2025-12-12T00:13:16.000Z</time><extensions><gpxtpx:TrackPointExtension><gpxtpx:bearing>271.01</gpxtpx:bearing><gpxtpx:speed>26.539078</gpxtpx:speed></gpxtpx:TrackPointExtension></extensions><geoidheight>-28.1</geoidheight><src>gps</src><sat>17</sat><hdop>0.65</hdop><vdop>0.87</vdop><pdop>1.09</pdop><dgpsid>0000</dgpsid></trkpt>
<trkpt lat="31.963238833333335" lon="-110.44818883333333"><ele>1270.7</ele><time>2025-12-12T00:13:27.000Z</time><extensions><gpxtpx:TrackPointExtension><gpxtpx:bearing>275.13</gpxtpx:bearing><gpxtpx:speed>27.635437</gpxtpx:speed></gpxtpx:TrackPointExtension></extensions><geoidheight>-28.1</geoidheight><src>gps</src><sat>16</sat><hdop>0.65</hdop><vdop>0.87</vdop><pdop>1.08</pdop><dgpsid>0000</dgpsid></trkpt>
<trkpt lat="31.96359466666667" lon="-110.45145466666666"><ele>1266.0</ele><time>2025-12-12T00:13:38.000Z</time><extensions><gpxtpx:TrackPointExtension><gpxtpx:bearing>279.26</gpxtpx:bearing><gpxtpx:speed>28.730764</gpxtpx:speed></gpxtpx:TrackPointExtension></extensions><geoidheight>-28.1</geoidheight><src>gps</src><sat>17</sat><hdop>0.60</hdop><vdop>0.83</vdop><pdop>1.03</pdop><dgpsid>0000</dgpsid></trkpt>
<trkpt lat="31.96411983333333" lon="-110.4545605"><ele>1263.2</ele><time>2025-12-12T00:13:49.000Z</time><extensions><gpxtpx:TrackPointExtension><gpxtpx:bearing>283.23</gpxtpx:bearing><gpxtpx:speed>26.122667</gpxtpx:speed></gpxtpx:TrackPointExtension></extensions><geoidheight>-28.1</geoidheight><src>gps</src><sat>18</sat><hdop>0.61</hdop><vdop>0.86</vdop><pdop>1.05</pdop><dgpsid>0000</dgpsid></trkpt>
<trkpt lat="31.96479583333333" lon="-110.45748083333335"><ele>1259.5</ele><time>2025-12-12T00:14:00.000Z</time><extensions><gpxtpx:TrackPointExtension><gpxtpx:bearing>286.41</gpxtpx:bearing><gpxtpx:speed>26.079432</gpxtpx:speed></gpxtpx:TrackPointExtension></extensions><geoidheight>-28.1</geoidheight><src>gps</src><sat>16</sat><hdop>0.60</hdop><vdop>0.83</vdop><pdop>1.03</pdop><dgpsid>0000</dgpsid></trkpt>
<trkpt lat="31.96563683333333" lon="-110.46035083333332"><ele>1253.7</ele><time>2025-12-12T00:14:11.000Z</time><extensions><gpxtpx:TrackPointExtension><gpxtpx:bearing>290.72</gpxtpx:bearing><gpxtpx:speed>26.091269</gpxtpx:speed></gpxtpx:TrackPointExtension></extensions><geoidheight>-28.1</geoidheight><src>gps</src><sat>17</sat><hdop>0.64</hdop><vdop>0.88</vdop><pdop>1.08</pdop><dgpsid>0000</dgpsid></trkpt>
<trkpt lat="31.966559333333333" lon="-110.46318783333332"><ele>1248.8</ele><time>2025-12-12T00:14:22.000Z</time><extensions><gpxtpx:TrackPointExtension><gpxtpx:bearing>291.41</gpxtpx:bearing><gpxtpx:speed>26.003252</gpxtpx:speed></gpxtpx:TrackPointExtension></extensions><geoidheight>-28.1</geoidheight><src>gps</src><sat>17</sat><hdop>0.65</hdop><vdop>0.86</vdop><pdop>1.08</pdop><dgpsid>0000</dgpsid></trkpt>
<trkpt lat="31.967505833333334" lon="-110.46607350000001"><ele>1243.8</ele><time>2025-12-12T00:14:33.000Z</time><extensions><gpxtpx:TrackPointExtension><gpxtpx:bearing>291.08</gpxtpx:bearing><gpxtpx:speed>26.842764</gpxtpx:speed></gpxtpx:TrackPointExtension></extensions><geoidheight>-28.1</geoidheight><src>gps</src><sat>16</sat><hdop>0.66</hdop><vdop>0.86</vdop><pdop>1.09</pdop><dgpsid>0000</dgpsid></trkpt>
<trkpt lat="31.968462" lon="-110.46897583333333"><ele>1237.5</ele><time>2025-12-12T00:14:44.000Z</time><extensions><gpxtpx:TrackPointExtension><gpxtpx:bearing>291.16</gpxtpx:bearing><gpxtpx:speed>26.846367</gpxtpx:speed></gpxtpx:TrackPointExtension></extensions><geoidheight>-28.1</geoidheight><src>gps</src><sat>16</sat><hdop>0.68</hdop><vdop>0.87</vdop><pdop>1.10</pdop><dgpsid>0000</dgpsid></trkpt>
<trkpt lat="31.969421333333337" lon="-110.47188083333334"><ele>1232.1</ele><time>2025-12-12T00:14:55.000Z</time><extensions><gpxtpx:TrackPointExtension><gpxtpx:bearing>291.55</gpxtpx:bearing><gpxtpx:speed>26.668274</gpxtpx:speed></gpxtpx:TrackPointExtension></extensions><geoidheight>-28.1</geoidheight><src>gps</src><sat>16</sat><hdop>0.68</hdop><vdop>0.87</vdop><pdop>1.10</pdop><dgpsid>0000</dgpsid></trkpt>
<trkpt lat="31.970372166666667" lon="-110.47479566666668"><ele>1227.4</ele><time>2025-12-12T00:15:06.000Z</time><extensions><gpxtpx:TrackPointExtension><gpxtpx:bearing>290.97</gpxtpx:bearing><gpxtpx:speed>26.9699</gpxtpx:speed></gpxtpx:TrackPointExtension></extensions><geoidheight>-28.1</geoidheight><src>gps</src><sat>16</sat><hdop>0.66</hdop><vdop>0.86</vdop><pdop>1.08</pdop><dgpsid>0000</dgpsid></trkpt>
<trkpt lat="31.9712485" lon="-110.47776766666667"><ele>1222.3</ele><time>2025-12-12T00:15:17.000Z</time><extensions><gpxtpx:TrackPointExtension><gpxtpx:bearing>287.13</gpxtpx:bearing><gpxtpx:speed>26.927177</gpxtpx:speed></gpxtpx:TrackPointExtension></extensions><geoidheight>-28.1</geoidheight><src>gps</src><sat>17</sat><hdop>0.65</hdop><vdop>0.86</vdop><pdop>1.08</pdop><dgpsid>0000</dgpsid></trkpt>
<trkpt lat="31.971913166666663" lon="-110.48078383333335"><ele>1215.9</ele><time>2025-12-12T00:15:28.000Z</time><extensions><gpxtpx:TrackPointExtension><gpxtpx:bearing>281.85</gpxtpx:bearing><gpxtpx:speed>27.036299</gpxtpx:speed></gpxtpx:TrackPointExtension></extensions><geoidheight>-28.1</geoidheight><src>gps</src><sat>16</sat><hdop>0.73</hdop><vdop>1.09</vdop><pdop>1.31</pdop><dgpsid>0000</dgpsid></trkpt>
<trkpt lat="31.972383666666662" lon="-110.48385533333334"><ele>1210.4</ele><time>2025-12-12T00:15:39.000Z</time><extensions><gpxtpx:TrackPointExtension><gpxtpx:bearing>279.65</gpxtpx:bearing><gpxtpx:speed>26.498415</gpxtpx:speed></gpxtpx:TrackPointExtension></extensions><geoidheight>-28.1</geoidheight><src>gps</src><sat>16</sat><hdop>0.73</hdop><vdop>1.09</vdop><pdop>1.31</pdop><dgpsid>0000</dgpsid></trkpt>
<trkpt lat="31.9727645" lon="-110.48652150000001"><ele>1208.5</ele><time>2025-12-12T00:15:50.000Z</time><extensions><gpxtpx:TrackPointExtension><gpxtpx:bearing>279.54</gpxtpx:bearing><gpxtpx:speed>18.680813</gpxtpx:speed></gpxtpx:TrackPointExtension></extensions><geoidheight>-28.1</geoidheight><src>gps</src><sat>16</sat><hdop>0.73</hdop><vdop>1.09</vdop><pdop>1.31</pdop><dgpsid>0000</dgpsid></trkpt>
<trkpt lat="31.972998333333333" lon="-110.488159"><ele>1207.7</ele><time>2025-12-12T00:16:01.000Z</time><extensions><gpxtpx:TrackPointExtension><gpxtpx:bearing>279.55</gpxtpx:bearing><gpxtpx:speed>11.595662</gpxtpx:speed></gpxtpx:TrackPointExtension></extensions><geoidheight>-28.2</geoidheight><src>gps</src><sat>16</sat><hdop>0.69</hdop><vdop>1.00</vdop><pdop>1.22</pdop><dgpsid>0000</dgpsid></trkpt>
<trkpt lat="31.97313016666667" lon="-110.48909233333333"><ele>1207.2</ele><time>2025-12-12T00:16:12.000Z</time><extensions><gpxtpx:TrackPointExtension><gpxtpx:bearing>280.03</gpxtpx:bearing><gpxtpx:speed>2.814501</gpxtpx:speed></gpxtpx:TrackPointExtension></extensions><geoidheight>-28.2</geoidheight><src>gps</src><sat>16</sat><hdop>0.69</hdop><vdop>1.00</vdop><pdop>1.22</pdop><dgpsid>0000</dgpsid></trkpt>
<trkpt lat="31.973134833333333" lon="-110.48914766666667"><ele>1207.5</ele><time>2025-12-12T00:16:23.000Z</time><extensions><gpxtpx:TrackPointExtension><gpxtpx:speed>0.0036030556</gpxtpx:speed></gpxtpx:TrackPointExtension></extensions><geoidheight>-28.2</geoidheight><src>gps</src><sat>16</sat><hdop>0.69</hdop><vdop>1.00</vdop><pdop>1.22</pdop><dgpsid>0000</dgpsid></trkpt>
<trkpt lat="31.973156333333336" lon="-110.48931983333333"><ele>1207.2</ele><time>2025-12-12T00:16:45.000Z</time><extensions><gpxtpx:TrackPointExtension><gpxtpx:bearing>280.58</gpxtpx:bearing><gpxtpx:speed>1.4618111</gpxtpx:speed></gpxtpx:TrackPointExtension></extensions><geoidheight>-28.2</geoidheight><src>gps</src><sat>16</sat><hdop>0.67</hdop><vdop>1.00</vdop><pdop>1.20</pdop><dgpsid>0000</dgpsid></trkpt>
<trkpt lat="31.97319133333333" lon="-110.48954966666666"><ele>1206.9</ele><time>2025-12-12T00:16:56.000Z</time><extensions><gpxtpx:TrackPointExtension><gpxtpx:bearing>280.27</gpxtpx:bearing><gpxtpx:speed>2.1556566</gpxtpx:speed></gpxtpx:TrackPointExtension></extensions><geoidheight>-28.2</geoidheight><src>gps</src><sat>16</sat><hdop>0.67</hdop><vdop>1.00</vdop><pdop>1.20</pdop><dgpsid>0000</dgpsid></trkpt>
<trkpt lat="31.973243000000004" lon="-110.48990083333335"><ele>1207.0</ele><time>2025-12-12T00:17:07.000Z</time><extensions><gpxtpx:TrackPointExtension><gpxtpx:bearing>279.2</gpxtpx:bearing><gpxtpx:speed>4.653089</gpxtpx:speed></gpxtpx:TrackPointExtension></extensions><geoidheight>-28.2</geoidheight><src>gps</src><sat>15</sat><hdop>0.73</hdop><vdop>1.08</vdop><pdop>1.30</pdop><dgpsid>0000</dgpsid></trkpt>
<trkpt lat="31.97335333333333" lon="-110.49067316666667"><ele>1206.9</ele><time>2025-12-12T00:17:18.000Z</time><extensions><gpxtpx:TrackPointExtension><gpxtpx:bearing>280.03</gpxtpx:bearing><gpxtpx:speed>6.8221283</gpxtpx:speed></gpxtpx:TrackPointExtension></extensions><geoidheight>-28.2</geoidheight><src>gps</src><sat>16</sat><hdop>0.66</hdop><vdop>1.00</vdop><pdop>1.20</pdop><dgpsid>0000</dgpsid></trkpt>
<trkpt lat="31.973444166666663" lon="-110.49131666666666"><ele>1206.1</ele><time>2025-12-12T00:17:29.000Z</time><extensions><gpxtpx:TrackPointExtension><gpxtpx:bearing>279.71</gpxtpx:bearing><gpxtpx:speed>4.6952963</gpxtpx:speed></gpxtpx:TrackPointExtension></extensions><geoidheight>-28.2</geoidheight><src>gps</src><sat>16</sat><hdop>0.66</hdop><vdop>0.99</vdop><pdop>1.20</pdop><dgpsid>0000</dgpsid></trkpt>
<trkpt lat="31.973535500000004" lon="-110.49193366666665"><ele>1205.3</ele><time>2025-12-12T00:17:40.000Z</time><extensions><gpxtpx:TrackPointExtension><gpxtpx:bearing>280.02</gpxtpx:bearing><gpxtpx:speed>5.0391307</gpxtpx:speed></gpxtpx:TrackPointExtension></extensions><geoidheight>-28.2</geoidheight><src>gps</src><sat>15</sat><hdop>0.66</hdop><vdop>0.99</vdop><pdop>1.20</pdop><dgpsid>0000</dgpsid></trkpt>
<trkpt lat="31.97361316666667" lon="-110.49246483333333"><ele>1204.5</ele><time>2025-12-12T00:17:51.000Z</time><extensions><gpxtpx:TrackPointExtension><gpxtpx:bearing>279.09</gpxtpx:bearing><gpxtpx:speed>4.483745</gpxtpx:speed></gpxtpx:TrackPointExtension></extensions><geoidheight>-28.2</geoidheight><src>gps</src><sat>15</sat><hdop>0.72</hdop><vdop>1.08</vdop><pdop>1.30</pdop><dgpsid>0000</dgpsid></trkpt>
<trkpt lat="31.973691833333337" lon="-110.493006"><ele>1203.4</ele><time>2025-12-12T00:18:02.000Z</time><extensions><gpxtpx:TrackPointExtension><gpxtpx:bearing>280.3</gpxtpx:bearing><gpxtpx:speed>5.7443</gpxtpx:speed></gpxtpx:TrackPointExtension></extensions><geoidheight>-28.2</geoidheight><src>gps</src><sat>16</sat><hdop>0.72</hdop><vdop>1.08</vdop><pdop>1.30</pdop><dgpsid>0000</dgpsid></trkpt>
<trkpt lat="31.973791666666664" lon="-110.49370366666666"><ele>1202.4</ele><time>2025-12-12T00:18:13.000Z</time><extensions><gpxtpx:TrackPointExtension><gpxtpx:bearing>278.98</gpxtpx:bearing><gpxtpx:speed>6.2713757</gpxtpx:speed></gpxtpx:TrackPointExtension></extensions><geoidheight>-28.2</geoidheight><src>gps</src><sat>16</sat><hdop>0.72</hdop><vdop>1.08</vdop><pdop>1.30</pdop><dgpsid>0000</dgpsid></trkpt>
<trkpt lat="31.973898666666667" lon="-110.49441233333333"><ele>1201.3</ele><time>2025-12-12T00:18:24.000Z</time><extensions><gpxtpx:TrackPointExtension><gpxtpx:bearing>279.86</gpxtpx:bearing><gpxtpx:speed>5.778786</gpxtpx:speed></gpxtpx:TrackPointExtension></extensions><geoidheight>-28.2</geoidheight><src>gps</src><sat>16</sat><hdop>0.66</hdop><vdop>0.99</vdop><pdop>1.19</pdop><dgpsid>0000</dgpsid></trkpt>
<trkpt lat="31.973989500000002" lon="-110.49502383333332"><ele>1199.9</ele><time>2025-12-12T00:18:35.000Z</time><extensions><gpxtpx:TrackPointExtension><gpxtpx:bearing>279.66</gpxtpx:bearing><gpxtpx:speed>4.822947</gpxtpx:speed></gpxtpx:TrackPointExtension></extensions><geoidheight>-28.2</geoidheight><src>gps</src><sat>16</sat><hdop>0.66</hdop><vdop>0.99</vdop><pdop>1.19</pdop><dgpsid>0000</dgpsid></trkpt>
<trkpt lat="31.974022666666663" lon="-110.49526716666666"><ele>1199.1</ele><time>2025-12-12T00:18:46.000Z</time><extensions><gpxtpx:TrackPointExtension><gpxtpx:speed>0.019559445</gpxtpx:speed></gpxtpx:TrackPointExtension></extensions><geoidheight>-28.2</geoidheight><src>gps</src><sat>16</sat><hdop>0.66</hdop><vdop>0.99</vdop><pdop>1.19</pdop><dgpsid>0000</dgpsid></trkpt>
<trkpt lat="31.974029166666664" lon="-110.49532683333334"><ele>1199.2</ele><time>2025-12-12T00:18:57.000Z</time><extensions><gpxtpx:TrackPointExtension><gpxtpx:bearing>279.04</gpxtpx:bearing><gpxtpx:speed>1.317689</gpxtpx:speed></gpxtpx:TrackPointExtension></extensions><geoidheight>-28.2</geoidheight><src>gps</src><sat>16</sat><hdop>0.66</hdop><vdop>0.99</vdop><pdop>1.19</pdop><dgpsid>0000</dgpsid></trkpt>
<trkpt lat="31.974052666666662" lon="-110.49548250000001"><ele>1198.9</ele><time>2025-12-12T00:19:08.000Z</time><extensions><gpxtpx:TrackPointExtension><gpxtpx:bearing>280.94</gpxtpx:bearing><gpxtpx:speed>0.88635164</gpxtpx:speed></gpxtpx:TrackPointExtension></extensions><geoidheight>-28.2</geoidheight><src>gps</src><sat>16</sat><hdop>0.66</hdop><vdop>0.99</vdop><pdop>1.19</pdop><dgpsid>0000</dgpsid></trkpt>
<trkpt lat="31.974080000000004" lon="-110.49565283333335"><ele>1198.9</ele><time>2025-12-12T00:19:19.000Z</time><extensions><gpxtpx:TrackPointExtension><gpxtpx:bearing>280.53</gpxtpx:bearing><gpxtpx:speed>1.3357042</gpxtpx:speed></gpxtpx:TrackPointExtension></extensions><geoidheight>-28.2</geoidheight><src>gps</src><sat>16</sat><hdop>0.66</hdop><vdop>0.99</vdop><pdop>1.19</pdop><dgpsid>0000</dgpsid></trkpt>
<trkpt lat="31.974115166666667" lon="-110.49588333333334"><ele>1197.9</ele><time>2025-12-12T00:19:52.000Z</time><extensions><gpxtpx:TrackPointExtension><gpxtpx:bearing>279.59</gpxtpx:bearing><gpxtpx:speed>1.6975539</gpxtpx:speed></gpxtpx:TrackPointExtension></extensions><geoidheight>-28.2</geoidheight><src>gps</src><sat>16</sat><hdop>0.66</hdop><vdop>0.99</vdop><pdop>1.19</pdop><dgpsid>0000</dgpsid></trkpt>
<trkpt lat="31.974138500000002" lon="-110.49605483333335"><ele>1197.3</ele><time>2025-12-12T00:20:03.000Z</time><extensions><gpxtpx:TrackPointExtension><gpxtpx:bearing>280.27</gpxtpx:bearing><gpxtpx:speed>0.71700805</gpxtpx:speed></gpxtpx:TrackPointExtension></extensions><geoidheight>-28.2</geoidheight><src>gps</src><sat>16</sat><hdop>0.66</hdop><vdop>0.98</vdop><pdop>1.19</pdop><dgpsid>0000</dgpsid></trkpt>
<trkpt lat="31.974159666666665" lon="-110.49620383333334"><ele>1196.8</ele><time>2025-12-12T00:20:14.000Z</time><extensions><gpxtpx:TrackPointExtension><gpxtpx:bearing>279.51</gpxtpx:bearing><gpxtpx:speed>1.7253488</gpxtpx:speed></gpxtpx:TrackPointExtension></extensions><geoidheight>-28.2</geoidheight><src>gps</src><sat>16</sat><hdop>0.66</hdop><vdop>0.98</vdop><pdop>1.19</pdop><dgpsid>0000</dgpsid></trkpt>
<trkpt lat="31.974197333333336" lon="-110.49647116666665"><ele>1196.5</ele><time>2025-12-12T00:20:25.000Z</time><extensions><gpxtpx:TrackPointExtension><gpxtpx:bearing>279.76</gpxtpx:bearing><gpxtpx:speed>2.7316308</gpxtpx:speed></gpxtpx:TrackPointExtension></extensions><geoidheight>-28.2</geoidheight><src>gps</src><sat>15</sat><hdop>0.73</hdop><vdop>1.11</vdop><pdop>1.33</pdop><dgpsid>0000</dgpsid></trkpt>
<trkpt lat="31.974242166666667" lon="-110.49679050000002"><ele>1196.4</ele><time>2025-12-12T00:20:36.000Z</time><extensions><gpxtpx:TrackPointExtension><gpxtpx:bearing>278.71</gpxtpx:bearing><gpxtpx:speed>2.896342</gpxtpx:speed></gpxtpx:TrackPointExtension></extensions><geoidheight>-28.2</geoidheight><src>gps</src><sat>16</sat><hdop>0.73</hdop><vdop>1.11</vdop><pdop>1.33</pdop><dgpsid>0000</dgpsid></trkpt>
<trkpt lat="31.974286999999997" lon="-110.49712"><ele>1196.1</ele><time>2025-12-12T00:20:47.000Z</time><extensions><gpxtpx:TrackPointExtension><gpxtpx:bearing>280.07</gpxtpx:bearing><gpxtpx:speed>2.8175895</gpxtpx:speed></gpxtpx:TrackPointExtension></extensions><geoidheight>-28.2</geoidheight><src>gps</src><sat>16</sat><hdop>0.73</hdop><vdop>1.11</vdop><pdop>1.33</pdop><dgpsid>0000</dgpsid></trkpt>
<trkpt lat="31.97433733333333" lon="-110.49744283333332"><ele>1195.6</ele><time>2025-12-12T00:20:58.000Z</time><extensions><gpxtpx:TrackPointExtension><gpxtpx:bearing>279.6</gpxtpx:bearing><gpxtpx:speed>2.8320017</gpxtpx:speed></gpxtpx:TrackPointExtension></extensions><geoidheight>-28.2</geoidheight><src>gps</src><sat>16</sat><hdop>0.73</hdop><vdop>1.11</vdop><pdop>1.33</pdop><dgpsid>0000</dgpsid></trkpt>
<trkpt lat="31.9743795" lon="-110.49776683333333"><ele>1195.1</ele><time>2025-12-12T00:21:09.000Z</time><extensions><gpxtpx:TrackPointExtension><gpxtpx:bearing>278.65</gpxtpx:bearing><gpxtpx:speed>2.857223</gpxtpx:speed></gpxtpx:TrackPointExtension></extensions><geoidheight>-28.2</geoidheight><src>gps</src><sat>16</sat><hdop>0.65</hdop><vdop>0.88</vdop><pdop>1.09</pdop><dgpsid>0000</dgpsid></trkpt>
<trkpt lat="31.97442266666667" lon="-110.49809066666667"><ele>1195.2</ele><time>2025-12-12T00:21:20.000Z</time><extensions><gpxtpx:TrackPointExtension><gpxtpx:bearing>280.21</gpxtpx:bearing><gpxtpx:speed>2.7527344</gpxtpx:speed></gpxtpx:TrackPointExtension></extensions><geoidheight>-28.2</geoidheight><src>gps</src><sat>16</sat><hdop>0.62</hdop><vdop>0.86</vdop><pdop>1.06</pdop><dgpsid>0000</dgpsid></trkpt>
<trkpt lat="31.974470333333336" lon="-110.49841450000001"><ele>1194.7</ele><time>2025-12-12T00:21:31.000Z</time><extensions><gpxtpx:TrackPointExtension><gpxtpx:bearing>279.84</gpxtpx:bearing><gpxtpx:speed>2.845899</gpxtpx:speed></gpxtpx:TrackPointExtension></extensions><geoidheight>-28.2</geoidheight><src>gps</src><sat>16</sat><hdop>0.62</hdop><vdop>0.86</vdop><pdop>1.06</pdop><dgpsid>0000</dgpsid></trkpt>
<trkpt lat="31.97455316666667" lon="-110.49901"><ele>1193.7</ele><time>2025-12-12T00:21:42.000Z</time><extensions><gpxtpx:TrackPointExtension><gpxtpx:bearing>279.75</gpxtpx:bearing><gpxtpx:speed>6.4088063</gpxtpx:speed></gpxtpx:TrackPointExtension></extensions><geoidheight>-28.2</geoidheight><src>gps</src><sat>16</sat><hdop>0.65</hdop><vdop>0.88</vdop><pdop>1.09</pdop><dgpsid>0000</dgpsid></trkpt>
<trkpt lat="31.97465383333333" lon="-110.49971733333332"><ele>1192.2</ele><time>2025-12-12T00:21:53.000Z</time><extensions><gpxtpx:TrackPointExtension><gpxtpx:bearing>278.85</gpxtpx:bearing><gpxtpx:speed>5.8976874</gpxtpx:speed></gpxtpx:TrackPointExtension></extensions><geoidheight>-28.2</geoidheight><src>gps</src><sat>16</sat><hdop>0.62</hdop><vdop>0.86</vdop><pdop>1.06</pdop><dgpsid>0000</dgpsid></trkpt>
<trkpt lat="31.974756333333335" lon="-110.50043550000001"><ele>1191.0</ele><time>2025-12-12T00:22:04.000Z</time><extensions><gpxtpx:TrackPointExtension><gpxtpx:bearing>279.28</gpxtpx:bearing><gpxtpx:speed>6.029456</gpxtpx:speed></gpxtpx:TrackPointExtension></extensions><geoidheight>-28.2</geoidheight><src>gps</src><sat>16</sat><hdop>0.62</hdop><vdop>0.86</vdop><pdop>1.06</pdop><dgpsid>0000</dgpsid></trkpt>
<trkpt lat="31.97485883333333" lon="-110.50115550000001"><ele>1189.8</ele><time>2025-12-12T00:22:15.000Z</time><extensions><gpxtpx:TrackPointExtension><gpxtpx:bearing>280.06</gpxtpx:bearing><gpxtpx:speed>6.41138</gpxtpx:speed></gpxtpx:TrackPointExtension></extensions><geoidheight>-28.2</geoidheight><src>gps</src><sat>16</sat><hdop>0.62</hdop><vdop>0.86</vdop><pdop>1.06</pdop><dgpsid>0000</dgpsid></trkpt>
<trkpt lat="31.974967999999997" lon="-110.501905"><ele>1189.0</ele><time>2025-12-12T00:22:26.000Z</time><extensions><gpxtpx:TrackPointExtension><gpxtpx:bearing>278.94</gpxtpx:bearing><gpxtpx:speed>6.8035984</gpxtpx:speed></gpxtpx:TrackPointExtension></extensions><geoidheight>-28.2</geoidheight><src>gps</src><sat>16</sat><hdop>0.62</hdop><vdop>0.86</vdop><pdop>1.06</pdop><dgpsid>0000</dgpsid></trkpt>
<trkpt lat="31.975079166666667" lon="-110.50268183333334"><ele>1188.0</ele><time>2025-12-12T00:22:37.000Z</time><extensions><gpxtpx:TrackPointExtension><gpxtpx:bearing>280.89</gpxtpx:bearing><gpxtpx:speed>6.759847</gpxtpx:speed></gpxtpx:TrackPointExtension></extensions><geoidheight>-28.2</geoidheight><src>gps</src><sat>16</sat><hdop>0.62</hdop><vdop>0.86</vdop><pdop>1.06</pdop><dgpsid>0000</dgpsid></trkpt>
<trkpt lat="31.975197666666666" lon="-110.50350666666667"><ele>1186.9</ele><time>2025-12-12T00:22:48.000Z</time><extensions><gpxtpx:TrackPointExtension><gpxtpx:bearing>278.62</gpxtpx:bearing><gpxtpx:speed>7.465531</gpxtpx:speed></gpxtpx:TrackPointExtension></extensions><geoidheight>-28.2</geoidheight><src>gps</src><sat>16</sat><hdop>0.62</hdop><vdop>0.86</vdop><pdop>1.06</pdop><dgpsid>0000</dgpsid></trkpt>
<trkpt lat="31.975326499999998" lon="-110.504384"><ele>1186.2</ele><time>2025-12-12T00:22:59.000Z</time><extensions><gpxtpx:TrackPointExtension><gpxtpx:bearing>279.61</gpxtpx:bearing><gpxtpx:speed>7.9560614</gpxtpx:speed></gpxtpx:TrackPointExtension></extensions><geoidheight>-28.2</geoidheight><src>gps</src><sat>15</sat><hdop>0.64</hdop><vdop>0.91</vdop><pdop>1.11</pdop><dgpsid>0000</dgpsid></trkpt>
<trkpt lat="31.975495500000005" lon="-110.50561"><ele>1184.9</ele><time>2025-12-12T00:23:10.000Z</time><extensions><gpxtpx:TrackPointExtension><gpxtpx:bearing>279.97</gpxtpx:bearing><gpxtpx:speed>13.918089</gpxtpx:speed></gpxtpx:TrackPointExtension></extensions><geoidheight>-28.2</geoidheight><src>gps</src><sat>16</sat><hdop>0.62</hdop><vdop>0.86</vdop><pdop>1.06</pdop><dgpsid>0000</dgpsid></trkpt>
<trkpt lat="31.975763666666662" lon="-110.507427"><ele>1182.7</ele><time>2025-12-12T00:23:21.000Z</time><extensions><gpxtpx:TrackPointExtension><gpxtpx:bearing>280.23</gpxtpx:bearing><gpxtpx:speed>17.782623</gpxtpx:speed></gpxtpx:TrackPointExtension></extensions><geoidheight>-28.2</geoidheight><src>gps</src><sat>16</sat><hdop>0.62</hdop><vdop>0.86</vdop><pdop>1.06</pdop><dgpsid>0000</dgpsid></trkpt>
<trkpt lat="31.97622966666667" lon="-110.50959716666667"><ele>1180.8</ele><time>2025-12-12T00:23:32.000Z</time><extensions><gpxtpx:TrackPointExtension><gpxtpx:bearing>286.57</gpxtpx:bearing><gpxtpx:speed>20.609993</gpxtpx:speed></gpxtpx:TrackPointExtension></extensions><geoidheight>-28.2</geoidheight><src>gps</src><sat>16</sat><hdop>0.62</hdop><vdop>0.86</vdop><pdop>1.06</pdop><dgpsid>0000</dgpsid></trkpt>
<trkpt lat="31.976928666666662" lon="-110.51193816666667"><ele>1180.6</ele><time>2025-12-12T00:23:43.000Z</time><extensions><gpxtpx:TrackPointExtension><gpxtpx:bearing>291.57</gpxtpx:bearing><gpxtpx:speed>22.072832</gpxtpx:speed></gpxtpx:TrackPointExtension></extensions><geoidheight>-28.2</geoidheight><src>gps</src><sat>16</sat><hdop>0.64</hdop><vdop>0.91</vdop><pdop>1.11</pdop><dgpsid>0000</dgpsid></trkpt>
<trkpt lat="31.97774283333333" lon="-110.51416283333334"><ele>1178.4</ele><time>2025-12-12T00:23:54.000Z</time><extensions><gpxtpx:TrackPointExtension><gpxtpx:bearing>293.66</gpxtpx:bearing><gpxtpx:speed>20.465355</gpxtpx:speed></gpxtpx:TrackPointExtension></extensions><geoidheight>-28.2</geoidheight><src>gps</src><sat>15</sat><hdop>0.65</hdop><vdop>0.88</vdop><pdop>1.09</pdop><dgpsid>0000</dgpsid></trkpt>
<trkpt lat="31.978520666666668" lon="-110.51649450000001"><ele>1172.4</ele><time>2025-12-12T00:24:05.000Z</time><extensions><gpxtpx:TrackPointExtension><gpxtpx:bearing>288.37</gpxtpx:bearing><gpxtpx:speed>23.07963</gpxtpx:speed></gpxtpx:TrackPointExtension></extensions><geoidheight>-28.2</geoidheight><src>gps</src><sat>15</sat><hdop>0.69</hdop><vdop>0.95</vdop><pdop>1.18</pdop><dgpsid>0000</dgpsid></trkpt>
<trkpt lat="31.979204499999998" lon="-110.519237"><ele>1165.5</ele><time>2025-12-12T00:24:16.000Z</time><extensions><gpxtpx:TrackPointExtension><gpxtpx:bearing>283.37</gpxtpx:bearing><gpxtpx:speed>25.660961</gpxtpx:speed></gpxtpx:TrackPointExtension></extensions><geoidheight>-28.2</geoidheight><src>gps</src><sat>16</sat><hdop>0.62</hdop><vdop>0.86</vdop><pdop>1.06</pdop><dgpsid>0000</dgpsid></trkpt>
<trkpt lat="31.979710333333333" lon="-110.52221483333332"><ele>1158.6</ele><time>2025-12-12T00:24:27.000Z</time><extensions><gpxtpx:TrackPointExtension><gpxtpx:bearing>280.17</gpxtpx:bearing><gpxtpx:speed>26.281202</gpxtpx:speed></gpxtpx:TrackPointExtension></extensions><geoidheight>-28.2</geoidheight><src>gps</src><sat>16</sat><hdop>0.62</hdop><vdop>0.86</vdop><pdop>1.06</pdop><dgpsid>0000</dgpsid></trkpt>
<trkpt lat="31.980194666666662" lon="-110.52525016666665"><ele>1153.3</ele><time>2025-12-12T00:24:38.000Z</time><extensions><gpxtpx:TrackPointExtension><gpxtpx:bearing>280.37</gpxtpx:bearing><gpxtpx:speed>26.668274</gpxtpx:speed></gpxtpx:TrackPointExtension></extensions><geoidheight>-28.2</geoidheight><src>gps</src><sat>16</sat><hdop>0.62</hdop><vdop>0.86</vdop><pdop>1.06</pdop><dgpsid>0000</dgpsid></trkpt>
<trkpt lat="31.980682333333334" lon="-110.52832783333334"><ele>1147.9</ele><time>2025-12-12T00:24:49.000Z</time><extensions><gpxtpx:TrackPointExtension><gpxtpx:bearing>280.56</gpxtpx:bearing><gpxtpx:speed>27.112478</gpxtpx:speed></gpxtpx:TrackPointExtension></extensions><geoidheight>-28.2</geoidheight><src>gps</src><sat>16</sat><hdop>0.65</hdop><vdop>0.88</vdop><pdop>1.09</pdop><dgpsid>0000</dgpsid></trkpt>
<trkpt lat="31.981165333333333" lon="-110.53141166666667"><ele>1145.1</ele><time>2025-12-12T00:25:00.000Z</time><extensions><gpxtpx:TrackPointExtension><gpxtpx:bearing>280.54</gpxtpx:bearing><gpxtpx:speed>26.929237</gpxtpx:speed></gpxtpx:TrackPointExtension></extensions><geoidheight>-28.2</geoidheight><src>gps</src><sat>16</sat><hdop>0.62</hdop><vdop>0.86</vdop><pdop>1.06</pdop><dgpsid>0000</dgpsid></trkpt>
<trkpt lat="31.98167133333333" lon="-110.53460850000002"><ele>1140.6</ele><time>2025-12-12T00:25:11.000Z</time><extensions><gpxtpx:TrackPointExtension><gpxtpx:bearing>280.59</gpxtpx:bearing><gpxtpx:speed>28.864594</gpxtpx:speed></gpxtpx:TrackPointExtension></extensions><geoidheight>-28.2</geoidheight><src>gps</src><sat>16</sat><hdop>0.62</hdop><vdop>0.86</vdop><pdop>1.06</pdop><dgpsid>0000</dgpsid></trkpt>
<trkpt lat="31.98220083333333" lon="-110.53793783333334"><ele>1136.8</ele><time>2025-12-12T00:25:22.000Z</time><extensions><gpxtpx:TrackPointExtension><gpxtpx:bearing>280.67</gpxtpx:bearing><gpxtpx:speed>29.233648</gpxtpx:speed></gpxtpx:TrackPointExtension></extensions><geoidheight>-28.2</geoidheight><src>gps</src><sat>16</sat><hdop>0.62</hdop><vdop>0.86</vdop><pdop>1.06</pdop><dgpsid>0000</dgpsid></trkpt>
<trkpt lat="31.98273" lon="-110.54127966666668"><ele>1133.8</ele><time>2025-12-12T00:25:33.000Z</time><extensions><gpxtpx:TrackPointExtension><gpxtpx:bearing>280.48</gpxtpx:bearing><gpxtpx:speed>29.209457</gpxtpx:speed></gpxtpx:TrackPointExtension></extensions><geoidheight>-28.2</geoidheight><src>gps</src><sat>16</sat><hdop>0.62</hdop><vdop>0.86</vdop><pdop>1.06</pdop><dgpsid>0000</dgpsid></trkpt>
<trkpt lat="31.98325483333333" lon="-110.54462633333333"><ele>1130.0</ele><time>2025-12-12T00:25:44.000Z</time><extensions><gpxtpx:TrackPointExtension><gpxtpx:bearing>280.59</gpxtpx:bearing><gpxtpx:speed>29.393213</gpxtpx:speed></gpxtpx:TrackPointExtension></extensions><geoidheight>-28.2</geoidheight><src>gps</src><sat>16</sat><hdop>0.62</hdop><vdop>0.86</vdop><pdop>1.06</pdop><dgpsid>0000</dgpsid></trkpt>
<trkpt lat="31.983755333333338" lon="-110.5479995"><ele>1125.8</ele><time>2025-12-12T00:25:55.000Z</time><extensions><gpxtpx:TrackPointExtension><gpxtpx:bearing>278.75</gpxtpx:bearing><gpxtpx:speed>29.489466</gpxtpx:speed></gpxtpx:TrackPointExtension></extensions><geoidheight>-28.2</geoidheight><src>gps</src><sat>16</sat><hdop>0.62</hdop><vdop>0.86</vdop><pdop>1.06</pdop><dgpsid>0000</dgpsid></trkpt>
<trkpt lat="31.984146000000003" lon="-110.55139116666666"><ele>1122.3</ele><time>2025-12-12T00:26:06.000Z</time><extensions><gpxtpx:TrackPointExtension><gpxtpx:bearing>277.36</gpxtpx:bearing><gpxtpx:speed>29.495127</gpxtpx:speed></gpxtpx:TrackPointExtension></extensions><geoidheight>-28.2</geoidheight><src>gps</src><sat>16</sat><hdop>0.62</hdop><vdop>0.86</vdop><pdop>1.06</pdop><dgpsid>0000</dgpsid></trkpt>
<trkpt lat="31.984504333333334" lon="-110.55480516666667"><ele>1119.6</ele><time>2025-12-12T00:26:17.000Z</time><extensions><gpxtpx:TrackPointExtension><gpxtpx:bearing>277.19</gpxtpx:bearing><gpxtpx:speed>29.50645</gpxtpx:speed></gpxtpx:TrackPointExtension></extensions><geoidheight>-28.2</geoidheight><src>gps</src><sat>16</sat><hdop>0.64</hdop><vdop>0.91</vdop><pdop>1.11</pdop><dgpsid>0000</dgpsid></trkpt>
<trkpt lat="31.984894333333333" lon="-110.55824016666665"><ele>1113.4</ele><time>2025-12-12T00:26:28.000Z</time><extensions><gpxtpx:TrackPointExtension><gpxtpx:bearing>278.81</gpxtpx:bearing><gpxtpx:speed>30.344934</gpxtpx:speed></gpxtpx:TrackPointExtension></extensions><geoidheight>-28.2</geoidheight><src>gps</src><sat>15</sat><hdop>0.65</hdop><vdop>0.88</vdop><pdop>1.09</pdop><dgpsid>0000</dgpsid></trkpt>
<trkpt lat="31.985360999999997" lon="-110.5617645"><ele>1105.0</ele><time>2025-12-12T00:26:39.000Z</time><extensions><gpxtpx:TrackPointExtension><gpxtpx:bearing>278.9</gpxtpx:bearing><gpxtpx:speed>30.90032</gpxtpx:speed></gpxtpx:TrackPointExtension></extensions><geoidheight>-28.2</geoidheight><src>gps</src><sat>15</sat><hdop>0.65</hdop><vdop>0.88</vdop><pdop>1.09</pdop><dgpsid>0000</dgpsid></trkpt>
<trkpt lat="31.985821333333334" lon="-110.56537283333334"><ele>1099.3</ele><time>2025-12-12T00:26:50.000Z</time><extensions><gpxtpx:TrackPointExtension><gpxtpx:bearing>277.7</gpxtpx:bearing><gpxtpx:speed>31.469603</gpxtpx:speed></gpxtpx:TrackPointExtension></extensions><geoidheight>-28.2</geoidheight><src>gps</src><sat>15</sat><hdop>0.69</hdop><vdop>0.96</vdop><pdop>1.18</pdop><dgpsid>0000</dgpsid></trkpt>
<trkpt lat="31.9862" lon="-110.56893116666667"><ele>1096.3</ele><time>2025-12-12T00:27:01.000Z</time><extensions><gpxtpx:TrackPointExtension><gpxtpx:bearing>277.13</gpxtpx:bearing><gpxtpx:speed>30.591486</gpxtpx:speed></gpxtpx:TrackPointExtension></extensions><geoidheight>-28.2</geoidheight><src>gps</src><sat>15</sat><hdop>0.62</hdop><vdop>0.86</vdop><pdop>1.06</pdop><dgpsid>0000</dgpsid></trkpt>
<trkpt lat="31.986576" lon="-110.57246133333335"><ele>1098.6</ele><time>2025-12-12T00:27:12.000Z</time><extensions><gpxtpx:TrackPointExtension><gpxtpx:bearing>277.21</gpxtpx:bearing><gpxtpx:speed>30.512733</gpxtpx:speed></gpxtpx:TrackPointExtension></extensions><geoidheight>-28.2</geoidheight><src>gps</src><sat>16</sat><hdop>0.62</hdop><vdop>0.86</vdop><pdop>1.06</pdop><dgpsid>0000</dgpsid></trkpt>
<trkpt lat="31.98694233333333" lon="-110.57595683333332"><ele>1101.0</ele><time>2025-12-12T00:27:23.000Z</time><extensions><gpxtpx:TrackPointExtension><gpxtpx:bearing>277.15</gpxtpx:bearing><gpxtpx:speed>29.941906</gpxtpx:speed></gpxtpx:TrackPointExtension></extensions><geoidheight>-28.2</geoidheight><src>gps</src><sat>16</sat><hdop>0.64</hdop><vdop>0.91</vdop><pdop>1.11</pdop><dgpsid>0000</dgpsid></trkpt>
<trkpt lat="31.987314" lon="-110.5794165"><ele>1102.6</ele><time>2025-12-12T00:27:34.000Z</time><extensions><gpxtpx:TrackPointExtension><gpxtpx:bearing>277.14</gpxtpx:bearing><gpxtpx:speed>30.045366</gpxtpx:speed></gpxtpx:TrackPointExtension></extensions><geoidheight>-28.2</geoidheight><src>gps</src><sat>16</sat><hdop>0.64</hdop><vdop>0.91</vdop><pdop>1.11</pdop><dgpsid>0000</dgpsid></trkpt>
<trkpt lat="31.98769183333333" lon="-110.58281749999999"><ele>1103.6</ele><time>2025-12-12T00:27:45.000Z</time><extensions><gpxtpx:TrackPointExtension><gpxtpx:bearing>278.43</gpxtpx:bearing><gpxtpx:speed>29.405565</gpxtpx:speed></gpxtpx:TrackPointExtension></extensions><geoidheight>-28.2</geoidheight><src>gps</src><sat>16</sat><hdop>0.62</hdop><vdop>0.86</vdop><pdop>1.06</pdop><dgpsid>0000</dgpsid></trkpt>
<trkpt lat="31.988121333333332" lon="-110.5861785"><ele>1104.3</ele><time>2025-12-12T00:27:56.000Z</time><extensions><gpxtpx:TrackPointExtension><gpxtpx:bearing>278.7</gpxtpx:bearing><gpxtpx:speed>29.663443</gpxtpx:speed></gpxtpx:TrackPointExtension></extensions><geoidheight>-28.2</geoidheight><src>gps</src><sat>16</sat><hdop>0.62</hdop><vdop>0.86</vdop><pdop>1.06</pdop><dgpsid>0000</dgpsid></trkpt>
<trkpt lat="31.988609166666667" lon="-110.58958883333335"><ele>1105.1</ele><time>2025-12-12T00:28:07.000Z</time><extensions><gpxtpx:TrackPointExtension><gpxtpx:bearing>281.56</gpxtpx:bearing><gpxtpx:speed>29.873447</gpxtpx:speed></gpxtpx:TrackPointExtension></extensions><geoidheight>-28.2</geoidheight><src>gps</src><sat>16</sat><hdop>0.62</hdop><vdop>0.86</vdop><pdop>1.06</pdop><dgpsid>0000</dgpsid></trkpt>
<trkpt lat="31.989354166666665" lon="-110.59295949999999"><ele>1104.6</ele><time>2025-12-12T00:28:18.000Z</time><extensions><gpxtpx:TrackPointExtension><gpxtpx:bearing>287.16</gpxtpx:bearing><gpxtpx:speed>30.169415</gpxtpx:speed></gpxtpx:TrackPointExtension></extensions><geoidheight>-28.2</geoidheight><src>gps</src><sat>15</sat><hdop>0.69</hdop><vdop>1.11</vdop><pdop>1.31</pdop><dgpsid>0000</dgpsid></trkpt>
<trkpt lat="31.990282666666666" lon="-110.59627416666666"><ele>1102.4</ele><time>2025-12-12T00:28:29.000Z</time><extensions><gpxtpx:TrackPointExtension><gpxtpx:bearing>288.09</gpxtpx:bearing><gpxtpx:speed>29.624838</gpxtpx:speed></gpxtpx:TrackPointExtension></extensions><geoidheight>-28.2</geoidheight><src>gps</src><sat>16</sat><hdop>0.64</hdop><vdop>0.86</vdop><pdop>1.07</pdop><dgpsid>0000</dgpsid></trkpt>
<trkpt lat="31.991192500000004" lon="-110.59949633333332"><ele>1103.5</ele><time>2025-12-12T00:28:40.000Z</time><extensions><gpxtpx:TrackPointExtension><gpxtpx:bearing>288.4</gpxtpx:bearing><gpxtpx:speed>28.932535</gpxtpx:speed></gpxtpx:TrackPointExtension></extensions><geoidheight>-28.2</geoidheight><src>gps</src><sat>16</sat><hdop>0.62</hdop><vdop>0.86</vdop><pdop>1.06</pdop><dgpsid>0000</dgpsid></trkpt>
<trkpt lat="31.992097833333332" lon="-110.60270866666666"><ele>1103.8</ele><time>2025-12-12T00:28:51.000Z</time><extensions><gpxtpx:TrackPointExtension><gpxtpx:bearing>288.33</gpxtpx:bearing><gpxtpx:speed>29.17394</gpxtpx:speed></gpxtpx:TrackPointExtension></extensions><geoidheight>-28.2</geoidheight><src>gps</src><sat>16</sat><hdop>0.64</hdop><vdop>0.86</vdop><pdop>1.07</pdop><dgpsid>0000</dgpsid></trkpt>
<trkpt lat="31.993016833333332" lon="-110.60597383333334"><ele>1100.1</ele><time>2025-12-12T00:29:02.000Z</time><extensions><gpxtpx:TrackPointExtension><gpxtpx:bearing>288.26</gpxtpx:bearing><gpxtpx:speed>30.079851</gpxtpx:speed></gpxtpx:TrackPointExtension></extensions><geoidheight>-28.3</geoidheight><src>gps</src><sat>15</sat><hdop>0.69</hdop><vdop>1.11</vdop><pdop>1.31</pdop><dgpsid>0000</dgpsid></trkpt>
<trkpt lat="31.993959166666667" lon="-110.609352"><ele>1091.0</ele><time>2025-12-12T00:29:13.000Z</time><extensions><gpxtpx:TrackPointExtension><gpxtpx:bearing>288.45</gpxtpx:bearing><gpxtpx:speed>30.839582</gpxtpx:speed></gpxtpx:TrackPointExtension></extensions><geoidheight>-28.3</geoidheight><src>gps</src><sat>16</sat><hdop>0.67</hdop><vdop>1.00</vdop><pdop>1.20</pdop><dgpsid>0000</dgpsid></trkpt>
<trkpt lat="31.994904" lon="-110.61272183333334"><ele>1083.7</ele><time>2025-12-12T00:29:24.000Z</time><extensions><gpxtpx:TrackPointExtension><gpxtpx:bearing>288.5</gpxtpx:bearing><gpxtpx:speed>29.899698</gpxtpx:speed></gpxtpx:TrackPointExtension></extensions><geoidheight>-28.3</geoidheight><src>gps</src><sat>16</sat><hdop>0.62</hdop><vdop>0.86</vdop><pdop>1.06</pdop><dgpsid>0000</dgpsid></trkpt>
<trkpt lat="31.995824333333335" lon="-110.61597416666667"><ele>1082.5</ele><time>2025-12-12T00:29:35.000Z</time><extensions><gpxtpx:TrackPointExtension><gpxtpx:bearing>288.5</gpxtpx:bearing><gpxtpx:speed>28.994818</gpxtpx:speed></gpxtpx:TrackPointExtension></extensions><geoidheight>-28.3</geoidheight><src>gps</src><sat>15</sat><hdop>0.65</hdop><vdop>0.88</vdop><pdop>1.09</pdop><dgpsid>0000</dgpsid></trkpt>
<trkpt lat="31.9967275" lon="-110.6191565"><ele>1084.1</ele><time>2025-12-12T00:29:46.000Z</time><extensions><gpxtpx:TrackPointExtension><gpxtpx:bearing>288.15</gpxtpx:bearing><gpxtpx:speed>28.849152</gpxtpx:speed></gpxtpx:TrackPointExtension></extensions><geoidheight>-28.3</geoidheight><src>gps</src><sat>15</sat><hdop>0.65</hdop><vdop>0.88</vdop><pdop>1.09</pdop><dgpsid>0000</dgpsid></trkpt>
<trkpt lat="31.997628833333337" lon="-110.62238633333332"><ele>1082.0</ele><time>2025-12-12T00:29:57.000Z</time><extensions><gpxtpx:TrackPointExtension><gpxtpx:bearing>288.09</gpxtpx:bearing><gpxtpx:speed>29.442112</gpxtpx:speed></gpxtpx:TrackPointExtension></extensions><geoidheight>-28.3</geoidheight><src>gps</src><sat>16</sat><hdop>0.67</hdop><vdop>1.00</vdop><pdop>1.20</pdop><dgpsid>0000</dgpsid></trkpt>
<trkpt lat="31.9984675" lon="-110.62571350000002"><ele>1075.2</ele><time>2025-12-12T00:30:08.000Z</time><extensions><gpxtpx:TrackPointExtension><gpxtpx:bearing>282.97</gpxtpx:bearing><gpxtpx:speed>30.424202</gpxtpx:speed></gpxtpx:TrackPointExtension></extensions><geoidheight>-28.3</geoidheight><src>gps</src><sat>16</sat><hdop>0.62</hdop><vdop>0.85</vdop><pdop>1.06</pdop><dgpsid>0000</dgpsid></trkpt>
<trkpt lat="31.998926666666662" lon="-110.629229"><ele>1070.2</ele><time>2025-12-12T00:30:19.000Z</time><extensions><gpxtpx:TrackPointExtension><gpxtpx:bearing>274.79</gpxtpx:bearing><gpxtpx:speed>30.6584</gpxtpx:speed></gpxtpx:TrackPointExtension></extensions><geoidheight>-28.3</geoidheight><src>gps</src><sat>15</sat><hdop>0.67</hdop><vdop>1.00</vdop><pdop>1.20</pdop><dgpsid>0000</dgpsid></trkpt>
<trkpt lat="31.9989475" lon="-110.63274466666665"><ele>1072.3</ele><time>2025-12-12T00:30:30.000Z</time><extensions><gpxtpx:TrackPointExtension><gpxtpx:bearing>266.56</gpxtpx:bearing><gpxtpx:speed>29.628956</gpxtpx:speed></gpxtpx:TrackPointExtension></extensions><geoidheight>-28.3</geoidheight><src>gps</src><sat>16</sat><hdop>0.62</hdop><vdop>0.85</vdop><pdop>1.06</pdop><dgpsid>0000</dgpsid></trkpt>
<trkpt lat="31.998636333333334" lon="-110.63616699999999"><ele>1075.5</ele><time>2025-12-12T00:30:41.000Z</time><extensions><gpxtpx:TrackPointExtension><gpxtpx:bearing>263.3</gpxtpx:bearing><gpxtpx:speed>29.87036</gpxtpx:speed></gpxtpx:TrackPointExtension></extensions><geoidheight>-28.3</geoidheight><src>gps</src><sat>16</sat><hdop>0.62</hdop><vdop>0.85</vdop><pdop>1.06</pdop><dgpsid>0000</dgpsid></trkpt>
<trkpt lat="31.998275666666668" lon="-110.6396185"><ele>1074.9</ele><time>2025-12-12T00:30:52.000Z</time><extensions><gpxtpx:TrackPointExtension><gpxtpx:bearing>263.16</gpxtpx:bearing><gpxtpx:speed>29.895582</gpxtpx:speed></gpxtpx:TrackPointExtension></extensions><geoidheight>-28.3</geoidheight><src>gps</src><sat>16</sat><hdop>0.64</hdop><vdop>0.91</vdop><pdop>1.11</pdop><dgpsid>0000</dgpsid></trkpt>
<trkpt lat="31.997911999999996" lon="-110.64305133333333"><ele>1070.4</ele><time>2025-12-12T00:31:03.000Z</time><extensions><gpxtpx:TrackPointExtension><gpxtpx:bearing>262.88</gpxtpx:bearing><gpxtpx:speed>29.759695</gpxtpx:speed></gpxtpx:TrackPointExtension></extensions><geoidheight>-28.3</geoidheight><src>gps</src><sat>15</sat><hdop>0.67</hdop><vdop>0.99</vdop><pdop>1.20</pdop><dgpsid>0000</dgpsid></trkpt>
<trkpt lat="31.997556833333338" lon="-110.646468"><ele>1067.0</ele><time>2025-12-12T00:31:14.000Z</time><extensions><gpxtpx:TrackPointExtension><gpxtpx:bearing>263.1</gpxtpx:bearing><gpxtpx:speed>29.389095</gpxtpx:speed></gpxtpx:TrackPointExtension></extensions><geoidheight>-28.3</geoidheight><src>gps</src><sat>16</sat><hdop>0.62</hdop><vdop>0.85</vdop><pdop>1.05</pdop><dgpsid>0000</dgpsid></trkpt>
<trkpt lat="31.997209166666668" lon="-110.64987333333332"><ele>1068.0</ele><time>2025-12-12T00:31:25.000Z</time><extensions><gpxtpx:TrackPointExtension><gpxtpx:bearing>263.29</gpxtpx:bearing><gpxtpx:speed>29.107542</gpxtpx:speed></gpxtpx:TrackPointExtension></extensions><geoidheight>-28.3</geoidheight><src>gps</src><sat>14</sat><hdop>0.73</hdop><vdop>1.00</vdop><pdop>1.24</pdop><dgpsid>0000</dgpsid></trkpt>
<trkpt lat="31.996972500000002" lon="-110.65327166666665"><ele>1073.1</ele><time>2025-12-12T00:31:36.000Z</time><extensions><gpxtpx:TrackPointExtension><gpxtpx:bearing>268.76</gpxtpx:bearing><gpxtpx:speed>29.417404</gpxtpx:speed></gpxtpx:TrackPointExtension></extensions><geoidheight>-28.3</geoidheight><src>gps</src><sat>16</sat><hdop>0.62</hdop><vdop>0.85</vdop><pdop>1.05</pdop><dgpsid>0000</dgpsid></trkpt>
<trkpt lat="31.997133500000004" lon="-110.65669833333335"><ele>1078.2</ele><time>2025-12-12T00:31:47.000Z</time><extensions><gpxtpx:TrackPointExtension><gpxtpx:bearing>276.71</gpxtpx:bearing><gpxtpx:speed>29.681973</gpxtpx:speed></gpxtpx:TrackPointExtension></extensions><geoidheight>-28.3</geoidheight><src>gps</src><sat>16</sat><hdop>0.64</hdop><vdop>0.91</vdop><pdop>1.11</pdop><dgpsid>0000</dgpsid></trkpt>
<trkpt lat="31.997675833333332" lon="-110.6600295"><ele>1082.1</ele><time>2025-12-12T00:31:58.000Z</time><extensions><gpxtpx:TrackPointExtension><gpxtpx:bearing>283.74</gpxtpx:bearing><gpxtpx:speed>29.002024</gpxtpx:speed></gpxtpx:TrackPointExtension></extensions><geoidheight>-28.3</geoidheight><src>gps</src><sat>16</sat><hdop>0.74</hdop><vdop>0.98</vdop><pdop>1.22</pdop><dgpsid>0000</dgpsid></trkpt>
<trkpt lat="31.9983535" lon="-110.66330500000001"><ele>1080.2</ele><time>2025-12-12T00:32:09.000Z</time><extensions><gpxtpx:TrackPointExtension><gpxtpx:bearing>283.67</gpxtpx:bearing><gpxtpx:speed>28.851725</gpxtpx:speed></gpxtpx:TrackPointExtension></extensions><geoidheight>-28.3</geoidheight><src>gps</src><sat>16</sat><hdop>0.62</hdop><vdop>0.85</vdop><pdop>1.05</pdop><dgpsid>0000</dgpsid></trkpt>
<trkpt lat="31.999028" lon="-110.66655316666666"><ele>1073.6</ele><time>2025-12-12T00:32:20.000Z</time><extensions><gpxtpx:TrackPointExtension><gpxtpx:bearing>283.75</gpxtpx:bearing><gpxtpx:speed>28.63863</gpxtpx:speed></gpxtpx:TrackPointExtension></extensions><geoidheight>-28.3</geoidheight><src>gps</src><sat>15</sat><hdop>0.67</hdop><vdop>0.91</vdop><pdop>1.13</pdop><dgpsid>0000</dgpsid></trkpt>
<trkpt lat="31.999700999999998" lon="-110.66982983333334"><ele>1067.4</ele><time>2025-12-12T00:32:31.000Z</time><extensions><gpxtpx:TrackPointExtension><gpxtpx:bearing>283.91</gpxtpx:bearing><gpxtpx:speed>29.013863</gpxtpx:speed></gpxtpx:TrackPointExtension></extensions><geoidheight>-28.3</geoidheight><src>gps</src><sat>14</sat><hdop>0.74</hdop><vdop>0.98</vdop><pdop>1.22</pdop><dgpsid>0000</dgpsid></trkpt>
<trkpt lat="32.00038333333334" lon="-110.6731275"><ele>1065.8</ele><time>2025-12-12T00:32:42.000Z</time><extensions><gpxtpx:TrackPointExtension><gpxtpx:bearing>283.75</gpxtpx:bearing><gpxtpx:speed>29.402477</gpxtpx:speed></gpxtpx:TrackPointExtension></extensions><geoidheight>-28.3</geoidheight><src>gps</src><sat>16</sat><hdop>0.64</hdop><vdop>0.91</vdop><pdop>1.11</pdop><dgpsid>0000</dgpsid></trkpt>
<trkpt lat="32.001078" lon="-110.67649616666668"><ele>1063.6</ele><time>2025-12-12T00:32:53.000Z</time><extensions><gpxtpx:TrackPointExtension><gpxtpx:bearing>283.67</gpxtpx:bearing><gpxtpx:speed>29.953745</gpxtpx:speed></gpxtpx:TrackPointExtension></extensions><geoidheight>-28.3</geoidheight><src>gps</src><sat>16</sat><hdop>0.64</hdop><vdop>0.91</vdop><pdop>1.11</pdop><dgpsid>0000</dgpsid></trkpt>
<trkpt lat="32.00183833333333" lon="-110.67984966666667"><ele>1060.1</ele><time>2025-12-12T00:33:04.000Z</time><extensions><gpxtpx:TrackPointExtension><gpxtpx:bearing>288.03</gpxtpx:bearing><gpxtpx:speed>29.840506</gpxtpx:speed></gpxtpx:TrackPointExtension></extensions><geoidheight>-28.3</geoidheight><src>gps</src><sat>16</sat><hdop>0.65</hdop><vdop>0.87</vdop><pdop>1.09</pdop><dgpsid>0000</dgpsid></trkpt>
<trkpt lat="32.00295033333334" lon="-110.68304600000002"><ele>1055.6</ele><time>2025-12-12T00:33:15.000Z</time><extensions><gpxtpx:TrackPointExtension><gpxtpx:bearing>296.03</gpxtpx:bearing><gpxtpx:speed>29.43542</gpxtpx:speed></gpxtpx:TrackPointExtension></extensions><geoidheight>-28.3</geoidheight><src>gps</src><sat>15</sat><hdop>0.65</hdop><vdop>0.87</vdop><pdop>1.09</pdop><dgpsid>0000</dgpsid></trkpt>
<trkpt lat="32.004406" lon="-110.68597100000001"><ele>1051.7</ele><time>2025-12-12T00:33:26.000Z</time><extensions><gpxtpx:TrackPointExtension><gpxtpx:bearing>303.77</gpxtpx:bearing><gpxtpx:speed>29.116291</gpxtpx:speed></gpxtpx:TrackPointExtension></extensions><geoidheight>-28.3</geoidheight><src>gps</src><sat>15</sat><hdop>0.69</hdop><vdop>0.97</vdop><pdop>1.19</pdop><dgpsid>0000</dgpsid></trkpt>
<trkpt lat="32.006126333333334" lon="-110.6886365"><ele>1048.8</ele><time>2025-12-12T00:33:37.000Z</time><extensions><gpxtpx:TrackPointExtension><gpxtpx:bearing>308.38</gpxtpx:bearing><gpxtpx:speed>28.401857</gpxtpx:speed></gpxtpx:TrackPointExtension></extensions><geoidheight>-28.3</geoidheight><src>gps</src><sat>15</sat><hdop>0.69</hdop><vdop>0.97</vdop><pdop>1.19</pdop><dgpsid>0000</dgpsid></trkpt>
<trkpt lat="32.00785483333333" lon="-110.69124483333331"><ele>1046.3</ele><time>2025-12-12T00:33:48.000Z</time><extensions><gpxtpx:TrackPointExtension><gpxtpx:bearing>308.1</gpxtpx:bearing><gpxtpx:speed>28.876945</gpxtpx:speed></gpxtpx:TrackPointExtension></extensions><geoidheight>-28.3</geoidheight><src>gps</src><sat>15</sat><hdop>0.69</hdop><vdop>0.97</vdop><pdop>1.19</pdop><dgpsid>0000</dgpsid></trkpt>
<trkpt lat="32.00964616666667" lon="-110.69392466666667"><ele>1042.9</ele><time>2025-12-12T00:33:59.000Z</time><extensions><gpxtpx:TrackPointExtension><gpxtpx:bearing>307.63</gpxtpx:bearing><gpxtpx:speed>29.423067</gpxtpx:speed></gpxtpx:TrackPointExtension></extensions><geoidheight>-28.3</geoidheight><src>gps</src><sat>15</sat><hdop>0.69</hdop><vdop>0.97</vdop><pdop>1.19</pdop><dgpsid>0000</dgpsid></trkpt>
<trkpt lat="32.01144433333333" lon="-110.69660266666666"><ele>1036.7</ele><time>2025-12-12T00:34:10.000Z</time><extensions><gpxtpx:TrackPointExtension><gpxtpx:bearing>307.87</gpxtpx:bearing><gpxtpx:speed>29.345858</gpxtpx:speed></gpxtpx:TrackPointExtension></extensions><geoidheight>-28.3</geoidheight><src>gps</src><sat>15</sat><hdop>0.70</hdop><vdop>0.98</vdop><pdop>1.21</pdop><dgpsid>0000</dgpsid></trkpt>
<trkpt lat="32.01325116666667" lon="-110.69930649999999"><ele>1027.6</ele><time>2025-12-12T00:34:21.000Z</time><extensions><gpxtpx:TrackPointExtension><gpxtpx:bearing>308.38</gpxtpx:bearing><gpxtpx:speed>29.4802</gpxtpx:speed></gpxtpx:TrackPointExtension></extensions><geoidheight>-28.3</geoidheight><src>gps</src><sat>15</sat><hdop>0.69</hdop><vdop>0.97</vdop><pdop>1.19</pdop><dgpsid>0000</dgpsid></trkpt>
<trkpt lat="32.01510966666667" lon="-110.701996"><ele>1020.3</ele><time>2025-12-12T00:34:32.000Z</time><extensions><gpxtpx:TrackPointExtension><gpxtpx:bearing>310.26</gpxtpx:bearing><gpxtpx:speed>29.83536</gpxtpx:speed></gpxtpx:TrackPointExtension></extensions><geoidheight>-28.3</geoidheight><src>gps</src><sat>15</sat><hdop>0.69</hdop><vdop>0.97</vdop><pdop>1.19</pdop><dgpsid>0000</dgpsid></trkpt>
<trkpt lat="32.017033500000004" lon="-110.70466766666665"><ele>1015.9</ele><time>2025-12-12T00:34:43.000Z</time><extensions><gpxtpx:TrackPointExtension><gpxtpx:bearing>310.23</gpxtpx:bearing><gpxtpx:speed>30.629576</gpxtpx:speed></gpxtpx:TrackPointExtension></extensions><geoidheight>-28.3</geoidheight><src>gps</src><sat>15</sat><hdop>0.69</hdop><vdop>0.97</vdop><pdop>1.19</pdop><dgpsid>0000</dgpsid></trkpt>
<trkpt lat="32.018984333333336" lon="-110.7073755"><ele>1011.7</ele><time>2025-12-12T00:34:54.000Z</time><extensions><gpxtpx:TrackPointExtension><gpxtpx:bearing>310.0</gpxtpx:bearing><gpxtpx:speed>30.127722</gpxtpx:speed></gpxtpx:TrackPointExtension></extensions><geoidheight>-28.3</geoidheight><src>gps</src><sat>15</sat><hdop>0.69</hdop><vdop>0.97</vdop><pdop>1.19</pdop><dgpsid>0000</dgpsid></trkpt>
<trkpt lat="32.02091933333334" lon="-110.710048"><ele>1006.7</ele><time>2025-12-12T00:35:05.000Z</time><extensions><gpxtpx:TrackPointExtension><gpxtpx:bearing>310.21</gpxtpx:bearing><gpxtpx:speed>30.383024</gpxtpx:speed></gpxtpx:TrackPointExtension></extensions><geoidheight>-28.3</geoidheight><src>gps</src><sat>15</sat><hdop>0.69</hdop><vdop>0.97</vdop><pdop>1.19</pdop><dgpsid>0000</dgpsid></trkpt>
<trkpt lat="32.02288116666667" lon="-110.71276583333335"><ele>1000.6</ele><time>2025-12-12T00:35:16.000Z</time><extensions><gpxtpx:TrackPointExtension><gpxtpx:bearing>310.2</gpxtpx:bearing><gpxtpx:speed>30.876127</gpxtpx:speed></gpxtpx:TrackPointExtension></extensions><geoidheight>-28.3</geoidheight><src>gps</src><sat>15</sat><hdop>0.69</hdop><vdop>0.97</vdop><pdop>1.19</pdop><dgpsid>0000</dgpsid></trkpt>
<trkpt lat="32.02485916666667" lon="-110.71551766666668"><ele>997.2</ele><time>2025-12-12T00:35:27.000Z</time><extensions><gpxtpx:TrackPointExtension><gpxtpx:bearing>310.27</gpxtpx:bearing><gpxtpx:speed>30.98216</gpxtpx:speed></gpxtpx:TrackPointExtension></extensions><geoidheight>-28.3</geoidheight><src>gps</src><sat>15</sat><hdop>0.69</hdop><vdop>0.97</vdop><pdop>1.19</pdop><dgpsid>0000</dgpsid></trkpt>
<trkpt lat="32.02684" lon="-110.7182555"><ele>993.4</ele><time>2025-12-12T00:35:38.000Z</time><extensions><gpxtpx:TrackPointExtension><gpxtpx:bearing>310.05</gpxtpx:bearing><gpxtpx:speed>30.749506</gpxtpx:speed></gpxtpx:TrackPointExtension></extensions><geoidheight>-28.3</geoidheight><src>gps</src><sat>15</sat><hdop>0.69</hdop><vdop>0.97</vdop><pdop>1.19</pdop><dgpsid>0000</dgpsid></trkpt>
<trkpt lat="32.0288405" lon="-110.72098416666668"><ele>989.3</ele><time>2025-12-12T00:35:49.000Z</time><extensions><gpxtpx:TrackPointExtension><gpxtpx:bearing>310.21</gpxtpx:bearing><gpxtpx:speed>31.079443</gpxtpx:speed></gpxtpx:TrackPointExtension></extensions><geoidheight>-28.3</geoidheight><src>gps</src><sat>15</sat><hdop>0.72</hdop><vdop>1.08</vdop><pdop>1.30</pdop><dgpsid>0000</dgpsid></trkpt>
<trkpt lat="32.030818999999994" lon="-110.72372433333334"><ele>985.9</ele><time>2025-12-12T00:36:00.000Z</time><extensions><gpxtpx:TrackPointExtension><gpxtpx:bearing>310.32</gpxtpx:bearing><gpxtpx:speed>30.713474</gpxtpx:speed></gpxtpx:TrackPointExtension></extensions><geoidheight>-28.3</geoidheight><src>gps</src><sat>15</sat><hdop>0.69</hdop><vdop>0.97</vdop><pdop>1.19</pdop><dgpsid>0000</dgpsid></trkpt>
<trkpt lat="32.032781666666665" lon="-110.72646033333334"><ele>981.6</ele><time>2025-12-12T00:36:11.000Z</time><extensions><gpxtpx:TrackPointExtension><gpxtpx:bearing>310.22</gpxtpx:bearing><gpxtpx:speed>30.984219</gpxtpx:speed></gpxtpx:TrackPointExtension></extensions><geoidheight>-28.3</geoidheight><src>gps</src><sat>15</sat><hdop>0.69</hdop><vdop>0.97</vdop><pdop>1.19</pdop><dgpsid>0000</dgpsid></trkpt>
<trkpt lat="32.03476166666667" lon="-110.72921399999998"><ele>977.1</ele><time>2025-12-12T00:36:22.000Z</time><extensions><gpxtpx:TrackPointExtension><gpxtpx:bearing>310.07</gpxtpx:bearing><gpxtpx:speed>31.018705</gpxtpx:speed></gpxtpx:TrackPointExtension></extensions><geoidheight>-28.3</geoidheight><src>gps</src><sat>15</sat><hdop>0.69</hdop><vdop>0.97</vdop><pdop>1.19</pdop><dgpsid>0000</dgpsid></trkpt>
<trkpt lat="32.036705" lon="-110.7319085"><ele>972.8</ele><time>2025-12-12T00:36:33.000Z</time><extensions><gpxtpx:TrackPointExtension><gpxtpx:bearing>310.23</gpxtpx:bearing><gpxtpx:speed>28.899593</gpxtpx:speed></gpxtpx:TrackPointExtension></extensions><geoidheight>-28.3</geoidheight><src>gps</src><sat>14</sat><hdop>0.72</hdop><vdop>1.08</vdop><pdop>1.30</pdop><dgpsid>0000</dgpsid></trkpt>
<trkpt lat="32.038458500000004" lon="-110.73434316666665"><ele>969.8</ele><time>2025-12-12T00:36:44.000Z</time><extensions><gpxtpx:TrackPointExtension><gpxtpx:bearing>310.4</gpxtpx:bearing><gpxtpx:speed>27.355427</gpxtpx:speed></gpxtpx:TrackPointExtension></extensions><geoidheight>-28.3</geoidheight><src>gps</src><sat>14</sat><hdop>0.69</hdop><vdop>0.97</vdop><pdop>1.19</pdop><dgpsid>0000</dgpsid></trkpt>
<trkpt lat="32.04031333333333" lon="-110.73692000000001"><ele>966.3</ele><time>2025-12-12T00:36:55.000Z</time><extensions><gpxtpx:TrackPointExtension><gpxtpx:bearing>309.94</gpxtpx:bearing><gpxtpx:speed>29.788004</gpxtpx:speed></gpxtpx:TrackPointExtension></extensions><geoidheight>-28.3</geoidheight><src>gps</src><sat>15</sat><hdop>0.69</hdop><vdop>0.97</vdop><pdop>1.19</pdop><dgpsid>0000</dgpsid></trkpt>
<trkpt lat="32.042138333333334" lon="-110.739629"><ele>962.9</ele><time>2025-12-12T00:37:06.000Z</time><extensions><gpxtpx:TrackPointExtension><gpxtpx:bearing>306.33</gpxtpx:bearing><gpxtpx:speed>29.584175</gpxtpx:speed></gpxtpx:TrackPointExtension></extensions><geoidheight>-28.3</geoidheight><src>gps</src><sat>15</sat><hdop>0.69</hdop><vdop>0.97</vdop><pdop>1.19</pdop><dgpsid>0000</dgpsid></trkpt>
<trkpt lat="32.04375433333333" lon="-110.74251933333335"><ele>961.4</ele><time>2025-12-12T00:37:17.000Z</time><extensions><gpxtpx:TrackPointExtension><gpxtpx:bearing>300.37</gpxtpx:bearing><gpxtpx:speed>29.837933</gpxtpx:speed></gpxtpx:TrackPointExtension></extensions><geoidheight>-28.3</geoidheight><src>gps</src><sat>15</sat><hdop>0.69</hdop><vdop>0.97</vdop><pdop>1.19</pdop><dgpsid>0000</dgpsid></trkpt>
<trkpt lat="32.0451505" lon="-110.745616"><ele>959.2</ele><time>2025-12-12T00:37:28.000Z</time><extensions><gpxtpx:TrackPointExtension><gpxtpx:bearing>295.3</gpxtpx:bearing><gpxtpx:speed>30.448393</gpxtpx:speed></gpxtpx:TrackPointExtension></extensions><geoidheight>-28.3</geoidheight><src>gps</src><sat>14</sat><hdop>0.71</hdop><vdop>0.97</vdop><pdop>1.21</pdop><dgpsid>0000</dgpsid></trkpt>
<trkpt lat="32.04647883333334" lon="-110.74876066666666"><ele>958.9</ele><time>2025-12-12T00:37:39.000Z</time><extensions><gpxtpx:TrackPointExtension><gpxtpx:bearing>298.44</gpxtpx:bearing><gpxtpx:speed>30.318684</gpxtpx:speed></gpxtpx:TrackPointExtension></extensions><geoidheight>-28.3</geoidheight><src>gps</src><sat>15</sat><hdop>0.69</hdop><vdop>0.97</vdop><pdop>1.19</pdop><dgpsid>0000</dgpsid></trkpt>
<trkpt lat="32.048038" lon="-110.75177116666667"><ele>957.9</ele><time>2025-12-12T00:37:50.000Z</time><extensions><gpxtpx:TrackPointExtension><gpxtpx:bearing>303.72</gpxtpx:bearing><gpxtpx:speed>30.562662</gpxtpx:speed></gpxtpx:TrackPointExtension></extensions><geoidheight>-28.3</geoidheight><src>gps</src><sat>15</sat><hdop>0.69</hdop><vdop>0.97</vdop><pdop>1.19</pdop><dgpsid>0000</dgpsid></trkpt>
<trkpt lat="32.04981716666667" lon="-110.75466633333332"><ele>954.2</ele><time>2025-12-12T00:38:01.000Z</time><extensions><gpxtpx:TrackPointExtension><gpxtpx:bearing>306.56</gpxtpx:bearing><gpxtpx:speed>30.744873</gpxtpx:speed></gpxtpx:TrackPointExtension></extensions><geoidheight>-28.3</geoidheight><src>gps</src><sat>15</sat><hdop>0.69</hdop><vdop>0.97</vdop><pdop>1.19</pdop><dgpsid>0000</dgpsid></trkpt>
<trkpt lat="32.0516465" lon="-110.75757233333334"><ele>950.4</ele><time>2025-12-12T00:38:12.000Z</time><extensions><gpxtpx:TrackPointExtension><gpxtpx:bearing>306.55</gpxtpx:bearing><gpxtpx:speed>31.38313</gpxtpx:speed></gpxtpx:TrackPointExtension></extensions><geoidheight>-28.3</geoidheight><src>gps</src><sat>15</sat><hdop>0.69</hdop><vdop>0.97</vdop><pdop>1.19</pdop><dgpsid>0000</dgpsid></trkpt>
<trkpt lat="32.053490333333336" lon="-110.76051283333332"><ele>946.6</ele><time>2025-12-12T00:38:23.000Z</time><extensions><gpxtpx:TrackPointExtension><gpxtpx:bearing>306.44</gpxtpx:bearing><gpxtpx:speed>30.94304</gpxtpx:speed></gpxtpx:TrackPointExtension></extensions><geoidheight>-28.3</geoidheight><src>gps</src><sat>15</sat><hdop>0.69</hdop><vdop>0.97</vdop><pdop>1.19</pdop><dgpsid>0000</dgpsid></trkpt>
<trkpt lat="32.055301666666665" lon="-110.76340716666667"><ele>945.8</ele><time>2025-12-12T00:38:34.000Z</time><extensions><gpxtpx:TrackPointExtension><gpxtpx:bearing>306.46</gpxtpx:bearing><gpxtpx:speed>31.062456</gpxtpx:speed></gpxtpx:TrackPointExtension></extensions><geoidheight>-28.3</geoidheight><src>gps</src><sat>15</sat><hdop>0.74</hdop><vdop>0.98</vdop><pdop>1.23</pdop><dgpsid>0000</dgpsid></trkpt>
<trkpt lat="32.057137" lon="-110.76633016666668"><ele>943.0</ele><time>2025-12-12T00:38:45.000Z</time><extensions><gpxtpx:TrackPointExtension><gpxtpx:bearing>306.2</gpxtpx:bearing><gpxtpx:speed>31.25805</gpxtpx:speed></gpxtpx:TrackPointExtension></extensions><geoidheight>-28.3</geoidheight><src>gps</src><sat>16</sat><hdop>0.69</hdop><vdop>0.97</vdop><pdop>1.19</pdop><dgpsid>0000</dgpsid></trkpt>
<trkpt lat="32.059007666666666" lon="-110.76929533333332"><ele>935.8</ele><time>2025-12-12T00:38:56.000Z</time><extensions><gpxtpx:TrackPointExtension><gpxtpx:bearing>306.67</gpxtpx:bearing><gpxtpx:speed>31.973</gpxtpx:speed></gpxtpx:TrackPointExtension></extensions><geoidheight>-28.3</geoidheight><src>gps</src><sat>15</sat><hdop>0.69</hdop><vdop>0.97</vdop><pdop>1.19</pdop><dgpsid>0000</dgpsid></trkpt>
<trkpt lat="32.060866499999996" lon="-110.772254"><ele>931.6</ele><time>2025-12-12T00:39:07.000Z</time><extensions><gpxtpx:TrackPointExtension><gpxtpx:bearing>306.17</gpxtpx:bearing><gpxtpx:speed>31.338348</gpxtpx:speed></gpxtpx:TrackPointExtension></extensions><geoidheight>-28.3</geoidheight><src>gps</src><sat>15</sat><hdop>0.69</hdop><vdop>0.97</vdop><pdop>1.19</pdop><dgpsid>0000</dgpsid></trkpt>
<trkpt lat="32.062697166666666" lon="-110.77515733333333"><ele>928.8</ele><time>2025-12-12T00:39:18.000Z</time><extensions><gpxtpx:TrackPointExtension><gpxtpx:bearing>306.4</gpxtpx:bearing><gpxtpx:speed>30.630604</gpxtpx:speed></gpxtpx:TrackPointExtension></extensions><geoidheight>-28.3</geoidheight><src>gps</src><sat>14</sat><hdop>0.75</hdop><vdop>1.24</vdop><pdop>1.45</pdop><dgpsid>0000</dgpsid></trkpt>
<trkpt lat="32.06448066666667" lon="-110.77799633333333"><ele>926.8</ele><time>2025-12-12T00:39:29.000Z</time><extensions><gpxtpx:TrackPointExtension><gpxtpx:bearing>306.35</gpxtpx:bearing><gpxtpx:speed>30.201326</gpxtpx:speed></gpxtpx:TrackPointExtension></extensions><geoidheight>-28.3</geoidheight><src>gps</src><sat>15</sat><hdop>0.69</hdop><vdop>0.97</vdop><pdop>1.19</pdop><dgpsid>0000</dgpsid></trkpt>
<trkpt lat="32.06626516666667" lon="-110.78083866666665"><ele>922.4</ele><time>2025-12-12T00:39:40.000Z</time><extensions><gpxtpx:TrackPointExtension><gpxtpx:bearing>306.13</gpxtpx:bearing><gpxtpx:speed>30.443245</gpxtpx:speed></gpxtpx:TrackPointExtension></extensions><geoidheight>-28.3</geoidheight><src>gps</src><sat>14</sat><hdop>0.72</hdop><vdop>1.10</vdop><pdop>1.32</pdop><dgpsid>0000</dgpsid></trkpt>
<trkpt lat="32.06804833333333" lon="-110.78368733333333"><ele>918.8</ele><time>2025-12-12T00:39:51.000Z</time><extensions><gpxtpx:TrackPointExtension><gpxtpx:bearing>306.52</gpxtpx:bearing><gpxtpx:speed>30.182281</gpxtpx:speed></gpxtpx:TrackPointExtension></extensions><geoidheight>-28.3</geoidheight><src>gps</src><sat>16</sat><hdop>0.70</hdop><vdop>0.98</vdop><pdop>1.21</pdop><dgpsid>0000</dgpsid></trkpt>
<trkpt lat="32.06982283333333" lon="-110.78651433333334"><ele>916.0</ele><time>2025-12-12T00:40:02.000Z</time><extensions><gpxtpx:TrackPointExtension><gpxtpx:bearing>306.27</gpxtpx:bearing><gpxtpx:speed>30.147795</gpxtpx:speed></gpxtpx:TrackPointExtension></extensions><geoidheight>-28.3</geoidheight><src>gps</src><sat>16</sat><hdop>0.69</hdop><vdop>0.97</vdop><pdop>1.19</pdop><dgpsid>0000</dgpsid></trkpt>
<trkpt lat="32.07159183333333" lon="-110.78932783333333"><ele>913.6</ele><time>2025-12-12T00:40:13.000Z</time><extensions><gpxtpx:TrackPointExtension><gpxtpx:bearing>306.07</gpxtpx:bearing><gpxtpx:speed>30.245077</gpxtpx:speed></gpxtpx:TrackPointExtension></extensions><geoidheight>-28.3</geoidheight><src>gps</src><sat>16</sat><hdop>0.69</hdop><vdop>0.97</vdop><pdop>1.19</pdop><dgpsid>0000</dgpsid></trkpt>
<trkpt lat="32.073355666666664" lon="-110.79214333333333"><ele>910.8</ele><time>2025-12-12T00:40:24.000Z</time><extensions><gpxtpx:TrackPointExtension><gpxtpx:bearing>306.51</gpxtpx:bearing><gpxtpx:speed>29.421522</gpxtpx:speed></gpxtpx:TrackPointExtension></extensions><geoidheight>-28.3</geoidheight><src>gps</src><sat>15</sat><hdop>0.69</hdop><vdop>0.97</vdop><pdop>1.19</pdop><dgpsid>0000</dgpsid></trkpt>
<trkpt lat="32.07508966666667" lon="-110.79490616666665"><ele>908.0</ele><time>2025-12-12T00:40:35.000Z</time><extensions><gpxtpx:TrackPointExtension><gpxtpx:bearing>306.78</gpxtpx:bearing><gpxtpx:speed>29.633074</gpxtpx:speed></gpxtpx:TrackPointExtension></extensions><geoidheight>-28.3</geoidheight><src>gps</src><sat>15</sat><hdop>0.69</hdop><vdop>0.97</vdop><pdop>1.19</pdop><dgpsid>0000</dgpsid></trkpt>
<trkpt lat="32.076831" lon="-110.79766999999998"><ele>905.6</ele><time>2025-12-12T00:40:46.000Z</time><extensions><gpxtpx:TrackPointExtension><gpxtpx:bearing>306.48</gpxtpx:bearing><gpxtpx:speed>29.4627</gpxtpx:speed></gpxtpx:TrackPointExtension></extensions><geoidheight>-28.3</geoidheight><src>gps</src><sat>14</sat><hdop>0.69</hdop><vdop>0.97</vdop><pdop>1.19</pdop><dgpsid>0000</dgpsid></trkpt>
<trkpt lat="32.078563333333335" lon="-110.80042316666668"><ele>902.9</ele><time>2025-12-12T00:40:57.000Z</time><extensions><gpxtpx:TrackPointExtension><gpxtpx:bearing>306.52</gpxtpx:bearing><gpxtpx:speed>29.466818</gpxtpx:speed></gpxtpx:TrackPointExtension></extensions><geoidheight>-28.3</geoidheight><src>gps</src><sat>15</sat><hdop>0.71</hdop><vdop>0.97</vdop><pdop>1.21</pdop><dgpsid>0000</dgpsid></trkpt>
<trkpt lat="32.08029416666667" lon="-110.80318833333334"><ele>900.7</ele><time>2025-12-12T00:41:08.000Z</time><extensions><gpxtpx:TrackPointExtension><gpxtpx:bearing>306.28</gpxtpx:bearing><gpxtpx:speed>29.642338</gpxtpx:speed></gpxtpx:TrackPointExtension></extensions><geoidheight>-28.4</geoidheight><src>gps</src><sat>15</sat><hdop>0.70</hdop><vdop>0.98</vdop><pdop>1.21</pdop><dgpsid>0000</dgpsid></trkpt>
<trkpt lat="32.0820235" lon="-110.80593433333334"><ele>897.6</ele><time>2025-12-12T00:41:19.000Z</time><extensions><gpxtpx:TrackPointExtension><gpxtpx:bearing>306.76</gpxtpx:bearing><gpxtpx:speed>29.098791</gpxtpx:speed></gpxtpx:TrackPointExtension></extensions><geoidheight>-28.4</geoidheight><src>gps</src><sat>15</sat><hdop>0.71</hdop><vdop>0.97</vdop><pdop>1.21</pdop><dgpsid>0000</dgpsid></trkpt>
<trkpt lat="32.083765666666665" lon="-110.80870483333335"><ele>896.1</ele><time>2025-12-12T00:41:30.000Z</time><extensions><gpxtpx:TrackPointExtension><gpxtpx:bearing>306.35</gpxtpx:bearing><gpxtpx:speed>29.56513</gpxtpx:speed></gpxtpx:TrackPointExtension></extensions><geoidheight>-28.4</geoidheight><src>gps</src><sat>14</sat><hdop>0.74</hdop><vdop>1.22</vdop><pdop>1.43</pdop><dgpsid>0000</dgpsid></trkpt>
<trkpt lat="32.08549433333334" lon="-110.811461"><ele>892.6</ele><time>2025-12-12T00:41:41.000Z</time><extensions><gpxtpx:TrackPointExtension><gpxtpx:bearing>306.22</gpxtpx:bearing><gpxtpx:speed>29.440567</gpxtpx:speed></gpxtpx:TrackPointExtension></extensions><geoidheight>-28.4</geoidheight><src>gps</src><sat>15</sat><hdop>0.70</hdop><vdop>0.98</vdop><pdop>1.21</pdop><dgpsid>0000</dgpsid></trkpt>
<trkpt lat="32.087244166666665" lon="-110.81424450000002"><ele>887.2</ele><time>2025-12-12T00:41:52.000Z</time><extensions><gpxtpx:TrackPointExtension><gpxtpx:bearing>306.21</gpxtpx:bearing><gpxtpx:speed>30.164782</gpxtpx:speed></gpxtpx:TrackPointExtension></extensions><geoidheight>-28.4</geoidheight><src>gps</src><sat>15</sat><hdop>0.69</hdop><vdop>0.97</vdop><pdop>1.19</pdop><dgpsid>0000</dgpsid></trkpt>
<trkpt lat="32.0890515" lon="-110.81712549999999"><ele>882.9</ele><time>2025-12-12T00:42:03.000Z</time><extensions><gpxtpx:TrackPointExtension><gpxtpx:bearing>306.51</gpxtpx:bearing><gpxtpx:speed>30.876127</gpxtpx:speed></gpxtpx:TrackPointExtension></extensions><geoidheight>-28.4</geoidheight><src>gps</src><sat>15</sat><hdop>0.69</hdop><vdop>0.97</vdop><pdop>1.19</pdop><dgpsid>0000</dgpsid></trkpt>
<trkpt lat="32.09085833333334" lon="-110.81999449999999"><ele>881.1</ele><time>2025-12-12T00:42:14.000Z</time><extensions><gpxtpx:TrackPointExtension><gpxtpx:bearing>306.34</gpxtpx:bearing><gpxtpx:speed>30.24971</gpxtpx:speed></gpxtpx:TrackPointExtension></extensions><geoidheight>-28.4</geoidheight><src>gps</src><sat>14</sat><hdop>0.74</hdop><vdop>1.22</vdop><pdop>1.43</pdop><dgpsid>0000</dgpsid></trkpt>
<trkpt lat="32.092633666666664" lon="-110.82283583333334"><ele>879.7</ele><time>2025-12-12T00:42:25.000Z</time><extensions><gpxtpx:TrackPointExtension><gpxtpx:bearing>306.08</gpxtpx:bearing><gpxtpx:speed>30.290373</gpxtpx:speed></gpxtpx:TrackPointExtension></extensions><geoidheight>-28.4</geoidheight><src>gps</src><sat>15</sat><hdop>0.69</hdop><vdop>0.97</vdop><pdop>1.19</pdop><dgpsid>0000</dgpsid></trkpt>
<trkpt lat="32.094443999999996" lon="-110.82570949999999"><ele>877.0</ele><time>2025-12-12T00:42:36.000Z</time><extensions><gpxtpx:TrackPointExtension><gpxtpx:bearing>306.4</gpxtpx:bearing><gpxtpx:speed>30.901863</gpxtpx:speed></gpxtpx:TrackPointExtension></extensions><geoidheight>-28.4</geoidheight><src>gps</src><sat>16</sat><hdop>0.65</hdop><vdop>0.90</vdop><pdop>1.11</pdop><dgpsid>0000</dgpsid></trkpt>
<trkpt lat="32.0962485" lon="-110.82858183333335"><ele>872.5</ele><time>2025-12-12T00:42:47.000Z</time><extensions><gpxtpx:TrackPointExtension><gpxtpx:bearing>306.62</gpxtpx:bearing><gpxtpx:speed>30.097868</gpxtpx:speed></gpxtpx:TrackPointExtension></extensions><geoidheight>-28.4</geoidheight><src>gps</src><sat>17</sat><hdop>0.65</hdop><vdop>0.90</vdop><pdop>1.11</pdop><dgpsid>0000</dgpsid></trkpt>
<trkpt lat="32.0979935" lon="-110.83136583333335"><ele>869.7</ele><time>2025-12-12T00:42:58.000Z</time><extensions><gpxtpx:TrackPointExtension><gpxtpx:bearing>307.03</gpxtpx:bearing><gpxtpx:speed>29.708223</gpxtpx:speed></gpxtpx:TrackPointExtension></extensions><geoidheight>-28.4</geoidheight><src>gps</src><sat>17</sat><hdop>0.65</hdop><vdop>0.90</vdop><pdop>1.11</pdop><dgpsid>0000</dgpsid></trkpt>
<trkpt lat="32.09976116666667" lon="-110.83417283333334"><ele>867.0</ele><time>2025-12-12T00:43:09.000Z</time><extensions><gpxtpx:TrackPointExtension><gpxtpx:bearing>306.57</gpxtpx:bearing><gpxtpx:speed>30.181767</gpxtpx:speed></gpxtpx:TrackPointExtension></extensions><geoidheight>-28.4</geoidheight><src>gps</src><sat>16</sat><hdop>0.65</hdop><vdop>0.90</vdop><pdop>1.11</pdop><dgpsid>0000</dgpsid></trkpt>
<trkpt lat="32.101532166666665" lon="-110.8369995"><ele>864.9</ele><time>2025-12-12T00:43:20.000Z</time><extensions><gpxtpx:TrackPointExtension><gpxtpx:bearing>306.24</gpxtpx:bearing><gpxtpx:speed>29.728296</gpxtpx:speed></gpxtpx:TrackPointExtension></extensions><geoidheight>-28.4</geoidheight><src>gps</src><sat>16</sat><hdop>0.65</hdop><vdop>0.90</vdop><pdop>1.11</pdop><dgpsid>0000</dgpsid></trkpt>
<trkpt lat="32.103269999999995" lon="-110.83976183333334"><ele>861.9</ele><time>2025-12-12T00:43:31.000Z</time><extensions><gpxtpx:TrackPointExtension><gpxtpx:bearing>306.32</gpxtpx:bearing><gpxtpx:speed>29.586748</gpxtpx:speed></gpxtpx:TrackPointExtension></extensions><geoidheight>-28.4</geoidheight><src>gps</src><sat>16</sat><hdop>0.65</hdop><vdop>0.90</vdop><pdop>1.11</pdop><dgpsid>0000</dgpsid></trkpt>
<trkpt lat="32.1050155" lon="-110.84252683333334"><ele>858.6</ele><time>2025-12-12T00:43:42.000Z</time><extensions><gpxtpx:TrackPointExtension><gpxtpx:bearing>306.16</gpxtpx:bearing><gpxtpx:speed>29.406595</gpxtpx:speed></gpxtpx:TrackPointExtension></extensions><geoidheight>-28.4</geoidheight><src>gps</src><sat>15</sat><hdop>0.71</hdop><vdop>1.07</vdop><pdop>1.28</pdop><dgpsid>0000</dgpsid></trkpt>
<trkpt lat="32.106724166666666" lon="-110.84528316666668"><ele>854.8</ele><time>2025-12-12T00:43:53.000Z</time><extensions><gpxtpx:TrackPointExtension><gpxtpx:bearing>305.5</gpxtpx:bearing><gpxtpx:speed>29.02776</gpxtpx:speed></gpxtpx:TrackPointExtension></extensions><geoidheight>-28.4</geoidheight><src>gps</src><sat>16</sat><hdop>0.65</hdop><vdop>0.90</vdop><pdop>1.11</pdop><dgpsid>0000</dgpsid></trkpt>
<trkpt lat="32.10843966666666" lon="-110.84799399999999"><ele>852.2</ele><time>2025-12-12T00:44:04.000Z</time><extensions><gpxtpx:TrackPointExtension><gpxtpx:bearing>305.95</gpxtpx:bearing><gpxtpx:speed>29.189898</gpxtpx:speed></gpxtpx:TrackPointExtension></extensions><geoidheight>-28.4</geoidheight><src>gps</src><sat>15</sat><hdop>0.68</hdop><vdop>0.91</vdop><pdop>1.13</pdop><dgpsid>0000</dgpsid></trkpt>
<trkpt lat="32.11016866666667" lon="-110.85073283333334"><ele>849.4</ele><time>2025-12-12T00:44:15.000Z</time><extensions><gpxtpx:TrackPointExtension><gpxtpx:bearing>306.47</gpxtpx:bearing><gpxtpx:speed>29.635647</gpxtpx:speed></gpxtpx:TrackPointExtension></extensions><geoidheight>-28.4</geoidheight><src>gps</src><sat>16</sat><hdop>0.66</hdop><vdop>0.91</vdop><pdop>1.12</pdop><dgpsid>0000</dgpsid></trkpt>
<trkpt lat="32.11193183333333" lon="-110.853539"><ele>846.7</ele><time>2025-12-12T00:44:26.000Z</time><extensions><gpxtpx:TrackPointExtension><gpxtpx:bearing>306.31</gpxtpx:bearing><gpxtpx:speed>30.059263</gpxtpx:speed></gpxtpx:TrackPointExtension></extensions><geoidheight>-28.4</geoidheight><src>gps</src><sat>17</sat><hdop>0.66</hdop><vdop>0.91</vdop><pdop>1.12</pdop><dgpsid>0000</dgpsid></trkpt>
<trkpt lat="32.113685833333335" lon="-110.85633983333334"><ele>848.3</ele><time>2025-12-12T00:44:37.000Z</time><extensions><gpxtpx:TrackPointExtension><gpxtpx:bearing>306.49</gpxtpx:bearing><gpxtpx:speed>29.427185</gpxtpx:speed></gpxtpx:TrackPointExtension></extensions><geoidheight>-28.4</geoidheight><src>gps</src><sat>17</sat><hdop>0.66</hdop><vdop>0.91</vdop><pdop>1.12</pdop><dgpsid>0000</dgpsid></trkpt>
<trkpt lat="32.11537966666666" lon="-110.85904533333333"><ele>850.2</ele><time>2025-12-12T00:44:48.000Z</time><extensions><gpxtpx:TrackPointExtension><gpxtpx:bearing>306.45</gpxtpx:bearing><gpxtpx:speed>28.4173</gpxtpx:speed></gpxtpx:TrackPointExtension></extensions><geoidheight>-28.4</geoidheight><src>gps</src><sat>16</sat><hdop>0.66</hdop><vdop>0.91</vdop><pdop>1.12</pdop><dgpsid>0000</dgpsid></trkpt>
<trkpt lat="32.11707516666667" lon="-110.86174333333332"><ele>843.8</ele><time>2025-12-12T00:44:59.000Z</time><extensions><gpxtpx:TrackPointExtension><gpxtpx:bearing>306.41</gpxtpx:bearing><gpxtpx:speed>28.857388</gpxtpx:speed></gpxtpx:TrackPointExtension></extensions><geoidheight>-28.4</geoidheight><src>gps</src><sat>16</sat><hdop>0.66</hdop><vdop>0.91</vdop><pdop>1.12</pdop><dgpsid>0000</dgpsid></trkpt>
<trkpt lat="32.118755166666666" lon="-110.86441799999999"><ele>838.5</ele><time>2025-12-12T00:45:10.000Z</time><extensions><gpxtpx:TrackPointExtension><gpxtpx:bearing>306.53</gpxtpx:bearing><gpxtpx:speed>28.291706</gpxtpx:speed></gpxtpx:TrackPointExtension></extensions><geoidheight>-28.4</geoidheight><src>gps</src><sat>16</sat><hdop>0.68</hdop><vdop>0.91</vdop><pdop>1.13</pdop><dgpsid>0000</dgpsid></trkpt>
<trkpt lat="32.12041883333333" lon="-110.8670775"><ele>837.2</ele><time>2025-12-12T00:45:21.000Z</time><extensions><gpxtpx:TrackPointExtension><gpxtpx:bearing>306.35</gpxtpx:bearing><gpxtpx:speed>28.180012</gpxtpx:speed></gpxtpx:TrackPointExtension></extensions><geoidheight>-28.4</geoidheight><src>gps</src><sat>15</sat><hdop>0.68</hdop><vdop>0.91</vdop><pdop>1.13</pdop><dgpsid>0000</dgpsid></trkpt>
<trkpt lat="32.122077833333336" lon="-110.86972266666668"><ele>834.2</ele><time>2025-12-12T00:45:32.000Z</time><extensions><gpxtpx:TrackPointExtension><gpxtpx:bearing>306.28</gpxtpx:bearing><gpxtpx:speed>28.728706</gpxtpx:speed></gpxtpx:TrackPointExtension></extensions><geoidheight>-28.4</geoidheight><src>gps</src><sat>16</sat><hdop>0.68</hdop><vdop>0.95</vdop><pdop>1.16</pdop><dgpsid>0000</dgpsid></trkpt>
<trkpt lat="32.123786333333335" lon="-110.87244600000001"><ele>830.7</ele><time>2025-12-12T00:45:43.000Z</time><extensions><gpxtpx:TrackPointExtension><gpxtpx:bearing>305.93</gpxtpx:bearing><gpxtpx:speed>29.015406</gpxtpx:speed></gpxtpx:TrackPointExtension></extensions><geoidheight>-28.4</geoidheight><src>gps</src><sat>16</sat><hdop>0.68</hdop><vdop>0.95</vdop><pdop>1.16</pdop><dgpsid>0000</dgpsid></trkpt>
<trkpt lat="32.12548483333333" lon="-110.87515816666668"><ele>832.7</ele><time>2025-12-12T00:45:54.000Z</time><extensions><gpxtpx:TrackPointExtension><gpxtpx:bearing>306.14</gpxtpx:bearing><gpxtpx:speed>28.557304</gpxtpx:speed></gpxtpx:TrackPointExtension></extensions><geoidheight>-28.4</geoidheight><src>gps</src><sat>17</sat><hdop>0.66</hdop><vdop>0.91</vdop><pdop>1.12</pdop><dgpsid>0000</dgpsid></trkpt>
<trkpt lat="32.127154499999996" lon="-110.8778235"><ele>828.2</ele><time>2025-12-12T00:46:05.000Z</time><extensions><gpxtpx:TrackPointExtension><gpxtpx:bearing>306.15</gpxtpx:bearing><gpxtpx:speed>28.882093</gpxtpx:speed></gpxtpx:TrackPointExtension></extensions><geoidheight>-28.4</geoidheight><src>gps</src><sat>17</sat><hdop>0.66</hdop><vdop>0.91</vdop><pdop>1.12</pdop><dgpsid>0000</dgpsid></trkpt>
<trkpt lat="32.1288515" lon="-110.88053049999999"><ele>822.3</ele><time>2025-12-12T00:46:16.000Z</time><extensions><gpxtpx:TrackPointExtension><gpxtpx:bearing>306.29</gpxtpx:bearing><gpxtpx:speed>28.77709</gpxtpx:speed></gpxtpx:TrackPointExtension></extensions><geoidheight>-28.4</geoidheight><src>gps</src><sat>16</sat><hdop>0.66</hdop><vdop>0.91</vdop><pdop>1.12</pdop><dgpsid>0000</dgpsid></trkpt>
<trkpt lat="32.130543833333334" lon="-110.88322616666667"><ele>821.7</ele><time>2025-12-12T00:46:27.000Z</time><extensions><gpxtpx:TrackPointExtension><gpxtpx:bearing>306.76</gpxtpx:bearing><gpxtpx:speed>29.228502</gpxtpx:speed></gpxtpx:TrackPointExtension></extensions><geoidheight>-28.4</geoidheight><src>gps</src><sat>17</sat><hdop>0.66</hdop><vdop>0.91</vdop><pdop>1.12</pdop><dgpsid>0000</dgpsid></trkpt>
<trkpt lat="32.132379" lon="-110.88571699999999"><ele>823.1</ele><time>2025-12-12T00:46:38.000Z</time><extensions><gpxtpx:TrackPointExtension><gpxtpx:bearing>317.76</gpxtpx:bearing><gpxtpx:speed>27.686394</gpxtpx:speed></gpxtpx:TrackPointExtension></extensions><geoidheight>-28.4</geoidheight><src>gps</src><sat>15</sat><hdop>0.68</hdop><vdop>0.91</vdop><pdop>1.14</pdop><dgpsid>0000</dgpsid></trkpt>
<trkpt lat="32.134545" lon="-110.88748933333333"><ele>823.1</ele><time>2025-12-12T00:46:49.000Z</time><extensions><gpxtpx:TrackPointExtension><gpxtpx:bearing>331.65</gpxtpx:bearing><gpxtpx:speed>26.41606</gpxtpx:speed></gpxtpx:TrackPointExtension></extensions><geoidheight>-28.4</geoidheight><src>gps</src><sat>17</sat><hdop>0.61</hdop><vdop>0.83</vdop><pdop>1.03</pdop><dgpsid>0000</dgpsid></trkpt>
<trkpt lat="32.13694233333333" lon="-110.88875750000001"><ele>821.6</ele><time>2025-12-12T00:47:00.000Z</time><extensions><gpxtpx:TrackPointExtension><gpxtpx:bearing>336.37</gpxtpx:bearing><gpxtpx:speed>26.361498</gpxtpx:speed></gpxtpx:TrackPointExtension></extensions><geoidheight>-28.4</geoidheight><src>gps</src><sat>16</sat><hdop>0.65</hdop><vdop>0.84</vdop><pdop>1.07</pdop><dgpsid>0000</dgpsid></trkpt>
<trkpt lat="32.139067" lon="-110.88984433333331"><ele>820.9</ele><time>2025-12-12T00:47:11.000Z</time><extensions><gpxtpx:TrackPointExtension><gpxtpx:bearing>336.51</gpxtpx:bearing><gpxtpx:speed>19.032883</gpxtpx:speed></gpxtpx:TrackPointExtension></extensions><geoidheight>-28.4</geoidheight><src>gps</src><sat>16</sat><hdop>0.65</hdop><vdop>0.84</vdop><pdop>1.07</pdop><dgpsid>0000</dgpsid></trkpt>
<trkpt lat="32.140637999999996" lon="-110.890655"><ele>820.4</ele><time>2025-12-12T00:47:22.000Z</time><extensions><gpxtpx:TrackPointExtension><gpxtpx:bearing>336.3</gpxtpx:bearing><gpxtpx:speed>14.651568</gpxtpx:speed></gpxtpx:TrackPointExtension></extensions><geoidheight>-28.4</geoidheight><src>gps</src><sat>16</sat><hdop>0.65</hdop><vdop>0.84</vdop><pdop>1.07</pdop><dgpsid>0000</dgpsid></trkpt>
<trkpt lat="32.1417645" lon="-110.89122549999999"><ele>820.3</ele><time>2025-12-12T00:47:33.000Z</time><extensions><gpxtpx:TrackPointExtension><gpxtpx:bearing>336.56</gpxtpx:bearing><gpxtpx:speed>11.59875</gpxtpx:speed></gpxtpx:TrackPointExtension></extensions><geoidheight>-28.4</geoidheight><src>gps</src><sat>16</sat><hdop>0.65</hdop><vdop>0.84</vdop><pdop>1.07</pdop><dgpsid>0000</dgpsid></trkpt>
<trkpt lat="32.14292233333333" lon="-110.8918205"><ele>819.9</ele><time>2025-12-12T00:47:44.000Z</time><extensions><gpxtpx:TrackPointExtension><gpxtpx:bearing>336.8</gpxtpx:bearing><gpxtpx:speed>12.654961</gpxtpx:speed></gpxtpx:TrackPointExtension></extensions><geoidheight>-28.4</geoidheight><src>gps</src><sat>15</sat><hdop>0.65</hdop><vdop>0.84</vdop><pdop>1.07</pdop><dgpsid>0000</dgpsid></trkpt>
<trkpt lat="32.14424366666666" lon="-110.892501"><ele>819.7</ele><time>2025-12-12T00:47:55.000Z</time><extensions><gpxtpx:TrackPointExtension><gpxtpx:bearing>335.64</gpxtpx:bearing><gpxtpx:speed>16.032568</gpxtpx:speed></gpxtpx:TrackPointExtension></extensions><geoidheight>-28.4</geoidheight><src>gps</src><sat>16</sat><hdop>0.65</hdop><vdop>0.84</vdop><pdop>1.07</pdop><dgpsid>0000</dgpsid></trkpt>
<trkpt lat="32.14578316666667" lon="-110.89338133333334"><ele>819.5</ele><time>2025-12-12T00:48:06.000Z</time><extensions><gpxtpx:TrackPointExtension><gpxtpx:bearing>331.85</gpxtpx:bearing><gpxtpx:speed>18.91244</gpxtpx:speed></gpxtpx:TrackPointExtension></extensions><geoidheight>-28.4</geoidheight><src>gps</src><sat>17</sat><hdop>0.61</hdop><vdop>0.83</vdop><pdop>1.03</pdop><dgpsid>0000</dgpsid></trkpt>
<trkpt lat="32.1474225" lon="-110.8945325"><ele>818.2</ele><time>2025-12-12T00:48:17.000Z</time><extensions><gpxtpx:TrackPointExtension><gpxtpx:bearing>326.76</gpxtpx:bearing><gpxtpx:speed>19.551723</gpxtpx:speed></gpxtpx:TrackPointExtension></extensions><geoidheight>-28.4</geoidheight><src>gps</src><sat>16</sat><hdop>0.62</hdop><vdop>0.84</vdop><pdop>1.05</pdop><dgpsid>0000</dgpsid></trkpt>
<trkpt lat="32.14902716666666" lon="-110.89590833333332"><ele>813.9</ele><time>2025-12-12T00:48:28.000Z</time><extensions><gpxtpx:TrackPointExtension><gpxtpx:bearing>321.25</gpxtpx:bearing><gpxtpx:speed>20.72529</gpxtpx:speed></gpxtpx:TrackPointExtension></extensions><geoidheight>-28.4</geoidheight><src>gps</src><sat>17</sat><hdop>0.62</hdop><vdop>0.84</vdop><pdop>1.05</pdop><dgpsid>0000</dgpsid></trkpt>
<trkpt lat="32.150670500000004" lon="-110.89764716666666"><ele>810.2</ele><time>2025-12-12T00:48:39.000Z</time><extensions><gpxtpx:TrackPointExtension><gpxtpx:bearing>315.57</gpxtpx:bearing><gpxtpx:speed>22.520126</gpxtpx:speed></gpxtpx:TrackPointExtension></extensions><geoidheight>-28.4</geoidheight><src>gps</src><sat>17</sat><hdop>0.61</hdop><vdop>0.83</vdop><pdop>1.03</pdop><dgpsid>0000</dgpsid></trkpt>
<trkpt lat="32.152164166666665" lon="-110.89958416666666"><ele>805.9</ele><time>2025-12-12T00:48:50.000Z</time><extensions><gpxtpx:TrackPointExtension><gpxtpx:bearing>308.99</gpxtpx:bearing><gpxtpx:speed>22.039375</gpxtpx:speed></gpxtpx:TrackPointExtension></extensions><geoidheight>-28.4</geoidheight><src>gps</src><sat>17</sat><hdop>0.61</hdop><vdop>0.83</vdop><pdop>1.03</pdop><dgpsid>0000</dgpsid></trkpt>
<trkpt lat="32.1533965" lon="-110.90157566666667"><ele>803.3</ele><time>2025-12-12T00:49:01.000Z</time><extensions><gpxtpx:TrackPointExtension><gpxtpx:bearing>303.72</gpxtpx:bearing><gpxtpx:speed>20.223436</gpxtpx:speed></gpxtpx:TrackPointExtension></extensions><geoidheight>-28.4</geoidheight><src>gps</src><sat>17</sat><hdop>0.61</hdop><vdop>0.83</vdop><pdop>1.03</pdop><dgpsid>0000</dgpsid></trkpt>
<trkpt lat="32.154484499999995" lon="-110.90350766666667"><ele>802.0</ele><time>2025-12-12T00:49:12.000Z</time><extensions><gpxtpx:TrackPointExtension><gpxtpx:bearing>304.01</gpxtpx:bearing><gpxtpx:speed>18.521765</gpxtpx:speed></gpxtpx:TrackPointExtension></extensions><geoidheight>-28.4</geoidheight><src>gps</src><sat>17</sat><hdop>0.66</hdop><vdop>0.91</vdop><pdop>1.12</pdop><dgpsid>0000</dgpsid></trkpt>
<trkpt lat="32.155521666666665" lon="-110.90521583333333"><ele>800.9</ele><time>2025-12-12T00:49:23.000Z</time><extensions><gpxtpx:TrackPointExtension><gpxtpx:bearing>307.47</gpxtpx:bearing><gpxtpx:speed>18.481617</gpxtpx:speed></gpxtpx:TrackPointExtension></extensions><geoidheight>-28.4</geoidheight><src>gps</src><sat>16</sat><hdop>0.66</hdop><vdop>0.91</vdop><pdop>1.12</pdop><dgpsid>0000</dgpsid></trkpt>
<trkpt lat="32.156656500000004" lon="-110.90678950000002"><ele>798.0</ele><time>2025-12-12T00:49:34.000Z</time><extensions><gpxtpx:TrackPointExtension><gpxtpx:bearing>316.4</gpxtpx:bearing><gpxtpx:speed>17.61328</gpxtpx:speed></gpxtpx:TrackPointExtension></extensions><geoidheight>-28.4</geoidheight><src>gps</src><sat>16</sat><hdop>0.68</hdop><vdop>0.91</vdop><pdop>1.13</pdop><dgpsid>0000</dgpsid></trkpt>
<trkpt lat="32.15812883333333" lon="-110.90805266666666"><ele>793.9</ele><time>2025-12-12T00:49:45.000Z</time><extensions><gpxtpx:TrackPointExtension><gpxtpx:bearing>327.54</gpxtpx:bearing><gpxtpx:speed>19.064796</gpxtpx:speed></gpxtpx:TrackPointExtension></extensions><geoidheight>-28.4</geoidheight><src>gps</src><sat>14</sat><hdop>0.69</hdop><vdop>0.92</vdop><pdop>1.15</pdop><dgpsid>0000</dgpsid></trkpt>
<trkpt lat="32.159686" lon="-110.90898183333333"><ele>792.9</ele><time>2025-12-12T00:49:56.000Z</time><extensions><gpxtpx:TrackPointExtension><gpxtpx:bearing>348.11</gpxtpx:bearing><gpxtpx:speed>17.654457</gpxtpx:speed></gpxtpx:TrackPointExtension></extensions><geoidheight>-28.4</geoidheight><src>gps</src><sat>15</sat><hdop>0.67</hdop><vdop>0.86</vdop><pdop>1.09</pdop><dgpsid>0000</dgpsid></trkpt>
<trkpt lat="32.16129383333334" lon="-110.9090885"><ele>792.6</ele><time>2025-12-12T00:50:07.000Z</time><extensions><gpxtpx:TrackPointExtension><gpxtpx:bearing>359.29</gpxtpx:bearing><gpxtpx:speed>15.018565</gpxtpx:speed></gpxtpx:TrackPointExtension></extensions><geoidheight>-28.4</geoidheight><src>gps</src><sat>15</sat><hdop>0.66</hdop><vdop>0.86</vdop><pdop>1.09</pdop><dgpsid>0000</dgpsid></trkpt>
<trkpt lat="32.16251116666667" lon="-110.9090975"><ele>794.9</ele><time>2025-12-12T00:50:18.000Z</time><extensions><gpxtpx:TrackPointExtension><gpxtpx:bearing>1.24</gpxtpx:bearing><gpxtpx:speed>8.028123</gpxtpx:speed></gpxtpx:TrackPointExtension></extensions><geoidheight>-28.4</geoidheight><src>gps</src><sat>14</sat><hdop>0.66</hdop><vdop>0.92</vdop><pdop>1.14</pdop><dgpsid>0000</dgpsid></trkpt>
<trkpt lat="32.162712000000006" lon="-110.90909416666666"><ele>795.6</ele><time>2025-12-12T00:50:29.000Z</time><extensions><gpxtpx:TrackPointExtension><gpxtpx:speed>0.012868055</gpxtpx:speed></gpxtpx:TrackPointExtension></extensions><geoidheight>-28.4</geoidheight><src>gps</src><sat>16</sat><hdop>0.69</hdop><vdop>0.93</vdop><pdop>1.15</pdop><dgpsid>0000</dgpsid></trkpt>
<trkpt lat="32.16298233333334" lon="-110.90908816666666"><ele>796.8</ele><time>2025-12-12T00:50:40.000Z</time><extensions><gpxtpx:TrackPointExtension><gpxtpx:bearing>0.73</gpxtpx:bearing><gpxtpx:speed>7.11552</gpxtpx:speed></gpxtpx:TrackPointExtension></extensions><geoidheight>-28.4</geoidheight><src>gps</src><sat>17</sat><hdop>0.67</hdop><vdop>0.91</vdop><pdop>1.13</pdop><dgpsid>0000</dgpsid></trkpt>
<trkpt lat="32.16425316666667" lon="-110.90907583333335"><ele>796.0</ele><time>2025-12-12T00:50:51.000Z</time><extensions><gpxtpx:TrackPointExtension><gpxtpx:bearing>359.77</gpxtpx:bearing><gpxtpx:speed>16.418095</gpxtpx:speed></gpxtpx:TrackPointExtension></extensions><geoidheight>-28.4</geoidheight><src>gps</src><sat>16</sat><hdop>0.61</hdop><vdop>0.82</vdop><pdop>1.03</pdop><dgpsid>0000</dgpsid></trkpt>
<trkpt lat="32.16597633333333" lon="-110.90934416666666"><ele>794.3</ele><time>2025-12-12T00:51:02.000Z</time><extensions><gpxtpx:TrackPointExtension><gpxtpx:bearing>343.86</gpxtpx:bearing><gpxtpx:speed>18.919645</gpxtpx:speed></gpxtpx:TrackPointExtension></extensions><geoidheight>-28.4</geoidheight><src>gps</src><sat>15</sat><hdop>0.66</hdop><vdop>0.92</vdop><pdop>1.14</pdop><dgpsid>0000</dgpsid></trkpt>
<trkpt lat="32.16778416666667" lon="-110.91010266666666"><ele>792.4</ele><time>2025-12-12T00:51:13.000Z</time><extensions><gpxtpx:TrackPointExtension><gpxtpx:bearing>340.73</gpxtpx:bearing><gpxtpx:speed>19.424072</gpxtpx:speed></gpxtpx:TrackPointExtension></extensions><geoidheight>-28.4</geoidheight><src>gps</src><sat>16</sat><hdop>0.76</hdop><vdop>0.91</vdop><pdop>1.19</pdop><dgpsid>0000</dgpsid></trkpt>
<trkpt lat="32.169587666666665" lon="-110.91068833333333"><ele>793.1</ele><time>2025-12-12T00:51:24.000Z</time><extensions><gpxtpx:TrackPointExtension><gpxtpx:bearing>353.11</gpxtpx:bearing><gpxtpx:speed>18.565</gpxtpx:speed></gpxtpx:TrackPointExtension></extensions><geoidheight>-28.4</geoidheight><src>gps</src><sat>17</sat><hdop>0.67</hdop><vdop>0.94</vdop><pdop>1.15</pdop><dgpsid>0000</dgpsid></trkpt>
<trkpt lat="32.1713745" lon="-110.91072566666665"><ele>792.6</ele><time>2025-12-12T00:51:35.000Z</time><extensions><gpxtpx:TrackPointExtension><gpxtpx:bearing>359.64</gpxtpx:bearing><gpxtpx:speed>18.16712</gpxtpx:speed></gpxtpx:TrackPointExtension></extensions><geoidheight>-28.3</geoidheight><src>gps</src><sat>16</sat><hdop>0.68</hdop><vdop>0.91</vdop><pdop>1.14</pdop><dgpsid>0000</dgpsid></trkpt>
<trkpt lat="32.173151833333336" lon="-110.91071266666668"><ele>794.4</ele><time>2025-12-12T00:51:46.000Z</time><extensions><gpxtpx:TrackPointExtension><gpxtpx:bearing>0.65</gpxtpx:bearing><gpxtpx:speed>17.135103</gpxtpx:speed></gpxtpx:TrackPointExtension></extensions><geoidheight>-28.3</geoidheight><src>gps</src><sat>16</sat><hdop>0.68</hdop><vdop>0.91</vdop><pdop>1.14</pdop><dgpsid>0000</dgpsid></trkpt>
<trkpt lat="32.17452333333333" lon="-110.9106805"><ele>794.7</ele><time>2025-12-12T00:51:57.000Z</time><extensions><gpxtpx:TrackPointExtension><gpxtpx:bearing>2.81</gpxtpx:bearing><gpxtpx:speed>8.116654</gpxtpx:speed></gpxtpx:TrackPointExtension></extensions><geoidheight>-28.3</geoidheight><src>gps</src><sat>16</sat><hdop>0.76</hdop><vdop>0.94</vdop><pdop>1.21</pdop><dgpsid>0000</dgpsid></trkpt>
<trkpt lat="32.17477266666666" lon="-110.91065783333333"><ele>793.5</ele><time>2025-12-12T00:52:08.000Z</time><extensions><gpxtpx:TrackPointExtension><gpxtpx:speed>0.118900836</gpxtpx:speed></gpxtpx:TrackPointExtension></extensions><geoidheight>-28.3</geoidheight><src>gps</src><sat>17</sat><hdop>0.68</hdop><vdop>0.91</vdop><pdop>1.14</pdop><dgpsid>0000</dgpsid></trkpt>
<trkpt lat="32.17483166666667" lon="-110.910647"><ele>793.5</ele><time>2025-12-12T00:52:30.000Z</time><extensions><gpxtpx:TrackPointExtension><gpxtpx:bearing>6.29</gpxtpx:bearing><gpxtpx:speed>3.3781219</gpxtpx:speed></gpxtpx:TrackPointExtension></extensions><geoidheight>-28.3</geoidheight><src>gps</src><sat>16</sat><hdop>0.70</hdop><vdop>0.92</vdop><pdop>1.15</pdop><dgpsid>0000</dgpsid></trkpt>
<trkpt lat="32.175682333333334" lon="-110.91043916666668"><ele>793.6</ele><time>2025-12-12T00:52:41.000Z</time><extensions><gpxtpx:TrackPointExtension><gpxtpx:bearing>15.8</gpxtpx:bearing><gpxtpx:speed>12.667314</gpxtpx:speed></gpxtpx:TrackPointExtension></extensions><geoidheight>-28.3</geoidheight><src>gps</src><sat>17</sat><hdop>0.68</hdop><vdop>0.91</vdop><pdop>1.14</pdop><dgpsid>0000</dgpsid></trkpt>
<trkpt lat="32.17699733333333" lon="-110.90974266666666"><ele>793.3</ele><time>2025-12-12T00:52:52.000Z</time><extensions><gpxtpx:TrackPointExtension><gpxtpx:bearing>31.62</gpxtpx:bearing><gpxtpx:speed>15.96308</gpxtpx:speed></gpxtpx:TrackPointExtension></extensions><geoidheight>-28.3</geoidheight><src>gps</src><sat>17</sat><hdop>0.68</hdop><vdop>0.91</vdop><pdop>1.14</pdop><dgpsid>0000</dgpsid></trkpt>
<trkpt lat="32.17826616666667" lon="-110.90859383333333"><ele>796.0</ele><time>2025-12-12T00:53:03.000Z</time><extensions><gpxtpx:TrackPointExtension><gpxtpx:bearing>37.7</gpxtpx:bearing><gpxtpx:speed>16.441257</gpxtpx:speed></gpxtpx:TrackPointExtension></extensions><geoidheight>-28.3</geoidheight><src>gps</src><sat>16</sat><hdop>0.64</hdop><vdop>0.85</vdop><pdop>1.06</pdop><dgpsid>0000</dgpsid></trkpt>
<trkpt lat="32.17953" lon="-110.90748566666667"><ele>796.2</ele><time>2025-12-12T00:53:14.000Z</time><extensions><gpxtpx:TrackPointExtension><gpxtpx:bearing>35.54</gpxtpx:bearing><gpxtpx:speed>14.347882</gpxtpx:speed></gpxtpx:TrackPointExtension></extensions><geoidheight>-28.3</geoidheight><src>gps</src><sat>17</sat><hdop>0.67</hdop><vdop>0.85</vdop><pdop>1.08</pdop><dgpsid>0000</dgpsid></trkpt>
<trkpt lat="32.1806805" lon="-110.90665983333335"><ele>793.5</ele><time>2025-12-12T00:53:25.000Z</time><extensions><gpxtpx:TrackPointExtension><gpxtpx:bearing>22.05</gpxtpx:bearing><gpxtpx:speed>13.812057</gpxtpx:speed></gpxtpx:TrackPointExtension></extensions><geoidheight>-28.3</geoidheight><src>gps</src><sat>17</sat><hdop>0.67</hdop><vdop>0.85</vdop><pdop>1.08</pdop><dgpsid>0000</dgpsid></trkpt>
<trkpt lat="32.182094166666666" lon="-110.90641333333333"><ele>785.9</ele><time>2025-12-12T00:53:36.000Z</time><extensions><gpxtpx:TrackPointExtension><gpxtpx:bearing>356.61</gpxtpx:bearing><gpxtpx:speed>15.959992</gpxtpx:speed></gpxtpx:TrackPointExtension></extensions><geoidheight>-28.3</geoidheight><src>gps</src><sat>15</sat><hdop>0.76</hdop><vdop>0.94</vdop><pdop>1.21</pdop><dgpsid>0000</dgpsid></trkpt>
<trkpt lat="32.183437166666664" lon="-110.907235"><ele>782.0</ele><time>2025-12-12T00:53:47.000Z</time><extensions><gpxtpx:TrackPointExtension><gpxtpx:bearing>306.67</gpxtpx:bearing><gpxtpx:speed>16.29868</gpxtpx:speed></gpxtpx:TrackPointExtension></extensions><geoidheight>-28.3</geoidheight><src>gps</src><sat>17</sat><hdop>0.68</hdop><vdop>0.91</vdop><pdop>1.14</pdop><dgpsid>0000</dgpsid></trkpt>
<trkpt lat="32.184610166666666" lon="-110.90829416666665"><ele>781.0</ele><time>2025-12-12T00:53:58.000Z</time><extensions><gpxtpx:TrackPointExtension><gpxtpx:bearing>346.21</gpxtpx:bearing><gpxtpx:speed>15.862709</gpxtpx:speed></gpxtpx:TrackPointExtension></extensions><geoidheight>-28.3</geoidheight><src>gps</src><sat>15</sat><hdop>0.82</hdop><vdop>1.31</vdop><pdop>1.54</pdop><dgpsid>0000</dgpsid></trkpt>
<trkpt lat="32.186217000000006" lon="-110.90869233333333"><ele>780.8</ele><time>2025-12-12T00:54:09.000Z</time><extensions><gpxtpx:TrackPointExtension><gpxtpx:bearing>349.05</gpxtpx:bearing><gpxtpx:speed>16.606483</gpxtpx:speed></gpxtpx:TrackPointExtension></extensions><geoidheight>-28.3</geoidheight><src>gps</src><sat>16</sat><hdop>0.67</hdop><vdop>0.91</vdop><pdop>1.13</pdop><dgpsid>0000</dgpsid></trkpt>
<trkpt lat="32.187821" lon="-110.90902433333333"><ele>776.9</ele><time>2025-12-12T00:54:20.000Z</time><extensions><gpxtpx:TrackPointExtension><gpxtpx:bearing>353.44</gpxtpx:bearing><gpxtpx:speed>15.735573</gpxtpx:speed></gpxtpx:TrackPointExtension></extensions><geoidheight>-28.3</geoidheight><src>gps</src><sat>17</sat><hdop>0.68</hdop><vdop>0.92</vdop><pdop>1.14</pdop><dgpsid>0000</dgpsid></trkpt>
<trkpt lat="32.18913516666667" lon="-110.90913366666668"><ele>775.4</ele><time>2025-12-12T00:54:31.000Z</time><extensions><gpxtpx:TrackPointExtension><gpxtpx:bearing>353.78</gpxtpx:bearing><gpxtpx:speed>9.15382</gpxtpx:speed></gpxtpx:TrackPointExtension></extensions><geoidheight>-28.3</geoidheight><src>gps</src><sat>16</sat><hdop>0.68</hdop><vdop>0.92</vdop><pdop>1.14</pdop><dgpsid>0000</dgpsid></trkpt>
<trkpt lat="32.18942633333334" lon="-110.909159"><ele>774.1</ele><time>2025-12-12T00:54:42.000Z</time><extensions><gpxtpx:TrackPointExtension><gpxtpx:speed>0.0030883334</gpxtpx:speed></gpxtpx:TrackPointExtension></extensions><geoidheight>-28.3</geoidheight><src>gps</src><sat>16</sat><hdop>0.77</hdop><vdop>1.27</vdop><pdop>1.49</pdop><dgpsid>0000</dgpsid></trkpt>
<trkpt lat="32.19001866666667" lon="-110.90920133333333"><ele>775.6</ele><time>2025-12-12T00:55:04.000Z</time><extensions><gpxtpx:TrackPointExtension><gpxtpx:bearing>344.39</gpxtpx:bearing><gpxtpx:speed>8.363722</gpxtpx:speed></gpxtpx:TrackPointExtension></extensions><geoidheight>-28.3</geoidheight><src>gps</src><sat>15</sat><hdop>0.76</hdop><vdop>0.94</vdop><pdop>1.21</pdop><dgpsid>0000</dgpsid></trkpt>
<trkpt lat="32.1902945" lon="-110.91009916666665"><ele>774.1</ele><time>2025-12-12T00:55:15.000Z</time><extensions><gpxtpx:TrackPointExtension><gpxtpx:bearing>268.75</gpxtpx:bearing><gpxtpx:speed>11.96163</gpxtpx:speed></gpxtpx:TrackPointExtension></extensions><geoidheight>-28.3</geoidheight><src>gps</src><sat>16</sat><hdop>0.68</hdop><vdop>0.92</vdop><pdop>1.14</pdop><dgpsid>0000</dgpsid></trkpt>
<trkpt lat="32.1903035" lon="-110.91151666666669"><ele>774.2</ele><time>2025-12-12T00:55:26.000Z</time><extensions><gpxtpx:TrackPointExtension><gpxtpx:bearing>271.2</gpxtpx:bearing><gpxtpx:speed>12.529883</gpxtpx:speed></gpxtpx:TrackPointExtension></extensions><geoidheight>-28.3</geoidheight><src>gps</src><sat>15</sat><hdop>0.65</hdop><vdop>0.91</vdop><pdop>1.12</pdop><dgpsid>0000</dgpsid></trkpt>
<trkpt lat="32.19028133333334" lon="-110.91313683333334"><ele>774.9</ele><time>2025-12-12T00:55:37.000Z</time><extensions><gpxtpx:TrackPointExtension><gpxtpx:bearing>269.0</gpxtpx:bearing><gpxtpx:speed>15.740206</gpxtpx:speed></gpxtpx:TrackPointExtension></extensions><geoidheight>-28.3</geoidheight><src>gps</src><sat>16</sat><hdop>0.65</hdop><vdop>0.91</vdop><pdop>1.12</pdop><dgpsid>0000</dgpsid></trkpt>
<trkpt lat="32.19056883333334" lon="-110.91500333333333"><ele>774.4</ele><time>2025-12-12T00:55:48.000Z</time><extensions><gpxtpx:TrackPointExtension><gpxtpx:bearing>296.46</gpxtpx:bearing><gpxtpx:speed>17.310108</gpxtpx:speed></gpxtpx:TrackPointExtension></extensions><geoidheight>-28.3</geoidheight><src>gps</src><sat>14</sat><hdop>0.76</hdop><vdop>1.17</vdop><pdop>1.40</pdop><dgpsid>0000</dgpsid></trkpt>
<trkpt lat="32.191585499999995" lon="-110.91668216666667"><ele>773.7</ele><time>2025-12-12T00:55:59.000Z</time><extensions><gpxtpx:TrackPointExtension><gpxtpx:bearing>306.78</gpxtpx:bearing><gpxtpx:speed>18.591766</gpxtpx:speed></gpxtpx:TrackPointExtension></extensions><geoidheight>-28.3</geoidheight><src>gps</src><sat>12</sat><hdop>0.77</hdop><vdop>1.37</vdop><pdop>1.57</pdop><dgpsid>0000</dgpsid></trkpt>
<trkpt lat="32.192738" lon="-110.918524"><ele>771.9</ele><time>2025-12-12T00:56:10.000Z</time><extensions><gpxtpx:TrackPointExtension><gpxtpx:bearing>306.37</gpxtpx:bearing><gpxtpx:speed>19.863646</gpxtpx:speed></gpxtpx:TrackPointExtension></extensions><geoidheight>-28.3</geoidheight><src>gps</src><sat>15</sat><hdop>0.74</hdop><vdop>1.27</vdop><pdop>1.47</pdop><dgpsid>0000</dgpsid></trkpt>
<trkpt lat="32.19396466666667" lon="-110.920508"><ele>771.5</ele><time>2025-12-12T00:56:21.000Z</time><extensions><gpxtpx:TrackPointExtension><gpxtpx:bearing>305.59</gpxtpx:bearing><gpxtpx:speed>21.354795</gpxtpx:speed></gpxtpx:TrackPointExtension></extensions><geoidheight>-28.3</geoidheight><src>gps</src><sat>15</sat><hdop>0.74</hdop><vdop>1.27</vdop><pdop>1.47</pdop><dgpsid>0000</dgpsid></trkpt>
<trkpt lat="32.19517066666666" lon="-110.92248166666668"><ele>769.7</ele><time>2025-12-12T00:56:32.000Z</time><extensions><gpxtpx:TrackPointExtension><gpxtpx:bearing>305.48</gpxtpx:bearing><gpxtpx:speed>20.933752</gpxtpx:speed></gpxtpx:TrackPointExtension></extensions><geoidheight>-28.3</geoidheight><src>gps</src><sat>16</sat><hdop>0.78</hdop><vdop>1.31</vdop><pdop>1.52</pdop><dgpsid>0000</dgpsid></trkpt>
<trkpt lat="32.1963565" lon="-110.92442166666666"><ele>767.7</ele><time>2025-12-12T00:56:43.000Z</time><extensions><gpxtpx:TrackPointExtension><gpxtpx:bearing>305.73</gpxtpx:bearing><gpxtpx:speed>19.707684</gpxtpx:speed></gpxtpx:TrackPointExtension></extensions><geoidheight>-28.3</geoidheight><src>gps</src><sat>15</sat><hdop>0.72</hdop><vdop>1.02</vdop><pdop>1.25</pdop><dgpsid>0000</dgpsid></trkpt>
<trkpt lat="32.197410500000004" lon="-110.92607316666665"><ele>765.7</ele><time>2025-12-12T00:56:54.000Z</time><extensions><gpxtpx:TrackPointExtension><gpxtpx:bearing>308.63</gpxtpx:bearing><gpxtpx:speed>15.040183</gpxtpx:speed></gpxtpx:TrackPointExtension></extensions><geoidheight>-28.3</geoidheight><src>gps</src><sat>14</sat><hdop>0.74</hdop><vdop>1.05</vdop><pdop>1.29</pdop><dgpsid>0000</dgpsid></trkpt>
<trkpt lat="32.197979833333335" lon="-110.92693233333333"><ele>763.8</ele><time>2025-12-12T00:57:05.000Z</time><extensions><gpxtpx:TrackPointExtension><gpxtpx:bearing>310.56</gpxtpx:bearing><gpxtpx:speed>4.291754</gpxtpx:speed></gpxtpx:TrackPointExtension></extensions><geoidheight>-28.3</geoidheight><src>gps</src><sat>13</sat><hdop>0.81</hdop><vdop>1.41</vdop><pdop>1.62</pdop><dgpsid>0000</dgpsid></trkpt>
<trkpt lat="32.19855833333334" lon="-110.9267345"><ele>763.4</ele><time>2025-12-12T00:57:16.000Z</time><extensions><gpxtpx:TrackPointExtension><gpxtpx:bearing>20.73</gpxtpx:bearing><gpxtpx:speed>9.849725</gpxtpx:speed></gpxtpx:TrackPointExtension></extensions><geoidheight>-28.3</geoidheight><src>gps</src><sat>15</sat><hdop>0.75</hdop><vdop>1.09</vdop><pdop>1.32</pdop><dgpsid>0000</dgpsid></trkpt>
<trkpt lat="32.1996235" lon="-110.92664199999999"><ele>763.5</ele><time>2025-12-12T00:57:27.000Z</time><extensions><gpxtpx:TrackPointExtension><gpxtpx:bearing>356.12</gpxtpx:bearing><gpxtpx:speed>11.950306</gpxtpx:speed></gpxtpx:TrackPointExtension></extensions><geoidheight>-28.3</geoidheight><src>gps</src><sat>14</sat><hdop>0.87</hdop><vdop>1.19</vdop><pdop>1.47</pdop><dgpsid>0000</dgpsid></trkpt>
<trkpt lat="32.20082783333333" lon="-110.92665800000002"><ele>762.5</ele><time>2025-12-12T00:57:38.000Z</time><extensions><gpxtpx:TrackPointExtension><gpxtpx:bearing>359.91</gpxtpx:bearing><gpxtpx:speed>12.324509</gpxtpx:speed></gpxtpx:TrackPointExtension></extensions><geoidheight>-28.3</geoidheight><src>gps</src><sat>14</sat><hdop>0.87</hdop><vdop>1.19</vdop><pdop>1.47</pdop><dgpsid>0000</dgpsid></trkpt>
<trkpt lat="32.20206033333333" lon="-110.92665866666667"><ele>760.1</ele><time>2025-12-12T00:57:49.000Z</time><extensions><gpxtpx:TrackPointExtension><gpxtpx:bearing>0.57</gpxtpx:bearing><gpxtpx:speed>12.796509</gpxtpx:speed></gpxtpx:TrackPointExtension></extensions><geoidheight>-28.3</geoidheight><src>gps</src><sat>14</sat><hdop>0.87</hdop><vdop>1.19</vdop><pdop>1.48</pdop><dgpsid>0000</dgpsid></trkpt>
<trkpt lat="32.2033745" lon="-110.9266595"><ele>758.1</ele><time>2025-12-12T00:58:00.000Z</time><extensions><gpxtpx:TrackPointExtension><gpxtpx:bearing>0.15</gpxtpx:bearing><gpxtpx:speed>13.313805</gpxtpx:speed></gpxtpx:TrackPointExtension></extensions><geoidheight>-28.3</geoidheight><src>gps</src><sat>15</sat><hdop>0.77</hdop><vdop>1.10</vdop><pdop>1.34</pdop><dgpsid>0000</dgpsid></trkpt>
<trkpt lat="32.20468566666667" lon="-110.92666433333333"><ele>756.5</ele><time>2025-12-12T00:58:11.000Z</time><extensions><gpxtpx:TrackPointExtension><gpxtpx:bearing>359.11</gpxtpx:bearing><gpxtpx:speed>12.912836</gpxtpx:speed></gpxtpx:TrackPointExtension></extensions><geoidheight>-28.3</geoidheight><src>gps</src><sat>15</sat><hdop>0.75</hdop><vdop>1.10</vdop><pdop>1.33</pdop><dgpsid>0000</dgpsid></trkpt>
<trkpt lat="32.205924833333334" lon="-110.92666249999999"><ele>755.0</ele><time>2025-12-12T00:58:22.000Z</time><extensions><gpxtpx:TrackPointExtension><gpxtpx:bearing>359.59</gpxtpx:bearing><gpxtpx:speed>11.124177</gpxtpx:speed></gpxtpx:TrackPointExtension></extensions><geoidheight>-28.3</geoidheight><src>gps</src><sat>15</sat><hdop>0.77</hdop><vdop>1.10</vdop><pdop>1.35</pdop><dgpsid>0000</dgpsid></trkpt>
<trkpt lat="32.20665983333333" lon="-110.92661966666668"><ele>754.3</ele><time>2025-12-12T00:58:33.000Z</time><extensions><gpxtpx:TrackPointExtension><gpxtpx:bearing>5.09</gpxtpx:bearing><gpxtpx:speed>3.1845863</gpxtpx:speed></gpxtpx:TrackPointExtension></extensions><geoidheight>-28.3</geoidheight><src>gps</src><sat>15</sat><hdop>0.75</hdop><vdop>1.10</vdop><pdop>1.33</pdop><dgpsid>0000</dgpsid></trkpt>
<trkpt lat="32.2067085" lon="-110.92661716666667"><ele>755.4</ele><time>2025-12-12T00:58:44.000Z</time><extensions><gpxtpx:TrackPointExtension><gpxtpx:speed>0.07823778</gpxtpx:speed></gpxtpx:TrackPointExtension></extensions><geoidheight>-28.3</geoidheight><src>gps</src><sat>15</sat><hdop>0.75</hdop><vdop>1.10</vdop><pdop>1.33</pdop><dgpsid>0000</dgpsid></trkpt>
<trkpt lat="32.20677283333334" lon="-110.92660499999998"><ele>759.8</ele><time>2025-12-12T00:59:17.000Z</time><extensions><gpxtpx:TrackPointExtension><gpxtpx:bearing>6.35</gpxtpx:bearing><gpxtpx:speed>3.6679106</gpxtpx:speed></gpxtpx:TrackPointExtension></extensions><geoidheight>-28.3</geoidheight><src>gps</src><sat>15</sat><hdop>0.75</hdop><vdop>1.10</vdop><pdop>1.33</pdop><dgpsid>0000</dgpsid></trkpt>
<trkpt lat="32.20776383333334" lon="-110.92654499999999"><ele>758.4</ele><time>2025-12-12T00:59:28.000Z</time><extensions><gpxtpx:TrackPointExtension><gpxtpx:bearing>359.55</gpxtpx:bearing><gpxtpx:speed>13.431676</gpxtpx:speed></gpxtpx:TrackPointExtension></extensions><geoidheight>-28.3</geoidheight><src>gps</src><sat>15</sat><hdop>0.75</hdop><vdop>1.10</vdop><pdop>1.33</pdop><dgpsid>0000</dgpsid></trkpt>
<trkpt lat="32.20913216666667" lon="-110.92655416666666"><ele>757.3</ele><time>2025-12-12T00:59:39.000Z</time><extensions><gpxtpx:TrackPointExtension><gpxtpx:bearing>359.94</gpxtpx:bearing><gpxtpx:speed>14.332955</gpxtpx:speed></gpxtpx:TrackPointExtension></extensions><geoidheight>-28.3</geoidheight><src>gps</src><sat>15</sat><hdop>0.75</hdop><vdop>1.10</vdop><pdop>1.33</pdop><dgpsid>0000</dgpsid></trkpt>
<trkpt lat="32.21054083333333" lon="-110.92654983333333"><ele>756.3</ele><time>2025-12-12T00:59:50.000Z</time><extensions><gpxtpx:TrackPointExtension><gpxtpx:bearing>0.43</gpxtpx:bearing><gpxtpx:speed>14.500239</gpxtpx:speed></gpxtpx:TrackPointExtension></extensions><geoidheight>-28.3</geoidheight><src>gps</src><sat>15</sat><hdop>0.88</hdop><vdop>1.20</vdop><pdop>1.48</pdop><dgpsid>0000</dgpsid></trkpt>
<trkpt lat="32.2119675" lon="-110.926548"><ele>755.2</ele><time>2025-12-12T01:00:01.000Z</time><extensions><gpxtpx:TrackPointExtension><gpxtpx:bearing>359.72</gpxtpx:bearing><gpxtpx:speed>14.550682</gpxtpx:speed></gpxtpx:TrackPointExtension></extensions><geoidheight>-28.3</geoidheight><src>gps</src><sat>15</sat><hdop>0.88</hdop><vdop>1.20</vdop><pdop>1.48</pdop><dgpsid>0000</dgpsid></trkpt>
<trkpt lat="32.213386" lon="-110.92658816666666"><ele>755.7</ele><time>2025-12-12T01:00:12.000Z</time><extensions><gpxtpx:TrackPointExtension><gpxtpx:bearing>0.24</gpxtpx:bearing><gpxtpx:speed>13.933016</gpxtpx:speed></gpxtpx:TrackPointExtension></extensions><geoidheight>-28.3</geoidheight><src>gps</src><sat>15</sat><hdop>0.78</hdop><vdop>1.11</vdop><pdop>1.35</pdop><dgpsid>0000</dgpsid></trkpt>
<trkpt lat="32.214788500000004" lon="-110.9265755"><ele>755.1</ele><time>2025-12-12T01:00:23.000Z</time><extensions><gpxtpx:TrackPointExtension><gpxtpx:bearing>0.44</gpxtpx:bearing><gpxtpx:speed>13.731245</gpxtpx:speed></gpxtpx:TrackPointExtension></extensions><geoidheight>-28.3</geoidheight><src>gps</src><sat>15</sat><hdop>0.72</hdop><vdop>1.11</vdop><pdop>1.32</pdop><dgpsid>0000</dgpsid></trkpt>
<trkpt lat="32.21607066666666" lon="-110.92657566666666"><ele>753.1</ele><time>2025-12-12T01:00:34.000Z</time><extensions><gpxtpx:TrackPointExtension><gpxtpx:bearing>359.73</gpxtpx:bearing><gpxtpx:speed>13.12902</gpxtpx:speed></gpxtpx:TrackPointExtension></extensions><geoidheight>-28.3</geoidheight><src>gps</src><sat>15</sat><hdop>0.75</hdop><vdop>1.11</vdop><pdop>1.34</pdop><dgpsid>0000</dgpsid></trkpt>
<trkpt lat="32.21738416666667" lon="-110.9265805"><ele>753.2</ele><time>2025-12-12T01:00:45.000Z</time><extensions><gpxtpx:TrackPointExtension><gpxtpx:bearing>359.78</gpxtpx:bearing><gpxtpx:speed>14.073535</gpxtpx:speed></gpxtpx:TrackPointExtension></extensions><geoidheight>-28.3</geoidheight><src>gps</src><sat>15</sat><hdop>0.75</hdop><vdop>1.11</vdop><pdop>1.34</pdop><dgpsid>0000</dgpsid></trkpt>
<trkpt lat="32.21878133333333" lon="-110.92658316666666"><ele>754.5</ele><time>2025-12-12T01:00:56.000Z</time><extensions><gpxtpx:TrackPointExtension><gpxtpx:bearing>359.83</gpxtpx:bearing><gpxtpx:speed>14.104933</gpxtpx:speed></gpxtpx:TrackPointExtension></extensions><geoidheight>-28.3</geoidheight><src>gps</src><sat>15</sat><hdop>0.75</hdop><vdop>1.11</vdop><pdop>1.34</pdop><dgpsid>0000</dgpsid></trkpt>
<trkpt lat="32.22013883333333" lon="-110.92657400000002"><ele>755.0</ele><time>2025-12-12T01:01:07.000Z</time><extensions><gpxtpx:TrackPointExtension><gpxtpx:bearing>3.96</gpxtpx:bearing><gpxtpx:speed>12.417674</gpxtpx:speed></gpxtpx:TrackPointExtension></extensions><geoidheight>-28.3</geoidheight><src>gps</src><sat>15</sat><hdop>0.75</hdop><vdop>1.11</vdop><pdop>1.34</pdop><dgpsid>0000</dgpsid></trkpt>
<trkpt lat="32.22101816666667" lon="-110.92653550000001"><ele>754.6</ele><time>2025-12-12T01:01:18.000Z</time><extensions><gpxtpx:TrackPointExtension><gpxtpx:bearing>359.08</gpxtpx:bearing><gpxtpx:speed>3.9607875</gpxtpx:speed></gpxtpx:TrackPointExtension></extensions><geoidheight>-28.3</geoidheight><src>gps</src><sat>15</sat><hdop>0.75</hdop><vdop>1.11</vdop><pdop>1.34</pdop><dgpsid>0000</dgpsid></trkpt>
<trkpt lat="32.221169833333335" lon="-110.92654216666666"><ele>753.8</ele><time>2025-12-12T01:01:29.000Z</time><extensions><gpxtpx:TrackPointExtension><gpxtpx:speed>0.030883333</gpxtpx:speed></gpxtpx:TrackPointExtension></extensions><geoidheight>-28.3</geoidheight><src>gps</src><sat>15</sat><hdop>0.88</hdop><vdop>1.20</vdop><pdop>1.49</pdop><dgpsid>0000</dgpsid></trkpt>
<trkpt lat="32.22132916666667" lon="-110.9265435"><ele>758.1</ele><time>2025-12-12T01:01:51.000Z</time><extensions><gpxtpx:TrackPointExtension><gpxtpx:bearing>1.12</gpxtpx:bearing><gpxtpx:speed>5.5744414</gpxtpx:speed></gpxtpx:TrackPointExtension></extensions><geoidheight>-28.3</geoidheight><src>gps</src><sat>15</sat><hdop>0.72</hdop><vdop>1.11</vdop><pdop>1.32</pdop><dgpsid>0000</dgpsid></trkpt>
<trkpt lat="32.222282" lon="-110.92656800000002"><ele>757.9</ele><time>2025-12-12T01:02:02.000Z</time><extensions><gpxtpx:TrackPointExtension><gpxtpx:bearing>355.67</gpxtpx:bearing><gpxtpx:speed>10.598645</gpxtpx:speed></gpxtpx:TrackPointExtension></extensions><geoidheight>-28.3</geoidheight><src>gps</src><sat>15</sat><hdop>0.72</hdop><vdop>1.11</vdop><pdop>1.33</pdop><dgpsid>0000</dgpsid></trkpt>
<trkpt lat="32.22340283333333" lon="-110.92663566666667"><ele>757.0</ele><time>2025-12-12T01:02:13.000Z</time><extensions><gpxtpx:TrackPointExtension><gpxtpx:bearing>359.34</gpxtpx:bearing><gpxtpx:speed>13.483664</gpxtpx:speed></gpxtpx:TrackPointExtension></extensions><geoidheight>-28.3</geoidheight><src>gps</src><sat>15</sat><hdop>0.72</hdop><vdop>1.11</vdop><pdop>1.33</pdop><dgpsid>0000</dgpsid></trkpt>
<trkpt lat="32.22448116666667" lon="-110.92664666666666"><ele>757.8</ele><time>2025-12-12T01:02:24.000Z</time><extensions><gpxtpx:TrackPointExtension><gpxtpx:bearing>359.51</gpxtpx:bearing><gpxtpx:speed>6.851982</gpxtpx:speed></gpxtpx:TrackPointExtension></extensions><geoidheight>-28.3</geoidheight><src>gps</src><sat>15</sat><hdop>0.75</hdop><vdop>1.11</vdop><pdop>1.34</pdop><dgpsid>0000</dgpsid></trkpt>
<trkpt lat="32.22508716666667" lon="-110.92667250000001"><ele>758.5</ele><time>2025-12-12T01:02:35.000Z</time><extensions><gpxtpx:TrackPointExtension><gpxtpx:bearing>355.51</gpxtpx:bearing><gpxtpx:speed>4.77199</gpxtpx:speed></gpxtpx:TrackPointExtension></extensions><geoidheight>-28.3</geoidheight><src>gps</src><sat>15</sat><hdop>0.72</hdop><vdop>1.11</vdop><pdop>1.33</pdop><dgpsid>0000</dgpsid></trkpt>
<trkpt lat="32.225474500000004" lon="-110.92668933333334"><ele>757.2</ele><time>2025-12-12T01:02:46.000Z</time><extensions><gpxtpx:TrackPointExtension><gpxtpx:bearing>358.93</gpxtpx:bearing><gpxtpx:speed>3.4625363</gpxtpx:speed></gpxtpx:TrackPointExtension></extensions><geoidheight>-28.3</geoidheight><src>gps</src><sat>14</sat><hdop>0.77</hdop><vdop>1.28</vdop><pdop>1.49</pdop><dgpsid>0000</dgpsid></trkpt>
<trkpt lat="32.225805" lon="-110.92667966666667"><ele>750.3</ele><time>2025-12-12T01:02:57.000Z</time><extensions><gpxtpx:TrackPointExtension><gpxtpx:bearing>2.57</gpxtpx:bearing><gpxtpx:speed>1.9250611</gpxtpx:speed></gpxtpx:TrackPointExtension></extensions><geoidheight>-28.3</geoidheight><src>gps</src><sat>14</sat><hdop>0.77</hdop><vdop>1.28</vdop><pdop>1.49</pdop><dgpsid>0000</dgpsid></trkpt>
<trkpt lat="32.22588316666667" lon="-110.92668683333335"><ele>754.6</ele><time>2025-12-12T01:03:19.000Z</time><extensions><gpxtpx:TrackPointExtension><gpxtpx:speed>0.052501667</gpxtpx:speed></gpxtpx:TrackPointExtension></extensions><geoidheight>-28.3</geoidheight><src>gps</src><sat>14</sat><hdop>0.77</hdop><vdop>1.28</vdop><pdop>1.50</pdop><dgpsid>0000</dgpsid></trkpt>
<trkpt lat="32.226108833333335" lon="-110.92668833333333"><ele>757.2</ele><time>2025-12-12T01:03:30.000Z</time><extensions><gpxtpx:TrackPointExtension><gpxtpx:bearing>0.26</gpxtpx:bearing><gpxtpx:speed>4.9783936</gpxtpx:speed></gpxtpx:TrackPointExtension></extensions><geoidheight>-28.3</geoidheight><src>gps</src><sat>14</sat><hdop>0.77</hdop><vdop>1.28</vdop><pdop>1.50</pdop><dgpsid>0000</dgpsid></trkpt>
<trkpt lat="32.226722333333335" lon="-110.92669733333332"><ele>757.6</ele><time>2025-12-12T01:03:41.000Z</time><extensions><gpxtpx:TrackPointExtension><gpxtpx:bearing>359.9</gpxtpx:bearing><gpxtpx:speed>6.0150437</gpxtpx:speed></gpxtpx:TrackPointExtension></extensions><geoidheight>-28.3</geoidheight><src>gps</src><sat>14</sat><hdop>0.77</hdop><vdop>1.28</vdop><pdop>1.50</pdop><dgpsid>0000</dgpsid></trkpt>
<trkpt lat="32.22726816666667" lon="-110.92670150000001"><ele>755.1</ele><time>2025-12-12T01:03:52.000Z</time><extensions><gpxtpx:TrackPointExtension><gpxtpx:bearing>0.08</gpxtpx:bearing><gpxtpx:speed>4.5552917</gpxtpx:speed></gpxtpx:TrackPointExtension></extensions><geoidheight>-28.3</geoidheight><src>gps</src><sat>14</sat><hdop>0.77</hdop><vdop>1.28</vdop><pdop>1.50</pdop><dgpsid>0000</dgpsid></trkpt>
<trkpt lat="32.22752083333333" lon="-110.92670333333332"><ele>753.1</ele><time>2025-12-12T01:04:03.000Z</time><extensions><gpxtpx:TrackPointExtension><gpxtpx:speed>0.117356665</gpxtpx:speed></gpxtpx:TrackPointExtension></extensions><geoidheight>-28.3</geoidheight><src>gps</src><sat>14</sat><hdop>0.81</hdop><vdop>1.34</vdop><pdop>1.57</pdop><dgpsid>0000</dgpsid></trkpt>
<trkpt lat="32.2276515" lon="-110.92670799999999"><ele>756.3</ele><time>2025-12-12T01:04:25.000Z</time><extensions><gpxtpx:TrackPointExtension><gpxtpx:bearing>359.85</gpxtpx:bearing><gpxtpx:speed>4.2850623</gpxtpx:speed></gpxtpx:TrackPointExtension></extensions><geoidheight>-28.3</geoidheight><src>gps</src><sat>14</sat><hdop>1.08</hdop><vdop>1.38</vdop><pdop>1.75</pdop><dgpsid>0000</dgpsid></trkpt>
<trkpt lat="32.228534833333335" lon="-110.92669016666666"><ele>756.9</ele><time>2025-12-12T01:04:36.000Z</time><extensions><gpxtpx:TrackPointExtension><gpxtpx:bearing>0.68</gpxtpx:bearing><gpxtpx:speed>10.671736</gpxtpx:speed></gpxtpx:TrackPointExtension></extensions><geoidheight>-28.3</geoidheight><src>gps</src><sat>13</sat><hdop>0.83</hdop><vdop>1.28</vdop><pdop>1.53</pdop><dgpsid>0000</dgpsid></trkpt>
<trkpt lat="32.22966666666667" lon="-110.92671033333333"><ele>757.9</ele><time>2025-12-12T01:04:47.000Z</time><extensions><gpxtpx:TrackPointExtension><gpxtpx:bearing>358.9</gpxtpx:bearing><gpxtpx:speed>13.688008</gpxtpx:speed></gpxtpx:TrackPointExtension></extensions><geoidheight>-28.3</geoidheight><src>gps</src><sat>13</sat><hdop>0.83</hdop><vdop>1.28</vdop><pdop>1.53</pdop><dgpsid>0000</dgpsid></trkpt>
<trkpt lat="32.2310685" lon="-110.92672083333333"><ele>758.6</ele><time>2025-12-12T01:04:58.000Z</time><extensions><gpxtpx:TrackPointExtension><gpxtpx:bearing>359.66</gpxtpx:bearing><gpxtpx:speed>13.816689</gpxtpx:speed></gpxtpx:TrackPointExtension></extensions><geoidheight>-28.3</geoidheight><src>gps</src><sat>14</sat><hdop>0.77</hdop><vdop>1.28</vdop><pdop>1.50</pdop><dgpsid>0000</dgpsid></trkpt>
<trkpt lat="32.23241266666666" lon="-110.92670816666666"><ele>756.3</ele><time>2025-12-12T01:05:09.000Z</time><extensions><gpxtpx:TrackPointExtension><gpxtpx:bearing>0.31</gpxtpx:bearing><gpxtpx:speed>13.92478</gpxtpx:speed></gpxtpx:TrackPointExtension></extensions><geoidheight>-28.3</geoidheight><src>gps</src><sat>12</sat><hdop>0.85</hdop><vdop>1.40</vdop><pdop>1.64</pdop><dgpsid>0000</dgpsid></trkpt>
<trkpt lat="32.23373433333334" lon="-110.92671516666665"><ele>753.3</ele><time>2025-12-12T01:05:20.000Z</time><extensions><gpxtpx:TrackPointExtension><gpxtpx:bearing>359.52</gpxtpx:bearing><gpxtpx:speed>12.356936</gpxtpx:speed></gpxtpx:TrackPointExtension></extensions><geoidheight>-28.3</geoidheight><src>gps</src><sat>11</sat><hdop>0.96</hdop><vdop>1.49</vdop><pdop>1.77</pdop><dgpsid>0000</dgpsid></trkpt>
<trkpt lat="32.23484583333333" lon="-110.92673616666667"><ele>750.3</ele><time>2025-12-12T01:05:31.000Z</time><extensions><gpxtpx:TrackPointExtension><gpxtpx:bearing>356.48</gpxtpx:bearing><gpxtpx:speed>10.053555</gpxtpx:speed></gpxtpx:TrackPointExtension></extensions><geoidheight>-28.3</geoidheight><src>gps</src><sat>12</sat><hdop>1.17</hdop><vdop>1.39</vdop><pdop>1.81</pdop><dgpsid>0000</dgpsid></trkpt>
<trkpt lat="32.23550766666666" lon="-110.92681033333335"><ele>751.9</ele><time>2025-12-12T01:05:42.000Z</time><extensions><gpxtpx:TrackPointExtension><gpxtpx:bearing>353.08</gpxtpx:bearing><gpxtpx:speed>3.7862966</gpxtpx:speed></gpxtpx:TrackPointExtension></extensions><geoidheight>-28.3</geoidheight><src>gps</src><sat>13</sat><hdop>0.87</hdop><vdop>1.28</vdop><pdop>1.55</pdop><dgpsid>0000</dgpsid></trkpt>
<trkpt lat="32.235602666666665" lon="-110.92681566666667"><ele>752.9</ele><time>2025-12-12T01:05:53.000Z</time><extensions><gpxtpx:TrackPointExtension><gpxtpx:speed>0.23111027</gpxtpx:speed></gpxtpx:TrackPointExtension></extensions><geoidheight>-28.3</geoidheight><src>gps</src><sat>11</sat><hdop>0.81</hdop><vdop>1.28</vdop><pdop>1.52</pdop><dgpsid>0000</dgpsid></trkpt>
<trkpt lat="32.235669333333334" lon="-110.92685716666668"><ele>755.6</ele><time>2025-12-12T01:06:15.000Z</time><extensions><gpxtpx:TrackPointExtension><gpxtpx:bearing>355.53</gpxtpx:bearing><gpxtpx:speed>1.3701905</gpxtpx:speed></gpxtpx:TrackPointExtension></extensions><geoidheight>-28.3</geoidheight><src>gps</src><sat>13</sat><hdop>1.21</hdop><vdop>1.63</vdop><pdop>2.03</pdop><dgpsid>0000</dgpsid></trkpt>
<trkpt lat="32.23583266666667" lon="-110.92686"><ele>754.9</ele><time>2025-12-12T01:06:26.000Z</time><extensions><gpxtpx:TrackPointExtension><gpxtpx:bearing>359.94</gpxtpx:bearing><gpxtpx:speed>1.6934361</gpxtpx:speed></gpxtpx:TrackPointExtension></extensions><geoidheight>-28.3</geoidheight><src>gps</src><sat>12</sat><hdop>1.07</hdop><vdop>1.37</vdop><pdop>1.74</pdop><dgpsid>0000</dgpsid></trkpt>
<trkpt lat="32.236020833333335" lon="-110.92693166666668"><ele>753.4</ele><time>2025-12-12T01:06:37.000Z</time><extensions><gpxtpx:TrackPointExtension><gpxtpx:bearing>327.86</gpxtpx:bearing><gpxtpx:speed>6.751611</gpxtpx:speed></gpxtpx:TrackPointExtension></extensions><geoidheight>-28.3</geoidheight><src>gps</src><sat>13</sat><hdop>0.83</hdop><vdop>1.28</vdop><pdop>1.53</pdop><dgpsid>0000</dgpsid></trkpt>
<trkpt lat="32.23617016666667" lon="-110.92796866666667"><ele>754.4</ele><time>2025-12-12T01:06:48.000Z</time><extensions><gpxtpx:TrackPointExtension><gpxtpx:bearing>271.55</gpxtpx:bearing><gpxtpx:speed>10.945568</gpxtpx:speed></gpxtpx:TrackPointExtension></extensions><geoidheight>-28.3</geoidheight><src>gps</src><sat>14</sat><hdop>0.81</hdop><vdop>1.35</vdop><pdop>1.57</pdop><dgpsid>0000</dgpsid></trkpt>
<trkpt lat="32.23616783333333" lon="-110.92941450000002"><ele>752.1</ele><time>2025-12-12T01:06:59.000Z</time><extensions><gpxtpx:TrackPointExtension><gpxtpx:bearing>270.12</gpxtpx:bearing><gpxtpx:speed>12.551501</gpxtpx:speed></gpxtpx:TrackPointExtension></extensions><geoidheight>-28.3</geoidheight><src>gps</src><sat>14</sat><hdop>0.81</hdop><vdop>1.35</vdop><pdop>1.58</pdop><dgpsid>0000</dgpsid></trkpt>
<trkpt lat="32.23616533333333" lon="-110.93065983333332"><ele>748.8</ele><time>2025-12-12T01:07:10.000Z</time><extensions><gpxtpx:TrackPointExtension><gpxtpx:bearing>271.23</gpxtpx:bearing><gpxtpx:speed>6.311524</gpxtpx:speed></gpxtpx:TrackPointExtension></extensions><geoidheight>-28.3</geoidheight><src>gps</src><sat>14</sat><hdop>0.81</hdop><vdop>1.35</vdop><pdop>1.58</pdop><dgpsid>0000</dgpsid></trkpt>
<trkpt lat="32.23616333333334" lon="-110.93094100000002"><ele>748.0</ele><time>2025-12-12T01:07:21.000Z</time><extensions><gpxtpx:TrackPointExtension><gpxtpx:bearing>272.13</gpxtpx:bearing><gpxtpx:speed>2.8845034</gpxtpx:speed></gpxtpx:TrackPointExtension></extensions><geoidheight>-28.3</geoidheight><src>gps</src><sat>14</sat><hdop>0.81</hdop><vdop>1.35</vdop><pdop>1.58</pdop><dgpsid>0000</dgpsid></trkpt>
<trkpt lat="32.236159" lon="-110.93169466666669"><ele>745.9</ele><time>2025-12-12T01:07:32.000Z</time><extensions><gpxtpx:TrackPointExtension><gpxtpx:bearing>268.73</gpxtpx:bearing><gpxtpx:speed>10.087011</gpxtpx:speed></gpxtpx:TrackPointExtension></extensions><geoidheight>-28.3</geoidheight><src>gps</src><sat>14</sat><hdop>0.81</hdop><vdop>1.35</vdop><pdop>1.58</pdop><dgpsid>0000</dgpsid></trkpt>
<trkpt lat="32.23616833333333" lon="-110.93267883333334"><ele>745.7</ele><time>2025-12-12T01:07:43.000Z</time><extensions><gpxtpx:TrackPointExtension><gpxtpx:bearing>270.2</gpxtpx:bearing><gpxtpx:speed>6.913234</gpxtpx:speed></gpxtpx:TrackPointExtension></extensions><geoidheight>-28.3</geoidheight><src>gps</src><sat>14</sat><hdop>0.81</hdop><vdop>1.35</vdop><pdop>1.58</pdop><dgpsid>0000</dgpsid></trkpt>
<trkpt lat="32.23631133333333" lon="-110.93300183333334"><ele>745.2</ele><time>2025-12-12T01:07:54.000Z</time><extensions><gpxtpx:TrackPointExtension><gpxtpx:bearing>288.64</gpxtpx:bearing><gpxtpx:speed>2.470152</gpxtpx:speed></gpxtpx:TrackPointExtension></extensions><geoidheight>-28.3</geoidheight><src>gps</src><sat>14</sat><hdop>0.77</hdop><vdop>1.28</vdop><pdop>1.50</pdop><dgpsid>0000</dgpsid></trkpt>
<trkpt lat="32.23632666666666" lon="-110.93311800000001"><ele>744.5</ele><time>2025-12-12T01:08:05.000Z</time><extensions><gpxtpx:TrackPointExtension><gpxtpx:speed>0.07412</gpxtpx:speed></gpxtpx:TrackPointExtension></extensions><geoidheight>-28.3</geoidheight><src>gps</src><sat>13</sat><hdop>0.72</hdop><vdop>1.28</vdop><pdop>1.47</pdop><dgpsid>0000</dgpsid></trkpt>
<trkpt lat="32.236328666666665" lon="-110.93317116666667"><ele>746.2</ele><time>2025-12-12T01:08:16.000Z</time><extensions><gpxtpx:TrackPointExtension><gpxtpx:bearing>269.15</gpxtpx:bearing><gpxtpx:speed>1.951312</gpxtpx:speed></gpxtpx:TrackPointExtension></extensions><geoidheight>-28.3</geoidheight><src>gps</src><sat>14</sat><hdop>0.76</hdop><vdop>1.42</vdop><pdop>1.61</pdop><dgpsid>0000</dgpsid></trkpt>
<trkpt lat="32.23636716666667" lon="-110.93334750000001"><ele>745.5</ele><time>2025-12-12T01:08:27.000Z</time><extensions><gpxtpx:TrackPointExtension><gpxtpx:bearing>261.85</gpxtpx:bearing><gpxtpx:speed>1.1061381</gpxtpx:speed></gpxtpx:TrackPointExtension></extensions><geoidheight>-28.3</geoidheight><src>gps</src><sat>14</sat><hdop>0.83</hdop><vdop>1.56</vdop><pdop>1.77</pdop><dgpsid>0000</dgpsid></trkpt>
<trkpt lat="32.236347" lon="-110.93354533333334"><ele>742.2</ele><time>2025-12-12T01:15:02.000Z</time><extensions><gpxtpx:TrackPointExtension><gpxtpx:speed>0.12301861</gpxtpx:speed></gpxtpx:TrackPointExtension></extensions><geoidheight>-28.3</geoidheight><src>gps</src><hdop>1.98</hdop><vdop>2.49</vdop><pdop>3.18</pdop></trkpt>
<trkpt lat="32.236278500000004" lon="-110.93349766666667"><ele>749.0</ele><time>2025-12-12T01:15:13.000Z</time><extensions><gpxtpx:TrackPointExtension><gpxtpx:speed>0.13691612</gpxtpx:speed></gpxtpx:TrackPointExtension></extensions><geoidheight>-28.3</geoidheight><src>gps</src><sat>10</sat><hdop>1.63</hdop><vdop>2.28</vdop><pdop>2.81</pdop></trkpt>
<trkpt lat="32.236209333333335" lon="-110.93368183333332"><ele>754.9</ele><time>2025-12-12T01:15:35.000Z</time><extensions><gpxtpx:TrackPointExtension><gpxtpx:bearing>270.99</gpxtpx:bearing><gpxtpx:speed>3.8892412</gpxtpx:speed></gpxtpx:TrackPointExtension></extensions><geoidheight>-28.3</geoidheight><src>gps</src><sat>10</sat><hdop>1.50</hdop><vdop>2.11</vdop><pdop>2.59</pdop></trkpt>
<trkpt lat="32.23624183333333" lon="-110.93429650000002"><ele>752.4</ele><time>2025-12-12T01:15:46.000Z</time><extensions><gpxtpx:TrackPointExtension><gpxtpx:bearing>273.25</gpxtpx:bearing><gpxtpx:speed>6.5513844</gpxtpx:speed></gpxtpx:TrackPointExtension></extensions><geoidheight>-28.3</geoidheight><src>gps</src><sat>9</sat><hdop>1.54</hdop><vdop>2.57</vdop><pdop>2.99</pdop></trkpt>
<trkpt lat="32.23625716666666" lon="-110.93494116666668"><ele>755.4</ele><time>2025-12-12T01:15:57.000Z</time><extensions><gpxtpx:TrackPointExtension><gpxtpx:bearing>269.55</gpxtpx:bearing><gpxtpx:speed>4.2480025</gpxtpx:speed></gpxtpx:TrackPointExtension></extensions><geoidheight>-28.3</geoidheight><src>gps</src><sat>10</sat><hdop>1.23</hdop><vdop>2.21</vdop><pdop>2.53</pdop></trkpt>
<trkpt lat="32.23631616666667" lon="-110.93517883333334"><ele>755.3</ele><time>2025-12-12T01:16:08.000Z</time><extensions><gpxtpx:TrackPointExtension><gpxtpx:bearing>322.56</gpxtpx:bearing><gpxtpx:speed>2.6080976</gpxtpx:speed></gpxtpx:TrackPointExtension></extensions><geoidheight>-28.3</geoidheight><src>gps</src><sat>11</sat><hdop>1.23</hdop><vdop>2.21</vdop><pdop>2.53</pdop></trkpt>
<trkpt lat="32.23679166666667" lon="-110.93520616666667"><ele>753.7</ele><time>2025-12-12T01:16:19.000Z</time><extensions><gpxtpx:TrackPointExtension><gpxtpx:bearing>0.18</gpxtpx:bearing><gpxtpx:speed>6.4067473</gpxtpx:speed></gpxtpx:TrackPointExtension></extensions><geoidheight>-28.3</geoidheight><src>gps</src><sat>10</sat><hdop>1.30</hdop><vdop>2.29</vdop><pdop>2.63</pdop></trkpt>
<trkpt lat="32.23722633333333" lon="-110.93506266666667"><ele>755.5</ele><time>2025-12-12T01:16:30.000Z</time><extensions><gpxtpx:TrackPointExtension><gpxtpx:bearing>77.89</gpxtpx:bearing><gpxtpx:speed>3.9314482</gpxtpx:speed></gpxtpx:TrackPointExtension></extensions><geoidheight>-28.3</geoidheight><src>gps</src><sat>10</sat><hdop>1.24</hdop><vdop>2.22</vdop><pdop>2.54</pdop></trkpt>
<trkpt lat="32.23721066666667" lon="-110.93427000000001"><ele>758.9</ele><time>2025-12-12T01:16:41.000Z</time><extensions><gpxtpx:TrackPointExtension><gpxtpx:bearing>89.4</gpxtpx:bearing><gpxtpx:speed>7.665243</gpxtpx:speed></gpxtpx:TrackPointExtension></extensions><geoidheight>-28.3</geoidheight><src>gps</src><sat>12</sat><hdop>0.92</hdop><vdop>1.36</vdop><pdop>1.64</pdop></trkpt>
<trkpt lat="32.23721166666667" lon="-110.93373983333335"><ele>759.3</ele><time>2025-12-12T01:16:52.000Z</time><extensions><gpxtpx:TrackPointExtension><gpxtpx:bearing>88.67</gpxtpx:bearing><gpxtpx:speed>5.72577</gpxtpx:speed></gpxtpx:TrackPointExtension></extensions><geoidheight>-28.3</geoidheight><src>gps</src><sat>12</sat><hdop>0.92</hdop><vdop>1.36</vdop><pdop>1.64</pdop></trkpt>
<trkpt lat="32.23722733333333" lon="-110.932863"><ele>757.0</ele><time>2025-12-12T01:17:03.000Z</time><extensions><gpxtpx:TrackPointExtension><gpxtpx:bearing>90.17</gpxtpx:bearing><gpxtpx:speed>7.3538365</gpxtpx:speed></gpxtpx:TrackPointExtension></extensions><geoidheight>-28.3</geoidheight><src>gps</src><sat>13</sat><hdop>0.86</hdop><vdop>1.29</vdop><pdop>1.55</pdop></trkpt>
<trkpt lat="32.2372645" lon="-110.93234183333334"><ele>751.8</ele><time>2025-12-12T01:17:14.000Z</time><extensions><gpxtpx:TrackPointExtension><gpxtpx:bearing>80.63</gpxtpx:bearing><gpxtpx:speed>4.2407966</gpxtpx:speed></gpxtpx:TrackPointExtension></extensions><geoidheight>-28.3</geoidheight><src>gps</src><sat>14</sat><hdop>0.77</hdop><vdop>1.09</vdop><pdop>1.34</pdop></trkpt>
<trkpt lat="32.237254666666665" lon="-110.93150583333333"><ele>748.4</ele><time>2025-12-12T01:17:25.000Z</time><extensions><gpxtpx:TrackPointExtension><gpxtpx:bearing>92.66</gpxtpx:bearing><gpxtpx:speed>6.6332254</gpxtpx:speed></gpxtpx:TrackPointExtension></extensions><geoidheight>-28.3</geoidheight><src>gps</src><sat>14</sat><hdop>0.75</hdop><vdop>1.08</vdop><pdop>1.32</pdop></trkpt>
<trkpt lat="32.23724716666666" lon="-110.93099583333333"><ele>747.4</ele><time>2025-12-12T01:17:36.000Z</time><extensions><gpxtpx:TrackPointExtension><gpxtpx:bearing>77.24</gpxtpx:bearing><gpxtpx:speed>5.2692113</gpxtpx:speed></gpxtpx:TrackPointExtension></extensions><geoidheight>-28.3</geoidheight><src>gps</src><sat>15</sat><hdop>0.74</hdop><vdop>1.09</vdop><pdop>1.32</pdop></trkpt>
<trkpt lat="32.2372675" lon="-110.93000166666667"><ele>746.7</ele><time>2025-12-12T01:17:47.000Z</time><extensions><gpxtpx:TrackPointExtension><gpxtpx:bearing>89.55</gpxtpx:bearing><gpxtpx:speed>9.300001</gpxtpx:speed></gpxtpx:TrackPointExtension></extensions><geoidheight>-28.3</geoidheight><src>gps</src><sat>15</sat><hdop>0.73</hdop><vdop>1.08</vdop><pdop>1.30</pdop></trkpt>
<trkpt lat="32.2372715" lon="-110.92900149999998"><ele>745.7</ele><time>2025-12-12T01:17:58.000Z</time><extensions><gpxtpx:TrackPointExtension><gpxtpx:bearing>89.91</gpxtpx:bearing><gpxtpx:speed>9.2418375</gpxtpx:speed></gpxtpx:TrackPointExtension></extensions><geoidheight>-28.3</geoidheight><src>gps</src><sat>14</sat><hdop>0.73</hdop><vdop>1.08</vdop><pdop>1.30</pdop></trkpt>
<trkpt lat="32.23726733333333" lon="-110.92818783333333"><ele>749.0</ele><time>2025-12-12T01:18:09.000Z</time><extensions><gpxtpx:TrackPointExtension><gpxtpx:bearing>90.29</gpxtpx:bearing><gpxtpx:speed>3.5052583</gpxtpx:speed></gpxtpx:TrackPointExtension></extensions><geoidheight>-28.3</geoidheight><src>gps</src><sat>15</sat><hdop>0.73</hdop><vdop>1.08</vdop><pdop>1.30</pdop></trkpt>
<trkpt lat="32.237276666666666" lon="-110.92730966666667"><ele>747.5</ele><time>2025-12-12T01:18:20.000Z</time><extensions><gpxtpx:TrackPointExtension><gpxtpx:bearing>88.56</gpxtpx:bearing><gpxtpx:speed>9.01536</gpxtpx:speed></gpxtpx:TrackPointExtension></extensions><geoidheight>-28.3</geoidheight><src>gps</src><sat>15</sat><hdop>0.73</hdop><vdop>1.08</vdop><pdop>1.30</pdop></trkpt>
<trkpt lat="32.237268666666665" lon="-110.92693499999999"><ele>746.4</ele><time>2025-12-12T01:18:31.000Z</time><extensions><gpxtpx:TrackPointExtension><gpxtpx:speed>0.1461811</gpxtpx:speed></gpxtpx:TrackPointExtension></extensions><geoidheight>-28.3</geoidheight><src>gps</src><sat>15</sat><hdop>0.73</hdop><vdop>1.08</vdop><pdop>1.30</pdop></trkpt>
<trkpt lat="32.23712416666667" lon="-110.92683833333334"><ele>748.8</ele><time>2025-12-12T01:18:53.000Z</time><extensions><gpxtpx:TrackPointExtension><gpxtpx:bearing>168.01</gpxtpx:bearing><gpxtpx:speed>4.3272696</gpxtpx:speed></gpxtpx:TrackPointExtension></extensions><geoidheight>-28.3</geoidheight><src>gps</src><sat>15</sat><hdop>0.75</hdop><vdop>1.09</vdop><pdop>1.32</pdop></trkpt>
<trkpt lat="32.23680233333334" lon="-110.92682799999999"><ele>750.7</ele><time>2025-12-12T01:19:04.000Z</time><extensions><gpxtpx:TrackPointExtension><gpxtpx:bearing>179.46</gpxtpx:bearing><gpxtpx:speed>3.5922463</gpxtpx:speed></gpxtpx:TrackPointExtension></extensions><geoidheight>-28.3</geoidheight><src>gps</src><sat>15</sat><hdop>0.73</hdop><vdop>1.08</vdop><pdop>1.30</pdop></trkpt>
<trkpt lat="32.23607616666666" lon="-110.92674916666668"><ele>752.7</ele><time>2025-12-12T01:19:15.000Z</time><extensions><gpxtpx:TrackPointExtension><gpxtpx:bearing>154.34</gpxtpx:bearing><gpxtpx:speed>8.964917</gpxtpx:speed></gpxtpx:TrackPointExtension></extensions><geoidheight>-28.3</geoidheight><src>gps</src><sat>14</sat><hdop>0.73</hdop><vdop>1.14</vdop><pdop>1.35</pdop></trkpt>
<trkpt lat="32.235924" lon="-110.9255545"><ele>753.0</ele><time>2025-12-12T01:19:26.000Z</time><extensions><gpxtpx:TrackPointExtension><gpxtpx:bearing>86.97</gpxtpx:bearing><gpxtpx:speed>13.488296</gpxtpx:speed></gpxtpx:TrackPointExtension></extensions><geoidheight>-28.3</geoidheight><src>gps</src><sat>15</sat><hdop>0.75</hdop><vdop>1.09</vdop><pdop>1.32</pdop></trkpt>
<trkpt lat="32.23597133333333" lon="-110.92407566666667"><ele>750.2</ele><time>2025-12-12T01:19:37.000Z</time><extensions><gpxtpx:TrackPointExtension><gpxtpx:bearing>89.59</gpxtpx:bearing><gpxtpx:speed>12.571061</gpxtpx:speed></gpxtpx:TrackPointExtension></extensions><geoidheight>-28.3</geoidheight><src>gps</src><sat>15</sat><hdop>0.75</hdop><vdop>1.09</vdop><pdop>1.32</pdop></trkpt>
<trkpt lat="32.2360015" lon="-110.92299499999999"><ele>748.7</ele><time>2025-12-12T01:19:48.000Z</time><extensions><gpxtpx:TrackPointExtension><gpxtpx:bearing>122.61</gpxtpx:bearing><gpxtpx:speed>3.9479194</gpxtpx:speed></gpxtpx:TrackPointExtension></extensions><geoidheight>-28.3</geoidheight><src>gps</src><sat>15</sat><hdop>0.75</hdop><vdop>1.09</vdop><pdop>1.32</pdop></trkpt>
<trkpt lat="32.23547833333334" lon="-110.92293050000002"><ele>748.7</ele><time>2025-12-12T01:19:59.000Z</time><extensions><gpxtpx:TrackPointExtension><gpxtpx:bearing>178.45</gpxtpx:bearing><gpxtpx:speed>5.305242</gpxtpx:speed></gpxtpx:TrackPointExtension></extensions><geoidheight>-28.3</geoidheight><src>gps</src><sat>14</sat><hdop>0.83</hdop><vdop>1.29</vdop><pdop>1.54</pdop></trkpt>
<trkpt lat="32.2352195" lon="-110.92268199999998"><ele>751.4</ele><time>2025-12-12T01:20:10.000Z</time><extensions><gpxtpx:TrackPointExtension><gpxtpx:bearing>85.97</gpxtpx:bearing><gpxtpx:speed>3.8305628</gpxtpx:speed></gpxtpx:TrackPointExtension></extensions><geoidheight>-28.3</geoidheight><src>gps</src><sat>15</sat><hdop>0.75</hdop><vdop>1.09</vdop><pdop>1.33</pdop></trkpt>
<trkpt lat="32.235261333333334" lon="-110.92242816666666"><ele>750.6</ele><time>2025-12-12T01:20:21.000Z</time><extensions><gpxtpx:TrackPointExtension><gpxtpx:bearing>38.9</gpxtpx:bearing><gpxtpx:speed>0.63516724</gpxtpx:speed></gpxtpx:TrackPointExtension></extensions><geoidheight>-28.3</geoidheight><src>gps</src><sat>15</sat><hdop>0.77</hdop><vdop>1.14</vdop><pdop>1.38</pdop></trkpt>
<trkpt lat="32.235248666666664" lon="-110.92250266666666"><ele>753.9</ele><time>2025-12-12T01:21:05.000Z</time><extensions><gpxtpx:TrackPointExtension><gpxtpx:speed>0.2892739</gpxtpx:speed></gpxtpx:TrackPointExtension></extensions><geoidheight>-28.3</geoidheight><src>gps</src><sat>16</sat><hdop>0.69</hdop><vdop>1.01</vdop><pdop>1.22</pdop></trkpt>
<trkpt lat="32.23529" lon="-110.9225265"><ele>752.5</ele><time>2025-12-12T01:21:27.000Z</time><extensions><gpxtpx:TrackPointExtension><gpxtpx:bearing>354.56</gpxtpx:bearing><gpxtpx:speed>0.7154639</gpxtpx:speed></gpxtpx:TrackPointExtension></extensions><geoidheight>-28.3</geoidheight><src>gps</src><sat>16</sat><hdop>0.69</hdop><vdop>1.01</vdop><pdop>1.22</pdop></trkpt>
<trkpt lat="32.23531116666666" lon="-110.92272333333334"><ele>752.3</ele><time>2025-12-12T01:22:55.000Z</time><extensions><gpxtpx:TrackPointExtension><gpxtpx:bearing>305.57</gpxtpx:bearing><gpxtpx:speed>1.9152814</gpxtpx:speed></gpxtpx:TrackPointExtension></extensions><geoidheight>-28.3</geoidheight><src>gps</src><sat>16</sat><hdop>0.69</hdop><vdop>1.01</vdop><pdop>1.23</pdop></trkpt>
<trkpt lat="32.23541783333334" lon="-110.92267366666668"><ele>749.6</ele><time>2025-12-12T01:23:06.000Z</time><extensions><gpxtpx:TrackPointExtension><gpxtpx:bearing>80.36</gpxtpx:bearing><gpxtpx:speed>1.0994467</gpxtpx:speed></gpxtpx:TrackPointExtension></extensions><geoidheight>-28.3</geoidheight><src>gps</src><sat>16</sat><hdop>0.72</hdop><vdop>1.06</vdop><pdop>1.28</pdop></trkpt>
<trkpt lat="32.23542883333334" lon="-110.92260466666667"><ele>751.3</ele><time>2025-12-12T01:23:17.000Z</time><extensions><gpxtpx:TrackPointExtension><gpxtpx:speed>0.06279611</gpxtpx:speed></gpxtpx:TrackPointExtension></extensions><geoidheight>-28.3</geoidheight><src>gps</src><sat>16</sat><hdop>0.74</hdop><vdop>1.13</vdop><pdop>1.35</pdop></trkpt>
<trkpt lat="32.23546616666667" lon="-110.92256916666665"><ele>752.3</ele><time>2025-12-12T01:23:28.000Z</time><extensions><gpxtpx:TrackPointExtension><gpxtpx:bearing>47.01</gpxtpx:bearing><gpxtpx:speed>1.4921798</gpxtpx:speed></gpxtpx:TrackPointExtension></extensions><geoidheight>-28.3</geoidheight><src>gps</src><sat>16</sat><hdop>0.69</hdop><vdop>1.02</vdop><pdop>1.23</pdop></trkpt>
<trkpt lat="32.23546616666667" lon="-110.9224945"><ele>753.4</ele><time>2025-12-12T01:23:39.000Z</time><extensions><gpxtpx:TrackPointExtension><gpxtpx:speed>0.06742861</gpxtpx:speed></gpxtpx:TrackPointExtension></extensions><geoidheight>-28.3</geoidheight><src>gps</src><sat>16</sat><hdop>0.69</hdop><vdop>1.02</vdop><pdop>1.23</pdop></trkpt>
<trkpt lat="32.23516333333334" lon="-110.922627"><ele>825.7</ele><time>2025-12-12T03:00:49.000Z</time><extensions><gpxtpx:TrackPointExtension><gpxtpx:speed>0.016985834</gpxtpx:speed></gpxtpx:TrackPointExtension></extensions><geoidheight>-28.3</geoidheight><src>gps</src><sat>8</sat><hdop>1.29</hdop><vdop>1.62</vdop><pdop>2.07</pdop><dgpsid>0000</dgpsid></trkpt>
<trkpt lat="32.235233666666666" lon="-110.92261633333334"><ele>808.5</ele><time>2025-12-12T03:01:00.000Z</time><extensions><gpxtpx:TrackPointExtension><gpxtpx:speed>0.027280279</gpxtpx:speed></gpxtpx:TrackPointExtension></extensions><geoidheight>-28.3</geoidheight><src>gps</src><sat>9</sat><hdop>1.12</hdop><vdop>1.42</vdop><pdop>1.81</pdop><dgpsid>0000</dgpsid></trkpt>
<trkpt lat="32.235428166666665" lon="-110.92251266666666"><ele>757.7</ele><time>2025-12-12T03:01:11.000Z</time><extensions><gpxtpx:TrackPointExtension><gpxtpx:speed>0.011838611</gpxtpx:speed></gpxtpx:TrackPointExtension></extensions><geoidheight>-28.3</geoidheight><src>gps</src><sat>13</sat><hdop>0.82</hdop><vdop>1.22</vdop><pdop>1.47</pdop><dgpsid>0000</dgpsid></trkpt>
<trkpt lat="32.235408" lon="-110.92244116666667"><ele>754.4</ele><time>2025-12-12T03:01:44.000Z</time><extensions><gpxtpx:TrackPointExtension><gpxtpx:bearing>128.72</gpxtpx:bearing><gpxtpx:speed>0.86318916</gpxtpx:speed></gpxtpx:TrackPointExtension></extensions><geoidheight>-28.3</geoidheight><src>gps</src><sat>13</sat><hdop>0.82</hdop><vdop>1.22</vdop><pdop>1.47</pdop><dgpsid>0000</dgpsid></trkpt>
<trkpt lat="32.235392000000004" lon="-110.92230066666667"><ele>752.6</ele><time>2025-12-12T03:01:55.000Z</time><extensions><gpxtpx:TrackPointExtension><gpxtpx:bearing>90.42</gpxtpx:bearing><gpxtpx:speed>1.4314425</gpxtpx:speed></gpxtpx:TrackPointExtension></extensions><geoidheight>-28.3</geoidheight><src>gps</src><sat>13</sat><hdop>0.82</hdop><vdop>1.22</vdop><pdop>1.47</pdop><dgpsid>0000</dgpsid></trkpt>
<trkpt lat="32.235384833333335" lon="-110.92212300000001"><ele>750.0</ele><time>2025-12-12T03:02:06.000Z</time><extensions><gpxtpx:TrackPointExtension><gpxtpx:bearing>92.26</gpxtpx:bearing><gpxtpx:speed>2.0470502</gpxtpx:speed></gpxtpx:TrackPointExtension></extensions><geoidheight>-28.3</geoidheight><src>gps</src><sat>13</sat><hdop>0.82</hdop><vdop>1.22</vdop><pdop>1.47</pdop><dgpsid>0000</dgpsid></trkpt>
<trkpt lat="32.23538533333333" lon="-110.92190566666667"><ele>744.2</ele><time>2025-12-12T03:02:17.000Z</time><extensions><gpxtpx:TrackPointExtension><gpxtpx:bearing>86.17</gpxtpx:bearing><gpxtpx:speed>1.5112244</gpxtpx:speed></gpxtpx:TrackPointExtension></extensions><geoidheight>-28.3</geoidheight><src>gps</src><sat>13</sat><hdop>0.82</hdop><vdop>1.22</vdop><pdop>1.47</pdop><dgpsid>0000</dgpsid></trkpt>
<trkpt lat="32.235378" lon="-110.92177933333332"><ele>742.9</ele><time>2025-12-12T03:02:28.000Z</time><extensions><gpxtpx:TrackPointExtension><gpxtpx:bearing>109.49</gpxtpx:bearing><gpxtpx:speed>1.8535147</gpxtpx:speed></gpxtpx:TrackPointExtension></extensions><geoidheight>-28.3</geoidheight><src>gps</src><sat>13</sat><hdop>0.82</hdop><vdop>1.22</vdop><pdop>1.47</pdop><dgpsid>0000</dgpsid></trkpt>
<trkpt lat="32.235279" lon="-110.921672"><ele>748.0</ele><time>2025-12-12T03:02:39.000Z</time><extensions><gpxtpx:TrackPointExtension><gpxtpx:bearing>181.01</gpxtpx:bearing><gpxtpx:speed>0.7087725</gpxtpx:speed></gpxtpx:TrackPointExtension></extensions><geoidheight>-28.3</geoidheight><src>gps</src><sat>13</sat><hdop>0.82</hdop><vdop>1.21</vdop><pdop>1.46</pdop><dgpsid>0000</dgpsid></trkpt>
<trkpt lat="32.235229499999996" lon="-110.92174116666665"><ele>746.6</ele><time>2025-12-12T03:02:50.000Z</time><extensions><gpxtpx:TrackPointExtension><gpxtpx:speed>0.30728915</gpxtpx:speed></gpxtpx:TrackPointExtension></extensions><geoidheight>-28.3</geoidheight><src>gps</src><sat>14</sat><hdop>0.81</hdop><vdop>1.17</vdop><pdop>1.42</pdop><dgpsid>0000</dgpsid></trkpt>
<trkpt lat="32.2352705" lon="-110.92212233333333"><ele>740.1</ele><time>2025-12-12T03:03:23.000Z</time><extensions><gpxtpx:TrackPointExtension><gpxtpx:bearing>277.45</gpxtpx:bearing><gpxtpx:speed>3.5248177</gpxtpx:speed></gpxtpx:TrackPointExtension></extensions><geoidheight>-28.3</geoidheight><src>gps</src><sat>13</sat><hdop>0.71</hdop><vdop>1.04</vdop><pdop>1.26</pdop><dgpsid>0000</dgpsid></trkpt>
<trkpt lat="32.23526433333333" lon="-110.9226395"><ele>739.4</ele><time>2025-12-12T03:03:34.000Z</time><extensions><gpxtpx:TrackPointExtension><gpxtpx:bearing>276.66</gpxtpx:bearing><gpxtpx:speed>3.2571623</gpxtpx:speed></gpxtpx:TrackPointExtension></extensions><geoidheight>-28.3</geoidheight><src>gps</src><sat>14</sat><hdop>0.70</hdop><vdop>1.08</vdop><pdop>1.29</pdop><dgpsid>0000</dgpsid></trkpt>
<trkpt lat="32.235442" lon="-110.92279566666666"><ele>741.9</ele><time>2025-12-12T03:03:45.000Z</time><extensions><gpxtpx:TrackPointExtension><gpxtpx:bearing>359.31</gpxtpx:bearing><gpxtpx:speed>4.271165</gpxtpx:speed></gpxtpx:TrackPointExtension></extensions><geoidheight>-28.3</geoidheight><src>gps</src><sat>16</sat><hdop>0.70</hdop><vdop>1.08</vdop><pdop>1.29</pdop><dgpsid>0000</dgpsid></trkpt>
<trkpt lat="32.235814" lon="-110.922817"><ele>746.5</ele><time>2025-12-12T03:03:56.000Z</time><extensions><gpxtpx:TrackPointExtension><gpxtpx:bearing>358.36</gpxtpx:bearing><gpxtpx:speed>3.7806346</gpxtpx:speed></gpxtpx:TrackPointExtension></extensions><geoidheight>-28.3</geoidheight><src>gps</src><sat>15</sat><hdop>0.70</hdop><vdop>1.08</vdop><pdop>1.29</pdop><dgpsid>0000</dgpsid></trkpt>
<trkpt lat="32.23596583333333" lon="-110.92283733333333"><ele>748.8</ele><time>2025-12-12T03:04:07.000Z</time><extensions><gpxtpx:TrackPointExtension><gpxtpx:bearing>356.97</gpxtpx:bearing><gpxtpx:speed>0.5214136</gpxtpx:speed></gpxtpx:TrackPointExtension></extensions><geoidheight>-28.3</geoidheight><src>gps</src><sat>16</sat><hdop>0.68</hdop><vdop>1.04</vdop><pdop>1.24</pdop><dgpsid>0000</dgpsid></trkpt>
<trkpt lat="32.2361935" lon="-110.92295016666667"><ele>752.3</ele><time>2025-12-12T03:05:46.000Z</time><extensions><gpxtpx:TrackPointExtension><gpxtpx:bearing>305.79</gpxtpx:bearing><gpxtpx:speed>4.65103</gpxtpx:speed></gpxtpx:TrackPointExtension></extensions><geoidheight>-28.3</geoidheight><src>gps</src><sat>18</sat><hdop>0.66</hdop><vdop>0.92</vdop><pdop>1.13</pdop><dgpsid>0000</dgpsid></trkpt>
<trkpt lat="32.2361605" lon="-110.923716"><ele>752.3</ele><time>2025-12-12T03:05:57.000Z</time><extensions><gpxtpx:TrackPointExtension><gpxtpx:bearing>265.72</gpxtpx:bearing><gpxtpx:speed>7.781056</gpxtpx:speed></gpxtpx:TrackPointExtension></extensions><geoidheight>-28.3</geoidheight><src>gps</src><sat>16</sat><hdop>0.73</hdop><vdop>1.18</vdop><pdop>1.39</pdop><dgpsid>0000</dgpsid></trkpt>
<trkpt lat="32.236138833333335" lon="-110.92467816666667"><ele>753.0</ele><time>2025-12-12T03:06:08.000Z</time><extensions><gpxtpx:TrackPointExtension><gpxtpx:bearing>270.67</gpxtpx:bearing><gpxtpx:speed>8.807927</gpxtpx:speed></gpxtpx:TrackPointExtension></extensions><geoidheight>-28.3</geoidheight><src>gps</src><sat>15</sat><hdop>0.73</hdop><vdop>1.18</vdop><pdop>1.39</pdop><dgpsid>0000</dgpsid></trkpt>
<trkpt lat="32.23608733333333" lon="-110.92586816666666"><ele>753.8</ele><time>2025-12-12T03:06:19.000Z</time><extensions><gpxtpx:TrackPointExtension><gpxtpx:bearing>268.3</gpxtpx:bearing><gpxtpx:speed>10.935273</gpxtpx:speed></gpxtpx:TrackPointExtension></extensions><geoidheight>-28.3</geoidheight><src>gps</src><sat>16</sat><hdop>0.67</hdop><vdop>1.04</vdop><pdop>1.24</pdop><dgpsid>0000</dgpsid></trkpt>
<trkpt lat="32.236084" lon="-110.9272695"><ele>757.2</ele><time>2025-12-12T03:06:30.000Z</time><extensions><gpxtpx:TrackPointExtension><gpxtpx:bearing>271.3</gpxtpx:bearing><gpxtpx:speed>13.272627</gpxtpx:speed></gpxtpx:TrackPointExtension></extensions><geoidheight>-28.3</geoidheight><src>gps</src><sat>14</sat><hdop>0.67</hdop><vdop>1.14</vdop><pdop>1.33</pdop><dgpsid>0000</dgpsid></trkpt>
<trkpt lat="32.23609916666667" lon="-110.928786"><ele>759.3</ele><time>2025-12-12T03:06:41.000Z</time><extensions><gpxtpx:TrackPointExtension><gpxtpx:bearing>269.41</gpxtpx:bearing><gpxtpx:speed>12.5190735</gpxtpx:speed></gpxtpx:TrackPointExtension></extensions><geoidheight>-28.3</geoidheight><src>gps</src><sat>17</sat><hdop>0.64</hdop><vdop>1.00</vdop><pdop>1.19</pdop><dgpsid>0000</dgpsid></trkpt>
<trkpt lat="32.23610233333333" lon="-110.9301325"><ele>757.4</ele><time>2025-12-12T03:06:52.000Z</time><extensions><gpxtpx:TrackPointExtension><gpxtpx:bearing>269.57</gpxtpx:bearing><gpxtpx:speed>10.707767</gpxtpx:speed></gpxtpx:TrackPointExtension></extensions><geoidheight>-28.3</geoidheight><src>gps</src><sat>17</sat><hdop>0.64</hdop><vdop>1.00</vdop><pdop>1.19</pdop><dgpsid>0000</dgpsid></trkpt>
<trkpt lat="32.2361075" lon="-110.93138383333334"><ele>756.3</ele><time>2025-12-12T03:07:03.000Z</time><extensions><gpxtpx:TrackPointExtension><gpxtpx:bearing>270.17</gpxtpx:bearing><gpxtpx:speed>12.221564</gpxtpx:speed></gpxtpx:TrackPointExtension></extensions><geoidheight>-28.3</geoidheight><src>gps</src><sat>17</sat><hdop>0.64</hdop><vdop>1.00</vdop><pdop>1.19</pdop><dgpsid>0000</dgpsid></trkpt>
<trkpt lat="32.23612683333333" lon="-110.93281499999999"><ele>756.5</ele><time>2025-12-12T03:07:14.000Z</time><extensions><gpxtpx:TrackPointExtension><gpxtpx:bearing>271.24</gpxtpx:bearing><gpxtpx:speed>10.917773</gpxtpx:speed></gpxtpx:TrackPointExtension></extensions><geoidheight>-28.3</geoidheight><src>gps</src><sat>17</sat><hdop>0.64</hdop><vdop>1.00</vdop><pdop>1.19</pdop><dgpsid>0000</dgpsid></trkpt>
<trkpt lat="32.2361565" lon="-110.93402400000001"><ele>755.6</ele><time>2025-12-12T03:07:25.000Z</time><extensions><gpxtpx:TrackPointExtension><gpxtpx:bearing>271.95</gpxtpx:bearing><gpxtpx:speed>9.260367</gpxtpx:speed></gpxtpx:TrackPointExtension></extensions><geoidheight>-28.3</geoidheight><src>gps</src><sat>17</sat><hdop>0.64</hdop><vdop>1.00</vdop><pdop>1.19</pdop><dgpsid>0000</dgpsid></trkpt>
<trkpt lat="32.236160166666664" lon="-110.93462966666667"><ele>754.5</ele><time>2025-12-12T03:07:36.000Z</time><extensions><gpxtpx:TrackPointExtension><gpxtpx:bearing>270.95</gpxtpx:bearing><gpxtpx:speed>1.3254098</gpxtpx:speed></gpxtpx:TrackPointExtension></extensions><geoidheight>-28.3</geoidheight><src>gps</src><sat>18</sat><hdop>0.62</hdop><vdop>0.92</vdop><pdop>1.11</pdop><dgpsid>0000</dgpsid></trkpt>
<trkpt lat="32.236163499999996" lon="-110.9349665"><ele>753.8</ele><time>2025-12-12T03:07:47.000Z</time><extensions><gpxtpx:TrackPointExtension><gpxtpx:bearing>270.73</gpxtpx:bearing><gpxtpx:speed>7.0537534</gpxtpx:speed></gpxtpx:TrackPointExtension></extensions><geoidheight>-28.3</geoidheight><src>gps</src><sat>17</sat><hdop>0.64</hdop><vdop>0.95</vdop><pdop>1.15</pdop><dgpsid>0000</dgpsid></trkpt>
<trkpt lat="32.23615683333333" lon="-110.93633700000001"><ele>754.2</ele><time>2025-12-12T03:07:58.000Z</time><extensions><gpxtpx:TrackPointExtension><gpxtpx:bearing>269.85</gpxtpx:bearing><gpxtpx:speed>13.770364</gpxtpx:speed></gpxtpx:TrackPointExtension></extensions><geoidheight>-28.3</geoidheight><src>gps</src><sat>16</sat><hdop>0.67</hdop><vdop>1.06</vdop><pdop>1.25</pdop><dgpsid>0000</dgpsid></trkpt>
<trkpt lat="32.236143" lon="-110.9379925"><ele>752.4</ele><time>2025-12-12T03:08:09.000Z</time><extensions><gpxtpx:TrackPointExtension><gpxtpx:bearing>269.62</gpxtpx:bearing><gpxtpx:speed>14.519284</gpxtpx:speed></gpxtpx:TrackPointExtension></extensions><geoidheight>-28.3</geoidheight><src>gps</src><sat>17</sat><hdop>0.64</hdop><vdop>1.05</vdop><pdop>1.23</pdop><dgpsid>0000</dgpsid></trkpt>
<trkpt lat="32.23613416666667" lon="-110.93975333333334"><ele>753.6</ele><time>2025-12-12T03:08:20.000Z</time><extensions><gpxtpx:TrackPointExtension><gpxtpx:bearing>269.57</gpxtpx:bearing><gpxtpx:speed>15.854989</gpxtpx:speed></gpxtpx:TrackPointExtension></extensions><geoidheight>-28.3</geoidheight><src>gps</src><sat>17</sat><hdop>0.64</hdop><vdop>1.05</vdop><pdop>1.23</pdop><dgpsid>0000</dgpsid></trkpt>
<trkpt lat="32.2361335" lon="-110.9415575"><ele>756.0</ele><time>2025-12-12T03:08:31.000Z</time><extensions><gpxtpx:TrackPointExtension><gpxtpx:bearing>270.41</gpxtpx:bearing><gpxtpx:speed>15.210556</gpxtpx:speed></gpxtpx:TrackPointExtension></extensions><geoidheight>-28.3</geoidheight><src>gps</src><sat>15</sat><hdop>0.66</hdop><vdop>1.03</vdop><pdop>1.22</pdop><dgpsid>0000</dgpsid></trkpt>
<trkpt lat="32.23613683333333" lon="-110.94291716666666"><ele>754.3</ele><time>2025-12-12T03:08:42.000Z</time><extensions><gpxtpx:TrackPointExtension><gpxtpx:bearing>269.14</gpxtpx:bearing><gpxtpx:speed>6.647123</gpxtpx:speed></gpxtpx:TrackPointExtension></extensions><geoidheight>-28.3</geoidheight><src>gps</src><sat>16</sat><hdop>0.64</hdop><vdop>1.05</vdop><pdop>1.23</pdop><dgpsid>0000</dgpsid></trkpt>
<trkpt lat="32.236129" lon="-110.94329833333335"><ele>754.7</ele><time>2025-12-12T03:08:53.000Z</time><extensions><gpxtpx:TrackPointExtension><gpxtpx:bearing>276.42</gpxtpx:bearing><gpxtpx:speed>0.4797211</gpxtpx:speed></gpxtpx:TrackPointExtension></extensions><geoidheight>-28.3</geoidheight><src>gps</src><sat>16</sat><hdop>0.69</hdop><vdop>1.12</vdop><pdop>1.31</pdop><dgpsid>0000</dgpsid></trkpt>
<trkpt lat="32.23612183333333" lon="-110.94335616666667"><ele>760.8</ele><time>2025-12-12T03:09:15.000Z</time><extensions><gpxtpx:TrackPointExtension><gpxtpx:speed>0.051986944</gpxtpx:speed></gpxtpx:TrackPointExtension></extensions><geoidheight>-28.3</geoidheight><src>gps</src><sat>14</sat><hdop>0.75</hdop><vdop>1.12</vdop><pdop>1.35</pdop><dgpsid>0000</dgpsid></trkpt>
<trkpt lat="32.23611433333333" lon="-110.94342350000001"><ele>764.6</ele><time>2025-12-12T03:09:48.000Z</time><extensions><gpxtpx:TrackPointExtension><gpxtpx:speed>0.15647556</gpxtpx:speed></gpxtpx:TrackPointExtension></extensions><geoidheight>-28.3</geoidheight><src>gps</src><sat>14</sat><hdop>0.71</hdop><vdop>1.18</vdop><pdop>1.38</pdop><dgpsid>0000</dgpsid></trkpt>
<trkpt lat="32.236087500000004" lon="-110.94390983333332"><ele>768.3</ele><time>2025-12-12T03:10:10.000Z</time><extensions><gpxtpx:TrackPointExtension><gpxtpx:bearing>268.41</gpxtpx:bearing><gpxtpx:speed>8.539757</gpxtpx:speed></gpxtpx:TrackPointExtension></extensions><geoidheight>-28.3</geoidheight><src>gps</src><sat>17</sat><hdop>0.65</hdop><vdop>1.00</vdop><pdop>1.19</pdop><dgpsid>0000</dgpsid></trkpt>
<trkpt lat="32.23607333333334" lon="-110.94524566666665"><ele>767.4</ele><time>2025-12-12T03:10:21.000Z</time><extensions><gpxtpx:TrackPointExtension><gpxtpx:bearing>268.8</gpxtpx:bearing><gpxtpx:speed>11.498895</gpxtpx:speed></gpxtpx:TrackPointExtension></extensions><geoidheight>-28.3</geoidheight><src>gps</src><sat>17</sat><hdop>0.66</hdop><vdop>1.09</vdop><pdop>1.28</pdop><dgpsid>0000</dgpsid></trkpt>
<trkpt lat="32.23607916666666" lon="-110.94656166666667"><ele>762.7</ele><time>2025-12-12T03:10:32.000Z</time><extensions><gpxtpx:TrackPointExtension><gpxtpx:bearing>269.77</gpxtpx:bearing><gpxtpx:speed>12.729595</gpxtpx:speed></gpxtpx:TrackPointExtension></extensions><geoidheight>-28.3</geoidheight><src>gps</src><sat>18</sat><hdop>0.69</hdop><vdop>1.03</vdop><pdop>1.24</pdop><dgpsid>0000</dgpsid></trkpt>
<trkpt lat="32.23606083333333" lon="-110.94814849999999"><ele>757.3</ele><time>2025-12-12T03:10:43.000Z</time><extensions><gpxtpx:TrackPointExtension><gpxtpx:bearing>268.01</gpxtpx:bearing><gpxtpx:speed>14.603699</gpxtpx:speed></gpxtpx:TrackPointExtension></extensions><geoidheight>-28.3</geoidheight><src>gps</src><sat>18</sat><hdop>0.61</hdop><vdop>0.92</vdop><pdop>1.11</pdop><dgpsid>0000</dgpsid></trkpt>
<trkpt lat="32.236045" lon="-110.950065"><ele>754.0</ele><time>2025-12-12T03:10:54.000Z</time><extensions><gpxtpx:TrackPointExtension><gpxtpx:bearing>269.66</gpxtpx:bearing><gpxtpx:speed>16.191103</gpxtpx:speed></gpxtpx:TrackPointExtension></extensions><geoidheight>-28.3</geoidheight><src>gps</src><sat>17</sat><hdop>0.65</hdop><vdop>1.05</vdop><pdop>1.24</pdop><dgpsid>0000</dgpsid></trkpt>
<trkpt lat="32.23604366666667" lon="-110.95198933333334"><ele>750.2</ele><time>2025-12-12T03:11:05.000Z</time><extensions><gpxtpx:TrackPointExtension><gpxtpx:bearing>269.88</gpxtpx:bearing><gpxtpx:speed>16.36971</gpxtpx:speed></gpxtpx:TrackPointExtension></extensions><geoidheight>-28.3</geoidheight><src>gps</src><sat>16</sat><hdop>0.65</hdop><vdop>1.05</vdop><pdop>1.24</pdop><dgpsid>0000</dgpsid></trkpt>
<trkpt lat="32.236049333333334" lon="-110.95388633333332"><ele>747.3</ele><time>2025-12-12T03:11:16.000Z</time><extensions><gpxtpx:TrackPointExtension><gpxtpx:bearing>272.02</gpxtpx:bearing><gpxtpx:speed>16.017126</gpxtpx:speed></gpxtpx:TrackPointExtension></extensions><geoidheight>-28.3</geoidheight><src>gps</src><sat>16</sat><hdop>0.65</hdop><vdop>1.05</vdop><pdop>1.23</pdop><dgpsid>0000</dgpsid></trkpt>
<trkpt lat="32.2361095" lon="-110.95573833333334"><ele>744.8</ele><time>2025-12-12T03:11:27.000Z</time><extensions><gpxtpx:TrackPointExtension><gpxtpx:bearing>270.68</gpxtpx:bearing><gpxtpx:speed>15.910579</gpxtpx:speed></gpxtpx:TrackPointExtension></extensions><geoidheight>-28.3</geoidheight><src>gps</src><sat>17</sat><hdop>0.65</hdop><vdop>1.04</vdop><pdop>1.23</pdop><dgpsid>0000</dgpsid></trkpt>
<trkpt lat="32.23609916666667" lon="-110.95751733333333"><ele>742.4</ele><time>2025-12-12T03:11:38.000Z</time><extensions><gpxtpx:TrackPointExtension><gpxtpx:bearing>268.89</gpxtpx:bearing><gpxtpx:speed>14.892973</gpxtpx:speed></gpxtpx:TrackPointExtension></extensions><geoidheight>-28.3</geoidheight><src>gps</src><sat>16</sat><hdop>0.71</hdop><vdop>1.07</vdop><pdop>1.29</pdop><dgpsid>0000</dgpsid></trkpt>
<trkpt lat="32.2360815" lon="-110.95883783333332"><ele>741.1</ele><time>2025-12-12T03:11:49.000Z</time><extensions><gpxtpx:TrackPointExtension><gpxtpx:bearing>270.3</gpxtpx:bearing><gpxtpx:speed>6.755214</gpxtpx:speed></gpxtpx:TrackPointExtension></extensions><geoidheight>-28.3</geoidheight><src>gps</src><sat>17</sat><hdop>0.63</hdop><vdop>0.99</vdop><pdop>1.18</pdop><dgpsid>0000</dgpsid></trkpt>
<trkpt lat="32.236088" lon="-110.95914883333334"><ele>738.5</ele><time>2025-12-12T03:12:00.000Z</time><extensions><gpxtpx:TrackPointExtension><gpxtpx:speed>0.025221389</gpxtpx:speed></gpxtpx:TrackPointExtension></extensions><geoidheight>-28.3</geoidheight><src>gps</src><sat>17</sat><hdop>0.63</hdop><vdop>0.99</vdop><pdop>1.18</pdop><dgpsid>0000</dgpsid></trkpt>
<trkpt lat="32.2360725" lon="-110.95990916666666"><ele>744.9</ele><time>2025-12-12T03:12:55.000Z</time><extensions><gpxtpx:TrackPointExtension><gpxtpx:bearing>269.33</gpxtpx:bearing><gpxtpx:speed>10.851374</gpxtpx:speed></gpxtpx:TrackPointExtension></extensions><geoidheight>-28.3</geoidheight><src>gps</src><sat>15</sat><hdop>0.62</hdop><vdop>0.99</vdop><pdop>1.17</pdop><dgpsid>0000</dgpsid></trkpt>
<trkpt lat="32.236026333333335" lon="-110.9615505"><ele>740.7</ele><time>2025-12-12T03:13:06.000Z</time><extensions><gpxtpx:TrackPointExtension><gpxtpx:bearing>267.88</gpxtpx:bearing><gpxtpx:speed>15.599172</gpxtpx:speed></gpxtpx:TrackPointExtension></extensions><geoidheight>-28.3</geoidheight><src>gps</src><sat>17</sat><hdop>0.62</hdop><vdop>0.99</vdop><pdop>1.17</pdop><dgpsid>0000</dgpsid></trkpt>
<trkpt lat="32.23599183333333" lon="-110.96325466666667"><ele>737.0</ele><time>2025-12-12T03:13:17.000Z</time><extensions><gpxtpx:TrackPointExtension><gpxtpx:bearing>269.21</gpxtpx:bearing><gpxtpx:speed>14.013827</gpxtpx:speed></gpxtpx:TrackPointExtension></extensions><geoidheight>-28.3</geoidheight><src>gps</src><sat>18</sat><hdop>0.62</hdop><vdop>0.99</vdop><pdop>1.17</pdop><dgpsid>0000</dgpsid></trkpt>
<trkpt lat="32.235984333333334" lon="-110.96486883333334"><ele>734.4</ele><time>2025-12-12T03:13:28.000Z</time><extensions><gpxtpx:TrackPointExtension><gpxtpx:bearing>269.72</gpxtpx:bearing><gpxtpx:speed>13.925295</gpxtpx:speed></gpxtpx:TrackPointExtension></extensions><geoidheight>-28.3</geoidheight><src>gps</src><sat>18</sat><hdop>0.60</hdop><vdop>0.92</vdop><pdop>1.10</pdop><dgpsid>0000</dgpsid></trkpt>
<trkpt lat="32.23597816666667" lon="-110.966508"><ele>732.4</ele><time>2025-12-12T03:13:39.000Z</time><extensions><gpxtpx:TrackPointExtension><gpxtpx:bearing>269.49</gpxtpx:bearing><gpxtpx:speed>14.754513</gpxtpx:speed></gpxtpx:TrackPointExtension></extensions><geoidheight>-28.3</geoidheight><src>gps</src><sat>18</sat><hdop>0.60</hdop><vdop>0.92</vdop><pdop>1.10</pdop><dgpsid>0000</dgpsid></trkpt>
<trkpt lat="32.23596883333333" lon="-110.9681945"><ele>730.7</ele><time>2025-12-12T03:13:50.000Z</time><extensions><gpxtpx:TrackPointExtension><gpxtpx:bearing>268.97</gpxtpx:bearing><gpxtpx:speed>14.390604</gpxtpx:speed></gpxtpx:TrackPointExtension></extensions><geoidheight>-28.3</geoidheight><src>gps</src><sat>17</sat><hdop>0.64</hdop><vdop>1.04</vdop><pdop>1.22</pdop><dgpsid>0000</dgpsid></trkpt>
<trkpt lat="32.235957666666664" lon="-110.9698145"><ele>728.0</ele><time>2025-12-12T03:14:01.000Z</time><extensions><gpxtpx:TrackPointExtension><gpxtpx:bearing>269.7</gpxtpx:bearing><gpxtpx:speed>13.886176</gpxtpx:speed></gpxtpx:TrackPointExtension></extensions><geoidheight>-28.3</geoidheight><src>gps</src><sat>15</sat><hdop>0.69</hdop><vdop>1.14</vdop><pdop>1.34</pdop><dgpsid>0000</dgpsid></trkpt>
<trkpt lat="32.23597983333333" lon="-110.97104533333335"><ele>725.7</ele><time>2025-12-12T03:14:12.000Z</time><extensions><gpxtpx:TrackPointExtension><gpxtpx:bearing>271.52</gpxtpx:bearing><gpxtpx:speed>7.437736</gpxtpx:speed></gpxtpx:TrackPointExtension></extensions><geoidheight>-28.3</geoidheight><src>gps</src><sat>17</sat><hdop>0.62</hdop><vdop>0.95</vdop><pdop>1.13</pdop><dgpsid>0000</dgpsid></trkpt>
<trkpt lat="32.2359915" lon="-110.97133916666668"><ele>723.2</ele><time>2025-12-12T03:14:23.000Z</time><extensions><gpxtpx:TrackPointExtension><gpxtpx:speed>0.046325</gpxtpx:speed></gpxtpx:TrackPointExtension></extensions><geoidheight>-28.3</geoidheight><src>gps</src><sat>18</sat><hdop>0.62</hdop><vdop>0.95</vdop><pdop>1.13</pdop><dgpsid>0000</dgpsid></trkpt>
<trkpt lat="32.23597616666667" lon="-110.97154516666666"><ele>732.6</ele><time>2025-12-12T03:14:45.000Z</time><extensions><gpxtpx:TrackPointExtension><gpxtpx:bearing>268.34</gpxtpx:bearing><gpxtpx:speed>4.9495687</gpxtpx:speed></gpxtpx:TrackPointExtension></extensions><geoidheight>-28.3</geoidheight><src>gps</src><sat>17</sat><hdop>0.62</hdop><vdop>0.95</vdop><pdop>1.13</pdop><dgpsid>0000</dgpsid></trkpt>
<trkpt lat="32.236008999999996" lon="-110.97269"><ele>730.1</ele><time>2025-12-12T03:14:56.000Z</time><extensions><gpxtpx:TrackPointExtension><gpxtpx:bearing>271.15</gpxtpx:bearing><gpxtpx:speed>13.8254385</gpxtpx:speed></gpxtpx:TrackPointExtension></extensions><geoidheight>-28.3</geoidheight><src>gps</src><sat>18</sat><hdop>0.60</hdop><vdop>0.92</vdop><pdop>1.10</pdop><dgpsid>0000</dgpsid></trkpt>
<trkpt lat="32.23599883333333" lon="-110.9743015"><ele>727.7</ele><time>2025-12-12T03:15:07.000Z</time><extensions><gpxtpx:TrackPointExtension><gpxtpx:bearing>269.64</gpxtpx:bearing><gpxtpx:speed>14.251114</gpxtpx:speed></gpxtpx:TrackPointExtension></extensions><geoidheight>-28.3</geoidheight><src>gps</src><sat>17</sat><hdop>0.62</hdop><vdop>0.95</vdop><pdop>1.13</pdop><dgpsid>0000</dgpsid></trkpt>
<trkpt lat="32.23597666666667" lon="-110.97589616666667"><ele>724.2</ele><time>2025-12-12T03:15:18.000Z</time><extensions><gpxtpx:TrackPointExtension><gpxtpx:bearing>267.44</gpxtpx:bearing><gpxtpx:speed>13.566534</gpxtpx:speed></gpxtpx:TrackPointExtension></extensions><geoidheight>-28.3</geoidheight><src>gps</src><sat>18</sat><hdop>0.62</hdop><vdop>0.95</vdop><pdop>1.13</pdop><dgpsid>0000</dgpsid></trkpt>
<trkpt lat="32.23591283333334" lon="-110.977405"><ele>721.2</ele><time>2025-12-12T03:15:29.000Z</time><extensions><gpxtpx:TrackPointExtension><gpxtpx:bearing>268.17</gpxtpx:bearing><gpxtpx:speed>11.405215</gpxtpx:speed></gpxtpx:TrackPointExtension></extensions><geoidheight>-28.3</geoidheight><src>gps</src><sat>18</sat><hdop>0.64</hdop><vdop>1.03</vdop><pdop>1.21</pdop><dgpsid>0000</dgpsid></trkpt>
<trkpt lat="32.2359395" lon="-110.97805933333332"><ele>719.4</ele><time>2025-12-12T03:15:40.000Z</time><extensions><gpxtpx:TrackPointExtension><gpxtpx:bearing>273.72</gpxtpx:bearing><gpxtpx:speed>8.962343</gpxtpx:speed></gpxtpx:TrackPointExtension></extensions><geoidheight>-28.3</geoidheight><src>gps</src><sat>18</sat><hdop>0.62</hdop><vdop>0.98</vdop><pdop>1.16</pdop><dgpsid>0000</dgpsid></trkpt>
<trkpt lat="32.23594166666667" lon="-110.97913566666666"><ele>717.8</ele><time>2025-12-12T03:15:51.000Z</time><extensions><gpxtpx:TrackPointExtension><gpxtpx:bearing>273.55</gpxtpx:bearing><gpxtpx:speed>6.808231</gpxtpx:speed></gpxtpx:TrackPointExtension></extensions><geoidheight>-28.3</geoidheight><src>gps</src><sat>16</sat><hdop>0.64</hdop><vdop>1.03</vdop><pdop>1.21</pdop><dgpsid>0000</dgpsid></trkpt>
<trkpt lat="32.236293" lon="-110.97929716666667"><ele>715.6</ele><time>2025-12-12T03:16:02.000Z</time><extensions><gpxtpx:TrackPointExtension><gpxtpx:bearing>3.36</gpxtpx:bearing><gpxtpx:speed>3.9237275</gpxtpx:speed></gpxtpx:TrackPointExtension></extensions><geoidheight>-28.3</geoidheight><src>gps</src><sat>18</sat><hdop>0.67</hdop><vdop>1.04</vdop><pdop>1.24</pdop><dgpsid>0000</dgpsid></trkpt>
<trkpt lat="32.23637333333333" lon="-110.97930116666666"><ele>715.0</ele><time>2025-12-12T03:16:13.000Z</time><extensions><gpxtpx:TrackPointExtension><gpxtpx:speed>0.01853</gpxtpx:speed></gpxtpx:TrackPointExtension></extensions><geoidheight>-28.3</geoidheight><src>gps</src><sat>18</sat><hdop>0.63</hdop><vdop>0.99</vdop><pdop>1.17</pdop><dgpsid>0000</dgpsid></trkpt>
<trkpt lat="32.236443333333334" lon="-110.97929649999999"><ele>710.7</ele><time>2025-12-12T03:17:19.000Z</time><extensions><gpxtpx:TrackPointExtension><gpxtpx:bearing>358.83</gpxtpx:bearing><gpxtpx:speed>0.4750886</gpxtpx:speed></gpxtpx:TrackPointExtension></extensions><geoidheight>-28.3</geoidheight><src>gps</src><sat>18</sat><hdop>0.74</hdop><vdop>1.14</vdop><pdop>1.36</pdop><dgpsid>0000</dgpsid></trkpt>
<trkpt lat="32.23652666666667" lon="-110.97930083333334"><ele>710.4</ele><time>2025-12-12T03:17:30.000Z</time><extensions><gpxtpx:TrackPointExtension><gpxtpx:bearing>0.23</gpxtpx:bearing><gpxtpx:speed>0.63774085</gpxtpx:speed></gpxtpx:TrackPointExtension></extensions><geoidheight>-28.3</geoidheight><src>gps</src><sat>18</sat><hdop>0.65</hdop><vdop>0.99</vdop><pdop>1.18</pdop><dgpsid>0000</dgpsid></trkpt>
<trkpt lat="32.236816999999995" lon="-110.979301"><ele>710.3</ele><time>2025-12-12T03:17:41.000Z</time><extensions><gpxtpx:TrackPointExtension><gpxtpx:bearing>357.5</gpxtpx:bearing><gpxtpx:speed>3.485699</gpxtpx:speed></gpxtpx:TrackPointExtension></extensions><geoidheight>-28.3</geoidheight><src>gps</src><sat>18</sat><hdop>0.61</hdop><vdop>0.93</vdop><pdop>1.12</pdop><dgpsid>0000</dgpsid></trkpt>
<trkpt lat="32.2369755" lon="-110.97929283333333"><ele>711.9</ele><time>2025-12-12T03:17:52.000Z</time><extensions><gpxtpx:TrackPointExtension><gpxtpx:bearing>6.01</gpxtpx:bearing><gpxtpx:speed>0.972825</gpxtpx:speed></gpxtpx:TrackPointExtension></extensions><geoidheight>-28.3</geoidheight><src>gps</src><sat>17</sat><hdop>0.65</hdop><vdop>0.99</vdop><pdop>1.18</pdop><dgpsid>0000</dgpsid></trkpt>
<trkpt lat="32.237055833333336" lon="-110.97929283333333"><ele>713.9</ele><time>2025-12-12T03:18:03.000Z</time><extensions><gpxtpx:TrackPointExtension><gpxtpx:speed>0.0051472224</gpxtpx:speed></gpxtpx:TrackPointExtension></extensions><geoidheight>-28.3</geoidheight><src>gps</src><sat>18</sat><hdop>0.65</hdop><vdop>0.99</vdop><pdop>1.18</pdop><dgpsid>0000</dgpsid></trkpt>
<trkpt lat="32.237153" lon="-110.97919383333334"><ele>713.5</ele><time>2025-12-12T03:18:25.000Z</time><extensions><gpxtpx:TrackPointExtension><gpxtpx:bearing>73.81</gpxtpx:bearing><gpxtpx:speed>3.4419475</gpxtpx:speed></gpxtpx:TrackPointExtension></extensions><geoidheight>-28.3</geoidheight><src>gps</src><sat>18</sat><hdop>0.61</hdop><vdop>0.94</vdop><pdop>1.13</pdop><dgpsid>0000</dgpsid></trkpt>
<trkpt lat="32.23714966666667" lon="-110.97877166666667"><ele>711.9</ele><time>2025-12-12T03:18:36.000Z</time><extensions><gpxtpx:TrackPointExtension><gpxtpx:bearing>89.59</gpxtpx:bearing><gpxtpx:speed>2.314191</gpxtpx:speed></gpxtpx:TrackPointExtension></extensions><geoidheight>-28.3</geoidheight><src>gps</src><sat>18</sat><hdop>0.66</hdop><vdop>1.00</vdop><pdop>1.19</pdop><dgpsid>0000</dgpsid></trkpt>
<trkpt lat="32.2370845" lon="-110.9786555"><ele>713.3</ele><time>2025-12-12T03:18:47.000Z</time><extensions><gpxtpx:TrackPointExtension><gpxtpx:bearing>166.03</gpxtpx:bearing><gpxtpx:speed>1.31563</gpxtpx:speed></gpxtpx:TrackPointExtension></extensions><geoidheight>-28.3</geoidheight><src>gps</src><sat>18</sat><hdop>0.64</hdop><vdop>0.95</vdop><pdop>1.14</pdop><dgpsid>0000</dgpsid></trkpt>
<trkpt lat="32.236785000000005" lon="-110.978649"><ele>714.0</ele><time>2025-12-12T03:18:58.000Z</time><extensions><gpxtpx:TrackPointExtension><gpxtpx:bearing>178.63</gpxtpx:bearing><gpxtpx:speed>4.4240375</gpxtpx:speed></gpxtpx:TrackPointExtension></extensions><geoidheight>-28.3</geoidheight><src>gps</src><sat>18</sat><hdop>0.62</hdop><vdop>0.93</vdop><pdop>1.12</pdop><dgpsid>0000</dgpsid></trkpt>
<trkpt lat="32.236455166666666" lon="-110.97863883333333"><ele>713.2</ele><time>2025-12-12T03:19:09.000Z</time><extensions><gpxtpx:TrackPointExtension><gpxtpx:bearing>181.3</gpxtpx:bearing><gpxtpx:speed>1.3295275</gpxtpx:speed></gpxtpx:TrackPointExtension></extensions><geoidheight>-28.3</geoidheight><src>gps</src><sat>17</sat><hdop>0.62</hdop><vdop>0.93</vdop><pdop>1.12</pdop><dgpsid>0000</dgpsid></trkpt>
<trkpt lat="32.236400499999995" lon="-110.97873083333334"><ele>713.0</ele><time>2025-12-12T03:19:20.000Z</time><extensions><gpxtpx:TrackPointExtension><gpxtpx:bearing>273.75</gpxtpx:bearing><gpxtpx:speed>1.6404197</gpxtpx:speed></gpxtpx:TrackPointExtension></extensions><geoidheight>-28.3</geoidheight><src>gps</src><sat>18</sat><hdop>0.64</hdop><vdop>0.95</vdop><pdop>1.14</pdop><dgpsid>0000</dgpsid></trkpt>
<trkpt lat="32.23643333333334" lon="-110.97905399999999"><ele>708.3</ele><time>2025-12-12T03:19:31.000Z</time><extensions><gpxtpx:TrackPointExtension><gpxtpx:bearing>276.14</gpxtpx:bearing><gpxtpx:speed>2.2580864</gpxtpx:speed></gpxtpx:TrackPointExtension></extensions><geoidheight>-28.3</geoidheight><src>gps</src><sat>18</sat><hdop>0.60</hdop><vdop>0.93</vdop><pdop>1.11</pdop><dgpsid>0000</dgpsid></trkpt>
<trkpt lat="32.2363935" lon="-110.97923183333333"><ele>709.0</ele><time>2025-12-12T03:19:42.000Z</time><extensions><gpxtpx:TrackPointExtension><gpxtpx:bearing>238.31</gpxtpx:bearing><gpxtpx:speed>1.3753377</gpxtpx:speed></gpxtpx:TrackPointExtension></extensions><geoidheight>-28.3</geoidheight><src>gps</src><sat>18</sat><hdop>0.69</hdop><vdop>1.12</vdop><pdop>1.31</pdop><dgpsid>0000</dgpsid></trkpt>
<trkpt lat="32.23615766666667" lon="-110.97933516666666"><ele>712.2</ele><time>2025-12-12T03:19:53.000Z</time><extensions><gpxtpx:TrackPointExtension><gpxtpx:bearing>179.19</gpxtpx:bearing><gpxtpx:speed>3.0569353</gpxtpx:speed></gpxtpx:TrackPointExtension></extensions><geoidheight>-28.3</geoidheight><src>gps</src><sat>18</sat><hdop>0.60</hdop><vdop>0.93</vdop><pdop>1.11</pdop><dgpsid>0000</dgpsid></trkpt>
<trkpt lat="32.23604366666667" lon="-110.97934666666667"><ele>713.5</ele><time>2025-12-12T03:20:04.000Z</time><extensions><gpxtpx:TrackPointExtension><gpxtpx:speed>0.02573611</gpxtpx:speed></gpxtpx:TrackPointExtension></extensions><geoidheight>-28.3</geoidheight><src>gps</src><sat>18</sat><hdop>0.64</hdop><vdop>0.96</vdop><pdop>1.15</pdop><dgpsid>0000</dgpsid></trkpt>
<trkpt lat="32.23598416666667" lon="-110.979367"><ele>715.6</ele><time>2025-12-12T03:20:37.000Z</time><extensions><gpxtpx:TrackPointExtension><gpxtpx:bearing>205.87</gpxtpx:bearing><gpxtpx:speed>0.62435806</gpxtpx:speed></gpxtpx:TrackPointExtension></extensions><geoidheight>-28.3</geoidheight><src>gps</src><sat>18</sat><hdop>0.62</hdop><vdop>0.93</vdop><pdop>1.12</pdop><dgpsid>0000</dgpsid></trkpt>
<trkpt lat="32.235929000000006" lon="-110.97974183333332"><ele>712.9</ele><time>2025-12-12T03:20:48.000Z</time><extensions><gpxtpx:TrackPointExtension><gpxtpx:bearing>270.26</gpxtpx:bearing><gpxtpx:speed>8.623656</gpxtpx:speed></gpxtpx:TrackPointExtension></extensions><geoidheight>-28.3</geoidheight><src>gps</src><sat>18</sat><hdop>0.62</hdop><vdop>0.93</vdop><pdop>1.12</pdop><dgpsid>0000</dgpsid></trkpt>
<trkpt lat="32.2359255" lon="-110.98100616666667"><ele>706.8</ele><time>2025-12-12T03:20:59.000Z</time><extensions><gpxtpx:TrackPointExtension><gpxtpx:bearing>269.44</gpxtpx:bearing><gpxtpx:speed>11.08969</gpxtpx:speed></gpxtpx:TrackPointExtension></extensions><geoidheight>-28.3</geoidheight><src>gps</src><sat>18</sat><hdop>0.65</hdop><vdop>0.96</vdop><pdop>1.16</pdop><dgpsid>0000</dgpsid></trkpt>
<trkpt lat="32.23592" lon="-110.98206166666665"><ele>701.1</ele><time>2025-12-12T03:21:10.000Z</time><extensions><gpxtpx:TrackPointExtension><gpxtpx:bearing>268.27</gpxtpx:bearing><gpxtpx:speed>9.389563</gpxtpx:speed></gpxtpx:TrackPointExtension></extensions><geoidheight>-28.3</geoidheight><src>gps</src><sat>13</sat><hdop>1.14</hdop><vdop>1.72</vdop><pdop>2.06</pdop><dgpsid>0000</dgpsid></trkpt>
<trkpt lat="32.235887000000005" lon="-110.98272383333332"><ele>703.7</ele><time>2025-12-12T03:21:21.000Z</time><extensions><gpxtpx:TrackPointExtension><gpxtpx:bearing>266.73</gpxtpx:bearing><gpxtpx:speed>1.8792509</gpxtpx:speed></gpxtpx:TrackPointExtension></extensions><geoidheight>-28.3</geoidheight><src>gps</src><sat>18</sat><hdop>0.66</hdop><vdop>0.94</vdop><pdop>1.15</pdop><dgpsid>0000</dgpsid></trkpt>
<trkpt lat="32.235846333333335" lon="-110.98335733333333"><ele>705.1</ele><time>2025-12-12T03:21:32.000Z</time><extensions><gpxtpx:TrackPointExtension><gpxtpx:bearing>267.06</gpxtpx:bearing><gpxtpx:speed>6.486015</gpxtpx:speed></gpxtpx:TrackPointExtension></extensions><geoidheight>-28.3</geoidheight><src>gps</src><sat>18</sat><hdop>0.62</hdop><vdop>0.96</vdop><pdop>1.14</pdop><dgpsid>0000</dgpsid></trkpt>
<trkpt lat="32.23579983333333" lon="-110.98382349999999"><ele>705.4</ele><time>2025-12-12T03:21:43.000Z</time><extensions><gpxtpx:TrackPointExtension><gpxtpx:speed>1.9780775</gpxtpx:speed></gpxtpx:TrackPointExtension></extensions><geoidheight>-28.3</geoidheight><src>gps</src><sat>14</sat><hdop>0.71</hdop><vdop>1.27</vdop><pdop>1.46</pdop><dgpsid>0000</dgpsid></trkpt>
<trkpt lat="32.235747833333335" lon="-110.98420400000002"><ele>701.0</ele><time>2025-12-12T03:21:54.000Z</time><extensions><gpxtpx:TrackPointExtension><gpxtpx:bearing>235.11</gpxtpx:bearing><gpxtpx:speed>4.9279504</gpxtpx:speed></gpxtpx:TrackPointExtension></extensions><geoidheight>-28.3</geoidheight><src>gps</src><sat>15</sat><hdop>0.68</hdop><vdop>1.04</vdop><pdop>1.24</pdop><dgpsid>0000</dgpsid></trkpt>
<trkpt lat="32.2348395" lon="-110.98426916666668"><ele>704.4</ele><time>2025-12-12T03:22:05.000Z</time><extensions><gpxtpx:TrackPointExtension><gpxtpx:bearing>168.69</gpxtpx:bearing><gpxtpx:speed>12.570031</gpxtpx:speed></gpxtpx:TrackPointExtension></extensions><geoidheight>-28.3</geoidheight><src>gps</src><sat>18</sat><hdop>0.68</hdop><vdop>0.96</vdop><pdop>1.18</pdop><dgpsid>0000</dgpsid></trkpt>
<trkpt lat="32.23334366666666" lon="-110.98384466666667"><ele>711.8</ele><time>2025-12-12T03:22:16.000Z</time><extensions><gpxtpx:TrackPointExtension><gpxtpx:bearing>165.75</gpxtpx:bearing><gpxtpx:speed>17.870642</gpxtpx:speed></gpxtpx:TrackPointExtension></extensions><geoidheight>-28.3</geoidheight><src>gps</src><sat>17</sat><hdop>0.64</hdop><vdop>0.95</vdop><pdop>1.14</pdop><dgpsid>0000</dgpsid></trkpt>
<trkpt lat="32.231517833333335" lon="-110.98328250000002"><ele>716.8</ele><time>2025-12-12T03:22:27.000Z</time><extensions><gpxtpx:TrackPointExtension><gpxtpx:bearing>165.1</gpxtpx:bearing><gpxtpx:speed>19.732391</gpxtpx:speed></gpxtpx:TrackPointExtension></extensions><geoidheight>-28.3</geoidheight><src>gps</src><sat>18</sat><hdop>0.61</hdop><vdop>0.93</vdop><pdop>1.11</pdop><dgpsid>0000</dgpsid></trkpt>
<trkpt lat="32.2295845" lon="-110.982656"><ele>721.2</ele><time>2025-12-12T03:22:38.000Z</time><extensions><gpxtpx:TrackPointExtension><gpxtpx:bearing>163.08</gpxtpx:bearing><gpxtpx:speed>21.07736</gpxtpx:speed></gpxtpx:TrackPointExtension></extensions><geoidheight>-28.4</geoidheight><src>gps</src><sat>17</sat><hdop>0.63</hdop><vdop>0.93</vdop><pdop>1.12</pdop><dgpsid>0000</dgpsid></trkpt>
<trkpt lat="32.227426333333334" lon="-110.98187850000001"><ele>721.2</ele><time>2025-12-12T03:22:49.000Z</time><extensions><gpxtpx:TrackPointExtension><gpxtpx:bearing>163.58</gpxtpx:bearing><gpxtpx:speed>24.44004</gpxtpx:speed></gpxtpx:TrackPointExtension></extensions><geoidheight>-28.4</geoidheight><src>gps</src><sat>17</sat><hdop>0.63</hdop><vdop>0.94</vdop><pdop>1.13</pdop><dgpsid>0000</dgpsid></trkpt>
<trkpt lat="32.22509" lon="-110.98118233333335"><ele>719.6</ele><time>2025-12-12T03:23:00.000Z</time><extensions><gpxtpx:TrackPointExtension><gpxtpx:bearing>167.72</gpxtpx:bearing><gpxtpx:speed>24.513645</gpxtpx:speed></gpxtpx:TrackPointExtension></extensions><geoidheight>-28.4</geoidheight><src>gps</src><sat>18</sat><hdop>0.61</hdop><vdop>0.93</vdop><pdop>1.11</pdop><dgpsid>0000</dgpsid></trkpt>
<trkpt lat="32.22273366666666" lon="-110.9806485"><ele>723.4</ele><time>2025-12-12T03:23:11.000Z</time><extensions><gpxtpx:TrackPointExtension><gpxtpx:bearing>169.78</gpxtpx:bearing><gpxtpx:speed>24.24599</gpxtpx:speed></gpxtpx:TrackPointExtension></extensions><geoidheight>-28.4</geoidheight><src>gps</src><sat>17</sat><hdop>0.66</hdop><vdop>0.98</vdop><pdop>1.19</pdop><dgpsid>0000</dgpsid></trkpt>
<trkpt lat="32.220371500000006" lon="-110.98017300000001"><ele>726.3</ele><time>2025-12-12T03:23:22.000Z</time><extensions><gpxtpx:TrackPointExtension><gpxtpx:bearing>171.68</gpxtpx:bearing><gpxtpx:speed>24.33195</gpxtpx:speed></gpxtpx:TrackPointExtension></extensions><geoidheight>-28.4</geoidheight><src>gps</src><sat>18</sat><hdop>0.61</hdop><vdop>0.93</vdop><pdop>1.11</pdop><dgpsid>0000</dgpsid></trkpt>
<trkpt lat="32.21795933333333" lon="-110.97988666666667"><ele>727.5</ele><time>2025-12-12T03:23:33.000Z</time><extensions><gpxtpx:TrackPointExtension><gpxtpx:bearing>176.71</gpxtpx:bearing><gpxtpx:speed>24.574898</gpxtpx:speed></gpxtpx:TrackPointExtension></extensions><geoidheight>-28.4</geoidheight><src>gps</src><sat>18</sat><hdop>0.63</hdop><vdop>0.93</vdop><pdop>1.13</pdop><dgpsid>0000</dgpsid></trkpt>
<trkpt lat="32.21556916666667" lon="-110.97980183333333"><ele>728.4</ele><time>2025-12-12T03:23:44.000Z</time><extensions><gpxtpx:TrackPointExtension><gpxtpx:bearing>179.45</gpxtpx:bearing><gpxtpx:speed>24.010763</gpxtpx:speed></gpxtpx:TrackPointExtension></extensions><geoidheight>-28.4</geoidheight><src>gps</src><sat>17</sat><hdop>0.63</hdop><vdop>0.94</vdop><pdop>1.13</pdop><dgpsid>0000</dgpsid></trkpt>
<trkpt lat="32.213274999999996" lon="-110.97978916666668"><ele>727.4</ele><time>2025-12-12T03:23:55.000Z</time><extensions><gpxtpx:TrackPointExtension><gpxtpx:bearing>179.79</gpxtpx:bearing><gpxtpx:speed>22.146439</gpxtpx:speed></gpxtpx:TrackPointExtension></extensions><geoidheight>-28.4</geoidheight><src>gps</src><sat>16</sat><hdop>0.66</hdop><vdop>0.95</vdop><pdop>1.15</pdop><dgpsid>0000</dgpsid></trkpt>
<trkpt lat="32.21100883333334" lon="-110.97976883333334"><ele>728.0</ele><time>2025-12-12T03:24:06.000Z</time><extensions><gpxtpx:TrackPointExtension><gpxtpx:bearing>179.44</gpxtpx:bearing><gpxtpx:speed>23.505304</gpxtpx:speed></gpxtpx:TrackPointExtension></extensions><geoidheight>-28.4</geoidheight><src>gps</src><sat>17</sat><hdop>0.63</hdop><vdop>0.94</vdop><pdop>1.13</pdop><dgpsid>0000</dgpsid></trkpt>
<trkpt lat="32.20865783333333" lon="-110.97974916666665"><ele>730.4</ele><time>2025-12-12T03:24:17.000Z</time><extensions><gpxtpx:TrackPointExtension><gpxtpx:bearing>179.32</gpxtpx:bearing><gpxtpx:speed>23.7534</gpxtpx:speed></gpxtpx:TrackPointExtension></extensions><geoidheight>-28.4</geoidheight><src>gps</src><sat>17</sat><hdop>0.63</hdop><vdop>0.94</vdop><pdop>1.13</pdop><dgpsid>0000</dgpsid></trkpt>
<trkpt lat="32.20629816666667" lon="-110.97973233333332"><ele>731.6</ele><time>2025-12-12T03:24:28.000Z</time><extensions><gpxtpx:TrackPointExtension><gpxtpx:bearing>179.33</gpxtpx:bearing><gpxtpx:speed>23.99738</gpxtpx:speed></gpxtpx:TrackPointExtension></extensions><geoidheight>-28.4</geoidheight><src>gps</src><sat>16</sat><hdop>0.73</hdop><vdop>1.01</vdop><pdop>1.25</pdop><dgpsid>0000</dgpsid></trkpt>
<trkpt lat="32.20390666666666" lon="-110.97971033333333"><ele>733.7</ele><time>2025-12-12T03:24:39.000Z</time><extensions><gpxtpx:TrackPointExtension><gpxtpx:bearing>179.96</gpxtpx:bearing><gpxtpx:speed>24.014366</gpxtpx:speed></gpxtpx:TrackPointExtension></extensions><geoidheight>-28.4</geoidheight><src>gps</src><sat>15</sat><hdop>0.73</hdop><vdop>1.01</vdop><pdop>1.25</pdop><dgpsid>0000</dgpsid></trkpt>
<trkpt lat="32.201537333333334" lon="-110.97962933333335"><ele>736.6</ele><time>2025-12-12T03:24:50.000Z</time><extensions><gpxtpx:TrackPointExtension><gpxtpx:bearing>175.63</gpxtpx:bearing><gpxtpx:speed>23.86767</gpxtpx:speed></gpxtpx:TrackPointExtension></extensions><geoidheight>-28.4</geoidheight><src>gps</src><sat>15</sat><hdop>0.69</hdop><vdop>0.97</vdop><pdop>1.19</pdop><dgpsid>0000</dgpsid></trkpt>
<trkpt lat="32.19927333333333" lon="-110.97940716666666"><ele>739.2</ele><time>2025-12-12T03:25:01.000Z</time><extensions><gpxtpx:TrackPointExtension><gpxtpx:bearing>176.2</gpxtpx:bearing><gpxtpx:speed>22.92161</gpxtpx:speed></gpxtpx:TrackPointExtension></extensions><geoidheight>-28.4</geoidheight><src>gps</src><sat>17</sat><hdop>0.65</hdop><vdop>0.96</vdop><pdop>1.16</pdop><dgpsid>0000</dgpsid></trkpt>
<trkpt lat="32.19700266666667" lon="-110.97924133333332"><ele>741.8</ele><time>2025-12-12T03:25:12.000Z</time><extensions><gpxtpx:TrackPointExtension><gpxtpx:bearing>176.38</gpxtpx:bearing><gpxtpx:speed>23.01426</gpxtpx:speed></gpxtpx:TrackPointExtension></extensions><geoidheight>-28.4</geoidheight><src>gps</src><sat>18</sat><hdop>0.62</hdop><vdop>0.93</vdop><pdop>1.12</pdop><dgpsid>0000</dgpsid></trkpt>
<trkpt lat="32.19470033333334" lon="-110.97937533333334"><ele>739.4</ele><time>2025-12-12T03:25:23.000Z</time><extensions><gpxtpx:TrackPointExtension><gpxtpx:bearing>188.95</gpxtpx:bearing><gpxtpx:speed>23.522806</gpxtpx:speed></gpxtpx:TrackPointExtension></extensions><geoidheight>-28.4</geoidheight><src>gps</src><sat>18</sat><hdop>0.62</hdop><vdop>0.93</vdop><pdop>1.12</pdop><dgpsid>0000</dgpsid></trkpt>
<trkpt lat="32.19246616666667" lon="-110.98008983333332"><ele>737.7</ele><time>2025-12-12T03:25:34.000Z</time><extensions><gpxtpx:TrackPointExtension><gpxtpx:bearing>201.32</gpxtpx:bearing><gpxtpx:speed>23.786343</gpxtpx:speed></gpxtpx:TrackPointExtension></extensions><geoidheight>-28.4</geoidheight><src>gps</src><sat>18</sat><hdop>0.63</hdop><vdop>0.96</vdop><pdop>1.15</pdop><dgpsid>0000</dgpsid></trkpt>
<trkpt lat="32.19030866666667" lon="-110.98133600000001"><ele>739.1</ele><time>2025-12-12T03:25:45.000Z</time><extensions><gpxtpx:TrackPointExtension><gpxtpx:bearing>207.69</gpxtpx:bearing><gpxtpx:speed>24.84204</gpxtpx:speed></gpxtpx:TrackPointExtension></extensions><geoidheight>-28.4</geoidheight><src>gps</src><sat>14</sat><hdop>0.70</hdop><vdop>0.99</vdop><pdop>1.21</pdop><dgpsid>0000</dgpsid></trkpt>
<trkpt lat="32.188100166666665" lon="-110.98268066666667"><ele>739.1</ele><time>2025-12-12T03:25:56.000Z</time><extensions><gpxtpx:TrackPointExtension><gpxtpx:bearing>207.08</gpxtpx:bearing><gpxtpx:speed>25.30117</gpxtpx:speed></gpxtpx:TrackPointExtension></extensions><geoidheight>-28.4</geoidheight><src>gps</src><sat>16</sat><hdop>0.66</hdop><vdop>0.95</vdop><pdop>1.15</pdop><dgpsid>0000</dgpsid></trkpt>
<trkpt lat="32.1857995" lon="-110.98412783333333"><ele>735.1</ele><time>2025-12-12T03:26:07.000Z</time><extensions><gpxtpx:TrackPointExtension><gpxtpx:bearing>207.47</gpxtpx:bearing><gpxtpx:speed>26.216347</gpxtpx:speed></gpxtpx:TrackPointExtension></extensions><geoidheight>-28.4</geoidheight><src>gps</src><sat>16</sat><hdop>0.65</hdop><vdop>0.97</vdop><pdop>1.17</pdop><dgpsid>0000</dgpsid></trkpt>
<trkpt lat="32.18347466666667" lon="-110.98521516666666"><ele>735.8</ele><time>2025-12-12T03:26:18.000Z</time><extensions><gpxtpx:TrackPointExtension><gpxtpx:bearing>197.45</gpxtpx:bearing><gpxtpx:speed>23.806417</gpxtpx:speed></gpxtpx:TrackPointExtension></extensions><geoidheight>-28.4</geoidheight><src>gps</src><sat>17</sat><hdop>0.66</hdop><vdop>0.95</vdop><pdop>1.15</pdop><dgpsid>0000</dgpsid></trkpt>
<trkpt lat="32.18122183333333" lon="-110.98574949999998"><ele>736.8</ele><time>2025-12-12T03:26:29.000Z</time><extensions><gpxtpx:TrackPointExtension><gpxtpx:bearing>186.75</gpxtpx:bearing><gpxtpx:speed>23.886715</gpxtpx:speed></gpxtpx:TrackPointExtension></extensions><geoidheight>-28.4</geoidheight><src>gps</src><sat>17</sat><hdop>0.66</hdop><vdop>0.95</vdop><pdop>1.15</pdop><dgpsid>0000</dgpsid></trkpt>
<trkpt lat="32.17888033333334" lon="-110.98583949999998"><ele>736.9</ele><time>2025-12-12T03:26:40.000Z</time><extensions><gpxtpx:TrackPointExtension><gpxtpx:bearing>181.05</gpxtpx:bearing><gpxtpx:speed>22.684837</gpxtpx:speed></gpxtpx:TrackPointExtension></extensions><geoidheight>-28.4</geoidheight><src>gps</src><sat>18</sat><hdop>0.66</hdop><vdop>0.95</vdop><pdop>1.15</pdop><dgpsid>0000</dgpsid></trkpt>
<trkpt lat="32.17678216666666" lon="-110.98597066666667"><ele>736.3</ele><time>2025-12-12T03:26:51.000Z</time><extensions><gpxtpx:TrackPointExtension><gpxtpx:bearing>188.01</gpxtpx:bearing><gpxtpx:speed>21.176702</gpxtpx:speed></gpxtpx:TrackPointExtension></extensions><geoidheight>-28.4</geoidheight><src>gps</src><sat>16</sat><hdop>0.72</hdop><vdop>1.01</vdop><pdop>1.24</pdop><dgpsid>0000</dgpsid></trkpt>
<trkpt lat="32.174605" lon="-110.9862855"><ele>736.7</ele><time>2025-12-12T03:27:02.000Z</time><extensions><gpxtpx:TrackPointExtension><gpxtpx:bearing>180.21</gpxtpx:bearing><gpxtpx:speed>23.204708</gpxtpx:speed></gpxtpx:TrackPointExtension></extensions><geoidheight>-28.4</geoidheight><src>gps</src><sat>17</sat><hdop>0.61</hdop><vdop>0.92</vdop><pdop>1.11</pdop><dgpsid>0000</dgpsid></trkpt>
<trkpt lat="32.1723015" lon="-110.98603266666666"><ele>739.3</ele><time>2025-12-12T03:27:13.000Z</time><extensions><gpxtpx:TrackPointExtension><gpxtpx:bearing>174.79</gpxtpx:bearing><gpxtpx:speed>23.608765</gpxtpx:speed></gpxtpx:TrackPointExtension></extensions><geoidheight>-28.4</geoidheight><src>gps</src><sat>18</sat><hdop>0.67</hdop><vdop>0.97</vdop><pdop>1.18</pdop><dgpsid>0000</dgpsid></trkpt>
<trkpt lat="32.16991533333333" lon="-110.98599033333333"><ele>741.3</ele><time>2025-12-12T03:27:24.000Z</time><extensions><gpxtpx:TrackPointExtension><gpxtpx:bearing>180.03</gpxtpx:bearing><gpxtpx:speed>23.687517</gpxtpx:speed></gpxtpx:TrackPointExtension></extensions><geoidheight>-28.4</geoidheight><src>gps</src><sat>17</sat><hdop>0.66</hdop><vdop>0.97</vdop><pdop>1.17</pdop><dgpsid>0000</dgpsid></trkpt>
<trkpt lat="32.167696500000005" lon="-110.98599633333333"><ele>743.6</ele><time>2025-12-12T03:27:35.000Z</time><extensions><gpxtpx:TrackPointExtension><gpxtpx:bearing>180.18</gpxtpx:bearing><gpxtpx:speed>21.445387</gpxtpx:speed></gpxtpx:TrackPointExtension></extensions><geoidheight>-28.4</geoidheight><src>gps</src><sat>18</sat><hdop>0.63</hdop><vdop>0.93</vdop><pdop>1.13</pdop><dgpsid>0000</dgpsid></trkpt>
<trkpt lat="32.16562" lon="-110.98608583333335"><ele>744.1</ele><time>2025-12-12T03:27:46.000Z</time><extensions><gpxtpx:TrackPointExtension><gpxtpx:bearing>183.93</gpxtpx:bearing><gpxtpx:speed>19.68092</gpxtpx:speed></gpxtpx:TrackPointExtension></extensions><geoidheight>-28.4</geoidheight><src>gps</src><sat>18</sat><hdop>0.61</hdop><vdop>0.92</vdop><pdop>1.11</pdop><dgpsid>0000</dgpsid></trkpt>
<trkpt lat="32.16385283333333" lon="-110.98632066666666"><ele>748.7</ele><time>2025-12-12T03:27:57.000Z</time><extensions><gpxtpx:TrackPointExtension><gpxtpx:bearing>187.21</gpxtpx:bearing><gpxtpx:speed>15.079817</gpxtpx:speed></gpxtpx:TrackPointExtension></extensions><geoidheight>-28.4</geoidheight><src>gps</src><sat>18</sat><hdop>0.61</hdop><vdop>0.92</vdop><pdop>1.11</pdop><dgpsid>0000</dgpsid></trkpt>
<trkpt lat="32.163340166666664" lon="-110.98692449999999"><ele>749.0</ele><time>2025-12-12T03:28:08.000Z</time><extensions><gpxtpx:TrackPointExtension><gpxtpx:bearing>268.32</gpxtpx:bearing><gpxtpx:speed>9.441035</gpxtpx:speed></gpxtpx:TrackPointExtension></extensions><geoidheight>-28.4</geoidheight><src>gps</src><sat>18</sat><hdop>0.61</hdop><vdop>0.92</vdop><pdop>1.11</pdop><dgpsid>0000</dgpsid></trkpt>
<trkpt lat="32.16332633333333" lon="-110.98812233333335"><ele>744.5</ele><time>2025-12-12T03:28:19.000Z</time><extensions><gpxtpx:TrackPointExtension><gpxtpx:bearing>268.31</gpxtpx:bearing><gpxtpx:speed>10.667618</gpxtpx:speed></gpxtpx:TrackPointExtension></extensions><geoidheight>-28.4</geoidheight><src>gps</src><sat>17</sat><hdop>0.65</hdop><vdop>0.98</vdop><pdop>1.17</pdop><dgpsid>0000</dgpsid></trkpt>
<trkpt lat="32.163273499999995" lon="-110.98953166666666"><ele>741.1</ele><time>2025-12-12T03:28:30.000Z</time><extensions><gpxtpx:TrackPointExtension><gpxtpx:bearing>266.88</gpxtpx:bearing><gpxtpx:speed>12.992619</gpxtpx:speed></gpxtpx:TrackPointExtension></extensions><geoidheight>-28.4</geoidheight><src>gps</src><sat>17</sat><hdop>0.65</hdop><vdop>0.98</vdop><pdop>1.17</pdop><dgpsid>0000</dgpsid></trkpt>
<trkpt lat="32.16320566666666" lon="-110.99089733333334"><ele>740.9</ele><time>2025-12-12T03:28:41.000Z</time><extensions><gpxtpx:TrackPointExtension><gpxtpx:bearing>269.6</gpxtpx:bearing><gpxtpx:speed>8.64373</gpxtpx:speed></gpxtpx:TrackPointExtension></extensions><geoidheight>-28.4</geoidheight><src>gps</src><sat>18</sat><hdop>0.61</hdop><vdop>0.92</vdop><pdop>1.11</pdop><dgpsid>0000</dgpsid></trkpt>
<trkpt lat="32.163197833333335" lon="-110.9912145"><ele>741.4</ele><time>2025-12-12T03:28:52.000Z</time><extensions><gpxtpx:TrackPointExtension><gpxtpx:speed>0.024706667</gpxtpx:speed></gpxtpx:TrackPointExtension></extensions><geoidheight>-28.4</geoidheight><src>gps</src><sat>18</sat><hdop>0.63</hdop><vdop>0.95</vdop><pdop>1.14</pdop><dgpsid>0000</dgpsid></trkpt>
<trkpt lat="32.163041" lon="-110.9914735"><ele>740.8</ele><time>2025-12-12T03:30:20.000Z</time><extensions><gpxtpx:TrackPointExtension><gpxtpx:bearing>199.32</gpxtpx:bearing><gpxtpx:speed>6.0011463</gpxtpx:speed></gpxtpx:TrackPointExtension></extensions><geoidheight>-28.4</geoidheight><src>gps</src><sat>18</sat><hdop>0.63</hdop><vdop>0.93</vdop><pdop>1.12</pdop><dgpsid>0000</dgpsid></trkpt>
<trkpt lat="32.16210266666667" lon="-110.99150399999999"><ele>739.8</ele><time>2025-12-12T03:30:31.000Z</time><extensions><gpxtpx:TrackPointExtension><gpxtpx:bearing>180.39</gpxtpx:bearing><gpxtpx:speed>9.753471</gpxtpx:speed></gpxtpx:TrackPointExtension></extensions><geoidheight>-28.4</geoidheight><src>gps</src><sat>18</sat><hdop>0.61</hdop><vdop>0.92</vdop><pdop>1.10</pdop><dgpsid>0000</dgpsid></trkpt>
<trkpt lat="32.160902" lon="-110.9912815"><ele>739.9</ele><time>2025-12-12T03:30:42.000Z</time><extensions><gpxtpx:TrackPointExtension><gpxtpx:bearing>166.85</gpxtpx:bearing><gpxtpx:speed>13.441971</gpxtpx:speed></gpxtpx:TrackPointExtension></extensions><geoidheight>-28.4</geoidheight><src>gps</src><sat>18</sat><hdop>0.61</hdop><vdop>0.92</vdop><pdop>1.10</pdop><dgpsid>0000</dgpsid></trkpt>
<trkpt lat="32.159455333333334" lon="-110.99086366666667"><ele>738.3</ele><time>2025-12-12T03:30:53.000Z</time><extensions><gpxtpx:TrackPointExtension><gpxtpx:bearing>165.89</gpxtpx:bearing><gpxtpx:speed>15.958962</gpxtpx:speed></gpxtpx:TrackPointExtension></extensions><geoidheight>-28.4</geoidheight><src>gps</src><sat>18</sat><hdop>0.61</hdop><vdop>0.92</vdop><pdop>1.10</pdop><dgpsid>0000</dgpsid></trkpt>
<trkpt lat="32.1580375" lon="-110.990708"><ele>739.7</ele><time>2025-12-12T03:31:04.000Z</time><extensions><gpxtpx:TrackPointExtension><gpxtpx:bearing>185.25</gpxtpx:bearing><gpxtpx:speed>14.357147</gpxtpx:speed></gpxtpx:TrackPointExtension></extensions><geoidheight>-28.4</geoidheight><src>gps</src><sat>18</sat><hdop>0.61</hdop><vdop>0.92</vdop><pdop>1.10</pdop><dgpsid>0000</dgpsid></trkpt>
<trkpt lat="32.1564855" lon="-110.99083450000002"><ele>739.7</ele><time>2025-12-12T03:31:15.000Z</time><extensions><gpxtpx:TrackPointExtension><gpxtpx:bearing>176.9</gpxtpx:bearing><gpxtpx:speed>15.421078</gpxtpx:speed></gpxtpx:TrackPointExtension></extensions><geoidheight>-28.5</geoidheight><src>gps</src><sat>18</sat><hdop>0.61</hdop><vdop>0.92</vdop><pdop>1.10</pdop><dgpsid>0000</dgpsid></trkpt>
<trkpt lat="32.155634" lon="-110.990517"><ele>740.7</ele><time>2025-12-12T03:31:26.000Z</time><extensions><gpxtpx:TrackPointExtension><gpxtpx:bearing>109.71</gpxtpx:bearing><gpxtpx:speed>5.498263</gpxtpx:speed></gpxtpx:TrackPointExtension></extensions><geoidheight>-28.5</geoidheight><src>gps</src><sat>18</sat><hdop>0.62</hdop><vdop>0.92</vdop><pdop>1.11</pdop><dgpsid>0000</dgpsid></trkpt>
<trkpt lat="32.155618499999996" lon="-110.98979716666666"><ele>740.9</ele><time>2025-12-12T03:31:37.000Z</time><extensions><gpxtpx:TrackPointExtension><gpxtpx:bearing>89.48</gpxtpx:bearing><gpxtpx:speed>6.2255654</gpxtpx:speed></gpxtpx:TrackPointExtension></extensions><geoidheight>-28.5</geoidheight><src>gps</src><sat>18</sat><hdop>0.61</hdop><vdop>0.92</vdop><pdop>1.10</pdop><dgpsid>0000</dgpsid></trkpt>
<trkpt lat="32.15555483333333" lon="-110.9890925"><ele>743.3</ele><time>2025-12-12T03:31:48.000Z</time><extensions><gpxtpx:TrackPointExtension><gpxtpx:bearing>93.39</gpxtpx:bearing><gpxtpx:speed>2.5005205</gpxtpx:speed></gpxtpx:TrackPointExtension></extensions><geoidheight>-28.5</geoidheight><src>gps</src><sat>17</sat><hdop>0.68</hdop><vdop>1.08</vdop><pdop>1.28</pdop><dgpsid>0000</dgpsid></trkpt>
<trkpt lat="32.155556000000004" lon="-110.98878266666667"><ele>742.5</ele><time>2025-12-12T03:31:59.000Z</time><extensions><gpxtpx:TrackPointExtension><gpxtpx:bearing>89.45</gpxtpx:bearing><gpxtpx:speed>2.6822176</gpxtpx:speed></gpxtpx:TrackPointExtension></extensions><geoidheight>-28.5</geoidheight><src>gps</src><sat>17</sat><hdop>0.74</hdop><vdop>1.09</vdop><pdop>1.31</pdop><dgpsid>0000</dgpsid></trkpt>
<trkpt lat="32.155435499999996" lon="-110.988722"><ele>742.3</ele><time>2025-12-12T03:32:10.000Z</time><extensions><gpxtpx:TrackPointExtension><gpxtpx:speed>0.049928054</gpxtpx:speed></gpxtpx:TrackPointExtension></extensions><geoidheight>-28.5</geoidheight><src>gps</src><sat>18</sat><hdop>0.63</hdop><vdop>0.92</vdop><pdop>1.11</pdop><dgpsid>0000</dgpsid></trkpt>
<trkpt lat="32.155702" lon="-110.99069033333332"><time>2025-12-12T04:03:26.000Z</time><extensions><gpxtpx:TrackPointExtension><gpxtpx:bearing>344.56</gpxtpx:bearing><gpxtpx:speed>0.46530887</gpxtpx:speed></gpxtpx:TrackPointExtension></extensions><src>gps</src><hdop>2.85</hdop><vdop>3.33</vdop><pdop>4.38</pdop></trkpt>
<trkpt lat="32.1559435" lon="-110.990659"><ele>741.7</ele><time>2025-12-12T04:03:37.000Z</time><extensions><gpxtpx:TrackPointExtension><gpxtpx:bearing>350.36</gpxtpx:bearing><gpxtpx:speed>5.266638</gpxtpx:speed></gpxtpx:TrackPointExtension></extensions><geoidheight>-28.5</geoidheight><src>gps</src><sat>7</sat><hdop>2.55</hdop><vdop>2.78</vdop><pdop>3.77</pdop></trkpt>
<trkpt lat="32.15685466666666" lon="-110.99076416666666"><ele>742.0</ele><time>2025-12-12T04:03:48.000Z</time><extensions><gpxtpx:TrackPointExtension><gpxtpx:bearing>3.97</gpxtpx:bearing><gpxtpx:speed>10.870419</gpxtpx:speed></gpxtpx:TrackPointExtension></extensions><geoidheight>-28.5</geoidheight><src>gps</src><sat>8</sat><hdop>2.52</hdop><vdop>2.77</vdop><pdop>3.75</pdop></trkpt>
<trkpt lat="32.15796983333333" lon="-110.99068066666665"><ele>742.0</ele><time>2025-12-12T04:03:59.000Z</time><extensions><gpxtpx:TrackPointExtension><gpxtpx:bearing>3.29</gpxtpx:bearing><gpxtpx:speed>10.494157</gpxtpx:speed></gpxtpx:TrackPointExtension></extensions><geoidheight>-28.4</geoidheight><src>gps</src><sat>9</sat><hdop>2.14</hdop><vdop>1.97</vdop><pdop>2.90</pdop></trkpt>
<trkpt lat="32.158686333333335" lon="-110.99065583333335"><ele>741.4</ele><time>2025-12-12T04:04:10.000Z</time><extensions><gpxtpx:TrackPointExtension><gpxtpx:bearing>354.71</gpxtpx:bearing><gpxtpx:speed>2.9735503</gpxtpx:speed></gpxtpx:TrackPointExtension></extensions><geoidheight>-28.4</geoidheight><src>gps</src><sat>10</sat><hdop>1.38</hdop><vdop>1.64</vdop><pdop>2.14</pdop></trkpt>
<trkpt lat="32.15875783333333" lon="-110.99065566666668"><ele>741.5</ele><time>2025-12-12T04:04:21.000Z</time><extensions><gpxtpx:TrackPointExtension><gpxtpx:bearing>346.24</gpxtpx:bearing><gpxtpx:speed>0.5857539</gpxtpx:speed></gpxtpx:TrackPointExtension></extensions><geoidheight>-28.4</geoidheight><src>gps</src><sat>12</sat><hdop>1.23</hdop><vdop>2.09</vdop><pdop>2.43</pdop></trkpt>
<trkpt lat="32.15940216666667" lon="-110.99081050000001"><ele>741.9</ele><time>2025-12-12T04:04:32.000Z</time><extensions><gpxtpx:TrackPointExtension><gpxtpx:bearing>345.82</gpxtpx:bearing><gpxtpx:speed>11.306388</gpxtpx:speed></gpxtpx:TrackPointExtension></extensions><geoidheight>-28.4</geoidheight><src>gps</src><sat>12</sat><hdop>1.08</hdop><vdop>1.52</vdop><pdop>1.86</pdop></trkpt>
<trkpt lat="32.16072783333333" lon="-110.9911925"><ele>743.4</ele><time>2025-12-12T04:04:43.000Z</time><extensions><gpxtpx:TrackPointExtension><gpxtpx:bearing>346.21</gpxtpx:bearing><gpxtpx:speed>14.42612</gpxtpx:speed></gpxtpx:TrackPointExtension></extensions><geoidheight>-28.4</geoidheight><src>gps</src><sat>13</sat><hdop>1.07</hdop><vdop>1.42</vdop><pdop>1.77</pdop></trkpt>
<trkpt lat="32.16202633333333" lon="-110.991459"><ele>742.1</ele><time>2025-12-12T04:04:54.000Z</time><extensions><gpxtpx:TrackPointExtension><gpxtpx:bearing>358.19</gpxtpx:bearing><gpxtpx:speed>12.010014</gpxtpx:speed></gpxtpx:TrackPointExtension></extensions><geoidheight>-28.4</geoidheight><src>gps</src><sat>14</sat><hdop>0.99</hdop><vdop>1.38</vdop><pdop>1.70</pdop></trkpt>
<trkpt lat="32.162775499999995" lon="-110.99147749999999"><ele>740.8</ele><time>2025-12-12T04:05:05.000Z</time><extensions><gpxtpx:TrackPointExtension><gpxtpx:bearing>0.24</gpxtpx:bearing><gpxtpx:speed>3.6612191</gpxtpx:speed></gpxtpx:TrackPointExtension></extensions><geoidheight>-28.4</geoidheight><src>gps</src><sat>14</sat><hdop>0.99</hdop><vdop>1.38</vdop><pdop>1.70</pdop></trkpt>
<trkpt lat="32.162865499999995" lon="-110.99148916666667"><ele>743.7</ele><time>2025-12-12T04:05:16.000Z</time><extensions><gpxtpx:TrackPointExtension><gpxtpx:speed>0.047354445</gpxtpx:speed></gpxtpx:TrackPointExtension></extensions><geoidheight>-28.4</geoidheight><src>gps</src><sat>14</sat><hdop>0.99</hdop><vdop>1.38</vdop><pdop>1.70</pdop></trkpt>
<trkpt lat="32.16320283333334" lon="-110.991579"><ele>743.6</ele><time>2025-12-12T04:05:38.000Z</time><extensions><gpxtpx:TrackPointExtension><gpxtpx:bearing>310.22</gpxtpx:bearing><gpxtpx:speed>5.546132</gpxtpx:speed></gpxtpx:TrackPointExtension></extensions><geoidheight>-28.4</geoidheight><src>gps</src><sat>14</sat><hdop>0.99</hdop><vdop>1.39</vdop><pdop>1.71</pdop></trkpt>
<trkpt lat="32.163204666666665" lon="-110.9925845"><ele>743.8</ele><time>2025-12-12T04:05:49.000Z</time><extensions><gpxtpx:TrackPointExtension><gpxtpx:bearing>269.39</gpxtpx:bearing><gpxtpx:speed>10.769533</gpxtpx:speed></gpxtpx:TrackPointExtension></extensions><geoidheight>-28.4</geoidheight><src>gps</src><sat>14</sat><hdop>0.99</hdop><vdop>1.39</vdop><pdop>1.71</pdop></trkpt>
<trkpt lat="32.163235500000006" lon="-110.99403916666667"><ele>743.0</ele><time>2025-12-12T04:06:00.000Z</time><extensions><gpxtpx:TrackPointExtension><gpxtpx:bearing>274.17</gpxtpx:bearing><gpxtpx:speed>13.719921</gpxtpx:speed></gpxtpx:TrackPointExtension></extensions><geoidheight>-28.4</geoidheight><src>gps</src><sat>14</sat><hdop>1.05</hdop><vdop>1.46</vdop><pdop>1.80</pdop></trkpt>
<trkpt lat="32.163199500000005" lon="-110.99565433333333"><ele>742.8</ele><time>2025-12-12T04:06:11.000Z</time><extensions><gpxtpx:TrackPointExtension><gpxtpx:bearing>263.63</gpxtpx:bearing><gpxtpx:speed>14.598037</gpxtpx:speed></gpxtpx:TrackPointExtension></extensions><geoidheight>-28.4</geoidheight><src>gps</src><sat>14</sat><hdop>0.99</hdop><vdop>1.39</vdop><pdop>1.71</pdop></trkpt>
<trkpt lat="32.1627715" lon="-110.99750466666667"><ele>742.1</ele><time>2025-12-12T04:06:22.000Z</time><extensions><gpxtpx:TrackPointExtension><gpxtpx:bearing>247.66</gpxtpx:bearing><gpxtpx:speed>18.013733</gpxtpx:speed></gpxtpx:TrackPointExtension></extensions><geoidheight>-28.5</geoidheight><src>gps</src><sat>14</sat><hdop>1.02</hdop><vdop>1.39</vdop><pdop>1.73</pdop></trkpt>
<trkpt lat="32.161876166666666" lon="-110.99930033333334"><ele>741.6</ele><time>2025-12-12T04:06:33.000Z</time><extensions><gpxtpx:TrackPointExtension><gpxtpx:bearing>232.01</gpxtpx:bearing><gpxtpx:speed>17.57622</gpxtpx:speed></gpxtpx:TrackPointExtension></extensions><geoidheight>-28.5</geoidheight><src>gps</src><sat>13</sat><hdop>1.06</hdop><vdop>1.43</vdop><pdop>1.78</pdop></trkpt>
<trkpt lat="32.16079666666667" lon="-111.00086566666666"><ele>741.9</ele><time>2025-12-12T04:06:44.000Z</time><extensions><gpxtpx:TrackPointExtension><gpxtpx:bearing>232.83</gpxtpx:bearing><gpxtpx:speed>17.078999</gpxtpx:speed></gpxtpx:TrackPointExtension></extensions><geoidheight>-28.5</geoidheight><src>gps</src><sat>14</sat><hdop>0.99</hdop><vdop>1.39</vdop><pdop>1.71</pdop></trkpt>
<trkpt lat="32.159965166666666" lon="-111.00245850000002"><ele>739.4</ele><time>2025-12-12T04:06:55.000Z</time><extensions><gpxtpx:TrackPointExtension><gpxtpx:bearing>246.6</gpxtpx:bearing><gpxtpx:speed>16.692957</gpxtpx:speed></gpxtpx:TrackPointExtension></extensions><geoidheight>-28.5</geoidheight><src>gps</src><sat>14</sat><hdop>0.99</hdop><vdop>1.39</vdop><pdop>1.71</pdop></trkpt>
<trkpt lat="32.15955783333333" lon="-111.00427566666667"><ele>736.7</ele><time>2025-12-12T04:07:06.000Z</time><extensions><gpxtpx:TrackPointExtension><gpxtpx:bearing>262.06</gpxtpx:bearing><gpxtpx:speed>15.866312</gpxtpx:speed></gpxtpx:TrackPointExtension></extensions><geoidheight>-28.5</geoidheight><src>gps</src><sat>14</sat><hdop>0.99</hdop><vdop>1.39</vdop><pdop>1.71</pdop></trkpt>
<trkpt lat="32.159483" lon="-111.00608666666668"><ele>735.3</ele><time>2025-12-12T04:07:17.000Z</time><extensions><gpxtpx:TrackPointExtension><gpxtpx:bearing>270.26</gpxtpx:bearing><gpxtpx:speed>13.18358</gpxtpx:speed></gpxtpx:TrackPointExtension></extensions><geoidheight>-28.5</geoidheight><src>gps</src><sat>14</sat><hdop>1.07</hdop><vdop>1.45</vdop><pdop>1.80</pdop></trkpt>
<trkpt lat="32.159591500000005" lon="-111.00696633333334"><ele>737.5</ele><time>2025-12-12T04:07:28.000Z</time><extensions><gpxtpx:TrackPointExtension><gpxtpx:bearing>341.18</gpxtpx:bearing><gpxtpx:speed>4.4755096</gpxtpx:speed></gpxtpx:TrackPointExtension></extensions><geoidheight>-28.5</geoidheight><src>gps</src><sat>14</sat><hdop>0.99</hdop><vdop>1.40</vdop><pdop>1.71</pdop><dgpsid>0000</dgpsid></trkpt>
<trkpt lat="32.160458" lon="-111.00681533333334"><ele>739.2</ele><time>2025-12-12T04:07:39.000Z</time><extensions><gpxtpx:TrackPointExtension><gpxtpx:bearing>7.63</gpxtpx:bearing><gpxtpx:speed>13.03534</gpxtpx:speed></gpxtpx:TrackPointExtension></extensions><geoidheight>-28.5</geoidheight><src>gps</src><sat>14</sat><hdop>0.99</hdop><vdop>1.40</vdop><pdop>1.71</pdop><dgpsid>0000</dgpsid></trkpt>
<trkpt lat="32.16196" lon="-111.00662733333333"><ele>740.0</ele><time>2025-12-12T04:07:50.000Z</time><extensions><gpxtpx:TrackPointExtension><gpxtpx:bearing>5.16</gpxtpx:bearing><gpxtpx:speed>16.477287</gpxtpx:speed></gpxtpx:TrackPointExtension></extensions><geoidheight>-28.5</geoidheight><src>gps</src><sat>14</sat><hdop>0.99</hdop><vdop>1.40</vdop><pdop>1.71</pdop><dgpsid>0000</dgpsid></trkpt>
<trkpt lat="32.163680500000005" lon="-111.00642433333333"><ele>740.9</ele><time>2025-12-12T04:08:01.000Z</time><extensions><gpxtpx:TrackPointExtension><gpxtpx:bearing>5.23</gpxtpx:bearing><gpxtpx:speed>18.466175</gpxtpx:speed></gpxtpx:TrackPointExtension></extensions><geoidheight>-28.5</geoidheight><src>gps</src><sat>14</sat><hdop>0.99</hdop><vdop>1.40</vdop><pdop>1.71</pdop><dgpsid>0000</dgpsid></trkpt>
<trkpt lat="32.1655625" lon="-111.006209"><ele>741.5</ele><time>2025-12-12T04:08:12.000Z</time><extensions><gpxtpx:TrackPointExtension><gpxtpx:bearing>5.94</gpxtpx:bearing><gpxtpx:speed>19.36385</gpxtpx:speed></gpxtpx:TrackPointExtension></extensions><geoidheight>-28.5</geoidheight><src>gps</src><sat>14</sat><hdop>0.99</hdop><vdop>1.40</vdop><pdop>1.71</pdop><dgpsid>0000</dgpsid></trkpt>
<trkpt lat="32.16739866666667" lon="-111.00598283333332"><ele>741.9</ele><time>2025-12-12T04:08:23.000Z</time><extensions><gpxtpx:TrackPointExtension><gpxtpx:bearing>9.2</gpxtpx:bearing><gpxtpx:speed>17.903584</gpxtpx:speed></gpxtpx:TrackPointExtension></extensions><geoidheight>-28.5</geoidheight><src>gps</src><sat>14</sat><hdop>0.99</hdop><vdop>1.40</vdop><pdop>1.72</pdop><dgpsid>0000</dgpsid></trkpt>
<trkpt lat="32.16901466666666" lon="-111.00532700000001"><ele>741.8</ele><time>2025-12-12T04:08:34.000Z</time><extensions><gpxtpx:TrackPointExtension><gpxtpx:bearing>27.88</gpxtpx:bearing><gpxtpx:speed>17.141794</gpxtpx:speed></gpxtpx:TrackPointExtension></extensions><geoidheight>-28.5</geoidheight><src>gps</src><sat>14</sat><hdop>0.99</hdop><vdop>1.40</vdop><pdop>1.72</pdop><dgpsid>0000</dgpsid></trkpt>
<trkpt lat="32.17049316666667" lon="-111.00418616666666"><ele>738.0</ele><time>2025-12-12T04:08:45.000Z</time><extensions><gpxtpx:TrackPointExtension><gpxtpx:bearing>31.0</gpxtpx:bearing><gpxtpx:speed>18.52022</gpxtpx:speed></gpxtpx:TrackPointExtension></extensions><geoidheight>-28.4</geoidheight><src>gps</src><sat>15</sat><hdop>0.87</hdop><vdop>1.09</vdop><pdop>1.40</pdop><dgpsid>0000</dgpsid></trkpt>
<trkpt lat="32.17221" lon="-111.00321516666666"><ele>734.5</ele><time>2025-12-12T04:08:56.000Z</time><extensions><gpxtpx:TrackPointExtension><gpxtpx:bearing>20.85</gpxtpx:bearing><gpxtpx:speed>19.670109</gpxtpx:speed></gpxtpx:TrackPointExtension></extensions><geoidheight>-28.4</geoidheight><src>gps</src><sat>15</sat><hdop>0.87</hdop><vdop>1.09</vdop><pdop>1.40</pdop><dgpsid>0000</dgpsid></trkpt>
<trkpt lat="32.174014166666666" lon="-111.0027075"><ele>731.4</ele><time>2025-12-12T04:09:07.000Z</time><extensions><gpxtpx:TrackPointExtension><gpxtpx:bearing>1.86</gpxtpx:bearing><gpxtpx:speed>17.408936</gpxtpx:speed></gpxtpx:TrackPointExtension></extensions><geoidheight>-28.4</geoidheight><src>gps</src><sat>15</sat><hdop>0.87</hdop><vdop>1.10</vdop><pdop>1.40</pdop><dgpsid>0000</dgpsid></trkpt>
<trkpt lat="32.17565816666667" lon="-111.00294066666666"><ele>734.0</ele><time>2025-12-12T04:09:18.000Z</time><extensions><gpxtpx:TrackPointExtension><gpxtpx:bearing>346.77</gpxtpx:bearing><gpxtpx:speed>16.5756</gpxtpx:speed></gpxtpx:TrackPointExtension></extensions><geoidheight>-28.4</geoidheight><src>gps</src><sat>15</sat><hdop>0.87</hdop><vdop>1.10</vdop><pdop>1.40</pdop><dgpsid>0000</dgpsid></trkpt>
<trkpt lat="32.17705616666667" lon="-111.003264"><ele>735.4</ele><time>2025-12-12T04:09:29.000Z</time><extensions><gpxtpx:TrackPointExtension><gpxtpx:bearing>353.19</gpxtpx:bearing><gpxtpx:speed>11.715077</gpxtpx:speed></gpxtpx:TrackPointExtension></extensions><geoidheight>-28.4</geoidheight><src>gps</src><sat>15</sat><hdop>0.87</hdop><vdop>1.10</vdop><pdop>1.40</pdop><dgpsid>0000</dgpsid></trkpt>
<trkpt lat="32.17763133333334" lon="-111.00328783333335"><ele>737.8</ele><time>2025-12-12T04:09:40.000Z</time><extensions><gpxtpx:TrackPointExtension><gpxtpx:bearing>358.93</gpxtpx:bearing><gpxtpx:speed>0.60994583</gpxtpx:speed></gpxtpx:TrackPointExtension></extensions><geoidheight>-28.4</geoidheight><src>gps</src><sat>15</sat><hdop>0.87</hdop><vdop>1.10</vdop><pdop>1.40</pdop><dgpsid>0000</dgpsid></trkpt>
<trkpt lat="32.17798166666667" lon="-111.00369716666667"><ele>737.9</ele><time>2025-12-12T04:09:51.000Z</time><extensions><gpxtpx:TrackPointExtension><gpxtpx:bearing>270.09</gpxtpx:bearing><gpxtpx:speed>9.118304</gpxtpx:speed></gpxtpx:TrackPointExtension></extensions><geoidheight>-28.4</geoidheight><src>gps</src><sat>15</sat><hdop>0.87</hdop><vdop>1.10</vdop><pdop>1.40</pdop><dgpsid>0000</dgpsid></trkpt>
<trkpt lat="32.17797916666667" lon="-111.00519466666668"><ele>741.8</ele><time>2025-12-12T04:10:02.000Z</time><extensions><gpxtpx:TrackPointExtension><gpxtpx:bearing>270.29</gpxtpx:bearing><gpxtpx:speed>15.219821</gpxtpx:speed></gpxtpx:TrackPointExtension></extensions><geoidheight>-28.4</geoidheight><src>gps</src><sat>14</sat><hdop>1.01</hdop><vdop>1.41</vdop><pdop>1.74</pdop><dgpsid>0000</dgpsid></trkpt>
<trkpt lat="32.17798616666666" lon="-111.00713966666666"><ele>744.1</ele><time>2025-12-12T04:10:13.000Z</time><extensions><gpxtpx:TrackPointExtension><gpxtpx:bearing>270.36</gpxtpx:bearing><gpxtpx:speed>17.804241</gpxtpx:speed></gpxtpx:TrackPointExtension></extensions><geoidheight>-28.4</geoidheight><src>gps</src><sat>14</sat><hdop>0.91</hdop><vdop>1.16</vdop><pdop>1.47</pdop><dgpsid>0000</dgpsid></trkpt>
<trkpt lat="32.177989499999995" lon="-111.00925516666666"><ele>748.4</ele><time>2025-12-12T04:10:24.000Z</time><extensions><gpxtpx:TrackPointExtension><gpxtpx:bearing>269.67</gpxtpx:bearing><gpxtpx:speed>18.235064</gpxtpx:speed></gpxtpx:TrackPointExtension></extensions><geoidheight>-28.4</geoidheight><src>gps</src><sat>16</sat><hdop>0.83</hdop><vdop>1.12</vdop><pdop>1.39</pdop><dgpsid>0000</dgpsid></trkpt>
<trkpt lat="32.17798783333333" lon="-111.011299"><ele>752.0</ele><time>2025-12-12T04:10:35.000Z</time><extensions><gpxtpx:TrackPointExtension><gpxtpx:bearing>270.12</gpxtpx:bearing><gpxtpx:speed>16.679058</gpxtpx:speed></gpxtpx:TrackPointExtension></extensions><geoidheight>-28.4</geoidheight><src>gps</src><sat>15</sat><hdop>0.90</hdop><vdop>1.16</vdop><pdop>1.47</pdop><dgpsid>0000</dgpsid></trkpt>
<trkpt lat="32.17792983333333" lon="-111.01340516666666"><ele>755.3</ele><time>2025-12-12T04:10:46.000Z</time><extensions><gpxtpx:TrackPointExtension><gpxtpx:bearing>265.34</gpxtpx:bearing><gpxtpx:speed>19.136858</gpxtpx:speed></gpxtpx:TrackPointExtension></extensions><geoidheight>-28.4</geoidheight><src>gps</src><sat>16</sat><hdop>0.82</hdop><vdop>1.12</vdop><pdop>1.39</pdop><dgpsid>0000</dgpsid></trkpt>
<trkpt lat="32.17767516666667" lon="-111.01565950000001"><ele>757.8</ele><time>2025-12-12T04:10:57.000Z</time><extensions><gpxtpx:TrackPointExtension><gpxtpx:bearing>259.34</gpxtpx:bearing><gpxtpx:speed>19.857983</gpxtpx:speed></gpxtpx:TrackPointExtension></extensions><geoidheight>-28.5</geoidheight><src>gps</src><sat>15</sat><hdop>0.77</hdop><vdop>1.06</vdop><pdop>1.31</pdop><dgpsid>0000</dgpsid></trkpt>
<trkpt lat="32.177179833333334" lon="-111.01794300000002"><ele>759.5</ele><time>2025-12-12T04:11:08.000Z</time><extensions><gpxtpx:TrackPointExtension><gpxtpx:bearing>255.04</gpxtpx:bearing><gpxtpx:speed>20.245054</gpxtpx:speed></gpxtpx:TrackPointExtension></extensions><geoidheight>-28.5</geoidheight><src>gps</src><sat>16</sat><hdop>0.71</hdop><vdop>0.95</vdop><pdop>1.18</pdop><dgpsid>0000</dgpsid></trkpt>
<trkpt lat="32.1767155" lon="-111.020267"><ele>765.2</ele><time>2025-12-12T04:11:19.000Z</time><extensions><gpxtpx:TrackPointExtension><gpxtpx:bearing>260.01</gpxtpx:bearing><gpxtpx:speed>20.677422</gpxtpx:speed></gpxtpx:TrackPointExtension></extensions><geoidheight>-28.5</geoidheight><src>gps</src><sat>15</sat><hdop>0.71</hdop><vdop>0.95</vdop><pdop>1.18</pdop><dgpsid>0000</dgpsid></trkpt>
<trkpt lat="32.17650016666666" lon="-111.02269433333335"><ele>771.8</ele><time>2025-12-12T04:11:30.000Z</time><extensions><gpxtpx:TrackPointExtension><gpxtpx:bearing>267.6</gpxtpx:bearing><gpxtpx:speed>20.662495</gpxtpx:speed></gpxtpx:TrackPointExtension></extensions><geoidheight>-28.5</geoidheight><src>gps</src><sat>16</sat><hdop>0.68</hdop><vdop>0.90</vdop><pdop>1.13</pdop><dgpsid>0000</dgpsid></trkpt>
<trkpt lat="32.1765555" lon="-111.02512966666667"><ele>778.6</ele><time>2025-12-12T04:11:41.000Z</time><extensions><gpxtpx:TrackPointExtension><gpxtpx:bearing>274.29</gpxtpx:bearing><gpxtpx:speed>21.130892</gpxtpx:speed></gpxtpx:TrackPointExtension></extensions><geoidheight>-28.5</geoidheight><src>gps</src><sat>16</sat><hdop>0.68</hdop><vdop>0.90</vdop><pdop>1.13</pdop><dgpsid>0000</dgpsid></trkpt>
<trkpt lat="32.17672583333333" lon="-111.0276845"><ele>781.7</ele><time>2025-12-12T04:11:52.000Z</time><extensions><gpxtpx:TrackPointExtension><gpxtpx:bearing>274.36</gpxtpx:bearing><gpxtpx:speed>22.708</gpxtpx:speed></gpxtpx:TrackPointExtension></extensions><geoidheight>-28.5</geoidheight><src>gps</src><sat>16</sat><hdop>0.68</hdop><vdop>0.90</vdop><pdop>1.13</pdop><dgpsid>0000</dgpsid></trkpt>
<trkpt lat="32.176909333333334" lon="-111.03039783333334"><ele>782.5</ele><time>2025-12-12T04:12:03.000Z</time><extensions><gpxtpx:TrackPointExtension><gpxtpx:bearing>274.57</gpxtpx:bearing><gpxtpx:speed>23.807962</gpxtpx:speed></gpxtpx:TrackPointExtension></extensions><geoidheight>-28.5</geoidheight><src>gps</src><sat>16</sat><hdop>0.68</hdop><vdop>0.90</vdop><pdop>1.13</pdop><dgpsid>0000</dgpsid></trkpt>
<trkpt lat="32.1770935" lon="-111.03316866666667"><ele>783.3</ele><time>2025-12-12T04:12:14.000Z</time><extensions><gpxtpx:TrackPointExtension><gpxtpx:bearing>274.09</gpxtpx:bearing><gpxtpx:speed>23.88517</gpxtpx:speed></gpxtpx:TrackPointExtension></extensions><geoidheight>-28.5</geoidheight><src>gps</src><sat>16</sat><hdop>0.68</hdop><vdop>0.90</vdop><pdop>1.13</pdop><dgpsid>0000</dgpsid></trkpt>
<trkpt lat="32.177280833333334" lon="-111.03596616666667"><ele>790.2</ele><time>2025-12-12T04:12:25.000Z</time><extensions><gpxtpx:TrackPointExtension><gpxtpx:bearing>274.84</gpxtpx:bearing><gpxtpx:speed>24.253712</gpxtpx:speed></gpxtpx:TrackPointExtension></extensions><geoidheight>-28.5</geoidheight><src>gps</src><sat>16</sat><hdop>0.68</hdop><vdop>0.90</vdop><pdop>1.13</pdop><dgpsid>0000</dgpsid></trkpt>
<trkpt lat="32.17747116666667" lon="-111.03881516666667"><ele>796.9</ele><time>2025-12-12T04:12:36.000Z</time><extensions><gpxtpx:TrackPointExtension><gpxtpx:bearing>274.53</gpxtpx:bearing><gpxtpx:speed>24.890938</gpxtpx:speed></gpxtpx:TrackPointExtension></extensions><geoidheight>-28.5</geoidheight><src>gps</src><sat>15</sat><hdop>0.71</hdop><vdop>0.95</vdop><pdop>1.18</pdop><dgpsid>0000</dgpsid></trkpt>
<trkpt lat="32.17765333333333" lon="-111.04167433333332"><ele>800.4</ele><time>2025-12-12T04:12:47.000Z</time><extensions><gpxtpx:TrackPointExtension><gpxtpx:bearing>274.92</gpxtpx:bearing><gpxtpx:speed>24.499233</gpxtpx:speed></gpxtpx:TrackPointExtension></extensions><geoidheight>-28.5</geoidheight><src>gps</src><sat>15</sat><hdop>0.71</hdop><vdop>0.95</vdop><pdop>1.18</pdop><dgpsid>0000</dgpsid></trkpt>
<trkpt lat="32.1778295" lon="-111.04451083333333"><ele>803.8</ele><time>2025-12-12T04:12:58.000Z</time><extensions><gpxtpx:TrackPointExtension><gpxtpx:bearing>273.04</gpxtpx:bearing><gpxtpx:speed>24.48894</gpxtpx:speed></gpxtpx:TrackPointExtension></extensions><geoidheight>-28.5</geoidheight><src>gps</src><sat>14</sat><hdop>0.83</hdop><vdop>1.17</vdop><pdop>1.44</pdop><dgpsid>0000</dgpsid></trkpt>
<trkpt lat="32.177735999999996" lon="-111.04738683333335"><ele>806.4</ele><time>2025-12-12T04:13:09.000Z</time><extensions><gpxtpx:TrackPointExtension><gpxtpx:bearing>263.65</gpxtpx:bearing><gpxtpx:speed>24.750418</gpxtpx:speed></gpxtpx:TrackPointExtension></extensions><geoidheight>-28.5</geoidheight><src>gps</src><sat>15</sat><hdop>0.79</hdop><vdop>1.14</vdop><pdop>1.39</pdop><dgpsid>0000</dgpsid></trkpt>
<trkpt lat="32.17727633333333" lon="-111.05016483333333"><ele>807.2</ele><time>2025-12-12T04:13:20.000Z</time><extensions><gpxtpx:TrackPointExtension><gpxtpx:bearing>255.11</gpxtpx:bearing><gpxtpx:speed>23.502216</gpxtpx:speed></gpxtpx:TrackPointExtension></extensions><geoidheight>-28.5</geoidheight><src>gps</src><sat>15</sat><hdop>0.71</hdop><vdop>0.95</vdop><pdop>1.18</pdop><dgpsid>0000</dgpsid></trkpt>
<trkpt lat="32.17658216666667" lon="-111.05276416666666"><ele>805.7</ele><time>2025-12-12T04:13:31.000Z</time><extensions><gpxtpx:TrackPointExtension><gpxtpx:bearing>252.08</gpxtpx:bearing><gpxtpx:speed>23.691635</gpxtpx:speed></gpxtpx:TrackPointExtension></extensions><geoidheight>-28.5</geoidheight><src>gps</src><sat>16</sat><hdop>0.68</hdop><vdop>0.89</vdop><pdop>1.12</pdop><dgpsid>0000</dgpsid></trkpt>
<trkpt lat="32.1758535" lon="-111.05540266666667"><ele>802.6</ele><time>2025-12-12T04:13:42.000Z</time><extensions><gpxtpx:TrackPointExtension><gpxtpx:bearing>252.04</gpxtpx:bearing><gpxtpx:speed>23.982452</gpxtpx:speed></gpxtpx:TrackPointExtension></extensions><geoidheight>-28.5</geoidheight><src>gps</src><sat>16</sat><hdop>0.68</hdop><vdop>0.89</vdop><pdop>1.12</pdop><dgpsid>0000</dgpsid></trkpt>
<trkpt lat="32.175144833333334" lon="-111.05799116666667"><ele>798.7</ele><time>2025-12-12T04:13:53.000Z</time><extensions><gpxtpx:TrackPointExtension><gpxtpx:bearing>251.93</gpxtpx:bearing><gpxtpx:speed>22.343576</gpxtpx:speed></gpxtpx:TrackPointExtension></extensions><geoidheight>-28.5</geoidheight><src>gps</src><sat>16</sat><hdop>0.68</hdop><vdop>0.89</vdop><pdop>1.12</pdop><dgpsid>0000</dgpsid></trkpt>
<trkpt lat="32.174460833333335" lon="-111.06045799999998"><ele>795.8</ele><time>2025-12-12T04:14:04.000Z</time><extensions><gpxtpx:TrackPointExtension><gpxtpx:bearing>251.58</gpxtpx:bearing><gpxtpx:speed>22.415123</gpxtpx:speed></gpxtpx:TrackPointExtension></extensions><geoidheight>-28.5</geoidheight><src>gps</src><sat>16</sat><hdop>0.68</hdop><vdop>0.89</vdop><pdop>1.12</pdop><dgpsid>0000</dgpsid></trkpt>
<trkpt lat="32.17378083333333" lon="-111.06292666666668"><ele>793.0</ele><time>2025-12-12T04:14:15.000Z</time><extensions><gpxtpx:TrackPointExtension><gpxtpx:bearing>251.72</gpxtpx:bearing><gpxtpx:speed>21.68782</gpxtpx:speed></gpxtpx:TrackPointExtension></extensions><geoidheight>-28.5</geoidheight><src>gps</src><sat>16</sat><hdop>0.76</hdop><vdop>1.04</vdop><pdop>1.29</pdop><dgpsid>0000</dgpsid></trkpt>
<trkpt lat="32.173153" lon="-111.06520233333335"><ele>790.2</ele><time>2025-12-12T04:14:26.000Z</time><extensions><gpxtpx:TrackPointExtension><gpxtpx:bearing>251.72</gpxtpx:bearing><gpxtpx:speed>19.498707</gpxtpx:speed></gpxtpx:TrackPointExtension></extensions><geoidheight>-28.5</geoidheight><src>gps</src><sat>16</sat><hdop>0.68</hdop><vdop>0.89</vdop><pdop>1.12</pdop><dgpsid>0000</dgpsid></trkpt>
<trkpt lat="32.172568" lon="-111.06733700000001"><ele>788.5</ele><time>2025-12-12T04:14:37.000Z</time><extensions><gpxtpx:TrackPointExtension><gpxtpx:bearing>253.22</gpxtpx:bearing><gpxtpx:speed>18.412128</gpxtpx:speed></gpxtpx:TrackPointExtension></extensions><geoidheight>-28.5</geoidheight><src>gps</src><sat>16</sat><hdop>0.68</hdop><vdop>0.89</vdop><pdop>1.12</pdop><dgpsid>0000</dgpsid></trkpt>
<trkpt lat="32.17219383333334" lon="-111.06902766666666"><ele>786.6</ele><time>2025-12-12T04:14:48.000Z</time><extensions><gpxtpx:TrackPointExtension><gpxtpx:bearing>254.58</gpxtpx:bearing><gpxtpx:speed>11.113882</gpxtpx:speed></gpxtpx:TrackPointExtension></extensions><geoidheight>-28.5</geoidheight><src>gps</src><sat>16</sat><hdop>0.68</hdop><vdop>0.89</vdop><pdop>1.12</pdop><dgpsid>0000</dgpsid></trkpt>
<trkpt lat="32.171862000000004" lon="-111.07024733333334"><ele>785.4</ele><time>2025-12-12T04:14:59.000Z</time><extensions><gpxtpx:TrackPointExtension><gpxtpx:bearing>252.22</gpxtpx:bearing><gpxtpx:speed>10.259958</gpxtpx:speed></gpxtpx:TrackPointExtension></extensions><geoidheight>-28.5</geoidheight><src>gps</src><sat>16</sat><hdop>0.68</hdop><vdop>0.89</vdop><pdop>1.12</pdop><dgpsid>0000</dgpsid></trkpt>
<trkpt lat="32.17161733333333" lon="-111.07115933333334"><ele>784.5</ele><time>2025-12-12T04:15:10.000Z</time><extensions><gpxtpx:TrackPointExtension><gpxtpx:bearing>250.76</gpxtpx:bearing><gpxtpx:speed>2.2658072</gpxtpx:speed></gpxtpx:TrackPointExtension></extensions><geoidheight>-28.5</geoidheight><src>gps</src><sat>16</sat><hdop>0.68</hdop><vdop>0.89</vdop><pdop>1.12</pdop><dgpsid>0000</dgpsid></trkpt>
<trkpt lat="32.171743500000005" lon="-111.07143283333335"><ele>785.4</ele><time>2025-12-12T04:15:21.000Z</time><extensions><gpxtpx:TrackPointExtension><gpxtpx:bearing>344.78</gpxtpx:bearing><gpxtpx:speed>4.595955</gpxtpx:speed></gpxtpx:TrackPointExtension></extensions><geoidheight>-28.5</geoidheight><src>gps</src><sat>16</sat><hdop>0.69</hdop><vdop>0.90</vdop><pdop>1.14</pdop><dgpsid>0000</dgpsid></trkpt>
<trkpt lat="32.17254033333334" lon="-111.07166433333332"><ele>788.7</ele><time>2025-12-12T04:15:32.000Z</time><extensions><gpxtpx:TrackPointExtension><gpxtpx:bearing>342.08</gpxtpx:bearing><gpxtpx:speed>11.16484</gpxtpx:speed></gpxtpx:TrackPointExtension></extensions><geoidheight>-28.5</geoidheight><src>gps</src><sat>16</sat><hdop>0.82</hdop><vdop>1.13</vdop><pdop>1.40</pdop><dgpsid>0000</dgpsid></trkpt>
<trkpt lat="32.173514" lon="-111.07270783333334"><ele>789.8</ele><time>2025-12-12T04:15:43.000Z</time><extensions><gpxtpx:TrackPointExtension><gpxtpx:bearing>305.53</gpxtpx:bearing><gpxtpx:speed>15.337178</gpxtpx:speed></gpxtpx:TrackPointExtension></extensions><geoidheight>-28.5</geoidheight><src>gps</src><sat>15</sat><hdop>0.80</hdop><vdop>1.09</vdop><pdop>1.36</pdop><dgpsid>0000</dgpsid></trkpt>
<trkpt lat="32.17439566666667" lon="-111.07424016666667"><ele>789.5</ele><time>2025-12-12T04:15:54.000Z</time><extensions><gpxtpx:TrackPointExtension><gpxtpx:bearing>305.78</gpxtpx:bearing><gpxtpx:speed>16.60288</gpxtpx:speed></gpxtpx:TrackPointExtension></extensions><geoidheight>-28.5</geoidheight><src>gps</src><sat>16</sat><hdop>0.68</hdop><vdop>0.89</vdop><pdop>1.12</pdop><dgpsid>0000</dgpsid></trkpt>
<trkpt lat="32.175382" lon="-111.07582183333334"><ele>789.9</ele><time>2025-12-12T04:16:05.000Z</time><extensions><gpxtpx:TrackPointExtension><gpxtpx:bearing>305.69</gpxtpx:bearing><gpxtpx:speed>16.534422</gpxtpx:speed></gpxtpx:TrackPointExtension></extensions><geoidheight>-28.5</geoidheight><src>gps</src><sat>16</sat><hdop>0.69</hdop><vdop>0.90</vdop><pdop>1.13</pdop><dgpsid>0000</dgpsid></trkpt>
<trkpt lat="32.17634266666666" lon="-111.07738749999999"><ele>790.6</ele><time>2025-12-12T04:16:16.000Z</time><extensions><gpxtpx:TrackPointExtension><gpxtpx:bearing>306.14</gpxtpx:bearing><gpxtpx:speed>17.080542</gpxtpx:speed></gpxtpx:TrackPointExtension></extensions><geoidheight>-28.5</geoidheight><src>gps</src><sat>16</sat><hdop>0.69</hdop><vdop>0.90</vdop><pdop>1.13</pdop><dgpsid>0000</dgpsid></trkpt>
<trkpt lat="32.1773455" lon="-111.07900450000001"><ele>791.1</ele><time>2025-12-12T04:16:27.000Z</time><extensions><gpxtpx:TrackPointExtension><gpxtpx:bearing>306.44</gpxtpx:bearing><gpxtpx:speed>16.767591</gpxtpx:speed></gpxtpx:TrackPointExtension></extensions><geoidheight>-28.5</geoidheight><src>gps</src><sat>16</sat><hdop>0.69</hdop><vdop>0.90</vdop><pdop>1.13</pdop><dgpsid>0000</dgpsid></trkpt>
<trkpt lat="32.1783415" lon="-111.08055416666666"><ele>792.1</ele><time>2025-12-12T04:16:38.000Z</time><extensions><gpxtpx:TrackPointExtension><gpxtpx:bearing>306.94</gpxtpx:bearing><gpxtpx:speed>16.5756</gpxtpx:speed></gpxtpx:TrackPointExtension></extensions><geoidheight>-28.5</geoidheight><src>gps</src><sat>16</sat><hdop>0.69</hdop><vdop>0.90</vdop><pdop>1.13</pdop><dgpsid>0000</dgpsid></trkpt>
<trkpt lat="32.179305500000005" lon="-111.08208916666666"><ele>793.6</ele><time>2025-12-12T04:16:49.000Z</time><extensions><gpxtpx:TrackPointExtension><gpxtpx:bearing>305.58</gpxtpx:bearing><gpxtpx:speed>16.346033</gpxtpx:speed></gpxtpx:TrackPointExtension></extensions><geoidheight>-28.5</geoidheight><src>gps</src><sat>16</sat><hdop>0.64</hdop><vdop>0.87</vdop><pdop>1.08</pdop><dgpsid>0000</dgpsid></trkpt>
<trkpt lat="32.180281" lon="-111.08369083333334"><ele>794.7</ele><time>2025-12-12T04:17:00.000Z</time><extensions><gpxtpx:TrackPointExtension><gpxtpx:bearing>305.09</gpxtpx:bearing><gpxtpx:speed>17.550999</gpxtpx:speed></gpxtpx:TrackPointExtension></extensions><geoidheight>-28.5</geoidheight><src>gps</src><sat>17</sat><hdop>0.65</hdop><vdop>0.87</vdop><pdop>1.08</pdop><dgpsid>0000</dgpsid></trkpt>
<trkpt lat="32.181292666666664" lon="-111.08540900000001"><ele>796.0</ele><time>2025-12-12T04:17:11.000Z</time><extensions><gpxtpx:TrackPointExtension><gpxtpx:bearing>304.58</gpxtpx:bearing><gpxtpx:speed>18.360657</gpxtpx:speed></gpxtpx:TrackPointExtension></extensions><geoidheight>-28.5</geoidheight><src>gps</src><sat>16</sat><hdop>0.65</hdop><vdop>0.87</vdop><pdop>1.08</pdop><dgpsid>0000</dgpsid></trkpt>
<trkpt lat="32.18233816666667" lon="-111.08712516666668"><ele>797.5</ele><time>2025-12-12T04:17:22.000Z</time><extensions><gpxtpx:TrackPointExtension><gpxtpx:bearing>306.08</gpxtpx:bearing><gpxtpx:speed>18.01785</gpxtpx:speed></gpxtpx:TrackPointExtension></extensions><geoidheight>-28.5</geoidheight><src>gps</src><sat>16</sat><hdop>0.65</hdop><vdop>0.88</vdop><pdop>1.10</pdop><dgpsid>0000</dgpsid></trkpt>
<trkpt lat="32.18338933333334" lon="-111.08882066666665"><ele>798.1</ele><time>2025-12-12T04:17:33.000Z</time><extensions><gpxtpx:TrackPointExtension><gpxtpx:bearing>305.9</gpxtpx:bearing><gpxtpx:speed>17.552029</gpxtpx:speed></gpxtpx:TrackPointExtension></extensions><geoidheight>-28.5</geoidheight><src>gps</src><sat>17</sat><hdop>0.65</hdop><vdop>0.87</vdop><pdop>1.08</pdop><dgpsid>0000</dgpsid></trkpt>
<trkpt lat="32.184391" lon="-111.09042433333335"><ele>799.1</ele><time>2025-12-12T04:17:44.000Z</time><extensions><gpxtpx:TrackPointExtension><gpxtpx:bearing>306.88</gpxtpx:bearing><gpxtpx:speed>16.57663</gpxtpx:speed></gpxtpx:TrackPointExtension></extensions><geoidheight>-28.5</geoidheight><src>gps</src><sat>16</sat><hdop>0.64</hdop><vdop>0.87</vdop><pdop>1.08</pdop><dgpsid>0000</dgpsid></trkpt>
<trkpt lat="32.18538216666666" lon="-111.09200833333334"><ele>799.4</ele><time>2025-12-12T04:17:55.000Z</time><extensions><gpxtpx:TrackPointExtension><gpxtpx:bearing>305.82</gpxtpx:bearing><gpxtpx:speed>16.679573</gpxtpx:speed></gpxtpx:TrackPointExtension></extensions><geoidheight>-28.5</geoidheight><src>gps</src><sat>17</sat><hdop>0.63</hdop><vdop>0.86</vdop><pdop>1.06</pdop><dgpsid>0000</dgpsid></trkpt>
<trkpt lat="32.186349166666666" lon="-111.09359383333334"><ele>799.4</ele><time>2025-12-12T04:18:06.000Z</time><extensions><gpxtpx:TrackPointExtension><gpxtpx:bearing>304.99</gpxtpx:bearing><gpxtpx:speed>17.053263</gpxtpx:speed></gpxtpx:TrackPointExtension></extensions><geoidheight>-28.5</geoidheight><src>gps</src><sat>17</sat><hdop>0.65</hdop><vdop>0.87</vdop><pdop>1.08</pdop><dgpsid>0000</dgpsid></trkpt>
<trkpt lat="32.18736716666667" lon="-111.09527666666666"><ele>799.2</ele><time>2025-12-12T04:18:17.000Z</time><extensions><gpxtpx:TrackPointExtension><gpxtpx:bearing>305.22</gpxtpx:bearing><gpxtpx:speed>18.39154</gpxtpx:speed></gpxtpx:TrackPointExtension></extensions><geoidheight>-28.5</geoidheight><src>gps</src><sat>16</sat><hdop>0.64</hdop><vdop>0.87</vdop><pdop>1.08</pdop><dgpsid>0000</dgpsid></trkpt>
<trkpt lat="32.1884255" lon="-111.09702716666668"><ele>800.8</ele><time>2025-12-12T04:18:28.000Z</time><extensions><gpxtpx:TrackPointExtension><gpxtpx:bearing>304.7</gpxtpx:bearing><gpxtpx:speed>18.270065</gpxtpx:speed></gpxtpx:TrackPointExtension></extensions><geoidheight>-28.5</geoidheight><src>gps</src><sat>16</sat><hdop>0.65</hdop><vdop>0.88</vdop><pdop>1.10</pdop><dgpsid>0000</dgpsid></trkpt>
<trkpt lat="32.18948666666667" lon="-111.09878383333334"><ele>801.9</ele><time>2025-12-12T04:18:39.000Z</time><extensions><gpxtpx:TrackPointExtension><gpxtpx:bearing>305.08</gpxtpx:bearing><gpxtpx:speed>18.70346</gpxtpx:speed></gpxtpx:TrackPointExtension></extensions><geoidheight>-28.5</geoidheight><src>gps</src><sat>17</sat><hdop>0.65</hdop><vdop>0.87</vdop><pdop>1.08</pdop><dgpsid>0000</dgpsid></trkpt>
<trkpt lat="32.190609" lon="-111.10065666666667"><ele>803.3</ele><time>2025-12-12T04:18:50.000Z</time><extensions><gpxtpx:TrackPointExtension><gpxtpx:bearing>305.08</gpxtpx:bearing><gpxtpx:speed>20.402044</gpxtpx:speed></gpxtpx:TrackPointExtension></extensions><geoidheight>-28.5</geoidheight><src>gps</src><sat>16</sat><hdop>0.65</hdop><vdop>0.88</vdop><pdop>1.10</pdop><dgpsid>0000</dgpsid></trkpt>
<trkpt lat="32.19172666666667" lon="-111.10250133333332"><ele>803.1</ele><time>2025-12-12T04:19:01.000Z</time><extensions><gpxtpx:TrackPointExtension><gpxtpx:bearing>305.23</gpxtpx:bearing><gpxtpx:speed>16.203455</gpxtpx:speed></gpxtpx:TrackPointExtension></extensions><geoidheight>-28.5</geoidheight><src>gps</src><sat>16</sat><hdop>0.65</hdop><vdop>0.88</vdop><pdop>1.10</pdop><dgpsid>0000</dgpsid></trkpt>
<trkpt lat="32.192483333333335" lon="-111.1037695"><ele>802.8</ele><time>2025-12-12T04:19:12.000Z</time><extensions><gpxtpx:TrackPointExtension><gpxtpx:bearing>305.63</gpxtpx:bearing><gpxtpx:speed>12.949382</gpxtpx:speed></gpxtpx:TrackPointExtension></extensions><geoidheight>-28.5</geoidheight><src>gps</src><sat>16</sat><hdop>0.77</hdop><vdop>1.05</vdop><pdop>1.30</pdop><dgpsid>0000</dgpsid></trkpt>
<trkpt lat="32.193190666666666" lon="-111.10495566666665"><ele>801.0</ele><time>2025-12-12T04:19:23.000Z</time><extensions><gpxtpx:TrackPointExtension><gpxtpx:bearing>304.72</gpxtpx:bearing><gpxtpx:speed>11.435584</gpxtpx:speed></gpxtpx:TrackPointExtension></extensions><geoidheight>-28.5</geoidheight><src>gps</src><sat>16</sat><hdop>0.74</hdop><vdop>1.05</vdop><pdop>1.28</pdop><dgpsid>0000</dgpsid></trkpt>
<trkpt lat="32.19383383333333" lon="-111.1060975"><ele>802.3</ele><time>2025-12-12T04:19:34.000Z</time><extensions><gpxtpx:TrackPointExtension><gpxtpx:bearing>304.16</gpxtpx:bearing><gpxtpx:speed>11.051086</gpxtpx:speed></gpxtpx:TrackPointExtension></extensions><geoidheight>-28.5</geoidheight><src>gps</src><sat>16</sat><hdop>0.74</hdop><vdop>1.05</vdop><pdop>1.28</pdop><dgpsid>0000</dgpsid></trkpt>
<trkpt lat="32.194498833333334" lon="-111.10718566666668"><ele>801.9</ele><time>2025-12-12T04:19:45.000Z</time><extensions><gpxtpx:TrackPointExtension><gpxtpx:bearing>305.42</gpxtpx:bearing><gpxtpx:speed>11.060865</gpxtpx:speed></gpxtpx:TrackPointExtension></extensions><geoidheight>-28.5</geoidheight><src>gps</src><sat>15</sat><hdop>0.78</hdop><vdop>1.18</vdop><pdop>1.41</pdop><dgpsid>0000</dgpsid></trkpt>
<trkpt lat="32.195164" lon="-111.108266"><ele>801.8</ele><time>2025-12-12T04:19:56.000Z</time><extensions><gpxtpx:TrackPointExtension><gpxtpx:bearing>305.16</gpxtpx:bearing><gpxtpx:speed>11.235871</gpxtpx:speed></gpxtpx:TrackPointExtension></extensions><geoidheight>-28.5</geoidheight><src>gps</src><sat>16</sat><hdop>0.74</hdop><vdop>1.05</vdop><pdop>1.29</pdop><dgpsid>0000</dgpsid></trkpt>
<trkpt lat="32.1957065" lon="-111.10955516666667"><ele>802.2</ele><time>2025-12-12T04:20:07.000Z</time><extensions><gpxtpx:TrackPointExtension><gpxtpx:bearing>297.87</gpxtpx:bearing><gpxtpx:speed>12.422306</gpxtpx:speed></gpxtpx:TrackPointExtension></extensions><geoidheight>-28.5</geoidheight><src>gps</src><sat>16</sat><hdop>0.74</hdop><vdop>1.05</vdop><pdop>1.29</pdop><dgpsid>0000</dgpsid></trkpt>
<trkpt lat="32.196361499999995" lon="-111.11089349999999"><ele>802.4</ele><time>2025-12-12T04:20:18.000Z</time><extensions><gpxtpx:TrackPointExtension><gpxtpx:bearing>310.01</gpxtpx:bearing><gpxtpx:speed>13.039458</gpxtpx:speed></gpxtpx:TrackPointExtension></extensions><geoidheight>-28.5</geoidheight><src>gps</src><sat>15</sat><hdop>0.80</hdop><vdop>1.19</vdop><pdop>1.43</pdop><dgpsid>0000</dgpsid></trkpt>
<trkpt lat="32.19725233333334" lon="-111.11189866666668"><ele>806.2</ele><time>2025-12-12T04:20:29.000Z</time><extensions><gpxtpx:TrackPointExtension><gpxtpx:bearing>314.78</gpxtpx:bearing><gpxtpx:speed>12.125826</gpxtpx:speed></gpxtpx:TrackPointExtension></extensions><geoidheight>-28.5</geoidheight><src>gps</src><sat>15</sat><hdop>0.80</hdop><vdop>1.19</vdop><pdop>1.43</pdop><dgpsid>0000</dgpsid></trkpt>
<trkpt lat="32.19813766666667" lon="-111.11295550000001"><ele>806.1</ele><time>2025-12-12T04:20:40.000Z</time><extensions><gpxtpx:TrackPointExtension><gpxtpx:bearing>314.91</gpxtpx:bearing><gpxtpx:speed>13.141888</gpxtpx:speed></gpxtpx:TrackPointExtension></extensions><geoidheight>-28.5</geoidheight><src>gps</src><sat>15</sat><hdop>0.80</hdop><vdop>1.19</vdop><pdop>1.43</pdop><dgpsid>0000</dgpsid></trkpt>
<trkpt lat="32.19870866666667" lon="-111.11416933333334"><ele>811.1</ele><time>2025-12-12T04:20:51.000Z</time><extensions><gpxtpx:TrackPointExtension><gpxtpx:bearing>290.85</gpxtpx:bearing><gpxtpx:speed>10.624896</gpxtpx:speed></gpxtpx:TrackPointExtension></extensions><geoidheight>-28.5</geoidheight><src>gps</src><sat>15</sat><hdop>0.80</hdop><vdop>1.19</vdop><pdop>1.44</pdop><dgpsid>0000</dgpsid></trkpt>
<trkpt lat="32.19925216666666" lon="-111.11516633333333"><ele>809.2</ele><time>2025-12-12T04:21:02.000Z</time><extensions><gpxtpx:TrackPointExtension><gpxtpx:bearing>285.1</gpxtpx:bearing><gpxtpx:speed>11.248739</gpxtpx:speed></gpxtpx:TrackPointExtension></extensions><geoidheight>-28.5</geoidheight><src>gps</src><sat>15</sat><hdop>0.80</hdop><vdop>1.19</vdop><pdop>1.44</pdop><dgpsid>0000</dgpsid></trkpt>
<trkpt lat="32.19967583333334" lon="-111.11644333333334"><ele>803.8</ele><time>2025-12-12T04:21:13.000Z</time><extensions><gpxtpx:TrackPointExtension><gpxtpx:bearing>304.32</gpxtpx:bearing><gpxtpx:speed>12.317303</gpxtpx:speed></gpxtpx:TrackPointExtension></extensions><geoidheight>-28.5</geoidheight><src>gps</src><sat>15</sat><hdop>0.80</hdop><vdop>1.19</vdop><pdop>1.44</pdop><dgpsid>0000</dgpsid></trkpt>
<trkpt lat="32.20017766666667" lon="-111.11744616666668"><ele>800.4</ele><time>2025-12-12T04:21:24.000Z</time><extensions><gpxtpx:TrackPointExtension><gpxtpx:bearing>283.53</gpxtpx:bearing><gpxtpx:speed>9.997965</gpxtpx:speed></gpxtpx:TrackPointExtension></extensions><geoidheight>-28.5</geoidheight><src>gps</src><sat>15</sat><hdop>0.80</hdop><vdop>1.19</vdop><pdop>1.44</pdop><dgpsid>0000</dgpsid></trkpt>
<trkpt lat="32.20053566666666" lon="-111.11854083333334"><ele>798.9</ele><time>2025-12-12T04:21:35.000Z</time><extensions><gpxtpx:TrackPointExtension><gpxtpx:bearing>291.45</gpxtpx:bearing><gpxtpx:speed>10.783945</gpxtpx:speed></gpxtpx:TrackPointExtension></extensions><geoidheight>-28.5</geoidheight><src>gps</src><sat>15</sat><hdop>0.80</hdop><vdop>1.20</vdop><pdop>1.44</pdop><dgpsid>0000</dgpsid></trkpt>
<trkpt lat="32.200829999999996" lon="-111.11979583333331"><ele>794.8</ele><time>2025-12-12T04:21:46.000Z</time><extensions><gpxtpx:TrackPointExtension><gpxtpx:bearing>292.7</gpxtpx:bearing><gpxtpx:speed>12.611209</gpxtpx:speed></gpxtpx:TrackPointExtension></extensions><geoidheight>-28.5</geoidheight><src>gps</src><sat>15</sat><hdop>0.80</hdop><vdop>1.20</vdop><pdop>1.44</pdop><dgpsid>0000</dgpsid></trkpt>
<trkpt lat="32.20134183333333" lon="-111.12111966666667"><ele>791.6</ele><time>2025-12-12T04:21:57.000Z</time><extensions><gpxtpx:TrackPointExtension><gpxtpx:bearing>292.61</gpxtpx:bearing><gpxtpx:speed>12.10009</gpxtpx:speed></gpxtpx:TrackPointExtension></extensions><geoidheight>-28.5</geoidheight><src>gps</src><sat>16</sat><hdop>0.79</hdop><vdop>1.07</vdop><pdop>1.33</pdop><dgpsid>0000</dgpsid></trkpt>
<trkpt lat="32.201915500000005" lon="-111.12217616666666"><ele>792.1</ele><time>2025-12-12T04:22:08.000Z</time><extensions><gpxtpx:TrackPointExtension><gpxtpx:bearing>314.95</gpxtpx:bearing><gpxtpx:speed>10.639823</gpxtpx:speed></gpxtpx:TrackPointExtension></extensions><geoidheight>-28.5</geoidheight><src>gps</src><sat>15</sat><hdop>0.78</hdop><vdop>1.08</vdop><pdop>1.33</pdop><dgpsid>0000</dgpsid></trkpt>
<trkpt lat="32.2027375" lon="-111.12313450000002"><ele>789.9</ele><time>2025-12-12T04:22:19.000Z</time><extensions><gpxtpx:TrackPointExtension><gpxtpx:bearing>311.16</gpxtpx:bearing><gpxtpx:speed>11.89626</gpxtpx:speed></gpxtpx:TrackPointExtension></extensions><geoidheight>-28.5</geoidheight><src>gps</src><sat>16</sat><hdop>0.77</hdop><vdop>1.06</vdop><pdop>1.31</pdop><dgpsid>0000</dgpsid></trkpt>
<trkpt lat="32.203559166666665" lon="-111.12384383333334"><ele>791.1</ele><time>2025-12-12T04:22:30.000Z</time><extensions><gpxtpx:TrackPointExtension><gpxtpx:bearing>336.11</gpxtpx:bearing><gpxtpx:speed>10.503422</gpxtpx:speed></gpxtpx:TrackPointExtension></extensions><geoidheight>-28.5</geoidheight><src>gps</src><sat>16</sat><hdop>0.80</hdop><vdop>1.06</vdop><pdop>1.33</pdop><dgpsid>0000</dgpsid></trkpt>
<trkpt lat="32.20448616666667" lon="-111.12438966666666"><ele>791.3</ele><time>2025-12-12T04:22:41.000Z</time><extensions><gpxtpx:TrackPointExtension><gpxtpx:bearing>312.81</gpxtpx:bearing><gpxtpx:speed>10.803505</gpxtpx:speed></gpxtpx:TrackPointExtension></extensions><geoidheight>-28.5</geoidheight><src>gps</src><sat>17</sat><hdop>0.78</hdop><vdop>1.03</vdop><pdop>1.29</pdop><dgpsid>0000</dgpsid></trkpt>
<trkpt lat="32.20526783333333" lon="-111.12536533333332"><ele>789.1</ele><time>2025-12-12T04:22:52.000Z</time><extensions><gpxtpx:TrackPointExtension><gpxtpx:bearing>320.26</gpxtpx:bearing><gpxtpx:speed>12.07178</gpxtpx:speed></gpxtpx:TrackPointExtension></extensions><geoidheight>-28.5</geoidheight><src>gps</src><sat>17</sat><hdop>0.81</hdop><vdop>1.13</vdop><pdop>1.39</pdop><dgpsid>0000</dgpsid></trkpt>
<trkpt lat="32.206207" lon="-111.12594166666668"><ele>794.2</ele><time>2025-12-12T04:23:03.000Z</time><extensions><gpxtpx:TrackPointExtension><gpxtpx:bearing>334.62</gpxtpx:bearing><gpxtpx:speed>10.419007</gpxtpx:speed></gpxtpx:TrackPointExtension></extensions><geoidheight>-28.5</geoidheight><src>gps</src><sat>17</sat><hdop>0.78</hdop><vdop>1.03</vdop><pdop>1.29</pdop><dgpsid>0000</dgpsid></trkpt>
<trkpt lat="32.20714983333333" lon="-111.12646116666669"><ele>795.3</ele><time>2025-12-12T04:23:14.000Z</time><extensions><gpxtpx:TrackPointExtension><gpxtpx:bearing>334.87</gpxtpx:bearing><gpxtpx:speed>10.666589</gpxtpx:speed></gpxtpx:TrackPointExtension></extensions><geoidheight>-28.5</geoidheight><src>gps</src><sat>17</sat><hdop>0.78</hdop><vdop>1.03</vdop><pdop>1.29</pdop><dgpsid>0000</dgpsid></trkpt>
<trkpt lat="32.208168500000006" lon="-111.12695783333332"><ele>795.7</ele><time>2025-12-12T04:23:25.000Z</time><extensions><gpxtpx:TrackPointExtension><gpxtpx:bearing>343.86</gpxtpx:bearing><gpxtpx:speed>11.134471</gpxtpx:speed></gpxtpx:TrackPointExtension></extensions><geoidheight>-28.5</geoidheight><src>gps</src><sat>17</sat><hdop>0.81</hdop><vdop>1.13</vdop><pdop>1.39</pdop><dgpsid>0000</dgpsid></trkpt>
<trkpt lat="32.209254666666666" lon="-111.12727366666668"><ele>800.0</ele><time>2025-12-12T04:23:36.000Z</time><extensions><gpxtpx:TrackPointExtension><gpxtpx:bearing>345.68</gpxtpx:bearing><gpxtpx:speed>10.999099</gpxtpx:speed></gpxtpx:TrackPointExtension></extensions><geoidheight>-28.5</geoidheight><src>gps</src><sat>17</sat><hdop>0.81</hdop><vdop>1.13</vdop><pdop>1.39</pdop><dgpsid>0000</dgpsid></trkpt>
<trkpt lat="32.21033283333334" lon="-111.127619"><ele>802.1</ele><time>2025-12-12T04:23:47.000Z</time><extensions><gpxtpx:TrackPointExtension><gpxtpx:bearing>341.97</gpxtpx:bearing><gpxtpx:speed>11.702209</gpxtpx:speed></gpxtpx:TrackPointExtension></extensions><geoidheight>-28.5</geoidheight><src>gps</src><sat>17</sat><hdop>0.78</hdop><vdop>1.04</vdop><pdop>1.30</pdop><dgpsid>0000</dgpsid></trkpt>
<trkpt lat="32.2113955" lon="-111.12809700000001"><ele>804.4</ele><time>2025-12-12T04:23:58.000Z</time><extensions><gpxtpx:TrackPointExtension><gpxtpx:bearing>329.7</gpxtpx:bearing><gpxtpx:speed>11.617795</gpxtpx:speed></gpxtpx:TrackPointExtension></extensions><geoidheight>-28.5</geoidheight><src>gps</src><sat>17</sat><hdop>0.78</hdop><vdop>1.04</vdop><pdop>1.30</pdop><dgpsid>0000</dgpsid></trkpt>
<trkpt lat="32.21235983333334" lon="-111.1290115"><ele>802.8</ele><time>2025-12-12T04:24:09.000Z</time><extensions><gpxtpx:TrackPointExtension><gpxtpx:bearing>321.93</gpxtpx:bearing><gpxtpx:speed>13.346232</gpxtpx:speed></gpxtpx:TrackPointExtension></extensions><geoidheight>-28.5</geoidheight><src>gps</src><sat>17</sat><hdop>0.78</hdop><vdop>1.04</vdop><pdop>1.30</pdop><dgpsid>0000</dgpsid></trkpt>
<trkpt lat="32.21350983333333" lon="-111.12976166666667"><ele>802.1</ele><time>2025-12-12T04:24:20.000Z</time><extensions><gpxtpx:TrackPointExtension><gpxtpx:bearing>327.35</gpxtpx:bearing><gpxtpx:speed>12.3523035</gpxtpx:speed></gpxtpx:TrackPointExtension></extensions><geoidheight>-28.5</geoidheight><src>gps</src><sat>17</sat><hdop>0.81</hdop><vdop>1.14</vdop><pdop>1.40</pdop><dgpsid>0000</dgpsid></trkpt>
<trkpt lat="32.214438333333334" lon="-111.13065166666665"><ele>799.4</ele><time>2025-12-12T04:24:31.000Z</time><extensions><gpxtpx:TrackPointExtension><gpxtpx:bearing>322.95</gpxtpx:bearing><gpxtpx:speed>12.533486</gpxtpx:speed></gpxtpx:TrackPointExtension></extensions><geoidheight>-28.5</geoidheight><src>gps</src><sat>17</sat><hdop>0.78</hdop><vdop>1.04</vdop><pdop>1.30</pdop><dgpsid>0000</dgpsid></trkpt>
<trkpt lat="32.21547916666667" lon="-111.13149766666666"><ele>800.1</ele><time>2025-12-12T04:24:42.000Z</time><extensions><gpxtpx:TrackPointExtension><gpxtpx:bearing>338.2</gpxtpx:bearing><gpxtpx:speed>12.431571</gpxtpx:speed></gpxtpx:TrackPointExtension></extensions><geoidheight>-28.5</geoidheight><src>gps</src><sat>17</sat><hdop>0.78</hdop><vdop>1.04</vdop><pdop>1.30</pdop><dgpsid>0000</dgpsid></trkpt>
<trkpt lat="32.21665633333334" lon="-111.13194166666666"><ele>800.4</ele><time>2025-12-12T04:24:53.000Z</time><extensions><gpxtpx:TrackPointExtension><gpxtpx:bearing>339.53</gpxtpx:bearing><gpxtpx:speed>13.239685</gpxtpx:speed></gpxtpx:TrackPointExtension></extensions><geoidheight>-28.5</geoidheight><src>gps</src><sat>17</sat><hdop>0.78</hdop><vdop>1.04</vdop><pdop>1.30</pdop><dgpsid>0000</dgpsid></trkpt>
<trkpt lat="32.217964333333335" lon="-111.132329"><ele>804.5</ele><time>2025-12-12T04:25:04.000Z</time><extensions><gpxtpx:TrackPointExtension><gpxtpx:bearing>3.11</gpxtpx:bearing><gpxtpx:speed>13.714773</gpxtpx:speed></gpxtpx:TrackPointExtension></extensions><geoidheight>-28.5</geoidheight><src>gps</src><sat>17</sat><hdop>0.81</hdop><vdop>1.14</vdop><pdop>1.40</pdop><dgpsid>0000</dgpsid></trkpt>
<trkpt lat="32.219141666666665" lon="-111.1321525"><ele>807.1</ele><time>2025-12-12T04:25:15.000Z</time><extensions><gpxtpx:TrackPointExtension><gpxtpx:bearing>9.38</gpxtpx:bearing><gpxtpx:speed>10.781886</gpxtpx:speed></gpxtpx:TrackPointExtension></extensions><geoidheight>-28.5</geoidheight><src>gps</src><sat>17</sat><hdop>0.85</hdop><vdop>1.05</vdop><pdop>1.35</pdop><dgpsid>0000</dgpsid></trkpt>
<trkpt lat="32.22031866666667" lon="-111.1321245"><ele>810.7</ele><time>2025-12-12T04:25:26.000Z</time><extensions><gpxtpx:TrackPointExtension><gpxtpx:bearing>357.86</gpxtpx:bearing><gpxtpx:speed>11.653826</gpxtpx:speed></gpxtpx:TrackPointExtension></extensions><geoidheight>-28.5</geoidheight><src>gps</src><sat>16</sat><hdop>0.85</hdop><vdop>1.05</vdop><pdop>1.35</pdop><dgpsid>0000</dgpsid></trkpt>
<trkpt lat="32.22142766666666" lon="-111.13211933333332"><ele>814.7</ele><time>2025-12-12T04:25:37.000Z</time><extensions><gpxtpx:TrackPointExtension><gpxtpx:bearing>359.33</gpxtpx:bearing><gpxtpx:speed>9.611923</gpxtpx:speed></gpxtpx:TrackPointExtension></extensions><geoidheight>-28.5</geoidheight><src>gps</src><sat>16</sat><hdop>0.88</hdop><vdop>1.15</vdop><pdop>1.45</pdop><dgpsid>0000</dgpsid></trkpt>
<trkpt lat="32.22234733333333" lon="-111.13261783333334"><ele>815.0</ele><time>2025-12-12T04:25:48.000Z</time><extensions><gpxtpx:TrackPointExtension><gpxtpx:bearing>325.75</gpxtpx:bearing><gpxtpx:speed>11.33161</gpxtpx:speed></gpxtpx:TrackPointExtension></extensions><geoidheight>-28.5</geoidheight><src>gps</src><sat>17</sat><hdop>0.78</hdop><vdop>1.05</vdop><pdop>1.31</pdop><dgpsid>0000</dgpsid></trkpt>
<trkpt lat="32.22317666666667" lon="-111.13359233333334"><ele>814.9</ele><time>2025-12-12T04:25:59.000Z</time><extensions><gpxtpx:TrackPointExtension><gpxtpx:bearing>304.35</gpxtpx:bearing><gpxtpx:speed>12.214358</gpxtpx:speed></gpxtpx:TrackPointExtension></extensions><geoidheight>-28.5</geoidheight><src>gps</src><sat>17</sat><hdop>0.81</hdop><vdop>1.15</vdop><pdop>1.41</pdop><dgpsid>0000</dgpsid></trkpt>
<trkpt lat="32.223847666666664" lon="-111.13480216666667"><ele>814.4</ele><time>2025-12-12T04:26:10.000Z</time><extensions><gpxtpx:TrackPointExtension><gpxtpx:bearing>302.73</gpxtpx:bearing><gpxtpx:speed>12.726507</gpxtpx:speed></gpxtpx:TrackPointExtension></extensions><geoidheight>-28.5</geoidheight><src>gps</src><sat>17</sat><hdop>0.81</hdop><vdop>1.15</vdop><pdop>1.41</pdop><dgpsid>0000</dgpsid></trkpt>
<trkpt lat="32.22464266666667" lon="-111.13602100000001"><ele>812.8</ele><time>2025-12-12T04:26:21.000Z</time><extensions><gpxtpx:TrackPointExtension><gpxtpx:bearing>322.68</gpxtpx:bearing><gpxtpx:speed>13.800218</gpxtpx:speed></gpxtpx:TrackPointExtension></extensions><geoidheight>-28.5</geoidheight><src>gps</src><sat>17</sat><hdop>0.81</hdop><vdop>1.15</vdop><pdop>1.41</pdop><dgpsid>0000</dgpsid></trkpt>
<trkpt lat="32.22573583333334" lon="-111.13699083333334"><ele>816.7</ele><time>2025-12-12T04:26:32.000Z</time><extensions><gpxtpx:TrackPointExtension><gpxtpx:bearing>320.09</gpxtpx:bearing><gpxtpx:speed>13.45278</gpxtpx:speed></gpxtpx:TrackPointExtension></extensions><geoidheight>-28.5</geoidheight><src>gps</src><sat>17</sat><hdop>0.78</hdop><vdop>1.05</vdop><pdop>1.31</pdop><dgpsid>0000</dgpsid></trkpt>
<trkpt lat="32.2266105" lon="-111.13819649999999"><ele>817.3</ele><time>2025-12-12T04:26:43.000Z</time><extensions><gpxtpx:TrackPointExtension><gpxtpx:bearing>304.38</gpxtpx:bearing><gpxtpx:speed>12.828422</gpxtpx:speed></gpxtpx:TrackPointExtension></extensions><geoidheight>-28.5</geoidheight><src>gps</src><sat>17</sat><hdop>0.81</hdop><vdop>1.16</vdop><pdop>1.41</pdop><dgpsid>0000</dgpsid></trkpt>
<trkpt lat="32.226980000000005" lon="-111.13965516666667"><ele>818.3</ele><time>2025-12-12T04:26:54.000Z</time><extensions><gpxtpx:TrackPointExtension><gpxtpx:bearing>282.87</gpxtpx:bearing><gpxtpx:speed>13.623668</gpxtpx:speed></gpxtpx:TrackPointExtension></extensions><geoidheight>-28.5</geoidheight><src>gps</src><sat>17</sat><hdop>0.81</hdop><vdop>1.16</vdop><pdop>1.41</pdop><dgpsid>0000</dgpsid></trkpt>
<trkpt lat="32.22704133333333" lon="-111.14057183333334"><ele>819.7</ele><time>2025-12-12T04:27:05.000Z</time><extensions><gpxtpx:TrackPointExtension><gpxtpx:bearing>214.71</gpxtpx:bearing><gpxtpx:speed>4.208884</gpxtpx:speed></gpxtpx:TrackPointExtension></extensions><geoidheight>-28.5</geoidheight><src>gps</src><sat>17</sat><hdop>0.78</hdop><vdop>1.06</vdop><pdop>1.31</pdop><dgpsid>0000</dgpsid></trkpt>
<trkpt lat="32.2266185" lon="-111.14118549999999"><ele>816.4</ele><time>2025-12-12T04:27:16.000Z</time><extensions><gpxtpx:TrackPointExtension><gpxtpx:bearing>235.29</gpxtpx:bearing><gpxtpx:speed>8.208275</gpxtpx:speed></gpxtpx:TrackPointExtension></extensions><geoidheight>-28.5</geoidheight><src>gps</src><sat>16</sat><hdop>0.82</hdop><vdop>1.16</vdop><pdop>1.42</pdop><dgpsid>0000</dgpsid></trkpt>
<trkpt lat="32.226077499999995" lon="-111.14213216666667"><ele>814.1</ele><time>2025-12-12T04:27:27.000Z</time><extensions><gpxtpx:TrackPointExtension><gpxtpx:bearing>234.32</gpxtpx:bearing><gpxtpx:speed>10.8812275</gpxtpx:speed></gpxtpx:TrackPointExtension></extensions><geoidheight>-28.5</geoidheight><src>gps</src><sat>17</sat><hdop>0.81</hdop><vdop>1.16</vdop><pdop>1.42</pdop><dgpsid>0000</dgpsid></trkpt>
<trkpt lat="32.225212166666665" lon="-111.1430575"><ele>809.2</ele><time>2025-12-12T04:27:38.000Z</time><extensions><gpxtpx:TrackPointExtension><gpxtpx:bearing>217.71</gpxtpx:bearing><gpxtpx:speed>12.385761</gpxtpx:speed></gpxtpx:TrackPointExtension></extensions><geoidheight>-28.5</geoidheight><src>gps</src><sat>17</sat><hdop>0.79</hdop><vdop>1.06</vdop><pdop>1.33</pdop><dgpsid>0000</dgpsid></trkpt>
<trkpt lat="32.224238166666666" lon="-111.14392083333333"><ele>803.5</ele><time>2025-12-12T04:27:49.000Z</time><extensions><gpxtpx:TrackPointExtension><gpxtpx:bearing>217.89</gpxtpx:bearing><gpxtpx:speed>11.088146</gpxtpx:speed></gpxtpx:TrackPointExtension></extensions><geoidheight>-28.5</geoidheight><src>gps</src><sat>17</sat><hdop>0.78</hdop><vdop>1.06</vdop><pdop>1.32</pdop><dgpsid>0000</dgpsid></trkpt>
<trkpt lat="32.2235875" lon="-111.14451816666666"><ele>800.5</ele><time>2025-12-12T04:28:00.000Z</time><extensions><gpxtpx:TrackPointExtension><gpxtpx:bearing>217.68</gpxtpx:bearing><gpxtpx:speed>4.886258</gpxtpx:speed></gpxtpx:TrackPointExtension></extensions><geoidheight>-28.5</geoidheight><src>gps</src><sat>16</sat><hdop>0.86</hdop><vdop>1.14</vdop><pdop>1.43</pdop><dgpsid>0000</dgpsid></trkpt>
<trkpt lat="32.22322733333333" lon="-111.144697"><ele>797.8</ele><time>2025-12-12T04:28:11.000Z</time><extensions><gpxtpx:TrackPointExtension><gpxtpx:bearing>169.05</gpxtpx:bearing><gpxtpx:speed>2.7506754</gpxtpx:speed></gpxtpx:TrackPointExtension></extensions><geoidheight>-28.5</geoidheight><src>gps</src><sat>17</sat><hdop>0.81</hdop><vdop>1.17</vdop><pdop>1.42</pdop><dgpsid>0000</dgpsid></trkpt>
<trkpt lat="32.22301383333333" lon="-111.14463016666666"><ele>798.5</ele><time>2025-12-12T04:28:22.000Z</time><extensions><gpxtpx:TrackPointExtension><gpxtpx:bearing>168.46</gpxtpx:bearing><gpxtpx:speed>1.0402536</gpxtpx:speed></gpxtpx:TrackPointExtension></extensions><geoidheight>-28.5</geoidheight><src>gps</src><sat>17</sat><hdop>0.78</hdop><vdop>1.17</vdop><pdop>1.41</pdop><dgpsid>0000</dgpsid></trkpt>
<trkpt lat="32.2227025" lon="-111.14460466666667"><ele>798.0</ele><time>2025-12-12T04:28:33.000Z</time><extensions><gpxtpx:TrackPointExtension><gpxtpx:bearing>175.09</gpxtpx:bearing><gpxtpx:speed>3.813577</gpxtpx:speed></gpxtpx:TrackPointExtension></extensions><geoidheight>-28.5</geoidheight><src>gps</src><sat>17</sat><hdop>0.78</hdop><vdop>1.17</vdop><pdop>1.41</pdop><dgpsid>0000</dgpsid></trkpt>
<trkpt lat="32.22222766666666" lon="-111.14449916666666"><ele>796.3</ele><time>2025-12-12T04:28:44.000Z</time><extensions><gpxtpx:TrackPointExtension><gpxtpx:bearing>169.78</gpxtpx:bearing><gpxtpx:speed>5.79011</gpxtpx:speed></gpxtpx:TrackPointExtension></extensions><geoidheight>-28.5</geoidheight><src>gps</src><sat>17</sat><hdop>0.78</hdop><vdop>1.17</vdop><pdop>1.41</pdop><dgpsid>0000</dgpsid></trkpt>
<trkpt lat="32.221571833333336" lon="-111.1443705"><ele>794.6</ele><time>2025-12-12T04:28:55.000Z</time><extensions><gpxtpx:TrackPointExtension><gpxtpx:bearing>179.51</gpxtpx:bearing><gpxtpx:speed>6.9631624</gpxtpx:speed></gpxtpx:TrackPointExtension></extensions><geoidheight>-28.5</geoidheight><src>gps</src><sat>17</sat><hdop>0.75</hdop><vdop>1.06</vdop><pdop>1.31</pdop><dgpsid>0000</dgpsid></trkpt>
<trkpt lat="32.2210235" lon="-111.14443516666667"><ele>792.8</ele><time>2025-12-12T04:29:06.000Z</time><extensions><gpxtpx:TrackPointExtension><gpxtpx:bearing>181.55</gpxtpx:bearing><gpxtpx:speed>3.7857819</gpxtpx:speed></gpxtpx:TrackPointExtension></extensions><geoidheight>-28.5</geoidheight><src>gps</src><sat>16</sat><hdop>0.65</hdop><vdop>0.91</vdop><pdop>1.12</pdop><dgpsid>0000</dgpsid></trkpt>
<trkpt lat="32.22077683333334" lon="-111.14448333333333"><ele>794.5</ele><time>2025-12-12T04:29:17.000Z</time><extensions><gpxtpx:TrackPointExtension><gpxtpx:bearing>212.99</gpxtpx:bearing><gpxtpx:speed>3.7574723</gpxtpx:speed></gpxtpx:TrackPointExtension></extensions><geoidheight>-28.5</geoidheight><src>gps</src><sat>17</sat><hdop>0.65</hdop><vdop>0.91</vdop><pdop>1.12</pdop><dgpsid>0000</dgpsid></trkpt>
<trkpt lat="32.220578" lon="-111.14482983333333"><ele>793.2</ele><time>2025-12-12T04:29:28.000Z</time><extensions><gpxtpx:TrackPointExtension><gpxtpx:bearing>239.27</gpxtpx:bearing><gpxtpx:speed>3.6478364</gpxtpx:speed></gpxtpx:TrackPointExtension></extensions><geoidheight>-28.5</geoidheight><src>gps</src><sat>18</sat><hdop>0.62</hdop><vdop>0.84</vdop><pdop>1.05</pdop><dgpsid>0000</dgpsid></trkpt>
<trkpt lat="32.22033166666667" lon="-111.1450865"><ele>792.9</ele><time>2025-12-12T04:29:39.000Z</time><extensions><gpxtpx:TrackPointExtension><gpxtpx:bearing>191.75</gpxtpx:bearing><gpxtpx:speed>2.3517659</gpxtpx:speed></gpxtpx:TrackPointExtension></extensions><geoidheight>-28.5</geoidheight><src>gps</src><sat>18</sat><hdop>0.62</hdop><vdop>0.85</vdop><pdop>1.05</pdop><dgpsid>0000</dgpsid></trkpt>
<trkpt lat="32.22011416666667" lon="-111.14504916666668"><ele>792.4</ele><time>2025-12-12T04:29:50.000Z</time><extensions><gpxtpx:TrackPointExtension><gpxtpx:bearing>157.56</gpxtpx:bearing><gpxtpx:speed>2.8263397</gpxtpx:speed></gpxtpx:TrackPointExtension></extensions><geoidheight>-28.5</geoidheight><src>gps</src><sat>18</sat><hdop>0.62</hdop><vdop>0.85</vdop><pdop>1.05</pdop><dgpsid>0000</dgpsid></trkpt>
<trkpt lat="32.21982533333333" lon="-111.14503283333333"><ele>790.1</ele><time>2025-12-12T04:30:01.000Z</time><extensions><gpxtpx:TrackPointExtension><gpxtpx:bearing>183.4</gpxtpx:bearing><gpxtpx:speed>2.9138424</gpxtpx:speed></gpxtpx:TrackPointExtension></extensions><geoidheight>-28.5</geoidheight><src>gps</src><sat>18</sat><hdop>0.65</hdop><vdop>0.91</vdop><pdop>1.12</pdop><dgpsid>0000</dgpsid></trkpt>
<trkpt lat="32.219560333333334" lon="-111.14498166666665"><ele>789.5</ele><time>2025-12-12T04:30:12.000Z</time><extensions><gpxtpx:TrackPointExtension><gpxtpx:bearing>154.79</gpxtpx:bearing><gpxtpx:speed>1.7963805</gpxtpx:speed></gpxtpx:TrackPointExtension></extensions><geoidheight>-28.5</geoidheight><src>gps</src><sat>18</sat><hdop>0.63</hdop><vdop>0.90</vdop><pdop>1.10</pdop><dgpsid>0000</dgpsid></trkpt>
<trkpt lat="32.21933966666666" lon="-111.14478066666668"><ele>788.7</ele><time>2025-12-12T04:30:23.000Z</time><extensions><gpxtpx:TrackPointExtension><gpxtpx:bearing>144.79</gpxtpx:bearing><gpxtpx:speed>3.3127522</gpxtpx:speed></gpxtpx:TrackPointExtension></extensions><geoidheight>-28.5</geoidheight><src>gps</src><sat>18</sat><hdop>0.64</hdop><vdop>0.92</vdop><pdop>1.12</pdop><dgpsid>0000</dgpsid></trkpt>
<trkpt lat="32.21908466666666" lon="-111.14453983333333"><ele>788.4</ele><time>2025-12-12T04:30:34.000Z</time><extensions><gpxtpx:TrackPointExtension><gpxtpx:bearing>140.41</gpxtpx:bearing><gpxtpx:speed>3.2288525</gpxtpx:speed></gpxtpx:TrackPointExtension></extensions><geoidheight>-28.5</geoidheight><src>gps</src><sat>18</sat><hdop>0.68</hdop><vdop>0.98</vdop><pdop>1.19</pdop><dgpsid>0000</dgpsid></trkpt>
<trkpt lat="32.21884716666667" lon="-111.1442735"><ele>787.7</ele><time>2025-12-12T04:30:45.000Z</time><extensions><gpxtpx:TrackPointExtension><gpxtpx:bearing>127.78</gpxtpx:bearing><gpxtpx:speed>3.2139256</gpxtpx:speed></gpxtpx:TrackPointExtension></extensions><geoidheight>-28.5</geoidheight><src>gps</src><sat>18</sat><hdop>0.64</hdop><vdop>0.88</vdop><pdop>1.09</pdop><dgpsid>0000</dgpsid></trkpt>
<trkpt lat="32.21869483333333" lon="-111.14394366666666"><ele>787.9</ele><time>2025-12-12T04:30:56.000Z</time><extensions><gpxtpx:TrackPointExtension><gpxtpx:bearing>106.4</gpxtpx:bearing><gpxtpx:speed>3.3884163</gpxtpx:speed></gpxtpx:TrackPointExtension></extensions><geoidheight>-28.5</geoidheight><src>gps</src><sat>18</sat><hdop>0.65</hdop><vdop>0.90</vdop><pdop>1.11</pdop><dgpsid>0000</dgpsid></trkpt>
<trkpt lat="32.21863" lon="-111.14348900000002"><ele>787.3</ele><time>2025-12-12T04:31:07.000Z</time><extensions><gpxtpx:TrackPointExtension><gpxtpx:bearing>99.67</gpxtpx:bearing><gpxtpx:speed>3.9463754</gpxtpx:speed></gpxtpx:TrackPointExtension></extensions><geoidheight>-28.5</geoidheight><src>gps</src><sat>18</sat><hdop>0.71</hdop><vdop>1.03</vdop><pdop>1.25</pdop><dgpsid>0000</dgpsid></trkpt>
<trkpt lat="32.2185885" lon="-111.14302966666668"><ele>787.9</ele><time>2025-12-12T04:31:18.000Z</time><extensions><gpxtpx:TrackPointExtension><gpxtpx:bearing>82.54</gpxtpx:bearing><gpxtpx:speed>4.206825</gpxtpx:speed></gpxtpx:TrackPointExtension></extensions><geoidheight>-28.5</geoidheight><src>gps</src><sat>17</sat><hdop>0.66</hdop><vdop>0.93</vdop><pdop>1.14</pdop><dgpsid>0000</dgpsid></trkpt>
<trkpt lat="32.2187715" lon="-111.142669"><ele>786.8</ele><time>2025-12-12T04:31:29.000Z</time><extensions><gpxtpx:TrackPointExtension><gpxtpx:bearing>47.02</gpxtpx:bearing><gpxtpx:speed>2.9385493</gpxtpx:speed></gpxtpx:TrackPointExtension></extensions><geoidheight>-28.5</geoidheight><src>gps</src><sat>17</sat><hdop>0.71</hdop><vdop>1.03</vdop><pdop>1.25</pdop><dgpsid>0000</dgpsid></trkpt>
<trkpt lat="32.21897083333333" lon="-111.14240249999999"><ele>787.4</ele><time>2025-12-12T04:31:40.000Z</time><extensions><gpxtpx:TrackPointExtension><gpxtpx:bearing>47.37</gpxtpx:bearing><gpxtpx:speed>2.9823005</gpxtpx:speed></gpxtpx:TrackPointExtension></extensions><geoidheight>-28.5</geoidheight><src>gps</src><sat>18</sat><hdop>0.61</hdop><vdop>0.85</vdop><pdop>1.05</pdop><dgpsid>0000</dgpsid></trkpt>
<trkpt lat="32.219176999999995" lon="-111.1421395"><ele>787.3</ele><time>2025-12-12T04:31:51.000Z</time><extensions><gpxtpx:TrackPointExtension><gpxtpx:bearing>45.67</gpxtpx:bearing><gpxtpx:speed>2.9447258</gpxtpx:speed></gpxtpx:TrackPointExtension></extensions><geoidheight>-28.5</geoidheight><src>gps</src><sat>18</sat><hdop>0.61</hdop><vdop>0.85</vdop><pdop>1.05</pdop><dgpsid>0000</dgpsid></trkpt>
<trkpt lat="32.2193775" lon="-111.1419645"><ele>789.2</ele><time>2025-12-12T04:32:02.000Z</time><extensions><gpxtpx:TrackPointExtension><gpxtpx:bearing>27.74</gpxtpx:bearing><gpxtpx:speed>2.8561935</gpxtpx:speed></gpxtpx:TrackPointExtension></extensions><geoidheight>-28.5</geoidheight><src>gps</src><sat>18</sat><hdop>0.61</hdop><vdop>0.86</vdop><pdop>1.05</pdop><dgpsid>0000</dgpsid></trkpt>
<trkpt lat="32.219621999999994" lon="-111.14180633333332"><ele>792.1</ele><time>2025-12-12T04:32:13.000Z</time><extensions><gpxtpx:TrackPointExtension><gpxtpx:bearing>35.38</gpxtpx:bearing><gpxtpx:speed>2.6822176</gpxtpx:speed></gpxtpx:TrackPointExtension></extensions><geoidheight>-28.5</geoidheight><src>gps</src><sat>18</sat><hdop>0.63</hdop><vdop>0.87</vdop><pdop>1.07</pdop><dgpsid>0000</dgpsid></trkpt>
<trkpt lat="32.21982633333334" lon="-111.14153666666668"><ele>793.1</ele><time>2025-12-12T04:32:24.000Z</time><extensions><gpxtpx:TrackPointExtension><gpxtpx:bearing>60.0</gpxtpx:bearing><gpxtpx:speed>3.2746627</gpxtpx:speed></gpxtpx:TrackPointExtension></extensions><geoidheight>-28.5</geoidheight><src>gps</src><sat>18</sat><hdop>0.61</hdop><vdop>0.86</vdop><pdop>1.05</pdop><dgpsid>0000</dgpsid></trkpt>
<trkpt lat="32.21988533333333" lon="-111.14118533333334"><ele>790.0</ele><time>2025-12-12T04:32:35.000Z</time><extensions><gpxtpx:TrackPointExtension><gpxtpx:bearing>84.26</gpxtpx:bearing><gpxtpx:speed>3.1732626</gpxtpx:speed></gpxtpx:TrackPointExtension></extensions><geoidheight>-28.5</geoidheight><src>gps</src><sat>18</sat><hdop>0.61</hdop><vdop>0.86</vdop><pdop>1.06</pdop><dgpsid>0000</dgpsid></trkpt>
<trkpt lat="32.21988416666667" lon="-111.14080100000001"><ele>790.3</ele><time>2025-12-12T04:32:46.000Z</time><extensions><gpxtpx:TrackPointExtension><gpxtpx:bearing>88.21</gpxtpx:bearing><gpxtpx:speed>3.6514394</gpxtpx:speed></gpxtpx:TrackPointExtension></extensions><geoidheight>-28.5</geoidheight><src>gps</src><sat>18</sat><hdop>0.66</hdop><vdop>0.94</vdop><pdop>1.15</pdop><dgpsid>0000</dgpsid></trkpt>
<trkpt lat="32.21992716666667" lon="-111.14036066666668"><ele>791.0</ele><time>2025-12-12T04:32:57.000Z</time><extensions><gpxtpx:TrackPointExtension><gpxtpx:bearing>82.53</gpxtpx:bearing><gpxtpx:speed>3.7343097</gpxtpx:speed></gpxtpx:TrackPointExtension></extensions><geoidheight>-28.5</geoidheight><src>gps</src><sat>18</sat><hdop>0.66</hdop><vdop>0.94</vdop><pdop>1.15</pdop><dgpsid>0000</dgpsid></trkpt>
<trkpt lat="32.220012" lon="-111.139931"><ele>791.1</ele><time>2025-12-12T04:33:08.000Z</time><extensions><gpxtpx:TrackPointExtension><gpxtpx:bearing>67.48</gpxtpx:bearing><gpxtpx:speed>3.8125474</gpxtpx:speed></gpxtpx:TrackPointExtension></extensions><geoidheight>-28.5</geoidheight><src>gps</src><sat>18</sat><hdop>0.71</hdop><vdop>1.02</vdop><pdop>1.24</pdop><dgpsid>0000</dgpsid></trkpt>
<trkpt lat="32.22023033333333" lon="-111.13955516666668"><ele>790.6</ele><time>2025-12-12T04:33:19.000Z</time><extensions><gpxtpx:TrackPointExtension><gpxtpx:bearing>57.02</gpxtpx:bearing><gpxtpx:speed>3.9381397</gpxtpx:speed></gpxtpx:TrackPointExtension></extensions><geoidheight>-28.5</geoidheight><src>gps</src><sat>18</sat><hdop>0.67</hdop><vdop>0.93</vdop><pdop>1.15</pdop><dgpsid>0000</dgpsid></trkpt>
<trkpt lat="32.220440833333335" lon="-111.1391585"><ele>790.6</ele><time>2025-12-12T04:33:30.000Z</time><extensions><gpxtpx:TrackPointExtension><gpxtpx:bearing>44.47</gpxtpx:bearing><gpxtpx:speed>4.0719676</gpxtpx:speed></gpxtpx:TrackPointExtension></extensions><geoidheight>-28.5</geoidheight><src>gps</src><sat>18</sat><hdop>0.66</hdop><vdop>0.91</vdop><pdop>1.12</pdop><dgpsid>0000</dgpsid></trkpt>
<trkpt lat="32.220784333333334" lon="-111.13891450000001"><ele>794.6</ele><time>2025-12-12T04:33:41.000Z</time><extensions><gpxtpx:TrackPointExtension><gpxtpx:bearing>25.89</gpxtpx:bearing><gpxtpx:speed>3.8552694</gpxtpx:speed></gpxtpx:TrackPointExtension></extensions><geoidheight>-28.5</geoidheight><src>gps</src><sat>17</sat><hdop>0.76</hdop><vdop>1.11</vdop><pdop>1.35</pdop><dgpsid>0000</dgpsid></trkpt>
<trkpt lat="32.22109733333333" lon="-111.13866116666668"><ele>796.3</ele><time>2025-12-12T04:33:52.000Z</time><extensions><gpxtpx:TrackPointExtension><gpxtpx:bearing>53.05</gpxtpx:bearing><gpxtpx:speed>3.8408573</gpxtpx:speed></gpxtpx:TrackPointExtension></extensions><geoidheight>-28.5</geoidheight><src>gps</src><sat>18</sat><hdop>0.61</hdop><vdop>0.86</vdop><pdop>1.06</pdop><dgpsid>0000</dgpsid></trkpt>
<trkpt lat="32.221340833333336" lon="-111.13830666666667"><ele>791.4</ele><time>2025-12-12T04:34:03.000Z</time><extensions><gpxtpx:TrackPointExtension><gpxtpx:bearing>41.17</gpxtpx:bearing><gpxtpx:speed>3.9350514</gpxtpx:speed></gpxtpx:TrackPointExtension></extensions><geoidheight>-28.5</geoidheight><src>gps</src><sat>18</sat><hdop>0.61</hdop><vdop>0.86</vdop><pdop>1.06</pdop><dgpsid>0000</dgpsid></trkpt>
<trkpt lat="32.221299333333334" lon="-111.13801749999999"><ele>792.3</ele><time>2025-12-12T04:34:14.000Z</time><extensions><gpxtpx:TrackPointExtension><gpxtpx:bearing>157.11</gpxtpx:bearing><gpxtpx:speed>2.8767824</gpxtpx:speed></gpxtpx:TrackPointExtension></extensions><geoidheight>-28.5</geoidheight><src>gps</src><sat>17</sat><hdop>0.63</hdop><vdop>0.91</vdop><pdop>1.11</pdop><dgpsid>0000</dgpsid></trkpt>
<trkpt lat="32.2210445" lon="-111.1380735"><ele>794.5</ele><time>2025-12-12T04:34:25.000Z</time><extensions><gpxtpx:TrackPointExtension><gpxtpx:bearing>214.55</gpxtpx:bearing><gpxtpx:speed>3.2587063</gpxtpx:speed></gpxtpx:TrackPointExtension></extensions><geoidheight>-28.5</geoidheight><src>gps</src><sat>18</sat><hdop>0.64</hdop><vdop>0.94</vdop><pdop>1.14</pdop><dgpsid>0000</dgpsid></trkpt>
<trkpt lat="32.220738" lon="-111.1382745"><ele>794.6</ele><time>2025-12-12T04:34:36.000Z</time><extensions><gpxtpx:TrackPointExtension><gpxtpx:bearing>206.63</gpxtpx:bearing><gpxtpx:speed>3.5351121</gpxtpx:speed></gpxtpx:TrackPointExtension></extensions><geoidheight>-28.5</geoidheight><src>gps</src><sat>18</sat><hdop>0.64</hdop><vdop>0.94</vdop><pdop>1.14</pdop><dgpsid>0000</dgpsid></trkpt>
<trkpt lat="32.2204945" lon="-111.13831783333332"><ele>796.5</ele><time>2025-12-12T04:34:47.000Z</time><extensions><gpxtpx:TrackPointExtension><gpxtpx:bearing>167.95</gpxtpx:bearing><gpxtpx:speed>1.5740205</gpxtpx:speed></gpxtpx:TrackPointExtension></extensions><geoidheight>-28.5</geoidheight><src>gps</src><sat>16</sat><hdop>0.66</hdop><vdop>0.96</vdop><pdop>1.17</pdop><dgpsid>0000</dgpsid></trkpt>
<trkpt lat="32.22036683333333" lon="-111.1383375"><ele>796.9</ele><time>2025-12-12T04:34:58.000Z</time><extensions><gpxtpx:TrackPointExtension><gpxtpx:bearing>215.72</gpxtpx:bearing><gpxtpx:speed>1.1818023</gpxtpx:speed></gpxtpx:TrackPointExtension></extensions><geoidheight>-28.5</geoidheight><src>gps</src><sat>18</sat><hdop>0.64</hdop><vdop>0.90</vdop><pdop>1.10</pdop><dgpsid>0000</dgpsid></trkpt>
<trkpt lat="32.220404333333335" lon="-111.13830183333333"><ele>807.6</ele><time>2025-12-12T04:36:26.000Z</time><extensions><gpxtpx:TrackPointExtension><gpxtpx:speed>0.015956389</gpxtpx:speed></gpxtpx:TrackPointExtension></extensions><geoidheight>-28.5</geoidheight><src>gps</src><sat>18</sat><hdop>0.60</hdop><vdop>0.87</vdop><pdop>1.06</pdop><dgpsid>0000</dgpsid></trkpt>
<trkpt lat="32.220431833333336" lon="-111.13825833333334"><ele>808.6</ele><time>2025-12-12T04:36:48.000Z</time><extensions><gpxtpx:TrackPointExtension><gpxtpx:speed>0.07412</gpxtpx:speed></gpxtpx:TrackPointExtension></extensions><geoidheight>-28.5</geoidheight><src>gps</src><sat>17</sat><hdop>0.60</hdop><vdop>0.87</vdop><pdop>1.06</pdop><dgpsid>0000</dgpsid></trkpt>
<trkpt lat="32.2204115" lon="-111.13831183333332"><ele>806.7</ele><time>2025-12-12T04:37:32.000Z</time><extensions><gpxtpx:TrackPointExtension><gpxtpx:speed>0.015956389</gpxtpx:speed></gpxtpx:TrackPointExtension></extensions><geoidheight>-28.5</geoidheight><src>gps</src><sat>18</sat><hdop>0.63</hdop><vdop>0.88</vdop><pdop>1.08</pdop><dgpsid>0000</dgpsid></trkpt>
<trkpt lat="32.220442000000006" lon="-111.13827016666667"><ele>808.8</ele><time>2025-12-12T04:39:33.000Z</time><extensions><gpxtpx:TrackPointExtension><gpxtpx:speed>0.017500555</gpxtpx:speed></gpxtpx:TrackPointExtension></extensions><geoidheight>-28.5</geoidheight><src>gps</src><sat>16</sat><hdop>0.68</hdop><vdop>0.99</vdop><pdop>1.21</pdop><dgpsid>0000</dgpsid></trkpt>
<trkpt lat="32.22042366666667" lon="-111.13832150000002"><ele>807.1</ele><time>2025-12-12T04:44:19.000Z</time><extensions><gpxtpx:TrackPointExtension><gpxtpx:speed>0.017500555</gpxtpx:speed></gpxtpx:TrackPointExtension></extensions><geoidheight>-28.5</geoidheight><src>gps</src><sat>17</sat><hdop>0.62</hdop><vdop>0.95</vdop><pdop>1.14</pdop><dgpsid>0000</dgpsid></trkpt>
</trkseg></trk></gpx>