<?xml version="1.0" encoding="UTF-8" ?><gpx version="1.1" creator="GPSLogger 135 - http://gpslogger.mendhak.com/" xmlns:xsi="http://www.w3.org/2001/XMLSchema-instance" xmlns="http://www.topografix.com/GPX/1/1" xmlns:gpxtpx="http://www.garmin.com/xmlschemas/TrackPointExtension/v2" xsi:schemaLocation="http://www.topografix.com/GPX/1/1 http://www.topografix.com/GPX/1/1/gpx.xsd http://www.garmin.com/xmlschemas/TrackPointExtension/v2 https://www8.garmin.com/xmlschemas/TrackPointExtensionv2.xsd "><metadata><time>2026-08-31T16:55:02.000Z</time></metadata><trk><name>20260831</name><trkseg><trkpt lat="46.4811065" lon="-122.90293850000002"><ele>142.8</ele><time>2026-08-31T16:55:02.000Z</time><extensions><gpxtpx:TrackPointExtension><gpxtpx:speed>0.07566417</gpxtpx:speed></gpxtpx:TrackPointExtension></extensions><geoidheight>-20.3</geoidheight><src>gps</src><sat>4</sat><hdop>2.01</hdop><vdop>2.89</vdop><pdop>3.52</pdop></trkpt>
<trkpt lat="46.481086166666664" lon="-122.90299933333333"><ele>144.3</ele><time>2026-08-31T16:59:48.000Z</time><extensions><gpxtpx:TrackPointExtension><gpxtpx:speed>0.0231625</gpxtpx:speed></gpxtpx:TrackPointExtension></extensions><geoidheight>-20.3</geoidheight><src>gps</src><sat>12</sat><hdop>0.78</hdop><vdop>1.16</vdop><pdop>1.40</pdop><dgpsid>0000</dgpsid></trkpt>
<trkpt lat="46.48106216666667" lon="-122.902943"><ele>147.8</ele><time>2026-08-31T17:01:05.000Z</time><extensions><gpxtpx:TrackPointExtension><gpxtpx:speed>0.027795</gpxtpx:speed></gpxtpx:TrackPointExtension></extensions><geoidheight>-20.3</geoidheight><src>gps</src><sat>12</sat><hdop>0.78</hdop><vdop>1.17</vdop><pdop>1.40</pdop><dgpsid>0000</dgpsid></trkpt>
<trkpt lat="46.481063999999996" lon="-122.902841"><ele>147.9</ele><time>2026-08-31T17:05:29.000Z</time><extensions><gpxtpx:TrackPointExtension><gpxtpx:bearing>101.32</gpxtpx:bearing><gpxtpx:speed>1.6393902</gpxtpx:speed></gpxtpx:TrackPointExtension></extensions><geoidheight>-20.3</geoidheight><src>gps</src><sat>13</sat><hdop>0.79</hdop><vdop>1.17</vdop><pdop>1.41</pdop><dgpsid>0000</dgpsid></trkpt>
<trkpt lat="46.48114333333333" lon="-122.90264033333332"><ele>145.7</ele><time>2026-08-31T17:05:40.000Z</time><extensions><gpxtpx:TrackPointExtension><gpxtpx:bearing>37.69</gpxtpx:bearing><gpxtpx:speed>1.695495</gpxtpx:speed></gpxtpx:TrackPointExtension></extensions><geoidheight>-20.3</geoidheight><src>gps</src><sat>13</sat><hdop>0.73</hdop><vdop>1.07</vdop><pdop>1.29</pdop><dgpsid>0000</dgpsid></trkpt>
<trkpt lat="46.481303833333335" lon="-122.90264266666667"><ele>144.8</ele><time>2026-08-31T17:05:50.000Z</time><extensions><gpxtpx:TrackPointExtension><gpxtpx:bearing>332.95</gpxtpx:bearing><gpxtpx:speed>1.9477088</gpxtpx:speed></gpxtpx:TrackPointExtension></extensions><geoidheight>-20.3</geoidheight><src>gps</src><sat>13</sat><hdop>0.69</hdop><vdop>1.04</vdop><pdop>1.25</pdop><dgpsid>0000</dgpsid></trkpt>
<trkpt lat="46.481396833333335" lon="-122.9028775"><ele>144.2</ele><time>2026-08-31T17:06:02.000Z</time><extensions><gpxtpx:TrackPointExtension><gpxtpx:bearing>293.21</gpxtpx:bearing><gpxtpx:speed>1.5230631</gpxtpx:speed></gpxtpx:TrackPointExtension></extensions><geoidheight>-20.3</geoidheight><src>gps</src><sat>13</sat><hdop>0.69</hdop><vdop>1.05</vdop><pdop>1.25</pdop><dgpsid>0000</dgpsid></trkpt>
<trkpt lat="46.481412166666665" lon="-122.9029965"><ele>144.6</ele><time>2026-08-31T17:06:13.000Z</time><extensions><gpxtpx:TrackPointExtension><gpxtpx:speed>0.040663056</gpxtpx:speed></gpxtpx:TrackPointExtension></extensions><geoidheight>-20.3</geoidheight><src>gps</src><sat>13</sat><hdop>0.69</hdop><vdop>1.05</vdop><pdop>1.26</pdop><dgpsid>0000</dgpsid></trkpt>
<trkpt lat="46.48135533333334" lon="-122.9030395"><ele>149.3</ele><time>2026-08-31T17:07:19.000Z</time><extensions><gpxtpx:TrackPointExtension><gpxtpx:bearing>205.89</gpxtpx:bearing><gpxtpx:speed>1.2106267</gpxtpx:speed></gpxtpx:TrackPointExtension></extensions><geoidheight>-20.3</geoidheight><src>gps</src><sat>13</sat><hdop>0.77</hdop><vdop>1.18</vdop><pdop>1.41</pdop><dgpsid>0000</dgpsid></trkpt>
<trkpt lat="46.481461833333334" lon="-122.90294133333333"><ele>148.5</ele><time>2026-08-31T17:07:52.000Z</time><extensions><gpxtpx:TrackPointExtension><gpxtpx:bearing>20.16</gpxtpx:bearing><gpxtpx:speed>1.1416539</gpxtpx:speed></gpxtpx:TrackPointExtension></extensions><geoidheight>-20.3</geoidheight><src>gps</src><sat>13</sat><hdop>0.73</hdop><vdop>1.17</vdop><pdop>1.38</pdop><dgpsid>0000</dgpsid></trkpt>
<trkpt lat="46.48156300000001" lon="-122.90289216666666"><ele>148.5</ele><time>2026-08-31T17:08:03.000Z</time><extensions><gpxtpx:TrackPointExtension><gpxtpx:bearing>8.89</gpxtpx:bearing><gpxtpx:speed>1.1107706</gpxtpx:speed></gpxtpx:TrackPointExtension></extensions><geoidheight>-20.3</geoidheight><src>gps</src><sat>13</sat><hdop>0.70</hdop><vdop>1.16</vdop><pdop>1.36</pdop><dgpsid>0000</dgpsid></trkpt>
<trkpt lat="46.48161316666666" lon="-122.90285266666666"><ele>147.9</ele><time>2026-08-31T17:08:14.000Z</time><extensions><gpxtpx:TrackPointExtension><gpxtpx:bearing>77.59</gpxtpx:bearing><gpxtpx:speed>0.50082475</gpxtpx:speed></gpxtpx:TrackPointExtension></extensions><geoidheight>-20.3</geoidheight><src>gps</src><sat>14</sat><hdop>0.65</hdop><vdop>1.04</vdop><pdop>1.23</pdop><dgpsid>0000</dgpsid></trkpt>
<trkpt lat="46.48161100000001" lon="-122.90282499999999"><ele>147.4</ele><time>2026-08-31T17:24:44.000Z</time><extensions><gpxtpx:TrackPointExtension><gpxtpx:speed>0.04375139</gpxtpx:speed></gpxtpx:TrackPointExtension></extensions><geoidheight>-20.3</geoidheight><src>gps</src><sat>5</sat><hdop>0.92</hdop><vdop>1.48</vdop><pdop>1.74</pdop><dgpsid>0000</dgpsid></trkpt>
<trkpt lat="46.48152016666666" lon="-122.90290766666666"><ele>144.3</ele><time>2026-08-31T17:40:58.000Z</time><extensions><gpxtpx:TrackPointExtension><gpxtpx:bearing>205.55</gpxtpx:bearing><gpxtpx:speed>1.096873</gpxtpx:speed></gpxtpx:TrackPointExtension></extensions><geoidheight>-20.3</geoidheight><src>gps</src><sat>14</sat><hdop>0.64</hdop><vdop>0.88</vdop><pdop>1.08</pdop><dgpsid>0000</dgpsid></trkpt>
<trkpt lat="46.48137766666667" lon="-122.90297066666666"><ele>144.4</ele><time>2026-08-31T17:41:09.000Z</time><extensions><gpxtpx:TrackPointExtension><gpxtpx:bearing>197.94</gpxtpx:bearing><gpxtpx:speed>1.7644678</gpxtpx:speed></gpxtpx:TrackPointExtension></extensions><geoidheight>-20.3</geoidheight><src>gps</src><sat>14</sat><hdop>0.70</hdop><vdop>0.89</vdop><pdop>1.13</pdop><dgpsid>0000</dgpsid></trkpt>
<trkpt lat="46.48120216666666" lon="-122.90308966666667"><ele>143.3</ele><time>2026-08-31T17:41:20.000Z</time><extensions><gpxtpx:TrackPointExtension><gpxtpx:bearing>203.49</gpxtpx:bearing><gpxtpx:speed>1.9060163</gpxtpx:speed></gpxtpx:TrackPointExtension></extensions><geoidheight>-20.3</geoidheight><src>gps</src><sat>14</sat><hdop>0.64</hdop><vdop>0.88</vdop><pdop>1.09</pdop><dgpsid>0000</dgpsid></trkpt>
<trkpt lat="46.481046666666664" lon="-122.90320183333333"><ele>141.9</ele><time>2026-08-31T17:41:31.000Z</time><extensions><gpxtpx:TrackPointExtension><gpxtpx:bearing>205.46</gpxtpx:bearing><gpxtpx:speed>0.8559831</gpxtpx:speed></gpxtpx:TrackPointExtension></extensions><geoidheight>-20.3</geoidheight><src>gps</src><sat>14</sat><hdop>0.64</hdop><vdop>0.88</vdop><pdop>1.08</pdop><dgpsid>0000</dgpsid></trkpt>
<trkpt lat="46.480998833333324" lon="-122.90323683333332"><ele>141.3</ele><time>2026-08-31T17:41:53.000Z</time><extensions><gpxtpx:TrackPointExtension><gpxtpx:speed>0.02985389</gpxtpx:speed></gpxtpx:TrackPointExtension></extensions><geoidheight>-20.3</geoidheight><src>gps</src><sat>14</sat><hdop>0.61</hdop><vdop>0.86</vdop><pdop>1.06</pdop><dgpsid>0000</dgpsid></trkpt>
<trkpt lat="46.480885333333326" lon="-122.90311683333333"><ele>141.6</ele><time>2026-08-31T17:42:04.000Z</time><extensions><gpxtpx:TrackPointExtension><gpxtpx:bearing>117.72</gpxtpx:bearing><gpxtpx:speed>2.5715523</gpxtpx:speed></gpxtpx:TrackPointExtension></extensions><geoidheight>-20.3</geoidheight><src>gps</src><sat>14</sat><hdop>0.61</hdop><vdop>0.80</vdop><pdop>1.01</pdop><dgpsid>0000</dgpsid></trkpt>
<trkpt lat="46.48072950000001" lon="-122.90251716666668"><ele>142.1</ele><time>2026-08-31T17:42:15.000Z</time><extensions><gpxtpx:TrackPointExtension><gpxtpx:bearing>110.91</gpxtpx:bearing><gpxtpx:speed>7.5854616</gpxtpx:speed></gpxtpx:TrackPointExtension></extensions><geoidheight>-20.3</geoidheight><src>gps</src><sat>14</sat><hdop>0.61</hdop><vdop>0.80</vdop><pdop>1.01</pdop><dgpsid>0000</dgpsid></trkpt>
<trkpt lat="46.48035433333333" lon="-122.90111550000002"><ele>138.6</ele><time>2026-08-31T17:42:26.000Z</time><extensions><gpxtpx:TrackPointExtension><gpxtpx:bearing>111.74</gpxtpx:bearing><gpxtpx:speed>12.931366</gpxtpx:speed></gpxtpx:TrackPointExtension></extensions><geoidheight>-20.3</geoidheight><src>gps</src><sat>13</sat><hdop>0.77</hdop><vdop>1.08</vdop><pdop>1.33</pdop><dgpsid>0000</dgpsid></trkpt>
<trkpt lat="46.479817999999995" lon="-122.89916216666667"><ele>137.3</ele><time>2026-08-31T17:42:37.000Z</time><extensions><gpxtpx:TrackPointExtension><gpxtpx:bearing>111.41</gpxtpx:bearing><gpxtpx:speed>16.440228</gpxtpx:speed></gpxtpx:TrackPointExtension></extensions><geoidheight>-20.3</geoidheight><src>gps</src><sat>13</sat><hdop>0.66</hdop><vdop>0.88</vdop><pdop>1.10</pdop><dgpsid>0000</dgpsid></trkpt>
<trkpt lat="46.47920066666667" lon="-122.89691133333332"><ele>140.8</ele><time>2026-08-31T17:42:48.000Z</time><extensions><gpxtpx:TrackPointExtension><gpxtpx:bearing>111.23</gpxtpx:bearing><gpxtpx:speed>16.975023</gpxtpx:speed></gpxtpx:TrackPointExtension></extensions><geoidheight>-20.3</geoidheight><src>gps</src><sat>13</sat><hdop>0.72</hdop><vdop>1.05</vdop><pdop>1.27</pdop><dgpsid>0000</dgpsid></trkpt>
<trkpt lat="46.47860266666667" lon="-122.894685"><ele>143.6</ele><time>2026-08-31T17:42:59.000Z</time><extensions><gpxtpx:TrackPointExtension><gpxtpx:bearing>110.93</gpxtpx:bearing><gpxtpx:speed>16.689869</gpxtpx:speed></gpxtpx:TrackPointExtension></extensions><geoidheight>-20.3</geoidheight><src>gps</src><sat>14</sat><hdop>0.64</hdop><vdop>0.87</vdop><pdop>1.08</pdop><dgpsid>0000</dgpsid></trkpt>
<trkpt lat="46.47803366666667" lon="-122.89252983333333"><ele>148.6</ele><time>2026-08-31T17:43:10.000Z</time><extensions><gpxtpx:TrackPointExtension><gpxtpx:bearing>109.45</gpxtpx:bearing><gpxtpx:speed>15.536376</gpxtpx:speed></gpxtpx:TrackPointExtension></extensions><geoidheight>-20.3</geoidheight><src>gps</src><sat>13</sat><hdop>0.63</hdop><vdop>0.84</vdop><pdop>1.06</pdop><dgpsid>0000</dgpsid></trkpt>
<trkpt lat="46.47760033333334" lon="-122.89043799999999"><ele>145.3</ele><time>2026-08-31T17:43:21.000Z</time><extensions><gpxtpx:TrackPointExtension><gpxtpx:bearing>109.46</gpxtpx:bearing><gpxtpx:speed>15.932712</gpxtpx:speed></gpxtpx:TrackPointExtension></extensions><geoidheight>-20.3</geoidheight><src>gps</src><sat>15</sat><hdop>0.63</hdop><vdop>0.85</vdop><pdop>1.06</pdop><dgpsid>0000</dgpsid></trkpt>
<trkpt lat="46.476977000000005" lon="-122.88820666666668"><ele>135.2</ele><time>2026-08-31T17:43:32.000Z</time><extensions><gpxtpx:TrackPointExtension><gpxtpx:bearing>114.22</gpxtpx:bearing><gpxtpx:speed>17.468128</gpxtpx:speed></gpxtpx:TrackPointExtension></extensions><geoidheight>-20.3</geoidheight><src>gps</src><sat>11</sat><hdop>0.89</hdop><vdop>1.30</vdop><pdop>1.58</pdop><dgpsid>0000</dgpsid></trkpt>
<trkpt lat="46.47640783333333" lon="-122.886092"><ele>127.0</ele><time>2026-08-31T17:43:43.000Z</time><extensions><gpxtpx:TrackPointExtension><gpxtpx:bearing>112.63</gpxtpx:bearing><gpxtpx:speed>15.025771</gpxtpx:speed></gpxtpx:TrackPointExtension></extensions><geoidheight>-20.3</geoidheight><src>gps</src><sat>15</sat><hdop>0.72</hdop><vdop>1.00</vdop><pdop>1.24</pdop><dgpsid>0000</dgpsid></trkpt>
<trkpt lat="46.4759815" lon="-122.88471116666666"><ele>121.1</ele><time>2026-08-31T17:43:54.000Z</time><extensions><gpxtpx:TrackPointExtension><gpxtpx:bearing>144.82</gpxtpx:bearing><gpxtpx:speed>5.305242</gpxtpx:speed></gpxtpx:TrackPointExtension></extensions><geoidheight>-20.3</geoidheight><src>gps</src><sat>15</sat><hdop>0.72</hdop><vdop>1.00</vdop><pdop>1.24</pdop><dgpsid>0000</dgpsid></trkpt>
<trkpt lat="46.47517733333334" lon="-122.88459716666667"><ele>116.3</ele><time>2026-08-31T17:44:05.000Z</time><extensions><gpxtpx:TrackPointExtension><gpxtpx:bearing>173.35</gpxtpx:bearing><gpxtpx:speed>12.049132</gpxtpx:speed></gpxtpx:TrackPointExtension></extensions><geoidheight>-20.3</geoidheight><src>gps</src><sat>15</sat><hdop>0.63</hdop><vdop>0.85</vdop><pdop>1.06</pdop><dgpsid>0000</dgpsid></trkpt>
<trkpt lat="46.47363" lon="-122.88431483333333"><ele>104.8</ele><time>2026-08-31T17:44:16.000Z</time><extensions><gpxtpx:TrackPointExtension><gpxtpx:bearing>173.83</gpxtpx:bearing><gpxtpx:speed>18.219109</gpxtpx:speed></gpxtpx:TrackPointExtension></extensions><geoidheight>-20.3</geoidheight><src>gps</src><sat>15</sat><hdop>0.72</hdop><vdop>1.00</vdop><pdop>1.24</pdop><dgpsid>0000</dgpsid></trkpt>
<trkpt lat="46.47180466666667" lon="-122.88425950000001"><ele>97.8</ele><time>2026-08-31T17:44:27.000Z</time><extensions><gpxtpx:TrackPointExtension><gpxtpx:bearing>184.1</gpxtpx:bearing><gpxtpx:speed>18.808979</gpxtpx:speed></gpxtpx:TrackPointExtension></extensions><geoidheight>-20.3</geoidheight><src>gps</src><sat>15</sat><hdop>0.72</hdop><vdop>1.00</vdop><pdop>1.24</pdop><dgpsid>0000</dgpsid></trkpt>
<trkpt lat="46.469797333333325" lon="-122.88448949999999"><ele>94.4</ele><time>2026-08-31T17:44:38.000Z</time><extensions><gpxtpx:TrackPointExtension><gpxtpx:bearing>184.84</gpxtpx:bearing><gpxtpx:speed>22.1346</gpxtpx:speed></gpxtpx:TrackPointExtension></extensions><geoidheight>-20.3</geoidheight><src>gps</src><sat>15</sat><hdop>0.72</hdop><vdop>1.00</vdop><pdop>1.24</pdop><dgpsid>0000</dgpsid></trkpt>
<trkpt lat="46.467458666666666" lon="-122.88476333333334"><ele>93.7</ele><time>2026-08-31T17:44:49.000Z</time><extensions><gpxtpx:TrackPointExtension><gpxtpx:bearing>185.49</gpxtpx:bearing><gpxtpx:speed>25.215212</gpxtpx:speed></gpxtpx:TrackPointExtension></extensions><geoidheight>-20.3</geoidheight><src>gps</src><sat>15</sat><hdop>0.69</hdop><vdop>0.98</vdop><pdop>1.19</pdop><dgpsid>0000</dgpsid></trkpt>
<trkpt lat="46.46487316666666" lon="-122.88512033333333"><ele>93.4</ele><time>2026-08-31T17:45:00.000Z</time><extensions><gpxtpx:TrackPointExtension><gpxtpx:bearing>185.56</gpxtpx:bearing><gpxtpx:speed>27.060492</gpxtpx:speed></gpxtpx:TrackPointExtension></extensions><geoidheight>-20.3</geoidheight><src>gps</src><sat>15</sat><hdop>0.57</hdop><vdop>0.77</vdop><pdop>0.95</pdop><dgpsid>0000</dgpsid></trkpt>
<trkpt lat="46.46214583333334" lon="-122.88550383333335"><ele>91.3</ele><time>2026-08-31T17:45:11.000Z</time><extensions><gpxtpx:TrackPointExtension><gpxtpx:bearing>185.83</gpxtpx:bearing><gpxtpx:speed>28.188248</gpxtpx:speed></gpxtpx:TrackPointExtension></extensions><geoidheight>-20.3</geoidheight><src>gps</src><sat>15</sat><hdop>0.69</hdop><vdop>0.97</vdop><pdop>1.19</pdop><dgpsid>0000</dgpsid></trkpt>
<trkpt lat="46.45938266666667" lon="-122.88589483333332"><ele>89.8</ele><time>2026-08-31T17:45:22.000Z</time><extensions><gpxtpx:TrackPointExtension><gpxtpx:bearing>185.68</gpxtpx:bearing><gpxtpx:speed>28.19185</gpxtpx:speed></gpxtpx:TrackPointExtension></extensions><geoidheight>-20.3</geoidheight><src>gps</src><sat>15</sat><hdop>0.56</hdop><vdop>0.77</vdop><pdop>0.95</pdop><dgpsid>0000</dgpsid></trkpt>
<trkpt lat="46.45660483333333" lon="-122.88629883333333"><ele>88.4</ele><time>2026-08-31T17:45:33.000Z</time><extensions><gpxtpx:TrackPointExtension><gpxtpx:bearing>185.35</gpxtpx:bearing><gpxtpx:speed>28.283987</gpxtpx:speed></gpxtpx:TrackPointExtension></extensions><geoidheight>-20.3</geoidheight><src>gps</src><sat>15</sat><hdop>0.56</hdop><vdop>0.76</vdop><pdop>0.95</pdop><dgpsid>0000</dgpsid></trkpt>
<trkpt lat="46.45391800000001" lon="-122.88668766666666"><ele>87.6</ele><time>2026-08-31T17:45:44.000Z</time><extensions><gpxtpx:TrackPointExtension><gpxtpx:bearing>185.66</gpxtpx:bearing><gpxtpx:speed>26.690922</gpxtpx:speed></gpxtpx:TrackPointExtension></extensions><geoidheight>-20.3</geoidheight><src>gps</src><sat>15</sat><hdop>0.56</hdop><vdop>0.76</vdop><pdop>0.95</pdop><dgpsid>0000</dgpsid></trkpt>
<trkpt lat="46.4512745" lon="-122.88705350000001"><ele>86.6</ele><time>2026-08-31T17:45:55.000Z</time><extensions><gpxtpx:TrackPointExtension><gpxtpx:bearing>184.95</gpxtpx:bearing><gpxtpx:speed>26.324438</gpxtpx:speed></gpxtpx:TrackPointExtension></extensions><geoidheight>-20.3</geoidheight><src>gps</src><sat>15</sat><hdop>0.56</hdop><vdop>0.76</vdop><pdop>0.95</pdop><dgpsid>0000</dgpsid></trkpt>
<trkpt lat="46.448588666666666" lon="-122.88739616666665"><ele>82.2</ele><time>2026-08-31T17:46:06.000Z</time><extensions><gpxtpx:TrackPointExtension><gpxtpx:bearing>185.42</gpxtpx:bearing><gpxtpx:speed>28.660763</gpxtpx:speed></gpxtpx:TrackPointExtension></extensions><geoidheight>-20.3</geoidheight><src>gps</src><sat>15</sat><hdop>0.60</hdop><vdop>0.83</vdop><pdop>1.02</pdop><dgpsid>0000</dgpsid></trkpt>
<trkpt lat="46.44575383333334" lon="-122.88779833333335"><ele>72.0</ele><time>2026-08-31T17:46:17.000Z</time><extensions><gpxtpx:TrackPointExtension><gpxtpx:bearing>185.27</gpxtpx:bearing><gpxtpx:speed>28.78687</gpxtpx:speed></gpxtpx:TrackPointExtension></extensions><geoidheight>-20.3</geoidheight><src>gps</src><sat>12</sat><hdop>0.99</hdop><vdop>1.40</vdop><pdop>1.72</pdop><dgpsid>0000</dgpsid></trkpt>
<trkpt lat="46.442984666666675" lon="-122.888201"><ele>73.1</ele><time>2026-08-31T17:46:28.000Z</time><extensions><gpxtpx:TrackPointExtension><gpxtpx:bearing>185.15</gpxtpx:bearing><gpxtpx:speed>27.88765</gpxtpx:speed></gpxtpx:TrackPointExtension></extensions><geoidheight>-20.3</geoidheight><src>gps</src><sat>14</sat><hdop>0.71</hdop><vdop>0.98</vdop><pdop>1.22</pdop><dgpsid>0000</dgpsid></trkpt>
<trkpt lat="46.44025416666667" lon="-122.88858983333333"><ele>77.6</ele><time>2026-08-31T17:46:39.000Z</time><extensions><gpxtpx:TrackPointExtension><gpxtpx:bearing>186.0</gpxtpx:bearing><gpxtpx:speed>27.4419</gpxtpx:speed></gpxtpx:TrackPointExtension></extensions><geoidheight>-20.3</geoidheight><src>gps</src><sat>14</sat><hdop>0.71</hdop><vdop>0.98</vdop><pdop>1.22</pdop><dgpsid>0000</dgpsid></trkpt>
<trkpt lat="46.43757133333334" lon="-122.88897266666666"><ele>81.7</ele><time>2026-08-31T17:46:50.000Z</time><extensions><gpxtpx:TrackPointExtension><gpxtpx:bearing>185.6</gpxtpx:bearing><gpxtpx:speed>27.34719</gpxtpx:speed></gpxtpx:TrackPointExtension></extensions><geoidheight>-20.3</geoidheight><src>gps</src><sat>14</sat><hdop>0.63</hdop><vdop>0.84</vdop><pdop>1.05</pdop><dgpsid>0000</dgpsid></trkpt>
<trkpt lat="46.434813" lon="-122.88935883333333"><ele>81.2</ele><time>2026-08-31T17:47:01.000Z</time><extensions><gpxtpx:TrackPointExtension><gpxtpx:bearing>185.67</gpxtpx:bearing><gpxtpx:speed>28.941286</gpxtpx:speed></gpxtpx:TrackPointExtension></extensions><geoidheight>-20.3</geoidheight><src>gps</src><sat>14</sat><hdop>0.80</hdop><vdop>1.03</vdop><pdop>1.30</pdop><dgpsid>0000</dgpsid></trkpt>
<trkpt lat="46.431969333333335" lon="-122.88975933333334"><ele>74.1</ele><time>2026-08-31T17:47:12.000Z</time><extensions><gpxtpx:TrackPointExtension><gpxtpx:bearing>185.48</gpxtpx:bearing><gpxtpx:speed>28.919668</gpxtpx:speed></gpxtpx:TrackPointExtension></extensions><geoidheight>-20.3</geoidheight><src>gps</src><sat>14</sat><hdop>0.63</hdop><vdop>0.84</vdop><pdop>1.05</pdop><dgpsid>0000</dgpsid></trkpt>
<trkpt lat="46.4291595" lon="-122.89015050000002"><ele>65.3</ele><time>2026-08-31T17:47:23.000Z</time><extensions><gpxtpx:TrackPointExtension><gpxtpx:bearing>185.61</gpxtpx:bearing><gpxtpx:speed>28.357592</gpxtpx:speed></gpxtpx:TrackPointExtension></extensions><geoidheight>-20.3</geoidheight><src>gps</src><sat>13</sat><hdop>0.77</hdop><vdop>1.08</vdop><pdop>1.32</pdop><dgpsid>0000</dgpsid></trkpt>
<trkpt lat="46.426392333333325" lon="-122.89052416666667"><ele>56.4</ele><time>2026-08-31T17:47:34.000Z</time><extensions><gpxtpx:TrackPointExtension><gpxtpx:bearing>185.81</gpxtpx:bearing><gpxtpx:speed>27.886621</gpxtpx:speed></gpxtpx:TrackPointExtension></extensions><geoidheight>-20.3</geoidheight><src>gps</src><sat>15</sat><hdop>0.64</hdop><vdop>0.86</vdop><pdop>1.07</pdop><dgpsid>0000</dgpsid></trkpt>
<trkpt lat="46.4236435" lon="-122.8909115"><ele>46.8</ele><time>2026-08-31T17:47:45.000Z</time><extensions><gpxtpx:TrackPointExtension><gpxtpx:bearing>185.62</gpxtpx:bearing><gpxtpx:speed>28.16663</gpxtpx:speed></gpxtpx:TrackPointExtension></extensions><geoidheight>-20.3</geoidheight><src>gps</src><sat>15</sat><hdop>0.56</hdop><vdop>0.76</vdop><pdop>0.95</pdop><dgpsid>0000</dgpsid></trkpt>
<trkpt lat="46.4208005" lon="-122.89125"><ele>38.6</ele><time>2026-08-31T17:47:56.000Z</time><extensions><gpxtpx:TrackPointExtension><gpxtpx:bearing>181.9</gpxtpx:bearing><gpxtpx:speed>29.131733</gpxtpx:speed></gpxtpx:TrackPointExtension></extensions><geoidheight>-20.3</geoidheight><src>gps</src><sat>15</sat><hdop>0.69</hdop><vdop>0.97</vdop><pdop>1.19</pdop><dgpsid>0000</dgpsid></trkpt>
<trkpt lat="46.41797283333334" lon="-122.89100333333333"><ele>34.7</ele><time>2026-08-31T17:48:07.000Z</time><extensions><gpxtpx:TrackPointExtension><gpxtpx:bearing>173.01</gpxtpx:bearing><gpxtpx:speed>28.364798</gpxtpx:speed></gpxtpx:TrackPointExtension></extensions><geoidheight>-20.3</geoidheight><src>gps</src><sat>15</sat><hdop>0.60</hdop><vdop>0.83</vdop><pdop>1.02</pdop><dgpsid>0000</dgpsid></trkpt>
<trkpt lat="46.41516750000001" lon="-122.8904895"><ele>33.8</ele><time>2026-08-31T17:48:18.000Z</time><extensions><gpxtpx:TrackPointExtension><gpxtpx:bearing>172.35</gpxtpx:bearing><gpxtpx:speed>28.0817</gpxtpx:speed></gpxtpx:TrackPointExtension></extensions><geoidheight>-20.3</geoidheight><src>gps</src><sat>15</sat><hdop>0.60</hdop><vdop>0.82</vdop><pdop>1.02</pdop><dgpsid>0000</dgpsid></trkpt>
<trkpt lat="46.412521500000004" lon="-122.89000066666668"><ele>45.7</ele><time>2026-08-31T17:48:29.000Z</time><extensions><gpxtpx:TrackPointExtension><gpxtpx:bearing>172.97</gpxtpx:bearing><gpxtpx:speed>26.40422</gpxtpx:speed></gpxtpx:TrackPointExtension></extensions><geoidheight>-20.3</geoidheight><src>gps</src><sat>15</sat><hdop>0.60</hdop><vdop>0.82</vdop><pdop>1.02</pdop><dgpsid>0000</dgpsid></trkpt>
<trkpt lat="46.410005" lon="-122.88959983333334"><ele>51.1</ele><time>2026-08-31T17:48:40.000Z</time><extensions><gpxtpx:TrackPointExtension><gpxtpx:bearing>178.68</gpxtpx:bearing><gpxtpx:speed>25.316097</gpxtpx:speed></gpxtpx:TrackPointExtension></extensions><geoidheight>-20.3</geoidheight><src>gps</src><sat>14</sat><hdop>0.70</hdop><vdop>0.97</vdop><pdop>1.20</pdop><dgpsid>0000</dgpsid></trkpt>
<trkpt lat="46.40751916666667" lon="-122.89010933333333"><ele>53.4</ele><time>2026-08-31T17:48:51.000Z</time><extensions><gpxtpx:TrackPointExtension><gpxtpx:bearing>196.97</gpxtpx:bearing><gpxtpx:speed>25.8406</gpxtpx:speed></gpxtpx:TrackPointExtension></extensions><geoidheight>-20.3</geoidheight><src>gps</src><sat>14</sat><hdop>0.71</hdop><vdop>0.98</vdop><pdop>1.21</pdop><dgpsid>0000</dgpsid></trkpt>
<trkpt lat="46.40519833333333" lon="-122.8918465"><ele>52.0</ele><time>2026-08-31T17:49:02.000Z</time><extensions><gpxtpx:TrackPointExtension><gpxtpx:bearing>216.17</gpxtpx:bearing><gpxtpx:speed>27.42543</gpxtpx:speed></gpxtpx:TrackPointExtension></extensions><geoidheight>-20.3</geoidheight><src>gps</src><sat>15</sat><hdop>0.69</hdop><vdop>0.97</vdop><pdop>1.19</pdop><dgpsid>0000</dgpsid></trkpt>
<trkpt lat="46.40310266666667" lon="-122.89444049999999"><ele>52.2</ele><time>2026-08-31T17:49:13.000Z</time><extensions><gpxtpx:TrackPointExtension><gpxtpx:bearing>221.04</gpxtpx:bearing><gpxtpx:speed>27.764631</gpxtpx:speed></gpxtpx:TrackPointExtension></extensions><geoidheight>-20.3</geoidheight><src>gps</src><sat>16</sat><hdop>0.55</hdop><vdop>0.73</vdop><pdop>0.91</pdop><dgpsid>0000</dgpsid></trkpt>
<trkpt lat="46.40107716666667" lon="-122.89699833333334"><ele>51.3</ele><time>2026-08-31T17:49:24.000Z</time><extensions><gpxtpx:TrackPointExtension><gpxtpx:bearing>221.21</gpxtpx:bearing><gpxtpx:speed>26.80622</gpxtpx:speed></gpxtpx:TrackPointExtension></extensions><geoidheight>-20.3</geoidheight><src>gps</src><sat>16</sat><hdop>0.68</hdop><vdop>0.94</vdop><pdop>1.16</pdop><dgpsid>0000</dgpsid></trkpt>
<trkpt lat="46.39894533333333" lon="-122.89923683333333"><ele>52.2</ele><time>2026-08-31T17:49:35.000Z</time><extensions><gpxtpx:TrackPointExtension><gpxtpx:bearing>207.85</gpxtpx:bearing><gpxtpx:speed>26.58077</gpxtpx:speed></gpxtpx:TrackPointExtension></extensions><geoidheight>-20.4</geoidheight><src>gps</src><sat>15</sat><hdop>0.62</hdop><vdop>0.84</vdop><pdop>1.04</pdop><dgpsid>0000</dgpsid></trkpt>
<trkpt lat="46.39645516666666" lon="-122.90043033333335"><ele>52.9</ele><time>2026-08-31T17:49:46.000Z</time><extensions><gpxtpx:TrackPointExtension><gpxtpx:bearing>190.81</gpxtpx:bearing><gpxtpx:speed>26.779968</gpxtpx:speed></gpxtpx:TrackPointExtension></extensions><geoidheight>-20.4</geoidheight><src>gps</src><sat>13</sat><hdop>0.61</hdop><vdop>0.81</vdop><pdop>1.01</pdop><dgpsid>0000</dgpsid></trkpt>
<trkpt lat="46.393820166666664" lon="-122.9011235"><ele>52.2</ele><time>2026-08-31T17:49:57.000Z</time><extensions><gpxtpx:TrackPointExtension><gpxtpx:bearing>190.27</gpxtpx:bearing><gpxtpx:speed>27.425943</gpxtpx:speed></gpxtpx:TrackPointExtension></extensions><geoidheight>-20.4</geoidheight><src>gps</src><sat>13</sat><hdop>0.65</hdop><vdop>0.82</vdop><pdop>1.05</pdop><dgpsid>0000</dgpsid></trkpt>
<trkpt lat="46.391148333333334" lon="-122.90183633333332"><ele>51.5</ele><time>2026-08-31T17:50:08.000Z</time><extensions><gpxtpx:TrackPointExtension><gpxtpx:bearing>190.59</gpxtpx:bearing><gpxtpx:speed>27.51808</gpxtpx:speed></gpxtpx:TrackPointExtension></extensions><geoidheight>-20.4</geoidheight><src>gps</src><sat>13</sat><hdop>0.65</hdop><vdop>0.82</vdop><pdop>1.05</pdop><dgpsid>0000</dgpsid></trkpt>
<trkpt lat="46.38846266666666" lon="-122.90253650000001"><ele>51.1</ele><time>2026-08-31T17:50:19.000Z</time><extensions><gpxtpx:TrackPointExtension><gpxtpx:bearing>190.21</gpxtpx:bearing><gpxtpx:speed>27.645731</gpxtpx:speed></gpxtpx:TrackPointExtension></extensions><geoidheight>-20.4</geoidheight><src>gps</src><sat>14</sat><hdop>0.60</hdop><vdop>0.78</vdop><pdop>0.99</pdop><dgpsid>0000</dgpsid></trkpt>
<trkpt lat="46.38574633333333" lon="-122.90324749999999"><ele>51.6</ele><time>2026-08-31T17:50:30.000Z</time><extensions><gpxtpx:TrackPointExtension><gpxtpx:bearing>190.47</gpxtpx:bearing><gpxtpx:speed>28.077583</gpxtpx:speed></gpxtpx:TrackPointExtension></extensions><geoidheight>-20.4</geoidheight><src>gps</src><sat>13</sat><hdop>0.77</hdop><vdop>1.06</vdop><pdop>1.31</pdop><dgpsid>0000</dgpsid></trkpt>
<trkpt lat="46.382984333333326" lon="-122.90396883333332"><ele>51.5</ele><time>2026-08-31T17:50:41.000Z</time><extensions><gpxtpx:TrackPointExtension><gpxtpx:bearing>190.58</gpxtpx:bearing><gpxtpx:speed>28.641203</gpxtpx:speed></gpxtpx:TrackPointExtension></extensions><geoidheight>-20.4</geoidheight><src>gps</src><sat>12</sat><hdop>0.99</hdop><vdop>1.40</vdop><pdop>1.72</pdop><dgpsid>0000</dgpsid></trkpt>
<trkpt lat="46.380214666666674" lon="-122.90468833333334"><ele>53.4</ele><time>2026-08-31T17:50:52.000Z</time><extensions><gpxtpx:TrackPointExtension><gpxtpx:bearing>190.2</gpxtpx:bearing><gpxtpx:speed>28.36737</gpxtpx:speed></gpxtpx:TrackPointExtension></extensions><geoidheight>-20.4</geoidheight><src>gps</src><sat>12</sat><hdop>0.99</hdop><vdop>1.40</vdop><pdop>1.72</pdop><dgpsid>0000</dgpsid></trkpt>
<trkpt lat="46.37742483333333" lon="-122.90542699999999"><ele>52.0</ele><time>2026-08-31T17:51:03.000Z</time><extensions><gpxtpx:TrackPointExtension><gpxtpx:bearing>190.44</gpxtpx:bearing><gpxtpx:speed>29.012318</gpxtpx:speed></gpxtpx:TrackPointExtension></extensions><geoidheight>-20.4</geoidheight><src>gps</src><sat>12</sat><hdop>1.00</hdop><vdop>1.47</vdop><pdop>1.78</pdop><dgpsid>0000</dgpsid></trkpt>
<trkpt lat="46.374577" lon="-122.90617016666666"><ele>53.1</ele><time>2026-08-31T17:51:14.000Z</time><extensions><gpxtpx:TrackPointExtension><gpxtpx:bearing>190.66</gpxtpx:bearing><gpxtpx:speed>29.226442</gpxtpx:speed></gpxtpx:TrackPointExtension></extensions><geoidheight>-20.4</geoidheight><src>gps</src><sat>13</sat><hdop>0.78</hdop><vdop>1.11</vdop><pdop>1.36</pdop><dgpsid>0000</dgpsid></trkpt>
<trkpt lat="46.37177866666666" lon="-122.90694749999999"><ele>59.2</ele><time>2026-08-31T17:51:25.000Z</time><extensions><gpxtpx:TrackPointExtension><gpxtpx:bearing>191.28</gpxtpx:bearing><gpxtpx:speed>28.182587</gpxtpx:speed></gpxtpx:TrackPointExtension></extensions><geoidheight>-20.4</geoidheight><src>gps</src><sat>11</sat><hdop>1.01</hdop><vdop>1.53</vdop><pdop>1.84</pdop><dgpsid>0000</dgpsid></trkpt>
<trkpt lat="46.36912316666667" lon="-122.907659"><ele>72.4</ele><time>2026-08-31T17:51:36.000Z</time><extensions><gpxtpx:TrackPointExtension><gpxtpx:bearing>189.67</gpxtpx:bearing><gpxtpx:speed>26.363558</gpxtpx:speed></gpxtpx:TrackPointExtension></extensions><geoidheight>-20.4</geoidheight><src>gps</src><sat>12</sat><hdop>0.73</hdop><vdop>0.94</vdop><pdop>1.19</pdop><dgpsid>0000</dgpsid></trkpt>
<trkpt lat="46.36661983333333" lon="-122.90814716666667"><ele>84.5</ele><time>2026-08-31T17:51:47.000Z</time><extensions><gpxtpx:TrackPointExtension><gpxtpx:bearing>184.22</gpxtpx:bearing><gpxtpx:speed>24.889908</gpxtpx:speed></gpxtpx:TrackPointExtension></extensions><geoidheight>-20.4</geoidheight><src>gps</src><sat>11</sat><hdop>1.01</hdop><vdop>1.53</vdop><pdop>1.84</pdop><dgpsid>0000</dgpsid></trkpt>
<trkpt lat="46.364222500000004" lon="-122.90810683333332"><ele>89.7</ele><time>2026-08-31T17:51:58.000Z</time><extensions><gpxtpx:TrackPointExtension><gpxtpx:bearing>175.38</gpxtpx:bearing><gpxtpx:speed>23.919142</gpxtpx:speed></gpxtpx:TrackPointExtension></extensions><geoidheight>-20.4</geoidheight><src>gps</src><sat>12</sat><hdop>1.01</hdop><vdop>1.54</vdop><pdop>1.84</pdop><dgpsid>0000</dgpsid></trkpt>
<trkpt lat="46.36185083333333" lon="-122.90759683333333"><ele>93.9</ele><time>2026-08-31T17:52:09.000Z</time><extensions><gpxtpx:TrackPointExtension><gpxtpx:bearing>170.11</gpxtpx:bearing><gpxtpx:speed>25.063885</gpxtpx:speed></gpxtpx:TrackPointExtension></extensions><geoidheight>-20.4</geoidheight><src>gps</src><sat>13</sat><hdop>0.84</hdop><vdop>1.18</vdop><pdop>1.44</pdop><dgpsid>0000</dgpsid></trkpt>
<trkpt lat="46.35931833333334" lon="-122.90693683333332"><ele>96.4</ele><time>2026-08-31T17:52:20.000Z</time><extensions><gpxtpx:TrackPointExtension><gpxtpx:bearing>169.87</gpxtpx:bearing><gpxtpx:speed>26.63636</gpxtpx:speed></gpxtpx:TrackPointExtension></extensions><geoidheight>-20.4</geoidheight><src>gps</src><sat>14</sat><hdop>0.75</hdop><vdop>1.03</vdop><pdop>1.27</pdop><dgpsid>0000</dgpsid></trkpt>
<trkpt lat="46.356732166666674" lon="-122.90629383333335"><ele>103.0</ele><time>2026-08-31T17:52:31.000Z</time><extensions><gpxtpx:TrackPointExtension><gpxtpx:bearing>170.98</gpxtpx:bearing><gpxtpx:speed>26.568932</gpxtpx:speed></gpxtpx:TrackPointExtension></extensions><geoidheight>-20.4</geoidheight><src>gps</src><sat>15</sat><hdop>0.69</hdop><vdop>0.96</vdop><pdop>1.18</pdop><dgpsid>0000</dgpsid></trkpt>
<trkpt lat="46.354115666666665" lon="-122.90607566666668"><ele>108.3</ele><time>2026-08-31T17:52:42.000Z</time><extensions><gpxtpx:TrackPointExtension><gpxtpx:bearing>181.35</gpxtpx:bearing><gpxtpx:speed>26.935928</gpxtpx:speed></gpxtpx:TrackPointExtension></extensions><geoidheight>-20.4</geoidheight><src>gps</src><sat>15</sat><hdop>0.69</hdop><vdop>0.96</vdop><pdop>1.18</pdop><dgpsid>0000</dgpsid></trkpt>
<trkpt lat="46.351510000000005" lon="-122.90634183333334"><ele>108.3</ele><time>2026-08-31T17:52:53.000Z</time><extensions><gpxtpx:TrackPointExtension><gpxtpx:bearing>184.69</gpxtpx:bearing><gpxtpx:speed>26.306423</gpxtpx:speed></gpxtpx:TrackPointExtension></extensions><geoidheight>-20.4</geoidheight><src>gps</src><sat>15</sat><hdop>0.72</hdop><vdop>0.97</vdop><pdop>1.21</pdop><dgpsid>0000</dgpsid></trkpt>
<trkpt lat="46.34888816666667" lon="-122.90665849999999"><ele>102.2</ele><time>2026-08-31T17:53:04.000Z</time><extensions><gpxtpx:TrackPointExtension><gpxtpx:bearing>184.36</gpxtpx:bearing><gpxtpx:speed>27.092403</gpxtpx:speed></gpxtpx:TrackPointExtension></extensions><geoidheight>-20.4</geoidheight><src>gps</src><sat>14</sat><hdop>0.72</hdop><vdop>1.03</vdop><pdop>1.26</pdop><dgpsid>0000</dgpsid></trkpt>
<trkpt lat="46.34622733333334" lon="-122.906964"><ele>94.4</ele><time>2026-08-31T17:53:15.000Z</time><extensions><gpxtpx:TrackPointExtension><gpxtpx:bearing>184.69</gpxtpx:bearing><gpxtpx:speed>26.36613</gpxtpx:speed></gpxtpx:TrackPointExtension></extensions><geoidheight>-20.4</geoidheight><src>gps</src><sat>13</sat><hdop>1.00</hdop><vdop>1.48</vdop><pdop>1.78</pdop><dgpsid>0000</dgpsid></trkpt>
<trkpt lat="46.34362916666667" lon="-122.9072555"><ele>87.8</ele><time>2026-08-31T17:53:26.000Z</time><extensions><gpxtpx:TrackPointExtension><gpxtpx:bearing>184.53</gpxtpx:bearing><gpxtpx:speed>26.293556</gpxtpx:speed></gpxtpx:TrackPointExtension></extensions><geoidheight>-20.4</geoidheight><src>gps</src><sat>12</sat><hdop>0.99</hdop><vdop>1.40</vdop><pdop>1.71</pdop><dgpsid>0000</dgpsid></trkpt>
<trkpt lat="46.341043166666665" lon="-122.90755333333333"><ele>81.9</ele><time>2026-08-31T17:53:37.000Z</time><extensions><gpxtpx:TrackPointExtension><gpxtpx:bearing>184.22</gpxtpx:bearing><gpxtpx:speed>26.173111</gpxtpx:speed></gpxtpx:TrackPointExtension></extensions><geoidheight>-20.4</geoidheight><src>gps</src><sat>11</sat><hdop>1.00</hdop><vdop>1.48</vdop><pdop>1.78</pdop><dgpsid>0000</dgpsid></trkpt>
<trkpt lat="46.33841916666667" lon="-122.90784566666667"><ele>76.6</ele><time>2026-08-31T17:53:48.000Z</time><extensions><gpxtpx:TrackPointExtension><gpxtpx:bearing>184.37</gpxtpx:bearing><gpxtpx:speed>26.956518</gpxtpx:speed></gpxtpx:TrackPointExtension></extensions><geoidheight>-20.4</geoidheight><src>gps</src><sat>11</sat><hdop>1.00</hdop><vdop>1.48</vdop><pdop>1.78</pdop><dgpsid>0000</dgpsid></trkpt>
<trkpt lat="46.33572533333333" lon="-122.90816816666666"><ele>68.5</ele><time>2026-08-31T17:53:59.000Z</time><extensions><gpxtpx:TrackPointExtension><gpxtpx:bearing>184.63</gpxtpx:bearing><gpxtpx:speed>27.809412</gpxtpx:speed></gpxtpx:TrackPointExtension></extensions><geoidheight>-20.4</geoidheight><src>gps</src><sat>12</sat><hdop>1.07</hdop><vdop>1.57</vdop><pdop>1.90</pdop><dgpsid>0000</dgpsid></trkpt>
<trkpt lat="46.332909666666666" lon="-122.90849316666666"><ele>61.2</ele><time>2026-08-31T17:54:10.000Z</time><extensions><gpxtpx:TrackPointExtension><gpxtpx:bearing>184.65</gpxtpx:bearing><gpxtpx:speed>29.098276</gpxtpx:speed></gpxtpx:TrackPointExtension></extensions><geoidheight>-20.4</geoidheight><src>gps</src><sat>10</sat><hdop>1.07</hdop><vdop>1.57</vdop><pdop>1.90</pdop><dgpsid>0000</dgpsid></trkpt>
<trkpt lat="46.330037999999995" lon="-122.90901133333334"><ele>50.4</ele><time>2026-08-31T17:54:21.000Z</time><extensions><gpxtpx:TrackPointExtension><gpxtpx:bearing>192.49</gpxtpx:bearing><gpxtpx:speed>29.855433</gpxtpx:speed></gpxtpx:TrackPointExtension></extensions><geoidheight>-20.4</geoidheight><src>gps</src><sat>8</sat><hdop>1.38</hdop><vdop>2.56</vdop><pdop>2.91</pdop><dgpsid>0000</dgpsid></trkpt>
<trkpt lat="46.32728399999999" lon="-122.91056099999999"><ele>39.7</ele><time>2026-08-31T17:54:32.000Z</time><extensions><gpxtpx:TrackPointExtension><gpxtpx:bearing>206.55</gpxtpx:bearing><gpxtpx:speed>29.91514</gpxtpx:speed></gpxtpx:TrackPointExtension></extensions><geoidheight>-20.4</geoidheight><src>gps</src><sat>13</sat><hdop>0.84</hdop><vdop>1.22</vdop><pdop>1.48</pdop><dgpsid>0000</dgpsid></trkpt>
<trkpt lat="46.3246245" lon="-122.912438"><ele>30.2</ele><time>2026-08-31T17:54:43.000Z</time><extensions><gpxtpx:TrackPointExtension><gpxtpx:bearing>205.9</gpxtpx:bearing><gpxtpx:speed>29.896095</gpxtpx:speed></gpxtpx:TrackPointExtension></extensions><geoidheight>-20.4</geoidheight><src>gps</src><sat>13</sat><hdop>0.85</hdop><vdop>1.24</vdop><pdop>1.50</pdop><dgpsid>0000</dgpsid></trkpt>
<trkpt lat="46.32190083333333" lon="-122.91410883333334"><ele>26.0</ele><time>2026-08-31T17:54:54.000Z</time><extensions><gpxtpx:TrackPointExtension><gpxtpx:bearing>198.4</gpxtpx:bearing><gpxtpx:speed>29.879625</gpxtpx:speed></gpxtpx:TrackPointExtension></extensions><geoidheight>-20.4</geoidheight><src>gps</src><sat>13</sat><hdop>0.72</hdop><vdop>0.92</vdop><pdop>1.17</pdop><dgpsid>0000</dgpsid></trkpt>
<trkpt lat="46.319039999999994" lon="-122.9150385"><ele>25.3</ele><time>2026-08-31T17:55:05.000Z</time><extensions><gpxtpx:TrackPointExtension><gpxtpx:bearing>187.51</gpxtpx:bearing><gpxtpx:speed>29.56307</gpxtpx:speed></gpxtpx:TrackPointExtension></extensions><geoidheight>-20.4</geoidheight><src>gps</src><sat>13</sat><hdop>0.84</hdop><vdop>1.17</vdop><pdop>1.44</pdop><dgpsid>0000</dgpsid></trkpt>
<trkpt lat="46.31611833333333" lon="-122.91520283333332"><ele>26.2</ele><time>2026-08-31T17:55:16.000Z</time><extensions><gpxtpx:TrackPointExtension><gpxtpx:bearing>177.17</gpxtpx:bearing><gpxtpx:speed>29.86161</gpxtpx:speed></gpxtpx:TrackPointExtension></extensions><geoidheight>-20.5</geoidheight><src>gps</src><sat>16</sat><hdop>0.72</hdop><vdop>0.97</vdop><pdop>1.21</pdop><dgpsid>0000</dgpsid></trkpt>
<trkpt lat="46.31323616666667" lon="-122.91464316666666"><ele>25.8</ele><time>2026-08-31T17:55:27.000Z</time><extensions><gpxtpx:TrackPointExtension><gpxtpx:bearing>170.32</gpxtpx:bearing><gpxtpx:speed>29.528584</gpxtpx:speed></gpxtpx:TrackPointExtension></extensions><geoidheight>-20.5</geoidheight><src>gps</src><sat>16</sat><hdop>0.59</hdop><vdop>0.79</vdop><pdop>0.98</pdop><dgpsid>0000</dgpsid></trkpt>
<trkpt lat="46.31039066666667" lon="-122.91393783333334"><ele>26.5</ele><time>2026-08-31T17:55:38.000Z</time><extensions><gpxtpx:TrackPointExtension><gpxtpx:bearing>170.33</gpxtpx:bearing><gpxtpx:speed>28.907314</gpxtpx:speed></gpxtpx:TrackPointExtension></extensions><geoidheight>-20.5</geoidheight><src>gps</src><sat>15</sat><hdop>0.60</hdop><vdop>0.81</vdop><pdop>1.01</pdop><dgpsid>0000</dgpsid></trkpt>
<trkpt lat="46.307606333333325" lon="-122.91326150000002"><ele>26.1</ele><time>2026-08-31T17:55:49.000Z</time><extensions><gpxtpx:TrackPointExtension><gpxtpx:bearing>170.21</gpxtpx:bearing><gpxtpx:speed>28.218616</gpxtpx:speed></gpxtpx:TrackPointExtension></extensions><geoidheight>-20.5</geoidheight><src>gps</src><sat>12</sat><hdop>0.73</hdop><vdop>0.96</vdop><pdop>1.20</pdop><dgpsid>0000</dgpsid></trkpt>
<trkpt lat="46.30489266666667" lon="-122.912589"><ele>27.8</ele><time>2026-08-31T17:56:00.000Z</time><extensions><gpxtpx:TrackPointExtension><gpxtpx:bearing>170.55</gpxtpx:bearing><gpxtpx:speed>27.686909</gpxtpx:speed></gpxtpx:TrackPointExtension></extensions><geoidheight>-20.5</geoidheight><src>gps</src><sat>13</sat><hdop>0.67</hdop><vdop>0.89</vdop><pdop>1.11</pdop><dgpsid>0000</dgpsid></trkpt>
<trkpt lat="46.302173833333335" lon="-122.91187133333332"><ele>27.6</ele><time>2026-08-31T17:56:11.000Z</time><extensions><gpxtpx:TrackPointExtension><gpxtpx:bearing>167.92</gpxtpx:bearing><gpxtpx:speed>28.376122</gpxtpx:speed></gpxtpx:TrackPointExtension></extensions><geoidheight>-20.5</geoidheight><src>gps</src><sat>13</sat><hdop>0.73</hdop><vdop>1.00</vdop><pdop>1.24</pdop><dgpsid>0000</dgpsid></trkpt>
<trkpt lat="46.299395000000004" lon="-122.910829"><ele>26.2</ele><time>2026-08-31T17:56:22.000Z</time><extensions><gpxtpx:TrackPointExtension><gpxtpx:bearing>163.18</gpxtpx:bearing><gpxtpx:speed>29.417404</gpxtpx:speed></gpxtpx:TrackPointExtension></extensions><geoidheight>-20.5</geoidheight><src>gps</src><sat>12</sat><hdop>0.68</hdop><vdop>0.88</vdop><pdop>1.11</pdop><dgpsid>0000</dgpsid></trkpt>
<trkpt lat="46.29663133333334" lon="-122.90948683333333"><ele>22.2</ele><time>2026-08-31T17:56:33.000Z</time><extensions><gpxtpx:TrackPointExtension><gpxtpx:bearing>160.79</gpxtpx:bearing><gpxtpx:speed>29.49976</gpxtpx:speed></gpxtpx:TrackPointExtension></extensions><geoidheight>-20.5</geoidheight><src>gps</src><sat>15</sat><hdop>0.60</hdop><vdop>0.81</vdop><pdop>1.01</pdop><dgpsid>0000</dgpsid></trkpt>
<trkpt lat="46.293915500000004" lon="-122.90812183333334"><ele>19.9</ele><time>2026-08-31T17:56:44.000Z</time><extensions><gpxtpx:TrackPointExtension><gpxtpx:bearing>160.93</gpxtpx:bearing><gpxtpx:speed>28.866137</gpxtpx:speed></gpxtpx:TrackPointExtension></extensions><geoidheight>-20.5</geoidheight><src>gps</src><sat>14</sat><hdop>0.70</hdop><vdop>0.95</vdop><pdop>1.18</pdop><dgpsid>0000</dgpsid></trkpt>
<trkpt lat="46.29124233333334" lon="-122.90677099999999"><ele>18.6</ele><time>2026-08-31T17:56:55.000Z</time><extensions><gpxtpx:TrackPointExtension><gpxtpx:bearing>160.4</gpxtpx:bearing><gpxtpx:speed>28.603113</gpxtpx:speed></gpxtpx:TrackPointExtension></extensions><geoidheight>-20.5</geoidheight><src>gps</src><sat>13</sat><hdop>0.75</hdop><vdop>1.02</vdop><pdop>1.27</pdop><dgpsid>0000</dgpsid></trkpt>
<trkpt lat="46.28857616666666" lon="-122.90533216666667"><ele>16.7</ele><time>2026-08-31T17:57:06.000Z</time><extensions><gpxtpx:TrackPointExtension><gpxtpx:bearing>158.79</gpxtpx:bearing><gpxtpx:speed>29.207912</gpxtpx:speed></gpxtpx:TrackPointExtension></extensions><geoidheight>-20.5</geoidheight><src>gps</src><sat>14</sat><hdop>0.76</hdop><vdop>1.12</vdop><pdop>1.35</pdop><dgpsid>0000</dgpsid></trkpt>
<trkpt lat="46.28593283333333" lon="-122.90381633333332"><ele>24.9</ele><time>2026-08-31T17:57:17.000Z</time><extensions><gpxtpx:TrackPointExtension><gpxtpx:bearing>158.29</gpxtpx:bearing><gpxtpx:speed>27.949932</gpxtpx:speed></gpxtpx:TrackPointExtension></extensions><geoidheight>-20.5</geoidheight><src>gps</src><sat>13</sat><hdop>0.70</hdop><vdop>0.95</vdop><pdop>1.18</pdop><dgpsid>0000</dgpsid></trkpt>
<trkpt lat="46.28341716666667" lon="-122.90237499999999"><ele>34.3</ele><time>2026-08-31T17:57:28.000Z</time><extensions><gpxtpx:TrackPointExtension><gpxtpx:bearing>158.21</gpxtpx:bearing><gpxtpx:speed>26.757835</gpxtpx:speed></gpxtpx:TrackPointExtension></extensions><geoidheight>-20.5</geoidheight><src>gps</src><sat>15</sat><hdop>0.70</hdop><vdop>0.95</vdop><pdop>1.18</pdop><dgpsid>0000</dgpsid></trkpt>
<trkpt lat="46.2809555" lon="-122.90095500000001"><ele>39.1</ele><time>2026-08-31T17:57:39.000Z</time><extensions><gpxtpx:TrackPointExtension><gpxtpx:bearing>158.21</gpxtpx:bearing><gpxtpx:speed>26.520548</gpxtpx:speed></gpxtpx:TrackPointExtension></extensions><geoidheight>-20.5</geoidheight><src>gps</src><sat>15</sat><hdop>0.60</hdop><vdop>0.81</vdop><pdop>1.01</pdop><dgpsid>0000</dgpsid></trkpt>
<trkpt lat="46.27845033333333" lon="-122.899467"><ele>32.4</ele><time>2026-08-31T17:57:50.000Z</time><extensions><gpxtpx:TrackPointExtension><gpxtpx:bearing>158.09</gpxtpx:bearing><gpxtpx:speed>27.951475</gpxtpx:speed></gpxtpx:TrackPointExtension></extensions><geoidheight>-20.5</geoidheight><src>gps</src><sat>15</sat><hdop>0.60</hdop><vdop>0.81</vdop><pdop>1.01</pdop><dgpsid>0000</dgpsid></trkpt>
<trkpt lat="46.27590466666667" lon="-122.89800766666667"><ele>23.4</ele><time>2026-08-31T17:58:01.000Z</time><extensions><gpxtpx:TrackPointExtension><gpxtpx:bearing>158.36</gpxtpx:bearing><gpxtpx:speed>28.019419</gpxtpx:speed></gpxtpx:TrackPointExtension></extensions><geoidheight>-20.5</geoidheight><src>gps</src><sat>13</sat><hdop>0.84</hdop><vdop>1.27</vdop><pdop>1.52</pdop><dgpsid>0000</dgpsid></trkpt>
<trkpt lat="46.27331933333333" lon="-122.89658933333334"><ele>19.3</ele><time>2026-08-31T17:58:12.000Z</time><extensions><gpxtpx:TrackPointExtension><gpxtpx:bearing>158.37</gpxtpx:bearing><gpxtpx:speed>28.073465</gpxtpx:speed></gpxtpx:TrackPointExtension></extensions><geoidheight>-20.5</geoidheight><src>gps</src><sat>13</sat><hdop>0.84</hdop><vdop>1.27</vdop><pdop>1.53</pdop><dgpsid>0000</dgpsid></trkpt>
<trkpt lat="46.270868" lon="-122.89518116666667"><ele>24.5</ele><time>2026-08-31T17:58:23.000Z</time><extensions><gpxtpx:TrackPointExtension><gpxtpx:bearing>158.34</gpxtpx:bearing><gpxtpx:speed>25.89413</gpxtpx:speed></gpxtpx:TrackPointExtension></extensions><geoidheight>-20.5</geoidheight><src>gps</src><sat>14</sat><hdop>0.77</hdop><vdop>1.17</vdop><pdop>1.40</pdop><dgpsid>0000</dgpsid></trkpt>
<trkpt lat="46.268536" lon="-122.89378733333334"><ele>32.7</ele><time>2026-08-31T17:58:34.000Z</time><extensions><gpxtpx:TrackPointExtension><gpxtpx:bearing>155.39</gpxtpx:bearing><gpxtpx:speed>25.240948</gpxtpx:speed></gpxtpx:TrackPointExtension></extensions><geoidheight>-20.5</geoidheight><src>gps</src><sat>11</sat><hdop>0.86</hdop><vdop>1.24</vdop><pdop>1.51</pdop><dgpsid>0000</dgpsid></trkpt>
<trkpt lat="46.266274" lon="-122.89223333333332"><ele>42.3</ele><time>2026-08-31T17:58:45.000Z</time><extensions><gpxtpx:TrackPointExtension><gpxtpx:bearing>153.7</gpxtpx:bearing><gpxtpx:speed>25.286758</gpxtpx:speed></gpxtpx:TrackPointExtension></extensions><geoidheight>-20.5</geoidheight><src>gps</src><sat>10</sat><hdop>0.90</hdop><vdop>1.48</vdop><pdop>1.73</pdop><dgpsid>0000</dgpsid></trkpt>
<trkpt lat="46.26395283333333" lon="-122.89058116666665"><ele>42.2</ele><time>2026-08-31T17:58:56.000Z</time><extensions><gpxtpx:TrackPointExtension><gpxtpx:bearing>153.71</gpxtpx:bearing><gpxtpx:speed>27.01365</gpxtpx:speed></gpxtpx:TrackPointExtension></extensions><geoidheight>-20.5</geoidheight><src>gps</src><sat>12</sat><hdop>0.87</hdop><vdop>1.35</vdop><pdop>1.60</pdop><dgpsid>0000</dgpsid></trkpt>
<trkpt lat="46.261569666666674" lon="-122.88888633333333"><ele>34.7</ele><time>2026-08-31T17:59:07.000Z</time><extensions><gpxtpx:TrackPointExtension><gpxtpx:bearing>153.93</gpxtpx:bearing><gpxtpx:speed>27.135641</gpxtpx:speed></gpxtpx:TrackPointExtension></extensions><geoidheight>-20.5</geoidheight><src>gps</src><sat>14</sat><hdop>0.70</hdop><vdop>0.95</vdop><pdop>1.18</pdop><dgpsid>0000</dgpsid></trkpt>
<trkpt lat="46.25921533333334" lon="-122.88722000000001"><ele>25.3</ele><time>2026-08-31T17:59:18.000Z</time><extensions><gpxtpx:TrackPointExtension><gpxtpx:bearing>153.65</gpxtpx:bearing><gpxtpx:speed>26.197817</gpxtpx:speed></gpxtpx:TrackPointExtension></extensions><geoidheight>-20.5</geoidheight><src>gps</src><sat>15</sat><hdop>0.60</hdop><vdop>0.81</vdop><pdop>1.01</pdop><dgpsid>0000</dgpsid></trkpt>
<trkpt lat="46.256834833333336" lon="-122.88552466666667"><ele>18.6</ele><time>2026-08-31T17:59:29.000Z</time><extensions><gpxtpx:TrackPointExtension><gpxtpx:bearing>154.12</gpxtpx:bearing><gpxtpx:speed>27.68279</gpxtpx:speed></gpxtpx:TrackPointExtension></extensions><geoidheight>-20.5</geoidheight><src>gps</src><sat>13</sat><hdop>0.65</hdop><vdop>0.87</vdop><pdop>1.08</pdop><dgpsid>0000</dgpsid></trkpt>
<trkpt lat="46.254106666666665" lon="-122.88426366666666"><ele>16.7</ele><time>2026-08-31T17:59:40.000Z</time><extensions><gpxtpx:TrackPointExtension><gpxtpx:bearing>172.34</gpxtpx:bearing><gpxtpx:speed>30.097868</gpxtpx:speed></gpxtpx:TrackPointExtension></extensions><geoidheight>-20.5</geoidheight><src>gps</src><sat>12</sat><hdop>0.70</hdop><vdop>0.94</vdop><pdop>1.17</pdop><dgpsid>0000</dgpsid></trkpt>
<trkpt lat="46.25117316666667" lon="-122.88447550000001"><ele>24.4</ele><time>2026-08-31T17:59:51.000Z</time><extensions><gpxtpx:TrackPointExtension><gpxtpx:bearing>187.72</gpxtpx:bearing><gpxtpx:speed>28.73025</gpxtpx:speed></gpxtpx:TrackPointExtension></extensions><geoidheight>-20.5</geoidheight><src>gps</src><sat>12</sat><hdop>0.70</hdop><vdop>0.94</vdop><pdop>1.17</pdop><dgpsid>0000</dgpsid></trkpt>
<trkpt lat="46.24847116666667" lon="-122.88502466666665"><ele>37.9</ele><time>2026-08-31T18:00:02.000Z</time><extensions><gpxtpx:TrackPointExtension><gpxtpx:bearing>187.91</gpxtpx:bearing><gpxtpx:speed>26.872103</gpxtpx:speed></gpxtpx:TrackPointExtension></extensions><geoidheight>-20.5</geoidheight><src>gps</src><sat>12</sat><hdop>0.80</hdop><vdop>1.27</vdop><pdop>1.50</pdop><dgpsid>0000</dgpsid></trkpt>
<trkpt lat="46.245809333333334" lon="-122.88557616666667"><ele>42.2</ele><time>2026-08-31T18:00:13.000Z</time><extensions><gpxtpx:TrackPointExtension><gpxtpx:bearing>188.11</gpxtpx:bearing><gpxtpx:speed>28.101774</gpxtpx:speed></gpxtpx:TrackPointExtension></extensions><geoidheight>-20.5</geoidheight><src>gps</src><sat>12</sat><hdop>0.79</hdop><vdop>1.12</vdop><pdop>1.36</pdop><dgpsid>0000</dgpsid></trkpt>
<trkpt lat="46.24290416666666" lon="-122.8861755"><ele>37.0</ele><time>2026-08-31T18:00:24.000Z</time><extensions><gpxtpx:TrackPointExtension><gpxtpx:bearing>188.33</gpxtpx:bearing><gpxtpx:speed>30.637812</gpxtpx:speed></gpxtpx:TrackPointExtension></extensions><geoidheight>-20.5</geoidheight><src>gps</src><sat>12</sat><hdop>0.70</hdop><vdop>0.94</vdop><pdop>1.17</pdop><dgpsid>0000</dgpsid></trkpt>
<trkpt lat="46.23989633333334" lon="-122.88678566666667"><ele>29.3</ele><time>2026-08-31T18:00:35.000Z</time><extensions><gpxtpx:TrackPointExtension><gpxtpx:bearing>187.92</gpxtpx:bearing><gpxtpx:speed>30.632149</gpxtpx:speed></gpxtpx:TrackPointExtension></extensions><geoidheight>-20.5</geoidheight><src>gps</src><sat>12</sat><hdop>0.80</hdop><vdop>1.27</vdop><pdop>1.50</pdop><dgpsid>0000</dgpsid></trkpt>
<trkpt lat="46.23689316666667" lon="-122.88739883333334"><ele>28.1</ele><time>2026-08-31T18:00:46.000Z</time><extensions><gpxtpx:TrackPointExtension><gpxtpx:bearing>188.33</gpxtpx:bearing><gpxtpx:speed>30.58531</gpxtpx:speed></gpxtpx:TrackPointExtension></extensions><geoidheight>-20.5</geoidheight><src>gps</src><sat>13</sat><hdop>0.64</hdop><vdop>0.90</vdop><pdop>1.11</pdop><dgpsid>0000</dgpsid></trkpt>
<trkpt lat="46.23391816666667" lon="-122.88801933333335"><ele>32.0</ele><time>2026-08-31T18:00:57.000Z</time><extensions><gpxtpx:TrackPointExtension><gpxtpx:bearing>188.19</gpxtpx:bearing><gpxtpx:speed>30.340816</gpxtpx:speed></gpxtpx:TrackPointExtension></extensions><geoidheight>-20.5</geoidheight><src>gps</src><sat>13</sat><hdop>0.65</hdop><vdop>0.86</vdop><pdop>1.08</pdop><dgpsid>0000</dgpsid></trkpt>
<trkpt lat="46.23093000000001" lon="-122.88864883333332"><ele>33.7</ele><time>2026-08-31T18:01:08.000Z</time><extensions><gpxtpx:TrackPointExtension><gpxtpx:bearing>188.17</gpxtpx:bearing><gpxtpx:speed>30.930687</gpxtpx:speed></gpxtpx:TrackPointExtension></extensions><geoidheight>-20.5</geoidheight><src>gps</src><sat>15</sat><hdop>0.60</hdop><vdop>0.81</vdop><pdop>1.01</pdop><dgpsid>0000</dgpsid></trkpt>
<trkpt lat="46.227954" lon="-122.88925249999998"><ele>28.0</ele><time>2026-08-31T18:01:19.000Z</time><extensions><gpxtpx:TrackPointExtension><gpxtpx:bearing>188.48</gpxtpx:bearing><gpxtpx:speed>29.409168</gpxtpx:speed></gpxtpx:TrackPointExtension></extensions><geoidheight>-20.5</geoidheight><src>gps</src><sat>11</sat><hdop>0.86</hdop><vdop>1.15</vdop><pdop>1.43</pdop><dgpsid>0000</dgpsid></trkpt>
<trkpt lat="46.2251195" lon="-122.88982466666667"><ele>20.6</ele><time>2026-08-31T18:01:30.000Z</time><extensions><gpxtpx:TrackPointExtension><gpxtpx:bearing>188.06</gpxtpx:bearing><gpxtpx:speed>29.159014</gpxtpx:speed></gpxtpx:TrackPointExtension></extensions><geoidheight>-20.5</geoidheight><src>gps</src><sat>11</sat><hdop>0.80</hdop><vdop>1.28</vdop><pdop>1.51</pdop><dgpsid>0000</dgpsid></trkpt>
<trkpt lat="46.22225216666667" lon="-122.89039766666669"><ele>22.7</ele><time>2026-08-31T18:01:41.000Z</time><extensions><gpxtpx:TrackPointExtension><gpxtpx:bearing>187.96</gpxtpx:bearing><gpxtpx:speed>29.411228</gpxtpx:speed></gpxtpx:TrackPointExtension></extensions><geoidheight>-20.5</geoidheight><src>gps</src><sat>11</sat><hdop>0.79</hdop><vdop>1.11</vdop><pdop>1.36</pdop><dgpsid>0000</dgpsid></trkpt>
<trkpt lat="46.21937366666666" lon="-122.89098600000001"><ele>21.2</ele><time>2026-08-31T18:01:52.000Z</time><extensions><gpxtpx:TrackPointExtension><gpxtpx:bearing>187.97</gpxtpx:bearing><gpxtpx:speed>29.633074</gpxtpx:speed></gpxtpx:TrackPointExtension></extensions><geoidheight>-20.5</geoidheight><src>gps</src><sat>11</sat><hdop>0.86</hdop><vdop>1.15</vdop><pdop>1.43</pdop><dgpsid>0000</dgpsid></trkpt>
<trkpt lat="46.216511000000004" lon="-122.89158433333333"><ele>19.8</ele><time>2026-08-31T18:02:03.000Z</time><extensions><gpxtpx:TrackPointExtension><gpxtpx:bearing>188.37</gpxtpx:bearing><gpxtpx:speed>28.929447</gpxtpx:speed></gpxtpx:TrackPointExtension></extensions><geoidheight>-20.5</geoidheight><src>gps</src><sat>11</sat><hdop>1.04</hdop><vdop>1.62</vdop><pdop>1.92</pdop><dgpsid>0000</dgpsid></trkpt>
<trkpt lat="46.2137115" lon="-122.89209816666668"><ele>23.4</ele><time>2026-08-31T18:02:14.000Z</time><extensions><gpxtpx:TrackPointExtension><gpxtpx:bearing>185.17</gpxtpx:bearing><gpxtpx:speed>28.472889</gpxtpx:speed></gpxtpx:TrackPointExtension></extensions><geoidheight>-20.5</geoidheight><src>gps</src><sat>11</sat><hdop>0.99</hdop><vdop>1.54</vdop><pdop>1.83</pdop><dgpsid>0000</dgpsid></trkpt>
<trkpt lat="46.21090933333333" lon="-122.89230466666667"><ele>26.2</ele><time>2026-08-31T18:02:25.000Z</time><extensions><gpxtpx:TrackPointExtension><gpxtpx:bearing>181.84</gpxtpx:bearing><gpxtpx:speed>28.615467</gpxtpx:speed></gpxtpx:TrackPointExtension></extensions><geoidheight>-20.5</geoidheight><src>gps</src><sat>13</sat><hdop>0.81</hdop><vdop>1.11</vdop><pdop>1.37</pdop><dgpsid>0000</dgpsid></trkpt>
<trkpt lat="46.20804166666667" lon="-122.892436"><ele>28.2</ele><time>2026-08-31T18:02:36.000Z</time><extensions><gpxtpx:TrackPointExtension><gpxtpx:bearing>181.87</gpxtpx:bearing><gpxtpx:speed>29.382402</gpxtpx:speed></gpxtpx:TrackPointExtension></extensions><geoidheight>-20.5</geoidheight><src>gps</src><sat>11</sat><hdop>1.00</hdop><vdop>1.80</vdop><pdop>2.06</pdop><dgpsid>0000</dgpsid></trkpt>
<trkpt lat="46.205117" lon="-122.89257216666668"><ele>30.5</ele><time>2026-08-31T18:02:47.000Z</time><extensions><gpxtpx:TrackPointExtension><gpxtpx:bearing>181.96</gpxtpx:bearing><gpxtpx:speed>29.763298</gpxtpx:speed></gpxtpx:TrackPointExtension></extensions><geoidheight>-20.6</geoidheight><src>gps</src><sat>12</sat><hdop>0.87</hdop><vdop>1.36</vdop><pdop>1.61</pdop><dgpsid>0000</dgpsid></trkpt>
<trkpt lat="46.202266666666674" lon="-122.89271316666667"><ele>28.1</ele><time>2026-08-31T18:02:58.000Z</time><extensions><gpxtpx:TrackPointExtension><gpxtpx:bearing>181.78</gpxtpx:bearing><gpxtpx:speed>27.836693</gpxtpx:speed></gpxtpx:TrackPointExtension></extensions><geoidheight>-20.6</geoidheight><src>gps</src><sat>12</sat><hdop>0.80</hdop><vdop>1.22</vdop><pdop>1.46</pdop><dgpsid>0000</dgpsid></trkpt>
<trkpt lat="46.1995595" lon="-122.89287083333332"><ele>22.1</ele><time>2026-08-31T18:03:09.000Z</time><extensions><gpxtpx:TrackPointExtension><gpxtpx:bearing>184.16</gpxtpx:bearing><gpxtpx:speed>27.237041</gpxtpx:speed></gpxtpx:TrackPointExtension></extensions><geoidheight>-20.6</geoidheight><src>gps</src><sat>11</sat><hdop>0.80</hdop><vdop>1.22</vdop><pdop>1.46</pdop><dgpsid>0000</dgpsid></trkpt>
<trkpt lat="46.196818" lon="-122.89355383333334"><ele>16.9</ele><time>2026-08-31T18:03:20.000Z</time><extensions><gpxtpx:TrackPointExtension><gpxtpx:bearing>193.52</gpxtpx:bearing><gpxtpx:speed>28.795105</gpxtpx:speed></gpxtpx:TrackPointExtension></extensions><geoidheight>-20.6</geoidheight><src>gps</src><sat>10</sat><hdop>1.00</hdop><vdop>1.80</vdop><pdop>2.06</pdop><dgpsid>0000</dgpsid></trkpt>
<trkpt lat="46.1939815" lon="-122.89454099999999"><ele>17.4</ele><time>2026-08-31T18:03:31.000Z</time><extensions><gpxtpx:TrackPointExtension><gpxtpx:bearing>193.52</gpxtpx:bearing><gpxtpx:speed>29.443655</gpxtpx:speed></gpxtpx:TrackPointExtension></extensions><geoidheight>-20.6</geoidheight><src>gps</src><sat>13</sat><hdop>0.71</hdop><vdop>0.94</vdop><pdop>1.18</pdop><dgpsid>0000</dgpsid></trkpt>
<trkpt lat="46.19113966666667" lon="-122.89551349999998"><ele>23.4</ele><time>2026-08-31T18:03:42.000Z</time><extensions><gpxtpx:TrackPointExtension><gpxtpx:bearing>193.42</gpxtpx:bearing><gpxtpx:speed>29.599102</gpxtpx:speed></gpxtpx:TrackPointExtension></extensions><geoidheight>-20.6</geoidheight><src>gps</src><sat>12</sat><hdop>1.09</hdop><vdop>2.21</vdop><pdop>2.46</pdop><dgpsid>0000</dgpsid></trkpt>
<trkpt lat="46.1882625" lon="-122.89650966666667"><ele>24.3</ele><time>2026-08-31T18:03:53.000Z</time><extensions><gpxtpx:TrackPointExtension><gpxtpx:bearing>193.35</gpxtpx:bearing><gpxtpx:speed>30.118456</gpxtpx:speed></gpxtpx:TrackPointExtension></extensions><geoidheight>-20.6</geoidheight><src>gps</src><sat>14</sat><hdop>0.67</hdop><vdop>0.95</vdop><pdop>1.16</pdop><dgpsid>0000</dgpsid></trkpt>
<trkpt lat="46.18539583333333" lon="-122.897507"><ele>22.5</ele><time>2026-08-31T18:04:04.000Z</time><extensions><gpxtpx:TrackPointExtension><gpxtpx:bearing>193.46</gpxtpx:bearing><gpxtpx:speed>29.666016</gpxtpx:speed></gpxtpx:TrackPointExtension></extensions><geoidheight>-20.6</geoidheight><src>gps</src><sat>14</sat><hdop>0.80</hdop><vdop>1.29</vdop><pdop>1.52</pdop><dgpsid>0000</dgpsid></trkpt>
<trkpt lat="46.18250866666667" lon="-122.89857266666668"><ele>18.6</ele><time>2026-08-31T18:04:15.000Z</time><extensions><gpxtpx:TrackPointExtension><gpxtpx:bearing>198.85</gpxtpx:bearing><gpxtpx:speed>30.465893</gpxtpx:speed></gpxtpx:TrackPointExtension></extensions><geoidheight>-20.6</geoidheight><src>gps</src><sat>12</sat><hdop>0.67</hdop><vdop>0.96</vdop><pdop>1.17</pdop><dgpsid>0000</dgpsid></trkpt>
<trkpt lat="46.17984133333333" lon="-122.90028816666667"><ele>16.6</ele><time>2026-08-31T18:04:26.000Z</time><extensions><gpxtpx:TrackPointExtension><gpxtpx:bearing>206.0</gpxtpx:bearing><gpxtpx:speed>28.560392</gpxtpx:speed></gpxtpx:TrackPointExtension></extensions><geoidheight>-20.6</geoidheight><src>gps</src><sat>12</sat><hdop>0.65</hdop><vdop>0.91</vdop><pdop>1.12</pdop><dgpsid>0000</dgpsid></trkpt>
<trkpt lat="46.17737283333333" lon="-122.90201700000001"><ele>26.9</ele><time>2026-08-31T18:04:37.000Z</time><extensions><gpxtpx:TrackPointExtension><gpxtpx:bearing>205.95</gpxtpx:bearing><gpxtpx:speed>27.047108</gpxtpx:speed></gpxtpx:TrackPointExtension></extensions><geoidheight>-20.6</geoidheight><src>gps</src><sat>12</sat><hdop>0.85</hdop><vdop>1.35</vdop><pdop>1.60</pdop><dgpsid>0000</dgpsid></trkpt>
<trkpt lat="46.175031000000004" lon="-122.90364816666667"><ele>38.4</ele><time>2026-08-31T18:04:48.000Z</time><extensions><gpxtpx:TrackPointExtension><gpxtpx:bearing>205.96</gpxtpx:bearing><gpxtpx:speed>25.600739</gpxtpx:speed></gpxtpx:TrackPointExtension></extensions><geoidheight>-20.6</geoidheight><src>gps</src><sat>10</sat><hdop>0.80</hdop><vdop>1.22</vdop><pdop>1.46</pdop><dgpsid>0000</dgpsid></trkpt>
<trkpt lat="46.1726695" lon="-122.90479916666666"><ele>45.7</ele><time>2026-08-31T18:04:59.000Z</time><extensions><gpxtpx:TrackPointExtension><gpxtpx:bearing>190.5</gpxtpx:bearing><gpxtpx:speed>25.419043</gpxtpx:speed></gpxtpx:TrackPointExtension></extensions><geoidheight>-20.6</geoidheight><src>gps</src><sat>9</sat><hdop>1.01</hdop><vdop>1.89</vdop><pdop>2.14</pdop><dgpsid>0000</dgpsid></trkpt>
<trkpt lat="46.17002366666667" lon="-122.90487766666665"><ele>42.9</ele><time>2026-08-31T18:05:10.000Z</time><extensions><gpxtpx:TrackPointExtension><gpxtpx:bearing>172.96</gpxtpx:bearing><gpxtpx:speed>28.559877</gpxtpx:speed></gpxtpx:TrackPointExtension></extensions><geoidheight>-20.6</geoidheight><src>gps</src><sat>13</sat><hdop>0.65</hdop><vdop>0.91</vdop><pdop>1.12</pdop><dgpsid>0000</dgpsid></trkpt>
<trkpt lat="46.16709866666667" lon="-122.90436566666668"><ele>27.1</ele><time>2026-08-31T18:05:21.000Z</time><extensions><gpxtpx:TrackPointExtension><gpxtpx:bearing>173.28</gpxtpx:bearing><gpxtpx:speed>30.439642</gpxtpx:speed></gpxtpx:TrackPointExtension></extensions><geoidheight>-20.6</geoidheight><src>gps</src><sat>13</sat><hdop>0.77</hdop><vdop>1.20</vdop><pdop>1.43</pdop><dgpsid>0000</dgpsid></trkpt>
<trkpt lat="46.1640785" lon="-122.90382133333333"><ele>15.0</ele><time>2026-08-31T18:05:32.000Z</time><extensions><gpxtpx:TrackPointExtension><gpxtpx:bearing>172.81</gpxtpx:bearing><gpxtpx:speed>30.610016</gpxtpx:speed></gpxtpx:TrackPointExtension></extensions><geoidheight>-20.6</geoidheight><src>gps</src><sat>12</sat><hdop>0.67</hdop><vdop>0.96</vdop><pdop>1.17</pdop><dgpsid>0000</dgpsid></trkpt>
<trkpt lat="46.16120883333333" lon="-122.90331416666668"><ele>14.7</ele><time>2026-08-31T18:05:43.000Z</time><extensions><gpxtpx:TrackPointExtension><gpxtpx:bearing>172.72</gpxtpx:bearing><gpxtpx:speed>28.643263</gpxtpx:speed></gpxtpx:TrackPointExtension></extensions><geoidheight>-20.6</geoidheight><src>gps</src><sat>11</sat><hdop>0.80</hdop><vdop>1.29</vdop><pdop>1.52</pdop><dgpsid>0000</dgpsid></trkpt>
<trkpt lat="46.15840549999999" lon="-122.90278116666666"><ele>18.9</ele><time>2026-08-31T18:05:54.000Z</time><extensions><gpxtpx:TrackPointExtension><gpxtpx:bearing>171.51</gpxtpx:bearing><gpxtpx:speed>28.679293</gpxtpx:speed></gpxtpx:TrackPointExtension></extensions><geoidheight>-20.6</geoidheight><src>gps</src><sat>10</sat><hdop>0.92</hdop><vdop>1.59</vdop><pdop>1.84</pdop><dgpsid>0000</dgpsid></trkpt>
<trkpt lat="46.15563166666667" lon="-122.90217200000001"><ele>27.0</ele><time>2026-08-31T18:06:05.000Z</time><extensions><gpxtpx:TrackPointExtension><gpxtpx:bearing>171.88</gpxtpx:bearing><gpxtpx:speed>27.877356</gpxtpx:speed></gpxtpx:TrackPointExtension></extensions><geoidheight>-20.6</geoidheight><src>gps</src><sat>11</sat><hdop>0.67</hdop><vdop>0.96</vdop><pdop>1.17</pdop><dgpsid>0000</dgpsid></trkpt>
<trkpt lat="46.152905" lon="-122.9015325"><ele>32.8</ele><time>2026-08-31T18:06:16.000Z</time><extensions><gpxtpx:TrackPointExtension><gpxtpx:bearing>169.15</gpxtpx:bearing><gpxtpx:speed>28.272148</gpxtpx:speed></gpxtpx:TrackPointExtension></extensions><geoidheight>-20.6</geoidheight><src>gps</src><sat>13</sat><hdop>0.77</hdop><vdop>1.20</vdop><pdop>1.43</pdop><dgpsid>0000</dgpsid></trkpt>
<trkpt lat="46.1501505" lon="-122.9005255"><ele>28.9</ele><time>2026-08-31T18:06:27.000Z</time><extensions><gpxtpx:TrackPointExtension><gpxtpx:bearing>162.66</gpxtpx:bearing><gpxtpx:speed>28.97989</gpxtpx:speed></gpxtpx:TrackPointExtension></extensions><geoidheight>-20.6</geoidheight><src>gps</src><sat>14</sat><hdop>0.73</hdop><vdop>1.07</vdop><pdop>1.30</pdop><dgpsid>0000</dgpsid></trkpt>
<trkpt lat="46.1474505" lon="-122.89913399999999"><ele>21.0</ele><time>2026-08-31T18:06:38.000Z</time><extensions><gpxtpx:TrackPointExtension><gpxtpx:bearing>158.7</gpxtpx:bearing><gpxtpx:speed>28.845549</gpxtpx:speed></gpxtpx:TrackPointExtension></extensions><geoidheight>-20.6</geoidheight><src>gps</src><sat>12</sat><hdop>0.88</hdop><vdop>1.37</vdop><pdop>1.63</pdop><dgpsid>0000</dgpsid></trkpt>
<trkpt lat="46.14475000000001" lon="-122.89788933333332"><ele>12.8</ele><time>2026-08-31T18:06:49.000Z</time><extensions><gpxtpx:TrackPointExtension><gpxtpx:bearing>170.02</gpxtpx:bearing><gpxtpx:speed>28.35965</gpxtpx:speed></gpxtpx:TrackPointExtension></extensions><geoidheight>-20.6</geoidheight><src>gps</src><sat>13</sat><hdop>0.76</hdop><vdop>1.14</vdop><pdop>1.37</pdop><dgpsid>0000</dgpsid></trkpt>
<trkpt lat="46.14207016666666" lon="-122.89776683333334"><ele>10.7</ele><time>2026-08-31T18:07:00.000Z</time><extensions><gpxtpx:TrackPointExtension><gpxtpx:bearing>184.04</gpxtpx:bearing><gpxtpx:speed>26.474737</gpxtpx:speed></gpxtpx:TrackPointExtension></extensions><geoidheight>-20.6</geoidheight><src>gps</src><sat>14</sat><hdop>0.74</hdop><vdop>1.07</vdop><pdop>1.30</pdop><dgpsid>0000</dgpsid></trkpt>
<trkpt lat="46.13939833333334" lon="-122.898091"><ele>10.7</ele><time>2026-08-31T18:07:11.000Z</time><extensions><gpxtpx:TrackPointExtension><gpxtpx:bearing>184.8</gpxtpx:bearing><gpxtpx:speed>27.280277</gpxtpx:speed></gpxtpx:TrackPointExtension></extensions><geoidheight>-20.6</geoidheight><src>gps</src><sat>14</sat><hdop>0.63</hdop><vdop>0.88</vdop><pdop>1.08</pdop><dgpsid>0000</dgpsid></trkpt>
<trkpt lat="46.13669066666667" lon="-122.89841516666665"><ele>11.6</ele><time>2026-08-31T18:07:22.000Z</time><extensions><gpxtpx:TrackPointExtension><gpxtpx:bearing>184.74</gpxtpx:bearing><gpxtpx:speed>27.862944</gpxtpx:speed></gpxtpx:TrackPointExtension></extensions><geoidheight>-20.6</geoidheight><src>gps</src><sat>13</sat><hdop>0.64</hdop><vdop>0.91</vdop><pdop>1.11</pdop><dgpsid>0000</dgpsid></trkpt>
<trkpt lat="46.133918333333334" lon="-122.89873883333333"><ele>10.3</ele><time>2026-08-31T18:07:33.000Z</time><extensions><gpxtpx:TrackPointExtension><gpxtpx:bearing>184.55</gpxtpx:bearing><gpxtpx:speed>27.873753</gpxtpx:speed></gpxtpx:TrackPointExtension></extensions><geoidheight>-20.6</geoidheight><src>gps</src><sat>11</sat><hdop>0.67</hdop><vdop>0.94</vdop><pdop>1.16</pdop><dgpsid>0000</dgpsid></trkpt>
<trkpt lat="46.131153833333336" lon="-122.89906799999999"><ele>8.1</ele><time>2026-08-31T18:07:44.000Z</time><extensions><gpxtpx:TrackPointExtension><gpxtpx:bearing>183.16</gpxtpx:bearing><gpxtpx:speed>28.419872</gpxtpx:speed></gpxtpx:TrackPointExtension></extensions><geoidheight>-20.6</geoidheight><src>gps</src><sat>12</sat><hdop>0.88</hdop><vdop>1.38</vdop><pdop>1.64</pdop><dgpsid>0000</dgpsid></trkpt>
<trkpt lat="46.12836949999999" lon="-122.89826783333335"><ele>9.0</ele><time>2026-08-31T18:07:55.000Z</time><extensions><gpxtpx:TrackPointExtension><gpxtpx:bearing>154.47</gpxtpx:bearing><gpxtpx:speed>29.133793</gpxtpx:speed></gpxtpx:TrackPointExtension></extensions><geoidheight>-20.6</geoidheight><src>gps</src><sat>14</sat><hdop>0.63</hdop><vdop>0.88</vdop><pdop>1.08</pdop><dgpsid>0000</dgpsid></trkpt>
<trkpt lat="46.12616800000001" lon="-122.89563083333333"><ele>7.6</ele><time>2026-08-31T18:08:06.000Z</time><extensions><gpxtpx:TrackPointExtension><gpxtpx:bearing>126.98</gpxtpx:bearing><gpxtpx:speed>29.52601</gpxtpx:speed></gpxtpx:TrackPointExtension></extensions><geoidheight>-20.6</geoidheight><src>gps</src><sat>13</sat><hdop>0.63</hdop><vdop>0.88</vdop><pdop>1.08</pdop><dgpsid>0000</dgpsid></trkpt>
<trkpt lat="46.1245895" lon="-122.89212350000001"><ele>10.9</ele><time>2026-08-31T18:08:17.000Z</time><extensions><gpxtpx:TrackPointExtension><gpxtpx:bearing>125.53</gpxtpx:bearing><gpxtpx:speed>29.06688</gpxtpx:speed></gpxtpx:TrackPointExtension></extensions><geoidheight>-20.6</geoidheight><src>gps</src><sat>13</sat><hdop>0.68</hdop><vdop>0.96</vdop><pdop>1.17</pdop><dgpsid>0000</dgpsid></trkpt>
<trkpt lat="46.12234483333334" lon="-122.88954716666667"><ele>9.4</ele><time>2026-08-31T18:08:28.000Z</time><extensions><gpxtpx:TrackPointExtension><gpxtpx:bearing>154.55</gpxtpx:bearing><gpxtpx:speed>29.481745</gpxtpx:speed></gpxtpx:TrackPointExtension></extensions><geoidheight>-20.6</geoidheight><src>gps</src><sat>12</sat><hdop>0.67</hdop><vdop>0.97</vdop><pdop>1.18</pdop><dgpsid>0000</dgpsid></trkpt>
<trkpt lat="46.119696999999995" lon="-122.88784966666665"><ele>11.5</ele><time>2026-08-31T18:08:39.000Z</time><extensions><gpxtpx:TrackPointExtension><gpxtpx:bearing>155.91</gpxtpx:bearing><gpxtpx:speed>28.8404</gpxtpx:speed></gpxtpx:TrackPointExtension></extensions><geoidheight>-20.6</geoidheight><src>gps</src><sat>10</sat><hdop>0.78</hdop><vdop>1.11</vdop><pdop>1.36</pdop><dgpsid>0000</dgpsid></trkpt>
<trkpt lat="46.117093000000004" lon="-122.88618783333335"><ele>13.2</ele><time>2026-08-31T18:08:50.000Z</time><extensions><gpxtpx:TrackPointExtension><gpxtpx:bearing>156.0</gpxtpx:bearing><gpxtpx:speed>28.98967</gpxtpx:speed></gpxtpx:TrackPointExtension></extensions><geoidheight>-20.6</geoidheight><src>gps</src><sat>11</sat><hdop>0.77</hdop><vdop>1.21</vdop><pdop>1.44</pdop><dgpsid>0000</dgpsid></trkpt>
<trkpt lat="46.11446116666666" lon="-122.88449766666666"><ele>12.0</ele><time>2026-08-31T18:09:01.000Z</time><extensions><gpxtpx:TrackPointExtension><gpxtpx:bearing>155.92</gpxtpx:bearing><gpxtpx:speed>29.176</gpxtpx:speed></gpxtpx:TrackPointExtension></extensions><geoidheight>-20.6</geoidheight><src>gps</src><sat>11</sat><hdop>0.99</hdop><vdop>1.82</vdop><pdop>2.07</pdop><dgpsid>0000</dgpsid></trkpt>
<trkpt lat="46.11185933333333" lon="-122.88269999999999"><ele>9.7</ele><time>2026-08-31T18:09:12.000Z</time><extensions><gpxtpx:TrackPointExtension><gpxtpx:bearing>153.09</gpxtpx:bearing><gpxtpx:speed>29.360785</gpxtpx:speed></gpxtpx:TrackPointExtension></extensions><geoidheight>-20.6</geoidheight><src>gps</src><sat>10</sat><hdop>0.99</hdop><vdop>1.82</vdop><pdop>2.07</pdop><dgpsid>0000</dgpsid></trkpt>
<trkpt lat="46.10925333333333" lon="-122.88081666666668"><ele>8.1</ele><time>2026-08-31T18:09:23.000Z</time><extensions><gpxtpx:TrackPointExtension><gpxtpx:bearing>155.8</gpxtpx:bearing><gpxtpx:speed>29.672192</gpxtpx:speed></gpxtpx:TrackPointExtension></extensions><geoidheight>-20.6</geoidheight><src>gps</src><sat>11</sat><hdop>0.84</hdop><vdop>1.24</vdop><pdop>1.50</pdop><dgpsid>0000</dgpsid></trkpt>
<trkpt lat="46.106539833333336" lon="-122.87918833333333"><ele>7.9</ele><time>2026-08-31T18:09:34.000Z</time><extensions><gpxtpx:TrackPointExtension><gpxtpx:bearing>158.1</gpxtpx:bearing><gpxtpx:speed>29.81683</gpxtpx:speed></gpxtpx:TrackPointExtension></extensions><geoidheight>-20.6</geoidheight><src>gps</src><sat>10</sat><hdop>0.93</hdop><vdop>1.32</vdop><pdop>1.62</pdop><dgpsid>0000</dgpsid></trkpt>
<trkpt lat="46.1038445" lon="-122.87761483333334"><ele>8.3</ele><time>2026-08-31T18:09:45.000Z</time><extensions><gpxtpx:TrackPointExtension><gpxtpx:bearing>157.82</gpxtpx:bearing><gpxtpx:speed>29.30468</gpxtpx:speed></gpxtpx:TrackPointExtension></extensions><geoidheight>-20.6</geoidheight><src>gps</src><sat>9</sat><hdop>0.86</hdop><vdop>1.31</vdop><pdop>1.57</pdop><dgpsid>0000</dgpsid></trkpt>
<trkpt lat="46.10116033333334" lon="-122.8761055"><ele>7.1</ele><time>2026-08-31T18:09:56.000Z</time><extensions><gpxtpx:TrackPointExtension><gpxtpx:bearing>159.39</gpxtpx:bearing><gpxtpx:speed>29.127102</gpxtpx:speed></gpxtpx:TrackPointExtension></extensions><geoidheight>-20.6</geoidheight><src>gps</src><sat>11</sat><hdop>0.80</hdop><vdop>1.30</vdop><pdop>1.53</pdop><dgpsid>0000</dgpsid></trkpt>
<trkpt lat="46.09852083333333" lon="-122.87466433333333"><ele>6.0</ele><time>2026-08-31T18:10:07.000Z</time><extensions><gpxtpx:TrackPointExtension><gpxtpx:bearing>158.74</gpxtpx:bearing><gpxtpx:speed>28.211926</gpxtpx:speed></gpxtpx:TrackPointExtension></extensions><geoidheight>-20.7</geoidheight><src>gps</src><sat>10</sat><hdop>0.71</hdop><vdop>1.05</vdop><pdop>1.27</pdop><dgpsid>0000</dgpsid></trkpt>
<trkpt lat="46.09591650000001" lon="-122.87327699999999"><ele>4.0</ele><time>2026-08-31T18:10:18.000Z</time><extensions><gpxtpx:TrackPointExtension><gpxtpx:bearing>161.28</gpxtpx:bearing><gpxtpx:speed>28.088392</gpxtpx:speed></gpxtpx:TrackPointExtension></extensions><geoidheight>-20.7</geoidheight><src>gps</src><sat>11</sat><hdop>0.80</hdop><vdop>1.30</vdop><pdop>1.53</pdop><dgpsid>0000</dgpsid></trkpt>
<trkpt lat="46.093289999999996" lon="-122.87199033333333"><ele>1.8</ele><time>2026-08-31T18:10:29.000Z</time><extensions><gpxtpx:TrackPointExtension><gpxtpx:bearing>161.09</gpxtpx:bearing><gpxtpx:speed>28.256191</gpxtpx:speed></gpxtpx:TrackPointExtension></extensions><geoidheight>-20.7</geoidheight><src>gps</src><sat>10</sat><hdop>0.68</hdop><vdop>1.01</vdop><pdop>1.22</pdop><dgpsid>0000</dgpsid></trkpt>
<trkpt lat="46.09058666666667" lon="-122.87066699999998"><ele>0.8</ele><time>2026-08-31T18:10:40.000Z</time><extensions><gpxtpx:TrackPointExtension><gpxtpx:bearing>161.43</gpxtpx:bearing><gpxtpx:speed>29.341225</gpxtpx:speed></gpxtpx:TrackPointExtension></extensions><geoidheight>-20.7</geoidheight><src>gps</src><sat>11</sat><hdop>0.68</hdop><vdop>1.01</vdop><pdop>1.22</pdop><dgpsid>0000</dgpsid></trkpt>
<trkpt lat="46.087758666666666" lon="-122.86946950000001"><ele>2.4</ele><time>2026-08-31T18:10:51.000Z</time><extensions><gpxtpx:TrackPointExtension><gpxtpx:bearing>164.62</gpxtpx:bearing><gpxtpx:speed>29.514687</gpxtpx:speed></gpxtpx:TrackPointExtension></extensions><geoidheight>-20.7</geoidheight><src>gps</src><sat>11</sat><hdop>0.68</hdop><vdop>1.01</vdop><pdop>1.22</pdop><dgpsid>0000</dgpsid></trkpt>
<trkpt lat="46.08498783333333" lon="-122.86838616666667"><ele>4.4</ele><time>2026-08-31T18:11:02.000Z</time><extensions><gpxtpx:TrackPointExtension><gpxtpx:bearing>164.65</gpxtpx:bearing><gpxtpx:speed>28.837313</gpxtpx:speed></gpxtpx:TrackPointExtension></extensions><geoidheight>-20.7</geoidheight><src>gps</src><sat>12</sat><hdop>0.67</hdop><vdop>0.98</vdop><pdop>1.19</pdop><dgpsid>0000</dgpsid></trkpt>
<trkpt lat="46.08225949999999" lon="-122.86733000000001"><ele>2.9</ele><time>2026-08-31T18:11:13.000Z</time><extensions><gpxtpx:TrackPointExtension><gpxtpx:bearing>166.5</gpxtpx:bearing><gpxtpx:speed>28.343695</gpxtpx:speed></gpxtpx:TrackPointExtension></extensions><geoidheight>-20.7</geoidheight><src>gps</src><sat>12</sat><hdop>0.77</hdop><vdop>1.22</vdop><pdop>1.44</pdop><dgpsid>0000</dgpsid></trkpt>
<trkpt lat="46.079490500000006" lon="-122.86677200000001"><ele>1.7</ele><time>2026-08-31T18:11:24.000Z</time><extensions><gpxtpx:TrackPointExtension><gpxtpx:bearing>176.71</gpxtpx:bearing><gpxtpx:speed>28.414211</gpxtpx:speed></gpxtpx:TrackPointExtension></extensions><geoidheight>-20.7</geoidheight><src>gps</src><sat>12</sat><hdop>0.67</hdop><vdop>0.98</vdop><pdop>1.19</pdop><dgpsid>0000</dgpsid></trkpt>
<trkpt lat="46.076665999999996" lon="-122.86694483333333"><ele>0.0</ele><time>2026-08-31T18:11:35.000Z</time><extensions><gpxtpx:TrackPointExtension><gpxtpx:bearing>187.18</gpxtpx:bearing><gpxtpx:speed>28.89033</gpxtpx:speed></gpxtpx:TrackPointExtension></extensions><geoidheight>-20.7</geoidheight><src>gps</src><sat>13</sat><hdop>0.76</hdop><vdop>1.14</vdop><pdop>1.37</pdop><dgpsid>0000</dgpsid></trkpt>
<trkpt lat="46.07384066666667" lon="-122.86758216666666"><ele>2.0</ele><time>2026-08-31T18:11:46.000Z</time><extensions><gpxtpx:TrackPointExtension><gpxtpx:bearing>189.19</gpxtpx:bearing><gpxtpx:speed>28.680838</gpxtpx:speed></gpxtpx:TrackPointExtension></extensions><geoidheight>-20.7</geoidheight><src>gps</src><sat>11</sat><hdop>0.71</hdop><vdop>1.07</vdop><pdop>1.28</pdop><dgpsid>0000</dgpsid></trkpt>
<trkpt lat="46.07104716666666" lon="-122.86820466666668"><ele>6.3</ele><time>2026-08-31T18:11:57.000Z</time><extensions><gpxtpx:TrackPointExtension><gpxtpx:bearing>188.02</gpxtpx:bearing><gpxtpx:speed>28.453844</gpxtpx:speed></gpxtpx:TrackPointExtension></extensions><geoidheight>-20.7</geoidheight><src>gps</src><sat>13</sat><hdop>0.64</hdop><vdop>0.91</vdop><pdop>1.12</pdop><dgpsid>0000</dgpsid></trkpt>
<trkpt lat="46.06820716666666" lon="-122.86838716666668"><ele>8.8</ele><time>2026-08-31T18:12:08.000Z</time><extensions><gpxtpx:TrackPointExtension><gpxtpx:bearing>177.61</gpxtpx:bearing><gpxtpx:speed>28.795105</gpxtpx:speed></gpxtpx:TrackPointExtension></extensions><geoidheight>-20.7</geoidheight><src>gps</src><sat>12</sat><hdop>0.83</hdop><vdop>1.24</vdop><pdop>1.50</pdop><dgpsid>0000</dgpsid></trkpt>
<trkpt lat="46.0653615" lon="-122.86795249999999"><ele>9.2</ele><time>2026-08-31T18:12:19.000Z</time><extensions><gpxtpx:TrackPointExtension><gpxtpx:bearing>172.99</gpxtpx:bearing><gpxtpx:speed>29.068422</gpxtpx:speed></gpxtpx:TrackPointExtension></extensions><geoidheight>-20.7</geoidheight><src>gps</src><sat>11</sat><hdop>0.85</hdop><vdop>1.16</vdop><pdop>1.44</pdop><dgpsid>0000</dgpsid></trkpt>
<trkpt lat="46.06251816666666" lon="-122.86745066666666"><ele>9.1</ele><time>2026-08-31T18:12:30.000Z</time><extensions><gpxtpx:TrackPointExtension><gpxtpx:bearing>172.23</gpxtpx:bearing><gpxtpx:speed>28.901138</gpxtpx:speed></gpxtpx:TrackPointExtension></extensions><geoidheight>-20.7</geoidheight><src>gps</src><sat>11</sat><hdop>0.82</hdop><vdop>1.15</vdop><pdop>1.42</pdop><dgpsid>0000</dgpsid></trkpt>
<trkpt lat="46.05975883333334" lon="-122.86646633333334"><ele>8.8</ele><time>2026-08-31T18:12:41.000Z</time><extensions><gpxtpx:TrackPointExtension><gpxtpx:bearing>159.62</gpxtpx:bearing><gpxtpx:speed>28.968567</gpxtpx:speed></gpxtpx:TrackPointExtension></extensions><geoidheight>-20.7</geoidheight><src>gps</src><sat>11</sat><hdop>0.82</hdop><vdop>1.15</vdop><pdop>1.42</pdop><dgpsid>0000</dgpsid></trkpt>
<trkpt lat="46.057089833333336" lon="-122.86487299999999"><ele>9.3</ele><time>2026-08-31T18:12:52.000Z</time><extensions><gpxtpx:TrackPointExtension><gpxtpx:bearing>157.68</gpxtpx:bearing><gpxtpx:speed>29.087467</gpxtpx:speed></gpxtpx:TrackPointExtension></extensions><geoidheight>-20.7</geoidheight><src>gps</src><sat>11</sat><hdop>0.98</hdop><vdop>1.82</vdop><pdop>2.07</pdop><dgpsid>0000</dgpsid></trkpt>
<trkpt lat="46.05434866666666" lon="-122.86369199999999"><ele>8.5</ele><time>2026-08-31T18:13:03.000Z</time><extensions><gpxtpx:TrackPointExtension><gpxtpx:bearing>166.53</gpxtpx:bearing><gpxtpx:speed>28.956728</gpxtpx:speed></gpxtpx:TrackPointExtension></extensions><geoidheight>-20.7</geoidheight><src>gps</src><sat>12</sat><hdop>0.71</hdop><vdop>0.97</vdop><pdop>1.21</pdop><dgpsid>0000</dgpsid></trkpt>
<trkpt lat="46.05159633333333" lon="-122.8628115"><ele>9.2</ele><time>2026-08-31T18:13:14.000Z</time><extensions><gpxtpx:TrackPointExtension><gpxtpx:bearing>167.47</gpxtpx:bearing><gpxtpx:speed>28.14604</gpxtpx:speed></gpxtpx:TrackPointExtension></extensions><geoidheight>-20.7</geoidheight><src>gps</src><sat>14</sat><hdop>0.62</hdop><vdop>0.84</vdop><pdop>1.04</pdop><dgpsid>0000</dgpsid></trkpt>
<trkpt lat="46.04888783333334" lon="-122.86192383333334"><ele>9.1</ele><time>2026-08-31T18:13:25.000Z</time><extensions><gpxtpx:TrackPointExtension><gpxtpx:bearing>166.75</gpxtpx:bearing><gpxtpx:speed>28.17229</gpxtpx:speed></gpxtpx:TrackPointExtension></extensions><geoidheight>-20.7</geoidheight><src>gps</src><sat>14</sat><hdop>0.69</hdop><vdop>0.94</vdop><pdop>1.17</pdop><dgpsid>0000</dgpsid></trkpt>
<trkpt lat="46.046156" lon="-122.86100183333335"><ele>9.3</ele><time>2026-08-31T18:13:36.000Z</time><extensions><gpxtpx:TrackPointExtension><gpxtpx:bearing>166.94</gpxtpx:bearing><gpxtpx:speed>28.353989</gpxtpx:speed></gpxtpx:TrackPointExtension></extensions><geoidheight>-20.7</geoidheight><src>gps</src><sat>13</sat><hdop>0.77</hdop><vdop>1.22</vdop><pdop>1.45</pdop><dgpsid>0000</dgpsid></trkpt>
<trkpt lat="46.04342283333334" lon="-122.86007483333333"><ele>8.9</ele><time>2026-08-31T18:13:47.000Z</time><extensions><gpxtpx:TrackPointExtension><gpxtpx:bearing>166.67</gpxtpx:bearing><gpxtpx:speed>28.33031</gpxtpx:speed></gpxtpx:TrackPointExtension></extensions><geoidheight>-20.7</geoidheight><src>gps</src><sat>12</sat><hdop>0.92</hdop><vdop>1.51</vdop><pdop>1.77</pdop><dgpsid>0000</dgpsid></trkpt>
<trkpt lat="46.040704166666664" lon="-122.85914116666666"><ele>10.4</ele><time>2026-08-31T18:13:58.000Z</time><extensions><gpxtpx:TrackPointExtension><gpxtpx:bearing>166.89</gpxtpx:bearing><gpxtpx:speed>27.704409</gpxtpx:speed></gpxtpx:TrackPointExtension></extensions><geoidheight>-20.7</geoidheight><src>gps</src><sat>14</sat><hdop>0.62</hdop><vdop>0.84</vdop><pdop>1.04</pdop><dgpsid>0000</dgpsid></trkpt>
<trkpt lat="46.038059000000004" lon="-122.85827650000002"><ele>9.2</ele><time>2026-08-31T18:14:09.000Z</time><extensions><gpxtpx:TrackPointExtension><gpxtpx:bearing>167.1</gpxtpx:bearing><gpxtpx:speed>27.710585</gpxtpx:speed></gpxtpx:TrackPointExtension></extensions><geoidheight>-20.7</geoidheight><src>gps</src><sat>13</sat><hdop>0.76</hdop><vdop>1.14</vdop><pdop>1.37</pdop><dgpsid>0000</dgpsid></trkpt>
<trkpt lat="46.03537783333333" lon="-122.85743150000002"><ele>9.9</ele><time>2026-08-31T18:14:20.000Z</time><extensions><gpxtpx:TrackPointExtension><gpxtpx:bearing>167.8</gpxtpx:bearing><gpxtpx:speed>27.665804</gpxtpx:speed></gpxtpx:TrackPointExtension></extensions><geoidheight>-20.7</geoidheight><src>gps</src><sat>11</sat><hdop>0.92</hdop><vdop>1.64</vdop><pdop>1.88</pdop><dgpsid>0000</dgpsid></trkpt>
<trkpt lat="46.032643166666666" lon="-122.85658933333335"><ele>6.6</ele><time>2026-08-31T18:14:31.000Z</time><extensions><gpxtpx:TrackPointExtension><gpxtpx:bearing>167.54</gpxtpx:bearing><gpxtpx:speed>28.994818</gpxtpx:speed></gpxtpx:TrackPointExtension></extensions><geoidheight>-20.7</geoidheight><src>gps</src><sat>12</sat><hdop>0.71</hdop><vdop>0.98</vdop><pdop>1.21</pdop><dgpsid>0000</dgpsid></trkpt>
<trkpt lat="46.02986816666667" lon="-122.85565399999999"><ele>7.8</ele><time>2026-08-31T18:14:42.000Z</time><extensions><gpxtpx:TrackPointExtension><gpxtpx:bearing>164.59</gpxtpx:bearing><gpxtpx:speed>28.347298</gpxtpx:speed></gpxtpx:TrackPointExtension></extensions><geoidheight>-20.7</geoidheight><src>gps</src><sat>13</sat><hdop>0.64</hdop><vdop>0.91</vdop><pdop>1.11</pdop><dgpsid>0000</dgpsid></trkpt>
<trkpt lat="46.02719916666667" lon="-122.85450533333332"><ele>7.4</ele><time>2026-08-31T18:14:53.000Z</time><extensions><gpxtpx:TrackPointExtension><gpxtpx:bearing>162.81</gpxtpx:bearing><gpxtpx:speed>28.112583</gpxtpx:speed></gpxtpx:TrackPointExtension></extensions><geoidheight>-20.7</geoidheight><src>gps</src><sat>13</sat><hdop>0.64</hdop><vdop>0.91</vdop><pdop>1.11</pdop><dgpsid>0000</dgpsid></trkpt>
<trkpt lat="46.024544666666664" lon="-122.85329166666666"><ele>8.9</ele><time>2026-08-31T18:15:04.000Z</time><extensions><gpxtpx:TrackPointExtension><gpxtpx:bearing>160.62</gpxtpx:bearing><gpxtpx:speed>28.159424</gpxtpx:speed></gpxtpx:TrackPointExtension></extensions><geoidheight>-20.7</geoidheight><src>gps</src><sat>13</sat><hdop>0.64</hdop><vdop>0.91</vdop><pdop>1.11</pdop><dgpsid>0000</dgpsid></trkpt>
<trkpt lat="46.02189433333333" lon="-122.851805"><ele>9.0</ele><time>2026-08-31T18:15:15.000Z</time><extensions><gpxtpx:TrackPointExtension><gpxtpx:bearing>158.31</gpxtpx:bearing><gpxtpx:speed>29.327328</gpxtpx:speed></gpxtpx:TrackPointExtension></extensions><geoidheight>-20.7</geoidheight><src>gps</src><sat>13</sat><hdop>0.71</hdop><vdop>1.01</vdop><pdop>1.24</pdop><dgpsid>0000</dgpsid></trkpt>
<trkpt lat="46.0191675" lon="-122.85024816666667"><ele>8.5</ele><time>2026-08-31T18:15:26.000Z</time><extensions><gpxtpx:TrackPointExtension><gpxtpx:bearing>158.69</gpxtpx:bearing><gpxtpx:speed>29.82352</gpxtpx:speed></gpxtpx:TrackPointExtension></extensions><geoidheight>-20.7</geoidheight><src>gps</src><sat>13</sat><hdop>0.64</hdop><vdop>0.91</vdop><pdop>1.11</pdop><dgpsid>0000</dgpsid></trkpt>
<trkpt lat="46.01637683333333" lon="-122.84929783333334"><ele>11.1</ele><time>2026-08-31T18:15:37.000Z</time><extensions><gpxtpx:TrackPointExtension><gpxtpx:bearing>171.96</gpxtpx:bearing><gpxtpx:speed>27.863459</gpxtpx:speed></gpxtpx:TrackPointExtension></extensions><geoidheight>-20.7</geoidheight><src>gps</src><sat>13</sat><hdop>0.67</hdop><vdop>0.99</vdop><pdop>1.19</pdop><dgpsid>0000</dgpsid></trkpt>
<trkpt lat="46.01369" lon="-122.84851166666667"><ele>9.7</ele><time>2026-08-31T18:15:48.000Z</time><extensions><gpxtpx:TrackPointExtension><gpxtpx:bearing>162.0</gpxtpx:bearing><gpxtpx:speed>27.87787</gpxtpx:speed></gpxtpx:TrackPointExtension></extensions><geoidheight>-20.7</geoidheight><src>gps</src><sat>12</sat><hdop>0.69</hdop><vdop>0.98</vdop><pdop>1.20</pdop><dgpsid>0000</dgpsid></trkpt>
<trkpt lat="46.011067000000004" lon="-122.84732816666668"><ele>7.4</ele><time>2026-08-31T18:15:59.000Z</time><extensions><gpxtpx:TrackPointExtension><gpxtpx:bearing>162.68</gpxtpx:bearing><gpxtpx:speed>27.764631</gpxtpx:speed></gpxtpx:TrackPointExtension></extensions><geoidheight>-20.7</geoidheight><src>gps</src><sat>13</sat><hdop>0.64</hdop><vdop>0.91</vdop><pdop>1.12</pdop><dgpsid>0000</dgpsid></trkpt>
<trkpt lat="46.00848883333333" lon="-122.84616433333333"><ele>8.4</ele><time>2026-08-31T18:16:10.000Z</time><extensions><gpxtpx:TrackPointExtension><gpxtpx:bearing>162.44</gpxtpx:bearing><gpxtpx:speed>26.983797</gpxtpx:speed></gpxtpx:TrackPointExtension></extensions><geoidheight>-20.7</geoidheight><src>gps</src><sat>13</sat><hdop>0.66</hdop><vdop>0.91</vdop><pdop>1.13</pdop><dgpsid>0000</dgpsid></trkpt>
<trkpt lat="46.005997166666674" lon="-122.845086"><ele>15.6</ele><time>2026-08-31T18:16:21.000Z</time><extensions><gpxtpx:TrackPointExtension><gpxtpx:bearing>165.23</gpxtpx:bearing><gpxtpx:speed>26.161272</gpxtpx:speed></gpxtpx:TrackPointExtension></extensions><geoidheight>-20.7</geoidheight><src>gps</src><sat>13</sat><hdop>0.69</hdop><vdop>0.99</vdop><pdop>1.21</pdop><dgpsid>0000</dgpsid></trkpt>
<trkpt lat="46.00336066666667" lon="-122.84433116666666"><ele>13.9</ele><time>2026-08-31T18:16:32.000Z</time><extensions><gpxtpx:TrackPointExtension><gpxtpx:bearing>169.75</gpxtpx:bearing><gpxtpx:speed>27.779558</gpxtpx:speed></gpxtpx:TrackPointExtension></extensions><geoidheight>-20.7</geoidheight><src>gps</src><sat>13</sat><hdop>0.66</hdop><vdop>0.92</vdop><pdop>1.13</pdop><dgpsid>0000</dgpsid></trkpt>
<trkpt lat="46.00066283333334" lon="-122.8434665"><ele>9.9</ele><time>2026-08-31T18:16:43.000Z</time><extensions><gpxtpx:TrackPointExtension><gpxtpx:bearing>163.3</gpxtpx:bearing><gpxtpx:speed>28.245897</gpxtpx:speed></gpxtpx:TrackPointExtension></extensions><geoidheight>-20.7</geoidheight><src>gps</src><sat>13</sat><hdop>0.66</hdop><vdop>0.92</vdop><pdop>1.13</pdop><dgpsid>0000</dgpsid></trkpt>
<trkpt lat="45.998067000000006" lon="-122.84200733333334"><ele>8.2</ele><time>2026-08-31T18:16:54.000Z</time><extensions><gpxtpx:TrackPointExtension><gpxtpx:bearing>154.3</gpxtpx:bearing><gpxtpx:speed>27.747131</gpxtpx:speed></gpxtpx:TrackPointExtension></extensions><geoidheight>-20.7</geoidheight><src>gps</src><sat>13</sat><hdop>0.66</hdop><vdop>0.92</vdop><pdop>1.13</pdop><dgpsid>0000</dgpsid></trkpt>
<trkpt lat="45.9957735" lon="-122.84010183333334"><ele>9.2</ele><time>2026-08-31T18:17:05.000Z</time><extensions><gpxtpx:TrackPointExtension><gpxtpx:bearing>146.02</gpxtpx:bearing><gpxtpx:speed>26.350174</gpxtpx:speed></gpxtpx:TrackPointExtension></extensions><geoidheight>-20.7</geoidheight><src>gps</src><sat>12</sat><hdop>0.76</hdop><vdop>1.12</vdop><pdop>1.35</pdop><dgpsid>0000</dgpsid></trkpt>
<trkpt lat="45.993573" lon="-122.8379995"><ele>8.7</ele><time>2026-08-31T18:17:16.000Z</time><extensions><gpxtpx:TrackPointExtension><gpxtpx:bearing>146.04</gpxtpx:bearing><gpxtpx:speed>27.122772</gpxtpx:speed></gpxtpx:TrackPointExtension></extensions><geoidheight>-20.7</geoidheight><src>gps</src><sat>11</sat><hdop>0.95</hdop><vdop>1.68</vdop><pdop>1.93</pdop><dgpsid>0000</dgpsid></trkpt>
<trkpt lat="45.99133716666667" lon="-122.83584016666667"><ele>7.5</ele><time>2026-08-31T18:17:27.000Z</time><extensions><gpxtpx:TrackPointExtension><gpxtpx:bearing>146.23</gpxtpx:bearing><gpxtpx:speed>27.496462</gpxtpx:speed></gpxtpx:TrackPointExtension></extensions><geoidheight>-20.7</geoidheight><src>gps</src><sat>13</sat><hdop>0.66</hdop><vdop>0.92</vdop><pdop>1.13</pdop><dgpsid>0000</dgpsid></trkpt>
<trkpt lat="45.98907783333334" lon="-122.83367783333333"><ele>8.0</ele><time>2026-08-31T18:17:38.000Z</time><extensions><gpxtpx:TrackPointExtension><gpxtpx:bearing>146.66</gpxtpx:bearing><gpxtpx:speed>26.918943</gpxtpx:speed></gpxtpx:TrackPointExtension></extensions><geoidheight>-20.7</geoidheight><src>gps</src><sat>12</sat><hdop>0.80</hdop><vdop>1.23</vdop><pdop>1.46</pdop><dgpsid>0000</dgpsid></trkpt>
<trkpt lat="45.986907" lon="-122.83158"><ele>8.4</ele><time>2026-08-31T18:17:49.000Z</time><extensions><gpxtpx:TrackPointExtension><gpxtpx:bearing>146.22</gpxtpx:bearing><gpxtpx:speed>26.16333</gpxtpx:speed></gpxtpx:TrackPointExtension></extensions><geoidheight>-20.7</geoidheight><src>gps</src><sat>13</sat><hdop>0.69</hdop><vdop>1.00</vdop><pdop>1.21</pdop><dgpsid>0000</dgpsid></trkpt>
<trkpt lat="45.98472083333333" lon="-122.82947633333333"><ele>10.6</ele><time>2026-08-31T18:18:00.000Z</time><extensions><gpxtpx:TrackPointExtension><gpxtpx:bearing>146.46</gpxtpx:bearing><gpxtpx:speed>26.894236</gpxtpx:speed></gpxtpx:TrackPointExtension></extensions><geoidheight>-20.7</geoidheight><src>gps</src><sat>13</sat><hdop>0.69</hdop><vdop>1.00</vdop><pdop>1.21</pdop><dgpsid>0000</dgpsid></trkpt>
<trkpt lat="45.98252016666667" lon="-122.82734966666666"><ele>13.3</ele><time>2026-08-31T18:18:11.000Z</time><extensions><gpxtpx:TrackPointExtension><gpxtpx:bearing>145.7</gpxtpx:bearing><gpxtpx:speed>26.883942</gpxtpx:speed></gpxtpx:TrackPointExtension></extensions><geoidheight>-20.7</geoidheight><src>gps</src><sat>13</sat><hdop>0.80</hdop><vdop>1.23</vdop><pdop>1.46</pdop><dgpsid>0000</dgpsid></trkpt>
<trkpt lat="45.9802835" lon="-122.82518933333334"><ele>16.3</ele><time>2026-08-31T18:18:22.000Z</time><extensions><gpxtpx:TrackPointExtension><gpxtpx:bearing>145.61</gpxtpx:bearing><gpxtpx:speed>27.26638</gpxtpx:speed></gpxtpx:TrackPointExtension></extensions><geoidheight>-20.7</geoidheight><src>gps</src><sat>13</sat><hdop>0.66</hdop><vdop>0.92</vdop><pdop>1.14</pdop><dgpsid>0000</dgpsid></trkpt>
<trkpt lat="45.97805833333334" lon="-122.82304533333333"><ele>19.5</ele><time>2026-08-31T18:18:33.000Z</time><extensions><gpxtpx:TrackPointExtension><gpxtpx:bearing>146.3</gpxtpx:bearing><gpxtpx:speed>27.201525</gpxtpx:speed></gpxtpx:TrackPointExtension></extensions><geoidheight>-20.7</geoidheight><src>gps</src><sat>13</sat><hdop>0.66</hdop><vdop>0.92</vdop><pdop>1.14</pdop><dgpsid>0000</dgpsid></trkpt>
<trkpt lat="45.97575716666667" lon="-122.82082766666666"><ele>20.1</ele><time>2026-08-31T18:18:44.000Z</time><extensions><gpxtpx:TrackPointExtension><gpxtpx:bearing>146.21</gpxtpx:bearing><gpxtpx:speed>28.770914</gpxtpx:speed></gpxtpx:TrackPointExtension></extensions><geoidheight>-20.7</geoidheight><src>gps</src><sat>12</sat><hdop>0.80</hdop><vdop>1.23</vdop><pdop>1.46</pdop><dgpsid>0000</dgpsid></trkpt>
<trkpt lat="45.97341166666667" lon="-122.818577"><ele>19.0</ele><time>2026-08-31T18:18:55.000Z</time><extensions><gpxtpx:TrackPointExtension><gpxtpx:bearing>146.02</gpxtpx:bearing><gpxtpx:speed>28.179497</gpxtpx:speed></gpxtpx:TrackPointExtension></extensions><geoidheight>-20.7</geoidheight><src>gps</src><sat>13</sat><hdop>0.73</hdop><vdop>1.03</vdop><pdop>1.27</pdop><dgpsid>0000</dgpsid></trkpt>
<trkpt lat="45.97110483333333" lon="-122.81635583333333"><ele>17.3</ele><time>2026-08-31T18:19:06.000Z</time><extensions><gpxtpx:TrackPointExtension><gpxtpx:bearing>146.11</gpxtpx:bearing><gpxtpx:speed>27.825884</gpxtpx:speed></gpxtpx:TrackPointExtension></extensions><geoidheight>-20.7</geoidheight><src>gps</src><sat>10</sat><hdop>0.76</hdop><vdop>1.04</vdop><pdop>1.29</pdop><dgpsid>0000</dgpsid></trkpt>
<trkpt lat="45.96887033333334" lon="-122.81421133333333"><ele>16.1</ele><time>2026-08-31T18:19:17.000Z</time><extensions><gpxtpx:TrackPointExtension><gpxtpx:bearing>146.11</gpxtpx:bearing><gpxtpx:speed>26.684229</gpxtpx:speed></gpxtpx:TrackPointExtension></extensions><geoidheight>-20.7</geoidheight><src>gps</src><sat>12</sat><hdop>0.80</hdop><vdop>1.23</vdop><pdop>1.46</pdop><dgpsid>0000</dgpsid></trkpt>
<trkpt lat="45.966708000000004" lon="-122.81211483333333"><ele>15.5</ele><time>2026-08-31T18:19:28.000Z</time><extensions><gpxtpx:TrackPointExtension><gpxtpx:bearing>146.39</gpxtpx:bearing><gpxtpx:speed>25.75001</gpxtpx:speed></gpxtpx:TrackPointExtension></extensions><geoidheight>-20.7</geoidheight><src>gps</src><sat>12</sat><hdop>0.91</hdop><vdop>1.48</vdop><pdop>1.74</pdop><dgpsid>0000</dgpsid></trkpt>
<trkpt lat="45.96461783333333" lon="-122.81009466666667"><ele>20.4</ele><time>2026-08-31T18:19:39.000Z</time><extensions><gpxtpx:TrackPointExtension><gpxtpx:bearing>145.84</gpxtpx:bearing><gpxtpx:speed>25.621843</gpxtpx:speed></gpxtpx:TrackPointExtension></extensions><geoidheight>-20.7</geoidheight><src>gps</src><sat>10</sat><hdop>1.08</hdop><vdop>2.23</vdop><pdop>2.48</pdop><dgpsid>0000</dgpsid></trkpt>
<trkpt lat="45.962395" lon="-122.80813866666668"><ele>21.4</ele><time>2026-08-31T18:19:50.000Z</time><extensions><gpxtpx:TrackPointExtension><gpxtpx:bearing>152.51</gpxtpx:bearing><gpxtpx:speed>27.166525</gpxtpx:speed></gpxtpx:TrackPointExtension></extensions><geoidheight>-20.7</geoidheight><src>gps</src><sat>11</sat><hdop>0.88</hdop><vdop>1.47</vdop><pdop>1.71</pdop><dgpsid>0000</dgpsid></trkpt>
<trkpt lat="45.95993083333333" lon="-122.80641766666668"><ele>18.8</ele><time>2026-08-31T18:20:01.000Z</time><extensions><gpxtpx:TrackPointExtension><gpxtpx:bearing>151.34</gpxtpx:bearing><gpxtpx:speed>27.749704</gpxtpx:speed></gpxtpx:TrackPointExtension></extensions><geoidheight>-20.7</geoidheight><src>gps</src><sat>12</sat><hdop>0.71</hdop><vdop>1.00</vdop><pdop>1.22</pdop><dgpsid>0000</dgpsid></trkpt>
<trkpt lat="45.95803850000001" lon="-122.80377133333334"><ele>11.0</ele><time>2026-08-31T18:20:12.000Z</time><extensions><gpxtpx:TrackPointExtension><gpxtpx:bearing>122.41</gpxtpx:bearing><gpxtpx:speed>26.715628</gpxtpx:speed></gpxtpx:TrackPointExtension></extensions><geoidheight>-20.8</geoidheight><src>gps</src><sat>13</sat><hdop>0.64</hdop><vdop>0.93</vdop><pdop>1.13</pdop><dgpsid>0000</dgpsid></trkpt>
<trkpt lat="45.956959999999995" lon="-122.80024283333333"><ele>3.8</ele><time>2026-08-31T18:20:23.000Z</time><extensions><gpxtpx:TrackPointExtension><gpxtpx:bearing>112.6</gpxtpx:bearing><gpxtpx:speed>26.779453</gpxtpx:speed></gpxtpx:TrackPointExtension></extensions><geoidheight>-20.7</geoidheight><src>gps</src><sat>13</sat><hdop>0.71</hdop><vdop>1.03</vdop><pdop>1.25</pdop><dgpsid>0000</dgpsid></trkpt>
<trkpt lat="45.95569650000001" lon="-122.79687516666667"><ele>2.3</ele><time>2026-08-31T18:20:34.000Z</time><extensions><gpxtpx:TrackPointExtension><gpxtpx:bearing>127.2</gpxtpx:bearing><gpxtpx:speed>27.169613</gpxtpx:speed></gpxtpx:TrackPointExtension></extensions><geoidheight>-20.7</geoidheight><src>gps</src><sat>13</sat><hdop>0.80</hdop><vdop>1.19</vdop><pdop>1.43</pdop><dgpsid>0000</dgpsid></trkpt>
<trkpt lat="45.953895166666676" lon="-122.79398166666667"><ele>2.5</ele><time>2026-08-31T18:20:45.000Z</time><extensions><gpxtpx:TrackPointExtension><gpxtpx:bearing>132.24</gpxtpx:bearing><gpxtpx:speed>27.261747</gpxtpx:speed></gpxtpx:TrackPointExtension></extensions><geoidheight>-20.7</geoidheight><src>gps</src><sat>12</sat><hdop>0.84</hdop><vdop>1.20</vdop><pdop>1.47</pdop><dgpsid>0000</dgpsid></trkpt>
<trkpt lat="45.952063333333335" lon="-122.79109766666667"><ele>4.2</ele><time>2026-08-31T18:20:56.000Z</time><extensions><gpxtpx:TrackPointExtension><gpxtpx:bearing>132.08</gpxtpx:bearing><gpxtpx:speed>27.589626</gpxtpx:speed></gpxtpx:TrackPointExtension></extensions><geoidheight>-20.7</geoidheight><src>gps</src><sat>12</sat><hdop>0.84</hdop><vdop>1.20</vdop><pdop>1.47</pdop><dgpsid>0000</dgpsid></trkpt>
<trkpt lat="45.950225" lon="-122.78819383333332"><ele>5.6</ele><time>2026-08-31T18:21:07.000Z</time><extensions><gpxtpx:TrackPointExtension><gpxtpx:bearing>132.54</gpxtpx:bearing><gpxtpx:speed>27.59889</gpxtpx:speed></gpxtpx:TrackPointExtension></extensions><geoidheight>-20.7</geoidheight><src>gps</src><sat>12</sat><hdop>0.84</hdop><vdop>1.20</vdop><pdop>1.47</pdop><dgpsid>0000</dgpsid></trkpt>
<trkpt lat="45.948379666666675" lon="-122.78529183333333"><ele>6.3</ele><time>2026-08-31T18:21:18.000Z</time><extensions><gpxtpx:TrackPointExtension><gpxtpx:bearing>132.6</gpxtpx:bearing><gpxtpx:speed>27.954563</gpxtpx:speed></gpxtpx:TrackPointExtension></extensions><geoidheight>-20.7</geoidheight><src>gps</src><sat>12</sat><hdop>0.84</hdop><vdop>1.20</vdop><pdop>1.47</pdop><dgpsid>0000</dgpsid></trkpt>
<trkpt lat="45.94652316666667" lon="-122.78235449999998"><ele>6.3</ele><time>2026-08-31T18:21:29.000Z</time><extensions><gpxtpx:TrackPointExtension><gpxtpx:bearing>132.51</gpxtpx:bearing><gpxtpx:speed>28.135231</gpxtpx:speed></gpxtpx:TrackPointExtension></extensions><geoidheight>-20.7</geoidheight><src>gps</src><sat>12</sat><hdop>0.91</hdop><vdop>1.48</vdop><pdop>1.74</pdop><dgpsid>0000</dgpsid></trkpt>
<trkpt lat="45.94465016666666" lon="-122.77942016666665"><ele>6.6</ele><time>2026-08-31T18:21:40.000Z</time><extensions><gpxtpx:TrackPointExtension><gpxtpx:bearing>133.62</gpxtpx:bearing><gpxtpx:speed>28.296854</gpxtpx:speed></gpxtpx:TrackPointExtension></extensions><geoidheight>-20.7</geoidheight><src>gps</src><sat>13</sat><hdop>0.91</hdop><vdop>1.48</vdop><pdop>1.74</pdop><dgpsid>0000</dgpsid></trkpt>
<trkpt lat="45.94273683333333" lon="-122.77658600000001"><ele>5.8</ele><time>2026-08-31T18:21:51.000Z</time><extensions><gpxtpx:TrackPointExtension><gpxtpx:bearing>134.7</gpxtpx:bearing><gpxtpx:speed>27.719336</gpxtpx:speed></gpxtpx:TrackPointExtension></extensions><geoidheight>-20.7</geoidheight><src>gps</src><sat>12</sat><hdop>0.75</hdop><vdop>1.08</vdop><pdop>1.32</pdop><dgpsid>0000</dgpsid></trkpt>
<trkpt lat="45.94081516666667" lon="-122.77381933333332"><ele>4.4</ele><time>2026-08-31T18:22:02.000Z</time><extensions><gpxtpx:TrackPointExtension><gpxtpx:bearing>135.09</gpxtpx:bearing><gpxtpx:speed>27.603523</gpxtpx:speed></gpxtpx:TrackPointExtension></extensions><geoidheight>-20.7</geoidheight><src>gps</src><sat>12</sat><hdop>0.84</hdop><vdop>1.21</vdop><pdop>1.47</pdop><dgpsid>0000</dgpsid></trkpt>
<trkpt lat="45.938872666666676" lon="-122.77102866666668"><ele>2.9</ele><time>2026-08-31T18:22:13.000Z</time><extensions><gpxtpx:TrackPointExtension><gpxtpx:bearing>134.84</gpxtpx:bearing><gpxtpx:speed>27.85728</gpxtpx:speed></gpxtpx:TrackPointExtension></extensions><geoidheight>-20.7</geoidheight><src>gps</src><sat>12</sat><hdop>0.73</hdop><vdop>1.01</vdop><pdop>1.25</pdop><dgpsid>0000</dgpsid></trkpt>
<trkpt lat="45.93693066666666" lon="-122.76823383333334"><ele>1.5</ele><time>2026-08-31T18:22:24.000Z</time><extensions><gpxtpx:TrackPointExtension><gpxtpx:bearing>135.06</gpxtpx:bearing><gpxtpx:speed>27.570581</gpxtpx:speed></gpxtpx:TrackPointExtension></extensions><geoidheight>-20.7</geoidheight><src>gps</src><sat>13</sat><hdop>0.66</hdop><vdop>0.94</vdop><pdop>1.15</pdop><dgpsid>0000</dgpsid></trkpt>
<trkpt lat="45.93502883333334" lon="-122.76551016666666"><ele>1.2</ele><time>2026-08-31T18:22:35.000Z</time><extensions><gpxtpx:TrackPointExtension><gpxtpx:bearing>135.35</gpxtpx:bearing><gpxtpx:speed>26.899899</gpxtpx:speed></gpxtpx:TrackPointExtension></extensions><geoidheight>-20.7</geoidheight><src>gps</src><sat>12</sat><hdop>0.73</hdop><vdop>1.01</vdop><pdop>1.25</pdop><dgpsid>0000</dgpsid></trkpt>
<trkpt lat="45.93308216666666" lon="-122.76301533333331"><ele>3.0</ele><time>2026-08-31T18:22:46.000Z</time><extensions><gpxtpx:TrackPointExtension><gpxtpx:bearing>140.47</gpxtpx:bearing><gpxtpx:speed>25.780376</gpxtpx:speed></gpxtpx:TrackPointExtension></extensions><geoidheight>-20.7</geoidheight><src>gps</src><sat>10</sat><hdop>0.75</hdop><vdop>1.08</vdop><pdop>1.32</pdop><dgpsid>0000</dgpsid></trkpt>
<trkpt lat="45.931096833333335" lon="-122.76075266666666"><ele>9.0</ele><time>2026-08-31T18:22:57.000Z</time><extensions><gpxtpx:TrackPointExtension><gpxtpx:bearing>141.59</gpxtpx:bearing><gpxtpx:speed>25.78707</gpxtpx:speed></gpxtpx:TrackPointExtension></extensions><geoidheight>-20.7</geoidheight><src>gps</src><sat>12</sat><hdop>0.73</hdop><vdop>1.02</vdop><pdop>1.25</pdop><dgpsid>0000</dgpsid></trkpt>
<trkpt lat="45.92906016666667" lon="-122.75846600000001"><ele>15.1</ele><time>2026-08-31T18:23:08.000Z</time><extensions><gpxtpx:TrackPointExtension><gpxtpx:bearing>142.89</gpxtpx:bearing><gpxtpx:speed>26.289951</gpxtpx:speed></gpxtpx:TrackPointExtension></extensions><geoidheight>-20.7</geoidheight><src>gps</src><sat>11</sat><hdop>0.75</hdop><vdop>1.07</vdop><pdop>1.31</pdop><dgpsid>0000</dgpsid></trkpt>
<trkpt lat="45.92683733333333" lon="-122.75647666666667"><ele>17.8</ele><time>2026-08-31T18:23:19.000Z</time><extensions><gpxtpx:TrackPointExtension><gpxtpx:bearing>151.68</gpxtpx:bearing><gpxtpx:speed>27.270498</gpxtpx:speed></gpxtpx:TrackPointExtension></extensions><geoidheight>-20.7</geoidheight><src>gps</src><sat>13</sat><hdop>0.66</hdop><vdop>0.94</vdop><pdop>1.15</pdop><dgpsid>0000</dgpsid></trkpt>
<trkpt lat="45.92441816666666" lon="-122.75467216666667"><ele>10.9</ele><time>2026-08-31T18:23:30.000Z</time><extensions><gpxtpx:TrackPointExtension><gpxtpx:bearing>152.76</gpxtpx:bearing><gpxtpx:speed>28.032288</gpxtpx:speed></gpxtpx:TrackPointExtension></extensions><geoidheight>-20.8</geoidheight><src>gps</src><sat>13</sat><hdop>0.66</hdop><vdop>0.94</vdop><pdop>1.15</pdop><dgpsid>0000</dgpsid></trkpt>
<trkpt lat="45.921921000000005" lon="-122.75282366666667"><ele>5.6</ele><time>2026-08-31T18:23:41.000Z</time><extensions><gpxtpx:TrackPointExtension><gpxtpx:bearing>152.85</gpxtpx:bearing><gpxtpx:speed>27.955078</gpxtpx:speed></gpxtpx:TrackPointExtension></extensions><geoidheight>-20.8</geoidheight><src>gps</src><sat>13</sat><hdop>0.73</hdop><vdop>1.04</vdop><pdop>1.27</pdop><dgpsid>0000</dgpsid></trkpt>
<trkpt lat="45.91954333333333" lon="-122.75118750000001"><ele>5.1</ele><time>2026-08-31T18:23:52.000Z</time><extensions><gpxtpx:TrackPointExtension><gpxtpx:bearing>156.19</gpxtpx:bearing><gpxtpx:speed>25.992958</gpxtpx:speed></gpxtpx:TrackPointExtension></extensions><geoidheight>-20.8</geoidheight><src>gps</src><sat>13</sat><hdop>0.66</hdop><vdop>0.94</vdop><pdop>1.15</pdop><dgpsid>0000</dgpsid></trkpt>
<trkpt lat="45.917184666666664" lon="-122.7497455"><ele>6.3</ele><time>2026-08-31T18:24:03.000Z</time><extensions><gpxtpx:TrackPointExtension><gpxtpx:bearing>156.94</gpxtpx:bearing><gpxtpx:speed>26.431501</gpxtpx:speed></gpxtpx:TrackPointExtension></extensions><geoidheight>-20.8</geoidheight><src>gps</src><sat>13</sat><hdop>0.61</hdop><vdop>0.88</vdop><pdop>1.07</pdop><dgpsid>0000</dgpsid></trkpt>
<trkpt lat="45.91476933333333" lon="-122.74828366666667"><ele>6.7</ele><time>2026-08-31T18:24:14.000Z</time><extensions><gpxtpx:TrackPointExtension><gpxtpx:bearing>157.16</gpxtpx:bearing><gpxtpx:speed>26.328556</gpxtpx:speed></gpxtpx:TrackPointExtension></extensions><geoidheight>-20.8</geoidheight><src>gps</src><sat>14</sat><hdop>0.61</hdop><vdop>0.88</vdop><pdop>1.07</pdop><dgpsid>0000</dgpsid></trkpt>
<trkpt lat="45.912338166666665" lon="-122.74682533333335"><ele>7.7</ele><time>2026-08-31T18:24:25.000Z</time><extensions><gpxtpx:TrackPointExtension><gpxtpx:bearing>157.15</gpxtpx:bearing><gpxtpx:speed>27.307558</gpxtpx:speed></gpxtpx:TrackPointExtension></extensions><geoidheight>-20.8</geoidheight><src>gps</src><sat>14</sat><hdop>0.61</hdop><vdop>0.88</vdop><pdop>1.07</pdop><dgpsid>0000</dgpsid></trkpt>
<trkpt lat="45.90982566666666" lon="-122.74531800000001"><ele>8.3</ele><time>2026-08-31T18:24:36.000Z</time><extensions><gpxtpx:TrackPointExtension><gpxtpx:bearing>157.18</gpxtpx:bearing><gpxtpx:speed>27.375502</gpxtpx:speed></gpxtpx:TrackPointExtension></extensions><geoidheight>-20.8</geoidheight><src>gps</src><sat>14</sat><hdop>0.61</hdop><vdop>0.88</vdop><pdop>1.07</pdop><dgpsid>0000</dgpsid></trkpt>
<trkpt lat="45.9074105" lon="-122.74371616666667"><ele>10.5</ele><time>2026-08-31T18:24:47.000Z</time><extensions><gpxtpx:TrackPointExtension><gpxtpx:bearing>153.88</gpxtpx:bearing><gpxtpx:speed>26.091784</gpxtpx:speed></gpxtpx:TrackPointExtension></extensions><geoidheight>-20.8</geoidheight><src>gps</src><sat>14</sat><hdop>0.61</hdop><vdop>0.89</vdop><pdop>1.07</pdop><dgpsid>0000</dgpsid></trkpt>
<trkpt lat="45.905103499999996" lon="-122.74224166666666"><ele>12.1</ele><time>2026-08-31T18:24:58.000Z</time><extensions><gpxtpx:TrackPointExtension><gpxtpx:bearing>158.45</gpxtpx:bearing><gpxtpx:speed>25.802511</gpxtpx:speed></gpxtpx:TrackPointExtension></extensions><geoidheight>-20.8</geoidheight><src>gps</src><sat>13</sat><hdop>0.71</hdop><vdop>1.04</vdop><pdop>1.26</pdop><dgpsid>0000</dgpsid></trkpt>
<trkpt lat="45.902716666666656" lon="-122.741013"><ele>8.4</ele><time>2026-08-31T18:25:09.000Z</time><extensions><gpxtpx:TrackPointExtension><gpxtpx:bearing>160.54</gpxtpx:bearing><gpxtpx:speed>24.53475</gpxtpx:speed></gpxtpx:TrackPointExtension></extensions><geoidheight>-20.8</geoidheight><src>gps</src><sat>14</sat><hdop>0.61</hdop><vdop>0.89</vdop><pdop>1.07</pdop><dgpsid>0000</dgpsid></trkpt>
<trkpt lat="45.900391166666665" lon="-122.73969283333332"><ele>8.8</ele><time>2026-08-31T18:25:20.000Z</time><extensions><gpxtpx:TrackPointExtension><gpxtpx:bearing>156.7</gpxtpx:bearing><gpxtpx:speed>26.136564</gpxtpx:speed></gpxtpx:TrackPointExtension></extensions><geoidheight>-20.8</geoidheight><src>gps</src><sat>14</sat><hdop>0.61</hdop><vdop>0.89</vdop><pdop>1.07</pdop><dgpsid>0000</dgpsid></trkpt>
<trkpt lat="45.89799783333333" lon="-122.73824983333334"><ele>8.4</ele><time>2026-08-31T18:25:31.000Z</time><extensions><gpxtpx:TrackPointExtension><gpxtpx:bearing>157.1</gpxtpx:bearing><gpxtpx:speed>26.166933</gpxtpx:speed></gpxtpx:TrackPointExtension></extensions><geoidheight>-20.8</geoidheight><src>gps</src><sat>14</sat><hdop>0.61</hdop><vdop>0.89</vdop><pdop>1.08</pdop><dgpsid>0000</dgpsid></trkpt>
<trkpt lat="45.89558999999999" lon="-122.73680883333333"><ele>7.9</ele><time>2026-08-31T18:25:42.000Z</time><extensions><gpxtpx:TrackPointExtension><gpxtpx:bearing>157.03</gpxtpx:bearing><gpxtpx:speed>26.564814</gpxtpx:speed></gpxtpx:TrackPointExtension></extensions><geoidheight>-20.8</geoidheight><src>gps</src><sat>13</sat><hdop>0.67</hdop><vdop>1.00</vdop><pdop>1.20</pdop><dgpsid>0000</dgpsid></trkpt>
<trkpt lat="45.893129833333326" lon="-122.73533933333334"><ele>9.5</ele><time>2026-08-31T18:25:53.000Z</time><extensions><gpxtpx:TrackPointExtension><gpxtpx:bearing>157.04</gpxtpx:bearing><gpxtpx:speed>27.065125</gpxtpx:speed></gpxtpx:TrackPointExtension></extensions><geoidheight>-20.8</geoidheight><src>gps</src><sat>13</sat><hdop>0.71</hdop><vdop>1.05</vdop><pdop>1.26</pdop><dgpsid>0000</dgpsid></trkpt>
<trkpt lat="45.890710166666665" lon="-122.73388733333334"><ele>11.5</ele><time>2026-08-31T18:26:04.000Z</time><extensions><gpxtpx:TrackPointExtension><gpxtpx:bearing>157.22</gpxtpx:bearing><gpxtpx:speed>25.69905</gpxtpx:speed></gpxtpx:TrackPointExtension></extensions><geoidheight>-20.8</geoidheight><src>gps</src><sat>14</sat><hdop>0.63</hdop><vdop>0.93</vdop><pdop>1.12</pdop><dgpsid>0000</dgpsid></trkpt>
<trkpt lat="45.888346500000004" lon="-122.73245866666666"><ele>13.0</ele><time>2026-08-31T18:26:15.000Z</time><extensions><gpxtpx:TrackPointExtension><gpxtpx:bearing>157.52</gpxtpx:bearing><gpxtpx:speed>26.160757</gpxtpx:speed></gpxtpx:TrackPointExtension></extensions><geoidheight>-20.8</geoidheight><src>gps</src><sat>13</sat><hdop>0.77</hdop><vdop>1.13</vdop><pdop>1.37</pdop><dgpsid>0000</dgpsid></trkpt>
<trkpt lat="45.8859675" lon="-122.73092383333332"><ele>11.3</ele><time>2026-08-31T18:26:26.000Z</time><extensions><gpxtpx:TrackPointExtension><gpxtpx:bearing>148.07</gpxtpx:bearing><gpxtpx:speed>25.839571</gpxtpx:speed></gpxtpx:TrackPointExtension></extensions><geoidheight>-20.8</geoidheight><src>gps</src><sat>12</sat><hdop>0.99</hdop><vdop>1.73</vdop><pdop>1.99</pdop><dgpsid>0000</dgpsid></trkpt>
<trkpt lat="45.88415116666667" lon="-122.72843433333334"><ele>8.6</ele><time>2026-08-31T18:26:37.000Z</time><extensions><gpxtpx:TrackPointExtension><gpxtpx:bearing>130.96</gpxtpx:bearing><gpxtpx:speed>25.450954</gpxtpx:speed></gpxtpx:TrackPointExtension></extensions><geoidheight>-20.8</geoidheight><src>gps</src><sat>14</sat><hdop>0.76</hdop><vdop>1.05</vdop><pdop>1.30</pdop><dgpsid>0000</dgpsid></trkpt>
<trkpt lat="45.88251816666666" lon="-122.7257235"><ele>11.3</ele><time>2026-08-31T18:26:48.000Z</time><extensions><gpxtpx:TrackPointExtension><gpxtpx:bearing>130.72</gpxtpx:bearing><gpxtpx:speed>25.007265</gpxtpx:speed></gpxtpx:TrackPointExtension></extensions><geoidheight>-20.8</geoidheight><src>gps</src><sat>13</sat><hdop>0.73</hdop><vdop>1.05</vdop><pdop>1.28</pdop><dgpsid>0000</dgpsid></trkpt>
<trkpt lat="45.88090050000001" lon="-122.72302683333334"><ele>16.3</ele><time>2026-08-31T18:26:59.000Z</time><extensions><gpxtpx:TrackPointExtension><gpxtpx:bearing>130.16</gpxtpx:bearing><gpxtpx:speed>25.048443</gpxtpx:speed></gpxtpx:TrackPointExtension></extensions><geoidheight>-20.8</geoidheight><src>gps</src><sat>14</sat><hdop>0.69</hdop><vdop>0.95</vdop><pdop>1.17</pdop><dgpsid>0000</dgpsid></trkpt>
<trkpt lat="45.879286666666665" lon="-122.72034333333335"><ele>21.2</ele><time>2026-08-31T18:27:10.000Z</time><extensions><gpxtpx:TrackPointExtension><gpxtpx:bearing>130.6</gpxtpx:bearing><gpxtpx:speed>24.610928</gpxtpx:speed></gpxtpx:TrackPointExtension></extensions><geoidheight>-20.8</geoidheight><src>gps</src><sat>14</sat><hdop>0.76</hdop><vdop>1.05</vdop><pdop>1.30</pdop><dgpsid>0000</dgpsid></trkpt>
<trkpt lat="45.87765583333333" lon="-122.71762733333335"><ele>21.1</ele><time>2026-08-31T18:27:21.000Z</time><extensions><gpxtpx:TrackPointExtension><gpxtpx:bearing>130.79</gpxtpx:bearing><gpxtpx:speed>25.745377</gpxtpx:speed></gpxtpx:TrackPointExtension></extensions><geoidheight>-20.8</geoidheight><src>gps</src><sat>12</sat><hdop>0.73</hdop><vdop>1.03</vdop><pdop>1.26</pdop><dgpsid>0000</dgpsid></trkpt>
<trkpt lat="45.875915500000005" lon="-122.71503050000001"><ele>18.1</ele><time>2026-08-31T18:27:32.000Z</time><extensions><gpxtpx:TrackPointExtension><gpxtpx:bearing>138.24</gpxtpx:bearing><gpxtpx:speed>24.769978</gpxtpx:speed></gpxtpx:TrackPointExtension></extensions><geoidheight>-20.8</geoidheight><src>gps</src><sat>12</sat><hdop>0.73</hdop><vdop>1.03</vdop><pdop>1.26</pdop><dgpsid>0000</dgpsid></trkpt>
<trkpt lat="45.87401516666667" lon="-122.71294716666668"><ele>12.5</ele><time>2026-08-31T18:27:43.000Z</time><extensions><gpxtpx:TrackPointExtension><gpxtpx:bearing>146.36</gpxtpx:bearing><gpxtpx:speed>23.833183</gpxtpx:speed></gpxtpx:TrackPointExtension></extensions><geoidheight>-20.8</geoidheight><src>gps</src><sat>12</sat><hdop>0.73</hdop><vdop>1.03</vdop><pdop>1.26</pdop><dgpsid>0000</dgpsid></trkpt>
<trkpt lat="45.8720935" lon="-122.71110983333334"><ele>19.5</ele><time>2026-08-31T18:27:54.000Z</time><extensions><gpxtpx:TrackPointExtension><gpxtpx:bearing>146.84</gpxtpx:bearing><gpxtpx:speed>22.679691</gpxtpx:speed></gpxtpx:TrackPointExtension></extensions><geoidheight>-20.8</geoidheight><src>gps</src><sat>14</sat><hdop>0.66</hdop><vdop>0.95</vdop><pdop>1.16</pdop><dgpsid>0000</dgpsid></trkpt>
<trkpt lat="45.87023683333334" lon="-122.70944416666667"><ele>25.7</ele><time>2026-08-31T18:28:05.000Z</time><extensions><gpxtpx:TrackPointExtension><gpxtpx:bearing>150.84</gpxtpx:bearing><gpxtpx:speed>21.838634</gpxtpx:speed></gpxtpx:TrackPointExtension></extensions><geoidheight>-20.8</geoidheight><src>gps</src><sat>12</sat><hdop>0.74</hdop><vdop>1.16</vdop><pdop>1.38</pdop><dgpsid>0000</dgpsid></trkpt>
<trkpt lat="45.86826599999999" lon="-122.70816033333334"><ele>31.0</ele><time>2026-08-31T18:28:16.000Z</time><extensions><gpxtpx:TrackPointExtension><gpxtpx:bearing>159.0</gpxtpx:bearing><gpxtpx:speed>22.031654</gpxtpx:speed></gpxtpx:TrackPointExtension></extensions><geoidheight>-20.8</geoidheight><src>gps</src><sat>12</sat><hdop>0.79</hdop><vdop>1.21</vdop><pdop>1.44</pdop><dgpsid>0000</dgpsid></trkpt>
<trkpt lat="45.86617783333333" lon="-122.7072785"><ele>37.2</ele><time>2026-08-31T18:28:27.000Z</time><extensions><gpxtpx:TrackPointExtension><gpxtpx:bearing>167.44</gpxtpx:bearing><gpxtpx:speed>21.942608</gpxtpx:speed></gpxtpx:TrackPointExtension></extensions><geoidheight>-20.8</geoidheight><src>gps</src><sat>13</sat><hdop>0.68</hdop><vdop>1.00</vdop><pdop>1.21</pdop><dgpsid>0000</dgpsid></trkpt>
<trkpt lat="45.864037833333335" lon="-122.7067825"><ele>47.0</ele><time>2026-08-31T18:28:38.000Z</time><extensions><gpxtpx:TrackPointExtension><gpxtpx:bearing>173.34</gpxtpx:bearing><gpxtpx:speed>21.72591</gpxtpx:speed></gpxtpx:TrackPointExtension></extensions><geoidheight>-20.8</geoidheight><src>gps</src><sat>12</sat><hdop>0.76</hdop><vdop>1.19</vdop><pdop>1.41</pdop><dgpsid>0000</dgpsid></trkpt>
<trkpt lat="45.86191333333333" lon="-122.70640783333334"><ele>53.3</ele><time>2026-08-31T18:28:49.000Z</time><extensions><gpxtpx:TrackPointExtension><gpxtpx:bearing>173.34</gpxtpx:bearing><gpxtpx:speed>21.570465</gpxtpx:speed></gpxtpx:TrackPointExtension></extensions><geoidheight>-20.8</geoidheight><src>gps</src><sat>11</sat><hdop>0.96</hdop><vdop>1.78</vdop><pdop>2.02</pdop><dgpsid>0000</dgpsid></trkpt>
<trkpt lat="45.85978183333334" lon="-122.70604383333333"><ele>58.1</ele><time>2026-08-31T18:29:00.000Z</time><extensions><gpxtpx:TrackPointExtension><gpxtpx:bearing>173.91</gpxtpx:bearing><gpxtpx:speed>22.067686</gpxtpx:speed></gpxtpx:TrackPointExtension></extensions><geoidheight>-20.8</geoidheight><src>gps</src><sat>12</sat><hdop>0.92</hdop><vdop>1.47</vdop><pdop>1.73</pdop><dgpsid>0000</dgpsid></trkpt>
<trkpt lat="45.85759383333334" lon="-122.70554616666668"><ele>62.3</ele><time>2026-08-31T18:29:11.000Z</time><extensions><gpxtpx:TrackPointExtension><gpxtpx:bearing>168.0</gpxtpx:bearing><gpxtpx:speed>22.74506</gpxtpx:speed></gpxtpx:TrackPointExtension></extensions><geoidheight>-20.8</geoidheight><src>gps</src><sat>14</sat><hdop>0.69</hdop><vdop>0.97</vdop><pdop>1.19</pdop><dgpsid>0000</dgpsid></trkpt>
<trkpt lat="45.855409666666674" lon="-122.70465183333333"><ele>64.3</ele><time>2026-08-31T18:29:22.000Z</time><extensions><gpxtpx:TrackPointExtension><gpxtpx:bearing>162.28</gpxtpx:bearing><gpxtpx:speed>23.384346</gpxtpx:speed></gpxtpx:TrackPointExtension></extensions><geoidheight>-20.8</geoidheight><src>gps</src><sat>14</sat><hdop>0.62</hdop><vdop>0.90</vdop><pdop>1.10</pdop><dgpsid>0000</dgpsid></trkpt>
<trkpt lat="45.85324049999999" lon="-122.70363666666665"><ele>69.3</ele><time>2026-08-31T18:29:33.000Z</time><extensions><gpxtpx:TrackPointExtension><gpxtpx:bearing>162.14</gpxtpx:bearing><gpxtpx:speed>22.827415</gpxtpx:speed></gpxtpx:TrackPointExtension></extensions><geoidheight>-20.8</geoidheight><src>gps</src><sat>14</sat><hdop>0.63</hdop><vdop>0.96</vdop><pdop>1.15</pdop><dgpsid>0000</dgpsid></trkpt>
<trkpt lat="45.85109383333334" lon="-122.70262316666667"><ele>75.4</ele><time>2026-08-31T18:29:44.000Z</time><extensions><gpxtpx:TrackPointExtension><gpxtpx:bearing>162.06</gpxtpx:bearing><gpxtpx:speed>22.909771</gpxtpx:speed></gpxtpx:TrackPointExtension></extensions><geoidheight>-20.8</geoidheight><src>gps</src><sat>13</sat><hdop>0.64</hdop><vdop>0.93</vdop><pdop>1.13</pdop><dgpsid>0000</dgpsid></trkpt>
<trkpt lat="45.84897516666667" lon="-122.7016395"><ele>80.1</ele><time>2026-08-31T18:29:55.000Z</time><extensions><gpxtpx:TrackPointExtension><gpxtpx:bearing>161.93</gpxtpx:bearing><gpxtpx:speed>22.3374</gpxtpx:speed></gpxtpx:TrackPointExtension></extensions><geoidheight>-20.8</geoidheight><src>gps</src><sat>14</sat><hdop>0.64</hdop><vdop>0.93</vdop><pdop>1.14</pdop><dgpsid>0000</dgpsid></trkpt>
<trkpt lat="45.846811499999994" lon="-122.700637"><ele>80.8</ele><time>2026-08-31T18:30:06.000Z</time><extensions><gpxtpx:TrackPointExtension><gpxtpx:bearing>162.13</gpxtpx:bearing><gpxtpx:speed>23.674133</gpxtpx:speed></gpxtpx:TrackPointExtension></extensions><geoidheight>-20.8</geoidheight><src>gps</src><sat>14</sat><hdop>0.63</hdop><vdop>0.93</vdop><pdop>1.13</pdop><dgpsid>0000</dgpsid></trkpt>
<trkpt lat="45.84454683333333" lon="-122.69959183333334"><ele>79.2</ele><time>2026-08-31T18:30:17.000Z</time><extensions><gpxtpx:TrackPointExtension><gpxtpx:bearing>162.07</gpxtpx:bearing><gpxtpx:speed>24.211504</gpxtpx:speed></gpxtpx:TrackPointExtension></extensions><geoidheight>-20.8</geoidheight><src>gps</src><sat>13</sat><hdop>0.63</hdop><vdop>0.93</vdop><pdop>1.13</pdop><dgpsid>0000</dgpsid></trkpt>
<trkpt lat="45.84226366666667" lon="-122.69852999999999"><ele>78.1</ele><time>2026-08-31T18:30:28.000Z</time><extensions><gpxtpx:TrackPointExtension><gpxtpx:bearing>161.72</gpxtpx:bearing><gpxtpx:speed>24.272757</gpxtpx:speed></gpxtpx:TrackPointExtension></extensions><geoidheight>-20.8</geoidheight><src>gps</src><sat>14</sat><hdop>0.63</hdop><vdop>0.93</vdop><pdop>1.13</pdop><dgpsid>0000</dgpsid></trkpt>
<trkpt lat="45.840007833333324" lon="-122.69748483333333"><ele>78.3</ele><time>2026-08-31T18:30:39.000Z</time><extensions><gpxtpx:TrackPointExtension><gpxtpx:bearing>161.81</gpxtpx:bearing><gpxtpx:speed>23.599499</gpxtpx:speed></gpxtpx:TrackPointExtension></extensions><geoidheight>-20.8</geoidheight><src>gps</src><sat>13</sat><hdop>0.68</hdop><vdop>1.10</vdop><pdop>1.29</pdop><dgpsid>0000</dgpsid></trkpt>
<trkpt lat="45.837805166666676" lon="-122.69646133333332"><ele>79.9</ele><time>2026-08-31T18:30:50.000Z</time><extensions><gpxtpx:TrackPointExtension><gpxtpx:bearing>161.98</gpxtpx:bearing><gpxtpx:speed>23.400816</gpxtpx:speed></gpxtpx:TrackPointExtension></extensions><geoidheight>-20.8</geoidheight><src>gps</src><sat>12</sat><hdop>0.95</hdop><vdop>1.80</vdop><pdop>2.03</pdop><dgpsid>0000</dgpsid></trkpt>
<trkpt lat="45.83560766666666" lon="-122.695439"><ele>81.5</ele><time>2026-08-31T18:31:01.000Z</time><extensions><gpxtpx:TrackPointExtension><gpxtpx:bearing>161.8</gpxtpx:bearing><gpxtpx:speed>23.297873</gpxtpx:speed></gpxtpx:TrackPointExtension></extensions><geoidheight>-20.8</geoidheight><src>gps</src><sat>12</sat><hdop>0.63</hdop><vdop>0.94</vdop><pdop>1.13</pdop><dgpsid>0000</dgpsid></trkpt>
<trkpt lat="45.833416333333325" lon="-122.69441883333333"><ele>83.6</ele><time>2026-08-31T18:31:12.000Z</time><extensions><gpxtpx:TrackPointExtension><gpxtpx:bearing>161.86</gpxtpx:bearing><gpxtpx:speed>23.240223</gpxtpx:speed></gpxtpx:TrackPointExtension></extensions><geoidheight>-20.8</geoidheight><src>gps</src><sat>13</sat><hdop>0.67</hdop><vdop>1.05</vdop><pdop>1.25</pdop><dgpsid>0000</dgpsid></trkpt>
<trkpt lat="45.83121516666667" lon="-122.69339633333333"><ele>82.7</ele><time>2026-08-31T18:31:23.000Z</time><extensions><gpxtpx:TrackPointExtension><gpxtpx:bearing>161.65</gpxtpx:bearing><gpxtpx:speed>23.749798</gpxtpx:speed></gpxtpx:TrackPointExtension></extensions><geoidheight>-20.8</geoidheight><src>gps</src><sat>13</sat><hdop>0.63</hdop><vdop>0.94</vdop><pdop>1.13</pdop><dgpsid>0000</dgpsid></trkpt>
<trkpt lat="45.8289405" lon="-122.6923365"><ele>78.7</ele><time>2026-08-31T18:31:34.000Z</time><extensions><gpxtpx:TrackPointExtension><gpxtpx:bearing>162.01</gpxtpx:bearing><gpxtpx:speed>24.32011</gpxtpx:speed></gpxtpx:TrackPointExtension></extensions><geoidheight>-20.8</geoidheight><src>gps</src><sat>14</sat><hdop>0.61</hdop><vdop>0.91</vdop><pdop>1.09</pdop><dgpsid>0000</dgpsid></trkpt>
<trkpt lat="45.826576499999994" lon="-122.69122816666668"><ele>75.6</ele><time>2026-08-31T18:31:45.000Z</time><extensions><gpxtpx:TrackPointExtension><gpxtpx:bearing>161.79</gpxtpx:bearing><gpxtpx:speed>25.670742</gpxtpx:speed></gpxtpx:TrackPointExtension></extensions><geoidheight>-20.8</geoidheight><src>gps</src><sat>14</sat><hdop>0.61</hdop><vdop>0.91</vdop><pdop>1.09</pdop><dgpsid>0000</dgpsid></trkpt>
<trkpt lat="45.824167" lon="-122.69011183333332"><ele>76.6</ele><time>2026-08-31T18:31:56.000Z</time><extensions><gpxtpx:TrackPointExtension><gpxtpx:bearing>161.96</gpxtpx:bearing><gpxtpx:speed>25.328451</gpxtpx:speed></gpxtpx:TrackPointExtension></extensions><geoidheight>-20.8</geoidheight><src>gps</src><sat>12</sat><hdop>0.63</hdop><vdop>0.98</vdop><pdop>1.17</pdop><dgpsid>0000</dgpsid></trkpt>
<trkpt lat="45.82177883333334" lon="-122.68899916666666"><ele>78.6</ele><time>2026-08-31T18:32:07.000Z</time><extensions><gpxtpx:TrackPointExtension><gpxtpx:bearing>161.67</gpxtpx:bearing><gpxtpx:speed>25.208006</gpxtpx:speed></gpxtpx:TrackPointExtension></extensions><geoidheight>-20.8</geoidheight><src>gps</src><sat>13</sat><hdop>0.63</hdop><vdop>0.94</vdop><pdop>1.13</pdop><dgpsid>0000</dgpsid></trkpt>
<trkpt lat="45.81943549999999" lon="-122.687912"><ele>80.1</ele><time>2026-08-31T18:32:18.000Z</time><extensions><gpxtpx:TrackPointExtension><gpxtpx:bearing>161.89</gpxtpx:bearing><gpxtpx:speed>24.574898</gpxtpx:speed></gpxtpx:TrackPointExtension></extensions><geoidheight>-20.8</geoidheight><src>gps</src><sat>14</sat><hdop>0.61</hdop><vdop>0.91</vdop><pdop>1.09</pdop><dgpsid>0000</dgpsid></trkpt>
<trkpt lat="45.817156999999995" lon="-122.68685016666669"><ele>81.9</ele><time>2026-08-31T18:32:29.000Z</time><extensions><gpxtpx:TrackPointExtension><gpxtpx:bearing>162.08</gpxtpx:bearing><gpxtpx:speed>24.102898</gpxtpx:speed></gpxtpx:TrackPointExtension></extensions><geoidheight>-20.8</geoidheight><src>gps</src><sat>15</sat><hdop>0.59</hdop><vdop>0.91</vdop><pdop>1.08</pdop><dgpsid>0000</dgpsid></trkpt>
<trkpt lat="45.81484733333333" lon="-122.6857685"><ele>82.9</ele><time>2026-08-31T18:32:40.000Z</time><extensions><gpxtpx:TrackPointExtension><gpxtpx:bearing>161.75</gpxtpx:bearing><gpxtpx:speed>25.120502</gpxtpx:speed></gpxtpx:TrackPointExtension></extensions><geoidheight>-20.8</geoidheight><src>gps</src><sat>15</sat><hdop>0.59</hdop><vdop>0.91</vdop><pdop>1.08</pdop><dgpsid>0000</dgpsid></trkpt>
<trkpt lat="45.81241033333334" lon="-122.68464199999998"><ele>80.8</ele><time>2026-08-31T18:32:51.000Z</time><extensions><gpxtpx:TrackPointExtension><gpxtpx:bearing>162.13</gpxtpx:bearing><gpxtpx:speed>25.821554</gpxtpx:speed></gpxtpx:TrackPointExtension></extensions><geoidheight>-20.8</geoidheight><src>gps</src><sat>15</sat><hdop>0.61</hdop><vdop>0.93</vdop><pdop>1.11</pdop><dgpsid>0000</dgpsid></trkpt>
<trkpt lat="45.80997983333334" lon="-122.68351349999999"><ele>79.2</ele><time>2026-08-31T18:33:02.000Z</time><extensions><gpxtpx:TrackPointExtension><gpxtpx:bearing>162.08</gpxtpx:bearing><gpxtpx:speed>25.613607</gpxtpx:speed></gpxtpx:TrackPointExtension></extensions><geoidheight>-20.8</geoidheight><src>gps</src><sat>15</sat><hdop>0.61</hdop><vdop>0.99</vdop><pdop>1.16</pdop><dgpsid>0000</dgpsid></trkpt>
<trkpt lat="45.80755366666667" lon="-122.68238683333333"><ele>76.9</ele><time>2026-08-31T18:33:13.000Z</time><extensions><gpxtpx:TrackPointExtension><gpxtpx:bearing>162.18</gpxtpx:bearing><gpxtpx:speed>25.535885</gpxtpx:speed></gpxtpx:TrackPointExtension></extensions><geoidheight>-20.8</geoidheight><src>gps</src><sat>15</sat><hdop>0.60</hdop><vdop>0.97</vdop><pdop>1.14</pdop><dgpsid>0000</dgpsid></trkpt>
<trkpt lat="45.80507899999999" lon="-122.68124116666668"><ele>73.6</ele><time>2026-08-31T18:33:24.000Z</time><extensions><gpxtpx:TrackPointExtension><gpxtpx:bearing>162.07</gpxtpx:bearing><gpxtpx:speed>26.668787</gpxtpx:speed></gpxtpx:TrackPointExtension></extensions><geoidheight>-20.8</geoidheight><src>gps</src><sat>13</sat><hdop>0.78</hdop><vdop>1.22</vdop><pdop>1.45</pdop><dgpsid>0000</dgpsid></trkpt>
<trkpt lat="45.802603" lon="-122.68009533333334"><ele>71.7</ele><time>2026-08-31T18:33:35.000Z</time><extensions><gpxtpx:TrackPointExtension><gpxtpx:bearing>161.93</gpxtpx:bearing><gpxtpx:speed>25.171976</gpxtpx:speed></gpxtpx:TrackPointExtension></extensions><geoidheight>-20.8</geoidheight><src>gps</src><sat>12</sat><hdop>0.74</hdop><vdop>1.24</vdop><pdop>1.44</pdop><dgpsid>0000</dgpsid></trkpt>
<trkpt lat="45.80024766666667" lon="-122.67899466666668"><ele>73.3</ele><time>2026-08-31T18:33:46.000Z</time><extensions><gpxtpx:TrackPointExtension><gpxtpx:bearing>162.24</gpxtpx:bearing><gpxtpx:speed>25.351099</gpxtpx:speed></gpxtpx:TrackPointExtension></extensions><geoidheight>-20.8</geoidheight><src>gps</src><sat>11</sat><hdop>0.71</hdop><vdop>1.18</vdop><pdop>1.38</pdop><dgpsid>0000</dgpsid></trkpt>
<trkpt lat="45.797833000000004" lon="-122.67786783333334"><ele>71.9</ele><time>2026-08-31T18:33:57.000Z</time><extensions><gpxtpx:TrackPointExtension><gpxtpx:bearing>161.91</gpxtpx:bearing><gpxtpx:speed>26.445913</gpxtpx:speed></gpxtpx:TrackPointExtension></extensions><geoidheight>-20.8</geoidheight><src>gps</src><sat>11</sat><hdop>0.78</hdop><vdop>1.51</vdop><pdop>1.70</pdop><dgpsid>0000</dgpsid></trkpt>
<trkpt lat="45.79525283333334" lon="-122.67683600000001"><ele>69.0</ele><time>2026-08-31T18:34:08.000Z</time><extensions><gpxtpx:TrackPointExtension><gpxtpx:bearing>166.7</gpxtpx:bearing><gpxtpx:speed>27.267925</gpxtpx:speed></gpxtpx:TrackPointExtension></extensions><geoidheight>-20.8</geoidheight><src>gps</src><sat>13</sat><hdop>0.67</hdop><vdop>1.02</vdop><pdop>1.22</pdop><dgpsid>0000</dgpsid></trkpt>
<trkpt lat="45.792658333333335" lon="-122.6761015"><ele>65.4</ele><time>2026-08-31T18:34:19.000Z</time><extensions><gpxtpx:TrackPointExtension><gpxtpx:bearing>169.13</gpxtpx:bearing><gpxtpx:speed>25.962074</gpxtpx:speed></gpxtpx:TrackPointExtension></extensions><geoidheight>-20.8</geoidheight><src>gps</src><sat>14</sat><hdop>0.61</hdop><vdop>0.95</vdop><pdop>1.13</pdop><dgpsid>0000</dgpsid></trkpt>
<trkpt lat="45.790124" lon="-122.67540616666665"><ele>64.7</ele><time>2026-08-31T18:34:30.000Z</time><extensions><gpxtpx:TrackPointExtension><gpxtpx:bearing>169.35</gpxtpx:bearing><gpxtpx:speed>25.981634</gpxtpx:speed></gpxtpx:TrackPointExtension></extensions><geoidheight>-20.8</geoidheight><src>gps</src><sat>14</sat><hdop>0.67</hdop><vdop>1.13</vdop><pdop>1.32</pdop><dgpsid>0000</dgpsid></trkpt>
<trkpt lat="45.78759133333333" lon="-122.674875"><ele>62.0</ele><time>2026-08-31T18:34:41.000Z</time><extensions><gpxtpx:TrackPointExtension><gpxtpx:bearing>176.53</gpxtpx:bearing><gpxtpx:speed>25.713463</gpxtpx:speed></gpxtpx:TrackPointExtension></extensions><geoidheight>-20.8</geoidheight><src>gps</src><sat>10</sat><hdop>1.19</hdop><vdop>2.63</vdop><pdop>2.89</pdop><dgpsid>0000</dgpsid></trkpt>
<trkpt lat="45.78500583333333" lon="-122.6746555"><ele>64.2</ele><time>2026-08-31T18:34:52.000Z</time><extensions><gpxtpx:TrackPointExtension><gpxtpx:bearing>176.34</gpxtpx:bearing><gpxtpx:speed>25.98215</gpxtpx:speed></gpxtpx:TrackPointExtension></extensions><geoidheight>-20.8</geoidheight><src>gps</src><sat>11</sat><hdop>0.74</hdop><vdop>1.21</vdop><pdop>1.42</pdop><dgpsid>0000</dgpsid></trkpt>
<trkpt lat="45.78241983333334" lon="-122.67414949999998"><ele>68.9</ele><time>2026-08-31T18:35:03.000Z</time><extensions><gpxtpx:TrackPointExtension><gpxtpx:bearing>168.69</gpxtpx:bearing><gpxtpx:speed>26.30282</gpxtpx:speed></gpxtpx:TrackPointExtension></extensions><geoidheight>-20.8</geoidheight><src>gps</src><sat>15</sat><hdop>0.59</hdop><vdop>0.91</vdop><pdop>1.09</pdop><dgpsid>0000</dgpsid></trkpt>
<trkpt lat="45.77988116666667" lon="-122.67321416666667"><ele>70.7</ele><time>2026-08-31T18:35:14.000Z</time><extensions><gpxtpx:TrackPointExtension><gpxtpx:bearing>163.37</gpxtpx:bearing><gpxtpx:speed>26.577168</gpxtpx:speed></gpxtpx:TrackPointExtension></extensions><geoidheight>-20.8</geoidheight><src>gps</src><sat>15</sat><hdop>0.61</hdop><vdop>0.91</vdop><pdop>1.10</pdop><dgpsid>0000</dgpsid></trkpt>
<trkpt lat="45.77739083333333" lon="-122.67214366666667"><ele>72.3</ele><time>2026-08-31T18:35:25.000Z</time><extensions><gpxtpx:TrackPointExtension><gpxtpx:bearing>163.31</gpxtpx:bearing><gpxtpx:speed>25.967222</gpxtpx:speed></gpxtpx:TrackPointExtension></extensions><geoidheight>-20.8</geoidheight><src>gps</src><sat>15</sat><hdop>0.61</hdop><vdop>0.91</vdop><pdop>1.10</pdop><dgpsid>0000</dgpsid></trkpt>
<trkpt lat="45.774983000000006" lon="-122.671113"><ele>76.2</ele><time>2026-08-31T18:35:36.000Z</time><extensions><gpxtpx:TrackPointExtension><gpxtpx:bearing>163.26</gpxtpx:bearing><gpxtpx:speed>25.194109</gpxtpx:speed></gpxtpx:TrackPointExtension></extensions><geoidheight>-20.8</geoidheight><src>gps</src><sat>14</sat><hdop>0.70</hdop><vdop>1.09</vdop><pdop>1.30</pdop><dgpsid>0000</dgpsid></trkpt>
<trkpt lat="45.77260366666666" lon="-122.67008866666666"><ele>79.7</ele><time>2026-08-31T18:35:47.000Z</time><extensions><gpxtpx:TrackPointExtension><gpxtpx:bearing>162.95</gpxtpx:bearing><gpxtpx:speed>24.99903</gpxtpx:speed></gpxtpx:TrackPointExtension></extensions><geoidheight>-20.8</geoidheight><src>gps</src><sat>13</sat><hdop>0.70</hdop><vdop>1.08</vdop><pdop>1.29</pdop><dgpsid>0000</dgpsid></trkpt>
<trkpt lat="45.77024483333333" lon="-122.66911283333333"><ele>81.9</ele><time>2026-08-31T18:35:58.000Z</time><extensions><gpxtpx:TrackPointExtension><gpxtpx:bearing>164.92</gpxtpx:bearing><gpxtpx:speed>24.8127</gpxtpx:speed></gpxtpx:TrackPointExtension></extensions><geoidheight>-20.8</geoidheight><src>gps</src><sat>15</sat><hdop>0.61</hdop><vdop>0.91</vdop><pdop>1.10</pdop><dgpsid>0000</dgpsid></trkpt>
<trkpt lat="45.767832" lon="-122.66825016666665"><ele>83.5</ele><time>2026-08-31T18:36:09.000Z</time><extensions><gpxtpx:TrackPointExtension><gpxtpx:bearing>167.12</gpxtpx:bearing><gpxtpx:speed>25.286243</gpxtpx:speed></gpxtpx:TrackPointExtension></extensions><geoidheight>-20.9</geoidheight><src>gps</src><sat>13</sat><hdop>0.70</hdop><vdop>1.15</vdop><pdop>1.34</pdop><dgpsid>0000</dgpsid></trkpt>
<trkpt lat="45.76537066666666" lon="-122.66747016666667"><ele>86.0</ele><time>2026-08-31T18:36:20.000Z</time><extensions><gpxtpx:TrackPointExtension><gpxtpx:bearing>167.83</gpxtpx:bearing><gpxtpx:speed>25.613607</gpxtpx:speed></gpxtpx:TrackPointExtension></extensions><geoidheight>-20.9</geoidheight><src>gps</src><sat>14</sat><hdop>0.73</hdop><vdop>1.19</vdop><pdop>1.40</pdop><dgpsid>0000</dgpsid></trkpt>
<trkpt lat="45.762876166666665" lon="-122.66669933333333"><ele>84.4</ele><time>2026-08-31T18:36:31.000Z</time><extensions><gpxtpx:TrackPointExtension><gpxtpx:bearing>168.03</gpxtpx:bearing><gpxtpx:speed>25.8056</gpxtpx:speed></gpxtpx:TrackPointExtension></extensions><geoidheight>-20.9</geoidheight><src>gps</src><sat>15</sat><hdop>0.68</hdop><vdop>1.03</vdop><pdop>1.24</pdop><dgpsid>0000</dgpsid></trkpt>
<trkpt lat="45.76038366666667" lon="-122.66593133333332"><ele>83.2</ele><time>2026-08-31T18:36:42.000Z</time><extensions><gpxtpx:TrackPointExtension><gpxtpx:bearing>167.74</gpxtpx:bearing><gpxtpx:speed>25.481323</gpxtpx:speed></gpxtpx:TrackPointExtension></extensions><geoidheight>-20.9</geoidheight><src>gps</src><sat>15</sat><hdop>0.66</hdop><vdop>0.97</vdop><pdop>1.17</pdop><dgpsid>0000</dgpsid></trkpt>
<trkpt lat="45.75797066666667" lon="-122.665187"><ele>88.6</ele><time>2026-08-31T18:36:53.000Z</time><extensions><gpxtpx:TrackPointExtension><gpxtpx:bearing>167.9</gpxtpx:bearing><gpxtpx:speed>24.402466</gpxtpx:speed></gpxtpx:TrackPointExtension></extensions><geoidheight>-20.9</geoidheight><src>gps</src><sat>15</sat><hdop>0.64</hdop><vdop>0.97</vdop><pdop>1.16</pdop><dgpsid>0000</dgpsid></trkpt>
<trkpt lat="45.75563016666667" lon="-122.66446283333335"><ele>92.9</ele><time>2026-08-31T18:37:04.000Z</time><extensions><gpxtpx:TrackPointExtension><gpxtpx:bearing>167.77</gpxtpx:bearing><gpxtpx:speed>24.450335</gpxtpx:speed></gpxtpx:TrackPointExtension></extensions><geoidheight>-20.9</geoidheight><src>gps</src><sat>15</sat><hdop>0.65</hdop><vdop>1.00</vdop><pdop>1.19</pdop><dgpsid>0000</dgpsid></trkpt>
<trkpt lat="45.753204833333335" lon="-122.66371083333334"><ele>90.7</ele><time>2026-08-31T18:37:15.000Z</time><extensions><gpxtpx:TrackPointExtension><gpxtpx:bearing>167.83</gpxtpx:bearing><gpxtpx:speed>25.960014</gpxtpx:speed></gpxtpx:TrackPointExtension></extensions><geoidheight>-20.9</geoidheight><src>gps</src><sat>14</sat><hdop>0.63</hdop><vdop>0.95</vdop><pdop>1.14</pdop><dgpsid>0000</dgpsid></trkpt>
<trkpt lat="45.750674333333336" lon="-122.66292816666667"><ele>88.7</ele><time>2026-08-31T18:37:26.000Z</time><extensions><gpxtpx:TrackPointExtension><gpxtpx:bearing>168.05</gpxtpx:bearing><gpxtpx:speed>26.374882</gpxtpx:speed></gpxtpx:TrackPointExtension></extensions><geoidheight>-20.9</geoidheight><src>gps</src><sat>15</sat><hdop>0.65</hdop><vdop>1.00</vdop><pdop>1.19</pdop><dgpsid>0000</dgpsid></trkpt>
<trkpt lat="45.74810216666666" lon="-122.66212533333334"><ele>90.9</ele><time>2026-08-31T18:37:37.000Z</time><extensions><gpxtpx:TrackPointExtension><gpxtpx:bearing>166.99</gpxtpx:bearing><gpxtpx:speed>26.727467</gpxtpx:speed></gpxtpx:TrackPointExtension></extensions><geoidheight>-20.9</geoidheight><src>gps</src><sat>15</sat><hdop>0.63</hdop><vdop>0.96</vdop><pdop>1.14</pdop><dgpsid>0000</dgpsid></trkpt>
<trkpt lat="45.7455165" lon="-122.66128150000002"><ele>92.3</ele><time>2026-08-31T18:37:48.000Z</time><extensions><gpxtpx:TrackPointExtension><gpxtpx:bearing>168.19</gpxtpx:bearing><gpxtpx:speed>27.129978</gpxtpx:speed></gpxtpx:TrackPointExtension></extensions><geoidheight>-20.9</geoidheight><src>gps</src><sat>15</sat><hdop>0.63</hdop><vdop>0.96</vdop><pdop>1.14</pdop><dgpsid>0000</dgpsid></trkpt>
<trkpt lat="45.742870666666676" lon="-122.6604685"><ele>89.6</ele><time>2026-08-31T18:37:59.000Z</time><extensions><gpxtpx:TrackPointExtension><gpxtpx:bearing>167.67</gpxtpx:bearing><gpxtpx:speed>27.52477</gpxtpx:speed></gpxtpx:TrackPointExtension></extensions><geoidheight>-20.9</geoidheight><src>gps</src><sat>15</sat><hdop>0.63</hdop><vdop>0.96</vdop><pdop>1.14</pdop><dgpsid>0000</dgpsid></trkpt>
<trkpt lat="45.74021066666666" lon="-122.659644"><ele>82.4</ele><time>2026-08-31T18:38:10.000Z</time><extensions><gpxtpx:TrackPointExtension><gpxtpx:bearing>167.84</gpxtpx:bearing><gpxtpx:speed>27.606096</gpxtpx:speed></gpxtpx:TrackPointExtension></extensions><geoidheight>-20.9</geoidheight><src>gps</src><sat>15</sat><hdop>0.63</hdop><vdop>0.96</vdop><pdop>1.14</pdop><dgpsid>0000</dgpsid></trkpt>
<trkpt lat="45.737503" lon="-122.65880250000001"><ele>72.5</ele><time>2026-08-31T18:38:21.000Z</time><extensions><gpxtpx:TrackPointExtension><gpxtpx:bearing>167.56</gpxtpx:bearing><gpxtpx:speed>27.740953</gpxtpx:speed></gpxtpx:TrackPointExtension></extensions><geoidheight>-20.9</geoidheight><src>gps</src><sat>15</sat><hdop>0.61</hdop><vdop>0.95</vdop><pdop>1.13</pdop><dgpsid>0000</dgpsid></trkpt>
<trkpt lat="45.7348675" lon="-122.65798600000001"><ele>69.4</ele><time>2026-08-31T18:38:32.000Z</time><extensions><gpxtpx:TrackPointExtension><gpxtpx:bearing>167.5</gpxtpx:bearing><gpxtpx:speed>26.981224</gpxtpx:speed></gpxtpx:TrackPointExtension></extensions><geoidheight>-20.9</geoidheight><src>gps</src><sat>15</sat><hdop>0.61</hdop><vdop>0.96</vdop><pdop>1.14</pdop><dgpsid>0000</dgpsid></trkpt>
<trkpt lat="45.7322965" lon="-122.65719483333332"><ele>66.3</ele><time>2026-08-31T18:38:43.000Z</time><extensions><gpxtpx:TrackPointExtension><gpxtpx:bearing>167.62</gpxtpx:bearing><gpxtpx:speed>26.476282</gpxtpx:speed></gpxtpx:TrackPointExtension></extensions><geoidheight>-20.9</geoidheight><src>gps</src><sat>15</sat><hdop>0.60</hdop><vdop>0.94</vdop><pdop>1.11</pdop><dgpsid>0000</dgpsid></trkpt>
<trkpt lat="45.72979816666666" lon="-122.65645699999999"><ele>65.3</ele><time>2026-08-31T18:38:54.000Z</time><extensions><gpxtpx:TrackPointExtension><gpxtpx:bearing>169.68</gpxtpx:bearing><gpxtpx:speed>25.065943</gpxtpx:speed></gpxtpx:TrackPointExtension></extensions><geoidheight>-20.9</geoidheight><src>gps</src><sat>15</sat><hdop>0.60</hdop><vdop>0.94</vdop><pdop>1.11</pdop><dgpsid>0000</dgpsid></trkpt>
<trkpt lat="45.727409" lon="-122.655943"><ele>63.6</ele><time>2026-08-31T18:39:05.000Z</time><extensions><gpxtpx:TrackPointExtension><gpxtpx:bearing>177.32</gpxtpx:bearing><gpxtpx:speed>24.750933</gpxtpx:speed></gpxtpx:TrackPointExtension></extensions><geoidheight>-20.9</geoidheight><src>gps</src><sat>15</sat><hdop>0.63</hdop><vdop>0.98</vdop><pdop>1.16</pdop><dgpsid>0000</dgpsid></trkpt>
<trkpt lat="45.72500449999999" lon="-122.65612700000001"><ele>60.2</ele><time>2026-08-31T18:39:16.000Z</time><extensions><gpxtpx:TrackPointExtension><gpxtpx:bearing>181.0</gpxtpx:bearing><gpxtpx:speed>24.526514</gpxtpx:speed></gpxtpx:TrackPointExtension></extensions><geoidheight>-20.9</geoidheight><src>gps</src><sat>15</sat><hdop>0.61</hdop><vdop>0.95</vdop><pdop>1.13</pdop><dgpsid>0000</dgpsid></trkpt>
<trkpt lat="45.72261483333333" lon="-122.65532633333332"><ele>55.3</ele><time>2026-08-31T18:39:27.000Z</time><extensions><gpxtpx:TrackPointExtension><gpxtpx:bearing>154.04</gpxtpx:bearing><gpxtpx:speed>26.078402</gpxtpx:speed></gpxtpx:TrackPointExtension></extensions><geoidheight>-20.9</geoidheight><src>gps</src><sat>13</sat><hdop>0.67</hdop><vdop>1.18</vdop><pdop>1.36</pdop><dgpsid>0000</dgpsid></trkpt>
<trkpt lat="45.72055399999999" lon="-122.65309866666666"><ele>52.3</ele><time>2026-08-31T18:39:38.000Z</time><extensions><gpxtpx:TrackPointExtension><gpxtpx:bearing>136.37</gpxtpx:bearing><gpxtpx:speed>26.418633</gpxtpx:speed></gpxtpx:TrackPointExtension></extensions><geoidheight>-20.9</geoidheight><src>gps</src><sat>13</sat><hdop>0.67</hdop><vdop>1.18</vdop><pdop>1.36</pdop><dgpsid>0000</dgpsid></trkpt>
<trkpt lat="45.71868133333334" lon="-122.65051316666668"><ele>52.9</ele><time>2026-08-31T18:39:49.000Z</time><extensions><gpxtpx:TrackPointExtension><gpxtpx:bearing>138.12</gpxtpx:bearing><gpxtpx:speed>26.466501</gpxtpx:speed></gpxtpx:TrackPointExtension></extensions><geoidheight>-20.9</geoidheight><src>gps</src><sat>12</sat><hdop>0.77</hdop><vdop>1.24</vdop><pdop>1.46</pdop><dgpsid>0000</dgpsid></trkpt>
<trkpt lat="45.71682416666666" lon="-122.64791650000001"><ele>49.2</ele><time>2026-08-31T18:40:00.000Z</time><extensions><gpxtpx:TrackPointExtension><gpxtpx:bearing>135.52</gpxtpx:bearing><gpxtpx:speed>26.716143</gpxtpx:speed></gpxtpx:TrackPointExtension></extensions><geoidheight>-20.9</geoidheight><src>gps</src><sat>11</sat><hdop>0.70</hdop><vdop>1.21</vdop><pdop>1.40</pdop><dgpsid>0000</dgpsid></trkpt>
<trkpt lat="45.714906166666665" lon="-122.64519533333332"><ele>49.2</ele><time>2026-08-31T18:40:11.000Z</time><extensions><gpxtpx:TrackPointExtension><gpxtpx:bearing>135.05</gpxtpx:bearing><gpxtpx:speed>27.885077</gpxtpx:speed></gpxtpx:TrackPointExtension></extensions><geoidheight>-20.9</geoidheight><src>gps</src><sat>14</sat><hdop>0.68</hdop><vdop>1.05</vdop><pdop>1.25</pdop><dgpsid>0000</dgpsid></trkpt>
<trkpt lat="45.71303016666668" lon="-122.64230049999999"><ele>44.9</ele><time>2026-08-31T18:40:22.000Z</time><extensions><gpxtpx:TrackPointExtension><gpxtpx:bearing>130.74</gpxtpx:bearing><gpxtpx:speed>27.528889</gpxtpx:speed></gpxtpx:TrackPointExtension></extensions><geoidheight>-20.9</geoidheight><src>gps</src><sat>14</sat><hdop>0.80</hdop><vdop>1.13</vdop><pdop>1.38</pdop><dgpsid>0000</dgpsid></trkpt>
<trkpt lat="45.711307000000005" lon="-122.63926416666666"><ele>36.9</ele><time>2026-08-31T18:40:33.000Z</time><extensions><gpxtpx:TrackPointExtension><gpxtpx:bearing>128.78</gpxtpx:bearing><gpxtpx:speed>27.827427</gpxtpx:speed></gpxtpx:TrackPointExtension></extensions><geoidheight>-20.9</geoidheight><src>gps</src><sat>13</sat><hdop>0.71</hdop><vdop>1.08</vdop><pdop>1.29</pdop><dgpsid>0000</dgpsid></trkpt>
<trkpt lat="45.709621" lon="-122.63628333333332"><ele>39.4</ele><time>2026-08-31T18:40:44.000Z</time><extensions><gpxtpx:TrackPointExtension><gpxtpx:bearing>129.27</gpxtpx:bearing><gpxtpx:speed>26.269363</gpxtpx:speed></gpxtpx:TrackPointExtension></extensions><geoidheight>-20.9</geoidheight><src>gps</src><sat>15</sat><hdop>0.56</hdop><vdop>0.84</vdop><pdop>1.00</pdop><dgpsid>0000</dgpsid></trkpt>
<trkpt lat="45.708015499999995" lon="-122.63344783333332"><ele>48.6</ele><time>2026-08-31T18:40:55.000Z</time><extensions><gpxtpx:TrackPointExtension><gpxtpx:bearing>129.38</gpxtpx:bearing><gpxtpx:speed>25.527649</gpxtpx:speed></gpxtpx:TrackPointExtension></extensions><geoidheight>-20.9</geoidheight><src>gps</src><sat>14</sat><hdop>0.70</hdop><vdop>0.95</vdop><pdop>1.18</pdop><dgpsid>0000</dgpsid></trkpt>
<trkpt lat="45.7062625" lon="-122.63088533333332"><ele>53.5</ele><time>2026-08-31T18:41:06.000Z</time><extensions><gpxtpx:TrackPointExtension><gpxtpx:bearing>139.58</gpxtpx:bearing><gpxtpx:speed>25.719126</gpxtpx:speed></gpxtpx:TrackPointExtension></extensions><geoidheight>-20.9</geoidheight><src>gps</src><sat>13</sat><hdop>0.70</hdop><vdop>1.08</vdop><pdop>1.29</pdop><dgpsid>0000</dgpsid></trkpt>
<trkpt lat="45.704182666666675" lon="-122.6288055"><ele>57.5</ele><time>2026-08-31T18:41:17.000Z</time><extensions><gpxtpx:TrackPointExtension><gpxtpx:bearing>148.67</gpxtpx:bearing><gpxtpx:speed>25.806114</gpxtpx:speed></gpxtpx:TrackPointExtension></extensions><geoidheight>-20.9</geoidheight><src>gps</src><sat>14</sat><hdop>0.64</hdop><vdop>0.98</vdop><pdop>1.17</pdop><dgpsid>0000</dgpsid></trkpt>
<trkpt lat="45.70200383333334" lon="-122.62683549999998"><ele>60.0</ele><time>2026-08-31T18:41:28.000Z</time><extensions><gpxtpx:TrackPointExtension><gpxtpx:bearing>142.26</gpxtpx:bearing><gpxtpx:speed>26.106195</gpxtpx:speed></gpxtpx:TrackPointExtension></extensions><geoidheight>-20.9</geoidheight><src>gps</src><sat>14</sat><hdop>0.72</hdop><vdop>1.21</vdop><pdop>1.41</pdop><dgpsid>0000</dgpsid></trkpt>
<trkpt lat="45.70026416666666" lon="-122.62417783333333"><ele>61.5</ele><time>2026-08-31T18:41:39.000Z</time><extensions><gpxtpx:TrackPointExtension><gpxtpx:bearing>124.02</gpxtpx:bearing><gpxtpx:speed>25.26411</gpxtpx:speed></gpxtpx:TrackPointExtension></extensions><geoidheight>-20.9</geoidheight><src>gps</src><sat>10</sat><hdop>1.32</hdop><vdop>2.65</vdop><pdop>2.96</pdop><dgpsid>0000</dgpsid></trkpt>
<trkpt lat="45.69927316666667" lon="-122.6209785"><ele>69.1</ele><time>2026-08-31T18:41:50.000Z</time><extensions><gpxtpx:TrackPointExtension><gpxtpx:bearing>104.78</gpxtpx:bearing><gpxtpx:speed>24.861084</gpxtpx:speed></gpxtpx:TrackPointExtension></extensions><geoidheight>-20.9</geoidheight><src>gps</src><sat>12</sat><hdop>0.89</hdop><vdop>1.33</vdop><pdop>1.60</pdop><dgpsid>0000</dgpsid></trkpt>
<trkpt lat="45.69880033333334" lon="-122.6175715"><ele>76.9</ele><time>2026-08-31T18:42:01.000Z</time><extensions><gpxtpx:TrackPointExtension><gpxtpx:bearing>104.57</gpxtpx:bearing><gpxtpx:speed>24.30261</gpxtpx:speed></gpxtpx:TrackPointExtension></extensions><geoidheight>-20.9</geoidheight><src>gps</src><sat>13</sat><hdop>0.91</hdop><vdop>1.33</vdop><pdop>1.61</pdop><dgpsid>0000</dgpsid></trkpt>
<trkpt lat="45.697762833333336" lon="-122.61445483333334"><ele>82.0</ele><time>2026-08-31T18:42:12.000Z</time><extensions><gpxtpx:TrackPointExtension><gpxtpx:bearing>124.74</gpxtpx:bearing><gpxtpx:speed>24.840494</gpxtpx:speed></gpxtpx:TrackPointExtension></extensions><geoidheight>-20.9</geoidheight><src>gps</src><sat>14</sat><hdop>0.64</hdop><vdop>1.00</vdop><pdop>1.19</pdop><dgpsid>0000</dgpsid></trkpt>
<trkpt lat="45.696093166666664" lon="-122.61188233333333"><ele>84.5</ele><time>2026-08-31T18:42:23.000Z</time><extensions><gpxtpx:TrackPointExtension><gpxtpx:bearing>134.73</gpxtpx:bearing><gpxtpx:speed>24.758654</gpxtpx:speed></gpxtpx:TrackPointExtension></extensions><geoidheight>-20.9</geoidheight><src>gps</src><sat>14</sat><hdop>0.69</hdop><vdop>1.04</vdop><pdop>1.25</pdop><dgpsid>0000</dgpsid></trkpt>
<trkpt lat="45.69433716666667" lon="-122.60942216666666"><ele>86.9</ele><time>2026-08-31T18:42:34.000Z</time><extensions><gpxtpx:TrackPointExtension><gpxtpx:bearing>137.08</gpxtpx:bearing><gpxtpx:speed>25.168888</gpxtpx:speed></gpxtpx:TrackPointExtension></extensions><geoidheight>-20.9</geoidheight><src>gps</src><sat>16</sat><hdop>0.57</hdop><vdop>0.87</vdop><pdop>1.04</pdop><dgpsid>0000</dgpsid></trkpt>
<trkpt lat="45.69241183333334" lon="-122.60706083333335"><ele>86.7</ele><time>2026-08-31T18:42:45.000Z</time><extensions><gpxtpx:TrackPointExtension><gpxtpx:bearing>141.66</gpxtpx:bearing><gpxtpx:speed>26.25701</gpxtpx:speed></gpxtpx:TrackPointExtension></extensions><geoidheight>-20.9</geoidheight><src>gps</src><sat>16</sat><hdop>0.58</hdop><vdop>0.85</vdop><pdop>1.03</pdop><dgpsid>0000</dgpsid></trkpt>
<trkpt lat="45.6902895" lon="-122.60482099999999"><ele>80.3</ele><time>2026-08-31T18:42:56.000Z</time><extensions><gpxtpx:TrackPointExtension><gpxtpx:bearing>143.65</gpxtpx:bearing><gpxtpx:speed>26.019724</gpxtpx:speed></gpxtpx:TrackPointExtension></extensions><geoidheight>-20.9</geoidheight><src>gps</src><sat>14</sat><hdop>0.82</hdop><vdop>1.23</vdop><pdop>1.48</pdop><dgpsid>0000</dgpsid></trkpt>
<trkpt lat="45.688305166666666" lon="-122.60263366666668"><ele>80.2</ele><time>2026-08-31T18:43:07.000Z</time><extensions><gpxtpx:TrackPointExtension><gpxtpx:bearing>139.7</gpxtpx:bearing><gpxtpx:speed>24.521366</gpxtpx:speed></gpxtpx:TrackPointExtension></extensions><geoidheight>-20.9</geoidheight><src>gps</src><sat>13</sat><hdop>1.10</hdop><vdop>1.77</vdop><pdop>2.08</pdop><dgpsid>0000</dgpsid></trkpt>
<trkpt lat="45.68656266666667" lon="-122.60031116666666"><ele>79.6</ele><time>2026-08-31T18:43:18.000Z</time><extensions><gpxtpx:TrackPointExtension><gpxtpx:bearing>135.15</gpxtpx:bearing><gpxtpx:speed>24.327316</gpxtpx:speed></gpxtpx:TrackPointExtension></extensions><geoidheight>-20.9</geoidheight><src>gps</src><sat>15</sat><hdop>0.66</hdop><vdop>0.93</vdop><pdop>1.14</pdop><dgpsid>0000</dgpsid></trkpt>
<trkpt lat="45.68492716666666" lon="-122.59778416666668"><ele>77.5</ele><time>2026-08-31T18:43:29.000Z</time><extensions><gpxtpx:TrackPointExtension><gpxtpx:bearing>130.29</gpxtpx:bearing><gpxtpx:speed>24.529602</gpxtpx:speed></gpxtpx:TrackPointExtension></extensions><geoidheight>-20.9</geoidheight><src>gps</src><sat>15</sat><hdop>0.69</hdop><vdop>1.06</vdop><pdop>1.27</pdop><dgpsid>0000</dgpsid></trkpt>
<trkpt lat="45.683457" lon="-122.59504266666666"><ele>75.6</ele><time>2026-08-31T18:43:40.000Z</time><extensions><gpxtpx:TrackPointExtension><gpxtpx:bearing>125.4</gpxtpx:bearing><gpxtpx:speed>24.522396</gpxtpx:speed></gpxtpx:TrackPointExtension></extensions><geoidheight>-20.9</geoidheight><src>gps</src><sat>15</sat><hdop>0.66</hdop><vdop>1.04</vdop><pdop>1.24</pdop><dgpsid>0000</dgpsid></trkpt>
<trkpt lat="45.68207333333333" lon="-122.59215333333334"><ele>75.1</ele><time>2026-08-31T18:43:51.000Z</time><extensions><gpxtpx:TrackPointExtension><gpxtpx:bearing>123.91</gpxtpx:bearing><gpxtpx:speed>24.113707</gpxtpx:speed></gpxtpx:TrackPointExtension></extensions><geoidheight>-20.9</geoidheight><src>gps</src><sat>14</sat><hdop>0.60</hdop><vdop>0.88</vdop><pdop>1.07</pdop><dgpsid>0000</dgpsid></trkpt>
<trkpt lat="45.680608" lon="-122.58951783333332"><ele>76.0</ele><time>2026-08-31T18:44:02.000Z</time><extensions><gpxtpx:TrackPointExtension><gpxtpx:bearing>133.31</gpxtpx:bearing><gpxtpx:speed>23.990173</gpxtpx:speed></gpxtpx:TrackPointExtension></extensions><geoidheight>-20.9</geoidheight><src>gps</src><sat>16</sat><hdop>0.57</hdop><vdop>0.88</vdop><pdop>1.04</pdop><dgpsid>0000</dgpsid></trkpt>
<trkpt lat="45.67882983333334" lon="-122.5872495"><ele>77.2</ele><time>2026-08-31T18:44:13.000Z</time><extensions><gpxtpx:TrackPointExtension><gpxtpx:bearing>138.38</gpxtpx:bearing><gpxtpx:speed>25.168888</gpxtpx:speed></gpxtpx:TrackPointExtension></extensions><geoidheight>-20.9</geoidheight><src>gps</src><sat>15</sat><hdop>0.63</hdop><vdop>0.97</vdop><pdop>1.16</pdop><dgpsid>0000</dgpsid></trkpt>
<trkpt lat="45.676806500000005" lon="-122.5854765"><ele>74.5</ele><time>2026-08-31T18:44:24.000Z</time><extensions><gpxtpx:TrackPointExtension><gpxtpx:bearing>153.38</gpxtpx:bearing><gpxtpx:speed>24.28202</gpxtpx:speed></gpxtpx:TrackPointExtension></extensions><geoidheight>-20.9</geoidheight><src>gps</src><sat>16</sat><hdop>0.59</hdop><vdop>0.93</vdop><pdop>1.10</pdop><dgpsid>0000</dgpsid></trkpt>
<trkpt lat="45.67459350000001" lon="-122.58408866666666"><ele>73.6</ele><time>2026-08-31T18:44:35.000Z</time><extensions><gpxtpx:TrackPointExtension><gpxtpx:bearing>157.11</gpxtpx:bearing><gpxtpx:speed>24.556883</gpxtpx:speed></gpxtpx:TrackPointExtension></extensions><geoidheight>-20.9</geoidheight><src>gps</src><sat>16</sat><hdop>0.57</hdop><vdop>0.88</vdop><pdop>1.05</pdop><dgpsid>0000</dgpsid></trkpt>
<trkpt lat="45.672334666666664" lon="-122.58271066666666"><ele>73.6</ele><time>2026-08-31T18:44:46.000Z</time><extensions><gpxtpx:TrackPointExtension><gpxtpx:bearing>156.41</gpxtpx:bearing><gpxtpx:speed>25.109179</gpxtpx:speed></gpxtpx:TrackPointExtension></extensions><geoidheight>-20.9</geoidheight><src>gps</src><sat>16</sat><hdop>0.57</hdop><vdop>0.88</vdop><pdop>1.05</pdop><dgpsid>0000</dgpsid></trkpt>
<trkpt lat="45.67006083333334" lon="-122.58132533333334"><ele>73.8</ele><time>2026-08-31T18:44:57.000Z</time><extensions><gpxtpx:TrackPointExtension><gpxtpx:bearing>156.92</gpxtpx:bearing><gpxtpx:speed>25.012926</gpxtpx:speed></gpxtpx:TrackPointExtension></extensions><geoidheight>-20.9</geoidheight><src>gps</src><sat>16</sat><hdop>0.57</hdop><vdop>0.88</vdop><pdop>1.05</pdop><dgpsid>0000</dgpsid></trkpt>
<trkpt lat="45.66779199999999" lon="-122.5799465"><ele>71.9</ele><time>2026-08-31T18:45:08.000Z</time><extensions><gpxtpx:TrackPointExtension><gpxtpx:bearing>156.81</gpxtpx:bearing><gpxtpx:speed>24.725712</gpxtpx:speed></gpxtpx:TrackPointExtension></extensions><geoidheight>-20.9</geoidheight><src>gps</src><sat>16</sat><hdop>0.59</hdop><vdop>0.88</vdop><pdop>1.06</pdop><dgpsid>0000</dgpsid></trkpt>
<trkpt lat="45.66553583333333" lon="-122.57856766666667"><ele>71.2</ele><time>2026-08-31T18:45:19.000Z</time><extensions><gpxtpx:TrackPointExtension><gpxtpx:bearing>156.62</gpxtpx:bearing><gpxtpx:speed>24.861084</gpxtpx:speed></gpxtpx:TrackPointExtension></extensions><geoidheight>-20.9</geoidheight><src>gps</src><sat>15</sat><hdop>0.60</hdop><vdop>0.89</vdop><pdop>1.07</pdop><dgpsid>0000</dgpsid></trkpt>
<trkpt lat="45.66330433333333" lon="-122.57703283333333"><ele>70.0</ele><time>2026-08-31T18:45:30.000Z</time><extensions><gpxtpx:TrackPointExtension><gpxtpx:bearing>151.11</gpxtpx:bearing><gpxtpx:speed>25.216757</gpxtpx:speed></gpxtpx:TrackPointExtension></extensions><geoidheight>-20.9</geoidheight><src>gps</src><sat>16</sat><hdop>0.58</hdop><vdop>0.93</vdop><pdop>1.10</pdop><dgpsid>0000</dgpsid></trkpt>
<trkpt lat="45.6611895" lon="-122.57515550000001"><ele>67.8</ele><time>2026-08-31T18:45:41.000Z</time><extensions><gpxtpx:TrackPointExtension><gpxtpx:bearing>146.7</gpxtpx:bearing><gpxtpx:speed>25.203373</gpxtpx:speed></gpxtpx:TrackPointExtension></extensions><geoidheight>-20.9</geoidheight><src>gps</src><sat>14</sat><hdop>0.73</hdop><vdop>1.15</vdop><pdop>1.36</pdop><dgpsid>0000</dgpsid></trkpt>
<trkpt lat="45.65909466666667" lon="-122.57319100000001"><ele>64.5</ele><time>2026-08-31T18:45:52.000Z</time><extensions><gpxtpx:TrackPointExtension><gpxtpx:bearing>146.77</gpxtpx:bearing><gpxtpx:speed>25.43294</gpxtpx:speed></gpxtpx:TrackPointExtension></extensions><geoidheight>-20.9</geoidheight><src>gps</src><sat>15</sat><hdop>0.68</hdop><vdop>0.96</vdop><pdop>1.17</pdop><dgpsid>0000</dgpsid></trkpt>
<trkpt lat="45.65698999999999" lon="-122.571243"><ele>60.8</ele><time>2026-08-31T18:46:03.000Z</time><extensions><gpxtpx:TrackPointExtension><gpxtpx:bearing>147.08</gpxtpx:bearing><gpxtpx:speed>25.323303</gpxtpx:speed></gpxtpx:TrackPointExtension></extensions><geoidheight>-20.9</geoidheight><src>gps</src><sat>16</sat><hdop>0.57</hdop><vdop>0.89</vdop><pdop>1.05</pdop><dgpsid>0000</dgpsid></trkpt>
<trkpt lat="45.654875999999994" lon="-122.56936266666668"><ele>60.0</ele><time>2026-08-31T18:46:14.000Z</time><extensions><gpxtpx:TrackPointExtension><gpxtpx:bearing>152.49</gpxtpx:bearing><gpxtpx:speed>24.989763</gpxtpx:speed></gpxtpx:TrackPointExtension></extensions><geoidheight>-20.9</geoidheight><src>gps</src><sat>16</sat><hdop>0.57</hdop><vdop>0.89</vdop><pdop>1.05</pdop><dgpsid>0000</dgpsid></trkpt>
<trkpt lat="45.652532" lon="-122.56812616666666"><ele>60.2</ele><time>2026-08-31T18:46:25.000Z</time><extensions><gpxtpx:TrackPointExtension><gpxtpx:bearing>163.7</gpxtpx:bearing><gpxtpx:speed>25.50809</gpxtpx:speed></gpxtpx:TrackPointExtension></extensions><geoidheight>-20.9</geoidheight><src>gps</src><sat>16</sat><hdop>0.57</hdop><vdop>0.89</vdop><pdop>1.06</pdop><dgpsid>0000</dgpsid></trkpt>
<trkpt lat="45.6500865" lon="-122.56711516666668"><ele>60.2</ele><time>2026-08-31T18:46:36.000Z</time><extensions><gpxtpx:TrackPointExtension><gpxtpx:bearing>163.86</gpxtpx:bearing><gpxtpx:speed>25.795818</gpxtpx:speed></gpxtpx:TrackPointExtension></extensions><geoidheight>-20.9</geoidheight><src>gps</src><sat>13</sat><hdop>0.77</hdop><vdop>1.26</vdop><pdop>1.48</pdop><dgpsid>0000</dgpsid></trkpt>
<trkpt lat="45.647632666666674" lon="-122.56609449999999"><ele>62.1</ele><time>2026-08-31T18:46:47.000Z</time><extensions><gpxtpx:TrackPointExtension><gpxtpx:bearing>163.89</gpxtpx:bearing><gpxtpx:speed>25.515295</gpxtpx:speed></gpxtpx:TrackPointExtension></extensions><geoidheight>-20.9</geoidheight><src>gps</src><sat>15</sat><hdop>0.57</hdop><vdop>0.89</vdop><pdop>1.06</pdop><dgpsid>0000</dgpsid></trkpt>
<trkpt lat="45.645232666666665" lon="-122.56509533333335"><ele>63.9</ele><time>2026-08-31T18:46:58.000Z</time><extensions><gpxtpx:TrackPointExtension><gpxtpx:bearing>163.39</gpxtpx:bearing><gpxtpx:speed>24.676813</gpxtpx:speed></gpxtpx:TrackPointExtension></extensions><geoidheight>-20.9</geoidheight><src>gps</src><sat>14</sat><hdop>0.66</hdop><vdop>1.01</vdop><pdop>1.20</pdop><dgpsid>0000</dgpsid></trkpt>
<trkpt lat="45.64279066666666" lon="-122.56408266666668"><ele>67.8</ele><time>2026-08-31T18:47:09.000Z</time><extensions><gpxtpx:TrackPointExtension><gpxtpx:bearing>163.7</gpxtpx:bearing><gpxtpx:speed>26.439737</gpxtpx:speed></gpxtpx:TrackPointExtension></extensions><geoidheight>-20.9</geoidheight><src>gps</src><sat>14</sat><hdop>0.66</hdop><vdop>0.94</vdop><pdop>1.15</pdop><dgpsid>0000</dgpsid></trkpt>
<trkpt lat="45.64029016666667" lon="-122.5630565"><ele>71.0</ele><time>2026-08-31T18:47:20.000Z</time><extensions><gpxtpx:TrackPointExtension><gpxtpx:bearing>165.15</gpxtpx:bearing><gpxtpx:speed>25.725302</gpxtpx:speed></gpxtpx:TrackPointExtension></extensions><geoidheight>-20.9</geoidheight><src>gps</src><sat>15</sat><hdop>0.60</hdop><vdop>0.90</vdop><pdop>1.08</pdop><dgpsid>0000</dgpsid></trkpt>
<trkpt lat="45.63794066666666" lon="-122.5621145"><ele>77.3</ele><time>2026-08-31T18:47:31.000Z</time><extensions><gpxtpx:TrackPointExtension><gpxtpx:bearing>163.81</gpxtpx:bearing><gpxtpx:speed>24.06841</gpxtpx:speed></gpxtpx:TrackPointExtension></extensions><geoidheight>-20.9</geoidheight><src>gps</src><sat>15</sat><hdop>0.60</hdop><vdop>0.91</vdop><pdop>1.08</pdop><dgpsid>0000</dgpsid></trkpt>
<trkpt lat="45.635657333333334" lon="-122.56116949999999"><ele>83.4</ele><time>2026-08-31T18:47:42.000Z</time><extensions><gpxtpx:TrackPointExtension><gpxtpx:bearing>163.93</gpxtpx:bearing><gpxtpx:speed>24.399893</gpxtpx:speed></gpxtpx:TrackPointExtension></extensions><geoidheight>-20.9</geoidheight><src>gps</src><sat>15</sat><hdop>0.58</hdop><vdop>0.94</vdop><pdop>1.11</pdop><dgpsid>0000</dgpsid></trkpt>
<trkpt lat="45.63327283333333" lon="-122.56034100000001"><ele>87.0</ele><time>2026-08-31T18:47:53.000Z</time><extensions><gpxtpx:TrackPointExtension><gpxtpx:bearing>169.87</gpxtpx:bearing><gpxtpx:speed>25.011896</gpxtpx:speed></gpxtpx:TrackPointExtension></extensions><geoidheight>-20.9</geoidheight><src>gps</src><sat>15</sat><hdop>0.58</hdop><vdop>0.94</vdop><pdop>1.11</pdop><dgpsid>0000</dgpsid></trkpt>
<trkpt lat="45.63082916666667" lon="-122.559998"><ele>88.2</ele><time>2026-08-31T18:48:04.000Z</time><extensions><gpxtpx:TrackPointExtension><gpxtpx:bearing>177.6</gpxtpx:bearing><gpxtpx:speed>24.776669</gpxtpx:speed></gpxtpx:TrackPointExtension></extensions><geoidheight>-20.9</geoidheight><src>gps</src><sat>16</sat><hdop>0.57</hdop><vdop>0.90</vdop><pdop>1.06</pdop><dgpsid>0000</dgpsid></trkpt>
<trkpt lat="45.62842066666667" lon="-122.55987266666668"><ele>89.8</ele><time>2026-08-31T18:48:15.000Z</time><extensions><gpxtpx:TrackPointExtension><gpxtpx:bearing>177.98</gpxtpx:bearing><gpxtpx:speed>24.236725</gpxtpx:speed></gpxtpx:TrackPointExtension></extensions><geoidheight>-20.9</geoidheight><src>gps</src><sat>16</sat><hdop>0.57</hdop><vdop>0.90</vdop><pdop>1.06</pdop><dgpsid>0000</dgpsid></trkpt>
<trkpt lat="45.62602866666666" lon="-122.5597435"><ele>92.1</ele><time>2026-08-31T18:48:26.000Z</time><extensions><gpxtpx:TrackPointExtension><gpxtpx:bearing>178.13</gpxtpx:bearing><gpxtpx:speed>24.344816</gpxtpx:speed></gpxtpx:TrackPointExtension></extensions><geoidheight>-20.9</geoidheight><src>gps</src><sat>15</sat><hdop>0.60</hdop><vdop>0.91</vdop><pdop>1.09</pdop><dgpsid>0000</dgpsid></trkpt>
<trkpt lat="45.62360233333334" lon="-122.559646"><ele>95.0</ele><time>2026-08-31T18:48:37.000Z</time><extensions><gpxtpx:TrackPointExtension><gpxtpx:bearing>178.19</gpxtpx:bearing><gpxtpx:speed>24.563059</gpxtpx:speed></gpxtpx:TrackPointExtension></extensions><geoidheight>-20.9</geoidheight><src>gps</src><sat>16</sat><hdop>0.57</hdop><vdop>0.90</vdop><pdop>1.06</pdop><dgpsid>0000</dgpsid></trkpt>
<trkpt lat="45.62120916666666" lon="-122.55947133333332"><ele>92.9</ele><time>2026-08-31T18:48:48.000Z</time><extensions><gpxtpx:TrackPointExtension><gpxtpx:bearing>172.97</gpxtpx:bearing><gpxtpx:speed>23.777079</gpxtpx:speed></gpxtpx:TrackPointExtension></extensions><geoidheight>-20.9</geoidheight><src>gps</src><sat>17</sat><hdop>0.55</hdop><vdop>0.90</vdop><pdop>1.06</pdop><dgpsid>0000</dgpsid></trkpt>
<trkpt lat="45.61888316666667" lon="-122.5585935"><ele>90.6</ele><time>2026-08-31T18:48:59.000Z</time><extensions><gpxtpx:TrackPointExtension><gpxtpx:bearing>156.98</gpxtpx:bearing><gpxtpx:speed>24.749903</gpxtpx:speed></gpxtpx:TrackPointExtension></extensions><geoidheight>-20.9</geoidheight><src>gps</src><sat>17</sat><hdop>0.58</hdop><vdop>0.91</vdop><pdop>1.08</pdop><dgpsid>0000</dgpsid></trkpt>
<trkpt lat="45.61674033333334" lon="-122.55679183333332"><ele>89.4</ele><time>2026-08-31T18:49:10.000Z</time><extensions><gpxtpx:TrackPointExtension><gpxtpx:bearing>146.97</gpxtpx:bearing><gpxtpx:speed>25.43397</gpxtpx:speed></gpxtpx:TrackPointExtension></extensions><geoidheight>-20.9</geoidheight><src>gps</src><sat>16</sat><hdop>0.57</hdop><vdop>0.90</vdop><pdop>1.07</pdop><dgpsid>0000</dgpsid></trkpt>
<trkpt lat="45.614682666666674" lon="-122.55485266666668"><ele>86.6</ele><time>2026-08-31T18:49:21.000Z</time><extensions><gpxtpx:TrackPointExtension><gpxtpx:bearing>146.61</gpxtpx:bearing><gpxtpx:speed>24.327831</gpxtpx:speed></gpxtpx:TrackPointExtension></extensions><geoidheight>-20.9</geoidheight><src>gps</src><sat>14</sat><hdop>0.66</hdop><vdop>1.04</vdop><pdop>1.23</pdop><dgpsid>0000</dgpsid></trkpt>
<trkpt lat="45.61250683333333" lon="-122.55330199999999"><ele>86.9</ele><time>2026-08-31T18:49:32.000Z</time><extensions><gpxtpx:TrackPointExtension><gpxtpx:bearing>162.31</gpxtpx:bearing><gpxtpx:speed>25.110209</gpxtpx:speed></gpxtpx:TrackPointExtension></extensions><geoidheight>-20.9</geoidheight><src>gps</src><sat>14</sat><hdop>0.66</hdop><vdop>1.04</vdop><pdop>1.23</pdop><dgpsid>0000</dgpsid></trkpt>
<trkpt lat="45.61006999999999" lon="-122.55270200000001"><ele>81.7</ele><time>2026-08-31T18:49:43.000Z</time><extensions><gpxtpx:TrackPointExtension><gpxtpx:bearing>173.2</gpxtpx:bearing><gpxtpx:speed>25.106606</gpxtpx:speed></gpxtpx:TrackPointExtension></extensions><geoidheight>-20.9</geoidheight><src>gps</src><sat>14</sat><hdop>0.72</hdop><vdop>1.25</vdop><pdop>1.44</pdop><dgpsid>0000</dgpsid></trkpt>
<trkpt lat="45.607598666666675" lon="-122.55230216666665"><ele>72.3</ele><time>2026-08-31T18:49:54.000Z</time><extensions><gpxtpx:TrackPointExtension><gpxtpx:bearing>173.78</gpxtpx:bearing><gpxtpx:speed>24.974836</gpxtpx:speed></gpxtpx:TrackPointExtension></extensions><geoidheight>-20.9</geoidheight><src>gps</src><sat>16</sat><hdop>0.58</hdop><vdop>0.92</vdop><pdop>1.09</pdop><dgpsid>0000</dgpsid></trkpt>
<trkpt lat="45.605169333333336" lon="-122.5519175"><ele>64.0</ele><time>2026-08-31T18:50:05.000Z</time><extensions><gpxtpx:TrackPointExtension><gpxtpx:bearing>173.6</gpxtpx:bearing><gpxtpx:speed>24.387024</gpxtpx:speed></gpxtpx:TrackPointExtension></extensions><geoidheight>-20.9</geoidheight><src>gps</src><sat>16</sat><hdop>0.58</hdop><vdop>0.92</vdop><pdop>1.09</pdop><dgpsid>0000</dgpsid></trkpt>
<trkpt lat="45.602790500000005" lon="-122.55152733333334"><ele>60.9</ele><time>2026-08-31T18:50:16.000Z</time><extensions><gpxtpx:TrackPointExtension><gpxtpx:bearing>173.72</gpxtpx:bearing><gpxtpx:speed>24.063778</gpxtpx:speed></gpxtpx:TrackPointExtension></extensions><geoidheight>-20.9</geoidheight><src>gps</src><sat>17</sat><hdop>0.60</hdop><vdop>0.92</vdop><pdop>1.10</pdop><dgpsid>0000</dgpsid></trkpt>
<trkpt lat="45.60042583333334" lon="-122.55114683333335"><ele>60.6</ele><time>2026-08-31T18:50:27.000Z</time><extensions><gpxtpx:TrackPointExtension><gpxtpx:bearing>173.67</gpxtpx:bearing><gpxtpx:speed>23.995834</gpxtpx:speed></gpxtpx:TrackPointExtension></extensions><geoidheight>-20.9</geoidheight><src>gps</src><sat>16</sat><hdop>0.60</hdop><vdop>0.92</vdop><pdop>1.10</pdop><dgpsid>0000</dgpsid></trkpt>
<trkpt lat="45.59805766666667" lon="-122.550641"><ele>60.0</ele><time>2026-08-31T18:50:38.000Z</time><extensions><gpxtpx:TrackPointExtension><gpxtpx:bearing>169.37</gpxtpx:bearing><gpxtpx:speed>24.296947</gpxtpx:speed></gpxtpx:TrackPointExtension></extensions><geoidheight>-20.9</geoidheight><src>gps</src><sat>17</sat><hdop>0.58</hdop><vdop>0.92</vdop><pdop>1.09</pdop><dgpsid>0000</dgpsid></trkpt>
<trkpt lat="45.595667500000005" lon="-122.54986333333333"><ele>55.9</ele><time>2026-08-31T18:50:49.000Z</time><extensions><gpxtpx:TrackPointExtension><gpxtpx:bearing>164.77</gpxtpx:bearing><gpxtpx:speed>25.168373</gpxtpx:speed></gpxtpx:TrackPointExtension></extensions><geoidheight>-20.9</geoidheight><src>gps</src><sat>16</sat><hdop>0.60</hdop><vdop>0.92</vdop><pdop>1.10</pdop><dgpsid>0000</dgpsid></trkpt>
<trkpt lat="45.59327216666667" lon="-122.54878016666667"><ele>49.3</ele><time>2026-08-31T18:51:00.000Z</time><extensions><gpxtpx:TrackPointExtension><gpxtpx:bearing>160.09</gpxtpx:bearing><gpxtpx:speed>25.502941</gpxtpx:speed></gpxtpx:TrackPointExtension></extensions><geoidheight>-20.9</geoidheight><src>gps</src><sat>16</sat><hdop>0.60</hdop><vdop>0.92</vdop><pdop>1.10</pdop><dgpsid>0000</dgpsid></trkpt>
<trkpt lat="45.59095766666666" lon="-122.54744983333333"><ele>41.8</ele><time>2026-08-31T18:51:11.000Z</time><extensions><gpxtpx:TrackPointExtension><gpxtpx:bearing>156.6</gpxtpx:bearing><gpxtpx:speed>24.997484</gpxtpx:speed></gpxtpx:TrackPointExtension></extensions><geoidheight>-20.9</geoidheight><src>gps</src><sat>17</sat><hdop>0.57</hdop><vdop>0.91</vdop><pdop>1.08</pdop><dgpsid>0000</dgpsid></trkpt>
<trkpt lat="45.58882583333334" lon="-122.546132"><ele>33.3</ele><time>2026-08-31T18:51:22.000Z</time><extensions><gpxtpx:TrackPointExtension><gpxtpx:bearing>156.28</gpxtpx:bearing><gpxtpx:speed>22.75381</gpxtpx:speed></gpxtpx:TrackPointExtension></extensions><geoidheight>-20.9</geoidheight><src>gps</src><sat>17</sat><hdop>0.57</hdop><vdop>0.91</vdop><pdop>1.08</pdop><dgpsid>0000</dgpsid></trkpt>
<trkpt lat="45.58672433333333" lon="-122.54496533333334"><ele>25.5</ele><time>2026-08-31T18:51:33.000Z</time><extensions><gpxtpx:TrackPointExtension><gpxtpx:bearing>161.5</gpxtpx:bearing><gpxtpx:speed>22.799622</gpxtpx:speed></gpxtpx:TrackPointExtension></extensions><geoidheight>-20.9</geoidheight><src>gps</src><sat>17</sat><hdop>0.57</hdop><vdop>0.91</vdop><pdop>1.08</pdop><dgpsid>0000</dgpsid></trkpt>
<trkpt lat="45.584561833333325" lon="-122.54418583333333"><ele>18.3</ele><time>2026-08-31T18:51:44.000Z</time><extensions><gpxtpx:TrackPointExtension><gpxtpx:bearing>169.32</gpxtpx:bearing><gpxtpx:speed>21.888563</gpxtpx:speed></gpxtpx:TrackPointExtension></extensions><geoidheight>-20.9</geoidheight><src>gps</src><sat>17</sat><hdop>0.57</hdop><vdop>0.91</vdop><pdop>1.08</pdop><dgpsid>0000</dgpsid></trkpt>
<trkpt lat="45.58230749999999" lon="-122.543852"><ele>17.3</ele><time>2026-08-31T18:51:55.000Z</time><extensions><gpxtpx:TrackPointExtension><gpxtpx:bearing>177.7</gpxtpx:bearing><gpxtpx:speed>23.422949</gpxtpx:speed></gpxtpx:TrackPointExtension></extensions><geoidheight>-20.9</geoidheight><src>gps</src><sat>14</sat><hdop>0.64</hdop><vdop>1.06</vdop><pdop>1.23</pdop><dgpsid>0000</dgpsid></trkpt>
<trkpt lat="45.58003183333334" lon="-122.54398466666667"><ele>20.0</ele><time>2026-08-31T18:52:06.000Z</time><extensions><gpxtpx:TrackPointExtension><gpxtpx:bearing>186.18</gpxtpx:bearing><gpxtpx:speed>22.362106</gpxtpx:speed></gpxtpx:TrackPointExtension></extensions><geoidheight>-21.0</geoidheight><src>gps</src><sat>15</sat><hdop>0.66</hdop><vdop>1.21</vdop><pdop>1.38</pdop><dgpsid>0000</dgpsid></trkpt>
<trkpt lat="45.57789233333333" lon="-122.54456133333333"><ele>20.4</ele><time>2026-08-31T18:52:17.000Z</time><extensions><gpxtpx:TrackPointExtension><gpxtpx:bearing>194.79</gpxtpx:bearing><gpxtpx:speed>21.528772</gpxtpx:speed></gpxtpx:TrackPointExtension></extensions><geoidheight>-21.0</geoidheight><src>gps</src><sat>16</sat><hdop>0.58</hdop><vdop>0.93</vdop><pdop>1.09</pdop><dgpsid>0000</dgpsid></trkpt>
<trkpt lat="45.5758395" lon="-122.54558049999999"><ele>20.7</ele><time>2026-08-31T18:52:28.000Z</time><extensions><gpxtpx:TrackPointExtension><gpxtpx:bearing>203.89</gpxtpx:bearing><gpxtpx:speed>22.107834</gpxtpx:speed></gpxtpx:TrackPointExtension></extensions><geoidheight>-21.0</geoidheight><src>gps</src><sat>17</sat><hdop>0.58</hdop><vdop>0.93</vdop><pdop>1.10</pdop><dgpsid>0000</dgpsid></trkpt>
<trkpt lat="45.57402149999999" lon="-122.54699049999999"><ele>17.2</ele><time>2026-08-31T18:52:39.000Z</time><extensions><gpxtpx:TrackPointExtension><gpxtpx:bearing>216.23</gpxtpx:bearing><gpxtpx:speed>19.862616</gpxtpx:speed></gpxtpx:TrackPointExtension></extensions><geoidheight>-21.0</geoidheight><src>gps</src><sat>17</sat><hdop>0.58</hdop><vdop>0.93</vdop><pdop>1.10</pdop><dgpsid>0000</dgpsid></trkpt>
<trkpt lat="45.572919666666664" lon="-122.5491885"><ele>9.5</ele><time>2026-08-31T18:52:50.000Z</time><extensions><gpxtpx:TrackPointExtension><gpxtpx:bearing>250.61</gpxtpx:bearing><gpxtpx:speed>19.325245</gpxtpx:speed></gpxtpx:TrackPointExtension></extensions><geoidheight>-21.0</geoidheight><src>gps</src><sat>16</sat><hdop>0.60</hdop><vdop>1.00</vdop><pdop>1.16</pdop><dgpsid>0000</dgpsid></trkpt>
<trkpt lat="45.572325166666666" lon="-122.55086283333334"><ele>2.3</ele><time>2026-08-31T18:53:01.000Z</time><extensions><gpxtpx:TrackPointExtension><gpxtpx:bearing>217.94</gpxtpx:bearing><gpxtpx:speed>5.429805</gpxtpx:speed></gpxtpx:TrackPointExtension></extensions><geoidheight>-21.0</geoidheight><src>gps</src><sat>15</sat><hdop>0.59</hdop><vdop>1.02</vdop><pdop>1.17</pdop><dgpsid>0000</dgpsid></trkpt>
<trkpt lat="45.57222933333334" lon="-122.55096633333332"><ele>2.5</ele><time>2026-08-31T18:53:12.000Z</time><extensions><gpxtpx:TrackPointExtension><gpxtpx:speed>0.03448639</gpxtpx:speed></gpxtpx:TrackPointExtension></extensions><geoidheight>-21.0</geoidheight><src>gps</src><sat>15</sat><hdop>0.64</hdop><vdop>1.07</vdop><pdop>1.24</pdop><dgpsid>0000</dgpsid></trkpt>
<trkpt lat="45.57192433333333" lon="-122.55129766666666"><ele>3.3</ele><time>2026-08-31T18:53:34.000Z</time><extensions><gpxtpx:TrackPointExtension><gpxtpx:bearing>212.8</gpxtpx:bearing><gpxtpx:speed>5.5883393</gpxtpx:speed></gpxtpx:TrackPointExtension></extensions><geoidheight>-21.0</geoidheight><src>gps</src><sat>17</sat><hdop>0.64</hdop><vdop>1.10</vdop><pdop>1.27</pdop><dgpsid>0000</dgpsid></trkpt>
<trkpt lat="45.57137633333333" lon="-122.55065583333332"><ele>5.0</ele><time>2026-08-31T18:53:45.000Z</time><extensions><gpxtpx:TrackPointExtension><gpxtpx:bearing>128.67</gpxtpx:bearing><gpxtpx:speed>10.59813</gpxtpx:speed></gpxtpx:TrackPointExtension></extensions><geoidheight>-21.0</geoidheight><src>gps</src><sat>17</sat><hdop>0.59</hdop><vdop>0.97</vdop><pdop>1.14</pdop><dgpsid>0000</dgpsid></trkpt>
<trkpt lat="45.57057416666667" lon="-122.54920466666665"><ele>5.0</ele><time>2026-08-31T18:53:56.000Z</time><extensions><gpxtpx:TrackPointExtension><gpxtpx:bearing>128.58</gpxtpx:bearing><gpxtpx:speed>15.965653</gpxtpx:speed></gpxtpx:TrackPointExtension></extensions><geoidheight>-21.0</geoidheight><src>gps</src><sat>16</sat><hdop>0.62</hdop><vdop>1.02</vdop><pdop>1.19</pdop><dgpsid>0000</dgpsid></trkpt>
<trkpt lat="45.56961516666667" lon="-122.54745399999999"><ele>6.3</ele><time>2026-08-31T18:54:07.000Z</time><extensions><gpxtpx:TrackPointExtension><gpxtpx:bearing>128.42</gpxtpx:bearing><gpxtpx:speed>14.365897</gpxtpx:speed></gpxtpx:TrackPointExtension></extensions><geoidheight>-21.0</geoidheight><src>gps</src><sat>17</sat><hdop>0.59</hdop><vdop>0.97</vdop><pdop>1.13</pdop><dgpsid>0000</dgpsid></trkpt>
<trkpt lat="45.56898816666667" lon="-122.5463"><ele>6.8</ele><time>2026-08-31T18:54:18.000Z</time><extensions><gpxtpx:TrackPointExtension><gpxtpx:bearing>128.74</gpxtpx:bearing><gpxtpx:speed>5.944527</gpxtpx:speed></gpxtpx:TrackPointExtension></extensions><geoidheight>-21.0</geoidheight><src>gps</src><sat>17</sat><hdop>0.59</hdop><vdop>0.97</vdop><pdop>1.13</pdop><dgpsid>0000</dgpsid></trkpt>
<trkpt lat="45.56882683333333" lon="-122.54601333333333"><ele>6.3</ele><time>2026-08-31T18:54:29.000Z</time><extensions><gpxtpx:TrackPointExtension><gpxtpx:bearing>130.57</gpxtpx:bearing><gpxtpx:speed>4.6983843</gpxtpx:speed></gpxtpx:TrackPointExtension></extensions><geoidheight>-21.0</geoidheight><src>gps</src><sat>17</sat><hdop>0.62</hdop><vdop>0.97</vdop><pdop>1.15</pdop><dgpsid>0000</dgpsid></trkpt>
<trkpt lat="45.56828083333333" lon="-122.54510666666665"><ele>3.0</ele><time>2026-08-31T18:54:40.000Z</time><extensions><gpxtpx:TrackPointExtension><gpxtpx:bearing>129.16</gpxtpx:bearing><gpxtpx:speed>10.095247</gpxtpx:speed></gpxtpx:TrackPointExtension></extensions><geoidheight>-21.0</geoidheight><src>gps</src><sat>16</sat><hdop>0.66</hdop><vdop>1.09</vdop><pdop>1.28</pdop><dgpsid>0000</dgpsid></trkpt>
<trkpt lat="45.567615833333335" lon="-122.54393033333332"><ele>4.0</ele><time>2026-08-31T18:54:51.000Z</time><extensions><gpxtpx:TrackPointExtension><gpxtpx:bearing>131.13</gpxtpx:bearing><gpxtpx:speed>11.937952</gpxtpx:speed></gpxtpx:TrackPointExtension></extensions><geoidheight>-21.0</geoidheight><src>gps</src><sat>16</sat><hdop>0.63</hdop><vdop>1.08</vdop><pdop>1.25</pdop><dgpsid>0000</dgpsid></trkpt>
<trkpt lat="45.566954" lon="-122.54221066666666"><ele>3.0</ele><time>2026-08-31T18:55:02.000Z</time><extensions><gpxtpx:TrackPointExtension><gpxtpx:bearing>103.97</gpxtpx:bearing><gpxtpx:speed>14.609361</gpxtpx:speed></gpxtpx:TrackPointExtension></extensions><geoidheight>-21.0</geoidheight><src>gps</src><sat>17</sat><hdop>0.62</hdop><vdop>1.07</vdop><pdop>1.24</pdop><dgpsid>0000</dgpsid></trkpt>
<trkpt lat="45.56698800000001" lon="-122.54018650000002"><ele>1.9</ele><time>2026-08-31T18:55:13.000Z</time><extensions><gpxtpx:TrackPointExtension><gpxtpx:bearing>75.09</gpxtpx:bearing><gpxtpx:speed>14.40656</gpxtpx:speed></gpxtpx:TrackPointExtension></extensions><geoidheight>-21.0</geoidheight><src>gps</src><sat>15</sat><hdop>0.71</hdop><vdop>1.17</vdop><pdop>1.36</pdop><dgpsid>0000</dgpsid></trkpt>
<trkpt lat="45.56727349999999" lon="-122.53845449999999"><ele>3.4</ele><time>2026-08-31T18:55:24.000Z</time><extensions><gpxtpx:TrackPointExtension><gpxtpx:bearing>80.43</gpxtpx:bearing><gpxtpx:speed>11.547793</gpxtpx:speed></gpxtpx:TrackPointExtension></extensions><geoidheight>-21.0</geoidheight><src>gps</src><sat>16</sat><hdop>0.66</hdop><vdop>1.03</vdop><pdop>1.22</pdop><dgpsid>0000</dgpsid></trkpt>
<trkpt lat="45.56715716666666" lon="-122.53672766666665"><ele>4.0</ele><time>2026-08-31T18:55:35.000Z</time><extensions><gpxtpx:TrackPointExtension><gpxtpx:bearing>110.92</gpxtpx:bearing><gpxtpx:speed>13.068282</gpxtpx:speed></gpxtpx:TrackPointExtension></extensions><geoidheight>-21.0</geoidheight><src>gps</src><sat>17</sat><hdop>0.63</hdop><vdop>1.00</vdop><pdop>1.18</pdop><dgpsid>0000</dgpsid></trkpt>
<trkpt lat="45.566429666666664" lon="-122.53529483333332"><ele>3.9</ele><time>2026-08-31T18:55:46.000Z</time><extensions><gpxtpx:TrackPointExtension><gpxtpx:bearing>138.46</gpxtpx:bearing><gpxtpx:speed>10.911081</gpxtpx:speed></gpxtpx:TrackPointExtension></extensions><geoidheight>-21.0</geoidheight><src>gps</src><sat>14</sat><hdop>0.76</hdop><vdop>1.25</vdop><pdop>1.46</pdop><dgpsid>0000</dgpsid></trkpt>
<trkpt lat="45.565708166666674" lon="-122.53422933333334"><ele>3.6</ele><time>2026-08-31T18:55:57.000Z</time><extensions><gpxtpx:TrackPointExtension><gpxtpx:bearing>121.85</gpxtpx:bearing><gpxtpx:speed>11.573014</gpxtpx:speed></gpxtpx:TrackPointExtension></extensions><geoidheight>-21.0</geoidheight><src>gps</src><sat>15</sat><hdop>0.76</hdop><vdop>1.25</vdop><pdop>1.46</pdop><dgpsid>0000</dgpsid></trkpt>
<trkpt lat="45.56516666666666" lon="-122.53273733333332"><ele>4.0</ele><time>2026-08-31T18:56:08.000Z</time><extensions><gpxtpx:TrackPointExtension><gpxtpx:bearing>117.75</gpxtpx:bearing><gpxtpx:speed>11.944129</gpxtpx:speed></gpxtpx:TrackPointExtension></extensions><geoidheight>-21.0</geoidheight><src>gps</src><sat>15</sat><hdop>0.69</hdop><vdop>1.14</vdop><pdop>1.34</pdop><dgpsid>0000</dgpsid></trkpt>
<trkpt lat="45.564617" lon="-122.53114750000002"><ele>3.7</ele><time>2026-08-31T18:56:19.000Z</time><extensions><gpxtpx:TrackPointExtension><gpxtpx:bearing>117.44</gpxtpx:bearing><gpxtpx:speed>13.232994</gpxtpx:speed></gpxtpx:TrackPointExtension></extensions><geoidheight>-21.0</geoidheight><src>gps</src><sat>16</sat><hdop>0.64</hdop><vdop>1.02</vdop><pdop>1.20</pdop><dgpsid>0000</dgpsid></trkpt>
<trkpt lat="45.5637255" lon="-122.5298925"><ele>4.7</ele><time>2026-08-31T18:56:30.000Z</time><extensions><gpxtpx:TrackPointExtension><gpxtpx:bearing>145.6</gpxtpx:bearing><gpxtpx:speed>11.6965475</gpxtpx:speed></gpxtpx:TrackPointExtension></extensions><geoidheight>-21.0</geoidheight><src>gps</src><sat>17</sat><hdop>0.60</hdop><vdop>0.99</vdop><pdop>1.16</pdop><dgpsid>0000</dgpsid></trkpt>
<trkpt lat="45.562911" lon="-122.52861366666666"><ele>3.4</ele><time>2026-08-31T18:56:41.000Z</time><extensions><gpxtpx:TrackPointExtension><gpxtpx:bearing>117.87</gpxtpx:bearing><gpxtpx:speed>12.80526</gpxtpx:speed></gpxtpx:TrackPointExtension></extensions><geoidheight>-21.0</geoidheight><src>gps</src><sat>14</sat><hdop>0.76</hdop><vdop>1.26</vdop><pdop>1.47</pdop><dgpsid>0000</dgpsid></trkpt>
<trkpt lat="45.562542833333325" lon="-122.52691516666667"><ele>0.5</ele><time>2026-08-31T18:56:52.000Z</time><extensions><gpxtpx:TrackPointExtension><gpxtpx:bearing>106.34</gpxtpx:bearing><gpxtpx:speed>12.506206</gpxtpx:speed></gpxtpx:TrackPointExtension></extensions><geoidheight>-21.0</geoidheight><src>gps</src><sat>14</sat><hdop>0.68</hdop><vdop>1.19</vdop><pdop>1.37</pdop><dgpsid>0000</dgpsid></trkpt>
<trkpt lat="45.562234999999994" lon="-122.525192"><ele>1.1</ele><time>2026-08-31T18:57:03.000Z</time><extensions><gpxtpx:TrackPointExtension><gpxtpx:bearing>102.72</gpxtpx:bearing><gpxtpx:speed>12.375466</gpxtpx:speed></gpxtpx:TrackPointExtension></extensions><geoidheight>-21.0</geoidheight><src>gps</src><sat>15</sat><hdop>0.70</hdop><vdop>1.17</vdop><pdop>1.36</pdop><dgpsid>0000</dgpsid></trkpt>
<trkpt lat="45.56197583333333" lon="-122.52349116666667"><ele>1.0</ele><time>2026-08-31T18:57:14.000Z</time><extensions><gpxtpx:TrackPointExtension><gpxtpx:bearing>102.55</gpxtpx:bearing><gpxtpx:speed>10.889463</gpxtpx:speed></gpxtpx:TrackPointExtension></extensions><geoidheight>-21.0</geoidheight><src>gps</src><sat>15</sat><hdop>0.68</hdop><vdop>1.17</vdop><pdop>1.35</pdop><dgpsid>0000</dgpsid></trkpt>
<trkpt lat="45.56189800000001" lon="-122.52272916666668"><ele>1.8</ele><time>2026-08-31T18:57:25.000Z</time><extensions><gpxtpx:TrackPointExtension><gpxtpx:bearing>97.62</gpxtpx:bearing><gpxtpx:speed>3.9093153</gpxtpx:speed></gpxtpx:TrackPointExtension></extensions><geoidheight>-21.0</geoidheight><src>gps</src><sat>15</sat><hdop>0.70</hdop><vdop>1.17</vdop><pdop>1.36</pdop><dgpsid>0000</dgpsid></trkpt>
<trkpt lat="45.56184766666667" lon="-122.52176499999999"><ele>1.5</ele><time>2026-08-31T18:57:36.000Z</time><extensions><gpxtpx:TrackPointExtension><gpxtpx:bearing>89.55</gpxtpx:bearing><gpxtpx:speed>7.4598694</gpxtpx:speed></gpxtpx:TrackPointExtension></extensions><geoidheight>-21.0</geoidheight><src>gps</src><sat>17</sat><hdop>0.68</hdop><vdop>1.13</vdop><pdop>1.31</pdop><dgpsid>0000</dgpsid></trkpt>
<trkpt lat="45.561514" lon="-122.5212665"><ele>1.3</ele><time>2026-08-31T18:57:47.000Z</time><extensions><gpxtpx:TrackPointExtension><gpxtpx:bearing>178.7</gpxtpx:bearing><gpxtpx:speed>7.1072845</gpxtpx:speed></gpxtpx:TrackPointExtension></extensions><geoidheight>-21.0</geoidheight><src>gps</src><sat>17</sat><hdop>0.66</hdop><vdop>1.15</vdop><pdop>1.33</pdop><dgpsid>0000</dgpsid></trkpt>
<trkpt lat="45.56062" lon="-122.521262"><ele>1.3</ele><time>2026-08-31T18:57:58.000Z</time><extensions><gpxtpx:TrackPointExtension><gpxtpx:bearing>179.51</gpxtpx:bearing><gpxtpx:speed>10.799387</gpxtpx:speed></gpxtpx:TrackPointExtension></extensions><geoidheight>-21.0</geoidheight><src>gps</src><sat>16</sat><hdop>0.62</hdop><vdop>1.01</vdop><pdop>1.18</pdop><dgpsid>0000</dgpsid></trkpt>
<trkpt lat="45.5596815" lon="-122.52126716666668"><ele>-2.2</ele><time>2026-08-31T18:58:09.000Z</time><extensions><gpxtpx:TrackPointExtension><gpxtpx:bearing>182.37</gpxtpx:bearing><gpxtpx:speed>7.9483404</gpxtpx:speed></gpxtpx:TrackPointExtension></extensions><geoidheight>-21.0</geoidheight><src>gps</src><sat>15</sat><hdop>0.69</hdop><vdop>1.10</vdop><pdop>1.30</pdop><dgpsid>0000</dgpsid></trkpt>
<trkpt lat="45.558986166666664" lon="-122.52127016666667"><ele>-4.9</ele><time>2026-08-31T18:58:20.000Z</time><extensions><gpxtpx:TrackPointExtension><gpxtpx:bearing>180.04</gpxtpx:bearing><gpxtpx:speed>6.296082</gpxtpx:speed></gpxtpx:TrackPointExtension></extensions><geoidheight>-21.0</geoidheight><src>gps</src><sat>15</sat><hdop>0.63</hdop><vdop>1.01</vdop><pdop>1.19</pdop><dgpsid>0000</dgpsid></trkpt>
<trkpt lat="45.55837016666666" lon="-122.52127433333332"><ele>-6.9</ele><time>2026-08-31T18:58:31.000Z</time><extensions><gpxtpx:TrackPointExtension><gpxtpx:bearing>180.15</gpxtpx:bearing><gpxtpx:speed>6.9683094</gpxtpx:speed></gpxtpx:TrackPointExtension></extensions><geoidheight>-21.0</geoidheight><src>gps</src><sat>15</sat><hdop>0.68</hdop><vdop>1.03</vdop><pdop>1.23</pdop><dgpsid>0000</dgpsid></trkpt>
<trkpt lat="45.55768016666666" lon="-122.52125733333332"><ele>-6.3</ele><time>2026-08-31T18:58:42.000Z</time><extensions><gpxtpx:TrackPointExtension><gpxtpx:bearing>181.21</gpxtpx:bearing><gpxtpx:speed>5.291859</gpxtpx:speed></gpxtpx:TrackPointExtension></extensions><geoidheight>-21.0</geoidheight><src>gps</src><sat>15</sat><hdop>0.66</hdop><vdop>1.13</vdop><pdop>1.31</pdop><dgpsid>0000</dgpsid></trkpt>
<trkpt lat="45.55756966666666" lon="-122.52145966666667"><ele>-3.0</ele><time>2026-08-31T18:58:53.000Z</time><extensions><gpxtpx:TrackPointExtension><gpxtpx:bearing>276.67</gpxtpx:bearing><gpxtpx:speed>1.4659289</gpxtpx:speed></gpxtpx:TrackPointExtension></extensions><geoidheight>-21.0</geoidheight><src>gps</src><sat>17</sat><hdop>0.57</hdop><vdop>0.94</vdop><pdop>1.10</pdop><dgpsid>0000</dgpsid></trkpt>
<trkpt lat="45.55754" lon="-122.52206533333334"><ele>-3.1</ele><time>2026-08-31T18:59:04.000Z</time><extensions><gpxtpx:TrackPointExtension><gpxtpx:bearing>271.52</gpxtpx:bearing><gpxtpx:speed>6.332113</gpxtpx:speed></gpxtpx:TrackPointExtension></extensions><geoidheight>-21.0</geoidheight><src>gps</src><sat>17</sat><hdop>0.61</hdop><vdop>0.99</vdop><pdop>1.16</pdop><dgpsid>0000</dgpsid></trkpt>
<trkpt lat="45.55753983333334" lon="-122.522719"><ele>-3.6</ele><time>2026-08-31T18:59:15.000Z</time><extensions><gpxtpx:TrackPointExtension><gpxtpx:bearing>268.86</gpxtpx:bearing><gpxtpx:speed>4.426611</gpxtpx:speed></gpxtpx:TrackPointExtension></extensions><geoidheight>-21.0</geoidheight><src>gps</src><sat>17</sat><hdop>0.62</hdop><vdop>1.01</vdop><pdop>1.18</pdop><dgpsid>0000</dgpsid></trkpt>
<trkpt lat="45.55754383333333" lon="-122.52324316666666"><ele>-3.0</ele><time>2026-08-31T18:59:26.000Z</time><extensions><gpxtpx:TrackPointExtension><gpxtpx:bearing>277.82</gpxtpx:bearing><gpxtpx:speed>2.030579</gpxtpx:speed></gpxtpx:TrackPointExtension></extensions><geoidheight>-21.0</geoidheight><src>gps</src><sat>17</sat><hdop>0.62</hdop><vdop>1.02</vdop><pdop>1.19</pdop><dgpsid>0000</dgpsid></trkpt>
<trkpt lat="45.55755883333333" lon="-122.52341566666668"><ele>0.1</ele><time>2026-08-31T18:59:37.000Z</time><extensions><gpxtpx:TrackPointExtension><gpxtpx:bearing>268.86</gpxtpx:bearing><gpxtpx:speed>0.69847804</gpxtpx:speed></gpxtpx:TrackPointExtension></extensions><geoidheight>-21.0</geoidheight><src>gps</src><sat>17</sat><hdop>0.65</hdop><vdop>1.02</vdop><pdop>1.21</pdop><dgpsid>0000</dgpsid></trkpt>
<trkpt lat="45.55755066666667" lon="-122.5235015"><ele>5.6</ele><time>2026-08-31T18:59:59.000Z</time><extensions><gpxtpx:TrackPointExtension><gpxtpx:speed>0.0041177776</gpxtpx:speed></gpxtpx:TrackPointExtension></extensions><geoidheight>-21.0</geoidheight><src>gps</src><sat>18</sat><hdop>0.60</hdop><vdop>0.88</vdop><pdop>1.07</pdop><dgpsid>0000</dgpsid></trkpt>
<trkpt lat="45.55755666666667" lon="-122.523566"><ele>8.0</ele><time>2026-08-31T19:04:34.000Z</time><extensions><gpxtpx:TrackPointExtension><gpxtpx:speed>0.026250834</gpxtpx:speed></gpxtpx:TrackPointExtension></extensions><geoidheight>-21.0</geoidheight><src>gps</src><sat>17</sat><hdop>0.62</hdop><vdop>0.91</vdop><pdop>1.10</pdop><dgpsid>0000</dgpsid></trkpt>
<trkpt lat="45.557514499999996" lon="-122.52363366666665"><ele>8.4</ele><time>2026-08-31T19:05:18.000Z</time><extensions><gpxtpx:TrackPointExtension><gpxtpx:bearing>251.51</gpxtpx:bearing><gpxtpx:speed>1.8952072</gpxtpx:speed></gpxtpx:TrackPointExtension></extensions><geoidheight>-21.0</geoidheight><src>gps</src><sat>18</sat><hdop>0.55</hdop><vdop>0.89</vdop><pdop>1.04</pdop><dgpsid>0000</dgpsid></trkpt>
<trkpt lat="45.5575395" lon="-122.52417516666668"><ele>5.5</ele><time>2026-08-31T19:05:29.000Z</time><extensions><gpxtpx:TrackPointExtension><gpxtpx:bearing>277.89</gpxtpx:bearing><gpxtpx:speed>5.973866</gpxtpx:speed></gpxtpx:TrackPointExtension></extensions><geoidheight>-21.0</geoidheight><src>gps</src><sat>18</sat><hdop>0.54</hdop><vdop>0.89</vdop><pdop>1.05</pdop><dgpsid>0000</dgpsid></trkpt>
<trkpt lat="45.5577135" lon="-122.52510349999999"><ele>3.2</ele><time>2026-08-31T19:05:40.000Z</time><extensions><gpxtpx:TrackPointExtension><gpxtpx:bearing>285.72</gpxtpx:bearing><gpxtpx:speed>7.8371606</gpxtpx:speed></gpxtpx:TrackPointExtension></extensions><geoidheight>-21.0</geoidheight><src>gps</src><sat>14</sat><hdop>0.65</hdop><vdop>1.00</vdop><pdop>1.20</pdop><dgpsid>0000</dgpsid></trkpt>
<trkpt lat="45.557980666666666" lon="-122.52638783333332"><ele>4.4</ele><time>2026-08-31T19:05:51.000Z</time><extensions><gpxtpx:TrackPointExtension><gpxtpx:bearing>285.27</gpxtpx:bearing><gpxtpx:speed>11.029983</gpxtpx:speed></gpxtpx:TrackPointExtension></extensions><geoidheight>-21.0</geoidheight><src>gps</src><sat>17</sat><hdop>0.59</hdop><vdop>0.99</vdop><pdop>1.15</pdop><dgpsid>0000</dgpsid></trkpt>
<trkpt lat="45.55830116666666" lon="-122.52794183333332"><ele>3.1</ele><time>2026-08-31T19:06:02.000Z</time><extensions><gpxtpx:TrackPointExtension><gpxtpx:bearing>289.26</gpxtpx:bearing><gpxtpx:speed>10.533791</gpxtpx:speed></gpxtpx:TrackPointExtension></extensions><geoidheight>-21.0</geoidheight><src>gps</src><sat>17</sat><hdop>0.63</hdop><vdop>0.98</vdop><pdop>1.16</pdop><dgpsid>0000</dgpsid></trkpt>
<trkpt lat="45.55898233333334" lon="-122.52881283333333"><ele>3.3</ele><time>2026-08-31T19:06:13.000Z</time><extensions><gpxtpx:TrackPointExtension><gpxtpx:bearing>349.23</gpxtpx:bearing><gpxtpx:speed>9.64435</gpxtpx:speed></gpxtpx:TrackPointExtension></extensions><geoidheight>-21.0</geoidheight><src>gps</src><sat>18</sat><hdop>0.53</hdop><vdop>0.86</vdop><pdop>1.01</pdop><dgpsid>0000</dgpsid></trkpt>
<trkpt lat="45.559942" lon="-122.52925466666666"><ele>2.4</ele><time>2026-08-31T19:06:24.000Z</time><extensions><gpxtpx:TrackPointExtension><gpxtpx:bearing>322.26</gpxtpx:bearing><gpxtpx:speed>10.939906</gpxtpx:speed></gpxtpx:TrackPointExtension></extensions><geoidheight>-21.0</geoidheight><src>gps</src><sat>18</sat><hdop>0.53</hdop><vdop>0.86</vdop><pdop>1.01</pdop><dgpsid>0000</dgpsid></trkpt>
<trkpt lat="45.56055316666666" lon="-122.53059200000001"><ele>3.5</ele><time>2026-08-31T19:06:35.000Z</time><extensions><gpxtpx:TrackPointExtension><gpxtpx:bearing>287.3</gpxtpx:bearing><gpxtpx:speed>11.878244</gpxtpx:speed></gpxtpx:TrackPointExtension></extensions><geoidheight>-21.0</geoidheight><src>gps</src><sat>16</sat><hdop>0.62</hdop><vdop>0.99</vdop><pdop>1.17</pdop><dgpsid>0000</dgpsid></trkpt>
<trkpt lat="45.5609645" lon="-122.53218700000001"><ele>4.7</ele><time>2026-08-31T19:06:46.000Z</time><extensions><gpxtpx:TrackPointExtension><gpxtpx:bearing>289.73</gpxtpx:bearing><gpxtpx:speed>12.121194</gpxtpx:speed></gpxtpx:TrackPointExtension></extensions><geoidheight>-21.0</geoidheight><src>gps</src><sat>17</sat><hdop>0.59</hdop><vdop>0.93</vdop><pdop>1.10</pdop><dgpsid>0000</dgpsid></trkpt>
<trkpt lat="45.561360666666666" lon="-122.53369550000001"><ele>7.3</ele><time>2026-08-31T19:06:57.000Z</time><extensions><gpxtpx:TrackPointExtension><gpxtpx:bearing>290.03</gpxtpx:bearing><gpxtpx:speed>11.020718</gpxtpx:speed></gpxtpx:TrackPointExtension></extensions><geoidheight>-21.0</geoidheight><src>gps</src><sat>16</sat><hdop>0.60</hdop><vdop>0.98</vdop><pdop>1.15</pdop><dgpsid>0000</dgpsid></trkpt>
<trkpt lat="45.5617435" lon="-122.53513566666668"><ele>8.8</ele><time>2026-08-31T19:07:08.000Z</time><extensions><gpxtpx:TrackPointExtension><gpxtpx:bearing>290.06</gpxtpx:bearing><gpxtpx:speed>10.17297</gpxtpx:speed></gpxtpx:TrackPointExtension></extensions><geoidheight>-21.0</geoidheight><src>gps</src><sat>18</sat><hdop>0.57</hdop><vdop>0.89</vdop><pdop>1.06</pdop><dgpsid>0000</dgpsid></trkpt>
<trkpt lat="45.561943500000005" lon="-122.5357335"><ele>5.0</ele><time>2026-08-31T19:07:19.000Z</time><extensions><gpxtpx:TrackPointExtension><gpxtpx:bearing>307.56</gpxtpx:bearing><gpxtpx:speed>1.9749892</gpxtpx:speed></gpxtpx:TrackPointExtension></extensions><geoidheight>-21.0</geoidheight><src>gps</src><sat>17</sat><hdop>0.55</hdop><vdop>0.89</vdop><pdop>1.05</pdop><dgpsid>0000</dgpsid></trkpt>
<trkpt lat="45.561985166666666" lon="-122.53584950000001"><ele>3.7</ele><time>2026-08-31T19:07:30.000Z</time><extensions><gpxtpx:TrackPointExtension><gpxtpx:speed>0.34126082</gpxtpx:speed></gpxtpx:TrackPointExtension></extensions><geoidheight>-21.0</geoidheight><src>gps</src><sat>18</sat><hdop>0.60</hdop><vdop>0.89</vdop><pdop>1.07</pdop><dgpsid>0000</dgpsid></trkpt>
<trkpt lat="45.5621185" lon="-122.53590316666666"><ele>7.6</ele><time>2026-08-31T19:07:41.000Z</time><extensions><gpxtpx:TrackPointExtension><gpxtpx:bearing>22.85</gpxtpx:bearing><gpxtpx:speed>4.6952963</gpxtpx:speed></gpxtpx:TrackPointExtension></extensions><geoidheight>-21.0</geoidheight><src>gps</src><sat>18</sat><hdop>0.59</hdop><vdop>0.92</vdop><pdop>1.09</pdop><dgpsid>0000</dgpsid></trkpt>
<trkpt lat="45.562959166666666" lon="-122.5352705"><ele>3.9</ele><time>2026-08-31T19:07:52.000Z</time><extensions><gpxtpx:TrackPointExtension><gpxtpx:bearing>26.66</gpxtpx:bearing><gpxtpx:speed>12.891218</gpxtpx:speed></gpxtpx:TrackPointExtension></extensions><geoidheight>-21.0</geoidheight><src>gps</src><sat>16</sat><hdop>0.60</hdop><vdop>0.96</vdop><pdop>1.14</pdop><dgpsid>0000</dgpsid></trkpt>
<trkpt lat="45.564061333333335" lon="-122.53447383333332"><ele>3.8</ele><time>2026-08-31T19:08:03.000Z</time><extensions><gpxtpx:TrackPointExtension><gpxtpx:bearing>26.3</gpxtpx:bearing><gpxtpx:speed>12.260169</gpxtpx:speed></gpxtpx:TrackPointExtension></extensions><geoidheight>-21.0</geoidheight><src>gps</src><sat>17</sat><hdop>0.59</hdop><vdop>0.94</vdop><pdop>1.11</pdop><dgpsid>0000</dgpsid></trkpt>
<trkpt lat="45.56502333333333" lon="-122.53375183333334"><ele>3.1</ele><time>2026-08-31T19:08:14.000Z</time><extensions><gpxtpx:TrackPointExtension><gpxtpx:bearing>28.65</gpxtpx:bearing><gpxtpx:speed>7.8665</gpxtpx:speed></gpxtpx:TrackPointExtension></extensions><geoidheight>-21.0</geoidheight><src>gps</src><sat>17</sat><hdop>0.57</hdop><vdop>0.94</vdop><pdop>1.10</pdop><dgpsid>0000</dgpsid></trkpt>
<trkpt lat="45.56533233333333" lon="-122.53328583333332"><ele>3.2</ele><time>2026-08-31T19:08:25.000Z</time><extensions><gpxtpx:TrackPointExtension><gpxtpx:bearing>96.14</gpxtpx:bearing><gpxtpx:speed>5.499807</gpxtpx:speed></gpxtpx:TrackPointExtension></extensions><geoidheight>-21.0</geoidheight><src>gps</src><sat>17</sat><hdop>0.57</hdop><vdop>0.94</vdop><pdop>1.10</pdop><dgpsid>0000</dgpsid></trkpt>
<trkpt lat="45.56490350000001" lon="-122.53198033333335"><ele>3.0</ele><time>2026-08-31T19:08:36.000Z</time><extensions><gpxtpx:TrackPointExtension><gpxtpx:bearing>115.41</gpxtpx:bearing><gpxtpx:speed>13.76882</gpxtpx:speed></gpxtpx:TrackPointExtension></extensions><geoidheight>-21.0</geoidheight><src>gps</src><sat>17</sat><hdop>0.68</hdop><vdop>1.21</vdop><pdop>1.39</pdop><dgpsid>0000</dgpsid></trkpt>
<trkpt lat="45.56405483333333" lon="-122.53017300000002"><ele>2.2</ele><time>2026-08-31T19:08:47.000Z</time><extensions><gpxtpx:TrackPointExtension><gpxtpx:bearing>141.48</gpxtpx:bearing><gpxtpx:speed>16.528246</gpxtpx:speed></gpxtpx:TrackPointExtension></extensions><geoidheight>-21.0</geoidheight><src>gps</src><sat>15</sat><hdop>0.70</hdop><vdop>1.23</vdop><pdop>1.42</pdop><dgpsid>0000</dgpsid></trkpt>
<trkpt lat="45.562965500000004" lon="-122.52870683333335"><ele>2.7</ele><time>2026-08-31T19:08:58.000Z</time><extensions><gpxtpx:TrackPointExtension><gpxtpx:bearing>122.52</gpxtpx:bearing><gpxtpx:speed>14.723629</gpxtpx:speed></gpxtpx:TrackPointExtension></extensions><geoidheight>-21.0</geoidheight><src>gps</src><sat>14</sat><hdop>0.62</hdop><vdop>1.05</vdop><pdop>1.21</pdop><dgpsid>0000</dgpsid></trkpt>
<trkpt lat="45.56246683333334" lon="-122.52654933333334"><ele>1.7</ele><time>2026-08-31T19:09:09.000Z</time><extensions><gpxtpx:TrackPointExtension><gpxtpx:bearing>106.83</gpxtpx:bearing><gpxtpx:speed>16.589497</gpxtpx:speed></gpxtpx:TrackPointExtension></extensions><geoidheight>-21.0</geoidheight><src>gps</src><sat>17</sat><hdop>0.59</hdop><vdop>0.94</vdop><pdop>1.11</pdop><dgpsid>0000</dgpsid></trkpt>
<trkpt lat="45.562069" lon="-122.52420216666665"><ele>1.1</ele><time>2026-08-31T19:09:20.000Z</time><extensions><gpxtpx:TrackPointExtension><gpxtpx:bearing>102.5</gpxtpx:bearing><gpxtpx:speed>17.051203</gpxtpx:speed></gpxtpx:TrackPointExtension></extensions><geoidheight>-21.0</geoidheight><src>gps</src><sat>18</sat><hdop>0.58</hdop><vdop>0.90</vdop><pdop>1.06</pdop><dgpsid>0000</dgpsid></trkpt>
<trkpt lat="45.56184766666667" lon="-122.52226866666666"><ele>-1.3</ele><time>2026-08-31T19:09:31.000Z</time><extensions><gpxtpx:TrackPointExtension><gpxtpx:bearing>94.13</gpxtpx:bearing><gpxtpx:speed>8.693658</gpxtpx:speed></gpxtpx:TrackPointExtension></extensions><geoidheight>-21.0</geoidheight><src>gps</src><sat>18</sat><hdop>0.58</hdop><vdop>0.90</vdop><pdop>1.06</pdop><dgpsid>0000</dgpsid></trkpt>
<trkpt lat="45.56184016666666" lon="-122.52182133333332"><ele>-1.6</ele><time>2026-08-31T19:09:42.000Z</time><extensions><gpxtpx:TrackPointExtension><gpxtpx:bearing>106.44</gpxtpx:bearing><gpxtpx:speed>1.7459378</gpxtpx:speed></gpxtpx:TrackPointExtension></extensions><geoidheight>-21.0</geoidheight><src>gps</src><sat>16</sat><hdop>0.76</hdop><vdop>1.18</vdop><pdop>1.41</pdop><dgpsid>0000</dgpsid></trkpt>
<trkpt lat="45.561860666666675" lon="-122.52170916666667"><ele>-0.3</ele><time>2026-08-31T19:09:53.000Z</time><extensions><gpxtpx:TrackPointExtension><gpxtpx:speed>0.06691389</gpxtpx:speed></gpxtpx:TrackPointExtension></extensions><geoidheight>-21.0</geoidheight><src>gps</src><sat>14</sat><hdop>0.65</hdop><vdop>1.03</vdop><pdop>1.22</pdop><dgpsid>0000</dgpsid></trkpt>
<trkpt lat="45.5618975" lon="-122.52167033333332"><ele>3.4</ele><time>2026-08-31T19:10:04.000Z</time><extensions><gpxtpx:TrackPointExtension><gpxtpx:speed>0.040148333</gpxtpx:speed></gpxtpx:TrackPointExtension></extensions><geoidheight>-21.0</geoidheight><src>gps</src><sat>18</sat><hdop>0.67</hdop><vdop>1.10</vdop><pdop>1.29</pdop><dgpsid>0000</dgpsid></trkpt>
<trkpt lat="45.56181616666666" lon="-122.521252"><ele>6.2</ele><time>2026-08-31T19:10:37.000Z</time><extensions><gpxtpx:TrackPointExtension><gpxtpx:bearing>141.04</gpxtpx:bearing><gpxtpx:speed>5.2264895</gpxtpx:speed></gpxtpx:TrackPointExtension></extensions><geoidheight>-21.0</geoidheight><src>gps</src><sat>18</sat><hdop>0.58</hdop><vdop>0.90</vdop><pdop>1.06</pdop><dgpsid>0000</dgpsid></trkpt>
<trkpt lat="45.56095633333333" lon="-122.5211875"><ele>5.2</ele><time>2026-08-31T19:10:48.000Z</time><extensions><gpxtpx:TrackPointExtension><gpxtpx:bearing>180.14</gpxtpx:bearing><gpxtpx:speed>10.7165165</gpxtpx:speed></gpxtpx:TrackPointExtension></extensions><geoidheight>-21.0</geoidheight><src>gps</src><sat>16</sat><hdop>0.69</hdop><vdop>1.13</vdop><pdop>1.32</pdop><dgpsid>0000</dgpsid></trkpt>
<trkpt lat="45.56015083333333" lon="-122.52119400000001"><ele>1.3</ele><time>2026-08-31T19:10:59.000Z</time><extensions><gpxtpx:TrackPointExtension><gpxtpx:bearing>183.92</gpxtpx:bearing><gpxtpx:speed>3.3750336</gpxtpx:speed></gpxtpx:TrackPointExtension></extensions><geoidheight>-21.0</geoidheight><src>gps</src><sat>17</sat><hdop>0.59</hdop><vdop>0.90</vdop><pdop>1.08</pdop><dgpsid>0000</dgpsid></trkpt>
<trkpt lat="45.55969033333334" lon="-122.52119333333333"><ele>-1.5</ele><time>2026-08-31T19:11:10.000Z</time><extensions><gpxtpx:TrackPointExtension><gpxtpx:bearing>180.66</gpxtpx:bearing><gpxtpx:speed>7.054268</gpxtpx:speed></gpxtpx:TrackPointExtension></extensions><geoidheight>-21.0</geoidheight><src>gps</src><sat>15</sat><hdop>0.74</hdop><vdop>1.14</vdop><pdop>1.36</pdop><dgpsid>0000</dgpsid></trkpt>
<trkpt lat="45.55893116666666" lon="-122.52118616666667"><ele>-4.3</ele><time>2026-08-31T19:11:21.000Z</time><extensions><gpxtpx:TrackPointExtension><gpxtpx:bearing>181.45</gpxtpx:bearing><gpxtpx:speed>6.8797774</gpxtpx:speed></gpxtpx:TrackPointExtension></extensions><geoidheight>-21.0</geoidheight><src>gps</src><sat>17</sat><hdop>0.64</hdop><vdop>0.96</vdop><pdop>1.15</pdop><dgpsid>0000</dgpsid></trkpt>
<trkpt lat="45.558657666666676" lon="-122.52135416666667"><ele>-0.8</ele><time>2026-08-31T19:11:32.000Z</time><extensions><gpxtpx:TrackPointExtension><gpxtpx:bearing>278.05</gpxtpx:bearing><gpxtpx:speed>2.5998619</gpxtpx:speed></gpxtpx:TrackPointExtension></extensions><geoidheight>-21.0</geoidheight><src>gps</src><sat>16</sat><hdop>0.63</hdop><vdop>0.98</vdop><pdop>1.17</pdop><dgpsid>0000</dgpsid></trkpt>
<trkpt lat="45.55869666666668" lon="-122.5215995"><ele>2.6</ele><time>2026-08-31T19:11:43.000Z</time><extensions><gpxtpx:TrackPointExtension><gpxtpx:bearing>325.29</gpxtpx:bearing><gpxtpx:speed>1.2353333</gpxtpx:speed></gpxtpx:TrackPointExtension></extensions><geoidheight>-21.0</geoidheight><src>gps</src><sat>16</sat><hdop>0.67</hdop><vdop>1.02</vdop><pdop>1.22</pdop><dgpsid>0000</dgpsid></trkpt>
<trkpt lat="45.55881066666667" lon="-122.52150983333334"><ele>1.7</ele><time>2026-08-31T19:11:54.000Z</time><extensions><gpxtpx:TrackPointExtension><gpxtpx:bearing>43.7</gpxtpx:bearing><gpxtpx:speed>1.5189453</gpxtpx:speed></gpxtpx:TrackPointExtension></extensions><geoidheight>-21.0</geoidheight><src>gps</src><sat>18</sat><hdop>0.68</hdop><vdop>1.01</vdop><pdop>1.22</pdop><dgpsid>0000</dgpsid></trkpt>
<trkpt lat="45.55890966666666" lon="-122.521474"><ele>2.8</ele><time>2026-08-31T19:12:05.000Z</time><extensions><gpxtpx:TrackPointExtension><gpxtpx:speed>0.21000667</gpxtpx:speed></gpxtpx:TrackPointExtension></extensions><geoidheight>-21.0</geoidheight><src>gps</src><sat>18</sat><hdop>0.59</hdop><vdop>0.88</vdop><pdop>1.06</pdop><dgpsid>0000</dgpsid></trkpt>
<trkpt lat="45.5589555" lon="-122.52148133333334"><ele>8.1</ele><time>2026-08-31T19:12:27.000Z</time><extensions><gpxtpx:TrackPointExtension><gpxtpx:speed>0.02058889</gpxtpx:speed></gpxtpx:TrackPointExtension></extensions><geoidheight>-21.0</geoidheight><src>gps</src><sat>18</sat><hdop>0.58</hdop><vdop>0.93</vdop><pdop>1.10</pdop><dgpsid>0000</dgpsid></trkpt>
<trkpt lat="45.55900216666667" lon="-122.52147250000002"><ele>12.3</ele><time>2026-08-31T19:15:12.000Z</time><extensions><gpxtpx:TrackPointExtension><gpxtpx:speed>0.06588444</gpxtpx:speed></gpxtpx:TrackPointExtension></extensions><geoidheight>-21.0</geoidheight><src>gps</src><sat>18</sat><hdop>0.65</hdop><vdop>0.97</vdop><pdop>1.17</pdop><dgpsid>0000</dgpsid></trkpt>
<trkpt lat="45.55905233333333" lon="-122.52148600000001"><ele>10.7</ele><time>2026-08-31T19:15:34.000Z</time><extensions><gpxtpx:TrackPointExtension><gpxtpx:speed>0.36390862</gpxtpx:speed></gpxtpx:TrackPointExtension></extensions><geoidheight>-21.0</geoidheight><src>gps</src><sat>18</sat><hdop>0.56</hdop><vdop>0.87</vdop><pdop>1.03</pdop><dgpsid>0000</dgpsid></trkpt>
<trkpt lat="45.55915083333333" lon="-122.52144583333332"><ele>4.6</ele><time>2026-08-31T19:15:56.000Z</time><extensions><gpxtpx:TrackPointExtension><gpxtpx:speed>0.07978194</gpxtpx:speed></gpxtpx:TrackPointExtension></extensions><geoidheight>-21.0</geoidheight><src>gps</src><sat>17</sat><hdop>0.63</hdop><vdop>1.15</vdop><pdop>1.31</pdop><dgpsid>0000</dgpsid></trkpt>
<trkpt lat="45.55919566666667" lon="-122.52142383333333"><ele>-7.7</ele><time>2026-08-31T19:16:18.000Z</time><extensions><gpxtpx:TrackPointExtension><gpxtpx:speed>0.043236665</gpxtpx:speed></gpxtpx:TrackPointExtension></extensions><geoidheight>-21.0</geoidheight><src>gps</src><sat>18</sat><hdop>0.57</hdop><vdop>0.92</vdop><pdop>1.09</pdop><dgpsid>0000</dgpsid></trkpt>
<trkpt lat="45.55923866666667" lon="-122.52138783333334"><ele>-14.0</ele><time>2026-08-31T19:16:40.000Z</time><extensions><gpxtpx:TrackPointExtension><gpxtpx:speed>0.01853</gpxtpx:speed></gpxtpx:TrackPointExtension></extensions><geoidheight>-21.0</geoidheight><src>gps</src><sat>19</sat><hdop>0.55</hdop><vdop>0.95</vdop><pdop>1.10</pdop><dgpsid>0000</dgpsid></trkpt>
<trkpt lat="45.559298999999996" lon="-122.52138699999999"><ele>-6.0</ele><time>2026-08-31T19:17:02.000Z</time><extensions><gpxtpx:TrackPointExtension><gpxtpx:speed>0.04117778</gpxtpx:speed></gpxtpx:TrackPointExtension></extensions><geoidheight>-21.0</geoidheight><src>gps</src><sat>17</sat><hdop>0.77</hdop><vdop>1.12</vdop><pdop>1.36</pdop><dgpsid>0000</dgpsid></trkpt>
<trkpt lat="45.55934683333333" lon="-122.52141033333334"><ele>-4.6</ele><time>2026-08-31T19:17:24.000Z</time><extensions><gpxtpx:TrackPointExtension><gpxtpx:speed>0.20588888</gpxtpx:speed></gpxtpx:TrackPointExtension></extensions><geoidheight>-21.0</geoidheight><src>gps</src><sat>19</sat><hdop>0.59</hdop><vdop>0.91</vdop><pdop>1.08</pdop><dgpsid>0000</dgpsid></trkpt>
<trkpt lat="45.559159666666666" lon="-122.52224433333335"><ele>5.8</ele><time>2026-08-31T19:25:27.000Z</time><extensions><gpxtpx:TrackPointExtension><gpxtpx:bearing>76.31</gpxtpx:bearing><gpxtpx:speed>1.0865786</gpxtpx:speed></gpxtpx:TrackPointExtension></extensions><geoidheight>-21.0</geoidheight><src>gps</src><sat>6</sat><hdop>2.56</hdop><vdop>1.85</vdop><pdop>3.16</pdop></trkpt>
<trkpt lat="45.55914866666667" lon="-122.52215883333335"><ele>5.2</ele><time>2026-08-31T19:25:49.000Z</time><extensions><gpxtpx:TrackPointExtension><gpxtpx:bearing>82.68</gpxtpx:bearing><gpxtpx:speed>1.3032767</gpxtpx:speed></gpxtpx:TrackPointExtension></extensions><geoidheight>-21.0</geoidheight><src>gps</src><sat>6</sat><hdop>2.55</hdop><vdop>1.84</vdop><pdop>3.15</pdop></trkpt>
<trkpt lat="45.55923516666667" lon="-122.522205"><ele>12.5</ele><time>2026-08-31T21:31:42.000Z</time><extensions><gpxtpx:TrackPointExtension><gpxtpx:bearing>147.24</gpxtpx:bearing><gpxtpx:speed>0.73347914</gpxtpx:speed></gpxtpx:TrackPointExtension></extensions><geoidheight>-21.0</geoidheight><src>gps</src><hdop>2.05</hdop><vdop>3.02</vdop><pdop>3.65</pdop></trkpt>
<trkpt lat="45.559306166666666" lon="-122.52215366666665"><ele>10.1</ele><time>2026-08-31T21:31:53.000Z</time><extensions><gpxtpx:TrackPointExtension><gpxtpx:speed>0.565165</gpxtpx:speed></gpxtpx:TrackPointExtension></extensions><geoidheight>-21.0</geoidheight><src>gps</src><sat>5</sat><hdop>2.05</hdop><vdop>3.03</vdop><pdop>3.66</pdop></trkpt>
<trkpt lat="45.559341499999995" lon="-122.52207716666665"><ele>11.9</ele><time>2026-08-31T21:32:04.000Z</time><extensions><gpxtpx:TrackPointExtension><gpxtpx:speed>0.8075992</gpxtpx:speed></gpxtpx:TrackPointExtension></extensions><geoidheight>-21.0</geoidheight><src>gps</src><sat>5</sat><hdop>2.06</hdop><vdop>3.03</vdop><pdop>3.66</pdop></trkpt>
<trkpt lat="45.5594465" lon="-122.52199533333332"><ele>15.1</ele><time>2026-08-31T21:32:15.000Z</time><extensions><gpxtpx:TrackPointExtension><gpxtpx:bearing>13.42</gpxtpx:bearing><gpxtpx:speed>1.3058503</gpxtpx:speed></gpxtpx:TrackPointExtension></extensions><geoidheight>-21.0</geoidheight><src>gps</src><sat>5</sat><hdop>2.06</hdop><vdop>3.03</vdop><pdop>3.66</pdop></trkpt>
<trkpt lat="45.55951016666666" lon="-122.52190199999998"><ele>15.9</ele><time>2026-08-31T21:32:26.000Z</time><extensions><gpxtpx:TrackPointExtension><gpxtpx:bearing>58.87</gpxtpx:bearing><gpxtpx:speed>1.6707883</gpxtpx:speed></gpxtpx:TrackPointExtension></extensions><geoidheight>-21.0</geoidheight><src>gps</src><sat>5</sat><hdop>2.07</hdop><vdop>3.03</vdop><pdop>3.67</pdop></trkpt>
<trkpt lat="45.55941733333334" lon="-122.52154833333334"><ele>9.4</ele><time>2026-08-31T21:32:37.000Z</time><extensions><gpxtpx:TrackPointExtension><gpxtpx:bearing>102.13</gpxtpx:bearing><gpxtpx:speed>3.0131838</gpxtpx:speed></gpxtpx:TrackPointExtension></extensions><geoidheight>-21.0</geoidheight><src>gps</src><sat>5</sat><hdop>2.08</hdop><vdop>3.03</vdop><pdop>3.67</pdop></trkpt>
<trkpt lat="45.55939766666667" lon="-122.52137400000001"><ele>-1.5</ele><time>2026-08-31T21:32:48.000Z</time><extensions><gpxtpx:TrackPointExtension><gpxtpx:speed>0.0602225</gpxtpx:speed></gpxtpx:TrackPointExtension></extensions><geoidheight>-21.0</geoidheight><src>gps</src><sat>6</sat><hdop>1.86</hdop><vdop>2.39</vdop><pdop>3.03</pdop></trkpt>
<trkpt lat="45.55954716666667" lon="-122.52114233333332"><ele>-4.1</ele><time>2026-08-31T21:33:10.000Z</time><extensions><gpxtpx:TrackPointExtension><gpxtpx:bearing>16.44</gpxtpx:bearing><gpxtpx:speed>4.463156</gpxtpx:speed></gpxtpx:TrackPointExtension></extensions><geoidheight>-21.0</geoidheight><src>gps</src><sat>9</sat><hdop>1.03</hdop><vdop>1.43</vdop><pdop>1.76</pdop></trkpt>
<trkpt lat="45.560189333333334" lon="-122.52108866666667"><ele>1.7</ele><time>2026-08-31T21:33:21.000Z</time><extensions><gpxtpx:TrackPointExtension><gpxtpx:bearing>2.16</gpxtpx:bearing><gpxtpx:speed>8.346221</gpxtpx:speed></gpxtpx:TrackPointExtension></extensions><geoidheight>-21.0</geoidheight><src>gps</src><sat>9</sat><hdop>1.41</hdop><vdop>1.94</vdop><pdop>2.40</pdop></trkpt>
<trkpt lat="45.560941333333325" lon="-122.52106983333333"><ele>3.3</ele><time>2026-08-31T21:33:32.000Z</time><extensions><gpxtpx:TrackPointExtension><gpxtpx:bearing>2.72</gpxtpx:bearing><gpxtpx:speed>6.63374</gpxtpx:speed></gpxtpx:TrackPointExtension></extensions><geoidheight>-21.0</geoidheight><src>gps</src><sat>9</sat><hdop>1.42</hdop><vdop>1.95</vdop><pdop>2.41</pdop></trkpt>
<trkpt lat="45.56157516666667" lon="-122.521054"><ele>0.8</ele><time>2026-08-31T21:33:43.000Z</time><extensions><gpxtpx:TrackPointExtension><gpxtpx:bearing>2.17</gpxtpx:bearing><gpxtpx:speed>5.9239383</gpxtpx:speed></gpxtpx:TrackPointExtension></extensions><geoidheight>-21.0</geoidheight><src>gps</src><sat>10</sat><hdop>1.03</hdop><vdop>1.43</vdop><pdop>1.76</pdop></trkpt>
<trkpt lat="45.561807833333326" lon="-122.52093383333334"><ele>1.6</ele><time>2026-08-31T21:33:54.000Z</time><extensions><gpxtpx:TrackPointExtension><gpxtpx:bearing>56.22</gpxtpx:bearing><gpxtpx:speed>3.6756313</gpxtpx:speed></gpxtpx:TrackPointExtension></extensions><geoidheight>-21.0</geoidheight><src>gps</src><sat>10</sat><hdop>1.03</hdop><vdop>1.43</vdop><pdop>1.77</pdop></trkpt>
<trkpt lat="45.561870666666664" lon="-122.52000500000001"><ele>-0.2</ele><time>2026-08-31T21:34:05.000Z</time><extensions><gpxtpx:TrackPointExtension><gpxtpx:bearing>90.61</gpxtpx:bearing><gpxtpx:speed>8.154744</gpxtpx:speed></gpxtpx:TrackPointExtension></extensions><geoidheight>-21.0</geoidheight><src>gps</src><sat>10</sat><hdop>1.03</hdop><vdop>1.43</vdop><pdop>1.77</pdop></trkpt>
<trkpt lat="45.56174816666667" lon="-122.51880783333333"><ele>-2.9</ele><time>2026-08-31T21:34:16.000Z</time><extensions><gpxtpx:TrackPointExtension><gpxtpx:bearing>110.09</gpxtpx:bearing><gpxtpx:speed>9.122936</gpxtpx:speed></gpxtpx:TrackPointExtension></extensions><geoidheight>-21.0</geoidheight><src>gps</src><sat>10</sat><hdop>1.05</hdop><vdop>1.55</vdop><pdop>1.87</pdop></trkpt>
<trkpt lat="45.56127316666666" lon="-122.51765716666665"><ele>-0.6</ele><time>2026-08-31T21:34:27.000Z</time><extensions><gpxtpx:TrackPointExtension><gpxtpx:bearing>125.45</gpxtpx:bearing><gpxtpx:speed>9.773031</gpxtpx:speed></gpxtpx:TrackPointExtension></extensions><geoidheight>-21.0</geoidheight><src>gps</src><sat>9</sat><hdop>1.17</hdop><vdop>1.66</vdop><pdop>2.03</pdop></trkpt>
<trkpt lat="45.56067816666667" lon="-122.51648483333332"><ele>3.3</ele><time>2026-08-31T21:34:38.000Z</time><extensions><gpxtpx:TrackPointExtension><gpxtpx:bearing>125.52</gpxtpx:bearing><gpxtpx:speed>10.799902</gpxtpx:speed></gpxtpx:TrackPointExtension></extensions><geoidheight>-21.0</geoidheight><src>gps</src><sat>9</sat><hdop>1.17</hdop><vdop>1.66</vdop><pdop>2.03</pdop></trkpt>
<trkpt lat="45.560031166666676" lon="-122.51518349999999"><ele>3.8</ele><time>2026-08-31T21:34:49.000Z</time><extensions><gpxtpx:TrackPointExtension><gpxtpx:bearing>124.92</gpxtpx:bearing><gpxtpx:speed>12.6791525</gpxtpx:speed></gpxtpx:TrackPointExtension></extensions><geoidheight>-21.0</geoidheight><src>gps</src><sat>10</sat><hdop>1.07</hdop><vdop>1.29</vdop><pdop>1.67</pdop></trkpt>
<trkpt lat="45.55949583333333" lon="-122.51344599999999"><ele>-2.4</ele><time>2026-08-31T21:35:00.000Z</time><extensions><gpxtpx:TrackPointExtension><gpxtpx:bearing>97.65</gpxtpx:bearing><gpxtpx:speed>13.694699</gpxtpx:speed></gpxtpx:TrackPointExtension></extensions><geoidheight>-21.0</geoidheight><src>gps</src><sat>10</sat><hdop>1.14</hdop><vdop>1.48</vdop><pdop>1.87</pdop></trkpt>
<trkpt lat="45.55932433333334" lon="-122.51287116666666"><ele>-5.5</ele><time>2026-08-31T21:35:11.000Z</time><extensions><gpxtpx:TrackPointExtension><gpxtpx:bearing>178.87</gpxtpx:bearing><gpxtpx:speed>3.3981962</gpxtpx:speed></gpxtpx:TrackPointExtension></extensions><geoidheight>-21.0</geoidheight><src>gps</src><sat>11</sat><hdop>1.02</hdop><vdop>1.37</vdop><pdop>1.70</pdop></trkpt>
<trkpt lat="45.55906033333334" lon="-122.51250283333333"><ele>-5.9</ele><time>2026-08-31T21:35:22.000Z</time><extensions><gpxtpx:TrackPointExtension><gpxtpx:bearing>136.01</gpxtpx:bearing><gpxtpx:speed>3.9741702</gpxtpx:speed></gpxtpx:TrackPointExtension></extensions><geoidheight>-21.0</geoidheight><src>gps</src><sat>11</sat><hdop>1.59</hdop><vdop>2.44</vdop><pdop>2.91</pdop></trkpt>
<trkpt lat="45.55874000000001" lon="-122.51249549999999"><ele>-3.7</ele><time>2026-08-31T21:35:33.000Z</time><extensions><gpxtpx:TrackPointExtension><gpxtpx:bearing>211.74</gpxtpx:bearing><gpxtpx:speed>3.1392908</gpxtpx:speed></gpxtpx:TrackPointExtension></extensions><geoidheight>-21.0</geoidheight><src>gps</src><sat>11</sat><hdop>1.08</hdop><vdop>1.53</vdop><pdop>1.87</pdop></trkpt>
<trkpt lat="45.55880816666666" lon="-122.51271983333332"><ele>-3.3</ele><time>2026-08-31T21:35:44.000Z</time><extensions><gpxtpx:TrackPointExtension><gpxtpx:bearing>8.07</gpxtpx:bearing><gpxtpx:speed>1.3151153</gpxtpx:speed></gpxtpx:TrackPointExtension></extensions><geoidheight>-21.0</geoidheight><src>gps</src><sat>11</sat><hdop>1.08</hdop><vdop>1.53</vdop><pdop>1.87</pdop></trkpt>
<trkpt lat="45.558988666666664" lon="-122.51250350000001"><ele>65.0</ele><time>2026-08-31T21:49:51.000Z</time><extensions><gpxtpx:TrackPointExtension><gpxtpx:speed>0.15956388</gpxtpx:speed></gpxtpx:TrackPointExtension></extensions><geoidheight>-21.0</geoidheight><src>gps</src><sat>3</sat><hdop>2.32</hdop><vdop>1.00</vdop><pdop>2.53</pdop></trkpt>
<trkpt lat="45.55889066666667" lon="-122.51270716666667"><ele>7.0</ele><time>2026-08-31T21:50:03.000Z</time><extensions><gpxtpx:TrackPointExtension><gpxtpx:speed>0.0025736112</gpxtpx:speed></gpxtpx:TrackPointExtension></extensions><geoidheight>-21.0</geoidheight><src>gps</src><sat>4</sat><hdop>1.42</hdop><vdop>2.18</vdop><pdop>2.60</pdop></trkpt>
<trkpt lat="45.55894633333334" lon="-122.5126045"><ele>17.4</ele><time>2026-08-31T21:50:24.000Z</time><extensions><gpxtpx:TrackPointExtension><gpxtpx:bearing>32.67</gpxtpx:bearing><gpxtpx:speed>1.2554075</gpxtpx:speed></gpxtpx:TrackPointExtension></extensions><geoidheight>-21.0</geoidheight><src>gps</src><sat>9</sat><hdop>1.14</hdop><vdop>1.95</vdop><pdop>2.26</pdop></trkpt>
<trkpt lat="45.55910633333333" lon="-122.51260400000001"><ele>14.6</ele><time>2026-08-31T21:50:35.000Z</time><extensions><gpxtpx:TrackPointExtension><gpxtpx:bearing>336.53</gpxtpx:bearing><gpxtpx:speed>2.1911726</gpxtpx:speed></gpxtpx:TrackPointExtension></extensions><geoidheight>-21.0</geoidheight><src>gps</src><sat>9</sat><hdop>1.14</hdop><vdop>1.95</vdop><pdop>2.26</pdop></trkpt>
<trkpt lat="45.55924516666667" lon="-122.51277733333333"><ele>11.0</ele><time>2026-08-31T21:50:46.000Z</time><extensions><gpxtpx:TrackPointExtension><gpxtpx:bearing>355.66</gpxtpx:bearing><gpxtpx:speed>1.6239486</gpxtpx:speed></gpxtpx:TrackPointExtension></extensions><geoidheight>-21.0</geoidheight><src>gps</src><sat>9</sat><hdop>1.14</hdop><vdop>1.95</vdop><pdop>2.27</pdop></trkpt>
<trkpt lat="45.559445999999994" lon="-122.512793"><ele>10.5</ele><time>2026-08-31T21:50:57.000Z</time><extensions><gpxtpx:TrackPointExtension><gpxtpx:bearing>6.05</gpxtpx:bearing><gpxtpx:speed>0.87708664</gpxtpx:speed></gpxtpx:TrackPointExtension></extensions><geoidheight>-20.9</geoidheight><src>gps</src><sat>9</sat><hdop>1.15</hdop><vdop>1.96</vdop><pdop>2.27</pdop></trkpt>
<trkpt lat="45.559523000000006" lon="-122.51270099999998"><ele>6.0</ele><time>2026-08-31T21:51:19.000Z</time><extensions><gpxtpx:TrackPointExtension><gpxtpx:bearing>72.97</gpxtpx:bearing><gpxtpx:speed>2.0089607</gpxtpx:speed></gpxtpx:TrackPointExtension></extensions><geoidheight>-20.9</geoidheight><src>gps</src><sat>10</sat><hdop>1.14</hdop><vdop>1.81</vdop><pdop>2.14</pdop></trkpt>
<trkpt lat="45.559493499999995" lon="-122.512344"><ele>5.2</ele><time>2026-08-31T21:51:30.000Z</time><extensions><gpxtpx:TrackPointExtension><gpxtpx:bearing>91.23</gpxtpx:bearing><gpxtpx:speed>2.8896506</gpxtpx:speed></gpxtpx:TrackPointExtension></extensions><geoidheight>-20.9</geoidheight><src>gps</src><sat>10</sat><hdop>1.14</hdop><vdop>1.81</vdop><pdop>2.14</pdop></trkpt>
<trkpt lat="45.55948733333333" lon="-122.511935"><ele>-0.9</ele><time>2026-08-31T21:51:41.000Z</time><extensions><gpxtpx:TrackPointExtension><gpxtpx:bearing>89.7</gpxtpx:bearing><gpxtpx:speed>2.9215634</gpxtpx:speed></gpxtpx:TrackPointExtension></extensions><geoidheight>-20.9</geoidheight><src>gps</src><sat>10</sat><hdop>1.14</hdop><vdop>1.81</vdop><pdop>2.14</pdop></trkpt>
<trkpt lat="45.559486" lon="-122.5116515"><ele>-6.8</ele><time>2026-08-31T21:51:52.000Z</time><extensions><gpxtpx:TrackPointExtension><gpxtpx:bearing>88.65</gpxtpx:bearing><gpxtpx:speed>1.4298984</gpxtpx:speed></gpxtpx:TrackPointExtension></extensions><geoidheight>-20.9</geoidheight><src>gps</src><sat>10</sat><hdop>1.14</hdop><vdop>1.81</vdop><pdop>2.14</pdop></trkpt>
<trkpt lat="45.559490000000004" lon="-122.51136550000001"><ele>-7.6</ele><time>2026-08-31T21:52:03.000Z</time><extensions><gpxtpx:TrackPointExtension><gpxtpx:bearing>87.74</gpxtpx:bearing><gpxtpx:speed>1.9111636</gpxtpx:speed></gpxtpx:TrackPointExtension></extensions><geoidheight>-20.9</geoidheight><src>gps</src><sat>11</sat><hdop>1.12</hdop><vdop>1.81</vdop><pdop>2.13</pdop></trkpt>
<trkpt lat="45.559493999999994" lon="-122.51108916666665"><ele>-6.5</ele><time>2026-08-31T21:52:14.000Z</time><extensions><gpxtpx:TrackPointExtension><gpxtpx:bearing>91.48</gpxtpx:bearing><gpxtpx:speed>1.4715909</gpxtpx:speed></gpxtpx:TrackPointExtension></extensions><geoidheight>-20.9</geoidheight><src>gps</src><sat>11</sat><hdop>1.12</hdop><vdop>1.81</vdop><pdop>2.13</pdop></trkpt>
<trkpt lat="45.55950033333333" lon="-122.510936"><ele>-2.4</ele><time>2026-08-31T21:52:25.000Z</time><extensions><gpxtpx:TrackPointExtension><gpxtpx:bearing>91.0</gpxtpx:bearing><gpxtpx:speed>1.8277786</gpxtpx:speed></gpxtpx:TrackPointExtension></extensions><geoidheight>-20.9</geoidheight><src>gps</src><sat>11</sat><hdop>1.12</hdop><vdop>1.82</vdop><pdop>2.13</pdop></trkpt>
<trkpt lat="45.5595135" lon="-122.5103535"><ele>0.4</ele><time>2026-08-31T21:52:36.000Z</time><extensions><gpxtpx:TrackPointExtension><gpxtpx:bearing>90.86</gpxtpx:bearing><gpxtpx:speed>7.047577</gpxtpx:speed></gpxtpx:TrackPointExtension></extensions><geoidheight>-20.9</geoidheight><src>gps</src><sat>12</sat><hdop>1.10</hdop><vdop>1.61</vdop><pdop>1.95</pdop></trkpt>
<trkpt lat="45.55952516666666" lon="-122.50908766666667"><ele>4.7</ele><time>2026-08-31T21:52:48.000Z</time><extensions><gpxtpx:TrackPointExtension><gpxtpx:bearing>91.61</gpxtpx:bearing><gpxtpx:speed>9.496625</gpxtpx:speed></gpxtpx:TrackPointExtension></extensions><geoidheight>-20.9</geoidheight><src>gps</src><sat>12</sat><hdop>1.10</hdop><vdop>1.61</vdop><pdop>1.95</pdop></trkpt>
<trkpt lat="45.5592815" lon="-122.50763516666666"><ele>5.0</ele><time>2026-08-31T21:52:59.000Z</time><extensions><gpxtpx:TrackPointExtension><gpxtpx:bearing>109.64</gpxtpx:bearing><gpxtpx:speed>12.351789</gpxtpx:speed></gpxtpx:TrackPointExtension></extensions><geoidheight>-20.9</geoidheight><src>gps</src><sat>11</sat><hdop>1.18</hdop><vdop>1.84</vdop><pdop>2.19</pdop></trkpt>
<trkpt lat="45.558856500000005" lon="-122.50578366666666"><ele>6.9</ele><time>2026-08-31T21:53:10.000Z</time><extensions><gpxtpx:TrackPointExtension><gpxtpx:bearing>108.87</gpxtpx:bearing><gpxtpx:speed>14.513107</gpxtpx:speed></gpxtpx:TrackPointExtension></extensions><geoidheight>-20.9</geoidheight><src>gps</src><sat>12</sat><hdop>1.07</hdop><vdop>1.49</vdop><pdop>1.83</pdop></trkpt>
<trkpt lat="45.5583825" lon="-122.50374766666667"><ele>8.2</ele><time>2026-08-31T21:53:21.000Z</time><extensions><gpxtpx:TrackPointExtension><gpxtpx:bearing>107.0</gpxtpx:bearing><gpxtpx:speed>15.914697</gpxtpx:speed></gpxtpx:TrackPointExtension></extensions><geoidheight>-20.9</geoidheight><src>gps</src><sat>12</sat><hdop>1.07</hdop><vdop>1.49</vdop><pdop>1.83</pdop></trkpt>
<trkpt lat="45.557857" lon="-122.50157683333333"><ele>8.7</ele><time>2026-08-31T21:53:32.000Z</time><extensions><gpxtpx:TrackPointExtension><gpxtpx:bearing>108.83</gpxtpx:bearing><gpxtpx:speed>16.64972</gpxtpx:speed></gpxtpx:TrackPointExtension></extensions><geoidheight>-20.9</geoidheight><src>gps</src><sat>12</sat><hdop>1.07</hdop><vdop>1.49</vdop><pdop>1.83</pdop></trkpt>
<trkpt lat="45.55735383333334" lon="-122.499393"><ele>3.5</ele><time>2026-08-31T21:53:43.000Z</time><extensions><gpxtpx:TrackPointExtension><gpxtpx:bearing>105.83</gpxtpx:bearing><gpxtpx:speed>16.696045</gpxtpx:speed></gpxtpx:TrackPointExtension></extensions><geoidheight>-20.9</geoidheight><src>gps</src><sat>13</sat><hdop>0.96</hdop><vdop>1.24</vdop><pdop>1.57</pdop></trkpt>
<trkpt lat="45.55686966666667" lon="-122.49724316666668"><ele>-2.4</ele><time>2026-08-31T21:53:54.000Z</time><extensions><gpxtpx:TrackPointExtension><gpxtpx:bearing>107.34</gpxtpx:bearing><gpxtpx:speed>15.4571085</gpxtpx:speed></gpxtpx:TrackPointExtension></extensions><geoidheight>-20.9</geoidheight><src>gps</src><sat>13</sat><hdop>0.96</hdop><vdop>1.24</vdop><pdop>1.57</pdop></trkpt>
<trkpt lat="45.55639466666666" lon="-122.49507083333334"><ele>-2.6</ele><time>2026-08-31T21:54:05.000Z</time><extensions><gpxtpx:TrackPointExtension><gpxtpx:bearing>106.13</gpxtpx:bearing><gpxtpx:speed>16.435595</gpxtpx:speed></gpxtpx:TrackPointExtension></extensions><geoidheight>-20.9</geoidheight><src>gps</src><sat>14</sat><hdop>0.96</hdop><vdop>1.24</vdop><pdop>1.57</pdop></trkpt>
<trkpt lat="45.55589883333334" lon="-122.49285300000001"><ele>-5.9</ele><time>2026-08-31T21:54:16.000Z</time><extensions><gpxtpx:TrackPointExtension><gpxtpx:bearing>112.95</gpxtpx:bearing><gpxtpx:speed>15.688219</gpxtpx:speed></gpxtpx:TrackPointExtension></extensions><geoidheight>-20.9</geoidheight><src>gps</src><sat>13</sat><hdop>0.96</hdop><vdop>1.24</vdop><pdop>1.57</pdop></trkpt>
<trkpt lat="45.554958166666665" lon="-122.49110516666666"><ele>-4.7</ele><time>2026-08-31T21:54:27.000Z</time><extensions><gpxtpx:TrackPointExtension><gpxtpx:bearing>141.04</gpxtpx:bearing><gpxtpx:speed>15.777781</gpxtpx:speed></gpxtpx:TrackPointExtension></extensions><geoidheight>-20.9</geoidheight><src>gps</src><sat>12</sat><hdop>1.03</hdop><vdop>1.36</vdop><pdop>1.70</pdop></trkpt>
<trkpt lat="45.5537435" lon="-122.48967766666668"><ele>-4.4</ele><time>2026-08-31T21:54:38.000Z</time><extensions><gpxtpx:TrackPointExtension><gpxtpx:bearing>132.36</gpxtpx:bearing><gpxtpx:speed>16.076834</gpxtpx:speed></gpxtpx:TrackPointExtension></extensions><geoidheight>-20.9</geoidheight><src>gps</src><sat>12</sat><hdop>1.02</hdop><vdop>1.31</vdop><pdop>1.66</pdop></trkpt>
<trkpt lat="45.55316133333334" lon="-122.48754933333333"><ele>-4.8</ele><time>2026-08-31T21:54:49.000Z</time><extensions><gpxtpx:TrackPointExtension><gpxtpx:bearing>92.27</gpxtpx:bearing><gpxtpx:speed>16.95598</gpxtpx:speed></gpxtpx:TrackPointExtension></extensions><geoidheight>-20.9</geoidheight><src>gps</src><sat>13</sat><hdop>1.03</hdop><vdop>1.36</vdop><pdop>1.70</pdop></trkpt>
<trkpt lat="45.55315949999999" lon="-122.48506700000002"><ele>-2.0</ele><time>2026-08-31T21:55:00.000Z</time><extensions><gpxtpx:TrackPointExtension><gpxtpx:bearing>89.84</gpxtpx:bearing><gpxtpx:speed>17.629751</gpxtpx:speed></gpxtpx:TrackPointExtension></extensions><geoidheight>-20.9</geoidheight><src>gps</src><sat>13</sat><hdop>0.96</hdop><vdop>1.23</vdop><pdop>1.57</pdop></trkpt>
<trkpt lat="45.553141499999995" lon="-122.48257166666666"><ele>-0.8</ele><time>2026-08-31T21:55:11.000Z</time><extensions><gpxtpx:TrackPointExtension><gpxtpx:bearing>90.03</gpxtpx:bearing><gpxtpx:speed>16.805166</gpxtpx:speed></gpxtpx:TrackPointExtension></extensions><geoidheight>-20.9</geoidheight><src>gps</src><sat>14</sat><hdop>0.94</hdop><vdop>1.18</vdop><pdop>1.51</pdop></trkpt>
<trkpt lat="45.553135999999995" lon="-122.48134583333334"><ele>0.0</ele><time>2026-08-31T21:55:22.000Z</time><extensions><gpxtpx:TrackPointExtension><gpxtpx:bearing>90.28</gpxtpx:bearing><gpxtpx:speed>0.9105436</gpxtpx:speed></gpxtpx:TrackPointExtension></extensions><geoidheight>-20.9</geoidheight><src>gps</src><sat>14</sat><hdop>0.94</hdop><vdop>1.18</vdop><pdop>1.51</pdop></trkpt>
<trkpt lat="45.55311966666667" lon="-122.48040233333334"><ele>-0.3</ele><time>2026-08-31T21:55:55.000Z</time><extensions><gpxtpx:TrackPointExtension><gpxtpx:bearing>95.4</gpxtpx:bearing><gpxtpx:speed>10.609454</gpxtpx:speed></gpxtpx:TrackPointExtension></extensions><geoidheight>-20.9</geoidheight><src>gps</src><sat>14</sat><hdop>0.94</hdop><vdop>1.17</vdop><pdop>1.51</pdop></trkpt>
<trkpt lat="45.552679000000005" lon="-122.47877016666668"><ele>0.9</ele><time>2026-08-31T21:56:06.000Z</time><extensions><gpxtpx:TrackPointExtension><gpxtpx:bearing>127.23</gpxtpx:bearing><gpxtpx:speed>12.798568</gpxtpx:speed></gpxtpx:TrackPointExtension></extensions><geoidheight>-20.9</geoidheight><src>gps</src><sat>14</sat><hdop>0.94</hdop><vdop>1.17</vdop><pdop>1.51</pdop></trkpt>
<trkpt lat="45.551621999999995" lon="-122.47756533333335"><ele>-0.8</ele><time>2026-08-31T21:56:17.000Z</time><extensions><gpxtpx:TrackPointExtension><gpxtpx:bearing>156.11</gpxtpx:bearing><gpxtpx:speed>14.19398</gpxtpx:speed></gpxtpx:TrackPointExtension></extensions><geoidheight>-20.9</geoidheight><src>gps</src><sat>14</sat><hdop>0.99</hdop><vdop>1.23</vdop><pdop>1.58</pdop></trkpt>
<trkpt lat="45.550169999999994" lon="-122.47726466666667"><ele>5.1</ele><time>2026-08-31T21:56:28.000Z</time><extensions><gpxtpx:TrackPointExtension><gpxtpx:bearing>179.99</gpxtpx:bearing><gpxtpx:speed>14.88834</gpxtpx:speed></gpxtpx:TrackPointExtension></extensions><geoidheight>-20.9</geoidheight><src>gps</src><sat>12</sat><hdop>1.00</hdop><vdop>1.33</vdop><pdop>1.66</pdop></trkpt>
<trkpt lat="45.5487045" lon="-122.47726650000001"><ele>10.2</ele><time>2026-08-31T21:56:39.000Z</time><extensions><gpxtpx:TrackPointExtension><gpxtpx:bearing>180.3</gpxtpx:bearing><gpxtpx:speed>14.816279</gpxtpx:speed></gpxtpx:TrackPointExtension></extensions><geoidheight>-20.9</geoidheight><src>gps</src><sat>13</sat><hdop>0.99</hdop><vdop>1.25</vdop><pdop>1.60</pdop></trkpt>
<trkpt lat="45.547421666666665" lon="-122.47724683333333"><ele>14.1</ele><time>2026-08-31T21:56:50.000Z</time><extensions><gpxtpx:TrackPointExtension><gpxtpx:bearing>177.98</gpxtpx:bearing><gpxtpx:speed>11.573529</gpxtpx:speed></gpxtpx:TrackPointExtension></extensions><geoidheight>-20.9</geoidheight><src>gps</src><sat>14</sat><hdop>0.81</hdop><vdop>1.14</vdop><pdop>1.39</pdop></trkpt>
<trkpt lat="45.546501000000006" lon="-122.47729533333334"><ele>13.2</ele><time>2026-08-31T21:57:01.000Z</time><extensions><gpxtpx:TrackPointExtension><gpxtpx:bearing>185.48</gpxtpx:bearing><gpxtpx:speed>5.5023804</gpxtpx:speed></gpxtpx:TrackPointExtension></extensions><geoidheight>-20.9</geoidheight><src>gps</src><sat>14</sat><hdop>0.84</hdop><vdop>1.22</vdop><pdop>1.48</pdop></trkpt>
<trkpt lat="45.546371666666666" lon="-122.47731366666667"><ele>13.6</ele><time>2026-08-31T21:57:12.000Z</time><extensions><gpxtpx:TrackPointExtension><gpxtpx:speed>0.047354445</gpxtpx:speed></gpxtpx:TrackPointExtension></extensions><geoidheight>-20.9</geoidheight><src>gps</src><sat>15</sat><hdop>0.89</hdop><vdop>1.22</vdop><pdop>1.51</pdop></trkpt>
<trkpt lat="45.54634266666667" lon="-122.47725416666665"><ele>19.6</ele><time>2026-08-31T21:57:45.000Z</time><extensions><gpxtpx:TrackPointExtension><gpxtpx:speed>0.04478083</gpxtpx:speed></gpxtpx:TrackPointExtension></extensions><geoidheight>-20.9</geoidheight><src>gps</src><sat>16</sat><hdop>0.69</hdop><vdop>1.16</vdop><pdop>1.35</pdop><dgpsid>0000</dgpsid></trkpt>
<trkpt lat="45.54599266666667" lon="-122.47724799999999"><ele>22.2</ele><time>2026-08-31T21:58:18.000Z</time><extensions><gpxtpx:TrackPointExtension><gpxtpx:bearing>185.54</gpxtpx:bearing><gpxtpx:speed>7.4145737</gpxtpx:speed></gpxtpx:TrackPointExtension></extensions><geoidheight>-20.9</geoidheight><src>gps</src><sat>17</sat><hdop>0.64</hdop><vdop>1.03</vdop><pdop>1.21</pdop><dgpsid>0000</dgpsid></trkpt>
<trkpt lat="45.54511583333333" lon="-122.47732650000002"><ele>25.1</ele><time>2026-08-31T21:58:29.000Z</time><extensions><gpxtpx:TrackPointExtension><gpxtpx:bearing>182.43</gpxtpx:bearing><gpxtpx:speed>8.332838</gpxtpx:speed></gpxtpx:TrackPointExtension></extensions><geoidheight>-20.9</geoidheight><src>gps</src><sat>16</sat><hdop>0.63</hdop><vdop>1.00</vdop><pdop>1.18</pdop><dgpsid>0000</dgpsid></trkpt>
<trkpt lat="45.544456833333335" lon="-122.477365"><ele>26.3</ele><time>2026-08-31T21:58:40.000Z</time><extensions><gpxtpx:TrackPointExtension><gpxtpx:bearing>181.74</gpxtpx:bearing><gpxtpx:speed>8.047682</gpxtpx:speed></gpxtpx:TrackPointExtension></extensions><geoidheight>-20.9</geoidheight><src>gps</src><sat>15</sat><hdop>0.67</hdop><vdop>1.04</vdop><pdop>1.24</pdop><dgpsid>0000</dgpsid></trkpt>
<trkpt lat="45.54345566666666" lon="-122.47738683333334"><ele>29.6</ele><time>2026-08-31T21:58:51.000Z</time><extensions><gpxtpx:TrackPointExtension><gpxtpx:bearing>179.66</gpxtpx:bearing><gpxtpx:speed>11.601324</gpxtpx:speed></gpxtpx:TrackPointExtension></extensions><geoidheight>-20.9</geoidheight><src>gps</src><sat>14</sat><hdop>0.68</hdop><vdop>1.12</vdop><pdop>1.31</pdop><dgpsid>0000</dgpsid></trkpt>
<trkpt lat="45.5422505" lon="-122.47740766666666"><ele>37.6</ele><time>2026-08-31T21:59:02.000Z</time><extensions><gpxtpx:TrackPointExtension><gpxtpx:bearing>179.68</gpxtpx:bearing><gpxtpx:speed>12.74761</gpxtpx:speed></gpxtpx:TrackPointExtension></extensions><geoidheight>-20.9</geoidheight><src>gps</src><sat>17</sat><hdop>0.61</hdop><vdop>0.98</vdop><pdop>1.15</pdop><dgpsid>0000</dgpsid></trkpt>
<trkpt lat="45.541215166666674" lon="-122.47739150000001"><ele>44.5</ele><time>2026-08-31T21:59:13.000Z</time><extensions><gpxtpx:TrackPointExtension><gpxtpx:bearing>182.55</gpxtpx:bearing><gpxtpx:speed>5.714446</gpxtpx:speed></gpxtpx:TrackPointExtension></extensions><geoidheight>-20.9</geoidheight><src>gps</src><sat>14</sat><hdop>0.70</hdop><vdop>1.08</vdop><pdop>1.28</pdop><dgpsid>0000</dgpsid></trkpt>
<trkpt lat="45.541018833333325" lon="-122.47739433333332"><ele>45.9</ele><time>2026-08-31T21:59:24.000Z</time><extensions><gpxtpx:TrackPointExtension><gpxtpx:speed>0.0051472224</gpxtpx:speed></gpxtpx:TrackPointExtension></extensions><geoidheight>-20.9</geoidheight><src>gps</src><sat>16</sat><hdop>0.65</hdop><vdop>1.10</vdop><pdop>1.28</pdop><dgpsid>0000</dgpsid></trkpt>
<trkpt lat="45.540758499999995" lon="-122.47730416666667"><ele>48.1</ele><time>2026-08-31T22:01:04.000Z</time><extensions><gpxtpx:TrackPointExtension><gpxtpx:bearing>139.73</gpxtpx:bearing><gpxtpx:speed>4.658751</gpxtpx:speed></gpxtpx:TrackPointExtension></extensions><geoidheight>-20.9</geoidheight><src>gps</src><sat>18</sat><hdop>0.57</hdop><vdop>0.90</vdop><pdop>1.07</pdop><dgpsid>0000</dgpsid></trkpt>
<trkpt lat="45.540865000000004" lon="-122.47617"><ele>48.0</ele><time>2026-08-31T22:01:15.000Z</time><extensions><gpxtpx:TrackPointExtension><gpxtpx:bearing>78.59</gpxtpx:bearing><gpxtpx:speed>11.281167</gpxtpx:speed></gpxtpx:TrackPointExtension></extensions><geoidheight>-20.9</geoidheight><src>gps</src><sat>18</sat><hdop>0.63</hdop><vdop>0.90</vdop><pdop>1.10</pdop><dgpsid>0000</dgpsid></trkpt>
<trkpt lat="45.5409815" lon="-122.47436700000002"><ele>52.6</ele><time>2026-08-31T22:01:26.000Z</time><extensions><gpxtpx:TrackPointExtension><gpxtpx:bearing>90.68</gpxtpx:bearing><gpxtpx:speed>14.6381855</gpxtpx:speed></gpxtpx:TrackPointExtension></extensions><geoidheight>-20.9</geoidheight><src>gps</src><sat>17</sat><hdop>0.66</hdop><vdop>0.93</vdop><pdop>1.14</pdop><dgpsid>0000</dgpsid></trkpt>
<trkpt lat="45.54092433333334" lon="-122.47189616666668"><ele>53.0</ele><time>2026-08-31T22:01:37.000Z</time><extensions><gpxtpx:TrackPointExtension><gpxtpx:bearing>91.86</gpxtpx:bearing><gpxtpx:speed>20.103506</gpxtpx:speed></gpxtpx:TrackPointExtension></extensions><geoidheight>-20.9</geoidheight><src>gps</src><sat>17</sat><hdop>0.66</hdop><vdop>0.93</vdop><pdop>1.14</pdop><dgpsid>0000</dgpsid></trkpt>
<trkpt lat="45.54081533333333" lon="-122.46884033333332"><ele>50.6</ele><time>2026-08-31T22:01:48.000Z</time><extensions><gpxtpx:TrackPointExtension><gpxtpx:bearing>93.03</gpxtpx:bearing><gpxtpx:speed>22.929846</gpxtpx:speed></gpxtpx:TrackPointExtension></extensions><geoidheight>-20.9</geoidheight><src>gps</src><sat>16</sat><hdop>0.68</hdop><vdop>0.93</vdop><pdop>1.15</pdop><dgpsid>0000</dgpsid></trkpt>
<trkpt lat="45.54067116666667" lon="-122.46569316666667"><ele>45.8</ele><time>2026-08-31T22:01:59.000Z</time><extensions><gpxtpx:TrackPointExtension><gpxtpx:bearing>94.35</gpxtpx:bearing><gpxtpx:speed>22.99573</gpxtpx:speed></gpxtpx:TrackPointExtension></extensions><geoidheight>-20.9</geoidheight><src>gps</src><sat>16</sat><hdop>0.68</hdop><vdop>0.99</vdop><pdop>1.20</pdop><dgpsid>0000</dgpsid></trkpt>
<trkpt lat="45.540375499999996" lon="-122.4623395"><ele>39.5</ele><time>2026-08-31T22:02:10.000Z</time><extensions><gpxtpx:TrackPointExtension><gpxtpx:bearing>99.3</gpxtpx:bearing><gpxtpx:speed>24.677328</gpxtpx:speed></gpxtpx:TrackPointExtension></extensions><geoidheight>-20.9</geoidheight><src>gps</src><sat>17</sat><hdop>0.60</hdop><vdop>0.92</vdop><pdop>1.10</pdop><dgpsid>0000</dgpsid></trkpt>
<trkpt lat="45.539945833333334" lon="-122.45894283333334"><ele>36.3</ele><time>2026-08-31T22:02:21.000Z</time><extensions><gpxtpx:TrackPointExtension><gpxtpx:bearing>100.24</gpxtpx:bearing><gpxtpx:speed>23.775534</gpxtpx:speed></gpxtpx:TrackPointExtension></extensions><geoidheight>-20.9</geoidheight><src>gps</src><sat>16</sat><hdop>0.59</hdop><vdop>0.93</vdop><pdop>1.10</pdop><dgpsid>0000</dgpsid></trkpt>
<trkpt lat="45.53953033333334" lon="-122.45560883333334"><ele>36.7</ele><time>2026-08-31T22:02:32.000Z</time><extensions><gpxtpx:TrackPointExtension><gpxtpx:bearing>99.88</gpxtpx:bearing><gpxtpx:speed>23.805387</gpxtpx:speed></gpxtpx:TrackPointExtension></extensions><geoidheight>-20.9</geoidheight><src>gps</src><sat>16</sat><hdop>0.61</hdop><vdop>0.93</vdop><pdop>1.11</pdop><dgpsid>0000</dgpsid></trkpt>
<trkpt lat="45.53922183333334" lon="-122.45212633333334"><ele>33.8</ele><time>2026-08-31T22:02:43.000Z</time><extensions><gpxtpx:TrackPointExtension><gpxtpx:bearing>94.17</gpxtpx:bearing><gpxtpx:speed>24.925423</gpxtpx:speed></gpxtpx:TrackPointExtension></extensions><geoidheight>-20.9</geoidheight><src>gps</src><sat>18</sat><hdop>0.60</hdop><vdop>0.97</vdop><pdop>1.14</pdop><dgpsid>0000</dgpsid></trkpt>
<trkpt lat="45.539161" lon="-122.44882383333334"><ele>30.9</ele><time>2026-08-31T22:02:54.000Z</time><extensions><gpxtpx:TrackPointExtension><gpxtpx:bearing>90.47</gpxtpx:bearing><gpxtpx:speed>20.10505</gpxtpx:speed></gpxtpx:TrackPointExtension></extensions><geoidheight>-20.9</geoidheight><src>gps</src><sat>16</sat><hdop>0.61</hdop><vdop>0.97</vdop><pdop>1.15</pdop><dgpsid>0000</dgpsid></trkpt>
<trkpt lat="45.53921066666667" lon="-122.44712266666666"><ele>29.3</ele><time>2026-08-31T22:03:05.000Z</time><extensions><gpxtpx:TrackPointExtension><gpxtpx:bearing>84.81</gpxtpx:bearing><gpxtpx:speed>3.3565037</gpxtpx:speed></gpxtpx:TrackPointExtension></extensions><geoidheight>-20.9</geoidheight><src>gps</src><sat>17</sat><hdop>0.62</hdop><vdop>0.97</vdop><pdop>1.15</pdop><dgpsid>0000</dgpsid></trkpt>
<trkpt lat="45.53922033333333" lon="-122.44701500000001"><ele>29.4</ele><time>2026-08-31T22:03:16.000Z</time><extensions><gpxtpx:TrackPointExtension><gpxtpx:speed>0.27640584</gpxtpx:speed></gpxtpx:TrackPointExtension></extensions><geoidheight>-20.9</geoidheight><src>gps</src><sat>16</sat><hdop>0.69</hdop><vdop>1.00</vdop><pdop>1.21</pdop><dgpsid>0000</dgpsid></trkpt>
<trkpt lat="45.53928716666666" lon="-122.44614516666667"><ele>27.5</ele><time>2026-08-31T22:04:55.000Z</time><extensions><gpxtpx:TrackPointExtension><gpxtpx:bearing>82.48</gpxtpx:bearing><gpxtpx:speed>12.005382</gpxtpx:speed></gpxtpx:TrackPointExtension></extensions><geoidheight>-20.9</geoidheight><src>gps</src><sat>17</sat><hdop>0.82</hdop><vdop>1.08</vdop><pdop>1.35</pdop><dgpsid>0000</dgpsid></trkpt>
<trkpt lat="45.5395605" lon="-122.44392983333334"><ele>27.2</ele><time>2026-08-31T22:05:06.000Z</time><extensions><gpxtpx:TrackPointExtension><gpxtpx:bearing>78.73</gpxtpx:bearing><gpxtpx:speed>18.95413</gpxtpx:speed></gpxtpx:TrackPointExtension></extensions><geoidheight>-20.9</geoidheight><src>gps</src><sat>15</sat><hdop>0.72</hdop><vdop>1.31</vdop><pdop>1.49</pdop><dgpsid>0000</dgpsid></trkpt>
<trkpt lat="45.540104500000005" lon="-122.44102033333333"><ele>27.2</ele><time>2026-08-31T22:05:17.000Z</time><extensions><gpxtpx:TrackPointExtension><gpxtpx:bearing>71.48</gpxtpx:bearing><gpxtpx:speed>23.371477</gpxtpx:speed></gpxtpx:TrackPointExtension></extensions><geoidheight>-20.9</geoidheight><src>gps</src><sat>15</sat><hdop>0.86</hdop><vdop>1.35</vdop><pdop>1.60</pdop><dgpsid>0000</dgpsid></trkpt>
<trkpt lat="45.5410025" lon="-122.43776366666667"><ele>28.4</ele><time>2026-08-31T22:05:28.000Z</time><extensions><gpxtpx:TrackPointExtension><gpxtpx:bearing>67.18</gpxtpx:bearing><gpxtpx:speed>26.073254</gpxtpx:speed></gpxtpx:TrackPointExtension></extensions><geoidheight>-20.9</geoidheight><src>gps</src><sat>16</sat><hdop>0.62</hdop><vdop>0.99</vdop><pdop>1.17</pdop><dgpsid>0000</dgpsid></trkpt>
<trkpt lat="45.54176583333333" lon="-122.43428683333335"><ele>32.8</ele><time>2026-08-31T22:05:39.000Z</time><extensions><gpxtpx:TrackPointExtension><gpxtpx:bearing>81.38</gpxtpx:bearing><gpxtpx:speed>25.730965</gpxtpx:speed></gpxtpx:TrackPointExtension></extensions><geoidheight>-20.9</geoidheight><src>gps</src><sat>15</sat><hdop>0.69</hdop><vdop>1.02</vdop><pdop>1.23</pdop><dgpsid>0000</dgpsid></trkpt>
<trkpt lat="45.541616833333336" lon="-122.43072349999998"><ele>31.7</ele><time>2026-08-31T22:05:50.000Z</time><extensions><gpxtpx:TrackPointExtension><gpxtpx:bearing>103.59</gpxtpx:bearing><gpxtpx:speed>25.936338</gpxtpx:speed></gpxtpx:TrackPointExtension></extensions><geoidheight>-20.9</geoidheight><src>gps</src><sat>14</sat><hdop>0.67</hdop><vdop>1.06</vdop><pdop>1.25</pdop><dgpsid>0000</dgpsid></trkpt>
<trkpt lat="45.54077066666667" lon="-122.42723749999999"><ele>26.0</ele><time>2026-08-31T22:06:01.000Z</time><extensions><gpxtpx:TrackPointExtension><gpxtpx:bearing>110.22</gpxtpx:bearing><gpxtpx:speed>26.146345</gpxtpx:speed></gpxtpx:TrackPointExtension></extensions><geoidheight>-20.9</geoidheight><src>gps</src><sat>13</sat><hdop>0.72</hdop><vdop>1.08</vdop><pdop>1.30</pdop><dgpsid>0000</dgpsid></trkpt>
<trkpt lat="45.539928666666675" lon="-122.42375866666667"><ele>23.5</ele><time>2026-08-31T22:06:12.000Z</time><extensions><gpxtpx:TrackPointExtension><gpxtpx:bearing>105.0</gpxtpx:bearing><gpxtpx:speed>26.11855</gpxtpx:speed></gpxtpx:TrackPointExtension></extensions><geoidheight>-20.9</geoidheight><src>gps</src><sat>14</sat><hdop>0.67</hdop><vdop>1.06</vdop><pdop>1.25</pdop><dgpsid>0000</dgpsid></trkpt>
<trkpt lat="45.539621999999994" lon="-122.42012666666666"><ele>22.8</ele><time>2026-08-31T22:06:23.000Z</time><extensions><gpxtpx:TrackPointExtension><gpxtpx:bearing>87.86</gpxtpx:bearing><gpxtpx:speed>26.550402</gpxtpx:speed></gpxtpx:TrackPointExtension></extensions><geoidheight>-20.9</geoidheight><src>gps</src><sat>17</sat><hdop>0.68</hdop><vdop>1.12</vdop><pdop>1.31</pdop><dgpsid>0000</dgpsid></trkpt>
<trkpt lat="45.5401805" lon="-122.41643483333334"><ele>20.8</ele><time>2026-08-31T22:06:34.000Z</time><extensions><gpxtpx:TrackPointExtension><gpxtpx:bearing>68.96</gpxtpx:bearing><gpxtpx:speed>27.115566</gpxtpx:speed></gpxtpx:TrackPointExtension></extensions><geoidheight>-20.9</geoidheight><src>gps</src><sat>16</sat><hdop>0.69</hdop><vdop>0.99</vdop><pdop>1.21</pdop><dgpsid>0000</dgpsid></trkpt>
<trkpt lat="45.54136233333334" lon="-122.41305650000001"><ele>15.7</ele><time>2026-08-31T22:06:45.000Z</time><extensions><gpxtpx:TrackPointExtension><gpxtpx:bearing>62.5</gpxtpx:bearing><gpxtpx:speed>26.878794</gpxtpx:speed></gpxtpx:TrackPointExtension></extensions><geoidheight>-20.9</geoidheight><src>gps</src><sat>16</sat><hdop>0.65</hdop><vdop>0.99</vdop><pdop>1.18</pdop><dgpsid>0000</dgpsid></trkpt>
<trkpt lat="45.542629166666664" lon="-122.40967549999999"><ele>8.6</ele><time>2026-08-31T22:06:56.000Z</time><extensions><gpxtpx:TrackPointExtension><gpxtpx:bearing>61.99</gpxtpx:bearing><gpxtpx:speed>26.889603</gpxtpx:speed></gpxtpx:TrackPointExtension></extensions><geoidheight>-20.9</geoidheight><src>gps</src><sat>16</sat><hdop>0.67</hdop><vdop>1.01</vdop><pdop>1.21</pdop><dgpsid>0000</dgpsid></trkpt>
<trkpt lat="45.54381566666666" lon="-122.40635216666666"><ele>4.1</ele><time>2026-08-31T22:07:07.000Z</time><extensions><gpxtpx:TrackPointExtension><gpxtpx:bearing>67.13</gpxtpx:bearing><gpxtpx:speed>26.133991</gpxtpx:speed></gpxtpx:TrackPointExtension></extensions><geoidheight>-20.9</geoidheight><src>gps</src><sat>14</sat><hdop>0.77</hdop><vdop>1.29</vdop><pdop>1.50</pdop><dgpsid>0000</dgpsid></trkpt>
<trkpt lat="45.544462" lon="-122.40287583333333"><ele>8.1</ele><time>2026-08-31T22:07:18.000Z</time><extensions><gpxtpx:TrackPointExtension><gpxtpx:bearing>80.14</gpxtpx:bearing><gpxtpx:speed>24.722109</gpxtpx:speed></gpxtpx:TrackPointExtension></extensions><geoidheight>-20.9</geoidheight><src>gps</src><sat>16</sat><hdop>0.69</hdop><vdop>0.99</vdop><pdop>1.21</pdop><dgpsid>0000</dgpsid></trkpt>
<trkpt lat="45.54470783333333" lon="-122.3994625"><ele>12.4</ele><time>2026-08-31T22:07:29.000Z</time><extensions><gpxtpx:TrackPointExtension><gpxtpx:bearing>85.79</gpxtpx:bearing><gpxtpx:speed>24.026203</gpxtpx:speed></gpxtpx:TrackPointExtension></extensions><geoidheight>-20.9</geoidheight><src>gps</src><sat>16</sat><hdop>0.69</hdop><vdop>0.99</vdop><pdop>1.21</pdop><dgpsid>0000</dgpsid></trkpt>
<trkpt lat="45.54487583333333" lon="-122.39602816666665"><ele>9.7</ele><time>2026-08-31T22:07:40.000Z</time><extensions><gpxtpx:TrackPointExtension><gpxtpx:bearing>87.19</gpxtpx:bearing><gpxtpx:speed>24.988735</gpxtpx:speed></gpxtpx:TrackPointExtension></extensions><geoidheight>-20.9</geoidheight><src>gps</src><sat>16</sat><hdop>0.72</hdop><vdop>0.98</vdop><pdop>1.22</pdop><dgpsid>0000</dgpsid></trkpt>
<trkpt lat="45.54491933333334" lon="-122.39246183333334"><ele>9.2</ele><time>2026-08-31T22:07:51.000Z</time><extensions><gpxtpx:TrackPointExtension><gpxtpx:bearing>90.59</gpxtpx:bearing><gpxtpx:speed>25.355217</gpxtpx:speed></gpxtpx:TrackPointExtension></extensions><geoidheight>-20.9</geoidheight><src>gps</src><sat>16</sat><hdop>0.67</hdop><vdop>0.95</vdop><pdop>1.16</pdop><dgpsid>0000</dgpsid></trkpt>
<trkpt lat="45.54480683333333" lon="-122.38884733333335"><ele>7.9</ele><time>2026-08-31T22:08:02.000Z</time><extensions><gpxtpx:TrackPointExtension><gpxtpx:bearing>93.98</gpxtpx:bearing><gpxtpx:speed>26.409882</gpxtpx:speed></gpxtpx:TrackPointExtension></extensions><geoidheight>-20.9</geoidheight><src>gps</src><sat>16</sat><hdop>0.66</hdop><vdop>1.06</vdop><pdop>1.25</pdop><dgpsid>0000</dgpsid></trkpt>
<trkpt lat="45.54456283333334" lon="-122.38512199999998"><ele>7.9</ele><time>2026-08-31T22:08:13.000Z</time><extensions><gpxtpx:TrackPointExtension><gpxtpx:bearing>95.64</gpxtpx:bearing><gpxtpx:speed>26.391867</gpxtpx:speed></gpxtpx:TrackPointExtension></extensions><geoidheight>-20.9</geoidheight><src>gps</src><sat>16</sat><hdop>0.67</hdop><vdop>1.00</vdop><pdop>1.20</pdop><dgpsid>0000</dgpsid></trkpt>
<trkpt lat="45.544303166666666" lon="-122.38149016666667"><ele>7.0</ele><time>2026-08-31T22:08:24.000Z</time><extensions><gpxtpx:TrackPointExtension><gpxtpx:bearing>96.15</gpxtpx:bearing><gpxtpx:speed>25.399998</gpxtpx:speed></gpxtpx:TrackPointExtension></extensions><geoidheight>-20.9</geoidheight><src>gps</src><sat>17</sat><hdop>0.65</hdop><vdop>0.95</vdop><pdop>1.15</pdop><dgpsid>0000</dgpsid></trkpt>
<trkpt lat="45.54404966666666" lon="-122.37791700000001"><ele>5.2</ele><time>2026-08-31T22:08:35.000Z</time><extensions><gpxtpx:TrackPointExtension><gpxtpx:bearing>95.69</gpxtpx:bearing><gpxtpx:speed>25.72942</gpxtpx:speed></gpxtpx:TrackPointExtension></extensions><geoidheight>-20.9</geoidheight><src>gps</src><sat>16</sat><hdop>0.66</hdop><vdop>1.05</vdop><pdop>1.24</pdop><dgpsid>0000</dgpsid></trkpt>
<trkpt lat="45.54379766666666" lon="-122.37430283333333"><ele>6.2</ele><time>2026-08-31T22:08:46.000Z</time><extensions><gpxtpx:TrackPointExtension><gpxtpx:bearing>95.93</gpxtpx:bearing><gpxtpx:speed>26.009428</gpxtpx:speed></gpxtpx:TrackPointExtension></extensions><geoidheight>-20.9</geoidheight><src>gps</src><sat>15</sat><hdop>0.70</hdop><vdop>1.09</vdop><pdop>1.30</pdop><dgpsid>0000</dgpsid></trkpt>
<trkpt lat="45.54354316666666" lon="-122.37065066666668"><ele>6.2</ele><time>2026-08-31T22:08:57.000Z</time><extensions><gpxtpx:TrackPointExtension><gpxtpx:bearing>95.64</gpxtpx:bearing><gpxtpx:speed>26.032076</gpxtpx:speed></gpxtpx:TrackPointExtension></extensions><geoidheight>-20.9</geoidheight><src>gps</src><sat>16</sat><hdop>0.69</hdop><vdop>0.99</vdop><pdop>1.20</pdop><dgpsid>0000</dgpsid></trkpt>
<trkpt lat="45.54327966666666" lon="-122.36699216666666"><ele>5.2</ele><time>2026-08-31T22:09:08.000Z</time><extensions><gpxtpx:TrackPointExtension><gpxtpx:bearing>96.05</gpxtpx:bearing><gpxtpx:speed>26.21017</gpxtpx:speed></gpxtpx:TrackPointExtension></extensions><geoidheight>-20.9</geoidheight><src>gps</src><sat>14</sat><hdop>0.84</hdop><vdop>1.25</vdop><pdop>1.50</pdop><dgpsid>0000</dgpsid></trkpt>
<trkpt lat="45.54301699999999" lon="-122.36331833333334"><ele>5.3</ele><time>2026-08-31T22:09:19.000Z</time><extensions><gpxtpx:TrackPointExtension><gpxtpx:bearing>95.8</gpxtpx:bearing><gpxtpx:speed>26.133476</gpxtpx:speed></gpxtpx:TrackPointExtension></extensions><geoidheight>-20.9</geoidheight><src>gps</src><sat>15</sat><hdop>0.91</hdop><vdop>1.40</vdop><pdop>1.67</pdop><dgpsid>0000</dgpsid></trkpt>
<trkpt lat="45.54276316666666" lon="-122.35965416666667"><ele>5.4</ele><time>2026-08-31T22:09:30.000Z</time><extensions><gpxtpx:TrackPointExtension><gpxtpx:bearing>95.72</gpxtpx:bearing><gpxtpx:speed>26.15561</gpxtpx:speed></gpxtpx:TrackPointExtension></extensions><geoidheight>-20.9</geoidheight><src>gps</src><sat>15</sat><hdop>0.77</hdop><vdop>1.24</vdop><pdop>1.46</pdop><dgpsid>0000</dgpsid></trkpt>
<trkpt lat="45.542506" lon="-122.35598900000001"><ele>4.4</ele><time>2026-08-31T22:09:41.000Z</time><extensions><gpxtpx:TrackPointExtension><gpxtpx:bearing>95.9</gpxtpx:bearing><gpxtpx:speed>26.183405</gpxtpx:speed></gpxtpx:TrackPointExtension></extensions><geoidheight>-20.9</geoidheight><src>gps</src><sat>15</sat><hdop>0.80</hdop><vdop>1.23</vdop><pdop>1.47</pdop><dgpsid>0000</dgpsid></trkpt>
<trkpt lat="45.54224683333334" lon="-122.35227216666665"><ele>3.8</ele><time>2026-08-31T22:09:52.000Z</time><extensions><gpxtpx:TrackPointExtension><gpxtpx:bearing>96.12</gpxtpx:bearing><gpxtpx:speed>26.620403</gpxtpx:speed></gpxtpx:TrackPointExtension></extensions><geoidheight>-20.8</geoidheight><src>gps</src><sat>15</sat><hdop>0.82</hdop><vdop>1.06</vdop><pdop>1.33</pdop><dgpsid>0000</dgpsid></trkpt>
<trkpt lat="45.541994333333335" lon="-122.34854816666666"><ele>5.3</ele><time>2026-08-31T22:10:03.000Z</time><extensions><gpxtpx:TrackPointExtension><gpxtpx:bearing>95.62</gpxtpx:bearing><gpxtpx:speed>26.477825</gpxtpx:speed></gpxtpx:TrackPointExtension></extensions><geoidheight>-20.8</geoidheight><src>gps</src><sat>17</sat><hdop>0.65</hdop><vdop>0.94</vdop><pdop>1.15</pdop><dgpsid>0000</dgpsid></trkpt>
<trkpt lat="45.54171233333333" lon="-122.34479166666667"><ele>5.4</ele><time>2026-08-31T22:10:14.000Z</time><extensions><gpxtpx:TrackPointExtension><gpxtpx:bearing>96.47</gpxtpx:bearing><gpxtpx:speed>27.003357</gpxtpx:speed></gpxtpx:TrackPointExtension></extensions><geoidheight>-20.8</geoidheight><src>gps</src><sat>14</sat><hdop>0.79</hdop><vdop>0.97</vdop><pdop>1.25</pdop><dgpsid>0000</dgpsid></trkpt>
<trkpt lat="45.54095683333333" lon="-122.34083666666666"><ele>4.3</ele><time>2026-08-31T22:10:26.000Z</time><extensions><gpxtpx:TrackPointExtension><gpxtpx:bearing>108.72</gpxtpx:bearing><gpxtpx:speed>26.677538</gpxtpx:speed></gpxtpx:TrackPointExtension></extensions><geoidheight>-20.8</geoidheight><src>gps</src><sat>14</sat><hdop>0.82</hdop><vdop>1.16</vdop><pdop>1.42</pdop><dgpsid>0000</dgpsid></trkpt>
<trkpt lat="45.540105499999996" lon="-122.33725283333334"><ele>3.9</ele><time>2026-08-31T22:10:37.000Z</time><extensions><gpxtpx:TrackPointExtension><gpxtpx:bearing>108.62</gpxtpx:bearing><gpxtpx:speed>26.976591</gpxtpx:speed></gpxtpx:TrackPointExtension></extensions><geoidheight>-20.8</geoidheight><src>gps</src><sat>14</sat><hdop>0.82</hdop><vdop>1.05</vdop><pdop>1.33</pdop><dgpsid>0000</dgpsid></trkpt>
<trkpt lat="45.53931433333334" lon="-122.33363933333334"><ele>3.8</ele><time>2026-08-31T22:10:48.000Z</time><extensions><gpxtpx:TrackPointExtension><gpxtpx:bearing>104.86</gpxtpx:bearing><gpxtpx:speed>26.841219</gpxtpx:speed></gpxtpx:TrackPointExtension></extensions><geoidheight>-20.8</geoidheight><src>gps</src><sat>12</sat><hdop>0.96</hdop><vdop>1.81</vdop><pdop>2.05</pdop><dgpsid>0000</dgpsid></trkpt>
<trkpt lat="45.53871733333334" lon="-122.32994466666666"><ele>-0.1</ele><time>2026-08-31T22:10:59.000Z</time><extensions><gpxtpx:TrackPointExtension><gpxtpx:bearing>100.33</gpxtpx:bearing><gpxtpx:speed>26.897839</gpxtpx:speed></gpxtpx:TrackPointExtension></extensions><geoidheight>-20.8</geoidheight><src>gps</src><sat>12</sat><hdop>1.01</hdop><vdop>1.87</vdop><pdop>2.13</pdop><dgpsid>0000</dgpsid></trkpt>
<trkpt lat="45.53836983333334" lon="-122.32616633333333"><ele>-1.5</ele><time>2026-08-31T22:11:10.000Z</time><extensions><gpxtpx:TrackPointExtension><gpxtpx:bearing>94.74</gpxtpx:bearing><gpxtpx:speed>27.271013</gpxtpx:speed></gpxtpx:TrackPointExtension></extensions><geoidheight>-20.8</geoidheight><src>gps</src><sat>14</sat><hdop>0.94</hdop><vdop>1.64</vdop><pdop>1.89</pdop><dgpsid>0000</dgpsid></trkpt>
<trkpt lat="45.538281000000005" lon="-122.32234083333333"><ele>-1.2</ele><time>2026-08-31T22:11:21.000Z</time><extensions><gpxtpx:TrackPointExtension><gpxtpx:bearing>89.48</gpxtpx:bearing><gpxtpx:speed>27.22829</gpxtpx:speed></gpxtpx:TrackPointExtension></extensions><geoidheight>-20.8</geoidheight><src>gps</src><sat>14</sat><hdop>0.94</hdop><vdop>1.64</vdop><pdop>1.89</pdop><dgpsid>0000</dgpsid></trkpt>
<trkpt lat="45.5383995" lon="-122.31852883333335"><ele>-1.9</ele><time>2026-08-31T22:11:32.000Z</time><extensions><gpxtpx:TrackPointExtension><gpxtpx:bearing>85.81</gpxtpx:bearing><gpxtpx:speed>27.371899</gpxtpx:speed></gpxtpx:TrackPointExtension></extensions><geoidheight>-20.8</geoidheight><src>gps</src><sat>14</sat><hdop>0.92</hdop><vdop>1.40</vdop><pdop>1.68</pdop><dgpsid>0000</dgpsid></trkpt>
<trkpt lat="45.538646333333325" lon="-122.31474016666668"><ele>-0.5</ele><time>2026-08-31T22:11:43.000Z</time><extensions><gpxtpx:TrackPointExtension><gpxtpx:bearing>84.65</gpxtpx:bearing><gpxtpx:speed>26.467531</gpxtpx:speed></gpxtpx:TrackPointExtension></extensions><geoidheight>-20.8</geoidheight><src>gps</src><sat>14</sat><hdop>0.92</hdop><vdop>1.40</vdop><pdop>1.68</pdop><dgpsid>0000</dgpsid></trkpt>
<trkpt lat="45.538884666666675" lon="-122.31103966666666"><ele>-0.1</ele><time>2026-08-31T22:11:54.000Z</time><extensions><gpxtpx:TrackPointExtension><gpxtpx:bearing>84.33</gpxtpx:bearing><gpxtpx:speed>26.429956</gpxtpx:speed></gpxtpx:TrackPointExtension></extensions><geoidheight>-20.8</geoidheight><src>gps</src><sat>15</sat><hdop>0.92</hdop><vdop>1.40</vdop><pdop>1.68</pdop><dgpsid>0000</dgpsid></trkpt>
<trkpt lat="45.53914083333334" lon="-122.30733816666667"><ele>-1.6</ele><time>2026-08-31T22:12:05.000Z</time><extensions><gpxtpx:TrackPointExtension><gpxtpx:bearing>83.7</gpxtpx:bearing><gpxtpx:speed>26.329071</gpxtpx:speed></gpxtpx:TrackPointExtension></extensions><geoidheight>-20.8</geoidheight><src>gps</src><sat>15</sat><hdop>0.80</hdop><vdop>1.22</vdop><pdop>1.46</pdop><dgpsid>0000</dgpsid></trkpt>
<trkpt lat="45.5396415" lon="-122.30371133333334"><ele>-0.1</ele><time>2026-08-31T22:12:16.000Z</time><extensions><gpxtpx:TrackPointExtension><gpxtpx:bearing>74.85</gpxtpx:bearing><gpxtpx:speed>26.127815</gpxtpx:speed></gpxtpx:TrackPointExtension></extensions><geoidheight>-20.8</geoidheight><src>gps</src><sat>14</sat><hdop>0.92</hdop><vdop>1.40</vdop><pdop>1.68</pdop><dgpsid>0000</dgpsid></trkpt>
<trkpt lat="45.540393166666675" lon="-122.30016933333333"><ele>1.5</ele><time>2026-08-31T22:12:27.000Z</time><extensions><gpxtpx:TrackPointExtension><gpxtpx:bearing>72.83</gpxtpx:bearing><gpxtpx:speed>26.64923</gpxtpx:speed></gpxtpx:TrackPointExtension></extensions><geoidheight>-20.8</geoidheight><src>gps</src><sat>15</sat><hdop>0.77</hdop><vdop>1.24</vdop><pdop>1.46</pdop><dgpsid>0000</dgpsid></trkpt>
<trkpt lat="45.54116316666667" lon="-122.29655316666667"><ele>2.9</ele><time>2026-08-31T22:12:38.000Z</time><extensions><gpxtpx:TrackPointExtension><gpxtpx:bearing>73.46</gpxtpx:bearing><gpxtpx:speed>26.877766</gpxtpx:speed></gpxtpx:TrackPointExtension></extensions><geoidheight>-20.8</geoidheight><src>gps</src><sat>15</sat><hdop>0.77</hdop><vdop>1.24</vdop><pdop>1.46</pdop><dgpsid>0000</dgpsid></trkpt>
<trkpt lat="45.541608" lon="-122.29282083333334"><ele>4.6</ele><time>2026-08-31T22:12:49.000Z</time><extensions><gpxtpx:TrackPointExtension><gpxtpx:bearing>85.42</gpxtpx:bearing><gpxtpx:speed>27.047623</gpxtpx:speed></gpxtpx:TrackPointExtension></extensions><geoidheight>-20.8</geoidheight><src>gps</src><sat>15</sat><hdop>0.78</hdop><vdop>1.24</vdop><pdop>1.47</pdop><dgpsid>0000</dgpsid></trkpt>
<trkpt lat="45.54173066666667" lon="-122.28905283333333"><ele>5.5</ele><time>2026-08-31T22:13:00.000Z</time><extensions><gpxtpx:TrackPointExtension><gpxtpx:bearing>90.38</gpxtpx:bearing><gpxtpx:speed>26.232304</gpxtpx:speed></gpxtpx:TrackPointExtension></extensions><geoidheight>-20.8</geoidheight><src>gps</src><sat>15</sat><hdop>0.76</hdop><vdop>1.16</vdop><pdop>1.39</pdop><dgpsid>0000</dgpsid></trkpt>
<trkpt lat="45.54153533333333" lon="-122.28541650000001"><ele>5.8</ele><time>2026-08-31T22:13:11.000Z</time><extensions><gpxtpx:TrackPointExtension><gpxtpx:bearing>94.68</gpxtpx:bearing><gpxtpx:speed>25.770597</gpxtpx:speed></gpxtpx:TrackPointExtension></extensions><geoidheight>-20.8</geoidheight><src>gps</src><sat>14</sat><hdop>0.92</hdop><vdop>1.40</vdop><pdop>1.68</pdop><dgpsid>0000</dgpsid></trkpt>
<trkpt lat="45.5414785" lon="-122.28166066666667"><ele>5.1</ele><time>2026-08-31T22:13:22.000Z</time><extensions><gpxtpx:TrackPointExtension><gpxtpx:bearing>84.62</gpxtpx:bearing><gpxtpx:speed>27.464033</gpxtpx:speed></gpxtpx:TrackPointExtension></extensions><geoidheight>-20.8</geoidheight><src>gps</src><sat>14</sat><hdop>0.83</hdop><vdop>1.25</vdop><pdop>1.50</pdop><dgpsid>0000</dgpsid></trkpt>
<trkpt lat="45.541906166666664" lon="-122.27780533333335"><ele>4.5</ele><time>2026-08-31T22:13:33.000Z</time><extensions><gpxtpx:TrackPointExtension><gpxtpx:bearing>80.09</gpxtpx:bearing><gpxtpx:speed>27.911327</gpxtpx:speed></gpxtpx:TrackPointExtension></extensions><geoidheight>-20.8</geoidheight><src>gps</src><sat>16</sat><hdop>0.78</hdop><vdop>1.16</vdop><pdop>1.40</pdop><dgpsid>0000</dgpsid></trkpt>
<trkpt lat="45.542056833333326" lon="-122.27402383333335"><ele>6.2</ele><time>2026-08-31T22:13:44.000Z</time><extensions><gpxtpx:TrackPointExtension><gpxtpx:bearing>98.85</gpxtpx:bearing><gpxtpx:speed>26.121124</gpxtpx:speed></gpxtpx:TrackPointExtension></extensions><geoidheight>-20.8</geoidheight><src>gps</src><sat>14</sat><hdop>1.09</hdop><vdop>1.47</vdop><pdop>1.83</pdop><dgpsid>0000</dgpsid></trkpt>
<trkpt lat="45.54168816666667" lon="-122.27039250000001"><ele>7.9</ele><time>2026-08-31T22:13:55.000Z</time><extensions><gpxtpx:TrackPointExtension><gpxtpx:bearing>96.91</gpxtpx:bearing><gpxtpx:speed>26.037739</gpxtpx:speed></gpxtpx:TrackPointExtension></extensions><geoidheight>-20.8</geoidheight><src>gps</src><sat>14</sat><hdop>0.92</hdop><vdop>1.40</vdop><pdop>1.68</pdop><dgpsid>0000</dgpsid></trkpt>
<trkpt lat="45.54144233333333" lon="-122.26640883333333"><ele>7.8</ele><time>2026-08-31T22:14:07.000Z</time><extensions><gpxtpx:TrackPointExtension><gpxtpx:bearing>92.89</gpxtpx:bearing><gpxtpx:speed>26.11958</gpxtpx:speed></gpxtpx:TrackPointExtension></extensions><geoidheight>-20.8</geoidheight><src>gps</src><sat>15</sat><hdop>0.78</hdop><vdop>1.24</vdop><pdop>1.47</pdop><dgpsid>0000</dgpsid></trkpt>
<trkpt lat="45.54140233333332" lon="-122.26272166666668"><ele>7.9</ele><time>2026-08-31T22:14:18.000Z</time><extensions><gpxtpx:TrackPointExtension><gpxtpx:bearing>89.31</gpxtpx:bearing><gpxtpx:speed>26.323923</gpxtpx:speed></gpxtpx:TrackPointExtension></extensions><geoidheight>-20.8</geoidheight><src>gps</src><sat>16</sat><hdop>0.80</hdop><vdop>1.20</vdop><pdop>1.45</pdop><dgpsid>0000</dgpsid></trkpt>
<trkpt lat="45.54153633333333" lon="-122.25900066666667"><ele>8.0</ele><time>2026-08-31T22:14:29.000Z</time><extensions><gpxtpx:TrackPointExtension><gpxtpx:bearing>85.27</gpxtpx:bearing><gpxtpx:speed>26.881884</gpxtpx:speed></gpxtpx:TrackPointExtension></extensions><geoidheight>-20.8</geoidheight><src>gps</src><sat>15</sat><hdop>0.80</hdop><vdop>1.20</vdop><pdop>1.44</pdop><dgpsid>0000</dgpsid></trkpt>
<trkpt lat="45.541853833333334" lon="-122.25520283333331"><ele>7.8</ele><time>2026-08-31T22:14:40.000Z</time><extensions><gpxtpx:TrackPointExtension><gpxtpx:bearing>81.76</gpxtpx:bearing><gpxtpx:speed>27.209246</gpxtpx:speed></gpxtpx:TrackPointExtension></extensions><geoidheight>-20.8</geoidheight><src>gps</src><sat>15</sat><hdop>0.75</hdop><vdop>1.19</vdop><pdop>1.41</pdop><dgpsid>0000</dgpsid></trkpt>
<trkpt lat="45.54227816666666" lon="-122.25138566666668"><ele>8.7</ele><time>2026-08-31T22:14:51.000Z</time><extensions><gpxtpx:TrackPointExtension><gpxtpx:bearing>80.65</gpxtpx:bearing><gpxtpx:speed>27.479475</gpxtpx:speed></gpxtpx:TrackPointExtension></extensions><geoidheight>-20.8</geoidheight><src>gps</src><sat>16</sat><hdop>0.74</hdop><vdop>1.15</vdop><pdop>1.37</pdop><dgpsid>0000</dgpsid></trkpt>
<trkpt lat="45.54274" lon="-122.24756350000001"><ele>6.9</ele><time>2026-08-31T22:15:02.000Z</time><extensions><gpxtpx:TrackPointExtension><gpxtpx:bearing>79.82</gpxtpx:bearing><gpxtpx:speed>27.538668</gpxtpx:speed></gpxtpx:TrackPointExtension></extensions><geoidheight>-20.8</geoidheight><src>gps</src><sat>13</sat><hdop>0.81</hdop><vdop>1.37</vdop><pdop>1.59</pdop><dgpsid>0000</dgpsid></trkpt>
<trkpt lat="45.54325416666667" lon="-122.24372966666667"><ele>7.1</ele><time>2026-08-31T22:15:13.000Z</time><extensions><gpxtpx:TrackPointExtension><gpxtpx:bearing>78.29</gpxtpx:bearing><gpxtpx:speed>27.761543</gpxtpx:speed></gpxtpx:TrackPointExtension></extensions><geoidheight>-20.8</geoidheight><src>gps</src><sat>16</sat><hdop>0.93</hdop><vdop>1.40</vdop><pdop>1.68</pdop><dgpsid>0000</dgpsid></trkpt>
<trkpt lat="45.543820499999995" lon="-122.23987933333335"><ele>6.2</ele><time>2026-08-31T22:15:24.000Z</time><extensions><gpxtpx:TrackPointExtension><gpxtpx:bearing>78.06</gpxtpx:bearing><gpxtpx:speed>28.046185</gpxtpx:speed></gpxtpx:TrackPointExtension></extensions><geoidheight>-20.8</geoidheight><src>gps</src><sat>14</sat><hdop>0.93</hdop><vdop>1.50</vdop><pdop>1.76</pdop><dgpsid>0000</dgpsid></trkpt>
<trkpt lat="45.54443183333333" lon="-122.2360345"><ele>6.7</ele><time>2026-08-31T22:15:35.000Z</time><extensions><gpxtpx:TrackPointExtension><gpxtpx:bearing>76.55</gpxtpx:bearing><gpxtpx:speed>27.817133</gpxtpx:speed></gpxtpx:TrackPointExtension></extensions><geoidheight>-20.8</geoidheight><src>gps</src><sat>13</sat><hdop>1.08</hdop><vdop>1.45</vdop><pdop>1.81</pdop><dgpsid>0000</dgpsid></trkpt>
<trkpt lat="45.54507933333333" lon="-122.23221783333332"><ele>7.0</ele><time>2026-08-31T22:15:46.000Z</time><extensions><gpxtpx:TrackPointExtension><gpxtpx:bearing>75.79</gpxtpx:bearing><gpxtpx:speed>27.973093</gpxtpx:speed></gpxtpx:TrackPointExtension></extensions><geoidheight>-20.8</geoidheight><src>gps</src><sat>13</sat><hdop>1.08</hdop><vdop>1.45</vdop><pdop>1.81</pdop><dgpsid>0000</dgpsid></trkpt>
<trkpt lat="45.54574666666667" lon="-122.228389"><ele>7.4</ele><time>2026-08-31T22:15:57.000Z</time><extensions><gpxtpx:TrackPointExtension><gpxtpx:bearing>76.6</gpxtpx:bearing><gpxtpx:speed>28.134716</gpxtpx:speed></gpxtpx:TrackPointExtension></extensions><geoidheight>-20.8</geoidheight><src>gps</src><sat>13</sat><hdop>0.85</hdop><vdop>1.31</vdop><pdop>1.56</pdop><dgpsid>0000</dgpsid></trkpt>
<trkpt lat="45.546365" lon="-122.22456166666667"><ele>6.8</ele><time>2026-08-31T22:16:08.000Z</time><extensions><gpxtpx:TrackPointExtension><gpxtpx:bearing>78.1</gpxtpx:bearing><gpxtpx:speed>27.622568</gpxtpx:speed></gpxtpx:TrackPointExtension></extensions><geoidheight>-20.8</geoidheight><src>gps</src><sat>14</sat><hdop>0.79</hdop><vdop>1.31</vdop><pdop>1.53</pdop><dgpsid>0000</dgpsid></trkpt>
<trkpt lat="45.54688683333334" lon="-122.2207745"><ele>5.6</ele><time>2026-08-31T22:16:19.000Z</time><extensions><gpxtpx:TrackPointExtension><gpxtpx:bearing>79.73</gpxtpx:bearing><gpxtpx:speed>27.18351</gpxtpx:speed></gpxtpx:TrackPointExtension></extensions><geoidheight>-20.7</geoidheight><src>gps</src><sat>14</sat><hdop>0.84</hdop><vdop>1.47</vdop><pdop>1.69</pdop><dgpsid>0000</dgpsid></trkpt>
<trkpt lat="45.54730033333333" lon="-122.21715783333333"><ele>4.0</ele><time>2026-08-31T22:16:30.000Z</time><extensions><gpxtpx:TrackPointExtension><gpxtpx:bearing>81.79</gpxtpx:bearing><gpxtpx:speed>25.35676</gpxtpx:speed></gpxtpx:TrackPointExtension></extensions><geoidheight>-20.7</geoidheight><src>gps</src><sat>12</sat><hdop>0.99</hdop><vdop>1.86</vdop><pdop>2.11</pdop><dgpsid>0000</dgpsid></trkpt>
<trkpt lat="45.54763583333333" lon="-122.21367899999998"><ele>3.6</ele><time>2026-08-31T22:16:41.000Z</time><extensions><gpxtpx:TrackPointExtension><gpxtpx:bearing>82.82</gpxtpx:bearing><gpxtpx:speed>24.87498</gpxtpx:speed></gpxtpx:TrackPointExtension></extensions><geoidheight>-20.7</geoidheight><src>gps</src><sat>12</sat><hdop>0.99</hdop><vdop>1.86</vdop><pdop>2.10</pdop><dgpsid>0000</dgpsid></trkpt>
<trkpt lat="45.54791650000001" lon="-122.21008433333333"><ele>4.2</ele><time>2026-08-31T22:16:52.000Z</time><extensions><gpxtpx:TrackPointExtension><gpxtpx:bearing>83.8</gpxtpx:bearing><gpxtpx:speed>26.391867</gpxtpx:speed></gpxtpx:TrackPointExtension></extensions><geoidheight>-20.7</geoidheight><src>gps</src><sat>13</sat><hdop>0.88</hdop><vdop>1.62</vdop><pdop>1.84</pdop><dgpsid>0000</dgpsid></trkpt>
<trkpt lat="45.548211666666674" lon="-122.20635316666667"><ele>4.6</ele><time>2026-08-31T22:17:03.000Z</time><extensions><gpxtpx:TrackPointExtension><gpxtpx:bearing>83.48</gpxtpx:bearing><gpxtpx:speed>26.863867</gpxtpx:speed></gpxtpx:TrackPointExtension></extensions><geoidheight>-20.7</geoidheight><src>gps</src><sat>12</sat><hdop>0.88</hdop><vdop>1.62</vdop><pdop>1.84</pdop><dgpsid>0000</dgpsid></trkpt>
<trkpt lat="45.5485955" lon="-122.20263983333334"><ele>6.0</ele><time>2026-08-31T22:17:14.000Z</time><extensions><gpxtpx:TrackPointExtension><gpxtpx:bearing>78.9</gpxtpx:bearing><gpxtpx:speed>26.46084</gpxtpx:speed></gpxtpx:TrackPointExtension></extensions><geoidheight>-20.7</geoidheight><src>gps</src><sat>15</sat><hdop>0.84</hdop><vdop>1.25</vdop><pdop>1.50</pdop><dgpsid>0000</dgpsid></trkpt>
<trkpt lat="45.54924066666668" lon="-122.19905949999999"><ele>6.6</ele><time>2026-08-31T22:17:25.000Z</time><extensions><gpxtpx:TrackPointExtension><gpxtpx:bearing>72.32</gpxtpx:bearing><gpxtpx:speed>26.158697</gpxtpx:speed></gpxtpx:TrackPointExtension></extensions><geoidheight>-20.7</geoidheight><src>gps</src><sat>14</sat><hdop>0.84</hdop><vdop>1.25</vdop><pdop>1.50</pdop><dgpsid>0000</dgpsid></trkpt>
<trkpt lat="45.550169999999994" lon="-122.19564133333333"><ele>5.5</ele><time>2026-08-31T22:17:36.000Z</time><extensions><gpxtpx:TrackPointExtension><gpxtpx:bearing>65.88</gpxtpx:bearing><gpxtpx:speed>25.918837</gpxtpx:speed></gpxtpx:TrackPointExtension></extensions><geoidheight>-20.7</geoidheight><src>gps</src><sat>15</sat><hdop>0.79</hdop><vdop>1.24</vdop><pdop>1.47</pdop><dgpsid>0000</dgpsid></trkpt>
<trkpt lat="45.55135966666667" lon="-122.19241366666665"><ele>7.2</ele><time>2026-08-31T22:17:47.000Z</time><extensions><gpxtpx:TrackPointExtension><gpxtpx:bearing>59.36</gpxtpx:bearing><gpxtpx:speed>25.634195</gpxtpx:speed></gpxtpx:TrackPointExtension></extensions><geoidheight>-20.7</geoidheight><src>gps</src><sat>14</sat><hdop>0.84</hdop><vdop>1.25</vdop><pdop>1.50</pdop><dgpsid>0000</dgpsid></trkpt>
<trkpt lat="45.552739833333334" lon="-122.18941066666666"><ele>6.7</ele><time>2026-08-31T22:17:58.000Z</time><extensions><gpxtpx:TrackPointExtension><gpxtpx:bearing>55.31</gpxtpx:bearing><gpxtpx:speed>25.380438</gpxtpx:speed></gpxtpx:TrackPointExtension></extensions><geoidheight>-20.7</geoidheight><src>gps</src><sat>14</sat><hdop>0.93</hdop><vdop>1.39</vdop><pdop>1.67</pdop><dgpsid>0000</dgpsid></trkpt>
<trkpt lat="45.5542185" lon="-122.186524"><ele>4.9</ele><time>2026-08-31T22:18:09.000Z</time><extensions><gpxtpx:TrackPointExtension><gpxtpx:bearing>52.68</gpxtpx:bearing><gpxtpx:speed>25.311466</gpxtpx:speed></gpxtpx:TrackPointExtension></extensions><geoidheight>-20.7</geoidheight><src>gps</src><sat>15</sat><hdop>0.79</hdop><vdop>1.24</vdop><pdop>1.47</pdop><dgpsid>0000</dgpsid></trkpt>
<trkpt lat="45.555743" lon="-122.18370316666666"><ele>6.2</ele><time>2026-08-31T22:18:20.000Z</time><extensions><gpxtpx:TrackPointExtension><gpxtpx:bearing>52.18</gpxtpx:bearing><gpxtpx:speed>25.273891</gpxtpx:speed></gpxtpx:TrackPointExtension></extensions><geoidheight>-20.7</geoidheight><src>gps</src><sat>13</sat><hdop>0.86</hdop><vdop>1.26</vdop><pdop>1.52</pdop><dgpsid>0000</dgpsid></trkpt>
<trkpt lat="45.55728666666667" lon="-122.18092716666666"><ele>4.6</ele><time>2026-08-31T22:18:31.000Z</time><extensions><gpxtpx:TrackPointExtension><gpxtpx:bearing>50.51</gpxtpx:bearing><gpxtpx:speed>25.291906</gpxtpx:speed></gpxtpx:TrackPointExtension></extensions><geoidheight>-20.7</geoidheight><src>gps</src><sat>15</sat><hdop>0.84</hdop><vdop>1.24</vdop><pdop>1.50</pdop><dgpsid>0000</dgpsid></trkpt>
<trkpt lat="45.558891833333334" lon="-122.17820416666667"><ele>5.3</ele><time>2026-08-31T22:18:42.000Z</time><extensions><gpxtpx:TrackPointExtension><gpxtpx:bearing>49.0</gpxtpx:bearing><gpxtpx:speed>25.010353</gpxtpx:speed></gpxtpx:TrackPointExtension></extensions><geoidheight>-20.7</geoidheight><src>gps</src><sat>15</sat><hdop>0.84</hdop><vdop>1.24</vdop><pdop>1.50</pdop><dgpsid>0000</dgpsid></trkpt>
<trkpt lat="45.560542500000004" lon="-122.17559133333334"><ele>5.3</ele><time>2026-08-31T22:18:53.000Z</time><extensions><gpxtpx:TrackPointExtension><gpxtpx:bearing>47.72</gpxtpx:bearing><gpxtpx:speed>24.96094</gpxtpx:speed></gpxtpx:TrackPointExtension></extensions><geoidheight>-20.7</geoidheight><src>gps</src><sat>15</sat><hdop>0.84</hdop><vdop>1.24</vdop><pdop>1.50</pdop><dgpsid>0000</dgpsid></trkpt>
<trkpt lat="45.562228166666664" lon="-122.17299833333333"><ele>8.4</ele><time>2026-08-31T22:19:04.000Z</time><extensions><gpxtpx:TrackPointExtension><gpxtpx:bearing>46.89</gpxtpx:bearing><gpxtpx:speed>25.252787</gpxtpx:speed></gpxtpx:TrackPointExtension></extensions><geoidheight>-20.7</geoidheight><src>gps</src><sat>15</sat><hdop>0.79</hdop><vdop>1.24</vdop><pdop>1.47</pdop><dgpsid>0000</dgpsid></trkpt>
<trkpt lat="45.563923833333334" lon="-122.17037783333332"><ele>7.6</ele><time>2026-08-31T22:19:15.000Z</time><extensions><gpxtpx:TrackPointExtension><gpxtpx:bearing>47.51</gpxtpx:bearing><gpxtpx:speed>25.494707</gpxtpx:speed></gpxtpx:TrackPointExtension></extensions><geoidheight>-20.7</geoidheight><src>gps</src><sat>15</sat><hdop>0.79</hdop><vdop>1.24</vdop><pdop>1.47</pdop><dgpsid>0000</dgpsid></trkpt>
<trkpt lat="45.56567766666667" lon="-122.16767216666668"><ele>6.6</ele><time>2026-08-31T22:19:26.000Z</time><extensions><gpxtpx:TrackPointExtension><gpxtpx:bearing>47.25</gpxtpx:bearing><gpxtpx:speed>26.61783</gpxtpx:speed></gpxtpx:TrackPointExtension></extensions><geoidheight>-20.7</geoidheight><src>gps</src><sat>14</sat><hdop>0.80</hdop><vdop>1.26</vdop><pdop>1.49</pdop><dgpsid>0000</dgpsid></trkpt>
<trkpt lat="45.56748883333333" lon="-122.16486566666666"><ele>5.4</ele><time>2026-08-31T22:19:37.000Z</time><extensions><gpxtpx:TrackPointExtension><gpxtpx:bearing>47.58</gpxtpx:bearing><gpxtpx:speed>27.210276</gpxtpx:speed></gpxtpx:TrackPointExtension></extensions><geoidheight>-20.7</geoidheight><src>gps</src><sat>14</sat><hdop>0.81</hdop><vdop>1.26</vdop><pdop>1.49</pdop><dgpsid>0000</dgpsid></trkpt>
<trkpt lat="45.569267833333335" lon="-122.16200583333332"><ele>5.7</ele><time>2026-08-31T22:19:48.000Z</time><extensions><gpxtpx:TrackPointExtension><gpxtpx:bearing>50.46</gpxtpx:bearing><gpxtpx:speed>27.047623</gpxtpx:speed></gpxtpx:TrackPointExtension></extensions><geoidheight>-20.7</geoidheight><src>gps</src><sat>15</sat><hdop>0.81</hdop><vdop>1.26</vdop><pdop>1.49</pdop><dgpsid>0000</dgpsid></trkpt>
<trkpt lat="45.5708905" lon="-122.158954"><ele>5.5</ele><time>2026-08-31T22:19:59.000Z</time><extensions><gpxtpx:TrackPointExtension><gpxtpx:bearing>55.26</gpxtpx:bearing><gpxtpx:speed>26.996666</gpxtpx:speed></gpxtpx:TrackPointExtension></extensions><geoidheight>-20.7</geoidheight><src>gps</src><sat>14</sat><hdop>0.86</hdop><vdop>1.26</vdop><pdop>1.52</pdop><dgpsid>0000</dgpsid></trkpt>
<trkpt lat="45.57230616666667" lon="-122.15573049999999"><ele>6.1</ele><time>2026-08-31T22:20:10.000Z</time><extensions><gpxtpx:TrackPointExtension><gpxtpx:bearing>60.14</gpxtpx:bearing><gpxtpx:speed>27.239614</gpxtpx:speed></gpxtpx:TrackPointExtension></extensions><geoidheight>-20.7</geoidheight><src>gps</src><sat>14</sat><hdop>0.86</hdop><vdop>1.26</vdop><pdop>1.52</pdop><dgpsid>0000</dgpsid></trkpt>
<trkpt lat="45.57353683333334" lon="-122.15234566666668"><ele>5.9</ele><time>2026-08-31T22:20:21.000Z</time><extensions><gpxtpx:TrackPointExtension><gpxtpx:bearing>64.99</gpxtpx:bearing><gpxtpx:speed>27.213879</gpxtpx:speed></gpxtpx:TrackPointExtension></extensions><geoidheight>-20.7</geoidheight><src>gps</src><sat>14</sat><hdop>0.94</hdop><vdop>1.41</vdop><pdop>1.70</pdop><dgpsid>0000</dgpsid></trkpt>
<trkpt lat="45.57455483333333" lon="-122.14885066666666"><ele>6.9</ele><time>2026-08-31T22:20:32.000Z</time><extensions><gpxtpx:TrackPointExtension><gpxtpx:bearing>69.88</gpxtpx:bearing><gpxtpx:speed>26.788717</gpxtpx:speed></gpxtpx:TrackPointExtension></extensions><geoidheight>-20.7</geoidheight><src>gps</src><sat>14</sat><hdop>0.93</hdop><vdop>1.37</vdop><pdop>1.66</pdop><dgpsid>0000</dgpsid></trkpt>
<trkpt lat="45.575379833333336" lon="-122.145273"><ele>9.0</ele><time>2026-08-31T22:20:43.000Z</time><extensions><gpxtpx:TrackPointExtension><gpxtpx:bearing>73.3</gpxtpx:bearing><gpxtpx:speed>26.443853</gpxtpx:speed></gpxtpx:TrackPointExtension></extensions><geoidheight>-20.7</geoidheight><src>gps</src><sat>15</sat><hdop>0.79</hdop><vdop>1.24</vdop><pdop>1.47</pdop><dgpsid>0000</dgpsid></trkpt>
<trkpt lat="45.57609933333333" lon="-122.14169650000001"><ele>9.8</ele><time>2026-08-31T22:20:54.000Z</time><extensions><gpxtpx:TrackPointExtension><gpxtpx:bearing>74.33</gpxtpx:bearing><gpxtpx:speed>26.485031</gpxtpx:speed></gpxtpx:TrackPointExtension></extensions><geoidheight>-20.7</geoidheight><src>gps</src><sat>15</sat><hdop>0.79</hdop><vdop>1.24</vdop><pdop>1.47</pdop><dgpsid>0000</dgpsid></trkpt>
<trkpt lat="45.576782" lon="-122.13810583333334"><ele>9.4</ele><time>2026-08-31T22:21:05.000Z</time><extensions><gpxtpx:TrackPointExtension><gpxtpx:bearing>75.3</gpxtpx:bearing><gpxtpx:speed>26.188553</gpxtpx:speed></gpxtpx:TrackPointExtension></extensions><geoidheight>-20.7</geoidheight><src>gps</src><sat>15</sat><hdop>0.79</hdop><vdop>1.24</vdop><pdop>1.47</pdop><dgpsid>0000</dgpsid></trkpt>
<trkpt lat="45.57741899999999" lon="-122.13451549999999"><ele>11.0</ele><time>2026-08-31T22:21:16.000Z</time><extensions><gpxtpx:TrackPointExtension><gpxtpx:bearing>76.31</gpxtpx:bearing><gpxtpx:speed>26.300247</gpxtpx:speed></gpxtpx:TrackPointExtension></extensions><geoidheight>-20.7</geoidheight><src>gps</src><sat>15</sat><hdop>0.79</hdop><vdop>1.24</vdop><pdop>1.47</pdop><dgpsid>0000</dgpsid></trkpt>
<trkpt lat="45.578019" lon="-122.13087816666666"><ele>12.1</ele><time>2026-08-31T22:21:27.000Z</time><extensions><gpxtpx:TrackPointExtension><gpxtpx:bearing>77.44</gpxtpx:bearing><gpxtpx:speed>26.689377</gpxtpx:speed></gpxtpx:TrackPointExtension></extensions><geoidheight>-20.7</geoidheight><src>gps</src><sat>15</sat><hdop>0.81</hdop><vdop>1.28</vdop><pdop>1.52</pdop><dgpsid>0000</dgpsid></trkpt>
<trkpt lat="45.57857349999999" lon="-122.12716366666668"><ele>10.8</ele><time>2026-08-31T22:21:38.000Z</time><extensions><gpxtpx:TrackPointExtension><gpxtpx:bearing>79.04</gpxtpx:bearing><gpxtpx:speed>27.182995</gpxtpx:speed></gpxtpx:TrackPointExtension></extensions><geoidheight>-20.6</geoidheight><src>gps</src><sat>15</sat><hdop>0.80</hdop><vdop>1.23</vdop><pdop>1.47</pdop><dgpsid>0000</dgpsid></trkpt>
<trkpt lat="45.578989166666666" lon="-122.12341866666665"><ele>10.0</ele><time>2026-08-31T22:21:49.000Z</time><extensions><gpxtpx:TrackPointExtension><gpxtpx:bearing>87.13</gpxtpx:bearing><gpxtpx:speed>26.521063</gpxtpx:speed></gpxtpx:TrackPointExtension></extensions><geoidheight>-20.6</geoidheight><src>gps</src><sat>15</sat><hdop>0.80</hdop><vdop>1.23</vdop><pdop>1.47</pdop><dgpsid>0000</dgpsid></trkpt>
<trkpt lat="45.57872733333333" lon="-122.11981916666667"><ele>8.5</ele><time>2026-08-31T22:22:00.000Z</time><extensions><gpxtpx:TrackPointExtension><gpxtpx:bearing>103.38</gpxtpx:bearing><gpxtpx:speed>25.378895</gpxtpx:speed></gpxtpx:TrackPointExtension></extensions><geoidheight>-20.6</geoidheight><src>gps</src><sat>16</sat><hdop>0.74</hdop><vdop>1.11</vdop><pdop>1.33</pdop><dgpsid>0000</dgpsid></trkpt>
<trkpt lat="45.5784965" lon="-122.11629183333335"><ele>8.3</ele><time>2026-08-31T22:22:11.000Z</time><extensions><gpxtpx:TrackPointExtension><gpxtpx:bearing>79.71</gpxtpx:bearing><gpxtpx:speed>25.465366</gpxtpx:speed></gpxtpx:TrackPointExtension></extensions><geoidheight>-20.6</geoidheight><src>gps</src><sat>14</sat><hdop>0.80</hdop><vdop>1.23</vdop><pdop>1.47</pdop><dgpsid>0000</dgpsid></trkpt>
<trkpt lat="45.57921316666666" lon="-122.11283999999999"><ele>8.8</ele><time>2026-08-31T22:22:22.000Z</time><extensions><gpxtpx:TrackPointExtension><gpxtpx:bearing>72.92</gpxtpx:bearing><gpxtpx:speed>25.621843</gpxtpx:speed></gpxtpx:TrackPointExtension></extensions><geoidheight>-20.6</geoidheight><src>gps</src><sat>14</sat><hdop>0.84</hdop><vdop>1.23</vdop><pdop>1.49</pdop><dgpsid>0000</dgpsid></trkpt>
<trkpt lat="45.579965333333334" lon="-122.10941783333334"><ele>9.1</ele><time>2026-08-31T22:22:33.000Z</time><extensions><gpxtpx:TrackPointExtension><gpxtpx:bearing>72.55</gpxtpx:bearing><gpxtpx:speed>25.449926</gpxtpx:speed></gpxtpx:TrackPointExtension></extensions><geoidheight>-20.6</geoidheight><src>gps</src><sat>15</sat><hdop>0.80</hdop><vdop>1.23</vdop><pdop>1.47</pdop><dgpsid>0000</dgpsid></trkpt>
<trkpt lat="45.58070816666667" lon="-122.10600649999999"><ele>9.4</ele><time>2026-08-31T22:22:44.000Z</time><extensions><gpxtpx:TrackPointExtension><gpxtpx:bearing>72.89</gpxtpx:bearing><gpxtpx:speed>25.392792</gpxtpx:speed></gpxtpx:TrackPointExtension></extensions><geoidheight>-20.6</geoidheight><src>gps</src><sat>15</sat><hdop>0.80</hdop><vdop>1.23</vdop><pdop>1.47</pdop><dgpsid>0000</dgpsid></trkpt>
<trkpt lat="45.581554833333335" lon="-122.102653"><ele>10.4</ele><time>2026-08-31T22:22:55.000Z</time><extensions><gpxtpx:TrackPointExtension><gpxtpx:bearing>66.18</gpxtpx:bearing><gpxtpx:speed>25.243523</gpxtpx:speed></gpxtpx:TrackPointExtension></extensions><geoidheight>-20.6</geoidheight><src>gps</src><sat>15</sat><hdop>0.80</hdop><vdop>1.23</vdop><pdop>1.47</pdop><dgpsid>0000</dgpsid></trkpt>
<trkpt lat="45.5827535" lon="-122.09948316666666"><ele>9.6</ele><time>2026-08-31T22:23:06.000Z</time><extensions><gpxtpx:TrackPointExtension><gpxtpx:bearing>61.08</gpxtpx:bearing><gpxtpx:speed>25.75001</gpxtpx:speed></gpxtpx:TrackPointExtension></extensions><geoidheight>-20.6</geoidheight><src>gps</src><sat>14</sat><hdop>0.93</hdop><vdop>1.35</vdop><pdop>1.64</pdop><dgpsid>0000</dgpsid></trkpt>
<trkpt lat="45.583861999999996" lon="-122.096251"><ele>9.0</ele><time>2026-08-31T22:23:17.000Z</time><extensions><gpxtpx:TrackPointExtension><gpxtpx:bearing>70.18</gpxtpx:bearing><gpxtpx:speed>25.438602</gpxtpx:speed></gpxtpx:TrackPointExtension></extensions><geoidheight>-20.6</geoidheight><src>gps</src><sat>15</sat><hdop>0.80</hdop><vdop>1.23</vdop><pdop>1.46</pdop><dgpsid>0000</dgpsid></trkpt>
<trkpt lat="45.58470333333333" lon="-122.09287950000001"><ele>6.5</ele><time>2026-08-31T22:23:28.000Z</time><extensions><gpxtpx:TrackPointExtension><gpxtpx:bearing>67.88</gpxtpx:bearing><gpxtpx:speed>25.177637</gpxtpx:speed></gpxtpx:TrackPointExtension></extensions><geoidheight>-20.6</geoidheight><src>gps</src><sat>15</sat><hdop>0.84</hdop><vdop>1.23</vdop><pdop>1.49</pdop><dgpsid>0000</dgpsid></trkpt>
<trkpt lat="45.585913" lon="-122.08975616666666"><ele>7.3</ele><time>2026-08-31T22:23:39.000Z</time><extensions><gpxtpx:TrackPointExtension><gpxtpx:bearing>59.9</gpxtpx:bearing><gpxtpx:speed>25.399483</gpxtpx:speed></gpxtpx:TrackPointExtension></extensions><geoidheight>-20.6</geoidheight><src>gps</src><sat>14</sat><hdop>0.93</hdop><vdop>1.34</vdop><pdop>1.63</pdop><dgpsid>0000</dgpsid></trkpt>
<trkpt lat="45.58717216666667" lon="-122.086662"><ele>6.5</ele><time>2026-08-31T22:23:50.000Z</time><extensions><gpxtpx:TrackPointExtension><gpxtpx:bearing>59.57</gpxtpx:bearing><gpxtpx:speed>25.57243</gpxtpx:speed></gpxtpx:TrackPointExtension></extensions><geoidheight>-20.6</geoidheight><src>gps</src><sat>15</sat><hdop>0.80</hdop><vdop>1.23</vdop><pdop>1.46</pdop><dgpsid>0000</dgpsid></trkpt>
<trkpt lat="45.588458833333334" lon="-122.08355366666667"><ele>6.1</ele><time>2026-08-31T22:24:01.000Z</time><extensions><gpxtpx:TrackPointExtension><gpxtpx:bearing>59.67</gpxtpx:bearing><gpxtpx:speed>25.620298</gpxtpx:speed></gpxtpx:TrackPointExtension></extensions><geoidheight>-20.6</geoidheight><src>gps</src><sat>15</sat><hdop>0.80</hdop><vdop>1.22</vdop><pdop>1.46</pdop><dgpsid>0000</dgpsid></trkpt>
<trkpt lat="45.58973866666667" lon="-122.08047450000001"><ele>6.7</ele><time>2026-08-31T22:24:12.000Z</time><extensions><gpxtpx:TrackPointExtension><gpxtpx:bearing>59.49</gpxtpx:bearing><gpxtpx:speed>25.22602</gpxtpx:speed></gpxtpx:TrackPointExtension></extensions><geoidheight>-20.6</geoidheight><src>gps</src><sat>14</sat><hdop>0.84</hdop><vdop>1.22</vdop><pdop>1.49</pdop><dgpsid>0000</dgpsid></trkpt>
<trkpt lat="45.59099916666667" lon="-122.0774205"><ele>4.7</ele><time>2026-08-31T22:24:23.000Z</time><extensions><gpxtpx:TrackPointExtension><gpxtpx:bearing>60.28</gpxtpx:bearing><gpxtpx:speed>24.80189</gpxtpx:speed></gpxtpx:TrackPointExtension></extensions><geoidheight>-20.6</geoidheight><src>gps</src><sat>14</sat><hdop>0.84</hdop><vdop>1.22</vdop><pdop>1.49</pdop><dgpsid>0000</dgpsid></trkpt>
<trkpt lat="45.5922745" lon="-122.07433216666668"><ele>5.7</ele><time>2026-08-31T22:24:34.000Z</time><extensions><gpxtpx:TrackPointExtension><gpxtpx:bearing>59.45</gpxtpx:bearing><gpxtpx:speed>25.509634</gpxtpx:speed></gpxtpx:TrackPointExtension></extensions><geoidheight>-20.6</geoidheight><src>gps</src><sat>14</sat><hdop>0.84</hdop><vdop>1.22</vdop><pdop>1.49</pdop><dgpsid>0000</dgpsid></trkpt>
<trkpt lat="45.59354" lon="-122.07119149999998"><ele>6.1</ele><time>2026-08-31T22:24:45.000Z</time><extensions><gpxtpx:TrackPointExtension><gpxtpx:bearing>60.53</gpxtpx:bearing><gpxtpx:speed>26.078917</gpxtpx:speed></gpxtpx:TrackPointExtension></extensions><geoidheight>-20.6</geoidheight><src>gps</src><sat>14</sat><hdop>0.84</hdop><vdop>1.22</vdop><pdop>1.48</pdop><dgpsid>0000</dgpsid></trkpt>
<trkpt lat="45.594772666666664" lon="-122.06793316666666"><ele>6.6</ele><time>2026-08-31T22:24:56.000Z</time><extensions><gpxtpx:TrackPointExtension><gpxtpx:bearing>62.53</gpxtpx:bearing><gpxtpx:speed>26.382603</gpxtpx:speed></gpxtpx:TrackPointExtension></extensions><geoidheight>-20.6</geoidheight><src>gps</src><sat>14</sat><hdop>0.84</hdop><vdop>1.22</vdop><pdop>1.48</pdop><dgpsid>0000</dgpsid></trkpt>
<trkpt lat="45.595928333333326" lon="-122.06460549999998"><ele>7.2</ele><time>2026-08-31T22:25:07.000Z</time><extensions><gpxtpx:TrackPointExtension><gpxtpx:bearing>64.83</gpxtpx:bearing><gpxtpx:speed>26.158184</gpxtpx:speed></gpxtpx:TrackPointExtension></extensions><geoidheight>-20.6</geoidheight><src>gps</src><sat>14</sat><hdop>0.84</hdop><vdop>1.22</vdop><pdop>1.48</pdop><dgpsid>0000</dgpsid></trkpt>
<trkpt lat="45.59699183333334" lon="-122.06126316666665"><ele>8.4</ele><time>2026-08-31T22:25:18.000Z</time><extensions><gpxtpx:TrackPointExtension><gpxtpx:bearing>66.42</gpxtpx:bearing><gpxtpx:speed>25.964132</gpxtpx:speed></gpxtpx:TrackPointExtension></extensions><geoidheight>-20.6</geoidheight><src>gps</src><sat>14</sat><hdop>0.86</hdop><vdop>1.26</vdop><pdop>1.52</pdop><dgpsid>0000</dgpsid></trkpt>
<trkpt lat="45.59798466666666" lon="-122.05789349999999"><ele>7.6</ele><time>2026-08-31T22:25:29.000Z</time><extensions><gpxtpx:TrackPointExtension><gpxtpx:bearing>68.59</gpxtpx:bearing><gpxtpx:speed>25.970825</gpxtpx:speed></gpxtpx:TrackPointExtension></extensions><geoidheight>-20.6</geoidheight><src>gps</src><sat>14</sat><hdop>0.89</hdop><vdop>1.28</vdop><pdop>1.56</pdop><dgpsid>0000</dgpsid></trkpt>
<trkpt lat="45.598900500000006" lon="-122.05445633333332"><ele>7.7</ele><time>2026-08-31T22:25:40.000Z</time><extensions><gpxtpx:TrackPointExtension><gpxtpx:bearing>68.98</gpxtpx:bearing><gpxtpx:speed>26.363043</gpxtpx:speed></gpxtpx:TrackPointExtension></extensions><geoidheight>-20.6</geoidheight><src>gps</src><sat>14</sat><hdop>0.86</hdop><vdop>1.26</vdop><pdop>1.52</pdop><dgpsid>0000</dgpsid></trkpt>
<trkpt lat="45.59973483333333" lon="-122.05100949999999"><ele>9.9</ele><time>2026-08-31T22:25:51.000Z</time><extensions><gpxtpx:TrackPointExtension><gpxtpx:bearing>70.71</gpxtpx:bearing><gpxtpx:speed>25.304258</gpxtpx:speed></gpxtpx:TrackPointExtension></extensions><geoidheight>-20.6</geoidheight><src>gps</src><sat>14</sat><hdop>0.84</hdop><vdop>1.22</vdop><pdop>1.48</pdop><dgpsid>0000</dgpsid></trkpt>
<trkpt lat="45.600516166666665" lon="-122.04770083333332"><ele>16.2</ele><time>2026-08-31T22:26:02.000Z</time><extensions><gpxtpx:TrackPointExtension><gpxtpx:bearing>70.71</gpxtpx:bearing><gpxtpx:speed>24.68968</gpxtpx:speed></gpxtpx:TrackPointExtension></extensions><geoidheight>-20.6</geoidheight><src>gps</src><sat>14</sat><hdop>1.02</hdop><vdop>1.33</vdop><pdop>1.68</pdop><dgpsid>0000</dgpsid></trkpt>
<trkpt lat="45.60145283333333" lon="-122.04443733333333"><ele>17.6</ele><time>2026-08-31T22:26:13.000Z</time><extensions><gpxtpx:TrackPointExtension><gpxtpx:bearing>63.26</gpxtpx:bearing><gpxtpx:speed>25.486471</gpxtpx:speed></gpxtpx:TrackPointExtension></extensions><geoidheight>-20.6</geoidheight><src>gps</src><sat>14</sat><hdop>0.80</hdop><vdop>1.21</vdop><pdop>1.46</pdop><dgpsid>0000</dgpsid></trkpt>
<trkpt lat="45.60294316666667" lon="-122.04151566666665"><ele>17.4</ele><time>2026-08-31T22:26:24.000Z</time><extensions><gpxtpx:TrackPointExtension><gpxtpx:bearing>47.23</gpxtpx:bearing><gpxtpx:speed>26.006855</gpxtpx:speed></gpxtpx:TrackPointExtension></extensions><geoidheight>-20.6</geoidheight><src>gps</src><sat>15</sat><hdop>0.80</hdop><vdop>1.21</vdop><pdop>1.46</pdop><dgpsid>0000</dgpsid></trkpt>
<trkpt lat="45.6047" lon="-122.03882433333335"><ele>16.8</ele><time>2026-08-31T22:26:35.000Z</time><extensions><gpxtpx:TrackPointExtension><gpxtpx:bearing>47.37</gpxtpx:bearing><gpxtpx:speed>26.249289</gpxtpx:speed></gpxtpx:TrackPointExtension></extensions><geoidheight>-20.6</geoidheight><src>gps</src><sat>14</sat><hdop>0.82</hdop><vdop>1.23</vdop><pdop>1.48</pdop><dgpsid>0000</dgpsid></trkpt>
<trkpt lat="45.606390499999996" lon="-122.0359555"><ele>16.6</ele><time>2026-08-31T22:26:46.000Z</time><extensions><gpxtpx:TrackPointExtension><gpxtpx:bearing>52.02</gpxtpx:bearing><gpxtpx:speed>26.771217</gpxtpx:speed></gpxtpx:TrackPointExtension></extensions><geoidheight>-20.6</geoidheight><src>gps</src><sat>14</sat><hdop>0.82</hdop><vdop>1.23</vdop><pdop>1.48</pdop><dgpsid>0000</dgpsid></trkpt>
<trkpt lat="45.60793066666667" lon="-122.03286116666668"><ele>15.8</ele><time>2026-08-31T22:26:57.000Z</time><extensions><gpxtpx:TrackPointExtension><gpxtpx:bearing>57.17</gpxtpx:bearing><gpxtpx:speed>26.899899</gpxtpx:speed></gpxtpx:TrackPointExtension></extensions><geoidheight>-20.6</geoidheight><src>gps</src><sat>15</sat><hdop>0.80</hdop><vdop>1.21</vdop><pdop>1.45</pdop><dgpsid>0000</dgpsid></trkpt>
<trkpt lat="45.60926783333333" lon="-122.02964083333333"><ele>16.4</ele><time>2026-08-31T22:27:08.000Z</time><extensions><gpxtpx:TrackPointExtension><gpxtpx:bearing>61.28</gpxtpx:bearing><gpxtpx:speed>26.530327</gpxtpx:speed></gpxtpx:TrackPointExtension></extensions><geoidheight>-20.5</geoidheight><src>gps</src><sat>15</sat><hdop>0.80</hdop><vdop>1.21</vdop><pdop>1.45</pdop><dgpsid>0000</dgpsid></trkpt>
<trkpt lat="45.610375999999995" lon="-122.02626233333334"><ele>15.9</ele><time>2026-08-31T22:27:19.000Z</time><extensions><gpxtpx:TrackPointExtension><gpxtpx:bearing>68.72</gpxtpx:bearing><gpxtpx:speed>26.480915</gpxtpx:speed></gpxtpx:TrackPointExtension></extensions><geoidheight>-20.5</geoidheight><src>gps</src><sat>15</sat><hdop>0.81</hdop><vdop>1.21</vdop><pdop>1.45</pdop><dgpsid>0000</dgpsid></trkpt>
<trkpt lat="45.611109166666665" lon="-122.02274283333333"><ele>14.2</ele><time>2026-08-31T22:27:30.000Z</time><extensions><gpxtpx:TrackPointExtension><gpxtpx:bearing>77.14</gpxtpx:bearing><gpxtpx:speed>25.872513</gpxtpx:speed></gpxtpx:TrackPointExtension></extensions><geoidheight>-20.5</geoidheight><src>gps</src><sat>15</sat><hdop>0.81</hdop><vdop>1.21</vdop><pdop>1.45</pdop><dgpsid>0000</dgpsid></trkpt>
<trkpt lat="45.61167350000001" lon="-122.01920933333334"><ele>13.1</ele><time>2026-08-31T22:27:41.000Z</time><extensions><gpxtpx:TrackPointExtension><gpxtpx:bearing>77.14</gpxtpx:bearing><gpxtpx:speed>25.537943</gpxtpx:speed></gpxtpx:TrackPointExtension></extensions><geoidheight>-20.5</geoidheight><src>gps</src><sat>15</sat><hdop>0.93</hdop><vdop>1.30</vdop><pdop>1.60</pdop><dgpsid>0000</dgpsid></trkpt>
<trkpt lat="45.61223199999999" lon="-122.01582866666668"><ele>12.1</ele><time>2026-08-31T22:27:52.000Z</time><extensions><gpxtpx:TrackPointExtension><gpxtpx:bearing>77.44</gpxtpx:bearing><gpxtpx:speed>23.781712</gpxtpx:speed></gpxtpx:TrackPointExtension></extensions><geoidheight>-20.5</geoidheight><src>gps</src><sat>15</sat><hdop>0.84</hdop><vdop>1.20</vdop><pdop>1.47</pdop><dgpsid>0000</dgpsid></trkpt>
<trkpt lat="45.612705999999996" lon="-122.01264083333332"><ele>21.7</ele><time>2026-08-31T22:28:03.000Z</time><extensions><gpxtpx:TrackPointExtension><gpxtpx:bearing>81.41</gpxtpx:bearing><gpxtpx:speed>22.459389</gpxtpx:speed></gpxtpx:TrackPointExtension></extensions><geoidheight>-20.5</geoidheight><src>gps</src><sat>15</sat><hdop>1.01</hdop><vdop>1.30</vdop><pdop>1.65</pdop><dgpsid>0000</dgpsid></trkpt>
<trkpt lat="45.612795166666665" lon="-122.00949833333334"><ele>30.1</ele><time>2026-08-31T22:28:14.000Z</time><extensions><gpxtpx:TrackPointExtension><gpxtpx:bearing>89.27</gpxtpx:bearing><gpxtpx:speed>22.458876</gpxtpx:speed></gpxtpx:TrackPointExtension></extensions><geoidheight>-20.5</geoidheight><src>gps</src><sat>15</sat><hdop>0.81</hdop><vdop>1.20</vdop><pdop>1.45</pdop><dgpsid>0000</dgpsid></trkpt>
<trkpt lat="45.612784" lon="-122.0063615"><ele>31.2</ele><time>2026-08-31T22:28:25.000Z</time><extensions><gpxtpx:TrackPointExtension><gpxtpx:bearing>90.28</gpxtpx:bearing><gpxtpx:speed>21.305382</gpxtpx:speed></gpxtpx:TrackPointExtension></extensions><geoidheight>-20.5</geoidheight><src>gps</src><sat>15</sat><hdop>0.81</hdop><vdop>1.20</vdop><pdop>1.45</pdop><dgpsid>0000</dgpsid></trkpt>
<trkpt lat="45.61278033333333" lon="-122.00337266666665"><ele>29.0</ele><time>2026-08-31T22:28:36.000Z</time><extensions><gpxtpx:TrackPointExtension><gpxtpx:bearing>89.02</gpxtpx:bearing><gpxtpx:speed>21.279646</gpxtpx:speed></gpxtpx:TrackPointExtension></extensions><geoidheight>-20.5</geoidheight><src>gps</src><sat>15</sat><hdop>0.81</hdop><vdop>1.20</vdop><pdop>1.45</pdop><dgpsid>0000</dgpsid></trkpt>
<trkpt lat="45.61314133333334" lon="-122.00053299999999"><ele>23.2</ele><time>2026-08-31T22:28:47.000Z</time><extensions><gpxtpx:TrackPointExtension><gpxtpx:bearing>67.71</gpxtpx:bearing><gpxtpx:speed>20.128212</gpxtpx:speed></gpxtpx:TrackPointExtension></extensions><geoidheight>-20.5</geoidheight><src>gps</src><sat>15</sat><hdop>0.81</hdop><vdop>1.20</vdop><pdop>1.45</pdop><dgpsid>0000</dgpsid></trkpt>
<trkpt lat="45.614295999999996" lon="-121.99804350000001"><ele>21.7</ele><time>2026-08-31T22:28:58.000Z</time><extensions><gpxtpx:TrackPointExtension><gpxtpx:bearing>50.67</gpxtpx:bearing><gpxtpx:speed>21.714586</gpxtpx:speed></gpxtpx:TrackPointExtension></extensions><geoidheight>-20.5</geoidheight><src>gps</src><sat>14</sat><hdop>0.84</hdop><vdop>1.20</vdop><pdop>1.46</pdop><dgpsid>0000</dgpsid></trkpt>
<trkpt lat="45.615594333333334" lon="-121.99586333333333"><ele>26.8</ele><time>2026-08-31T22:29:09.000Z</time><extensions><gpxtpx:TrackPointExtension><gpxtpx:bearing>52.3</gpxtpx:bearing><gpxtpx:speed>19.172373</gpxtpx:speed></gpxtpx:TrackPointExtension></extensions><geoidheight>-20.5</geoidheight><src>gps</src><sat>14</sat><hdop>0.84</hdop><vdop>1.20</vdop><pdop>1.46</pdop><dgpsid>0000</dgpsid></trkpt>
<trkpt lat="45.616735333333324" lon="-121.99362383333333"><ele>28.3</ele><time>2026-08-31T22:29:20.000Z</time><extensions><gpxtpx:TrackPointExtension><gpxtpx:bearing>54.55</gpxtpx:bearing><gpxtpx:speed>20.455576</gpxtpx:speed></gpxtpx:TrackPointExtension></extensions><geoidheight>-20.5</geoidheight><src>gps</src><sat>15</sat><hdop>0.81</hdop><vdop>1.19</vdop><pdop>1.44</pdop><dgpsid>0000</dgpsid></trkpt>
<trkpt lat="45.6178615" lon="-121.99108383333332"><ele>29.1</ele><time>2026-08-31T22:29:31.000Z</time><extensions><gpxtpx:TrackPointExtension><gpxtpx:bearing>58.27</gpxtpx:bearing><gpxtpx:speed>22.019302</gpxtpx:speed></gpxtpx:TrackPointExtension></extensions><geoidheight>-20.5</geoidheight><src>gps</src><sat>15</sat><hdop>0.81</hdop><vdop>1.19</vdop><pdop>1.44</pdop><dgpsid>0000</dgpsid></trkpt>
<trkpt lat="45.6188845" lon="-121.98837116666667"><ele>31.8</ele><time>2026-08-31T22:29:42.000Z</time><extensions><gpxtpx:TrackPointExtension><gpxtpx:bearing>64.01</gpxtpx:bearing><gpxtpx:speed>22.09857</gpxtpx:speed></gpxtpx:TrackPointExtension></extensions><geoidheight>-20.5</geoidheight><src>gps</src><sat>14</sat><hdop>0.82</hdop><vdop>1.21</vdop><pdop>1.47</pdop><dgpsid>0000</dgpsid></trkpt>
<trkpt lat="45.61981216666666" lon="-121.98547016666667"><ele>34.9</ele><time>2026-08-31T22:29:53.000Z</time><extensions><gpxtpx:TrackPointExtension><gpxtpx:bearing>66.65</gpxtpx:bearing><gpxtpx:speed>23.129044</gpxtpx:speed></gpxtpx:TrackPointExtension></extensions><geoidheight>-20.5</geoidheight><src>gps</src><sat>15</sat><hdop>0.81</hdop><vdop>1.19</vdop><pdop>1.44</pdop><dgpsid>0000</dgpsid></trkpt>
<trkpt lat="45.620839499999995" lon="-121.98243616666666"><ele>38.3</ele><time>2026-08-31T22:30:04.000Z</time><extensions><gpxtpx:TrackPointExtension><gpxtpx:bearing>61.46</gpxtpx:bearing><gpxtpx:speed>24.701519</gpxtpx:speed></gpxtpx:TrackPointExtension></extensions><geoidheight>-20.5</geoidheight><src>gps</src><sat>14</sat><hdop>0.84</hdop><vdop>1.19</vdop><pdop>1.46</pdop><dgpsid>0000</dgpsid></trkpt>
<trkpt lat="45.622136166666664" lon="-121.97946750000001"><ele>40.7</ele><time>2026-08-31T22:30:15.000Z</time><extensions><gpxtpx:TrackPointExtension><gpxtpx:bearing>57.08</gpxtpx:bearing><gpxtpx:speed>24.515705</gpxtpx:speed></gpxtpx:TrackPointExtension></extensions><geoidheight>-20.5</geoidheight><src>gps</src><sat>15</sat><hdop>0.84</hdop><vdop>1.19</vdop><pdop>1.46</pdop><dgpsid>0000</dgpsid></trkpt>
<trkpt lat="45.62347499999999" lon="-121.976558"><ele>41.8</ele><time>2026-08-31T22:30:26.000Z</time><extensions><gpxtpx:TrackPointExtension><gpxtpx:bearing>56.98</gpxtpx:bearing><gpxtpx:speed>24.907408</gpxtpx:speed></gpxtpx:TrackPointExtension></extensions><geoidheight>-20.5</geoidheight><src>gps</src><sat>15</sat><hdop>0.81</hdop><vdop>1.19</vdop><pdop>1.44</pdop><dgpsid>0000</dgpsid></trkpt>
<trkpt lat="45.624875" lon="-121.97356233333333"><ele>42.6</ele><time>2026-08-31T22:30:37.000Z</time><extensions><gpxtpx:TrackPointExtension><gpxtpx:bearing>55.29</gpxtpx:bearing><gpxtpx:speed>25.859129</gpxtpx:speed></gpxtpx:TrackPointExtension></extensions><geoidheight>-20.5</geoidheight><src>gps</src><sat>15</sat><hdop>0.81</hdop><vdop>1.19</vdop><pdop>1.44</pdop><dgpsid>0000</dgpsid></trkpt>
<trkpt lat="45.62637683333334" lon="-121.97059883333334"><ele>42.9</ele><time>2026-08-31T22:30:48.000Z</time><extensions><gpxtpx:TrackPointExtension><gpxtpx:bearing>53.83</gpxtpx:bearing><gpxtpx:speed>26.048033</gpxtpx:speed></gpxtpx:TrackPointExtension></extensions><geoidheight>-20.5</geoidheight><src>gps</src><sat>14</sat><hdop>0.82</hdop><vdop>1.19</vdop><pdop>1.45</pdop><dgpsid>0000</dgpsid></trkpt>
<trkpt lat="45.627833833333334" lon="-121.96760983333334"><ele>43.6</ele><time>2026-08-31T22:30:59.000Z</time><extensions><gpxtpx:TrackPointExtension><gpxtpx:bearing>55.41</gpxtpx:bearing><gpxtpx:speed>25.47875</gpxtpx:speed></gpxtpx:TrackPointExtension></extensions><geoidheight>-20.5</geoidheight><src>gps</src><sat>14</sat><hdop>0.82</hdop><vdop>1.19</vdop><pdop>1.45</pdop><dgpsid>0000</dgpsid></trkpt>
<trkpt lat="45.629249333333334" lon="-121.96466233333334"><ele>43.1</ele><time>2026-08-31T22:31:10.000Z</time><extensions><gpxtpx:TrackPointExtension><gpxtpx:bearing>55.74</gpxtpx:bearing><gpxtpx:speed>25.720154</gpxtpx:speed></gpxtpx:TrackPointExtension></extensions><geoidheight>-20.5</geoidheight><src>gps</src><sat>15</sat><hdop>0.81</hdop><vdop>1.18</vdop><pdop>1.43</pdop><dgpsid>0000</dgpsid></trkpt>
<trkpt lat="45.630619833333334" lon="-121.96161383333335"><ele>36.9</ele><time>2026-08-31T22:31:21.000Z</time><extensions><gpxtpx:TrackPointExtension><gpxtpx:bearing>62.03</gpxtpx:bearing><gpxtpx:speed>25.8931</gpxtpx:speed></gpxtpx:TrackPointExtension></extensions><geoidheight>-20.5</geoidheight><src>gps</src><sat>15</sat><hdop>0.81</hdop><vdop>1.18</vdop><pdop>1.43</pdop><dgpsid>0000</dgpsid></trkpt>
<trkpt lat="45.63131083333333" lon="-121.95808866666667"><ele>26.2</ele><time>2026-08-31T22:31:32.000Z</time><extensions><gpxtpx:TrackPointExtension><gpxtpx:bearing>83.78</gpxtpx:bearing><gpxtpx:speed>26.022812</gpxtpx:speed></gpxtpx:TrackPointExtension></extensions><geoidheight>-20.5</geoidheight><src>gps</src><sat>13</sat><hdop>1.15</hdop><vdop>1.36</vdop><pdop>1.78</pdop><dgpsid>0000</dgpsid></trkpt>
<trkpt lat="45.63190766666666" lon="-121.95450583333334"><ele>17.3</ele><time>2026-08-31T22:31:43.000Z</time><extensions><gpxtpx:TrackPointExtension><gpxtpx:bearing>61.6</gpxtpx:bearing><gpxtpx:speed>25.917294</gpxtpx:speed></gpxtpx:TrackPointExtension></extensions><geoidheight>-20.5</geoidheight><src>gps</src><sat>14</sat><hdop>0.92</hdop><vdop>1.25</vdop><pdop>1.55</pdop><dgpsid>0000</dgpsid></trkpt>
<trkpt lat="45.633502833333324" lon="-121.95178200000001"><ele>24.4</ele><time>2026-08-31T22:31:54.000Z</time><extensions><gpxtpx:TrackPointExtension><gpxtpx:bearing>49.58</gpxtpx:bearing><gpxtpx:speed>23.835756</gpxtpx:speed></gpxtpx:TrackPointExtension></extensions><geoidheight>-20.5</geoidheight><src>gps</src><sat>14</sat><hdop>0.84</hdop><vdop>1.18</vdop><pdop>1.45</pdop><dgpsid>0000</dgpsid></trkpt>
<trkpt lat="45.634825166666666" lon="-121.94912366666668"><ele>37.7</ele><time>2026-08-31T22:32:05.000Z</time><extensions><gpxtpx:TrackPointExtension><gpxtpx:bearing>62.34</gpxtpx:bearing><gpxtpx:speed>21.868488</gpxtpx:speed></gpxtpx:TrackPointExtension></extensions><geoidheight>-20.5</geoidheight><src>gps</src><sat>15</sat><hdop>0.81</hdop><vdop>1.17</vdop><pdop>1.43</pdop><dgpsid>0000</dgpsid></trkpt>
<trkpt lat="45.63560466666666" lon="-121.94633999999999"><ele>46.9</ele><time>2026-08-31T22:32:16.000Z</time><extensions><gpxtpx:TrackPointExtension><gpxtpx:bearing>70.95</gpxtpx:bearing><gpxtpx:speed>21.155598</gpxtpx:speed></gpxtpx:TrackPointExtension></extensions><geoidheight>-20.5</geoidheight><src>gps</src><sat>15</sat><hdop>0.92</hdop><vdop>1.24</vdop><pdop>1.54</pdop><dgpsid>0000</dgpsid></trkpt>
<trkpt lat="45.6363185" lon="-121.94341449999999"><ele>49.5</ele><time>2026-08-31T22:32:27.000Z</time><extensions><gpxtpx:TrackPointExtension><gpxtpx:bearing>70.99</gpxtpx:bearing><gpxtpx:speed>22.88558</gpxtpx:speed></gpxtpx:TrackPointExtension></extensions><geoidheight>-20.5</geoidheight><src>gps</src><sat>14</sat><hdop>0.92</hdop><vdop>1.24</vdop><pdop>1.54</pdop><dgpsid>0000</dgpsid></trkpt>
<trkpt lat="45.63707850000001" lon="-121.94031316666666"><ele>50.3</ele><time>2026-08-31T22:32:38.000Z</time><extensions><gpxtpx:TrackPointExtension><gpxtpx:bearing>70.9</gpxtpx:bearing><gpxtpx:speed>23.29221</gpxtpx:speed></gpxtpx:TrackPointExtension></extensions><geoidheight>-20.5</geoidheight><src>gps</src><sat>15</sat><hdop>0.81</hdop><vdop>1.17</vdop><pdop>1.42</pdop><dgpsid>0000</dgpsid></trkpt>
<trkpt lat="45.63782533333333" lon="-121.93720183333335"><ele>44.4</ele><time>2026-08-31T22:32:49.000Z</time><extensions><gpxtpx:TrackPointExtension><gpxtpx:bearing>71.32</gpxtpx:bearing><gpxtpx:speed>23.280886</gpxtpx:speed></gpxtpx:TrackPointExtension></extensions><geoidheight>-20.5</geoidheight><src>gps</src><sat>14</sat><hdop>0.92</hdop><vdop>1.23</vdop><pdop>1.54</pdop><dgpsid>0000</dgpsid></trkpt>
<trkpt lat="45.63886000000001" lon="-121.93348116666667"><ele>29.5</ele><time>2026-08-31T22:33:02.000Z</time><extensions><gpxtpx:TrackPointExtension><gpxtpx:bearing>59.54</gpxtpx:bearing><gpxtpx:speed>24.943954</gpxtpx:speed></gpxtpx:TrackPointExtension></extensions><geoidheight>-20.5</geoidheight><src>gps</src><sat>6</sat><hdop>2.10</hdop><vdop>2.33</vdop><pdop>3.14</pdop><dgpsid>0000</dgpsid></trkpt>
<trkpt lat="45.64045516666667" lon="-121.93057583333332"><ele>25.1</ele><time>2026-08-31T22:33:13.000Z</time><extensions><gpxtpx:TrackPointExtension><gpxtpx:bearing>47.75</gpxtpx:bearing><gpxtpx:speed>26.56121</gpxtpx:speed></gpxtpx:TrackPointExtension></extensions><geoidheight>-20.4</geoidheight><src>gps</src><sat>14</sat><hdop>0.84</hdop><vdop>1.17</vdop><pdop>1.44</pdop><dgpsid>0000</dgpsid></trkpt>
<trkpt lat="45.642247" lon="-121.92775316666666"><ele>21.9</ele><time>2026-08-31T22:33:24.000Z</time><extensions><gpxtpx:TrackPointExtension><gpxtpx:bearing>48.23</gpxtpx:bearing><gpxtpx:speed>26.784601</gpxtpx:speed></gpxtpx:TrackPointExtension></extensions><geoidheight>-20.4</geoidheight><src>gps</src><sat>13</sat><hdop>0.86</hdop><vdop>1.23</vdop><pdop>1.50</pdop><dgpsid>0000</dgpsid></trkpt>
<trkpt lat="45.643926166666674" lon="-121.92473883333332"><ele>24.5</ele><time>2026-08-31T22:33:35.000Z</time><extensions><gpxtpx:TrackPointExtension><gpxtpx:bearing>57.93</gpxtpx:bearing><gpxtpx:speed>27.144392</gpxtpx:speed></gpxtpx:TrackPointExtension></extensions><geoidheight>-20.4</geoidheight><src>gps</src><sat>13</sat><hdop>0.86</hdop><vdop>1.19</vdop><pdop>1.46</pdop><dgpsid>0000</dgpsid></trkpt>
<trkpt lat="45.64527916666666" lon="-121.92157016666667"><ele>35.5</ele><time>2026-08-31T22:33:46.000Z</time><extensions><gpxtpx:TrackPointExtension><gpxtpx:bearing>59.45</gpxtpx:bearing><gpxtpx:speed>25.36757</gpxtpx:speed></gpxtpx:TrackPointExtension></extensions><geoidheight>-20.4</geoidheight><src>gps</src><sat>14</sat><hdop>0.91</hdop><vdop>1.22</vdop><pdop>1.53</pdop><dgpsid>0000</dgpsid></trkpt>
<trkpt lat="45.64654266666666" lon="-121.91858816666667"><ele>48.6</ele><time>2026-08-31T22:33:57.000Z</time><extensions><gpxtpx:TrackPointExtension><gpxtpx:bearing>58.53</gpxtpx:bearing><gpxtpx:speed>23.70965</gpxtpx:speed></gpxtpx:TrackPointExtension></extensions><geoidheight>-20.4</geoidheight><src>gps</src><sat>15</sat><hdop>0.86</hdop><vdop>1.35</vdop><pdop>1.60</pdop><dgpsid>0000</dgpsid></trkpt>
<trkpt lat="45.647705166666675" lon="-121.91578483333333"><ele>56.5</ele><time>2026-08-31T22:34:08.000Z</time><extensions><gpxtpx:TrackPointExtension><gpxtpx:bearing>59.49</gpxtpx:bearing><gpxtpx:speed>22.82793</gpxtpx:speed></gpxtpx:TrackPointExtension></extensions><geoidheight>-20.4</geoidheight><src>gps</src><sat>14</sat><hdop>0.89</hdop><vdop>1.40</vdop><pdop>1.65</pdop><dgpsid>0000</dgpsid></trkpt>
<trkpt lat="45.64894283333333" lon="-121.91293816666666"><ele>58.2</ele><time>2026-08-31T22:34:19.000Z</time><extensions><gpxtpx:TrackPointExtension><gpxtpx:bearing>57.9</gpxtpx:bearing><gpxtpx:speed>24.630487</gpxtpx:speed></gpxtpx:TrackPointExtension></extensions><geoidheight>-20.4</geoidheight><src>gps</src><sat>13</sat><hdop>0.89</hdop><vdop>1.39</vdop><pdop>1.65</pdop><dgpsid>0000</dgpsid></trkpt>
<trkpt lat="45.65033916666666" lon="-121.90984816666666"><ele>51.6</ele><time>2026-08-31T22:34:30.000Z</time><extensions><gpxtpx:TrackPointExtension><gpxtpx:bearing>56.93</gpxtpx:bearing><gpxtpx:speed>26.446943</gpxtpx:speed></gpxtpx:TrackPointExtension></extensions><geoidheight>-20.4</geoidheight><src>gps</src><sat>15</sat><hdop>0.82</hdop><vdop>1.16</vdop><pdop>1.42</pdop><dgpsid>0000</dgpsid></trkpt>
<trkpt lat="45.651732833333334" lon="-121.90681283333333"><ele>45.1</ele><time>2026-08-31T22:34:41.000Z</time><extensions><gpxtpx:TrackPointExtension><gpxtpx:bearing>55.16</gpxtpx:bearing><gpxtpx:speed>25.899279</gpxtpx:speed></gpxtpx:TrackPointExtension></extensions><geoidheight>-20.4</geoidheight><src>gps</src><sat>15</sat><hdop>0.81</hdop><vdop>1.15</vdop><pdop>1.41</pdop><dgpsid>0000</dgpsid></trkpt>
<trkpt lat="45.65335366666667" lon="-121.90394283333332"><ele>45.9</ele><time>2026-08-31T22:34:52.000Z</time><extensions><gpxtpx:TrackPointExtension><gpxtpx:bearing>46.58</gpxtpx:bearing><gpxtpx:speed>26.322895</gpxtpx:speed></gpxtpx:TrackPointExtension></extensions><geoidheight>-20.4</geoidheight><src>gps</src><sat>15</sat><hdop>0.81</hdop><vdop>1.15</vdop><pdop>1.41</pdop><dgpsid>0000</dgpsid></trkpt>
<trkpt lat="45.65536266666666" lon="-121.901459"><ele>44.1</ele><time>2026-08-31T22:35:03.000Z</time><extensions><gpxtpx:TrackPointExtension><gpxtpx:bearing>35.57</gpxtpx:bearing><gpxtpx:speed>27.518595</gpxtpx:speed></gpxtpx:TrackPointExtension></extensions><geoidheight>-20.4</geoidheight><src>gps</src><sat>15</sat><hdop>0.81</hdop><vdop>1.15</vdop><pdop>1.41</pdop><dgpsid>0000</dgpsid></trkpt>
<trkpt lat="45.657734" lon="-121.89941166666668"><ele>45.0</ele><time>2026-08-31T22:35:14.000Z</time><extensions><gpxtpx:TrackPointExtension><gpxtpx:bearing>28.45</gpxtpx:bearing><gpxtpx:speed>28.081186</gpxtpx:speed></gpxtpx:TrackPointExtension></extensions><geoidheight>-20.4</geoidheight><src>gps</src><sat>15</sat><hdop>0.81</hdop><vdop>1.15</vdop><pdop>1.41</pdop><dgpsid>0000</dgpsid></trkpt>
<trkpt lat="45.6601305" lon="-121.89754999999998"><ele>52.9</ele><time>2026-08-31T22:35:25.000Z</time><extensions><gpxtpx:TrackPointExtension><gpxtpx:bearing>31.96</gpxtpx:bearing><gpxtpx:speed>26.791807</gpxtpx:speed></gpxtpx:TrackPointExtension></extensions><geoidheight>-20.4</geoidheight><src>gps</src><sat>15</sat><hdop>0.81</hdop><vdop>1.15</vdop><pdop>1.41</pdop><dgpsid>0000</dgpsid></trkpt>
<trkpt lat="45.66211716666667" lon="-121.89527933333332"><ele>60.9</ele><time>2026-08-31T22:35:36.000Z</time><extensions><gpxtpx:TrackPointExtension><gpxtpx:bearing>42.2</gpxtpx:bearing><gpxtpx:speed>25.582209</gpxtpx:speed></gpxtpx:TrackPointExtension></extensions><geoidheight>-20.4</geoidheight><src>gps</src><sat>14</sat><hdop>0.96</hdop><vdop>1.21</vdop><pdop>1.54</pdop><dgpsid>0000</dgpsid></trkpt>
<trkpt lat="45.664019666666675" lon="-121.89282649999998"><ele>61.5</ele><time>2026-08-31T22:35:47.000Z</time><extensions><gpxtpx:TrackPointExtension><gpxtpx:bearing>41.95</gpxtpx:bearing><gpxtpx:speed>27.22726</gpxtpx:speed></gpxtpx:TrackPointExtension></extensions><geoidheight>-20.4</geoidheight><src>gps</src><sat>13</sat><hdop>0.86</hdop><vdop>1.32</vdop><pdop>1.57</pdop><dgpsid>0000</dgpsid></trkpt>
<trkpt lat="45.66603283333334" lon="-121.89026516666667"><ele>58.3</ele><time>2026-08-31T22:35:58.000Z</time><extensions><gpxtpx:TrackPointExtension><gpxtpx:bearing>41.79</gpxtpx:bearing><gpxtpx:speed>27.50727</gpxtpx:speed></gpxtpx:TrackPointExtension></extensions><geoidheight>-20.4</geoidheight><src>gps</src><sat>14</sat><hdop>0.86</hdop><vdop>1.32</vdop><pdop>1.57</pdop><dgpsid>0000</dgpsid></trkpt>
<trkpt lat="45.66792333333333" lon="-121.8873915"><ele>53.4</ele><time>2026-08-31T22:36:09.000Z</time><extensions><gpxtpx:TrackPointExtension><gpxtpx:bearing>55.61</gpxtpx:bearing><gpxtpx:speed>28.302002</gpxtpx:speed></gpxtpx:TrackPointExtension></extensions><geoidheight>-20.4</geoidheight><src>gps</src><sat>14</sat><hdop>0.86</hdop><vdop>1.31</vdop><pdop>1.57</pdop><dgpsid>0000</dgpsid></trkpt>
<trkpt lat="45.66932366666666" lon="-121.88400683333333"><ele>54.6</ele><time>2026-08-31T22:36:20.000Z</time><extensions><gpxtpx:TrackPointExtension><gpxtpx:bearing>60.72</gpxtpx:bearing><gpxtpx:speed>27.360575</gpxtpx:speed></gpxtpx:TrackPointExtension></extensions><geoidheight>-20.4</geoidheight><src>gps</src><sat>14</sat><hdop>0.84</hdop><vdop>1.26</vdop><pdop>1.52</pdop><dgpsid>0000</dgpsid></trkpt>
<trkpt lat="45.670652999999994" lon="-121.8806665"><ele>56.5</ele><time>2026-08-31T22:36:31.000Z</time><extensions><gpxtpx:TrackPointExtension><gpxtpx:bearing>60.47</gpxtpx:bearing><gpxtpx:speed>27.176304</gpxtpx:speed></gpxtpx:TrackPointExtension></extensions><geoidheight>-20.4</geoidheight><src>gps</src><sat>11</sat><hdop>0.98</hdop><vdop>1.68</vdop><pdop>1.95</pdop><dgpsid>0000</dgpsid></trkpt>
<trkpt lat="45.67197133333334" lon="-121.87732366666665"><ele>57.6</ele><time>2026-08-31T22:36:42.000Z</time><extensions><gpxtpx:TrackPointExtension><gpxtpx:bearing>60.11</gpxtpx:bearing><gpxtpx:speed>27.543816</gpxtpx:speed></gpxtpx:TrackPointExtension></extensions><geoidheight>-20.4</geoidheight><src>gps</src><sat>14</sat><hdop>0.84</hdop><vdop>1.26</vdop><pdop>1.52</pdop><dgpsid>0000</dgpsid></trkpt>
<trkpt lat="45.67333083333333" lon="-121.87393283333334"><ele>57.3</ele><time>2026-08-31T22:36:53.000Z</time><extensions><gpxtpx:TrackPointExtension><gpxtpx:bearing>61.2</gpxtpx:bearing><gpxtpx:speed>27.86037</gpxtpx:speed></gpxtpx:TrackPointExtension></extensions><geoidheight>-20.4</geoidheight><src>gps</src><sat>14</sat><hdop>0.84</hdop><vdop>1.26</vdop><pdop>1.51</pdop><dgpsid>0000</dgpsid></trkpt>
<trkpt lat="45.674358" lon="-121.870258"><ele>56.2</ele><time>2026-08-31T22:37:04.000Z</time><extensions><gpxtpx:TrackPointExtension><gpxtpx:bearing>74.27</gpxtpx:bearing><gpxtpx:speed>28.291193</gpxtpx:speed></gpxtpx:TrackPointExtension></extensions><geoidheight>-20.4</geoidheight><src>gps</src><sat>14</sat><hdop>0.84</hdop><vdop>1.26</vdop><pdop>1.51</pdop><dgpsid>0000</dgpsid></trkpt>
<trkpt lat="45.67509" lon="-121.86645916666666"><ele>58.5</ele><time>2026-08-31T22:37:15.000Z</time><extensions><gpxtpx:TrackPointExtension><gpxtpx:bearing>74.7</gpxtpx:bearing><gpxtpx:speed>27.579845</gpxtpx:speed></gpxtpx:TrackPointExtension></extensions><geoidheight>-20.4</geoidheight><src>gps</src><sat>14</sat><hdop>0.84</hdop><vdop>1.26</vdop><pdop>1.51</pdop><dgpsid>0000</dgpsid></trkpt>
<trkpt lat="45.6758005" lon="-121.86263966666665"><ele>55.4</ele><time>2026-08-31T22:37:26.000Z</time><extensions><gpxtpx:TrackPointExtension><gpxtpx:bearing>75.9</gpxtpx:bearing><gpxtpx:speed>28.359135</gpxtpx:speed></gpxtpx:TrackPointExtension></extensions><geoidheight>-20.4</geoidheight><src>gps</src><sat>13</sat><hdop>0.86</hdop><vdop>1.27</vdop><pdop>1.54</pdop><dgpsid>0000</dgpsid></trkpt>
<trkpt lat="45.676578166666665" lon="-121.85875800000001"><ele>47.2</ele><time>2026-08-31T22:37:37.000Z</time><extensions><gpxtpx:TrackPointExtension><gpxtpx:bearing>71.92</gpxtpx:bearing><gpxtpx:speed>28.33031</gpxtpx:speed></gpxtpx:TrackPointExtension></extensions><geoidheight>-20.4</geoidheight><src>gps</src><sat>13</sat><hdop>0.86</hdop><vdop>1.27</vdop><pdop>1.54</pdop><dgpsid>0000</dgpsid></trkpt>
<trkpt lat="45.67782366666667" lon="-121.85524433333333"><ele>36.7</ele><time>2026-08-31T22:37:48.000Z</time><extensions><gpxtpx:TrackPointExtension><gpxtpx:bearing>54.5</gpxtpx:bearing><gpxtpx:speed>27.685879</gpxtpx:speed></gpxtpx:TrackPointExtension></extensions><geoidheight>-20.4</geoidheight><src>gps</src><sat>13</sat><hdop>0.84</hdop><vdop>1.25</vdop><pdop>1.51</pdop><dgpsid>0000</dgpsid></trkpt>
<trkpt lat="45.67939200000001" lon="-121.8521135"><ele>30.6</ele><time>2026-08-31T22:37:59.000Z</time><extensions><gpxtpx:TrackPointExtension><gpxtpx:bearing>54.74</gpxtpx:bearing><gpxtpx:speed>26.49018</gpxtpx:speed></gpxtpx:TrackPointExtension></extensions><geoidheight>-20.4</geoidheight><src>gps</src><sat>14</sat><hdop>0.84</hdop><vdop>1.25</vdop><pdop>1.51</pdop><dgpsid>0000</dgpsid></trkpt>
<trkpt lat="45.68086916666666" lon="-121.84912316666666"><ele>27.7</ele><time>2026-08-31T22:38:10.000Z</time><extensions><gpxtpx:TrackPointExtension><gpxtpx:bearing>54.79</gpxtpx:bearing><gpxtpx:speed>25.589415</gpxtpx:speed></gpxtpx:TrackPointExtension></extensions><geoidheight>-20.4</geoidheight><src>gps</src><sat>14</sat><hdop>0.84</hdop><vdop>1.25</vdop><pdop>1.50</pdop><dgpsid>0000</dgpsid></trkpt>
<trkpt lat="45.682325000000006" lon="-121.84617416666667"><ele>25.8</ele><time>2026-08-31T22:38:21.000Z</time><extensions><gpxtpx:TrackPointExtension><gpxtpx:bearing>54.4</gpxtpx:bearing><gpxtpx:speed>26.008913</gpxtpx:speed></gpxtpx:TrackPointExtension></extensions><geoidheight>-20.3</geoidheight><src>gps</src><sat>14</sat><hdop>0.84</hdop><vdop>1.25</vdop><pdop>1.50</pdop><dgpsid>0000</dgpsid></trkpt>
<trkpt lat="45.683935999999996" lon="-121.84330366666667"><ele>25.3</ele><time>2026-08-31T22:38:32.000Z</time><extensions><gpxtpx:TrackPointExtension><gpxtpx:bearing>43.76</gpxtpx:bearing><gpxtpx:speed>25.956926</gpxtpx:speed></gpxtpx:TrackPointExtension></extensions><geoidheight>-20.3</geoidheight><src>gps</src><sat>14</sat><hdop>0.84</hdop><vdop>1.24</vdop><pdop>1.50</pdop><dgpsid>0000</dgpsid></trkpt>
<trkpt lat="45.686028333333326" lon="-121.84112166666667"><ele>24.0</ele><time>2026-08-31T22:38:43.000Z</time><extensions><gpxtpx:TrackPointExtension><gpxtpx:bearing>32.61</gpxtpx:bearing><gpxtpx:speed>26.298702</gpxtpx:speed></gpxtpx:TrackPointExtension></extensions><geoidheight>-20.3</geoidheight><src>gps</src><sat>14</sat><hdop>0.84</hdop><vdop>1.24</vdop><pdop>1.50</pdop><dgpsid>0000</dgpsid></trkpt>
<trkpt lat="45.688287833333334" lon="-121.83939516666666"><ele>26.1</ele><time>2026-08-31T22:38:54.000Z</time><extensions><gpxtpx:TrackPointExtension><gpxtpx:bearing>24.76</gpxtpx:bearing><gpxtpx:speed>25.485956</gpxtpx:speed></gpxtpx:TrackPointExtension></extensions><geoidheight>-20.3</geoidheight><src>gps</src><sat>14</sat><hdop>0.84</hdop><vdop>1.24</vdop><pdop>1.50</pdop><dgpsid>0000</dgpsid></trkpt>
<trkpt lat="45.69052283333334" lon="-121.83791449999998"><ele>33.0</ele><time>2026-08-31T22:39:05.000Z</time><extensions><gpxtpx:TrackPointExtension><gpxtpx:bearing>29.1</gpxtpx:bearing><gpxtpx:speed>24.23827</gpxtpx:speed></gpxtpx:TrackPointExtension></extensions><geoidheight>-20.3</geoidheight><src>gps</src><sat>14</sat><hdop>0.84</hdop><vdop>1.24</vdop><pdop>1.50</pdop><dgpsid>0000</dgpsid></trkpt>
<trkpt lat="45.69244483333333" lon="-121.83591733333333"><ele>40.4</ele><time>2026-08-31T22:39:16.000Z</time><extensions><gpxtpx:TrackPointExtension><gpxtpx:bearing>39.33</gpxtpx:bearing><gpxtpx:speed>24.018482</gpxtpx:speed></gpxtpx:TrackPointExtension></extensions><geoidheight>-20.3</geoidheight><src>gps</src><sat>13</sat><hdop>0.86</hdop><vdop>1.29</vdop><pdop>1.55</pdop><dgpsid>0000</dgpsid></trkpt>
<trkpt lat="45.694328" lon="-121.83369499999999"><ele>43.4</ele><time>2026-08-31T22:39:27.000Z</time><extensions><gpxtpx:TrackPointExtension><gpxtpx:bearing>39.88</gpxtpx:bearing><gpxtpx:speed>25.202858</gpxtpx:speed></gpxtpx:TrackPointExtension></extensions><geoidheight>-20.3</geoidheight><src>gps</src><sat>14</sat><hdop>0.84</hdop><vdop>1.23</vdop><pdop>1.49</pdop><dgpsid>0000</dgpsid></trkpt>
<trkpt lat="45.69589933333334" lon="-121.831072"><ele>41.3</ele><time>2026-08-31T22:39:38.000Z</time><extensions><gpxtpx:TrackPointExtension><gpxtpx:bearing>64.32</gpxtpx:bearing><gpxtpx:speed>24.600119</gpxtpx:speed></gpxtpx:TrackPointExtension></extensions><geoidheight>-20.3</geoidheight><src>gps</src><sat>14</sat><hdop>0.84</hdop><vdop>1.23</vdop><pdop>1.49</pdop><dgpsid>0000</dgpsid></trkpt>
<trkpt lat="45.69641549999999" lon="-121.82758583333334"><ele>39.8</ele><time>2026-08-31T22:39:49.000Z</time><extensions><gpxtpx:TrackPointExtension><gpxtpx:bearing>82.74</gpxtpx:bearing><gpxtpx:speed>26.23745</gpxtpx:speed></gpxtpx:TrackPointExtension></extensions><geoidheight>-20.3</geoidheight><src>gps</src><sat>14</sat><hdop>0.84</hdop><vdop>1.23</vdop><pdop>1.49</pdop><dgpsid>0000</dgpsid></trkpt>
<trkpt lat="45.696736166666675" lon="-121.82391533333333"><ele>40.1</ele><time>2026-08-31T22:40:00.000Z</time><extensions><gpxtpx:TrackPointExtension><gpxtpx:bearing>82.41</gpxtpx:bearing><gpxtpx:speed>25.821554</gpxtpx:speed></gpxtpx:TrackPointExtension></extensions><geoidheight>-20.3</geoidheight><src>gps</src><sat>14</sat><hdop>1.01</hdop><vdop>1.32</vdop><pdop>1.67</pdop><dgpsid>0000</dgpsid></trkpt>
<trkpt lat="45.69704633333334" lon="-121.82039133333335"><ele>39.3</ele><time>2026-08-31T22:40:11.000Z</time><extensions><gpxtpx:TrackPointExtension><gpxtpx:bearing>83.39</gpxtpx:bearing><gpxtpx:speed>24.335037</gpxtpx:speed></gpxtpx:TrackPointExtension></extensions><geoidheight>-20.3</geoidheight><src>gps</src><sat>12</sat><hdop>1.24</hdop><vdop>1.42</vdop><pdop>1.89</pdop><dgpsid>0000</dgpsid></trkpt>
<trkpt lat="45.697117666666664" lon="-121.81679799999999"><ele>36.9</ele><time>2026-08-31T22:40:22.000Z</time><extensions><gpxtpx:TrackPointExtension><gpxtpx:bearing>96.01</gpxtpx:bearing><gpxtpx:speed>26.425323</gpxtpx:speed></gpxtpx:TrackPointExtension></extensions><geoidheight>-20.3</geoidheight><src>gps</src><sat>11</sat><hdop>0.94</hdop><vdop>1.31</vdop><pdop>1.61</pdop><dgpsid>0000</dgpsid></trkpt>
<trkpt lat="45.696954000000005" lon="-121.81293416666668"><ele>34.5</ele><time>2026-08-31T22:40:33.000Z</time><extensions><gpxtpx:TrackPointExtension><gpxtpx:bearing>86.59</gpxtpx:bearing><gpxtpx:speed>27.721395</gpxtpx:speed></gpxtpx:TrackPointExtension></extensions><geoidheight>-20.3</geoidheight><src>gps</src><sat>9</sat><hdop>1.68</hdop><vdop>2.65</vdop><pdop>3.14</pdop><dgpsid>0000</dgpsid></trkpt>
<trkpt lat="45.69699633333333" lon="-121.80914400000002"><ele>42.4</ele><time>2026-08-31T22:40:44.000Z</time><extensions><gpxtpx:TrackPointExtension><gpxtpx:bearing>92.95</gpxtpx:bearing><gpxtpx:speed>25.930676</gpxtpx:speed></gpxtpx:TrackPointExtension></extensions><geoidheight>-20.3</geoidheight><src>gps</src><sat>11</sat><hdop>1.29</hdop><vdop>1.54</vdop><pdop>2.01</pdop><dgpsid>0000</dgpsid></trkpt>
<trkpt lat="45.696807500000006" lon="-121.80544016666666"><ele>40.2</ele><time>2026-08-31T22:40:55.000Z</time><extensions><gpxtpx:TrackPointExtension><gpxtpx:bearing>93.19</gpxtpx:bearing><gpxtpx:speed>27.601465</gpxtpx:speed></gpxtpx:TrackPointExtension></extensions><geoidheight>-20.3</geoidheight><src>gps</src><sat>12</sat><hdop>0.98</hdop><vdop>1.45</vdop><pdop>1.75</pdop><dgpsid>0000</dgpsid></trkpt>
<trkpt lat="45.69656633333334" lon="-121.80166249999999"><ele>38.9</ele><time>2026-08-31T22:41:06.000Z</time><extensions><gpxtpx:TrackPointExtension><gpxtpx:bearing>102.55</gpxtpx:bearing><gpxtpx:speed>26.992033</gpxtpx:speed></gpxtpx:TrackPointExtension></extensions><geoidheight>-20.3</geoidheight><src>gps</src><sat>10</sat><hdop>1.23</hdop><vdop>2.11</vdop><pdop>2.44</pdop><dgpsid>0000</dgpsid></trkpt>
<trkpt lat="45.69553116666666" lon="-121.79805783333335"><ele>37.7</ele><time>2026-08-31T22:41:17.000Z</time><extensions><gpxtpx:TrackPointExtension><gpxtpx:bearing>118.44</gpxtpx:bearing><gpxtpx:speed>28.055964</gpxtpx:speed></gpxtpx:TrackPointExtension></extensions><geoidheight>-20.3</geoidheight><src>gps</src><sat>11</sat><hdop>1.00</hdop><vdop>1.63</vdop><pdop>1.92</pdop><dgpsid>0000</dgpsid></trkpt>
<trkpt lat="45.6942905" lon="-121.79465049999999"><ele>36.0</ele><time>2026-08-31T22:41:28.000Z</time><extensions><gpxtpx:TrackPointExtension><gpxtpx:bearing>114.16</gpxtpx:bearing><gpxtpx:speed>26.519518</gpxtpx:speed></gpxtpx:TrackPointExtension></extensions><geoidheight>-20.3</geoidheight><src>gps</src><sat>10</sat><hdop>1.23</hdop><vdop>2.10</vdop><pdop>2.43</pdop><dgpsid>0000</dgpsid></trkpt>
<trkpt lat="45.69341716666666" lon="-121.791033"><ele>32.8</ele><time>2026-08-31T22:41:39.000Z</time><extensions><gpxtpx:TrackPointExtension><gpxtpx:bearing>107.73</gpxtpx:bearing><gpxtpx:speed>27.469696</gpxtpx:speed></gpxtpx:TrackPointExtension></extensions><geoidheight>-20.3</geoidheight><src>gps</src><sat>11</sat><hdop>1.70</hdop><vdop>2.66</vdop><pdop>3.15</pdop><dgpsid>0000</dgpsid></trkpt>
<trkpt lat="45.69273416666667" lon="-121.78728883333333"><ele>32.7</ele><time>2026-08-31T22:41:50.000Z</time><extensions><gpxtpx:TrackPointExtension><gpxtpx:bearing>102.3</gpxtpx:bearing><gpxtpx:speed>27.396605</gpxtpx:speed></gpxtpx:TrackPointExtension></extensions><geoidheight>-20.3</geoidheight><src>gps</src><sat>10</sat><hdop>1.23</hdop><vdop>2.09</vdop><pdop>2.43</pdop><dgpsid>0000</dgpsid></trkpt>
<trkpt lat="45.69183683333334" lon="-121.78370583333331"><ele>34.9</ele><time>2026-08-31T22:42:01.000Z</time><extensions><gpxtpx:TrackPointExtension><gpxtpx:bearing>123.92</gpxtpx:bearing><gpxtpx:speed>26.44231</gpxtpx:speed></gpxtpx:TrackPointExtension></extensions><geoidheight>-20.3</geoidheight><src>gps</src><sat>9</sat><hdop>1.71</hdop><vdop>2.66</vdop><pdop>3.16</pdop><dgpsid>0000</dgpsid></trkpt>
<trkpt lat="45.69058933333334" lon="-121.78043033333333"><ele>38.1</ele><time>2026-08-31T22:42:12.000Z</time><extensions><gpxtpx:TrackPointExtension><gpxtpx:bearing>104.2</gpxtpx:bearing><gpxtpx:speed>25.845747</gpxtpx:speed></gpxtpx:TrackPointExtension></extensions><geoidheight>-20.3</geoidheight><src>gps</src><sat>12</sat><hdop>1.24</hdop><vdop>2.08</vdop><pdop>2.42</pdop><dgpsid>0000</dgpsid></trkpt>
<trkpt lat="45.690591833333336" lon="-121.776822"><ele>36.4</ele><time>2026-08-31T22:42:23.000Z</time><extensions><gpxtpx:TrackPointExtension><gpxtpx:bearing>84.45</gpxtpx:bearing><gpxtpx:speed>25.84832</gpxtpx:speed></gpxtpx:TrackPointExtension></extensions><geoidheight>-20.3</geoidheight><src>gps</src><sat>13</sat><hdop>0.87</hdop><vdop>1.25</vdop><pdop>1.52</pdop><dgpsid>0000</dgpsid></trkpt>
<trkpt lat="45.69085933333334" lon="-121.77312633333334"><ele>39.1</ele><time>2026-08-31T22:42:34.000Z</time><extensions><gpxtpx:TrackPointExtension><gpxtpx:bearing>84.23</gpxtpx:bearing><gpxtpx:speed>26.713055</gpxtpx:speed></gpxtpx:TrackPointExtension></extensions><geoidheight>-20.3</geoidheight><src>gps</src><sat>13</sat><hdop>0.89</hdop><vdop>1.30</vdop><pdop>1.58</pdop><dgpsid>0000</dgpsid></trkpt>
<trkpt lat="45.691115999999994" lon="-121.76936666666667"><ele>36.3</ele><time>2026-08-31T22:42:45.000Z</time><extensions><gpxtpx:TrackPointExtension><gpxtpx:bearing>84.35</gpxtpx:bearing><gpxtpx:speed>27.280277</gpxtpx:speed></gpxtpx:TrackPointExtension></extensions><geoidheight>-20.3</geoidheight><src>gps</src><sat>12</sat><hdop>1.00</hdop><vdop>1.62</vdop><pdop>1.90</pdop><dgpsid>0000</dgpsid></trkpt>
<trkpt lat="45.69126583333333" lon="-121.76549000000001"><ele>34.0</ele><time>2026-08-31T22:42:56.000Z</time><extensions><gpxtpx:TrackPointExtension><gpxtpx:bearing>90.91</gpxtpx:bearing><gpxtpx:speed>27.51602</gpxtpx:speed></gpxtpx:TrackPointExtension></extensions><geoidheight>-20.3</geoidheight><src>gps</src><sat>14</sat><hdop>0.89</hdop><vdop>1.31</vdop><pdop>1.58</pdop><dgpsid>0000</dgpsid></trkpt>
<trkpt lat="45.690968000000005" lon="-121.76161716666665"><ele>30.4</ele><time>2026-08-31T22:43:07.000Z</time><extensions><gpxtpx:TrackPointExtension><gpxtpx:bearing>100.56</gpxtpx:bearing><gpxtpx:speed>27.606096</gpxtpx:speed></gpxtpx:TrackPointExtension></extensions><geoidheight>-20.3</geoidheight><src>gps</src><sat>11</sat><hdop>1.01</hdop><vdop>1.62</vdop><pdop>1.90</pdop><dgpsid>0000</dgpsid></trkpt>
<trkpt lat="45.69043833333333" lon="-121.757762"><ele>29.5</ele><time>2026-08-31T22:43:18.000Z</time><extensions><gpxtpx:TrackPointExtension><gpxtpx:bearing>97.81</gpxtpx:bearing><gpxtpx:speed>27.658598</gpxtpx:speed></gpxtpx:TrackPointExtension></extensions><geoidheight>-20.3</geoidheight><src>gps</src><sat>12</sat><hdop>0.91</hdop><vdop>1.36</vdop><pdop>1.64</pdop><dgpsid>0000</dgpsid></trkpt>
<trkpt lat="45.69055916666666" lon="-121.75382566666667"><ele>26.4</ele><time>2026-08-31T22:43:29.000Z</time><extensions><gpxtpx:TrackPointExtension><gpxtpx:bearing>79.0</gpxtpx:bearing><gpxtpx:speed>28.211926</gpxtpx:speed></gpxtpx:TrackPointExtension></extensions><geoidheight>-20.3</geoidheight><src>gps</src><sat>14</sat><hdop>0.86</hdop><vdop>1.24</vdop><pdop>1.51</pdop><dgpsid>0000</dgpsid></trkpt>
<trkpt lat="45.691123333333344" lon="-121.74994983333333"><ele>25.2</ele><time>2026-08-31T22:43:40.000Z</time><extensions><gpxtpx:TrackPointExtension><gpxtpx:bearing>78.03</gpxtpx:bearing><gpxtpx:speed>27.50521</gpxtpx:speed></gpxtpx:TrackPointExtension></extensions><geoidheight>-20.3</geoidheight><src>gps</src><sat>12</sat><hdop>0.91</hdop><vdop>1.36</vdop><pdop>1.63</pdop><dgpsid>0000</dgpsid></trkpt>
<trkpt lat="45.69168333333334" lon="-121.74616883333334"><ele>26.1</ele><time>2026-08-31T22:43:51.000Z</time><extensions><gpxtpx:TrackPointExtension><gpxtpx:bearing>77.72</gpxtpx:bearing><gpxtpx:speed>27.114536</gpxtpx:speed></gpxtpx:TrackPointExtension></extensions><geoidheight>-20.3</geoidheight><src>gps</src><sat>12</sat><hdop>0.91</hdop><vdop>1.35</vdop><pdop>1.63</pdop><dgpsid>0000</dgpsid></trkpt>
<trkpt lat="45.69218533333333" lon="-121.74244866666668"><ele>25.3</ele><time>2026-08-31T22:44:02.000Z</time><extensions><gpxtpx:TrackPointExtension><gpxtpx:bearing>81.99</gpxtpx:bearing><gpxtpx:speed>26.760408</gpxtpx:speed></gpxtpx:TrackPointExtension></extensions><geoidheight>-20.3</geoidheight><src>gps</src><sat>13</sat><hdop>1.02</hdop><vdop>1.25</vdop><pdop>1.62</pdop><dgpsid>0000</dgpsid></trkpt>
<trkpt lat="45.692262666666664" lon="-121.738734"><ele>24.0</ele><time>2026-08-31T22:44:13.000Z</time><extensions><gpxtpx:TrackPointExtension><gpxtpx:bearing>96.76</gpxtpx:bearing><gpxtpx:speed>25.950235</gpxtpx:speed></gpxtpx:TrackPointExtension></extensions><geoidheight>-20.3</geoidheight><src>gps</src><sat>14</sat><hdop>0.84</hdop><vdop>1.18</vdop><pdop>1.45</pdop><dgpsid>0000</dgpsid></trkpt>
<trkpt lat="45.69150849999999" lon="-121.73529566666666"><ele>24.2</ele><time>2026-08-31T22:44:24.000Z</time><extensions><gpxtpx:TrackPointExtension><gpxtpx:bearing>114.21</gpxtpx:bearing><gpxtpx:speed>25.522501</gpxtpx:speed></gpxtpx:TrackPointExtension></extensions><geoidheight>-20.3</geoidheight><src>gps</src><sat>14</sat><hdop>0.86</hdop><vdop>1.21</vdop><pdop>1.48</pdop><dgpsid>0000</dgpsid></trkpt>
<trkpt lat="45.690646666666666" lon="-121.73188383333333"><ele>25.7</ele><time>2026-08-31T22:44:35.000Z</time><extensions><gpxtpx:TrackPointExtension><gpxtpx:bearing>102.13</gpxtpx:bearing><gpxtpx:speed>26.299732</gpxtpx:speed></gpxtpx:TrackPointExtension></extensions><geoidheight>-20.3</geoidheight><src>gps</src><sat>13</sat><hdop>0.91</hdop><vdop>1.19</vdop><pdop>1.50</pdop><dgpsid>0000</dgpsid></trkpt>
<trkpt lat="45.690422166666664" lon="-121.72817883333333"><ele>24.7</ele><time>2026-08-31T22:44:46.000Z</time><extensions><gpxtpx:TrackPointExtension><gpxtpx:bearing>92.16</gpxtpx:bearing><gpxtpx:speed>26.148403</gpxtpx:speed></gpxtpx:TrackPointExtension></extensions><geoidheight>-20.3</geoidheight><src>gps</src><sat>14</sat><hdop>0.84</hdop><vdop>1.18</vdop><pdop>1.45</pdop><dgpsid>0000</dgpsid></trkpt>
<trkpt lat="45.690332999999995" lon="-121.72455433333334"><ele>25.1</ele><time>2026-08-31T22:44:57.000Z</time><extensions><gpxtpx:TrackPointExtension><gpxtpx:bearing>90.2</gpxtpx:bearing><gpxtpx:speed>25.527134</gpxtpx:speed></gpxtpx:TrackPointExtension></extensions><geoidheight>-20.3</geoidheight><src>gps</src><sat>14</sat><hdop>0.86</hdop><vdop>1.20</vdop><pdop>1.48</pdop><dgpsid>0000</dgpsid></trkpt>
<trkpt lat="45.690416500000005" lon="-121.72093833333332"><ele>25.0</ele><time>2026-08-31T22:45:08.000Z</time><extensions><gpxtpx:TrackPointExtension><gpxtpx:bearing>92.63</gpxtpx:bearing><gpxtpx:speed>24.641811</gpxtpx:speed></gpxtpx:TrackPointExtension></extensions><geoidheight>-20.3</geoidheight><src>gps</src><sat>14</sat><hdop>0.84</hdop><vdop>1.17</vdop><pdop>1.44</pdop><dgpsid>0000</dgpsid></trkpt>
<trkpt lat="45.6896125" lon="-121.71773083333333"><ele>23.7</ele><time>2026-08-31T22:45:19.000Z</time><extensions><gpxtpx:TrackPointExtension><gpxtpx:bearing>126.57</gpxtpx:bearing><gpxtpx:speed>24.80189</gpxtpx:speed></gpxtpx:TrackPointExtension></extensions><geoidheight>-20.2</geoidheight><src>gps</src><sat>12</sat><hdop>0.91</hdop><vdop>1.33</vdop><pdop>1.62</pdop><dgpsid>0000</dgpsid></trkpt>
<trkpt lat="45.68791516666667" lon="-121.71507199999999"><ele>22.0</ele><time>2026-08-31T22:45:30.000Z</time><extensions><gpxtpx:TrackPointExtension><gpxtpx:bearing>125.56</gpxtpx:bearing><gpxtpx:speed>26.639963</gpxtpx:speed></gpxtpx:TrackPointExtension></extensions><geoidheight>-20.2</geoidheight><src>gps</src><sat>11</sat><hdop>1.00</hdop><vdop>1.23</vdop><pdop>1.59</pdop><dgpsid>0000</dgpsid></trkpt>
<trkpt lat="45.687098500000005" lon="-121.71149433333333"><ele>20.2</ele><time>2026-08-31T22:45:41.000Z</time><extensions><gpxtpx:TrackPointExtension><gpxtpx:bearing>97.95</gpxtpx:bearing><gpxtpx:speed>27.579845</gpxtpx:speed></gpxtpx:TrackPointExtension></extensions><geoidheight>-20.2</geoidheight><src>gps</src><sat>11</sat><hdop>1.38</hdop><vdop>1.41</vdop><pdop>1.97</pdop><dgpsid>0000</dgpsid></trkpt>
<trkpt lat="45.686920166666674" lon="-121.7076615"><ele>18.1</ele><time>2026-08-31T22:45:52.000Z</time><extensions><gpxtpx:TrackPointExtension><gpxtpx:bearing>87.79</gpxtpx:bearing><gpxtpx:speed>27.42543</gpxtpx:speed></gpxtpx:TrackPointExtension></extensions><geoidheight>-20.2</geoidheight><src>gps</src><sat>12</sat><hdop>1.05</hdop><vdop>1.28</vdop><pdop>1.66</pdop><dgpsid>0000</dgpsid></trkpt>
<trkpt lat="45.687311666666666" lon="-121.70378516666666"><ele>19.3</ele><time>2026-08-31T22:46:03.000Z</time><extensions><gpxtpx:TrackPointExtension><gpxtpx:bearing>79.64</gpxtpx:bearing><gpxtpx:speed>27.698233</gpxtpx:speed></gpxtpx:TrackPointExtension></extensions><geoidheight>-20.2</geoidheight><src>gps</src><sat>13</sat><hdop>0.85</hdop><vdop>1.22</vdop><pdop>1.49</pdop><dgpsid>0000</dgpsid></trkpt>
<trkpt lat="45.687677" lon="-121.69992416666668"><ele>20.7</ele><time>2026-08-31T22:46:14.000Z</time><extensions><gpxtpx:TrackPointExtension><gpxtpx:bearing>89.64</gpxtpx:bearing><gpxtpx:speed>27.651392</gpxtpx:speed></gpxtpx:TrackPointExtension></extensions><geoidheight>-20.2</geoidheight><src>gps</src><sat>12</sat><hdop>1.13</hdop><vdop>1.36</vdop><pdop>1.77</pdop><dgpsid>0000</dgpsid></trkpt>
<trkpt lat="45.68765616666666" lon="-121.69601416666667"><ele>25.9</ele><time>2026-08-31T22:46:25.000Z</time><extensions><gpxtpx:TrackPointExtension><gpxtpx:bearing>85.51</gpxtpx:bearing><gpxtpx:speed>27.75691</gpxtpx:speed></gpxtpx:TrackPointExtension></extensions><geoidheight>-20.2</geoidheight><src>gps</src><sat>12</sat><hdop>1.04</hdop><vdop>1.23</vdop><pdop>1.61</pdop><dgpsid>0000</dgpsid></trkpt>
<trkpt lat="45.68835616666667" lon="-121.69224066666666"><ele>28.2</ele><time>2026-08-31T22:46:36.000Z</time><extensions><gpxtpx:TrackPointExtension><gpxtpx:bearing>66.07</gpxtpx:bearing><gpxtpx:speed>27.38528</gpxtpx:speed></gpxtpx:TrackPointExtension></extensions><geoidheight>-20.2</geoidheight><src>gps</src><sat>13</sat><hdop>1.04</hdop><vdop>1.23</vdop><pdop>1.61</pdop><dgpsid>0000</dgpsid></trkpt>
<trkpt lat="45.68983333333334" lon="-121.68907499999999"><ele>30.2</ele><time>2026-08-31T22:46:47.000Z</time><extensions><gpxtpx:TrackPointExtension><gpxtpx:bearing>47.24</gpxtpx:bearing><gpxtpx:speed>26.709965</gpxtpx:speed></gpxtpx:TrackPointExtension></extensions><geoidheight>-20.2</geoidheight><src>gps</src><sat>13</sat><hdop>1.04</hdop><vdop>1.23</vdop><pdop>1.61</pdop><dgpsid>0000</dgpsid></trkpt>
<trkpt lat="45.69178316666667" lon="-121.68656899999999"><ele>29.0</ele><time>2026-08-31T22:46:58.000Z</time><extensions><gpxtpx:TrackPointExtension><gpxtpx:bearing>43.56</gpxtpx:bearing><gpxtpx:speed>26.68217</gpxtpx:speed></gpxtpx:TrackPointExtension></extensions><geoidheight>-20.2</geoidheight><src>gps</src><sat>14</sat><hdop>1.04</hdop><vdop>1.23</vdop><pdop>1.61</pdop><dgpsid>0000</dgpsid></trkpt>
<trkpt lat="45.693436000000005" lon="-121.68354283333335"><ele>29.9</ele><time>2026-08-31T22:47:09.000Z</time><extensions><gpxtpx:TrackPointExtension><gpxtpx:bearing>61.23</gpxtpx:bearing><gpxtpx:speed>27.472784</gpxtpx:speed></gpxtpx:TrackPointExtension></extensions><geoidheight>-20.2</geoidheight><src>gps</src><sat>13</sat><hdop>1.04</hdop><vdop>1.23</vdop><pdop>1.61</pdop><dgpsid>0000</dgpsid></trkpt>
<trkpt lat="45.69431916666667" lon="-121.67990999999999"><ele>32.3</ele><time>2026-08-31T22:47:20.000Z</time><extensions><gpxtpx:TrackPointExtension><gpxtpx:bearing>78.29</gpxtpx:bearing><gpxtpx:speed>27.41771</gpxtpx:speed></gpxtpx:TrackPointExtension></extensions><geoidheight>-20.2</geoidheight><src>gps</src><sat>12</sat><hdop>1.08</hdop><vdop>1.25</vdop><pdop>1.65</pdop><dgpsid>0000</dgpsid></trkpt>
<trkpt lat="45.69469283333333" lon="-121.67603616666665"><ele>30.0</ele><time>2026-08-31T22:47:31.000Z</time><extensions><gpxtpx:TrackPointExtension><gpxtpx:bearing>83.29</gpxtpx:bearing><gpxtpx:speed>28.098686</gpxtpx:speed></gpxtpx:TrackPointExtension></extensions><geoidheight>-20.2</geoidheight><src>gps</src><sat>12</sat><hdop>1.14</hdop><vdop>1.35</vdop><pdop>1.76</pdop><dgpsid>0000</dgpsid></trkpt>
<trkpt lat="45.69519033333333" lon="-121.67211916666665"><ele>29.2</ele><time>2026-08-31T22:47:42.000Z</time><extensions><gpxtpx:TrackPointExtension><gpxtpx:bearing>68.65</gpxtpx:bearing><gpxtpx:speed>28.005522</gpxtpx:speed></gpxtpx:TrackPointExtension></extensions><geoidheight>-20.2</geoidheight><src>gps</src><sat>12</sat><hdop>0.91</hdop><vdop>1.30</vdop><pdop>1.59</pdop><dgpsid>0000</dgpsid></trkpt>
<trkpt lat="45.696489166666666" lon="-121.66875950000001"><ele>34.2</ele><time>2026-08-31T22:47:53.000Z</time><extensions><gpxtpx:TrackPointExtension><gpxtpx:bearing>61.79</gpxtpx:bearing><gpxtpx:speed>26.445913</gpxtpx:speed></gpxtpx:TrackPointExtension></extensions><geoidheight>-20.2</geoidheight><src>gps</src><sat>13</sat><hdop>0.86</hdop><vdop>1.18</vdop><pdop>1.46</pdop><dgpsid>0000</dgpsid></trkpt>
<trkpt lat="45.697391" lon="-121.66522316666666"><ele>39.0</ele><time>2026-08-31T22:48:04.000Z</time><extensions><gpxtpx:TrackPointExtension><gpxtpx:bearing>76.87</gpxtpx:bearing><gpxtpx:speed>27.148508</gpxtpx:speed></gpxtpx:TrackPointExtension></extensions><geoidheight>-20.2</geoidheight><src>gps</src><sat>12</sat><hdop>0.91</hdop><vdop>1.30</vdop><pdop>1.59</pdop><dgpsid>0000</dgpsid></trkpt>
<trkpt lat="45.69780316666667" lon="-121.66139883333332"><ele>38.0</ele><time>2026-08-31T22:48:15.000Z</time><extensions><gpxtpx:TrackPointExtension><gpxtpx:bearing>82.34</gpxtpx:bearing><gpxtpx:speed>27.604038</gpxtpx:speed></gpxtpx:TrackPointExtension></extensions><geoidheight>-20.2</geoidheight><src>gps</src><sat>10</sat><hdop>1.22</hdop><vdop>1.62</vdop><pdop>2.03</pdop><dgpsid>0000</dgpsid></trkpt>
<trkpt lat="45.69817150000001" lon="-121.65754383333334"><ele>34.9</ele><time>2026-08-31T22:48:26.000Z</time><extensions><gpxtpx:TrackPointExtension><gpxtpx:bearing>82.21</gpxtpx:bearing><gpxtpx:speed>27.508814</gpxtpx:speed></gpxtpx:TrackPointExtension></extensions><geoidheight>-20.2</geoidheight><src>gps</src><sat>13</sat><hdop>0.89</hdop><vdop>1.26</vdop><pdop>1.54</pdop><dgpsid>0000</dgpsid></trkpt>
<trkpt lat="45.698543666666666" lon="-121.65364583333333"><ele>30.9</ele><time>2026-08-31T22:48:37.000Z</time><extensions><gpxtpx:TrackPointExtension><gpxtpx:bearing>81.84</gpxtpx:bearing><gpxtpx:speed>28.311266</gpxtpx:speed></gpxtpx:TrackPointExtension></extensions><geoidheight>-20.2</geoidheight><src>gps</src><sat>10</sat><hdop>1.23</hdop><vdop>1.62</vdop><pdop>2.03</pdop><dgpsid>0000</dgpsid></trkpt>
<trkpt lat="45.69892166666667" lon="-121.6496975"><ele>30.0</ele><time>2026-08-31T22:48:48.000Z</time><extensions><gpxtpx:TrackPointExtension><gpxtpx:bearing>81.85</gpxtpx:bearing><gpxtpx:speed>28.024052</gpxtpx:speed></gpxtpx:TrackPointExtension></extensions><geoidheight>-20.2</geoidheight><src>gps</src><sat>13</sat><hdop>1.23</hdop><vdop>1.62</vdop><pdop>2.03</pdop><dgpsid>0000</dgpsid></trkpt>
<trkpt lat="45.699301" lon="-121.64578583333332"><ele>32.1</ele><time>2026-08-31T22:48:59.000Z</time><extensions><gpxtpx:TrackPointExtension><gpxtpx:bearing>82.3</gpxtpx:bearing><gpxtpx:speed>28.013758</gpxtpx:speed></gpxtpx:TrackPointExtension></extensions><geoidheight>-20.2</geoidheight><src>gps</src><sat>12</sat><hdop>1.07</hdop><vdop>1.26</vdop><pdop>1.65</pdop><dgpsid>0000</dgpsid></trkpt>
<trkpt lat="45.69967233333333" lon="-121.6418635"><ele>32.1</ele><time>2026-08-31T22:49:10.000Z</time><extensions><gpxtpx:TrackPointExtension><gpxtpx:bearing>82.58</gpxtpx:bearing><gpxtpx:speed>27.65654</gpxtpx:speed></gpxtpx:TrackPointExtension></extensions><geoidheight>-20.2</geoidheight><src>gps</src><sat>13</sat><hdop>1.05</hdop><vdop>1.21</vdop><pdop>1.60</pdop><dgpsid>0000</dgpsid></trkpt>
<trkpt lat="45.699552" lon="-121.63800116666668"><ele>25.5</ele><time>2026-08-31T22:49:21.000Z</time><extensions><gpxtpx:TrackPointExtension><gpxtpx:bearing>98.76</gpxtpx:bearing><gpxtpx:speed>27.994713</gpxtpx:speed></gpxtpx:TrackPointExtension></extensions><geoidheight>-20.2</geoidheight><src>gps</src><sat>14</sat><hdop>0.84</hdop><vdop>1.13</vdop><pdop>1.40</pdop><dgpsid>0000</dgpsid></trkpt>
<trkpt lat="45.699256500000004" lon="-121.63409433333332"><ele>24.7</ele><time>2026-08-31T22:49:32.000Z</time><extensions><gpxtpx:TrackPointExtension><gpxtpx:bearing>90.74</gpxtpx:bearing><gpxtpx:speed>27.191746</gpxtpx:speed></gpxtpx:TrackPointExtension></extensions><geoidheight>-20.2</geoidheight><src>gps</src><sat>11</sat><hdop>1.03</hdop><vdop>1.55</vdop><pdop>1.86</pdop><dgpsid>0000</dgpsid></trkpt>
<trkpt lat="45.69963116666666" lon="-121.63029399999999"><ele>26.5</ele><time>2026-08-31T22:49:43.000Z</time><extensions><gpxtpx:TrackPointExtension><gpxtpx:bearing>73.72</gpxtpx:bearing><gpxtpx:speed>27.209246</gpxtpx:speed></gpxtpx:TrackPointExtension></extensions><geoidheight>-20.2</geoidheight><src>gps</src><sat>13</sat><hdop>1.09</hdop><vdop>1.25</vdop><pdop>1.66</pdop><dgpsid>0000</dgpsid></trkpt>
<trkpt lat="45.70071433333332" lon="-121.62686149999999"><ele>28.0</ele><time>2026-08-31T22:49:54.000Z</time><extensions><gpxtpx:TrackPointExtension><gpxtpx:bearing>58.64</gpxtpx:bearing><gpxtpx:speed>26.783571</gpxtpx:speed></gpxtpx:TrackPointExtension></extensions><geoidheight>-20.2</geoidheight><src>gps</src><sat>13</sat><hdop>1.06</hdop><vdop>1.20</vdop><pdop>1.60</pdop><dgpsid>0000</dgpsid></trkpt>
<trkpt lat="45.702154" lon="-121.62363849999998"><ele>27.2</ele><time>2026-08-31T22:50:05.000Z</time><extensions><gpxtpx:TrackPointExtension><gpxtpx:bearing>57.36</gpxtpx:bearing><gpxtpx:speed>27.577787</gpxtpx:speed></gpxtpx:TrackPointExtension></extensions><geoidheight>-20.2</geoidheight><src>gps</src><sat>14</sat><hdop>0.83</hdop><vdop>1.12</vdop><pdop>1.40</pdop><dgpsid>0000</dgpsid></trkpt>
<trkpt lat="45.70360349999999" lon="-121.62035599999999"><ele>26.0</ele><time>2026-08-31T22:50:16.000Z</time><extensions><gpxtpx:TrackPointExtension><gpxtpx:bearing>59.78</gpxtpx:bearing><gpxtpx:speed>27.231894</gpxtpx:speed></gpxtpx:TrackPointExtension></extensions><geoidheight>-20.2</geoidheight><src>gps</src><sat>14</sat><hdop>0.83</hdop><vdop>1.12</vdop><pdop>1.39</pdop><dgpsid>0000</dgpsid></trkpt>
<trkpt lat="45.70440716666667" lon="-121.61685966666667"><ele>26.0</ele><time>2026-08-31T22:50:27.000Z</time><extensions><gpxtpx:TrackPointExtension><gpxtpx:bearing>84.13</gpxtpx:bearing><gpxtpx:speed>25.993986</gpxtpx:speed></gpxtpx:TrackPointExtension></extensions><geoidheight>-20.2</geoidheight><src>gps</src><sat>12</sat><hdop>1.06</hdop><vdop>1.20</vdop><pdop>1.60</pdop><dgpsid>0000</dgpsid></trkpt>
<trkpt lat="45.70441266666667" lon="-121.61318183333333"><ele>25.8</ele><time>2026-08-31T22:50:38.000Z</time><extensions><gpxtpx:TrackPointExtension><gpxtpx:bearing>91.93</gpxtpx:bearing><gpxtpx:speed>26.217377</gpxtpx:speed></gpxtpx:TrackPointExtension></extensions><geoidheight>-20.2</geoidheight><src>gps</src><sat>12</sat><hdop>1.07</hdop><vdop>1.25</vdop><pdop>1.64</pdop><dgpsid>0000</dgpsid></trkpt>
<trkpt lat="45.704361500000005" lon="-121.60938066666668"><ele>27.4</ele><time>2026-08-31T22:50:49.000Z</time><extensions><gpxtpx:TrackPointExtension><gpxtpx:bearing>90.68</gpxtpx:bearing><gpxtpx:speed>27.522198</gpxtpx:speed></gpxtpx:TrackPointExtension></extensions><geoidheight>-20.2</geoidheight><src>gps</src><sat>14</sat><hdop>0.85</hdop><vdop>1.16</vdop><pdop>1.44</pdop><dgpsid>0000</dgpsid></trkpt>
<trkpt lat="45.704403500000005" lon="-121.60548083333333"><ele>28.5</ele><time>2026-08-31T22:51:00.000Z</time><extensions><gpxtpx:TrackPointExtension><gpxtpx:bearing>87.79</gpxtpx:bearing><gpxtpx:speed>27.511902</gpxtpx:speed></gpxtpx:TrackPointExtension></extensions><geoidheight>-20.2</geoidheight><src>gps</src><sat>13</sat><hdop>0.83</hdop><vdop>1.11</vdop><pdop>1.39</pdop><dgpsid>0000</dgpsid></trkpt>
<trkpt lat="45.70452950000001" lon="-121.60167000000001"><ele>33.7</ele><time>2026-08-31T22:51:11.000Z</time><extensions><gpxtpx:TrackPointExtension><gpxtpx:bearing>87.41</gpxtpx:bearing><gpxtpx:speed>26.38569</gpxtpx:speed></gpxtpx:TrackPointExtension></extensions><geoidheight>-20.2</geoidheight><src>gps</src><sat>13</sat><hdop>0.83</hdop><vdop>1.11</vdop><pdop>1.39</pdop><dgpsid>0000</dgpsid></trkpt>
<trkpt lat="45.7046665" lon="-121.59798533333333"><ele>42.7</ele><time>2026-08-31T22:51:22.000Z</time><extensions><gpxtpx:TrackPointExtension><gpxtpx:bearing>87.48</gpxtpx:bearing><gpxtpx:speed>25.768024</gpxtpx:speed></gpxtpx:TrackPointExtension></extensions><geoidheight>-20.2</geoidheight><src>gps</src><sat>12</sat><hdop>1.08</hdop><vdop>1.24</vdop><pdop>1.64</pdop><dgpsid>0000</dgpsid></trkpt>
<trkpt lat="45.704811500000005" lon="-121.59441083333334"><ele>54.8</ele><time>2026-08-31T22:51:33.000Z</time><extensions><gpxtpx:TrackPointExtension><gpxtpx:bearing>86.88</gpxtpx:bearing><gpxtpx:speed>24.830715</gpxtpx:speed></gpxtpx:TrackPointExtension></extensions><geoidheight>-20.1</geoidheight><src>gps</src><sat>12</sat><hdop>0.91</hdop><vdop>1.25</vdop><pdop>1.55</pdop><dgpsid>0000</dgpsid></trkpt>
<trkpt lat="45.704950666666676" lon="-121.59097449999999"><ele>65.4</ele><time>2026-08-31T22:51:44.000Z</time><extensions><gpxtpx:TrackPointExtension><gpxtpx:bearing>85.32</gpxtpx:bearing><gpxtpx:speed>23.963408</gpxtpx:speed></gpxtpx:TrackPointExtension></extensions><geoidheight>-20.1</geoidheight><src>gps</src><sat>11</sat><hdop>1.25</hdop><vdop>1.60</vdop><pdop>2.03</pdop><dgpsid>0000</dgpsid></trkpt>
<trkpt lat="45.705229333333335" lon="-121.58767916666666"><ele>72.5</ele><time>2026-08-31T22:51:55.000Z</time><extensions><gpxtpx:TrackPointExtension><gpxtpx:bearing>79.94</gpxtpx:bearing><gpxtpx:speed>23.202133</gpxtpx:speed></gpxtpx:TrackPointExtension></extensions><geoidheight>-20.1</geoidheight><src>gps</src><sat>12</sat><hdop>1.25</hdop><vdop>1.60</vdop><pdop>2.03</pdop><dgpsid>0000</dgpsid></trkpt>
<trkpt lat="45.70575316666667" lon="-121.58452199999998"><ele>80.1</ele><time>2026-08-31T22:52:06.000Z</time><extensions><gpxtpx:TrackPointExtension><gpxtpx:bearing>73.78</gpxtpx:bearing><gpxtpx:speed>22.68175</gpxtpx:speed></gpxtpx:TrackPointExtension></extensions><geoidheight>-20.1</geoidheight><src>gps</src><sat>13</sat><hdop>1.08</hdop><vdop>1.23</vdop><pdop>1.64</pdop><dgpsid>0000</dgpsid></trkpt>
<trkpt lat="45.70648716666666" lon="-121.58151099999999"><ele>85.2</ele><time>2026-08-31T22:52:17.000Z</time><extensions><gpxtpx:TrackPointExtension><gpxtpx:bearing>68.68</gpxtpx:bearing><gpxtpx:speed>22.933964</gpxtpx:speed></gpxtpx:TrackPointExtension></extensions><geoidheight>-20.1</geoidheight><src>gps</src><sat>13</sat><hdop>1.08</hdop><vdop>1.23</vdop><pdop>1.64</pdop><dgpsid>0000</dgpsid></trkpt>
<trkpt lat="45.707007499999996" lon="-121.57833633333333"><ele>88.7</ele><time>2026-08-31T22:52:28.000Z</time><extensions><gpxtpx:TrackPointExtension><gpxtpx:bearing>90.32</gpxtpx:bearing><gpxtpx:speed>23.580969</gpxtpx:speed></gpxtpx:TrackPointExtension></extensions><geoidheight>-20.1</geoidheight><src>gps</src><sat>13</sat><hdop>1.08</hdop><vdop>1.23</vdop><pdop>1.64</pdop><dgpsid>0000</dgpsid></trkpt>
<trkpt lat="45.7067485" lon="-121.57497133333332"><ele>92.4</ele><time>2026-08-31T22:52:39.000Z</time><extensions><gpxtpx:TrackPointExtension><gpxtpx:bearing>93.97</gpxtpx:bearing><gpxtpx:speed>24.566147</gpxtpx:speed></gpxtpx:TrackPointExtension></extensions><geoidheight>-20.1</geoidheight><src>gps</src><sat>12</sat><hdop>1.26</hdop><vdop>1.27</vdop><pdop>1.79</pdop><dgpsid>0000</dgpsid></trkpt>
<trkpt lat="45.70686066666667" lon="-121.57150883333334"><ele>98.4</ele><time>2026-08-31T22:52:50.000Z</time><extensions><gpxtpx:TrackPointExtension><gpxtpx:bearing>81.21</gpxtpx:bearing><gpxtpx:speed>24.45291</gpxtpx:speed></gpxtpx:TrackPointExtension></extensions><geoidheight>-20.1</geoidheight><src>gps</src><sat>11</sat><hdop>1.32</hdop><vdop>1.35</vdop><pdop>1.89</pdop><dgpsid>0000</dgpsid></trkpt>
<trkpt lat="45.70743883333333" lon="-121.56817433333332"><ele>104.6</ele><time>2026-08-31T22:53:01.000Z</time><extensions><gpxtpx:TrackPointExtension><gpxtpx:bearing>74.76</gpxtpx:bearing><gpxtpx:speed>24.483791</gpxtpx:speed></gpxtpx:TrackPointExtension></extensions><geoidheight>-20.1</geoidheight><src>gps</src><sat>12</sat><hdop>1.11</hdop><vdop>1.23</vdop><pdop>1.65</pdop><dgpsid>0000</dgpsid></trkpt>
<trkpt lat="45.708094333333335" lon="-121.56481133333334"><ele>107.0</ele><time>2026-08-31T22:53:12.000Z</time><extensions><gpxtpx:TrackPointExtension><gpxtpx:bearing>74.25</gpxtpx:bearing><gpxtpx:speed>25.340805</gpxtpx:speed></gpxtpx:TrackPointExtension></extensions><geoidheight>-20.1</geoidheight><src>gps</src><sat>14</sat><hdop>1.03</hdop><vdop>1.18</vdop><pdop>1.56</pdop><dgpsid>0000</dgpsid></trkpt>
<trkpt lat="45.708828499999996" lon="-121.56119599999998"><ele>103.6</ele><time>2026-08-31T22:53:23.000Z</time><extensions><gpxtpx:TrackPointExtension><gpxtpx:bearing>72.84</gpxtpx:bearing><gpxtpx:speed>27.66529</gpxtpx:speed></gpxtpx:TrackPointExtension></extensions><geoidheight>-20.1</geoidheight><src>gps</src><sat>15</sat><hdop>0.81</hdop><vdop>1.08</vdop><pdop>1.35</pdop><dgpsid>0000</dgpsid></trkpt>
<trkpt lat="45.70963749999999" lon="-121.55747850000002"><ele>97.1</ele><time>2026-08-31T22:53:34.000Z</time><extensions><gpxtpx:TrackPointExtension><gpxtpx:bearing>73.06</gpxtpx:bearing><gpxtpx:speed>27.98802</gpxtpx:speed></gpxtpx:TrackPointExtension></extensions><geoidheight>-20.1</geoidheight><src>gps</src><sat>15</sat><hdop>0.81</hdop><vdop>1.08</vdop><pdop>1.35</pdop><dgpsid>0000</dgpsid></trkpt>
<trkpt lat="45.71045183333334" lon="-121.55367483333333"><ele>90.7</ele><time>2026-08-31T22:53:45.000Z</time><extensions><gpxtpx:TrackPointExtension><gpxtpx:bearing>72.92</gpxtpx:bearing><gpxtpx:speed>28.043612</gpxtpx:speed></gpxtpx:TrackPointExtension></extensions><geoidheight>-20.1</geoidheight><src>gps</src><sat>15</sat><hdop>0.81</hdop><vdop>1.08</vdop><pdop>1.34</pdop><dgpsid>0000</dgpsid></trkpt>
<trkpt lat="45.71125283333334" lon="-121.54995866666668"><ele>87.3</ele><time>2026-08-31T22:53:56.000Z</time><extensions><gpxtpx:TrackPointExtension><gpxtpx:bearing>72.25</gpxtpx:bearing><gpxtpx:speed>27.34719</gpxtpx:speed></gpxtpx:TrackPointExtension></extensions><geoidheight>-20.1</geoidheight><src>gps</src><sat>15</sat><hdop>0.81</hdop><vdop>1.07</vdop><pdop>1.34</pdop><dgpsid>0000</dgpsid></trkpt>
<trkpt lat="45.71198583333333" lon="-121.54626699999999"><ele>83.1</ele><time>2026-08-31T22:54:07.000Z</time><extensions><gpxtpx:TrackPointExtension><gpxtpx:bearing>77.46</gpxtpx:bearing><gpxtpx:speed>27.346678</gpxtpx:speed></gpxtpx:TrackPointExtension></extensions><geoidheight>-20.1</geoidheight><src>gps</src><sat>15</sat><hdop>0.81</hdop><vdop>1.07</vdop><pdop>1.34</pdop><dgpsid>0000</dgpsid></trkpt>
<trkpt lat="45.712396999999996" lon="-121.54245333333334"><ele>78.6</ele><time>2026-08-31T22:54:18.000Z</time><extensions><gpxtpx:TrackPointExtension><gpxtpx:bearing>84.41</gpxtpx:bearing><gpxtpx:speed>27.352854</gpxtpx:speed></gpxtpx:TrackPointExtension></extensions><geoidheight>-20.1</geoidheight><src>gps</src><sat>13</sat><hdop>0.81</hdop><vdop>1.11</vdop><pdop>1.38</pdop><dgpsid>0000</dgpsid></trkpt>
<trkpt lat="45.71251766666666" lon="-121.53862483333333"><ele>71.8</ele><time>2026-08-31T22:54:29.000Z</time><extensions><gpxtpx:TrackPointExtension><gpxtpx:bearing>88.77</gpxtpx:bearing><gpxtpx:speed>26.695553</gpxtpx:speed></gpxtpx:TrackPointExtension></extensions><geoidheight>-20.1</geoidheight><src>gps</src><sat>14</sat><hdop>0.81</hdop><vdop>1.11</vdop><pdop>1.38</pdop><dgpsid>0000</dgpsid></trkpt>
<trkpt lat="45.71259333333334" lon="-121.53489183333335"><ele>63.6</ele><time>2026-08-31T22:54:40.000Z</time><extensions><gpxtpx:TrackPointExtension><gpxtpx:bearing>88.39</gpxtpx:bearing><gpxtpx:speed>26.29407</gpxtpx:speed></gpxtpx:TrackPointExtension></extensions><geoidheight>-20.1</geoidheight><src>gps</src><sat>14</sat><hdop>0.81</hdop><vdop>1.11</vdop><pdop>1.38</pdop><dgpsid>0000</dgpsid></trkpt>
<trkpt lat="45.712659" lon="-121.53117933333333"><ele>55.4</ele><time>2026-08-31T22:54:51.000Z</time><extensions><gpxtpx:TrackPointExtension><gpxtpx:bearing>88.73</gpxtpx:bearing><gpxtpx:speed>26.140682</gpxtpx:speed></gpxtpx:TrackPointExtension></extensions><geoidheight>-20.1</geoidheight><src>gps</src><sat>14</sat><hdop>0.81</hdop><vdop>1.11</vdop><pdop>1.37</pdop><dgpsid>0000</dgpsid></trkpt>
<trkpt lat="45.712732499999994" lon="-121.52742066666666"><ele>46.9</ele><time>2026-08-31T22:55:02.000Z</time><extensions><gpxtpx:TrackPointExtension><gpxtpx:bearing>88.38</gpxtpx:bearing><gpxtpx:speed>26.917398</gpxtpx:speed></gpxtpx:TrackPointExtension></extensions><geoidheight>-20.1</geoidheight><src>gps</src><sat>14</sat><hdop>0.81</hdop><vdop>1.11</vdop><pdop>1.37</pdop><dgpsid>0000</dgpsid></trkpt>
<trkpt lat="45.712807833333336" lon="-121.523572"><ele>39.0</ele><time>2026-08-31T22:55:13.000Z</time><extensions><gpxtpx:TrackPointExtension><gpxtpx:bearing>88.2</gpxtpx:bearing><gpxtpx:speed>27.386826</gpxtpx:speed></gpxtpx:TrackPointExtension></extensions><geoidheight>-20.1</geoidheight><src>gps</src><sat>14</sat><hdop>0.81</hdop><vdop>1.11</vdop><pdop>1.37</pdop><dgpsid>0000</dgpsid></trkpt>
<trkpt lat="45.71269116666667" lon="-121.51978833333332"><ele>31.2</ele><time>2026-08-31T22:55:24.000Z</time><extensions><gpxtpx:TrackPointExtension><gpxtpx:bearing>100.15</gpxtpx:bearing><gpxtpx:speed>27.031153</gpxtpx:speed></gpxtpx:TrackPointExtension></extensions><geoidheight>-20.1</geoidheight><src>gps</src><sat>14</sat><hdop>0.94</hdop><vdop>1.17</vdop><pdop>1.50</pdop><dgpsid>0000</dgpsid></trkpt>
<trkpt lat="45.71187566666667" lon="-121.51627116666666"><ele>25.4</ele><time>2026-08-31T22:55:35.000Z</time><extensions><gpxtpx:TrackPointExtension><gpxtpx:bearing>114.01</gpxtpx:bearing><gpxtpx:speed>24.939837</gpxtpx:speed></gpxtpx:TrackPointExtension></extensions><geoidheight>-20.1</geoidheight><src>gps</src><sat>15</sat><hdop>0.81</hdop><vdop>1.10</vdop><pdop>1.37</pdop><dgpsid>0000</dgpsid></trkpt>
<trkpt lat="45.710987333333335" lon="-121.51346533333331"><ele>30.2</ele><time>2026-08-31T22:55:46.000Z</time><extensions><gpxtpx:TrackPointExtension><gpxtpx:bearing>112.95</gpxtpx:bearing><gpxtpx:speed>15.531743</gpxtpx:speed></gpxtpx:TrackPointExtension></extensions><geoidheight>-20.1</geoidheight><src>gps</src><sat>14</sat><hdop>0.81</hdop><vdop>1.10</vdop><pdop>1.37</pdop><dgpsid>0000</dgpsid></trkpt>
<trkpt lat="45.71072933333333" lon="-121.51259416666666"><ele>33.7</ele><time>2026-08-31T22:55:57.000Z</time><extensions><gpxtpx:TrackPointExtension><gpxtpx:bearing>111.45</gpxtpx:bearing><gpxtpx:speed>1.07474</gpxtpx:speed></gpxtpx:TrackPointExtension></extensions><geoidheight>-20.1</geoidheight><src>gps</src><sat>14</sat><hdop>0.81</hdop><vdop>1.10</vdop><pdop>1.36</pdop><dgpsid>0000</dgpsid></trkpt>
<trkpt lat="45.71077716666667" lon="-121.51223716666667"><ele>31.6</ele><time>2026-08-31T22:56:08.000Z</time><extensions><gpxtpx:TrackPointExtension><gpxtpx:bearing>29.19</gpxtpx:bearing><gpxtpx:speed>4.43845</gpxtpx:speed></gpxtpx:TrackPointExtension></extensions><geoidheight>-20.1</geoidheight><src>gps</src><sat>15</sat><hdop>0.80</hdop><vdop>1.05</vdop><pdop>1.32</pdop><dgpsid>0000</dgpsid></trkpt>
<trkpt lat="45.71149233333334" lon="-121.51221"><ele>29.0</ele><time>2026-08-31T22:56:19.000Z</time><extensions><gpxtpx:TrackPointExtension><gpxtpx:bearing>359.98</gpxtpx:bearing><gpxtpx:speed>9.173894</gpxtpx:speed></gpxtpx:TrackPointExtension></extensions><geoidheight>-20.1</geoidheight><src>gps</src><sat>15</sat><hdop>0.80</hdop><vdop>1.05</vdop><pdop>1.32</pdop><dgpsid>0000</dgpsid></trkpt>
<trkpt lat="45.71238916666666" lon="-121.51262283333332"><ele>21.7</ele><time>2026-08-31T22:56:30.000Z</time><extensions><gpxtpx:TrackPointExtension><gpxtpx:bearing>315.58</gpxtpx:bearing><gpxtpx:speed>7.982312</gpxtpx:speed></gpxtpx:TrackPointExtension></extensions><geoidheight>-20.1</geoidheight><src>gps</src><sat>15</sat><hdop>0.80</hdop><vdop>1.05</vdop><pdop>1.32</pdop><dgpsid>0000</dgpsid></trkpt>
<trkpt lat="45.71263916666667" lon="-121.51289200000001"><ele>22.3</ele><time>2026-08-31T22:56:41.000Z</time><extensions><gpxtpx:TrackPointExtension><gpxtpx:bearing>5.74</gpxtpx:bearing><gpxtpx:speed>3.7168093</gpxtpx:speed></gpxtpx:TrackPointExtension></extensions><geoidheight>-20.1</geoidheight><src>gps</src><sat>15</sat><hdop>0.80</hdop><vdop>1.04</vdop><pdop>1.32</pdop><dgpsid>0000</dgpsid></trkpt>
<trkpt lat="45.71276366666666" lon="-121.51217316666667"><ele>22.0</ele><time>2026-08-31T22:56:52.000Z</time><extensions><gpxtpx:TrackPointExtension><gpxtpx:bearing>90.33</gpxtpx:bearing><gpxtpx:speed>5.6264286</gpxtpx:speed></gpxtpx:TrackPointExtension></extensions><geoidheight>-20.1</geoidheight><src>gps</src><sat>14</sat><hdop>0.81</hdop><vdop>1.09</vdop><pdop>1.36</pdop><dgpsid>0000</dgpsid></trkpt>
<trkpt lat="45.71274766666667" lon="-121.51180666666666"><ele>20.1</ele><time>2026-08-31T22:57:03.000Z</time><extensions><gpxtpx:TrackPointExtension><gpxtpx:bearing>84.8</gpxtpx:bearing><gpxtpx:speed>2.6096416</gpxtpx:speed></gpxtpx:TrackPointExtension></extensions><geoidheight>-20.1</geoidheight><src>gps</src><sat>14</sat><hdop>0.82</hdop><vdop>1.07</vdop><pdop>1.35</pdop><dgpsid>0000</dgpsid></trkpt>
<trkpt lat="45.7129805" lon="-121.51161750000001"><ele>12.4</ele><time>2026-08-31T22:57:14.000Z</time><extensions><gpxtpx:TrackPointExtension><gpxtpx:bearing>358.67</gpxtpx:bearing><gpxtpx:speed>2.2117615</gpxtpx:speed></gpxtpx:TrackPointExtension></extensions><geoidheight>-20.1</geoidheight><src>gps</src><sat>16</sat><hdop>0.72</hdop><vdop>1.00</vdop><pdop>1.23</pdop><dgpsid>0000</dgpsid></trkpt>
<trkpt lat="45.713282" lon="-121.51158533333334"><ele>15.4</ele><time>2026-08-31T22:57:25.000Z</time><extensions><gpxtpx:TrackPointExtension><gpxtpx:bearing>0.18</gpxtpx:bearing><gpxtpx:speed>3.2808394</gpxtpx:speed></gpxtpx:TrackPointExtension></extensions><geoidheight>-20.1</geoidheight><src>gps</src><sat>16</sat><hdop>0.70</hdop><vdop>0.99</vdop><pdop>1.21</pdop><dgpsid>0000</dgpsid></trkpt>
<trkpt lat="45.71362583333333" lon="-121.5115985"><ele>17.6</ele><time>2026-08-31T22:57:36.000Z</time><extensions><gpxtpx:TrackPointExtension><gpxtpx:bearing>357.05</gpxtpx:bearing><gpxtpx:speed>3.3534153</gpxtpx:speed></gpxtpx:TrackPointExtension></extensions><geoidheight>-20.1</geoidheight><src>gps</src><sat>16</sat><hdop>0.70</hdop><vdop>0.99</vdop><pdop>1.21</pdop><dgpsid>0000</dgpsid></trkpt>
<trkpt lat="45.714042166666665" lon="-121.51157649999999"><ele>17.6</ele><time>2026-08-31T22:57:47.000Z</time><extensions><gpxtpx:TrackPointExtension><gpxtpx:bearing>1.15</gpxtpx:bearing><gpxtpx:speed>4.451318</gpxtpx:speed></gpxtpx:TrackPointExtension></extensions><geoidheight>-20.1</geoidheight><src>gps</src><sat>17</sat><hdop>0.75</hdop><vdop>0.98</vdop><pdop>1.23</pdop><dgpsid>0000</dgpsid></trkpt>
<trkpt lat="45.71449500000001" lon="-121.51156966666667"><ele>17.5</ele><time>2026-08-31T22:57:58.000Z</time><extensions><gpxtpx:TrackPointExtension><gpxtpx:bearing>0.1</gpxtpx:bearing><gpxtpx:speed>3.876373</gpxtpx:speed></gpxtpx:TrackPointExtension></extensions><geoidheight>-20.1</geoidheight><src>gps</src><sat>17</sat><hdop>0.76</hdop><vdop>1.02</vdop><pdop>1.27</pdop><dgpsid>0000</dgpsid></trkpt>
<trkpt lat="45.714791166666664" lon="-121.51177766666666"><ele>18.5</ele><time>2026-08-31T22:58:09.000Z</time><extensions><gpxtpx:TrackPointExtension><gpxtpx:bearing>310.37</gpxtpx:bearing><gpxtpx:speed>2.6858206</gpxtpx:speed></gpxtpx:TrackPointExtension></extensions><geoidheight>-20.1</geoidheight><src>gps</src><sat>17</sat><hdop>0.68</hdop><vdop>0.95</vdop><pdop>1.16</pdop><dgpsid>0000</dgpsid></trkpt>
<trkpt lat="45.71503616666667" lon="-121.51180033333334"><ele>19.8</ele><time>2026-08-31T22:58:20.000Z</time><extensions><gpxtpx:TrackPointExtension><gpxtpx:bearing>5.79</gpxtpx:bearing><gpxtpx:speed>3.4568744</gpxtpx:speed></gpxtpx:TrackPointExtension></extensions><geoidheight>-20.1</geoidheight><src>gps</src><sat>17</sat><hdop>0.68</hdop><vdop>0.95</vdop><pdop>1.16</pdop><dgpsid>0000</dgpsid></trkpt>
<trkpt lat="45.71539366666666" lon="-121.51177116666668"><ele>19.9</ele><time>2026-08-31T22:58:31.000Z</time><extensions><gpxtpx:TrackPointExtension><gpxtpx:bearing>359.83</gpxtpx:bearing><gpxtpx:speed>2.6204507</gpxtpx:speed></gpxtpx:TrackPointExtension></extensions><geoidheight>-20.1</geoidheight><src>gps</src><sat>17</sat><hdop>0.68</hdop><vdop>0.95</vdop><pdop>1.16</pdop><dgpsid>0000</dgpsid></trkpt>
<trkpt lat="45.71552666666666" lon="-121.5118375"><ele>21.5</ele><time>2026-08-31T22:58:42.000Z</time><extensions><gpxtpx:TrackPointExtension><gpxtpx:bearing>304.7</gpxtpx:bearing><gpxtpx:speed>1.9821953</gpxtpx:speed></gpxtpx:TrackPointExtension></extensions><geoidheight>-20.1</geoidheight><src>gps</src><sat>17</sat><hdop>0.68</hdop><vdop>0.95</vdop><pdop>1.16</pdop><dgpsid>0000</dgpsid></trkpt>
<trkpt lat="45.71553966666667" lon="-121.51217300000002"><ele>22.1</ele><time>2026-08-31T22:58:53.000Z</time><extensions><gpxtpx:TrackPointExtension><gpxtpx:bearing>268.07</gpxtpx:bearing><gpxtpx:speed>2.4176502</gpxtpx:speed></gpxtpx:TrackPointExtension></extensions><geoidheight>-20.1</geoidheight><src>gps</src><sat>17</sat><hdop>0.67</hdop><vdop>0.99</vdop><pdop>1.19</pdop><dgpsid>0000</dgpsid></trkpt>
<trkpt lat="45.71554166666667" lon="-121.51237766666667"><ele>23.0</ele><time>2026-08-31T22:59:04.000Z</time><extensions><gpxtpx:TrackPointExtension><gpxtpx:bearing>268.36</gpxtpx:bearing><gpxtpx:speed>1.2662166</gpxtpx:speed></gpxtpx:TrackPointExtension></extensions><geoidheight>-20.1</geoidheight><src>gps</src><sat>17</sat><hdop>0.67</hdop><vdop>0.94</vdop><pdop>1.15</pdop><dgpsid>0000</dgpsid></trkpt>
<trkpt lat="45.71553533333334" lon="-121.512446"><ele>22.6</ele><time>2026-08-31T22:59:26.000Z</time><extensions><gpxtpx:TrackPointExtension><gpxtpx:speed>0.014926945</gpxtpx:speed></gpxtpx:TrackPointExtension></extensions><geoidheight>-20.1</geoidheight><src>gps</src><sat>17</sat><hdop>0.69</hdop><vdop>0.96</vdop><pdop>1.18</pdop><dgpsid>0000</dgpsid></trkpt>
<trkpt lat="45.71552799999999" lon="-121.51262899999999"><ele>22.7</ele><time>2026-08-31T22:59:37.000Z</time><extensions><gpxtpx:TrackPointExtension><gpxtpx:bearing>272.13</gpxtpx:bearing><gpxtpx:speed>1.6419638</gpxtpx:speed></gpxtpx:TrackPointExtension></extensions><geoidheight>-20.1</geoidheight><src>gps</src><sat>17</sat><hdop>0.67</hdop><vdop>0.93</vdop><pdop>1.15</pdop><dgpsid>0000</dgpsid></trkpt>
<trkpt lat="45.71552633333334" lon="-121.51281949999999"><ele>22.4</ele><time>2026-08-31T22:59:48.000Z</time><extensions><gpxtpx:TrackPointExtension><gpxtpx:bearing>259.8</gpxtpx:bearing><gpxtpx:speed>1.6857153</gpxtpx:speed></gpxtpx:TrackPointExtension></extensions><geoidheight>-20.1</geoidheight><src>gps</src><sat>17</sat><hdop>0.68</hdop><vdop>0.93</vdop><pdop>1.16</pdop><dgpsid>0000</dgpsid></trkpt>
<trkpt lat="45.715366499999995" lon="-121.513046"><ele>18.9</ele><time>2026-08-31T22:59:59.000Z</time><extensions><gpxtpx:TrackPointExtension><gpxtpx:bearing>242.21</gpxtpx:bearing><gpxtpx:speed>2.1844811</gpxtpx:speed></gpxtpx:TrackPointExtension></extensions><geoidheight>-20.1</geoidheight><src>gps</src><sat>17</sat><hdop>0.67</hdop><vdop>0.93</vdop><pdop>1.15</pdop><dgpsid>0000</dgpsid></trkpt>
<trkpt lat="45.71535050000001" lon="-121.51314683333334"><ele>30.6</ele><time>2026-09-01T00:24:33.000Z</time><extensions><gpxtpx:TrackPointExtension><gpxtpx:speed>0.22853667</gpxtpx:speed></gpxtpx:TrackPointExtension></extensions><geoidheight>-20.1</geoidheight><src>gps</src><sat>5</sat><hdop>1.58</hdop><vdop>1.72</vdop><pdop>2.34</pdop></trkpt>
<trkpt lat="45.71497850000001" lon="-121.51354383333334"><ele>31.9</ele><time>2026-09-01T01:23:26.000Z</time><extensions><gpxtpx:TrackPointExtension><gpxtpx:bearing>244.51</gpxtpx:bearing><gpxtpx:speed>2.4897113</gpxtpx:speed></gpxtpx:TrackPointExtension></extensions><geoidheight>-20.1</geoidheight><src>gps</src><sat>5</sat><hdop>1.76</hdop><vdop>2.15</vdop><pdop>2.78</pdop></trkpt>
<trkpt lat="45.71493283333333" lon="-121.51379816666667"><ele>32.6</ele><time>2026-09-01T01:23:37.000Z</time><extensions><gpxtpx:TrackPointExtension><gpxtpx:bearing>225.02</gpxtpx:bearing><gpxtpx:speed>1.0484892</gpxtpx:speed></gpxtpx:TrackPointExtension></extensions><geoidheight>-20.1</geoidheight><src>gps</src><sat>7</sat><hdop>1.67</hdop><vdop>2.14</vdop><pdop>2.72</pdop></trkpt>
<trkpt lat="45.714818" lon="-121.513783"><ele>28.5</ele><time>2026-09-01T01:23:48.000Z</time><extensions><gpxtpx:TrackPointExtension><gpxtpx:bearing>169.95</gpxtpx:bearing><gpxtpx:speed>2.1762455</gpxtpx:speed></gpxtpx:TrackPointExtension></extensions><geoidheight>-20.1</geoidheight><src>gps</src><sat>8</sat><hdop>1.55</hdop><vdop>2.07</vdop><pdop>2.59</pdop></trkpt>
<trkpt lat="45.71451483333333" lon="-121.51378066666666"><ele>28.2</ele><time>2026-09-01T01:23:59.000Z</time><extensions><gpxtpx:TrackPointExtension><gpxtpx:bearing>181.37</gpxtpx:bearing><gpxtpx:speed>3.0672297</gpxtpx:speed></gpxtpx:TrackPointExtension></extensions><geoidheight>-20.1</geoidheight><src>gps</src><sat>8</sat><hdop>1.55</hdop><vdop>2.08</vdop><pdop>2.59</pdop></trkpt>
<trkpt lat="45.713943500000006" lon="-121.51382166666666"><ele>29.2</ele><time>2026-09-01T01:24:10.000Z</time><extensions><gpxtpx:TrackPointExtension><gpxtpx:bearing>182.13</gpxtpx:bearing><gpxtpx:speed>9.500743</gpxtpx:speed></gpxtpx:TrackPointExtension></extensions><geoidheight>-20.1</geoidheight><src>gps</src><sat>8</sat><hdop>1.32</hdop><vdop>1.83</vdop><pdop>2.26</pdop><dgpsid>0000</dgpsid></trkpt>
<trkpt lat="45.713026000000006" lon="-121.51376816666668"><ele>38.3</ele><time>2026-09-01T01:24:21.000Z</time><extensions><gpxtpx:TrackPointExtension><gpxtpx:bearing>159.03</gpxtpx:bearing><gpxtpx:speed>8.969549</gpxtpx:speed></gpxtpx:TrackPointExtension></extensions><geoidheight>-20.1</geoidheight><src>gps</src><sat>9</sat><hdop>1.32</hdop><vdop>1.83</vdop><pdop>2.26</pdop><dgpsid>0000</dgpsid></trkpt>
<trkpt lat="45.712622333333336" lon="-121.51322433333334"><ele>31.9</ele><time>2026-09-01T01:24:32.000Z</time><extensions><gpxtpx:TrackPointExtension><gpxtpx:bearing>124.26</gpxtpx:bearing><gpxtpx:speed>1.565785</gpxtpx:speed></gpxtpx:TrackPointExtension></extensions><geoidheight>-20.1</geoidheight><src>gps</src><sat>12</sat><hdop>0.91</hdop><vdop>1.65</vdop><pdop>1.88</pdop><dgpsid>0000</dgpsid></trkpt>
<trkpt lat="45.71238433333333" lon="-121.51277266666666"><ele>31.9</ele><time>2026-09-01T01:24:43.000Z</time><extensions><gpxtpx:TrackPointExtension><gpxtpx:bearing>130.44</gpxtpx:bearing><gpxtpx:speed>8.847046</gpxtpx:speed></gpxtpx:TrackPointExtension></extensions><geoidheight>-20.1</geoidheight><src>gps</src><sat>14</sat><hdop>0.73</hdop><vdop>1.22</vdop><pdop>1.42</pdop><dgpsid>0000</dgpsid></trkpt>
<trkpt lat="45.711488666666675" lon="-121.5123535"><ele>38.3</ele><time>2026-09-01T01:24:54.000Z</time><extensions><gpxtpx:TrackPointExtension><gpxtpx:bearing>180.2</gpxtpx:bearing><gpxtpx:speed>8.761087</gpxtpx:speed></gpxtpx:TrackPointExtension></extensions><geoidheight>-20.1</geoidheight><src>gps</src><sat>14</sat><hdop>0.73</hdop><vdop>1.23</vdop><pdop>1.42</pdop><dgpsid>0000</dgpsid></trkpt>
<trkpt lat="45.71068333333333" lon="-121.51236416666667"><ele>43.6</ele><time>2026-09-01T01:25:05.000Z</time><extensions><gpxtpx:TrackPointExtension><gpxtpx:bearing>178.7</gpxtpx:bearing><gpxtpx:speed>8.644245</gpxtpx:speed></gpxtpx:TrackPointExtension></extensions><geoidheight>-20.1</geoidheight><src>gps</src><sat>13</sat><hdop>0.73</hdop><vdop>1.23</vdop><pdop>1.43</pdop><dgpsid>0000</dgpsid></trkpt>
<trkpt lat="45.709907333333334" lon="-121.5123295"><ele>45.1</ele><time>2026-09-01T01:25:16.000Z</time><extensions><gpxtpx:TrackPointExtension><gpxtpx:bearing>179.91</gpxtpx:bearing><gpxtpx:speed>7.4403095</gpxtpx:speed></gpxtpx:TrackPointExtension></extensions><geoidheight>-20.1</geoidheight><src>gps</src><sat>14</sat><hdop>0.73</hdop><vdop>1.23</vdop><pdop>1.43</pdop><dgpsid>0000</dgpsid></trkpt>
<trkpt lat="45.70937683333333" lon="-121.51233583333332"><ele>42.9</ele><time>2026-09-01T01:25:27.000Z</time><extensions><gpxtpx:TrackPointExtension><gpxtpx:bearing>179.8</gpxtpx:bearing><gpxtpx:speed>4.4240375</gpxtpx:speed></gpxtpx:TrackPointExtension></extensions><geoidheight>-20.1</geoidheight><src>gps</src><sat>14</sat><hdop>0.73</hdop><vdop>1.23</vdop><pdop>1.43</pdop><dgpsid>0000</dgpsid></trkpt>
<trkpt lat="45.70904433333333" lon="-121.51237566666666"><ele>46.0</ele><time>2026-09-01T01:25:38.000Z</time><extensions><gpxtpx:TrackPointExtension><gpxtpx:bearing>183.37</gpxtpx:bearing><gpxtpx:speed>1.7866008</gpxtpx:speed></gpxtpx:TrackPointExtension></extensions><geoidheight>-20.1</geoidheight><src>gps</src><sat>14</sat><hdop>0.75</hdop><vdop>1.23</vdop><pdop>1.44</pdop><dgpsid>0000</dgpsid></trkpt>
<trkpt lat="45.70899533333333" lon="-121.512364"><ele>46.0</ele><time>2026-09-01T01:25:49.000Z</time><extensions><gpxtpx:TrackPointExtension><gpxtpx:speed>0.03500111</gpxtpx:speed></gpxtpx:TrackPointExtension></extensions><geoidheight>-20.1</geoidheight><src>gps</src><sat>14</sat><hdop>0.82</hdop><vdop>1.42</vdop><pdop>1.64</pdop><dgpsid>0000</dgpsid></trkpt>
<trkpt lat="45.708908666666666" lon="-121.51274416666665"><ele>47.4</ele><time>2026-09-01T01:26:33.000Z</time><extensions><gpxtpx:TrackPointExtension><gpxtpx:bearing>272.25</gpxtpx:bearing><gpxtpx:speed>6.3568196</gpxtpx:speed></gpxtpx:TrackPointExtension></extensions><geoidheight>-20.1</geoidheight><src>gps</src><sat>16</sat><hdop>0.72</hdop><vdop>1.14</vdop><pdop>1.35</pdop><dgpsid>0000</dgpsid></trkpt>
<trkpt lat="45.70890899999999" lon="-121.51317416666667"><ele>51.0</ele><time>2026-09-01T01:26:44.000Z</time><extensions><gpxtpx:TrackPointExtension><gpxtpx:bearing>269.73</gpxtpx:bearing><gpxtpx:speed>1.4494578</gpxtpx:speed></gpxtpx:TrackPointExtension></extensions><geoidheight>-20.1</geoidheight><src>gps</src><sat>14</sat><hdop>0.75</hdop><vdop>1.24</vdop><pdop>1.45</pdop><dgpsid>0000</dgpsid></trkpt>
<trkpt lat="45.70889833333334" lon="-121.51384283333333"><ele>55.4</ele><time>2026-09-01T01:26:55.000Z</time><extensions><gpxtpx:TrackPointExtension><gpxtpx:bearing>270.91</gpxtpx:bearing><gpxtpx:speed>6.895734</gpxtpx:speed></gpxtpx:TrackPointExtension></extensions><geoidheight>-20.1</geoidheight><src>gps</src><sat>15</sat><hdop>0.77</hdop><vdop>1.26</vdop><pdop>1.47</pdop><dgpsid>0000</dgpsid></trkpt>
<trkpt lat="45.70889166666666" lon="-121.51482366666666"><ele>63.0</ele><time>2026-09-01T01:27:06.000Z</time><extensions><gpxtpx:TrackPointExtension><gpxtpx:bearing>271.51</gpxtpx:bearing><gpxtpx:speed>6.5930767</gpxtpx:speed></gpxtpx:TrackPointExtension></extensions><geoidheight>-20.1</geoidheight><src>gps</src><sat>16</sat><hdop>0.70</hdop><vdop>1.14</vdop><pdop>1.34</pdop><dgpsid>0000</dgpsid></trkpt>
<trkpt lat="45.70889233333334" lon="-121.51573983333334"><ele>69.2</ele><time>2026-09-01T01:27:17.000Z</time><extensions><gpxtpx:TrackPointExtension><gpxtpx:bearing>269.75</gpxtpx:bearing><gpxtpx:speed>6.5549874</gpxtpx:speed></gpxtpx:TrackPointExtension></extensions><geoidheight>-20.1</geoidheight><src>gps</src><sat>16</sat><hdop>0.70</hdop><vdop>1.14</vdop><pdop>1.34</pdop><dgpsid>0000</dgpsid></trkpt>
<trkpt lat="45.708874833333326" lon="-121.51673466666668"><ele>76.1</ele><time>2026-09-01T01:27:28.000Z</time><extensions><gpxtpx:TrackPointExtension><gpxtpx:bearing>265.87</gpxtpx:bearing><gpxtpx:speed>7.8984127</gpxtpx:speed></gpxtpx:TrackPointExtension></extensions><geoidheight>-20.1</geoidheight><src>gps</src><sat>14</sat><hdop>0.66</hdop><vdop>0.99</vdop><pdop>1.19</pdop><dgpsid>0000</dgpsid></trkpt>
<trkpt lat="45.708834666666675" lon="-121.5179385"><ele>82.4</ele><time>2026-09-01T01:27:39.000Z</time><extensions><gpxtpx:TrackPointExtension><gpxtpx:bearing>268.63</gpxtpx:bearing><gpxtpx:speed>10.364962</gpxtpx:speed></gpxtpx:TrackPointExtension></extensions><geoidheight>-20.1</geoidheight><src>gps</src><sat>16</sat><hdop>0.70</hdop><vdop>1.14</vdop><pdop>1.34</pdop><dgpsid>0000</dgpsid></trkpt>
<trkpt lat="45.708780833333336" lon="-121.51959333333335"><ele>89.6</ele><time>2026-09-01T01:27:50.000Z</time><extensions><gpxtpx:TrackPointExtension><gpxtpx:bearing>268.55</gpxtpx:bearing><gpxtpx:speed>10.725781</gpxtpx:speed></gpxtpx:TrackPointExtension></extensions><geoidheight>-20.1</geoidheight><src>gps</src><sat>15</sat><hdop>0.71</hdop><vdop>1.20</vdop><pdop>1.40</pdop><dgpsid>0000</dgpsid></trkpt>
<trkpt lat="45.708747499999994" lon="-121.52076433333335"><ele>88.6</ele><time>2026-09-01T01:28:01.000Z</time><extensions><gpxtpx:TrackPointExtension><gpxtpx:bearing>269.01</gpxtpx:bearing><gpxtpx:speed>9.165659</gpxtpx:speed></gpxtpx:TrackPointExtension></extensions><geoidheight>-20.1</geoidheight><src>gps</src><sat>15</sat><hdop>0.68</hdop><vdop>1.13</vdop><pdop>1.32</pdop><dgpsid>0000</dgpsid></trkpt>
<trkpt lat="45.70871" lon="-121.5221255"><ele>87.5</ele><time>2026-09-01T01:28:12.000Z</time><extensions><gpxtpx:TrackPointExtension><gpxtpx:bearing>274.97</gpxtpx:bearing><gpxtpx:speed>10.378859</gpxtpx:speed></gpxtpx:TrackPointExtension></extensions><geoidheight>-20.1</geoidheight><src>gps</src><sat>16</sat><hdop>0.63</hdop><vdop>0.97</vdop><pdop>1.16</pdop><dgpsid>0000</dgpsid></trkpt>
<trkpt lat="45.70881316666667" lon="-121.52375216666665"><ele>90.7</ele><time>2026-09-01T01:28:23.000Z</time><extensions><gpxtpx:TrackPointExtension><gpxtpx:bearing>272.39</gpxtpx:bearing><gpxtpx:speed>11.6980915</gpxtpx:speed></gpxtpx:TrackPointExtension></extensions><geoidheight>-20.1</geoidheight><src>gps</src><sat>14</sat><hdop>0.82</hdop><vdop>1.26</vdop><pdop>1.50</pdop><dgpsid>0000</dgpsid></trkpt>
<trkpt lat="45.708772333333336" lon="-121.52488483333333"><ele>94.3</ele><time>2026-09-01T01:28:34.000Z</time><extensions><gpxtpx:TrackPointExtension><gpxtpx:bearing>269.26</gpxtpx:bearing><gpxtpx:speed>1.3326159</gpxtpx:speed></gpxtpx:TrackPointExtension></extensions><geoidheight>-20.1</geoidheight><src>gps</src><sat>15</sat><hdop>0.63</hdop><vdop>0.97</vdop><pdop>1.16</pdop><dgpsid>0000</dgpsid></trkpt>
<trkpt lat="45.70845783333333" lon="-121.52526449999999"><ele>95.4</ele><time>2026-09-01T01:28:56.000Z</time><extensions><gpxtpx:TrackPointExtension><gpxtpx:bearing>180.73</gpxtpx:bearing><gpxtpx:speed>7.581858</gpxtpx:speed></gpxtpx:TrackPointExtension></extensions><geoidheight>-20.1</geoidheight><src>gps</src><sat>15</sat><hdop>0.71</hdop><vdop>1.21</vdop><pdop>1.40</pdop><dgpsid>0000</dgpsid></trkpt>
<trkpt lat="45.707474500000004" lon="-121.52525583333333"><ele>106.8</ele><time>2026-09-01T01:29:07.000Z</time><extensions><gpxtpx:TrackPointExtension><gpxtpx:bearing>180.99</gpxtpx:bearing><gpxtpx:speed>10.698502</gpxtpx:speed></gpxtpx:TrackPointExtension></extensions><geoidheight>-20.1</geoidheight><src>gps</src><sat>15</sat><hdop>0.68</hdop><vdop>1.13</vdop><pdop>1.32</pdop><dgpsid>0000</dgpsid></trkpt>
<trkpt lat="45.70652566666666" lon="-121.52524066666668"><ele>118.6</ele><time>2026-09-01T01:29:18.000Z</time><extensions><gpxtpx:TrackPointExtension><gpxtpx:bearing>180.37</gpxtpx:bearing><gpxtpx:speed>9.472948</gpxtpx:speed></gpxtpx:TrackPointExtension></extensions><geoidheight>-20.1</geoidheight><src>gps</src><sat>15</sat><hdop>0.68</hdop><vdop>1.13</vdop><pdop>1.32</pdop><dgpsid>0000</dgpsid></trkpt>
<trkpt lat="45.70550766666667" lon="-121.525236"><ele>127.5</ele><time>2026-09-01T01:29:29.000Z</time><extensions><gpxtpx:TrackPointExtension><gpxtpx:bearing>178.56</gpxtpx:bearing><gpxtpx:speed>11.254401</gpxtpx:speed></gpxtpx:TrackPointExtension></extensions><geoidheight>-20.1</geoidheight><src>gps</src><sat>15</sat><hdop>0.69</hdop><vdop>1.23</vdop><pdop>1.41</pdop><dgpsid>0000</dgpsid></trkpt>
<trkpt lat="45.704292" lon="-121.52521566666668"><ele>136.8</ele><time>2026-09-01T01:29:40.000Z</time><extensions><gpxtpx:TrackPointExtension><gpxtpx:bearing>179.13</gpxtpx:bearing><gpxtpx:speed>12.829967</gpxtpx:speed></gpxtpx:TrackPointExtension></extensions><geoidheight>-20.1</geoidheight><src>gps</src><sat>15</sat><hdop>0.69</hdop><vdop>1.23</vdop><pdop>1.41</pdop><dgpsid>0000</dgpsid></trkpt>
<trkpt lat="45.70299333333334" lon="-121.524839"><ele>147.8</ele><time>2026-09-01T01:29:51.000Z</time><extensions><gpxtpx:TrackPointExtension><gpxtpx:bearing>165.94</gpxtpx:bearing><gpxtpx:speed>12.208696</gpxtpx:speed></gpxtpx:TrackPointExtension></extensions><geoidheight>-20.1</geoidheight><src>gps</src><sat>15</sat><hdop>0.72</hdop><vdop>1.24</vdop><pdop>1.43</pdop><dgpsid>0000</dgpsid></trkpt>
<trkpt lat="45.70190716666666" lon="-121.52476999999999"><ele>150.7</ele><time>2026-09-01T01:30:02.000Z</time><extensions><gpxtpx:TrackPointExtension><gpxtpx:bearing>179.69</gpxtpx:bearing><gpxtpx:speed>11.224547</gpxtpx:speed></gpxtpx:TrackPointExtension></extensions><geoidheight>-20.1</geoidheight><src>gps</src><sat>14</sat><hdop>0.71</hdop><vdop>1.23</vdop><pdop>1.43</pdop><dgpsid>0000</dgpsid></trkpt>
<trkpt lat="45.700884333333335" lon="-121.524749"><ele>153.7</ele><time>2026-09-01T01:30:13.000Z</time><extensions><gpxtpx:TrackPointExtension><gpxtpx:bearing>179.62</gpxtpx:bearing><gpxtpx:speed>9.945463</gpxtpx:speed></gpxtpx:TrackPointExtension></extensions><geoidheight>-20.1</geoidheight><src>gps</src><sat>15</sat><hdop>0.69</hdop><vdop>1.23</vdop><pdop>1.41</pdop><dgpsid>0000</dgpsid></trkpt>
<trkpt lat="45.69998966666667" lon="-121.52473649999999"><ele>155.4</ele><time>2026-09-01T01:30:24.000Z</time><extensions><gpxtpx:TrackPointExtension><gpxtpx:bearing>180.75</gpxtpx:bearing><gpxtpx:speed>7.4459715</gpxtpx:speed></gpxtpx:TrackPointExtension></extensions><geoidheight>-20.1</geoidheight><src>gps</src><sat>14</sat><hdop>0.78</hdop><vdop>1.58</vdop><pdop>1.76</pdop><dgpsid>0000</dgpsid></trkpt>
<trkpt lat="45.699597833333335" lon="-121.52493366666667"><ele>157.9</ele><time>2026-09-01T01:30:35.000Z</time><extensions><gpxtpx:TrackPointExtension><gpxtpx:bearing>268.06</gpxtpx:bearing><gpxtpx:speed>4.5352173</gpxtpx:speed></gpxtpx:TrackPointExtension></extensions><geoidheight>-20.1</geoidheight><src>gps</src><sat>15</sat><hdop>0.68</hdop><vdop>1.13</vdop><pdop>1.32</pdop><dgpsid>0000</dgpsid></trkpt>
<trkpt lat="45.69961166666667" lon="-121.52612566666667"><ele>158.8</ele><time>2026-09-01T01:30:46.000Z</time><extensions><gpxtpx:TrackPointExtension><gpxtpx:bearing>270.74</gpxtpx:bearing><gpxtpx:speed>10.520408</gpxtpx:speed></gpxtpx:TrackPointExtension></extensions><geoidheight>-20.1</geoidheight><src>gps</src><sat>16</sat><hdop>0.63</hdop><vdop>0.97</vdop><pdop>1.16</pdop><dgpsid>0000</dgpsid></trkpt>
<trkpt lat="45.699645" lon="-121.5278775"><ele>159.2</ele><time>2026-09-01T01:30:57.000Z</time><extensions><gpxtpx:TrackPointExtension><gpxtpx:bearing>272.36</gpxtpx:bearing><gpxtpx:speed>13.603079</gpxtpx:speed></gpxtpx:TrackPointExtension></extensions><geoidheight>-20.1</geoidheight><src>gps</src><sat>16</sat><hdop>0.68</hdop><vdop>1.13</vdop><pdop>1.32</pdop><dgpsid>0000</dgpsid></trkpt>
<trkpt lat="45.699693499999995" lon="-121.52981083333334"><ele>161.2</ele><time>2026-09-01T01:31:08.000Z</time><extensions><gpxtpx:TrackPointExtension><gpxtpx:bearing>271.99</gpxtpx:bearing><gpxtpx:speed>13.6586685</gpxtpx:speed></gpxtpx:TrackPointExtension></extensions><geoidheight>-20.1</geoidheight><src>gps</src><sat>16</sat><hdop>0.70</hdop><vdop>1.14</vdop><pdop>1.34</pdop><dgpsid>0000</dgpsid></trkpt>
<trkpt lat="45.69972683333334" lon="-121.53171433333334"><ele>162.5</ele><time>2026-09-01T01:31:19.000Z</time><extensions><gpxtpx:TrackPointExtension><gpxtpx:bearing>272.07</gpxtpx:bearing><gpxtpx:speed>13.511458</gpxtpx:speed></gpxtpx:TrackPointExtension></extensions><geoidheight>-20.1</geoidheight><src>gps</src><sat>14</sat><hdop>0.71</hdop><vdop>1.21</vdop><pdop>1.41</pdop><dgpsid>0000</dgpsid></trkpt>
<trkpt lat="45.69976533333333" lon="-121.53341616666667"><ele>165.7</ele><time>2026-09-01T01:31:30.000Z</time><extensions><gpxtpx:TrackPointExtension><gpxtpx:bearing>272.43</gpxtpx:bearing><gpxtpx:speed>9.202719</gpxtpx:speed></gpxtpx:TrackPointExtension></extensions><geoidheight>-20.1</geoidheight><src>gps</src><sat>16</sat><hdop>0.68</hdop><vdop>1.13</vdop><pdop>1.32</pdop><dgpsid>0000</dgpsid></trkpt>
<trkpt lat="45.69953416666667" lon="-121.53400183333333"><ele>167.1</ele><time>2026-09-01T01:31:41.000Z</time><extensions><gpxtpx:TrackPointExtension><gpxtpx:bearing>181.54</gpxtpx:bearing><gpxtpx:speed>5.3062716</gpxtpx:speed></gpxtpx:TrackPointExtension></extensions><geoidheight>-20.1</geoidheight><src>gps</src><sat>15</sat><hdop>0.81</hdop><vdop>1.26</vdop><pdop>1.50</pdop><dgpsid>0000</dgpsid></trkpt>
<trkpt lat="45.69893950000001" lon="-121.53389250000001"><ele>167.4</ele><time>2026-09-01T01:31:52.000Z</time><extensions><gpxtpx:TrackPointExtension><gpxtpx:bearing>156.48</gpxtpx:bearing><gpxtpx:speed>5.8045225</gpxtpx:speed></gpxtpx:TrackPointExtension></extensions><geoidheight>-20.1</geoidheight><src>gps</src><sat>15</sat><hdop>0.72</hdop><vdop>1.14</vdop><pdop>1.35</pdop><dgpsid>0000</dgpsid></trkpt>
<trkpt lat="45.6987475" lon="-121.53342766666668"><ele>165.6</ele><time>2026-09-01T01:32:03.000Z</time><extensions><gpxtpx:TrackPointExtension><gpxtpx:bearing>66.03</gpxtpx:bearing><gpxtpx:speed>3.957699</gpxtpx:speed></gpxtpx:TrackPointExtension></extensions><geoidheight>-20.1</geoidheight><src>gps</src><sat>15</sat><hdop>0.72</hdop><vdop>1.14</vdop><pdop>1.35</pdop><dgpsid>0000</dgpsid></trkpt>
<trkpt lat="45.69875516666666" lon="-121.53279883333335"><ele>163.4</ele><time>2026-09-01T01:32:14.000Z</time><extensions><gpxtpx:TrackPointExtension><gpxtpx:bearing>99.23</gpxtpx:bearing><gpxtpx:speed>4.4544063</gpxtpx:speed></gpxtpx:TrackPointExtension></extensions><geoidheight>-20.1</geoidheight><src>gps</src><sat>16</sat><hdop>0.65</hdop><vdop>0.97</vdop><pdop>1.17</pdop><dgpsid>0000</dgpsid></trkpt>
<trkpt lat="45.69875166666667" lon="-121.532461"><ele>161.7</ele><time>2026-09-01T01:32:25.000Z</time><extensions><gpxtpx:TrackPointExtension><gpxtpx:bearing>88.69</gpxtpx:bearing><gpxtpx:speed>1.3367336</gpxtpx:speed></gpxtpx:TrackPointExtension></extensions><geoidheight>-20.1</geoidheight><src>gps</src><sat>16</sat><hdop>0.65</hdop><vdop>0.97</vdop><pdop>1.17</pdop><dgpsid>0000</dgpsid></trkpt>
<trkpt lat="45.69874216666667" lon="-121.53218700000001"><ele>161.3</ele><time>2026-09-01T01:32:36.000Z</time><extensions><gpxtpx:TrackPointExtension><gpxtpx:bearing>98.87</gpxtpx:bearing><gpxtpx:speed>2.0851398</gpxtpx:speed></gpxtpx:TrackPointExtension></extensions><geoidheight>-20.1</geoidheight><src>gps</src><sat>16</sat><hdop>0.65</hdop><vdop>0.97</vdop><pdop>1.17</pdop><dgpsid>0000</dgpsid></trkpt>
<trkpt lat="45.69870966666667" lon="-121.53193866666668"><ele>160.8</ele><time>2026-09-01T01:32:47.000Z</time><extensions><gpxtpx:TrackPointExtension><gpxtpx:bearing>90.1</gpxtpx:bearing><gpxtpx:speed>1.6924067</gpxtpx:speed></gpxtpx:TrackPointExtension></extensions><geoidheight>-20.1</geoidheight><src>gps</src><sat>16</sat><hdop>0.65</hdop><vdop>0.97</vdop><pdop>1.17</pdop><dgpsid>0000</dgpsid></trkpt>
<trkpt lat="45.698789000000005" lon="-121.53178666666666"><ele>162.0</ele><time>2026-09-01T01:32:58.000Z</time><extensions><gpxtpx:TrackPointExtension><gpxtpx:bearing>16.53</gpxtpx:bearing><gpxtpx:speed>0.8101728</gpxtpx:speed></gpxtpx:TrackPointExtension></extensions><geoidheight>-20.1</geoidheight><src>gps</src><sat>16</sat><hdop>0.69</hdop><vdop>1.04</vdop><pdop>1.25</pdop><dgpsid>0000</dgpsid></trkpt>
<trkpt lat="45.698863333333335" lon="-121.53177416666668"><ele>165.1</ele><time>2026-09-01T01:33:42.000Z</time><extensions><gpxtpx:TrackPointExtension><gpxtpx:bearing>354.65</gpxtpx:bearing><gpxtpx:speed>0.37883556</gpxtpx:speed></gpxtpx:TrackPointExtension></extensions><geoidheight>-20.1</geoidheight><src>gps</src><sat>18</sat><hdop>0.65</hdop><vdop>0.92</vdop><pdop>1.13</pdop><dgpsid>0000</dgpsid></trkpt>
<trkpt lat="45.69878883333334" lon="-121.53180249999998"><ele>164.3</ele><time>2026-09-01T01:34:15.000Z</time><extensions><gpxtpx:TrackPointExtension><gpxtpx:speed>0.21258028</gpxtpx:speed></gpxtpx:TrackPointExtension></extensions><geoidheight>-20.1</geoidheight><src>gps</src><sat>18</sat><hdop>0.69</hdop><vdop>0.96</vdop><pdop>1.18</pdop><dgpsid>0000</dgpsid></trkpt>
<trkpt lat="45.69874033333334" lon="-121.53180300000001"><ele>163.1</ele><time>2026-09-01T01:34:59.000Z</time><extensions><gpxtpx:TrackPointExtension><gpxtpx:speed>0.044266112</gpxtpx:speed></gpxtpx:TrackPointExtension></extensions><geoidheight>-20.1</geoidheight><src>gps</src><sat>18</sat><hdop>0.63</hdop><vdop>0.91</vdop><pdop>1.11</pdop><dgpsid>0000</dgpsid></trkpt>
</trkseg></trk></gpx>