<?xml version="1.0" encoding="UTF-8" ?><gpx version="1.1" creator="GPSLogger 135 - http://gpslogger.mendhak.com/" xmlns:xsi="http://www.w3.org/2001/XMLSchema-instance" xmlns="http://www.topografix.com/GPX/1/1" xmlns:gpxtpx="http://www.garmin.com/xmlschemas/TrackPointExtension/v2" xsi:schemaLocation="http://www.topografix.com/GPX/1/1 http://www.topografix.com/GPX/1/1/gpx.xsd http://www.garmin.com/xmlschemas/TrackPointExtension/v2 https://www8.garmin.com/xmlschemas/TrackPointExtensionv2.xsd "><metadata><time>2026-09-24T16:00:40.000Z</time></metadata><trk><name>20260924</name><trkseg><trkpt lat="39.999140499999996" lon="-123.78779899999999"><ele>153.8</ele><time>2026-09-24T16:00:40.000Z</time><extensions><gpxtpx:TrackPointExtension><gpxtpx:speed>0.3005978</gpxtpx:speed></gpxtpx:TrackPointExtension></extensions><geoidheight>-28.3</geoidheight><src>gps</src><sat>5</sat><hdop>1.67</hdop><vdop>1.76</vdop><pdop>2.42</pdop></trkpt>
<trkpt lat="39.99917933333334" lon="-123.78775849999998"><ele>164.9</ele><time>2026-09-24T16:02:19.000Z</time><extensions><gpxtpx:TrackPointExtension><gpxtpx:speed>0.0972825</gpxtpx:speed></gpxtpx:TrackPointExtension></extensions><geoidheight>-28.3</geoidheight><src>gps</src><sat>10</sat><hdop>0.95</hdop><vdop>1.33</vdop><pdop>1.63</pdop></trkpt>
<trkpt lat="39.999226166666666" lon="-123.787763"><ele>170.5</ele><time>2026-09-24T16:03:36.000Z</time><extensions><gpxtpx:TrackPointExtension><gpxtpx:speed>0.037574723</gpxtpx:speed></gpxtpx:TrackPointExtension></extensions><geoidheight>-28.3</geoidheight><src>gps</src><sat>10</sat><hdop>1.40</hdop><vdop>1.65</vdop><pdop>2.16</pdop></trkpt>
<trkpt lat="39.99917466666667" lon="-123.78774399999999"><ele>160.9</ele><time>2026-09-24T16:06:10.000Z</time><extensions><gpxtpx:TrackPointExtension><gpxtpx:speed>0.09265</gpxtpx:speed></gpxtpx:TrackPointExtension></extensions><geoidheight>-28.3</geoidheight><src>gps</src><sat>11</sat><hdop>0.90</hdop><vdop>1.33</vdop><pdop>1.60</pdop></trkpt>
<trkpt lat="39.999220333333334" lon="-123.7877495"><ele>154.8</ele><time>2026-09-24T16:16:04.000Z</time><extensions><gpxtpx:TrackPointExtension><gpxtpx:speed>0.019044721</gpxtpx:speed></gpxtpx:TrackPointExtension></extensions><geoidheight>-28.3</geoidheight><src>gps</src><sat>12</sat><hdop>0.90</hdop><vdop>1.39</vdop><pdop>1.66</pdop></trkpt>
<trkpt lat="39.999255166666664" lon="-123.78767716666668"><ele>150.9</ele><time>2026-09-24T16:24:41.000Z</time><extensions><gpxtpx:TrackPointExtension><gpxtpx:bearing>72.61</gpxtpx:bearing><gpxtpx:speed>1.5673292</gpxtpx:speed></gpxtpx:TrackPointExtension></extensions><geoidheight>-28.3</geoidheight><src>gps</src><sat>13</sat><hdop>0.81</hdop><vdop>1.14</vdop><pdop>1.40</pdop></trkpt>
<trkpt lat="39.9992665" lon="-123.78744583333334"><ele>150.6</ele><time>2026-09-24T16:24:52.000Z</time><extensions><gpxtpx:TrackPointExtension><gpxtpx:bearing>93.76</gpxtpx:bearing><gpxtpx:speed>1.6450522</gpxtpx:speed></gpxtpx:TrackPointExtension></extensions><geoidheight>-28.3</geoidheight><src>gps</src><sat>14</sat><hdop>0.81</hdop><vdop>1.14</vdop><pdop>1.40</pdop></trkpt>
<trkpt lat="39.99922383333333" lon="-123.78732033333333"><ele>149.7</ele><time>2026-09-24T16:25:02.000Z</time><extensions><gpxtpx:TrackPointExtension><gpxtpx:bearing>119.73</gpxtpx:bearing><gpxtpx:speed>1.3053355</gpxtpx:speed></gpxtpx:TrackPointExtension></extensions><geoidheight>-28.3</geoidheight><src>gps</src><sat>13</sat><hdop>0.81</hdop><vdop>1.14</vdop><pdop>1.40</pdop></trkpt>
<trkpt lat="39.99912916666666" lon="-123.78712933333333"><ele>149.7</ele><time>2026-09-24T16:25:13.000Z</time><extensions><gpxtpx:TrackPointExtension><gpxtpx:bearing>118.59</gpxtpx:bearing><gpxtpx:speed>2.3507364</gpxtpx:speed></gpxtpx:TrackPointExtension></extensions><geoidheight>-28.3</geoidheight><src>gps</src><sat>14</sat><hdop>0.81</hdop><vdop>1.14</vdop><pdop>1.40</pdop></trkpt>
<trkpt lat="39.99902683333333" lon="-123.78685283333334"><ele>150.5</ele><time>2026-09-24T16:25:24.000Z</time><extensions><gpxtpx:TrackPointExtension><gpxtpx:bearing>121.51</gpxtpx:bearing><gpxtpx:speed>2.4212534</gpxtpx:speed></gpxtpx:TrackPointExtension></extensions><geoidheight>-28.3</geoidheight><src>gps</src><sat>14</sat><hdop>0.81</hdop><vdop>1.14</vdop><pdop>1.40</pdop></trkpt>
<trkpt lat="39.99886266666667" lon="-123.78659183333333"><ele>151.1</ele><time>2026-09-24T16:25:35.000Z</time><extensions><gpxtpx:TrackPointExtension><gpxtpx:bearing>147.82</gpxtpx:bearing><gpxtpx:speed>2.3630898</gpxtpx:speed></gpxtpx:TrackPointExtension></extensions><geoidheight>-28.3</geoidheight><src>gps</src><sat>14</sat><hdop>0.81</hdop><vdop>1.14</vdop><pdop>1.40</pdop></trkpt>
<trkpt lat="39.99859583333333" lon="-123.78682733333332"><ele>152.3</ele><time>2026-09-24T16:25:46.000Z</time><extensions><gpxtpx:TrackPointExtension><gpxtpx:bearing>223.91</gpxtpx:bearing><gpxtpx:speed>5.126633</gpxtpx:speed></gpxtpx:TrackPointExtension></extensions><geoidheight>-28.3</geoidheight><src>gps</src><sat>14</sat><hdop>0.81</hdop><vdop>1.14</vdop><pdop>1.40</pdop></trkpt>
<trkpt lat="39.99786666666667" lon="-123.78756666666668"><ele>156.9</ele><time>2026-09-24T16:25:57.000Z</time><extensions><gpxtpx:TrackPointExtension><gpxtpx:bearing>212.69</gpxtpx:bearing><gpxtpx:speed>11.965233</gpxtpx:speed></gpxtpx:TrackPointExtension></extensions><geoidheight>-28.3</geoidheight><src>gps</src><sat>14</sat><hdop>0.81</hdop><vdop>1.14</vdop><pdop>1.40</pdop></trkpt>
<trkpt lat="39.99665666666667" lon="-123.78832499999999"><ele>161.6</ele><time>2026-09-24T16:26:08.000Z</time><extensions><gpxtpx:TrackPointExtension><gpxtpx:bearing>198.02</gpxtpx:bearing><gpxtpx:speed>14.989225</gpxtpx:speed></gpxtpx:TrackPointExtension></extensions><geoidheight>-28.3</geoidheight><src>gps</src><sat>14</sat><hdop>0.76</hdop><vdop>1.10</vdop><pdop>1.34</pdop></trkpt>
<trkpt lat="39.995104833333336" lon="-123.7886655"><ele>164.2</ele><time>2026-09-24T16:26:19.000Z</time><extensions><gpxtpx:TrackPointExtension><gpxtpx:bearing>179.88</gpxtpx:bearing><gpxtpx:speed>17.28643</gpxtpx:speed></gpxtpx:TrackPointExtension></extensions><geoidheight>-28.3</geoidheight><src>gps</src><sat>12</sat><hdop>1.09</hdop><vdop>1.69</vdop><pdop>2.01</pdop></trkpt>
<trkpt lat="39.99331933333334" lon="-123.78861716666667"><ele>162.8</ele><time>2026-09-24T16:26:30.000Z</time><extensions><gpxtpx:TrackPointExtension><gpxtpx:bearing>179.07</gpxtpx:bearing><gpxtpx:speed>17.864979</gpxtpx:speed></gpxtpx:TrackPointExtension></extensions><geoidheight>-28.3</geoidheight><src>gps</src><sat>13</sat><hdop>0.80</hdop><vdop>1.17</vdop><pdop>1.41</pdop></trkpt>
<trkpt lat="39.99162466666667" lon="-123.78881783333333"><ele>164.0</ele><time>2026-09-24T16:26:41.000Z</time><extensions><gpxtpx:TrackPointExtension><gpxtpx:bearing>197.63</gpxtpx:bearing><gpxtpx:speed>16.986862</gpxtpx:speed></gpxtpx:TrackPointExtension></extensions><geoidheight>-28.3</geoidheight><src>gps</src><sat>13</sat><hdop>0.83</hdop><vdop>1.32</vdop><pdop>1.56</pdop></trkpt>
<trkpt lat="39.990265" lon="-123.78996783333332"><ele>168.6</ele><time>2026-09-24T16:26:52.000Z</time><extensions><gpxtpx:TrackPointExtension><gpxtpx:bearing>228.16</gpxtpx:bearing><gpxtpx:speed>16.347063</gpxtpx:speed></gpxtpx:TrackPointExtension></extensions><geoidheight>-28.3</geoidheight><src>gps</src><sat>11</sat><hdop>0.92</hdop><vdop>1.89</vdop><pdop>2.11</pdop><dgpsid>0000</dgpsid></trkpt>
<trkpt lat="39.989418666666666" lon="-123.79184466666666"><ele>172.7</ele><time>2026-09-24T16:27:03.000Z</time><extensions><gpxtpx:TrackPointExtension><gpxtpx:bearing>244.45</gpxtpx:bearing><gpxtpx:speed>17.304447</gpxtpx:speed></gpxtpx:TrackPointExtension></extensions><geoidheight>-28.3</geoidheight><src>gps</src><sat>11</sat><hdop>0.80</hdop><vdop>1.32</vdop><pdop>1.54</pdop><dgpsid>0000</dgpsid></trkpt>
<trkpt lat="39.988542" lon="-123.793815"><ele>175.3</ele><time>2026-09-24T16:27:14.000Z</time><extensions><gpxtpx:TrackPointExtension><gpxtpx:bearing>230.72</gpxtpx:bearing><gpxtpx:speed>17.723946</gpxtpx:speed></gpxtpx:TrackPointExtension></extensions><geoidheight>-28.3</geoidheight><src>gps</src><sat>13</sat><hdop>0.82</hdop><vdop>1.11</vdop><pdop>1.38</pdop><dgpsid>0000</dgpsid></trkpt>
<trkpt lat="39.987174833333334" lon="-123.7953125"><ele>176.3</ele><time>2026-09-24T16:27:25.000Z</time><extensions><gpxtpx:TrackPointExtension><gpxtpx:bearing>216.33</gpxtpx:bearing><gpxtpx:speed>18.503235</gpxtpx:speed></gpxtpx:TrackPointExtension></extensions><geoidheight>-28.3</geoidheight><src>gps</src><sat>12</sat><hdop>0.89</hdop><vdop>1.48</vdop><pdop>1.73</pdop><dgpsid>0000</dgpsid></trkpt>
<trkpt lat="39.98576283333333" lon="-123.79685816666667"><ele>178.3</ele><time>2026-09-24T16:27:36.000Z</time><extensions><gpxtpx:TrackPointExtension><gpxtpx:bearing>228.05</gpxtpx:bearing><gpxtpx:speed>19.016413</gpxtpx:speed></gpxtpx:TrackPointExtension></extensions><geoidheight>-28.3</geoidheight><src>gps</src><sat>11</sat><hdop>0.94</hdop><vdop>1.53</vdop><pdop>1.79</pdop><dgpsid>0000</dgpsid></trkpt>
<trkpt lat="39.984746333333334" lon="-123.79894600000002"><ele>179.6</ele><time>2026-09-24T16:27:47.000Z</time><extensions><gpxtpx:TrackPointExtension><gpxtpx:bearing>241.83</gpxtpx:bearing><gpxtpx:speed>19.306202</gpxtpx:speed></gpxtpx:TrackPointExtension></extensions><geoidheight>-28.3</geoidheight><src>gps</src><sat>10</sat><hdop>0.94</hdop><vdop>1.53</vdop><pdop>1.79</pdop><dgpsid>0000</dgpsid></trkpt>
<trkpt lat="39.983602166666664" lon="-123.80096983333333"><ele>179.6</ele><time>2026-09-24T16:27:58.000Z</time><extensions><gpxtpx:TrackPointExtension><gpxtpx:bearing>222.27</gpxtpx:bearing><gpxtpx:speed>19.98409</gpxtpx:speed></gpxtpx:TrackPointExtension></extensions><geoidheight>-28.3</geoidheight><src>gps</src><sat>13</sat><hdop>1.07</hdop><vdop>1.75</vdop><pdop>2.05</pdop><dgpsid>0000</dgpsid></trkpt>
<trkpt lat="39.98180333333333" lon="-123.80225899999999"><ele>180.0</ele><time>2026-09-24T16:28:09.000Z</time><extensions><gpxtpx:TrackPointExtension><gpxtpx:bearing>196.45</gpxtpx:bearing><gpxtpx:speed>21.813929</gpxtpx:speed></gpxtpx:TrackPointExtension></extensions><geoidheight>-28.3</geoidheight><src>gps</src><sat>13</sat><hdop>0.92</hdop><vdop>1.61</vdop><pdop>1.86</pdop><dgpsid>0000</dgpsid></trkpt>
<trkpt lat="39.97962233333333" lon="-123.80232666666667"><ele>180.4</ele><time>2026-09-24T16:28:20.000Z</time><extensions><gpxtpx:TrackPointExtension><gpxtpx:bearing>166.49</gpxtpx:bearing><gpxtpx:speed>22.516523</gpxtpx:speed></gpxtpx:TrackPointExtension></extensions><geoidheight>-28.3</geoidheight><src>gps</src><sat>13</sat><hdop>0.86</hdop><vdop>1.28</vdop><pdop>1.54</pdop><dgpsid>0000</dgpsid></trkpt>
<trkpt lat="39.97749566666666" lon="-123.80153816666667"><ele>181.8</ele><time>2026-09-24T16:28:31.000Z</time><extensions><gpxtpx:TrackPointExtension><gpxtpx:bearing>163.56</gpxtpx:bearing><gpxtpx:speed>21.883415</gpxtpx:speed></gpxtpx:TrackPointExtension></extensions><geoidheight>-28.4</geoidheight><src>gps</src><sat>13</sat><hdop>0.96</hdop><vdop>1.53</vdop><pdop>1.81</pdop><dgpsid>0000</dgpsid></trkpt>
<trkpt lat="39.975593333333336" lon="-123.8006545"><ele>193.7</ele><time>2026-09-24T16:28:42.000Z</time><extensions><gpxtpx:TrackPointExtension><gpxtpx:bearing>157.72</gpxtpx:bearing><gpxtpx:speed>19.100826</gpxtpx:speed></gpxtpx:TrackPointExtension></extensions><geoidheight>-28.4</geoidheight><src>gps</src><sat>12</sat><hdop>0.92</hdop><vdop>1.54</vdop><pdop>1.79</pdop><dgpsid>0000</dgpsid></trkpt>
<trkpt lat="39.973925333333334" lon="-123.799729"><ele>204.9</ele><time>2026-09-24T16:28:53.000Z</time><extensions><gpxtpx:TrackPointExtension><gpxtpx:bearing>156.93</gpxtpx:bearing><gpxtpx:speed>17.726004</gpxtpx:speed></gpxtpx:TrackPointExtension></extensions><geoidheight>-28.4</geoidheight><src>gps</src><sat>12</sat><hdop>0.90</hdop><vdop>1.43</vdop><pdop>1.69</pdop><dgpsid>0000</dgpsid></trkpt>
<trkpt lat="39.97237" lon="-123.79886816666667"><ele>216.0</ele><time>2026-09-24T16:29:04.000Z</time><extensions><gpxtpx:TrackPointExtension><gpxtpx:bearing>156.53</gpxtpx:bearing><gpxtpx:speed>16.686779</gpxtpx:speed></gpxtpx:TrackPointExtension></extensions><geoidheight>-28.4</geoidheight><src>gps</src><sat>11</sat><hdop>0.92</hdop><vdop>1.53</vdop><pdop>1.79</pdop><dgpsid>0000</dgpsid></trkpt>
<trkpt lat="39.970907000000004" lon="-123.79805833333333"><ele>226.5</ele><time>2026-09-24T16:29:15.000Z</time><extensions><gpxtpx:TrackPointExtension><gpxtpx:bearing>158.04</gpxtpx:bearing><gpxtpx:speed>15.482329</gpxtpx:speed></gpxtpx:TrackPointExtension></extensions><geoidheight>-28.4</geoidheight><src>gps</src><sat>12</sat><hdop>0.90</hdop><vdop>1.42</vdop><pdop>1.68</pdop><dgpsid>0000</dgpsid></trkpt>
<trkpt lat="39.969509333333335" lon="-123.79734099999999"><ele>233.8</ele><time>2026-09-24T16:29:26.000Z</time><extensions><gpxtpx:TrackPointExtension><gpxtpx:bearing>158.03</gpxtpx:bearing><gpxtpx:speed>14.979446</gpxtpx:speed></gpxtpx:TrackPointExtension></extensions><geoidheight>-28.4</geoidheight><src>gps</src><sat>12</sat><hdop>0.91</hdop><vdop>1.53</vdop><pdop>1.78</pdop><dgpsid>0000</dgpsid></trkpt>
<trkpt lat="39.96808383333334" lon="-123.79655433333333"><ele>242.9</ele><time>2026-09-24T16:29:37.000Z</time><extensions><gpxtpx:TrackPointExtension><gpxtpx:bearing>156.61</gpxtpx:bearing><gpxtpx:speed>15.973889</gpxtpx:speed></gpxtpx:TrackPointExtension></extensions><geoidheight>-28.4</geoidheight><src>gps</src><sat>13</sat><hdop>0.90</hdop><vdop>1.42</vdop><pdop>1.68</pdop><dgpsid>0000</dgpsid></trkpt>
<trkpt lat="39.9666015" lon="-123.79571016666665"><ele>247.4</ele><time>2026-09-24T16:29:48.000Z</time><extensions><gpxtpx:TrackPointExtension><gpxtpx:bearing>153.68</gpxtpx:bearing><gpxtpx:speed>16.941053</gpxtpx:speed></gpxtpx:TrackPointExtension></extensions><geoidheight>-28.4</geoidheight><src>gps</src><sat>13</sat><hdop>0.76</hdop><vdop>1.08</vdop><pdop>1.32</pdop><dgpsid>0000</dgpsid></trkpt>
<trkpt lat="39.96509916666666" lon="-123.7943715"><ele>250.3</ele><time>2026-09-24T16:29:59.000Z</time><extensions><gpxtpx:TrackPointExtension><gpxtpx:bearing>138.96</gpxtpx:bearing><gpxtpx:speed>19.663933</gpxtpx:speed></gpxtpx:TrackPointExtension></extensions><geoidheight>-28.4</geoidheight><src>gps</src><sat>14</sat><hdop>0.76</hdop><vdop>1.08</vdop><pdop>1.32</pdop><dgpsid>0000</dgpsid></trkpt>
<trkpt lat="39.963777" lon="-123.7923075"><ele>245.2</ele><time>2026-09-24T16:30:10.000Z</time><extensions><gpxtpx:TrackPointExtension><gpxtpx:bearing>121.19</gpxtpx:bearing><gpxtpx:speed>21.31928</gpxtpx:speed></gpxtpx:TrackPointExtension></extensions><geoidheight>-28.4</geoidheight><src>gps</src><sat>14</sat><hdop>0.76</hdop><vdop>1.08</vdop><pdop>1.32</pdop><dgpsid>0000</dgpsid></trkpt>
<trkpt lat="39.962857166666666" lon="-123.78966066666665"><ele>233.7</ele><time>2026-09-24T16:30:21.000Z</time><extensions><gpxtpx:TrackPointExtension><gpxtpx:bearing>111.52</gpxtpx:bearing><gpxtpx:speed>24.375185</gpxtpx:speed></gpxtpx:TrackPointExtension></extensions><geoidheight>-28.4</geoidheight><src>gps</src><sat>14</sat><hdop>0.80</hdop><vdop>1.14</vdop><pdop>1.39</pdop><dgpsid>0000</dgpsid></trkpt>
<trkpt lat="39.961688" lon="-123.78677166666667"><ele>216.4</ele><time>2026-09-24T16:30:32.000Z</time><extensions><gpxtpx:TrackPointExtension><gpxtpx:bearing>125.97</gpxtpx:bearing><gpxtpx:speed>26.300247</gpxtpx:speed></gpxtpx:TrackPointExtension></extensions><geoidheight>-28.4</geoidheight><src>gps</src><sat>14</sat><hdop>0.80</hdop><vdop>1.14</vdop><pdop>1.39</pdop><dgpsid>0000</dgpsid></trkpt>
<trkpt lat="39.96003666666666" lon="-123.78406683333333"><ele>198.5</ele><time>2026-09-24T16:30:43.000Z</time><extensions><gpxtpx:TrackPointExtension><gpxtpx:bearing>128.95</gpxtpx:bearing><gpxtpx:speed>27.181967</gpxtpx:speed></gpxtpx:TrackPointExtension></extensions><geoidheight>-28.3</geoidheight><src>gps</src><sat>13</sat><hdop>0.91</hdop><vdop>1.35</vdop><pdop>1.63</pdop><dgpsid>0000</dgpsid></trkpt>
<trkpt lat="39.958204" lon="-123.78150966666665"><ele>179.3</ele><time>2026-09-24T16:30:54.000Z</time><extensions><gpxtpx:TrackPointExtension><gpxtpx:bearing>143.79</gpxtpx:bearing><gpxtpx:speed>26.940046</gpxtpx:speed></gpxtpx:TrackPointExtension></extensions><geoidheight>-28.3</geoidheight><src>gps</src><sat>11</sat><hdop>0.84</hdop><vdop>1.21</vdop><pdop>1.48</pdop><dgpsid>0000</dgpsid></trkpt>
<trkpt lat="39.9558825" lon="-123.78014483333332"><ele>173.1</ele><time>2026-09-24T16:31:05.000Z</time><extensions><gpxtpx:TrackPointExtension><gpxtpx:bearing>167.15</gpxtpx:bearing><gpxtpx:speed>24.536293</gpxtpx:speed></gpxtpx:TrackPointExtension></extensions><geoidheight>-28.3</geoidheight><src>gps</src><sat>12</sat><hdop>0.86</hdop><vdop>1.34</vdop><pdop>1.59</pdop><dgpsid>0000</dgpsid></trkpt>
<trkpt lat="39.953572333333334" lon="-123.78010533333332"><ele>180.8</ele><time>2026-09-24T16:31:16.000Z</time><extensions><gpxtpx:TrackPointExtension><gpxtpx:bearing>190.13</gpxtpx:bearing><gpxtpx:speed>22.219528</gpxtpx:speed></gpxtpx:TrackPointExtension></extensions><geoidheight>-28.4</geoidheight><src>gps</src><sat>11</sat><hdop>0.97</hdop><vdop>1.67</vdop><pdop>1.93</pdop><dgpsid>0000</dgpsid></trkpt>
<trkpt lat="39.95160166666667" lon="-123.78086833333333"><ele>195.9</ele><time>2026-09-24T16:31:27.000Z</time><extensions><gpxtpx:TrackPointExtension><gpxtpx:bearing>197.08</gpxtpx:bearing><gpxtpx:speed>19.06737</gpxtpx:speed></gpxtpx:TrackPointExtension></extensions><geoidheight>-28.4</geoidheight><src>gps</src><sat>12</sat><hdop>0.97</hdop><vdop>1.66</vdop><pdop>1.92</pdop><dgpsid>0000</dgpsid></trkpt>
<trkpt lat="39.9498775" lon="-123.78130783333333"><ele>207.7</ele><time>2026-09-24T16:31:38.000Z</time><extensions><gpxtpx:TrackPointExtension><gpxtpx:bearing>182.8</gpxtpx:bearing><gpxtpx:speed>16.751635</gpxtpx:speed></gpxtpx:TrackPointExtension></extensions><geoidheight>-28.4</geoidheight><src>gps</src><sat>13</sat><hdop>0.86</hdop><vdop>1.34</vdop><pdop>1.59</pdop><dgpsid>0000</dgpsid></trkpt>
<trkpt lat="39.94831166666667" lon="-123.78116849999999"><ele>218.8</ele><time>2026-09-24T16:31:49.000Z</time><extensions><gpxtpx:TrackPointExtension><gpxtpx:bearing>169.16</gpxtpx:bearing><gpxtpx:speed>15.154451</gpxtpx:speed></gpxtpx:TrackPointExtension></extensions><geoidheight>-28.4</geoidheight><src>gps</src><sat>12</sat><hdop>0.91</hdop><vdop>1.58</vdop><pdop>1.82</pdop><dgpsid>0000</dgpsid></trkpt>
<trkpt lat="39.94694333333334" lon="-123.78064633333334"><ele>228.8</ele><time>2026-09-24T16:32:00.000Z</time><extensions><gpxtpx:TrackPointExtension><gpxtpx:bearing>162.58</gpxtpx:bearing><gpxtpx:speed>13.902647</gpxtpx:speed></gpxtpx:TrackPointExtension></extensions><geoidheight>-28.4</geoidheight><src>gps</src><sat>10</sat><hdop>0.88</hdop><vdop>1.87</vdop><pdop>2.07</pdop><dgpsid>0000</dgpsid></trkpt>
<trkpt lat="39.945651500000004" lon="-123.78009349999999"><ele>238.0</ele><time>2026-09-24T16:32:11.000Z</time><extensions><gpxtpx:TrackPointExtension><gpxtpx:bearing>161.52</gpxtpx:bearing><gpxtpx:speed>13.99787</gpxtpx:speed></gpxtpx:TrackPointExtension></extensions><geoidheight>-28.4</geoidheight><src>gps</src><sat>9</sat><hdop>1.00</hdop><vdop>2.56</vdop><pdop>2.75</pdop><dgpsid>0000</dgpsid></trkpt>
<trkpt lat="39.94430466666667" lon="-123.7795195"><ele>244.6</ele><time>2026-09-24T16:32:22.000Z</time><extensions><gpxtpx:TrackPointExtension><gpxtpx:bearing>161.8</gpxtpx:bearing><gpxtpx:speed>14.95474</gpxtpx:speed></gpxtpx:TrackPointExtension></extensions><geoidheight>-28.4</geoidheight><src>gps</src><sat>9</sat><hdop>1.08</hdop><vdop>2.60</vdop><pdop>2.81</pdop><dgpsid>0000</dgpsid></trkpt>
<trkpt lat="39.942849" lon="-123.77889383333334"><ele>251.2</ele><time>2026-09-24T16:32:33.000Z</time><extensions><gpxtpx:TrackPointExtension><gpxtpx:bearing>161.7</gpxtpx:bearing><gpxtpx:speed>16.036686</gpxtpx:speed></gpxtpx:TrackPointExtension></extensions><geoidheight>-28.4</geoidheight><src>gps</src><sat>11</sat><hdop>0.91</hdop><vdop>1.90</vdop><pdop>2.10</pdop><dgpsid>0000</dgpsid></trkpt>
<trkpt lat="39.941315333333336" lon="-123.77823599999998"><ele>258.2</ele><time>2026-09-24T16:32:44.000Z</time><extensions><gpxtpx:TrackPointExtension><gpxtpx:bearing>161.67</gpxtpx:bearing><gpxtpx:speed>16.721266</gpxtpx:speed></gpxtpx:TrackPointExtension></extensions><geoidheight>-28.4</geoidheight><src>gps</src><sat>9</sat><hdop>1.04</hdop><vdop>2.58</vdop><pdop>2.78</pdop><dgpsid>0000</dgpsid></trkpt>
<trkpt lat="39.939793333333334" lon="-123.777226"><ele>260.9</ele><time>2026-09-24T16:32:55.000Z</time><extensions><gpxtpx:TrackPointExtension><gpxtpx:bearing>143.69</gpxtpx:bearing><gpxtpx:speed>17.886082</gpxtpx:speed></gpxtpx:TrackPointExtension></extensions><geoidheight>-28.4</geoidheight><src>gps</src><sat>12</sat><hdop>0.85</hdop><vdop>1.39</vdop><pdop>1.63</pdop><dgpsid>0000</dgpsid></trkpt>
<trkpt lat="39.93841716666667" lon="-123.77561633333335"><ele>256.8</ele><time>2026-09-24T16:33:06.000Z</time><extensions><gpxtpx:TrackPointExtension><gpxtpx:bearing>137.18</gpxtpx:bearing><gpxtpx:speed>18.821333</gpxtpx:speed></gpxtpx:TrackPointExtension></extensions><geoidheight>-28.4</geoidheight><src>gps</src><sat>12</sat><hdop>0.84</hdop><vdop>1.48</vdop><pdop>1.71</pdop><dgpsid>0000</dgpsid></trkpt>
<trkpt lat="39.937011" lon="-123.77390483333332"><ele>247.8</ele><time>2026-09-24T16:33:17.000Z</time><extensions><gpxtpx:TrackPointExtension><gpxtpx:bearing>137.48</gpxtpx:bearing><gpxtpx:speed>19.92078</gpxtpx:speed></gpxtpx:TrackPointExtension></extensions><geoidheight>-28.4</geoidheight><src>gps</src><sat>11</sat><hdop>0.87</hdop><vdop>1.52</vdop><pdop>1.75</pdop><dgpsid>0000</dgpsid></trkpt>
<trkpt lat="39.93547349999999" lon="-123.77205583333334"><ele>238.6</ele><time>2026-09-24T16:33:28.000Z</time><extensions><gpxtpx:TrackPointExtension><gpxtpx:bearing>136.4</gpxtpx:bearing><gpxtpx:speed>22.294163</gpxtpx:speed></gpxtpx:TrackPointExtension></extensions><geoidheight>-28.4</geoidheight><src>gps</src><sat>12</sat><hdop>0.91</hdop><vdop>1.56</vdop><pdop>1.81</pdop><dgpsid>0000</dgpsid></trkpt>
<trkpt lat="39.93396466666666" lon="-123.77003266666667"><ele>231.2</ele><time>2026-09-24T16:33:39.000Z</time><extensions><gpxtpx:TrackPointExtension><gpxtpx:bearing>126.8</gpxtpx:bearing><gpxtpx:speed>21.24516</gpxtpx:speed></gpxtpx:TrackPointExtension></extensions><geoidheight>-28.4</geoidheight><src>gps</src><sat>11</sat><hdop>0.79</hdop><vdop>1.19</vdop><pdop>1.43</pdop><dgpsid>0000</dgpsid></trkpt>
<trkpt lat="39.93333716666667" lon="-123.76891583333332"><ele>227.5</ele><time>2026-09-24T16:33:50.000Z</time><extensions><gpxtpx:TrackPointExtension><gpxtpx:bearing>127.5</gpxtpx:bearing><gpxtpx:speed>2.7954564</gpxtpx:speed></gpxtpx:TrackPointExtension></extensions><geoidheight>-28.4</geoidheight><src>gps</src><sat>13</sat><hdop>0.78</hdop><vdop>1.19</vdop><pdop>1.43</pdop><dgpsid>0000</dgpsid></trkpt>
<trkpt lat="39.933321500000005" lon="-123.76885983333335"><ele>227.4</ele><time>2026-09-24T16:35:18.000Z</time><extensions><gpxtpx:TrackPointExtension><gpxtpx:speed>0.011838611</gpxtpx:speed></gpxtpx:TrackPointExtension></extensions><geoidheight>-28.4</geoidheight><src>gps</src><sat>12</sat><hdop>0.78</hdop><vdop>1.20</vdop><pdop>1.43</pdop><dgpsid>0000</dgpsid></trkpt>
<trkpt lat="39.9332695" lon="-123.76878049999999"><ele>227.7</ele><time>2026-09-24T16:39:31.000Z</time><extensions><gpxtpx:TrackPointExtension><gpxtpx:bearing>120.91</gpxtpx:bearing><gpxtpx:speed>2.6822176</gpxtpx:speed></gpxtpx:TrackPointExtension></extensions><geoidheight>-28.4</geoidheight><src>gps</src><sat>14</sat><hdop>0.70</hdop><vdop>1.06</vdop><pdop>1.27</pdop><dgpsid>0000</dgpsid></trkpt>
<trkpt lat="39.93316733333334" lon="-123.76840716666666"><ele>228.0</ele><time>2026-09-24T16:39:42.000Z</time><extensions><gpxtpx:TrackPointExtension><gpxtpx:bearing>100.02</gpxtpx:bearing><gpxtpx:speed>3.3014283</gpxtpx:speed></gpxtpx:TrackPointExtension></extensions><geoidheight>-28.4</geoidheight><src>gps</src><sat>14</sat><hdop>0.70</hdop><vdop>1.06</vdop><pdop>1.27</pdop><dgpsid>0000</dgpsid></trkpt>
<trkpt lat="39.933077499999996" lon="-123.76785366666667"><ele>226.5</ele><time>2026-09-24T16:39:53.000Z</time><extensions><gpxtpx:TrackPointExtension><gpxtpx:bearing>112.44</gpxtpx:bearing><gpxtpx:speed>8.401811</gpxtpx:speed></gpxtpx:TrackPointExtension></extensions><geoidheight>-28.4</geoidheight><src>gps</src><sat>13</sat><hdop>0.76</hdop><vdop>1.08</vdop><pdop>1.32</pdop><dgpsid>0000</dgpsid></trkpt>
<trkpt lat="39.9325415" lon="-123.76627766666667"><ele>222.5</ele><time>2026-09-24T16:40:04.000Z</time><extensions><gpxtpx:TrackPointExtension><gpxtpx:bearing>115.68</gpxtpx:bearing><gpxtpx:speed>16.581263</gpxtpx:speed></gpxtpx:TrackPointExtension></extensions><geoidheight>-28.4</geoidheight><src>gps</src><sat>13</sat><hdop>0.73</hdop><vdop>1.08</vdop><pdop>1.30</pdop><dgpsid>0000</dgpsid></trkpt>
<trkpt lat="39.93159816666666" lon="-123.7643915"><ele>217.9</ele><time>2026-09-24T16:40:15.000Z</time><extensions><gpxtpx:TrackPointExtension><gpxtpx:bearing>130.1</gpxtpx:bearing><gpxtpx:speed>17.827404</gpxtpx:speed></gpxtpx:TrackPointExtension></extensions><geoidheight>-28.4</geoidheight><src>gps</src><sat>14</sat><hdop>0.73</hdop><vdop>1.08</vdop><pdop>1.30</pdop><dgpsid>0000</dgpsid></trkpt>
<trkpt lat="39.930283" lon="-123.76273016666667"><ele>214.6</ele><time>2026-09-24T16:40:26.000Z</time><extensions><gpxtpx:TrackPointExtension><gpxtpx:bearing>138.22</gpxtpx:bearing><gpxtpx:speed>19.208405</gpxtpx:speed></gpxtpx:TrackPointExtension></extensions><geoidheight>-28.4</geoidheight><src>gps</src><sat>10</sat><hdop>0.83</hdop><vdop>1.53</vdop><pdop>1.74</pdop><dgpsid>0000</dgpsid></trkpt>
<trkpt lat="39.92878983333333" lon="-123.7612505"><ele>211.3</ele><time>2026-09-24T16:40:37.000Z</time><extensions><gpxtpx:TrackPointExtension><gpxtpx:bearing>153.63</gpxtpx:bearing><gpxtpx:speed>18.776552</gpxtpx:speed></gpxtpx:TrackPointExtension></extensions><geoidheight>-28.4</geoidheight><src>gps</src><sat>12</sat><hdop>0.72</hdop><vdop>1.17</vdop><pdop>1.38</pdop><dgpsid>0000</dgpsid></trkpt>
<trkpt lat="39.92720283333333" lon="-123.7607705"><ele>215.8</ele><time>2026-09-24T16:40:48.000Z</time><extensions><gpxtpx:TrackPointExtension><gpxtpx:bearing>180.11</gpxtpx:bearing><gpxtpx:speed>14.635097</gpxtpx:speed></gpxtpx:TrackPointExtension></extensions><geoidheight>-28.4</geoidheight><src>gps</src><sat>12</sat><hdop>0.77</hdop><vdop>1.31</vdop><pdop>1.52</pdop><dgpsid>0000</dgpsid></trkpt>
<trkpt lat="39.92587016666666" lon="-123.76088316666667"><ele>222.1</ele><time>2026-09-24T16:40:59.000Z</time><extensions><gpxtpx:TrackPointExtension><gpxtpx:bearing>185.0</gpxtpx:bearing><gpxtpx:speed>12.27664</gpxtpx:speed></gpxtpx:TrackPointExtension></extensions><geoidheight>-28.4</geoidheight><src>gps</src><sat>9</sat><hdop>1.05</hdop><vdop>2.96</vdop><pdop>3.14</pdop><dgpsid>0000</dgpsid></trkpt>
<trkpt lat="39.92465966666667" lon="-123.76102066666665"><ele>227.0</ele><time>2026-09-24T16:41:10.000Z</time><extensions><gpxtpx:TrackPointExtension><gpxtpx:bearing>184.09</gpxtpx:bearing><gpxtpx:speed>12.982324</gpxtpx:speed></gpxtpx:TrackPointExtension></extensions><geoidheight>-28.4</geoidheight><src>gps</src><sat>9</sat><hdop>1.05</hdop><vdop>2.96</vdop><pdop>3.15</pdop><dgpsid>0000</dgpsid></trkpt>
<trkpt lat="39.92332483333333" lon="-123.76132966666667"><ele>233.2</ele><time>2026-09-24T16:41:21.000Z</time><extensions><gpxtpx:TrackPointExtension><gpxtpx:bearing>201.73</gpxtpx:bearing><gpxtpx:speed>14.450827</gpxtpx:speed></gpxtpx:TrackPointExtension></extensions><geoidheight>-28.4</geoidheight><src>gps</src><sat>9</sat><hdop>1.05</hdop><vdop>2.97</vdop><pdop>3.15</pdop><dgpsid>0000</dgpsid></trkpt>
<trkpt lat="39.92213516666666" lon="-123.76236066666667"><ele>245.0</ele><time>2026-09-24T16:41:32.000Z</time><extensions><gpxtpx:TrackPointExtension><gpxtpx:bearing>218.52</gpxtpx:bearing><gpxtpx:speed>14.273247</gpxtpx:speed></gpxtpx:TrackPointExtension></extensions><geoidheight>-28.4</geoidheight><src>gps</src><sat>13</sat><hdop>0.76</hdop><vdop>1.16</vdop><pdop>1.39</pdop><dgpsid>0000</dgpsid></trkpt>
<trkpt lat="39.92104783333333" lon="-123.76348666666667"><ele>254.4</ele><time>2026-09-24T16:41:43.000Z</time><extensions><gpxtpx:TrackPointExtension><gpxtpx:bearing>219.19</gpxtpx:bearing><gpxtpx:speed>13.901103</gpxtpx:speed></gpxtpx:TrackPointExtension></extensions><geoidheight>-28.4</geoidheight><src>gps</src><sat>12</sat><hdop>0.78</hdop><vdop>1.28</vdop><pdop>1.50</pdop><dgpsid>0000</dgpsid></trkpt>
<trkpt lat="39.91998683333334" lon="-123.76460549999999"><ele>261.2</ele><time>2026-09-24T16:41:54.000Z</time><extensions><gpxtpx:TrackPointExtension><gpxtpx:bearing>220.7</gpxtpx:bearing><gpxtpx:speed>14.000444</gpxtpx:speed></gpxtpx:TrackPointExtension></extensions><geoidheight>-28.4</geoidheight><src>gps</src><sat>12</sat><hdop>0.80</hdop><vdop>1.30</vdop><pdop>1.52</pdop><dgpsid>0000</dgpsid></trkpt>
<trkpt lat="39.9192925" lon="-123.76616483333333"><ele>270.7</ele><time>2026-09-24T16:42:05.000Z</time><extensions><gpxtpx:TrackPointExtension><gpxtpx:bearing>246.84</gpxtpx:bearing><gpxtpx:speed>15.141068</gpxtpx:speed></gpxtpx:TrackPointExtension></extensions><geoidheight>-28.4</geoidheight><src>gps</src><sat>12</sat><hdop>0.95</hdop><vdop>1.36</vdop><pdop>1.66</pdop><dgpsid>0000</dgpsid></trkpt>
<trkpt lat="39.918283333333335" lon="-123.76738233333332"><ele>265.2</ele><time>2026-09-24T16:42:16.000Z</time><extensions><gpxtpx:TrackPointExtension><gpxtpx:bearing>192.95</gpxtpx:bearing><gpxtpx:speed>15.380415</gpxtpx:speed></gpxtpx:TrackPointExtension></extensions><geoidheight>-28.4</geoidheight><src>gps</src><sat>11</sat><hdop>0.85</hdop><vdop>1.41</vdop><pdop>1.64</pdop><dgpsid>0000</dgpsid></trkpt>
<trkpt lat="39.91681583333333" lon="-123.76700683333333"><ele>236.8</ele><time>2026-09-24T16:42:27.000Z</time><extensions><gpxtpx:TrackPointExtension><gpxtpx:bearing>132.11</gpxtpx:bearing><gpxtpx:speed>16.023302</gpxtpx:speed></gpxtpx:TrackPointExtension></extensions><geoidheight>-28.4</geoidheight><src>gps</src><sat>11</sat><hdop>1.09</hdop><vdop>3.02</vdop><pdop>3.21</pdop><dgpsid>0000</dgpsid></trkpt>
<trkpt lat="39.915613666666665" lon="-123.76456449999999"><ele>225.3</ele><time>2026-09-24T16:42:41.000Z</time><extensions><gpxtpx:TrackPointExtension><gpxtpx:bearing>117.94</gpxtpx:bearing><gpxtpx:speed>18.014763</gpxtpx:speed></gpxtpx:TrackPointExtension></extensions><geoidheight>-28.4</geoidheight><src>gps</src><sat>10</sat><hdop>0.95</hdop><vdop>1.85</vdop><pdop>2.08</pdop><dgpsid>0000</dgpsid></trkpt>
<trkpt lat="39.9149785" lon="-123.7623275"><ele>225.8</ele><time>2026-09-24T16:42:52.000Z</time><extensions><gpxtpx:TrackPointExtension><gpxtpx:bearing>103.44</gpxtpx:bearing><gpxtpx:speed>18.179989</gpxtpx:speed></gpxtpx:TrackPointExtension></extensions><geoidheight>-28.4</geoidheight><src>gps</src><sat>11</sat><hdop>1.09</hdop><vdop>3.03</vdop><pdop>3.22</pdop><dgpsid>0000</dgpsid></trkpt>
<trkpt lat="39.91405216666667" lon="-123.76051566666665"><ele>226.8</ele><time>2026-09-24T16:43:03.000Z</time><extensions><gpxtpx:TrackPointExtension><gpxtpx:bearing>138.48</gpxtpx:bearing><gpxtpx:speed>16.88958</gpxtpx:speed></gpxtpx:TrackPointExtension></extensions><geoidheight>-28.4</geoidheight><src>gps</src><sat>11</sat><hdop>1.06</hdop><vdop>3.04</vdop><pdop>3.22</pdop><dgpsid>0000</dgpsid></trkpt>
<trkpt lat="39.91307366666667" lon="-123.7588615"><ele>236.4</ele><time>2026-09-24T16:43:14.000Z</time><extensions><gpxtpx:TrackPointExtension><gpxtpx:bearing>136.94</gpxtpx:bearing><gpxtpx:speed>15.4535055</gpxtpx:speed></gpxtpx:TrackPointExtension></extensions><geoidheight>-28.4</geoidheight><src>gps</src><sat>12</sat><hdop>0.80</hdop><vdop>1.30</vdop><pdop>1.52</pdop><dgpsid>0000</dgpsid></trkpt>
<trkpt lat="39.91169716666666" lon="-123.757922"><ele>239.3</ele><time>2026-09-24T16:43:25.000Z</time><extensions><gpxtpx:TrackPointExtension><gpxtpx:bearing>153.79</gpxtpx:bearing><gpxtpx:speed>14.982019</gpxtpx:speed></gpxtpx:TrackPointExtension></extensions><geoidheight>-28.4</geoidheight><src>gps</src><sat>11</sat><hdop>1.16</hdop><vdop>1.69</vdop><pdop>2.05</pdop><dgpsid>0000</dgpsid></trkpt>
<trkpt lat="39.91021966666666" lon="-123.75757016666667"><ele>234.6</ele><time>2026-09-24T16:43:36.000Z</time><extensions><gpxtpx:TrackPointExtension><gpxtpx:bearing>168.26</gpxtpx:bearing><gpxtpx:speed>15.514757</gpxtpx:speed></gpxtpx:TrackPointExtension></extensions><geoidheight>-28.4</geoidheight><src>gps</src><sat>9</sat><hdop>1.20</hdop><vdop>1.72</vdop><pdop>2.09</pdop><dgpsid>0000</dgpsid></trkpt>
<trkpt lat="39.90862166666667" lon="-123.75843183333333"><ele>242.6</ele><time>2026-09-24T16:43:47.000Z</time><extensions><gpxtpx:TrackPointExtension><gpxtpx:bearing>214.05</gpxtpx:bearing><gpxtpx:speed>16.559128</gpxtpx:speed></gpxtpx:TrackPointExtension></extensions><geoidheight>-28.4</geoidheight><src>gps</src><sat>10</sat><hdop>0.96</hdop><vdop>1.53</vdop><pdop>1.81</pdop><dgpsid>0000</dgpsid></trkpt>
<trkpt lat="39.9071225" lon="-123.75904716666668"><ele>245.2</ele><time>2026-09-24T16:43:58.000Z</time><extensions><gpxtpx:TrackPointExtension><gpxtpx:bearing>170.62</gpxtpx:bearing><gpxtpx:speed>16.609056</gpxtpx:speed></gpxtpx:TrackPointExtension></extensions><geoidheight>-28.4</geoidheight><src>gps</src><sat>11</sat><hdop>0.93</hdop><vdop>1.61</vdop><pdop>1.86</pdop><dgpsid>0000</dgpsid></trkpt>
<trkpt lat="39.906203" lon="-123.757274"><ele>230.3</ele><time>2026-09-24T16:44:09.000Z</time><extensions><gpxtpx:TrackPointExtension><gpxtpx:bearing>84.74</gpxtpx:bearing><gpxtpx:speed>19.516722</gpxtpx:speed></gpxtpx:TrackPointExtension></extensions><geoidheight>-28.4</geoidheight><src>gps</src><sat>11</sat><hdop>0.86</hdop><vdop>1.35</vdop><pdop>1.61</pdop><dgpsid>0000</dgpsid></trkpt>
<trkpt lat="39.90713433333334" lon="-123.75494233333332"><ele>221.7</ele><time>2026-09-24T16:44:20.000Z</time><extensions><gpxtpx:TrackPointExtension><gpxtpx:bearing>62.26</gpxtpx:bearing><gpxtpx:speed>21.86643</gpxtpx:speed></gpxtpx:TrackPointExtension></extensions><geoidheight>-28.4</geoidheight><src>gps</src><sat>10</sat><hdop>1.12</hdop><vdop>2.40</vdop><pdop>2.65</pdop><dgpsid>0000</dgpsid></trkpt>
<trkpt lat="39.9070035" lon="-123.75227650000001"><ele>213.8</ele><time>2026-09-24T16:44:31.000Z</time><extensions><gpxtpx:TrackPointExtension><gpxtpx:bearing>103.38</gpxtpx:bearing><gpxtpx:speed>20.112257</gpxtpx:speed></gpxtpx:TrackPointExtension></extensions><geoidheight>-28.4</geoidheight><src>gps</src><sat>10</sat><hdop>0.90</hdop><vdop>1.51</vdop><pdop>1.75</pdop><dgpsid>0000</dgpsid></trkpt>
<trkpt lat="39.90648116666667" lon="-123.74993250000001"><ele>219.1</ele><time>2026-09-24T16:44:42.000Z</time><extensions><gpxtpx:TrackPointExtension><gpxtpx:bearing>124.81</gpxtpx:bearing><gpxtpx:speed>17.06716</gpxtpx:speed></gpxtpx:TrackPointExtension></extensions><geoidheight>-28.4</geoidheight><src>gps</src><sat>9</sat><hdop>1.04</hdop><vdop>1.64</vdop><pdop>1.94</pdop><dgpsid>0000</dgpsid></trkpt>
<trkpt lat="39.9046915" lon="-123.7493605"><ele>219.4</ele><time>2026-09-24T16:44:53.000Z</time><extensions><gpxtpx:TrackPointExtension><gpxtpx:bearing>182.25</gpxtpx:bearing><gpxtpx:speed>19.851807</gpxtpx:speed></gpxtpx:TrackPointExtension></extensions><geoidheight>-28.4</geoidheight><src>gps</src><sat>11</sat><hdop>0.91</hdop><vdop>1.44</vdop><pdop>1.71</pdop><dgpsid>0000</dgpsid></trkpt>
<trkpt lat="39.90312683333333" lon="-123.75052499999998"><ele>221.0</ele><time>2026-09-24T16:45:04.000Z</time><extensions><gpxtpx:TrackPointExtension><gpxtpx:bearing>223.24</gpxtpx:bearing><gpxtpx:speed>17.832552</gpxtpx:speed></gpxtpx:TrackPointExtension></extensions><geoidheight>-28.4</geoidheight><src>gps</src><sat>11</sat><hdop>0.95</hdop><vdop>1.46</vdop><pdop>1.74</pdop><dgpsid>0000</dgpsid></trkpt>
<trkpt lat="39.902320833333334" lon="-123.75254383333335"><ele>225.8</ele><time>2026-09-24T16:45:15.000Z</time><extensions><gpxtpx:TrackPointExtension><gpxtpx:bearing>251.15</gpxtpx:bearing><gpxtpx:speed>17.306505</gpxtpx:speed></gpxtpx:TrackPointExtension></extensions><geoidheight>-28.4</geoidheight><src>gps</src><sat>11</sat><hdop>0.92</hdop><vdop>1.32</vdop><pdop>1.61</pdop><dgpsid>0000</dgpsid></trkpt>
<trkpt lat="39.901887333333335" lon="-123.75452616666668"><ele>215.6</ele><time>2026-09-24T16:45:26.000Z</time><extensions><gpxtpx:TrackPointExtension><gpxtpx:bearing>220.09</gpxtpx:bearing><gpxtpx:speed>16.506113</gpxtpx:speed></gpxtpx:TrackPointExtension></extensions><geoidheight>-28.4</geoidheight><src>gps</src><sat>9</sat><hdop>0.85</hdop><vdop>1.47</vdop><pdop>1.69</pdop><dgpsid>0000</dgpsid></trkpt>
<trkpt lat="39.90047833333333" lon="-123.75402066666666"><ele>213.7</ele><time>2026-09-24T16:45:37.000Z</time><extensions><gpxtpx:TrackPointExtension><gpxtpx:bearing>125.79</gpxtpx:bearing><gpxtpx:speed>17.902554</gpxtpx:speed></gpxtpx:TrackPointExtension></extensions><geoidheight>-28.4</geoidheight><src>gps</src><sat>10</sat><hdop>0.86</hdop><vdop>1.58</vdop><pdop>1.80</pdop><dgpsid>0000</dgpsid></trkpt>
<trkpt lat="39.89947683333333" lon="-123.75192549999998"><ele>212.5</ele><time>2026-09-24T16:45:48.000Z</time><extensions><gpxtpx:TrackPointExtension><gpxtpx:bearing>127.91</gpxtpx:bearing><gpxtpx:speed>19.932617</gpxtpx:speed></gpxtpx:TrackPointExtension></extensions><geoidheight>-28.4</geoidheight><src>gps</src><sat>10</sat><hdop>0.89</hdop><vdop>1.79</vdop><pdop>2.00</pdop><dgpsid>0000</dgpsid></trkpt>
<trkpt lat="39.8978195" lon="-123.75060383333333"><ele>213.0</ele><time>2026-09-24T16:45:59.000Z</time><extensions><gpxtpx:TrackPointExtension><gpxtpx:bearing>163.37</gpxtpx:bearing><gpxtpx:speed>19.062738</gpxtpx:speed></gpxtpx:TrackPointExtension></extensions><geoidheight>-28.4</geoidheight><src>gps</src><sat>10</sat><hdop>0.94</hdop><vdop>1.82</vdop><pdop>2.05</pdop><dgpsid>0000</dgpsid></trkpt>
<trkpt lat="39.89641483333333" lon="-123.75157483333332"><ele>216.2</ele><time>2026-09-24T16:46:10.000Z</time><extensions><gpxtpx:TrackPointExtension><gpxtpx:bearing>229.62</gpxtpx:bearing><gpxtpx:speed>15.287765</gpxtpx:speed></gpxtpx:TrackPointExtension></extensions><geoidheight>-28.4</geoidheight><src>gps</src><sat>9</sat><hdop>0.99</hdop><vdop>1.94</vdop><pdop>2.18</pdop><dgpsid>0000</dgpsid></trkpt>
<trkpt lat="39.895663166666665" lon="-123.75320349999998"><ele>227.7</ele><time>2026-09-24T16:46:21.000Z</time><extensions><gpxtpx:TrackPointExtension><gpxtpx:bearing>233.61</gpxtpx:bearing><gpxtpx:speed>14.904297</gpxtpx:speed></gpxtpx:TrackPointExtension></extensions><geoidheight>-28.4</geoidheight><src>gps</src><sat>11</sat><hdop>0.92</hdop><vdop>1.53</vdop><pdop>1.79</pdop><dgpsid>0000</dgpsid></trkpt>
<trkpt lat="39.89438966666667" lon="-123.75391233333333"><ele>231.3</ele><time>2026-09-24T16:46:32.000Z</time><extensions><gpxtpx:TrackPointExtension><gpxtpx:bearing>184.65</gpxtpx:bearing><gpxtpx:speed>16.097937</gpxtpx:speed></gpxtpx:TrackPointExtension></extensions><geoidheight>-28.4</geoidheight><src>gps</src><sat>11</sat><hdop>0.89</hdop><vdop>1.78</vdop><pdop>2.00</pdop><dgpsid>0000</dgpsid></trkpt>
<trkpt lat="39.89267383333333" lon="-123.75386583333332"><ele>230.3</ele><time>2026-09-24T16:46:43.000Z</time><extensions><gpxtpx:TrackPointExtension><gpxtpx:bearing>160.44</gpxtpx:bearing><gpxtpx:speed>17.791374</gpxtpx:speed></gpxtpx:TrackPointExtension></extensions><geoidheight>-28.4</geoidheight><src>gps</src><sat>9</sat><hdop>0.89</hdop><vdop>1.78</vdop><pdop>1.99</pdop><dgpsid>0000</dgpsid></trkpt>
<trkpt lat="39.891768666666664" lon="-123.75198033333332"><ele>233.4</ele><time>2026-09-24T16:46:54.000Z</time><extensions><gpxtpx:TrackPointExtension><gpxtpx:bearing>99.21</gpxtpx:bearing><gpxtpx:speed>19.505913</gpxtpx:speed></gpxtpx:TrackPointExtension></extensions><geoidheight>-28.4</geoidheight><src>gps</src><sat>11</sat><hdop>0.89</hdop><vdop>1.78</vdop><pdop>1.99</pdop><dgpsid>0000</dgpsid></trkpt>
<trkpt lat="39.89132883333333" lon="-123.74951083333332"><ele>235.2</ele><time>2026-09-24T16:47:05.000Z</time><extensions><gpxtpx:TrackPointExtension><gpxtpx:bearing>110.24</gpxtpx:bearing><gpxtpx:speed>19.850262</gpxtpx:speed></gpxtpx:TrackPointExtension></extensions><geoidheight>-28.4</geoidheight><src>gps</src><sat>10</sat><hdop>0.97</hdop><vdop>1.80</vdop><pdop>2.05</pdop><dgpsid>0000</dgpsid></trkpt>
<trkpt lat="39.88988766666667" lon="-123.74813683333332"><ele>228.2</ele><time>2026-09-24T16:47:16.000Z</time><extensions><gpxtpx:TrackPointExtension><gpxtpx:bearing>178.68</gpxtpx:bearing><gpxtpx:speed>18.79714</gpxtpx:speed></gpxtpx:TrackPointExtension></extensions><geoidheight>-28.4</geoidheight><src>gps</src><sat>11</sat><hdop>0.95</hdop><vdop>1.62</vdop><pdop>1.88</pdop><dgpsid>0000</dgpsid></trkpt>
<trkpt lat="39.88798966666666" lon="-123.747773"><ele>227.1</ele><time>2026-09-24T16:47:27.000Z</time><extensions><gpxtpx:TrackPointExtension><gpxtpx:bearing>164.65</gpxtpx:bearing><gpxtpx:speed>18.889277</gpxtpx:speed></gpxtpx:TrackPointExtension></extensions><geoidheight>-28.4</geoidheight><src>gps</src><sat>12</sat><hdop>0.89</hdop><vdop>1.77</vdop><pdop>1.98</pdop><dgpsid>0000</dgpsid></trkpt>
<trkpt lat="39.88690999999999" lon="-123.74613166666668"><ele>227.0</ele><time>2026-09-24T16:47:38.000Z</time><extensions><gpxtpx:TrackPointExtension><gpxtpx:bearing>101.24</gpxtpx:bearing><gpxtpx:speed>18.649416</gpxtpx:speed></gpxtpx:TrackPointExtension></extensions><geoidheight>-28.4</geoidheight><src>gps</src><sat>12</sat><hdop>0.78</hdop><vdop>1.24</vdop><pdop>1.46</pdop><dgpsid>0000</dgpsid></trkpt>
<trkpt lat="39.88693633333333" lon="-123.74383549999999"><ele>223.2</ele><time>2026-09-24T16:47:49.000Z</time><extensions><gpxtpx:TrackPointExtension><gpxtpx:bearing>77.3</gpxtpx:bearing><gpxtpx:speed>18.642725</gpxtpx:speed></gpxtpx:TrackPointExtension></extensions><geoidheight>-28.4</geoidheight><src>gps</src><sat>9</sat><hdop>1.43</hdop><vdop>3.02</vdop><pdop>3.34</pdop><dgpsid>0000</dgpsid></trkpt>
<trkpt lat="39.88726666666666" lon="-123.74142033333334"><ele>217.9</ele><time>2026-09-24T16:48:00.000Z</time><extensions><gpxtpx:TrackPointExtension><gpxtpx:bearing>79.21</gpxtpx:bearing><gpxtpx:speed>19.160534</gpxtpx:speed></gpxtpx:TrackPointExtension></extensions><geoidheight>-28.4</geoidheight><src>gps</src><sat>10</sat><hdop>0.89</hdop><vdop>1.52</vdop><pdop>1.77</pdop><dgpsid>0000</dgpsid></trkpt>
<trkpt lat="39.887229166666664" lon="-123.73862283333334"><ele>215.1</ele><time>2026-09-24T16:48:13.000Z</time><extensions><gpxtpx:TrackPointExtension><gpxtpx:bearing>113.41</gpxtpx:bearing><gpxtpx:speed>19.020016</gpxtpx:speed></gpxtpx:TrackPointExtension></extensions><geoidheight>-28.4</geoidheight><src>gps</src><sat>8</sat><hdop>1.11</hdop><vdop>1.89</vdop><pdop>2.19</pdop><dgpsid>0000</dgpsid></trkpt>
<trkpt lat="39.88604233333333" lon="-123.73670283333334"><ele>211.5</ele><time>2026-09-24T16:48:24.000Z</time><extensions><gpxtpx:TrackPointExtension><gpxtpx:bearing>133.05</gpxtpx:bearing><gpxtpx:speed>19.092077</gpxtpx:speed></gpxtpx:TrackPointExtension></extensions><geoidheight>-28.4</geoidheight><src>gps</src><sat>10</sat><hdop>1.02</hdop><vdop>1.81</vdop><pdop>2.08</pdop><dgpsid>0000</dgpsid></trkpt>
<trkpt lat="39.884249999999994" lon="-123.73560583333334"><ele>209.0</ele><time>2026-09-24T16:48:35.000Z</time><extensions><gpxtpx:TrackPointExtension><gpxtpx:bearing>157.85</gpxtpx:bearing><gpxtpx:speed>19.996443</gpxtpx:speed></gpxtpx:TrackPointExtension></extensions><geoidheight>-28.4</geoidheight><src>gps</src><sat>10</sat><hdop>1.21</hdop><vdop>1.74</vdop><pdop>2.12</pdop><dgpsid>0000</dgpsid></trkpt>
<trkpt lat="39.882529999999996" lon="-123.73450366666665"><ele>218.6</ele><time>2026-09-24T16:48:46.000Z</time><extensions><gpxtpx:TrackPointExtension><gpxtpx:bearing>151.3</gpxtpx:bearing><gpxtpx:speed>17.851597</gpxtpx:speed></gpxtpx:TrackPointExtension></extensions><geoidheight>-28.4</geoidheight><src>gps</src><sat>10</sat><hdop>0.84</hdop><vdop>1.41</vdop><pdop>1.64</pdop><dgpsid>0000</dgpsid></trkpt>
<trkpt lat="39.8808735" lon="-123.73374899999999"><ele>230.0</ele><time>2026-09-24T16:48:57.000Z</time><extensions><gpxtpx:TrackPointExtension><gpxtpx:bearing>161.27</gpxtpx:bearing><gpxtpx:speed>16.550894</gpxtpx:speed></gpxtpx:TrackPointExtension></extensions><geoidheight>-28.4</geoidheight><src>gps</src><sat>10</sat><hdop>1.21</hdop><vdop>1.74</vdop><pdop>2.12</pdop><dgpsid>0000</dgpsid></trkpt>
<trkpt lat="39.87935133333334" lon="-123.73301483333334"><ele>243.9</ele><time>2026-09-24T16:49:08.000Z</time><extensions><gpxtpx:TrackPointExtension><gpxtpx:bearing>150.27</gpxtpx:bearing><gpxtpx:speed>15.818958</gpxtpx:speed></gpxtpx:TrackPointExtension></extensions><geoidheight>-28.4</geoidheight><src>gps</src><sat>11</sat><hdop>0.94</hdop><vdop>1.78</vdop><pdop>2.01</pdop><dgpsid>0000</dgpsid></trkpt>
<trkpt lat="39.878287" lon="-123.73153400000001"><ele>259.3</ele><time>2026-09-24T16:49:19.000Z</time><extensions><gpxtpx:TrackPointExtension><gpxtpx:bearing>112.54</gpxtpx:bearing><gpxtpx:speed>16.29868</gpxtpx:speed></gpxtpx:TrackPointExtension></extensions><geoidheight>-28.4</geoidheight><src>gps</src><sat>13</sat><hdop>0.76</hdop><vdop>1.13</vdop><pdop>1.37</pdop><dgpsid>0000</dgpsid></trkpt>
<trkpt lat="39.87804266666667" lon="-123.72950466666667"><ele>262.3</ele><time>2026-09-24T16:49:30.000Z</time><extensions><gpxtpx:TrackPointExtension><gpxtpx:bearing>90.22</gpxtpx:bearing><gpxtpx:speed>15.023712</gpxtpx:speed></gpxtpx:TrackPointExtension></extensions><geoidheight>-28.4</geoidheight><src>gps</src><sat>9</sat><hdop>0.99</hdop><vdop>1.43</vdop><pdop>1.73</pdop><dgpsid>0000</dgpsid></trkpt>
<trkpt lat="39.87803133333333" lon="-123.72806783333333"><ele>265.3</ele><time>2026-09-24T16:49:41.000Z</time><extensions><gpxtpx:TrackPointExtension><gpxtpx:bearing>91.56</gpxtpx:bearing><gpxtpx:speed>6.139092</gpxtpx:speed></gpxtpx:TrackPointExtension></extensions><geoidheight>-28.4</geoidheight><src>gps</src><sat>10</sat><hdop>1.16</hdop><vdop>2.58</vdop><pdop>2.83</pdop><dgpsid>0000</dgpsid></trkpt>
<trkpt lat="39.8780275" lon="-123.7278835"><ele>267.2</ele><time>2026-09-24T16:49:52.000Z</time><extensions><gpxtpx:TrackPointExtension><gpxtpx:speed>0.082870275</gpxtpx:speed></gpxtpx:TrackPointExtension></extensions><geoidheight>-28.4</geoidheight><src>gps</src><sat>12</sat><hdop>1.62</hdop><vdop>2.92</vdop><pdop>3.33</pdop><dgpsid>0000</dgpsid></trkpt>
<trkpt lat="39.87805316666667" lon="-123.72777183333334"><ele>274.5</ele><time>2026-09-24T16:50:36.000Z</time><extensions><gpxtpx:TrackPointExtension><gpxtpx:bearing>88.48</gpxtpx:bearing><gpxtpx:speed>2.942667</gpxtpx:speed></gpxtpx:TrackPointExtension></extensions><geoidheight>-28.4</geoidheight><src>gps</src><sat>13</sat><hdop>1.13</hdop><vdop>1.34</vdop><pdop>1.75</pdop><dgpsid>0000</dgpsid></trkpt>
<trkpt lat="39.8780455" lon="-123.72695633333333"><ele>279.2</ele><time>2026-09-24T16:50:47.000Z</time><extensions><gpxtpx:TrackPointExtension><gpxtpx:bearing>91.02</gpxtpx:bearing><gpxtpx:speed>7.052724</gpxtpx:speed></gpxtpx:TrackPointExtension></extensions><geoidheight>-28.4</geoidheight><src>gps</src><sat>12</sat><hdop>0.91</hdop><vdop>1.31</vdop><pdop>1.60</pdop><dgpsid>0000</dgpsid></trkpt>
<trkpt lat="39.87804783333333" lon="-123.72594683333334"><ele>282.7</ele><time>2026-09-24T16:50:58.000Z</time><extensions><gpxtpx:TrackPointExtension><gpxtpx:bearing>89.78</gpxtpx:bearing><gpxtpx:speed>7.984371</gpxtpx:speed></gpxtpx:TrackPointExtension></extensions><geoidheight>-28.4</geoidheight><src>gps</src><sat>12</sat><hdop>0.86</hdop><vdop>1.44</vdop><pdop>1.68</pdop><dgpsid>0000</dgpsid></trkpt>
<trkpt lat="39.878057166666665" lon="-123.724689"><ele>279.0</ele><time>2026-09-24T16:51:09.000Z</time><extensions><gpxtpx:TrackPointExtension><gpxtpx:bearing>89.04</gpxtpx:bearing><gpxtpx:speed>9.716927</gpxtpx:speed></gpxtpx:TrackPointExtension></extensions><geoidheight>-28.4</geoidheight><src>gps</src><sat>12</sat><hdop>0.91</hdop><vdop>1.31</vdop><pdop>1.59</pdop><dgpsid>0000</dgpsid></trkpt>
<trkpt lat="39.87798566666667" lon="-123.7234195"><ele>280.1</ele><time>2026-09-24T16:51:20.000Z</time><extensions><gpxtpx:TrackPointExtension><gpxtpx:bearing>103.75</gpxtpx:bearing><gpxtpx:speed>10.342829</gpxtpx:speed></gpxtpx:TrackPointExtension></extensions><geoidheight>-28.4</geoidheight><src>gps</src><sat>12</sat><hdop>0.83</hdop><vdop>1.27</vdop><pdop>1.51</pdop><dgpsid>0000</dgpsid></trkpt>
<trkpt lat="39.877666833333336" lon="-123.72235816666668"><ele>276.3</ele><time>2026-09-24T16:51:31.000Z</time><extensions><gpxtpx:TrackPointExtension><gpxtpx:bearing>120.42</gpxtpx:bearing><gpxtpx:speed>8.012166</gpxtpx:speed></gpxtpx:TrackPointExtension></extensions><geoidheight>-28.4</geoidheight><src>gps</src><sat>12</sat><hdop>0.83</hdop><vdop>1.27</vdop><pdop>1.51</pdop><dgpsid>0000</dgpsid></trkpt>
<trkpt lat="39.87727833333334" lon="-123.72155033333333"><ele>273.7</ele><time>2026-09-24T16:51:42.000Z</time><extensions><gpxtpx:TrackPointExtension><gpxtpx:bearing>122.1</gpxtpx:bearing><gpxtpx:speed>7.347145</gpxtpx:speed></gpxtpx:TrackPointExtension></extensions><geoidheight>-28.4</geoidheight><src>gps</src><sat>12</sat><hdop>0.76</hdop><vdop>1.14</vdop><pdop>1.37</pdop><dgpsid>0000</dgpsid></trkpt>
<trkpt lat="39.877064000000004" lon="-123.72059366666666"><ele>266.8</ele><time>2026-09-24T16:51:53.000Z</time><extensions><gpxtpx:TrackPointExtension><gpxtpx:bearing>86.34</gpxtpx:bearing><gpxtpx:speed>8.382252</gpxtpx:speed></gpxtpx:TrackPointExtension></extensions><geoidheight>-28.4</geoidheight><src>gps</src><sat>12</sat><hdop>0.86</hdop><vdop>1.44</vdop><pdop>1.68</pdop><dgpsid>0000</dgpsid></trkpt>
<trkpt lat="39.87742983333333" lon="-123.71948516666667"><ele>269.7</ele><time>2026-09-24T16:52:04.000Z</time><extensions><gpxtpx:TrackPointExtension><gpxtpx:bearing>46.44</gpxtpx:bearing><gpxtpx:speed>10.437537</gpxtpx:speed></gpxtpx:TrackPointExtension></extensions><geoidheight>-28.4</geoidheight><src>gps</src><sat>10</sat><hdop>1.26</hdop><vdop>2.68</vdop><pdop>2.96</pdop><dgpsid>0000</dgpsid></trkpt>
<trkpt lat="39.878282" lon="-123.71868016666667"><ele>271.3</ele><time>2026-09-24T16:52:15.000Z</time><extensions><gpxtpx:TrackPointExtension><gpxtpx:bearing>40.63</gpxtpx:bearing><gpxtpx:speed>10.957407</gpxtpx:speed></gpxtpx:TrackPointExtension></extensions><geoidheight>-28.4</geoidheight><src>gps</src><sat>10</sat><hdop>1.17</hdop><vdop>2.65</vdop><pdop>2.90</pdop><dgpsid>0000</dgpsid></trkpt>
<trkpt lat="39.878845500000004" lon="-123.71717366666665"><ele>274.4</ele><time>2026-09-24T16:52:26.000Z</time><extensions><gpxtpx:TrackPointExtension><gpxtpx:bearing>77.29</gpxtpx:bearing><gpxtpx:speed>13.999929</gpxtpx:speed></gpxtpx:TrackPointExtension></extensions><geoidheight>-28.4</geoidheight><src>gps</src><sat>9</sat><hdop>1.45</hdop><vdop>3.10</vdop><pdop>3.42</pdop><dgpsid>0000</dgpsid></trkpt>
<trkpt lat="39.878788500000006" lon="-123.71535333333334"><ele>279.6</ele><time>2026-09-24T16:52:37.000Z</time><extensions><gpxtpx:TrackPointExtension><gpxtpx:bearing>109.85</gpxtpx:bearing><gpxtpx:speed>14.624803</gpxtpx:speed></gpxtpx:TrackPointExtension></extensions><geoidheight>-28.4</geoidheight><src>gps</src><sat>11</sat><hdop>0.91</hdop><vdop>1.66</vdop><pdop>1.89</pdop><dgpsid>0000</dgpsid></trkpt>
<trkpt lat="39.877984500000004" lon="-123.71404849999999"><ele>285.7</ele><time>2026-09-24T16:52:48.000Z</time><extensions><gpxtpx:TrackPointExtension><gpxtpx:bearing>138.13</gpxtpx:bearing><gpxtpx:speed>11.2060175</gpxtpx:speed></gpxtpx:TrackPointExtension></extensions><geoidheight>-28.4</geoidheight><src>gps</src><sat>10</sat><hdop>1.02</hdop><vdop>1.57</vdop><pdop>1.87</pdop><dgpsid>0000</dgpsid></trkpt>
<trkpt lat="39.8774115" lon="-123.71309350000001"><ele>284.2</ele><time>2026-09-24T16:52:59.000Z</time><extensions><gpxtpx:TrackPointExtension><gpxtpx:bearing>114.06</gpxtpx:bearing><gpxtpx:speed>7.225156</gpxtpx:speed></gpxtpx:TrackPointExtension></extensions><geoidheight>-28.4</geoidheight><src>gps</src><sat>11</sat><hdop>0.94</hdop><vdop>1.72</vdop><pdop>1.96</pdop><dgpsid>0000</dgpsid></trkpt>
<trkpt lat="39.877066666666664" lon="-123.71236150000001"><ele>284.2</ele><time>2026-09-24T16:53:10.000Z</time><extensions><gpxtpx:TrackPointExtension><gpxtpx:bearing>144.88</gpxtpx:bearing><gpxtpx:speed>4.9907465</gpxtpx:speed></gpxtpx:TrackPointExtension></extensions><geoidheight>-28.4</geoidheight><src>gps</src><sat>11</sat><hdop>0.88</hdop><vdop>1.45</vdop><pdop>1.70</pdop><dgpsid>0000</dgpsid></trkpt>
<trkpt lat="39.876599166666665" lon="-123.7120835"><ele>287.0</ele><time>2026-09-24T16:53:21.000Z</time><extensions><gpxtpx:TrackPointExtension><gpxtpx:bearing>162.34</gpxtpx:bearing><gpxtpx:speed>6.42991</gpxtpx:speed></gpxtpx:TrackPointExtension></extensions><geoidheight>-28.4</geoidheight><src>gps</src><sat>12</sat><hdop>0.81</hdop><vdop>1.30</vdop><pdop>1.54</pdop><dgpsid>0000</dgpsid></trkpt>
<trkpt lat="39.87589883333333" lon="-123.71162816666669"><ele>287.9</ele><time>2026-09-24T16:53:32.000Z</time><extensions><gpxtpx:TrackPointExtension><gpxtpx:bearing>140.84</gpxtpx:bearing><gpxtpx:speed>9.252646</gpxtpx:speed></gpxtpx:TrackPointExtension></extensions><geoidheight>-28.4</geoidheight><src>gps</src><sat>11</sat><hdop>0.92</hdop><vdop>1.36</vdop><pdop>1.64</pdop><dgpsid>0000</dgpsid></trkpt>
<trkpt lat="39.875182833333334" lon="-123.71079149999998"><ele>279.4</ele><time>2026-09-24T16:53:43.000Z</time><extensions><gpxtpx:TrackPointExtension><gpxtpx:bearing>138.39</gpxtpx:bearing><gpxtpx:speed>9.56148</gpxtpx:speed></gpxtpx:TrackPointExtension></extensions><geoidheight>-28.4</geoidheight><src>gps</src><sat>10</sat><hdop>1.31</hdop><vdop>2.31</vdop><pdop>2.65</pdop><dgpsid>0000</dgpsid></trkpt>
<trkpt lat="39.874148500000004" lon="-123.71048716666668"><ele>267.0</ele><time>2026-09-24T16:53:54.000Z</time><extensions><gpxtpx:TrackPointExtension><gpxtpx:bearing>187.31</gpxtpx:bearing><gpxtpx:speed>13.534106</gpxtpx:speed></gpxtpx:TrackPointExtension></extensions><geoidheight>-28.4</geoidheight><src>gps</src><sat>9</sat><hdop>1.27</hdop><vdop>1.98</vdop><pdop>2.35</pdop><dgpsid>0000</dgpsid></trkpt>
<trkpt lat="39.87279" lon="-123.71084016666667"><ele>264.7</ele><time>2026-09-24T16:54:05.000Z</time><extensions><gpxtpx:TrackPointExtension><gpxtpx:bearing>204.03</gpxtpx:bearing><gpxtpx:speed>12.858275</gpxtpx:speed></gpxtpx:TrackPointExtension></extensions><geoidheight>-28.4</geoidheight><src>gps</src><sat>11</sat><hdop>1.01</hdop><vdop>1.36</vdop><pdop>1.69</pdop><dgpsid>0000</dgpsid></trkpt>
<trkpt lat="39.8714745" lon="-123.711593"><ele>273.9</ele><time>2026-09-24T16:54:16.000Z</time><extensions><gpxtpx:TrackPointExtension><gpxtpx:bearing>202.09</gpxtpx:bearing><gpxtpx:speed>13.948972</gpxtpx:speed></gpxtpx:TrackPointExtension></extensions><geoidheight>-28.4</geoidheight><src>gps</src><sat>10</sat><hdop>0.97</hdop><vdop>1.59</vdop><pdop>1.86</pdop><dgpsid>0000</dgpsid></trkpt>
<trkpt lat="39.87025116666667" lon="-123.71236633333335"><ele>281.5</ele><time>2026-09-24T16:54:27.000Z</time><extensions><gpxtpx:TrackPointExtension><gpxtpx:bearing>213.5</gpxtpx:bearing><gpxtpx:speed>13.552636</gpxtpx:speed></gpxtpx:TrackPointExtension></extensions><geoidheight>-28.4</geoidheight><src>gps</src><sat>12</sat><hdop>0.87</hdop><vdop>1.33</vdop><pdop>1.59</pdop><dgpsid>0000</dgpsid></trkpt>
<trkpt lat="39.86911583333333" lon="-123.71318666666666"><ele>289.9</ele><time>2026-09-24T16:54:38.000Z</time><extensions><gpxtpx:TrackPointExtension><gpxtpx:bearing>202.26</gpxtpx:bearing><gpxtpx:speed>13.067768</gpxtpx:speed></gpxtpx:TrackPointExtension></extensions><geoidheight>-28.4</geoidheight><src>gps</src><sat>12</sat><hdop>0.97</hdop><vdop>1.44</vdop><pdop>1.74</pdop><dgpsid>0000</dgpsid></trkpt>
<trkpt lat="39.867804" lon="-123.71359733333333"><ele>293.0</ele><time>2026-09-24T16:54:49.000Z</time><extensions><gpxtpx:TrackPointExtension><gpxtpx:bearing>176.81</gpxtpx:bearing><gpxtpx:speed>14.552741</gpxtpx:speed></gpxtpx:TrackPointExtension></extensions><geoidheight>-28.4</geoidheight><src>gps</src><sat>12</sat><hdop>0.81</hdop><vdop>1.30</vdop><pdop>1.53</pdop><dgpsid>0000</dgpsid></trkpt>
<trkpt lat="39.866374" lon="-123.71313116666667"><ele>297.0</ele><time>2026-09-24T16:55:00.000Z</time><extensions><gpxtpx:TrackPointExtension><gpxtpx:bearing>161.64</gpxtpx:bearing><gpxtpx:speed>14.458548</gpxtpx:speed></gpxtpx:TrackPointExtension></extensions><geoidheight>-28.4</geoidheight><src>gps</src><sat>12</sat><hdop>0.78</hdop><vdop>1.23</vdop><pdop>1.46</pdop><dgpsid>0000</dgpsid></trkpt>
<trkpt lat="39.865015" lon="-123.71290300000001"><ele>303.2</ele><time>2026-09-24T16:55:11.000Z</time><extensions><gpxtpx:TrackPointExtension><gpxtpx:bearing>182.22</gpxtpx:bearing><gpxtpx:speed>13.708082</gpxtpx:speed></gpxtpx:TrackPointExtension></extensions><geoidheight>-28.4</geoidheight><src>gps</src><sat>12</sat><hdop>0.81</hdop><vdop>1.30</vdop><pdop>1.53</pdop><dgpsid>0000</dgpsid></trkpt>
<trkpt lat="39.8635735" lon="-123.71328633333333"><ele>309.0</ele><time>2026-09-24T16:55:22.000Z</time><extensions><gpxtpx:TrackPointExtension><gpxtpx:bearing>199.82</gpxtpx:bearing><gpxtpx:speed>15.753074</gpxtpx:speed></gpxtpx:TrackPointExtension></extensions><geoidheight>-28.4</geoidheight><src>gps</src><sat>11</sat><hdop>0.88</hdop><vdop>1.44</vdop><pdop>1.68</pdop><dgpsid>0000</dgpsid></trkpt>
<trkpt lat="39.862109333333336" lon="-123.7140625"><ele>323.0</ele><time>2026-09-24T16:55:33.000Z</time><extensions><gpxtpx:TrackPointExtension><gpxtpx:bearing>202.54</gpxtpx:bearing><gpxtpx:speed>15.712925</gpxtpx:speed></gpxtpx:TrackPointExtension></extensions><geoidheight>-28.4</geoidheight><src>gps</src><sat>11</sat><hdop>0.90</hdop><vdop>1.43</vdop><pdop>1.69</pdop><dgpsid>0000</dgpsid></trkpt>
<trkpt lat="39.860677333333335" lon="-123.71478483333334"><ele>333.0</ele><time>2026-09-24T16:55:44.000Z</time><extensions><gpxtpx:TrackPointExtension><gpxtpx:bearing>194.84</gpxtpx:bearing><gpxtpx:speed>15.17504</gpxtpx:speed></gpxtpx:TrackPointExtension></extensions><geoidheight>-28.4</geoidheight><src>gps</src><sat>11</sat><hdop>0.98</hdop><vdop>1.82</vdop><pdop>2.07</pdop><dgpsid>0000</dgpsid></trkpt>
<trkpt lat="39.859145" lon="-123.71489433333333"><ele>341.8</ele><time>2026-09-24T16:55:55.000Z</time><extensions><gpxtpx:TrackPointExtension><gpxtpx:bearing>179.29</gpxtpx:bearing><gpxtpx:speed>15.230116</gpxtpx:speed></gpxtpx:TrackPointExtension></extensions><geoidheight>-28.4</geoidheight><src>gps</src><sat>11</sat><hdop>0.90</hdop><vdop>1.43</vdop><pdop>1.69</pdop><dgpsid>0000</dgpsid></trkpt>
<trkpt lat="39.85766116666667" lon="-123.71495516666667"><ele>352.3</ele><time>2026-09-24T16:56:06.000Z</time><extensions><gpxtpx:TrackPointExtension><gpxtpx:bearing>189.44</gpxtpx:bearing><gpxtpx:speed>14.722085</gpxtpx:speed></gpxtpx:TrackPointExtension></extensions><geoidheight>-28.4</geoidheight><src>gps</src><sat>12</sat><hdop>0.77</hdop><vdop>1.28</vdop><pdop>1.49</pdop><dgpsid>0000</dgpsid></trkpt>
<trkpt lat="39.8563295" lon="-123.71565316666666"><ele>364.0</ele><time>2026-09-24T16:56:17.000Z</time><extensions><gpxtpx:TrackPointExtension><gpxtpx:bearing>211.19</gpxtpx:bearing><gpxtpx:speed>14.361265</gpxtpx:speed></gpxtpx:TrackPointExtension></extensions><geoidheight>-28.4</geoidheight><src>gps</src><sat>12</sat><hdop>0.77</hdop><vdop>1.28</vdop><pdop>1.49</pdop><dgpsid>0000</dgpsid></trkpt>
<trkpt lat="39.85502483333333" lon="-123.71657366666668"><ele>369.7</ele><time>2026-09-24T16:56:28.000Z</time><extensions><gpxtpx:TrackPointExtension><gpxtpx:bearing>200.98</gpxtpx:bearing><gpxtpx:speed>15.99139</gpxtpx:speed></gpxtpx:TrackPointExtension></extensions><geoidheight>-28.4</geoidheight><src>gps</src><sat>12</sat><hdop>0.77</hdop><vdop>1.28</vdop><pdop>1.49</pdop><dgpsid>0000</dgpsid></trkpt>
<trkpt lat="39.853305666666664" lon="-123.71678033333335"><ele>370.6</ele><time>2026-09-24T16:56:39.000Z</time><extensions><gpxtpx:TrackPointExtension><gpxtpx:bearing>171.51</gpxtpx:bearing><gpxtpx:speed>19.646948</gpxtpx:speed></gpxtpx:TrackPointExtension></extensions><geoidheight>-28.4</geoidheight><src>gps</src><sat>10</sat><hdop>0.77</hdop><vdop>1.36</vdop><pdop>1.56</pdop><dgpsid>0000</dgpsid></trkpt>
<trkpt lat="39.85142533333333" lon="-123.71548833333333"><ele>369.2</ele><time>2026-09-24T16:56:50.000Z</time><extensions><gpxtpx:TrackPointExtension><gpxtpx:bearing>133.82</gpxtpx:bearing><gpxtpx:speed>22.874771</gpxtpx:speed></gpxtpx:TrackPointExtension></extensions><geoidheight>-28.4</geoidheight><src>gps</src><sat>13</sat><hdop>0.72</hdop><vdop>1.14</vdop><pdop>1.35</pdop><dgpsid>0000</dgpsid></trkpt>
<trkpt lat="39.850218000000005" lon="-123.71261699999998"><ele>354.4</ele><time>2026-09-24T16:57:01.000Z</time><extensions><gpxtpx:TrackPointExtension><gpxtpx:bearing>115.56</gpxtpx:bearing><gpxtpx:speed>28.157879</gpxtpx:speed></gpxtpx:TrackPointExtension></extensions><geoidheight>-28.4</geoidheight><src>gps</src><sat>12</sat><hdop>0.82</hdop><vdop>1.47</vdop><pdop>1.68</pdop><dgpsid>0000</dgpsid></trkpt>
<trkpt lat="39.84905583333333" lon="-123.709278"><ele>341.2</ele><time>2026-09-24T16:57:12.000Z</time><extensions><gpxtpx:TrackPointExtension><gpxtpx:bearing>114.56</gpxtpx:bearing><gpxtpx:speed>28.37818</gpxtpx:speed></gpxtpx:TrackPointExtension></extensions><geoidheight>-28.4</geoidheight><src>gps</src><sat>11</sat><hdop>0.79</hdop><vdop>1.47</vdop><pdop>1.67</pdop><dgpsid>0000</dgpsid></trkpt>
<trkpt lat="39.847940333333334" lon="-123.70606799999999"><ele>332.6</ele><time>2026-09-24T16:57:23.000Z</time><extensions><gpxtpx:TrackPointExtension><gpxtpx:bearing>114.02</gpxtpx:bearing><gpxtpx:speed>26.551432</gpxtpx:speed></gpxtpx:TrackPointExtension></extensions><geoidheight>-28.4</geoidheight><src>gps</src><sat>12</sat><hdop>0.74</hdop><vdop>1.24</vdop><pdop>1.45</pdop><dgpsid>0000</dgpsid></trkpt>
<trkpt lat="39.846877166666665" lon="-123.7029605"><ele>324.4</ele><time>2026-09-24T16:57:34.000Z</time><extensions><gpxtpx:TrackPointExtension><gpxtpx:bearing>114.18</gpxtpx:bearing><gpxtpx:speed>27.299322</gpxtpx:speed></gpxtpx:TrackPointExtension></extensions><geoidheight>-28.4</geoidheight><src>gps</src><sat>13</sat><hdop>0.76</hdop><vdop>1.24</vdop><pdop>1.46</pdop><dgpsid>0000</dgpsid></trkpt>
<trkpt lat="39.845719833333334" lon="-123.69965766666668"><ele>317.7</ele><time>2026-09-24T16:57:45.000Z</time><extensions><gpxtpx:TrackPointExtension><gpxtpx:bearing>115.33</gpxtpx:bearing><gpxtpx:speed>29.006657</gpxtpx:speed></gpxtpx:TrackPointExtension></extensions><geoidheight>-28.4</geoidheight><src>gps</src><sat>13</sat><hdop>0.72</hdop><vdop>1.14</vdop><pdop>1.35</pdop><dgpsid>0000</dgpsid></trkpt>
<trkpt lat="39.8443785" lon="-123.69639116666667"><ele>320.9</ele><time>2026-09-24T16:57:56.000Z</time><extensions><gpxtpx:TrackPointExtension><gpxtpx:bearing>119.75</gpxtpx:bearing><gpxtpx:speed>27.688452</gpxtpx:speed></gpxtpx:TrackPointExtension></extensions><geoidheight>-28.4</geoidheight><src>gps</src><sat>12</sat><hdop>0.75</hdop><vdop>1.23</vdop><pdop>1.44</pdop><dgpsid>0000</dgpsid></trkpt>
<trkpt lat="39.84294516666667" lon="-123.69374483333334"><ele>340.4</ele><time>2026-09-24T16:58:07.000Z</time><extensions><gpxtpx:TrackPointExtension><gpxtpx:bearing>133.51</gpxtpx:bearing><gpxtpx:speed>23.017862</gpxtpx:speed></gpxtpx:TrackPointExtension></extensions><geoidheight>-28.4</geoidheight><src>gps</src><sat>13</sat><hdop>0.69</hdop><vdop>1.13</vdop><pdop>1.33</pdop><dgpsid>0000</dgpsid></trkpt>
<trkpt lat="39.84144916666666" lon="-123.69185700000001"><ele>356.8</ele><time>2026-09-24T16:58:18.000Z</time><extensions><gpxtpx:TrackPointExtension><gpxtpx:bearing>136.04</gpxtpx:bearing><gpxtpx:speed>19.49253</gpxtpx:speed></gpxtpx:TrackPointExtension></extensions><geoidheight>-28.4</geoidheight><src>gps</src><sat>12</sat><hdop>0.72</hdop><vdop>1.28</vdop><pdop>1.47</pdop><dgpsid>0000</dgpsid></trkpt>
<trkpt lat="39.840136333333334" lon="-123.69022283333334"><ele>370.9</ele><time>2026-09-24T16:58:29.000Z</time><extensions><gpxtpx:TrackPointExtension><gpxtpx:bearing>136.35</gpxtpx:bearing><gpxtpx:speed>17.962776</gpxtpx:speed></gpxtpx:TrackPointExtension></extensions><geoidheight>-28.4</geoidheight><src>gps</src><sat>11</sat><hdop>0.76</hdop><vdop>1.42</vdop><pdop>1.62</pdop><dgpsid>0000</dgpsid></trkpt>
<trkpt lat="39.8388985" lon="-123.688513"><ele>378.9</ele><time>2026-09-24T16:58:40.000Z</time><extensions><gpxtpx:TrackPointExtension><gpxtpx:bearing>126.34</gpxtpx:bearing><gpxtpx:speed>19.015898</gpxtpx:speed></gpxtpx:TrackPointExtension></extensions><geoidheight>-28.4</geoidheight><src>gps</src><sat>13</sat><hdop>0.70</hdop><vdop>1.06</vdop><pdop>1.27</pdop><dgpsid>0000</dgpsid></trkpt>
<trkpt lat="39.837973166666664" lon="-123.68622766666667"><ele>381.6</ele><time>2026-09-24T16:58:51.000Z</time><extensions><gpxtpx:TrackPointExtension><gpxtpx:bearing>115.1</gpxtpx:bearing><gpxtpx:speed>21.47318</gpxtpx:speed></gpxtpx:TrackPointExtension></extensions><geoidheight>-28.4</geoidheight><src>gps</src><sat>14</sat><hdop>0.69</hdop><vdop>1.03</vdop><pdop>1.24</pdop><dgpsid>0000</dgpsid></trkpt>
<trkpt lat="39.83675783333333" lon="-123.68376283333333"><ele>383.8</ele><time>2026-09-24T16:59:02.000Z</time><extensions><gpxtpx:TrackPointExtension><gpxtpx:bearing>131.82</gpxtpx:bearing><gpxtpx:speed>24.066868</gpxtpx:speed></gpxtpx:TrackPointExtension></extensions><geoidheight>-28.4</geoidheight><src>gps</src><sat>14</sat><hdop>0.66</hdop><vdop>1.01</vdop><pdop>1.21</pdop><dgpsid>0000</dgpsid></trkpt>
<trkpt lat="39.83512666666666" lon="-123.68138616666666"><ele>388.1</ele><time>2026-09-24T16:59:13.000Z</time><extensions><gpxtpx:TrackPointExtension><gpxtpx:bearing>131.98</gpxtpx:bearing><gpxtpx:speed>24.92491</gpxtpx:speed></gpxtpx:TrackPointExtension></extensions><geoidheight>-28.4</geoidheight><src>gps</src><sat>13</sat><hdop>0.74</hdop><vdop>1.26</vdop><pdop>1.46</pdop><dgpsid>0000</dgpsid></trkpt>
<trkpt lat="39.8335635" lon="-123.67909583333334"><ele>399.8</ele><time>2026-09-24T16:59:24.000Z</time><extensions><gpxtpx:TrackPointExtension><gpxtpx:bearing>131.76</gpxtpx:bearing><gpxtpx:speed>22.976685</gpxtpx:speed></gpxtpx:TrackPointExtension></extensions><geoidheight>-28.4</geoidheight><src>gps</src><sat>13</sat><hdop>0.69</hdop><vdop>1.14</vdop><pdop>1.33</pdop><dgpsid>0000</dgpsid></trkpt>
<trkpt lat="39.83214216666667" lon="-123.67701016666666"><ele>411.8</ele><time>2026-09-24T16:59:35.000Z</time><extensions><gpxtpx:TrackPointExtension><gpxtpx:bearing>131.8</gpxtpx:bearing><gpxtpx:speed>20.803528</gpxtpx:speed></gpxtpx:TrackPointExtension></extensions><geoidheight>-28.4</geoidheight><src>gps</src><sat>11</sat><hdop>0.76</hdop><vdop>1.43</vdop><pdop>1.62</pdop><dgpsid>0000</dgpsid></trkpt>
<trkpt lat="39.830805166666664" lon="-123.67510283333334"><ele>420.2</ele><time>2026-09-24T16:59:46.000Z</time><extensions><gpxtpx:TrackPointExtension><gpxtpx:bearing>136.2</gpxtpx:bearing><gpxtpx:speed>19.45753</gpxtpx:speed></gpxtpx:TrackPointExtension></extensions><geoidheight>-28.4</geoidheight><src>gps</src><sat>11</sat><hdop>0.76</hdop><vdop>1.43</vdop><pdop>1.62</pdop><dgpsid>0000</dgpsid></trkpt>
<trkpt lat="39.82914666666667" lon="-123.67413900000001"><ele>435.7</ele><time>2026-09-24T16:59:57.000Z</time><extensions><gpxtpx:TrackPointExtension><gpxtpx:bearing>171.21</gpxtpx:bearing><gpxtpx:speed>17.804241</gpxtpx:speed></gpxtpx:TrackPointExtension></extensions><geoidheight>-28.4</geoidheight><src>gps</src><sat>11</sat><hdop>0.83</hdop><vdop>1.40</vdop><pdop>1.63</pdop><dgpsid>0000</dgpsid></trkpt>
<trkpt lat="39.82746133333333" lon="-123.67363666666667"><ele>444.8</ele><time>2026-09-24T17:00:08.000Z</time><extensions><gpxtpx:TrackPointExtension><gpxtpx:bearing>154.52</gpxtpx:bearing><gpxtpx:speed>17.876818</gpxtpx:speed></gpxtpx:TrackPointExtension></extensions><geoidheight>-28.4</geoidheight><src>gps</src><sat>11</sat><hdop>1.12</hdop><vdop>2.18</vdop><pdop>2.45</pdop><dgpsid>0000</dgpsid></trkpt>
<trkpt lat="39.82614349999999" lon="-123.67192566666667"><ele>448.7</ele><time>2026-09-24T17:00:19.000Z</time><extensions><gpxtpx:TrackPointExtension><gpxtpx:bearing>116.7</gpxtpx:bearing><gpxtpx:speed>20.64139</gpxtpx:speed></gpxtpx:TrackPointExtension></extensions><geoidheight>-28.4</geoidheight><src>gps</src><sat>11</sat><hdop>1.10</hdop><vdop>2.11</vdop><pdop>2.38</pdop><dgpsid>0000</dgpsid></trkpt>
<trkpt lat="39.826011666666666" lon="-123.66918366666665"><ele>442.0</ele><time>2026-09-24T17:00:30.000Z</time><extensions><gpxtpx:TrackPointExtension><gpxtpx:bearing>72.69</gpxtpx:bearing><gpxtpx:speed>23.026098</gpxtpx:speed></gpxtpx:TrackPointExtension></extensions><geoidheight>-28.4</geoidheight><src>gps</src><sat>13</sat><hdop>0.76</hdop><vdop>1.14</vdop><pdop>1.37</pdop><dgpsid>0000</dgpsid></trkpt>
<trkpt lat="39.82729866666667" lon="-123.66649833333334"><ele>430.7</ele><time>2026-09-24T17:00:41.000Z</time><extensions><gpxtpx:TrackPointExtension><gpxtpx:bearing>57.95</gpxtpx:bearing><gpxtpx:speed>25.742289</gpxtpx:speed></gpxtpx:TrackPointExtension></extensions><geoidheight>-28.4</geoidheight><src>gps</src><sat>12</sat><hdop>0.78</hdop><vdop>1.30</vdop><pdop>1.52</pdop><dgpsid>0000</dgpsid></trkpt>
<trkpt lat="39.828407" lon="-123.66348933333332"><ele>425.0</ele><time>2026-09-24T17:00:52.000Z</time><extensions><gpxtpx:TrackPointExtension><gpxtpx:bearing>68.58</gpxtpx:bearing><gpxtpx:speed>26.38363</gpxtpx:speed></gpxtpx:TrackPointExtension></extensions><geoidheight>-28.4</geoidheight><src>gps</src><sat>11</sat><hdop>1.10</hdop><vdop>2.12</vdop><pdop>2.39</pdop><dgpsid>0000</dgpsid></trkpt>
<trkpt lat="39.82922333333333" lon="-123.66035333333333"><ele>428.8</ele><time>2026-09-24T17:01:03.000Z</time><extensions><gpxtpx:TrackPointExtension><gpxtpx:bearing>84.43</gpxtpx:bearing><gpxtpx:speed>25.129768</gpxtpx:speed></gpxtpx:TrackPointExtension></extensions><geoidheight>-28.3</geoidheight><src>gps</src><sat>11</sat><hdop>0.79</hdop><vdop>1.49</vdop><pdop>1.69</pdop><dgpsid>0000</dgpsid></trkpt>
<trkpt lat="39.82861583333333" lon="-123.65724583333333"><ele>432.7</ele><time>2026-09-24T17:01:14.000Z</time><extensions><gpxtpx:TrackPointExtension><gpxtpx:bearing>112.11</gpxtpx:bearing><gpxtpx:speed>25.398968</gpxtpx:speed></gpxtpx:TrackPointExtension></extensions><geoidheight>-28.3</geoidheight><src>gps</src><sat>14</sat><hdop>0.79</hdop><vdop>1.50</vdop><pdop>1.69</pdop><dgpsid>0000</dgpsid></trkpt>
<trkpt lat="39.82850033333333" lon="-123.65416400000001"><ele>429.2</ele><time>2026-09-24T17:01:25.000Z</time><extensions><gpxtpx:TrackPointExtension><gpxtpx:bearing>72.22</gpxtpx:bearing><gpxtpx:speed>23.863037</gpxtpx:speed></gpxtpx:TrackPointExtension></extensions><geoidheight>-28.3</geoidheight><src>gps</src><sat>13</sat><hdop>0.75</hdop><vdop>1.16</vdop><pdop>1.38</pdop><dgpsid>0000</dgpsid></trkpt>
<trkpt lat="39.830051166666664" lon="-123.65178766666668"><ele>419.0</ele><time>2026-09-24T17:01:36.000Z</time><extensions><gpxtpx:TrackPointExtension><gpxtpx:bearing>34.79</gpxtpx:bearing><gpxtpx:speed>26.451574</gpxtpx:speed></gpxtpx:TrackPointExtension></extensions><geoidheight>-28.3</geoidheight><src>gps</src><sat>12</sat><hdop>1.20</hdop><vdop>2.73</vdop><pdop>2.98</pdop><dgpsid>0000</dgpsid></trkpt>
<trkpt lat="39.832078499999994" lon="-123.649454"><ele>410.0</ele><time>2026-09-24T17:01:47.000Z</time><extensions><gpxtpx:TrackPointExtension><gpxtpx:bearing>53.35</gpxtpx:bearing><gpxtpx:speed>27.475872</gpxtpx:speed></gpxtpx:TrackPointExtension></extensions><geoidheight>-28.3</geoidheight><src>gps</src><sat>10</sat><hdop>1.15</hdop><vdop>2.71</vdop><pdop>2.94</pdop><dgpsid>0000</dgpsid></trkpt>
<trkpt lat="39.8330925" lon="-123.646325"><ele>415.3</ele><time>2026-09-24T17:01:58.000Z</time><extensions><gpxtpx:TrackPointExtension><gpxtpx:bearing>80.16</gpxtpx:bearing><gpxtpx:speed>26.165905</gpxtpx:speed></gpxtpx:TrackPointExtension></extensions><geoidheight>-28.3</geoidheight><src>gps</src><sat>11</sat><hdop>0.78</hdop><vdop>1.56</vdop><pdop>1.75</pdop><dgpsid>0000</dgpsid></trkpt>
<trkpt lat="39.83330416666667" lon="-123.643017"><ele>426.0</ele><time>2026-09-24T17:02:09.000Z</time><extensions><gpxtpx:TrackPointExtension><gpxtpx:bearing>84.03</gpxtpx:bearing><gpxtpx:speed>25.564194</gpxtpx:speed></gpxtpx:TrackPointExtension></extensions><geoidheight>-28.3</geoidheight><src>gps</src><sat>10</sat><hdop>1.15</hdop><vdop>2.71</vdop><pdop>2.94</pdop><dgpsid>0000</dgpsid></trkpt>
<trkpt lat="39.833709500000005" lon="-123.63979050000002"><ele>432.2</ele><time>2026-09-24T17:02:20.000Z</time><extensions><gpxtpx:TrackPointExtension><gpxtpx:bearing>80.68</gpxtpx:bearing><gpxtpx:speed>25.437572</gpxtpx:speed></gpxtpx:TrackPointExtension></extensions><geoidheight>-28.3</geoidheight><src>gps</src><sat>10</sat><hdop>1.15</hdop><vdop>2.70</vdop><pdop>2.94</pdop><dgpsid>0000</dgpsid></trkpt>
<trkpt lat="39.83412716666667" lon="-123.6365375"><ele>435.1</ele><time>2026-09-24T17:02:31.000Z</time><extensions><gpxtpx:TrackPointExtension><gpxtpx:bearing>80.43</gpxtpx:bearing><gpxtpx:speed>26.154066</gpxtpx:speed></gpxtpx:TrackPointExtension></extensions><geoidheight>-28.3</geoidheight><src>gps</src><sat>13</sat><hdop>0.70</hdop><vdop>1.10</vdop><pdop>1.30</pdop><dgpsid>0000</dgpsid></trkpt>
<trkpt lat="39.83455516666667" lon="-123.63320816666668"><ele>430.0</ele><time>2026-09-24T17:02:42.000Z</time><extensions><gpxtpx:TrackPointExtension><gpxtpx:bearing>80.66</gpxtpx:bearing><gpxtpx:speed>25.995531</gpxtpx:speed></gpxtpx:TrackPointExtension></extensions><geoidheight>-28.3</geoidheight><src>gps</src><sat>13</sat><hdop>0.70</hdop><vdop>1.10</vdop><pdop>1.30</pdop><dgpsid>0000</dgpsid></trkpt>
<trkpt lat="39.834174" lon="-123.63000766666667"><ele>420.5</ele><time>2026-09-24T17:02:53.000Z</time><extensions><gpxtpx:TrackPointExtension><gpxtpx:bearing>114.39</gpxtpx:bearing><gpxtpx:speed>25.505001</gpxtpx:speed></gpxtpx:TrackPointExtension></extensions><geoidheight>-28.3</geoidheight><src>gps</src><sat>14</sat><hdop>0.66</hdop><vdop>1.03</vdop><pdop>1.22</pdop><dgpsid>0000</dgpsid></trkpt>
<trkpt lat="39.83312333333333" lon="-123.62694316666666"><ele>404.7</ele><time>2026-09-24T17:03:04.000Z</time><extensions><gpxtpx:TrackPointExtension><gpxtpx:bearing>112.84</gpxtpx:bearing><gpxtpx:speed>26.942104</gpxtpx:speed></gpxtpx:TrackPointExtension></extensions><geoidheight>-28.3</geoidheight><src>gps</src><sat>12</sat><hdop>0.78</hdop><vdop>1.32</vdop><pdop>1.53</pdop><dgpsid>0000</dgpsid></trkpt>
<trkpt lat="39.83275666666667" lon="-123.62347533333335"><ele>386.7</ele><time>2026-09-24T17:03:15.000Z</time><extensions><gpxtpx:TrackPointExtension><gpxtpx:bearing>90.35</gpxtpx:bearing><gpxtpx:speed>28.292221</gpxtpx:speed></gpxtpx:TrackPointExtension></extensions><geoidheight>-28.3</geoidheight><src>gps</src><sat>13</sat><hdop>0.76</hdop><vdop>1.17</vdop><pdop>1.39</pdop><dgpsid>0000</dgpsid></trkpt>
<trkpt lat="39.83230983333333" lon="-123.61992133333334"><ele>370.9</ele><time>2026-09-24T17:03:26.000Z</time><extensions><gpxtpx:TrackPointExtension><gpxtpx:bearing>119.23</gpxtpx:bearing><gpxtpx:speed>27.65757</gpxtpx:speed></gpxtpx:TrackPointExtension></extensions><geoidheight>-28.3</geoidheight><src>gps</src><sat>12</sat><hdop>0.80</hdop><vdop>1.34</vdop><pdop>1.56</pdop><dgpsid>0000</dgpsid></trkpt>
<trkpt lat="39.830927833333334" lon="-123.61720266666667"><ele>372.9</ele><time>2026-09-24T17:03:37.000Z</time><extensions><gpxtpx:TrackPointExtension><gpxtpx:bearing>118.71</gpxtpx:bearing><gpxtpx:speed>23.625235</gpxtpx:speed></gpxtpx:TrackPointExtension></extensions><geoidheight>-28.3</geoidheight><src>gps</src><sat>9</sat><hdop>1.21</hdop><vdop>2.71</vdop><pdop>2.97</pdop><dgpsid>0000</dgpsid></trkpt>
<trkpt lat="39.83038033333333" lon="-123.61436049999999"><ele>376.5</ele><time>2026-09-24T17:03:48.000Z</time><extensions><gpxtpx:TrackPointExtension><gpxtpx:bearing>107.97</gpxtpx:bearing><gpxtpx:speed>22.02342</gpxtpx:speed></gpxtpx:TrackPointExtension></extensions><geoidheight>-28.3</geoidheight><src>gps</src><sat>11</sat><hdop>0.89</hdop><vdop>1.63</vdop><pdop>1.85</pdop><dgpsid>0000</dgpsid></trkpt>
<trkpt lat="39.828954833333334" lon="-123.61227633333334"><ele>384.3</ele><time>2026-09-24T17:03:59.000Z</time><extensions><gpxtpx:TrackPointExtension><gpxtpx:bearing>141.78</gpxtpx:bearing><gpxtpx:speed>22.017757</gpxtpx:speed></gpxtpx:TrackPointExtension></extensions><geoidheight>-28.3</geoidheight><src>gps</src><sat>9</sat><hdop>1.37</hdop><vdop>3.06</vdop><pdop>3.36</pdop><dgpsid>0000</dgpsid></trkpt>
<trkpt lat="39.827621666666666" lon="-123.61021416666667"><ele>392.5</ele><time>2026-09-24T17:04:10.000Z</time><extensions><gpxtpx:TrackPointExtension><gpxtpx:bearing>108.44</gpxtpx:bearing><gpxtpx:speed>20.863235</gpxtpx:speed></gpxtpx:TrackPointExtension></extensions><geoidheight>-28.3</geoidheight><src>gps</src><sat>9</sat><hdop>1.38</hdop><vdop>3.07</vdop><pdop>3.36</pdop><dgpsid>0000</dgpsid></trkpt>
<trkpt lat="39.82760033333333" lon="-123.6076105"><ele>400.9</ele><time>2026-09-24T17:04:21.000Z</time><extensions><gpxtpx:TrackPointExtension><gpxtpx:bearing>86.77</gpxtpx:bearing><gpxtpx:speed>20.860662</gpxtpx:speed></gpxtpx:TrackPointExtension></extensions><geoidheight>-28.3</geoidheight><src>gps</src><sat>11</sat><hdop>0.86</hdop><vdop>1.58</vdop><pdop>1.80</pdop><dgpsid>0000</dgpsid></trkpt>
<trkpt lat="39.82837083333333" lon="-123.60492516666666"><ele>399.3</ele><time>2026-09-24T17:04:32.000Z</time><extensions><gpxtpx:TrackPointExtension><gpxtpx:bearing>54.63</gpxtpx:bearing><gpxtpx:speed>24.124516</gpxtpx:speed></gpxtpx:TrackPointExtension></extensions><geoidheight>-28.3</geoidheight><src>gps</src><sat>11</sat><hdop>0.81</hdop><vdop>1.58</vdop><pdop>1.78</pdop><dgpsid>0000</dgpsid></trkpt>
<trkpt lat="39.8291285" lon="-123.60214083333334"><ele>402.5</ele><time>2026-09-24T17:04:43.000Z</time><extensions><gpxtpx:TrackPointExtension><gpxtpx:bearing>86.41</gpxtpx:bearing><gpxtpx:speed>22.92933</gpxtpx:speed></gpxtpx:TrackPointExtension></extensions><geoidheight>-28.3</geoidheight><src>gps</src><sat>11</sat><hdop>1.32</hdop><vdop>1.74</vdop><pdop>2.18</pdop><dgpsid>0000</dgpsid></trkpt>
<trkpt lat="39.828989" lon="-123.59931550000002"><ele>398.9</ele><time>2026-09-24T17:04:54.000Z</time><extensions><gpxtpx:TrackPointExtension><gpxtpx:bearing>112.37</gpxtpx:bearing><gpxtpx:speed>22.879402</gpxtpx:speed></gpxtpx:TrackPointExtension></extensions><geoidheight>-28.3</geoidheight><src>gps</src><sat>10</sat><hdop>1.00</hdop><vdop>1.67</vdop><pdop>1.94</pdop><dgpsid>0000</dgpsid></trkpt>
<trkpt lat="39.82750166666666" lon="-123.59692033333334"><ele>400.8</ele><time>2026-09-24T17:05:05.000Z</time><extensions><gpxtpx:TrackPointExtension><gpxtpx:bearing>133.25</gpxtpx:bearing><gpxtpx:speed>24.770493</gpxtpx:speed></gpxtpx:TrackPointExtension></extensions><geoidheight>-28.3</geoidheight><src>gps</src><sat>11</sat><hdop>1.14</hdop><vdop>2.19</vdop><pdop>2.47</pdop><dgpsid>0000</dgpsid></trkpt>
<trkpt lat="39.826048666666665" lon="-123.5944715"><ele>402.9</ele><time>2026-09-24T17:05:16.000Z</time><extensions><gpxtpx:TrackPointExtension><gpxtpx:bearing>109.2</gpxtpx:bearing><gpxtpx:speed>24.140472</gpxtpx:speed></gpxtpx:TrackPointExtension></extensions><geoidheight>-28.3</geoidheight><src>gps</src><sat>10</sat><hdop>1.20</hdop><vdop>2.68</vdop><pdop>2.94</pdop><dgpsid>0000</dgpsid></trkpt>
<trkpt lat="39.8264005" lon="-123.59159483333333"><ele>414.3</ele><time>2026-09-24T17:05:27.000Z</time><extensions><gpxtpx:TrackPointExtension><gpxtpx:bearing>54.34</gpxtpx:bearing><gpxtpx:speed>22.484097</gpxtpx:speed></gpxtpx:TrackPointExtension></extensions><geoidheight>-28.3</geoidheight><src>gps</src><sat>11</sat><hdop>0.86</hdop><vdop>1.59</vdop><pdop>1.81</pdop><dgpsid>0000</dgpsid></trkpt>
<trkpt lat="39.82774333333334" lon="-123.58944883333334"><ele>418.6</ele><time>2026-09-24T17:05:38.000Z</time><extensions><gpxtpx:TrackPointExtension><gpxtpx:bearing>66.53</gpxtpx:bearing><gpxtpx:speed>21.90349</gpxtpx:speed></gpxtpx:TrackPointExtension></extensions><geoidheight>-28.3</geoidheight><src>gps</src><sat>12</sat><hdop>0.75</hdop><vdop>1.34</vdop><pdop>1.54</pdop><dgpsid>0000</dgpsid></trkpt>
<trkpt lat="39.828064000000005" lon="-123.58674100000002"><ele>421.2</ele><time>2026-09-24T17:05:49.000Z</time><extensions><gpxtpx:TrackPointExtension><gpxtpx:bearing>99.8</gpxtpx:bearing><gpxtpx:speed>21.249277</gpxtpx:speed></gpxtpx:TrackPointExtension></extensions><geoidheight>-28.2</geoidheight><src>gps</src><sat>10</sat><hdop>0.91</hdop><vdop>1.36</vdop><pdop>1.64</pdop><dgpsid>0000</dgpsid></trkpt>
<trkpt lat="39.82698466666667" lon="-123.58450616666666"><ele>429.2</ele><time>2026-09-24T17:06:00.000Z</time><extensions><gpxtpx:TrackPointExtension><gpxtpx:bearing>128.62</gpxtpx:bearing><gpxtpx:speed>20.373735</gpxtpx:speed></gpxtpx:TrackPointExtension></extensions><geoidheight>-28.2</geoidheight><src>gps</src><sat>10</sat><hdop>1.17</hdop><vdop>2.65</vdop><pdop>2.90</pdop><dgpsid>0000</dgpsid></trkpt>
<trkpt lat="39.82654016666667" lon="-123.58190950000001"><ele>432.7</ele><time>2026-09-24T17:06:11.000Z</time><extensions><gpxtpx:TrackPointExtension><gpxtpx:bearing>77.91</gpxtpx:bearing><gpxtpx:speed>23.089924</gpxtpx:speed></gpxtpx:TrackPointExtension></extensions><geoidheight>-28.2</geoidheight><src>gps</src><sat>10</sat><hdop>1.01</hdop><vdop>1.69</vdop><pdop>1.97</pdop><dgpsid>0000</dgpsid></trkpt>
<trkpt lat="39.82778883333334" lon="-123.57937949999999"><ele>428.4</ele><time>2026-09-24T17:06:22.000Z</time><extensions><gpxtpx:TrackPointExtension><gpxtpx:bearing>56.83</gpxtpx:bearing><gpxtpx:speed>23.523321</gpxtpx:speed></gpxtpx:TrackPointExtension></extensions><geoidheight>-28.2</geoidheight><src>gps</src><sat>11</sat><hdop>0.86</hdop><vdop>1.60</vdop><pdop>1.81</pdop><dgpsid>0000</dgpsid></trkpt>
<trkpt lat="39.828092" lon="-123.57643033333333"><ele>424.5</ele><time>2026-09-24T17:06:33.000Z</time><extensions><gpxtpx:TrackPointExtension><gpxtpx:bearing>97.39</gpxtpx:bearing><gpxtpx:speed>24.13687</gpxtpx:speed></gpxtpx:TrackPointExtension></extensions><geoidheight>-28.2</geoidheight><src>gps</src><sat>13</sat><hdop>0.76</hdop><vdop>1.20</vdop><pdop>1.42</pdop><dgpsid>0000</dgpsid></trkpt>
<trkpt lat="39.82754383333334" lon="-123.57359849999999"><ele>425.4</ele><time>2026-09-24T17:06:44.000Z</time><extensions><gpxtpx:TrackPointExtension><gpxtpx:bearing>108.03</gpxtpx:bearing><gpxtpx:speed>21.12317</gpxtpx:speed></gpxtpx:TrackPointExtension></extensions><geoidheight>-28.2</geoidheight><src>gps</src><sat>12</sat><hdop>0.84</hdop><vdop>1.38</vdop><pdop>1.61</pdop><dgpsid>0000</dgpsid></trkpt>
<trkpt lat="39.827148" lon="-123.57094216666668"><ele>424.4</ele><time>2026-09-24T17:06:55.000Z</time><extensions><gpxtpx:TrackPointExtension><gpxtpx:bearing>110.59</gpxtpx:bearing><gpxtpx:speed>21.575096</gpxtpx:speed></gpxtpx:TrackPointExtension></extensions><geoidheight>-28.2</geoidheight><src>gps</src><sat>13</sat><hdop>0.84</hdop><vdop>1.38</vdop><pdop>1.62</pdop><dgpsid>0000</dgpsid></trkpt>
<trkpt lat="39.825738333333334" lon="-123.56879550000001"><ele>419.8</ele><time>2026-09-24T17:07:06.000Z</time><extensions><gpxtpx:TrackPointExtension><gpxtpx:bearing>139.44</gpxtpx:bearing><gpxtpx:speed>23.157867</gpxtpx:speed></gpxtpx:TrackPointExtension></extensions><geoidheight>-28.2</geoidheight><src>gps</src><sat>10</sat><hdop>0.98</hdop><vdop>1.75</vdop><pdop>2.00</pdop><dgpsid>0000</dgpsid></trkpt>
<trkpt lat="39.82395866666666" lon="-123.56683983333332"><ele>417.3</ele><time>2026-09-24T17:07:17.000Z</time><extensions><gpxtpx:TrackPointExtension><gpxtpx:bearing>139.83</gpxtpx:bearing><gpxtpx:speed>23.913479</gpxtpx:speed></gpxtpx:TrackPointExtension></extensions><geoidheight>-28.2</geoidheight><src>gps</src><sat>8</sat><hdop>1.33</hdop><vdop>3.29</vdop><pdop>3.55</pdop><dgpsid>0000</dgpsid></trkpt>
<trkpt lat="39.82207266666667" lon="-123.56483016666668"><ele>425.6</ele><time>2026-09-24T17:07:28.000Z</time><extensions><gpxtpx:TrackPointExtension><gpxtpx:bearing>147.94</gpxtpx:bearing><gpxtpx:speed>24.776669</gpxtpx:speed></gpxtpx:TrackPointExtension></extensions><geoidheight>-28.2</geoidheight><src>gps</src><sat>11</sat><hdop>1.20</hdop><vdop>2.64</vdop><pdop>2.90</pdop><dgpsid>0000</dgpsid></trkpt>
<trkpt lat="39.819717999999995" lon="-123.56428233333332"><ele>430.3</ele><time>2026-09-24T17:07:39.000Z</time><extensions><gpxtpx:TrackPointExtension><gpxtpx:bearing>176.95</gpxtpx:bearing><gpxtpx:speed>24.206356</gpxtpx:speed></gpxtpx:TrackPointExtension></extensions><geoidheight>-28.2</geoidheight><src>gps</src><sat>9</sat><hdop>1.22</hdop><vdop>2.93</vdop><pdop>3.17</pdop><dgpsid>0000</dgpsid></trkpt>
<trkpt lat="39.817541166666665" lon="-123.56372383333334"><ele>434.6</ele><time>2026-09-24T17:07:50.000Z</time><extensions><gpxtpx:TrackPointExtension><gpxtpx:bearing>150.39</gpxtpx:bearing><gpxtpx:speed>21.932829</gpxtpx:speed></gpxtpx:TrackPointExtension></extensions><geoidheight>-28.2</geoidheight><src>gps</src><sat>9</sat><hdop>1.22</hdop><vdop>2.92</vdop><pdop>3.17</pdop><dgpsid>0000</dgpsid></trkpt>
<trkpt lat="39.81604933333333" lon="-123.56164933333334"><ele>442.0</ele><time>2026-09-24T17:08:01.000Z</time><extensions><gpxtpx:TrackPointExtension><gpxtpx:bearing>124.66</gpxtpx:bearing><gpxtpx:speed>22.677116</gpxtpx:speed></gpxtpx:TrackPointExtension></extensions><geoidheight>-28.2</geoidheight><src>gps</src><sat>11</sat><hdop>0.88</hdop><vdop>1.44</vdop><pdop>1.69</pdop><dgpsid>0000</dgpsid></trkpt>
<trkpt lat="39.814614166666665" lon="-123.55947883333334"><ele>443.7</ele><time>2026-09-24T17:08:12.000Z</time><extensions><gpxtpx:TrackPointExtension><gpxtpx:bearing>149.52</gpxtpx:bearing><gpxtpx:speed>22.179895</gpxtpx:speed></gpxtpx:TrackPointExtension></extensions><geoidheight>-28.2</geoidheight><src>gps</src><sat>9</sat><hdop>1.22</hdop><vdop>2.91</vdop><pdop>3.15</pdop><dgpsid>0000</dgpsid></trkpt>
<trkpt lat="39.812776166666666" lon="-123.55791216666667"><ele>445.7</ele><time>2026-09-24T17:08:23.000Z</time><extensions><gpxtpx:TrackPointExtension><gpxtpx:bearing>139.93</gpxtpx:bearing><gpxtpx:speed>23.130072</gpxtpx:speed></gpxtpx:TrackPointExtension></extensions><geoidheight>-28.2</geoidheight><src>gps</src><sat>10</sat><hdop>1.20</hdop><vdop>2.31</vdop><pdop>2.60</pdop><dgpsid>0000</dgpsid></trkpt>
<trkpt lat="39.811027833333334" lon="-123.55601499999999"><ele>449.3</ele><time>2026-09-24T17:08:34.000Z</time><extensions><gpxtpx:TrackPointExtension><gpxtpx:bearing>139.67</gpxtpx:bearing><gpxtpx:speed>22.792416</gpxtpx:speed></gpxtpx:TrackPointExtension></extensions><geoidheight>-28.2</geoidheight><src>gps</src><sat>10</sat><hdop>1.23</hdop><vdop>2.27</vdop><pdop>2.58</pdop><dgpsid>0000</dgpsid></trkpt>
<trkpt lat="39.809546833333336" lon="-123.5538165"><ele>453.7</ele><time>2026-09-24T17:08:45.000Z</time><extensions><gpxtpx:TrackPointExtension><gpxtpx:bearing>113.14</gpxtpx:bearing><gpxtpx:speed>23.115145</gpxtpx:speed></gpxtpx:TrackPointExtension></extensions><geoidheight>-28.2</geoidheight><src>gps</src><sat>10</sat><hdop>1.20</hdop><vdop>2.60</vdop><pdop>2.87</pdop><dgpsid>0000</dgpsid></trkpt>
<trkpt lat="39.8093135" lon="-123.55097533333334"><ele>456.5</ele><time>2026-09-24T17:08:56.000Z</time><extensions><gpxtpx:TrackPointExtension><gpxtpx:bearing>101.93</gpxtpx:bearing><gpxtpx:speed>22.00283</gpxtpx:speed></gpxtpx:TrackPointExtension></extensions><geoidheight>-28.2</geoidheight><src>gps</src><sat>11</sat><hdop>1.02</hdop><vdop>1.73</vdop><pdop>2.01</pdop><dgpsid>0000</dgpsid></trkpt>
<trkpt lat="39.80815033333333" lon="-123.5486705"><ele>460.4</ele><time>2026-09-24T17:09:07.000Z</time><extensions><gpxtpx:TrackPointExtension><gpxtpx:bearing>144.21</gpxtpx:bearing><gpxtpx:speed>22.43777</gpxtpx:speed></gpxtpx:TrackPointExtension></extensions><geoidheight>-28.2</geoidheight><src>gps</src><sat>11</sat><hdop>0.87</hdop><vdop>1.53</vdop><pdop>1.76</pdop><dgpsid>0000</dgpsid></trkpt>
<trkpt lat="39.80622816666666" lon="-123.54726816666668"><ele>465.8</ele><time>2026-09-24T17:09:18.000Z</time><extensions><gpxtpx:TrackPointExtension><gpxtpx:bearing>146.37</gpxtpx:bearing><gpxtpx:speed>22.676088</gpxtpx:speed></gpxtpx:TrackPointExtension></extensions><geoidheight>-28.2</geoidheight><src>gps</src><sat>10</sat><hdop>1.22</hdop><vdop>2.86</vdop><pdop>3.10</pdop><dgpsid>0000</dgpsid></trkpt>
<trkpt lat="39.80475083333333" lon="-123.54508133333333"><ele>466.4</ele><time>2026-09-24T17:09:29.000Z</time><extensions><gpxtpx:TrackPointExtension><gpxtpx:bearing>124.89</gpxtpx:bearing><gpxtpx:speed>23.544939</gpxtpx:speed></gpxtpx:TrackPointExtension></extensions><geoidheight>-28.2</geoidheight><src>gps</src><sat>9</sat><hdop>1.21</hdop><vdop>2.85</vdop><pdop>3.10</pdop><dgpsid>0000</dgpsid></trkpt>
<trkpt lat="39.802816666666665" lon="-123.54356466666668"><ele>473.9</ele><time>2026-09-24T17:09:40.000Z</time><extensions><gpxtpx:TrackPointExtension><gpxtpx:bearing>168.0</gpxtpx:bearing><gpxtpx:speed>23.823917</gpxtpx:speed></gpxtpx:TrackPointExtension></extensions><geoidheight>-28.2</geoidheight><src>gps</src><sat>9</sat><hdop>0.94</hdop><vdop>1.87</vdop><pdop>2.09</pdop><dgpsid>0000</dgpsid></trkpt>
<trkpt lat="39.79878266666666" lon="-123.54263250000001"><ele>474.7</ele><time>2026-09-24T17:09:59.000Z</time><extensions><gpxtpx:TrackPointExtension><gpxtpx:bearing>166.06</gpxtpx:bearing><gpxtpx:speed>24.188856</gpxtpx:speed></gpxtpx:TrackPointExtension></extensions><geoidheight>-28.2</geoidheight><src>gps</src><sat>7</sat><hdop>1.10</hdop><vdop>2.08</vdop><pdop>2.35</pdop><dgpsid>0000</dgpsid></trkpt>
<trkpt lat="39.79605033333333" lon="-123.54230683333331"><ele>474.2</ele><time>2026-09-24T17:10:12.000Z</time><extensions><gpxtpx:TrackPointExtension><gpxtpx:bearing>188.65</gpxtpx:bearing><gpxtpx:speed>23.2989</gpxtpx:speed></gpxtpx:TrackPointExtension></extensions><geoidheight>-28.2</geoidheight><src>gps</src><sat>8</sat><hdop>1.26</hdop><vdop>2.72</vdop><pdop>3.00</pdop><dgpsid>0000</dgpsid></trkpt>
<trkpt lat="39.79391866666666" lon="-123.542714"><ele>483.3</ele><time>2026-09-24T17:10:23.000Z</time><extensions><gpxtpx:TrackPointExtension><gpxtpx:bearing>183.85</gpxtpx:bearing><gpxtpx:speed>20.239906</gpxtpx:speed></gpxtpx:TrackPointExtension></extensions><geoidheight>-28.2</geoidheight><src>gps</src><sat>7</sat><hdop>1.17</hdop><vdop>2.28</vdop><pdop>2.56</pdop><dgpsid>0000</dgpsid></trkpt>
<trkpt lat="39.79202533333333" lon="-123.54255049999999"><ele>495.9</ele><time>2026-09-24T17:10:34.000Z</time><extensions><gpxtpx:TrackPointExtension><gpxtpx:bearing>175.24</gpxtpx:bearing><gpxtpx:speed>18.208298</gpxtpx:speed></gpxtpx:TrackPointExtension></extensions><geoidheight>-28.2</geoidheight><src>gps</src><sat>9</sat><hdop>0.94</hdop><vdop>1.87</vdop><pdop>2.09</pdop><dgpsid>0000</dgpsid></trkpt>
<trkpt lat="39.79041083333333" lon="-123.54304316666666"><ele>510.5</ele><time>2026-09-24T17:10:45.000Z</time><extensions><gpxtpx:TrackPointExtension><gpxtpx:bearing>207.34</gpxtpx:bearing><gpxtpx:speed>14.071991</gpxtpx:speed></gpxtpx:TrackPointExtension></extensions><geoidheight>-28.2</geoidheight><src>gps</src><sat>9</sat><hdop>0.90</hdop><vdop>1.65</vdop><pdop>1.88</pdop><dgpsid>0000</dgpsid></trkpt>
<trkpt lat="39.7889645" lon="-123.54382683333333"><ele>517.4</ele><time>2026-09-24T17:10:56.000Z</time><extensions><gpxtpx:TrackPointExtension><gpxtpx:bearing>197.86</gpxtpx:bearing><gpxtpx:speed>15.517845</gpxtpx:speed></gpxtpx:TrackPointExtension></extensions><geoidheight>-28.2</geoidheight><src>gps</src><sat>10</sat><hdop>0.97</hdop><vdop>1.81</vdop><pdop>2.06</pdop><dgpsid>0000</dgpsid></trkpt>
<trkpt lat="39.78759216666666" lon="-123.54439333333333"><ele>518.8</ele><time>2026-09-24T17:11:07.000Z</time><extensions><gpxtpx:TrackPointExtension><gpxtpx:bearing>195.7</gpxtpx:bearing><gpxtpx:speed>14.066329</gpxtpx:speed></gpxtpx:TrackPointExtension></extensions><geoidheight>-28.2</geoidheight><src>gps</src><sat>10</sat><hdop>0.85</hdop><vdop>1.65</vdop><pdop>1.85</pdop><dgpsid>0000</dgpsid></trkpt>
<trkpt lat="39.785977333333335" lon="-123.54469166666668"><ele>523.2</ele><time>2026-09-24T17:11:18.000Z</time><extensions><gpxtpx:TrackPointExtension><gpxtpx:bearing>174.57</gpxtpx:bearing><gpxtpx:speed>18.619562</gpxtpx:speed></gpxtpx:TrackPointExtension></extensions><geoidheight>-28.2</geoidheight><src>gps</src><sat>8</sat><hdop>1.20</hdop><vdop>2.95</vdop><pdop>3.18</pdop><dgpsid>0000</dgpsid></trkpt>
<trkpt lat="39.784092333333334" lon="-123.54391533333335"><ele>513.6</ele><time>2026-09-24T17:11:29.000Z</time><extensions><gpxtpx:TrackPointExtension><gpxtpx:bearing>159.79</gpxtpx:bearing><gpxtpx:speed>20.877647</gpxtpx:speed></gpxtpx:TrackPointExtension></extensions><geoidheight>-28.2</geoidheight><src>gps</src><sat>10</sat><hdop>1.21</hdop><vdop>2.75</vdop><pdop>3.01</pdop><dgpsid>0000</dgpsid></trkpt>
<trkpt lat="39.78217166666666" lon="-123.54270833333334"><ele>514.1</ele><time>2026-09-24T17:11:40.000Z</time><extensions><gpxtpx:TrackPointExtension><gpxtpx:bearing>168.97</gpxtpx:bearing><gpxtpx:speed>21.062433</gpxtpx:speed></gpxtpx:TrackPointExtension></extensions><geoidheight>-28.3</geoidheight><src>gps</src><sat>13</sat><hdop>0.79</hdop><vdop>1.16</vdop><pdop>1.41</pdop><dgpsid>0000</dgpsid></trkpt>
<trkpt lat="39.78036683333333" lon="-123.54361216666666"><ele>501.5</ele><time>2026-09-24T17:11:51.000Z</time><extensions><gpxtpx:TrackPointExtension><gpxtpx:bearing>203.35</gpxtpx:bearing><gpxtpx:speed>20.483885</gpxtpx:speed></gpxtpx:TrackPointExtension></extensions><geoidheight>-28.3</geoidheight><src>gps</src><sat>12</sat><hdop>0.82</hdop><vdop>1.33</vdop><pdop>1.56</pdop><dgpsid>0000</dgpsid></trkpt>
<trkpt lat="39.77826066666667" lon="-123.54373633333334"><ele>486.3</ele><time>2026-09-24T17:12:02.000Z</time><extensions><gpxtpx:TrackPointExtension><gpxtpx:bearing>176.39</gpxtpx:bearing><gpxtpx:speed>23.3478</gpxtpx:speed></gpxtpx:TrackPointExtension></extensions><geoidheight>-28.3</geoidheight><src>gps</src><sat>13</sat><hdop>0.68</hdop><vdop>1.07</vdop><pdop>1.27</pdop><dgpsid>0000</dgpsid></trkpt>
<trkpt lat="39.77607283333334" lon="-123.54476783333332"><ele>475.6</ele><time>2026-09-24T17:12:13.000Z</time><extensions><gpxtpx:TrackPointExtension><gpxtpx:bearing>223.25</gpxtpx:bearing><gpxtpx:speed>24.204813</gpxtpx:speed></gpxtpx:TrackPointExtension></extensions><geoidheight>-28.3</geoidheight><src>gps</src><sat>14</sat><hdop>0.68</hdop><vdop>1.07</vdop><pdop>1.27</pdop><dgpsid>0000</dgpsid></trkpt>
<trkpt lat="39.773982000000004" lon="-123.54610116666666"><ele>475.4</ele><time>2026-09-24T17:12:24.000Z</time><extensions><gpxtpx:TrackPointExtension><gpxtpx:bearing>191.34</gpxtpx:bearing><gpxtpx:speed>24.178562</gpxtpx:speed></gpxtpx:TrackPointExtension></extensions><geoidheight>-28.3</geoidheight><src>gps</src><sat>13</sat><hdop>0.75</hdop><vdop>1.28</vdop><pdop>1.48</pdop><dgpsid>0000</dgpsid></trkpt>
<trkpt lat="39.771671500000004" lon="-123.54632166666667"><ele>476.6</ele><time>2026-09-24T17:12:35.000Z</time><extensions><gpxtpx:TrackPointExtension><gpxtpx:bearing>161.52</gpxtpx:bearing><gpxtpx:speed>23.135735</gpxtpx:speed></gpxtpx:TrackPointExtension></extensions><geoidheight>-28.3</geoidheight><src>gps</src><sat>13</sat><hdop>0.72</hdop><vdop>1.24</vdop><pdop>1.44</pdop><dgpsid>0000</dgpsid></trkpt>
<trkpt lat="39.76965933333334" lon="-123.54540183333332"><ele>463.2</ele><time>2026-09-24T17:12:46.000Z</time><extensions><gpxtpx:TrackPointExtension><gpxtpx:bearing>187.05</gpxtpx:bearing><gpxtpx:speed>21.500462</gpxtpx:speed></gpxtpx:TrackPointExtension></extensions><geoidheight>-28.3</geoidheight><src>gps</src><sat>12</sat><hdop>0.72</hdop><vdop>1.25</vdop><pdop>1.44</pdop><dgpsid>0000</dgpsid></trkpt>
<trkpt lat="39.767854166666666" lon="-123.54420983333333"><ele>450.3</ele><time>2026-09-24T17:12:57.000Z</time><extensions><gpxtpx:TrackPointExtension><gpxtpx:bearing>132.81</gpxtpx:bearing><gpxtpx:speed>22.001287</gpxtpx:speed></gpxtpx:TrackPointExtension></extensions><geoidheight>-28.3</geoidheight><src>gps</src><sat>12</sat><hdop>0.81</hdop><vdop>1.41</vdop><pdop>1.62</pdop><dgpsid>0000</dgpsid></trkpt>
<trkpt lat="39.76583733333334" lon="-123.54384433333334"><ele>442.5</ele><time>2026-09-24T17:13:08.000Z</time><extensions><gpxtpx:TrackPointExtension><gpxtpx:bearing>182.31</gpxtpx:bearing><gpxtpx:speed>20.345425</gpxtpx:speed></gpxtpx:TrackPointExtension></extensions><geoidheight>-28.3</geoidheight><src>gps</src><sat>10</sat><hdop>0.84</hdop><vdop>1.63</vdop><pdop>1.84</pdop><dgpsid>0000</dgpsid></trkpt>
<trkpt lat="39.76380366666667" lon="-123.54315766666666"><ele>435.8</ele><time>2026-09-24T17:13:19.000Z</time><extensions><gpxtpx:TrackPointExtension><gpxtpx:bearing>156.89</gpxtpx:bearing><gpxtpx:speed>21.681644</gpxtpx:speed></gpxtpx:TrackPointExtension></extensions><geoidheight>-28.3</geoidheight><src>gps</src><sat>10</sat><hdop>1.03</hdop><vdop>2.08</vdop><pdop>2.33</pdop><dgpsid>0000</dgpsid></trkpt>
<trkpt lat="39.762293666666665" lon="-123.54128483333334"><ele>439.3</ele><time>2026-09-24T17:13:30.000Z</time><extensions><gpxtpx:TrackPointExtension><gpxtpx:bearing>133.45</gpxtpx:bearing><gpxtpx:speed>21.195232</gpxtpx:speed></gpxtpx:TrackPointExtension></extensions><geoidheight>-28.3</geoidheight><src>gps</src><sat>11</sat><hdop>0.83</hdop><vdop>1.46</vdop><pdop>1.68</pdop><dgpsid>0000</dgpsid></trkpt>
<trkpt lat="39.760554666666664" lon="-123.54008316666668"><ele>452.7</ele><time>2026-09-24T17:13:41.000Z</time><extensions><gpxtpx:TrackPointExtension><gpxtpx:bearing>156.92</gpxtpx:bearing><gpxtpx:speed>18.861996</gpxtpx:speed></gpxtpx:TrackPointExtension></extensions><geoidheight>-28.3</geoidheight><src>gps</src><sat>13</sat><hdop>0.72</hdop><vdop>1.25</vdop><pdop>1.45</pdop><dgpsid>0000</dgpsid></trkpt>
<trkpt lat="39.7591265" lon="-123.53874233333333"><ele>463.0</ele><time>2026-09-24T17:13:52.000Z</time><extensions><gpxtpx:TrackPointExtension><gpxtpx:bearing>133.94</gpxtpx:bearing><gpxtpx:speed>17.822256</gpxtpx:speed></gpxtpx:TrackPointExtension></extensions><geoidheight>-28.3</geoidheight><src>gps</src><sat>13</sat><hdop>0.68</hdop><vdop>1.07</vdop><pdop>1.27</pdop><dgpsid>0000</dgpsid></trkpt>
<trkpt lat="39.7577275" lon="-123.53729983333332"><ele>472.0</ele><time>2026-09-24T17:14:03.000Z</time><extensions><gpxtpx:TrackPointExtension><gpxtpx:bearing>157.17</gpxtpx:bearing><gpxtpx:speed>18.717875</gpxtpx:speed></gpxtpx:TrackPointExtension></extensions><geoidheight>-28.3</geoidheight><src>gps</src><sat>12</sat><hdop>0.75</hdop><vdop>1.38</vdop><pdop>1.57</pdop><dgpsid>0000</dgpsid></trkpt>
<trkpt lat="39.75577666666666" lon="-123.5370655"><ele>476.8</ele><time>2026-09-24T17:14:14.000Z</time><extensions><gpxtpx:TrackPointExtension><gpxtpx:bearing>183.71</gpxtpx:bearing><gpxtpx:speed>21.137583</gpxtpx:speed></gpxtpx:TrackPointExtension></extensions><geoidheight>-28.3</geoidheight><src>gps</src><sat>9</sat><hdop>0.99</hdop><vdop>1.86</vdop><pdop>2.11</pdop><dgpsid>0000</dgpsid></trkpt>
<trkpt lat="39.753679000000005" lon="-123.53646716666665"><ele>470.6</ele><time>2026-09-24T17:14:25.000Z</time><extensions><gpxtpx:TrackPointExtension><gpxtpx:bearing>153.39</gpxtpx:bearing><gpxtpx:speed>23.280886</gpxtpx:speed></gpxtpx:TrackPointExtension></extensions><geoidheight>-28.3</geoidheight><src>gps</src><sat>12</sat><hdop>0.92</hdop><vdop>1.51</vdop><pdop>1.77</pdop><dgpsid>0000</dgpsid></trkpt>
<trkpt lat="39.75159416666667" lon="-123.53507399999998"><ele>459.0</ele><time>2026-09-24T17:14:36.000Z</time><extensions><gpxtpx:TrackPointExtension><gpxtpx:bearing>151.27</gpxtpx:bearing><gpxtpx:speed>23.872816</gpxtpx:speed></gpxtpx:TrackPointExtension></extensions><geoidheight>-28.3</geoidheight><src>gps</src><sat>12</sat><hdop>0.84</hdop><vdop>1.46</vdop><pdop>1.68</pdop><dgpsid>0000</dgpsid></trkpt>
<trkpt lat="39.749840166666665" lon="-123.53303566666666"><ele>453.3</ele><time>2026-09-24T17:14:47.000Z</time><extensions><gpxtpx:TrackPointExtension><gpxtpx:bearing>125.56</gpxtpx:bearing><gpxtpx:speed>23.484201</gpxtpx:speed></gpxtpx:TrackPointExtension></extensions><geoidheight>-28.3</geoidheight><src>gps</src><sat>12</sat><hdop>0.81</hdop><vdop>1.42</vdop><pdop>1.63</pdop><dgpsid>0000</dgpsid></trkpt>
<trkpt lat="39.748814833333334" lon="-123.53043733333334"><ele>453.1</ele><time>2026-09-24T17:14:58.000Z</time><extensions><gpxtpx:TrackPointExtension><gpxtpx:bearing>114.88</gpxtpx:bearing><gpxtpx:speed>22.178865</gpxtpx:speed></gpxtpx:TrackPointExtension></extensions><geoidheight>-28.3</geoidheight><src>gps</src><sat>12</sat><hdop>0.81</hdop><vdop>1.42</vdop><pdop>1.63</pdop><dgpsid>0000</dgpsid></trkpt>
<trkpt lat="39.74786566666667" lon="-123.5277675"><ele>453.0</ele><time>2026-09-24T17:15:09.000Z</time><extensions><gpxtpx:TrackPointExtension><gpxtpx:bearing>116.97</gpxtpx:bearing><gpxtpx:speed>23.68237</gpxtpx:speed></gpxtpx:TrackPointExtension></extensions><geoidheight>-28.3</geoidheight><src>gps</src><sat>12</sat><hdop>0.81</hdop><vdop>1.42</vdop><pdop>1.63</pdop><dgpsid>0000</dgpsid></trkpt>
<trkpt lat="39.7465415" lon="-123.525233"><ele>453.2</ele><time>2026-09-24T17:15:20.000Z</time><extensions><gpxtpx:TrackPointExtension><gpxtpx:bearing>128.44</gpxtpx:bearing><gpxtpx:speed>23.853258</gpxtpx:speed></gpxtpx:TrackPointExtension></extensions><geoidheight>-28.3</geoidheight><src>gps</src><sat>12</sat><hdop>0.81</hdop><vdop>1.42</vdop><pdop>1.63</pdop><dgpsid>0000</dgpsid></trkpt>
<trkpt lat="39.74506483333333" lon="-123.52284433333334"><ele>454.6</ele><time>2026-09-24T17:15:31.000Z</time><extensions><gpxtpx:TrackPointExtension><gpxtpx:bearing>128.47</gpxtpx:bearing><gpxtpx:speed>23.84708</gpxtpx:speed></gpxtpx:TrackPointExtension></extensions><geoidheight>-28.3</geoidheight><src>gps</src><sat>13</sat><hdop>0.76</hdop><vdop>1.13</vdop><pdop>1.36</pdop><dgpsid>0000</dgpsid></trkpt>
<trkpt lat="39.743593499999996" lon="-123.520457"><ele>456.9</ele><time>2026-09-24T17:15:42.000Z</time><extensions><gpxtpx:TrackPointExtension><gpxtpx:bearing>128.24</gpxtpx:bearing><gpxtpx:speed>23.77296</gpxtpx:speed></gpxtpx:TrackPointExtension></extensions><geoidheight>-28.3</geoidheight><src>gps</src><sat>13</sat><hdop>0.76</hdop><vdop>1.13</vdop><pdop>1.36</pdop><dgpsid>0000</dgpsid></trkpt>
<trkpt lat="39.74211733333333" lon="-123.51805399999999"><ele>458.6</ele><time>2026-09-24T17:15:53.000Z</time><extensions><gpxtpx:TrackPointExtension><gpxtpx:bearing>128.27</gpxtpx:bearing><gpxtpx:speed>23.720974</gpxtpx:speed></gpxtpx:TrackPointExtension></extensions><geoidheight>-28.3</geoidheight><src>gps</src><sat>13</sat><hdop>0.79</hdop><vdop>1.16</vdop><pdop>1.40</pdop><dgpsid>0000</dgpsid></trkpt>
<trkpt lat="39.7405635" lon="-123.51568083333335"><ele>458.3</ele><time>2026-09-24T17:16:04.000Z</time><extensions><gpxtpx:TrackPointExtension><gpxtpx:bearing>137.13</gpxtpx:bearing><gpxtpx:speed>24.796228</gpxtpx:speed></gpxtpx:TrackPointExtension></extensions><geoidheight>-28.3</geoidheight><src>gps</src><sat>13</sat><hdop>0.76</hdop><vdop>1.13</vdop><pdop>1.36</pdop><dgpsid>0000</dgpsid></trkpt>
<trkpt lat="39.73839516666667" lon="-123.51413033333334"><ele>458.4</ele><time>2026-09-24T17:16:15.000Z</time><extensions><gpxtpx:TrackPointExtension><gpxtpx:bearing>163.89</gpxtpx:bearing><gpxtpx:speed>25.74795</gpxtpx:speed></gpxtpx:TrackPointExtension></extensions><geoidheight>-28.3</geoidheight><src>gps</src><sat>14</sat><hdop>0.68</hdop><vdop>1.07</vdop><pdop>1.27</pdop><dgpsid>0000</dgpsid></trkpt>
<trkpt lat="39.735892166666666" lon="-123.51381583333333"><ele>458.4</ele><time>2026-09-24T17:16:26.000Z</time><extensions><gpxtpx:TrackPointExtension><gpxtpx:bearing>175.89</gpxtpx:bearing><gpxtpx:speed>25.038147</gpxtpx:speed></gpxtpx:TrackPointExtension></extensions><geoidheight>-28.3</geoidheight><src>gps</src><sat>14</sat><hdop>0.68</hdop><vdop>1.07</vdop><pdop>1.27</pdop><dgpsid>0000</dgpsid></trkpt>
<trkpt lat="39.73367983333333" lon="-123.51267816666665"><ele>464.6</ele><time>2026-09-24T17:16:37.000Z</time><extensions><gpxtpx:TrackPointExtension><gpxtpx:bearing>144.5</gpxtpx:bearing><gpxtpx:speed>23.969584</gpxtpx:speed></gpxtpx:TrackPointExtension></extensions><geoidheight>-28.3</geoidheight><src>gps</src><sat>12</sat><hdop>0.78</hdop><vdop>1.46</vdop><pdop>1.65</pdop><dgpsid>0000</dgpsid></trkpt>
<trkpt lat="39.731957666666666" lon="-123.51058749999999"><ele>469.8</ele><time>2026-09-24T17:16:48.000Z</time><extensions><gpxtpx:TrackPointExtension><gpxtpx:bearing>133.13</gpxtpx:bearing><gpxtpx:speed>23.78583</gpxtpx:speed></gpxtpx:TrackPointExtension></extensions><geoidheight>-28.3</geoidheight><src>gps</src><sat>13</sat><hdop>0.79</hdop><vdop>1.16</vdop><pdop>1.40</pdop><dgpsid>0000</dgpsid></trkpt>
<trkpt lat="39.73030383333333" lon="-123.50834949999998"><ele>467.2</ele><time>2026-09-24T17:16:59.000Z</time><extensions><gpxtpx:TrackPointExtension><gpxtpx:bearing>132.45</gpxtpx:bearing><gpxtpx:speed>24.523941</gpxtpx:speed></gpxtpx:TrackPointExtension></extensions><geoidheight>-28.3</geoidheight><src>gps</src><sat>13</sat><hdop>0.81</hdop><vdop>1.43</vdop><pdop>1.64</pdop><dgpsid>0000</dgpsid></trkpt>
<trkpt lat="39.72855783333333" lon="-123.50602216666667"><ele>463.7</ele><time>2026-09-24T17:17:10.000Z</time><extensions><gpxtpx:TrackPointExtension><gpxtpx:bearing>139.3</gpxtpx:bearing><gpxtpx:speed>25.954868</gpxtpx:speed></gpxtpx:TrackPointExtension></extensions><geoidheight>-28.3</geoidheight><src>gps</src><sat>12</sat><hdop>0.81</hdop><vdop>1.43</vdop><pdop>1.64</pdop><dgpsid>0000</dgpsid></trkpt>
<trkpt lat="39.72633716666667" lon="-123.504254"><ele>463.1</ele><time>2026-09-24T17:17:21.000Z</time><extensions><gpxtpx:TrackPointExtension><gpxtpx:bearing>157.07</gpxtpx:bearing><gpxtpx:speed>26.462898</gpxtpx:speed></gpxtpx:TrackPointExtension></extensions><geoidheight>-28.3</geoidheight><src>gps</src><sat>13</sat><hdop>0.72</hdop><vdop>1.28</vdop><pdop>1.47</pdop><dgpsid>0000</dgpsid></trkpt>
<trkpt lat="39.723858166666666" lon="-123.50304933333334"><ele>464.6</ele><time>2026-09-24T17:17:32.000Z</time><extensions><gpxtpx:TrackPointExtension><gpxtpx:bearing>159.62</gpxtpx:bearing><gpxtpx:speed>26.689377</gpxtpx:speed></gpxtpx:TrackPointExtension></extensions><geoidheight>-28.3</geoidheight><src>gps</src><sat>12</sat><hdop>0.81</hdop><vdop>1.43</vdop><pdop>1.64</pdop><dgpsid>0000</dgpsid></trkpt>
<trkpt lat="39.721419999999995" lon="-123.50187983333332"><ele>472.3</ele><time>2026-09-24T17:17:43.000Z</time><extensions><gpxtpx:TrackPointExtension><gpxtpx:bearing>159.33</gpxtpx:bearing><gpxtpx:speed>25.96362</gpxtpx:speed></gpxtpx:TrackPointExtension></extensions><geoidheight>-28.3</geoidheight><src>gps</src><sat>14</sat><hdop>0.68</hdop><vdop>1.07</vdop><pdop>1.27</pdop><dgpsid>0000</dgpsid></trkpt>
<trkpt lat="39.71899333333333" lon="-123.500702"><ele>476.9</ele><time>2026-09-24T17:17:54.000Z</time><extensions><gpxtpx:TrackPointExtension><gpxtpx:bearing>159.82</gpxtpx:bearing><gpxtpx:speed>26.311056</gpxtpx:speed></gpxtpx:TrackPointExtension></extensions><geoidheight>-28.3</geoidheight><src>gps</src><sat>14</sat><hdop>0.68</hdop><vdop>1.07</vdop><pdop>1.27</pdop><dgpsid>0000</dgpsid></trkpt>
<trkpt lat="39.71664583333334" lon="-123.49953716666666"><ele>485.0</ele><time>2026-09-24T17:18:05.000Z</time><extensions><gpxtpx:TrackPointExtension><gpxtpx:bearing>156.46</gpxtpx:bearing><gpxtpx:speed>24.51622</gpxtpx:speed></gpxtpx:TrackPointExtension></extensions><geoidheight>-28.3</geoidheight><src>gps</src><sat>12</sat><hdop>0.80</hdop><vdop>1.48</vdop><pdop>1.69</pdop><dgpsid>0000</dgpsid></trkpt>
<trkpt lat="39.714703" lon="-123.49783783333332"><ele>494.1</ele><time>2026-09-24T17:18:16.000Z</time><extensions><gpxtpx:TrackPointExtension><gpxtpx:bearing>136.6</gpxtpx:bearing><gpxtpx:speed>23.2989</gpxtpx:speed></gpxtpx:TrackPointExtension></extensions><geoidheight>-28.3</geoidheight><src>gps</src><sat>12</sat><hdop>0.80</hdop><vdop>1.49</vdop><pdop>1.69</pdop><dgpsid>0000</dgpsid></trkpt>
<trkpt lat="39.713226666666664" lon="-123.49565316666667"><ele>506.1</ele><time>2026-09-24T17:18:27.000Z</time><extensions><gpxtpx:TrackPointExtension><gpxtpx:bearing>129.17</gpxtpx:bearing><gpxtpx:speed>22.446007</gpxtpx:speed></gpxtpx:TrackPointExtension></extensions><geoidheight>-28.3</geoidheight><src>gps</src><sat>13</sat><hdop>0.83</hdop><vdop>1.49</vdop><pdop>1.70</pdop><dgpsid>0000</dgpsid></trkpt>
<trkpt lat="39.711807666666665" lon="-123.49336783333335"><ele>511.4</ele><time>2026-09-24T17:18:38.000Z</time><extensions><gpxtpx:TrackPointExtension><gpxtpx:bearing>129.24</gpxtpx:bearing><gpxtpx:speed>23.14397</gpxtpx:speed></gpxtpx:TrackPointExtension></extensions><geoidheight>-28.3</geoidheight><src>gps</src><sat>12</sat><hdop>0.84</hdop><vdop>1.44</vdop><pdop>1.67</pdop><dgpsid>0000</dgpsid></trkpt>
<trkpt lat="39.710089833333335" lon="-123.49133566666666"><ele>511.7</ele><time>2026-09-24T17:18:49.000Z</time><extensions><gpxtpx:TrackPointExtension><gpxtpx:bearing>143.84</gpxtpx:bearing><gpxtpx:speed>24.334522</gpxtpx:speed></gpxtpx:TrackPointExtension></extensions><geoidheight>-28.3</geoidheight><src>gps</src><sat>12</sat><hdop>0.83</hdop><vdop>1.49</vdop><pdop>1.71</pdop><dgpsid>0000</dgpsid></trkpt>
<trkpt lat="39.70801183333333" lon="-123.48962116666668"><ele>510.2</ele><time>2026-09-24T17:19:00.000Z</time><extensions><gpxtpx:TrackPointExtension><gpxtpx:bearing>152.33</gpxtpx:bearing><gpxtpx:speed>25.090649</gpxtpx:speed></gpxtpx:TrackPointExtension></extensions><geoidheight>-28.3</geoidheight><src>gps</src><sat>12</sat><hdop>0.76</hdop><vdop>1.30</vdop><pdop>1.51</pdop><dgpsid>0000</dgpsid></trkpt>
<trkpt lat="39.705696333333336" lon="-123.48840416666665"><ele>513.8</ele><time>2026-09-24T17:19:11.000Z</time><extensions><gpxtpx:TrackPointExtension><gpxtpx:bearing>162.47</gpxtpx:bearing><gpxtpx:speed>25.430882</gpxtpx:speed></gpxtpx:TrackPointExtension></extensions><geoidheight>-28.3</geoidheight><src>gps</src><sat>14</sat><hdop>0.68</hdop><vdop>1.07</vdop><pdop>1.27</pdop><dgpsid>0000</dgpsid></trkpt>
<trkpt lat="39.70317983333334" lon="-123.48749649999999"><ele>511.0</ele><time>2026-09-24T17:19:22.000Z</time><extensions><gpxtpx:TrackPointExtension><gpxtpx:bearing>164.31</gpxtpx:bearing><gpxtpx:speed>26.968355</gpxtpx:speed></gpxtpx:TrackPointExtension></extensions><geoidheight>-28.3</geoidheight><src>gps</src><sat>14</sat><hdop>0.68</hdop><vdop>1.07</vdop><pdop>1.27</pdop><dgpsid>0000</dgpsid></trkpt>
<trkpt lat="39.70061183333333" lon="-123.4865395"><ele>510.9</ele><time>2026-09-24T17:19:33.000Z</time><extensions><gpxtpx:TrackPointExtension><gpxtpx:bearing>164.7</gpxtpx:bearing><gpxtpx:speed>26.68217</gpxtpx:speed></gpxtpx:TrackPointExtension></extensions><geoidheight>-28.3</geoidheight><src>gps</src><sat>14</sat><hdop>0.68</hdop><vdop>1.07</vdop><pdop>1.27</pdop><dgpsid>0000</dgpsid></trkpt>
<trkpt lat="39.698039666666666" lon="-123.48560616666667"><ele>507.1</ele><time>2026-09-24T17:19:44.000Z</time><extensions><gpxtpx:TrackPointExtension><gpxtpx:bearing>164.13</gpxtpx:bearing><gpxtpx:speed>27.06358</gpxtpx:speed></gpxtpx:TrackPointExtension></extensions><geoidheight>-28.3</geoidheight><src>gps</src><sat>14</sat><hdop>0.68</hdop><vdop>1.07</vdop><pdop>1.27</pdop><dgpsid>0000</dgpsid></trkpt>
<trkpt lat="39.695464" lon="-123.48467716666667"><ele>502.7</ele><time>2026-09-24T17:19:55.000Z</time><extensions><gpxtpx:TrackPointExtension><gpxtpx:bearing>165.11</gpxtpx:bearing><gpxtpx:speed>26.33885</gpxtpx:speed></gpxtpx:TrackPointExtension></extensions><geoidheight>-28.3</geoidheight><src>gps</src><sat>14</sat><hdop>0.68</hdop><vdop>1.07</vdop><pdop>1.27</pdop><dgpsid>0000</dgpsid></trkpt>
<trkpt lat="39.69292816666667" lon="-123.48377666666666"><ele>504.2</ele><time>2026-09-24T17:20:06.000Z</time><extensions><gpxtpx:TrackPointExtension><gpxtpx:bearing>164.35</gpxtpx:bearing><gpxtpx:speed>26.62761</gpxtpx:speed></gpxtpx:TrackPointExtension></extensions><geoidheight>-28.3</geoidheight><src>gps</src><sat>14</sat><hdop>0.68</hdop><vdop>1.07</vdop><pdop>1.27</pdop><dgpsid>0000</dgpsid></trkpt>
<trkpt lat="39.690342333333334" lon="-123.48304633333333"><ele>503.5</ele><time>2026-09-24T17:20:17.000Z</time><extensions><gpxtpx:TrackPointExtension><gpxtpx:bearing>174.41</gpxtpx:bearing><gpxtpx:speed>26.307968</gpxtpx:speed></gpxtpx:TrackPointExtension></extensions><geoidheight>-28.3</geoidheight><src>gps</src><sat>14</sat><hdop>0.68</hdop><vdop>1.07</vdop><pdop>1.27</pdop><dgpsid>0000</dgpsid></trkpt>
<trkpt lat="39.688373999999996" lon="-123.48313316666666"><ele>503.8</ele><time>2026-09-24T17:20:28.000Z</time><extensions><gpxtpx:TrackPointExtension><gpxtpx:bearing>185.35</gpxtpx:bearing><gpxtpx:speed>13.60977</gpxtpx:speed></gpxtpx:TrackPointExtension></extensions><geoidheight>-28.3</geoidheight><src>gps</src><sat>14</sat><hdop>0.68</hdop><vdop>1.07</vdop><pdop>1.27</pdop><dgpsid>0000</dgpsid></trkpt>
<trkpt lat="39.687316333333335" lon="-123.4828895"><ele>501.7</ele><time>2026-09-24T17:20:39.000Z</time><extensions><gpxtpx:TrackPointExtension><gpxtpx:bearing>146.32</gpxtpx:bearing><gpxtpx:speed>10.68306</gpxtpx:speed></gpxtpx:TrackPointExtension></extensions><geoidheight>-28.3</geoidheight><src>gps</src><sat>14</sat><hdop>0.71</hdop><vdop>1.09</vdop><pdop>1.30</pdop><dgpsid>0000</dgpsid></trkpt>
<trkpt lat="39.686603500000004" lon="-123.48188499999999"><ele>504.4</ele><time>2026-09-24T17:20:50.000Z</time><extensions><gpxtpx:TrackPointExtension><gpxtpx:bearing>131.05</gpxtpx:bearing><gpxtpx:speed>10.699531</gpxtpx:speed></gpxtpx:TrackPointExtension></extensions><geoidheight>-28.3</geoidheight><src>gps</src><sat>14</sat><hdop>0.71</hdop><vdop>1.10</vdop><pdop>1.31</pdop><dgpsid>0000</dgpsid></trkpt>
<trkpt lat="39.685768833333334" lon="-123.48064100000002"><ele>506.1</ele><time>2026-09-24T17:21:01.000Z</time><extensions><gpxtpx:TrackPointExtension><gpxtpx:bearing>131.38</gpxtpx:bearing><gpxtpx:speed>14.88834</gpxtpx:speed></gpxtpx:TrackPointExtension></extensions><geoidheight>-28.3</geoidheight><src>gps</src><sat>13</sat><hdop>0.79</hdop><vdop>1.14</vdop><pdop>1.39</pdop><dgpsid>0000</dgpsid></trkpt>
<trkpt lat="39.68472033333333" lon="-123.47909933333334"><ele>507.6</ele><time>2026-09-24T17:21:12.000Z</time><extensions><gpxtpx:TrackPointExtension><gpxtpx:bearing>133.6</gpxtpx:bearing><gpxtpx:speed>17.126867</gpxtpx:speed></gpxtpx:TrackPointExtension></extensions><geoidheight>-28.3</geoidheight><src>gps</src><sat>14</sat><hdop>0.68</hdop><vdop>1.07</vdop><pdop>1.27</pdop><dgpsid>0000</dgpsid></trkpt>
<trkpt lat="39.683309333333334" lon="-123.47769533333333"><ele>506.3</ele><time>2026-09-24T17:21:23.000Z</time><extensions><gpxtpx:TrackPointExtension><gpxtpx:bearing>152.3</gpxtpx:bearing><gpxtpx:speed>18.498602</gpxtpx:speed></gpxtpx:TrackPointExtension></extensions><geoidheight>-28.3</geoidheight><src>gps</src><sat>14</sat><hdop>0.68</hdop><vdop>1.07</vdop><pdop>1.27</pdop><dgpsid>0000</dgpsid></trkpt>
<trkpt lat="39.681607666666665" lon="-123.47663533333335"><ele>508.5</ele><time>2026-09-24T17:21:34.000Z</time><extensions><gpxtpx:TrackPointExtension><gpxtpx:bearing>154.52</gpxtpx:bearing><gpxtpx:speed>19.626873</gpxtpx:speed></gpxtpx:TrackPointExtension></extensions><geoidheight>-28.3</geoidheight><src>gps</src><sat>14</sat><hdop>0.68</hdop><vdop>1.07</vdop><pdop>1.27</pdop><dgpsid>0000</dgpsid></trkpt>
<trkpt lat="39.67963733333333" lon="-123.47602299999998"><ele>507.8</ele><time>2026-09-24T17:21:45.000Z</time><extensions><gpxtpx:TrackPointExtension><gpxtpx:bearing>175.44</gpxtpx:bearing><gpxtpx:speed>21.842237</gpxtpx:speed></gpxtpx:TrackPointExtension></extensions><geoidheight>-28.3</geoidheight><src>gps</src><sat>14</sat><hdop>0.68</hdop><vdop>1.07</vdop><pdop>1.27</pdop><dgpsid>0000</dgpsid></trkpt>
<trkpt lat="39.677404" lon="-123.4758315"><ele>509.1</ele><time>2026-09-24T17:21:56.000Z</time><extensions><gpxtpx:TrackPointExtension><gpxtpx:bearing>175.9</gpxtpx:bearing><gpxtpx:speed>22.74403</gpxtpx:speed></gpxtpx:TrackPointExtension></extensions><geoidheight>-28.3</geoidheight><src>gps</src><sat>14</sat><hdop>0.71</hdop><vdop>1.11</vdop><pdop>1.32</pdop><dgpsid>0000</dgpsid></trkpt>
<trkpt lat="39.67514266666667" lon="-123.47567400000001"><ele>507.1</ele><time>2026-09-24T17:22:07.000Z</time><extensions><gpxtpx:TrackPointExtension><gpxtpx:bearing>178.49</gpxtpx:bearing><gpxtpx:speed>23.047203</gpxtpx:speed></gpxtpx:TrackPointExtension></extensions><geoidheight>-28.3</geoidheight><src>gps</src><sat>13</sat><hdop>0.76</hdop><vdop>1.15</vdop><pdop>1.37</pdop><dgpsid>0000</dgpsid></trkpt>
<trkpt lat="39.672875833333336" lon="-123.47560566666668"><ele>508.2</ele><time>2026-09-24T17:22:18.000Z</time><extensions><gpxtpx:TrackPointExtension><gpxtpx:bearing>179.65</gpxtpx:bearing><gpxtpx:speed>22.881977</gpxtpx:speed></gpxtpx:TrackPointExtension></extensions><geoidheight>-28.3</geoidheight><src>gps</src><sat>12</sat><hdop>0.76</hdop><vdop>1.23</vdop><pdop>1.44</pdop><dgpsid>0000</dgpsid></trkpt>
<trkpt lat="39.670595000000006" lon="-123.47596266666666"><ele>506.0</ele><time>2026-09-24T17:22:29.000Z</time><extensions><gpxtpx:TrackPointExtension><gpxtpx:bearing>187.48</gpxtpx:bearing><gpxtpx:speed>23.504276</gpxtpx:speed></gpxtpx:TrackPointExtension></extensions><geoidheight>-28.3</geoidheight><src>gps</src><sat>15</sat><hdop>0.66</hdop><vdop>1.07</vdop><pdop>1.26</pdop><dgpsid>0000</dgpsid></trkpt>
<trkpt lat="39.66825683333333" lon="-123.47610916666666"><ele>504.6</ele><time>2026-09-24T17:22:40.000Z</time><extensions><gpxtpx:TrackPointExtension><gpxtpx:bearing>182.09</gpxtpx:bearing><gpxtpx:speed>23.763182</gpxtpx:speed></gpxtpx:TrackPointExtension></extensions><geoidheight>-28.3</geoidheight><src>gps</src><sat>15</sat><hdop>0.63</hdop><vdop>1.05</vdop><pdop>1.22</pdop><dgpsid>0000</dgpsid></trkpt>
<trkpt lat="39.66589166666667" lon="-123.47623066666665"><ele>503.4</ele><time>2026-09-24T17:22:51.000Z</time><extensions><gpxtpx:TrackPointExtension><gpxtpx:bearing>180.81</gpxtpx:bearing><gpxtpx:speed>23.888773</gpxtpx:speed></gpxtpx:TrackPointExtension></extensions><geoidheight>-28.3</geoidheight><src>gps</src><sat>15</sat><hdop>0.63</hdop><vdop>1.05</vdop><pdop>1.22</pdop><dgpsid>0000</dgpsid></trkpt>
<trkpt lat="39.66347566666666" lon="-123.47628016666667"><ele>503.0</ele><time>2026-09-24T17:23:02.000Z</time><extensions><gpxtpx:TrackPointExtension><gpxtpx:bearing>180.26</gpxtpx:bearing><gpxtpx:speed>24.376215</gpxtpx:speed></gpxtpx:TrackPointExtension></extensions><geoidheight>-28.3</geoidheight><src>gps</src><sat>14</sat><hdop>0.68</hdop><vdop>1.27</vdop><pdop>1.44</pdop><dgpsid>0000</dgpsid></trkpt>
<trkpt lat="39.661221" lon="-123.47688116666669"><ele>503.8</ele><time>2026-09-24T17:23:13.000Z</time><extensions><gpxtpx:TrackPointExtension><gpxtpx:bearing>206.74</gpxtpx:bearing><gpxtpx:speed>22.872196</gpxtpx:speed></gpxtpx:TrackPointExtension></extensions><geoidheight>-28.3</geoidheight><src>gps</src><sat>14</sat><hdop>0.69</hdop><vdop>1.31</vdop><pdop>1.49</pdop><dgpsid>0000</dgpsid></trkpt>
<trkpt lat="39.65904066666667" lon="-123.47773983333333"><ele>506.8</ele><time>2026-09-24T17:23:24.000Z</time><extensions><gpxtpx:TrackPointExtension><gpxtpx:bearing>180.68</gpxtpx:bearing><gpxtpx:speed>23.184118</gpxtpx:speed></gpxtpx:TrackPointExtension></extensions><geoidheight>-28.3</geoidheight><src>gps</src><sat>12</sat><hdop>0.74</hdop><vdop>1.46</vdop><pdop>1.64</pdop><dgpsid>0000</dgpsid></trkpt>
<trkpt lat="39.656907833333335" lon="-123.47683450000001"><ele>508.6</ele><time>2026-09-24T17:23:35.000Z</time><extensions><gpxtpx:TrackPointExtension><gpxtpx:bearing>155.43</gpxtpx:bearing><gpxtpx:speed>23.066761</gpxtpx:speed></gpxtpx:TrackPointExtension></extensions><geoidheight>-28.3</geoidheight><src>gps</src><sat>10</sat><hdop>0.88</hdop><vdop>1.76</vdop><pdop>1.97</pdop><dgpsid>0000</dgpsid></trkpt>
<trkpt lat="39.654624166666665" lon="-123.47641416666666"><ele>509.1</ele><time>2026-09-24T17:23:46.000Z</time><extensions><gpxtpx:TrackPointExtension><gpxtpx:bearing>179.52</gpxtpx:bearing><gpxtpx:speed>24.219225</gpxtpx:speed></gpxtpx:TrackPointExtension></extensions><geoidheight>-28.3</geoidheight><src>gps</src><sat>14</sat><hdop>0.66</hdop><vdop>1.28</vdop><pdop>1.43</pdop><dgpsid>0000</dgpsid></trkpt>
<trkpt lat="39.65222283333333" lon="-123.476416"><ele>511.7</ele><time>2026-09-24T17:23:57.000Z</time><extensions><gpxtpx:TrackPointExtension><gpxtpx:bearing>180.26</gpxtpx:bearing><gpxtpx:speed>24.243416</gpxtpx:speed></gpxtpx:TrackPointExtension></extensions><geoidheight>-28.3</geoidheight><src>gps</src><sat>14</sat><hdop>0.66</hdop><vdop>1.28</vdop><pdop>1.44</pdop><dgpsid>0000</dgpsid></trkpt>
<trkpt lat="39.649817666666664" lon="-123.47641416666666"><ele>511.5</ele><time>2026-09-24T17:24:08.000Z</time><extensions><gpxtpx:TrackPointExtension><gpxtpx:bearing>179.71</gpxtpx:bearing><gpxtpx:speed>24.43232</gpxtpx:speed></gpxtpx:TrackPointExtension></extensions><geoidheight>-28.3</geoidheight><src>gps</src><sat>14</sat><hdop>0.66</hdop><vdop>1.28</vdop><pdop>1.44</pdop><dgpsid>0000</dgpsid></trkpt>
<trkpt lat="39.6473615" lon="-123.4761735"><ele>511.8</ele><time>2026-09-24T17:24:19.000Z</time><extensions><gpxtpx:TrackPointExtension><gpxtpx:bearing>165.13</gpxtpx:bearing><gpxtpx:speed>25.253817</gpxtpx:speed></gpxtpx:TrackPointExtension></extensions><geoidheight>-28.3</geoidheight><src>gps</src><sat>14</sat><hdop>0.66</hdop><vdop>1.28</vdop><pdop>1.44</pdop><dgpsid>0000</dgpsid></trkpt>
<trkpt lat="39.64508683333334" lon="-123.47495500000001"><ele>517.2</ele><time>2026-09-24T17:24:30.000Z</time><extensions><gpxtpx:TrackPointExtension><gpxtpx:bearing>155.82</gpxtpx:bearing><gpxtpx:speed>24.601149</gpxtpx:speed></gpxtpx:TrackPointExtension></extensions><geoidheight>-28.3</geoidheight><src>gps</src><sat>14</sat><hdop>0.68</hdop><vdop>1.28</vdop><pdop>1.45</pdop><dgpsid>0000</dgpsid></trkpt>
<trkpt lat="39.6428605" lon="-123.47367016666666"><ele>518.4</ele><time>2026-09-24T17:24:41.000Z</time><extensions><gpxtpx:TrackPointExtension><gpxtpx:bearing>155.9</gpxtpx:bearing><gpxtpx:speed>24.955791</gpxtpx:speed></gpxtpx:TrackPointExtension></extensions><geoidheight>-28.3</geoidheight><src>gps</src><sat>13</sat><hdop>0.66</hdop><vdop>1.28</vdop><pdop>1.44</pdop><dgpsid>0000</dgpsid></trkpt>
<trkpt lat="39.64086116666667" lon="-123.47192133333334"><ele>520.0</ele><time>2026-09-24T17:24:52.000Z</time><extensions><gpxtpx:TrackPointExtension><gpxtpx:bearing>137.05</gpxtpx:bearing><gpxtpx:speed>24.219225</gpxtpx:speed></gpxtpx:TrackPointExtension></extensions><geoidheight>-28.3</geoidheight><src>gps</src><sat>14</sat><hdop>0.68</hdop><vdop>1.28</vdop><pdop>1.45</pdop><dgpsid>0000</dgpsid></trkpt>
<trkpt lat="39.638752999999994" lon="-123.47042949999998"><ele>520.5</ele><time>2026-09-24T17:25:03.000Z</time><extensions><gpxtpx:TrackPointExtension><gpxtpx:bearing>158.96</gpxtpx:bearing><gpxtpx:speed>25.293964</gpxtpx:speed></gpxtpx:TrackPointExtension></extensions><geoidheight>-28.3</geoidheight><src>gps</src><sat>14</sat><hdop>0.66</hdop><vdop>1.28</vdop><pdop>1.44</pdop><dgpsid>0000</dgpsid></trkpt>
<trkpt lat="39.636342" lon="-123.46922933333332"><ele>521.3</ele><time>2026-09-24T17:25:14.000Z</time><extensions><gpxtpx:TrackPointExtension><gpxtpx:bearing>158.51</gpxtpx:bearing><gpxtpx:speed>26.51643</gpxtpx:speed></gpxtpx:TrackPointExtension></extensions><geoidheight>-28.3</geoidheight><src>gps</src><sat>14</sat><hdop>0.69</hdop><vdop>1.29</vdop><pdop>1.46</pdop><dgpsid>0000</dgpsid></trkpt>
<trkpt lat="39.63395216666667" lon="-123.46801733333332"><ele>523.0</ele><time>2026-09-24T17:25:25.000Z</time><extensions><gpxtpx:TrackPointExtension><gpxtpx:bearing>152.71</gpxtpx:bearing><gpxtpx:speed>25.656843</gpxtpx:speed></gpxtpx:TrackPointExtension></extensions><geoidheight>-28.3</geoidheight><src>gps</src><sat>14</sat><hdop>0.66</hdop><vdop>1.28</vdop><pdop>1.44</pdop><dgpsid>0000</dgpsid></trkpt>
<trkpt lat="39.63226933333333" lon="-123.46555683333332"><ele>521.7</ele><time>2026-09-24T17:25:36.000Z</time><extensions><gpxtpx:TrackPointExtension><gpxtpx:bearing>122.35</gpxtpx:bearing><gpxtpx:speed>26.444368</gpxtpx:speed></gpxtpx:TrackPointExtension></extensions><geoidheight>-28.3</geoidheight><src>gps</src><sat>13</sat><hdop>0.70</hdop><vdop>1.34</vdop><pdop>1.51</pdop><dgpsid>0000</dgpsid></trkpt>
<trkpt lat="39.63056733333334" lon="-123.46318033333334"><ele>524.1</ele><time>2026-09-24T17:25:47.000Z</time><extensions><gpxtpx:TrackPointExtension><gpxtpx:bearing>152.41</gpxtpx:bearing><gpxtpx:speed>24.981014</gpxtpx:speed></gpxtpx:TrackPointExtension></extensions><geoidheight>-28.3</geoidheight><src>gps</src><sat>14</sat><hdop>0.68</hdop><vdop>1.29</vdop><pdop>1.45</pdop><dgpsid>0000</dgpsid></trkpt>
<trkpt lat="39.628149666666665" lon="-123.46232166666665"><ele>520.7</ele><time>2026-09-24T17:25:58.000Z</time><extensions><gpxtpx:TrackPointExtension><gpxtpx:bearing>174.9</gpxtpx:bearing><gpxtpx:speed>25.582209</gpxtpx:speed></gpxtpx:TrackPointExtension></extensions><geoidheight>-28.3</geoidheight><src>gps</src><sat>14</sat><hdop>0.66</hdop><vdop>1.29</vdop><pdop>1.44</pdop><dgpsid>0000</dgpsid></trkpt>
<trkpt lat="39.6257705" lon="-123.46336916666665"><ele>517.5</ele><time>2026-09-24T17:26:09.000Z</time><extensions><gpxtpx:TrackPointExtension><gpxtpx:bearing>205.6</gpxtpx:bearing><gpxtpx:speed>25.374262</gpxtpx:speed></gpxtpx:TrackPointExtension></extensions><geoidheight>-28.4</geoidheight><src>gps</src><sat>14</sat><hdop>0.66</hdop><vdop>1.29</vdop><pdop>1.44</pdop><dgpsid>0000</dgpsid></trkpt>
<trkpt lat="39.62348033333333" lon="-123.46467833333332"><ele>516.2</ele><time>2026-09-24T17:26:20.000Z</time><extensions><gpxtpx:TrackPointExtension><gpxtpx:bearing>196.46</gpxtpx:bearing><gpxtpx:speed>25.0819</gpxtpx:speed></gpxtpx:TrackPointExtension></extensions><geoidheight>-28.4</geoidheight><src>gps</src><sat>14</sat><hdop>0.66</hdop><vdop>1.29</vdop><pdop>1.45</pdop><dgpsid>0000</dgpsid></trkpt>
<trkpt lat="39.620948" lon="-123.46513383333334"><ele>509.6</ele><time>2026-09-24T17:26:31.000Z</time><extensions><gpxtpx:TrackPointExtension><gpxtpx:bearing>184.78</gpxtpx:bearing><gpxtpx:speed>26.535475</gpxtpx:speed></gpxtpx:TrackPointExtension></extensions><geoidheight>-28.4</geoidheight><src>gps</src><sat>12</sat><hdop>0.68</hdop><vdop>1.34</vdop><pdop>1.50</pdop><dgpsid>0000</dgpsid></trkpt>
<trkpt lat="39.618489" lon="-123.46409316666669"><ele>492.2</ele><time>2026-09-24T17:26:42.000Z</time><extensions><gpxtpx:TrackPointExtension><gpxtpx:bearing>137.62</gpxtpx:bearing><gpxtpx:speed>27.328661</gpxtpx:speed></gpxtpx:TrackPointExtension></extensions><geoidheight>-28.4</geoidheight><src>gps</src><sat>14</sat><hdop>0.68</hdop><vdop>1.29</vdop><pdop>1.46</pdop><dgpsid>0000</dgpsid></trkpt>
<trkpt lat="39.61659433333333" lon="-123.46150133333335"><ele>476.6</ele><time>2026-09-24T17:26:53.000Z</time><extensions><gpxtpx:TrackPointExtension><gpxtpx:bearing>132.95</gpxtpx:bearing><gpxtpx:speed>28.291706</gpxtpx:speed></gpxtpx:TrackPointExtension></extensions><geoidheight>-28.4</geoidheight><src>gps</src><sat>12</sat><hdop>0.81</hdop><vdop>1.44</vdop><pdop>1.65</pdop><dgpsid>0000</dgpsid></trkpt>
<trkpt lat="39.61450466666667" lon="-123.45912533333333"><ele>460.5</ele><time>2026-09-24T17:27:04.000Z</time><extensions><gpxtpx:TrackPointExtension><gpxtpx:bearing>156.33</gpxtpx:bearing><gpxtpx:speed>28.445095</gpxtpx:speed></gpxtpx:TrackPointExtension></extensions><geoidheight>-28.4</geoidheight><src>gps</src><sat>12</sat><hdop>0.80</hdop><vdop>1.42</vdop><pdop>1.63</pdop><dgpsid>0000</dgpsid></trkpt>
<trkpt lat="39.6117815" lon="-123.4589885"><ele>451.2</ele><time>2026-09-24T17:27:15.000Z</time><extensions><gpxtpx:TrackPointExtension><gpxtpx:bearing>189.43</gpxtpx:bearing><gpxtpx:speed>27.135126</gpxtpx:speed></gpxtpx:TrackPointExtension></extensions><geoidheight>-28.4</geoidheight><src>gps</src><sat>10</sat><hdop>0.87</hdop><vdop>1.76</vdop><pdop>1.96</pdop><dgpsid>0000</dgpsid></trkpt>
<trkpt lat="39.609384500000004" lon="-123.45830433333334"><ele>444.1</ele><time>2026-09-24T17:27:26.000Z</time><extensions><gpxtpx:TrackPointExtension><gpxtpx:bearing>138.85</gpxtpx:bearing><gpxtpx:speed>24.816816</gpxtpx:speed></gpxtpx:TrackPointExtension></extensions><geoidheight>-28.4</geoidheight><src>gps</src><sat>12</sat><hdop>0.73</hdop><vdop>1.33</vdop><pdop>1.52</pdop><dgpsid>0000</dgpsid></trkpt>
<trkpt lat="39.607643" lon="-123.45641383333334"><ele>438.0</ele><time>2026-09-24T17:27:37.000Z</time><extensions><gpxtpx:TrackPointExtension><gpxtpx:bearing>157.71</gpxtpx:bearing><gpxtpx:speed>21.413473</gpxtpx:speed></gpxtpx:TrackPointExtension></extensions><geoidheight>-28.4</geoidheight><src>gps</src><sat>13</sat><hdop>0.68</hdop><vdop>1.31</vdop><pdop>1.47</pdop><dgpsid>0000</dgpsid></trkpt>
<trkpt lat="39.60554" lon="-123.45555783333333"><ele>432.3</ele><time>2026-09-24T17:27:48.000Z</time><extensions><gpxtpx:TrackPointExtension><gpxtpx:bearing>160.86</gpxtpx:bearing><gpxtpx:speed>22.835651</gpxtpx:speed></gpxtpx:TrackPointExtension></extensions><geoidheight>-28.4</geoidheight><src>gps</src><sat>9</sat><hdop>0.90</hdop><vdop>1.71</vdop><pdop>1.93</pdop><dgpsid>0000</dgpsid></trkpt>
<trkpt lat="39.603452833333336" lon="-123.454524"><ele>418.2</ele><time>2026-09-24T17:27:59.000Z</time><extensions><gpxtpx:TrackPointExtension><gpxtpx:bearing>157.43</gpxtpx:bearing><gpxtpx:speed>22.736824</gpxtpx:speed></gpxtpx:TrackPointExtension></extensions><geoidheight>-28.4</geoidheight><src>gps</src><sat>11</sat><hdop>0.87</hdop><vdop>1.61</vdop><pdop>1.83</pdop><dgpsid>0000</dgpsid></trkpt>
<trkpt lat="39.60130183333333" lon="-123.4538315"><ele>411.7</ele><time>2026-09-24T17:28:10.000Z</time><extensions><gpxtpx:TrackPointExtension><gpxtpx:bearing>185.59</gpxtpx:bearing><gpxtpx:speed>22.843887</gpxtpx:speed></gpxtpx:TrackPointExtension></extensions><geoidheight>-28.4</geoidheight><src>gps</src><sat>14</sat><hdop>0.81</hdop><vdop>1.56</vdop><pdop>1.76</pdop><dgpsid>0000</dgpsid></trkpt>
<trkpt lat="39.59911816666667" lon="-123.45460733333333"><ele>409.3</ele><time>2026-09-24T17:28:21.000Z</time><extensions><gpxtpx:TrackPointExtension><gpxtpx:bearing>187.17</gpxtpx:bearing><gpxtpx:speed>22.714691</gpxtpx:speed></gpxtpx:TrackPointExtension></extensions><geoidheight>-28.4</geoidheight><src>gps</src><sat>12</sat><hdop>0.71</hdop><vdop>1.46</vdop><pdop>1.62</pdop><dgpsid>0000</dgpsid></trkpt>
<trkpt lat="39.596893" lon="-123.454246"><ele>407.8</ele><time>2026-09-24T17:28:32.000Z</time><extensions><gpxtpx:TrackPointExtension><gpxtpx:bearing>171.75</gpxtpx:bearing><gpxtpx:speed>22.646748</gpxtpx:speed></gpxtpx:TrackPointExtension></extensions><geoidheight>-28.4</geoidheight><src>gps</src><sat>12</sat><hdop>0.71</hdop><vdop>1.41</vdop><pdop>1.58</pdop><dgpsid>0000</dgpsid></trkpt>
<trkpt lat="39.594680499999996" lon="-123.454327"><ele>412.2</ele><time>2026-09-24T17:28:43.000Z</time><extensions><gpxtpx:TrackPointExtension><gpxtpx:bearing>182.97</gpxtpx:bearing><gpxtpx:speed>21.54164</gpxtpx:speed></gpxtpx:TrackPointExtension></extensions><geoidheight>-28.4</geoidheight><src>gps</src><sat>13</sat><hdop>0.71</hdop><vdop>1.41</vdop><pdop>1.58</pdop><dgpsid>0000</dgpsid></trkpt>
<trkpt lat="39.59261333333333" lon="-123.45371250000001"><ele>403.8</ele><time>2026-09-24T17:28:54.000Z</time><extensions><gpxtpx:TrackPointExtension><gpxtpx:bearing>156.37</gpxtpx:bearing><gpxtpx:speed>22.900507</gpxtpx:speed></gpxtpx:TrackPointExtension></extensions><geoidheight>-28.4</geoidheight><src>gps</src><sat>13</sat><hdop>0.71</hdop><vdop>1.41</vdop><pdop>1.58</pdop><dgpsid>0000</dgpsid></trkpt>
<trkpt lat="39.5905035" lon="-123.45244816666667"><ele>393.3</ele><time>2026-09-24T17:29:05.000Z</time><extensions><gpxtpx:TrackPointExtension><gpxtpx:bearing>154.51</gpxtpx:bearing><gpxtpx:speed>23.569645</gpxtpx:speed></gpxtpx:TrackPointExtension></extensions><geoidheight>-28.4</geoidheight><src>gps</src><sat>13</sat><hdop>0.73</hdop><vdop>1.41</vdop><pdop>1.59</pdop><dgpsid>0000</dgpsid></trkpt>
<trkpt lat="39.58855066666667" lon="-123.45095266666667"><ele>390.4</ele><time>2026-09-24T17:29:16.000Z</time><extensions><gpxtpx:TrackPointExtension><gpxtpx:bearing>139.13</gpxtpx:bearing><gpxtpx:speed>23.170221</gpxtpx:speed></gpxtpx:TrackPointExtension></extensions><geoidheight>-28.4</geoidheight><src>gps</src><sat>12</sat><hdop>0.97</hdop><vdop>1.62</vdop><pdop>1.89</pdop><dgpsid>0000</dgpsid></trkpt>
<trkpt lat="39.586852666666665" lon="-123.44897516666667"><ele>389.8</ele><time>2026-09-24T17:29:27.000Z</time><extensions><gpxtpx:TrackPointExtension><gpxtpx:bearing>138.06</gpxtpx:bearing><gpxtpx:speed>23.174854</gpxtpx:speed></gpxtpx:TrackPointExtension></extensions><geoidheight>-28.4</geoidheight><src>gps</src><sat>10</sat><hdop>1.08</hdop><vdop>1.86</vdop><pdop>2.15</pdop><dgpsid>0000</dgpsid></trkpt>
<trkpt lat="39.58511716666667" lon="-123.44695083333333"><ele>385.2</ele><time>2026-09-24T17:29:38.000Z</time><extensions><gpxtpx:TrackPointExtension><gpxtpx:bearing>137.92</gpxtpx:bearing><gpxtpx:speed>23.92892</gpxtpx:speed></gpxtpx:TrackPointExtension></extensions><geoidheight>-28.4</geoidheight><src>gps</src><sat>11</sat><hdop>1.00</hdop><vdop>1.85</vdop><pdop>2.10</pdop><dgpsid>0000</dgpsid></trkpt>
<trkpt lat="39.583240833333335" lon="-123.44500683333332"><ele>386.9</ele><time>2026-09-24T17:29:49.000Z</time><extensions><gpxtpx:TrackPointExtension><gpxtpx:bearing>154.36</gpxtpx:bearing><gpxtpx:speed>24.040617</gpxtpx:speed></gpxtpx:TrackPointExtension></extensions><geoidheight>-28.4</geoidheight><src>gps</src><sat>12</sat><hdop>1.00</hdop><vdop>1.85</vdop><pdop>2.11</pdop><dgpsid>0000</dgpsid></trkpt>
<trkpt lat="39.58101633333333" lon="-123.44421616666665"><ele>397.7</ele><time>2026-09-24T17:30:00.000Z</time><extensions><gpxtpx:TrackPointExtension><gpxtpx:bearing>159.22</gpxtpx:bearing><gpxtpx:speed>21.865915</gpxtpx:speed></gpxtpx:TrackPointExtension></extensions><geoidheight>-28.4</geoidheight><src>gps</src><sat>14</sat><hdop>0.73</hdop><vdop>1.36</vdop><pdop>1.54</pdop><dgpsid>0000</dgpsid></trkpt>
<trkpt lat="39.579510166666665" lon="-123.44222450000001"><ele>391.8</ele><time>2026-09-24T17:30:11.000Z</time><extensions><gpxtpx:TrackPointExtension><gpxtpx:bearing>124.58</gpxtpx:bearing><gpxtpx:speed>23.29324</gpxtpx:speed></gpxtpx:TrackPointExtension></extensions><geoidheight>-28.4</geoidheight><src>gps</src><sat>11</sat><hdop>0.96</hdop><vdop>1.53</vdop><pdop>1.80</pdop><dgpsid>0000</dgpsid></trkpt>
<trkpt lat="39.577663" lon="-123.44034099999999"><ele>385.5</ele><time>2026-09-24T17:30:22.000Z</time><extensions><gpxtpx:TrackPointExtension><gpxtpx:bearing>155.31</gpxtpx:bearing><gpxtpx:speed>24.053484</gpxtpx:speed></gpxtpx:TrackPointExtension></extensions><geoidheight>-28.4</geoidheight><src>gps</src><sat>12</sat><hdop>0.85</hdop><vdop>1.41</vdop><pdop>1.65</pdop><dgpsid>0000</dgpsid></trkpt>
<trkpt lat="39.575468" lon="-123.43900166666666"><ele>380.8</ele><time>2026-09-24T17:30:33.000Z</time><extensions><gpxtpx:TrackPointExtension><gpxtpx:bearing>159.16</gpxtpx:bearing><gpxtpx:speed>25.06234</gpxtpx:speed></gpxtpx:TrackPointExtension></extensions><geoidheight>-28.4</geoidheight><src>gps</src><sat>9</sat><hdop>0.96</hdop><vdop>1.60</vdop><pdop>1.87</pdop><dgpsid>0000</dgpsid></trkpt>
<trkpt lat="39.57305233333333" lon="-123.438258"><ele>380.7</ele><time>2026-09-24T17:30:44.000Z</time><extensions><gpxtpx:TrackPointExtension><gpxtpx:bearing>167.5</gpxtpx:bearing><gpxtpx:speed>24.564089</gpxtpx:speed></gpxtpx:TrackPointExtension></extensions><geoidheight>-28.4</geoidheight><src>gps</src><sat>10</sat><hdop>0.81</hdop><vdop>1.49</vdop><pdop>1.70</pdop><dgpsid>0000</dgpsid></trkpt>
<trkpt lat="39.571094333333335" lon="-123.43662633333334"><ele>381.3</ele><time>2026-09-24T17:30:55.000Z</time><extensions><gpxtpx:TrackPointExtension><gpxtpx:bearing>140.96</gpxtpx:bearing><gpxtpx:speed>23.536188</gpxtpx:speed></gpxtpx:TrackPointExtension></extensions><geoidheight>-28.4</geoidheight><src>gps</src><sat>11</sat><hdop>0.84</hdop><vdop>1.45</vdop><pdop>1.68</pdop><dgpsid>0000</dgpsid></trkpt>
<trkpt lat="39.56884766666667" lon="-123.43557316666666"><ele>375.9</ele><time>2026-09-24T17:31:06.000Z</time><extensions><gpxtpx:TrackPointExtension><gpxtpx:bearing>168.51</gpxtpx:bearing><gpxtpx:speed>24.803434</gpxtpx:speed></gpxtpx:TrackPointExtension></extensions><geoidheight>-28.4</geoidheight><src>gps</src><sat>11</sat><hdop>0.87</hdop><vdop>1.59</vdop><pdop>1.81</pdop><dgpsid>0000</dgpsid></trkpt>
<trkpt lat="39.56640766666667" lon="-123.43507650000001"><ele>377.5</ele><time>2026-09-24T17:31:17.000Z</time><extensions><gpxtpx:TrackPointExtension><gpxtpx:bearing>175.35</gpxtpx:bearing><gpxtpx:speed>24.933144</gpxtpx:speed></gpxtpx:TrackPointExtension></extensions><geoidheight>-28.4</geoidheight><src>gps</src><sat>11</sat><hdop>0.92</hdop><vdop>1.65</vdop><pdop>1.89</pdop><dgpsid>0000</dgpsid></trkpt>
<trkpt lat="39.564151" lon="-123.43424600000002"><ele>372.2</ele><time>2026-09-24T17:31:28.000Z</time><extensions><gpxtpx:TrackPointExtension><gpxtpx:bearing>149.61</gpxtpx:bearing><gpxtpx:speed>23.277283</gpxtpx:speed></gpxtpx:TrackPointExtension></extensions><geoidheight>-28.4</geoidheight><src>gps</src><sat>12</sat><hdop>0.79</hdop><vdop>1.36</vdop><pdop>1.57</pdop><dgpsid>0000</dgpsid></trkpt>
<trkpt lat="39.562001" lon="-123.43318433333334"><ele>369.5</ele><time>2026-09-24T17:31:39.000Z</time><extensions><gpxtpx:TrackPointExtension><gpxtpx:bearing>171.91</gpxtpx:bearing><gpxtpx:speed>24.29952</gpxtpx:speed></gpxtpx:TrackPointExtension></extensions><geoidheight>-28.4</geoidheight><src>gps</src><sat>13</sat><hdop>0.78</hdop><vdop>1.46</vdop><pdop>1.66</pdop><dgpsid>0000</dgpsid></trkpt>
<trkpt lat="39.55960733333333" lon="-123.43289750000001"><ele>369.0</ele><time>2026-09-24T17:31:50.000Z</time><extensions><gpxtpx:TrackPointExtension><gpxtpx:bearing>179.47</gpxtpx:bearing><gpxtpx:speed>23.33802</gpxtpx:speed></gpxtpx:TrackPointExtension></extensions><geoidheight>-28.4</geoidheight><src>gps</src><sat>12</sat><hdop>0.76</hdop><vdop>1.40</vdop><pdop>1.59</pdop><dgpsid>0000</dgpsid></trkpt>
<trkpt lat="39.55728083333334" lon="-123.4324775"><ele>362.0</ele><time>2026-09-24T17:32:01.000Z</time><extensions><gpxtpx:TrackPointExtension><gpxtpx:bearing>149.92</gpxtpx:bearing><gpxtpx:speed>24.365406</gpxtpx:speed></gpxtpx:TrackPointExtension></extensions><geoidheight>-28.4</geoidheight><src>gps</src><sat>12</sat><hdop>0.85</hdop><vdop>1.54</vdop><pdop>1.76</pdop><dgpsid>0000</dgpsid></trkpt>
<trkpt lat="39.555311833333334" lon="-123.430501"><ele>358.3</ele><time>2026-09-24T17:32:12.000Z</time><extensions><gpxtpx:TrackPointExtension><gpxtpx:bearing>140.68</gpxtpx:bearing><gpxtpx:speed>25.360878</gpxtpx:speed></gpxtpx:TrackPointExtension></extensions><geoidheight>-28.4</geoidheight><src>gps</src><sat>12</sat><hdop>0.90</hdop><vdop>1.65</vdop><pdop>1.88</pdop><dgpsid>0000</dgpsid></trkpt>
<trkpt lat="39.553470833333336" lon="-123.42822433333335"><ele>357.9</ele><time>2026-09-24T17:32:23.000Z</time><extensions><gpxtpx:TrackPointExtension><gpxtpx:bearing>135.59</gpxtpx:bearing><gpxtpx:speed>26.030533</gpxtpx:speed></gpxtpx:TrackPointExtension></extensions><geoidheight>-28.4</geoidheight><src>gps</src><sat>12</sat><hdop>0.90</hdop><vdop>1.65</vdop><pdop>1.88</pdop><dgpsid>0000</dgpsid></trkpt>
<trkpt lat="39.55165016666667" lon="-123.42586283333334"><ele>356.3</ele><time>2026-09-24T17:32:34.000Z</time><extensions><gpxtpx:TrackPointExtension><gpxtpx:bearing>136.76</gpxtpx:bearing><gpxtpx:speed>25.636255</gpxtpx:speed></gpxtpx:TrackPointExtension></extensions><geoidheight>-28.4</geoidheight><src>gps</src><sat>12</sat><hdop>0.90</hdop><vdop>1.65</vdop><pdop>1.88</pdop><dgpsid>0000</dgpsid></trkpt>
<trkpt lat="39.549408666666665" lon="-123.42484716666668"><ele>354.9</ele><time>2026-09-24T17:32:45.000Z</time><extensions><gpxtpx:TrackPointExtension><gpxtpx:bearing>184.71</gpxtpx:bearing><gpxtpx:speed>24.5085</gpxtpx:speed></gpxtpx:TrackPointExtension></extensions><geoidheight>-28.4</geoidheight><src>gps</src><sat>10</sat><hdop>0.87</hdop><vdop>1.58</vdop><pdop>1.80</pdop><dgpsid>0000</dgpsid></trkpt>
<trkpt lat="39.54699383333333" lon="-123.42481233333335"><ele>358.1</ele><time>2026-09-24T17:32:56.000Z</time><extensions><gpxtpx:TrackPointExtension><gpxtpx:bearing>169.53</gpxtpx:bearing><gpxtpx:speed>24.836891</gpxtpx:speed></gpxtpx:TrackPointExtension></extensions><geoidheight>-28.4</geoidheight><src>gps</src><sat>12</sat><hdop>0.78</hdop><vdop>1.46</vdop><pdop>1.66</pdop><dgpsid>0000</dgpsid></trkpt>
<trkpt lat="39.54463833333333" lon="-123.42410433333335"><ele>361.0</ele><time>2026-09-24T17:33:07.000Z</time><extensions><gpxtpx:TrackPointExtension><gpxtpx:bearing>156.13</gpxtpx:bearing><gpxtpx:speed>23.866125</gpxtpx:speed></gpxtpx:TrackPointExtension></extensions><geoidheight>-28.4</geoidheight><src>gps</src><sat>10</sat><hdop>1.29</hdop><vdop>2.38</vdop><pdop>2.70</pdop><dgpsid>0000</dgpsid></trkpt>
<trkpt lat="39.542853" lon="-123.422035"><ele>364.0</ele><time>2026-09-24T17:33:18.000Z</time><extensions><gpxtpx:TrackPointExtension><gpxtpx:bearing>131.07</gpxtpx:bearing><gpxtpx:speed>24.366436</gpxtpx:speed></gpxtpx:TrackPointExtension></extensions><geoidheight>-28.4</geoidheight><src>gps</src><sat>11</sat><hdop>1.00</hdop><vdop>1.85</vdop><pdop>2.10</pdop><dgpsid>0000</dgpsid></trkpt>
<trkpt lat="39.541597" lon="-123.41953899999999"><ele>376.0</ele><time>2026-09-24T17:33:29.000Z</time><extensions><gpxtpx:TrackPointExtension><gpxtpx:bearing>122.95</gpxtpx:bearing><gpxtpx:speed>22.279236</gpxtpx:speed></gpxtpx:TrackPointExtension></extensions><geoidheight>-28.4</geoidheight><src>gps</src><sat>11</sat><hdop>0.98</hdop><vdop>1.66</vdop><pdop>1.93</pdop><dgpsid>0000</dgpsid></trkpt>
<trkpt lat="39.539877499999996" lon="-123.41788849999999"><ele>383.8</ele><time>2026-09-24T17:33:40.000Z</time><extensions><gpxtpx:TrackPointExtension><gpxtpx:bearing>161.18</gpxtpx:bearing><gpxtpx:speed>22.631308</gpxtpx:speed></gpxtpx:TrackPointExtension></extensions><geoidheight>-28.4</geoidheight><src>gps</src><sat>12</sat><hdop>0.98</hdop><vdop>1.66</vdop><pdop>1.93</pdop><dgpsid>0000</dgpsid></trkpt>
<trkpt lat="39.537682499999995" lon="-123.41741466666666"><ele>378.1</ele><time>2026-09-24T17:33:51.000Z</time><extensions><gpxtpx:TrackPointExtension><gpxtpx:bearing>166.03</gpxtpx:bearing><gpxtpx:speed>22.841312</gpxtpx:speed></gpxtpx:TrackPointExtension></extensions><geoidheight>-28.4</geoidheight><src>gps</src><sat>11</sat><hdop>1.29</hdop><vdop>2.36</vdop><pdop>2.69</pdop><dgpsid>0000</dgpsid></trkpt>
<trkpt lat="39.535878000000004" lon="-123.41551433333333"><ele>366.5</ele><time>2026-09-24T17:34:02.000Z</time><extensions><gpxtpx:TrackPointExtension><gpxtpx:bearing>129.4</gpxtpx:bearing><gpxtpx:speed>25.47</gpxtpx:speed></gpxtpx:TrackPointExtension></extensions><geoidheight>-28.4</geoidheight><src>gps</src><sat>13</sat><hdop>0.83</hdop><vdop>1.47</vdop><pdop>1.69</pdop><dgpsid>0000</dgpsid></trkpt>
<trkpt lat="39.53460183333333" lon="-123.41279449999999"><ele>362.1</ele><time>2026-09-24T17:34:13.000Z</time><extensions><gpxtpx:TrackPointExtension><gpxtpx:bearing>103.49</gpxtpx:bearing><gpxtpx:speed>24.404524</gpxtpx:speed></gpxtpx:TrackPointExtension></extensions><geoidheight>-28.4</geoidheight><src>gps</src><sat>10</sat><hdop>0.90</hdop><vdop>1.58</vdop><pdop>1.82</pdop><dgpsid>0000</dgpsid></trkpt>
<trkpt lat="39.535260666666666" lon="-123.4098955"><ele>361.4</ele><time>2026-09-24T17:34:24.000Z</time><extensions><gpxtpx:TrackPointExtension><gpxtpx:bearing>49.37</gpxtpx:bearing><gpxtpx:speed>24.797773</gpxtpx:speed></gpxtpx:TrackPointExtension></extensions><geoidheight>-28.4</geoidheight><src>gps</src><sat>12</sat><hdop>0.87</hdop><vdop>1.52</vdop><pdop>1.75</pdop><dgpsid>0000</dgpsid></trkpt>
<trkpt lat="39.53618983333333" lon="-123.40699433333333"><ele>364.3</ele><time>2026-09-24T17:34:35.000Z</time><extensions><gpxtpx:TrackPointExtension><gpxtpx:bearing>94.65</gpxtpx:bearing><gpxtpx:speed>25.455587</gpxtpx:speed></gpxtpx:TrackPointExtension></extensions><geoidheight>-28.4</geoidheight><src>gps</src><sat>11</sat><hdop>0.95</hdop><vdop>1.58</vdop><pdop>1.85</pdop><dgpsid>0000</dgpsid></trkpt>
<trkpt lat="39.53471866666666" lon="-123.404559"><ele>364.1</ele><time>2026-09-24T17:34:46.000Z</time><extensions><gpxtpx:TrackPointExtension><gpxtpx:bearing>158.57</gpxtpx:bearing><gpxtpx:speed>25.812805</gpxtpx:speed></gpxtpx:TrackPointExtension></extensions><geoidheight>-28.4</geoidheight><src>gps</src><sat>14</sat><hdop>0.73</hdop><vdop>1.37</vdop><pdop>1.55</pdop><dgpsid>0000</dgpsid></trkpt>
<trkpt lat="39.53221416666667" lon="-123.40465733333333"><ele>365.5</ele><time>2026-09-24T17:34:57.000Z</time><extensions><gpxtpx:TrackPointExtension><gpxtpx:bearing>185.52</gpxtpx:bearing><gpxtpx:speed>25.048443</gpxtpx:speed></gpxtpx:TrackPointExtension></extensions><geoidheight>-28.4</geoidheight><src>gps</src><sat>11</sat><hdop>0.82</hdop><vdop>1.50</vdop><pdop>1.71</pdop><dgpsid>0000</dgpsid></trkpt>
<trkpt lat="39.529860666666664" lon="-123.40395983333335"><ele>366.1</ele><time>2026-09-24T17:35:08.000Z</time><extensions><gpxtpx:TrackPointExtension><gpxtpx:bearing>152.71</gpxtpx:bearing><gpxtpx:speed>24.742182</gpxtpx:speed></gpxtpx:TrackPointExtension></extensions><geoidheight>-28.4</geoidheight><src>gps</src><sat>10</sat><hdop>1.14</hdop><vdop>1.91</vdop><pdop>2.22</pdop><dgpsid>0000</dgpsid></trkpt>
<trkpt lat="39.527807333333335" lon="-123.40207716666667"><ele>366.8</ele><time>2026-09-24T17:35:19.000Z</time><extensions><gpxtpx:TrackPointExtension><gpxtpx:bearing>136.28</gpxtpx:bearing><gpxtpx:speed>26.652832</gpxtpx:speed></gpxtpx:TrackPointExtension></extensions><geoidheight>-28.4</geoidheight><src>gps</src><sat>10</sat><hdop>0.87</hdop><vdop>1.55</vdop><pdop>1.78</pdop><dgpsid>0000</dgpsid></trkpt>
<trkpt lat="39.52565166666667" lon="-123.40005633333334"><ele>370.7</ele><time>2026-09-24T17:35:30.000Z</time><extensions><gpxtpx:TrackPointExtension><gpxtpx:bearing>147.05</gpxtpx:bearing><gpxtpx:speed>26.508194</gpxtpx:speed></gpxtpx:TrackPointExtension></extensions><geoidheight>-28.4</geoidheight><src>gps</src><sat>11</sat><hdop>0.94</hdop><vdop>1.53</vdop><pdop>1.79</pdop><dgpsid>0000</dgpsid></trkpt>
<trkpt lat="39.523792" lon="-123.39847"><ele>383.6</ele><time>2026-09-24T17:35:40.000Z</time><extensions><gpxtpx:TrackPointExtension><gpxtpx:bearing>144.11</gpxtpx:bearing><gpxtpx:speed>23.266474</gpxtpx:speed></gpxtpx:TrackPointExtension></extensions><geoidheight>-28.4</geoidheight><src>gps</src><sat>12</sat><hdop>0.73</hdop><vdop>1.33</vdop><pdop>1.51</pdop><dgpsid>0000</dgpsid></trkpt>
<trkpt lat="39.5227875" lon="-123.39612766666666"><ele>396.2</ele><time>2026-09-24T17:35:51.000Z</time><extensions><gpxtpx:TrackPointExtension><gpxtpx:bearing>99.36</gpxtpx:bearing><gpxtpx:speed>21.27244</gpxtpx:speed></gpxtpx:TrackPointExtension></extensions><geoidheight>-28.4</geoidheight><src>gps</src><sat>11</sat><hdop>0.73</hdop><vdop>1.32</vdop><pdop>1.51</pdop><dgpsid>0000</dgpsid></trkpt>
<trkpt lat="39.52196683333333" lon="-123.39352849999999"><ele>390.6</ele><time>2026-09-24T17:36:02.000Z</time><extensions><gpxtpx:TrackPointExtension><gpxtpx:bearing>136.89</gpxtpx:bearing><gpxtpx:speed>23.296328</gpxtpx:speed></gpxtpx:TrackPointExtension></extensions><geoidheight>-28.4</geoidheight><src>gps</src><sat>13</sat><hdop>0.76</hdop><vdop>1.35</vdop><pdop>1.54</pdop><dgpsid>0000</dgpsid></trkpt>
<trkpt lat="39.51972516666667" lon="-123.39226716666666"><ele>375.0</ele><time>2026-09-24T17:36:13.000Z</time><extensions><gpxtpx:TrackPointExtension><gpxtpx:bearing>160.42</gpxtpx:bearing><gpxtpx:speed>26.37797</gpxtpx:speed></gpxtpx:TrackPointExtension></extensions><geoidheight>-28.4</geoidheight><src>gps</src><sat>13</sat><hdop>0.73</hdop><vdop>1.32</vdop><pdop>1.51</pdop><dgpsid>0000</dgpsid></trkpt>
<trkpt lat="39.5173045" lon="-123.39114816666667"><ele>373.2</ele><time>2026-09-24T17:36:24.000Z</time><extensions><gpxtpx:TrackPointExtension><gpxtpx:bearing>160.75</gpxtpx:bearing><gpxtpx:speed>25.357275</gpxtpx:speed></gpxtpx:TrackPointExtension></extensions><geoidheight>-28.4</geoidheight><src>gps</src><sat>13</sat><hdop>0.74</hdop><vdop>1.33</vdop><pdop>1.52</pdop><dgpsid>0000</dgpsid></trkpt>
<trkpt lat="39.51500166666666" lon="-123.389948"><ele>375.8</ele><time>2026-09-24T17:36:35.000Z</time><extensions><gpxtpx:TrackPointExtension><gpxtpx:bearing>147.99</gpxtpx:bearing><gpxtpx:speed>25.232714</gpxtpx:speed></gpxtpx:TrackPointExtension></extensions><geoidheight>-28.4</geoidheight><src>gps</src><sat>12</sat><hdop>0.73</hdop><vdop>1.37</vdop><pdop>1.56</pdop><dgpsid>0000</dgpsid></trkpt>
<trkpt lat="39.512918666666664" lon="-123.38784349999999"><ele>372.5</ele><time>2026-09-24T17:36:46.000Z</time><extensions><gpxtpx:TrackPointExtension><gpxtpx:bearing>141.95</gpxtpx:bearing><gpxtpx:speed>28.018389</gpxtpx:speed></gpxtpx:TrackPointExtension></extensions><geoidheight>-28.4</geoidheight><src>gps</src><sat>14</sat><hdop>0.71</hdop><vdop>1.31</vdop><pdop>1.49</pdop><dgpsid>0000</dgpsid></trkpt>
<trkpt lat="39.51061966666667" lon="-123.3858725"><ele>374.1</ele><time>2026-09-24T17:36:57.000Z</time><extensions><gpxtpx:TrackPointExtension><gpxtpx:bearing>148.33</gpxtpx:bearing><gpxtpx:speed>26.464443</gpxtpx:speed></gpxtpx:TrackPointExtension></extensions><geoidheight>-28.4</geoidheight><src>gps</src><sat>13</sat><hdop>0.90</hdop><vdop>1.74</vdop><pdop>1.95</pdop><dgpsid>0000</dgpsid></trkpt>
<trkpt lat="39.5086805" lon="-123.38375400000001"><ele>377.0</ele><time>2026-09-24T17:37:08.000Z</time><extensions><gpxtpx:TrackPointExtension><gpxtpx:bearing>133.98</gpxtpx:bearing><gpxtpx:speed>25.742289</gpxtpx:speed></gpxtpx:TrackPointExtension></extensions><geoidheight>-28.4</geoidheight><src>gps</src><sat>10</sat><hdop>1.10</hdop><vdop>1.71</vdop><pdop>2.04</pdop><dgpsid>0000</dgpsid></trkpt>
<trkpt lat="39.50688866666667" lon="-123.38145899999999"><ele>381.1</ele><time>2026-09-24T17:37:19.000Z</time><extensions><gpxtpx:TrackPointExtension><gpxtpx:bearing>142.07</gpxtpx:bearing><gpxtpx:speed>25.18227</gpxtpx:speed></gpxtpx:TrackPointExtension></extensions><geoidheight>-28.4</geoidheight><src>gps</src><sat>10</sat><hdop>1.12</hdop><vdop>1.89</vdop><pdop>2.20</pdop><dgpsid>0000</dgpsid></trkpt>
<trkpt lat="39.504697166666666" lon="-123.37995483333334"><ele>378.7</ele><time>2026-09-24T17:37:30.000Z</time><extensions><gpxtpx:TrackPointExtension><gpxtpx:bearing>158.34</gpxtpx:bearing><gpxtpx:speed>24.856451</gpxtpx:speed></gpxtpx:TrackPointExtension></extensions><geoidheight>-28.4</geoidheight><src>gps</src><sat>11</sat><hdop>0.97</hdop><vdop>1.96</vdop><pdop>2.19</pdop><dgpsid>0000</dgpsid></trkpt>
<trkpt lat="39.502538333333334" lon="-123.37832116666665"><ele>372.8</ele><time>2026-09-24T17:37:41.000Z</time><extensions><gpxtpx:TrackPointExtension><gpxtpx:bearing>144.78</gpxtpx:bearing><gpxtpx:speed>25.198227</gpxtpx:speed></gpxtpx:TrackPointExtension></extensions><geoidheight>-28.4</geoidheight><src>gps</src><sat>7</sat><hdop>1.55</hdop><vdop>2.71</vdop><pdop>3.12</pdop><dgpsid>0000</dgpsid></trkpt>
<trkpt lat="39.50069866666667" lon="-123.37614233333333"><ele>382.7</ele><time>2026-09-24T17:37:52.000Z</time><extensions><gpxtpx:TrackPointExtension><gpxtpx:bearing>132.05</gpxtpx:bearing><gpxtpx:speed>24.51313</gpxtpx:speed></gpxtpx:TrackPointExtension></extensions><geoidheight>-28.4</geoidheight><src>gps</src><sat>12</sat><hdop>0.93</hdop><vdop>1.68</vdop><pdop>1.92</pdop><dgpsid>0000</dgpsid></trkpt>
<trkpt lat="39.4992215" lon="-123.37353649999999"><ele>394.1</ele><time>2026-09-24T17:38:03.000Z</time><extensions><gpxtpx:TrackPointExtension><gpxtpx:bearing>120.45</gpxtpx:bearing><gpxtpx:speed>25.197712</gpxtpx:speed></gpxtpx:TrackPointExtension></extensions><geoidheight>-28.4</geoidheight><src>gps</src><sat>10</sat><hdop>0.93</hdop><vdop>1.68</vdop><pdop>1.92</pdop><dgpsid>0000</dgpsid></trkpt>
<trkpt lat="39.4979965" lon="-123.37073833333334"><ele>403.6</ele><time>2026-09-24T17:38:14.000Z</time><extensions><gpxtpx:TrackPointExtension><gpxtpx:bearing>114.83</gpxtpx:bearing><gpxtpx:speed>23.369932</gpxtpx:speed></gpxtpx:TrackPointExtension></extensions><geoidheight>-28.4</geoidheight><src>gps</src><sat>11</sat><hdop>1.03</hdop><vdop>1.69</vdop><pdop>1.98</pdop><dgpsid>0000</dgpsid></trkpt>
<trkpt lat="39.496727166666666" lon="-123.36834400000001"><ele>418.8</ele><time>2026-09-24T17:38:25.000Z</time><extensions><gpxtpx:TrackPointExtension><gpxtpx:bearing>131.99</gpxtpx:bearing><gpxtpx:speed>21.048536</gpxtpx:speed></gpxtpx:TrackPointExtension></extensions><geoidheight>-28.4</geoidheight><src>gps</src><sat>11</sat><hdop>0.99</hdop><vdop>1.69</vdop><pdop>1.96</pdop><dgpsid>0000</dgpsid></trkpt>
<trkpt lat="39.4953395" lon="-123.36645116666665"><ele>438.5</ele><time>2026-09-24T17:38:36.000Z</time><extensions><gpxtpx:TrackPointExtension><gpxtpx:bearing>131.74</gpxtpx:bearing><gpxtpx:speed>19.072002</gpxtpx:speed></gpxtpx:TrackPointExtension></extensions><geoidheight>-28.4</geoidheight><src>gps</src><sat>10</sat><hdop>1.18</hdop><vdop>2.15</vdop><pdop>2.46</pdop><dgpsid>0000</dgpsid></trkpt>
<trkpt lat="39.49395383333333" lon="-123.36493333333334"><ele>444.1</ele><time>2026-09-24T17:38:47.000Z</time><extensions><gpxtpx:TrackPointExtension><gpxtpx:bearing>145.13</gpxtpx:bearing><gpxtpx:speed>16.638395</gpxtpx:speed></gpxtpx:TrackPointExtension></extensions><geoidheight>-28.4</geoidheight><src>gps</src><sat>11</sat><hdop>0.90</hdop><vdop>1.67</vdop><pdop>1.90</pdop><dgpsid>0000</dgpsid></trkpt>
<trkpt lat="39.49255633333333" lon="-123.36380150000001"><ele>454.3</ele><time>2026-09-24T17:38:58.000Z</time><extensions><gpxtpx:TrackPointExtension><gpxtpx:bearing>156.06</gpxtpx:bearing><gpxtpx:speed>15.631599</gpxtpx:speed></gpxtpx:TrackPointExtension></extensions><geoidheight>-28.4</geoidheight><src>gps</src><sat>10</sat><hdop>0.92</hdop><vdop>1.70</vdop><pdop>1.93</pdop><dgpsid>0000</dgpsid></trkpt>
<trkpt lat="39.49101116666667" lon="-123.36320383333332"><ele>459.2</ele><time>2026-09-24T17:39:09.000Z</time><extensions><gpxtpx:TrackPointExtension><gpxtpx:bearing>167.67</gpxtpx:bearing><gpxtpx:speed>16.828842</gpxtpx:speed></gpxtpx:TrackPointExtension></extensions><geoidheight>-28.4</geoidheight><src>gps</src><sat>13</sat><hdop>0.76</hdop><vdop>1.38</vdop><pdop>1.58</pdop><dgpsid>0000</dgpsid></trkpt>
<trkpt lat="39.489070500000004" lon="-123.36241133333333"><ele>456.4</ele><time>2026-09-24T17:39:20.000Z</time><extensions><gpxtpx:TrackPointExtension><gpxtpx:bearing>151.79</gpxtpx:bearing><gpxtpx:speed>22.473288</gpxtpx:speed></gpxtpx:TrackPointExtension></extensions><geoidheight>-28.4</geoidheight><src>gps</src><sat>12</sat><hdop>0.85</hdop><vdop>1.47</vdop><pdop>1.70</pdop><dgpsid>0000</dgpsid></trkpt>
<trkpt lat="39.486970166666666" lon="-123.36110683333332"><ele>441.0</ele><time>2026-09-24T17:39:31.000Z</time><extensions><gpxtpx:TrackPointExtension><gpxtpx:bearing>157.34</gpxtpx:bearing><gpxtpx:speed>23.446112</gpxtpx:speed></gpxtpx:TrackPointExtension></extensions><geoidheight>-28.4</geoidheight><src>gps</src><sat>11</sat><hdop>0.88</hdop><vdop>1.47</vdop><pdop>1.72</pdop><dgpsid>0000</dgpsid></trkpt>
<trkpt lat="39.48472133333333" lon="-123.36073883333331"><ele>431.3</ele><time>2026-09-24T17:39:42.000Z</time><extensions><gpxtpx:TrackPointExtension><gpxtpx:bearing>195.07</gpxtpx:bearing><gpxtpx:speed>22.482037</gpxtpx:speed></gpxtpx:TrackPointExtension></extensions><geoidheight>-28.4</geoidheight><src>gps</src><sat>10</sat><hdop>0.90</hdop><vdop>1.60</vdop><pdop>1.83</pdop><dgpsid>0000</dgpsid></trkpt>
<trkpt lat="39.482453166666666" lon="-123.3615915"><ele>425.2</ele><time>2026-09-24T17:39:53.000Z</time><extensions><gpxtpx:TrackPointExtension><gpxtpx:bearing>197.56</gpxtpx:bearing><gpxtpx:speed>24.379303</gpxtpx:speed></gpxtpx:TrackPointExtension></extensions><geoidheight>-28.4</geoidheight><src>gps</src><sat>13</sat><hdop>0.88</hdop><vdop>1.52</vdop><pdop>1.76</pdop><dgpsid>0000</dgpsid></trkpt>
<trkpt lat="39.48019683333334" lon="-123.36256316666667"><ele>416.9</ele><time>2026-09-24T17:40:04.000Z</time><extensions><gpxtpx:TrackPointExtension><gpxtpx:bearing>198.74</gpxtpx:bearing><gpxtpx:speed>23.184633</gpxtpx:speed></gpxtpx:TrackPointExtension></extensions><geoidheight>-28.4</geoidheight><src>gps</src><sat>10</sat><hdop>0.97</hdop><vdop>1.57</vdop><pdop>1.85</pdop><dgpsid>0000</dgpsid></trkpt>
<trkpt lat="39.478254" lon="-123.36333033333334"><ele>425.4</ele><time>2026-09-24T17:40:15.000Z</time><extensions><gpxtpx:TrackPointExtension><gpxtpx:bearing>198.32</gpxtpx:bearing><gpxtpx:speed>18.515587</gpxtpx:speed></gpxtpx:TrackPointExtension></extensions><geoidheight>-28.4</geoidheight><src>gps</src><sat>11</sat><hdop>1.12</hdop><vdop>1.89</vdop><pdop>2.20</pdop><dgpsid>0000</dgpsid></trkpt>
<trkpt lat="39.477039500000004" lon="-123.36367999999999"><ele>443.9</ele><time>2026-09-24T17:40:26.000Z</time><extensions><gpxtpx:TrackPointExtension><gpxtpx:bearing>185.45</gpxtpx:bearing><gpxtpx:speed>3.8285038</gpxtpx:speed></gpxtpx:TrackPointExtension></extensions><geoidheight>-28.4</geoidheight><src>gps</src><sat>10</sat><hdop>1.12</hdop><vdop>1.89</vdop><pdop>2.20</pdop><dgpsid>0000</dgpsid></trkpt>
<trkpt lat="39.47695683333333" lon="-123.363675"><ele>446.8</ele><time>2026-09-24T17:40:37.000Z</time><extensions><gpxtpx:TrackPointExtension><gpxtpx:speed>0.023677222</gpxtpx:speed></gpxtpx:TrackPointExtension></extensions><geoidheight>-28.4</geoidheight><src>gps</src><sat>13</sat><hdop>1.16</hdop><vdop>1.93</vdop><pdop>2.25</pdop><dgpsid>0000</dgpsid></trkpt>
<trkpt lat="39.476858" lon="-123.36367233333334"><ele>451.5</ele><time>2026-09-24T17:40:59.000Z</time><extensions><gpxtpx:TrackPointExtension><gpxtpx:bearing>183.98</gpxtpx:bearing><gpxtpx:speed>1.5863739</gpxtpx:speed></gpxtpx:TrackPointExtension></extensions><geoidheight>-28.4</geoidheight><src>gps</src><sat>12</sat><hdop>0.81</hdop><vdop>1.39</vdop><pdop>1.61</pdop><dgpsid>0000</dgpsid></trkpt>
<trkpt lat="39.476523" lon="-123.36367666666665"><ele>453.8</ele><time>2026-09-24T17:41:10.000Z</time><extensions><gpxtpx:TrackPointExtension><gpxtpx:bearing>179.95</gpxtpx:bearing><gpxtpx:speed>5.140531</gpxtpx:speed></gpxtpx:TrackPointExtension></extensions><geoidheight>-28.4</geoidheight><src>gps</src><sat>14</sat><hdop>0.81</hdop><vdop>1.53</vdop><pdop>1.73</pdop><dgpsid>0000</dgpsid></trkpt>
<trkpt lat="39.4757615" lon="-123.36352749999999"><ele>458.4</ele><time>2026-09-24T17:41:21.000Z</time><extensions><gpxtpx:TrackPointExtension><gpxtpx:bearing>166.26</gpxtpx:bearing><gpxtpx:speed>8.976241</gpxtpx:speed></gpxtpx:TrackPointExtension></extensions><geoidheight>-28.4</geoidheight><src>gps</src><sat>11</sat><hdop>0.76</hdop><vdop>1.41</vdop><pdop>1.60</pdop><dgpsid>0000</dgpsid></trkpt>
<trkpt lat="39.47478283333333" lon="-123.36331883333332"><ele>464.6</ele><time>2026-09-24T17:41:32.000Z</time><extensions><gpxtpx:TrackPointExtension><gpxtpx:bearing>177.8</gpxtpx:bearing><gpxtpx:speed>10.734017</gpxtpx:speed></gpxtpx:TrackPointExtension></extensions><geoidheight>-28.4</geoidheight><src>gps</src><sat>12</sat><hdop>0.80</hdop><vdop>1.41</vdop><pdop>1.62</pdop><dgpsid>0000</dgpsid></trkpt>
<trkpt lat="39.47372683333333" lon="-123.36347483333333"><ele>471.0</ele><time>2026-09-24T17:41:43.000Z</time><extensions><gpxtpx:TrackPointExtension><gpxtpx:bearing>191.15</gpxtpx:bearing><gpxtpx:speed>10.666074</gpxtpx:speed></gpxtpx:TrackPointExtension></extensions><geoidheight>-28.4</geoidheight><src>gps</src><sat>12</sat><hdop>0.86</hdop><vdop>1.51</vdop><pdop>1.74</pdop><dgpsid>0000</dgpsid></trkpt>
<trkpt lat="39.472629500000004" lon="-123.36341916666667"><ele>477.0</ele><time>2026-09-24T17:41:54.000Z</time><extensions><gpxtpx:TrackPointExtension><gpxtpx:bearing>168.44</gpxtpx:bearing><gpxtpx:speed>11.807213</gpxtpx:speed></gpxtpx:TrackPointExtension></extensions><geoidheight>-28.4</geoidheight><src>gps</src><sat>13</sat><hdop>0.76</hdop><vdop>1.40</vdop><pdop>1.60</pdop><dgpsid>0000</dgpsid></trkpt>
<trkpt lat="39.471379166666665" lon="-123.36258733333334"><ele>480.8</ele><time>2026-09-24T17:42:05.000Z</time><extensions><gpxtpx:TrackPointExtension><gpxtpx:bearing>140.92</gpxtpx:bearing><gpxtpx:speed>16.461332</gpxtpx:speed></gpxtpx:TrackPointExtension></extensions><geoidheight>-28.4</geoidheight><src>gps</src><sat>11</sat><hdop>0.88</hdop><vdop>1.46</vdop><pdop>1.70</pdop><dgpsid>0000</dgpsid></trkpt>
<trkpt lat="39.470598" lon="-123.36088966666667"><ele>479.9</ele><time>2026-09-24T17:42:16.000Z</time><extensions><gpxtpx:TrackPointExtension><gpxtpx:bearing>105.86</gpxtpx:bearing><gpxtpx:speed>13.324615</gpxtpx:speed></gpxtpx:TrackPointExtension></extensions><geoidheight>-28.4</geoidheight><src>gps</src><sat>12</sat><hdop>0.87</hdop><vdop>1.40</vdop><pdop>1.65</pdop><dgpsid>0000</dgpsid></trkpt>
<trkpt lat="39.47029433333333" lon="-123.35968249999999"><ele>474.8</ele><time>2026-09-24T17:42:27.000Z</time><extensions><gpxtpx:TrackPointExtension><gpxtpx:bearing>109.94</gpxtpx:bearing><gpxtpx:speed>9.272206</gpxtpx:speed></gpxtpx:TrackPointExtension></extensions><geoidheight>-28.4</geoidheight><src>gps</src><sat>13</sat><hdop>0.79</hdop><vdop>1.37</vdop><pdop>1.58</pdop><dgpsid>0000</dgpsid></trkpt>
<trkpt lat="39.46996583333334" lon="-123.35859366666666"><ele>468.1</ele><time>2026-09-24T17:42:38.000Z</time><extensions><gpxtpx:TrackPointExtension><gpxtpx:bearing>108.01</gpxtpx:bearing><gpxtpx:speed>9.823988</gpxtpx:speed></gpxtpx:TrackPointExtension></extensions><geoidheight>-28.4</geoidheight><src>gps</src><sat>12</sat><hdop>0.88</hdop><vdop>1.43</vdop><pdop>1.68</pdop><dgpsid>0000</dgpsid></trkpt>
<trkpt lat="39.46958983333333" lon="-123.3574595"><ele>461.0</ele><time>2026-09-24T17:42:49.000Z</time><extensions><gpxtpx:TrackPointExtension><gpxtpx:bearing>112.85</gpxtpx:bearing><gpxtpx:speed>8.708586</gpxtpx:speed></gpxtpx:TrackPointExtension></extensions><geoidheight>-28.4</geoidheight><src>gps</src><sat>10</sat><hdop>1.18</hdop><vdop>1.75</vdop><pdop>2.11</pdop><dgpsid>0000</dgpsid></trkpt>
<trkpt lat="39.46924333333333" lon="-123.35656616666665"><ele>452.2</ele><time>2026-09-24T17:43:00.000Z</time><extensions><gpxtpx:TrackPointExtension><gpxtpx:bearing>119.75</gpxtpx:bearing><gpxtpx:speed>5.7041516</gpxtpx:speed></gpxtpx:TrackPointExtension></extensions><geoidheight>-28.4</geoidheight><src>gps</src><sat>12</sat><hdop>0.88</hdop><vdop>1.45</vdop><pdop>1.70</pdop><dgpsid>0000</dgpsid></trkpt>
<trkpt lat="39.468896666666666" lon="-123.35583700000001"><ele>444.8</ele><time>2026-09-24T17:43:11.000Z</time><extensions><gpxtpx:TrackPointExtension><gpxtpx:bearing>126.75</gpxtpx:bearing><gpxtpx:speed>7.8443666</gpxtpx:speed></gpxtpx:TrackPointExtension></extensions><geoidheight>-28.4</geoidheight><src>gps</src><sat>14</sat><hdop>0.88</hdop><vdop>1.46</vdop><pdop>1.71</pdop><dgpsid>0000</dgpsid></trkpt>
<trkpt lat="39.46817633333333" lon="-123.35504466666667"><ele>436.2</ele><time>2026-09-24T17:43:22.000Z</time><extensions><gpxtpx:TrackPointExtension><gpxtpx:bearing>150.18</gpxtpx:bearing><gpxtpx:speed>10.642397</gpxtpx:speed></gpxtpx:TrackPointExtension></extensions><geoidheight>-28.4</geoidheight><src>gps</src><sat>13</sat><hdop>0.79</hdop><vdop>1.40</vdop><pdop>1.60</pdop><dgpsid>0000</dgpsid></trkpt>
<trkpt lat="39.46720766666667" lon="-123.35447783333332"><ele>430.2</ele><time>2026-09-24T17:43:33.000Z</time><extensions><gpxtpx:TrackPointExtension><gpxtpx:bearing>157.23</gpxtpx:bearing><gpxtpx:speed>11.095867</gpxtpx:speed></gpxtpx:TrackPointExtension></extensions><geoidheight>-28.4</geoidheight><src>gps</src><sat>11</sat><hdop>0.98</hdop><vdop>1.56</vdop><pdop>1.84</pdop><dgpsid>0000</dgpsid></trkpt>
<trkpt lat="39.466283833333335" lon="-123.35341033333334"><ele>417.5</ele><time>2026-09-24T17:43:44.000Z</time><extensions><gpxtpx:TrackPointExtension><gpxtpx:bearing>126.82</gpxtpx:bearing><gpxtpx:speed>14.031328</gpxtpx:speed></gpxtpx:TrackPointExtension></extensions><geoidheight>-28.4</geoidheight><src>gps</src><sat>12</sat><hdop>0.88</hdop><vdop>1.43</vdop><pdop>1.68</pdop><dgpsid>0000</dgpsid></trkpt>
<trkpt lat="39.4654705" lon="-123.35185366666668"><ele>408.0</ele><time>2026-09-24T17:43:55.000Z</time><extensions><gpxtpx:TrackPointExtension><gpxtpx:bearing>133.48</gpxtpx:bearing><gpxtpx:speed>13.70242</gpxtpx:speed></gpxtpx:TrackPointExtension></extensions><geoidheight>-28.4</geoidheight><src>gps</src><sat>13</sat><hdop>0.83</hdop><vdop>1.39</vdop><pdop>1.62</pdop><dgpsid>0000</dgpsid></trkpt>
<trkpt lat="39.46429166666667" lon="-123.35089133333334"><ele>402.9</ele><time>2026-09-24T17:44:06.000Z</time><extensions><gpxtpx:TrackPointExtension><gpxtpx:bearing>163.63</gpxtpx:bearing><gpxtpx:speed>13.634992</gpxtpx:speed></gpxtpx:TrackPointExtension></extensions><geoidheight>-28.4</geoidheight><src>gps</src><sat>12</sat><hdop>0.79</hdop><vdop>1.37</vdop><pdop>1.58</pdop><dgpsid>0000</dgpsid></trkpt>
<trkpt lat="39.4628885" lon="-123.35044683333332"><ele>400.9</ele><time>2026-09-24T17:44:17.000Z</time><extensions><gpxtpx:TrackPointExtension><gpxtpx:bearing>168.21</gpxtpx:bearing><gpxtpx:speed>16.182867</gpxtpx:speed></gpxtpx:TrackPointExtension></extensions><geoidheight>-28.4</geoidheight><src>gps</src><sat>14</sat><hdop>0.71</hdop><vdop>1.28</vdop><pdop>1.47</pdop><dgpsid>0000</dgpsid></trkpt>
<trkpt lat="39.46119133333333" lon="-123.349952"><ele>398.3</ele><time>2026-09-24T17:44:28.000Z</time><extensions><gpxtpx:TrackPointExtension><gpxtpx:bearing>165.44</gpxtpx:bearing><gpxtpx:speed>18.336464</gpxtpx:speed></gpxtpx:TrackPointExtension></extensions><geoidheight>-28.4</geoidheight><src>gps</src><sat>11</sat><hdop>0.88</hdop><vdop>1.47</vdop><pdop>1.71</pdop><dgpsid>0000</dgpsid></trkpt>
<trkpt lat="39.45923883333333" lon="-123.34939533333333"><ele>395.8</ele><time>2026-09-24T17:44:39.000Z</time><extensions><gpxtpx:TrackPointExtension><gpxtpx:bearing>168.08</gpxtpx:bearing><gpxtpx:speed>20.766983</gpxtpx:speed></gpxtpx:TrackPointExtension></extensions><geoidheight>-28.4</geoidheight><src>gps</src><sat>13</sat><hdop>0.91</hdop><vdop>1.69</vdop><pdop>1.92</pdop><dgpsid>0000</dgpsid></trkpt>
<trkpt lat="39.457118333333334" lon="-123.34878849999998"><ele>393.7</ele><time>2026-09-24T17:44:50.000Z</time><extensions><gpxtpx:TrackPointExtension><gpxtpx:bearing>166.82</gpxtpx:bearing><gpxtpx:speed>22.860357</gpxtpx:speed></gpxtpx:TrackPointExtension></extensions><geoidheight>-28.4</geoidheight><src>gps</src><sat>13</sat><hdop>0.74</hdop><vdop>1.32</vdop><pdop>1.51</pdop><dgpsid>0000</dgpsid></trkpt>
<trkpt lat="39.45482366666667" lon="-123.34842433333333"><ele>393.6</ele><time>2026-09-24T17:45:01.000Z</time><extensions><gpxtpx:TrackPointExtension><gpxtpx:bearing>175.33</gpxtpx:bearing><gpxtpx:speed>23.52538</gpxtpx:speed></gpxtpx:TrackPointExtension></extensions><geoidheight>-28.4</geoidheight><src>gps</src><sat>14</sat><hdop>0.74</hdop><vdop>1.32</vdop><pdop>1.51</pdop><dgpsid>0000</dgpsid></trkpt>
<trkpt lat="39.452458" lon="-123.34817866666666"><ele>394.8</ele><time>2026-09-24T17:45:12.000Z</time><extensions><gpxtpx:TrackPointExtension><gpxtpx:bearing>175.32</gpxtpx:bearing><gpxtpx:speed>23.916569</gpxtpx:speed></gpxtpx:TrackPointExtension></extensions><geoidheight>-28.4</geoidheight><src>gps</src><sat>13</sat><hdop>0.77</hdop><vdop>1.35</vdop><pdop>1.55</pdop><dgpsid>0000</dgpsid></trkpt>
<trkpt lat="39.45008766666667" lon="-123.34816466666668"><ele>396.3</ele><time>2026-09-24T17:45:23.000Z</time><extensions><gpxtpx:TrackPointExtension><gpxtpx:bearing>192.31</gpxtpx:bearing><gpxtpx:speed>23.992231</gpxtpx:speed></gpxtpx:TrackPointExtension></extensions><geoidheight>-28.4</geoidheight><src>gps</src><sat>13</sat><hdop>0.86</hdop><vdop>1.41</vdop><pdop>1.65</pdop><dgpsid>0000</dgpsid></trkpt>
<trkpt lat="39.44797483333333" lon="-123.34954316666666"><ele>395.7</ele><time>2026-09-24T17:45:34.000Z</time><extensions><gpxtpx:TrackPointExtension><gpxtpx:bearing>213.22</gpxtpx:bearing><gpxtpx:speed>23.82289</gpxtpx:speed></gpxtpx:TrackPointExtension></extensions><geoidheight>-28.4</geoidheight><src>gps</src><sat>14</sat><hdop>0.71</hdop><vdop>1.28</vdop><pdop>1.46</pdop><dgpsid>0000</dgpsid></trkpt>
<trkpt lat="39.446010666666666" lon="-123.35120166666665"><ele>394.9</ele><time>2026-09-24T17:45:45.000Z</time><extensions><gpxtpx:TrackPointExtension><gpxtpx:bearing>213.34</gpxtpx:bearing><gpxtpx:speed>23.431185</gpxtpx:speed></gpxtpx:TrackPointExtension></extensions><geoidheight>-28.4</geoidheight><src>gps</src><sat>14</sat><hdop>0.86</hdop><vdop>1.40</vdop><pdop>1.64</pdop><dgpsid>0000</dgpsid></trkpt>
<trkpt lat="39.44395716666667" lon="-123.35289433333334"><ele>397.1</ele><time>2026-09-24T17:45:56.000Z</time><extensions><gpxtpx:TrackPointExtension><gpxtpx:bearing>212.88</gpxtpx:bearing><gpxtpx:speed>25.603313</gpxtpx:speed></gpxtpx:TrackPointExtension></extensions><geoidheight>-28.5</geoidheight><src>gps</src><sat>14</sat><hdop>0.71</hdop><vdop>1.28</vdop><pdop>1.46</pdop><dgpsid>0000</dgpsid></trkpt>
<trkpt lat="39.441811" lon="-123.35466933333333"><ele>398.0</ele><time>2026-09-24T17:46:07.000Z</time><extensions><gpxtpx:TrackPointExtension><gpxtpx:bearing>210.15</gpxtpx:bearing><gpxtpx:speed>25.410807</gpxtpx:speed></gpxtpx:TrackPointExtension></extensions><geoidheight>-28.5</geoidheight><src>gps</src><sat>14</sat><hdop>0.74</hdop><vdop>1.32</vdop><pdop>1.51</pdop><dgpsid>0000</dgpsid></trkpt>
<trkpt lat="39.43956133333334" lon="-123.35604666666669"><ele>400.3</ele><time>2026-09-24T17:46:18.000Z</time><extensions><gpxtpx:TrackPointExtension><gpxtpx:bearing>196.92</gpxtpx:bearing><gpxtpx:speed>25.840084</gpxtpx:speed></gpxtpx:TrackPointExtension></extensions><geoidheight>-28.5</geoidheight><src>gps</src><sat>14</sat><hdop>0.74</hdop><vdop>1.32</vdop><pdop>1.51</pdop><dgpsid>0000</dgpsid></trkpt>
<trkpt lat="39.437067" lon="-123.35699199999999"><ele>402.5</ele><time>2026-09-24T17:46:29.000Z</time><extensions><gpxtpx:TrackPointExtension><gpxtpx:bearing>197.02</gpxtpx:bearing><gpxtpx:speed>26.229216</gpxtpx:speed></gpxtpx:TrackPointExtension></extensions><geoidheight>-28.5</geoidheight><src>gps</src><sat>14</sat><hdop>0.74</hdop><vdop>1.32</vdop><pdop>1.51</pdop><dgpsid>0000</dgpsid></trkpt>
<trkpt lat="39.434539" lon="-123.35754533333332"><ele>403.6</ele><time>2026-09-24T17:46:40.000Z</time><extensions><gpxtpx:TrackPointExtension><gpxtpx:bearing>182.54</gpxtpx:bearing><gpxtpx:speed>26.0259</gpxtpx:speed></gpxtpx:TrackPointExtension></extensions><geoidheight>-28.5</geoidheight><src>gps</src><sat>14</sat><hdop>0.71</hdop><vdop>1.27</vdop><pdop>1.46</pdop><dgpsid>0000</dgpsid></trkpt>
<trkpt lat="39.431919" lon="-123.35724466666667"><ele>404.3</ele><time>2026-09-24T17:46:51.000Z</time><extensions><gpxtpx:TrackPointExtension><gpxtpx:bearing>168.93</gpxtpx:bearing><gpxtpx:speed>26.947252</gpxtpx:speed></gpxtpx:TrackPointExtension></extensions><geoidheight>-28.5</geoidheight><src>gps</src><sat>14</sat><hdop>0.71</hdop><vdop>1.27</vdop><pdop>1.46</pdop><dgpsid>0000</dgpsid></trkpt>
<trkpt lat="39.42938266666667" lon="-123.35621883333333"><ele>409.5</ele><time>2026-09-24T17:47:02.000Z</time><extensions><gpxtpx:TrackPointExtension><gpxtpx:bearing>155.68</gpxtpx:bearing><gpxtpx:speed>26.507679</gpxtpx:speed></gpxtpx:TrackPointExtension></extensions><geoidheight>-28.5</geoidheight><src>gps</src><sat>14</sat><hdop>0.71</hdop><vdop>1.27</vdop><pdop>1.46</pdop><dgpsid>0000</dgpsid></trkpt>
<trkpt lat="39.427116500000004" lon="-123.35452966666665"><ele>414.9</ele><time>2026-09-24T17:47:13.000Z</time><extensions><gpxtpx:TrackPointExtension><gpxtpx:bearing>144.09</gpxtpx:bearing><gpxtpx:speed>26.75629</gpxtpx:speed></gpxtpx:TrackPointExtension></extensions><geoidheight>-28.5</geoidheight><src>gps</src><sat>14</sat><hdop>0.71</hdop><vdop>1.27</vdop><pdop>1.46</pdop><dgpsid>0000</dgpsid></trkpt>
<trkpt lat="39.42515" lon="-123.35219950000001"><ele>417.2</ele><time>2026-09-24T17:47:24.000Z</time><extensions><gpxtpx:TrackPointExtension><gpxtpx:bearing>131.26</gpxtpx:bearing><gpxtpx:speed>27.27822</gpxtpx:speed></gpxtpx:TrackPointExtension></extensions><geoidheight>-28.5</geoidheight><src>gps</src><sat>14</sat><hdop>0.71</hdop><vdop>1.27</vdop><pdop>1.46</pdop><dgpsid>0000</dgpsid></trkpt>
<trkpt lat="39.423629166666665" lon="-123.34935533333334"><ele>418.2</ele><time>2026-09-24T17:47:35.000Z</time><extensions><gpxtpx:TrackPointExtension><gpxtpx:bearing>118.25</gpxtpx:bearing><gpxtpx:speed>27.398664</gpxtpx:speed></gpxtpx:TrackPointExtension></extensions><geoidheight>-28.5</geoidheight><src>gps</src><sat>15</sat><hdop>0.69</hdop><vdop>1.19</vdop><pdop>1.37</pdop><dgpsid>0000</dgpsid></trkpt>
<trkpt lat="39.422609333333334" lon="-123.34607566666666"><ele>416.6</ele><time>2026-09-24T17:47:46.000Z</time><extensions><gpxtpx:TrackPointExtension><gpxtpx:bearing>107.57</gpxtpx:bearing><gpxtpx:speed>28.219131</gpxtpx:speed></gpxtpx:TrackPointExtension></extensions><geoidheight>-28.5</geoidheight><src>gps</src><sat>15</sat><hdop>0.69</hdop><vdop>1.19</vdop><pdop>1.37</pdop><dgpsid>0000</dgpsid></trkpt>
<trkpt lat="39.421583166666665" lon="-123.34282683333335"><ele>419.6</ele><time>2026-09-24T17:47:57.000Z</time><extensions><gpxtpx:TrackPointExtension><gpxtpx:bearing>122.27</gpxtpx:bearing><gpxtpx:speed>27.238585</gpxtpx:speed></gpxtpx:TrackPointExtension></extensions><geoidheight>-28.5</geoidheight><src>gps</src><sat>16</sat><hdop>0.67</hdop><vdop>1.10</vdop><pdop>1.29</pdop><dgpsid>0000</dgpsid></trkpt>
<trkpt lat="39.4198715" lon="-123.3405495"><ele>421.6</ele><time>2026-09-24T17:48:08.000Z</time><extensions><gpxtpx:TrackPointExtension><gpxtpx:bearing>145.03</gpxtpx:bearing><gpxtpx:speed>23.869213</gpxtpx:speed></gpxtpx:TrackPointExtension></extensions><geoidheight>-28.5</geoidheight><src>gps</src><sat>16</sat><hdop>0.67</hdop><vdop>1.10</vdop><pdop>1.29</pdop><dgpsid>0000</dgpsid></trkpt>
<trkpt lat="39.4175955" lon="-123.33925683333334"><ele>420.3</ele><time>2026-09-24T17:48:19.000Z</time><extensions><gpxtpx:TrackPointExtension><gpxtpx:bearing>163.88</gpxtpx:bearing><gpxtpx:speed>25.98678</gpxtpx:speed></gpxtpx:TrackPointExtension></extensions><geoidheight>-28.5</geoidheight><src>gps</src><sat>16</sat><hdop>0.69</hdop><vdop>1.19</vdop><pdop>1.37</pdop><dgpsid>0000</dgpsid></trkpt>
<trkpt lat="39.41498716666667" lon="-123.33875533333334"><ele>419.1</ele><time>2026-09-24T17:48:30.000Z</time><extensions><gpxtpx:TrackPointExtension><gpxtpx:bearing>178.69</gpxtpx:bearing><gpxtpx:speed>27.001299</gpxtpx:speed></gpxtpx:TrackPointExtension></extensions><geoidheight>-28.5</geoidheight><src>gps</src><sat>16</sat><hdop>0.67</hdop><vdop>1.10</vdop><pdop>1.29</pdop><dgpsid>0000</dgpsid></trkpt>
<trkpt lat="39.41238383333334" lon="-123.33917216666666"><ele>421.3</ele><time>2026-09-24T17:48:41.000Z</time><extensions><gpxtpx:TrackPointExtension><gpxtpx:bearing>196.31</gpxtpx:bearing><gpxtpx:speed>25.792215</gpxtpx:speed></gpxtpx:TrackPointExtension></extensions><geoidheight>-28.5</geoidheight><src>gps</src><sat>15</sat><hdop>0.69</hdop><vdop>1.19</vdop><pdop>1.37</pdop><dgpsid>0000</dgpsid></trkpt>
<trkpt lat="39.41023466666666" lon="-123.34042216666667"><ele>421.9</ele><time>2026-09-24T17:48:52.000Z</time><extensions><gpxtpx:TrackPointExtension><gpxtpx:bearing>207.51</gpxtpx:bearing><gpxtpx:speed>22.556671</gpxtpx:speed></gpxtpx:TrackPointExtension></extensions><geoidheight>-28.5</geoidheight><src>gps</src><sat>16</sat><hdop>0.67</hdop><vdop>1.10</vdop><pdop>1.29</pdop><dgpsid>0000</dgpsid></trkpt>
<trkpt lat="39.4081265" lon="-123.34184599999999"><ele>417.7</ele><time>2026-09-24T17:49:03.000Z</time><extensions><gpxtpx:TrackPointExtension><gpxtpx:bearing>207.43</gpxtpx:bearing><gpxtpx:speed>25.23786</gpxtpx:speed></gpxtpx:TrackPointExtension></extensions><geoidheight>-28.5</geoidheight><src>gps</src><sat>17</sat><hdop>0.63</hdop><vdop>1.01</vdop><pdop>1.19</pdop><dgpsid>0000</dgpsid></trkpt>
<trkpt lat="39.40582566666667" lon="-123.34332583333335"><ele>414.8</ele><time>2026-09-24T17:49:14.000Z</time><extensions><gpxtpx:TrackPointExtension><gpxtpx:bearing>201.86</gpxtpx:bearing><gpxtpx:speed>25.705742</gpxtpx:speed></gpxtpx:TrackPointExtension></extensions><geoidheight>-28.5</geoidheight><src>gps</src><sat>17</sat><hdop>0.65</hdop><vdop>1.09</vdop><pdop>1.27</pdop><dgpsid>0000</dgpsid></trkpt>
<trkpt lat="39.403439166666665" lon="-123.3440245"><ele>416.6</ele><time>2026-09-24T17:49:25.000Z</time><extensions><gpxtpx:TrackPointExtension><gpxtpx:bearing>184.92</gpxtpx:bearing><gpxtpx:speed>24.455482</gpxtpx:speed></gpxtpx:TrackPointExtension></extensions><geoidheight>-28.5</geoidheight><src>gps</src><sat>16</sat><hdop>0.65</hdop><vdop>1.09</vdop><pdop>1.27</pdop><dgpsid>0000</dgpsid></trkpt>
<trkpt lat="39.401025499999996" lon="-123.343797"><ele>419.7</ele><time>2026-09-24T17:49:36.000Z</time><extensions><gpxtpx:TrackPointExtension><gpxtpx:bearing>167.31</gpxtpx:bearing><gpxtpx:speed>24.86623</gpxtpx:speed></gpxtpx:TrackPointExtension></extensions><geoidheight>-28.5</geoidheight><src>gps</src><sat>17</sat><hdop>0.59</hdop><vdop>0.98</vdop><pdop>1.14</pdop><dgpsid>0000</dgpsid></trkpt>
<trkpt lat="39.398756000000006" lon="-123.34267033333332"><ele>422.8</ele><time>2026-09-24T17:49:47.000Z</time><extensions><gpxtpx:TrackPointExtension><gpxtpx:bearing>150.75</gpxtpx:bearing><gpxtpx:speed>23.980907</gpxtpx:speed></gpxtpx:TrackPointExtension></extensions><geoidheight>-28.5</geoidheight><src>gps</src><sat>17</sat><hdop>0.59</hdop><vdop>0.98</vdop><pdop>1.14</pdop><dgpsid>0000</dgpsid></trkpt>
<trkpt lat="39.396959333333335" lon="-123.34088816666666"><ele>424.3</ele><time>2026-09-24T17:49:58.000Z</time><extensions><gpxtpx:TrackPointExtension><gpxtpx:bearing>134.76</gpxtpx:bearing><gpxtpx:speed>22.525274</gpxtpx:speed></gpxtpx:TrackPointExtension></extensions><geoidheight>-28.5</geoidheight><src>gps</src><sat>17</sat><hdop>0.59</hdop><vdop>0.98</vdop><pdop>1.14</pdop><dgpsid>0000</dgpsid></trkpt>
<trkpt lat="39.395458500000004" lon="-123.33861983333333"><ele>423.7</ele><time>2026-09-24T17:50:09.000Z</time><extensions><gpxtpx:TrackPointExtension><gpxtpx:bearing>131.32</gpxtpx:bearing><gpxtpx:speed>24.315477</gpxtpx:speed></gpxtpx:TrackPointExtension></extensions><geoidheight>-28.5</geoidheight><src>gps</src><sat>18</sat><hdop>0.58</hdop><vdop>0.93</vdop><pdop>1.10</pdop><dgpsid>0000</dgpsid></trkpt>
<trkpt lat="39.39363516666666" lon="-123.336683"><ele>428.5</ele><time>2026-09-24T17:50:20.000Z</time><extensions><gpxtpx:TrackPointExtension><gpxtpx:bearing>148.78</gpxtpx:bearing><gpxtpx:speed>23.114632</gpxtpx:speed></gpxtpx:TrackPointExtension></extensions><geoidheight>-28.5</geoidheight><src>gps</src><sat>18</sat><hdop>0.58</hdop><vdop>0.93</vdop><pdop>1.10</pdop><dgpsid>0000</dgpsid></trkpt>
<trkpt lat="39.3915795" lon="-123.33556366666666"><ele>433.8</ele><time>2026-09-24T17:50:31.000Z</time><extensions><gpxtpx:TrackPointExtension><gpxtpx:bearing>164.77</gpxtpx:bearing><gpxtpx:speed>22.894844</gpxtpx:speed></gpxtpx:TrackPointExtension></extensions><geoidheight>-28.5</geoidheight><src>gps</src><sat>18</sat><hdop>0.58</hdop><vdop>0.93</vdop><pdop>1.10</pdop><dgpsid>0000</dgpsid></trkpt>
<trkpt lat="39.389263" lon="-123.335085"><ele>434.7</ele><time>2026-09-24T17:50:42.000Z</time><extensions><gpxtpx:TrackPointExtension><gpxtpx:bearing>172.44</gpxtpx:bearing><gpxtpx:speed>24.82917</gpxtpx:speed></gpxtpx:TrackPointExtension></extensions><geoidheight>-28.5</geoidheight><src>gps</src><sat>18</sat><hdop>0.58</hdop><vdop>0.93</vdop><pdop>1.10</pdop><dgpsid>0000</dgpsid></trkpt>
<trkpt lat="39.38674683333333" lon="-123.33447116666666"><ele>434.3</ele><time>2026-09-24T17:50:53.000Z</time><extensions><gpxtpx:TrackPointExtension><gpxtpx:bearing>165.55</gpxtpx:bearing><gpxtpx:speed>26.438192</gpxtpx:speed></gpxtpx:TrackPointExtension></extensions><geoidheight>-28.5</geoidheight><src>gps</src><sat>18</sat><hdop>0.58</hdop><vdop>0.93</vdop><pdop>1.10</pdop><dgpsid>0000</dgpsid></trkpt>
<trkpt lat="39.3842935" lon="-123.33339183333334"><ele>438.8</ele><time>2026-09-24T17:51:04.000Z</time><extensions><gpxtpx:TrackPointExtension><gpxtpx:bearing>156.92</gpxtpx:bearing><gpxtpx:speed>26.249289</gpxtpx:speed></gpxtpx:TrackPointExtension></extensions><geoidheight>-28.5</geoidheight><src>gps</src><sat>17</sat><hdop>0.65</hdop><vdop>1.07</vdop><pdop>1.25</pdop><dgpsid>0000</dgpsid></trkpt>
<trkpt lat="39.38199016666667" lon="-123.33187983333333"><ele>443.0</ele><time>2026-09-24T17:51:15.000Z</time><extensions><gpxtpx:TrackPointExtension><gpxtpx:bearing>149.16</gpxtpx:bearing><gpxtpx:speed>26.149433</gpxtpx:speed></gpxtpx:TrackPointExtension></extensions><geoidheight>-28.5</geoidheight><src>gps</src><sat>17</sat><hdop>0.60</hdop><vdop>0.99</vdop><pdop>1.16</pdop><dgpsid>0000</dgpsid></trkpt>
<trkpt lat="39.379864500000004" lon="-123.32995100000001"><ele>447.1</ele><time>2026-09-24T17:51:26.000Z</time><extensions><gpxtpx:TrackPointExtension><gpxtpx:bearing>141.27</gpxtpx:bearing><gpxtpx:speed>26.274511</gpxtpx:speed></gpxtpx:TrackPointExtension></extensions><geoidheight>-28.5</geoidheight><src>gps</src><sat>17</sat><hdop>0.62</hdop><vdop>1.03</vdop><pdop>1.20</pdop><dgpsid>0000</dgpsid></trkpt>
<trkpt lat="39.377851" lon="-123.32784266666667"><ele>450.9</ele><time>2026-09-24T17:51:37.000Z</time><extensions><gpxtpx:TrackPointExtension><gpxtpx:bearing>140.93</gpxtpx:bearing><gpxtpx:speed>25.76751</gpxtpx:speed></gpxtpx:TrackPointExtension></extensions><geoidheight>-28.5</geoidheight><src>gps</src><sat>17</sat><hdop>0.60</hdop><vdop>0.99</vdop><pdop>1.16</pdop><dgpsid>0000</dgpsid></trkpt>
<trkpt lat="39.375907" lon="-123.32580833333334"><ele>458.0</ele><time>2026-09-24T17:51:48.000Z</time><extensions><gpxtpx:TrackPointExtension><gpxtpx:bearing>140.85</gpxtpx:bearing><gpxtpx:speed>24.941895</gpxtpx:speed></gpxtpx:TrackPointExtension></extensions><geoidheight>-28.5</geoidheight><src>gps</src><sat>18</sat><hdop>0.58</hdop><vdop>0.94</vdop><pdop>1.10</pdop><dgpsid>0000</dgpsid></trkpt>
<trkpt lat="39.374011333333335" lon="-123.32381216666666"><ele>467.0</ele><time>2026-09-24T17:51:59.000Z</time><extensions><gpxtpx:TrackPointExtension><gpxtpx:bearing>141.04</gpxtpx:bearing><gpxtpx:speed>24.472467</gpxtpx:speed></gpxtpx:TrackPointExtension></extensions><geoidheight>-28.5</geoidheight><src>gps</src><sat>18</sat><hdop>0.58</hdop><vdop>0.94</vdop><pdop>1.10</pdop><dgpsid>0000</dgpsid></trkpt>
<trkpt lat="39.37213116666667" lon="-123.32183766666667"><ele>475.6</ele><time>2026-09-24T17:52:10.000Z</time><extensions><gpxtpx:TrackPointExtension><gpxtpx:bearing>140.78</gpxtpx:bearing><gpxtpx:speed>24.493057</gpxtpx:speed></gpxtpx:TrackPointExtension></extensions><geoidheight>-28.5</geoidheight><src>gps</src><sat>18</sat><hdop>0.65</hdop><vdop>1.09</vdop><pdop>1.27</pdop><dgpsid>0000</dgpsid></trkpt>
<trkpt lat="39.37024033333333" lon="-123.31985983333334"><ele>482.1</ele><time>2026-09-24T17:52:21.000Z</time><extensions><gpxtpx:TrackPointExtension><gpxtpx:bearing>141.02</gpxtpx:bearing><gpxtpx:speed>24.271212</gpxtpx:speed></gpxtpx:TrackPointExtension></extensions><geoidheight>-28.5</geoidheight><src>gps</src><sat>18</sat><hdop>0.61</hdop><vdop>0.99</vdop><pdop>1.16</pdop><dgpsid>0000</dgpsid></trkpt>
<trkpt lat="39.368395666666665" lon="-123.31793983333334"><ele>486.1</ele><time>2026-09-24T17:52:32.000Z</time><extensions><gpxtpx:TrackPointExtension><gpxtpx:bearing>141.57</gpxtpx:bearing><gpxtpx:speed>23.833698</gpxtpx:speed></gpxtpx:TrackPointExtension></extensions><geoidheight>-28.5</geoidheight><src>gps</src><sat>18</sat><hdop>0.58</hdop><vdop>0.94</vdop><pdop>1.10</pdop><dgpsid>0000</dgpsid></trkpt>
<trkpt lat="39.3664155" lon="-123.31619866666666"><ele>486.9</ele><time>2026-09-24T17:52:43.000Z</time><extensions><gpxtpx:TrackPointExtension><gpxtpx:bearing>154.89</gpxtpx:bearing><gpxtpx:speed>24.447247</gpxtpx:speed></gpxtpx:TrackPointExtension></extensions><geoidheight>-28.5</geoidheight><src>gps</src><sat>17</sat><hdop>0.58</hdop><vdop>0.94</vdop><pdop>1.10</pdop><dgpsid>0000</dgpsid></trkpt>
<trkpt lat="39.3640685" lon="-123.31542516666666"><ele>487.0</ele><time>2026-09-24T17:52:54.000Z</time><extensions><gpxtpx:TrackPointExtension><gpxtpx:bearing>175.82</gpxtpx:bearing><gpxtpx:speed>24.944468</gpxtpx:speed></gpxtpx:TrackPointExtension></extensions><geoidheight>-28.5</geoidheight><src>gps</src><sat>18</sat><hdop>0.58</hdop><vdop>0.94</vdop><pdop>1.10</pdop><dgpsid>0000</dgpsid></trkpt>
<trkpt lat="39.362364666666664" lon="-123.31567383333335"><ele>489.6</ele><time>2026-09-24T17:53:05.000Z</time><extensions><gpxtpx:TrackPointExtension><gpxtpx:bearing>208.41</gpxtpx:bearing><gpxtpx:speed>5.7443</gpxtpx:speed></gpxtpx:TrackPointExtension></extensions><geoidheight>-28.5</geoidheight><src>gps</src><sat>16</sat><hdop>0.62</hdop><vdop>1.02</vdop><pdop>1.19</pdop><dgpsid>0000</dgpsid></trkpt>
<trkpt lat="39.362223" lon="-123.31575133333332"><ele>488.3</ele><time>2026-09-24T17:53:16.000Z</time><extensions><gpxtpx:TrackPointExtension><gpxtpx:speed>0.15441667</gpxtpx:speed></gpxtpx:TrackPointExtension></extensions><geoidheight>-28.5</geoidheight><src>gps</src><sat>15</sat><hdop>0.65</hdop><vdop>1.18</vdop><pdop>1.34</pdop><dgpsid>0000</dgpsid></trkpt>
<trkpt lat="39.362184166666665" lon="-123.31572166666668"><ele>485.4</ele><time>2026-09-24T17:57:36.000Z</time><extensions><gpxtpx:TrackPointExtension><gpxtpx:speed>0.023677222</gpxtpx:speed></gpxtpx:TrackPointExtension></extensions><geoidheight>-28.5</geoidheight><src>gps</src><sat>17</sat><hdop>0.63</hdop><vdop>1.05</vdop><pdop>1.23</pdop><dgpsid>0000</dgpsid></trkpt>
<trkpt lat="39.361886" lon="-123.31577399999999"><ele>491.0</ele><time>2026-09-24T17:59:26.000Z</time><extensions><gpxtpx:TrackPointExtension><gpxtpx:bearing>190.19</gpxtpx:bearing><gpxtpx:speed>3.2108371</gpxtpx:speed></gpxtpx:TrackPointExtension></extensions><geoidheight>-28.5</geoidheight><src>gps</src><sat>16</sat><hdop>0.63</hdop><vdop>1.07</vdop><pdop>1.24</pdop><dgpsid>0000</dgpsid></trkpt>
<trkpt lat="39.361551" lon="-123.31586199999998"><ele>492.7</ele><time>2026-09-24T17:59:37.000Z</time><extensions><gpxtpx:TrackPointExtension><gpxtpx:bearing>189.17</gpxtpx:bearing><gpxtpx:speed>4.263444</gpxtpx:speed></gpxtpx:TrackPointExtension></extensions><geoidheight>-28.5</geoidheight><src>gps</src><sat>16</sat><hdop>0.67</hdop><vdop>1.07</vdop><pdop>1.26</pdop><dgpsid>0000</dgpsid></trkpt>
<trkpt lat="39.36078633333333" lon="-123.31625316666666"><ele>495.3</ele><time>2026-09-24T17:59:48.000Z</time><extensions><gpxtpx:TrackPointExtension><gpxtpx:bearing>205.57</gpxtpx:bearing><gpxtpx:speed>11.231239</gpxtpx:speed></gpxtpx:TrackPointExtension></extensions><geoidheight>-28.5</geoidheight><src>gps</src><sat>16</sat><hdop>0.63</hdop><vdop>1.07</vdop><pdop>1.24</pdop><dgpsid>0000</dgpsid></trkpt>
<trkpt lat="39.359703833333334" lon="-123.31693666666666"><ele>498.2</ele><time>2026-09-24T17:59:59.000Z</time><extensions><gpxtpx:TrackPointExtension><gpxtpx:bearing>207.24</gpxtpx:bearing><gpxtpx:speed>12.6668</gpxtpx:speed></gpxtpx:TrackPointExtension></extensions><geoidheight>-28.5</geoidheight><src>gps</src><sat>16</sat><hdop>0.62</hdop><vdop>1.04</vdop><pdop>1.21</pdop><dgpsid>0000</dgpsid></trkpt>
<trkpt lat="39.358561" lon="-123.31767516666666"><ele>507.4</ele><time>2026-09-24T18:00:10.000Z</time><extensions><gpxtpx:TrackPointExtension><gpxtpx:bearing>205.89</gpxtpx:bearing><gpxtpx:speed>12.979236</gpxtpx:speed></gpxtpx:TrackPointExtension></extensions><geoidheight>-28.5</geoidheight><src>gps</src><sat>17</sat><hdop>0.61</hdop><vdop>1.01</vdop><pdop>1.18</pdop><dgpsid>0000</dgpsid></trkpt>
<trkpt lat="39.357444666666666" lon="-123.3184115"><ele>514.6</ele><time>2026-09-24T18:00:21.000Z</time><extensions><gpxtpx:TrackPointExtension><gpxtpx:bearing>207.91</gpxtpx:bearing><gpxtpx:speed>12.548413</gpxtpx:speed></gpxtpx:TrackPointExtension></extensions><geoidheight>-28.5</geoidheight><src>gps</src><sat>18</sat><hdop>0.61</hdop><vdop>1.01</vdop><pdop>1.18</pdop><dgpsid>0000</dgpsid></trkpt>
<trkpt lat="39.35635083333333" lon="-123.31914983333333"><ele>521.3</ele><time>2026-09-24T18:00:32.000Z</time><extensions><gpxtpx:TrackPointExtension><gpxtpx:bearing>205.79</gpxtpx:bearing><gpxtpx:speed>12.594223</gpxtpx:speed></gpxtpx:TrackPointExtension></extensions><geoidheight>-28.5</geoidheight><src>gps</src><sat>17</sat><hdop>0.61</hdop><vdop>1.01</vdop><pdop>1.18</pdop><dgpsid>0000</dgpsid></trkpt>
<trkpt lat="39.355253999999995" lon="-123.31983466666667"><ele>529.9</ele><time>2026-09-24T18:00:43.000Z</time><extensions><gpxtpx:TrackPointExtension><gpxtpx:bearing>205.77</gpxtpx:bearing><gpxtpx:speed>12.380613</gpxtpx:speed></gpxtpx:TrackPointExtension></extensions><geoidheight>-28.5</geoidheight><src>gps</src><sat>17</sat><hdop>0.61</hdop><vdop>1.01</vdop><pdop>1.18</pdop><dgpsid>0000</dgpsid></trkpt>
<trkpt lat="39.354113" lon="-123.32055716666667"><ele>539.9</ele><time>2026-09-24T18:00:54.000Z</time><extensions><gpxtpx:TrackPointExtension><gpxtpx:bearing>205.03</gpxtpx:bearing><gpxtpx:speed>13.736907</gpxtpx:speed></gpxtpx:TrackPointExtension></extensions><geoidheight>-28.5</geoidheight><src>gps</src><sat>16</sat><hdop>0.68</hdop><vdop>1.10</vdop><pdop>1.30</pdop><dgpsid>0000</dgpsid></trkpt>
<trkpt lat="39.3527585" lon="-123.32139583333334"><ele>545.2</ele><time>2026-09-24T18:01:05.000Z</time><extensions><gpxtpx:TrackPointExtension><gpxtpx:bearing>205.74</gpxtpx:bearing><gpxtpx:speed>16.637367</gpxtpx:speed></gpxtpx:TrackPointExtension></extensions><geoidheight>-28.5</geoidheight><src>gps</src><sat>16</sat><hdop>0.63</hdop><vdop>1.05</vdop><pdop>1.22</pdop><dgpsid>0000</dgpsid></trkpt>
<trkpt lat="39.351145333333335" lon="-123.32220933333335"><ele>554.7</ele><time>2026-09-24T18:01:16.000Z</time><extensions><gpxtpx:TrackPointExtension><gpxtpx:bearing>194.0</gpxtpx:bearing><gpxtpx:speed>17.784681</gpxtpx:speed></gpxtpx:TrackPointExtension></extensions><geoidheight>-28.5</geoidheight><src>gps</src><sat>17</sat><hdop>0.61</hdop><vdop>1.01</vdop><pdop>1.18</pdop><dgpsid>0000</dgpsid></trkpt>
<trkpt lat="39.349393166666665" lon="-123.322338"><ele>566.8</ele><time>2026-09-24T18:01:27.000Z</time><extensions><gpxtpx:TrackPointExtension><gpxtpx:bearing>173.74</gpxtpx:bearing><gpxtpx:speed>17.754314</gpxtpx:speed></gpxtpx:TrackPointExtension></extensions><geoidheight>-28.5</geoidheight><src>gps</src><sat>15</sat><hdop>0.67</hdop><vdop>1.17</vdop><pdop>1.35</pdop><dgpsid>0000</dgpsid></trkpt>
<trkpt lat="39.34770433333333" lon="-123.32165016666667"><ele>578.8</ele><time>2026-09-24T18:01:38.000Z</time><extensions><gpxtpx:TrackPointExtension><gpxtpx:bearing>152.8</gpxtpx:bearing><gpxtpx:speed>18.114105</gpxtpx:speed></gpxtpx:TrackPointExtension></extensions><geoidheight>-28.5</geoidheight><src>gps</src><sat>15</sat><hdop>0.70</hdop><vdop>1.22</vdop><pdop>1.41</pdop><dgpsid>0000</dgpsid></trkpt>
<trkpt lat="39.34624866666666" lon="-123.32027533333333"><ele>587.2</ele><time>2026-09-24T18:01:49.000Z</time><extensions><gpxtpx:TrackPointExtension><gpxtpx:bearing>139.74</gpxtpx:bearing><gpxtpx:speed>18.793537</gpxtpx:speed></gpxtpx:TrackPointExtension></extensions><geoidheight>-28.5</geoidheight><src>gps</src><sat>16</sat><hdop>0.72</hdop><vdop>1.30</vdop><pdop>1.48</pdop><dgpsid>0000</dgpsid></trkpt>
<trkpt lat="39.3446855" lon="-123.3186695"><ele>591.4</ele><time>2026-09-24T18:02:00.000Z</time><extensions><gpxtpx:TrackPointExtension><gpxtpx:bearing>141.76</gpxtpx:bearing><gpxtpx:speed>21.500462</gpxtpx:speed></gpxtpx:TrackPointExtension></extensions><geoidheight>-28.5</geoidheight><src>gps</src><sat>16</sat><hdop>0.61</hdop><vdop>1.03</vdop><pdop>1.19</pdop><dgpsid>0000</dgpsid></trkpt>
<trkpt lat="39.34294" lon="-123.31683283333332"><ele>594.1</ele><time>2026-09-24T18:02:11.000Z</time><extensions><gpxtpx:TrackPointExtension><gpxtpx:bearing>140.77</gpxtpx:bearing><gpxtpx:speed>23.68134</gpxtpx:speed></gpxtpx:TrackPointExtension></extensions><geoidheight>-28.5</geoidheight><src>gps</src><sat>17</sat><hdop>0.61</hdop><vdop>1.03</vdop><pdop>1.20</pdop><dgpsid>0000</dgpsid></trkpt>
<trkpt lat="39.341084333333335" lon="-123.31491216666667"><ele>595.6</ele><time>2026-09-24T18:02:22.000Z</time><extensions><gpxtpx:TrackPointExtension><gpxtpx:bearing>140.75</gpxtpx:bearing><gpxtpx:speed>23.799212</gpxtpx:speed></gpxtpx:TrackPointExtension></extensions><geoidheight>-28.5</geoidheight><src>gps</src><sat>15</sat><hdop>0.64</hdop><vdop>1.13</vdop><pdop>1.30</pdop><dgpsid>0000</dgpsid></trkpt>
<trkpt lat="39.339208666666664" lon="-123.3129235"><ele>589.9</ele><time>2026-09-24T18:02:33.000Z</time><extensions><gpxtpx:TrackPointExtension><gpxtpx:bearing>138.77</gpxtpx:bearing><gpxtpx:speed>24.96197</gpxtpx:speed></gpxtpx:TrackPointExtension></extensions><geoidheight>-28.5</geoidheight><src>gps</src><sat>16</sat><hdop>0.67</hdop><vdop>1.14</vdop><pdop>1.32</pdop><dgpsid>0000</dgpsid></trkpt>
<trkpt lat="39.3376595" lon="-123.31028716666667"><ele>583.1</ele><time>2026-09-24T18:02:44.000Z</time><extensions><gpxtpx:TrackPointExtension><gpxtpx:bearing>121.16</gpxtpx:bearing><gpxtpx:speed>26.919971</gpxtpx:speed></gpxtpx:TrackPointExtension></extensions><geoidheight>-28.5</geoidheight><src>gps</src><sat>15</sat><hdop>0.70</hdop><vdop>1.23</vdop><pdop>1.41</pdop><dgpsid>0000</dgpsid></trkpt>
<trkpt lat="39.336344833333335" lon="-123.30741266666668"><ele>580.8</ele><time>2026-09-24T18:02:55.000Z</time><extensions><gpxtpx:TrackPointExtension><gpxtpx:bearing>120.29</gpxtpx:bearing><gpxtpx:speed>25.250214</gpxtpx:speed></gpxtpx:TrackPointExtension></extensions><geoidheight>-28.5</geoidheight><src>gps</src><sat>17</sat><hdop>0.61</hdop><vdop>1.01</vdop><pdop>1.18</pdop><dgpsid>0000</dgpsid></trkpt>
<trkpt lat="39.33512333333333" lon="-123.304816"><ele>573.0</ele><time>2026-09-24T18:03:06.000Z</time><extensions><gpxtpx:TrackPointExtension><gpxtpx:bearing>127.55</gpxtpx:bearing><gpxtpx:speed>21.552963</gpxtpx:speed></gpxtpx:TrackPointExtension></extensions><geoidheight>-28.5</geoidheight><src>gps</src><sat>16</sat><hdop>0.63</hdop><vdop>1.08</vdop><pdop>1.25</pdop><dgpsid>0000</dgpsid></trkpt>
<trkpt lat="39.333138" lon="-123.30414350000001"><ele>558.9</ele><time>2026-09-24T18:03:17.000Z</time><extensions><gpxtpx:TrackPointExtension><gpxtpx:bearing>193.44</gpxtpx:bearing><gpxtpx:speed>23.734356</gpxtpx:speed></gpxtpx:TrackPointExtension></extensions><geoidheight>-28.5</geoidheight><src>gps</src><sat>16</sat><hdop>0.62</hdop><vdop>1.05</vdop><pdop>1.22</pdop><dgpsid>0000</dgpsid></trkpt>
<trkpt lat="39.330807166666666" lon="-123.30437383333334"><ele>545.6</ele><time>2026-09-24T18:03:28.000Z</time><extensions><gpxtpx:TrackPointExtension><gpxtpx:bearing>158.73</gpxtpx:bearing><gpxtpx:speed>23.768843</gpxtpx:speed></gpxtpx:TrackPointExtension></extensions><geoidheight>-28.5</geoidheight><src>gps</src><sat>15</sat><hdop>0.64</hdop><vdop>1.10</vdop><pdop>1.27</pdop><dgpsid>0000</dgpsid></trkpt>
<trkpt lat="39.32901716666667" lon="-123.30247566666667"><ele>529.9</ele><time>2026-09-24T18:03:39.000Z</time><extensions><gpxtpx:TrackPointExtension><gpxtpx:bearing>154.95</gpxtpx:bearing><gpxtpx:speed>23.15375</gpxtpx:speed></gpxtpx:TrackPointExtension></extensions><geoidheight>-28.5</geoidheight><src>gps</src><sat>16</sat><hdop>0.63</hdop><vdop>1.08</vdop><pdop>1.25</pdop><dgpsid>0000</dgpsid></trkpt>
<trkpt lat="39.3266575" lon="-123.30175116666666"><ele>515.9</ele><time>2026-09-24T18:03:50.000Z</time><extensions><gpxtpx:TrackPointExtension><gpxtpx:bearing>167.21</gpxtpx:bearing><gpxtpx:speed>25.463308</gpxtpx:speed></gpxtpx:TrackPointExtension></extensions><geoidheight>-28.5</geoidheight><src>gps</src><sat>15</sat><hdop>0.65</hdop><vdop>1.23</vdop><pdop>1.39</pdop><dgpsid>0000</dgpsid></trkpt>
<trkpt lat="39.324101166666665" lon="-123.30127983333333"><ele>500.4</ele><time>2026-09-24T18:04:01.000Z</time><extensions><gpxtpx:TrackPointExtension><gpxtpx:bearing>173.97</gpxtpx:bearing><gpxtpx:speed>26.510769</gpxtpx:speed></gpxtpx:TrackPointExtension></extensions><geoidheight>-28.5</geoidheight><src>gps</src><sat>15</sat><hdop>0.64</hdop><vdop>1.10</vdop><pdop>1.27</pdop><dgpsid>0000</dgpsid></trkpt>
<trkpt lat="39.32145466666667" lon="-123.30091733333332"><ele>485.4</ele><time>2026-09-24T18:04:12.000Z</time><extensions><gpxtpx:TrackPointExtension><gpxtpx:bearing>176.36</gpxtpx:bearing><gpxtpx:speed>27.112478</gpxtpx:speed></gpxtpx:TrackPointExtension></extensions><geoidheight>-28.6</geoidheight><src>gps</src><sat>15</sat><hdop>0.64</hdop><vdop>1.10</vdop><pdop>1.27</pdop><dgpsid>0000</dgpsid></trkpt>
<trkpt lat="39.31882383333333" lon="-123.30142099999999"><ele>473.2</ele><time>2026-09-24T18:04:23.000Z</time><extensions><gpxtpx:TrackPointExtension><gpxtpx:bearing>191.46</gpxtpx:bearing><gpxtpx:speed>25.453014</gpxtpx:speed></gpxtpx:TrackPointExtension></extensions><geoidheight>-28.6</geoidheight><src>gps</src><sat>14</sat><hdop>0.65</hdop><vdop>1.24</vdop><pdop>1.40</pdop><dgpsid>0000</dgpsid></trkpt>
<trkpt lat="39.31644683333333" lon="-123.30093016666666"><ele>458.1</ele><time>2026-09-24T18:04:34.000Z</time><extensions><gpxtpx:TrackPointExtension><gpxtpx:bearing>147.31</gpxtpx:bearing><gpxtpx:speed>25.752583</gpxtpx:speed></gpxtpx:TrackPointExtension></extensions><geoidheight>-28.6</geoidheight><src>gps</src><sat>15</sat><hdop>0.65</hdop><vdop>1.15</vdop><pdop>1.32</pdop><dgpsid>0000</dgpsid></trkpt>
<trkpt lat="39.31455116666667" lon="-123.29856749999999"><ele>439.3</ele><time>2026-09-24T18:04:45.000Z</time><extensions><gpxtpx:TrackPointExtension><gpxtpx:bearing>142.67</gpxtpx:bearing><gpxtpx:speed>27.748674</gpxtpx:speed></gpxtpx:TrackPointExtension></extensions><geoidheight>-28.6</geoidheight><src>gps</src><sat>14</sat><hdop>0.70</hdop><vdop>1.29</vdop><pdop>1.47</pdop><dgpsid>0000</dgpsid></trkpt>
<trkpt lat="39.311971666666665" lon="-123.29790866666666"><ele>426.5</ele><time>2026-09-24T18:04:56.000Z</time><extensions><gpxtpx:TrackPointExtension><gpxtpx:bearing>193.44</gpxtpx:bearing><gpxtpx:speed>26.87622</gpxtpx:speed></gpxtpx:TrackPointExtension></extensions><geoidheight>-28.6</geoidheight><src>gps</src><sat>14</sat><hdop>0.65</hdop><vdop>1.24</vdop><pdop>1.40</pdop><dgpsid>0000</dgpsid></trkpt>
<trkpt lat="39.309558833333334" lon="-123.29956533333333"><ele>422.8</ele><time>2026-09-24T18:05:07.000Z</time><extensions><gpxtpx:TrackPointExtension><gpxtpx:bearing>211.08</gpxtpx:bearing><gpxtpx:speed>28.086332</gpxtpx:speed></gpxtpx:TrackPointExtension></extensions><geoidheight>-28.6</geoidheight><src>gps</src><sat>13</sat><hdop>0.67</hdop><vdop>1.34</vdop><pdop>1.50</pdop><dgpsid>0000</dgpsid></trkpt>
<trkpt lat="39.307168000000004" lon="-123.30075116666667"><ele>425.1</ele><time>2026-09-24T18:05:18.000Z</time><extensions><gpxtpx:TrackPointExtension><gpxtpx:bearing>182.16</gpxtpx:bearing><gpxtpx:speed>26.06296</gpxtpx:speed></gpxtpx:TrackPointExtension></extensions><geoidheight>-28.6</geoidheight><src>gps</src><sat>15</sat><hdop>0.64</hdop><vdop>1.17</vdop><pdop>1.34</pdop><dgpsid>0000</dgpsid></trkpt>
<trkpt lat="39.304601166666664" lon="-123.2996495"><ele>422.3</ele><time>2026-09-24T18:05:29.000Z</time><extensions><gpxtpx:TrackPointExtension><gpxtpx:bearing>149.34</gpxtpx:bearing><gpxtpx:speed>28.774002</gpxtpx:speed></gpxtpx:TrackPointExtension></extensions><geoidheight>-28.6</geoidheight><src>gps</src><sat>15</sat><hdop>0.65</hdop><vdop>1.15</vdop><pdop>1.32</pdop><dgpsid>0000</dgpsid></trkpt>
<trkpt lat="39.302405" lon="-123.2973765"><ele>422.0</ele><time>2026-09-24T18:05:40.000Z</time><extensions><gpxtpx:TrackPointExtension><gpxtpx:bearing>140.59</gpxtpx:bearing><gpxtpx:speed>27.448591</gpxtpx:speed></gpxtpx:TrackPointExtension></extensions><geoidheight>-28.6</geoidheight><src>gps</src><sat>15</sat><hdop>0.65</hdop><vdop>1.15</vdop><pdop>1.32</pdop><dgpsid>0000</dgpsid></trkpt>
<trkpt lat="39.30067716666667" lon="-123.29496816666666"><ele>422.3</ele><time>2026-09-24T18:05:51.000Z</time><extensions><gpxtpx:TrackPointExtension><gpxtpx:bearing>119.55</gpxtpx:bearing><gpxtpx:speed>25.872513</gpxtpx:speed></gpxtpx:TrackPointExtension></extensions><geoidheight>-28.6</geoidheight><src>gps</src><sat>15</sat><hdop>0.65</hdop><vdop>1.15</vdop><pdop>1.32</pdop><dgpsid>0000</dgpsid></trkpt>
<trkpt lat="39.299875" lon="-123.29193983333334"><ele>420.1</ele><time>2026-09-24T18:06:02.000Z</time><extensions><gpxtpx:TrackPointExtension><gpxtpx:bearing>91.1</gpxtpx:bearing><gpxtpx:speed>24.610415</gpxtpx:speed></gpxtpx:TrackPointExtension></extensions><geoidheight>-28.6</geoidheight><src>gps</src><sat>15</sat><hdop>0.69</hdop><vdop>1.23</vdop><pdop>1.41</pdop><dgpsid>0000</dgpsid></trkpt>
<trkpt lat="39.29996583333333" lon="-123.28876166666666"><ele>416.9</ele><time>2026-09-24T18:06:13.000Z</time><extensions><gpxtpx:TrackPointExtension><gpxtpx:bearing>103.36</gpxtpx:bearing><gpxtpx:speed>24.467836</gpxtpx:speed></gpxtpx:TrackPointExtension></extensions><geoidheight>-28.6</geoidheight><src>gps</src><sat>16</sat><hdop>0.69</hdop><vdop>1.23</vdop><pdop>1.41</pdop><dgpsid>0000</dgpsid></trkpt>
<trkpt lat="39.299149166666666" lon="-123.285952"><ele>411.8</ele><time>2026-09-24T18:06:24.000Z</time><extensions><gpxtpx:TrackPointExtension><gpxtpx:bearing>128.54</gpxtpx:bearing><gpxtpx:speed>23.94745</gpxtpx:speed></gpxtpx:TrackPointExtension></extensions><geoidheight>-28.6</geoidheight><src>gps</src><sat>15</sat><hdop>0.69</hdop><vdop>1.23</vdop><pdop>1.41</pdop><dgpsid>0000</dgpsid></trkpt>
<trkpt lat="39.297574166666664" lon="-123.28338983333333"><ele>402.6</ele><time>2026-09-24T18:06:35.000Z</time><extensions><gpxtpx:TrackPointExtension><gpxtpx:bearing>128.81</gpxtpx:bearing><gpxtpx:speed>26.168993</gpxtpx:speed></gpxtpx:TrackPointExtension></extensions><geoidheight>-28.6</geoidheight><src>gps</src><sat>15</sat><hdop>0.65</hdop><vdop>1.16</vdop><pdop>1.32</pdop><dgpsid>0000</dgpsid></trkpt>
<trkpt lat="39.296566" lon="-123.28035933333334"><ele>391.4</ele><time>2026-09-24T18:06:46.000Z</time><extensions><gpxtpx:TrackPointExtension><gpxtpx:bearing>107.61</gpxtpx:bearing><gpxtpx:speed>26.078917</gpxtpx:speed></gpxtpx:TrackPointExtension></extensions><geoidheight>-28.6</geoidheight><src>gps</src><sat>15</sat><hdop>0.69</hdop><vdop>1.23</vdop><pdop>1.41</pdop><dgpsid>0000</dgpsid></trkpt>
<trkpt lat="39.2949675" lon="-123.27795900000001"><ele>382.8</ele><time>2026-09-24T18:06:57.000Z</time><extensions><gpxtpx:TrackPointExtension><gpxtpx:bearing>143.21</gpxtpx:bearing><gpxtpx:speed>24.783875</gpxtpx:speed></gpxtpx:TrackPointExtension></extensions><geoidheight>-28.6</geoidheight><src>gps</src><sat>16</sat><hdop>0.65</hdop><vdop>1.13</vdop><pdop>1.30</pdop><dgpsid>0000</dgpsid></trkpt>
<trkpt lat="39.29365" lon="-123.27536966666666"><ele>376.4</ele><time>2026-09-24T18:07:08.000Z</time><extensions><gpxtpx:TrackPointExtension><gpxtpx:bearing>103.28</gpxtpx:bearing><gpxtpx:speed>25.979574</gpxtpx:speed></gpxtpx:TrackPointExtension></extensions><geoidheight>-28.6</geoidheight><src>gps</src><sat>15</sat><hdop>0.69</hdop><vdop>1.23</vdop><pdop>1.41</pdop><dgpsid>0000</dgpsid></trkpt>
<trkpt lat="39.293057" lon="-123.2721015"><ele>366.2</ele><time>2026-09-24T18:07:19.000Z</time><extensions><gpxtpx:TrackPointExtension><gpxtpx:bearing>116.74</gpxtpx:bearing><gpxtpx:speed>27.503668</gpxtpx:speed></gpxtpx:TrackPointExtension></extensions><geoidheight>-28.6</geoidheight><src>gps</src><sat>15</sat><hdop>0.65</hdop><vdop>1.16</vdop><pdop>1.33</pdop><dgpsid>0000</dgpsid></trkpt>
<trkpt lat="39.29126183333334" lon="-123.26935783333332"><ele>352.5</ele><time>2026-09-24T18:07:30.000Z</time><extensions><gpxtpx:TrackPointExtension><gpxtpx:bearing>132.87</gpxtpx:bearing><gpxtpx:speed>29.109085</gpxtpx:speed></gpxtpx:TrackPointExtension></extensions><geoidheight>-28.6</geoidheight><src>gps</src><sat>14</sat><hdop>0.69</hdop><vdop>1.21</vdop><pdop>1.39</pdop><dgpsid>0000</dgpsid></trkpt>
<trkpt lat="39.28959283333334" lon="-123.26622083333332"><ele>331.7</ele><time>2026-09-24T18:07:41.000Z</time><extensions><gpxtpx:TrackPointExtension><gpxtpx:bearing>123.66</gpxtpx:bearing><gpxtpx:speed>30.257946</gpxtpx:speed></gpxtpx:TrackPointExtension></extensions><geoidheight>-28.6</geoidheight><src>gps</src><sat>14</sat><hdop>0.65</hdop><vdop>1.27</vdop><pdop>1.43</pdop><dgpsid>0000</dgpsid></trkpt>
<trkpt lat="39.28743933333333" lon="-123.26369150000001"><ele>329.1</ele><time>2026-09-24T18:07:52.000Z</time><extensions><gpxtpx:TrackPointExtension><gpxtpx:bearing>149.09</gpxtpx:bearing><gpxtpx:speed>28.829077</gpxtpx:speed></gpxtpx:TrackPointExtension></extensions><geoidheight>-28.6</geoidheight><src>gps</src><sat>14</sat><hdop>0.65</hdop><vdop>1.27</vdop><pdop>1.43</pdop><dgpsid>0000</dgpsid></trkpt>
<trkpt lat="39.28500233333333" lon="-123.26181316666667"><ele>327.4</ele><time>2026-09-24T18:08:03.000Z</time><extensions><gpxtpx:TrackPointExtension><gpxtpx:bearing>145.96</gpxtpx:bearing><gpxtpx:speed>28.215528</gpxtpx:speed></gpxtpx:TrackPointExtension></extensions><geoidheight>-28.6</geoidheight><src>gps</src><sat>14</sat><hdop>0.67</hdop><vdop>1.19</vdop><pdop>1.36</pdop><dgpsid>0000</dgpsid></trkpt>
<trkpt lat="39.28274116666667" lon="-123.25960416666666"><ele>309.9</ele><time>2026-09-24T18:08:14.000Z</time><extensions><gpxtpx:TrackPointExtension><gpxtpx:bearing>148.75</gpxtpx:bearing><gpxtpx:speed>29.311886</gpxtpx:speed></gpxtpx:TrackPointExtension></extensions><geoidheight>-28.6</geoidheight><src>gps</src><sat>14</sat><hdop>0.67</hdop><vdop>1.29</vdop><pdop>1.46</pdop><dgpsid>0000</dgpsid></trkpt>
<trkpt lat="39.27992583333333" lon="-123.25858916666667"><ele>291.1</ele><time>2026-09-24T18:08:25.000Z</time><extensions><gpxtpx:TrackPointExtension><gpxtpx:bearing>168.86</gpxtpx:bearing><gpxtpx:speed>30.01757</gpxtpx:speed></gpxtpx:TrackPointExtension></extensions><geoidheight>-28.6</geoidheight><src>gps</src><sat>14</sat><hdop>0.65</hdop><vdop>1.28</vdop><pdop>1.43</pdop><dgpsid>0000</dgpsid></trkpt>
<trkpt lat="39.277295" lon="-123.25691366666666"><ele>272.7</ele><time>2026-09-24T18:08:36.000Z</time><extensions><gpxtpx:TrackPointExtension><gpxtpx:bearing>134.55</gpxtpx:bearing><gpxtpx:speed>30.104044</gpxtpx:speed></gpxtpx:TrackPointExtension></extensions><geoidheight>-28.6</geoidheight><src>gps</src><sat>15</sat><hdop>0.65</hdop><vdop>1.17</vdop><pdop>1.33</pdop><dgpsid>0000</dgpsid></trkpt>
<trkpt lat="39.27556916666666" lon="-123.253922"><ele>264.1</ele><time>2026-09-24T18:08:47.000Z</time><extensions><gpxtpx:TrackPointExtension><gpxtpx:bearing>125.81</gpxtpx:bearing><gpxtpx:speed>28.253103</gpxtpx:speed></gpxtpx:TrackPointExtension></extensions><geoidheight>-28.6</geoidheight><src>gps</src><sat>15</sat><hdop>0.65</hdop><vdop>1.17</vdop><pdop>1.33</pdop><dgpsid>0000</dgpsid></trkpt>
<trkpt lat="39.27392966666666" lon="-123.2509455"><ele>262.4</ele><time>2026-09-24T18:08:58.000Z</time><extensions><gpxtpx:TrackPointExtension><gpxtpx:bearing>124.83</gpxtpx:bearing><gpxtpx:speed>28.595907</gpxtpx:speed></gpxtpx:TrackPointExtension></extensions><geoidheight>-28.6</geoidheight><src>gps</src><sat>15</sat><hdop>0.69</hdop><vdop>1.22</vdop><pdop>1.40</pdop><dgpsid>0000</dgpsid></trkpt>
<trkpt lat="39.272461166666666" lon="-123.24790283333331"><ele>258.8</ele><time>2026-09-24T18:09:09.000Z</time><extensions><gpxtpx:TrackPointExtension><gpxtpx:bearing>116.71</gpxtpx:bearing><gpxtpx:speed>28.778635</gpxtpx:speed></gpxtpx:TrackPointExtension></extensions><geoidheight>-28.6</geoidheight><src>gps</src><sat>16</sat><hdop>0.63</hdop><vdop>1.12</vdop><pdop>1.29</pdop><dgpsid>0000</dgpsid></trkpt>
<trkpt lat="39.271348833333334" lon="-123.24443966666668"><ele>245.0</ele><time>2026-09-24T18:09:20.000Z</time><extensions><gpxtpx:TrackPointExtension><gpxtpx:bearing>111.04</gpxtpx:bearing><gpxtpx:speed>29.960436</gpxtpx:speed></gpxtpx:TrackPointExtension></extensions><geoidheight>-28.5</geoidheight><src>gps</src><sat>17</sat><hdop>0.61</hdop><vdop>1.05</vdop><pdop>1.21</pdop><dgpsid>0000</dgpsid></trkpt>
<trkpt lat="39.27029766666667" lon="-123.24089483333334"><ele>232.7</ele><time>2026-09-24T18:09:31.000Z</time><extensions><gpxtpx:TrackPointExtension><gpxtpx:bearing>110.82</gpxtpx:bearing><gpxtpx:speed>29.02673</gpxtpx:speed></gpxtpx:TrackPointExtension></extensions><geoidheight>-28.5</geoidheight><src>gps</src><sat>17</sat><hdop>0.64</hdop><vdop>1.05</vdop><pdop>1.23</pdop><dgpsid>0000</dgpsid></trkpt>
<trkpt lat="39.26926533333334" lon="-123.23743449999999"><ele>229.3</ele><time>2026-09-24T18:09:42.000Z</time><extensions><gpxtpx:TrackPointExtension><gpxtpx:bearing>112.28</gpxtpx:bearing><gpxtpx:speed>29.30468</gpxtpx:speed></gpxtpx:TrackPointExtension></extensions><geoidheight>-28.5</geoidheight><src>gps</src><sat>15</sat><hdop>0.66</hdop><vdop>1.12</vdop><pdop>1.30</pdop><dgpsid>0000</dgpsid></trkpt>
<trkpt lat="39.267870333333335" lon="-123.23425616666667"><ele>235.9</ele><time>2026-09-24T18:09:53.000Z</time><extensions><gpxtpx:TrackPointExtension><gpxtpx:bearing>126.72</gpxtpx:bearing><gpxtpx:speed>28.019419</gpxtpx:speed></gpxtpx:TrackPointExtension></extensions><geoidheight>-28.5</geoidheight><src>gps</src><sat>17</sat><hdop>0.61</hdop><vdop>1.05</vdop><pdop>1.22</pdop><dgpsid>0000</dgpsid></trkpt>
<trkpt lat="39.26613933333333" lon="-123.23146899999999"><ele>237.7</ele><time>2026-09-24T18:10:04.000Z</time><extensions><gpxtpx:TrackPointExtension><gpxtpx:bearing>128.66</gpxtpx:bearing><gpxtpx:speed>28.176409</gpxtpx:speed></gpxtpx:TrackPointExtension></extensions><geoidheight>-28.5</geoidheight><src>gps</src><sat>16</sat><hdop>0.62</hdop><vdop>1.11</vdop><pdop>1.27</pdop><dgpsid>0000</dgpsid></trkpt>
<trkpt lat="39.264681833333334" lon="-123.22842566666668"><ele>237.6</ele><time>2026-09-24T18:10:15.000Z</time><extensions><gpxtpx:TrackPointExtension><gpxtpx:bearing>115.62</gpxtpx:bearing><gpxtpx:speed>27.906694</gpxtpx:speed></gpxtpx:TrackPointExtension></extensions><geoidheight>-28.5</geoidheight><src>gps</src><sat>16</sat><hdop>0.62</hdop><vdop>1.11</vdop><pdop>1.27</pdop><dgpsid>0000</dgpsid></trkpt>
<trkpt lat="39.263437833333334" lon="-123.2252615"><ele>236.3</ele><time>2026-09-24T18:10:26.000Z</time><extensions><gpxtpx:TrackPointExtension><gpxtpx:bearing>121.43</gpxtpx:bearing><gpxtpx:speed>28.106922</gpxtpx:speed></gpxtpx:TrackPointExtension></extensions><geoidheight>-28.5</geoidheight><src>gps</src><sat>15</sat><hdop>0.65</hdop><vdop>1.11</vdop><pdop>1.29</pdop><dgpsid>0000</dgpsid></trkpt>
<trkpt lat="39.2615805" lon="-123.22262866666667"><ele>236.4</ele><time>2026-09-24T18:10:37.000Z</time><extensions><gpxtpx:TrackPointExtension><gpxtpx:bearing>140.71</gpxtpx:bearing><gpxtpx:speed>28.289648</gpxtpx:speed></gpxtpx:TrackPointExtension></extensions><geoidheight>-28.5</geoidheight><src>gps</src><sat>16</sat><hdop>0.64</hdop><vdop>1.15</vdop><pdop>1.32</pdop><dgpsid>0000</dgpsid></trkpt>
<trkpt lat="39.25937866666666" lon="-123.22038083333334"><ele>237.1</ele><time>2026-09-24T18:10:48.000Z</time><extensions><gpxtpx:TrackPointExtension><gpxtpx:bearing>137.96</gpxtpx:bearing><gpxtpx:speed>28.569656</gpxtpx:speed></gpxtpx:TrackPointExtension></extensions><geoidheight>-28.5</geoidheight><src>gps</src><sat>16</sat><hdop>0.64</hdop><vdop>1.21</vdop><pdop>1.37</pdop><dgpsid>0000</dgpsid></trkpt>
<trkpt lat="39.2575425" lon="-123.21760449999998"><ele>235.9</ele><time>2026-09-24T18:10:59.000Z</time><extensions><gpxtpx:TrackPointExtension><gpxtpx:bearing>128.71</gpxtpx:bearing><gpxtpx:speed>28.813635</gpxtpx:speed></gpxtpx:TrackPointExtension></extensions><geoidheight>-28.5</geoidheight><src>gps</src><sat>15</sat><hdop>0.64</hdop><vdop>1.21</vdop><pdop>1.37</pdop><dgpsid>0000</dgpsid></trkpt>
<trkpt lat="39.2555955" lon="-123.21482599999999"><ele>225.9</ele><time>2026-09-24T18:11:10.000Z</time><extensions><gpxtpx:TrackPointExtension><gpxtpx:bearing>138.16</gpxtpx:bearing><gpxtpx:speed>29.583145</gpxtpx:speed></gpxtpx:TrackPointExtension></extensions><geoidheight>-28.5</geoidheight><src>gps</src><sat>15</sat><hdop>0.68</hdop><vdop>1.25</vdop><pdop>1.42</pdop><dgpsid>0000</dgpsid></trkpt>
<trkpt lat="39.25324333333333" lon="-123.21280183333334"><ele>223.1</ele><time>2026-09-24T18:11:21.000Z</time><extensions><gpxtpx:TrackPointExtension><gpxtpx:bearing>153.61</gpxtpx:bearing><gpxtpx:speed>28.059566</gpxtpx:speed></gpxtpx:TrackPointExtension></extensions><geoidheight>-28.5</geoidheight><src>gps</src><sat>15</sat><hdop>0.64</hdop><vdop>1.21</vdop><pdop>1.37</pdop><dgpsid>0000</dgpsid></trkpt>
<trkpt lat="39.2507455" lon="-123.2113925"><ele>231.6</ele><time>2026-09-24T18:11:32.000Z</time><extensions><gpxtpx:TrackPointExtension><gpxtpx:bearing>156.34</gpxtpx:bearing><gpxtpx:speed>26.956518</gpxtpx:speed></gpxtpx:TrackPointExtension></extensions><geoidheight>-28.5</geoidheight><src>gps</src><sat>16</sat><hdop>0.64</hdop><vdop>1.21</vdop><pdop>1.37</pdop><dgpsid>0000</dgpsid></trkpt>
<trkpt lat="39.2483805" lon="-123.209921"><ele>239.6</ele><time>2026-09-24T18:11:43.000Z</time><extensions><gpxtpx:TrackPointExtension><gpxtpx:bearing>153.5</gpxtpx:bearing><gpxtpx:speed>26.524666</gpxtpx:speed></gpxtpx:TrackPointExtension></extensions><geoidheight>-28.5</geoidheight><src>gps</src><sat>16</sat><hdop>0.63</hdop><vdop>1.11</vdop><pdop>1.28</pdop><dgpsid>0000</dgpsid></trkpt>
<trkpt lat="39.24594466666667" lon="-123.20855266666668"><ele>242.6</ele><time>2026-09-24T18:11:54.000Z</time><extensions><gpxtpx:TrackPointExtension><gpxtpx:bearing>156.76</gpxtpx:bearing><gpxtpx:speed>27.422855</gpxtpx:speed></gpxtpx:TrackPointExtension></extensions><geoidheight>-28.5</geoidheight><src>gps</src><sat>16</sat><hdop>0.63</hdop><vdop>1.11</vdop><pdop>1.28</pdop><dgpsid>0000</dgpsid></trkpt>
<trkpt lat="39.24334983333333" lon="-123.20749550000001"><ele>243.6</ele><time>2026-09-24T18:12:05.000Z</time><extensions><gpxtpx:TrackPointExtension><gpxtpx:bearing>171.45</gpxtpx:bearing><gpxtpx:speed>27.928312</gpxtpx:speed></gpxtpx:TrackPointExtension></extensions><geoidheight>-28.5</geoidheight><src>gps</src><sat>16</sat><hdop>0.63</hdop><vdop>1.11</vdop><pdop>1.28</pdop><dgpsid>0000</dgpsid></trkpt>
<trkpt lat="39.240562" lon="-123.20751183333331"><ele>244.1</ele><time>2026-09-24T18:12:16.000Z</time><extensions><gpxtpx:TrackPointExtension><gpxtpx:bearing>186.93</gpxtpx:bearing><gpxtpx:speed>28.44355</gpxtpx:speed></gpxtpx:TrackPointExtension></extensions><geoidheight>-28.5</geoidheight><src>gps</src><sat>15</sat><hdop>0.64</hdop><vdop>1.21</vdop><pdop>1.37</pdop><dgpsid>0000</dgpsid></trkpt>
<trkpt lat="39.23768433333333" lon="-123.20794400000001"><ele>237.5</ele><time>2026-09-24T18:12:27.000Z</time><extensions><gpxtpx:TrackPointExtension><gpxtpx:bearing>186.77</gpxtpx:bearing><gpxtpx:speed>30.252798</gpxtpx:speed></gpxtpx:TrackPointExtension></extensions><geoidheight>-28.5</geoidheight><src>gps</src><sat>14</sat><hdop>0.66</hdop><vdop>1.26</vdop><pdop>1.42</pdop><dgpsid>0000</dgpsid></trkpt>
<trkpt lat="39.234747999999996" lon="-123.20836800000001"><ele>239.2</ele><time>2026-09-24T18:12:38.000Z</time><extensions><gpxtpx:TrackPointExtension><gpxtpx:bearing>184.63</gpxtpx:bearing><gpxtpx:speed>28.73334</gpxtpx:speed></gpxtpx:TrackPointExtension></extensions><geoidheight>-28.6</geoidheight><src>gps</src><sat>14</sat><hdop>0.66</hdop><vdop>1.26</vdop><pdop>1.42</pdop><dgpsid>0000</dgpsid></trkpt>
<trkpt lat="39.23187266666666" lon="-123.20821566666667"><ele>234.4</ele><time>2026-09-24T18:12:49.000Z</time><extensions><gpxtpx:TrackPointExtension><gpxtpx:bearing>175.79</gpxtpx:bearing><gpxtpx:speed>29.837418</gpxtpx:speed></gpxtpx:TrackPointExtension></extensions><geoidheight>-28.6</geoidheight><src>gps</src><sat>16</sat><hdop>0.63</hdop><vdop>1.11</vdop><pdop>1.28</pdop><dgpsid>0000</dgpsid></trkpt>
<trkpt lat="39.22896816666666" lon="-123.20793116666667"><ele>231.6</ele><time>2026-09-24T18:13:00.000Z</time><extensions><gpxtpx:TrackPointExtension><gpxtpx:bearing>175.55</gpxtpx:bearing><gpxtpx:speed>29.178059</gpxtpx:speed></gpxtpx:TrackPointExtension></extensions><geoidheight>-28.6</geoidheight><src>gps</src><sat>15</sat><hdop>0.64</hdop><vdop>1.22</vdop><pdop>1.38</pdop><dgpsid>0000</dgpsid></trkpt>
<trkpt lat="39.22608533333334" lon="-123.20764883333335"><ele>228.7</ele><time>2026-09-24T18:13:11.000Z</time><extensions><gpxtpx:TrackPointExtension><gpxtpx:bearing>176.0</gpxtpx:bearing><gpxtpx:speed>29.197618</gpxtpx:speed></gpxtpx:TrackPointExtension></extensions><geoidheight>-28.6</geoidheight><src>gps</src><sat>16</sat><hdop>0.63</hdop><vdop>1.12</vdop><pdop>1.28</pdop><dgpsid>0000</dgpsid></trkpt>
<trkpt lat="39.22320116666666" lon="-123.20735916666666"><ele>227.1</ele><time>2026-09-24T18:13:22.000Z</time><extensions><gpxtpx:TrackPointExtension><gpxtpx:bearing>175.67</gpxtpx:bearing><gpxtpx:speed>29.325785</gpxtpx:speed></gpxtpx:TrackPointExtension></extensions><geoidheight>-28.6</geoidheight><src>gps</src><sat>16</sat><hdop>0.63</hdop><vdop>1.12</vdop><pdop>1.28</pdop><dgpsid>0000</dgpsid></trkpt>
<trkpt lat="39.220299" lon="-123.20706766666666"><ele>225.2</ele><time>2026-09-24T18:13:33.000Z</time><extensions><gpxtpx:TrackPointExtension><gpxtpx:bearing>175.66</gpxtpx:bearing><gpxtpx:speed>29.437994</gpxtpx:speed></gpxtpx:TrackPointExtension></extensions><geoidheight>-28.6</geoidheight><src>gps</src><sat>15</sat><hdop>0.64</hdop><vdop>1.22</vdop><pdop>1.38</pdop><dgpsid>0000</dgpsid></trkpt>
<trkpt lat="39.217394166666665" lon="-123.2065995"><ele>222.6</ele><time>2026-09-24T18:13:44.000Z</time><extensions><gpxtpx:TrackPointExtension><gpxtpx:bearing>165.17</gpxtpx:bearing><gpxtpx:speed>29.77874</gpxtpx:speed></gpxtpx:TrackPointExtension></extensions><geoidheight>-28.6</geoidheight><src>gps</src><sat>15</sat><hdop>0.64</hdop><vdop>1.22</vdop><pdop>1.38</pdop><dgpsid>0000</dgpsid></trkpt>
<trkpt lat="39.214564" lon="-123.20549733333334"><ele>220.2</ele><time>2026-09-24T18:13:55.000Z</time><extensions><gpxtpx:TrackPointExtension><gpxtpx:bearing>163.0</gpxtpx:bearing><gpxtpx:speed>29.552776</gpxtpx:speed></gpxtpx:TrackPointExtension></extensions><geoidheight>-28.6</geoidheight><src>gps</src><sat>15</sat><hdop>0.64</hdop><vdop>1.22</vdop><pdop>1.38</pdop><dgpsid>0000</dgpsid></trkpt>
<trkpt lat="39.21177216666667" lon="-123.20463983333333"><ele>216.3</ele><time>2026-09-24T18:14:06.000Z</time><extensions><gpxtpx:TrackPointExtension><gpxtpx:bearing>177.05</gpxtpx:bearing><gpxtpx:speed>29.040628</gpxtpx:speed></gpxtpx:TrackPointExtension></extensions><geoidheight>-28.6</geoidheight><src>gps</src><sat>16</sat><hdop>0.63</hdop><vdop>1.12</vdop><pdop>1.28</pdop><dgpsid>0000</dgpsid></trkpt>
<trkpt lat="39.20896783333333" lon="-123.20533449999999"><ele>212.1</ele><time>2026-09-24T18:14:17.000Z</time><extensions><gpxtpx:TrackPointExtension><gpxtpx:bearing>197.02</gpxtpx:bearing><gpxtpx:speed>28.724588</gpxtpx:speed></gpxtpx:TrackPointExtension></extensions><geoidheight>-28.6</geoidheight><src>gps</src><sat>15</sat><hdop>0.64</hdop><vdop>1.22</vdop><pdop>1.38</pdop><dgpsid>0000</dgpsid></trkpt>
<trkpt lat="39.206256833333335" lon="-123.20642166666667"><ele>204.8</ele><time>2026-09-24T18:14:28.000Z</time><extensions><gpxtpx:TrackPointExtension><gpxtpx:bearing>197.01</gpxtpx:bearing><gpxtpx:speed>28.626276</gpxtpx:speed></gpxtpx:TrackPointExtension></extensions><geoidheight>-28.6</geoidheight><src>gps</src><sat>15</sat><hdop>0.64</hdop><vdop>1.22</vdop><pdop>1.38</pdop><dgpsid>0000</dgpsid></trkpt>
<trkpt lat="39.2037975" lon="-123.20740099999999"><ele>200.8</ele><time>2026-09-24T18:14:38.000Z</time><extensions><gpxtpx:TrackPointExtension><gpxtpx:bearing>197.34</gpxtpx:bearing><gpxtpx:speed>28.512524</gpxtpx:speed></gpxtpx:TrackPointExtension></extensions><geoidheight>-28.6</geoidheight><src>gps</src><sat>14</sat><hdop>0.67</hdop><vdop>1.27</vdop><pdop>1.44</pdop><dgpsid>0000</dgpsid></trkpt>
<trkpt lat="39.201090666666666" lon="-123.20848149999999"><ele>200.2</ele><time>2026-09-24T18:14:49.000Z</time><extensions><gpxtpx:TrackPointExtension><gpxtpx:bearing>197.13</gpxtpx:bearing><gpxtpx:speed>28.591276</gpxtpx:speed></gpxtpx:TrackPointExtension></extensions><geoidheight>-28.6</geoidheight><src>gps</src><sat>15</sat><hdop>0.67</hdop><vdop>1.27</vdop><pdop>1.44</pdop><dgpsid>0000</dgpsid></trkpt>
<trkpt lat="39.198404833333335" lon="-123.20948783333333"><ele>202.0</ele><time>2026-09-24T18:15:00.000Z</time><extensions><gpxtpx:TrackPointExtension><gpxtpx:bearing>192.15</gpxtpx:bearing><gpxtpx:speed>28.31384</gpxtpx:speed></gpxtpx:TrackPointExtension></extensions><geoidheight>-28.6</geoidheight><src>gps</src><sat>15</sat><hdop>0.69</hdop><vdop>1.29</vdop><pdop>1.47</pdop><dgpsid>0000</dgpsid></trkpt>
<trkpt lat="39.19561233333333" lon="-123.20999766666667"><ele>201.0</ele><time>2026-09-24T18:15:11.000Z</time><extensions><gpxtpx:TrackPointExtension><gpxtpx:bearing>187.75</gpxtpx:bearing><gpxtpx:speed>28.73025</gpxtpx:speed></gpxtpx:TrackPointExtension></extensions><geoidheight>-28.6</geoidheight><src>gps</src><sat>15</sat><hdop>0.64</hdop><vdop>1.22</vdop><pdop>1.38</pdop><dgpsid>0000</dgpsid></trkpt>
<trkpt lat="39.192765333333334" lon="-123.21049566666667"><ele>201.3</ele><time>2026-09-24T18:15:22.000Z</time><extensions><gpxtpx:TrackPointExtension><gpxtpx:bearing>187.6</gpxtpx:bearing><gpxtpx:speed>29.226957</gpxtpx:speed></gpxtpx:TrackPointExtension></extensions><geoidheight>-28.6</geoidheight><src>gps</src><sat>15</sat><hdop>0.64</hdop><vdop>1.22</vdop><pdop>1.38</pdop><dgpsid>0000</dgpsid></trkpt>
<trkpt lat="39.18993666666667" lon="-123.21098133333335"><ele>200.2</ele><time>2026-09-24T18:15:33.000Z</time><extensions><gpxtpx:TrackPointExtension><gpxtpx:bearing>187.45</gpxtpx:bearing><gpxtpx:speed>28.616497</gpxtpx:speed></gpxtpx:TrackPointExtension></extensions><geoidheight>-28.6</geoidheight><src>gps</src><sat>15</sat><hdop>0.64</hdop><vdop>1.23</vdop><pdop>1.38</pdop><dgpsid>0000</dgpsid></trkpt>
<trkpt lat="39.1871195" lon="-123.21147616666667"><ele>199.1</ele><time>2026-09-24T18:15:44.000Z</time><extensions><gpxtpx:TrackPointExtension><gpxtpx:bearing>188.01</gpxtpx:bearing><gpxtpx:speed>28.584068</gpxtpx:speed></gpxtpx:TrackPointExtension></extensions><geoidheight>-28.6</geoidheight><src>gps</src><sat>15</sat><hdop>0.64</hdop><vdop>1.23</vdop><pdop>1.38</pdop><dgpsid>0000</dgpsid></trkpt>
<trkpt lat="39.184336333333334" lon="-123.21196666666668"><ele>199.3</ele><time>2026-09-24T18:15:55.000Z</time><extensions><gpxtpx:TrackPointExtension><gpxtpx:bearing>187.61</gpxtpx:bearing><gpxtpx:speed>28.429138</gpxtpx:speed></gpxtpx:TrackPointExtension></extensions><geoidheight>-28.6</geoidheight><src>gps</src><sat>15</sat><hdop>0.64</hdop><vdop>1.23</vdop><pdop>1.39</pdop><dgpsid>0000</dgpsid></trkpt>
<trkpt lat="39.18153816666666" lon="-123.21230483333332"><ele>196.2</ele><time>2026-09-24T18:16:06.000Z</time><extensions><gpxtpx:TrackPointExtension><gpxtpx:bearing>184.28</gpxtpx:bearing><gpxtpx:speed>27.819193</gpxtpx:speed></gpxtpx:TrackPointExtension></extensions><geoidheight>-28.6</geoidheight><src>gps</src><sat>15</sat><hdop>0.64</hdop><vdop>1.23</vdop><pdop>1.39</pdop><dgpsid>0000</dgpsid></trkpt>
<trkpt lat="39.178842333333336" lon="-123.21257750000001"><ele>193.9</ele><time>2026-09-24T18:16:17.000Z</time><extensions><gpxtpx:TrackPointExtension><gpxtpx:bearing>184.63</gpxtpx:bearing><gpxtpx:speed>27.191746</gpxtpx:speed></gpxtpx:TrackPointExtension></extensions><geoidheight>-28.6</geoidheight><src>gps</src><sat>14</sat><hdop>0.67</hdop><vdop>1.28</vdop><pdop>1.45</pdop><dgpsid>0000</dgpsid></trkpt>
<trkpt lat="39.1761025" lon="-123.21285266666668"><ele>193.0</ele><time>2026-09-24T18:16:28.000Z</time><extensions><gpxtpx:TrackPointExtension><gpxtpx:bearing>184.56</gpxtpx:bearing><gpxtpx:speed>28.32928</gpxtpx:speed></gpxtpx:TrackPointExtension></extensions><geoidheight>-28.6</geoidheight><src>gps</src><sat>15</sat><hdop>0.64</hdop><vdop>1.23</vdop><pdop>1.39</pdop><dgpsid>0000</dgpsid></trkpt>
<trkpt lat="39.1733695" lon="-123.21296466666666"><ele>199.1</ele><time>2026-09-24T18:16:39.000Z</time><extensions><gpxtpx:TrackPointExtension><gpxtpx:bearing>171.44</gpxtpx:bearing><gpxtpx:speed>26.884972</gpxtpx:speed></gpxtpx:TrackPointExtension></extensions><geoidheight>-28.6</geoidheight><src>gps</src><sat>15</sat><hdop>0.64</hdop><vdop>1.23</vdop><pdop>1.39</pdop><dgpsid>0000</dgpsid></trkpt>
<trkpt lat="39.1710785" lon="-123.21150216666668"><ele>205.6</ele><time>2026-09-24T18:16:50.000Z</time><extensions><gpxtpx:TrackPointExtension><gpxtpx:bearing>136.17</gpxtpx:bearing><gpxtpx:speed>25.971338</gpxtpx:speed></gpxtpx:TrackPointExtension></extensions><geoidheight>-28.6</geoidheight><src>gps</src><sat>15</sat><hdop>0.63</hdop><vdop>1.12</vdop><pdop>1.29</pdop><dgpsid>0000</dgpsid></trkpt>
<trkpt lat="39.169441666666664" lon="-123.20888099999999"><ele>199.4</ele><time>2026-09-24T18:17:01.000Z</time><extensions><gpxtpx:TrackPointExtension><gpxtpx:bearing>128.31</gpxtpx:bearing><gpxtpx:speed>26.41606</gpxtpx:speed></gpxtpx:TrackPointExtension></extensions><geoidheight>-28.6</geoidheight><src>gps</src><sat>16</sat><hdop>0.63</hdop><vdop>1.12</vdop><pdop>1.29</pdop><dgpsid>0000</dgpsid></trkpt>
<trkpt lat="39.167878" lon="-123.20628800000001"><ele>197.9</ele><time>2026-09-24T18:17:12.000Z</time><extensions><gpxtpx:TrackPointExtension><gpxtpx:bearing>128.17</gpxtpx:bearing><gpxtpx:speed>24.821964</gpxtpx:speed></gpxtpx:TrackPointExtension></extensions><geoidheight>-28.6</geoidheight><src>gps</src><sat>16</sat><hdop>0.63</hdop><vdop>1.12</vdop><pdop>1.29</pdop><dgpsid>0000</dgpsid></trkpt>
<trkpt lat="39.16637783333333" lon="-123.20379550000001"><ele>196.1</ele><time>2026-09-24T18:17:23.000Z</time><extensions><gpxtpx:TrackPointExtension><gpxtpx:bearing>127.87</gpxtpx:bearing><gpxtpx:speed>25.395365</gpxtpx:speed></gpxtpx:TrackPointExtension></extensions><geoidheight>-28.6</geoidheight><src>gps</src><sat>16</sat><hdop>0.64</hdop><vdop>1.13</vdop><pdop>1.30</pdop><dgpsid>0000</dgpsid></trkpt>
<trkpt lat="39.16459483333333" lon="-123.20141366666667"><ele>189.3</ele><time>2026-09-24T18:17:34.000Z</time><extensions><gpxtpx:TrackPointExtension><gpxtpx:bearing>140.16</gpxtpx:bearing><gpxtpx:speed>26.017664</gpxtpx:speed></gpxtpx:TrackPointExtension></extensions><geoidheight>-28.6</geoidheight><src>gps</src><sat>16</sat><hdop>0.63</hdop><vdop>1.12</vdop><pdop>1.29</pdop><dgpsid>0000</dgpsid></trkpt>
<trkpt lat="39.16245583333333" lon="-123.1996555"><ele>188.8</ele><time>2026-09-24T18:17:45.000Z</time><extensions><gpxtpx:TrackPointExtension><gpxtpx:bearing>153.79</gpxtpx:bearing><gpxtpx:speed>25.90494</gpxtpx:speed></gpxtpx:TrackPointExtension></extensions><geoidheight>-28.6</geoidheight><src>gps</src><sat>16</sat><hdop>0.63</hdop><vdop>1.12</vdop><pdop>1.29</pdop><dgpsid>0000</dgpsid></trkpt>
<trkpt lat="39.16006166666667" lon="-123.198586"><ele>189.4</ele><time>2026-09-24T18:17:56.000Z</time><extensions><gpxtpx:TrackPointExtension><gpxtpx:bearing>167.22</gpxtpx:bearing><gpxtpx:speed>25.768024</gpxtpx:speed></gpxtpx:TrackPointExtension></extensions><geoidheight>-28.6</geoidheight><src>gps</src><sat>16</sat><hdop>0.63</hdop><vdop>1.12</vdop><pdop>1.29</pdop><dgpsid>0000</dgpsid></trkpt>
<trkpt lat="39.1575575" lon="-123.19804533333333"><ele>188.8</ele><time>2026-09-24T18:18:07.000Z</time><extensions><gpxtpx:TrackPointExtension><gpxtpx:bearing>170.73</gpxtpx:bearing><gpxtpx:speed>25.602798</gpxtpx:speed></gpxtpx:TrackPointExtension></extensions><geoidheight>-28.6</geoidheight><src>gps</src><sat>15</sat><hdop>0.65</hdop><vdop>1.35</vdop><pdop>1.50</pdop><dgpsid>0000</dgpsid></trkpt>
<trkpt lat="39.15504733333333" lon="-123.19752633333334"><ele>187.6</ele><time>2026-09-24T18:18:18.000Z</time><extensions><gpxtpx:TrackPointExtension><gpxtpx:bearing>170.69</gpxtpx:bearing><gpxtpx:speed>25.70008</gpxtpx:speed></gpxtpx:TrackPointExtension></extensions><geoidheight>-28.6</geoidheight><src>gps</src><sat>16</sat><hdop>0.63</hdop><vdop>1.12</vdop><pdop>1.29</pdop><dgpsid>0000</dgpsid></trkpt>
<trkpt lat="39.15246083333333" lon="-123.197079"><ele>188.1</ele><time>2026-09-24T18:18:29.000Z</time><extensions><gpxtpx:TrackPointExtension><gpxtpx:bearing>175.54</gpxtpx:bearing><gpxtpx:speed>26.79541</gpxtpx:speed></gpxtpx:TrackPointExtension></extensions><geoidheight>-28.7</geoidheight><src>gps</src><sat>16</sat><hdop>0.63</hdop><vdop>1.12</vdop><pdop>1.29</pdop><dgpsid>0000</dgpsid></trkpt>
<trkpt lat="39.1497945" lon="-123.19687233333335"><ele>187.0</ele><time>2026-09-24T18:18:40.000Z</time><extensions><gpxtpx:TrackPointExtension><gpxtpx:bearing>176.29</gpxtpx:bearing><gpxtpx:speed>27.167553</gpxtpx:speed></gpxtpx:TrackPointExtension></extensions><geoidheight>-28.7</geoidheight><src>gps</src><sat>15</sat><hdop>0.65</hdop><vdop>1.35</vdop><pdop>1.50</pdop><dgpsid>0000</dgpsid></trkpt>
<trkpt lat="39.147106" lon="-123.19667566666666"><ele>185.8</ele><time>2026-09-24T18:18:51.000Z</time><extensions><gpxtpx:TrackPointExtension><gpxtpx:bearing>176.42</gpxtpx:bearing><gpxtpx:speed>27.34822</gpxtpx:speed></gpxtpx:TrackPointExtension></extensions><geoidheight>-28.7</geoidheight><src>gps</src><sat>14</sat><hdop>0.65</hdop><vdop>1.35</vdop><pdop>1.50</pdop><dgpsid>0000</dgpsid></trkpt>
<trkpt lat="39.1443855" lon="-123.19647483333334"><ele>184.9</ele><time>2026-09-24T18:19:02.000Z</time><extensions><gpxtpx:TrackPointExtension><gpxtpx:bearing>176.48</gpxtpx:bearing><gpxtpx:speed>27.300867</gpxtpx:speed></gpxtpx:TrackPointExtension></extensions><geoidheight>-28.7</geoidheight><src>gps</src><sat>15</sat><hdop>0.65</hdop><vdop>1.18</vdop><pdop>1.35</pdop><dgpsid>0000</dgpsid></trkpt>
<trkpt lat="39.14168733333334" lon="-123.19628116666667"><ele>185.5</ele><time>2026-09-24T18:19:13.000Z</time><extensions><gpxtpx:TrackPointExtension><gpxtpx:bearing>176.77</gpxtpx:bearing><gpxtpx:speed>27.141302</gpxtpx:speed></gpxtpx:TrackPointExtension></extensions><geoidheight>-28.7</geoidheight><src>gps</src><sat>16</sat><hdop>0.64</hdop><vdop>1.18</vdop><pdop>1.34</pdop><dgpsid>0000</dgpsid></trkpt>
<trkpt lat="39.13901666666666" lon="-123.19608383333335"><ele>186.7</ele><time>2026-09-24T18:19:24.000Z</time><extensions><gpxtpx:TrackPointExtension><gpxtpx:bearing>176.67</gpxtpx:bearing><gpxtpx:speed>27.345133</gpxtpx:speed></gpxtpx:TrackPointExtension></extensions><geoidheight>-28.7</geoidheight><src>gps</src><sat>16</sat><hdop>0.63</hdop><vdop>1.12</vdop><pdop>1.29</pdop><dgpsid>0000</dgpsid></trkpt>
<trkpt lat="39.136322666666665" lon="-123.19588883333333"><ele>186.4</ele><time>2026-09-24T18:19:35.000Z</time><extensions><gpxtpx:TrackPointExtension><gpxtpx:bearing>176.87</gpxtpx:bearing><gpxtpx:speed>27.155201</gpxtpx:speed></gpxtpx:TrackPointExtension></extensions><geoidheight>-28.7</geoidheight><src>gps</src><sat>16</sat><hdop>0.63</hdop><vdop>1.12</vdop><pdop>1.29</pdop><dgpsid>0000</dgpsid></trkpt>
<trkpt lat="39.13366799999999" lon="-123.19569466666665"><ele>185.7</ele><time>2026-09-24T18:19:46.000Z</time><extensions><gpxtpx:TrackPointExtension><gpxtpx:bearing>176.75</gpxtpx:bearing><gpxtpx:speed>26.517975</gpxtpx:speed></gpxtpx:TrackPointExtension></extensions><geoidheight>-28.7</geoidheight><src>gps</src><sat>14</sat><hdop>0.65</hdop><vdop>1.35</vdop><pdop>1.50</pdop><dgpsid>0000</dgpsid></trkpt>
<trkpt lat="39.13105316666667" lon="-123.19550333333333"><ele>183.2</ele><time>2026-09-24T18:19:57.000Z</time><extensions><gpxtpx:TrackPointExtension><gpxtpx:bearing>176.88</gpxtpx:bearing><gpxtpx:speed>26.140682</gpxtpx:speed></gpxtpx:TrackPointExtension></extensions><geoidheight>-28.7</geoidheight><src>gps</src><sat>16</sat><hdop>0.63</hdop><vdop>1.12</vdop><pdop>1.29</pdop><dgpsid>0000</dgpsid></trkpt>
<trkpt lat="39.12844783333333" lon="-123.19531283333332"><ele>182.3</ele><time>2026-09-24T18:20:08.000Z</time><extensions><gpxtpx:TrackPointExtension><gpxtpx:bearing>176.83</gpxtpx:bearing><gpxtpx:speed>26.339365</gpxtpx:speed></gpxtpx:TrackPointExtension></extensions><geoidheight>-28.7</geoidheight><src>gps</src><sat>16</sat><hdop>0.63</hdop><vdop>1.12</vdop><pdop>1.29</pdop><dgpsid>0000</dgpsid></trkpt>
<trkpt lat="39.12597566666667" lon="-123.19512833333334"><ele>181.9</ele><time>2026-09-24T18:20:19.000Z</time><extensions><gpxtpx:TrackPointExtension><gpxtpx:bearing>176.74</gpxtpx:bearing><gpxtpx:speed>24.18165</gpxtpx:speed></gpxtpx:TrackPointExtension></extensions><geoidheight>-28.7</geoidheight><src>gps</src><sat>16</sat><hdop>0.63</hdop><vdop>1.12</vdop><pdop>1.29</pdop><dgpsid>0000</dgpsid></trkpt>
<trkpt lat="39.12355566666667" lon="-123.19495133333334"><ele>180.4</ele><time>2026-09-24T18:20:30.000Z</time><extensions><gpxtpx:TrackPointExtension><gpxtpx:bearing>176.26</gpxtpx:bearing><gpxtpx:speed>25.278522</gpxtpx:speed></gpxtpx:TrackPointExtension></extensions><geoidheight>-28.7</geoidheight><src>gps</src><sat>16</sat><hdop>0.63</hdop><vdop>1.12</vdop><pdop>1.29</pdop><dgpsid>0000</dgpsid></trkpt>
<trkpt lat="39.121045333333335" lon="-123.19479883333334"><ele>180.6</ele><time>2026-09-24T18:20:41.000Z</time><extensions><gpxtpx:TrackPointExtension><gpxtpx:bearing>181.68</gpxtpx:bearing><gpxtpx:speed>25.244036</gpxtpx:speed></gpxtpx:TrackPointExtension></extensions><geoidheight>-28.7</geoidheight><src>gps</src><sat>16</sat><hdop>0.63</hdop><vdop>1.12</vdop><pdop>1.29</pdop><dgpsid>0000</dgpsid></trkpt>
<trkpt lat="39.118720333333336" lon="-123.1953555"><ele>187.9</ele><time>2026-09-24T18:20:52.000Z</time><extensions><gpxtpx:TrackPointExtension><gpxtpx:bearing>194.6</gpxtpx:bearing><gpxtpx:speed>22.972054</gpxtpx:speed></gpxtpx:TrackPointExtension></extensions><geoidheight>-28.7</geoidheight><src>gps</src><sat>14</sat><hdop>0.70</hdop><vdop>1.33</vdop><pdop>1.50</pdop><dgpsid>0000</dgpsid></trkpt>
<trkpt lat="39.116532666666664" lon="-123.19603183333332"><ele>189.4</ele><time>2026-09-24T18:21:03.000Z</time><extensions><gpxtpx:TrackPointExtension><gpxtpx:bearing>190.04</gpxtpx:bearing><gpxtpx:speed>22.200998</gpxtpx:speed></gpxtpx:TrackPointExtension></extensions><geoidheight>-28.7</geoidheight><src>gps</src><sat>14</sat><hdop>0.67</hdop><vdop>1.28</vdop><pdop>1.44</pdop><dgpsid>0000</dgpsid></trkpt>
<trkpt lat="39.114446666666666" lon="-123.19608866666667"><ele>185.2</ele><time>2026-09-24T18:21:14.000Z</time><extensions><gpxtpx:TrackPointExtension><gpxtpx:bearing>174.09</gpxtpx:bearing><gpxtpx:speed>21.168467</gpxtpx:speed></gpxtpx:TrackPointExtension></extensions><geoidheight>-28.7</geoidheight><src>gps</src><sat>16</sat><hdop>0.65</hdop><vdop>1.23</vdop><pdop>1.39</pdop><dgpsid>0000</dgpsid></trkpt>
<trkpt lat="39.1122305" lon="-123.19575850000001"><ele>182.0</ele><time>2026-09-24T18:21:25.000Z</time><extensions><gpxtpx:TrackPointExtension><gpxtpx:bearing>173.41</gpxtpx:bearing><gpxtpx:speed>23.641191</gpxtpx:speed></gpxtpx:TrackPointExtension></extensions><geoidheight>-28.7</geoidheight><src>gps</src><sat>16</sat><hdop>0.63</hdop><vdop>1.12</vdop><pdop>1.29</pdop><dgpsid>0000</dgpsid></trkpt>
<trkpt lat="39.109905166666664" lon="-123.1954145"><ele>179.1</ele><time>2026-09-24T18:21:36.000Z</time><extensions><gpxtpx:TrackPointExtension><gpxtpx:bearing>173.57</gpxtpx:bearing><gpxtpx:speed>23.041025</gpxtpx:speed></gpxtpx:TrackPointExtension></extensions><geoidheight>-28.7</geoidheight><src>gps</src><sat>16</sat><hdop>0.63</hdop><vdop>1.12</vdop><pdop>1.29</pdop><dgpsid>0000</dgpsid></trkpt>
<trkpt lat="39.10793666666667" lon="-123.19526833333333"><ele>179.1</ele><time>2026-09-24T18:21:47.000Z</time><extensions><gpxtpx:TrackPointExtension><gpxtpx:bearing>177.25</gpxtpx:bearing><gpxtpx:speed>15.929624</gpxtpx:speed></gpxtpx:TrackPointExtension></extensions><geoidheight>-28.7</geoidheight><src>gps</src><sat>16</sat><hdop>0.63</hdop><vdop>1.12</vdop><pdop>1.29</pdop><dgpsid>0000</dgpsid></trkpt>
<trkpt lat="39.10736416666667" lon="-123.19546"><ele>175.3</ele><time>2026-09-24T18:21:58.000Z</time><extensions><gpxtpx:TrackPointExtension><gpxtpx:bearing>278.64</gpxtpx:bearing><gpxtpx:speed>2.1299205</gpxtpx:speed></gpxtpx:TrackPointExtension></extensions><geoidheight>-28.7</geoidheight><src>gps</src><sat>15</sat><hdop>0.65</hdop><vdop>1.23</vdop><pdop>1.39</pdop><dgpsid>0000</dgpsid></trkpt>
<trkpt lat="39.10785883333333" lon="-123.19577516666668"><ele>176.9</ele><time>2026-09-24T18:22:09.000Z</time><extensions><gpxtpx:TrackPointExtension><gpxtpx:bearing>339.78</gpxtpx:bearing><gpxtpx:speed>10.001053</gpxtpx:speed></gpxtpx:TrackPointExtension></extensions><geoidheight>-28.7</geoidheight><src>gps</src><sat>16</sat><hdop>0.66</hdop><vdop>1.14</vdop><pdop>1.32</pdop><dgpsid>0000</dgpsid></trkpt>
<trkpt lat="39.10892066666667" lon="-123.19628050000001"><ele>177.6</ele><time>2026-09-24T18:22:20.000Z</time><extensions><gpxtpx:TrackPointExtension><gpxtpx:bearing>340.19</gpxtpx:bearing><gpxtpx:speed>13.013207</gpxtpx:speed></gpxtpx:TrackPointExtension></extensions><geoidheight>-28.7</geoidheight><src>gps</src><sat>15</sat><hdop>0.78</hdop><vdop>1.21</vdop><pdop>1.44</pdop><dgpsid>0000</dgpsid></trkpt>
<trkpt lat="39.11030216666666" lon="-123.19692666666667"><ele>179.2</ele><time>2026-09-24T18:22:31.000Z</time><extensions><gpxtpx:TrackPointExtension><gpxtpx:bearing>339.63</gpxtpx:bearing><gpxtpx:speed>16.36199</gpxtpx:speed></gpxtpx:TrackPointExtension></extensions><geoidheight>-28.7</geoidheight><src>gps</src><sat>15</sat><hdop>0.78</hdop><vdop>1.21</vdop><pdop>1.44</pdop><dgpsid>0000</dgpsid></trkpt>
<trkpt lat="39.1119555" lon="-123.197716"><ele>182.1</ele><time>2026-09-24T18:22:42.000Z</time><extensions><gpxtpx:TrackPointExtension><gpxtpx:bearing>339.62</gpxtpx:bearing><gpxtpx:speed>18.966484</gpxtpx:speed></gpxtpx:TrackPointExtension></extensions><geoidheight>-28.7</geoidheight><src>gps</src><sat>15</sat><hdop>0.73</hdop><vdop>1.14</vdop><pdop>1.35</pdop><dgpsid>0000</dgpsid></trkpt>
<trkpt lat="39.11379066666667" lon="-123.19858883333333"><ele>181.5</ele><time>2026-09-24T18:22:53.000Z</time><extensions><gpxtpx:TrackPointExtension><gpxtpx:bearing>340.03</gpxtpx:bearing><gpxtpx:speed>20.342852</gpxtpx:speed></gpxtpx:TrackPointExtension></extensions><geoidheight>-28.7</geoidheight><src>gps</src><sat>16</sat><hdop>0.74</hdop><vdop>1.21</vdop><pdop>1.41</pdop><dgpsid>0000</dgpsid></trkpt>
<trkpt lat="39.11569466666666" lon="-123.19949700000001"><ele>183.4</ele><time>2026-09-24T18:23:04.000Z</time><extensions><gpxtpx:TrackPointExtension><gpxtpx:bearing>338.35</gpxtpx:bearing><gpxtpx:speed>20.440649</gpxtpx:speed></gpxtpx:TrackPointExtension></extensions><geoidheight>-28.7</geoidheight><src>gps</src><sat>16</sat><hdop>0.66</hdop><vdop>1.08</vdop><pdop>1.26</pdop><dgpsid>0000</dgpsid></trkpt>
<trkpt lat="39.11750966666667" lon="-123.20049633333335"><ele>182.7</ele><time>2026-09-24T18:23:15.000Z</time><extensions><gpxtpx:TrackPointExtension><gpxtpx:bearing>331.47</gpxtpx:bearing><gpxtpx:speed>18.876408</gpxtpx:speed></gpxtpx:TrackPointExtension></extensions><geoidheight>-28.7</geoidheight><src>gps</src><sat>16</sat><hdop>0.69</hdop><vdop>1.12</vdop><pdop>1.32</pdop><dgpsid>0000</dgpsid></trkpt>
<trkpt lat="39.1191055" lon="-123.20162966666666"><ele>183.7</ele><time>2026-09-24T18:23:26.000Z</time><extensions><gpxtpx:TrackPointExtension><gpxtpx:bearing>330.89</gpxtpx:bearing><gpxtpx:speed>17.829464</gpxtpx:speed></gpxtpx:TrackPointExtension></extensions><geoidheight>-28.7</geoidheight><src>gps</src><sat>16</sat><hdop>0.66</hdop><vdop>1.08</vdop><pdop>1.26</pdop><dgpsid>0000</dgpsid></trkpt>
<trkpt lat="39.120597" lon="-123.20274516666665"><ele>186.2</ele><time>2026-09-24T18:23:37.000Z</time><extensions><gpxtpx:TrackPointExtension><gpxtpx:bearing>328.79</gpxtpx:bearing><gpxtpx:speed>16.864874</gpxtpx:speed></gpxtpx:TrackPointExtension></extensions><geoidheight>-28.7</geoidheight><src>gps</src><sat>16</sat><hdop>0.64</hdop><vdop>1.08</vdop><pdop>1.25</pdop><dgpsid>0000</dgpsid></trkpt>
<trkpt lat="39.12195016666667" lon="-123.20367050000002"><ele>188.1</ele><time>2026-09-24T18:23:48.000Z</time><extensions><gpxtpx:TrackPointExtension><gpxtpx:bearing>336.1</gpxtpx:bearing><gpxtpx:speed>13.637566</gpxtpx:speed></gpxtpx:TrackPointExtension></extensions><geoidheight>-28.7</geoidheight><src>gps</src><sat>15</sat><hdop>0.67</hdop><vdop>1.14</vdop><pdop>1.32</pdop><dgpsid>0000</dgpsid></trkpt>
<trkpt lat="39.12339016666667" lon="-123.20425883333334"><ele>190.2</ele><time>2026-09-24T18:23:59.000Z</time><extensions><gpxtpx:TrackPointExtension><gpxtpx:bearing>347.88</gpxtpx:bearing><gpxtpx:speed>16.850462</gpxtpx:speed></gpxtpx:TrackPointExtension></extensions><geoidheight>-28.7</geoidheight><src>gps</src><sat>16</sat><hdop>0.66</hdop><vdop>1.08</vdop><pdop>1.26</pdop><dgpsid>0000</dgpsid></trkpt>
<trkpt lat="39.1251115" lon="-123.20444533333333"><ele>194.3</ele><time>2026-09-24T18:24:10.000Z</time><extensions><gpxtpx:TrackPointExtension><gpxtpx:bearing>1.26</gpxtpx:bearing><gpxtpx:speed>18.039984</gpxtpx:speed></gpxtpx:TrackPointExtension></extensions><geoidheight>-28.7</geoidheight><src>gps</src><sat>17</sat><hdop>0.62</hdop><vdop>1.11</vdop><pdop>1.27</pdop><dgpsid>0000</dgpsid></trkpt>
<trkpt lat="39.12692983333333" lon="-123.20437816666666"><ele>198.0</ele><time>2026-09-24T18:24:21.000Z</time><extensions><gpxtpx:TrackPointExtension><gpxtpx:bearing>1.71</gpxtpx:bearing><gpxtpx:speed>18.091457</gpxtpx:speed></gpxtpx:TrackPointExtension></extensions><geoidheight>-28.7</geoidheight><src>gps</src><sat>17</sat><hdop>0.62</hdop><vdop>1.11</vdop><pdop>1.27</pdop><dgpsid>0000</dgpsid></trkpt>
<trkpt lat="39.128672" lon="-123.20432283333334"><ele>200.5</ele><time>2026-09-24T18:24:32.000Z</time><extensions><gpxtpx:TrackPointExtension><gpxtpx:bearing>1.29</gpxtpx:bearing><gpxtpx:speed>16.749062</gpxtpx:speed></gpxtpx:TrackPointExtension></extensions><geoidheight>-28.7</geoidheight><src>gps</src><sat>17</sat><hdop>0.61</hdop><vdop>1.06</vdop><pdop>1.22</pdop><dgpsid>0000</dgpsid></trkpt>
<trkpt lat="39.13025666666667" lon="-123.20438850000001"><ele>199.9</ele><time>2026-09-24T18:24:43.000Z</time><extensions><gpxtpx:TrackPointExtension><gpxtpx:bearing>354.73</gpxtpx:bearing><gpxtpx:speed>17.099072</gpxtpx:speed></gpxtpx:TrackPointExtension></extensions><geoidheight>-28.7</geoidheight><src>gps</src><sat>17</sat><hdop>0.61</hdop><vdop>1.06</vdop><pdop>1.22</pdop><dgpsid>0000</dgpsid></trkpt>
<trkpt lat="39.13188433333333" lon="-123.20459533333333"><ele>198.3</ele><time>2026-09-24T18:24:54.000Z</time><extensions><gpxtpx:TrackPointExtension><gpxtpx:bearing>354.27</gpxtpx:bearing><gpxtpx:speed>16.411919</gpxtpx:speed></gpxtpx:TrackPointExtension></extensions><geoidheight>-28.7</geoidheight><src>gps</src><sat>17</sat><hdop>0.61</hdop><vdop>1.06</vdop><pdop>1.22</pdop><dgpsid>0000</dgpsid></trkpt>
<trkpt lat="39.13334966666666" lon="-123.20478883333332"><ele>199.3</ele><time>2026-09-24T18:25:05.000Z</time><extensions><gpxtpx:TrackPointExtension><gpxtpx:bearing>353.81</gpxtpx:bearing><gpxtpx:speed>11.35117</gpxtpx:speed></gpxtpx:TrackPointExtension></extensions><geoidheight>-28.7</geoidheight><src>gps</src><sat>17</sat><hdop>0.61</hdop><vdop>1.06</vdop><pdop>1.22</pdop><dgpsid>0000</dgpsid></trkpt>
<trkpt lat="39.133919500000005" lon="-123.20486583333334"><ele>197.2</ele><time>2026-09-24T18:25:16.000Z</time><extensions><gpxtpx:TrackPointExtension><gpxtpx:bearing>354.89</gpxtpx:bearing><gpxtpx:speed>1.2281272</gpxtpx:speed></gpxtpx:TrackPointExtension></extensions><geoidheight>-28.7</geoidheight><src>gps</src><sat>17</sat><hdop>0.60</hdop><vdop>1.05</vdop><pdop>1.21</pdop><dgpsid>0000</dgpsid></trkpt>
<trkpt lat="39.13396566666667" lon="-123.204887"><ele>197.9</ele><time>2026-09-24T18:25:27.000Z</time><extensions><gpxtpx:TrackPointExtension><gpxtpx:speed>0.22956611</gpxtpx:speed></gpxtpx:TrackPointExtension></extensions><geoidheight>-28.7</geoidheight><src>gps</src><sat>17</sat><hdop>0.64</hdop><vdop>1.14</vdop><pdop>1.30</pdop><dgpsid>0000</dgpsid></trkpt>
<trkpt lat="39.1341175" lon="-123.20465549999999"><ele>195.8</ele><time>2026-09-24T18:25:38.000Z</time><extensions><gpxtpx:TrackPointExtension><gpxtpx:bearing>87.44</gpxtpx:bearing><gpxtpx:speed>4.229987</gpxtpx:speed></gpxtpx:TrackPointExtension></extensions><geoidheight>-28.7</geoidheight><src>gps</src><sat>17</sat><hdop>0.60</hdop><vdop>1.05</vdop><pdop>1.21</pdop><dgpsid>0000</dgpsid></trkpt>
<trkpt lat="39.134147666666664" lon="-123.20355066666667"><ele>191.2</ele><time>2026-09-24T18:25:49.000Z</time><extensions><gpxtpx:TrackPointExtension><gpxtpx:bearing>90.51</gpxtpx:bearing><gpxtpx:speed>12.935484</gpxtpx:speed></gpxtpx:TrackPointExtension></extensions><geoidheight>-28.7</geoidheight><src>gps</src><sat>14</sat><hdop>0.64</hdop><vdop>1.21</vdop><pdop>1.37</pdop><dgpsid>0000</dgpsid></trkpt>
<trkpt lat="39.1341245" lon="-123.20164483333335"><ele>187.2</ele><time>2026-09-24T18:26:00.000Z</time><extensions><gpxtpx:TrackPointExtension><gpxtpx:bearing>91.65</gpxtpx:bearing><gpxtpx:speed>15.18585</gpxtpx:speed></gpxtpx:TrackPointExtension></extensions><geoidheight>-28.7</geoidheight><src>gps</src><sat>15</sat><hdop>0.61</hdop><vdop>1.11</vdop><pdop>1.27</pdop><dgpsid>0000</dgpsid></trkpt>
<trkpt lat="39.13353966666667" lon="-123.20073566666666"><ele>186.1</ele><time>2026-09-24T18:26:11.000Z</time><extensions><gpxtpx:TrackPointExtension><gpxtpx:bearing>175.07</gpxtpx:bearing><gpxtpx:speed>11.034615</gpxtpx:speed></gpxtpx:TrackPointExtension></extensions><geoidheight>-28.7</geoidheight><src>gps</src><sat>16</sat><hdop>0.60</hdop><vdop>1.11</vdop><pdop>1.26</pdop><dgpsid>0000</dgpsid></trkpt>
<trkpt lat="39.132727833333334" lon="-123.200541"><ele>185.0</ele><time>2026-09-24T18:26:22.000Z</time><extensions><gpxtpx:TrackPointExtension><gpxtpx:bearing>126.72</gpxtpx:bearing><gpxtpx:speed>4.771475</gpxtpx:speed></gpxtpx:TrackPointExtension></extensions><geoidheight>-28.7</geoidheight><src>gps</src><sat>16</sat><hdop>0.65</hdop><vdop>1.17</vdop><pdop>1.34</pdop><dgpsid>0000</dgpsid></trkpt>
<trkpt lat="39.13268166666667" lon="-123.199948"><ele>183.2</ele><time>2026-09-24T18:26:33.000Z</time><extensions><gpxtpx:TrackPointExtension><gpxtpx:bearing>91.02</gpxtpx:bearing><gpxtpx:speed>6.835511</gpxtpx:speed></gpxtpx:TrackPointExtension></extensions><geoidheight>-28.7</geoidheight><src>gps</src><sat>16</sat><hdop>0.63</hdop><vdop>1.13</vdop><pdop>1.29</pdop><dgpsid>0000</dgpsid></trkpt>
<trkpt lat="39.13266716666667" lon="-123.19912233333335"><ele>180.6</ele><time>2026-09-24T18:26:44.000Z</time><extensions><gpxtpx:TrackPointExtension><gpxtpx:bearing>90.94</gpxtpx:bearing><gpxtpx:speed>3.641145</gpxtpx:speed></gpxtpx:TrackPointExtension></extensions><geoidheight>-28.7</geoidheight><src>gps</src><sat>15</sat><hdop>0.68</hdop><vdop>1.16</vdop><pdop>1.34</pdop><dgpsid>0000</dgpsid></trkpt>
<trkpt lat="39.13266616666667" lon="-123.19902116666665"><ele>180.4</ele><time>2026-09-24T18:26:55.000Z</time><extensions><gpxtpx:TrackPointExtension><gpxtpx:speed>0.05301639</gpxtpx:speed></gpxtpx:TrackPointExtension></extensions><geoidheight>-28.7</geoidheight><src>gps</src><sat>16</sat><hdop>0.69</hdop><vdop>1.16</vdop><pdop>1.34</pdop><dgpsid>0000</dgpsid></trkpt>
<trkpt lat="39.13250716666666" lon="-123.198879"><ele>180.1</ele><time>2026-09-24T18:27:06.000Z</time><extensions><gpxtpx:TrackPointExtension><gpxtpx:bearing>177.46</gpxtpx:bearing><gpxtpx:speed>3.8269596</gpxtpx:speed></gpxtpx:TrackPointExtension></extensions><geoidheight>-28.7</geoidheight><src>gps</src><sat>16</sat><hdop>0.63</hdop><vdop>1.13</vdop><pdop>1.29</pdop><dgpsid>0000</dgpsid></trkpt>
<trkpt lat="39.13167083333334" lon="-123.19871900000001"><ele>176.0</ele><time>2026-09-24T18:27:17.000Z</time><extensions><gpxtpx:TrackPointExtension><gpxtpx:bearing>169.64</gpxtpx:bearing><gpxtpx:speed>11.937438</gpxtpx:speed></gpxtpx:TrackPointExtension></extensions><geoidheight>-28.7</geoidheight><src>gps</src><sat>15</sat><hdop>0.69</hdop><vdop>1.35</vdop><pdop>1.52</pdop><dgpsid>0000</dgpsid></trkpt>
<trkpt lat="39.13050116666667" lon="-123.19836383333335"><ele>173.7</ele><time>2026-09-24T18:27:28.000Z</time><extensions><gpxtpx:TrackPointExtension><gpxtpx:bearing>163.77</gpxtpx:bearing><gpxtpx:speed>12.358995</gpxtpx:speed></gpxtpx:TrackPointExtension></extensions><geoidheight>-28.7</geoidheight><src>gps</src><sat>15</sat><hdop>0.65</hdop><vdop>1.17</vdop><pdop>1.34</pdop><dgpsid>0000</dgpsid></trkpt>
<trkpt lat="39.129455" lon="-123.19800500000001"><ele>171.2</ele><time>2026-09-24T18:27:39.000Z</time><extensions><gpxtpx:TrackPointExtension><gpxtpx:bearing>167.67</gpxtpx:bearing><gpxtpx:speed>9.983038</gpxtpx:speed></gpxtpx:TrackPointExtension></extensions><geoidheight>-28.7</geoidheight><src>gps</src><sat>16</sat><hdop>0.63</hdop><vdop>1.13</vdop><pdop>1.29</pdop><dgpsid>0000</dgpsid></trkpt>
<trkpt lat="39.128529666666665" lon="-123.19780983333334"><ele>168.0</ele><time>2026-09-24T18:27:50.000Z</time><extensions><gpxtpx:TrackPointExtension><gpxtpx:bearing>173.71</gpxtpx:bearing><gpxtpx:speed>8.806382</gpxtpx:speed></gpxtpx:TrackPointExtension></extensions><geoidheight>-28.7</geoidheight><src>gps</src><sat>15</sat><hdop>0.65</hdop><vdop>1.17</vdop><pdop>1.34</pdop><dgpsid>0000</dgpsid></trkpt>
<trkpt lat="39.12798716666667" lon="-123.19762916666666"><ele>171.4</ele><time>2026-09-24T18:28:01.000Z</time><extensions><gpxtpx:TrackPointExtension><gpxtpx:bearing>108.87</gpxtpx:bearing><gpxtpx:speed>4.3808007</gpxtpx:speed></gpxtpx:TrackPointExtension></extensions><geoidheight>-28.7</geoidheight><src>gps</src><sat>15</sat><hdop>0.74</hdop><vdop>1.37</vdop><pdop>1.56</pdop><dgpsid>0000</dgpsid></trkpt>
<trkpt lat="39.12802816666667" lon="-123.19695116666665"><ele>175.9</ele><time>2026-09-24T18:28:12.000Z</time><extensions><gpxtpx:TrackPointExtension><gpxtpx:bearing>82.01</gpxtpx:bearing><gpxtpx:speed>6.784039</gpxtpx:speed></gpxtpx:TrackPointExtension></extensions><geoidheight>-28.7</geoidheight><src>gps</src><sat>15</sat><hdop>0.72</hdop><vdop>1.26</vdop><pdop>1.45</pdop><dgpsid>0000</dgpsid></trkpt>
<trkpt lat="39.12801433333333" lon="-123.19627166666666"><ele>176.5</ele><time>2026-09-24T18:28:23.000Z</time><extensions><gpxtpx:TrackPointExtension><gpxtpx:bearing>113.25</gpxtpx:bearing><gpxtpx:speed>3.770855</gpxtpx:speed></gpxtpx:TrackPointExtension></extensions><geoidheight>-28.7</geoidheight><src>gps</src><sat>16</sat><hdop>0.63</hdop><vdop>1.12</vdop><pdop>1.28</pdop><dgpsid>0000</dgpsid></trkpt>
<trkpt lat="39.1278475" lon="-123.19608533333333"><ele>178.3</ele><time>2026-09-24T18:28:34.000Z</time><extensions><gpxtpx:TrackPointExtension><gpxtpx:bearing>165.96</gpxtpx:bearing><gpxtpx:speed>2.9138424</gpxtpx:speed></gpxtpx:TrackPointExtension></extensions><geoidheight>-28.7</geoidheight><src>gps</src><sat>16</sat><hdop>0.61</hdop><vdop>1.12</vdop><pdop>1.27</pdop><dgpsid>0000</dgpsid></trkpt>
<trkpt lat="39.12738483333333" lon="-123.19603049999999"><ele>174.7</ele><time>2026-09-24T18:28:45.000Z</time><extensions><gpxtpx:TrackPointExtension><gpxtpx:bearing>175.29</gpxtpx:bearing><gpxtpx:speed>5.964601</gpxtpx:speed></gpxtpx:TrackPointExtension></extensions><geoidheight>-28.7</geoidheight><src>gps</src><sat>15</sat><hdop>0.66</hdop><vdop>1.30</vdop><pdop>1.46</pdop><dgpsid>0000</dgpsid></trkpt>
<trkpt lat="39.126871" lon="-123.19596866666667"><ele>173.6</ele><time>2026-09-24T18:28:56.000Z</time><extensions><gpxtpx:TrackPointExtension><gpxtpx:bearing>175.57</gpxtpx:bearing><gpxtpx:speed>3.9494636</gpxtpx:speed></gpxtpx:TrackPointExtension></extensions><geoidheight>-28.7</geoidheight><src>gps</src><sat>16</sat><hdop>0.65</hdop><vdop>1.16</vdop><pdop>1.33</pdop><dgpsid>0000</dgpsid></trkpt>
<trkpt lat="39.12649033333333" lon="-123.19592083333333"><ele>171.1</ele><time>2026-09-24T18:29:07.000Z</time><extensions><gpxtpx:TrackPointExtension><gpxtpx:bearing>175.11</gpxtpx:bearing><gpxtpx:speed>4.8543453</gpxtpx:speed></gpxtpx:TrackPointExtension></extensions><geoidheight>-28.7</geoidheight><src>gps</src><sat>16</sat><hdop>0.70</hdop><vdop>1.23</vdop><pdop>1.41</pdop><dgpsid>0000</dgpsid></trkpt>
<trkpt lat="39.126032" lon="-123.19585299999999"><ele>166.8</ele><time>2026-09-24T18:29:18.000Z</time><extensions><gpxtpx:TrackPointExtension><gpxtpx:bearing>159.96</gpxtpx:bearing><gpxtpx:speed>4.10491</gpxtpx:speed></gpxtpx:TrackPointExtension></extensions><geoidheight>-28.7</geoidheight><src>gps</src><sat>15</sat><hdop>0.67</hdop><vdop>1.22</vdop><pdop>1.39</pdop><dgpsid>0000</dgpsid></trkpt>
<trkpt lat="39.125681" lon="-123.1958465"><ele>169.6</ele><time>2026-09-24T18:29:29.000Z</time><extensions><gpxtpx:TrackPointExtension><gpxtpx:bearing>219.81</gpxtpx:bearing><gpxtpx:speed>1.8396173</gpxtpx:speed></gpxtpx:TrackPointExtension></extensions><geoidheight>-28.7</geoidheight><src>gps</src><sat>16</sat><hdop>0.61</hdop><vdop>1.12</vdop><pdop>1.27</pdop><dgpsid>0000</dgpsid></trkpt>
<trkpt lat="39.125640833333335" lon="-123.19604016666666"><ele>176.3</ele><time>2026-09-24T18:29:40.000Z</time><extensions><gpxtpx:TrackPointExtension><gpxtpx:bearing>272.36</gpxtpx:bearing><gpxtpx:speed>1.5261514</gpxtpx:speed></gpxtpx:TrackPointExtension></extensions><geoidheight>-28.7</geoidheight><src>gps</src><sat>16</sat><hdop>0.64</hdop><vdop>1.15</vdop><pdop>1.31</pdop><dgpsid>0000</dgpsid></trkpt>
<trkpt lat="39.12558533333333" lon="-123.19640166666667"><ele>178.0</ele><time>2026-09-24T18:29:51.000Z</time><extensions><gpxtpx:TrackPointExtension><gpxtpx:bearing>247.07</gpxtpx:bearing><gpxtpx:speed>3.6020262</gpxtpx:speed></gpxtpx:TrackPointExtension></extensions><geoidheight>-28.7</geoidheight><src>gps</src><sat>16</sat><hdop>0.64</hdop><vdop>1.15</vdop><pdop>1.31</pdop><dgpsid>0000</dgpsid></trkpt>
<trkpt lat="39.125261" lon="-123.19652816666667"><ele>176.3</ele><time>2026-09-24T18:30:02.000Z</time><extensions><gpxtpx:TrackPointExtension><gpxtpx:bearing>151.86</gpxtpx:bearing><gpxtpx:speed>3.9427722</gpxtpx:speed></gpxtpx:TrackPointExtension></extensions><geoidheight>-28.7</geoidheight><src>gps</src><sat>16</sat><hdop>0.63</hdop><vdop>1.13</vdop><pdop>1.29</pdop><dgpsid>0000</dgpsid></trkpt>
<trkpt lat="39.125118" lon="-123.19626566666666"><ele>177.1</ele><time>2026-09-24T18:30:13.000Z</time><extensions><gpxtpx:TrackPointExtension><gpxtpx:bearing>57.43</gpxtpx:bearing><gpxtpx:speed>3.074436</gpxtpx:speed></gpxtpx:TrackPointExtension></extensions><geoidheight>-28.7</geoidheight><src>gps</src><sat>16</sat><hdop>0.63</hdop><vdop>1.13</vdop><pdop>1.29</pdop><dgpsid>0000</dgpsid></trkpt>
<trkpt lat="39.125250333333334" lon="-123.19618416666665"><ele>177.9</ele><time>2026-09-24T18:30:24.000Z</time><extensions><gpxtpx:TrackPointExtension><gpxtpx:bearing>31.26</gpxtpx:bearing><gpxtpx:speed>1.0093703</gpxtpx:speed></gpxtpx:TrackPointExtension></extensions><geoidheight>-28.7</geoidheight><src>gps</src><sat>16</sat><hdop>0.63</hdop><vdop>1.13</vdop><pdop>1.29</pdop><dgpsid>0000</dgpsid></trkpt>
<trkpt lat="39.125412833333336" lon="-123.19596266666667"><time>2026-09-24T20:09:49.000Z</time><extensions><gpxtpx:TrackPointExtension><gpxtpx:bearing>229.45</gpxtpx:bearing><gpxtpx:speed>0.41589555</gpxtpx:speed></gpxtpx:TrackPointExtension></extensions><src>gps</src><hdop>2.76</hdop><vdop>3.27</vdop><pdop>4.28</pdop></trkpt>
<trkpt lat="39.12551283333333" lon="-123.19592116666666"><ele>181.9</ele><time>2026-09-24T20:10:22.000Z</time><extensions><gpxtpx:TrackPointExtension><gpxtpx:bearing>14.36</gpxtpx:bearing><gpxtpx:speed>2.7861915</gpxtpx:speed></gpxtpx:TrackPointExtension></extensions><geoidheight>-28.7</geoidheight><src>gps</src><sat>7</sat><hdop>1.52</hdop><vdop>1.58</vdop><pdop>2.19</pdop></trkpt>
<trkpt lat="39.125589500000004" lon="-123.19627549999998"><ele>182.6</ele><time>2026-09-24T20:10:33.000Z</time><extensions><gpxtpx:TrackPointExtension><gpxtpx:bearing>273.33</gpxtpx:bearing><gpxtpx:speed>2.9509025</gpxtpx:speed></gpxtpx:TrackPointExtension></extensions><geoidheight>-28.7</geoidheight><src>gps</src><sat>8</sat><hdop>1.35</hdop><vdop>1.54</vdop><pdop>2.05</pdop></trkpt>
<trkpt lat="39.125518166666666" lon="-123.19683183333333"><ele>179.0</ele><time>2026-09-24T20:10:44.000Z</time><extensions><gpxtpx:TrackPointExtension><gpxtpx:bearing>262.9</gpxtpx:bearing><gpxtpx:speed>5.7226815</gpxtpx:speed></gpxtpx:TrackPointExtension></extensions><geoidheight>-28.7</geoidheight><src>gps</src><sat>10</sat><hdop>1.15</hdop><vdop>1.35</vdop><pdop>1.78</pdop></trkpt>
<trkpt lat="39.12555666666666" lon="-123.1972635"><ele>177.0</ele><time>2026-09-24T20:10:55.000Z</time><extensions><gpxtpx:TrackPointExtension><gpxtpx:bearing>316.34</gpxtpx:bearing><gpxtpx:speed>2.2431595</gpxtpx:speed></gpxtpx:TrackPointExtension></extensions><geoidheight>-28.7</geoidheight><src>gps</src><sat>9</sat><hdop>1.96</hdop><vdop>2.42</vdop><pdop>3.11</pdop></trkpt>
<trkpt lat="39.125993333333334" lon="-123.19732033333334"><ele>180.4</ele><time>2026-09-24T20:11:06.000Z</time><extensions><gpxtpx:TrackPointExtension><gpxtpx:bearing>355.98</gpxtpx:bearing><gpxtpx:speed>6.4129243</gpxtpx:speed></gpxtpx:TrackPointExtension></extensions><geoidheight>-28.7</geoidheight><src>gps</src><sat>10</sat><hdop>0.85</hdop><vdop>1.12</vdop><pdop>1.41</pdop></trkpt>
<trkpt lat="39.126749000000004" lon="-123.197408"><ele>179.7</ele><time>2026-09-24T20:11:17.000Z</time><extensions><gpxtpx:TrackPointExtension><gpxtpx:bearing>353.44</gpxtpx:bearing><gpxtpx:speed>8.082683</gpxtpx:speed></gpxtpx:TrackPointExtension></extensions><geoidheight>-28.7</geoidheight><src>gps</src><sat>12</sat><hdop>1.11</hdop><vdop>1.32</vdop><pdop>1.73</pdop></trkpt>
<trkpt lat="39.1275045" lon="-123.19752083333333"><ele>179.6</ele><time>2026-09-24T20:11:28.000Z</time><extensions><gpxtpx:TrackPointExtension><gpxtpx:bearing>353.1</gpxtpx:bearing><gpxtpx:speed>7.5257535</gpxtpx:speed></gpxtpx:TrackPointExtension></extensions><geoidheight>-28.7</geoidheight><src>gps</src><sat>13</sat><hdop>1.10</hdop><vdop>1.31</vdop><pdop>1.71</pdop></trkpt>
<trkpt lat="39.12823983333333" lon="-123.19762716666668"><ele>177.0</ele><time>2026-09-24T20:11:39.000Z</time><extensions><gpxtpx:TrackPointExtension><gpxtpx:bearing>353.09</gpxtpx:bearing><gpxtpx:speed>8.346221</gpxtpx:speed></gpxtpx:TrackPointExtension></extensions><geoidheight>-28.7</geoidheight><src>gps</src><sat>13</sat><hdop>1.10</hdop><vdop>1.31</vdop><pdop>1.71</pdop></trkpt>
<trkpt lat="39.12901166666666" lon="-123.19775716666666"><ele>176.1</ele><time>2026-09-24T20:11:50.000Z</time><extensions><gpxtpx:TrackPointExtension><gpxtpx:bearing>350.18</gpxtpx:bearing><gpxtpx:speed>8.173274</gpxtpx:speed></gpxtpx:TrackPointExtension></extensions><geoidheight>-28.7</geoidheight><src>gps</src><sat>13</sat><hdop>1.09</hdop><vdop>1.31</vdop><pdop>1.71</pdop></trkpt>
<trkpt lat="39.129704999999994" lon="-123.19792466666668"><ele>171.7</ele><time>2026-09-24T20:12:01.000Z</time><extensions><gpxtpx:TrackPointExtension><gpxtpx:bearing>344.22</gpxtpx:bearing><gpxtpx:speed>5.896143</gpxtpx:speed></gpxtpx:TrackPointExtension></extensions><geoidheight>-28.7</geoidheight><src>gps</src><sat>13</sat><hdop>1.09</hdop><vdop>1.31</vdop><pdop>1.70</pdop></trkpt>
<trkpt lat="39.1299905" lon="-123.19787999999998"><ele>171.4</ele><time>2026-09-24T20:12:12.000Z</time><extensions><gpxtpx:TrackPointExtension><gpxtpx:bearing>60.6</gpxtpx:bearing><gpxtpx:speed>1.8457938</gpxtpx:speed></gpxtpx:TrackPointExtension></extensions><geoidheight>-28.7</geoidheight><src>gps</src><sat>13</sat><hdop>0.80</hdop><vdop>1.10</vdop><pdop>1.36</pdop></trkpt>
<trkpt lat="39.12991733333333" lon="-123.1976155"><ele>167.6</ele><time>2026-09-24T20:12:23.000Z</time><extensions><gpxtpx:TrackPointExtension><gpxtpx:bearing>117.63</gpxtpx:bearing><gpxtpx:speed>2.6008914</gpxtpx:speed></gpxtpx:TrackPointExtension></extensions><geoidheight>-28.7</geoidheight><src>gps</src><sat>12</sat><hdop>0.82</hdop><vdop>1.10</vdop><pdop>1.37</pdop></trkpt>
<trkpt lat="39.12987633333333" lon="-123.19726583333335"><ele>159.8</ele><time>2026-09-24T20:12:34.000Z</time><extensions><gpxtpx:TrackPointExtension><gpxtpx:bearing>88.93</gpxtpx:bearing><gpxtpx:speed>1.8468233</gpxtpx:speed></gpxtpx:TrackPointExtension></extensions><geoidheight>-28.7</geoidheight><src>gps</src><sat>13</sat><hdop>0.81</hdop><vdop>1.10</vdop><pdop>1.37</pdop></trkpt>
<trkpt lat="39.12989783333333" lon="-123.19717766666666"><ele>160.7</ele><time>2026-09-24T20:12:45.000Z</time><extensions><gpxtpx:TrackPointExtension><gpxtpx:speed>0.028309721</gpxtpx:speed></gpxtpx:TrackPointExtension></extensions><geoidheight>-28.7</geoidheight><src>gps</src><sat>14</sat><hdop>0.89</hdop><vdop>1.13</vdop><pdop>1.44</pdop></trkpt>
<trkpt lat="39.129993166666665" lon="-123.197103"><time>2026-09-24T20:31:50.000Z</time><extensions><gpxtpx:TrackPointExtension><gpxtpx:bearing>48.52</gpxtpx:bearing><gpxtpx:speed>1.8499117</gpxtpx:speed></gpxtpx:TrackPointExtension></extensions><src>gps</src><hdop>3.33</hdop><vdop>4.86</vdop><pdop>5.89</pdop></trkpt>
<trkpt lat="39.1303365" lon="-123.19714666666665"><ele>184.0</ele><time>2026-09-24T20:32:32.000Z</time><extensions><gpxtpx:TrackPointExtension><gpxtpx:speed>0.46582362</gpxtpx:speed></gpxtpx:TrackPointExtension></extensions><geoidheight>-28.7</geoidheight><src>gps</src><sat>5</sat><hdop>1.90</hdop><vdop>2.68</vdop><pdop>3.29</pdop></trkpt>
<trkpt lat="39.13029233333334" lon="-123.19740900000001"><ele>169.0</ele><time>2026-09-24T20:32:43.000Z</time><extensions><gpxtpx:TrackPointExtension><gpxtpx:bearing>259.13</gpxtpx:bearing><gpxtpx:speed>2.8716352</gpxtpx:speed></gpxtpx:TrackPointExtension></extensions><geoidheight>-28.7</geoidheight><src>gps</src><sat>7</sat><hdop>1.51</hdop><vdop>1.84</vdop><pdop>2.38</pdop></trkpt>
<trkpt lat="39.130225833333334" lon="-123.19766583333333"><ele>173.4</ele><time>2026-09-24T20:32:54.000Z</time><extensions><gpxtpx:TrackPointExtension><gpxtpx:bearing>213.9</gpxtpx:bearing><gpxtpx:speed>1.9276347</gpxtpx:speed></gpxtpx:TrackPointExtension></extensions><geoidheight>-28.7</geoidheight><src>gps</src><sat>10</sat><hdop>1.02</hdop><vdop>1.59</vdop><pdop>1.89</pdop></trkpt>
<trkpt lat="39.13012616666666" lon="-123.19771433333332"><ele>176.5</ele><time>2026-09-24T20:33:05.000Z</time><extensions><gpxtpx:TrackPointExtension><gpxtpx:bearing>198.12</gpxtpx:bearing><gpxtpx:speed>0.76796556</gpxtpx:speed></gpxtpx:TrackPointExtension></extensions><geoidheight>-28.7</geoidheight><src>gps</src><sat>10</sat><hdop>1.02</hdop><vdop>1.59</vdop><pdop>1.89</pdop></trkpt>
<trkpt lat="39.130064999999995" lon="-123.19791250000002"><ele>179.7</ele><time>2026-09-24T20:33:16.000Z</time><extensions><gpxtpx:TrackPointExtension><gpxtpx:bearing>273.27</gpxtpx:bearing><gpxtpx:speed>2.3172793</gpxtpx:speed></gpxtpx:TrackPointExtension></extensions><geoidheight>-28.7</geoidheight><src>gps</src><sat>11</sat><hdop>0.96</hdop><vdop>1.51</vdop><pdop>1.79</pdop></trkpt>
<trkpt lat="39.130193999999996" lon="-123.19810299999999"><ele>180.3</ele><time>2026-09-24T20:33:27.000Z</time><extensions><gpxtpx:TrackPointExtension><gpxtpx:bearing>338.09</gpxtpx:bearing><gpxtpx:speed>3.1660564</gpxtpx:speed></gpxtpx:TrackPointExtension></extensions><geoidheight>-28.7</geoidheight><src>gps</src><sat>11</sat><hdop>0.95</hdop><vdop>1.48</vdop><pdop>1.76</pdop></trkpt>
<trkpt lat="39.13077583333334" lon="-123.1983055"><ele>178.6</ele><time>2026-09-24T20:33:38.000Z</time><extensions><gpxtpx:TrackPointExtension><gpxtpx:bearing>345.5</gpxtpx:bearing><gpxtpx:speed>9.806488</gpxtpx:speed></gpxtpx:TrackPointExtension></extensions><geoidheight>-28.7</geoidheight><src>gps</src><sat>11</sat><hdop>0.95</hdop><vdop>1.48</vdop><pdop>1.76</pdop></trkpt>
<trkpt lat="39.131729666666665" lon="-123.19856300000001"><ele>178.2</ele><time>2026-09-24T20:33:49.000Z</time><extensions><gpxtpx:TrackPointExtension><gpxtpx:bearing>350.37</gpxtpx:bearing><gpxtpx:speed>9.458021</gpxtpx:speed></gpxtpx:TrackPointExtension></extensions><geoidheight>-28.7</geoidheight><src>gps</src><sat>12</sat><hdop>0.90</hdop><vdop>1.38</vdop><pdop>1.64</pdop></trkpt>
<trkpt lat="39.132395333333335" lon="-123.19870116666668"><ele>178.8</ele><time>2026-09-24T20:34:00.000Z</time><extensions><gpxtpx:TrackPointExtension><gpxtpx:bearing>353.98</gpxtpx:bearing><gpxtpx:speed>3.0342875</gpxtpx:speed></gpxtpx:TrackPointExtension></extensions><geoidheight>-28.7</geoidheight><src>gps</src><sat>12</sat><hdop>0.90</hdop><vdop>1.38</vdop><pdop>1.64</pdop></trkpt>
<trkpt lat="39.132493999999994" lon="-123.19871749999999"><ele>179.1</ele><time>2026-09-24T20:34:11.000Z</time><extensions><gpxtpx:TrackPointExtension><gpxtpx:bearing>353.67</gpxtpx:bearing><gpxtpx:speed>2.280734</gpxtpx:speed></gpxtpx:TrackPointExtension></extensions><geoidheight>-28.7</geoidheight><src>gps</src><sat>13</sat><hdop>0.89</hdop><vdop>1.34</vdop><pdop>1.61</pdop></trkpt>
<trkpt lat="39.13303866666667" lon="-123.19875849999998"><ele>177.4</ele><time>2026-09-24T20:34:22.000Z</time><extensions><gpxtpx:TrackPointExtension><gpxtpx:bearing>356.11</gpxtpx:bearing><gpxtpx:speed>8.058491</gpxtpx:speed></gpxtpx:TrackPointExtension></extensions><geoidheight>-28.7</geoidheight><src>gps</src><sat>13</sat><hdop>0.89</hdop><vdop>1.34</vdop><pdop>1.61</pdop></trkpt>
<trkpt lat="39.13383216666667" lon="-123.19877033333333"><ele>174.9</ele><time>2026-09-24T20:34:33.000Z</time><extensions><gpxtpx:TrackPointExtension><gpxtpx:bearing>1.38</gpxtpx:bearing><gpxtpx:speed>10.263046</gpxtpx:speed></gpxtpx:TrackPointExtension></extensions><geoidheight>-28.7</geoidheight><src>gps</src><sat>13</sat><hdop>0.89</hdop><vdop>1.34</vdop><pdop>1.61</pdop></trkpt>
<trkpt lat="39.1347605" lon="-123.19869533333333"><ele>177.3</ele><time>2026-09-24T20:34:44.000Z</time><extensions><gpxtpx:TrackPointExtension><gpxtpx:bearing>2.16</gpxtpx:bearing><gpxtpx:speed>6.784039</gpxtpx:speed></gpxtpx:TrackPointExtension></extensions><geoidheight>-28.7</geoidheight><src>gps</src><sat>13</sat><hdop>0.89</hdop><vdop>1.34</vdop><pdop>1.61</pdop></trkpt>
<trkpt lat="39.13525883333333" lon="-123.1986175"><ele>176.0</ele><time>2026-09-24T20:34:55.000Z</time><extensions><gpxtpx:TrackPointExtension><gpxtpx:bearing>14.47</gpxtpx:bearing><gpxtpx:speed>1.2554075</gpxtpx:speed></gpxtpx:TrackPointExtension></extensions><geoidheight>-28.7</geoidheight><src>gps</src><sat>13</sat><hdop>1.05</hdop><vdop>1.37</vdop><pdop>1.73</pdop></trkpt>
<trkpt lat="39.135351" lon="-123.19845466666666"><ele>173.6</ele><time>2026-09-24T20:35:06.000Z</time><extensions><gpxtpx:TrackPointExtension><gpxtpx:bearing>112.85</gpxtpx:bearing><gpxtpx:speed>1.4329866</gpxtpx:speed></gpxtpx:TrackPointExtension></extensions><geoidheight>-28.7</geoidheight><src>gps</src><sat>13</sat><hdop>0.94</hdop><vdop>1.41</vdop><pdop>1.69</pdop></trkpt>
<trkpt lat="39.13536283333334" lon="-123.19828799999999"><ele>178.0</ele><time>2026-09-24T20:35:17.000Z</time><extensions><gpxtpx:TrackPointExtension><gpxtpx:bearing>71.58</gpxtpx:bearing><gpxtpx:speed>1.6779945</gpxtpx:speed></gpxtpx:TrackPointExtension></extensions><geoidheight>-28.7</geoidheight><src>gps</src><sat>13</sat><hdop>1.27</hdop><vdop>1.54</vdop><pdop>1.99</pdop></trkpt>
<trkpt lat="39.13548933333333" lon="-123.19821750000001"><ele>180.3</ele><time>2026-09-24T20:35:28.000Z</time><extensions><gpxtpx:TrackPointExtension><gpxtpx:speed>0.52656084</gpxtpx:speed></gpxtpx:TrackPointExtension></extensions><geoidheight>-28.7</geoidheight><src>gps</src><sat>13</sat><hdop>0.89</hdop><vdop>1.33</vdop><pdop>1.60</pdop></trkpt>
<trkpt lat="39.1351515" lon="-123.19803166666667"><ele>171.8</ele><time>2026-09-24T20:54:04.000Z</time><extensions><gpxtpx:TrackPointExtension><gpxtpx:bearing>176.91</gpxtpx:bearing><gpxtpx:speed>2.0681539</gpxtpx:speed></gpxtpx:TrackPointExtension></extensions><geoidheight>-28.7</geoidheight><src>gps</src><sat>5</sat><hdop>1.16</hdop><vdop>1.94</vdop><pdop>2.26</pdop></trkpt>
<trkpt lat="39.13511416666667" lon="-123.19799566666667"><ele>187.2</ele><time>2026-09-24T20:54:15.000Z</time><extensions><gpxtpx:TrackPointExtension><gpxtpx:speed>0.41898388</gpxtpx:speed></gpxtpx:TrackPointExtension></extensions><geoidheight>-28.7</geoidheight><src>gps</src><sat>6</sat><hdop>1.16</hdop><vdop>1.95</vdop><pdop>2.27</pdop></trkpt>
<trkpt lat="39.135025166666665" lon="-123.19807333333334"><ele>197.6</ele><time>2026-09-24T20:54:37.000Z</time><extensions><gpxtpx:TrackPointExtension><gpxtpx:bearing>221.68</gpxtpx:bearing><gpxtpx:speed>1.2965853</gpxtpx:speed></gpxtpx:TrackPointExtension></extensions><geoidheight>-28.7</geoidheight><src>gps</src><sat>7</sat><hdop>1.05</hdop><vdop>1.93</vdop><pdop>2.20</pdop></trkpt>
<trkpt lat="39.13506766666667" lon="-123.19839666666667"><ele>196.6</ele><time>2026-09-24T20:54:48.000Z</time><extensions><gpxtpx:TrackPointExtension><gpxtpx:bearing>283.36</gpxtpx:bearing><gpxtpx:speed>2.6487606</gpxtpx:speed></gpxtpx:TrackPointExtension></extensions><geoidheight>-28.7</geoidheight><src>gps</src><sat>7</sat><hdop>1.05</hdop><vdop>1.93</vdop><pdop>2.20</pdop></trkpt>
<trkpt lat="39.13509083333334" lon="-123.19854783333334"><ele>196.5</ele><time>2026-09-24T20:54:59.000Z</time><extensions><gpxtpx:TrackPointExtension><gpxtpx:speed>0.38398278</gpxtpx:speed></gpxtpx:TrackPointExtension></extensions><geoidheight>-28.7</geoidheight><src>gps</src><sat>8</sat><hdop>1.03</hdop><vdop>1.61</vdop><pdop>1.91</pdop></trkpt>
<trkpt lat="39.13528433333333" lon="-123.19864983333333"><ele>190.4</ele><time>2026-09-24T20:55:21.000Z</time><extensions><gpxtpx:TrackPointExtension><gpxtpx:bearing>7.53</gpxtpx:bearing><gpxtpx:speed>3.83571</gpxtpx:speed></gpxtpx:TrackPointExtension></extensions><geoidheight>-28.7</geoidheight><src>gps</src><sat>9</sat><hdop>1.11</hdop><vdop>1.74</vdop><pdop>2.06</pdop></trkpt>
<trkpt lat="39.135673" lon="-123.19855950000002"><ele>188.3</ele><time>2026-09-24T20:55:32.000Z</time><extensions><gpxtpx:TrackPointExtension><gpxtpx:bearing>12.88</gpxtpx:bearing><gpxtpx:speed>2.6137595</gpxtpx:speed></gpxtpx:TrackPointExtension></extensions><geoidheight>-28.7</geoidheight><src>gps</src><sat>8</sat><hdop>1.11</hdop><vdop>1.74</vdop><pdop>2.06</pdop></trkpt>
<trkpt lat="39.135782" lon="-123.19837166666666"><ele>185.9</ele><time>2026-09-24T20:55:43.000Z</time><extensions><gpxtpx:TrackPointExtension><gpxtpx:bearing>96.36</gpxtpx:bearing><gpxtpx:speed>2.414562</gpxtpx:speed></gpxtpx:TrackPointExtension></extensions><geoidheight>-28.7</geoidheight><src>gps</src><sat>9</sat><hdop>1.11</hdop><vdop>1.73</vdop><pdop>2.06</pdop></trkpt>
<trkpt lat="39.135714166666666" lon="-123.19783683333331"><ele>182.4</ele><time>2026-09-24T20:55:54.000Z</time><extensions><gpxtpx:TrackPointExtension><gpxtpx:bearing>99.39</gpxtpx:bearing><gpxtpx:speed>7.206626</gpxtpx:speed></gpxtpx:TrackPointExtension></extensions><geoidheight>-28.7</geoidheight><src>gps</src><sat>9</sat><hdop>1.11</hdop><vdop>1.73</vdop><pdop>2.06</pdop></trkpt>
<trkpt lat="39.1351785" lon="-123.19741216666668"><ele>183.4</ele><time>2026-09-24T20:56:05.000Z</time><extensions><gpxtpx:TrackPointExtension><gpxtpx:bearing>170.03</gpxtpx:bearing><gpxtpx:speed>7.8881183</gpxtpx:speed></gpxtpx:TrackPointExtension></extensions><geoidheight>-28.7</geoidheight><src>gps</src><sat>8</sat><hdop>1.11</hdop><vdop>1.73</vdop><pdop>2.05</pdop></trkpt>
<trkpt lat="39.134535166666666" lon="-123.19653366666668"><ele>180.8</ele><time>2026-09-24T20:56:16.000Z</time><extensions><gpxtpx:TrackPointExtension><gpxtpx:bearing>124.11</gpxtpx:bearing><gpxtpx:speed>10.5538645</gpxtpx:speed></gpxtpx:TrackPointExtension></extensions><geoidheight>-28.7</geoidheight><src>gps</src><sat>9</sat><hdop>1.00</hdop><vdop>1.52</vdop><pdop>1.82</pdop></trkpt>
<trkpt lat="39.1337585" lon="-123.19580116666666"><ele>180.8</ele><time>2026-09-24T20:56:27.000Z</time><extensions><gpxtpx:TrackPointExtension><gpxtpx:bearing>173.21</gpxtpx:bearing><gpxtpx:speed>12.125312</gpxtpx:speed></gpxtpx:TrackPointExtension></extensions><geoidheight>-28.7</geoidheight><src>gps</src><sat>9</sat><hdop>0.87</hdop><vdop>1.41</vdop><pdop>1.66</pdop></trkpt>
<trkpt lat="39.13226983333333" lon="-123.19562316666666"><ele>182.3</ele><time>2026-09-24T20:56:38.000Z</time><extensions><gpxtpx:TrackPointExtension><gpxtpx:bearing>177.06</gpxtpx:bearing><gpxtpx:speed>17.581367</gpxtpx:speed></gpxtpx:TrackPointExtension></extensions><geoidheight>-28.7</geoidheight><src>gps</src><sat>11</sat><hdop>0.85</hdop><vdop>1.38</vdop><pdop>1.63</pdop></trkpt>
<trkpt lat="39.13040733333333" lon="-123.19547666666668"><ele>182.3</ele><time>2026-09-24T20:56:49.000Z</time><extensions><gpxtpx:TrackPointExtension><gpxtpx:bearing>176.57</gpxtpx:bearing><gpxtpx:speed>19.507973</gpxtpx:speed></gpxtpx:TrackPointExtension></extensions><geoidheight>-28.7</geoidheight><src>gps</src><sat>11</sat><hdop>0.85</hdop><vdop>1.38</vdop><pdop>1.63</pdop></trkpt>
<trkpt lat="39.12843383333333" lon="-123.1953245"><ele>181.6</ele><time>2026-09-24T20:57:00.000Z</time><extensions><gpxtpx:TrackPointExtension><gpxtpx:bearing>176.64</gpxtpx:bearing><gpxtpx:speed>20.401014</gpxtpx:speed></gpxtpx:TrackPointExtension></extensions><geoidheight>-28.7</geoidheight><src>gps</src><sat>11</sat><hdop>0.85</hdop><vdop>1.38</vdop><pdop>1.63</pdop></trkpt>
<trkpt lat="39.126394" lon="-123.19517166666668"><ele>182.7</ele><time>2026-09-24T20:57:11.000Z</time><extensions><gpxtpx:TrackPointExtension><gpxtpx:bearing>176.48</gpxtpx:bearing><gpxtpx:speed>20.68823</gpxtpx:speed></gpxtpx:TrackPointExtension></extensions><geoidheight>-28.7</geoidheight><src>gps</src><sat>11</sat><hdop>0.85</hdop><vdop>1.38</vdop><pdop>1.63</pdop></trkpt>
<trkpt lat="39.1242435" lon="-123.19500250000002"><ele>183.0</ele><time>2026-09-24T20:57:22.000Z</time><extensions><gpxtpx:TrackPointExtension><gpxtpx:bearing>176.79</gpxtpx:bearing><gpxtpx:speed>22.733221</gpxtpx:speed></gpxtpx:TrackPointExtension></extensions><geoidheight>-28.7</geoidheight><src>gps</src><sat>11</sat><hdop>0.85</hdop><vdop>1.38</vdop><pdop>1.63</pdop></trkpt>
<trkpt lat="39.121934333333336" lon="-123.194826"><ele>181.5</ele><time>2026-09-24T20:57:33.000Z</time><extensions><gpxtpx:TrackPointExtension><gpxtpx:bearing>176.81</gpxtpx:bearing><gpxtpx:speed>23.74671</gpxtpx:speed></gpxtpx:TrackPointExtension></extensions><geoidheight>-28.7</geoidheight><src>gps</src><sat>11</sat><hdop>0.85</hdop><vdop>1.38</vdop><pdop>1.63</pdop></trkpt>
<trkpt lat="39.11963933333333" lon="-123.19504466666667"><ele>185.4</ele><time>2026-09-24T20:57:44.000Z</time><extensions><gpxtpx:TrackPointExtension><gpxtpx:bearing>192.65</gpxtpx:bearing><gpxtpx:speed>22.670425</gpxtpx:speed></gpxtpx:TrackPointExtension></extensions><geoidheight>-28.7</geoidheight><src>gps</src><sat>11</sat><hdop>0.85</hdop><vdop>1.38</vdop><pdop>1.63</pdop></trkpt>
<trkpt lat="39.11746016666667" lon="-123.195749"><ele>189.6</ele><time>2026-09-24T20:57:55.000Z</time><extensions><gpxtpx:TrackPointExtension><gpxtpx:bearing>193.71</gpxtpx:bearing><gpxtpx:speed>22.68175</gpxtpx:speed></gpxtpx:TrackPointExtension></extensions><geoidheight>-28.7</geoidheight><src>gps</src><sat>10</sat><hdop>0.95</hdop><vdop>1.90</vdop><pdop>2.12</pdop><dgpsid>0000</dgpsid></trkpt>
<trkpt lat="39.115199" lon="-123.19615116666667"><ele>187.1</ele><time>2026-09-24T20:58:06.000Z</time><extensions><gpxtpx:TrackPointExtension><gpxtpx:bearing>178.65</gpxtpx:bearing><gpxtpx:speed>23.874876</gpxtpx:speed></gpxtpx:TrackPointExtension></extensions><geoidheight>-28.7</geoidheight><src>gps</src><sat>11</sat><hdop>0.85</hdop><vdop>1.38</vdop><pdop>1.63</pdop><dgpsid>0000</dgpsid></trkpt>
<trkpt lat="39.112847333333335" lon="-123.1958405"><ele>182.4</ele><time>2026-09-24T20:58:17.000Z</time><extensions><gpxtpx:TrackPointExtension><gpxtpx:bearing>173.23</gpxtpx:bearing><gpxtpx:speed>24.133781</gpxtpx:speed></gpxtpx:TrackPointExtension></extensions><geoidheight>-28.7</geoidheight><src>gps</src><sat>11</sat><hdop>0.85</hdop><vdop>1.38</vdop><pdop>1.63</pdop><dgpsid>0000</dgpsid></trkpt>
<trkpt lat="39.11045183333333" lon="-123.19549583333334"><ele>181.4</ele><time>2026-09-24T20:58:28.000Z</time><extensions><gpxtpx:TrackPointExtension><gpxtpx:bearing>173.27</gpxtpx:bearing><gpxtpx:speed>24.713358</gpxtpx:speed></gpxtpx:TrackPointExtension></extensions><geoidheight>-28.7</geoidheight><src>gps</src><sat>11</sat><hdop>0.85</hdop><vdop>1.38</vdop><pdop>1.63</pdop><dgpsid>0000</dgpsid></trkpt>
<trkpt lat="39.10797633333333" lon="-123.19512950000002"><ele>181.1</ele><time>2026-09-24T20:58:39.000Z</time><extensions><gpxtpx:TrackPointExtension><gpxtpx:bearing>173.26</gpxtpx:bearing><gpxtpx:speed>25.49831</gpxtpx:speed></gpxtpx:TrackPointExtension></extensions><geoidheight>-28.7</geoidheight><src>gps</src><sat>11</sat><hdop>0.85</hdop><vdop>1.38</vdop><pdop>1.63</pdop><dgpsid>0000</dgpsid></trkpt>
<trkpt lat="39.1054735" lon="-123.19459216666668"><ele>178.0</ele><time>2026-09-24T20:58:50.000Z</time><extensions><gpxtpx:TrackPointExtension><gpxtpx:bearing>165.99</gpxtpx:bearing><gpxtpx:speed>25.695448</gpxtpx:speed></gpxtpx:TrackPointExtension></extensions><geoidheight>-28.7</geoidheight><src>gps</src><sat>11</sat><hdop>0.85</hdop><vdop>1.38</vdop><pdop>1.63</pdop><dgpsid>0000</dgpsid></trkpt>
<trkpt lat="39.10302566666667" lon="-123.19348316666668"><ele>177.0</ele><time>2026-09-24T20:59:01.000Z</time><extensions><gpxtpx:TrackPointExtension><gpxtpx:bearing>155.08</gpxtpx:bearing><gpxtpx:speed>26.388264</gpxtpx:speed></gpxtpx:TrackPointExtension></extensions><geoidheight>-28.7</geoidheight><src>gps</src><sat>11</sat><hdop>0.85</hdop><vdop>1.38</vdop><pdop>1.63</pdop><dgpsid>0000</dgpsid></trkpt>
<trkpt lat="39.10071533333333" lon="-123.19193166666668"><ele>178.5</ele><time>2026-09-24T20:59:12.000Z</time><extensions><gpxtpx:TrackPointExtension><gpxtpx:bearing>151.3</gpxtpx:bearing><gpxtpx:speed>25.966707</gpxtpx:speed></gpxtpx:TrackPointExtension></extensions><geoidheight>-28.7</geoidheight><src>gps</src><sat>11</sat><hdop>0.85</hdop><vdop>1.38</vdop><pdop>1.63</pdop><dgpsid>0000</dgpsid></trkpt>
<trkpt lat="39.09849766666667" lon="-123.19043833333332"><ele>179.8</ele><time>2026-09-24T20:59:23.000Z</time><extensions><gpxtpx:TrackPointExtension><gpxtpx:bearing>153.59</gpxtpx:bearing><gpxtpx:speed>24.939322</gpxtpx:speed></gpxtpx:TrackPointExtension></extensions><geoidheight>-28.7</geoidheight><src>gps</src><sat>10</sat><hdop>0.94</hdop><vdop>1.91</vdop><pdop>2.13</pdop><dgpsid>0000</dgpsid></trkpt>
<trkpt lat="39.09618833333333" lon="-123.18912233333334"><ele>179.2</ele><time>2026-09-24T20:59:34.000Z</time><extensions><gpxtpx:TrackPointExtension><gpxtpx:bearing>156.38</gpxtpx:bearing><gpxtpx:speed>25.916264</gpxtpx:speed></gpxtpx:TrackPointExtension></extensions><geoidheight>-28.7</geoidheight><src>gps</src><sat>11</sat><hdop>0.85</hdop><vdop>1.38</vdop><pdop>1.63</pdop><dgpsid>0000</dgpsid></trkpt>
<trkpt lat="39.09382016666667" lon="-123.18781966666666"><ele>179.0</ele><time>2026-09-24T20:59:45.000Z</time><extensions><gpxtpx:TrackPointExtension><gpxtpx:bearing>157.03</gpxtpx:bearing><gpxtpx:speed>26.152521</gpxtpx:speed></gpxtpx:TrackPointExtension></extensions><geoidheight>-28.7</geoidheight><src>gps</src><sat>11</sat><hdop>0.85</hdop><vdop>1.38</vdop><pdop>1.63</pdop><dgpsid>0000</dgpsid></trkpt>
<trkpt lat="39.091390833333335" lon="-123.1864885"><ele>177.1</ele><time>2026-09-24T20:59:56.000Z</time><extensions><gpxtpx:TrackPointExtension><gpxtpx:bearing>157.12</gpxtpx:bearing><gpxtpx:speed>27.280792</gpxtpx:speed></gpxtpx:TrackPointExtension></extensions><geoidheight>-28.7</geoidheight><src>gps</src><sat>11</sat><hdop>0.85</hdop><vdop>1.38</vdop><pdop>1.63</pdop><dgpsid>0000</dgpsid></trkpt>
<trkpt lat="39.08892383333333" lon="-123.18511833333332"><ele>175.7</ele><time>2026-09-24T21:00:07.000Z</time><extensions><gpxtpx:TrackPointExtension><gpxtpx:bearing>156.64</gpxtpx:bearing><gpxtpx:speed>27.293146</gpxtpx:speed></gpxtpx:TrackPointExtension></extensions><geoidheight>-28.7</geoidheight><src>gps</src><sat>10</sat><hdop>0.87</hdop><vdop>1.60</vdop><pdop>1.83</pdop><dgpsid>0000</dgpsid></trkpt>
<trkpt lat="39.0864305" lon="-123.18373933333332"><ele>178.7</ele><time>2026-09-24T21:00:18.000Z</time><extensions><gpxtpx:TrackPointExtension><gpxtpx:bearing>156.57</gpxtpx:bearing><gpxtpx:speed>27.747646</gpxtpx:speed></gpxtpx:TrackPointExtension></extensions><geoidheight>-28.7</geoidheight><src>gps</src><sat>10</sat><hdop>0.87</hdop><vdop>1.61</vdop><pdop>1.83</pdop><dgpsid>0000</dgpsid></trkpt>
<trkpt lat="39.083914" lon="-123.18234400000001"><ele>183.8</ele><time>2026-09-24T21:00:29.000Z</time><extensions><gpxtpx:TrackPointExtension><gpxtpx:bearing>156.56</gpxtpx:bearing><gpxtpx:speed>27.417194</gpxtpx:speed></gpxtpx:TrackPointExtension></extensions><geoidheight>-28.7</geoidheight><src>gps</src><sat>11</sat><hdop>0.85</hdop><vdop>1.38</vdop><pdop>1.63</pdop><dgpsid>0000</dgpsid></trkpt>
<trkpt lat="39.081450499999995" lon="-123.18098316666668"><ele>190.9</ele><time>2026-09-24T21:00:40.000Z</time><extensions><gpxtpx:TrackPointExtension><gpxtpx:bearing>156.69</gpxtpx:bearing><gpxtpx:speed>26.929237</gpxtpx:speed></gpxtpx:TrackPointExtension></extensions><geoidheight>-28.7</geoidheight><src>gps</src><sat>11</sat><hdop>0.85</hdop><vdop>1.38</vdop><pdop>1.63</pdop><dgpsid>0000</dgpsid></trkpt>
<trkpt lat="39.07918433333334" lon="-123.17971600000001"><ele>207.4</ele><time>2026-09-24T21:00:51.000Z</time><extensions><gpxtpx:TrackPointExtension><gpxtpx:bearing>155.59</gpxtpx:bearing><gpxtpx:speed>23.140368</gpxtpx:speed></gpxtpx:TrackPointExtension></extensions><geoidheight>-28.7</geoidheight><src>gps</src><sat>10</sat><hdop>0.94</hdop><vdop>1.92</vdop><pdop>2.13</pdop><dgpsid>0000</dgpsid></trkpt>
<trkpt lat="39.077369" lon="-123.17838250000001"><ele>223.8</ele><time>2026-09-24T21:01:02.000Z</time><extensions><gpxtpx:TrackPointExtension><gpxtpx:bearing>142.9</gpxtpx:bearing><gpxtpx:speed>19.833792</gpxtpx:speed></gpxtpx:TrackPointExtension></extensions><geoidheight>-28.7</geoidheight><src>gps</src><sat>10</sat><hdop>0.94</hdop><vdop>1.92</vdop><pdop>2.13</pdop><dgpsid>0000</dgpsid></trkpt>
<trkpt lat="39.075981166666665" lon="-123.176768"><ele>233.3</ele><time>2026-09-24T21:01:13.000Z</time><extensions><gpxtpx:TrackPointExtension><gpxtpx:bearing>135.88</gpxtpx:bearing><gpxtpx:speed>18.73589</gpxtpx:speed></gpxtpx:TrackPointExtension></extensions><geoidheight>-28.7</geoidheight><src>gps</src><sat>9</sat><hdop>1.06</hdop><vdop>2.25</vdop><pdop>2.49</pdop><dgpsid>0000</dgpsid></trkpt>
<trkpt lat="39.07466683333334" lon="-123.17511266666666"><ele>241.3</ele><time>2026-09-24T21:01:24.000Z</time><extensions><gpxtpx:TrackPointExtension><gpxtpx:bearing>135.53</gpxtpx:bearing><gpxtpx:speed>18.537207</gpxtpx:speed></gpxtpx:TrackPointExtension></extensions><geoidheight>-28.7</geoidheight><src>gps</src><sat>10</sat><hdop>0.85</hdop><vdop>1.38</vdop><pdop>1.63</pdop><dgpsid>0000</dgpsid></trkpt>
<trkpt lat="39.073337333333335" lon="-123.17345716666665"><ele>245.2</ele><time>2026-09-24T21:01:35.000Z</time><extensions><gpxtpx:TrackPointExtension><gpxtpx:bearing>135.35</gpxtpx:bearing><gpxtpx:speed>19.398851</gpxtpx:speed></gpxtpx:TrackPointExtension></extensions><geoidheight>-28.7</geoidheight><src>gps</src><sat>9</sat><hdop>0.94</hdop><vdop>1.92</vdop><pdop>2.13</pdop><dgpsid>0000</dgpsid></trkpt>
<trkpt lat="39.071812666666666" lon="-123.17156433333334"><ele>241.4</ele><time>2026-09-24T21:01:46.000Z</time><extensions><gpxtpx:TrackPointExtension><gpxtpx:bearing>135.26</gpxtpx:bearing><gpxtpx:speed>23.745165</gpxtpx:speed></gpxtpx:TrackPointExtension></extensions><geoidheight>-28.7</geoidheight><src>gps</src><sat>11</sat><hdop>0.85</hdop><vdop>1.38</vdop><pdop>1.63</pdop><dgpsid>0000</dgpsid></trkpt>
<trkpt lat="39.06988783333334" lon="-123.16955483333335"><ele>230.1</ele><time>2026-09-24T21:01:57.000Z</time><extensions><gpxtpx:TrackPointExtension><gpxtpx:bearing>150.29</gpxtpx:bearing><gpxtpx:speed>26.83041</gpxtpx:speed></gpxtpx:TrackPointExtension></extensions><geoidheight>-28.7</geoidheight><src>gps</src><sat>10</sat><hdop>0.94</hdop><vdop>1.92</vdop><pdop>2.13</pdop><dgpsid>0000</dgpsid></trkpt>
<trkpt lat="39.06736866666667" lon="-123.16806516666665"><ele>219.4</ele><time>2026-09-24T21:02:08.000Z</time><extensions><gpxtpx:TrackPointExtension><gpxtpx:bearing>150.9</gpxtpx:bearing><gpxtpx:speed>28.867167</gpxtpx:speed></gpxtpx:TrackPointExtension></extensions><geoidheight>-28.7</geoidheight><src>gps</src><sat>9</sat><hdop>1.06</hdop><vdop>2.26</vdop><pdop>2.50</pdop><dgpsid>0000</dgpsid></trkpt>
<trkpt lat="39.06514716666666" lon="-123.16588366666669"><ele>202.2</ele><time>2026-09-24T21:02:19.000Z</time><extensions><gpxtpx:TrackPointExtension><gpxtpx:bearing>140.16</gpxtpx:bearing><gpxtpx:speed>28.000889</gpxtpx:speed></gpxtpx:TrackPointExtension></extensions><geoidheight>-28.7</geoidheight><src>gps</src><sat>9</sat><hdop>1.43</hdop><vdop>3.50</vdop><pdop>3.78</pdop><dgpsid>0000</dgpsid></trkpt>
<trkpt lat="39.0630145" lon="-123.16361"><ele>194.4</ele><time>2026-09-24T21:02:30.000Z</time><extensions><gpxtpx:TrackPointExtension><gpxtpx:bearing>143.32</gpxtpx:bearing><gpxtpx:speed>28.524876</gpxtpx:speed></gpxtpx:TrackPointExtension></extensions><geoidheight>-28.7</geoidheight><src>gps</src><sat>8</sat><hdop>1.15</hdop><vdop>2.79</vdop><pdop>3.02</pdop><dgpsid>0000</dgpsid></trkpt>
<trkpt lat="39.060557" lon="-123.16170366666665"><ele>186.9</ele><time>2026-09-24T21:02:41.000Z</time><extensions><gpxtpx:TrackPointExtension><gpxtpx:bearing>151.47</gpxtpx:bearing><gpxtpx:speed>29.056583</gpxtpx:speed></gpxtpx:TrackPointExtension></extensions><geoidheight>-28.7</geoidheight><src>gps</src><sat>9</sat><hdop>1.13</hdop><vdop>1.76</vdop><pdop>2.09</pdop><dgpsid>0000</dgpsid></trkpt>
<trkpt lat="39.058157" lon="-123.16002916666666"><ele>180.9</ele><time>2026-09-24T21:02:52.000Z</time><extensions><gpxtpx:TrackPointExtension><gpxtpx:bearing>151.79</gpxtpx:bearing><gpxtpx:speed>26.274511</gpxtpx:speed></gpxtpx:TrackPointExtension></extensions><geoidheight>-28.7</geoidheight><src>gps</src><sat>10</sat><hdop>0.99</hdop><vdop>1.52</vdop><pdop>1.81</pdop><dgpsid>0000</dgpsid></trkpt>
<trkpt lat="39.05590966666667" lon="-123.15848466666667"><ele>173.5</ele><time>2026-09-24T21:03:03.000Z</time><extensions><gpxtpx:TrackPointExtension><gpxtpx:bearing>152.01</gpxtpx:bearing><gpxtpx:speed>25.548237</gpxtpx:speed></gpxtpx:TrackPointExtension></extensions><geoidheight>-28.7</geoidheight><src>gps</src><sat>10</sat><hdop>0.99</hdop><vdop>1.52</vdop><pdop>1.81</pdop><dgpsid>0000</dgpsid></trkpt>
<trkpt lat="39.05365483333333" lon="-123.15689516666667"><ele>173.0</ele><time>2026-09-24T21:03:14.000Z</time><extensions><gpxtpx:TrackPointExtension><gpxtpx:bearing>151.5</gpxtpx:bearing><gpxtpx:speed>26.139654</gpxtpx:speed></gpxtpx:TrackPointExtension></extensions><geoidheight>-28.7</geoidheight><src>gps</src><sat>11</sat><hdop>0.85</hdop><vdop>1.38</vdop><pdop>1.62</pdop><dgpsid>0000</dgpsid></trkpt>
<trkpt lat="39.051333666666665" lon="-123.155286"><ele>171.8</ele><time>2026-09-24T21:03:25.000Z</time><extensions><gpxtpx:TrackPointExtension><gpxtpx:bearing>151.6</gpxtpx:bearing><gpxtpx:speed>27.427488</gpxtpx:speed></gpxtpx:TrackPointExtension></extensions><geoidheight>-28.7</geoidheight><src>gps</src><sat>11</sat><hdop>0.85</hdop><vdop>1.38</vdop><pdop>1.62</pdop><dgpsid>0000</dgpsid></trkpt>
<trkpt lat="39.04889633333333" lon="-123.15359233333332"><ele>168.4</ele><time>2026-09-24T21:03:36.000Z</time><extensions><gpxtpx:TrackPointExtension><gpxtpx:bearing>151.26</gpxtpx:bearing><gpxtpx:speed>28.299427</gpxtpx:speed></gpxtpx:TrackPointExtension></extensions><geoidheight>-28.7</geoidheight><src>gps</src><sat>11</sat><hdop>0.85</hdop><vdop>1.38</vdop><pdop>1.62</pdop><dgpsid>0000</dgpsid></trkpt>
<trkpt lat="39.04652816666667" lon="-123.15196483333332"><ele>164.0</ele><time>2026-09-24T21:03:47.000Z</time><extensions><gpxtpx:TrackPointExtension><gpxtpx:bearing>151.64</gpxtpx:bearing><gpxtpx:speed>25.581694</gpxtpx:speed></gpxtpx:TrackPointExtension></extensions><geoidheight>-28.7</geoidheight><src>gps</src><sat>11</sat><hdop>0.85</hdop><vdop>1.38</vdop><pdop>1.62</pdop><dgpsid>0000</dgpsid></trkpt>
<trkpt lat="39.044423333333334" lon="-123.15052949999999"><ele>165.5</ele><time>2026-09-24T21:03:58.000Z</time><extensions><gpxtpx:TrackPointExtension><gpxtpx:bearing>151.59</gpxtpx:bearing><gpxtpx:speed>23.833698</gpxtpx:speed></gpxtpx:TrackPointExtension></extensions><geoidheight>-28.7</geoidheight><src>gps</src><sat>11</sat><hdop>0.85</hdop><vdop>1.38</vdop><pdop>1.62</pdop><dgpsid>0000</dgpsid></trkpt>
<trkpt lat="39.042236333333335" lon="-123.14901683333333"><ele>162.5</ele><time>2026-09-24T21:04:09.000Z</time><extensions><gpxtpx:TrackPointExtension><gpxtpx:bearing>151.92</gpxtpx:bearing><gpxtpx:speed>25.393307</gpxtpx:speed></gpxtpx:TrackPointExtension></extensions><geoidheight>-28.7</geoidheight><src>gps</src><sat>11</sat><hdop>0.85</hdop><vdop>1.38</vdop><pdop>1.62</pdop><dgpsid>0000</dgpsid></trkpt>
<trkpt lat="39.039967833333336" lon="-123.14744016666667"><ele>164.4</ele><time>2026-09-24T21:04:20.000Z</time><extensions><gpxtpx:TrackPointExtension><gpxtpx:bearing>151.71</gpxtpx:bearing><gpxtpx:speed>26.496355</gpxtpx:speed></gpxtpx:TrackPointExtension></extensions><geoidheight>-28.7</geoidheight><src>gps</src><sat>11</sat><hdop>0.85</hdop><vdop>1.38</vdop><pdop>1.62</pdop><dgpsid>0000</dgpsid></trkpt>
<trkpt lat="39.037655" lon="-123.14583900000001"><ele>163.7</ele><time>2026-09-24T21:04:31.000Z</time><extensions><gpxtpx:TrackPointExtension><gpxtpx:bearing>151.44</gpxtpx:bearing><gpxtpx:speed>26.493267</gpxtpx:speed></gpxtpx:TrackPointExtension></extensions><geoidheight>-28.7</geoidheight><src>gps</src><sat>11</sat><hdop>0.86</hdop><vdop>1.38</vdop><pdop>1.62</pdop><dgpsid>0000</dgpsid></trkpt>
<trkpt lat="39.03531666666667" lon="-123.14423616666666"><ele>162.0</ele><time>2026-09-24T21:04:42.000Z</time><extensions><gpxtpx:TrackPointExtension><gpxtpx:bearing>152.71</gpxtpx:bearing><gpxtpx:speed>26.6832</gpxtpx:speed></gpxtpx:TrackPointExtension></extensions><geoidheight>-28.7</geoidheight><src>gps</src><sat>11</sat><hdop>0.86</hdop><vdop>1.38</vdop><pdop>1.62</pdop><dgpsid>0000</dgpsid></trkpt>
<trkpt lat="39.03300383333333" lon="-123.1427115"><ele>165.4</ele><time>2026-09-24T21:04:53.000Z</time><extensions><gpxtpx:TrackPointExtension><gpxtpx:bearing>152.89</gpxtpx:bearing><gpxtpx:speed>26.100534</gpxtpx:speed></gpxtpx:TrackPointExtension></extensions><geoidheight>-28.8</geoidheight><src>gps</src><sat>11</sat><hdop>0.86</hdop><vdop>1.38</vdop><pdop>1.62</pdop><dgpsid>0000</dgpsid></trkpt>
<trkpt lat="39.030800666666664" lon="-123.14122583333334"><ele>173.3</ele><time>2026-09-24T21:05:04.000Z</time><extensions><gpxtpx:TrackPointExtension><gpxtpx:bearing>152.03</gpxtpx:bearing><gpxtpx:speed>24.096722</gpxtpx:speed></gpxtpx:TrackPointExtension></extensions><geoidheight>-28.8</geoidheight><src>gps</src><sat>10</sat><hdop>0.93</hdop><vdop>1.92</vdop><pdop>2.13</pdop><dgpsid>0000</dgpsid></trkpt>
<trkpt lat="39.02881416666666" lon="-123.13989133333334"><ele>187.2</ele><time>2026-09-24T21:05:15.000Z</time><extensions><gpxtpx:TrackPointExtension><gpxtpx:bearing>151.74</gpxtpx:bearing><gpxtpx:speed>21.622452</gpxtpx:speed></gpxtpx:TrackPointExtension></extensions><geoidheight>-28.8</geoidheight><src>gps</src><sat>11</sat><hdop>0.86</hdop><vdop>1.38</vdop><pdop>1.62</pdop><dgpsid>0000</dgpsid></trkpt>
<trkpt lat="39.026897" lon="-123.13845416666666"><ele>186.2</ele><time>2026-09-24T21:05:26.000Z</time><extensions><gpxtpx:TrackPointExtension><gpxtpx:bearing>147.63</gpxtpx:bearing><gpxtpx:speed>23.185148</gpxtpx:speed></gpxtpx:TrackPointExtension></extensions><geoidheight>-28.8</geoidheight><src>gps</src><sat>9</sat><hdop>1.05</hdop><vdop>2.29</vdop><pdop>2.52</pdop><dgpsid>0000</dgpsid></trkpt>
<trkpt lat="39.02485866666667" lon="-123.13674383333334"><ele>168.7</ele><time>2026-09-24T21:05:37.000Z</time><extensions><gpxtpx:TrackPointExtension><gpxtpx:bearing>146.05</gpxtpx:bearing><gpxtpx:speed>25.608974</gpxtpx:speed></gpxtpx:TrackPointExtension></extensions><geoidheight>-28.8</geoidheight><src>gps</src><sat>10</sat><hdop>0.99</hdop><vdop>1.52</vdop><pdop>1.82</pdop><dgpsid>0000</dgpsid></trkpt>
<trkpt lat="39.02271133333333" lon="-123.1348935"><ele>152.7</ele><time>2026-09-24T21:05:48.000Z</time><extensions><gpxtpx:TrackPointExtension><gpxtpx:bearing>146.58</gpxtpx:bearing><gpxtpx:speed>26.064505</gpxtpx:speed></gpxtpx:TrackPointExtension></extensions><geoidheight>-28.8</geoidheight><src>gps</src><sat>11</sat><hdop>0.86</hdop><vdop>1.38</vdop><pdop>1.62</pdop><dgpsid>0000</dgpsid></trkpt>
<trkpt lat="39.020640666666665" lon="-123.1331365"><ele>150.6</ele><time>2026-09-24T21:05:59.000Z</time><extensions><gpxtpx:TrackPointExtension><gpxtpx:bearing>146.7</gpxtpx:bearing><gpxtpx:speed>24.435408</gpxtpx:speed></gpxtpx:TrackPointExtension></extensions><geoidheight>-28.8</geoidheight><src>gps</src><sat>11</sat><hdop>0.86</hdop><vdop>1.38</vdop><pdop>1.62</pdop><dgpsid>0000</dgpsid></trkpt>
<trkpt lat="39.018680333333336" lon="-123.13148199999999"><ele>152.9</ele><time>2026-09-24T21:06:10.000Z</time><extensions><gpxtpx:TrackPointExtension><gpxtpx:bearing>146.59</gpxtpx:bearing><gpxtpx:speed>23.909363</gpxtpx:speed></gpxtpx:TrackPointExtension></extensions><geoidheight>-28.8</geoidheight><src>gps</src><sat>11</sat><hdop>0.81</hdop><vdop>1.37</vdop><pdop>1.59</pdop><dgpsid>0000</dgpsid></trkpt>
<trkpt lat="39.01664666666667" lon="-123.12977283333333"><ele>153.2</ele><time>2026-09-24T21:06:21.000Z</time><extensions><gpxtpx:TrackPointExtension><gpxtpx:bearing>146.8</gpxtpx:bearing><gpxtpx:speed>25.39485</gpxtpx:speed></gpxtpx:TrackPointExtension></extensions><geoidheight>-28.8</geoidheight><src>gps</src><sat>11</sat><hdop>0.78</hdop><vdop>1.37</vdop><pdop>1.57</pdop><dgpsid>0000</dgpsid></trkpt>
<trkpt lat="39.014449666666664" lon="-123.12793383333334"><ele>153.4</ele><time>2026-09-24T21:06:32.000Z</time><extensions><gpxtpx:TrackPointExtension><gpxtpx:bearing>146.93</gpxtpx:bearing><gpxtpx:speed>27.374987</gpxtpx:speed></gpxtpx:TrackPointExtension></extensions><geoidheight>-28.8</geoidheight><src>gps</src><sat>11</sat><hdop>0.78</hdop><vdop>1.37</vdop><pdop>1.57</pdop><dgpsid>0000</dgpsid></trkpt>
<trkpt lat="39.0121465" lon="-123.12605233333333"><ele>156.4</ele><time>2026-09-24T21:06:43.000Z</time><extensions><gpxtpx:TrackPointExtension><gpxtpx:bearing>146.55</gpxtpx:bearing><gpxtpx:speed>27.06564</gpxtpx:speed></gpxtpx:TrackPointExtension></extensions><geoidheight>-28.8</geoidheight><src>gps</src><sat>11</sat><hdop>0.81</hdop><vdop>1.37</vdop><pdop>1.59</pdop><dgpsid>0000</dgpsid></trkpt>
<trkpt lat="39.00996633333333" lon="-123.12428900000002"><ele>164.4</ele><time>2026-09-24T21:06:54.000Z</time><extensions><gpxtpx:TrackPointExtension><gpxtpx:bearing>149.4</gpxtpx:bearing><gpxtpx:speed>25.49831</gpxtpx:speed></gpxtpx:TrackPointExtension></extensions><geoidheight>-28.8</geoidheight><src>gps</src><sat>9</sat><hdop>1.00</hdop><vdop>2.25</vdop><pdop>2.46</pdop><dgpsid>0000</dgpsid></trkpt>
<trkpt lat="39.007734166666665" lon="-123.12266249999999"><ele>154.7</ele><time>2026-09-24T21:07:05.000Z</time><extensions><gpxtpx:TrackPointExtension><gpxtpx:bearing>150.07</gpxtpx:bearing><gpxtpx:speed>26.283775</gpxtpx:speed></gpxtpx:TrackPointExtension></extensions><geoidheight>-28.8</geoidheight><src>gps</src><sat>10</sat><hdop>0.96</hdop><vdop>1.52</vdop><pdop>1.79</pdop><dgpsid>0000</dgpsid></trkpt>
<trkpt lat="39.005486166666664" lon="-123.12102850000001"><ele>148.1</ele><time>2026-09-24T21:07:16.000Z</time><extensions><gpxtpx:TrackPointExtension><gpxtpx:bearing>150.8</gpxtpx:bearing><gpxtpx:speed>25.203888</gpxtpx:speed></gpxtpx:TrackPointExtension></extensions><geoidheight>-28.8</geoidheight><src>gps</src><sat>11</sat><hdop>0.86</hdop><vdop>1.37</vdop><pdop>1.62</pdop><dgpsid>0000</dgpsid></trkpt>
<trkpt lat="39.003344500000004" lon="-123.11951483333333"><ele>151.4</ele><time>2026-09-24T21:07:27.000Z</time><extensions><gpxtpx:TrackPointExtension><gpxtpx:bearing>151.18</gpxtpx:bearing><gpxtpx:speed>24.496145</gpxtpx:speed></gpxtpx:TrackPointExtension></extensions><geoidheight>-28.8</geoidheight><src>gps</src><sat>11</sat><hdop>0.86</hdop><vdop>1.37</vdop><pdop>1.62</pdop><dgpsid>0000</dgpsid></trkpt>
<trkpt lat="39.00122866666666" lon="-123.11828416666667"><ele>156.2</ele><time>2026-09-24T21:07:38.000Z</time><extensions><gpxtpx:TrackPointExtension><gpxtpx:bearing>161.76</gpxtpx:bearing><gpxtpx:speed>23.345226</gpxtpx:speed></gpxtpx:TrackPointExtension></extensions><geoidheight>-28.8</geoidheight><src>gps</src><sat>9</sat><hdop>1.04</hdop><vdop>2.30</vdop><pdop>2.53</pdop><dgpsid>0000</dgpsid></trkpt>
<trkpt lat="38.998962666666664" lon="-123.117744"><ele>154.0</ele><time>2026-09-24T21:07:49.000Z</time><extensions><gpxtpx:TrackPointExtension><gpxtpx:bearing>175.85</gpxtpx:bearing><gpxtpx:speed>24.486366</gpxtpx:speed></gpxtpx:TrackPointExtension></extensions><geoidheight>-28.8</geoidheight><src>gps</src><sat>11</sat><hdop>0.86</hdop><vdop>1.37</vdop><pdop>1.62</pdop><dgpsid>0000</dgpsid></trkpt>
<trkpt lat="38.99655033333333" lon="-123.11790766666667"><ele>149.1</ele><time>2026-09-24T21:08:00.000Z</time><extensions><gpxtpx:TrackPointExtension><gpxtpx:bearing>189.65</gpxtpx:bearing><gpxtpx:speed>24.06738</gpxtpx:speed></gpxtpx:TrackPointExtension></extensions><geoidheight>-28.8</geoidheight><src>gps</src><sat>10</sat><hdop>0.92</hdop><vdop>1.92</vdop><pdop>2.13</pdop><dgpsid>0000</dgpsid></trkpt>
<trkpt lat="38.99426966666667" lon="-123.11858099999999"><ele>144.1</ele><time>2026-09-24T21:08:11.000Z</time><extensions><gpxtpx:TrackPointExtension><gpxtpx:bearing>191.4</gpxtpx:bearing><gpxtpx:speed>24.41379</gpxtpx:speed></gpxtpx:TrackPointExtension></extensions><geoidheight>-28.8</geoidheight><src>gps</src><sat>9</sat><hdop>0.96</hdop><vdop>1.92</vdop><pdop>2.14</pdop><dgpsid>0000</dgpsid></trkpt>
<trkpt lat="38.991806833333335" lon="-123.11868000000001"><ele>144.1</ele><time>2026-09-24T21:08:22.000Z</time><extensions><gpxtpx:TrackPointExtension><gpxtpx:bearing>175.28</gpxtpx:bearing><gpxtpx:speed>25.031456</gpxtpx:speed></gpxtpx:TrackPointExtension></extensions><geoidheight>-28.8</geoidheight><src>gps</src><sat>11</sat><hdop>0.79</hdop><vdop>1.36</vdop><pdop>1.57</pdop><dgpsid>0000</dgpsid></trkpt>
<trkpt lat="38.989299833333334" lon="-123.11836116666667"><ele>145.1</ele><time>2026-09-24T21:08:33.000Z</time><extensions><gpxtpx:TrackPointExtension><gpxtpx:bearing>173.66</gpxtpx:bearing><gpxtpx:speed>25.260508</gpxtpx:speed></gpxtpx:TrackPointExtension></extensions><geoidheight>-28.8</geoidheight><src>gps</src><sat>11</sat><hdop>0.85</hdop><vdop>1.87</vdop><pdop>2.06</pdop><dgpsid>0000</dgpsid></trkpt>
<trkpt lat="38.986839499999995" lon="-123.11790933333332"><ele>145.3</ele><time>2026-09-24T21:08:44.000Z</time><extensions><gpxtpx:TrackPointExtension><gpxtpx:bearing>171.38</gpxtpx:bearing><gpxtpx:speed>25.18227</gpxtpx:speed></gpxtpx:TrackPointExtension></extensions><geoidheight>-28.8</geoidheight><src>gps</src><sat>12</sat><hdop>0.81</hdop><vdop>1.77</vdop><pdop>1.94</pdop><dgpsid>0000</dgpsid></trkpt>
<trkpt lat="38.984432999999996" lon="-123.11741016666669"><ele>146.2</ele><time>2026-09-24T21:08:55.000Z</time><extensions><gpxtpx:TrackPointExtension><gpxtpx:bearing>170.38</gpxtpx:bearing><gpxtpx:speed>24.062235</gpxtpx:speed></gpxtpx:TrackPointExtension></extensions><geoidheight>-28.8</geoidheight><src>gps</src><sat>12</sat><hdop>0.75</hdop><vdop>1.29</vdop><pdop>1.49</pdop><dgpsid>0000</dgpsid></trkpt>
<trkpt lat="38.982107" lon="-123.11692533333334"><ele>145.2</ele><time>2026-09-24T21:09:06.000Z</time><extensions><gpxtpx:TrackPointExtension><gpxtpx:bearing>171.23</gpxtpx:bearing><gpxtpx:speed>22.487185</gpxtpx:speed></gpxtpx:TrackPointExtension></extensions><geoidheight>-28.8</geoidheight><src>gps</src><sat>12</sat><hdop>0.75</hdop><vdop>1.28</vdop><pdop>1.49</pdop><dgpsid>0000</dgpsid></trkpt>
<trkpt lat="38.980129000000005" lon="-123.11632733333333"><ele>148.8</ele><time>2026-09-24T21:09:17.000Z</time><extensions><gpxtpx:TrackPointExtension><gpxtpx:bearing>159.16</gpxtpx:bearing><gpxtpx:speed>19.550694</gpxtpx:speed></gpxtpx:TrackPointExtension></extensions><geoidheight>-28.8</geoidheight><src>gps</src><sat>11</sat><hdop>0.88</hdop><vdop>1.48</vdop><pdop>1.72</pdop><dgpsid>0000</dgpsid></trkpt>
<trkpt lat="38.978449166666664" lon="-123.11517883333333"><ele>151.2</ele><time>2026-09-24T21:09:28.000Z</time><extensions><gpxtpx:TrackPointExtension><gpxtpx:bearing>153.85</gpxtpx:bearing><gpxtpx:speed>18.793022</gpxtpx:speed></gpxtpx:TrackPointExtension></extensions><geoidheight>-28.8</geoidheight><src>gps</src><sat>12</sat><hdop>0.78</hdop><vdop>1.29</vdop><pdop>1.50</pdop><dgpsid>0000</dgpsid></trkpt>
<trkpt lat="38.97680533333333" lon="-123.11478016666666"><ele>148.5</ele><time>2026-09-24T21:09:39.000Z</time><extensions><gpxtpx:TrackPointExtension><gpxtpx:bearing>183.43</gpxtpx:bearing><gpxtpx:speed>16.31618</gpxtpx:speed></gpxtpx:TrackPointExtension></extensions><geoidheight>-28.8</geoidheight><src>gps</src><sat>10</sat><hdop>0.91</hdop><vdop>2.19</vdop><pdop>2.37</pdop><dgpsid>0000</dgpsid></trkpt>
<trkpt lat="38.97562983333333" lon="-123.11518833333334"><ele>144.3</ele><time>2026-09-24T21:09:50.000Z</time><extensions><gpxtpx:TrackPointExtension><gpxtpx:bearing>202.6</gpxtpx:bearing><gpxtpx:speed>9.682955</gpxtpx:speed></gpxtpx:TrackPointExtension></extensions><geoidheight>-28.8</geoidheight><src>gps</src><sat>11</sat><hdop>0.75</hdop><vdop>1.28</vdop><pdop>1.48</pdop><dgpsid>0000</dgpsid></trkpt>
<trkpt lat="38.97485416666667" lon="-123.11557666666667"><ele>143.4</ele><time>2026-09-24T21:10:01.000Z</time><extensions><gpxtpx:TrackPointExtension><gpxtpx:bearing>203.01</gpxtpx:bearing><gpxtpx:speed>6.7943335</gpxtpx:speed></gpxtpx:TrackPointExtension></extensions><geoidheight>-28.8</geoidheight><src>gps</src><sat>11</sat><hdop>0.81</hdop><vdop>1.76</vdop><pdop>1.93</pdop><dgpsid>0000</dgpsid></trkpt>
<trkpt lat="38.9743625" lon="-123.11582583333332"><ele>139.6</ele><time>2026-09-24T21:10:12.000Z</time><extensions><gpxtpx:TrackPointExtension><gpxtpx:bearing>205.36</gpxtpx:bearing><gpxtpx:speed>7.028017</gpxtpx:speed></gpxtpx:TrackPointExtension></extensions><geoidheight>-28.8</geoidheight><src>gps</src><sat>11</sat><hdop>0.81</hdop><vdop>1.76</vdop><pdop>1.93</pdop><dgpsid>0000</dgpsid></trkpt>
<trkpt lat="38.9738585" lon="-123.1161015"><ele>136.4</ele><time>2026-09-24T21:10:23.000Z</time><extensions><gpxtpx:TrackPointExtension><gpxtpx:bearing>201.42</gpxtpx:bearing><gpxtpx:speed>4.6422796</gpxtpx:speed></gpxtpx:TrackPointExtension></extensions><geoidheight>-28.8</geoidheight><src>gps</src><sat>12</sat><hdop>0.89</hdop><vdop>1.48</vdop><pdop>1.72</pdop><dgpsid>0000</dgpsid></trkpt>
<trkpt lat="38.97337733333333" lon="-123.1163235"><ele>133.0</ele><time>2026-09-24T21:10:34.000Z</time><extensions><gpxtpx:TrackPointExtension><gpxtpx:bearing>201.54</gpxtpx:bearing><gpxtpx:speed>5.0211153</gpxtpx:speed></gpxtpx:TrackPointExtension></extensions><geoidheight>-28.8</geoidheight><src>gps</src><sat>12</sat><hdop>0.81</hdop><vdop>1.75</vdop><pdop>1.93</pdop><dgpsid>0000</dgpsid></trkpt>
<trkpt lat="38.972900833333334" lon="-123.11651983333334"><ele>133.2</ele><time>2026-09-24T21:10:45.000Z</time><extensions><gpxtpx:TrackPointExtension><gpxtpx:bearing>194.31</gpxtpx:bearing><gpxtpx:speed>5.134354</gpxtpx:speed></gpxtpx:TrackPointExtension></extensions><geoidheight>-28.8</geoidheight><src>gps</src><sat>11</sat><hdop>0.84</hdop><vdop>1.76</vdop><pdop>1.95</pdop><dgpsid>0000</dgpsid></trkpt>
<trkpt lat="38.97253416666667" lon="-123.11660150000002"><ele>132.2</ele><time>2026-09-24T21:10:56.000Z</time><extensions><gpxtpx:TrackPointExtension><gpxtpx:bearing>186.85</gpxtpx:bearing><gpxtpx:speed>1.8004984</gpxtpx:speed></gpxtpx:TrackPointExtension></extensions><geoidheight>-28.8</geoidheight><src>gps</src><sat>12</sat><hdop>0.92</hdop><vdop>2.19</vdop><pdop>2.38</pdop><dgpsid>0000</dgpsid></trkpt>
<trkpt lat="38.972297166666664" lon="-123.116645"><ele>131.4</ele><time>2026-09-24T21:11:07.000Z</time><extensions><gpxtpx:TrackPointExtension><gpxtpx:bearing>185.24</gpxtpx:bearing><gpxtpx:speed>3.4321678</gpxtpx:speed></gpxtpx:TrackPointExtension></extensions><geoidheight>-28.8</geoidheight><src>gps</src><sat>12</sat><hdop>0.92</hdop><vdop>2.19</vdop><pdop>2.38</pdop><dgpsid>0000</dgpsid></trkpt>
<trkpt lat="38.97189683333333" lon="-123.11666166666667"><ele>127.7</ele><time>2026-09-24T21:11:18.000Z</time><extensions><gpxtpx:TrackPointExtension><gpxtpx:bearing>178.55</gpxtpx:bearing><gpxtpx:speed>6.023794</gpxtpx:speed></gpxtpx:TrackPointExtension></extensions><geoidheight>-28.8</geoidheight><src>gps</src><sat>11</sat><hdop>0.89</hdop><vdop>1.48</vdop><pdop>1.72</pdop><dgpsid>0000</dgpsid></trkpt>
<trkpt lat="38.9712395" lon="-123.11662283333332"><ele>121.2</ele><time>2026-09-24T21:11:29.000Z</time><extensions><gpxtpx:TrackPointExtension><gpxtpx:bearing>179.42</gpxtpx:bearing><gpxtpx:speed>6.7943335</gpxtpx:speed></gpxtpx:TrackPointExtension></extensions><geoidheight>-28.8</geoidheight><src>gps</src><sat>12</sat><hdop>0.89</hdop><vdop>1.48</vdop><pdop>1.72</pdop><dgpsid>0000</dgpsid></trkpt>
<trkpt lat="38.97051966666667" lon="-123.11657250000002"><ele>127.6</ele><time>2026-09-24T21:11:40.000Z</time><extensions><gpxtpx:TrackPointExtension><gpxtpx:bearing>175.08</gpxtpx:bearing><gpxtpx:speed>8.298866</gpxtpx:speed></gpxtpx:TrackPointExtension></extensions><geoidheight>-28.8</geoidheight><src>gps</src><sat>12</sat><hdop>0.75</hdop><vdop>1.27</vdop><pdop>1.48</pdop><dgpsid>0000</dgpsid></trkpt>
<trkpt lat="38.969635000000004" lon="-123.11642466666666"><ele>133.8</ele><time>2026-09-24T21:11:51.000Z</time><extensions><gpxtpx:TrackPointExtension><gpxtpx:bearing>170.21</gpxtpx:bearing><gpxtpx:speed>7.7079654</gpxtpx:speed></gpxtpx:TrackPointExtension></extensions><geoidheight>-28.8</geoidheight><src>gps</src><sat>12</sat><hdop>0.75</hdop><vdop>1.27</vdop><pdop>1.48</pdop><dgpsid>0000</dgpsid></trkpt>
<trkpt lat="38.968717" lon="-123.11612666666666"><ele>136.0</ele><time>2026-09-24T21:12:02.000Z</time><extensions><gpxtpx:TrackPointExtension><gpxtpx:bearing>162.75</gpxtpx:bearing><gpxtpx:speed>12.337892</gpxtpx:speed></gpxtpx:TrackPointExtension></extensions><geoidheight>-28.8</geoidheight><src>gps</src><sat>12</sat><hdop>0.75</hdop><vdop>1.27</vdop><pdop>1.47</pdop><dgpsid>0000</dgpsid></trkpt>
<trkpt lat="38.967379" lon="-123.11561699999999"><ele>139.2</ele><time>2026-09-24T21:12:13.000Z</time><extensions><gpxtpx:TrackPointExtension><gpxtpx:bearing>163.8</gpxtpx:bearing><gpxtpx:speed>15.114304</gpxtpx:speed></gpxtpx:TrackPointExtension></extensions><geoidheight>-28.8</geoidheight><src>gps</src><sat>12</sat><hdop>0.75</hdop><vdop>1.27</vdop><pdop>1.47</pdop><dgpsid>0000</dgpsid></trkpt>
<trkpt lat="38.96580433333334" lon="-123.1150385"><ele>137.8</ele><time>2026-09-24T21:12:24.000Z</time><extensions><gpxtpx:TrackPointExtension><gpxtpx:bearing>163.72</gpxtpx:bearing><gpxtpx:speed>18.30095</gpxtpx:speed></gpxtpx:TrackPointExtension></extensions><geoidheight>-28.8</geoidheight><src>gps</src><sat>12</sat><hdop>0.75</hdop><vdop>1.27</vdop><pdop>1.47</pdop><dgpsid>0000</dgpsid></trkpt>
<trkpt lat="38.963884166666666" lon="-123.11434116666666"><ele>140.8</ele><time>2026-09-24T21:12:35.000Z</time><extensions><gpxtpx:TrackPointExtension><gpxtpx:bearing>163.88</gpxtpx:bearing><gpxtpx:speed>21.545242</gpxtpx:speed></gpxtpx:TrackPointExtension></extensions><geoidheight>-28.8</geoidheight><src>gps</src><sat>12</sat><hdop>0.75</hdop><vdop>1.26</vdop><pdop>1.47</pdop><dgpsid>0000</dgpsid></trkpt>
<trkpt lat="38.961807" lon="-123.11313533333332"><ele>142.2</ele><time>2026-09-24T21:12:46.000Z</time><extensions><gpxtpx:TrackPointExtension><gpxtpx:bearing>147.41</gpxtpx:bearing><gpxtpx:speed>24.391142</gpxtpx:speed></gpxtpx:TrackPointExtension></extensions><geoidheight>-28.8</geoidheight><src>gps</src><sat>12</sat><hdop>0.75</hdop><vdop>1.26</vdop><pdop>1.47</pdop><dgpsid>0000</dgpsid></trkpt>
<trkpt lat="38.959802833333335" lon="-123.11129083333331"><ele>145.2</ele><time>2026-09-24T21:12:57.000Z</time><extensions><gpxtpx:TrackPointExtension><gpxtpx:bearing>144.33</gpxtpx:bearing><gpxtpx:speed>25.655815</gpxtpx:speed></gpxtpx:TrackPointExtension></extensions><geoidheight>-28.8</geoidheight><src>gps</src><sat>12</sat><hdop>0.78</hdop><vdop>1.27</vdop><pdop>1.49</pdop><dgpsid>0000</dgpsid></trkpt>
<trkpt lat="38.95788566666667" lon="-123.10952083333335"><ele>148.5</ele><time>2026-09-24T21:13:08.000Z</time><extensions><gpxtpx:TrackPointExtension><gpxtpx:bearing>145.85</gpxtpx:bearing><gpxtpx:speed>22.374975</gpxtpx:speed></gpxtpx:TrackPointExtension></extensions><geoidheight>-28.8</geoidheight><src>gps</src><sat>12</sat><hdop>0.75</hdop><vdop>1.26</vdop><pdop>1.47</pdop><dgpsid>0000</dgpsid></trkpt>
<trkpt lat="38.95635583333333" lon="-123.10784416666665"><ele>149.3</ele><time>2026-09-24T21:13:19.000Z</time><extensions><gpxtpx:TrackPointExtension><gpxtpx:bearing>132.29</gpxtpx:bearing><gpxtpx:speed>19.211493</gpxtpx:speed></gpxtpx:TrackPointExtension></extensions><geoidheight>-28.8</geoidheight><src>gps</src><sat>12</sat><hdop>0.75</hdop><vdop>1.26</vdop><pdop>1.47</pdop><dgpsid>0000</dgpsid></trkpt>
<trkpt lat="38.9552695" lon="-123.10576466666667"><ele>154.4</ele><time>2026-09-24T21:13:30.000Z</time><extensions><gpxtpx:TrackPointExtension><gpxtpx:bearing>116.97</gpxtpx:bearing><gpxtpx:speed>19.87394</gpxtpx:speed></gpxtpx:TrackPointExtension></extensions><geoidheight>-28.8</geoidheight><src>gps</src><sat>12</sat><hdop>0.75</hdop><vdop>1.26</vdop><pdop>1.47</pdop><dgpsid>0000</dgpsid></trkpt>
<trkpt lat="38.95436233333333" lon="-123.10340316666667"><ele>145.9</ele><time>2026-09-24T21:13:41.000Z</time><extensions><gpxtpx:TrackPointExtension><gpxtpx:bearing>116.27</gpxtpx:bearing><gpxtpx:speed>21.187511</gpxtpx:speed></gpxtpx:TrackPointExtension></extensions><geoidheight>-28.8</geoidheight><src>gps</src><sat>12</sat><hdop>0.75</hdop><vdop>1.26</vdop><pdop>1.47</pdop><dgpsid>0000</dgpsid></trkpt>
<trkpt lat="38.953536166666666" lon="-123.10089316666667"><ele>143.6</ele><time>2026-09-24T21:13:52.000Z</time><extensions><gpxtpx:TrackPointExtension><gpxtpx:bearing>111.29</gpxtpx:bearing><gpxtpx:speed>22.13563</gpxtpx:speed></gpxtpx:TrackPointExtension></extensions><geoidheight>-28.8</geoidheight><src>gps</src><sat>11</sat><hdop>0.90</hdop><vdop>1.47</vdop><pdop>1.73</pdop><dgpsid>0000</dgpsid></trkpt>
<trkpt lat="38.95266183333333" lon="-123.09819433333332"><ele>144.6</ele><time>2026-09-24T21:14:03.000Z</time><extensions><gpxtpx:TrackPointExtension><gpxtpx:bearing>112.2</gpxtpx:bearing><gpxtpx:speed>23.917082</gpxtpx:speed></gpxtpx:TrackPointExtension></extensions><geoidheight>-28.8</geoidheight><src>gps</src><sat>11</sat><hdop>0.92</hdop><vdop>2.18</vdop><pdop>2.37</pdop><dgpsid>0000</dgpsid></trkpt>
<trkpt lat="38.951824" lon="-123.09533716666668"><ele>142.8</ele><time>2026-09-24T21:14:14.000Z</time><extensions><gpxtpx:TrackPointExtension><gpxtpx:bearing>109.46</gpxtpx:bearing><gpxtpx:speed>24.35717</gpxtpx:speed></gpxtpx:TrackPointExtension></extensions><geoidheight>-28.8</geoidheight><src>gps</src><sat>12</sat><hdop>0.90</hdop><vdop>1.47</vdop><pdop>1.73</pdop><dgpsid>0000</dgpsid></trkpt>
<trkpt lat="38.95111816666667" lon="-123.09238633333334"><ele>140.9</ele><time>2026-09-24T21:14:25.000Z</time><extensions><gpxtpx:TrackPointExtension><gpxtpx:bearing>107.52</gpxtpx:bearing><gpxtpx:speed>24.202753</gpxtpx:speed></gpxtpx:TrackPointExtension></extensions><geoidheight>-28.8</geoidheight><src>gps</src><sat>10</sat><hdop>1.07</hdop><vdop>2.26</vdop><pdop>2.50</pdop><dgpsid>0000</dgpsid></trkpt>
<trkpt lat="38.95027883333333" lon="-123.08946066666667"><ele>146.3</ele><time>2026-09-24T21:14:36.000Z</time><extensions><gpxtpx:TrackPointExtension><gpxtpx:bearing>111.34</gpxtpx:bearing><gpxtpx:speed>24.402466</gpxtpx:speed></gpxtpx:TrackPointExtension></extensions><geoidheight>-28.8</geoidheight><src>gps</src><sat>10</sat><hdop>0.92</hdop><vdop>2.18</vdop><pdop>2.37</pdop><dgpsid>0000</dgpsid></trkpt>
<trkpt lat="38.94938883333334" lon="-123.08653666666666"><ele>151.4</ele><time>2026-09-24T21:14:47.000Z</time><extensions><gpxtpx:TrackPointExtension><gpxtpx:bearing>111.52</gpxtpx:bearing><gpxtpx:speed>25.038147</gpxtpx:speed></gpxtpx:TrackPointExtension></extensions><geoidheight>-28.8</geoidheight><src>gps</src><sat>10</sat><hdop>1.03</hdop><vdop>1.47</vdop><pdop>1.80</pdop><dgpsid>0000</dgpsid></trkpt>
<trkpt lat="38.94822316666667" lon="-123.08369183333335"><ele>152.8</ele><time>2026-09-24T21:14:58.000Z</time><extensions><gpxtpx:TrackPointExtension><gpxtpx:bearing>129.55</gpxtpx:bearing><gpxtpx:speed>25.440145</gpxtpx:speed></gpxtpx:TrackPointExtension></extensions><geoidheight>-28.8</geoidheight><src>gps</src><sat>10</sat><hdop>0.80</hdop><vdop>1.71</vdop><pdop>1.89</pdop><dgpsid>0000</dgpsid></trkpt>
<trkpt lat="38.94628433333333" lon="-123.08181083333332"><ele>152.0</ele><time>2026-09-24T21:15:09.000Z</time><extensions><gpxtpx:TrackPointExtension><gpxtpx:bearing>148.58</gpxtpx:bearing><gpxtpx:speed>24.384966</gpxtpx:speed></gpxtpx:TrackPointExtension></extensions><geoidheight>-28.8</geoidheight><src>gps</src><sat>11</sat><hdop>0.80</hdop><vdop>1.71</vdop><pdop>1.89</pdop><dgpsid>0000</dgpsid></trkpt>
<trkpt lat="38.944172333333334" lon="-123.08049533333333"><ele>152.6</ele><time>2026-09-24T21:15:20.000Z</time><extensions><gpxtpx:TrackPointExtension><gpxtpx:bearing>164.14</gpxtpx:bearing><gpxtpx:speed>22.9108</gpxtpx:speed></gpxtpx:TrackPointExtension></extensions><geoidheight>-28.8</geoidheight><src>gps</src><sat>10</sat><hdop>0.93</hdop><vdop>2.18</vdop><pdop>2.37</pdop><dgpsid>0000</dgpsid></trkpt>
<trkpt lat="38.94207783333333" lon="-123.07940883333335"><ele>149.2</ele><time>2026-09-24T21:15:31.000Z</time><extensions><gpxtpx:TrackPointExtension><gpxtpx:bearing>145.89</gpxtpx:bearing><gpxtpx:speed>23.624207</gpxtpx:speed></gpxtpx:TrackPointExtension></extensions><geoidheight>-28.8</geoidheight><src>gps</src><sat>11</sat><hdop>0.80</hdop><vdop>1.70</vdop><pdop>1.88</pdop><dgpsid>0000</dgpsid></trkpt>
<trkpt lat="38.94054033333334" lon="-123.07713566666668"><ele>149.7</ele><time>2026-09-24T21:15:42.000Z</time><extensions><gpxtpx:TrackPointExtension><gpxtpx:bearing>116.98</gpxtpx:bearing><gpxtpx:speed>24.05966</gpxtpx:speed></gpxtpx:TrackPointExtension></extensions><geoidheight>-28.8</geoidheight><src>gps</src><sat>11</sat><hdop>0.80</hdop><vdop>1.70</vdop><pdop>1.88</pdop><dgpsid>0000</dgpsid></trkpt>
<trkpt lat="38.94005333333334" lon="-123.0741925"><ele>145.7</ele><time>2026-09-24T21:15:53.000Z</time><extensions><gpxtpx:TrackPointExtension><gpxtpx:bearing>87.86</gpxtpx:bearing><gpxtpx:speed>24.33092</gpxtpx:speed></gpxtpx:TrackPointExtension></extensions><geoidheight>-28.8</geoidheight><src>gps</src><sat>10</sat><hdop>0.93</hdop><vdop>2.17</vdop><pdop>2.36</pdop><dgpsid>0000</dgpsid></trkpt>
<trkpt lat="38.93993516666667" lon="-123.07109"><ele>143.8</ele><time>2026-09-24T21:16:04.000Z</time><extensions><gpxtpx:TrackPointExtension><gpxtpx:bearing>106.35</gpxtpx:bearing><gpxtpx:speed>24.742182</gpxtpx:speed></gpxtpx:TrackPointExtension></extensions><geoidheight>-28.8</geoidheight><src>gps</src><sat>11</sat><hdop>0.80</hdop><vdop>1.70</vdop><pdop>1.88</pdop><dgpsid>0000</dgpsid></trkpt>
<trkpt lat="38.93875766666667" lon="-123.06842033333332"><ele>148.8</ele><time>2026-09-24T21:16:15.000Z</time><extensions><gpxtpx:TrackPointExtension><gpxtpx:bearing>125.47</gpxtpx:bearing><gpxtpx:speed>24.35717</gpxtpx:speed></gpxtpx:TrackPointExtension></extensions><geoidheight>-28.8</geoidheight><src>gps</src><sat>10</sat><hdop>0.93</hdop><vdop>2.17</vdop><pdop>2.36</pdop><dgpsid>0000</dgpsid></trkpt>
<trkpt lat="38.937315" lon="-123.06600533333334"><ele>148.6</ele><time>2026-09-24T21:16:26.000Z</time><extensions><gpxtpx:TrackPointExtension><gpxtpx:bearing>135.06</gpxtpx:bearing><gpxtpx:speed>23.388977</gpxtpx:speed></gpxtpx:TrackPointExtension></extensions><geoidheight>-28.8</geoidheight><src>gps</src><sat>11</sat><hdop>0.93</hdop><vdop>2.17</vdop><pdop>2.36</pdop><dgpsid>0000</dgpsid></trkpt>
<trkpt lat="38.9355105" lon="-123.06402133333334"><ele>148.8</ele><time>2026-09-24T21:16:37.000Z</time><extensions><gpxtpx:TrackPointExtension><gpxtpx:bearing>140.46</gpxtpx:bearing><gpxtpx:speed>23.796124</gpxtpx:speed></gpxtpx:TrackPointExtension></extensions><geoidheight>-28.8</geoidheight><src>gps</src><sat>11</sat><hdop>0.80</hdop><vdop>1.69</vdop><pdop>1.87</pdop><dgpsid>0000</dgpsid></trkpt>
<trkpt lat="38.93351800000001" lon="-123.06242500000002"><ele>151.6</ele><time>2026-09-24T21:16:48.000Z</time><extensions><gpxtpx:TrackPointExtension><gpxtpx:bearing>151.84</gpxtpx:bearing><gpxtpx:speed>23.639133</gpxtpx:speed></gpxtpx:TrackPointExtension></extensions><geoidheight>-28.8</geoidheight><src>gps</src><sat>11</sat><hdop>0.80</hdop><vdop>1.69</vdop><pdop>1.87</pdop><dgpsid>0000</dgpsid></trkpt>
<trkpt lat="38.93157333333333" lon="-123.06054633333333"><ele>148.8</ele><time>2026-09-24T21:16:59.000Z</time><extensions><gpxtpx:TrackPointExtension><gpxtpx:bearing>139.17</gpxtpx:bearing><gpxtpx:speed>25.582209</gpxtpx:speed></gpxtpx:TrackPointExtension></extensions><geoidheight>-28.8</geoidheight><src>gps</src><sat>11</sat><hdop>0.80</hdop><vdop>1.68</vdop><pdop>1.86</pdop><dgpsid>0000</dgpsid></trkpt>
<trkpt lat="38.92968133333333" lon="-123.05840083333332"><ele>144.8</ele><time>2026-09-24T21:17:10.000Z</time><extensions><gpxtpx:TrackPointExtension><gpxtpx:bearing>138.49</gpxtpx:bearing><gpxtpx:speed>25.249184</gpxtpx:speed></gpxtpx:TrackPointExtension></extensions><geoidheight>-28.8</geoidheight><src>gps</src><sat>11</sat><hdop>0.80</hdop><vdop>1.68</vdop><pdop>1.86</pdop><dgpsid>0000</dgpsid></trkpt>
<trkpt lat="38.92765116666667" lon="-123.05661749999999"><ele>142.6</ele><time>2026-09-24T21:17:21.000Z</time><extensions><gpxtpx:TrackPointExtension><gpxtpx:bearing>159.01</gpxtpx:bearing><gpxtpx:speed>25.193079</gpxtpx:speed></gpxtpx:TrackPointExtension></extensions><geoidheight>-28.8</geoidheight><src>gps</src><sat>11</sat><hdop>0.84</hdop><vdop>1.82</vdop><pdop>2.01</pdop><dgpsid>0000</dgpsid></trkpt>
<trkpt lat="38.9251855" lon="-123.05639350000001"><ele>144.0</ele><time>2026-09-24T21:17:32.000Z</time><extensions><gpxtpx:TrackPointExtension><gpxtpx:bearing>190.77</gpxtpx:bearing><gpxtpx:speed>25.508604</gpxtpx:speed></gpxtpx:TrackPointExtension></extensions><geoidheight>-28.8</geoidheight><src>gps</src><sat>11</sat><hdop>0.80</hdop><vdop>1.68</vdop><pdop>1.86</pdop><dgpsid>0000</dgpsid></trkpt>
<trkpt lat="38.92280216666666" lon="-123.05750533333334"><ele>138.3</ele><time>2026-09-24T21:17:43.000Z</time><extensions><gpxtpx:TrackPointExtension><gpxtpx:bearing>200.84</gpxtpx:bearing><gpxtpx:speed>26.57202</gpxtpx:speed></gpxtpx:TrackPointExtension></extensions><geoidheight>-28.8</geoidheight><src>gps</src><sat>10</sat><hdop>0.94</hdop><vdop>2.55</vdop><pdop>2.71</pdop><dgpsid>0000</dgpsid></trkpt>
<trkpt lat="38.92022766666666" lon="-123.05844"><ele>133.4</ele><time>2026-09-24T21:17:54.000Z</time><extensions><gpxtpx:TrackPointExtension><gpxtpx:bearing>193.04</gpxtpx:bearing><gpxtpx:speed>27.561316</gpxtpx:speed></gpxtpx:TrackPointExtension></extensions><geoidheight>-28.8</geoidheight><src>gps</src><sat>11</sat><hdop>0.81</hdop><vdop>1.89</vdop><pdop>2.05</pdop><dgpsid>0000</dgpsid></trkpt>
<trkpt lat="38.91757783333333" lon="-123.05845900000001"><ele>139.1</ele><time>2026-09-24T21:18:05.000Z</time><extensions><gpxtpx:TrackPointExtension><gpxtpx:bearing>164.28</gpxtpx:bearing><gpxtpx:speed>26.699156</gpxtpx:speed></gpxtpx:TrackPointExtension></extensions><geoidheight>-28.8</geoidheight><src>gps</src><sat>11</sat><hdop>0.80</hdop><vdop>1.67</vdop><pdop>1.85</pdop><dgpsid>0000</dgpsid></trkpt>
<trkpt lat="38.915398833333334" lon="-123.056629"><ele>143.6</ele><time>2026-09-24T21:18:16.000Z</time><extensions><gpxtpx:TrackPointExtension><gpxtpx:bearing>131.2</gpxtpx:bearing><gpxtpx:speed>26.907104</gpxtpx:speed></gpxtpx:TrackPointExtension></extensions><geoidheight>-28.8</geoidheight><src>gps</src><sat>11</sat><hdop>0.80</hdop><vdop>1.67</vdop><pdop>1.85</pdop><dgpsid>0000</dgpsid></trkpt>
<trkpt lat="38.913587666666665" lon="-123.05406399999998"><ele>143.1</ele><time>2026-09-24T21:18:27.000Z</time><extensions><gpxtpx:TrackPointExtension><gpxtpx:bearing>145.38</gpxtpx:bearing><gpxtpx:speed>27.586023</gpxtpx:speed></gpxtpx:TrackPointExtension></extensions><geoidheight>-28.8</geoidheight><src>gps</src><sat>10</sat><hdop>0.89</hdop><vdop>1.72</vdop><pdop>1.94</pdop><dgpsid>0000</dgpsid></trkpt>
<trkpt lat="38.91099583333333" lon="-123.05349516666665"><ele>139.0</ele><time>2026-09-24T21:18:38.000Z</time><extensions><gpxtpx:TrackPointExtension><gpxtpx:bearing>191.88</gpxtpx:bearing><gpxtpx:speed>27.451166</gpxtpx:speed></gpxtpx:TrackPointExtension></extensions><geoidheight>-28.8</geoidheight><src>gps</src><sat>10</sat><hdop>0.93</hdop><vdop>2.15</vdop><pdop>2.34</pdop><dgpsid>0000</dgpsid></trkpt>
<trkpt lat="38.908571" lon="-123.05450283333333"><ele>135.4</ele><time>2026-09-24T21:18:49.000Z</time><extensions><gpxtpx:TrackPointExtension><gpxtpx:bearing>212.37</gpxtpx:bearing><gpxtpx:speed>24.816303</gpxtpx:speed></gpxtpx:TrackPointExtension></extensions><geoidheight>-28.8</geoidheight><src>gps</src><sat>11</sat><hdop>0.80</hdop><vdop>1.66</vdop><pdop>1.84</pdop><dgpsid>0000</dgpsid></trkpt>
<trkpt lat="38.906876000000004" lon="-123.05679800000001"><ele>133.2</ele><time>2026-09-24T21:19:00.000Z</time><extensions><gpxtpx:TrackPointExtension><gpxtpx:bearing>217.35</gpxtpx:bearing><gpxtpx:speed>25.429852</gpxtpx:speed></gpxtpx:TrackPointExtension></extensions><geoidheight>-28.8</geoidheight><src>gps</src><sat>10</sat><hdop>0.90</hdop><vdop>2.09</vdop><pdop>2.28</pdop><dgpsid>0000</dgpsid></trkpt>
<trkpt lat="38.904499333333334" lon="-123.05754499999999"><ele>128.6</ele><time>2026-09-24T21:19:11.000Z</time><extensions><gpxtpx:TrackPointExtension><gpxtpx:bearing>172.42</gpxtpx:bearing><gpxtpx:speed>24.94807</gpxtpx:speed></gpxtpx:TrackPointExtension></extensions><geoidheight>-28.8</geoidheight><src>gps</src><sat>12</sat><hdop>0.80</hdop><vdop>1.48</vdop><pdop>1.68</pdop><dgpsid>0000</dgpsid></trkpt>
<trkpt lat="38.902441833333334" lon="-123.05629116666665"><ele>127.4</ele><time>2026-09-24T21:19:22.000Z</time><extensions><gpxtpx:TrackPointExtension><gpxtpx:bearing>154.59</gpxtpx:bearing><gpxtpx:speed>22.038862</gpxtpx:speed></gpxtpx:TrackPointExtension></extensions><geoidheight>-28.8</geoidheight><src>gps</src><sat>11</sat><hdop>1.00</hdop><vdop>2.46</vdop><pdop>2.66</pdop><dgpsid>0000</dgpsid></trkpt>
<trkpt lat="38.90020033333334" lon="-123.05593866666668"><ele>125.6</ele><time>2026-09-24T21:19:33.000Z</time><extensions><gpxtpx:TrackPointExtension><gpxtpx:bearing>189.45</gpxtpx:bearing><gpxtpx:speed>23.625235</gpxtpx:speed></gpxtpx:TrackPointExtension></extensions><geoidheight>-28.8</geoidheight><src>gps</src><sat>11</sat><hdop>0.93</hdop><vdop>1.83</vdop><pdop>2.05</pdop><dgpsid>0000</dgpsid></trkpt>
<trkpt lat="38.897930333333335" lon="-123.05707583333333"><ele>123.7</ele><time>2026-09-24T21:19:44.000Z</time><extensions><gpxtpx:TrackPointExtension><gpxtpx:bearing>201.03</gpxtpx:bearing><gpxtpx:speed>25.15499</gpxtpx:speed></gpxtpx:TrackPointExtension></extensions><geoidheight>-28.8</geoidheight><src>gps</src><sat>11</sat><hdop>0.93</hdop><vdop>1.83</vdop><pdop>2.05</pdop><dgpsid>0000</dgpsid></trkpt>
<trkpt lat="38.89548216666667" lon="-123.05671933333333"><ele>124.0</ele><time>2026-09-24T21:19:55.000Z</time><extensions><gpxtpx:TrackPointExtension><gpxtpx:bearing>149.13</gpxtpx:bearing><gpxtpx:speed>26.451574</gpxtpx:speed></gpxtpx:TrackPointExtension></extensions><geoidheight>-28.8</geoidheight><src>gps</src><sat>12</sat><hdop>0.80</hdop><vdop>1.47</vdop><pdop>1.68</pdop><dgpsid>0000</dgpsid></trkpt>
<trkpt lat="38.893531333333335" lon="-123.054587"><ele>129.5</ele><time>2026-09-24T21:20:06.000Z</time><extensions><gpxtpx:TrackPointExtension><gpxtpx:bearing>154.91</gpxtpx:bearing><gpxtpx:speed>25.184328</gpxtpx:speed></gpxtpx:TrackPointExtension></extensions><geoidheight>-28.8</geoidheight><src>gps</src><sat>12</sat><hdop>0.93</hdop><vdop>1.82</vdop><pdop>2.05</pdop><dgpsid>0000</dgpsid></trkpt>
<trkpt lat="38.891117333333334" lon="-123.05365733333335"><ele>133.4</ele><time>2026-09-24T21:20:17.000Z</time><extensions><gpxtpx:TrackPointExtension><gpxtpx:bearing>164.56</gpxtpx:bearing><gpxtpx:speed>26.000164</gpxtpx:speed></gpxtpx:TrackPointExtension></extensions><geoidheight>-28.8</geoidheight><src>gps</src><sat>11</sat><hdop>0.93</hdop><vdop>1.82</vdop><pdop>2.05</pdop><dgpsid>0000</dgpsid></trkpt>
<trkpt lat="38.888487166666664" lon="-123.05342316666665"><ele>126.1</ele><time>2026-09-24T21:20:28.000Z</time><extensions><gpxtpx:TrackPointExtension><gpxtpx:bearing>190.5</gpxtpx:bearing><gpxtpx:speed>27.809412</gpxtpx:speed></gpxtpx:TrackPointExtension></extensions><geoidheight>-28.8</geoidheight><src>gps</src><sat>11</sat><hdop>0.93</hdop><vdop>1.82</vdop><pdop>2.04</pdop><dgpsid>0000</dgpsid></trkpt>
<trkpt lat="38.885819999999995" lon="-123.05403399999999"><ele>129.1</ele><time>2026-09-24T21:20:39.000Z</time><extensions><gpxtpx:TrackPointExtension><gpxtpx:bearing>190.68</gpxtpx:bearing><gpxtpx:speed>26.649742</gpxtpx:speed></gpxtpx:TrackPointExtension></extensions><geoidheight>-28.8</geoidheight><src>gps</src><sat>12</sat><hdop>0.80</hdop><vdop>1.46</vdop><pdop>1.67</pdop><dgpsid>0000</dgpsid></trkpt>
<trkpt lat="38.88327783333333" lon="-123.05459950000001"><ele>138.7</ele><time>2026-09-24T21:20:50.000Z</time><extensions><gpxtpx:TrackPointExtension><gpxtpx:bearing>178.82</gpxtpx:bearing><gpxtpx:speed>25.744862</gpxtpx:speed></gpxtpx:TrackPointExtension></extensions><geoidheight>-28.9</geoidheight><src>gps</src><sat>12</sat><hdop>0.80</hdop><vdop>1.46</vdop><pdop>1.67</pdop><dgpsid>0000</dgpsid></trkpt>
<trkpt lat="38.881128833333335" lon="-123.053106"><ele>145.5</ele><time>2026-09-24T21:21:01.000Z</time><extensions><gpxtpx:TrackPointExtension><gpxtpx:bearing>127.97</gpxtpx:bearing><gpxtpx:speed>26.08355</gpxtpx:speed></gpxtpx:TrackPointExtension></extensions><geoidheight>-28.9</geoidheight><src>gps</src><sat>12</sat><hdop>0.80</hdop><vdop>1.46</vdop><pdop>1.66</pdop><dgpsid>0000</dgpsid></trkpt>
<trkpt lat="38.88027183333334" lon="-123.04982883333332"><ele>142.6</ele><time>2026-09-24T21:21:12.000Z</time><extensions><gpxtpx:TrackPointExtension><gpxtpx:bearing>108.35</gpxtpx:bearing><gpxtpx:speed>28.277294</gpxtpx:speed></gpxtpx:TrackPointExtension></extensions><geoidheight>-28.9</geoidheight><src>gps</src><sat>12</sat><hdop>0.82</hdop><vdop>1.46</vdop><pdop>1.67</pdop><dgpsid>0000</dgpsid></trkpt>
<trkpt lat="38.878582" lon="-123.046947"><ele>137.8</ele><time>2026-09-24T21:21:23.000Z</time><extensions><gpxtpx:TrackPointExtension><gpxtpx:bearing>135.49</gpxtpx:bearing><gpxtpx:speed>28.896505</gpxtpx:speed></gpxtpx:TrackPointExtension></extensions><geoidheight>-28.8</geoidheight><src>gps</src><sat>12</sat><hdop>0.83</hdop><vdop>1.46</vdop><pdop>1.67</pdop><dgpsid>0000</dgpsid></trkpt>
<trkpt lat="38.8762105" lon="-123.04536250000001"><ele>130.8</ele><time>2026-09-24T21:21:34.000Z</time><extensions><gpxtpx:TrackPointExtension><gpxtpx:bearing>176.81</gpxtpx:bearing><gpxtpx:speed>27.074903</gpxtpx:speed></gpxtpx:TrackPointExtension></extensions><geoidheight>-28.9</geoidheight><src>gps</src><sat>12</sat><hdop>0.80</hdop><vdop>1.45</vdop><pdop>1.66</pdop><dgpsid>0000</dgpsid></trkpt>
<trkpt lat="38.87362316666667" lon="-123.04473033333333"><ele>132.1</ele><time>2026-09-24T21:21:45.000Z</time><extensions><gpxtpx:TrackPointExtension><gpxtpx:bearing>168.12</gpxtpx:bearing><gpxtpx:speed>25.876116</gpxtpx:speed></gpxtpx:TrackPointExtension></extensions><geoidheight>-28.9</geoidheight><src>gps</src><sat>11</sat><hdop>1.00</hdop><vdop>2.43</vdop><pdop>2.63</pdop><dgpsid>0000</dgpsid></trkpt>
<trkpt lat="38.871074166666666" lon="-123.04451683333333"><ele>132.1</ele><time>2026-09-24T21:21:56.000Z</time><extensions><gpxtpx:TrackPointExtension><gpxtpx:bearing>175.65</gpxtpx:bearing><gpxtpx:speed>25.776773</gpxtpx:speed></gpxtpx:TrackPointExtension></extensions><geoidheight>-28.9</geoidheight><src>gps</src><sat>12</sat><hdop>0.80</hdop><vdop>1.45</vdop><pdop>1.65</pdop><dgpsid>0000</dgpsid></trkpt>
<trkpt lat="38.86844716666667" lon="-123.04372550000001"><ele>125.6</ele><time>2026-09-24T21:22:07.000Z</time><extensions><gpxtpx:TrackPointExtension><gpxtpx:bearing>160.3</gpxtpx:bearing><gpxtpx:speed>28.696793</gpxtpx:speed></gpxtpx:TrackPointExtension></extensions><geoidheight>-28.9</geoidheight><src>gps</src><sat>12</sat><hdop>0.80</hdop><vdop>1.44</vdop><pdop>1.65</pdop><dgpsid>0000</dgpsid></trkpt>
<trkpt lat="38.86579116666667" lon="-123.04222666666668"><ele>118.6</ele><time>2026-09-24T21:22:18.000Z</time><extensions><gpxtpx:TrackPointExtension><gpxtpx:bearing>158.05</gpxtpx:bearing><gpxtpx:speed>29.81683</gpxtpx:speed></gpxtpx:TrackPointExtension></extensions><geoidheight>-28.9</geoidheight><src>gps</src><sat>12</sat><hdop>0.80</hdop><vdop>1.44</vdop><pdop>1.65</pdop><dgpsid>0000</dgpsid></trkpt>
<trkpt lat="38.86293316666667" lon="-123.04101766666666"><ele>114.5</ele><time>2026-09-24T21:22:29.000Z</time><extensions><gpxtpx:TrackPointExtension><gpxtpx:bearing>160.65</gpxtpx:bearing><gpxtpx:speed>30.412878</gpxtpx:speed></gpxtpx:TrackPointExtension></extensions><geoidheight>-28.9</geoidheight><src>gps</src><sat>12</sat><hdop>0.80</hdop><vdop>1.44</vdop><pdop>1.65</pdop><dgpsid>0000</dgpsid></trkpt>
<trkpt lat="38.8601065" lon="-123.03952149999999"><ele>112.4</ele><time>2026-09-24T21:22:40.000Z</time><extensions><gpxtpx:TrackPointExtension><gpxtpx:bearing>155.58</gpxtpx:bearing><gpxtpx:speed>31.3646</gpxtpx:speed></gpxtpx:TrackPointExtension></extensions><geoidheight>-28.9</geoidheight><src>gps</src><sat>12</sat><hdop>0.80</hdop><vdop>1.44</vdop><pdop>1.64</pdop><dgpsid>0000</dgpsid></trkpt>
<trkpt lat="38.85730416666667" lon="-123.03785633333334"><ele>116.7</ele><time>2026-09-24T21:22:51.000Z</time><extensions><gpxtpx:TrackPointExtension><gpxtpx:bearing>153.98</gpxtpx:bearing><gpxtpx:speed>30.26927</gpxtpx:speed></gpxtpx:TrackPointExtension></extensions><geoidheight>-28.9</geoidheight><src>gps</src><sat>12</sat><hdop>0.80</hdop><vdop>1.44</vdop><pdop>1.64</pdop><dgpsid>0000</dgpsid></trkpt>
<trkpt lat="38.85504133333333" lon="-123.03582216666668"><ele>132.9</ele><time>2026-09-24T21:23:02.000Z</time><extensions><gpxtpx:TrackPointExtension><gpxtpx:bearing>135.53</gpxtpx:bearing><gpxtpx:speed>26.42378</gpxtpx:speed></gpxtpx:TrackPointExtension></extensions><geoidheight>-28.9</geoidheight><src>gps</src><sat>11</sat><hdop>0.94</hdop><vdop>1.80</vdop><pdop>2.03</pdop><dgpsid>0000</dgpsid></trkpt>
<trkpt lat="38.85345233333333" lon="-123.0333045"><ele>143.7</ele><time>2026-09-24T21:23:13.000Z</time><extensions><gpxtpx:TrackPointExtension><gpxtpx:bearing>127.02</gpxtpx:bearing><gpxtpx:speed>25.076752</gpxtpx:speed></gpxtpx:TrackPointExtension></extensions><geoidheight>-28.9</geoidheight><src>gps</src><sat>11</sat><hdop>0.80</hdop><vdop>1.43</vdop><pdop>1.64</pdop><dgpsid>0000</dgpsid></trkpt>
<trkpt lat="38.851684" lon="-123.03124833333335"><ele>147.0</ele><time>2026-09-24T21:23:24.000Z</time><extensions><gpxtpx:TrackPointExtension><gpxtpx:bearing>154.14</gpxtpx:bearing><gpxtpx:speed>24.354597</gpxtpx:speed></gpxtpx:TrackPointExtension></extensions><geoidheight>-28.9</geoidheight><src>gps</src><sat>12</sat><hdop>0.94</hdop><vdop>1.79</vdop><pdop>2.02</pdop><dgpsid>0000</dgpsid></trkpt>
<trkpt lat="38.849498000000004" lon="-123.02978516666666"><ele>149.0</ele><time>2026-09-24T21:23:35.000Z</time><extensions><gpxtpx:TrackPointExtension><gpxtpx:bearing>141.54</gpxtpx:bearing><gpxtpx:speed>25.094767</gpxtpx:speed></gpxtpx:TrackPointExtension></extensions><geoidheight>-28.9</geoidheight><src>gps</src><sat>11</sat><hdop>0.96</hdop><vdop>1.79</vdop><pdop>2.03</pdop><dgpsid>0000</dgpsid></trkpt>
<trkpt lat="38.84768283333334" lon="-123.02763683333333"><ele>153.2</ele><time>2026-09-24T21:23:46.000Z</time><extensions><gpxtpx:TrackPointExtension><gpxtpx:bearing>146.38</gpxtpx:bearing><gpxtpx:speed>24.396805</gpxtpx:speed></gpxtpx:TrackPointExtension></extensions><geoidheight>-28.9</geoidheight><src>gps</src><sat>11</sat><hdop>0.94</hdop><vdop>1.79</vdop><pdop>2.02</pdop><dgpsid>0000</dgpsid></trkpt>
<trkpt lat="38.8453815" lon="-123.02705966666666"><ele>158.5</ele><time>2026-09-24T21:23:57.000Z</time><extensions><gpxtpx:TrackPointExtension><gpxtpx:bearing>184.89</gpxtpx:bearing><gpxtpx:speed>23.72715</gpxtpx:speed></gpxtpx:TrackPointExtension></extensions><geoidheight>-28.9</geoidheight><src>gps</src><sat>11</sat><hdop>0.94</hdop><vdop>1.79</vdop><pdop>2.02</pdop><dgpsid>0000</dgpsid></trkpt>
<trkpt lat="38.843061166666665" lon="-123.02694933333332"><ele>162.5</ele><time>2026-09-24T21:24:08.000Z</time><extensions><gpxtpx:TrackPointExtension><gpxtpx:bearing>162.27</gpxtpx:bearing><gpxtpx:speed>23.6659</gpxtpx:speed></gpxtpx:TrackPointExtension></extensions><geoidheight>-28.9</geoidheight><src>gps</src><sat>11</sat><hdop>0.94</hdop><vdop>1.78</vdop><pdop>2.02</pdop><dgpsid>0000</dgpsid></trkpt>
<trkpt lat="38.84134483333333" lon="-123.02517516666667"><ele>175.3</ele><time>2026-09-24T21:24:19.000Z</time><extensions><gpxtpx:TrackPointExtension><gpxtpx:bearing>121.47</gpxtpx:bearing><gpxtpx:speed>21.558626</gpxtpx:speed></gpxtpx:TrackPointExtension></extensions><geoidheight>-28.9</geoidheight><src>gps</src><sat>11</sat><hdop>0.94</hdop><vdop>1.78</vdop><pdop>2.02</pdop><dgpsid>0000</dgpsid></trkpt>
<trkpt lat="38.84042433333333" lon="-123.02272816666667"><ele>184.2</ele><time>2026-09-24T21:24:30.000Z</time><extensions><gpxtpx:TrackPointExtension><gpxtpx:bearing>119.43</gpxtpx:bearing><gpxtpx:speed>21.558111</gpxtpx:speed></gpxtpx:TrackPointExtension></extensions><geoidheight>-28.9</geoidheight><src>gps</src><sat>12</sat><hdop>0.92</hdop><vdop>1.44</vdop><pdop>1.71</pdop><dgpsid>0000</dgpsid></trkpt>
<trkpt lat="38.838730000000005" lon="-123.02101050000002"><ele>183.8</ele><time>2026-09-24T21:24:41.000Z</time><extensions><gpxtpx:TrackPointExtension><gpxtpx:bearing>160.78</gpxtpx:bearing><gpxtpx:speed>24.028263</gpxtpx:speed></gpxtpx:TrackPointExtension></extensions><geoidheight>-28.9</geoidheight><src>gps</src><sat>12</sat><hdop>0.92</hdop><vdop>1.44</vdop><pdop>1.71</pdop><dgpsid>0000</dgpsid></trkpt>
<trkpt lat="38.83617066666667" lon="-123.02075883333333"><ele>170.9</ele><time>2026-09-24T21:24:52.000Z</time><extensions><gpxtpx:TrackPointExtension><gpxtpx:bearing>174.83</gpxtpx:bearing><gpxtpx:speed>27.475872</gpxtpx:speed></gpxtpx:TrackPointExtension></extensions><geoidheight>-28.9</geoidheight><src>gps</src><sat>12</sat><hdop>0.92</hdop><vdop>1.44</vdop><pdop>1.71</pdop><dgpsid>0000</dgpsid></trkpt>
<trkpt lat="38.83387416666667" lon="-123.01900533333334"><ele>154.5</ele><time>2026-09-24T21:25:03.000Z</time><extensions><gpxtpx:TrackPointExtension><gpxtpx:bearing>128.01</gpxtpx:bearing><gpxtpx:speed>28.025595</gpxtpx:speed></gpxtpx:TrackPointExtension></extensions><geoidheight>-28.9</geoidheight><src>gps</src><sat>12</sat><hdop>0.94</hdop><vdop>1.45</vdop><pdop>1.73</pdop><dgpsid>0000</dgpsid></trkpt>
<trkpt lat="38.8321915" lon="-123.01600283333333"><ele>135.5</ele><time>2026-09-24T21:25:14.000Z</time><extensions><gpxtpx:TrackPointExtension><gpxtpx:bearing>136.69</gpxtpx:bearing><gpxtpx:speed>29.77668</gpxtpx:speed></gpxtpx:TrackPointExtension></extensions><geoidheight>-28.9</geoidheight><src>gps</src><sat>11</sat><hdop>0.94</hdop><vdop>1.45</vdop><pdop>1.73</pdop><dgpsid>0000</dgpsid></trkpt>
<trkpt lat="38.8295805" lon="-123.0144395"><ele>118.3</ele><time>2026-09-24T21:25:25.000Z</time><extensions><gpxtpx:TrackPointExtension><gpxtpx:bearing>171.45</gpxtpx:bearing><gpxtpx:speed>28.958273</gpxtpx:speed></gpxtpx:TrackPointExtension></extensions><geoidheight>-28.9</geoidheight><src>gps</src><sat>12</sat><hdop>0.92</hdop><vdop>1.44</vdop><pdop>1.71</pdop><dgpsid>0000</dgpsid></trkpt>
<trkpt lat="38.82675" lon="-123.01473400000002"><ele>105.2</ele><time>2026-09-24T21:25:36.000Z</time><extensions><gpxtpx:TrackPointExtension><gpxtpx:bearing>189.22</gpxtpx:bearing><gpxtpx:speed>29.568733</gpxtpx:speed></gpxtpx:TrackPointExtension></extensions><geoidheight>-28.9</geoidheight><src>gps</src><sat>13</sat><hdop>0.74</hdop><vdop>1.11</vdop><pdop>1.33</pdop><dgpsid>0000</dgpsid></trkpt>
<trkpt lat="38.823721500000005" lon="-123.01527349999999"><ele>96.8</ele><time>2026-09-24T21:25:47.000Z</time><extensions><gpxtpx:TrackPointExtension><gpxtpx:bearing>184.9</gpxtpx:bearing><gpxtpx:speed>30.480307</gpxtpx:speed></gpxtpx:TrackPointExtension></extensions><geoidheight>-28.9</geoidheight><src>gps</src><sat>13</sat><hdop>0.74</hdop><vdop>1.11</vdop><pdop>1.33</pdop><dgpsid>0000</dgpsid></trkpt>
<trkpt lat="38.82070866666666" lon="-123.01512650000001"><ele>96.6</ele><time>2026-09-24T21:25:58.000Z</time><extensions><gpxtpx:TrackPointExtension><gpxtpx:bearing>171.63</gpxtpx:bearing><gpxtpx:speed>30.58428</gpxtpx:speed></gpxtpx:TrackPointExtension></extensions><geoidheight>-28.9</geoidheight><src>gps</src><sat>13</sat><hdop>0.74</hdop><vdop>1.11</vdop><pdop>1.33</pdop><dgpsid>0000</dgpsid></trkpt>
<trkpt lat="38.81774866666667" lon="-123.01425533333334"><ele>97.5</ele><time>2026-09-24T21:26:09.000Z</time><extensions><gpxtpx:TrackPointExtension><gpxtpx:bearing>165.76</gpxtpx:bearing><gpxtpx:speed>30.122574</gpxtpx:speed></gpxtpx:TrackPointExtension></extensions><geoidheight>-28.9</geoidheight><src>gps</src><sat>13</sat><hdop>0.74</hdop><vdop>1.11</vdop><pdop>1.33</pdop><dgpsid>0000</dgpsid></trkpt>
<trkpt lat="38.814882499999996" lon="-123.01329266666669"><ele>101.7</ele><time>2026-09-24T21:26:20.000Z</time><extensions><gpxtpx:TrackPointExtension><gpxtpx:bearing>165.3</gpxtpx:bearing><gpxtpx:speed>29.602705</gpxtpx:speed></gpxtpx:TrackPointExtension></extensions><geoidheight>-28.9</geoidheight><src>gps</src><sat>12</sat><hdop>0.92</hdop><vdop>1.44</vdop><pdop>1.71</pdop><dgpsid>0000</dgpsid></trkpt>
<trkpt lat="38.81205216666667" lon="-123.01235300000002"><ele>105.1</ele><time>2026-09-24T21:26:31.000Z</time><extensions><gpxtpx:TrackPointExtension><gpxtpx:bearing>166.07</gpxtpx:bearing><gpxtpx:speed>29.562042</gpxtpx:speed></gpxtpx:TrackPointExtension></extensions><geoidheight>-28.9</geoidheight><src>gps</src><sat>13</sat><hdop>0.93</hdop><vdop>1.44</vdop><pdop>1.72</pdop><dgpsid>0000</dgpsid></trkpt>
<trkpt lat="38.80913916666667" lon="-123.01195966666667"><ele>103.4</ele><time>2026-09-24T21:26:42.000Z</time><extensions><gpxtpx:TrackPointExtension><gpxtpx:bearing>181.59</gpxtpx:bearing><gpxtpx:speed>30.107132</gpxtpx:speed></gpxtpx:TrackPointExtension></extensions><geoidheight>-28.9</geoidheight><src>gps</src><sat>12</sat><hdop>0.93</hdop><vdop>1.44</vdop><pdop>1.72</pdop><dgpsid>0000</dgpsid></trkpt>
<trkpt lat="38.806159666666666" lon="-123.01241649999999"><ele>98.9</ele><time>2026-09-24T21:26:53.000Z</time><extensions><gpxtpx:TrackPointExtension><gpxtpx:bearing>187.34</gpxtpx:bearing><gpxtpx:speed>30.812302</gpxtpx:speed></gpxtpx:TrackPointExtension></extensions><geoidheight>-28.9</geoidheight><src>gps</src><sat>12</sat><hdop>0.74</hdop><vdop>1.11</vdop><pdop>1.33</pdop><dgpsid>0000</dgpsid></trkpt>
<trkpt lat="38.80310466666666" lon="-123.01295566666667"><ele>97.7</ele><time>2026-09-24T21:27:04.000Z</time><extensions><gpxtpx:TrackPointExtension><gpxtpx:bearing>188.03</gpxtpx:bearing><gpxtpx:speed>31.376438</gpxtpx:speed></gpxtpx:TrackPointExtension></extensions><geoidheight>-28.9</geoidheight><src>gps</src><sat>13</sat><hdop>0.74</hdop><vdop>1.11</vdop><pdop>1.33</pdop><dgpsid>0000</dgpsid></trkpt>
<trkpt lat="38.79998483333333" lon="-123.01332983333332"><ele>95.5</ele><time>2026-09-24T21:27:15.000Z</time><extensions><gpxtpx:TrackPointExtension><gpxtpx:bearing>180.13</gpxtpx:bearing><gpxtpx:speed>31.718212</gpxtpx:speed></gpxtpx:TrackPointExtension></extensions><geoidheight>-28.9</geoidheight><src>gps</src><sat>13</sat><hdop>0.74</hdop><vdop>1.10</vdop><pdop>1.33</pdop><dgpsid>0000</dgpsid></trkpt>
<trkpt lat="38.79686783333333" lon="-123.01297916666665"><ele>94.2</ele><time>2026-09-24T21:27:26.000Z</time><extensions><gpxtpx:TrackPointExtension><gpxtpx:bearing>169.93</gpxtpx:bearing><gpxtpx:speed>31.70586</gpxtpx:speed></gpxtpx:TrackPointExtension></extensions><geoidheight>-28.9</geoidheight><src>gps</src><sat>13</sat><hdop>0.74</hdop><vdop>1.10</vdop><pdop>1.33</pdop><dgpsid>0000</dgpsid></trkpt>
<trkpt lat="38.79395916666667" lon="-123.0122865"><ele>94.9</ele><time>2026-09-24T21:27:37.000Z</time><extensions><gpxtpx:TrackPointExtension><gpxtpx:bearing>169.21</gpxtpx:bearing><gpxtpx:speed>27.522713</gpxtpx:speed></gpxtpx:TrackPointExtension></extensions><geoidheight>-28.9</geoidheight><src>gps</src><sat>13</sat><hdop>0.77</hdop><vdop>1.11</vdop><pdop>1.36</pdop><dgpsid>0000</dgpsid></trkpt>
<trkpt lat="38.79127066666667" lon="-123.01165316666666"><ele>95.6</ele><time>2026-09-24T21:27:48.000Z</time><extensions><gpxtpx:TrackPointExtension><gpxtpx:bearing>169.32</gpxtpx:bearing><gpxtpx:speed>28.22891</gpxtpx:speed></gpxtpx:TrackPointExtension></extensions><geoidheight>-28.9</geoidheight><src>gps</src><sat>13</sat><hdop>0.74</hdop><vdop>1.10</vdop><pdop>1.33</pdop><dgpsid>0000</dgpsid></trkpt>
<trkpt lat="38.788509" lon="-123.01098849999998"><ele>96.8</ele><time>2026-09-24T21:27:59.000Z</time><extensions><gpxtpx:TrackPointExtension><gpxtpx:bearing>169.44</gpxtpx:bearing><gpxtpx:speed>28.57326</gpxtpx:speed></gpxtpx:TrackPointExtension></extensions><geoidheight>-28.9</geoidheight><src>gps</src><sat>13</sat><hdop>0.78</hdop><vdop>1.11</vdop><pdop>1.35</pdop><dgpsid>0000</dgpsid></trkpt>
<trkpt lat="38.785707333333335" lon="-123.01032416666666"><ele>97.5</ele><time>2026-09-24T21:28:10.000Z</time><extensions><gpxtpx:TrackPointExtension><gpxtpx:bearing>169.65</gpxtpx:bearing><gpxtpx:speed>28.97989</gpxtpx:speed></gpxtpx:TrackPointExtension></extensions><geoidheight>-28.9</geoidheight><src>gps</src><sat>12</sat><hdop>0.78</hdop><vdop>1.11</vdop><pdop>1.35</pdop><dgpsid>0000</dgpsid></trkpt>
<trkpt lat="38.782910333333334" lon="-123.00953499999999"><ele>97.9</ele><time>2026-09-24T21:28:21.000Z</time><extensions><gpxtpx:TrackPointExtension><gpxtpx:bearing>161.99</gpxtpx:bearing><gpxtpx:speed>29.251148</gpxtpx:speed></gpxtpx:TrackPointExtension></extensions><geoidheight>-28.9</geoidheight><src>gps</src><sat>13</sat><hdop>0.76</hdop><vdop>1.11</vdop><pdop>1.35</pdop><dgpsid>0000</dgpsid></trkpt>
<trkpt lat="38.78027816666667" lon="-123.00794333333333"><ele>99.8</ele><time>2026-09-24T21:28:32.000Z</time><extensions><gpxtpx:TrackPointExtension><gpxtpx:bearing>147.93</gpxtpx:bearing><gpxtpx:speed>29.989775</gpxtpx:speed></gpxtpx:TrackPointExtension></extensions><geoidheight>-28.9</geoidheight><src>gps</src><sat>13</sat><hdop>0.74</hdop><vdop>1.10</vdop><pdop>1.33</pdop><dgpsid>0000</dgpsid></trkpt>
<trkpt lat="38.7779575" lon="-123.00548316666666"><ele>96.7</ele><time>2026-09-24T21:28:43.000Z</time><extensions><gpxtpx:TrackPointExtension><gpxtpx:bearing>134.6</gpxtpx:bearing><gpxtpx:speed>30.705753</gpxtpx:speed></gpxtpx:TrackPointExtension></extensions><geoidheight>-28.9</geoidheight><src>gps</src><sat>13</sat><hdop>0.74</hdop><vdop>1.10</vdop><pdop>1.33</pdop><dgpsid>0000</dgpsid></trkpt>
<trkpt lat="38.775849" lon="-123.00267983333333"><ele>90.9</ele><time>2026-09-24T21:28:54.000Z</time><extensions><gpxtpx:TrackPointExtension><gpxtpx:bearing>133.58</gpxtpx:bearing><gpxtpx:speed>30.463835</gpxtpx:speed></gpxtpx:TrackPointExtension></extensions><geoidheight>-28.9</geoidheight><src>gps</src><sat>13</sat><hdop>0.74</hdop><vdop>1.10</vdop><pdop>1.32</pdop><dgpsid>0000</dgpsid></trkpt>
<trkpt lat="38.7736655" lon="-123.00019666666667"><ele>94.8</ele><time>2026-09-24T21:29:05.000Z</time><extensions><gpxtpx:TrackPointExtension><gpxtpx:bearing>145.35</gpxtpx:bearing><gpxtpx:speed>28.65613</gpxtpx:speed></gpxtpx:TrackPointExtension></extensions><geoidheight>-28.9</geoidheight><src>gps</src><sat>13</sat><hdop>0.74</hdop><vdop>1.10</vdop><pdop>1.32</pdop><dgpsid>0000</dgpsid></trkpt>
<trkpt lat="38.77129866666667" lon="-122.99823016666666"><ele>98.6</ele><time>2026-09-24T21:29:16.000Z</time><extensions><gpxtpx:TrackPointExtension><gpxtpx:bearing>147.55</gpxtpx:bearing><gpxtpx:speed>28.131628</gpxtpx:speed></gpxtpx:TrackPointExtension></extensions><geoidheight>-28.9</geoidheight><src>gps</src><sat>13</sat><hdop>0.74</hdop><vdop>1.10</vdop><pdop>1.32</pdop><dgpsid>0000</dgpsid></trkpt>
<trkpt lat="38.76896" lon="-122.9962935"><ele>97.1</ele><time>2026-09-24T21:29:27.000Z</time><extensions><gpxtpx:TrackPointExtension><gpxtpx:bearing>145.69</gpxtpx:bearing><gpxtpx:speed>28.191336</gpxtpx:speed></gpxtpx:TrackPointExtension></extensions><geoidheight>-28.9</geoidheight><src>gps</src><sat>13</sat><hdop>0.80</hdop><vdop>1.11</vdop><pdop>1.37</pdop><dgpsid>0000</dgpsid></trkpt>
<trkpt lat="38.766816666666664" lon="-122.99396233333333"><ele>98.5</ele><time>2026-09-24T21:29:38.000Z</time><extensions><gpxtpx:TrackPointExtension><gpxtpx:bearing>134.32</gpxtpx:bearing><gpxtpx:speed>28.582525</gpxtpx:speed></gpxtpx:TrackPointExtension></extensions><geoidheight>-28.9</geoidheight><src>gps</src><sat>13</sat><hdop>0.80</hdop><vdop>1.11</vdop><pdop>1.37</pdop><dgpsid>0000</dgpsid></trkpt>
<trkpt lat="38.765033499999994" lon="-122.99116450000001"><ele>98.9</ele><time>2026-09-24T21:29:49.000Z</time><extensions><gpxtpx:TrackPointExtension><gpxtpx:bearing>124.45</gpxtpx:bearing><gpxtpx:speed>28.6376</gpxtpx:speed></gpxtpx:TrackPointExtension></extensions><geoidheight>-28.9</geoidheight><src>gps</src><sat>13</sat><hdop>0.80</hdop><vdop>1.11</vdop><pdop>1.37</pdop><dgpsid>0000</dgpsid></trkpt>
<trkpt lat="38.763424666666666" lon="-122.98808750000002"><ele>96.9</ele><time>2026-09-24T21:30:00.000Z</time><extensions><gpxtpx:TrackPointExtension><gpxtpx:bearing>123.89</gpxtpx:bearing><gpxtpx:speed>29.730871</gpxtpx:speed></gpxtpx:TrackPointExtension></extensions><geoidheight>-28.9</geoidheight><src>gps</src><sat>13</sat><hdop>0.80</hdop><vdop>1.11</vdop><pdop>1.37</pdop><dgpsid>0000</dgpsid></trkpt>
<trkpt lat="38.761837" lon="-122.98483149999998"><ele>96.0</ele><time>2026-09-24T21:30:11.000Z</time><extensions><gpxtpx:TrackPointExtension><gpxtpx:bearing>116.83</gpxtpx:bearing><gpxtpx:speed>30.636782</gpxtpx:speed></gpxtpx:TrackPointExtension></extensions><geoidheight>-28.9</geoidheight><src>gps</src><sat>13</sat><hdop>0.80</hdop><vdop>1.11</vdop><pdop>1.37</pdop><dgpsid>0000</dgpsid></trkpt>
<trkpt lat="38.76072116666667" lon="-122.98139250000001"><ele>98.4</ele><time>2026-09-24T21:30:22.000Z</time><extensions><gpxtpx:TrackPointExtension><gpxtpx:bearing>111.38</gpxtpx:bearing><gpxtpx:speed>28.717897</gpxtpx:speed></gpxtpx:TrackPointExtension></extensions><geoidheight>-28.9</geoidheight><src>gps</src><sat>12</sat><hdop>0.94</hdop><vdop>1.45</vdop><pdop>1.73</pdop><dgpsid>0000</dgpsid></trkpt>
<trkpt lat="38.75968" lon="-122.97803649999999"><ele>102.7</ele><time>2026-09-24T21:30:33.000Z</time><extensions><gpxtpx:TrackPointExtension><gpxtpx:bearing>111.34</gpxtpx:bearing><gpxtpx:speed>28.299942</gpxtpx:speed></gpxtpx:TrackPointExtension></extensions><geoidheight>-28.9</geoidheight><src>gps</src><sat>13</sat><hdop>0.76</hdop><vdop>1.10</vdop><pdop>1.34</pdop><dgpsid>0000</dgpsid></trkpt>
<trkpt lat="38.758485666666665" lon="-122.97483216666666"><ele>106.5</ele><time>2026-09-24T21:30:44.000Z</time><extensions><gpxtpx:TrackPointExtension><gpxtpx:bearing>123.86</gpxtpx:bearing><gpxtpx:speed>27.884562</gpxtpx:speed></gpxtpx:TrackPointExtension></extensions><geoidheight>-28.9</geoidheight><src>gps</src><sat>13</sat><hdop>0.74</hdop><vdop>1.09</vdop><pdop>1.32</pdop><dgpsid>0000</dgpsid></trkpt>
<trkpt lat="38.756507000000006" lon="-122.97237883333334"><ele>108.9</ele><time>2026-09-24T21:30:55.000Z</time><extensions><gpxtpx:TrackPointExtension><gpxtpx:bearing>142.06</gpxtpx:bearing><gpxtpx:speed>28.250528</gpxtpx:speed></gpxtpx:TrackPointExtension></extensions><geoidheight>-28.9</geoidheight><src>gps</src><sat>13</sat><hdop>0.74</hdop><vdop>1.09</vdop><pdop>1.32</pdop><dgpsid>0000</dgpsid></trkpt>
<trkpt lat="38.75424016666667" lon="-122.97012383333335"><ele>107.3</ele><time>2026-09-24T21:31:06.000Z</time><extensions><gpxtpx:TrackPointExtension><gpxtpx:bearing>142.59</gpxtpx:bearing><gpxtpx:speed>29.522408</gpxtpx:speed></gpxtpx:TrackPointExtension></extensions><geoidheight>-28.9</geoidheight><src>gps</src><sat>13</sat><hdop>0.74</hdop><vdop>1.09</vdop><pdop>1.32</pdop><dgpsid>0000</dgpsid></trkpt>
<trkpt lat="38.75193933333333" lon="-122.96783583333333"><ele>100.4</ele><time>2026-09-24T21:31:17.000Z</time><extensions><gpxtpx:TrackPointExtension><gpxtpx:bearing>142.16</gpxtpx:bearing><gpxtpx:speed>29.535791</gpxtpx:speed></gpxtpx:TrackPointExtension></extensions><geoidheight>-28.9</geoidheight><src>gps</src><sat>13</sat><hdop>0.74</hdop><vdop>1.09</vdop><pdop>1.32</pdop><dgpsid>0000</dgpsid></trkpt>
<trkpt lat="38.74969316666667" lon="-122.96544383333334"><ele>91.8</ele><time>2026-09-24T21:31:28.000Z</time><extensions><gpxtpx:TrackPointExtension><gpxtpx:bearing>133.02</gpxtpx:bearing><gpxtpx:speed>29.673222</gpxtpx:speed></gpxtpx:TrackPointExtension></extensions><geoidheight>-28.9</geoidheight><src>gps</src><sat>13</sat><hdop>0.74</hdop><vdop>1.09</vdop><pdop>1.32</pdop><dgpsid>0000</dgpsid></trkpt>
<trkpt lat="38.747917666666666" lon="-122.96235466666667"><ele>85.1</ele><time>2026-09-24T21:31:39.000Z</time><extensions><gpxtpx:TrackPointExtension><gpxtpx:bearing>124.88</gpxtpx:bearing><gpxtpx:speed>29.756607</gpxtpx:speed></gpxtpx:TrackPointExtension></extensions><geoidheight>-28.9</geoidheight><src>gps</src><sat>13</sat><hdop>0.74</hdop><vdop>1.09</vdop><pdop>1.32</pdop><dgpsid>0000</dgpsid></trkpt>
<trkpt lat="38.74625283333333" lon="-122.95931549999999"><ele>83.8</ele><time>2026-09-24T21:31:50.000Z</time><extensions><gpxtpx:TrackPointExtension><gpxtpx:bearing>124.58</gpxtpx:bearing><gpxtpx:speed>29.100851</gpxtpx:speed></gpxtpx:TrackPointExtension></extensions><geoidheight>-28.9</geoidheight><src>gps</src><sat>13</sat><hdop>0.74</hdop><vdop>1.09</vdop><pdop>1.32</pdop><dgpsid>0000</dgpsid></trkpt>
<trkpt lat="38.744578833333335" lon="-122.95625066666668"><ele>83.6</ele><time>2026-09-24T21:32:01.000Z</time><extensions><gpxtpx:TrackPointExtension><gpxtpx:bearing>124.63</gpxtpx:bearing><gpxtpx:speed>29.512114</gpxtpx:speed></gpxtpx:TrackPointExtension></extensions><geoidheight>-28.9</geoidheight><src>gps</src><sat>13</sat><hdop>0.77</hdop><vdop>1.10</vdop><pdop>1.34</pdop><dgpsid>0000</dgpsid></trkpt>
<trkpt lat="38.74295083333333" lon="-122.95321116666668"><ele>85.7</ele><time>2026-09-24T21:32:12.000Z</time><extensions><gpxtpx:TrackPointExtension><gpxtpx:bearing>121.64</gpxtpx:bearing><gpxtpx:speed>28.828562</gpxtpx:speed></gpxtpx:TrackPointExtension></extensions><geoidheight>-28.9</geoidheight><src>gps</src><sat>13</sat><hdop>0.74</hdop><vdop>1.09</vdop><pdop>1.32</pdop><dgpsid>0000</dgpsid></trkpt>
<trkpt lat="38.74152633333333" lon="-122.95003866666666"><ele>85.4</ele><time>2026-09-24T21:32:23.000Z</time><extensions><gpxtpx:TrackPointExtension><gpxtpx:bearing>122.1</gpxtpx:bearing><gpxtpx:speed>28.929447</gpxtpx:speed></gpxtpx:TrackPointExtension></extensions><geoidheight>-28.9</geoidheight><src>gps</src><sat>13</sat><hdop>0.74</hdop><vdop>1.09</vdop><pdop>1.32</pdop><dgpsid>0000</dgpsid></trkpt>
<trkpt lat="38.73950183333333" lon="-122.94745916666668"><ele>77.3</ele><time>2026-09-24T21:32:34.000Z</time><extensions><gpxtpx:TrackPointExtension><gpxtpx:bearing>146.4</gpxtpx:bearing><gpxtpx:speed>29.62844</gpxtpx:speed></gpxtpx:TrackPointExtension></extensions><geoidheight>-28.9</geoidheight><src>gps</src><sat>13</sat><hdop>0.77</hdop><vdop>1.09</vdop><pdop>1.33</pdop><dgpsid>0000</dgpsid></trkpt>
<trkpt lat="38.736785499999996" lon="-122.94592416666667"><ele>75.8</ele><time>2026-09-24T21:32:45.000Z</time><extensions><gpxtpx:TrackPointExtension><gpxtpx:bearing>159.02</gpxtpx:bearing><gpxtpx:speed>29.981026</gpxtpx:speed></gpxtpx:TrackPointExtension></extensions><geoidheight>-28.9</geoidheight><src>gps</src><sat>11</sat><hdop>0.78</hdop><vdop>1.10</vdop><pdop>1.35</pdop><dgpsid>0000</dgpsid></trkpt>
<trkpt lat="38.734069" lon="-122.9446095"><ele>74.3</ele><time>2026-09-24T21:32:56.000Z</time><extensions><gpxtpx:TrackPointExtension><gpxtpx:bearing>159.67</gpxtpx:bearing><gpxtpx:speed>29.273283</gpxtpx:speed></gpxtpx:TrackPointExtension></extensions><geoidheight>-28.9</geoidheight><src>gps</src><sat>13</sat><hdop>0.78</hdop><vdop>1.10</vdop><pdop>1.35</pdop><dgpsid>0000</dgpsid></trkpt>
<trkpt lat="38.73134883333333" lon="-122.94324300000001"><ele>76.1</ele><time>2026-09-24T21:33:07.000Z</time><extensions><gpxtpx:TrackPointExtension><gpxtpx:bearing>156.46</gpxtpx:bearing><gpxtpx:speed>29.59447</gpxtpx:speed></gpxtpx:TrackPointExtension></extensions><geoidheight>-28.9</geoidheight><src>gps</src><sat>13</sat><hdop>0.74</hdop><vdop>1.09</vdop><pdop>1.31</pdop><dgpsid>0000</dgpsid></trkpt>
<trkpt lat="38.728862166666666" lon="-122.94132716666667"><ele>75.4</ele><time>2026-09-24T21:33:18.000Z</time><extensions><gpxtpx:TrackPointExtension><gpxtpx:bearing>143.01</gpxtpx:bearing><gpxtpx:speed>29.605278</gpxtpx:speed></gpxtpx:TrackPointExtension></extensions><geoidheight>-28.9</geoidheight><src>gps</src><sat>13</sat><hdop>0.74</hdop><vdop>1.08</vdop><pdop>1.31</pdop><dgpsid>0000</dgpsid></trkpt>
<trkpt lat="38.726790333333334" lon="-122.93873233333333"><ele>77.3</ele><time>2026-09-24T21:33:29.000Z</time><extensions><gpxtpx:TrackPointExtension><gpxtpx:bearing>129.06</gpxtpx:bearing><gpxtpx:speed>29.207397</gpxtpx:speed></gpxtpx:TrackPointExtension></extensions><geoidheight>-28.9</geoidheight><src>gps</src><sat>13</sat><hdop>0.74</hdop><vdop>1.08</vdop><pdop>1.31</pdop><dgpsid>0000</dgpsid></trkpt>
<trkpt lat="38.72524033333333" lon="-122.93563466666667"><ele>75.5</ele><time>2026-09-24T21:33:40.000Z</time><extensions><gpxtpx:TrackPointExtension><gpxtpx:bearing>117.77</gpxtpx:bearing><gpxtpx:speed>28.955698</gpxtpx:speed></gpxtpx:TrackPointExtension></extensions><geoidheight>-28.9</geoidheight><src>gps</src><sat>13</sat><hdop>0.80</hdop><vdop>1.10</vdop><pdop>1.36</pdop><dgpsid>0000</dgpsid></trkpt>
<trkpt lat="38.723926" lon="-122.93244283333334"><ele>71.6</ele><time>2026-09-24T21:33:51.000Z</time><extensions><gpxtpx:TrackPointExtension><gpxtpx:bearing>117.79</gpxtpx:bearing><gpxtpx:speed>28.208323</gpxtpx:speed></gpxtpx:TrackPointExtension></extensions><geoidheight>-28.9</geoidheight><src>gps</src><sat>13</sat><hdop>0.74</hdop><vdop>1.08</vdop><pdop>1.31</pdop><dgpsid>0000</dgpsid></trkpt>
<trkpt lat="38.722592500000005" lon="-122.9292375"><ele>68.7</ele><time>2026-09-24T21:34:02.000Z</time><extensions><gpxtpx:TrackPointExtension><gpxtpx:bearing>119.75</gpxtpx:bearing><gpxtpx:speed>28.538774</gpxtpx:speed></gpxtpx:TrackPointExtension></extensions><geoidheight>-28.9</geoidheight><src>gps</src><sat>13</sat><hdop>0.74</hdop><vdop>1.08</vdop><pdop>1.31</pdop><dgpsid>0000</dgpsid></trkpt>
<trkpt lat="38.72093133333333" lon="-122.92634833333335"><ele>68.1</ele><time>2026-09-24T21:34:13.000Z</time><extensions><gpxtpx:TrackPointExtension><gpxtpx:bearing>132.16</gpxtpx:bearing><gpxtpx:speed>28.272663</gpxtpx:speed></gpxtpx:TrackPointExtension></extensions><geoidheight>-28.9</geoidheight><src>gps</src><sat>12</sat><hdop>0.97</hdop><vdop>1.46</vdop><pdop>1.75</pdop><dgpsid>0000</dgpsid></trkpt>
<trkpt lat="38.71889716666667" lon="-122.92400566666666"><ele>69.6</ele><time>2026-09-24T21:34:24.000Z</time><extensions><gpxtpx:TrackPointExtension><gpxtpx:bearing>143.69</gpxtpx:bearing><gpxtpx:speed>27.393002</gpxtpx:speed></gpxtpx:TrackPointExtension></extensions><geoidheight>-28.9</geoidheight><src>gps</src><sat>12</sat><hdop>0.95</hdop><vdop>1.45</vdop><pdop>1.74</pdop><dgpsid>0000</dgpsid></trkpt>
<trkpt lat="38.716662166666666" lon="-122.92198616666668"><ele>71.9</ele><time>2026-09-24T21:34:35.000Z</time><extensions><gpxtpx:TrackPointExtension><gpxtpx:bearing>144.95</gpxtpx:bearing><gpxtpx:speed>28.041552</gpxtpx:speed></gpxtpx:TrackPointExtension></extensions><geoidheight>-28.9</geoidheight><src>gps</src><sat>12</sat><hdop>0.74</hdop><vdop>1.08</vdop><pdop>1.31</pdop><dgpsid>0000</dgpsid></trkpt>
<trkpt lat="38.714367833333334" lon="-122.9199465"><ele>74.9</ele><time>2026-09-24T21:34:46.000Z</time><extensions><gpxtpx:TrackPointExtension><gpxtpx:bearing>145.87</gpxtpx:bearing><gpxtpx:speed>28.566053</gpxtpx:speed></gpxtpx:TrackPointExtension></extensions><geoidheight>-28.9</geoidheight><src>gps</src><sat>13</sat><hdop>0.76</hdop><vdop>1.08</vdop><pdop>1.33</pdop><dgpsid>0000</dgpsid></trkpt>
<trkpt lat="38.71203933333334" lon="-122.91802166666666"><ele>82.1</ele><time>2026-09-24T21:34:57.000Z</time><extensions><gpxtpx:TrackPointExtension><gpxtpx:bearing>147.52</gpxtpx:bearing><gpxtpx:speed>27.43624</gpxtpx:speed></gpxtpx:TrackPointExtension></extensions><geoidheight>-28.9</geoidheight><src>gps</src><sat>13</sat><hdop>0.74</hdop><vdop>1.08</vdop><pdop>1.31</pdop><dgpsid>0000</dgpsid></trkpt>
<trkpt lat="38.7099905" lon="-122.91591866666667"><ele>91.6</ele><time>2026-09-24T21:35:08.000Z</time><extensions><gpxtpx:TrackPointExtension><gpxtpx:bearing>133.22</gpxtpx:bearing><gpxtpx:speed>26.014061</gpxtpx:speed></gpxtpx:TrackPointExtension></extensions><geoidheight>-28.9</geoidheight><src>gps</src><sat>13</sat><hdop>0.74</hdop><vdop>1.08</vdop><pdop>1.31</pdop><dgpsid>0000</dgpsid></trkpt>
<trkpt lat="38.708562" lon="-122.913243"><ele>102.3</ele><time>2026-09-24T21:35:19.000Z</time><extensions><gpxtpx:TrackPointExtension><gpxtpx:bearing>117.91</gpxtpx:bearing><gpxtpx:speed>25.241978</gpxtpx:speed></gpxtpx:TrackPointExtension></extensions><geoidheight>-28.9</geoidheight><src>gps</src><sat>13</sat><hdop>0.74</hdop><vdop>1.08</vdop><pdop>1.31</pdop><dgpsid>0000</dgpsid></trkpt>
<trkpt lat="38.70727383333334" lon="-122.9104885"><ele>106.7</ele><time>2026-09-24T21:35:30.000Z</time><extensions><gpxtpx:TrackPointExtension><gpxtpx:bearing>124.79</gpxtpx:bearing><gpxtpx:speed>25.862732</gpxtpx:speed></gpxtpx:TrackPointExtension></extensions><geoidheight>-28.9</geoidheight><src>gps</src><sat>13</sat><hdop>0.74</hdop><vdop>1.07</vdop><pdop>1.31</pdop><dgpsid>0000</dgpsid></trkpt>
<trkpt lat="38.705718000000005" lon="-122.90772016666666"><ele>103.3</ele><time>2026-09-24T21:35:41.000Z</time><extensions><gpxtpx:TrackPointExtension><gpxtpx:bearing>125.19</gpxtpx:bearing><gpxtpx:speed>28.275236</gpxtpx:speed></gpxtpx:TrackPointExtension></extensions><geoidheight>-28.9</geoidheight><src>gps</src><sat>13</sat><hdop>0.74</hdop><vdop>1.07</vdop><pdop>1.30</pdop><dgpsid>0000</dgpsid></trkpt>
<trkpt lat="38.70409666666667" lon="-122.90455416666667"><ele>95.1</ele><time>2026-09-24T21:35:52.000Z</time><extensions><gpxtpx:TrackPointExtension><gpxtpx:bearing>116.72</gpxtpx:bearing><gpxtpx:speed>31.481955</gpxtpx:speed></gpxtpx:TrackPointExtension></extensions><geoidheight>-28.9</geoidheight><src>gps</src><sat>13</sat><hdop>0.74</hdop><vdop>1.07</vdop><pdop>1.30</pdop><dgpsid>0000</dgpsid></trkpt>
<trkpt lat="38.7030015" lon="-122.90085683333334"><ele>92.4</ele><time>2026-09-24T21:36:03.000Z</time><extensions><gpxtpx:TrackPointExtension><gpxtpx:bearing>112.51</gpxtpx:bearing><gpxtpx:speed>30.460747</gpxtpx:speed></gpxtpx:TrackPointExtension></extensions><geoidheight>-28.9</geoidheight><src>gps</src><sat>13</sat><hdop>0.74</hdop><vdop>1.07</vdop><pdop>1.30</pdop><dgpsid>0000</dgpsid></trkpt>
<trkpt lat="38.701569" lon="-122.89750049999999"><ele>87.2</ele><time>2026-09-24T21:36:14.000Z</time><extensions><gpxtpx:TrackPointExtension><gpxtpx:bearing>124.16</gpxtpx:bearing><gpxtpx:speed>30.691341</gpxtpx:speed></gpxtpx:TrackPointExtension></extensions><geoidheight>-28.9</geoidheight><src>gps</src><sat>13</sat><hdop>0.74</hdop><vdop>1.07</vdop><pdop>1.30</pdop><dgpsid>0000</dgpsid></trkpt>
<trkpt lat="38.699558833333334" lon="-122.894501"><ele>78.1</ele><time>2026-09-24T21:36:25.000Z</time><extensions><gpxtpx:TrackPointExtension><gpxtpx:bearing>135.96</gpxtpx:bearing><gpxtpx:speed>31.5674</gpxtpx:speed></gpxtpx:TrackPointExtension></extensions><geoidheight>-28.9</geoidheight><src>gps</src><sat>12</sat><hdop>0.95</hdop><vdop>1.45</vdop><pdop>1.74</pdop><dgpsid>0000</dgpsid></trkpt>
<trkpt lat="38.697325500000005" lon="-122.8916955"><ele>72.5</ele><time>2026-09-24T21:36:36.000Z</time><extensions><gpxtpx:TrackPointExtension><gpxtpx:bearing>134.44</gpxtpx:bearing><gpxtpx:speed>31.447983</gpxtpx:speed></gpxtpx:TrackPointExtension></extensions><geoidheight>-28.9</geoidheight><src>gps</src><sat>12</sat><hdop>0.95</hdop><vdop>1.45</vdop><pdop>1.74</pdop><dgpsid>0000</dgpsid></trkpt>
<trkpt lat="38.69543716666667" lon="-122.8885935"><ele>69.3</ele><time>2026-09-24T21:36:47.000Z</time><extensions><gpxtpx:TrackPointExtension><gpxtpx:bearing>121.96</gpxtpx:bearing><gpxtpx:speed>31.153563</gpxtpx:speed></gpxtpx:TrackPointExtension></extensions><geoidheight>-28.9</geoidheight><src>gps</src><sat>13</sat><hdop>0.74</hdop><vdop>1.07</vdop><pdop>1.30</pdop><dgpsid>0000</dgpsid></trkpt>
<trkpt lat="38.6938025" lon="-122.88545133333334"><ele>67.6</ele><time>2026-09-24T21:36:58.000Z</time><extensions><gpxtpx:TrackPointExtension><gpxtpx:bearing>128.25</gpxtpx:bearing><gpxtpx:speed>28.61135</gpxtpx:speed></gpxtpx:TrackPointExtension></extensions><geoidheight>-28.9</geoidheight><src>gps</src><sat>13</sat><hdop>0.74</hdop><vdop>1.07</vdop><pdop>1.30</pdop><dgpsid>0000</dgpsid></trkpt>
<trkpt lat="38.691676333333334" lon="-122.88317766666665"><ele>68.2</ele><time>2026-09-24T21:37:09.000Z</time><extensions><gpxtpx:TrackPointExtension><gpxtpx:bearing>150.43</gpxtpx:bearing><gpxtpx:speed>27.85728</gpxtpx:speed></gpxtpx:TrackPointExtension></extensions><geoidheight>-28.9</geoidheight><src>gps</src><sat>12</sat><hdop>0.96</hdop><vdop>1.45</vdop><pdop>1.74</pdop><dgpsid>0000</dgpsid></trkpt>
<trkpt lat="38.689064333333334" lon="-122.88203999999999"><ele>70.1</ele><time>2026-09-24T21:37:20.000Z</time><extensions><gpxtpx:TrackPointExtension><gpxtpx:bearing>170.55</gpxtpx:bearing><gpxtpx:speed>28.320017</gpxtpx:speed></gpxtpx:TrackPointExtension></extensions><geoidheight>-28.9</geoidheight><src>gps</src><sat>13</sat><hdop>0.74</hdop><vdop>1.07</vdop><pdop>1.30</pdop><dgpsid>0000</dgpsid></trkpt>
<trkpt lat="38.6862815" lon="-122.88148883333334"><ele>71.2</ele><time>2026-09-24T21:37:31.000Z</time><extensions><gpxtpx:TrackPointExtension><gpxtpx:bearing>170.73</gpxtpx:bearing><gpxtpx:speed>28.626791</gpxtpx:speed></gpxtpx:TrackPointExtension></extensions><geoidheight>-28.9</geoidheight><src>gps</src><sat>13</sat><hdop>0.96</hdop><vdop>1.45</vdop><pdop>1.74</pdop><dgpsid>0000</dgpsid></trkpt>
<trkpt lat="38.68352983333333" lon="-122.88097716666668"><ele>75.2</ele><time>2026-09-24T21:37:42.000Z</time><extensions><gpxtpx:TrackPointExtension><gpxtpx:bearing>173.85</gpxtpx:bearing><gpxtpx:speed>28.145525</gpxtpx:speed></gpxtpx:TrackPointExtension></extensions><geoidheight>-28.9</geoidheight><src>gps</src><sat>12</sat><hdop>0.96</hdop><vdop>1.45</vdop><pdop>1.74</pdop><dgpsid>0000</dgpsid></trkpt>
<trkpt lat="38.680656" lon="-122.880865"><ele>75.9</ele><time>2026-09-24T21:37:53.000Z</time><extensions><gpxtpx:TrackPointExtension><gpxtpx:bearing>180.4</gpxtpx:bearing><gpxtpx:speed>29.713884</gpxtpx:speed></gpxtpx:TrackPointExtension></extensions><geoidheight>-28.9</geoidheight><src>gps</src><sat>12</sat><hdop>0.96</hdop><vdop>1.45</vdop><pdop>1.74</pdop><dgpsid>0000</dgpsid></trkpt>
<trkpt lat="38.677720666666666" lon="-122.88086983333332"><ele>71.9</ele><time>2026-09-24T21:38:04.000Z</time><extensions><gpxtpx:TrackPointExtension><gpxtpx:bearing>180.28</gpxtpx:bearing><gpxtpx:speed>29.19247</gpxtpx:speed></gpxtpx:TrackPointExtension></extensions><geoidheight>-28.9</geoidheight><src>gps</src><sat>12</sat><hdop>0.79</hdop><vdop>1.16</vdop><pdop>1.40</pdop><dgpsid>0000</dgpsid></trkpt>
<trkpt lat="38.67484183333333" lon="-122.880795"><ele>70.2</ele><time>2026-09-24T21:38:15.000Z</time><extensions><gpxtpx:TrackPointExtension><gpxtpx:bearing>174.43</gpxtpx:bearing><gpxtpx:speed>28.307663</gpxtpx:speed></gpxtpx:TrackPointExtension></extensions><geoidheight>-28.9</geoidheight><src>gps</src><sat>12</sat><hdop>0.79</hdop><vdop>1.16</vdop><pdop>1.40</pdop><dgpsid>0000</dgpsid></trkpt>
<trkpt lat="38.672132000000005" lon="-122.88017916666668"><ele>66.6</ele><time>2026-09-24T21:38:26.000Z</time><extensions><gpxtpx:TrackPointExtension><gpxtpx:bearing>168.46</gpxtpx:bearing><gpxtpx:speed>27.58242</gpxtpx:speed></gpxtpx:TrackPointExtension></extensions><geoidheight>-28.9</geoidheight><src>gps</src><sat>12</sat><hdop>0.96</hdop><vdop>1.45</vdop><pdop>1.74</pdop><dgpsid>0000</dgpsid></trkpt>
<trkpt lat="38.669587166666666" lon="-122.87892500000001"><ele>62.6</ele><time>2026-09-24T21:38:37.000Z</time><extensions><gpxtpx:TrackPointExtension><gpxtpx:bearing>149.35</gpxtpx:bearing><gpxtpx:speed>28.401342</gpxtpx:speed></gpxtpx:TrackPointExtension></extensions><geoidheight>-28.9</geoidheight><src>gps</src><sat>11</sat><hdop>1.01</hdop><vdop>1.51</vdop><pdop>1.81</pdop><dgpsid>0000</dgpsid></trkpt>
<trkpt lat="38.667065" lon="-122.87715166666666"><ele>55.9</ele><time>2026-09-24T21:38:48.000Z</time><extensions><gpxtpx:TrackPointExtension><gpxtpx:bearing>159.83</gpxtpx:bearing><gpxtpx:speed>29.19453</gpxtpx:speed></gpxtpx:TrackPointExtension></extensions><geoidheight>-28.9</geoidheight><src>gps</src><sat>10</sat><hdop>0.99</hdop><vdop>1.73</vdop><pdop>1.99</pdop><dgpsid>0000</dgpsid></trkpt>
<trkpt lat="38.664214333333334" lon="-122.87634466666665"><ele>58.4</ele><time>2026-09-24T21:38:59.000Z</time><extensions><gpxtpx:TrackPointExtension><gpxtpx:bearing>169.3</gpxtpx:bearing><gpxtpx:speed>29.807564</gpxtpx:speed></gpxtpx:TrackPointExtension></extensions><geoidheight>-28.9</geoidheight><src>gps</src><sat>12</sat><hdop>0.96</hdop><vdop>1.44</vdop><pdop>1.73</pdop><dgpsid>0000</dgpsid></trkpt>
<trkpt lat="38.661334333333336" lon="-122.87548833333334"><ele>63.3</ele><time>2026-09-24T21:39:10.000Z</time><extensions><gpxtpx:TrackPointExtension><gpxtpx:bearing>161.94</gpxtpx:bearing><gpxtpx:speed>29.80499</gpxtpx:speed></gpxtpx:TrackPointExtension></extensions><geoidheight>-29.0</geoidheight><src>gps</src><sat>11</sat><hdop>0.96</hdop><vdop>1.44</vdop><pdop>1.73</pdop><dgpsid>0000</dgpsid></trkpt>
<trkpt lat="38.6585365" lon="-122.87412266666666"><ele>64.2</ele><time>2026-09-24T21:39:21.000Z</time><extensions><gpxtpx:TrackPointExtension><gpxtpx:bearing>159.13</gpxtpx:bearing><gpxtpx:speed>30.823626</gpxtpx:speed></gpxtpx:TrackPointExtension></extensions><geoidheight>-29.0</geoidheight><src>gps</src><sat>13</sat><hdop>0.74</hdop><vdop>1.06</vdop><pdop>1.29</pdop><dgpsid>0000</dgpsid></trkpt>
<trkpt lat="38.65558416666667" lon="-122.87265916666665"><ele>56.4</ele><time>2026-09-24T21:39:32.000Z</time><extensions><gpxtpx:TrackPointExtension><gpxtpx:bearing>158.97</gpxtpx:bearing><gpxtpx:speed>32.773907</gpxtpx:speed></gpxtpx:TrackPointExtension></extensions><geoidheight>-29.0</geoidheight><src>gps</src><sat>13</sat><hdop>0.74</hdop><vdop>1.06</vdop><pdop>1.29</pdop><dgpsid>0000</dgpsid></trkpt>
<trkpt lat="38.65250916666666" lon="-122.87168349999999"><ele>62.1</ele><time>2026-09-24T21:39:43.000Z</time><extensions><gpxtpx:TrackPointExtension><gpxtpx:bearing>175.73</gpxtpx:bearing><gpxtpx:speed>30.761345</gpxtpx:speed></gpxtpx:TrackPointExtension></extensions><geoidheight>-29.0</geoidheight><src>gps</src><sat>13</sat><hdop>0.74</hdop><vdop>1.05</vdop><pdop>1.29</pdop><dgpsid>0000</dgpsid></trkpt>
<trkpt lat="38.649589666666664" lon="-122.87211716666667"><ele>65.3</ele><time>2026-09-24T21:39:54.000Z</time><extensions><gpxtpx:TrackPointExtension><gpxtpx:bearing>196.45</gpxtpx:bearing><gpxtpx:speed>29.53785</gpxtpx:speed></gpxtpx:TrackPointExtension></extensions><geoidheight>-29.0</geoidheight><src>gps</src><sat>11</sat><hdop>1.04</hdop><vdop>2.05</vdop><pdop>2.30</pdop><dgpsid>0000</dgpsid></trkpt>
<trkpt lat="38.64679083333333" lon="-122.87330033333335"><ele>68.7</ele><time>2026-09-24T21:40:05.000Z</time><extensions><gpxtpx:TrackPointExtension><gpxtpx:bearing>198.49</gpxtpx:bearing><gpxtpx:speed>29.87036</gpxtpx:speed></gpxtpx:TrackPointExtension></extensions><geoidheight>-29.0</geoidheight><src>gps</src><sat>12</sat><hdop>0.79</hdop><vdop>1.15</vdop><pdop>1.39</pdop><dgpsid>0000</dgpsid></trkpt>
<trkpt lat="38.643957500000006" lon="-122.874492"><ele>67.1</ele><time>2026-09-24T21:40:16.000Z</time><extensions><gpxtpx:TrackPointExtension><gpxtpx:bearing>198.26</gpxtpx:bearing><gpxtpx:speed>29.983599</gpxtpx:speed></gpxtpx:TrackPointExtension></extensions><geoidheight>-29.0</geoidheight><src>gps</src><sat>11</sat><hdop>1.04</hdop><vdop>2.04</vdop><pdop>2.29</pdop><dgpsid>0000</dgpsid></trkpt>
<trkpt lat="38.641116000000004" lon="-122.875696"><ele>64.2</ele><time>2026-09-24T21:40:27.000Z</time><extensions><gpxtpx:TrackPointExtension><gpxtpx:bearing>198.8</gpxtpx:bearing><gpxtpx:speed>30.925026</gpxtpx:speed></gpxtpx:TrackPointExtension></extensions><geoidheight>-29.0</geoidheight><src>gps</src><sat>10</sat><hdop>0.85</hdop><vdop>1.42</vdop><pdop>1.65</pdop><dgpsid>0000</dgpsid></trkpt>
<trkpt lat="38.638191" lon="-122.87696616666666"><ele>61.8</ele><time>2026-09-24T21:40:38.000Z</time><extensions><gpxtpx:TrackPointExtension><gpxtpx:bearing>197.97</gpxtpx:bearing><gpxtpx:speed>30.929144</gpxtpx:speed></gpxtpx:TrackPointExtension></extensions><geoidheight>-29.0</geoidheight><src>gps</src><sat>11</sat><hdop>1.03</hdop><vdop>1.68</vdop><pdop>1.97</pdop><dgpsid>0000</dgpsid></trkpt>
<trkpt lat="38.635242833333336" lon="-122.87773716666668"><ele>55.7</ele><time>2026-09-24T21:40:49.000Z</time><extensions><gpxtpx:TrackPointExtension><gpxtpx:bearing>182.88</gpxtpx:bearing><gpxtpx:speed>30.725313</gpxtpx:speed></gpxtpx:TrackPointExtension></extensions><geoidheight>-29.0</geoidheight><src>gps</src><sat>12</sat><hdop>0.79</hdop><vdop>1.14</vdop><pdop>1.39</pdop><dgpsid>0000</dgpsid></trkpt>
<trkpt lat="38.632100333333334" lon="-122.87793583333332"><ele>49.3</ele><time>2026-09-24T21:41:00.000Z</time><extensions><gpxtpx:TrackPointExtension><gpxtpx:bearing>182.8</gpxtpx:bearing><gpxtpx:speed>32.699272</gpxtpx:speed></gpxtpx:TrackPointExtension></extensions><geoidheight>-29.0</geoidheight><src>gps</src><sat>12</sat><hdop>0.79</hdop><vdop>1.14</vdop><pdop>1.39</pdop><dgpsid>0000</dgpsid></trkpt>
<trkpt lat="38.628880833333334" lon="-122.87813383333332"><ele>49.6</ele><time>2026-09-24T21:41:11.000Z</time><extensions><gpxtpx:TrackPointExtension><gpxtpx:bearing>182.62</gpxtpx:bearing><gpxtpx:speed>32.51758</gpxtpx:speed></gpxtpx:TrackPointExtension></extensions><geoidheight>-29.0</geoidheight><src>gps</src><sat>11</sat><hdop>1.03</hdop><vdop>1.68</vdop><pdop>1.97</pdop><dgpsid>0000</dgpsid></trkpt>
<trkpt lat="38.62567833333333" lon="-122.87830833333334"><ele>50.3</ele><time>2026-09-24T21:41:22.000Z</time><extensions><gpxtpx:TrackPointExtension><gpxtpx:bearing>182.61</gpxtpx:bearing><gpxtpx:speed>32.665817</gpxtpx:speed></gpxtpx:TrackPointExtension></extensions><geoidheight>-29.0</geoidheight><src>gps</src><sat>11</sat><hdop>0.79</hdop><vdop>1.14</vdop><pdop>1.39</pdop><dgpsid>0000</dgpsid></trkpt>
<trkpt lat="38.62242766666667" lon="-122.87853316666666"><ele>38.5</ele><time>2026-09-24T21:41:33.000Z</time><extensions><gpxtpx:TrackPointExtension><gpxtpx:bearing>183.42</gpxtpx:bearing><gpxtpx:speed>32.72089</gpxtpx:speed></gpxtpx:TrackPointExtension></extensions><geoidheight>-29.0</geoidheight><src>gps</src><sat>13</sat><hdop>0.77</hdop><vdop>1.03</vdop><pdop>1.28</pdop><dgpsid>0000</dgpsid></trkpt>
<trkpt lat="38.6192285" lon="-122.87872916666666"><ele>31.6</ele><time>2026-09-24T21:41:44.000Z</time><extensions><gpxtpx:TrackPointExtension><gpxtpx:bearing>182.85</gpxtpx:bearing><gpxtpx:speed>31.383644</gpxtpx:speed></gpxtpx:TrackPointExtension></extensions><geoidheight>-29.0</geoidheight><src>gps</src><sat>13</sat><hdop>0.77</hdop><vdop>1.03</vdop><pdop>1.28</pdop><dgpsid>0000</dgpsid></trkpt>
<trkpt lat="38.61626533333333" lon="-122.87891833333333"><ele>29.2</ele><time>2026-09-24T21:41:55.000Z</time><extensions><gpxtpx:TrackPointExtension><gpxtpx:bearing>182.42</gpxtpx:bearing><gpxtpx:speed>28.05442</gpxtpx:speed></gpxtpx:TrackPointExtension></extensions><geoidheight>-29.0</geoidheight><src>gps</src><sat>12</sat><hdop>1.03</hdop><vdop>1.49</vdop><pdop>1.81</pdop><dgpsid>0000</dgpsid></trkpt>
<trkpt lat="38.61366433333333" lon="-122.87844183333333"><ele>30.9</ele><time>2026-09-24T21:42:06.000Z</time><extensions><gpxtpx:TrackPointExtension><gpxtpx:bearing>159.92</gpxtpx:bearing><gpxtpx:speed>27.1027</gpxtpx:speed></gpxtpx:TrackPointExtension></extensions><geoidheight>-29.0</geoidheight><src>gps</src><sat>14</sat><hdop>0.77</hdop><vdop>1.03</vdop><pdop>1.28</pdop><dgpsid>0000</dgpsid></trkpt>
<trkpt lat="38.61128166666666" lon="-122.87673883333333"><ele>25.7</ele><time>2026-09-24T21:42:17.000Z</time><extensions><gpxtpx:TrackPointExtension><gpxtpx:bearing>145.03</gpxtpx:bearing><gpxtpx:speed>28.478552</gpxtpx:speed></gpxtpx:TrackPointExtension></extensions><geoidheight>-29.0</geoidheight><src>gps</src><sat>13</sat><hdop>0.77</hdop><vdop>1.03</vdop><pdop>1.28</pdop><dgpsid>0000</dgpsid></trkpt>
<trkpt lat="38.60890033333333" lon="-122.87465166666668"><ele>23.5</ele><time>2026-09-24T21:42:28.000Z</time><extensions><gpxtpx:TrackPointExtension><gpxtpx:bearing>145.49</gpxtpx:bearing><gpxtpx:speed>29.268135</gpxtpx:speed></gpxtpx:TrackPointExtension></extensions><geoidheight>-29.0</geoidheight><src>gps</src><sat>14</sat><hdop>0.71</hdop><vdop>0.95</vdop><pdop>1.19</pdop><dgpsid>0000</dgpsid></trkpt>
<trkpt lat="38.60663983333333" lon="-122.8723945"><ele>29.6</ele><time>2026-09-24T21:42:39.000Z</time><extensions><gpxtpx:TrackPointExtension><gpxtpx:bearing>135.36</gpxtpx:bearing><gpxtpx:speed>29.096218</gpxtpx:speed></gpxtpx:TrackPointExtension></extensions><geoidheight>-29.0</geoidheight><src>gps</src><sat>14</sat><hdop>0.71</hdop><vdop>0.95</vdop><pdop>1.19</pdop><dgpsid>0000</dgpsid></trkpt>
<trkpt lat="38.6046455" lon="-122.86962299999999"><ele>30.8</ele><time>2026-09-24T21:42:50.000Z</time><extensions><gpxtpx:TrackPointExtension><gpxtpx:bearing>131.31</gpxtpx:bearing><gpxtpx:speed>30.094778</gpxtpx:speed></gpxtpx:TrackPointExtension></extensions><geoidheight>-29.0</geoidheight><src>gps</src><sat>14</sat><hdop>0.71</hdop><vdop>0.95</vdop><pdop>1.19</pdop><dgpsid>0000</dgpsid></trkpt>
<trkpt lat="38.6026635" lon="-122.86669833333332"><ele>28.8</ele><time>2026-09-24T21:43:01.000Z</time><extensions><gpxtpx:TrackPointExtension><gpxtpx:bearing>130.71</gpxtpx:bearing><gpxtpx:speed>31.417616</gpxtpx:speed></gpxtpx:TrackPointExtension></extensions><geoidheight>-29.0</geoidheight><src>gps</src><sat>14</sat><hdop>0.71</hdop><vdop>0.95</vdop><pdop>1.19</pdop><dgpsid>0000</dgpsid></trkpt>
<trkpt lat="38.60064233333333" lon="-122.86372583333332"><ele>29.4</ele><time>2026-09-24T21:43:12.000Z</time><extensions><gpxtpx:TrackPointExtension><gpxtpx:bearing>130.47</gpxtpx:bearing><gpxtpx:speed>30.169415</gpxtpx:speed></gpxtpx:TrackPointExtension></extensions><geoidheight>-29.0</geoidheight><src>gps</src><sat>13</sat><hdop>0.97</hdop><vdop>1.32</vdop><pdop>1.64</pdop><dgpsid>0000</dgpsid></trkpt>
<trkpt lat="38.59878416666666" lon="-122.860707"><ele>36.0</ele><time>2026-09-24T21:43:23.000Z</time><extensions><gpxtpx:TrackPointExtension><gpxtpx:bearing>123.2</gpxtpx:bearing><gpxtpx:speed>30.326405</gpxtpx:speed></gpxtpx:TrackPointExtension></extensions><geoidheight>-29.0</geoidheight><src>gps</src><sat>12</sat><hdop>0.98</hdop><vdop>1.32</vdop><pdop>1.64</pdop><dgpsid>0000</dgpsid></trkpt>
<trkpt lat="38.597129333333335" lon="-122.85750666666667"><ele>34.6</ele><time>2026-09-24T21:43:34.000Z</time><extensions><gpxtpx:TrackPointExtension><gpxtpx:bearing>123.61</gpxtpx:bearing><gpxtpx:speed>30.634722</gpxtpx:speed></gpxtpx:TrackPointExtension></extensions><geoidheight>-29.0</geoidheight><src>gps</src><sat>14</sat><hdop>0.71</hdop><vdop>0.95</vdop><pdop>1.19</pdop><dgpsid>0000</dgpsid></trkpt>
<trkpt lat="38.595423" lon="-122.85418866666666"><ele>31.8</ele><time>2026-09-24T21:43:45.000Z</time><extensions><gpxtpx:TrackPointExtension><gpxtpx:bearing>123.98</gpxtpx:bearing><gpxtpx:speed>31.575634</gpxtpx:speed></gpxtpx:TrackPointExtension></extensions><geoidheight>-29.0</geoidheight><src>gps</src><sat>14</sat><hdop>0.71</hdop><vdop>0.95</vdop><pdop>1.19</pdop><dgpsid>0000</dgpsid></trkpt>
<trkpt lat="38.5936995" lon="-122.85092566666665"><ele>36.5</ele><time>2026-09-24T21:43:56.000Z</time><extensions><gpxtpx:TrackPointExtension><gpxtpx:bearing>123.12</gpxtpx:bearing><gpxtpx:speed>30.66612</gpxtpx:speed></gpxtpx:TrackPointExtension></extensions><geoidheight>-29.0</geoidheight><src>gps</src><sat>14</sat><hdop>0.71</hdop><vdop>0.95</vdop><pdop>1.19</pdop><dgpsid>0000</dgpsid></trkpt>
<trkpt lat="38.59191166666667" lon="-122.84790100000001"><ele>38.2</ele><time>2026-09-24T21:44:07.000Z</time><extensions><gpxtpx:TrackPointExtension><gpxtpx:bearing>133.56</gpxtpx:bearing><gpxtpx:speed>29.638735</gpxtpx:speed></gpxtpx:TrackPointExtension></extensions><geoidheight>-29.0</geoidheight><src>gps</src><sat>14</sat><hdop>0.71</hdop><vdop>0.95</vdop><pdop>1.19</pdop><dgpsid>0000</dgpsid></trkpt>
<trkpt lat="38.589504166666664" lon="-122.84560883333333"><ele>32.3</ele><time>2026-09-24T21:44:18.000Z</time><extensions><gpxtpx:TrackPointExtension><gpxtpx:bearing>150.22</gpxtpx:bearing><gpxtpx:speed>30.619795</gpxtpx:speed></gpxtpx:TrackPointExtension></extensions><geoidheight>-29.0</geoidheight><src>gps</src><sat>13</sat><hdop>0.76</hdop><vdop>1.02</vdop><pdop>1.28</pdop><dgpsid>0000</dgpsid></trkpt>
<trkpt lat="38.5869175" lon="-122.84370116666666"><ele>29.8</ele><time>2026-09-24T21:44:29.000Z</time><extensions><gpxtpx:TrackPointExtension><gpxtpx:bearing>150.17</gpxtpx:bearing><gpxtpx:speed>29.992865</gpxtpx:speed></gpxtpx:TrackPointExtension></extensions><geoidheight>-29.0</geoidheight><src>gps</src><sat>14</sat><hdop>0.73</hdop><vdop>0.96</vdop><pdop>1.21</pdop><dgpsid>0000</dgpsid></trkpt>
<trkpt lat="38.584352833333334" lon="-122.84179866666666"><ele>30.8</ele><time>2026-09-24T21:44:40.000Z</time><extensions><gpxtpx:TrackPointExtension><gpxtpx:bearing>149.9</gpxtpx:bearing><gpxtpx:speed>30.180223</gpxtpx:speed></gpxtpx:TrackPointExtension></extensions><geoidheight>-29.0</geoidheight><src>gps</src><sat>14</sat><hdop>0.73</hdop><vdop>0.96</vdop><pdop>1.21</pdop><dgpsid>0000</dgpsid></trkpt>
<trkpt lat="38.58179116666667" lon="-122.83990933333334"><ele>33.2</ele><time>2026-09-24T21:44:51.000Z</time><extensions><gpxtpx:TrackPointExtension><gpxtpx:bearing>149.42</gpxtpx:bearing><gpxtpx:speed>29.707708</gpxtpx:speed></gpxtpx:TrackPointExtension></extensions><geoidheight>-29.0</geoidheight><src>gps</src><sat>14</sat><hdop>0.73</hdop><vdop>0.96</vdop><pdop>1.21</pdop><dgpsid>0000</dgpsid></trkpt>
<trkpt lat="38.57925733333333" lon="-122.83803400000001"><ele>32.2</ele><time>2026-09-24T21:45:02.000Z</time><extensions><gpxtpx:TrackPointExtension><gpxtpx:bearing>149.41</gpxtpx:bearing><gpxtpx:speed>29.746826</gpxtpx:speed></gpxtpx:TrackPointExtension></extensions><geoidheight>-29.0</geoidheight><src>gps</src><sat>14</sat><hdop>0.73</hdop><vdop>0.96</vdop><pdop>1.20</pdop><dgpsid>0000</dgpsid></trkpt>
<trkpt lat="38.57674416666667" lon="-122.836177"><ele>31.5</ele><time>2026-09-24T21:45:13.000Z</time><extensions><gpxtpx:TrackPointExtension><gpxtpx:bearing>149.94</gpxtpx:bearing><gpxtpx:speed>29.171883</gpxtpx:speed></gpxtpx:TrackPointExtension></extensions><geoidheight>-29.0</geoidheight><src>gps</src><sat>14</sat><hdop>0.73</hdop><vdop>0.96</vdop><pdop>1.20</pdop><dgpsid>0000</dgpsid></trkpt>
<trkpt lat="38.57427133333333" lon="-122.83434433333332"><ele>34.3</ele><time>2026-09-24T21:45:24.000Z</time><extensions><gpxtpx:TrackPointExtension><gpxtpx:bearing>149.85</gpxtpx:bearing><gpxtpx:speed>29.098791</gpxtpx:speed></gpxtpx:TrackPointExtension></extensions><geoidheight>-29.0</geoidheight><src>gps</src><sat>13</sat><hdop>0.98</hdop><vdop>1.31</vdop><pdop>1.64</pdop><dgpsid>0000</dgpsid></trkpt>
<trkpt lat="38.5717555" lon="-122.83247183333333"><ele>35.2</ele><time>2026-09-24T21:45:35.000Z</time><extensions><gpxtpx:TrackPointExtension><gpxtpx:bearing>149.69</gpxtpx:bearing><gpxtpx:speed>29.729841</gpxtpx:speed></gpxtpx:TrackPointExtension></extensions><geoidheight>-29.0</geoidheight><src>gps</src><sat>13</sat><hdop>0.76</hdop><vdop>1.02</vdop><pdop>1.27</pdop><dgpsid>0000</dgpsid></trkpt>
<trkpt lat="38.5693285" lon="-122.83039766666667"><ele>35.1</ele><time>2026-09-24T21:45:46.000Z</time><extensions><gpxtpx:TrackPointExtension><gpxtpx:bearing>143.02</gpxtpx:bearing><gpxtpx:speed>28.67672</gpxtpx:speed></gpxtpx:TrackPointExtension></extensions><geoidheight>-29.0</geoidheight><src>gps</src><sat>13</sat><hdop>0.71</hdop><vdop>0.94</vdop><pdop>1.18</pdop><dgpsid>0000</dgpsid></trkpt>
<trkpt lat="38.567120333333335" lon="-122.82828133333332"><ele>35.9</ele><time>2026-09-24T21:45:57.000Z</time><extensions><gpxtpx:TrackPointExtension><gpxtpx:bearing>142.45</gpxtpx:bearing><gpxtpx:speed>27.282337</gpxtpx:speed></gpxtpx:TrackPointExtension></extensions><geoidheight>-29.0</geoidheight><src>gps</src><sat>13</sat><hdop>0.76</hdop><vdop>1.02</vdop><pdop>1.27</pdop><dgpsid>0000</dgpsid></trkpt>
<trkpt lat="38.5649205" lon="-122.82618033333334"><ele>37.7</ele><time>2026-09-24T21:46:08.000Z</time><extensions><gpxtpx:TrackPointExtension><gpxtpx:bearing>143.15</gpxtpx:bearing><gpxtpx:speed>28.040522</gpxtpx:speed></gpxtpx:TrackPointExtension></extensions><geoidheight>-29.0</geoidheight><src>gps</src><sat>13</sat><hdop>0.79</hdop><vdop>1.04</vdop><pdop>1.31</pdop><dgpsid>0000</dgpsid></trkpt>
<trkpt lat="38.562695" lon="-122.82406583333335"><ele>43.5</ele><time>2026-09-24T21:46:19.000Z</time><extensions><gpxtpx:TrackPointExtension><gpxtpx:bearing>143.34</gpxtpx:bearing><gpxtpx:speed>27.13873</gpxtpx:speed></gpxtpx:TrackPointExtension></extensions><geoidheight>-29.0</geoidheight><src>gps</src><sat>13</sat><hdop>0.77</hdop><vdop>1.06</vdop><pdop>1.31</pdop><dgpsid>0000</dgpsid></trkpt>
<trkpt lat="38.56057116666667" lon="-122.822056"><ele>44.0</ele><time>2026-09-24T21:46:30.000Z</time><extensions><gpxtpx:TrackPointExtension><gpxtpx:bearing>143.32</gpxtpx:bearing><gpxtpx:speed>27.205643</gpxtpx:speed></gpxtpx:TrackPointExtension></extensions><geoidheight>-29.0</geoidheight><src>gps</src><sat>13</sat><hdop>0.79</hdop><vdop>1.04</vdop><pdop>1.30</pdop><dgpsid>0000</dgpsid></trkpt>
<trkpt lat="38.558330166666664" lon="-122.81993116666666"><ele>38.8</ele><time>2026-09-24T21:46:41.000Z</time><extensions><gpxtpx:TrackPointExtension><gpxtpx:bearing>142.39</gpxtpx:bearing><gpxtpx:speed>28.50583</gpxtpx:speed></gpxtpx:TrackPointExtension></extensions><geoidheight>-29.0</geoidheight><src>gps</src><sat>14</sat><hdop>0.76</hdop><vdop>1.02</vdop><pdop>1.27</pdop><dgpsid>0000</dgpsid></trkpt>
<trkpt lat="38.5560895" lon="-122.81779666666668"><ele>39.1</ele><time>2026-09-24T21:46:52.000Z</time><extensions><gpxtpx:TrackPointExtension><gpxtpx:bearing>143.17</gpxtpx:bearing><gpxtpx:speed>28.173836</gpxtpx:speed></gpxtpx:TrackPointExtension></extensions><geoidheight>-29.0</geoidheight><src>gps</src><sat>14</sat><hdop>0.83</hdop><vdop>1.06</vdop><pdop>1.35</pdop><dgpsid>0000</dgpsid></trkpt>
<trkpt lat="38.55385616666667" lon="-122.81566883333335"><ele>38.8</ele><time>2026-09-24T21:47:03.000Z</time><extensions><gpxtpx:TrackPointExtension><gpxtpx:bearing>142.57</gpxtpx:bearing><gpxtpx:speed>28.329796</gpxtpx:speed></gpxtpx:TrackPointExtension></extensions><geoidheight>-29.0</geoidheight><src>gps</src><sat>13</sat><hdop>0.79</hdop><vdop>1.04</vdop><pdop>1.30</pdop><dgpsid>0000</dgpsid></trkpt>
<trkpt lat="38.55173883333334" lon="-122.81333966666668"><ele>36.6</ele><time>2026-09-24T21:47:14.000Z</time><extensions><gpxtpx:TrackPointExtension><gpxtpx:bearing>138.32</gpxtpx:bearing><gpxtpx:speed>28.346268</gpxtpx:speed></gpxtpx:TrackPointExtension></extensions><geoidheight>-29.0</geoidheight><src>gps</src><sat>13</sat><hdop>0.76</hdop><vdop>1.03</vdop><pdop>1.28</pdop><dgpsid>0000</dgpsid></trkpt>
<trkpt lat="38.5496385" lon="-122.81091283333332"><ele>35.0</ele><time>2026-09-24T21:47:25.000Z</time><extensions><gpxtpx:TrackPointExtension><gpxtpx:bearing>138.05</gpxtpx:bearing><gpxtpx:speed>28.869225</gpxtpx:speed></gpxtpx:TrackPointExtension></extensions><geoidheight>-29.0</geoidheight><src>gps</src><sat>13</sat><hdop>0.76</hdop><vdop>1.03</vdop><pdop>1.28</pdop><dgpsid>0000</dgpsid></trkpt>
<trkpt lat="38.547451" lon="-122.808709"><ele>38.6</ele><time>2026-09-24T21:47:36.000Z</time><extensions><gpxtpx:TrackPointExtension><gpxtpx:bearing>146.15</gpxtpx:bearing><gpxtpx:speed>27.282852</gpxtpx:speed></gpxtpx:TrackPointExtension></extensions><geoidheight>-29.0</geoidheight><src>gps</src><sat>11</sat><hdop>1.01</hdop><vdop>1.26</vdop><pdop>1.62</pdop><dgpsid>0000</dgpsid></trkpt>
<trkpt lat="38.54502933333333" lon="-122.80700866666666"><ele>34.6</ele><time>2026-09-24T21:47:47.000Z</time><extensions><gpxtpx:TrackPointExtension><gpxtpx:bearing>155.07</gpxtpx:bearing><gpxtpx:speed>28.63966</gpxtpx:speed></gpxtpx:TrackPointExtension></extensions><geoidheight>-29.0</geoidheight><src>gps</src><sat>13</sat><hdop>0.82</hdop><vdop>1.05</vdop><pdop>1.33</pdop><dgpsid>0000</dgpsid></trkpt>
<trkpt lat="38.542541666666665" lon="-122.80544233333333"><ele>33.5</ele><time>2026-09-24T21:47:58.000Z</time><extensions><gpxtpx:TrackPointExtension><gpxtpx:bearing>151.84</gpxtpx:bearing><gpxtpx:speed>28.107437</gpxtpx:speed></gpxtpx:TrackPointExtension></extensions><geoidheight>-29.0</geoidheight><src>gps</src><sat>13</sat><hdop>0.83</hdop><vdop>1.12</vdop><pdop>1.40</pdop><dgpsid>0000</dgpsid></trkpt>
<trkpt lat="38.540200166666665" lon="-122.80347083333332"><ele>33.9</ele><time>2026-09-24T21:48:09.000Z</time><extensions><gpxtpx:TrackPointExtension><gpxtpx:bearing>144.36</gpxtpx:bearing><gpxtpx:speed>28.15479</gpxtpx:speed></gpxtpx:TrackPointExtension></extensions><geoidheight>-29.0</geoidheight><src>gps</src><sat>13</sat><hdop>0.73</hdop><vdop>1.01</vdop><pdop>1.25</pdop><dgpsid>0000</dgpsid></trkpt>
<trkpt lat="38.537953" lon="-122.80140699999998"><ele>34.5</ele><time>2026-09-24T21:48:20.000Z</time><extensions><gpxtpx:TrackPointExtension><gpxtpx:bearing>144.52</gpxtpx:bearing><gpxtpx:speed>27.826912</gpxtpx:speed></gpxtpx:TrackPointExtension></extensions><geoidheight>-29.0</geoidheight><src>gps</src><sat>14</sat><hdop>0.79</hdop><vdop>1.09</vdop><pdop>1.35</pdop><dgpsid>0000</dgpsid></trkpt>
<trkpt lat="38.535692000000004" lon="-122.79932516666668"><ele>35.5</ele><time>2026-09-24T21:48:31.000Z</time><extensions><gpxtpx:TrackPointExtension><gpxtpx:bearing>144.19</gpxtpx:bearing><gpxtpx:speed>28.18619</gpxtpx:speed></gpxtpx:TrackPointExtension></extensions><geoidheight>-29.0</geoidheight><src>gps</src><sat>14</sat><hdop>0.73</hdop><vdop>1.01</vdop><pdop>1.25</pdop><dgpsid>0000</dgpsid></trkpt>
<trkpt lat="38.5334285" lon="-122.79725033333334"><ele>35.9</ele><time>2026-09-24T21:48:42.000Z</time><extensions><gpxtpx:TrackPointExtension><gpxtpx:bearing>144.1</gpxtpx:bearing><gpxtpx:speed>28.085817</gpxtpx:speed></gpxtpx:TrackPointExtension></extensions><geoidheight>-29.0</geoidheight><src>gps</src><sat>14</sat><hdop>0.73</hdop><vdop>1.01</vdop><pdop>1.24</pdop><dgpsid>0000</dgpsid></trkpt>
<trkpt lat="38.53118766666667" lon="-122.795203"><ele>35.2</ele><time>2026-09-24T21:48:53.000Z</time><extensions><gpxtpx:TrackPointExtension><gpxtpx:bearing>144.32</gpxtpx:bearing><gpxtpx:speed>27.636465</gpxtpx:speed></gpxtpx:TrackPointExtension></extensions><geoidheight>-29.0</geoidheight><src>gps</src><sat>14</sat><hdop>0.73</hdop><vdop>1.00</vdop><pdop>1.24</pdop><dgpsid>0000</dgpsid></trkpt>
<trkpt lat="38.528969999999994" lon="-122.79316716666666"><ele>34.4</ele><time>2026-09-24T21:49:04.000Z</time><extensions><gpxtpx:TrackPointExtension><gpxtpx:bearing>144.27</gpxtpx:bearing><gpxtpx:speed>27.337412</gpxtpx:speed></gpxtpx:TrackPointExtension></extensions><geoidheight>-29.0</geoidheight><src>gps</src><sat>14</sat><hdop>0.73</hdop><vdop>1.00</vdop><pdop>1.24</pdop><dgpsid>0000</dgpsid></trkpt>
<trkpt lat="38.526768" lon="-122.79113733333334"><ele>33.9</ele><time>2026-09-24T21:49:15.000Z</time><extensions><gpxtpx:TrackPointExtension><gpxtpx:bearing>142.68</gpxtpx:bearing><gpxtpx:speed>27.861399</gpxtpx:speed></gpxtpx:TrackPointExtension></extensions><geoidheight>-29.0</geoidheight><src>gps</src><sat>14</sat><hdop>0.73</hdop><vdop>1.00</vdop><pdop>1.24</pdop><dgpsid>0000</dgpsid></trkpt>
<trkpt lat="38.52449" lon="-122.7890245"><ele>33.7</ele><time>2026-09-24T21:49:26.000Z</time><extensions><gpxtpx:TrackPointExtension><gpxtpx:bearing>144.29</gpxtpx:bearing><gpxtpx:speed>28.925844</gpxtpx:speed></gpxtpx:TrackPointExtension></extensions><geoidheight>-29.0</geoidheight><src>gps</src><sat>13</sat><hdop>0.76</hdop><vdop>1.02</vdop><pdop>1.27</pdop><dgpsid>0000</dgpsid></trkpt>
<trkpt lat="38.52216283333333" lon="-122.78688616666668"><ele>34.1</ele><time>2026-09-24T21:49:37.000Z</time><extensions><gpxtpx:TrackPointExtension><gpxtpx:bearing>144.42</gpxtpx:bearing><gpxtpx:speed>29.345343</gpxtpx:speed></gpxtpx:TrackPointExtension></extensions><geoidheight>-29.1</geoidheight><src>gps</src><sat>14</sat><hdop>0.73</hdop><vdop>1.00</vdop><pdop>1.24</pdop><dgpsid>0000</dgpsid></trkpt>
<trkpt lat="38.51978116666667" lon="-122.78470399999999"><ele>34.6</ele><time>2026-09-24T21:49:48.000Z</time><extensions><gpxtpx:TrackPointExtension><gpxtpx:bearing>144.33</gpxtpx:bearing><gpxtpx:speed>29.64594</gpxtpx:speed></gpxtpx:TrackPointExtension></extensions><geoidheight>-29.1</geoidheight><src>gps</src><sat>14</sat><hdop>0.73</hdop><vdop>1.00</vdop><pdop>1.24</pdop><dgpsid>0000</dgpsid></trkpt>
<trkpt lat="38.5174505" lon="-122.78257316666668"><ele>34.6</ele><time>2026-09-24T21:49:59.000Z</time><extensions><gpxtpx:TrackPointExtension><gpxtpx:bearing>144.67</gpxtpx:bearing><gpxtpx:speed>28.393621</gpxtpx:speed></gpxtpx:TrackPointExtension></extensions><geoidheight>-29.1</geoidheight><src>gps</src><sat>14</sat><hdop>0.73</hdop><vdop>1.00</vdop><pdop>1.24</pdop><dgpsid>0000</dgpsid></trkpt>
<trkpt lat="38.515208333333334" lon="-122.78048266666669"><ele>35.7</ele><time>2026-09-24T21:50:10.000Z</time><extensions><gpxtpx:TrackPointExtension><gpxtpx:bearing>142.27</gpxtpx:bearing><gpxtpx:speed>28.0642</gpxtpx:speed></gpxtpx:TrackPointExtension></extensions><geoidheight>-29.1</geoidheight><src>gps</src><sat>13</sat><hdop>0.79</hdop><vdop>1.08</vdop><pdop>1.34</pdop><dgpsid>0000</dgpsid></trkpt>
<trkpt lat="38.51314466666667" lon="-122.77812416666666"><ele>37.7</ele><time>2026-09-24T21:50:21.000Z</time><extensions><gpxtpx:TrackPointExtension><gpxtpx:bearing>135.54</gpxtpx:bearing><gpxtpx:speed>27.715733</gpxtpx:speed></gpxtpx:TrackPointExtension></extensions><geoidheight>-29.1</geoidheight><src>gps</src><sat>14</sat><hdop>0.73</hdop><vdop>1.00</vdop><pdop>1.24</pdop><dgpsid>0000</dgpsid></trkpt>
<trkpt lat="38.511226666666666" lon="-122.77570516666668"><ele>38.5</ele><time>2026-09-24T21:50:32.000Z</time><extensions><gpxtpx:TrackPointExtension><gpxtpx:bearing>134.93</gpxtpx:bearing><gpxtpx:speed>25.82979</gpxtpx:speed></gpxtpx:TrackPointExtension></extensions><geoidheight>-29.1</geoidheight><src>gps</src><sat>14</sat><hdop>0.79</hdop><vdop>0.95</vdop><pdop>1.24</pdop><dgpsid>0000</dgpsid></trkpt>
<trkpt lat="38.509434166666665" lon="-122.773454"><ele>40.5</ele><time>2026-09-24T21:50:43.000Z</time><extensions><gpxtpx:TrackPointExtension><gpxtpx:bearing>135.45</gpxtpx:bearing><gpxtpx:speed>24.418423</gpxtpx:speed></gpxtpx:TrackPointExtension></extensions><geoidheight>-29.1</geoidheight><src>gps</src><sat>14</sat><hdop>0.73</hdop><vdop>0.94</vdop><pdop>1.19</pdop><dgpsid>0000</dgpsid></trkpt>
<trkpt lat="38.507801" lon="-122.77141150000001"><ele>40.8</ele><time>2026-09-24T21:50:54.000Z</time><extensions><gpxtpx:TrackPointExtension><gpxtpx:bearing>135.35</gpxtpx:bearing><gpxtpx:speed>22.547407</gpxtpx:speed></gpxtpx:TrackPointExtension></extensions><geoidheight>-29.1</geoidheight><src>gps</src><sat>14</sat><hdop>0.73</hdop><vdop>0.93</vdop><pdop>1.19</pdop><dgpsid>0000</dgpsid></trkpt>
<trkpt lat="38.50613283333333" lon="-122.76930933333333"><ele>39.0</ele><time>2026-09-24T21:51:05.000Z</time><extensions><gpxtpx:TrackPointExtension><gpxtpx:bearing>135.47</gpxtpx:bearing><gpxtpx:speed>24.305183</gpxtpx:speed></gpxtpx:TrackPointExtension></extensions><geoidheight>-29.1</geoidheight><src>gps</src><sat>14</sat><hdop>0.73</hdop><vdop>0.93</vdop><pdop>1.19</pdop><dgpsid>0000</dgpsid></trkpt>
<trkpt lat="38.504437" lon="-122.76717500000001"><ele>40.2</ele><time>2026-09-24T21:51:16.000Z</time><extensions><gpxtpx:TrackPointExtension><gpxtpx:bearing>135.33</gpxtpx:bearing><gpxtpx:speed>23.9212</gpxtpx:speed></gpxtpx:TrackPointExtension></extensions><geoidheight>-29.1</geoidheight><src>gps</src><sat>14</sat><hdop>0.76</hdop><vdop>0.94</vdop><pdop>1.21</pdop><dgpsid>0000</dgpsid></trkpt>
<trkpt lat="38.50273933333334" lon="-122.76505549999999"><ele>40.8</ele><time>2026-09-24T21:51:27.000Z</time><extensions><gpxtpx:TrackPointExtension><gpxtpx:bearing>135.64</gpxtpx:bearing><gpxtpx:speed>24.56975</gpxtpx:speed></gpxtpx:TrackPointExtension></extensions><geoidheight>-29.1</geoidheight><src>gps</src><sat>13</sat><hdop>0.83</hdop><vdop>1.05</vdop><pdop>1.33</pdop><dgpsid>0000</dgpsid></trkpt>
<trkpt lat="38.50096133333333" lon="-122.76282833333335"><ele>39.9</ele><time>2026-09-24T21:51:38.000Z</time><extensions><gpxtpx:TrackPointExtension><gpxtpx:bearing>135.7</gpxtpx:bearing><gpxtpx:speed>25.933764</gpxtpx:speed></gpxtpx:TrackPointExtension></extensions><geoidheight>-29.1</geoidheight><src>gps</src><sat>14</sat><hdop>0.76</hdop><vdop>0.94</vdop><pdop>1.21</pdop><dgpsid>0000</dgpsid></trkpt>
<trkpt lat="38.49908366666667" lon="-122.760459"><ele>41.6</ele><time>2026-09-24T21:51:49.000Z</time><extensions><gpxtpx:TrackPointExtension><gpxtpx:bearing>134.34</gpxtpx:bearing><gpxtpx:speed>27.213879</gpxtpx:speed></gpxtpx:TrackPointExtension></extensions><geoidheight>-29.1</geoidheight><src>gps</src><sat>14</sat><hdop>0.76</hdop><vdop>0.94</vdop><pdop>1.21</pdop><dgpsid>0000</dgpsid></trkpt>
<trkpt lat="38.497223166666664" lon="-122.75787183333333"><ele>43.7</ele><time>2026-09-24T21:52:00.000Z</time><extensions><gpxtpx:TrackPointExtension><gpxtpx:bearing>131.99</gpxtpx:bearing><gpxtpx:speed>28.463625</gpxtpx:speed></gpxtpx:TrackPointExtension></extensions><geoidheight>-29.1</geoidheight><src>gps</src><sat>14</sat><hdop>0.76</hdop><vdop>0.94</vdop><pdop>1.21</pdop><dgpsid>0000</dgpsid></trkpt>
<trkpt lat="38.495341333333336" lon="-122.7552215"><ele>44.0</ele><time>2026-09-24T21:52:11.000Z</time><extensions><gpxtpx:TrackPointExtension><gpxtpx:bearing>132.49</gpxtpx:bearing><gpxtpx:speed>27.907724</gpxtpx:speed></gpxtpx:TrackPointExtension></extensions><geoidheight>-29.1</geoidheight><src>gps</src><sat>14</sat><hdop>0.76</hdop><vdop>0.94</vdop><pdop>1.21</pdop><dgpsid>0000</dgpsid></trkpt>
<trkpt lat="38.493479" lon="-122.75259983333332"><ele>44.5</ele><time>2026-09-24T21:52:22.000Z</time><extensions><gpxtpx:TrackPointExtension><gpxtpx:bearing>132.04</gpxtpx:bearing><gpxtpx:speed>28.139349</gpxtpx:speed></gpxtpx:TrackPointExtension></extensions><geoidheight>-29.1</geoidheight><src>gps</src><sat>14</sat><hdop>0.76</hdop><vdop>0.94</vdop><pdop>1.21</pdop><dgpsid>0000</dgpsid></trkpt>
<trkpt lat="38.4915995" lon="-122.74993783333333"><ele>46.6</ele><time>2026-09-24T21:52:33.000Z</time><extensions><gpxtpx:TrackPointExtension><gpxtpx:bearing>130.86</gpxtpx:bearing><gpxtpx:speed>28.97989</gpxtpx:speed></gpxtpx:TrackPointExtension></extensions><geoidheight>-29.1</geoidheight><src>gps</src><sat>14</sat><hdop>1.01</hdop><vdop>1.30</vdop><pdop>1.64</pdop><dgpsid>0000</dgpsid></trkpt>
<trkpt lat="38.48970116666667" lon="-122.74726066666666"><ele>47.3</ele><time>2026-09-24T21:52:44.000Z</time><extensions><gpxtpx:TrackPointExtension><gpxtpx:bearing>132.04</gpxtpx:bearing><gpxtpx:speed>27.905664</gpxtpx:speed></gpxtpx:TrackPointExtension></extensions><geoidheight>-29.1</geoidheight><src>gps</src><sat>14</sat><hdop>0.79</hdop><vdop>0.94</vdop><pdop>1.23</pdop><dgpsid>0000</dgpsid></trkpt>
<trkpt lat="38.48797616666666" lon="-122.744811"><ele>47.2</ele><time>2026-09-24T21:52:55.000Z</time><extensions><gpxtpx:TrackPointExtension><gpxtpx:bearing>131.86</gpxtpx:bearing><gpxtpx:speed>24.160032</gpxtpx:speed></gpxtpx:TrackPointExtension></extensions><geoidheight>-29.1</geoidheight><src>gps</src><sat>14</sat><hdop>0.76</hdop><vdop>0.94</vdop><pdop>1.20</pdop><dgpsid>0000</dgpsid></trkpt>
<trkpt lat="38.48633783333333" lon="-122.74250933333333"><ele>46.0</ele><time>2026-09-24T21:53:06.000Z</time><extensions><gpxtpx:TrackPointExtension><gpxtpx:bearing>131.86</gpxtpx:bearing><gpxtpx:speed>25.411837</gpxtpx:speed></gpxtpx:TrackPointExtension></extensions><geoidheight>-29.1</geoidheight><src>gps</src><sat>14</sat><hdop>0.76</hdop><vdop>0.94</vdop><pdop>1.20</pdop><dgpsid>0000</dgpsid></trkpt>
<trkpt lat="38.48466133333333" lon="-122.74014383333333"><ele>45.2</ele><time>2026-09-24T21:53:17.000Z</time><extensions><gpxtpx:TrackPointExtension><gpxtpx:bearing>131.86</gpxtpx:bearing><gpxtpx:speed>25.527134</gpxtpx:speed></gpxtpx:TrackPointExtension></extensions><geoidheight>-29.1</geoidheight><src>gps</src><sat>14</sat><hdop>0.76</hdop><vdop>0.93</vdop><pdop>1.20</pdop><dgpsid>0000</dgpsid></trkpt>
<trkpt lat="38.483010166666666" lon="-122.73782016666668"><ele>44.3</ele><time>2026-09-24T21:53:28.000Z</time><extensions><gpxtpx:TrackPointExtension><gpxtpx:bearing>131.9</gpxtpx:bearing><gpxtpx:speed>25.052046</gpxtpx:speed></gpxtpx:TrackPointExtension></extensions><geoidheight>-29.1</geoidheight><src>gps</src><sat>13</sat><hdop>1.01</hdop><vdop>1.29</vdop><pdop>1.64</pdop><dgpsid>0000</dgpsid></trkpt>
<trkpt lat="38.48132316666667" lon="-122.735455"><ele>45.9</ele><time>2026-09-24T21:53:39.000Z</time><extensions><gpxtpx:TrackPointExtension><gpxtpx:bearing>132.78</gpxtpx:bearing><gpxtpx:speed>25.831335</gpxtpx:speed></gpxtpx:TrackPointExtension></extensions><geoidheight>-29.1</geoidheight><src>gps</src><sat>14</sat><hdop>0.76</hdop><vdop>0.93</vdop><pdop>1.20</pdop><dgpsid>0000</dgpsid></trkpt>
<trkpt lat="38.479271000000004" lon="-122.7333775"><ele>43.5</ele><time>2026-09-24T21:53:50.000Z</time><extensions><gpxtpx:TrackPointExtension><gpxtpx:bearing>150.39</gpxtpx:bearing><gpxtpx:speed>27.197922</gpxtpx:speed></gpxtpx:TrackPointExtension></extensions><geoidheight>-29.1</geoidheight><src>gps</src><sat>14</sat><hdop>0.76</hdop><vdop>0.93</vdop><pdop>1.20</pdop><dgpsid>0000</dgpsid></trkpt>
<trkpt lat="38.47690816666667" lon="-122.73218933333334"><ele>42.3</ele><time>2026-09-24T21:54:01.000Z</time><extensions><gpxtpx:TrackPointExtension><gpxtpx:bearing>161.29</gpxtpx:bearing><gpxtpx:speed>21.737234</gpxtpx:speed></gpxtpx:TrackPointExtension></extensions><geoidheight>-29.1</geoidheight><src>gps</src><sat>14</sat><hdop>0.76</hdop><vdop>0.93</vdop><pdop>1.20</pdop><dgpsid>0000</dgpsid></trkpt>
<trkpt lat="38.47519366666667" lon="-122.73146899999999"><ele>43.5</ele><time>2026-09-24T21:54:12.000Z</time><extensions><gpxtpx:TrackPointExtension><gpxtpx:bearing>161.43</gpxtpx:bearing><gpxtpx:speed>13.545945</gpxtpx:speed></gpxtpx:TrackPointExtension></extensions><geoidheight>-29.1</geoidheight><src>gps</src><sat>14</sat><hdop>0.76</hdop><vdop>0.93</vdop><pdop>1.20</pdop><dgpsid>0000</dgpsid></trkpt>
<trkpt lat="38.474013666666664" lon="-122.73096983333335"><ele>45.5</ele><time>2026-09-24T21:54:23.000Z</time><extensions><gpxtpx:TrackPointExtension><gpxtpx:bearing>161.62</gpxtpx:bearing><gpxtpx:speed>13.252553</gpxtpx:speed></gpxtpx:TrackPointExtension></extensions><geoidheight>-29.1</geoidheight><src>gps</src><sat>13</sat><hdop>0.76</hdop><vdop>0.99</vdop><pdop>1.24</pdop><dgpsid>0000</dgpsid></trkpt>
<trkpt lat="38.47286066666666" lon="-122.73048116666665"><ele>45.0</ele><time>2026-09-24T21:54:34.000Z</time><extensions><gpxtpx:TrackPointExtension><gpxtpx:bearing>161.56</gpxtpx:bearing><gpxtpx:speed>11.136015</gpxtpx:speed></gpxtpx:TrackPointExtension></extensions><geoidheight>-29.1</geoidheight><src>gps</src><sat>13</sat><hdop>0.76</hdop><vdop>0.99</vdop><pdop>1.24</pdop><dgpsid>0000</dgpsid></trkpt>
<trkpt lat="38.471757499999995" lon="-122.7300125"><ele>45.1</ele><time>2026-09-24T21:54:45.000Z</time><extensions><gpxtpx:TrackPointExtension><gpxtpx:bearing>161.21</gpxtpx:bearing><gpxtpx:speed>12.259139</gpxtpx:speed></gpxtpx:TrackPointExtension></extensions><geoidheight>-29.1</geoidheight><src>gps</src><sat>11</sat><hdop>0.82</hdop><vdop>1.10</vdop><pdop>1.37</pdop><dgpsid>0000</dgpsid></trkpt>
<trkpt lat="38.47053433333333" lon="-122.7294945"><ele>45.3</ele><time>2026-09-24T21:54:56.000Z</time><extensions><gpxtpx:TrackPointExtension><gpxtpx:bearing>159.84</gpxtpx:bearing><gpxtpx:speed>15.332545</gpxtpx:speed></gpxtpx:TrackPointExtension></extensions><geoidheight>-29.1</geoidheight><src>gps</src><sat>13</sat><hdop>0.76</hdop><vdop>0.98</vdop><pdop>1.24</pdop><dgpsid>0000</dgpsid></trkpt>
<trkpt lat="38.4689325" lon="-122.72882366666666"><ele>46.7</ele><time>2026-09-24T21:55:07.000Z</time><extensions><gpxtpx:TrackPointExtension><gpxtpx:bearing>161.72</gpxtpx:bearing><gpxtpx:speed>17.184517</gpxtpx:speed></gpxtpx:TrackPointExtension></extensions><geoidheight>-29.1</geoidheight><src>gps</src><sat>13</sat><hdop>0.76</hdop><vdop>0.98</vdop><pdop>1.24</pdop><dgpsid>0000</dgpsid></trkpt>
<trkpt lat="38.4676905" lon="-122.72830066666666"><ele>46.5</ele><time>2026-09-24T21:55:18.000Z</time><extensions><gpxtpx:TrackPointExtension><gpxtpx:bearing>162.1</gpxtpx:bearing><gpxtpx:speed>7.6811996</gpxtpx:speed></gpxtpx:TrackPointExtension></extensions><geoidheight>-29.1</geoidheight><src>gps</src><sat>13</sat><hdop>0.76</hdop><vdop>0.98</vdop><pdop>1.24</pdop><dgpsid>0000</dgpsid></trkpt>
<trkpt lat="38.467340166666666" lon="-122.72815333333334"><ele>45.7</ele><time>2026-09-24T21:55:29.000Z</time><extensions><gpxtpx:TrackPointExtension><gpxtpx:bearing>162.07</gpxtpx:bearing><gpxtpx:speed>3.3714306</gpxtpx:speed></gpxtpx:TrackPointExtension></extensions><geoidheight>-29.1</geoidheight><src>gps</src><sat>13</sat><hdop>0.76</hdop><vdop>0.98</vdop><pdop>1.24</pdop><dgpsid>0000</dgpsid></trkpt>
<trkpt lat="38.466907" lon="-122.72797683333334"><ele>44.6</ele><time>2026-09-24T21:55:40.000Z</time><extensions><gpxtpx:TrackPointExtension><gpxtpx:bearing>161.63</gpxtpx:bearing><gpxtpx:speed>7.9220896</gpxtpx:speed></gpxtpx:TrackPointExtension></extensions><geoidheight>-29.1</geoidheight><src>gps</src><sat>13</sat><hdop>0.76</hdop><vdop>0.98</vdop><pdop>1.24</pdop><dgpsid>0000</dgpsid></trkpt>
<trkpt lat="38.46606583333333" lon="-122.72762116666667"><ele>43.7</ele><time>2026-09-24T21:55:51.000Z</time><extensions><gpxtpx:TrackPointExtension><gpxtpx:bearing>161.32</gpxtpx:bearing><gpxtpx:speed>11.422201</gpxtpx:speed></gpxtpx:TrackPointExtension></extensions><geoidheight>-29.1</geoidheight><src>gps</src><sat>14</sat><hdop>0.72</hdop><vdop>0.96</vdop><pdop>1.20</pdop><dgpsid>0000</dgpsid></trkpt>
<trkpt lat="38.46493066666667" lon="-122.72713833333334"><ele>44.0</ele><time>2026-09-24T21:56:02.000Z</time><extensions><gpxtpx:TrackPointExtension><gpxtpx:bearing>162.05</gpxtpx:bearing><gpxtpx:speed>11.090205</gpxtpx:speed></gpxtpx:TrackPointExtension></extensions><geoidheight>-29.1</geoidheight><src>gps</src><sat>13</sat><hdop>0.76</hdop><vdop>1.03</vdop><pdop>1.28</pdop><dgpsid>0000</dgpsid></trkpt>
<trkpt lat="38.46374866666667" lon="-122.72675283333335"><ele>43.0</ele><time>2026-09-24T21:56:13.000Z</time><extensions><gpxtpx:TrackPointExtension><gpxtpx:bearing>168.79</gpxtpx:bearing><gpxtpx:speed>11.631178</gpxtpx:speed></gpxtpx:TrackPointExtension></extensions><geoidheight>-29.1</geoidheight><src>gps</src><sat>13</sat><hdop>0.76</hdop><vdop>1.03</vdop><pdop>1.28</pdop><dgpsid>0000</dgpsid></trkpt>
<trkpt lat="38.46263416666667" lon="-122.72659116666667"><ele>43.7</ele><time>2026-09-24T21:56:24.000Z</time><extensions><gpxtpx:TrackPointExtension><gpxtpx:bearing>176.22</gpxtpx:bearing><gpxtpx:speed>11.856112</gpxtpx:speed></gpxtpx:TrackPointExtension></extensions><geoidheight>-29.1</geoidheight><src>gps</src><sat>14</sat><hdop>0.72</hdop><vdop>0.95</vdop><pdop>1.19</pdop><dgpsid>0000</dgpsid></trkpt>
<trkpt lat="38.461417833333336" lon="-122.72650533333332"><ele>48.6</ele><time>2026-09-24T21:56:35.000Z</time><extensions><gpxtpx:TrackPointExtension><gpxtpx:bearing>176.64</gpxtpx:bearing><gpxtpx:speed>13.325129</gpxtpx:speed></gpxtpx:TrackPointExtension></extensions><geoidheight>-29.1</geoidheight><src>gps</src><sat>14</sat><hdop>0.72</hdop><vdop>0.95</vdop><pdop>1.19</pdop><dgpsid>0000</dgpsid></trkpt>
<trkpt lat="38.459893" lon="-122.72639766666667"><ele>51.4</ele><time>2026-09-24T21:56:46.000Z</time><extensions><gpxtpx:TrackPointExtension><gpxtpx:bearing>176.45</gpxtpx:bearing><gpxtpx:speed>17.335844</gpxtpx:speed></gpxtpx:TrackPointExtension></extensions><geoidheight>-29.1</geoidheight><src>gps</src><sat>14</sat><hdop>0.72</hdop><vdop>0.95</vdop><pdop>1.19</pdop><dgpsid>0000</dgpsid></trkpt>
<trkpt lat="38.45800016666667" lon="-122.72626666666665"><ele>48.6</ele><time>2026-09-24T21:56:57.000Z</time><extensions><gpxtpx:TrackPointExtension><gpxtpx:bearing>176.87</gpxtpx:bearing><gpxtpx:speed>19.562532</gpxtpx:speed></gpxtpx:TrackPointExtension></extensions><geoidheight>-29.1</geoidheight><src>gps</src><sat>13</sat><hdop>0.76</hdop><vdop>1.03</vdop><pdop>1.28</pdop><dgpsid>0000</dgpsid></trkpt>
<trkpt lat="38.45647183333333" lon="-122.72616833333335"><ele>45.8</ele><time>2026-09-24T21:57:08.000Z</time><extensions><gpxtpx:TrackPointExtension><gpxtpx:bearing>178.17</gpxtpx:bearing><gpxtpx:speed>12.869599</gpxtpx:speed></gpxtpx:TrackPointExtension></extensions><geoidheight>-29.1</geoidheight><src>gps</src><sat>14</sat><hdop>0.76</hdop><vdop>1.02</vdop><pdop>1.28</pdop><dgpsid>0000</dgpsid></trkpt>
<trkpt lat="38.45528783333334" lon="-122.72616033333334"><ele>47.2</ele><time>2026-09-24T21:57:19.000Z</time><extensions><gpxtpx:TrackPointExtension><gpxtpx:bearing>180.33</gpxtpx:bearing><gpxtpx:speed>14.107507</gpxtpx:speed></gpxtpx:TrackPointExtension></extensions><geoidheight>-29.1</geoidheight><src>gps</src><sat>14</sat><hdop>0.72</hdop><vdop>0.95</vdop><pdop>1.19</pdop><dgpsid>0000</dgpsid></trkpt>
<trkpt lat="38.454025666666666" lon="-122.72619683333332"><ele>47.1</ele><time>2026-09-24T21:57:30.000Z</time><extensions><gpxtpx:TrackPointExtension><gpxtpx:bearing>181.1</gpxtpx:bearing><gpxtpx:speed>10.8760805</gpxtpx:speed></gpxtpx:TrackPointExtension></extensions><geoidheight>-29.1</geoidheight><src>gps</src><sat>13</sat><hdop>0.73</hdop><vdop>0.96</vdop><pdop>1.21</pdop><dgpsid>0000</dgpsid></trkpt>
<trkpt lat="38.45287416666667" lon="-122.72623166666666"><ele>46.5</ele><time>2026-09-24T21:57:41.000Z</time><extensions><gpxtpx:TrackPointExtension><gpxtpx:bearing>180.14</gpxtpx:bearing><gpxtpx:speed>11.26521</gpxtpx:speed></gpxtpx:TrackPointExtension></extensions><geoidheight>-29.1</geoidheight><src>gps</src><sat>12</sat><hdop>0.76</hdop><vdop>0.97</vdop><pdop>1.23</pdop><dgpsid>0000</dgpsid></trkpt>
<trkpt lat="38.452049" lon="-122.72624883333334"><ele>47.3</ele><time>2026-09-24T21:57:52.000Z</time><extensions><gpxtpx:TrackPointExtension><gpxtpx:bearing>181.84</gpxtpx:bearing><gpxtpx:speed>5.9527626</gpxtpx:speed></gpxtpx:TrackPointExtension></extensions><geoidheight>-29.1</geoidheight><src>gps</src><sat>12</sat><hdop>0.78</hdop><vdop>0.98</vdop><pdop>1.26</pdop><dgpsid>0000</dgpsid></trkpt>
<trkpt lat="38.45130116666667" lon="-122.72627016666665"><ele>47.1</ele><time>2026-09-24T21:58:03.000Z</time><extensions><gpxtpx:TrackPointExtension><gpxtpx:bearing>181.36</gpxtpx:bearing><gpxtpx:speed>9.727221</gpxtpx:speed></gpxtpx:TrackPointExtension></extensions><geoidheight>-29.1</geoidheight><src>gps</src><sat>12</sat><hdop>0.76</hdop><vdop>0.97</vdop><pdop>1.23</pdop><dgpsid>0000</dgpsid></trkpt>
<trkpt lat="38.450128666666664" lon="-122.72620566666667"><ele>47.1</ele><time>2026-09-24T21:58:14.000Z</time><extensions><gpxtpx:TrackPointExtension><gpxtpx:bearing>173.77</gpxtpx:bearing><gpxtpx:speed>14.114198</gpxtpx:speed></gpxtpx:TrackPointExtension></extensions><geoidheight>-29.1</geoidheight><src>gps</src><sat>13</sat><hdop>0.87</hdop><vdop>1.10</vdop><pdop>1.40</pdop><dgpsid>0000</dgpsid></trkpt>
<trkpt lat="38.448943" lon="-122.72593066666668"><ele>46.0</ele><time>2026-09-24T21:58:25.000Z</time><extensions><gpxtpx:TrackPointExtension><gpxtpx:bearing>165.62</gpxtpx:bearing><gpxtpx:speed>8.82028</gpxtpx:speed></gpxtpx:TrackPointExtension></extensions><geoidheight>-29.1</geoidheight><src>gps</src><sat>14</sat><hdop>0.75</hdop><vdop>0.93</vdop><pdop>1.19</pdop><dgpsid>0000</dgpsid></trkpt>
<trkpt lat="38.44834216666666" lon="-122.72569616666667"><ele>45.8</ele><time>2026-09-24T21:58:36.000Z</time><extensions><gpxtpx:TrackPointExtension><gpxtpx:bearing>160.53</gpxtpx:bearing><gpxtpx:speed>5.0427337</gpxtpx:speed></gpxtpx:TrackPointExtension></extensions><geoidheight>-29.1</geoidheight><src>gps</src><sat>14</sat><hdop>0.71</hdop><vdop>0.89</vdop><pdop>1.14</pdop><dgpsid>0000</dgpsid></trkpt>
<trkpt lat="38.447706499999995" lon="-122.72536833333334"><ele>45.6</ele><time>2026-09-24T21:58:47.000Z</time><extensions><gpxtpx:TrackPointExtension><gpxtpx:bearing>156.38</gpxtpx:bearing><gpxtpx:speed>10.411801</gpxtpx:speed></gpxtpx:TrackPointExtension></extensions><geoidheight>-29.1</geoidheight><src>gps</src><sat>14</sat><hdop>0.71</hdop><vdop>0.89</vdop><pdop>1.14</pdop><dgpsid>0000</dgpsid></trkpt>
<trkpt lat="38.44661816666667" lon="-122.72465333333334"><ele>47.4</ele><time>2026-09-24T21:58:58.000Z</time><extensions><gpxtpx:TrackPointExtension><gpxtpx:bearing>151.52</gpxtpx:bearing><gpxtpx:speed>12.534</gpxtpx:speed></gpxtpx:TrackPointExtension></extensions><geoidheight>-29.1</geoidheight><src>gps</src><sat>14</sat><hdop>0.71</hdop><vdop>0.89</vdop><pdop>1.14</pdop><dgpsid>0000</dgpsid></trkpt>
<trkpt lat="38.445536" lon="-122.72390666666666"><ele>50.6</ele><time>2026-09-24T21:59:09.000Z</time><extensions><gpxtpx:TrackPointExtension><gpxtpx:bearing>151.6</gpxtpx:bearing><gpxtpx:speed>11.218885</gpxtpx:speed></gpxtpx:TrackPointExtension></extensions><geoidheight>-29.1</geoidheight><src>gps</src><sat>14</sat><hdop>0.73</hdop><vdop>0.90</vdop><pdop>1.16</pdop><dgpsid>0000</dgpsid></trkpt>
<trkpt lat="38.44462933333333" lon="-122.72328366666667"><ele>49.8</ele><time>2026-09-24T21:59:20.000Z</time><extensions><gpxtpx:TrackPointExtension><gpxtpx:bearing>151.45</gpxtpx:bearing><gpxtpx:speed>12.374437</gpxtpx:speed></gpxtpx:TrackPointExtension></extensions><geoidheight>-29.1</geoidheight><src>gps</src><sat>14</sat><hdop>0.71</hdop><vdop>0.89</vdop><pdop>1.14</pdop><dgpsid>0000</dgpsid></trkpt>
<trkpt lat="38.443335166666664" lon="-122.72237650000001"><ele>49.9</ele><time>2026-09-24T21:59:31.000Z</time><extensions><gpxtpx:TrackPointExtension><gpxtpx:bearing>151.89</gpxtpx:bearing><gpxtpx:speed>16.839138</gpxtpx:speed></gpxtpx:TrackPointExtension></extensions><geoidheight>-29.1</geoidheight><src>gps</src><sat>14</sat><hdop>0.71</hdop><vdop>0.89</vdop><pdop>1.14</pdop><dgpsid>0000</dgpsid></trkpt>
<trkpt lat="38.441751" lon="-122.72127883333333"><ele>49.3</ele><time>2026-09-24T21:59:42.000Z</time><extensions><gpxtpx:TrackPointExtension><gpxtpx:bearing>151.32</gpxtpx:bearing><gpxtpx:speed>19.87291</gpxtpx:speed></gpxtpx:TrackPointExtension></extensions><geoidheight>-29.1</geoidheight><src>gps</src><sat>14</sat><hdop>0.73</hdop><vdop>0.90</vdop><pdop>1.16</pdop><dgpsid>0000</dgpsid></trkpt>
<trkpt lat="38.439853666666664" lon="-122.71996016666665"><ele>50.7</ele><time>2026-09-24T21:59:53.000Z</time><extensions><gpxtpx:TrackPointExtension><gpxtpx:bearing>151.33</gpxtpx:bearing><gpxtpx:speed>23.052864</gpxtpx:speed></gpxtpx:TrackPointExtension></extensions><geoidheight>-29.1</geoidheight><src>gps</src><sat>14</sat><hdop>0.71</hdop><vdop>0.89</vdop><pdop>1.14</pdop><dgpsid>0000</dgpsid></trkpt>
<trkpt lat="38.437767" lon="-122.71851533333331"><ele>50.9</ele><time>2026-09-24T22:00:04.000Z</time><extensions><gpxtpx:TrackPointExtension><gpxtpx:bearing>152.38</gpxtpx:bearing><gpxtpx:speed>24.865202</gpxtpx:speed></gpxtpx:TrackPointExtension></extensions><geoidheight>-29.1</geoidheight><src>gps</src><sat>13</sat><hdop>0.71</hdop><vdop>0.94</vdop><pdop>1.18</pdop><dgpsid>0000</dgpsid></trkpt>
<trkpt lat="38.4353575" lon="-122.71717783333334"><ele>47.2</ele><time>2026-09-24T22:00:15.000Z</time><extensions><gpxtpx:TrackPointExtension><gpxtpx:bearing>160.72</gpxtpx:bearing><gpxtpx:speed>28.013758</gpxtpx:speed></gpxtpx:TrackPointExtension></extensions><geoidheight>-29.1</geoidheight><src>gps</src><sat>14</sat><hdop>0.71</hdop><vdop>0.89</vdop><pdop>1.14</pdop><dgpsid>0000</dgpsid></trkpt>
<trkpt lat="38.432584" lon="-122.7160975"><ele>44.3</ele><time>2026-09-24T22:00:26.000Z</time><extensions><gpxtpx:TrackPointExtension><gpxtpx:bearing>163.4</gpxtpx:bearing><gpxtpx:speed>30.13081</gpxtpx:speed></gpxtpx:TrackPointExtension></extensions><geoidheight>-29.1</geoidheight><src>gps</src><sat>13</sat><hdop>1.05</hdop><vdop>1.47</vdop><pdop>1.81</pdop><dgpsid>0000</dgpsid></trkpt>
<trkpt lat="38.42973116666667" lon="-122.71522866666668"><ele>45.9</ele><time>2026-09-24T22:00:37.000Z</time><extensions><gpxtpx:TrackPointExtension><gpxtpx:bearing>176.09</gpxtpx:bearing><gpxtpx:speed>28.886211</gpxtpx:speed></gpxtpx:TrackPointExtension></extensions><geoidheight>-29.1</geoidheight><src>gps</src><sat>12</sat><hdop>0.76</hdop><vdop>1.01</vdop><pdop>1.26</pdop><dgpsid>0000</dgpsid></trkpt>
<trkpt lat="38.426997166666666" lon="-122.71521166666668"><ele>39.8</ele><time>2026-09-24T22:00:48.000Z</time><extensions><gpxtpx:TrackPointExtension><gpxtpx:bearing>179.53</gpxtpx:bearing><gpxtpx:speed>26.125755</gpxtpx:speed></gpxtpx:TrackPointExtension></extensions><geoidheight>-29.1</geoidheight><src>gps</src><sat>12</sat><hdop>0.76</hdop><vdop>1.00</vdop><pdop>1.26</pdop><dgpsid>0000</dgpsid></trkpt>
<trkpt lat="38.42498933333333" lon="-122.71517933333334"><ele>39.2</ele><time>2026-09-24T22:00:59.000Z</time><extensions><gpxtpx:TrackPointExtension><gpxtpx:bearing>179.48</gpxtpx:bearing><gpxtpx:speed>15.552847</gpxtpx:speed></gpxtpx:TrackPointExtension></extensions><geoidheight>-29.1</geoidheight><src>gps</src><sat>10</sat><hdop>0.93</hdop><vdop>1.14</vdop><pdop>1.47</pdop><dgpsid>0000</dgpsid></trkpt>
<trkpt lat="38.4234535" lon="-122.71523566666669"><ele>39.5</ele><time>2026-09-24T22:01:10.000Z</time><extensions><gpxtpx:TrackPointExtension><gpxtpx:bearing>186.53</gpxtpx:bearing><gpxtpx:speed>17.840273</gpxtpx:speed></gpxtpx:TrackPointExtension></extensions><geoidheight>-29.1</geoidheight><src>gps</src><sat>13</sat><hdop>0.72</hdop><vdop>0.93</vdop><pdop>1.17</pdop><dgpsid>0000</dgpsid></trkpt>
<trkpt lat="38.4215365" lon="-122.715573"><ele>41.1</ele><time>2026-09-24T22:01:21.000Z</time><extensions><gpxtpx:TrackPointExtension><gpxtpx:bearing>188.09</gpxtpx:bearing><gpxtpx:speed>20.740732</gpxtpx:speed></gpxtpx:TrackPointExtension></extensions><geoidheight>-29.1</geoidheight><src>gps</src><sat>13</sat><hdop>0.78</hdop><vdop>1.02</vdop><pdop>1.28</pdop><dgpsid>0000</dgpsid></trkpt>
<trkpt lat="38.4193475" lon="-122.71596583333333"><ele>42.6</ele><time>2026-09-24T22:01:32.000Z</time><extensions><gpxtpx:TrackPointExtension><gpxtpx:bearing>187.47</gpxtpx:bearing><gpxtpx:speed>23.661781</gpxtpx:speed></gpxtpx:TrackPointExtension></extensions><geoidheight>-29.1</geoidheight><src>gps</src><sat>13</sat><hdop>0.76</hdop><vdop>1.00</vdop><pdop>1.26</pdop><dgpsid>0000</dgpsid></trkpt>
<trkpt lat="38.41689016666667" lon="-122.71614833333334"><ele>42.5</ele><time>2026-09-24T22:01:43.000Z</time><extensions><gpxtpx:TrackPointExtension><gpxtpx:bearing>180.52</gpxtpx:bearing><gpxtpx:speed>25.918324</gpxtpx:speed></gpxtpx:TrackPointExtension></extensions><geoidheight>-29.1</geoidheight><src>gps</src><sat>13</sat><hdop>0.76</hdop><vdop>1.00</vdop><pdop>1.26</pdop><dgpsid>0000</dgpsid></trkpt>
<trkpt lat="38.414219333333335" lon="-122.71615933333332"><ele>40.6</ele><time>2026-09-24T22:01:54.000Z</time><extensions><gpxtpx:TrackPointExtension><gpxtpx:bearing>179.41</gpxtpx:bearing><gpxtpx:speed>27.818163</gpxtpx:speed></gpxtpx:TrackPointExtension></extensions><geoidheight>-29.1</geoidheight><src>gps</src><sat>12</sat><hdop>0.86</hdop><vdop>1.03</vdop><pdop>1.35</pdop><dgpsid>0000</dgpsid></trkpt>
<trkpt lat="38.411511499999996" lon="-122.71617316666668"><ele>40.0</ele><time>2026-09-24T22:02:05.000Z</time><extensions><gpxtpx:TrackPointExtension><gpxtpx:bearing>179.6</gpxtpx:bearing><gpxtpx:speed>27.167038</gpxtpx:speed></gpxtpx:TrackPointExtension></extensions><geoidheight>-29.1</geoidheight><src>gps</src><sat>11</sat><hdop>0.80</hdop><vdop>1.00</vdop><pdop>1.28</pdop><dgpsid>0000</dgpsid></trkpt>
<trkpt lat="38.408809166666664" lon="-122.71619066666666"><ele>37.8</ele><time>2026-09-24T22:02:16.000Z</time><extensions><gpxtpx:TrackPointExtension><gpxtpx:bearing>180.22</gpxtpx:bearing><gpxtpx:speed>27.09189</gpxtpx:speed></gpxtpx:TrackPointExtension></extensions><geoidheight>-29.1</geoidheight><src>gps</src><sat>11</sat><hdop>0.88</hdop><vdop>1.10</vdop><pdop>1.41</pdop><dgpsid>0000</dgpsid></trkpt>
<trkpt lat="38.40608216666667" lon="-122.71620566666667"><ele>36.0</ele><time>2026-09-24T22:02:27.000Z</time><extensions><gpxtpx:TrackPointExtension><gpxtpx:bearing>180.33</gpxtpx:bearing><gpxtpx:speed>27.771322</gpxtpx:speed></gpxtpx:TrackPointExtension></extensions><geoidheight>-29.1</geoidheight><src>gps</src><sat>12</sat><hdop>0.88</hdop><vdop>1.10</vdop><pdop>1.41</pdop><dgpsid>0000</dgpsid></trkpt>
<trkpt lat="38.403405666666664" lon="-122.7162225"><ele>34.3</ele><time>2026-09-24T22:02:38.000Z</time><extensions><gpxtpx:TrackPointExtension><gpxtpx:bearing>180.2</gpxtpx:bearing><gpxtpx:speed>26.90659</gpxtpx:speed></gpxtpx:TrackPointExtension></extensions><geoidheight>-29.1</geoidheight><src>gps</src><sat>12</sat><hdop>0.88</hdop><vdop>1.10</vdop><pdop>1.41</pdop><dgpsid>0000</dgpsid></trkpt>
<trkpt lat="38.40065933333334" lon="-122.7162405"><ele>33.9</ele><time>2026-09-24T22:02:49.000Z</time><extensions><gpxtpx:TrackPointExtension><gpxtpx:bearing>180.39</gpxtpx:bearing><gpxtpx:speed>28.372519</gpxtpx:speed></gpxtpx:TrackPointExtension></extensions><geoidheight>-29.1</geoidheight><src>gps</src><sat>11</sat><hdop>0.88</hdop><vdop>1.10</vdop><pdop>1.41</pdop><dgpsid>0000</dgpsid></trkpt>
<trkpt lat="38.39781" lon="-122.7162565"><ele>32.4</ele><time>2026-09-24T22:03:00.000Z</time><extensions><gpxtpx:TrackPointExtension><gpxtpx:bearing>180.52</gpxtpx:bearing><gpxtpx:speed>29.06688</gpxtpx:speed></gpxtpx:TrackPointExtension></extensions><geoidheight>-29.2</geoidheight><src>gps</src><sat>11</sat><hdop>0.88</hdop><vdop>1.10</vdop><pdop>1.41</pdop><dgpsid>0000</dgpsid></trkpt>
<trkpt lat="38.39491866666666" lon="-122.71627983333335"><ele>30.7</ele><time>2026-09-24T22:03:11.000Z</time><extensions><gpxtpx:TrackPointExtension><gpxtpx:bearing>180.28</gpxtpx:bearing><gpxtpx:speed>29.400934</gpxtpx:speed></gpxtpx:TrackPointExtension></extensions><geoidheight>-29.2</geoidheight><src>gps</src><sat>11</sat><hdop>0.88</hdop><vdop>1.10</vdop><pdop>1.41</pdop><dgpsid>0000</dgpsid></trkpt>
<trkpt lat="38.39202733333333" lon="-122.716305"><ele>28.4</ele><time>2026-09-24T22:03:22.000Z</time><extensions><gpxtpx:TrackPointExtension><gpxtpx:bearing>180.31</gpxtpx:bearing><gpxtpx:speed>29.120924</gpxtpx:speed></gpxtpx:TrackPointExtension></extensions><geoidheight>-29.2</geoidheight><src>gps</src><sat>11</sat><hdop>0.88</hdop><vdop>1.10</vdop><pdop>1.41</pdop><dgpsid>0000</dgpsid></trkpt>
<trkpt lat="38.38913433333333" lon="-122.7163125"><ele>28.9</ele><time>2026-09-24T22:03:33.000Z</time><extensions><gpxtpx:TrackPointExtension><gpxtpx:bearing>180.26</gpxtpx:bearing><gpxtpx:speed>28.943346</gpxtpx:speed></gpxtpx:TrackPointExtension></extensions><geoidheight>-29.2</geoidheight><src>gps</src><sat>11</sat><hdop>0.88</hdop><vdop>1.09</vdop><pdop>1.41</pdop><dgpsid>0000</dgpsid></trkpt>
<trkpt lat="38.38626033333333" lon="-122.71632816666667"><ele>28.9</ele><time>2026-09-24T22:03:44.000Z</time><extensions><gpxtpx:TrackPointExtension><gpxtpx:bearing>179.3</gpxtpx:bearing><gpxtpx:speed>29.016436</gpxtpx:speed></gpxtpx:TrackPointExtension></extensions><geoidheight>-29.2</geoidheight><src>gps</src><sat>11</sat><hdop>0.88</hdop><vdop>1.09</vdop><pdop>1.40</pdop><dgpsid>0000</dgpsid></trkpt>
<trkpt lat="38.383366333333335" lon="-122.71634316666665"><ele>29.2</ele><time>2026-09-24T22:03:55.000Z</time><extensions><gpxtpx:TrackPointExtension><gpxtpx:bearing>180.32</gpxtpx:bearing><gpxtpx:speed>28.949522</gpxtpx:speed></gpxtpx:TrackPointExtension></extensions><geoidheight>-29.2</geoidheight><src>gps</src><sat>11</sat><hdop>0.88</hdop><vdop>1.09</vdop><pdop>1.40</pdop><dgpsid>0000</dgpsid></trkpt>
<trkpt lat="38.38052583333333" lon="-122.71635399999998"><ele>29.9</ele><time>2026-09-24T22:04:06.000Z</time><extensions><gpxtpx:TrackPointExtension><gpxtpx:bearing>180.54</gpxtpx:bearing><gpxtpx:speed>28.531054</gpxtpx:speed></gpxtpx:TrackPointExtension></extensions><geoidheight>-29.2</geoidheight><src>gps</src><sat>11</sat><hdop>0.88</hdop><vdop>1.09</vdop><pdop>1.40</pdop><dgpsid>0000</dgpsid></trkpt>
<trkpt lat="38.377706333333336" lon="-122.71636250000002"><ele>29.1</ele><time>2026-09-24T22:04:17.000Z</time><extensions><gpxtpx:TrackPointExtension><gpxtpx:bearing>179.63</gpxtpx:bearing><gpxtpx:speed>28.673632</gpxtpx:speed></gpxtpx:TrackPointExtension></extensions><geoidheight>-29.2</geoidheight><src>gps</src><sat>12</sat><hdop>0.76</hdop><vdop>0.94</vdop><pdop>1.21</pdop><dgpsid>0000</dgpsid></trkpt>
<trkpt lat="38.37488533333333" lon="-122.71609983333335"><ele>29.1</ele><time>2026-09-24T22:04:28.000Z</time><extensions><gpxtpx:TrackPointExtension><gpxtpx:bearing>167.28</gpxtpx:bearing><gpxtpx:speed>28.725618</gpxtpx:speed></gpxtpx:TrackPointExtension></extensions><geoidheight>-29.2</geoidheight><src>gps</src><sat>12</sat><hdop>0.76</hdop><vdop>0.98</vdop><pdop>1.24</pdop><dgpsid>0000</dgpsid></trkpt>
<trkpt lat="38.37223516666666" lon="-122.71469566666669"><ele>29.8</ele><time>2026-09-24T22:04:39.000Z</time><extensions><gpxtpx:TrackPointExtension><gpxtpx:bearing>150.35</gpxtpx:bearing><gpxtpx:speed>29.633587</gpxtpx:speed></gpxtpx:TrackPointExtension></extensions><geoidheight>-29.2</geoidheight><src>gps</src><sat>13</sat><hdop>0.72</hdop><vdop>0.91</vdop><pdop>1.16</pdop><dgpsid>0000</dgpsid></trkpt>
<trkpt lat="38.3697415" lon="-122.71303099999999"><ele>31.7</ele><time>2026-09-24T22:04:50.000Z</time><extensions><gpxtpx:TrackPointExtension><gpxtpx:bearing>158.55</gpxtpx:bearing><gpxtpx:speed>27.595802</gpxtpx:speed></gpxtpx:TrackPointExtension></extensions><geoidheight>-29.2</geoidheight><src>gps</src><sat>14</sat><hdop>0.72</hdop><vdop>0.91</vdop><pdop>1.16</pdop><dgpsid>0000</dgpsid></trkpt>
<trkpt lat="38.36714583333333" lon="-122.7123775"><ele>40.1</ele><time>2026-09-24T22:05:01.000Z</time><extensions><gpxtpx:TrackPointExtension><gpxtpx:bearing>177.95</gpxtpx:bearing><gpxtpx:speed>26.256495</gpxtpx:speed></gpxtpx:TrackPointExtension></extensions><geoidheight>-29.2</geoidheight><src>gps</src><sat>14</sat><hdop>0.72</hdop><vdop>0.91</vdop><pdop>1.16</pdop><dgpsid>0000</dgpsid></trkpt>
<trkpt lat="38.36451683333333" lon="-122.71265466666667"><ele>40.6</ele><time>2026-09-24T22:05:12.000Z</time><extensions><gpxtpx:TrackPointExtension><gpxtpx:bearing>186.47</gpxtpx:bearing><gpxtpx:speed>27.429033</gpxtpx:speed></gpxtpx:TrackPointExtension></extensions><geoidheight>-29.2</geoidheight><src>gps</src><sat>12</sat><hdop>0.76</hdop><vdop>0.98</vdop><pdop>1.24</pdop><dgpsid>0000</dgpsid></trkpt>
<trkpt lat="38.3617265" lon="-122.71306683333333"><ele>34.9</ele><time>2026-09-24T22:05:23.000Z</time><extensions><gpxtpx:TrackPointExtension><gpxtpx:bearing>186.59</gpxtpx:bearing><gpxtpx:speed>28.9068</gpxtpx:speed></gpxtpx:TrackPointExtension></extensions><geoidheight>-29.2</geoidheight><src>gps</src><sat>12</sat><hdop>0.76</hdop><vdop>0.98</vdop><pdop>1.24</pdop><dgpsid>0000</dgpsid></trkpt>
<trkpt lat="38.3588725" lon="-122.71322983333333"><ele>32.4</ele><time>2026-09-24T22:05:34.000Z</time><extensions><gpxtpx:TrackPointExtension><gpxtpx:bearing>179.67</gpxtpx:bearing><gpxtpx:speed>28.917095</gpxtpx:speed></gpxtpx:TrackPointExtension></extensions><geoidheight>-29.2</geoidheight><src>gps</src><sat>12</sat><hdop>0.88</hdop><vdop>1.09</vdop><pdop>1.40</pdop><dgpsid>0000</dgpsid></trkpt>
<trkpt lat="38.35594733333333" lon="-122.71321116666668"><ele>31.9</ele><time>2026-09-24T22:05:45.000Z</time><extensions><gpxtpx:TrackPointExtension><gpxtpx:bearing>179.58</gpxtpx:bearing><gpxtpx:speed>29.937273</gpxtpx:speed></gpxtpx:TrackPointExtension></extensions><geoidheight>-29.2</geoidheight><src>gps</src><sat>13</sat><hdop>0.88</hdop><vdop>1.08</vdop><pdop>1.40</pdop><dgpsid>0000</dgpsid></trkpt>
<trkpt lat="38.353040666666665" lon="-122.7132225"><ele>31.2</ele><time>2026-09-24T22:05:56.000Z</time><extensions><gpxtpx:TrackPointExtension><gpxtpx:bearing>180.74</gpxtpx:bearing><gpxtpx:speed>29.697412</gpxtpx:speed></gpxtpx:TrackPointExtension></extensions><geoidheight>-29.2</geoidheight><src>gps</src><sat>12</sat><hdop>0.76</hdop><vdop>0.97</vdop><pdop>1.24</pdop><dgpsid>0000</dgpsid></trkpt>
<trkpt lat="38.35012233333334" lon="-122.71321583333332"><ele>30.6</ele><time>2026-09-24T22:06:07.000Z</time><extensions><gpxtpx:TrackPointExtension><gpxtpx:bearing>178.85</gpxtpx:bearing><gpxtpx:speed>29.522923</gpxtpx:speed></gpxtpx:TrackPointExtension></extensions><geoidheight>-29.2</geoidheight><src>gps</src><sat>13</sat><hdop>0.88</hdop><vdop>1.08</vdop><pdop>1.40</pdop><dgpsid>0000</dgpsid></trkpt>
<trkpt lat="38.347193" lon="-122.71314650000001"><ele>30.1</ele><time>2026-09-24T22:06:18.000Z</time><extensions><gpxtpx:TrackPointExtension><gpxtpx:bearing>178.75</gpxtpx:bearing><gpxtpx:speed>29.97176</gpxtpx:speed></gpxtpx:TrackPointExtension></extensions><geoidheight>-29.2</geoidheight><src>gps</src><sat>11</sat><hdop>0.88</hdop><vdop>1.08</vdop><pdop>1.39</pdop><dgpsid>0000</dgpsid></trkpt>
<trkpt lat="38.344241000000004" lon="-122.71308750000001"><ele>29.1</ele><time>2026-09-24T22:06:29.000Z</time><extensions><gpxtpx:TrackPointExtension><gpxtpx:bearing>178.83</gpxtpx:bearing><gpxtpx:speed>29.541452</gpxtpx:speed></gpxtpx:TrackPointExtension></extensions><geoidheight>-29.2</geoidheight><src>gps</src><sat>12</sat><hdop>0.76</hdop><vdop>0.97</vdop><pdop>1.23</pdop><dgpsid>0000</dgpsid></trkpt>
<trkpt lat="38.341279666666665" lon="-122.71303850000001"><ele>28.7</ele><time>2026-09-24T22:06:40.000Z</time><extensions><gpxtpx:TrackPointExtension><gpxtpx:bearing>179.49</gpxtpx:bearing><gpxtpx:speed>30.209047</gpxtpx:speed></gpxtpx:TrackPointExtension></extensions><geoidheight>-29.2</geoidheight><src>gps</src><sat>11</sat><hdop>0.76</hdop><vdop>0.97</vdop><pdop>1.23</pdop><dgpsid>0000</dgpsid></trkpt>
<trkpt lat="38.338312333333334" lon="-122.71300600000001"><ele>28.7</ele><time>2026-09-24T22:06:51.000Z</time><extensions><gpxtpx:TrackPointExtension><gpxtpx:bearing>180.05</gpxtpx:bearing><gpxtpx:speed>29.485863</gpxtpx:speed></gpxtpx:TrackPointExtension></extensions><geoidheight>-29.2</geoidheight><src>gps</src><sat>11</sat><hdop>0.88</hdop><vdop>1.08</vdop><pdop>1.39</pdop><dgpsid>0000</dgpsid></trkpt>
<trkpt lat="38.33539483333333" lon="-122.71297466666668"><ele>30.6</ele><time>2026-09-24T22:07:02.000Z</time><extensions><gpxtpx:TrackPointExtension><gpxtpx:bearing>179.32</gpxtpx:bearing><gpxtpx:speed>29.26968</gpxtpx:speed></gpxtpx:TrackPointExtension></extensions><geoidheight>-29.2</geoidheight><src>gps</src><sat>10</sat><hdop>0.76</hdop><vdop>0.92</vdop><pdop>1.20</pdop><dgpsid>0000</dgpsid></trkpt>
<trkpt lat="38.3325435" lon="-122.71293866666669"><ele>36.6</ele><time>2026-09-24T22:07:13.000Z</time><extensions><gpxtpx:TrackPointExtension><gpxtpx:bearing>179.38</gpxtpx:bearing><gpxtpx:speed>28.0817</gpxtpx:speed></gpxtpx:TrackPointExtension></extensions><geoidheight>-29.2</geoidheight><src>gps</src><sat>13</sat><hdop>0.76</hdop><vdop>0.97</vdop><pdop>1.23</pdop><dgpsid>0000</dgpsid></trkpt>
<trkpt lat="38.329757" lon="-122.71290599999999"><ele>39.2</ele><time>2026-09-24T22:07:24.000Z</time><extensions><gpxtpx:TrackPointExtension><gpxtpx:bearing>179.32</gpxtpx:bearing><gpxtpx:speed>28.501713</gpxtpx:speed></gpxtpx:TrackPointExtension></extensions><geoidheight>-29.2</geoidheight><src>gps</src><sat>14</sat><hdop>0.72</hdop><vdop>0.89</vdop><pdop>1.15</pdop><dgpsid>0000</dgpsid></trkpt>
<trkpt lat="38.326943" lon="-122.71287983333335"><ele>38.3</ele><time>2026-09-24T22:07:35.000Z</time><extensions><gpxtpx:TrackPointExtension><gpxtpx:bearing>179.5</gpxtpx:bearing><gpxtpx:speed>27.87787</gpxtpx:speed></gpxtpx:TrackPointExtension></extensions><geoidheight>-29.3</geoidheight><src>gps</src><sat>13</sat><hdop>0.75</hdop><vdop>0.93</vdop><pdop>1.20</pdop><dgpsid>0000</dgpsid></trkpt>
<trkpt lat="38.32420483333333" lon="-122.71307133333333"><ele>44.0</ele><time>2026-09-24T22:07:46.000Z</time><extensions><gpxtpx:TrackPointExtension><gpxtpx:bearing>187.6</gpxtpx:bearing><gpxtpx:speed>27.461975</gpxtpx:speed></gpxtpx:TrackPointExtension></extensions><geoidheight>-29.3</geoidheight><src>gps</src><sat>12</sat><hdop>1.05</hdop><vdop>1.42</vdop><pdop>1.76</pdop><dgpsid>0000</dgpsid></trkpt>
<trkpt lat="38.32152116666667" lon="-122.71367633333332"><ele>49.6</ele><time>2026-09-24T22:07:57.000Z</time><extensions><gpxtpx:TrackPointExtension><gpxtpx:bearing>191.57</gpxtpx:bearing><gpxtpx:speed>27.309103</gpxtpx:speed></gpxtpx:TrackPointExtension></extensions><geoidheight>-29.3</geoidheight><src>gps</src><sat>13</sat><hdop>1.31</hdop><vdop>1.98</vdop><pdop>2.38</pdop><dgpsid>0000</dgpsid></trkpt>
<trkpt lat="38.3189375" lon="-122.71432466666666"><ele>54.3</ele><time>2026-09-24T22:08:08.000Z</time><extensions><gpxtpx:TrackPointExtension><gpxtpx:bearing>191.03</gpxtpx:bearing><gpxtpx:speed>26.192669</gpxtpx:speed></gpxtpx:TrackPointExtension></extensions><geoidheight>-29.3</geoidheight><src>gps</src><sat>14</sat><hdop>0.77</hdop><vdop>0.89</vdop><pdop>1.18</pdop><dgpsid>0000</dgpsid></trkpt>
<trkpt lat="38.31639216666667" lon="-122.71498166666667"><ele>58.3</ele><time>2026-09-24T22:08:19.000Z</time><extensions><gpxtpx:TrackPointExtension><gpxtpx:bearing>191.02</gpxtpx:bearing><gpxtpx:speed>26.172081</gpxtpx:speed></gpxtpx:TrackPointExtension></extensions><geoidheight>-29.3</geoidheight><src>gps</src><sat>10</sat><hdop>1.32</hdop><vdop>1.99</vdop><pdop>2.39</pdop><dgpsid>0000</dgpsid></trkpt>
<trkpt lat="38.31387566666667" lon="-122.71519233333332"><ele>65.1</ele><time>2026-09-24T22:08:30.000Z</time><extensions><gpxtpx:TrackPointExtension><gpxtpx:bearing>176.09</gpxtpx:bearing><gpxtpx:speed>25.19977</gpxtpx:speed></gpxtpx:TrackPointExtension></extensions><geoidheight>-29.3</geoidheight><src>gps</src><sat>13</sat><hdop>1.06</hdop><vdop>1.46</vdop><pdop>1.80</pdop><dgpsid>0000</dgpsid></trkpt>
<trkpt lat="38.311478" lon="-122.71454233333334"><ele>71.0</ele><time>2026-09-24T22:08:41.000Z</time><extensions><gpxtpx:TrackPointExtension><gpxtpx:bearing>160.33</gpxtpx:bearing><gpxtpx:speed>24.672695</gpxtpx:speed></gpxtpx:TrackPointExtension></extensions><geoidheight>-29.3</geoidheight><src>gps</src><sat>14</sat><hdop>0.72</hdop><vdop>0.88</vdop><pdop>1.14</pdop><dgpsid>0000</dgpsid></trkpt>
<trkpt lat="38.30930916666667" lon="-122.71310716666667"><ele>78.2</ele><time>2026-09-24T22:08:52.000Z</time><extensions><gpxtpx:TrackPointExtension><gpxtpx:bearing>145.88</gpxtpx:bearing><gpxtpx:speed>24.870348</gpxtpx:speed></gpxtpx:TrackPointExtension></extensions><geoidheight>-29.3</geoidheight><src>gps</src><sat>13</sat><hdop>0.76</hdop><vdop>0.91</vdop><pdop>1.19</pdop><dgpsid>0000</dgpsid></trkpt>
<trkpt lat="38.307204166666665" lon="-122.71132133333334"><ele>79.3</ele><time>2026-09-24T22:09:03.000Z</time><extensions><gpxtpx:TrackPointExtension><gpxtpx:bearing>146.94</gpxtpx:bearing><gpxtpx:speed>27.040417</gpxtpx:speed></gpxtpx:TrackPointExtension></extensions><geoidheight>-29.3</geoidheight><src>gps</src><sat>11</sat><hdop>1.32</hdop><vdop>1.98</vdop><pdop>2.38</pdop><dgpsid>0000</dgpsid></trkpt>
<trkpt lat="38.304838499999995" lon="-122.70934666666666"><ele>70.9</ele><time>2026-09-24T22:09:14.000Z</time><extensions><gpxtpx:TrackPointExtension><gpxtpx:bearing>146.65</gpxtpx:bearing><gpxtpx:speed>29.494614</gpxtpx:speed></gpxtpx:TrackPointExtension></extensions><geoidheight>-29.3</geoidheight><src>gps</src><sat>13</sat><hdop>0.89</hdop><vdop>1.32</vdop><pdop>1.59</pdop><dgpsid>0000</dgpsid></trkpt>
<trkpt lat="38.30241633333333" lon="-122.70731816666667"><ele>66.1</ele><time>2026-09-24T22:09:25.000Z</time><extensions><gpxtpx:TrackPointExtension><gpxtpx:bearing>146.63</gpxtpx:bearing><gpxtpx:speed>29.343285</gpxtpx:speed></gpxtpx:TrackPointExtension></extensions><geoidheight>-29.3</geoidheight><src>gps</src><sat>14</sat><hdop>0.69</hdop><vdop>0.89</vdop><pdop>1.13</pdop><dgpsid>0000</dgpsid></trkpt>
<trkpt lat="38.30000033333333" lon="-122.70529116666667"><ele>67.8</ele><time>2026-09-24T22:09:36.000Z</time><extensions><gpxtpx:TrackPointExtension><gpxtpx:bearing>146.72</gpxtpx:bearing><gpxtpx:speed>29.635132</gpxtpx:speed></gpxtpx:TrackPointExtension></extensions><geoidheight>-29.3</geoidheight><src>gps</src><sat>13</sat><hdop>0.98</hdop><vdop>1.32</vdop><pdop>1.64</pdop><dgpsid>0000</dgpsid></trkpt>
<trkpt lat="38.2975275" lon="-122.70321483333333"><ele>66.1</ele><time>2026-09-24T22:09:47.000Z</time><extensions><gpxtpx:TrackPointExtension><gpxtpx:bearing>146.97</gpxtpx:bearing><gpxtpx:speed>30.50707</gpxtpx:speed></gpxtpx:TrackPointExtension></extensions><geoidheight>-29.3</geoidheight><src>gps</src><sat>12</sat><hdop>0.94</hdop><vdop>1.46</vdop><pdop>1.74</pdop><dgpsid>0000</dgpsid></trkpt>
<trkpt lat="38.29507983333333" lon="-122.70103833333333"><ele>63.0</ele><time>2026-09-24T22:09:58.000Z</time><extensions><gpxtpx:TrackPointExtension><gpxtpx:bearing>139.96</gpxtpx:bearing><gpxtpx:speed>30.036615</gpxtpx:speed></gpxtpx:TrackPointExtension></extensions><geoidheight>-29.3</geoidheight><src>gps</src><sat>13</sat><hdop>0.81</hdop><vdop>1.05</vdop><pdop>1.32</pdop><dgpsid>0000</dgpsid></trkpt>
<trkpt lat="38.2930795" lon="-122.69834250000001"><ele>58.4</ele><time>2026-09-24T22:10:09.000Z</time><extensions><gpxtpx:TrackPointExtension><gpxtpx:bearing>130.44</gpxtpx:bearing><gpxtpx:speed>28.34781</gpxtpx:speed></gpxtpx:TrackPointExtension></extensions><geoidheight>-29.3</geoidheight><src>gps</src><sat>13</sat><hdop>0.77</hdop><vdop>1.02</vdop><pdop>1.28</pdop><dgpsid>0000</dgpsid></trkpt>
<trkpt lat="38.291332000000004" lon="-122.69573299999999"><ele>53.0</ele><time>2026-09-24T22:10:20.000Z</time><extensions><gpxtpx:TrackPointExtension><gpxtpx:bearing>129.98</gpxtpx:bearing><gpxtpx:speed>26.94468</gpxtpx:speed></gpxtpx:TrackPointExtension></extensions><geoidheight>-29.3</geoidheight><src>gps</src><sat>14</sat><hdop>0.72</hdop><vdop>0.93</vdop><pdop>1.17</pdop><dgpsid>0000</dgpsid></trkpt>
<trkpt lat="38.28960300000001" lon="-122.6931295"><ele>43.2</ele><time>2026-09-24T22:10:31.000Z</time><extensions><gpxtpx:TrackPointExtension><gpxtpx:bearing>129.98</gpxtpx:bearing><gpxtpx:speed>27.419767</gpxtpx:speed></gpxtpx:TrackPointExtension></extensions><geoidheight>-29.3</geoidheight><src>gps</src><sat>12</sat><hdop>0.83</hdop><vdop>1.06</vdop><pdop>1.34</pdop><dgpsid>0000</dgpsid></trkpt>
<trkpt lat="38.287844666666665" lon="-122.69063483333333"><ele>37.1</ele><time>2026-09-24T22:10:42.000Z</time><extensions><gpxtpx:TrackPointExtension><gpxtpx:bearing>133.2</gpxtpx:bearing><gpxtpx:speed>26.097961</gpxtpx:speed></gpxtpx:TrackPointExtension></extensions><geoidheight>-29.3</geoidheight><src>gps</src><sat>13</sat><hdop>0.87</hdop><vdop>1.09</vdop><pdop>1.39</pdop><dgpsid>0000</dgpsid></trkpt>
<trkpt lat="38.28603366666667" lon="-122.688272"><ele>28.6</ele><time>2026-09-24T22:10:53.000Z</time><extensions><gpxtpx:TrackPointExtension><gpxtpx:bearing>134.41</gpxtpx:bearing><gpxtpx:speed>26.97093</gpxtpx:speed></gpxtpx:TrackPointExtension></extensions><geoidheight>-29.3</geoidheight><src>gps</src><sat>14</sat><hdop>0.72</hdop><vdop>0.92</vdop><pdop>1.17</pdop><dgpsid>0000</dgpsid></trkpt>
<trkpt lat="38.284142833333334" lon="-122.6858465"><ele>20.9</ele><time>2026-09-24T22:11:04.000Z</time><extensions><gpxtpx:TrackPointExtension><gpxtpx:bearing>135.08</gpxtpx:bearing><gpxtpx:speed>27.188658</gpxtpx:speed></gpxtpx:TrackPointExtension></extensions><geoidheight>-29.3</geoidheight><src>gps</src><sat>14</sat><hdop>0.70</hdop><vdop>0.91</vdop><pdop>1.15</pdop><dgpsid>0000</dgpsid></trkpt>
<trkpt lat="38.28223066666667" lon="-122.68335616666667"><ele>15.1</ele><time>2026-09-24T22:11:15.000Z</time><extensions><gpxtpx:TrackPointExtension><gpxtpx:bearing>134.41</gpxtpx:bearing><gpxtpx:speed>28.002947</gpxtpx:speed></gpxtpx:TrackPointExtension></extensions><geoidheight>-29.3</geoidheight><src>gps</src><sat>14</sat><hdop>0.73</hdop><vdop>0.86</vdop><pdop>1.12</pdop><dgpsid>0000</dgpsid></trkpt>
<trkpt lat="38.280349666666666" lon="-122.68090566666666"><ele>12.0</ele><time>2026-09-24T22:11:26.000Z</time><extensions><gpxtpx:TrackPointExtension><gpxtpx:bearing>134.17</gpxtpx:bearing><gpxtpx:speed>26.273481</gpxtpx:speed></gpxtpx:TrackPointExtension></extensions><geoidheight>-29.3</geoidheight><src>gps</src><sat>13</sat><hdop>0.77</hdop><vdop>0.95</vdop><pdop>1.23</pdop><dgpsid>0000</dgpsid></trkpt>
<trkpt lat="38.2785555" lon="-122.67857266666667"><ele>10.6</ele><time>2026-09-24T22:11:37.000Z</time><extensions><gpxtpx:TrackPointExtension><gpxtpx:bearing>133.99</gpxtpx:bearing><gpxtpx:speed>25.900307</gpxtpx:speed></gpxtpx:TrackPointExtension></extensions><geoidheight>-29.3</geoidheight><src>gps</src><sat>13</sat><hdop>0.95</hdop><vdop>1.12</vdop><pdop>1.47</pdop><dgpsid>0000</dgpsid></trkpt>
<trkpt lat="38.276790166666665" lon="-122.67626516666665"><ele>11.8</ele><time>2026-09-24T22:11:48.000Z</time><extensions><gpxtpx:TrackPointExtension><gpxtpx:bearing>133.88</gpxtpx:bearing><gpxtpx:speed>25.243523</gpxtpx:speed></gpxtpx:TrackPointExtension></extensions><geoidheight>-29.3</geoidheight><src>gps</src><sat>13</sat><hdop>0.74</hdop><vdop>0.93</vdop><pdop>1.19</pdop><dgpsid>0000</dgpsid></trkpt>
<trkpt lat="38.274999333333334" lon="-122.67394116666668"><ele>12.4</ele><time>2026-09-24T22:11:59.000Z</time><extensions><gpxtpx:TrackPointExtension><gpxtpx:bearing>134.41</gpxtpx:bearing><gpxtpx:speed>26.206053</gpxtpx:speed></gpxtpx:TrackPointExtension></extensions><geoidheight>-29.3</geoidheight><src>gps</src><sat>13</sat><hdop>0.72</hdop><vdop>0.92</vdop><pdop>1.17</pdop><dgpsid>0000</dgpsid></trkpt>
<trkpt lat="38.273081166666664" lon="-122.67145816666668"><ele>12.4</ele><time>2026-09-24T22:12:10.000Z</time><extensions><gpxtpx:TrackPointExtension><gpxtpx:bearing>134.33</gpxtpx:bearing><gpxtpx:speed>28.5362</gpxtpx:speed></gpxtpx:TrackPointExtension></extensions><geoidheight>-29.3</geoidheight><src>gps</src><sat>13</sat><hdop>0.74</hdop><vdop>0.93</vdop><pdop>1.19</pdop><dgpsid>0000</dgpsid></trkpt>
<trkpt lat="38.27108716666667" lon="-122.66882466666667"><ele>13.1</ele><time>2026-09-24T22:12:21.000Z</time><extensions><gpxtpx:TrackPointExtension><gpxtpx:bearing>134.59</gpxtpx:bearing><gpxtpx:speed>29.495127</gpxtpx:speed></gpxtpx:TrackPointExtension></extensions><geoidheight>-29.3</geoidheight><src>gps</src><sat>12</sat><hdop>1.01</hdop><vdop>1.26</vdop><pdop>1.62</pdop><dgpsid>0000</dgpsid></trkpt>
<trkpt lat="38.268995499999996" lon="-122.66626666666667"><ele>11.8</ele><time>2026-09-24T22:12:32.000Z</time><extensions><gpxtpx:TrackPointExtension><gpxtpx:bearing>138.74</gpxtpx:bearing><gpxtpx:speed>29.476082</gpxtpx:speed></gpxtpx:TrackPointExtension></extensions><geoidheight>-29.3</geoidheight><src>gps</src><sat>12</sat><hdop>1.01</hdop><vdop>1.26</vdop><pdop>1.62</pdop><dgpsid>0000</dgpsid></trkpt>
<trkpt lat="38.26677683333333" lon="-122.66382066666665"><ele>10.8</ele><time>2026-09-24T22:12:43.000Z</time><extensions><gpxtpx:TrackPointExtension><gpxtpx:bearing>138.81</gpxtpx:bearing><gpxtpx:speed>30.118456</gpxtpx:speed></gpxtpx:TrackPointExtension></extensions><geoidheight>-29.3</geoidheight><src>gps</src><sat>13</sat><hdop>0.98</hdop><vdop>1.26</vdop><pdop>1.59</pdop><dgpsid>0000</dgpsid></trkpt>
<trkpt lat="38.26477583333334" lon="-122.6610145"><ele>10.7</ele><time>2026-09-24T22:12:54.000Z</time><extensions><gpxtpx:TrackPointExtension><gpxtpx:bearing>125.04</gpxtpx:bearing><gpxtpx:speed>30.744358</gpxtpx:speed></gpxtpx:TrackPointExtension></extensions><geoidheight>-29.3</geoidheight><src>gps</src><sat>13</sat><hdop>0.93</hdop><vdop>1.25</vdop><pdop>1.56</pdop><dgpsid>0000</dgpsid></trkpt>
<trkpt lat="38.263017" lon="-122.65789683333333"><ele>7.3</ele><time>2026-09-24T22:13:05.000Z</time><extensions><gpxtpx:TrackPointExtension><gpxtpx:bearing>126.21</gpxtpx:bearing><gpxtpx:speed>30.747446</gpxtpx:speed></gpxtpx:TrackPointExtension></extensions><geoidheight>-29.3</geoidheight><src>gps</src><sat>13</sat><hdop>0.90</hdop><vdop>1.25</vdop><pdop>1.54</pdop><dgpsid>0000</dgpsid></trkpt>
<trkpt lat="38.261254666666666" lon="-122.65477383333334"><ele>7.2</ele><time>2026-09-24T22:13:16.000Z</time><extensions><gpxtpx:TrackPointExtension><gpxtpx:bearing>125.42</gpxtpx:bearing><gpxtpx:speed>30.462805</gpxtpx:speed></gpxtpx:TrackPointExtension></extensions><geoidheight>-29.3</geoidheight><src>gps</src><sat>13</sat><hdop>0.90</hdop><vdop>1.25</vdop><pdop>1.54</pdop><dgpsid>0000</dgpsid></trkpt>
<trkpt lat="38.25948666666667" lon="-122.65164166666666"><ele>6.5</ele><time>2026-09-24T22:13:27.000Z</time><extensions><gpxtpx:TrackPointExtension><gpxtpx:bearing>125.36</gpxtpx:bearing><gpxtpx:speed>30.965689</gpxtpx:speed></gpxtpx:TrackPointExtension></extensions><geoidheight>-29.3</geoidheight><src>gps</src><sat>13</sat><hdop>0.93</hdop><vdop>1.25</vdop><pdop>1.56</pdop><dgpsid>0000</dgpsid></trkpt>
<trkpt lat="38.257697" lon="-122.64846700000001"><ele>6.9</ele><time>2026-09-24T22:13:38.000Z</time><extensions><gpxtpx:TrackPointExtension><gpxtpx:bearing>125.48</gpxtpx:bearing><gpxtpx:speed>31.085104</gpxtpx:speed></gpxtpx:TrackPointExtension></extensions><geoidheight>-29.3</geoidheight><src>gps</src><sat>13</sat><hdop>0.91</hdop><vdop>1.25</vdop><pdop>1.54</pdop><dgpsid>0000</dgpsid></trkpt>
<trkpt lat="38.25597716666667" lon="-122.64538883333334"><ele>14.6</ele><time>2026-09-24T22:13:49.000Z</time><extensions><gpxtpx:TrackPointExtension><gpxtpx:bearing>125.04</gpxtpx:bearing><gpxtpx:speed>29.169823</gpxtpx:speed></gpxtpx:TrackPointExtension></extensions><geoidheight>-29.3</geoidheight><src>gps</src><sat>13</sat><hdop>0.91</hdop><vdop>1.25</vdop><pdop>1.54</pdop><dgpsid>0000</dgpsid></trkpt>
<trkpt lat="38.254338" lon="-122.64235083333332"><ele>17.4</ele><time>2026-09-24T22:14:00.000Z</time><extensions><gpxtpx:TrackPointExtension><gpxtpx:bearing>123.88</gpxtpx:bearing><gpxtpx:speed>29.75815</gpxtpx:speed></gpxtpx:TrackPointExtension></extensions><geoidheight>-29.3</geoidheight><src>gps</src><sat>13</sat><hdop>0.91</hdop><vdop>1.24</vdop><pdop>1.54</pdop><dgpsid>0000</dgpsid></trkpt>
<trkpt lat="38.25269083333333" lon="-122.63920349999998"><ele>11.6</ele><time>2026-09-24T22:14:11.000Z</time><extensions><gpxtpx:TrackPointExtension><gpxtpx:bearing>123.49</gpxtpx:bearing><gpxtpx:speed>30.48391</gpxtpx:speed></gpxtpx:TrackPointExtension></extensions><geoidheight>-29.3</geoidheight><src>gps</src><sat>13</sat><hdop>1.06</hdop><vdop>1.36</vdop><pdop>1.72</pdop><dgpsid>0000</dgpsid></trkpt>
<trkpt lat="38.251056166666665" lon="-122.63604633333334"><ele>8.2</ele><time>2026-09-24T22:14:22.000Z</time><extensions><gpxtpx:TrackPointExtension><gpxtpx:bearing>123.43</gpxtpx:bearing><gpxtpx:speed>29.05401</gpxtpx:speed></gpxtpx:TrackPointExtension></extensions><geoidheight>-29.3</geoidheight><src>gps</src><sat>12</sat><hdop>1.04</hdop><vdop>1.36</vdop><pdop>1.71</pdop><dgpsid>0000</dgpsid></trkpt>
<trkpt lat="38.24945233333334" lon="-122.63295366666668"><ele>9.0</ele><time>2026-09-24T22:14:33.000Z</time><extensions><gpxtpx:TrackPointExtension><gpxtpx:bearing>123.41</gpxtpx:bearing><gpxtpx:speed>30.281624</gpxtpx:speed></gpxtpx:TrackPointExtension></extensions><geoidheight>-29.3</geoidheight><src>gps</src><sat>12</sat><hdop>1.28</hdop><vdop>1.89</vdop><pdop>2.28</pdop><dgpsid>0000</dgpsid></trkpt>
<trkpt lat="38.24777366666667" lon="-122.62972599999999"><ele>9.0</ele><time>2026-09-24T22:14:44.000Z</time><extensions><gpxtpx:TrackPointExtension><gpxtpx:bearing>123.92</gpxtpx:bearing><gpxtpx:speed>30.686195</gpxtpx:speed></gpxtpx:TrackPointExtension></extensions><geoidheight>-29.3</geoidheight><src>gps</src><sat>8</sat><hdop>1.36</hdop><vdop>1.90</vdop><pdop>2.33</pdop><dgpsid>0000</dgpsid></trkpt>
<trkpt lat="38.24611083333333" lon="-122.626595"><ele>8.4</ele><time>2026-09-24T22:14:55.000Z</time><extensions><gpxtpx:TrackPointExtension><gpxtpx:bearing>124.09</gpxtpx:bearing><gpxtpx:speed>29.050922</gpxtpx:speed></gpxtpx:TrackPointExtension></extensions><geoidheight>-29.3</geoidheight><src>gps</src><sat>12</sat><hdop>1.05</hdop><vdop>1.35</vdop><pdop>1.71</pdop><dgpsid>0000</dgpsid></trkpt>
<trkpt lat="38.24424933333333" lon="-122.62411900000001"><ele>5.9</ele><time>2026-09-24T22:15:06.000Z</time><extensions><gpxtpx:TrackPointExtension><gpxtpx:bearing>143.16</gpxtpx:bearing><gpxtpx:speed>26.501503</gpxtpx:speed></gpxtpx:TrackPointExtension></extensions><geoidheight>-29.3</geoidheight><src>gps</src><sat>13</sat><hdop>0.94</hdop><vdop>1.24</vdop><pdop>1.56</pdop><dgpsid>0000</dgpsid></trkpt>
<trkpt lat="38.241906666666665" lon="-122.62260366666666"><ele>3.4</ele><time>2026-09-24T22:15:17.000Z</time><extensions><gpxtpx:TrackPointExtension><gpxtpx:bearing>158.62</gpxtpx:bearing><gpxtpx:speed>26.529812</gpxtpx:speed></gpxtpx:TrackPointExtension></extensions><geoidheight>-29.3</geoidheight><src>gps</src><sat>13</sat><hdop>0.91</hdop><vdop>1.24</vdop><pdop>1.54</pdop><dgpsid>0000</dgpsid></trkpt>
<trkpt lat="38.23949433333333" lon="-122.62136933333335"><ele>2.8</ele><time>2026-09-24T22:15:28.000Z</time><extensions><gpxtpx:TrackPointExtension><gpxtpx:bearing>157.98</gpxtpx:bearing><gpxtpx:speed>26.15561</gpxtpx:speed></gpxtpx:TrackPointExtension></extensions><geoidheight>-29.3</geoidheight><src>gps</src><sat>13</sat><hdop>0.94</hdop><vdop>1.24</vdop><pdop>1.56</pdop><dgpsid>0000</dgpsid></trkpt>
<trkpt lat="38.23717616666667" lon="-122.62021600000001"><ele>2.5</ele><time>2026-09-24T22:15:39.000Z</time><extensions><gpxtpx:TrackPointExtension><gpxtpx:bearing>161.97</gpxtpx:bearing><gpxtpx:speed>22.832048</gpxtpx:speed></gpxtpx:TrackPointExtension></extensions><geoidheight>-29.3</geoidheight><src>gps</src><sat>13</sat><hdop>0.96</hdop><vdop>1.38</vdop><pdop>1.69</pdop><dgpsid>0000</dgpsid></trkpt>
<trkpt lat="38.23564016666667" lon="-122.61973250000001"><ele>1.3</ele><time>2026-09-24T22:15:50.000Z</time><extensions><gpxtpx:TrackPointExtension><gpxtpx:bearing>186.47</gpxtpx:bearing><gpxtpx:speed>10.263046</gpxtpx:speed></gpxtpx:TrackPointExtension></extensions><geoidheight>-29.3</geoidheight><src>gps</src><sat>13</sat><hdop>0.91</hdop><vdop>1.24</vdop><pdop>1.54</pdop><dgpsid>0000</dgpsid></trkpt>
<trkpt lat="38.235311" lon="-122.6199285"><ele>1.8</ele><time>2026-09-24T22:16:01.000Z</time><extensions><gpxtpx:TrackPointExtension><gpxtpx:speed>0.054560557</gpxtpx:speed></gpxtpx:TrackPointExtension></extensions><geoidheight>-29.3</geoidheight><src>gps</src><sat>13</sat><hdop>0.91</hdop><vdop>1.24</vdop><pdop>1.54</pdop><dgpsid>0000</dgpsid></trkpt>
<trkpt lat="38.235184" lon="-122.62003833333334"><ele>3.3</ele><time>2026-09-24T22:16:34.000Z</time><extensions><gpxtpx:TrackPointExtension><gpxtpx:bearing>219.06</gpxtpx:bearing><gpxtpx:speed>5.0741315</gpxtpx:speed></gpxtpx:TrackPointExtension></extensions><geoidheight>-29.3</geoidheight><src>gps</src><sat>15</sat><hdop>0.73</hdop><vdop>0.94</vdop><pdop>1.19</pdop><dgpsid>0000</dgpsid></trkpt>
<trkpt lat="38.23455" lon="-122.6201525"><ele>1.7</ele><time>2026-09-24T22:16:45.000Z</time><extensions><gpxtpx:TrackPointExtension><gpxtpx:bearing>139.34</gpxtpx:bearing><gpxtpx:speed>9.579495</gpxtpx:speed></gpxtpx:TrackPointExtension></extensions><geoidheight>-29.3</geoidheight><src>gps</src><sat>14</sat><hdop>0.85</hdop><vdop>1.18</vdop><pdop>1.45</pdop><dgpsid>0000</dgpsid></trkpt>
<trkpt lat="38.23358333333333" lon="-122.61902049999999"><ele>-1.1</ele><time>2026-09-24T22:16:56.000Z</time><extensions><gpxtpx:TrackPointExtension><gpxtpx:bearing>128.23</gpxtpx:bearing><gpxtpx:speed>15.748956</gpxtpx:speed></gpxtpx:TrackPointExtension></extensions><geoidheight>-29.3</geoidheight><src>gps</src><sat>15</sat><hdop>0.72</hdop><vdop>0.96</vdop><pdop>1.20</pdop><dgpsid>0000</dgpsid></trkpt>
<trkpt lat="38.23304516666667" lon="-122.61704333333334"><ele>-1.3</ele><time>2026-09-24T22:17:07.000Z</time><extensions><gpxtpx:TrackPointExtension><gpxtpx:bearing>101.04</gpxtpx:bearing><gpxtpx:speed>15.520934</gpxtpx:speed></gpxtpx:TrackPointExtension></extensions><geoidheight>-29.3</geoidheight><src>gps</src><sat>14</sat><hdop>0.78</hdop><vdop>1.00</vdop><pdop>1.27</pdop><dgpsid>0000</dgpsid></trkpt>
<trkpt lat="38.2328355" lon="-122.61532100000001"><ele>0.5</ele><time>2026-09-24T22:17:18.000Z</time><extensions><gpxtpx:TrackPointExtension><gpxtpx:bearing>95.2</gpxtpx:bearing><gpxtpx:speed>10.076717</gpxtpx:speed></gpxtpx:TrackPointExtension></extensions><geoidheight>-29.3</geoidheight><src>gps</src><sat>15</sat><hdop>0.72</hdop><vdop>0.96</vdop><pdop>1.20</pdop><dgpsid>0000</dgpsid></trkpt>
<trkpt lat="38.232805" lon="-122.61493816666668"><ele>-3.1</ele><time>2026-09-24T22:17:29.000Z</time><extensions><gpxtpx:TrackPointExtension><gpxtpx:speed>0.16677</gpxtpx:speed></gpxtpx:TrackPointExtension></extensions><geoidheight>-29.3</geoidheight><src>gps</src><sat>15</sat><hdop>0.76</hdop><vdop>0.97</vdop><pdop>1.23</pdop><dgpsid>0000</dgpsid></trkpt>
<trkpt lat="38.232832" lon="-122.61486916666667"><ele>0.6</ele><time>2026-09-24T22:17:51.000Z</time><extensions><gpxtpx:TrackPointExtension><gpxtpx:speed>0.049928054</gpxtpx:speed></gpxtpx:TrackPointExtension></extensions><geoidheight>-29.3</geoidheight><src>gps</src><sat>15</sat><hdop>0.95</hdop><vdop>1.23</vdop><pdop>1.55</pdop><dgpsid>0000</dgpsid></trkpt>
<trkpt lat="38.23285833333333" lon="-122.61464933333333"><ele>3.3</ele><time>2026-09-24T22:18:02.000Z</time><extensions><gpxtpx:TrackPointExtension><gpxtpx:bearing>84.65</gpxtpx:bearing><gpxtpx:speed>6.2307124</gpxtpx:speed></gpxtpx:TrackPointExtension></extensions><geoidheight>-29.3</geoidheight><src>gps</src><sat>15</sat><hdop>0.95</hdop><vdop>1.23</vdop><pdop>1.55</pdop><dgpsid>0000</dgpsid></trkpt>
<trkpt lat="38.23297566666667" lon="-122.61324350000001"><ele>1.8</ele><time>2026-09-24T22:18:13.000Z</time><extensions><gpxtpx:TrackPointExtension><gpxtpx:bearing>83.07</gpxtpx:bearing><gpxtpx:speed>13.598961</gpxtpx:speed></gpxtpx:TrackPointExtension></extensions><geoidheight>-29.3</geoidheight><src>gps</src><sat>14</sat><hdop>0.78</hdop><vdop>1.00</vdop><pdop>1.27</pdop><dgpsid>0000</dgpsid></trkpt>
<trkpt lat="38.2330955" lon="-122.61124749999999"><ele>1.1</ele><time>2026-09-24T22:18:24.000Z</time><extensions><gpxtpx:TrackPointExtension><gpxtpx:bearing>87.92</gpxtpx:bearing><gpxtpx:speed>18.043074</gpxtpx:speed></gpxtpx:TrackPointExtension></extensions><geoidheight>-29.3</geoidheight><src>gps</src><sat>14</sat><hdop>0.78</hdop><vdop>1.00</vdop><pdop>1.27</pdop><dgpsid>0000</dgpsid></trkpt>
<trkpt lat="38.233234833333334" lon="-122.60899716666667"><ele>0.6</ele><time>2026-09-24T22:18:35.000Z</time><extensions><gpxtpx:TrackPointExtension><gpxtpx:bearing>84.76</gpxtpx:bearing><gpxtpx:speed>17.595264</gpxtpx:speed></gpxtpx:TrackPointExtension></extensions><geoidheight>-29.3</geoidheight><src>gps</src><sat>14</sat><hdop>0.78</hdop><vdop>1.00</vdop><pdop>1.27</pdop><dgpsid>0000</dgpsid></trkpt>
<trkpt lat="38.23341066666667" lon="-122.60674933333333"><ele>1.7</ele><time>2026-09-24T22:18:46.000Z</time><extensions><gpxtpx:TrackPointExtension><gpxtpx:bearing>85.28</gpxtpx:bearing><gpxtpx:speed>17.990572</gpxtpx:speed></gpxtpx:TrackPointExtension></extensions><geoidheight>-29.3</geoidheight><src>gps</src><sat>14</sat><hdop>0.78</hdop><vdop>1.00</vdop><pdop>1.27</pdop><dgpsid>0000</dgpsid></trkpt>
<trkpt lat="38.23357766666666" lon="-122.604445"><ele>2.0</ele><time>2026-09-24T22:18:57.000Z</time><extensions><gpxtpx:TrackPointExtension><gpxtpx:bearing>84.23</gpxtpx:bearing><gpxtpx:speed>19.7746</gpxtpx:speed></gpxtpx:TrackPointExtension></extensions><geoidheight>-29.3</geoidheight><src>gps</src><sat>15</sat><hdop>0.78</hdop><vdop>1.00</vdop><pdop>1.27</pdop><dgpsid>0000</dgpsid></trkpt>
<trkpt lat="38.233825499999995" lon="-122.60213466666667"><ele>2.6</ele><time>2026-09-24T22:19:08.000Z</time><extensions><gpxtpx:TrackPointExtension><gpxtpx:bearing>81.95</gpxtpx:bearing><gpxtpx:speed>15.381959</gpxtpx:speed></gpxtpx:TrackPointExtension></extensions><geoidheight>-29.3</geoidheight><src>gps</src><sat>14</sat><hdop>0.80</hdop><vdop>1.01</vdop><pdop>1.29</pdop><dgpsid>0000</dgpsid></trkpt>
<trkpt lat="38.233956166666665" lon="-122.60095366666668"><ele>2.7</ele><time>2026-09-24T22:19:19.000Z</time><extensions><gpxtpx:TrackPointExtension><gpxtpx:bearing>82.75</gpxtpx:bearing><gpxtpx:speed>6.3768935</gpxtpx:speed></gpxtpx:TrackPointExtension></extensions><geoidheight>-29.3</geoidheight><src>gps</src><sat>14</sat><hdop>0.80</hdop><vdop>1.01</vdop><pdop>1.29</pdop><dgpsid>0000</dgpsid></trkpt>
<trkpt lat="38.234089166666664" lon="-122.59981850000001"><ele>2.4</ele><time>2026-09-24T22:19:30.000Z</time><extensions><gpxtpx:TrackPointExtension><gpxtpx:bearing>81.61</gpxtpx:bearing><gpxtpx:speed>10.980569</gpxtpx:speed></gpxtpx:TrackPointExtension></extensions><geoidheight>-29.3</geoidheight><src>gps</src><sat>14</sat><hdop>0.92</hdop><vdop>1.23</vdop><pdop>1.53</pdop><dgpsid>0000</dgpsid></trkpt>
<trkpt lat="38.234239333333335" lon="-122.59847833333333"><ele>1.8</ele><time>2026-09-24T22:19:41.000Z</time><extensions><gpxtpx:TrackPointExtension><gpxtpx:bearing>82.09</gpxtpx:bearing><gpxtpx:speed>13.905221</gpxtpx:speed></gpxtpx:TrackPointExtension></extensions><geoidheight>-29.3</geoidheight><src>gps</src><sat>13</sat><hdop>0.92</hdop><vdop>1.22</vdop><pdop>1.53</pdop><dgpsid>0000</dgpsid></trkpt>
<trkpt lat="38.2343955" lon="-122.59649766666668"><ele>0.4</ele><time>2026-09-24T22:19:52.000Z</time><extensions><gpxtpx:TrackPointExtension><gpxtpx:bearing>85.29</gpxtpx:bearing><gpxtpx:speed>16.14272</gpxtpx:speed></gpxtpx:TrackPointExtension></extensions><geoidheight>-29.3</geoidheight><src>gps</src><sat>15</sat><hdop>0.80</hdop><vdop>1.01</vdop><pdop>1.29</pdop><dgpsid>0000</dgpsid></trkpt>
<trkpt lat="38.23456183333334" lon="-122.59485133333334"><ele>1.0</ele><time>2026-09-24T22:20:03.000Z</time><extensions><gpxtpx:TrackPointExtension><gpxtpx:bearing>83.87</gpxtpx:bearing><gpxtpx:speed>7.1958165</gpxtpx:speed></gpxtpx:TrackPointExtension></extensions><geoidheight>-29.3</geoidheight><src>gps</src><sat>14</sat><hdop>0.78</hdop><vdop>1.00</vdop><pdop>1.27</pdop><dgpsid>0000</dgpsid></trkpt>
<trkpt lat="38.2345895" lon="-122.59465933333334"><ele>2.6</ele><time>2026-09-24T22:20:14.000Z</time><extensions><gpxtpx:TrackPointExtension><gpxtpx:speed>0.0138975</gpxtpx:speed></gpxtpx:TrackPointExtension></extensions><geoidheight>-29.3</geoidheight><src>gps</src><sat>15</sat><hdop>0.78</hdop><vdop>1.00</vdop><pdop>1.27</pdop><dgpsid>0000</dgpsid></trkpt>
<trkpt lat="38.234604833333336" lon="-122.59460416666667"><ele>6.1</ele><time>2026-09-24T22:20:36.000Z</time><extensions><gpxtpx:TrackPointExtension><gpxtpx:speed>0.030883333</gpxtpx:speed></gpxtpx:TrackPointExtension></extensions><geoidheight>-29.3</geoidheight><src>gps</src><sat>16</sat><hdop>0.68</hdop><vdop>0.88</vdop><pdop>1.11</pdop><dgpsid>0000</dgpsid></trkpt>
<trkpt lat="38.234651500000005" lon="-122.59423999999999"><ele>8.6</ele><time>2026-09-24T22:21:09.000Z</time><extensions><gpxtpx:TrackPointExtension><gpxtpx:bearing>78.15</gpxtpx:bearing><gpxtpx:speed>8.162465</gpxtpx:speed></gpxtpx:TrackPointExtension></extensions><geoidheight>-29.3</geoidheight><src>gps</src><sat>16</sat><hdop>0.68</hdop><vdop>0.88</vdop><pdop>1.12</pdop><dgpsid>0000</dgpsid></trkpt>
<trkpt lat="38.235299166666664" lon="-122.59336499999999"><ele>6.4</ele><time>2026-09-24T22:21:20.000Z</time><extensions><gpxtpx:TrackPointExtension><gpxtpx:bearing>59.69</gpxtpx:bearing><gpxtpx:speed>10.649603</gpxtpx:speed></gpxtpx:TrackPointExtension></extensions><geoidheight>-29.3</geoidheight><src>gps</src><sat>15</sat><hdop>0.68</hdop><vdop>0.92</vdop><pdop>1.15</pdop><dgpsid>0000</dgpsid></trkpt>
<trkpt lat="38.23605916666667" lon="-122.59242316666665"><ele>4.1</ele><time>2026-09-24T22:21:31.000Z</time><extensions><gpxtpx:TrackPointExtension><gpxtpx:bearing>36.95</gpxtpx:bearing><gpxtpx:speed>12.206122</gpxtpx:speed></gpxtpx:TrackPointExtension></extensions><geoidheight>-29.2</geoidheight><src>gps</src><sat>16</sat><hdop>0.68</hdop><vdop>0.92</vdop><pdop>1.15</pdop><dgpsid>0000</dgpsid></trkpt>
<trkpt lat="38.237233999999994" lon="-122.5913715"><ele>2.6</ele><time>2026-09-24T22:21:42.000Z</time><extensions><gpxtpx:TrackPointExtension><gpxtpx:bearing>36.04</gpxtpx:bearing><gpxtpx:speed>16.216324</gpxtpx:speed></gpxtpx:TrackPointExtension></extensions><geoidheight>-29.2</geoidheight><src>gps</src><sat>13</sat><hdop>0.78</hdop><vdop>1.03</vdop><pdop>1.29</pdop><dgpsid>0000</dgpsid></trkpt>
<trkpt lat="38.238481" lon="-122.5902435"><ele>3.4</ele><time>2026-09-24T22:21:53.000Z</time><extensions><gpxtpx:TrackPointExtension><gpxtpx:bearing>36.36</gpxtpx:bearing><gpxtpx:speed>14.957828</gpxtpx:speed></gpxtpx:TrackPointExtension></extensions><geoidheight>-29.2</geoidheight><src>gps</src><sat>15</sat><hdop>0.79</hdop><vdop>1.03</vdop><pdop>1.30</pdop><dgpsid>0000</dgpsid></trkpt>
<trkpt lat="38.23932533333333" lon="-122.58950183333333"><ele>7.3</ele><time>2026-09-24T22:22:04.000Z</time><extensions><gpxtpx:TrackPointExtension><gpxtpx:bearing>34.93</gpxtpx:bearing><gpxtpx:speed>5.545617</gpxtpx:speed></gpxtpx:TrackPointExtension></extensions><geoidheight>-29.2</geoidheight><src>gps</src><sat>14</sat><hdop>0.89</hdop><vdop>1.15</vdop><pdop>1.46</pdop><dgpsid>0000</dgpsid></trkpt>
<trkpt lat="38.2395445" lon="-122.58931866666666"><ele>8.7</ele><time>2026-09-24T22:22:15.000Z</time><extensions><gpxtpx:TrackPointExtension><gpxtpx:bearing>36.05</gpxtpx:bearing><gpxtpx:speed>1.1818023</gpxtpx:speed></gpxtpx:TrackPointExtension></extensions><geoidheight>-29.2</geoidheight><src>gps</src><sat>15</sat><hdop>0.68</hdop><vdop>0.92</vdop><pdop>1.15</pdop><dgpsid>0000</dgpsid></trkpt>
<trkpt lat="38.23986466666667" lon="-122.58903416666665"><ele>11.3</ele><time>2026-09-24T22:22:26.000Z</time><extensions><gpxtpx:TrackPointExtension><gpxtpx:bearing>34.2</gpxtpx:bearing><gpxtpx:speed>8.160921</gpxtpx:speed></gpxtpx:TrackPointExtension></extensions><geoidheight>-29.2</geoidheight><src>gps</src><sat>15</sat><hdop>0.74</hdop><vdop>1.00</vdop><pdop>1.24</pdop><dgpsid>0000</dgpsid></trkpt>
<trkpt lat="38.24084783333333" lon="-122.588135"><ele>15.8</ele><time>2026-09-24T22:22:37.000Z</time><extensions><gpxtpx:TrackPointExtension><gpxtpx:bearing>35.92</gpxtpx:bearing><gpxtpx:speed>14.840986</gpxtpx:speed></gpxtpx:TrackPointExtension></extensions><geoidheight>-29.2</geoidheight><src>gps</src><sat>15</sat><hdop>0.68</hdop><vdop>0.92</vdop><pdop>1.15</pdop><dgpsid>0000</dgpsid></trkpt>
<trkpt lat="38.24220733333333" lon="-122.58689766666666"><ele>18.9</ele><time>2026-09-24T22:22:48.000Z</time><extensions><gpxtpx:TrackPointExtension><gpxtpx:bearing>35.82</gpxtpx:bearing><gpxtpx:speed>18.318449</gpxtpx:speed></gpxtpx:TrackPointExtension></extensions><geoidheight>-29.2</geoidheight><src>gps</src><sat>15</sat><hdop>0.68</hdop><vdop>0.92</vdop><pdop>1.15</pdop><dgpsid>0000</dgpsid></trkpt>
<trkpt lat="38.24379333333333" lon="-122.58544833333332"><ele>21.9</ele><time>2026-09-24T22:22:59.000Z</time><extensions><gpxtpx:TrackPointExtension><gpxtpx:bearing>34.98</gpxtpx:bearing><gpxtpx:speed>20.827206</gpxtpx:speed></gpxtpx:TrackPointExtension></extensions><geoidheight>-29.2</geoidheight><src>gps</src><sat>15</sat><hdop>0.68</hdop><vdop>0.92</vdop><pdop>1.15</pdop><dgpsid>0000</dgpsid></trkpt>
<trkpt lat="38.245535499999995" lon="-122.58387016666666"><ele>25.0</ele><time>2026-09-24T22:23:10.000Z</time><extensions><gpxtpx:TrackPointExtension><gpxtpx:bearing>34.66</gpxtpx:bearing><gpxtpx:speed>22.307547</gpxtpx:speed></gpxtpx:TrackPointExtension></extensions><geoidheight>-29.2</geoidheight><src>gps</src><sat>15</sat><hdop>0.66</hdop><vdop>0.92</vdop><pdop>1.13</pdop><dgpsid>0000</dgpsid></trkpt>
<trkpt lat="38.24735533333333" lon="-122.58222066666667"><ele>29.7</ele><time>2026-09-24T22:23:21.000Z</time><extensions><gpxtpx:TrackPointExtension><gpxtpx:bearing>35.6</gpxtpx:bearing><gpxtpx:speed>21.751646</gpxtpx:speed></gpxtpx:TrackPointExtension></extensions><geoidheight>-29.2</geoidheight><src>gps</src><sat>15</sat><hdop>0.66</hdop><vdop>0.92</vdop><pdop>1.13</pdop><dgpsid>0000</dgpsid></trkpt>
<trkpt lat="38.24895516666666" lon="-122.5807665"><ele>34.2</ele><time>2026-09-24T22:23:32.000Z</time><extensions><gpxtpx:TrackPointExtension><gpxtpx:bearing>35.82</gpxtpx:bearing><gpxtpx:speed>19.6418</gpxtpx:speed></gpxtpx:TrackPointExtension></extensions><geoidheight>-29.2</geoidheight><src>gps</src><sat>15</sat><hdop>0.66</hdop><vdop>0.92</vdop><pdop>1.13</pdop><dgpsid>0000</dgpsid></trkpt>
<trkpt lat="38.25042833333334" lon="-122.57942233333333"><ele>37.0</ele><time>2026-09-24T22:23:43.000Z</time><extensions><gpxtpx:TrackPointExtension><gpxtpx:bearing>35.68</gpxtpx:bearing><gpxtpx:speed>16.00117</gpxtpx:speed></gpxtpx:TrackPointExtension></extensions><geoidheight>-29.2</geoidheight><src>gps</src><sat>15</sat><hdop>0.66</hdop><vdop>0.92</vdop><pdop>1.13</pdop><dgpsid>0000</dgpsid></trkpt>
<trkpt lat="38.251288" lon="-122.57864833333333"><ele>39.7</ele><time>2026-09-24T22:23:54.000Z</time><extensions><gpxtpx:TrackPointExtension><gpxtpx:bearing>33.45</gpxtpx:bearing><gpxtpx:speed>5.450908</gpxtpx:speed></gpxtpx:TrackPointExtension></extensions><geoidheight>-29.2</geoidheight><src>gps</src><sat>15</sat><hdop>0.68</hdop><vdop>0.93</vdop><pdop>1.15</pdop><dgpsid>0000</dgpsid></trkpt>
<trkpt lat="38.25147833333333" lon="-122.57846566666667"><ele>39.7</ele><time>2026-09-24T22:24:05.000Z</time><extensions><gpxtpx:TrackPointExtension><gpxtpx:bearing>37.96</gpxtpx:bearing><gpxtpx:speed>0.6104606</gpxtpx:speed></gpxtpx:TrackPointExtension></extensions><geoidheight>-29.2</geoidheight><src>gps</src><sat>16</sat><hdop>0.66</hdop><vdop>0.92</vdop><pdop>1.13</pdop><dgpsid>0000</dgpsid></trkpt>
<trkpt lat="38.25162383333333" lon="-122.57833516666666"><ele>39.8</ele><time>2026-09-24T22:24:16.000Z</time><extensions><gpxtpx:TrackPointExtension><gpxtpx:bearing>37.93</gpxtpx:bearing><gpxtpx:speed>5.246049</gpxtpx:speed></gpxtpx:TrackPointExtension></extensions><geoidheight>-29.2</geoidheight><src>gps</src><sat>16</sat><hdop>0.64</hdop><vdop>0.86</vdop><pdop>1.07</pdop><dgpsid>0000</dgpsid></trkpt>
<trkpt lat="38.252477999999996" lon="-122.57755"><ele>39.0</ele><time>2026-09-24T22:24:27.000Z</time><extensions><gpxtpx:TrackPointExtension><gpxtpx:bearing>35.33</gpxtpx:bearing><gpxtpx:speed>13.941252</gpxtpx:speed></gpxtpx:TrackPointExtension></extensions><geoidheight>-29.2</geoidheight><src>gps</src><sat>15</sat><hdop>0.67</hdop><vdop>0.92</vdop><pdop>1.13</pdop><dgpsid>0000</dgpsid></trkpt>
<trkpt lat="38.25376116666666" lon="-122.57631950000001"><ele>38.4</ele><time>2026-09-24T22:24:38.000Z</time><extensions><gpxtpx:TrackPointExtension><gpxtpx:bearing>45.6</gpxtpx:bearing><gpxtpx:speed>18.003439</gpxtpx:speed></gpxtpx:TrackPointExtension></extensions><geoidheight>-29.2</geoidheight><src>gps</src><sat>14</sat><hdop>0.68</hdop><vdop>0.92</vdop><pdop>1.15</pdop><dgpsid>0000</dgpsid></trkpt>
<trkpt lat="38.25439933333334" lon="-122.57400783333333"><ele>34.6</ele><time>2026-09-24T22:24:49.000Z</time><extensions><gpxtpx:TrackPointExtension><gpxtpx:bearing>92.4</gpxtpx:bearing><gpxtpx:speed>21.804148</gpxtpx:speed></gpxtpx:TrackPointExtension></extensions><geoidheight>-29.2</geoidheight><src>gps</src><sat>15</sat><hdop>0.71</hdop><vdop>1.00</vdop><pdop>1.23</pdop><dgpsid>0000</dgpsid></trkpt>
<trkpt lat="38.25390383333333" lon="-122.57116466666666"><ele>34.2</ele><time>2026-09-24T22:25:00.000Z</time><extensions><gpxtpx:TrackPointExtension><gpxtpx:bearing>103.34</gpxtpx:bearing><gpxtpx:speed>24.241873</gpxtpx:speed></gpxtpx:TrackPointExtension></extensions><geoidheight>-29.2</geoidheight><src>gps</src><sat>16</sat><hdop>0.62</hdop><vdop>0.85</vdop><pdop>1.06</pdop><dgpsid>0000</dgpsid></trkpt>
<trkpt lat="38.25330616666667" lon="-122.568023"><ele>34.3</ele><time>2026-09-24T22:25:11.000Z</time><extensions><gpxtpx:TrackPointExtension><gpxtpx:bearing>105.74</gpxtpx:bearing><gpxtpx:speed>26.595182</gpxtpx:speed></gpxtpx:TrackPointExtension></extensions><geoidheight>-29.2</geoidheight><src>gps</src><sat>16</sat><hdop>0.62</hdop><vdop>0.85</vdop><pdop>1.06</pdop><dgpsid>0000</dgpsid></trkpt>
<trkpt lat="38.25218766666667" lon="-122.56483133333334"><ele>34.4</ele><time>2026-09-24T22:25:22.000Z</time><extensions><gpxtpx:TrackPointExtension><gpxtpx:bearing>116.84</gpxtpx:bearing><gpxtpx:speed>28.195454</gpxtpx:speed></gpxtpx:TrackPointExtension></extensions><geoidheight>-29.2</geoidheight><src>gps</src><sat>16</sat><hdop>0.62</hdop><vdop>0.85</vdop><pdop>1.06</pdop><dgpsid>0000</dgpsid></trkpt>
<trkpt lat="38.25092233333333" lon="-122.56160583333333"><ele>33.3</ele><time>2026-09-24T22:25:33.000Z</time><extensions><gpxtpx:TrackPointExtension><gpxtpx:bearing>114.32</gpxtpx:bearing><gpxtpx:speed>28.835253</gpxtpx:speed></gpxtpx:TrackPointExtension></extensions><geoidheight>-29.2</geoidheight><src>gps</src><sat>16</sat><hdop>0.69</hdop><vdop>0.91</vdop><pdop>1.14</pdop><dgpsid>0000</dgpsid></trkpt>
<trkpt lat="38.250026000000005" lon="-122.55833249999999"><ele>34.9</ele><time>2026-09-24T22:25:44.000Z</time><extensions><gpxtpx:TrackPointExtension><gpxtpx:bearing>108.31</gpxtpx:bearing><gpxtpx:speed>27.222115</gpxtpx:speed></gpxtpx:TrackPointExtension></extensions><geoidheight>-29.2</geoidheight><src>gps</src><sat>16</sat><hdop>0.62</hdop><vdop>0.85</vdop><pdop>1.05</pdop><dgpsid>0000</dgpsid></trkpt>
<trkpt lat="38.24896816666667" lon="-122.55530216666666"><ele>38.0</ele><time>2026-09-24T22:25:55.000Z</time><extensions><gpxtpx:TrackPointExtension><gpxtpx:bearing>113.97</gpxtpx:bearing><gpxtpx:speed>24.521366</gpxtpx:speed></gpxtpx:TrackPointExtension></extensions><geoidheight>-29.2</geoidheight><src>gps</src><sat>16</sat><hdop>0.75</hdop><vdop>1.01</vdop><pdop>1.26</pdop><dgpsid>0000</dgpsid></trkpt>
<trkpt lat="38.24811016666667" lon="-122.55262366666666"><ele>38.8</ele><time>2026-09-24T22:26:06.000Z</time><extensions><gpxtpx:TrackPointExtension><gpxtpx:bearing>112.12</gpxtpx:bearing><gpxtpx:speed>23.24537</gpxtpx:speed></gpxtpx:TrackPointExtension></extensions><geoidheight>-29.2</geoidheight><src>gps</src><sat>16</sat><hdop>0.67</hdop><vdop>0.85</vdop><pdop>1.08</pdop><dgpsid>0000</dgpsid></trkpt>
<trkpt lat="38.24729" lon="-122.5499665"><ele>40.5</ele><time>2026-09-24T22:26:17.000Z</time><extensions><gpxtpx:TrackPointExtension><gpxtpx:bearing>108.23</gpxtpx:bearing><gpxtpx:speed>22.2185</gpxtpx:speed></gpxtpx:TrackPointExtension></extensions><geoidheight>-29.2</geoidheight><src>gps</src><sat>16</sat><hdop>0.67</hdop><vdop>0.85</vdop><pdop>1.08</pdop><dgpsid>0000</dgpsid></trkpt>
<trkpt lat="38.24680816666667" lon="-122.54735516666666"><ele>42.3</ele><time>2026-09-24T22:26:28.000Z</time><extensions><gpxtpx:TrackPointExtension><gpxtpx:bearing>100.75</gpxtpx:bearing><gpxtpx:speed>20.408222</gpxtpx:speed></gpxtpx:TrackPointExtension></extensions><geoidheight>-29.2</geoidheight><src>gps</src><sat>17</sat><hdop>0.62</hdop><vdop>0.82</vdop><pdop>1.03</pdop><dgpsid>0000</dgpsid></trkpt>
<trkpt lat="38.24617583333334" lon="-122.544738"><ele>43.2</ele><time>2026-09-24T22:26:39.000Z</time><extensions><gpxtpx:TrackPointExtension><gpxtpx:bearing>116.99</gpxtpx:bearing><gpxtpx:speed>22.78881</gpxtpx:speed></gpxtpx:TrackPointExtension></extensions><geoidheight>-29.2</geoidheight><src>gps</src><sat>16</sat><hdop>0.67</hdop><vdop>0.85</vdop><pdop>1.08</pdop><dgpsid>0000</dgpsid></trkpt>
<trkpt lat="38.244905" lon="-122.54236100000001"><ele>44.9</ele><time>2026-09-24T22:26:50.000Z</time><extensions><gpxtpx:TrackPointExtension><gpxtpx:bearing>126.44</gpxtpx:bearing><gpxtpx:speed>23.530527</gpxtpx:speed></gpxtpx:TrackPointExtension></extensions><geoidheight>-29.2</geoidheight><src>gps</src><sat>15</sat><hdop>0.71</hdop><vdop>0.85</vdop><pdop>1.10</pdop><dgpsid>0000</dgpsid></trkpt>
<trkpt lat="38.24348583333334" lon="-122.53984383333334"><ele>46.6</ele><time>2026-09-24T22:27:01.000Z</time><extensions><gpxtpx:TrackPointExtension><gpxtpx:bearing>125.55</gpxtpx:bearing><gpxtpx:speed>25.572945</gpxtpx:speed></gpxtpx:TrackPointExtension></extensions><geoidheight>-29.2</geoidheight><src>gps</src><sat>15</sat><hdop>0.71</hdop><vdop>0.85</vdop><pdop>1.10</pdop><dgpsid>0000</dgpsid></trkpt>
<trkpt lat="38.242016" lon="-122.53725066666667"><ele>49.6</ele><time>2026-09-24T22:27:12.000Z</time><extensions><gpxtpx:TrackPointExtension><gpxtpx:bearing>125.93</gpxtpx:bearing><gpxtpx:speed>24.317022</gpxtpx:speed></gpxtpx:TrackPointExtension></extensions><geoidheight>-29.2</geoidheight><src>gps</src><sat>15</sat><hdop>0.71</hdop><vdop>0.85</vdop><pdop>1.10</pdop><dgpsid>0000</dgpsid></trkpt>
<trkpt lat="38.24067166666667" lon="-122.53485799999999"><ele>55.4</ele><time>2026-09-24T22:27:23.000Z</time><extensions><gpxtpx:TrackPointExtension><gpxtpx:bearing>125.37</gpxtpx:bearing><gpxtpx:speed>22.803225</gpxtpx:speed></gpxtpx:TrackPointExtension></extensions><geoidheight>-29.2</geoidheight><src>gps</src><sat>15</sat><hdop>0.71</hdop><vdop>0.84</vdop><pdop>1.10</pdop><dgpsid>0000</dgpsid></trkpt>
<trkpt lat="38.23934133333333" lon="-122.53251416666666"><ele>60.7</ele><time>2026-09-24T22:27:34.000Z</time><extensions><gpxtpx:TrackPointExtension><gpxtpx:bearing>125.54</gpxtpx:bearing><gpxtpx:speed>23.107939</gpxtpx:speed></gpxtpx:TrackPointExtension></extensions><geoidheight>-29.2</geoidheight><src>gps</src><sat>16</sat><hdop>0.71</hdop><vdop>0.84</vdop><pdop>1.10</pdop><dgpsid>0000</dgpsid></trkpt>
<trkpt lat="38.237998999999995" lon="-122.53013383333334"><ele>66.0</ele><time>2026-09-24T22:27:45.000Z</time><extensions><gpxtpx:TrackPointExtension><gpxtpx:bearing>125.87</gpxtpx:bearing><gpxtpx:speed>23.502731</gpxtpx:speed></gpxtpx:TrackPointExtension></extensions><geoidheight>-29.2</geoidheight><src>gps</src><sat>14</sat><hdop>0.81</hdop><vdop>1.02</vdop><pdop>1.30</pdop><dgpsid>0000</dgpsid></trkpt>
<trkpt lat="38.23670666666667" lon="-122.527754"><ele>73.5</ele><time>2026-09-24T22:27:56.000Z</time><extensions><gpxtpx:TrackPointExtension><gpxtpx:bearing>122.42</gpxtpx:bearing><gpxtpx:speed>22.684837</gpxtpx:speed></gpxtpx:TrackPointExtension></extensions><geoidheight>-29.2</geoidheight><src>gps</src><sat>16</sat><hdop>0.67</hdop><vdop>0.84</vdop><pdop>1.08</pdop><dgpsid>0000</dgpsid></trkpt>
<trkpt lat="38.23593066666667" lon="-122.52524416666665"><ele>80.5</ele><time>2026-09-24T22:28:07.000Z</time><extensions><gpxtpx:TrackPointExtension><gpxtpx:bearing>90.22</gpxtpx:bearing><gpxtpx:speed>21.711498</gpxtpx:speed></gpxtpx:TrackPointExtension></extensions><geoidheight>-29.2</geoidheight><src>gps</src><sat>16</sat><hdop>0.60</hdop><vdop>0.80</vdop><pdop>1.00</pdop><dgpsid>0000</dgpsid></trkpt>
<trkpt lat="38.236234833333334" lon="-122.52281066666667"><ele>91.4</ele><time>2026-09-24T22:28:18.000Z</time><extensions><gpxtpx:TrackPointExtension><gpxtpx:bearing>66.63</gpxtpx:bearing><gpxtpx:speed>18.680813</gpxtpx:speed></gpxtpx:TrackPointExtension></extensions><geoidheight>-29.2</geoidheight><src>gps</src><sat>17</sat><hdop>0.63</hdop><vdop>0.84</vdop><pdop>1.05</pdop><dgpsid>0000</dgpsid></trkpt>
<trkpt lat="38.236917" lon="-122.5208335"><ele>99.6</ele><time>2026-09-24T22:28:29.000Z</time><extensions><gpxtpx:TrackPointExtension><gpxtpx:bearing>77.52</gpxtpx:bearing><gpxtpx:speed>17.14025</gpxtpx:speed></gpxtpx:TrackPointExtension></extensions><geoidheight>-29.2</geoidheight><src>gps</src><sat>17</sat><hdop>0.60</hdop><vdop>0.80</vdop><pdop>1.00</pdop><dgpsid>0000</dgpsid></trkpt>
<trkpt lat="38.23706583333333" lon="-122.51845066666668"><ele>99.5</ele><time>2026-09-24T22:28:40.000Z</time><extensions><gpxtpx:TrackPointExtension><gpxtpx:bearing>86.15</gpxtpx:bearing><gpxtpx:speed>21.419136</gpxtpx:speed></gpxtpx:TrackPointExtension></extensions><geoidheight>-29.2</geoidheight><src>gps</src><sat>16</sat><hdop>0.65</hdop><vdop>0.82</vdop><pdop>1.05</pdop><dgpsid>0000</dgpsid></trkpt>
<trkpt lat="38.23712533333333" lon="-122.5158495"><ele>97.1</ele><time>2026-09-24T22:28:51.000Z</time><extensions><gpxtpx:TrackPointExtension><gpxtpx:bearing>94.01</gpxtpx:bearing><gpxtpx:speed>21.648703</gpxtpx:speed></gpxtpx:TrackPointExtension></extensions><geoidheight>-29.2</geoidheight><src>gps</src><sat>17</sat><hdop>0.64</hdop><vdop>0.81</vdop><pdop>1.03</pdop><dgpsid>0000</dgpsid></trkpt>
<trkpt lat="38.236897500000005" lon="-122.51315933333332"><ele>86.0</ele><time>2026-09-24T22:29:02.000Z</time><extensions><gpxtpx:TrackPointExtension><gpxtpx:bearing>95.74</gpxtpx:bearing><gpxtpx:speed>20.62389</gpxtpx:speed></gpxtpx:TrackPointExtension></extensions><geoidheight>-29.2</geoidheight><src>gps</src><sat>16</sat><hdop>0.76</hdop><vdop>0.91</vdop><pdop>1.19</pdop><dgpsid>0000</dgpsid></trkpt>
<trkpt lat="38.23659716666667" lon="-122.51082849999999"><ele>79.9</ele><time>2026-09-24T22:29:13.000Z</time><extensions><gpxtpx:TrackPointExtension><gpxtpx:bearing>106.0</gpxtpx:bearing><gpxtpx:speed>18.415731</gpxtpx:speed></gpxtpx:TrackPointExtension></extensions><geoidheight>-29.2</geoidheight><src>gps</src><sat>16</sat><hdop>0.68</hdop><vdop>0.94</vdop><pdop>1.16</pdop><dgpsid>0000</dgpsid></trkpt>
<trkpt lat="38.23660466666667" lon="-122.50862800000002"><ele>75.2</ele><time>2026-09-24T22:29:24.000Z</time><extensions><gpxtpx:TrackPointExtension><gpxtpx:bearing>69.02</gpxtpx:bearing><gpxtpx:speed>16.813402</gpxtpx:speed></gpxtpx:TrackPointExtension></extensions><geoidheight>-29.2</geoidheight><src>gps</src><sat>17</sat><hdop>0.63</hdop><vdop>0.84</vdop><pdop>1.05</pdop><dgpsid>0000</dgpsid></trkpt>
<trkpt lat="38.2377865" lon="-122.50696133333334"><ele>69.7</ele><time>2026-09-24T22:29:35.000Z</time><extensions><gpxtpx:TrackPointExtension><gpxtpx:bearing>33.74</gpxtpx:bearing><gpxtpx:speed>20.80713</gpxtpx:speed></gpxtpx:TrackPointExtension></extensions><geoidheight>-29.2</geoidheight><src>gps</src><sat>17</sat><hdop>0.63</hdop><vdop>0.84</vdop><pdop>1.05</pdop><dgpsid>0000</dgpsid></trkpt>
<trkpt lat="38.23963683333333" lon="-122.50560766666668"><ele>62.9</ele><time>2026-09-24T22:29:46.000Z</time><extensions><gpxtpx:TrackPointExtension><gpxtpx:bearing>17.69</gpxtpx:bearing><gpxtpx:speed>22.17835</gpxtpx:speed></gpxtpx:TrackPointExtension></extensions><geoidheight>-29.1</geoidheight><src>gps</src><sat>15</sat><hdop>0.70</hdop><vdop>0.88</vdop><pdop>1.12</pdop><dgpsid>0000</dgpsid></trkpt>
<trkpt lat="38.2418095" lon="-122.50554133333331"><ele>62.7</ele><time>2026-09-24T22:29:57.000Z</time><extensions><gpxtpx:TrackPointExtension><gpxtpx:bearing>356.47</gpxtpx:bearing><gpxtpx:speed>20.84522</gpxtpx:speed></gpxtpx:TrackPointExtension></extensions><geoidheight>-29.1</geoidheight><src>gps</src><sat>11</sat><hdop>0.94</hdop><vdop>1.23</vdop><pdop>1.55</pdop><dgpsid>0000</dgpsid></trkpt>
<trkpt lat="38.24373716666666" lon="-122.50458533333334"><ele>60.3</ele><time>2026-09-24T22:30:08.000Z</time><extensions><gpxtpx:TrackPointExtension><gpxtpx:bearing>42.78</gpxtpx:bearing><gpxtpx:speed>21.8479</gpxtpx:speed></gpxtpx:TrackPointExtension></extensions><geoidheight>-29.1</geoidheight><src>gps</src><sat>14</sat><hdop>0.76</hdop><vdop>1.01</vdop><pdop>1.26</pdop><dgpsid>0000</dgpsid></trkpt>
<trkpt lat="38.24521433333334" lon="-122.50262733333332"><ele>54.0</ele><time>2026-09-24T22:30:19.000Z</time><extensions><gpxtpx:TrackPointExtension><gpxtpx:bearing>46.55</gpxtpx:bearing><gpxtpx:speed>22.08004</gpxtpx:speed></gpxtpx:TrackPointExtension></extensions><geoidheight>-29.1</geoidheight><src>gps</src><sat>16</sat><hdop>0.67</hdop><vdop>0.87</vdop><pdop>1.10</pdop><dgpsid>0000</dgpsid></trkpt>
<trkpt lat="38.24683533333334" lon="-122.5007165"><ele>45.2</ele><time>2026-09-24T22:30:30.000Z</time><extensions><gpxtpx:TrackPointExtension><gpxtpx:bearing>28.01</gpxtpx:bearing><gpxtpx:speed>22.90411</gpxtpx:speed></gpxtpx:TrackPointExtension></extensions><geoidheight>-29.1</geoidheight><src>gps</src><sat>16</sat><hdop>0.67</hdop><vdop>0.87</vdop><pdop>1.10</pdop><dgpsid>0000</dgpsid></trkpt>
<trkpt lat="38.248742500000006" lon="-122.49928916666667"><ele>43.7</ele><time>2026-09-24T22:30:41.000Z</time><extensions><gpxtpx:TrackPointExtension><gpxtpx:bearing>48.98</gpxtpx:bearing><gpxtpx:speed>22.787268</gpxtpx:speed></gpxtpx:TrackPointExtension></extensions><geoidheight>-29.1</geoidheight><src>gps</src><sat>16</sat><hdop>0.67</hdop><vdop>0.87</vdop><pdop>1.10</pdop><dgpsid>0000</dgpsid></trkpt>
<trkpt lat="38.249838" lon="-122.49659633333334"><ele>37.5</ele><time>2026-09-24T22:30:52.000Z</time><extensions><gpxtpx:TrackPointExtension><gpxtpx:bearing>65.34</gpxtpx:bearing><gpxtpx:speed>24.924395</gpxtpx:speed></gpxtpx:TrackPointExtension></extensions><geoidheight>-29.1</geoidheight><src>gps</src><sat>17</sat><hdop>0.64</hdop><vdop>0.83</vdop><pdop>1.05</pdop><dgpsid>0000</dgpsid></trkpt>
<trkpt lat="38.250719000000004" lon="-122.4941845"><ele>29.0</ele><time>2026-09-24T22:31:03.000Z</time><extensions><gpxtpx:TrackPointExtension><gpxtpx:bearing>66.09</gpxtpx:bearing><gpxtpx:speed>16.879286</gpxtpx:speed></gpxtpx:TrackPointExtension></extensions><geoidheight>-29.1</geoidheight><src>gps</src><sat>17</sat><hdop>0.62</hdop><vdop>0.81</vdop><pdop>1.02</pdop><dgpsid>0000</dgpsid></trkpt>
<trkpt lat="38.251423333333335" lon="-122.49204900000001"><ele>25.2</ele><time>2026-09-24T22:31:14.000Z</time><extensions><gpxtpx:TrackPointExtension><gpxtpx:bearing>68.09</gpxtpx:bearing><gpxtpx:speed>19.496134</gpxtpx:speed></gpxtpx:TrackPointExtension></extensions><geoidheight>-29.1</geoidheight><src>gps</src><sat>17</sat><hdop>0.62</hdop><vdop>0.81</vdop><pdop>1.02</pdop><dgpsid>0000</dgpsid></trkpt>
<trkpt lat="38.25222533333333" lon="-122.48957566666668"><ele>21.7</ele><time>2026-09-24T22:31:25.000Z</time><extensions><gpxtpx:TrackPointExtension><gpxtpx:bearing>67.34</gpxtpx:bearing><gpxtpx:speed>22.924698</gpxtpx:speed></gpxtpx:TrackPointExtension></extensions><geoidheight>-29.1</geoidheight><src>gps</src><sat>17</sat><hdop>0.62</hdop><vdop>0.81</vdop><pdop>1.02</pdop><dgpsid>0000</dgpsid></trkpt>
<trkpt lat="38.25309983333333" lon="-122.486876"><ele>18.4</ele><time>2026-09-24T22:31:36.000Z</time><extensions><gpxtpx:TrackPointExtension><gpxtpx:bearing>67.74</gpxtpx:bearing><gpxtpx:speed>23.41111</gpxtpx:speed></gpxtpx:TrackPointExtension></extensions><geoidheight>-29.1</geoidheight><src>gps</src><sat>17</sat><hdop>0.63</hdop><vdop>0.83</vdop><pdop>1.05</pdop><dgpsid>0000</dgpsid></trkpt>
<trkpt lat="38.253961499999996" lon="-122.48422266666667"><ele>15.3</ele><time>2026-09-24T22:31:47.000Z</time><extensions><gpxtpx:TrackPointExtension><gpxtpx:bearing>68.42</gpxtpx:bearing><gpxtpx:speed>22.207691</gpxtpx:speed></gpxtpx:TrackPointExtension></extensions><geoidheight>-29.1</geoidheight><src>gps</src><sat>16</sat><hdop>0.64</hdop><vdop>0.83</vdop><pdop>1.05</pdop><dgpsid>0000</dgpsid></trkpt>
<trkpt lat="38.2547385" lon="-122.48173466666667"><ele>13.4</ele><time>2026-09-24T22:31:58.000Z</time><extensions><gpxtpx:TrackPointExtension><gpxtpx:bearing>70.48</gpxtpx:bearing><gpxtpx:speed>20.506018</gpxtpx:speed></gpxtpx:TrackPointExtension></extensions><geoidheight>-29.1</geoidheight><src>gps</src><sat>15</sat><hdop>0.73</hdop><vdop>0.99</vdop><pdop>1.23</pdop><dgpsid>0000</dgpsid></trkpt>
<trkpt lat="38.25472216666667" lon="-122.47931349999999"><ele>11.7</ele><time>2026-09-24T22:32:09.000Z</time><extensions><gpxtpx:TrackPointExtension><gpxtpx:bearing>115.95</gpxtpx:bearing><gpxtpx:speed>20.008797</gpxtpx:speed></gpxtpx:TrackPointExtension></extensions><geoidheight>-29.1</geoidheight><src>gps</src><sat>16</sat><hdop>0.71</hdop><vdop>0.98</vdop><pdop>1.21</pdop><dgpsid>0000</dgpsid></trkpt>
<trkpt lat="38.25315616666667" lon="-122.47753016666665"><ele>12.1</ele><time>2026-09-24T22:32:20.000Z</time><extensions><gpxtpx:TrackPointExtension><gpxtpx:bearing>146.6</gpxtpx:bearing><gpxtpx:speed>22.76462</gpxtpx:speed></gpxtpx:TrackPointExtension></extensions><geoidheight>-29.1</geoidheight><src>gps</src><sat>15</sat><hdop>0.77</hdop><vdop>1.05</vdop><pdop>1.30</pdop><dgpsid>0000</dgpsid></trkpt>
<trkpt lat="38.251155833333335" lon="-122.47588516666669"><ele>12.0</ele><time>2026-09-24T22:32:31.000Z</time><extensions><gpxtpx:TrackPointExtension><gpxtpx:bearing>146.63</gpxtpx:bearing><gpxtpx:speed>24.530632</gpxtpx:speed></gpxtpx:TrackPointExtension></extensions><geoidheight>-29.1</geoidheight><src>gps</src><sat>16</sat><hdop>0.68</hdop><vdop>0.94</vdop><pdop>1.16</pdop><dgpsid>0000</dgpsid></trkpt>
<trkpt lat="38.24907616666667" lon="-122.47416366666667"><ele>10.3</ele><time>2026-09-24T22:32:42.000Z</time><extensions><gpxtpx:TrackPointExtension><gpxtpx:bearing>146.62</gpxtpx:bearing><gpxtpx:speed>25.522501</gpxtpx:speed></gpxtpx:TrackPointExtension></extensions><geoidheight>-29.1</geoidheight><src>gps</src><sat>16</sat><hdop>0.68</hdop><vdop>0.94</vdop><pdop>1.16</pdop><dgpsid>0000</dgpsid></trkpt>
<trkpt lat="38.247152666666665" lon="-122.47224733333333"><ele>9.8</ele><time>2026-09-24T22:32:53.000Z</time><extensions><gpxtpx:TrackPointExtension><gpxtpx:bearing>125.45</gpxtpx:bearing><gpxtpx:speed>24.620193</gpxtpx:speed></gpxtpx:TrackPointExtension></extensions><geoidheight>-29.1</geoidheight><src>gps</src><sat>15</sat><hdop>0.77</hdop><vdop>1.05</vdop><pdop>1.30</pdop><dgpsid>0000</dgpsid></trkpt>
<trkpt lat="38.2457905" lon="-122.46946966666668"><ele>7.5</ele><time>2026-09-24T22:33:04.000Z</time><extensions><gpxtpx:TrackPointExtension><gpxtpx:bearing>121.79</gpxtpx:bearing><gpxtpx:speed>26.656435</gpxtpx:speed></gpxtpx:TrackPointExtension></extensions><geoidheight>-29.1</geoidheight><src>gps</src><sat>15</sat><hdop>0.77</hdop><vdop>1.05</vdop><pdop>1.30</pdop><dgpsid>0000</dgpsid></trkpt>
<trkpt lat="38.244673" lon="-122.4665565"><ele>8.2</ele><time>2026-09-24T22:33:15.000Z</time><extensions><gpxtpx:TrackPointExtension><gpxtpx:bearing>120.14</gpxtpx:bearing><gpxtpx:speed>25.086533</gpxtpx:speed></gpxtpx:TrackPointExtension></extensions><geoidheight>-29.1</geoidheight><src>gps</src><sat>15</sat><hdop>0.77</hdop><vdop>1.05</vdop><pdop>1.30</pdop><dgpsid>0000</dgpsid></trkpt>
<trkpt lat="38.24263866666667" lon="-122.46494349999999"><ele>7.6</ele><time>2026-09-24T22:33:26.000Z</time><extensions><gpxtpx:TrackPointExtension><gpxtpx:bearing>158.47</gpxtpx:bearing><gpxtpx:speed>25.33823</gpxtpx:speed></gpxtpx:TrackPointExtension></extensions><geoidheight>-29.1</geoidheight><src>gps</src><sat>14</sat><hdop>0.77</hdop><vdop>1.05</vdop><pdop>1.30</pdop><dgpsid>0000</dgpsid></trkpt>
<trkpt lat="38.24029616666667" lon="-122.46373516666667"><ele>7.3</ele><time>2026-09-24T22:33:37.000Z</time><extensions><gpxtpx:TrackPointExtension><gpxtpx:bearing>157.62</gpxtpx:bearing><gpxtpx:speed>25.375805</gpxtpx:speed></gpxtpx:TrackPointExtension></extensions><geoidheight>-29.1</geoidheight><src>gps</src><sat>16</sat><hdop>0.71</hdop><vdop>0.99</vdop><pdop>1.21</pdop><dgpsid>0000</dgpsid></trkpt>
<trkpt lat="38.238117333333335" lon="-122.46258549999999"><ele>5.8</ele><time>2026-09-24T22:33:48.000Z</time><extensions><gpxtpx:TrackPointExtension><gpxtpx:bearing>158.02</gpxtpx:bearing><gpxtpx:speed>22.78212</gpxtpx:speed></gpxtpx:TrackPointExtension></extensions><geoidheight>-29.1</geoidheight><src>gps</src><sat>16</sat><hdop>0.68</hdop><vdop>0.94</vdop><pdop>1.16</pdop><dgpsid>0000</dgpsid></trkpt>
<trkpt lat="38.2367385" lon="-122.46168366666667"><ele>6.0</ele><time>2026-09-24T22:33:59.000Z</time><extensions><gpxtpx:TrackPointExtension><gpxtpx:bearing>141.07</gpxtpx:bearing><gpxtpx:speed>8.416738</gpxtpx:speed></gpxtpx:TrackPointExtension></extensions><geoidheight>-29.1</geoidheight><src>gps</src><sat>16</sat><hdop>0.68</hdop><vdop>0.94</vdop><pdop>1.16</pdop><dgpsid>0000</dgpsid></trkpt>
<trkpt lat="38.2363225" lon="-122.46159583333335"><ele>5.7</ele><time>2026-09-24T22:34:10.000Z</time><extensions><gpxtpx:TrackPointExtension><gpxtpx:bearing>177.59</gpxtpx:bearing><gpxtpx:speed>7.039341</gpxtpx:speed></gpxtpx:TrackPointExtension></extensions><geoidheight>-29.1</geoidheight><src>gps</src><sat>16</sat><hdop>0.70</hdop><vdop>0.94</vdop><pdop>1.17</pdop><dgpsid>0000</dgpsid></trkpt>
<trkpt lat="38.23539616666667" lon="-122.46121333333333"><ele>4.8</ele><time>2026-09-24T22:34:21.000Z</time><extensions><gpxtpx:TrackPointExtension><gpxtpx:bearing>169.17</gpxtpx:bearing><gpxtpx:speed>13.036884</gpxtpx:speed></gpxtpx:TrackPointExtension></extensions><geoidheight>-29.1</geoidheight><src>gps</src><sat>16</sat><hdop>0.68</hdop><vdop>0.94</vdop><pdop>1.16</pdop><dgpsid>0000</dgpsid></trkpt>
<trkpt lat="38.233933666666665" lon="-122.46069833333334"><ele>3.2</ele><time>2026-09-24T22:34:32.000Z</time><extensions><gpxtpx:TrackPointExtension><gpxtpx:bearing>164.55</gpxtpx:bearing><gpxtpx:speed>17.689974</gpxtpx:speed></gpxtpx:TrackPointExtension></extensions><geoidheight>-29.1</geoidheight><src>gps</src><sat>16</sat><hdop>0.71</hdop><vdop>0.95</vdop><pdop>1.19</pdop><dgpsid>0000</dgpsid></trkpt>
<trkpt lat="38.232039666666665" lon="-122.46001700000001"><ele>1.8</ele><time>2026-09-24T22:34:43.000Z</time><extensions><gpxtpx:TrackPointExtension><gpxtpx:bearing>164.02</gpxtpx:bearing><gpxtpx:speed>21.581274</gpxtpx:speed></gpxtpx:TrackPointExtension></extensions><geoidheight>-29.1</geoidheight><src>gps</src><sat>16</sat><hdop>0.68</hdop><vdop>0.94</vdop><pdop>1.16</pdop><dgpsid>0000</dgpsid></trkpt>
<trkpt lat="38.22990783333333" lon="-122.45923316666668"><ele>3.2</ele><time>2026-09-24T22:34:54.000Z</time><extensions><gpxtpx:TrackPointExtension><gpxtpx:bearing>164.03</gpxtpx:bearing><gpxtpx:speed>22.800135</gpxtpx:speed></gpxtpx:TrackPointExtension></extensions><geoidheight>-29.1</geoidheight><src>gps</src><sat>16</sat><hdop>0.68</hdop><vdop>0.94</vdop><pdop>1.16</pdop><dgpsid>0000</dgpsid></trkpt>
<trkpt lat="38.227684833333335" lon="-122.45845433333334"><ele>3.4</ele><time>2026-09-24T22:35:05.000Z</time><extensions><gpxtpx:TrackPointExtension><gpxtpx:bearing>163.09</gpxtpx:bearing><gpxtpx:speed>23.175367</gpxtpx:speed></gpxtpx:TrackPointExtension></extensions><geoidheight>-29.1</geoidheight><src>gps</src><sat>16</sat><hdop>0.68</hdop><vdop>0.94</vdop><pdop>1.16</pdop><dgpsid>0000</dgpsid></trkpt>
<trkpt lat="38.22555616666667" lon="-122.45763333333335"><ele>2.7</ele><time>2026-09-24T22:35:16.000Z</time><extensions><gpxtpx:TrackPointExtension><gpxtpx:bearing>163.68</gpxtpx:bearing><gpxtpx:speed>22.204086</gpxtpx:speed></gpxtpx:TrackPointExtension></extensions><geoidheight>-29.1</geoidheight><src>gps</src><sat>16</sat><hdop>0.71</hdop><vdop>0.95</vdop><pdop>1.19</pdop><dgpsid>0000</dgpsid></trkpt>
<trkpt lat="38.223651499999995" lon="-122.45693699999998"><ele>1.8</ele><time>2026-09-24T22:35:27.000Z</time><extensions><gpxtpx:TrackPointExtension><gpxtpx:bearing>164.43</gpxtpx:bearing><gpxtpx:speed>18.18668</gpxtpx:speed></gpxtpx:TrackPointExtension></extensions><geoidheight>-29.1</geoidheight><src>gps</src><sat>16</sat><hdop>0.68</hdop><vdop>0.94</vdop><pdop>1.16</pdop><dgpsid>0000</dgpsid></trkpt>
<trkpt lat="38.22204516666667" lon="-122.45634066666668"><ele>2.1</ele><time>2026-09-24T22:35:38.000Z</time><extensions><gpxtpx:TrackPointExtension><gpxtpx:bearing>163.55</gpxtpx:bearing><gpxtpx:speed>17.432611</gpxtpx:speed></gpxtpx:TrackPointExtension></extensions><geoidheight>-29.1</geoidheight><src>gps</src><sat>16</sat><hdop>0.68</hdop><vdop>0.94</vdop><pdop>1.16</pdop><dgpsid>0000</dgpsid></trkpt>
<trkpt lat="38.22025533333333" lon="-122.45568783333334"><ele>2.4</ele><time>2026-09-24T22:35:49.000Z</time><extensions><gpxtpx:TrackPointExtension><gpxtpx:bearing>163.49</gpxtpx:bearing><gpxtpx:speed>19.073032</gpxtpx:speed></gpxtpx:TrackPointExtension></extensions><geoidheight>-29.1</geoidheight><src>gps</src><sat>16</sat><hdop>0.68</hdop><vdop>0.94</vdop><pdop>1.16</pdop><dgpsid>0000</dgpsid></trkpt>
<trkpt lat="38.2183655" lon="-122.4549995"><ele>2.7</ele><time>2026-09-24T22:36:00.000Z</time><extensions><gpxtpx:TrackPointExtension><gpxtpx:bearing>168.12</gpxtpx:bearing><gpxtpx:speed>20.275938</gpxtpx:speed></gpxtpx:TrackPointExtension></extensions><geoidheight>-29.1</geoidheight><src>gps</src><sat>16</sat><hdop>0.68</hdop><vdop>0.94</vdop><pdop>1.16</pdop><dgpsid>0000</dgpsid></trkpt>
<trkpt lat="38.21624766666666" lon="-122.45499383333332"><ele>4.5</ele><time>2026-09-24T22:36:11.000Z</time><extensions><gpxtpx:TrackPointExtension><gpxtpx:bearing>181.94</gpxtpx:bearing><gpxtpx:speed>22.007978</gpxtpx:speed></gpxtpx:TrackPointExtension></extensions><geoidheight>-29.1</geoidheight><src>gps</src><sat>15</sat><hdop>0.70</hdop><vdop>0.95</vdop><pdop>1.17</pdop><dgpsid>0000</dgpsid></trkpt>
<trkpt lat="38.214047" lon="-122.45507566666666"><ele>8.3</ele><time>2026-09-24T22:36:22.000Z</time><extensions><gpxtpx:TrackPointExtension><gpxtpx:bearing>181.66</gpxtpx:bearing><gpxtpx:speed>21.784075</gpxtpx:speed></gpxtpx:TrackPointExtension></extensions><geoidheight>-29.1</geoidheight><src>gps</src><sat>15</sat><hdop>0.70</hdop><vdop>0.95</vdop><pdop>1.17</pdop><dgpsid>0000</dgpsid></trkpt>
<trkpt lat="38.212013" lon="-122.4551355"><ele>10.9</ele><time>2026-09-24T22:36:33.000Z</time><extensions><gpxtpx:TrackPointExtension><gpxtpx:bearing>181.03</gpxtpx:bearing><gpxtpx:speed>19.590328</gpxtpx:speed></gpxtpx:TrackPointExtension></extensions><geoidheight>-29.1</geoidheight><src>gps</src><sat>15</sat><hdop>0.70</hdop><vdop>0.95</vdop><pdop>1.17</pdop><dgpsid>0000</dgpsid></trkpt>
<trkpt lat="38.210158666666665" lon="-122.45490366666667"><ele>12.1</ele><time>2026-09-24T22:36:44.000Z</time><extensions><gpxtpx:TrackPointExtension><gpxtpx:bearing>153.08</gpxtpx:bearing><gpxtpx:speed>18.576324</gpxtpx:speed></gpxtpx:TrackPointExtension></extensions><geoidheight>-29.1</geoidheight><src>gps</src><sat>11</sat><hdop>0.86</hdop><vdop>1.05</vdop><pdop>1.36</pdop><dgpsid>0000</dgpsid></trkpt>
<trkpt lat="38.208663666666666" lon="-122.45360383333333"><ele>19.8</ele><time>2026-09-24T22:36:55.000Z</time><extensions><gpxtpx:TrackPointExtension><gpxtpx:bearing>142.48</gpxtpx:bearing><gpxtpx:speed>18.136753</gpxtpx:speed></gpxtpx:TrackPointExtension></extensions><geoidheight>-29.1</geoidheight><src>gps</src><sat>15</sat><hdop>0.68</hdop><vdop>0.96</vdop><pdop>1.17</pdop><dgpsid>0000</dgpsid></trkpt>
<trkpt lat="38.20693066666667" lon="-122.45241166666668"><ele>14.0</ele><time>2026-09-24T22:37:06.000Z</time><extensions><gpxtpx:TrackPointExtension><gpxtpx:bearing>152.95</gpxtpx:bearing><gpxtpx:speed>23.189781</gpxtpx:speed></gpxtpx:TrackPointExtension></extensions><geoidheight>-29.1</geoidheight><src>gps</src><sat>16</sat><hdop>0.80</hdop><vdop>1.05</vdop><pdop>1.32</pdop><dgpsid>0000</dgpsid></trkpt>
<trkpt lat="38.20488683333333" lon="-122.45087766666666"><ele>8.2</ele><time>2026-09-24T22:37:17.000Z</time><extensions><gpxtpx:TrackPointExtension><gpxtpx:bearing>148.54</gpxtpx:bearing><gpxtpx:speed>24.442614</gpxtpx:speed></gpxtpx:TrackPointExtension></extensions><geoidheight>-29.1</geoidheight><src>gps</src><sat>15</sat><hdop>0.68</hdop><vdop>0.94</vdop><pdop>1.16</pdop><dgpsid>0000</dgpsid></trkpt>
<trkpt lat="38.20281833333333" lon="-122.44926349999999"><ele>8.1</ele><time>2026-09-24T22:37:28.000Z</time><extensions><gpxtpx:TrackPointExtension><gpxtpx:bearing>148.36</gpxtpx:bearing><gpxtpx:speed>25.012411</gpxtpx:speed></gpxtpx:TrackPointExtension></extensions><geoidheight>-29.1</geoidheight><src>gps</src><sat>15</sat><hdop>0.68</hdop><vdop>0.92</vdop><pdop>1.14</pdop><dgpsid>0000</dgpsid></trkpt>
<trkpt lat="38.20067916666667" lon="-122.44760266666665"><ele>9.6</ele><time>2026-09-24T22:37:39.000Z</time><extensions><gpxtpx:TrackPointExtension><gpxtpx:bearing>148.09</gpxtpx:bearing><gpxtpx:speed>25.503971</gpxtpx:speed></gpxtpx:TrackPointExtension></extensions><geoidheight>-29.1</geoidheight><src>gps</src><sat>15</sat><hdop>0.68</hdop><vdop>0.92</vdop><pdop>1.14</pdop><dgpsid>0000</dgpsid></trkpt>
<trkpt lat="38.198489" lon="-122.44631383333332"><ele>8.3</ele><time>2026-09-24T22:37:50.000Z</time><extensions><gpxtpx:TrackPointExtension><gpxtpx:bearing>163.55</gpxtpx:bearing><gpxtpx:speed>25.397425</gpxtpx:speed></gpxtpx:TrackPointExtension></extensions><geoidheight>-29.1</geoidheight><src>gps</src><sat>15</sat><hdop>0.68</hdop><vdop>0.92</vdop><pdop>1.14</pdop><dgpsid>0000</dgpsid></trkpt>
<trkpt lat="38.19601516666667" lon="-122.44540066666666"><ele>4.6</ele><time>2026-09-24T22:38:01.000Z</time><extensions><gpxtpx:TrackPointExtension><gpxtpx:bearing>163.65</gpxtpx:bearing><gpxtpx:speed>25.580666</gpxtpx:speed></gpxtpx:TrackPointExtension></extensions><geoidheight>-29.1</geoidheight><src>gps</src><sat>15</sat><hdop>0.68</hdop><vdop>0.92</vdop><pdop>1.14</pdop><dgpsid>0000</dgpsid></trkpt>
<trkpt lat="38.19362916666667" lon="-122.44445066666667"><ele>4.3</ele><time>2026-09-24T22:38:12.000Z</time><extensions><gpxtpx:TrackPointExtension><gpxtpx:bearing>160.48</gpxtpx:bearing><gpxtpx:speed>25.73611</gpxtpx:speed></gpxtpx:TrackPointExtension></extensions><geoidheight>-29.1</geoidheight><src>gps</src><sat>14</sat><hdop>0.72</hdop><vdop>1.00</vdop><pdop>1.23</pdop><dgpsid>0000</dgpsid></trkpt>
<trkpt lat="38.191255999999996" lon="-122.44340166666667"><ele>4.8</ele><time>2026-09-24T22:38:23.000Z</time><extensions><gpxtpx:TrackPointExtension><gpxtpx:bearing>161.02</gpxtpx:bearing><gpxtpx:speed>24.728285</gpxtpx:speed></gpxtpx:TrackPointExtension></extensions><geoidheight>-29.2</geoidheight><src>gps</src><sat>14</sat><hdop>0.72</hdop><vdop>1.00</vdop><pdop>1.23</pdop><dgpsid>0000</dgpsid></trkpt>
<trkpt lat="38.189057000000005" lon="-122.44244116666665"><ele>16.6</ele><time>2026-09-24T22:38:34.000Z</time><extensions><gpxtpx:TrackPointExtension><gpxtpx:bearing>161.02</gpxtpx:bearing><gpxtpx:speed>22.342033</gpxtpx:speed></gpxtpx:TrackPointExtension></extensions><geoidheight>-29.2</geoidheight><src>gps</src><sat>14</sat><hdop>0.70</hdop><vdop>1.00</vdop><pdop>1.22</pdop><dgpsid>0000</dgpsid></trkpt>
<trkpt lat="38.18700466666667" lon="-122.44187699999999"><ele>26.2</ele><time>2026-09-24T22:38:45.000Z</time><extensions><gpxtpx:TrackPointExtension><gpxtpx:bearing>176.39</gpxtpx:bearing><gpxtpx:speed>20.92037</gpxtpx:speed></gpxtpx:TrackPointExtension></extensions><geoidheight>-29.2</geoidheight><src>gps</src><sat>13</sat><hdop>0.85</hdop><vdop>1.13</vdop><pdop>1.42</pdop><dgpsid>0000</dgpsid></trkpt>
<trkpt lat="38.18488033333333" lon="-122.44217383333334"><ele>27.2</ele><time>2026-09-24T22:38:56.000Z</time><extensions><gpxtpx:TrackPointExtension><gpxtpx:bearing>195.35</gpxtpx:bearing><gpxtpx:speed>23.03382</gpxtpx:speed></gpxtpx:TrackPointExtension></extensions><geoidheight>-29.2</geoidheight><src>gps</src><sat>14</sat><hdop>0.73</hdop><vdop>0.96</vdop><pdop>1.20</pdop><dgpsid>0000</dgpsid></trkpt>
<trkpt lat="38.18270483333333" lon="-122.44337750000001"><ele>20.0</ele><time>2026-09-24T22:39:07.000Z</time><extensions><gpxtpx:TrackPointExtension><gpxtpx:bearing>207.65</gpxtpx:bearing><gpxtpx:speed>24.558426</gpxtpx:speed></gpxtpx:TrackPointExtension></extensions><geoidheight>-29.2</geoidheight><src>gps</src><sat>13</sat><hdop>0.85</hdop><vdop>1.13</vdop><pdop>1.42</pdop><dgpsid>0000</dgpsid></trkpt>
<trkpt lat="38.180506666666666" lon="-122.44484683333333"><ele>10.5</ele><time>2026-09-24T22:39:18.000Z</time><extensions><gpxtpx:TrackPointExtension><gpxtpx:bearing>207.94</gpxtpx:bearing><gpxtpx:speed>24.87601</gpxtpx:speed></gpxtpx:TrackPointExtension></extensions><geoidheight>-29.2</geoidheight><src>gps</src><sat>15</sat><hdop>0.72</hdop><vdop>0.97</vdop><pdop>1.21</pdop><dgpsid>0000</dgpsid></trkpt>
<trkpt lat="38.17832933333333" lon="-122.4462975"><ele>7.8</ele><time>2026-09-24T22:39:29.000Z</time><extensions><gpxtpx:TrackPointExtension><gpxtpx:bearing>207.67</gpxtpx:bearing><gpxtpx:speed>24.606297</gpxtpx:speed></gpxtpx:TrackPointExtension></extensions><geoidheight>-29.2</geoidheight><src>gps</src><sat>15</sat><hdop>0.72</hdop><vdop>0.97</vdop><pdop>1.21</pdop><dgpsid>0000</dgpsid></trkpt>
<trkpt lat="38.17665183333334" lon="-122.44835866666666"><ele>6.1</ele><time>2026-09-24T22:39:40.000Z</time><extensions><gpxtpx:TrackPointExtension><gpxtpx:bearing>247.4</gpxtpx:bearing><gpxtpx:speed>23.944363</gpxtpx:speed></gpxtpx:TrackPointExtension></extensions><geoidheight>-29.2</geoidheight><src>gps</src><sat>16</sat><hdop>0.72</hdop><vdop>0.97</vdop><pdop>1.21</pdop><dgpsid>0000</dgpsid></trkpt>
<trkpt lat="38.17622583333333" lon="-122.451252"><ele>11.7</ele><time>2026-09-24T22:39:51.000Z</time><extensions><gpxtpx:TrackPointExtension><gpxtpx:bearing>260.8</gpxtpx:bearing><gpxtpx:speed>23.339565</gpxtpx:speed></gpxtpx:TrackPointExtension></extensions><geoidheight>-29.2</geoidheight><src>gps</src><sat>14</sat><hdop>0.72</hdop><vdop>1.02</vdop><pdop>1.25</pdop><dgpsid>0000</dgpsid></trkpt>
<trkpt lat="38.175018666666666" lon="-122.453837"><ele>6.7</ele><time>2026-09-24T22:40:02.000Z</time><extensions><gpxtpx:TrackPointExtension><gpxtpx:bearing>218.03</gpxtpx:bearing><gpxtpx:speed>25.550812</gpxtpx:speed></gpxtpx:TrackPointExtension></extensions><geoidheight>-29.2</geoidheight><src>gps</src><sat>16</sat><hdop>0.65</hdop><vdop>0.92</vdop><pdop>1.13</pdop><dgpsid>0000</dgpsid></trkpt>
<trkpt lat="38.17297666666666" lon="-122.45578383333334"><ele>2.9</ele><time>2026-09-24T22:40:13.000Z</time><extensions><gpxtpx:TrackPointExtension><gpxtpx:bearing>215.39</gpxtpx:bearing><gpxtpx:speed>25.28264</gpxtpx:speed></gpxtpx:TrackPointExtension></extensions><geoidheight>-29.2</geoidheight><src>gps</src><sat>15</sat><hdop>0.72</hdop><vdop>0.97</vdop><pdop>1.21</pdop><dgpsid>0000</dgpsid></trkpt>
<trkpt lat="38.170814" lon="-122.45719533333335"><ele>5.0</ele><time>2026-09-24T22:40:24.000Z</time><extensions><gpxtpx:TrackPointExtension><gpxtpx:bearing>200.23</gpxtpx:bearing><gpxtpx:speed>24.536293</gpxtpx:speed></gpxtpx:TrackPointExtension></extensions><geoidheight>-29.2</geoidheight><src>gps</src><sat>15</sat><hdop>0.67</hdop><vdop>0.97</vdop><pdop>1.18</pdop><dgpsid>0000</dgpsid></trkpt>
<trkpt lat="38.168364833333335" lon="-122.457329"><ele>4.5</ele><time>2026-09-24T22:40:35.000Z</time><extensions><gpxtpx:TrackPointExtension><gpxtpx:bearing>164.27</gpxtpx:bearing><gpxtpx:speed>26.24826</gpxtpx:speed></gpxtpx:TrackPointExtension></extensions><geoidheight>-29.2</geoidheight><src>gps</src><sat>14</sat><hdop>0.69</hdop><vdop>0.97</vdop><pdop>1.19</pdop><dgpsid>0000</dgpsid></trkpt>
<trkpt lat="38.16590933333334" lon="-122.45591866666668"><ele>3.7</ele><time>2026-09-24T22:40:46.000Z</time><extensions><gpxtpx:TrackPointExtension><gpxtpx:bearing>148.47</gpxtpx:bearing><gpxtpx:speed>28.122877</gpxtpx:speed></gpxtpx:TrackPointExtension></extensions><geoidheight>-29.2</geoidheight><src>gps</src><sat>15</sat><hdop>0.69</hdop><vdop>0.99</vdop><pdop>1.21</pdop><dgpsid>0000</dgpsid></trkpt>
<trkpt lat="38.16362566666667" lon="-122.454077"><ele>2.4</ele><time>2026-09-24T22:40:57.000Z</time><extensions><gpxtpx:TrackPointExtension><gpxtpx:bearing>147.24</gpxtpx:bearing><gpxtpx:speed>25.779863</gpxtpx:speed></gpxtpx:TrackPointExtension></extensions><geoidheight>-29.2</geoidheight><src>gps</src><sat>14</sat><hdop>0.70</hdop><vdop>1.04</vdop><pdop>1.26</pdop><dgpsid>0000</dgpsid></trkpt>
<trkpt lat="38.1616515" lon="-122.45248199999999"><ele>1.8</ele><time>2026-09-24T22:41:08.000Z</time><extensions><gpxtpx:TrackPointExtension><gpxtpx:bearing>147.55</gpxtpx:bearing><gpxtpx:speed>22.090334</gpxtpx:speed></gpxtpx:TrackPointExtension></extensions><geoidheight>-29.2</geoidheight><src>gps</src><sat>15</sat><hdop>0.70</hdop><vdop>1.04</vdop><pdop>1.26</pdop><dgpsid>0000</dgpsid></trkpt>
<trkpt lat="38.1598825" lon="-122.45118099999999"><ele>1.1</ele><time>2026-09-24T22:41:19.000Z</time><extensions><gpxtpx:TrackPointExtension><gpxtpx:bearing>152.85</gpxtpx:bearing><gpxtpx:speed>19.243404</gpxtpx:speed></gpxtpx:TrackPointExtension></extensions><geoidheight>-29.2</geoidheight><src>gps</src><sat>15</sat><hdop>0.69</hdop><vdop>0.99</vdop><pdop>1.21</pdop><dgpsid>0000</dgpsid></trkpt>
<trkpt lat="38.15821583333333" lon="-122.45025466666667"><ele>1.3</ele><time>2026-09-24T22:41:30.000Z</time><extensions><gpxtpx:TrackPointExtension><gpxtpx:bearing>158.56</gpxtpx:bearing><gpxtpx:speed>17.861376</gpxtpx:speed></gpxtpx:TrackPointExtension></extensions><geoidheight>-29.2</geoidheight><src>gps</src><sat>15</sat><hdop>0.69</hdop><vdop>0.99</vdop><pdop>1.21</pdop><dgpsid>0000</dgpsid></trkpt>
<trkpt lat="38.156516499999995" lon="-122.44947966666665"><ele>3.4</ele><time>2026-09-24T22:41:41.000Z</time><extensions><gpxtpx:TrackPointExtension><gpxtpx:bearing>162.42</gpxtpx:bearing><gpxtpx:speed>18.687506</gpxtpx:speed></gpxtpx:TrackPointExtension></extensions><geoidheight>-29.2</geoidheight><src>gps</src><sat>14</sat><hdop>0.69</hdop><vdop>0.98</vdop><pdop>1.20</pdop><dgpsid>0000</dgpsid></trkpt>
<trkpt lat="38.15469666666667" lon="-122.44883683333335"><ele>5.2</ele><time>2026-09-24T22:41:52.000Z</time><extensions><gpxtpx:TrackPointExtension><gpxtpx:bearing>167.64</gpxtpx:bearing><gpxtpx:speed>18.385878</gpxtpx:speed></gpxtpx:TrackPointExtension></extensions><geoidheight>-29.2</geoidheight><src>gps</src><sat>14</sat><hdop>0.69</hdop><vdop>0.98</vdop><pdop>1.20</pdop><dgpsid>0000</dgpsid></trkpt>
<trkpt lat="38.15298683333333" lon="-122.44846916666665"><ele>4.5</ele><time>2026-09-24T22:42:03.000Z</time><extensions><gpxtpx:TrackPointExtension><gpxtpx:bearing>180.1</gpxtpx:bearing><gpxtpx:speed>16.540085</gpxtpx:speed></gpxtpx:TrackPointExtension></extensions><geoidheight>-29.2</geoidheight><src>gps</src><sat>14</sat><hdop>0.69</hdop><vdop>0.98</vdop><pdop>1.20</pdop><dgpsid>0000</dgpsid></trkpt>
<trkpt lat="38.151812" lon="-122.44896233333333"><ele>6.4</ele><time>2026-09-24T22:42:14.000Z</time><extensions><gpxtpx:TrackPointExtension><gpxtpx:bearing>216.12</gpxtpx:bearing><gpxtpx:speed>8.53255</gpxtpx:speed></gpxtpx:TrackPointExtension></extensions><geoidheight>-29.2</geoidheight><src>gps</src><sat>14</sat><hdop>0.69</hdop><vdop>0.98</vdop><pdop>1.20</pdop><dgpsid>0000</dgpsid></trkpt>
<trkpt lat="38.15156683333333" lon="-122.44922666666668"><ele>8.0</ele><time>2026-09-24T22:42:25.000Z</time><extensions><gpxtpx:TrackPointExtension><gpxtpx:speed>0.035515834</gpxtpx:speed></gpxtpx:TrackPointExtension></extensions><geoidheight>-29.2</geoidheight><src>gps</src><sat>14</sat><hdop>0.78</hdop><vdop>1.04</vdop><pdop>1.30</pdop><dgpsid>0000</dgpsid></trkpt>
<trkpt lat="38.151399999999995" lon="-122.44943516666666"><ele>11.2</ele><time>2026-09-24T22:44:04.000Z</time><extensions><gpxtpx:TrackPointExtension><gpxtpx:bearing>223.93</gpxtpx:bearing><gpxtpx:speed>5.01288</gpxtpx:speed></gpxtpx:TrackPointExtension></extensions><geoidheight>-29.2</geoidheight><src>gps</src><sat>15</sat><hdop>0.67</hdop><vdop>0.98</vdop><pdop>1.18</pdop><dgpsid>0000</dgpsid></trkpt>
<trkpt lat="38.150977499999996" lon="-122.44950133333332"><ele>7.4</ele><time>2026-09-24T22:44:15.000Z</time><extensions><gpxtpx:TrackPointExtension><gpxtpx:bearing>156.66</gpxtpx:bearing><gpxtpx:speed>5.3953185</gpxtpx:speed></gpxtpx:TrackPointExtension></extensions><geoidheight>-29.2</geoidheight><src>gps</src><sat>15</sat><hdop>0.67</hdop><vdop>0.98</vdop><pdop>1.19</pdop><dgpsid>0000</dgpsid></trkpt>
<trkpt lat="38.15085033333333" lon="-122.44932466666666"><ele>6.9</ele><time>2026-09-24T22:44:26.000Z</time><extensions><gpxtpx:TrackPointExtension><gpxtpx:speed>0.0231625</gpxtpx:speed></gpxtpx:TrackPointExtension></extensions><geoidheight>-29.2</geoidheight><src>gps</src><sat>15</sat><hdop>0.67</hdop><vdop>0.98</vdop><pdop>1.19</pdop><dgpsid>0000</dgpsid></trkpt>
<trkpt lat="38.150878166666665" lon="-122.44918700000001"><ele>9.5</ele><time>2026-09-24T22:44:48.000Z</time><extensions><gpxtpx:TrackPointExtension><gpxtpx:speed>0.007720833</gpxtpx:speed></gpxtpx:TrackPointExtension></extensions><geoidheight>-29.2</geoidheight><src>gps</src><sat>15</sat><hdop>0.67</hdop><vdop>0.98</vdop><pdop>1.19</pdop><dgpsid>0000</dgpsid></trkpt>
<trkpt lat="38.150943833333336" lon="-122.4490375"><ele>7.7</ele><time>2026-09-24T22:44:59.000Z</time><extensions><gpxtpx:TrackPointExtension><gpxtpx:bearing>66.6</gpxtpx:bearing><gpxtpx:speed>2.1561713</gpxtpx:speed></gpxtpx:TrackPointExtension></extensions><geoidheight>-29.2</geoidheight><src>gps</src><sat>15</sat><hdop>0.69</hdop><vdop>1.00</vdop><pdop>1.21</pdop><dgpsid>0000</dgpsid></trkpt>
<trkpt lat="38.15104766666666" lon="-122.4487685"><ele>6.8</ele><time>2026-09-24T22:45:10.000Z</time><extensions><gpxtpx:TrackPointExtension><gpxtpx:bearing>65.78</gpxtpx:bearing><gpxtpx:speed>3.0713475</gpxtpx:speed></gpxtpx:TrackPointExtension></extensions><geoidheight>-29.2</geoidheight><src>gps</src><sat>15</sat><hdop>0.69</hdop><vdop>1.00</vdop><pdop>1.21</pdop><dgpsid>0000</dgpsid></trkpt>
<trkpt lat="38.151198666666666" lon="-122.44835516666666"><ele>6.5</ele><time>2026-09-24T22:45:21.000Z</time><extensions><gpxtpx:TrackPointExtension><gpxtpx:bearing>65.49</gpxtpx:bearing><gpxtpx:speed>4.5568357</gpxtpx:speed></gpxtpx:TrackPointExtension></extensions><geoidheight>-29.2</geoidheight><src>gps</src><sat>15</sat><hdop>0.72</hdop><vdop>1.02</vdop><pdop>1.25</pdop><dgpsid>0000</dgpsid></trkpt>
<trkpt lat="38.15142283333333" lon="-122.44779250000002"><ele>4.9</ele><time>2026-09-24T22:45:32.000Z</time><extensions><gpxtpx:TrackPointExtension><gpxtpx:bearing>66.62</gpxtpx:bearing><gpxtpx:speed>4.5661006</gpxtpx:speed></gpxtpx:TrackPointExtension></extensions><geoidheight>-29.2</geoidheight><src>gps</src><sat>15</sat><hdop>0.76</hdop><vdop>1.04</vdop><pdop>1.29</pdop><dgpsid>0000</dgpsid></trkpt>
<trkpt lat="38.15168966666667" lon="-122.4470695"><ele>2.5</ele><time>2026-09-24T22:45:43.000Z</time><extensions><gpxtpx:TrackPointExtension><gpxtpx:bearing>65.05</gpxtpx:bearing><gpxtpx:speed>7.6451693</gpxtpx:speed></gpxtpx:TrackPointExtension></extensions><geoidheight>-29.2</geoidheight><src>gps</src><sat>15</sat><hdop>0.70</hdop><vdop>1.01</vdop><pdop>1.23</pdop><dgpsid>0000</dgpsid></trkpt>
<trkpt lat="38.15203633333333" lon="-122.44608250000002"><ele>2.1</ele><time>2026-09-24T22:45:54.000Z</time><extensions><gpxtpx:TrackPointExtension><gpxtpx:bearing>65.97</gpxtpx:bearing><gpxtpx:speed>9.504861</gpxtpx:speed></gpxtpx:TrackPointExtension></extensions><geoidheight>-29.2</geoidheight><src>gps</src><sat>15</sat><hdop>0.72</hdop><vdop>1.02</vdop><pdop>1.25</pdop><dgpsid>0000</dgpsid></trkpt>
<trkpt lat="38.15245816666666" lon="-122.44490366666666"><ele>1.9</ele><time>2026-09-24T22:46:05.000Z</time><extensions><gpxtpx:TrackPointExtension><gpxtpx:bearing>67.63</gpxtpx:bearing><gpxtpx:speed>11.134471</gpxtpx:speed></gpxtpx:TrackPointExtension></extensions><geoidheight>-29.2</geoidheight><src>gps</src><sat>15</sat><hdop>0.72</hdop><vdop>1.02</vdop><pdop>1.25</pdop><dgpsid>0000</dgpsid></trkpt>
<trkpt lat="38.1527555" lon="-122.44348783333335"><ele>1.3</ele><time>2026-09-24T22:46:16.000Z</time><extensions><gpxtpx:TrackPointExtension><gpxtpx:bearing>81.89</gpxtpx:bearing><gpxtpx:speed>10.46945</gpxtpx:speed></gpxtpx:TrackPointExtension></extensions><geoidheight>-29.2</geoidheight><src>gps</src><sat>15</sat><hdop>0.67</hdop><vdop>0.98</vdop><pdop>1.19</pdop><dgpsid>0000</dgpsid></trkpt>
<trkpt lat="38.15286716666667" lon="-122.442424"><ele>1.5</ele><time>2026-09-24T22:46:27.000Z</time><extensions><gpxtpx:TrackPointExtension><gpxtpx:bearing>83.26</gpxtpx:bearing><gpxtpx:speed>7.9334135</gpxtpx:speed></gpxtpx:TrackPointExtension></extensions><geoidheight>-29.2</geoidheight><src>gps</src><sat>15</sat><hdop>0.69</hdop><vdop>1.00</vdop><pdop>1.21</pdop><dgpsid>0000</dgpsid></trkpt>
<trkpt lat="38.15296183333333" lon="-122.44142349999998"><ele>2.0</ele><time>2026-09-24T22:46:38.000Z</time><extensions><gpxtpx:TrackPointExtension><gpxtpx:bearing>83.32</gpxtpx:bearing><gpxtpx:speed>7.6132565</gpxtpx:speed></gpxtpx:TrackPointExtension></extensions><geoidheight>-29.2</geoidheight><src>gps</src><sat>15</sat><hdop>0.67</hdop><vdop>0.98</vdop><pdop>1.19</pdop><dgpsid>0000</dgpsid></trkpt>
<trkpt lat="38.15306183333333" lon="-122.44041466666667"><ele>1.1</ele><time>2026-09-24T22:46:49.000Z</time><extensions><gpxtpx:TrackPointExtension><gpxtpx:bearing>82.76</gpxtpx:bearing><gpxtpx:speed>8.226291</gpxtpx:speed></gpxtpx:TrackPointExtension></extensions><geoidheight>-29.2</geoidheight><src>gps</src><sat>15</sat><hdop>0.67</hdop><vdop>0.98</vdop><pdop>1.19</pdop><dgpsid>0000</dgpsid></trkpt>
<trkpt lat="38.153169000000005" lon="-122.439342"><ele>0.8</ele><time>2026-09-24T22:47:00.000Z</time><extensions><gpxtpx:TrackPointExtension><gpxtpx:bearing>82.26</gpxtpx:bearing><gpxtpx:speed>10.517319</gpxtpx:speed></gpxtpx:TrackPointExtension></extensions><geoidheight>-29.2</geoidheight><src>gps</src><sat>15</sat><hdop>0.69</hdop><vdop>1.00</vdop><pdop>1.21</pdop><dgpsid>0000</dgpsid></trkpt>
<trkpt lat="38.15332883333333" lon="-122.43771816666667"><ele>0.9</ele><time>2026-09-24T22:47:11.000Z</time><extensions><gpxtpx:TrackPointExtension><gpxtpx:bearing>83.03</gpxtpx:bearing><gpxtpx:speed>14.483768</gpxtpx:speed></gpxtpx:TrackPointExtension></extensions><geoidheight>-29.2</geoidheight><src>gps</src><sat>15</sat><hdop>0.67</hdop><vdop>0.98</vdop><pdop>1.19</pdop><dgpsid>0000</dgpsid></trkpt>
<trkpt lat="38.15352733333334" lon="-122.43567900000001"><ele>0.3</ele><time>2026-09-24T22:47:22.000Z</time><extensions><gpxtpx:TrackPointExtension><gpxtpx:bearing>83.6</gpxtpx:bearing><gpxtpx:speed>18.176386</gpxtpx:speed></gpxtpx:TrackPointExtension></extensions><geoidheight>-29.2</geoidheight><src>gps</src><sat>15</sat><hdop>0.67</hdop><vdop>0.98</vdop><pdop>1.19</pdop><dgpsid>0000</dgpsid></trkpt>
<trkpt lat="38.153755333333336" lon="-122.43335166666665"><ele>0.5</ele><time>2026-09-24T22:47:33.000Z</time><extensions><gpxtpx:TrackPointExtension><gpxtpx:bearing>83.53</gpxtpx:bearing><gpxtpx:speed>18.7153</gpxtpx:speed></gpxtpx:TrackPointExtension></extensions><geoidheight>-29.2</geoidheight><src>gps</src><sat>15</sat><hdop>0.67</hdop><vdop>0.99</vdop><pdop>1.19</pdop><dgpsid>0000</dgpsid></trkpt>
<trkpt lat="38.153974833333336" lon="-122.43106883333333"><ele>0.8</ele><time>2026-09-24T22:47:44.000Z</time><extensions><gpxtpx:TrackPointExtension><gpxtpx:bearing>83.74</gpxtpx:bearing><gpxtpx:speed>17.42026</gpxtpx:speed></gpxtpx:TrackPointExtension></extensions><geoidheight>-29.2</geoidheight><src>gps</src><sat>15</sat><hdop>0.67</hdop><vdop>0.99</vdop><pdop>1.19</pdop><dgpsid>0000</dgpsid></trkpt>
<trkpt lat="38.15418283333334" lon="-122.4289625"><ele>0.7</ele><time>2026-09-24T22:47:55.000Z</time><extensions><gpxtpx:TrackPointExtension><gpxtpx:bearing>83.01</gpxtpx:bearing><gpxtpx:speed>15.792192</gpxtpx:speed></gpxtpx:TrackPointExtension></extensions><geoidheight>-29.2</geoidheight><src>gps</src><sat>15</sat><hdop>0.67</hdop><vdop>0.99</vdop><pdop>1.19</pdop><dgpsid>0000</dgpsid></trkpt>
<trkpt lat="38.154377" lon="-122.42695233333333"><ele>0.5</ele><time>2026-09-24T22:48:06.000Z</time><extensions><gpxtpx:TrackPointExtension><gpxtpx:bearing>82.6</gpxtpx:bearing><gpxtpx:speed>17.058409</gpxtpx:speed></gpxtpx:TrackPointExtension></extensions><geoidheight>-29.2</geoidheight><src>gps</src><sat>15</sat><hdop>0.67</hdop><vdop>0.99</vdop><pdop>1.19</pdop><dgpsid>0000</dgpsid></trkpt>
<trkpt lat="38.154590666666664" lon="-122.424755"><ele>0.6</ele><time>2026-09-24T22:48:17.000Z</time><extensions><gpxtpx:TrackPointExtension><gpxtpx:bearing>83.03</gpxtpx:bearing><gpxtpx:speed>18.178444</gpxtpx:speed></gpxtpx:TrackPointExtension></extensions><geoidheight>-29.2</geoidheight><src>gps</src><sat>15</sat><hdop>0.67</hdop><vdop>0.99</vdop><pdop>1.19</pdop><dgpsid>0000</dgpsid></trkpt>
<trkpt lat="38.15483" lon="-122.42236050000001"><ele>0.4</ele><time>2026-09-24T22:48:28.000Z</time><extensions><gpxtpx:TrackPointExtension><gpxtpx:bearing>82.93</gpxtpx:bearing><gpxtpx:speed>19.862616</gpxtpx:speed></gpxtpx:TrackPointExtension></extensions><geoidheight>-29.2</geoidheight><src>gps</src><sat>15</sat><hdop>0.69</hdop><vdop>1.00</vdop><pdop>1.22</pdop><dgpsid>0000</dgpsid></trkpt>
<trkpt lat="38.15507366666667" lon="-122.41982750000001"><ele>0.1</ele><time>2026-09-24T22:48:39.000Z</time><extensions><gpxtpx:TrackPointExtension><gpxtpx:bearing>82.87</gpxtpx:bearing><gpxtpx:speed>20.560064</gpxtpx:speed></gpxtpx:TrackPointExtension></extensions><geoidheight>-29.2</geoidheight><src>gps</src><sat>15</sat><hdop>0.67</hdop><vdop>0.99</vdop><pdop>1.19</pdop><dgpsid>0000</dgpsid></trkpt>
<trkpt lat="38.15532483333333" lon="-122.41726733333334"><ele>-0.5</ele><time>2026-09-24T22:48:50.000Z</time><extensions><gpxtpx:TrackPointExtension><gpxtpx:bearing>83.07</gpxtpx:bearing><gpxtpx:speed>20.7886</gpxtpx:speed></gpxtpx:TrackPointExtension></extensions><geoidheight>-29.2</geoidheight><src>gps</src><sat>15</sat><hdop>0.69</hdop><vdop>1.00</vdop><pdop>1.21</pdop><dgpsid>0000</dgpsid></trkpt>
<trkpt lat="38.155586666666665" lon="-122.41456699999999"><ele>-0.5</ele><time>2026-09-24T22:49:01.000Z</time><extensions><gpxtpx:TrackPointExtension><gpxtpx:bearing>83.1</gpxtpx:bearing><gpxtpx:speed>21.980183</gpxtpx:speed></gpxtpx:TrackPointExtension></extensions><geoidheight>-29.2</geoidheight><src>gps</src><sat>15</sat><hdop>0.67</hdop><vdop>0.99</vdop><pdop>1.19</pdop><dgpsid>0000</dgpsid></trkpt>
<trkpt lat="38.1558465" lon="-122.41181183333335"><ele>-0.5</ele><time>2026-09-24T22:49:12.000Z</time><extensions><gpxtpx:TrackPointExtension><gpxtpx:bearing>84.31</gpxtpx:bearing><gpxtpx:speed>21.72025</gpxtpx:speed></gpxtpx:TrackPointExtension></extensions><geoidheight>-29.2</geoidheight><src>gps</src><sat>16</sat><hdop>0.62</hdop><vdop>0.88</vdop><pdop>1.08</pdop><dgpsid>0000</dgpsid></trkpt>
<trkpt lat="38.155810833333334" lon="-122.409117"><ele>4.9</ele><time>2026-09-24T22:49:23.000Z</time><extensions><gpxtpx:TrackPointExtension><gpxtpx:bearing>94.39</gpxtpx:bearing><gpxtpx:speed>20.776762</gpxtpx:speed></gpxtpx:TrackPointExtension></extensions><geoidheight>-29.2</geoidheight><src>gps</src><sat>16</sat><hdop>0.68</hdop><vdop>0.90</vdop><pdop>1.13</pdop><dgpsid>0000</dgpsid></trkpt>
<trkpt lat="38.15566066666667" lon="-122.40647316666667"><ele>8.9</ele><time>2026-09-24T22:49:34.000Z</time><extensions><gpxtpx:TrackPointExtension><gpxtpx:bearing>94.52</gpxtpx:bearing><gpxtpx:speed>21.82165</gpxtpx:speed></gpxtpx:TrackPointExtension></extensions><geoidheight>-29.2</geoidheight><src>gps</src><sat>15</sat><hdop>0.69</hdop><vdop>0.95</vdop><pdop>1.18</pdop><dgpsid>0000</dgpsid></trkpt>
<trkpt lat="38.155483333333336" lon="-122.403654"><ele>2.0</ele><time>2026-09-24T22:49:45.000Z</time><extensions><gpxtpx:TrackPointExtension><gpxtpx:bearing>96.65</gpxtpx:bearing><gpxtpx:speed>22.672998</gpxtpx:speed></gpxtpx:TrackPointExtension></extensions><geoidheight>-29.2</geoidheight><src>gps</src><sat>15</sat><hdop>0.68</hdop><vdop>0.90</vdop><pdop>1.13</pdop><dgpsid>0000</dgpsid></trkpt>
<trkpt lat="38.1548495" lon="-122.40106216666666"><ele>1.7</ele><time>2026-09-24T22:49:56.000Z</time><extensions><gpxtpx:TrackPointExtension><gpxtpx:bearing>116.34</gpxtpx:bearing><gpxtpx:speed>19.916662</gpxtpx:speed></gpxtpx:TrackPointExtension></extensions><geoidheight>-29.2</geoidheight><src>gps</src><sat>16</sat><hdop>0.63</hdop><vdop>0.89</vdop><pdop>1.09</pdop><dgpsid>0000</dgpsid></trkpt>
<trkpt lat="38.15442133333333" lon="-122.39995433333334"><ele>2.0</ele><time>2026-09-24T22:50:07.000Z</time><extensions><gpxtpx:TrackPointExtension><gpxtpx:bearing>113.92</gpxtpx:bearing><gpxtpx:speed>3.4156966</gpxtpx:speed></gpxtpx:TrackPointExtension></extensions><geoidheight>-29.2</geoidheight><src>gps</src><sat>15</sat><hdop>0.65</hdop><vdop>0.90</vdop><pdop>1.11</pdop><dgpsid>0000</dgpsid></trkpt>
<trkpt lat="38.154343000000004" lon="-122.39972783333333"><ele>2.1</ele><time>2026-09-24T22:50:18.000Z</time><extensions><gpxtpx:TrackPointExtension><gpxtpx:bearing>113.34</gpxtpx:bearing><gpxtpx:speed>2.729572</gpxtpx:speed></gpxtpx:TrackPointExtension></extensions><geoidheight>-29.2</geoidheight><src>gps</src><sat>15</sat><hdop>0.65</hdop><vdop>0.90</vdop><pdop>1.11</pdop><dgpsid>0000</dgpsid></trkpt>
<trkpt lat="38.15423366666666" lon="-122.39939566666665"><ele>1.9</ele><time>2026-09-24T22:50:29.000Z</time><extensions><gpxtpx:TrackPointExtension><gpxtpx:bearing>111.49</gpxtpx:bearing><gpxtpx:speed>2.7465577</gpxtpx:speed></gpxtpx:TrackPointExtension></extensions><geoidheight>-29.2</geoidheight><src>gps</src><sat>16</sat><hdop>0.62</hdop><vdop>0.88</vdop><pdop>1.08</pdop><dgpsid>0000</dgpsid></trkpt>
<trkpt lat="38.15412966666667" lon="-122.39898916666668"><ele>1.1</ele><time>2026-09-24T22:50:40.000Z</time><extensions><gpxtpx:TrackPointExtension><gpxtpx:bearing>105.87</gpxtpx:bearing><gpxtpx:speed>3.8810055</gpxtpx:speed></gpxtpx:TrackPointExtension></extensions><geoidheight>-29.2</geoidheight><src>gps</src><sat>16</sat><hdop>0.62</hdop><vdop>0.88</vdop><pdop>1.08</pdop><dgpsid>0000</dgpsid></trkpt>
<trkpt lat="38.15403033333334" lon="-122.39851349999999"><ele>0.0</ele><time>2026-09-24T22:50:51.000Z</time><extensions><gpxtpx:TrackPointExtension><gpxtpx:bearing>103.27</gpxtpx:bearing><gpxtpx:speed>4.013804</gpxtpx:speed></gpxtpx:TrackPointExtension></extensions><geoidheight>-29.2</geoidheight><src>gps</src><sat>16</sat><hdop>0.69</hdop><vdop>1.00</vdop><pdop>1.22</pdop><dgpsid>0000</dgpsid></trkpt>
<trkpt lat="38.15393233333334" lon="-122.39801600000001"><ele>0.9</ele><time>2026-09-24T22:51:02.000Z</time><extensions><gpxtpx:TrackPointExtension><gpxtpx:bearing>103.0</gpxtpx:bearing><gpxtpx:speed>4.656692</gpxtpx:speed></gpxtpx:TrackPointExtension></extensions><geoidheight>-29.2</geoidheight><src>gps</src><sat>16</sat><hdop>0.62</hdop><vdop>0.92</vdop><pdop>1.12</pdop><dgpsid>0000</dgpsid></trkpt>
<trkpt lat="38.153769499999996" lon="-122.39720450000002"><ele>1.7</ele><time>2026-09-24T22:51:13.000Z</time><extensions><gpxtpx:TrackPointExtension><gpxtpx:bearing>104.05</gpxtpx:bearing><gpxtpx:speed>6.656388</gpxtpx:speed></gpxtpx:TrackPointExtension></extensions><geoidheight>-29.2</geoidheight><src>gps</src><sat>15</sat><hdop>0.63</hdop><vdop>0.97</vdop><pdop>1.16</pdop><dgpsid>0000</dgpsid></trkpt>
<trkpt lat="38.15359733333333" lon="-122.39635266666667"><ele>4.4</ele><time>2026-09-24T22:51:24.000Z</time><extensions><gpxtpx:TrackPointExtension><gpxtpx:bearing>103.06</gpxtpx:bearing><gpxtpx:speed>6.821099</gpxtpx:speed></gpxtpx:TrackPointExtension></extensions><geoidheight>-29.2</geoidheight><src>gps</src><sat>16</sat><hdop>0.62</hdop><vdop>0.93</vdop><pdop>1.12</pdop><dgpsid>0000</dgpsid></trkpt>
<trkpt lat="38.153466" lon="-122.39567083333334"><ele>5.2</ele><time>2026-09-24T22:51:35.000Z</time><extensions><gpxtpx:TrackPointExtension><gpxtpx:bearing>103.94</gpxtpx:bearing><gpxtpx:speed>5.250167</gpxtpx:speed></gpxtpx:TrackPointExtension></extensions><geoidheight>-29.2</geoidheight><src>gps</src><sat>16</sat><hdop>0.62</hdop><vdop>0.93</vdop><pdop>1.12</pdop><dgpsid>0000</dgpsid></trkpt>
<trkpt lat="38.153321166666665" lon="-122.39489483333334"><ele>5.2</ele><time>2026-09-24T22:51:46.000Z</time><extensions><gpxtpx:TrackPointExtension><gpxtpx:bearing>103.3</gpxtpx:bearing><gpxtpx:speed>6.624475</gpxtpx:speed></gpxtpx:TrackPointExtension></extensions><geoidheight>-29.2</geoidheight><src>gps</src><sat>16</sat><hdop>0.62</hdop><vdop>0.89</vdop><pdop>1.08</pdop><dgpsid>0000</dgpsid></trkpt>
<trkpt lat="38.153173" lon="-122.39411483333333"><ele>5.5</ele><time>2026-09-24T22:51:57.000Z</time><extensions><gpxtpx:TrackPointExtension><gpxtpx:bearing>103.3</gpxtpx:bearing><gpxtpx:speed>6.255934</gpxtpx:speed></gpxtpx:TrackPointExtension></extensions><geoidheight>-29.2</geoidheight><src>gps</src><sat>16</sat><hdop>0.62</hdop><vdop>0.89</vdop><pdop>1.08</pdop><dgpsid>0000</dgpsid></trkpt>
<trkpt lat="38.15299916666667" lon="-122.39318033333332"><ele>5.3</ele><time>2026-09-24T22:52:08.000Z</time><extensions><gpxtpx:TrackPointExtension><gpxtpx:bearing>103.56</gpxtpx:bearing><gpxtpx:speed>9.138893</gpxtpx:speed></gpxtpx:TrackPointExtension></extensions><geoidheight>-29.2</geoidheight><src>gps</src><sat>16</sat><hdop>0.62</hdop><vdop>0.89</vdop><pdop>1.08</pdop><dgpsid>0000</dgpsid></trkpt>
<trkpt lat="38.152749" lon="-122.39190016666667"><ele>4.8</ele><time>2026-09-24T22:52:19.000Z</time><extensions><gpxtpx:TrackPointExtension><gpxtpx:bearing>105.26</gpxtpx:bearing><gpxtpx:speed>10.5533495</gpxtpx:speed></gpxtpx:TrackPointExtension></extensions><geoidheight>-29.2</geoidheight><src>gps</src><sat>14</sat><hdop>0.67</hdop><vdop>1.02</vdop><pdop>1.22</pdop><dgpsid>0000</dgpsid></trkpt>
<trkpt lat="38.152456" lon="-122.39069333333333"><ele>4.8</ele><time>2026-09-24T22:52:30.000Z</time><extensions><gpxtpx:TrackPointExtension><gpxtpx:bearing>108.24</gpxtpx:bearing><gpxtpx:speed>9.5666275</gpxtpx:speed></gpxtpx:TrackPointExtension></extensions><geoidheight>-29.2</geoidheight><src>gps</src><sat>14</sat><hdop>0.67</hdop><vdop>1.02</vdop><pdop>1.22</pdop><dgpsid>0000</dgpsid></trkpt>
<trkpt lat="38.1521405" lon="-122.3894585"><ele>5.2</ele><time>2026-09-24T22:52:41.000Z</time><extensions><gpxtpx:TrackPointExtension><gpxtpx:bearing>107.88</gpxtpx:bearing><gpxtpx:speed>11.708386</gpxtpx:speed></gpxtpx:TrackPointExtension></extensions><geoidheight>-29.1</geoidheight><src>gps</src><sat>14</sat><hdop>0.67</hdop><vdop>1.02</vdop><pdop>1.22</pdop><dgpsid>0000</dgpsid></trkpt>
<trkpt lat="38.15171983333333" lon="-122.3878325"><ele>4.2</ele><time>2026-09-24T22:52:52.000Z</time><extensions><gpxtpx:TrackPointExtension><gpxtpx:bearing>108.07</gpxtpx:bearing><gpxtpx:speed>14.616053</gpxtpx:speed></gpxtpx:TrackPointExtension></extensions><geoidheight>-29.1</geoidheight><src>gps</src><sat>15</sat><hdop>0.65</hdop><vdop>0.90</vdop><pdop>1.11</pdop><dgpsid>0000</dgpsid></trkpt>
<trkpt lat="38.151204166666666" lon="-122.38600133333333"><ele>4.6</ele><time>2026-09-24T22:53:03.000Z</time><extensions><gpxtpx:TrackPointExtension><gpxtpx:bearing>112.97</gpxtpx:bearing><gpxtpx:speed>15.397915</gpxtpx:speed></gpxtpx:TrackPointExtension></extensions><geoidheight>-29.1</geoidheight><src>gps</src><sat>16</sat><hdop>0.62</hdop><vdop>0.89</vdop><pdop>1.09</pdop><dgpsid>0000</dgpsid></trkpt>
<trkpt lat="38.1505115" lon="-122.38422933333335"><ele>4.7</ele><time>2026-09-24T22:53:14.000Z</time><extensions><gpxtpx:TrackPointExtension><gpxtpx:bearing>120.09</gpxtpx:bearing><gpxtpx:speed>16.298164</gpxtpx:speed></gpxtpx:TrackPointExtension></extensions><geoidheight>-29.1</geoidheight><src>gps</src><sat>16</sat><hdop>0.62</hdop><vdop>0.89</vdop><pdop>1.09</pdop><dgpsid>0000</dgpsid></trkpt>
<trkpt lat="38.14961616666667" lon="-122.38243400000002"><ele>4.6</ele><time>2026-09-24T22:53:25.000Z</time><extensions><gpxtpx:TrackPointExtension><gpxtpx:bearing>123.23</gpxtpx:bearing><gpxtpx:speed>17.199444</gpxtpx:speed></gpxtpx:TrackPointExtension></extensions><geoidheight>-29.1</geoidheight><src>gps</src><sat>15</sat><hdop>0.76</hdop><vdop>1.12</vdop><pdop>1.36</pdop><dgpsid>0000</dgpsid></trkpt>
<trkpt lat="38.1486695" lon="-122.38060383333335"><ele>3.7</ele><time>2026-09-24T22:53:36.000Z</time><extensions><gpxtpx:TrackPointExtension><gpxtpx:bearing>124.41</gpxtpx:bearing><gpxtpx:speed>17.508276</gpxtpx:speed></gpxtpx:TrackPointExtension></extensions><geoidheight>-29.1</geoidheight><src>gps</src><sat>16</sat><hdop>0.67</hdop><vdop>0.99</vdop><pdop>1.19</pdop><dgpsid>0000</dgpsid></trkpt>
<trkpt lat="38.147676833333335" lon="-122.37868266666668"><ele>2.2</ele><time>2026-09-24T22:53:47.000Z</time><extensions><gpxtpx:TrackPointExtension><gpxtpx:bearing>122.76</gpxtpx:bearing><gpxtpx:speed>18.08528</gpxtpx:speed></gpxtpx:TrackPointExtension></extensions><geoidheight>-29.1</geoidheight><src>gps</src><sat>16</sat><hdop>0.65</hdop><vdop>0.91</vdop><pdop>1.11</pdop><dgpsid>0000</dgpsid></trkpt>
<trkpt lat="38.146811" lon="-122.37699683333334"><ele>0.9</ele><time>2026-09-24T22:53:58.000Z</time><extensions><gpxtpx:TrackPointExtension><gpxtpx:bearing>122.29</gpxtpx:bearing><gpxtpx:speed>15.836973</gpxtpx:speed></gpxtpx:TrackPointExtension></extensions><geoidheight>-29.1</geoidheight><src>gps</src><sat>15</sat><hdop>0.65</hdop><vdop>0.91</vdop><pdop>1.12</pdop><dgpsid>0000</dgpsid></trkpt>
<trkpt lat="38.14598766666666" lon="-122.37533583333334"><ele>0.5</ele><time>2026-09-24T22:54:09.000Z</time><extensions><gpxtpx:TrackPointExtension><gpxtpx:bearing>121.11</gpxtpx:bearing><gpxtpx:speed>16.961641</gpxtpx:speed></gpxtpx:TrackPointExtension></extensions><geoidheight>-29.1</geoidheight><src>gps</src><sat>15</sat><hdop>0.74</hdop><vdop>1.05</vdop><pdop>1.28</pdop><dgpsid>0000</dgpsid></trkpt>
<trkpt lat="38.145182500000004" lon="-122.37327983333334"><ele>1.2</ele><time>2026-09-24T22:54:20.000Z</time><extensions><gpxtpx:TrackPointExtension><gpxtpx:bearing>112.4</gpxtpx:bearing><gpxtpx:speed>18.78942</gpxtpx:speed></gpxtpx:TrackPointExtension></extensions><geoidheight>-29.1</geoidheight><src>gps</src><sat>16</sat><hdop>0.62</hdop><vdop>0.89</vdop><pdop>1.09</pdop><dgpsid>0000</dgpsid></trkpt>
<trkpt lat="38.14452716666666" lon="-122.37094633333332"><ele>1.7</ele><time>2026-09-24T22:54:31.000Z</time><extensions><gpxtpx:TrackPointExtension><gpxtpx:bearing>108.48</gpxtpx:bearing><gpxtpx:speed>20.903898</gpxtpx:speed></gpxtpx:TrackPointExtension></extensions><geoidheight>-29.1</geoidheight><src>gps</src><sat>16</sat><hdop>0.68</hdop><vdop>0.94</vdop><pdop>1.17</pdop><dgpsid>0000</dgpsid></trkpt>
<trkpt lat="38.143717333333335" lon="-122.36840966666665"><ele>2.2</ele><time>2026-09-24T22:54:42.000Z</time><extensions><gpxtpx:TrackPointExtension><gpxtpx:bearing>116.21</gpxtpx:bearing><gpxtpx:speed>22.614836</gpxtpx:speed></gpxtpx:TrackPointExtension></extensions><geoidheight>-29.1</geoidheight><src>gps</src><sat>15</sat><hdop>0.76</hdop><vdop>1.07</vdop><pdop>1.31</pdop><dgpsid>0000</dgpsid></trkpt>
<trkpt lat="38.14266716666667" lon="-122.36608383333332"><ele>3.0</ele><time>2026-09-24T22:54:53.000Z</time><extensions><gpxtpx:TrackPointExtension><gpxtpx:bearing>119.79</gpxtpx:bearing><gpxtpx:speed>17.687914</gpxtpx:speed></gpxtpx:TrackPointExtension></extensions><geoidheight>-29.1</geoidheight><src>gps</src><sat>15</sat><hdop>0.69</hdop><vdop>1.00</vdop><pdop>1.21</pdop><dgpsid>0000</dgpsid></trkpt>
<trkpt lat="38.1420945" lon="-122.36465783333333"><ele>2.4</ele><time>2026-09-24T22:55:04.000Z</time><extensions><gpxtpx:TrackPointExtension><gpxtpx:bearing>113.97</gpxtpx:bearing><gpxtpx:speed>8.2597475</gpxtpx:speed></gpxtpx:TrackPointExtension></extensions><geoidheight>-29.1</geoidheight><src>gps</src><sat>14</sat><hdop>0.70</hdop><vdop>1.07</vdop><pdop>1.28</pdop><dgpsid>0000</dgpsid></trkpt>
<trkpt lat="38.14184733333333" lon="-122.36392866666665"><ele>1.8</ele><time>2026-09-24T22:55:15.000Z</time><extensions><gpxtpx:TrackPointExtension><gpxtpx:bearing>112.92</gpxtpx:bearing><gpxtpx:speed>6.9703684</gpxtpx:speed></gpxtpx:TrackPointExtension></extensions><geoidheight>-29.1</geoidheight><src>gps</src><sat>15</sat><hdop>0.76</hdop><vdop>1.06</vdop><pdop>1.31</pdop><dgpsid>0000</dgpsid></trkpt>
<trkpt lat="38.141529" lon="-122.36294933333332"><ele>2.0</ele><time>2026-09-24T22:55:26.000Z</time><extensions><gpxtpx:TrackPointExtension><gpxtpx:bearing>112.52</gpxtpx:bearing><gpxtpx:speed>11.311536</gpxtpx:speed></gpxtpx:TrackPointExtension></extensions><geoidheight>-29.1</geoidheight><src>gps</src><sat>16</sat><hdop>0.69</hdop><vdop>1.00</vdop><pdop>1.21</pdop><dgpsid>0000</dgpsid></trkpt>
<trkpt lat="38.14097683333333" lon="-122.36130133333333"><ele>1.9</ele><time>2026-09-24T22:55:37.000Z</time><extensions><gpxtpx:TrackPointExtension><gpxtpx:bearing>113.25</gpxtpx:bearing><gpxtpx:speed>16.405226</gpxtpx:speed></gpxtpx:TrackPointExtension></extensions><geoidheight>-29.1</geoidheight><src>gps</src><sat>14</sat><hdop>0.79</hdop><vdop>1.09</vdop><pdop>1.34</pdop><dgpsid>0000</dgpsid></trkpt>
<trkpt lat="38.14026066666667" lon="-122.35918050000001"><ele>1.7</ele><time>2026-09-24T22:55:48.000Z</time><extensions><gpxtpx:TrackPointExtension><gpxtpx:bearing>113.17</gpxtpx:bearing><gpxtpx:speed>19.740627</gpxtpx:speed></gpxtpx:TrackPointExtension></extensions><geoidheight>-29.1</geoidheight><src>gps</src><sat>14</sat><hdop>0.79</hdop><vdop>1.09</vdop><pdop>1.34</pdop><dgpsid>0000</dgpsid></trkpt>
<trkpt lat="38.139474666666665" lon="-122.35685766666666"><ele>2.2</ele><time>2026-09-24T22:55:59.000Z</time><extensions><gpxtpx:TrackPointExtension><gpxtpx:bearing>112.96</gpxtpx:bearing><gpxtpx:speed>20.596094</gpxtpx:speed></gpxtpx:TrackPointExtension></extensions><geoidheight>-29.1</geoidheight><src>gps</src><sat>14</sat><hdop>0.79</hdop><vdop>1.09</vdop><pdop>1.34</pdop><dgpsid>0000</dgpsid></trkpt>
<trkpt lat="38.1387205" lon="-122.35472783333334"><ele>2.1</ele><time>2026-09-24T22:56:10.000Z</time><extensions><gpxtpx:TrackPointExtension><gpxtpx:bearing>117.66</gpxtpx:bearing><gpxtpx:speed>13.600505</gpxtpx:speed></gpxtpx:TrackPointExtension></extensions><geoidheight>-29.1</geoidheight><src>gps</src><sat>13</sat><hdop>0.84</hdop><vdop>1.11</vdop><pdop>1.39</pdop><dgpsid>0000</dgpsid></trkpt>
<trkpt lat="38.138231000000005" lon="-122.35365083333333"><ele>2.0</ele><time>2026-09-24T22:56:21.000Z</time><extensions><gpxtpx:TrackPointExtension><gpxtpx:bearing>121.56</gpxtpx:bearing><gpxtpx:speed>7.9133396</gpxtpx:speed></gpxtpx:TrackPointExtension></extensions><geoidheight>-29.1</geoidheight><src>gps</src><sat>15</sat><hdop>0.79</hdop><vdop>1.09</vdop><pdop>1.34</pdop><dgpsid>0000</dgpsid></trkpt>
<trkpt lat="38.13780916666666" lon="-122.3528145"><ele>2.6</ele><time>2026-09-24T22:56:32.000Z</time><extensions><gpxtpx:TrackPointExtension><gpxtpx:bearing>123.31</gpxtpx:bearing><gpxtpx:speed>9.581039</gpxtpx:speed></gpxtpx:TrackPointExtension></extensions><geoidheight>-29.1</geoidheight><src>gps</src><sat>16</sat><hdop>0.76</hdop><vdop>1.06</vdop><pdop>1.30</pdop><dgpsid>0000</dgpsid></trkpt>
<trkpt lat="38.1371345" lon="-122.35150550000002"><ele>2.0</ele><time>2026-09-24T22:56:43.000Z</time><extensions><gpxtpx:TrackPointExtension><gpxtpx:bearing>121.82</gpxtpx:bearing><gpxtpx:speed>15.409754</gpxtpx:speed></gpxtpx:TrackPointExtension></extensions><geoidheight>-29.1</geoidheight><src>gps</src><sat>14</sat><hdop>0.76</hdop><vdop>1.06</vdop><pdop>1.30</pdop><dgpsid>0000</dgpsid></trkpt>
<trkpt lat="38.136407" lon="-122.34979466666667"><ele>2.5</ele><time>2026-09-24T22:56:54.000Z</time><extensions><gpxtpx:TrackPointExtension><gpxtpx:bearing>114.64</gpxtpx:bearing><gpxtpx:speed>15.385562</gpxtpx:speed></gpxtpx:TrackPointExtension></extensions><geoidheight>-29.1</geoidheight><src>gps</src><sat>15</sat><hdop>0.69</hdop><vdop>1.00</vdop><pdop>1.21</pdop><dgpsid>0000</dgpsid></trkpt>
<trkpt lat="38.13578866666667" lon="-122.34793866666665"><ele>2.8</ele><time>2026-09-24T22:57:05.000Z</time><extensions><gpxtpx:TrackPointExtension><gpxtpx:bearing>112.54</gpxtpx:bearing><gpxtpx:speed>15.977492</gpxtpx:speed></gpxtpx:TrackPointExtension></extensions><geoidheight>-29.1</geoidheight><src>gps</src><sat>15</sat><hdop>0.69</hdop><vdop>1.00</vdop><pdop>1.21</pdop><dgpsid>0000</dgpsid></trkpt>
<trkpt lat="38.135181833333334" lon="-122.34610900000001"><ele>3.2</ele><time>2026-09-24T22:57:16.000Z</time><extensions><gpxtpx:TrackPointExtension><gpxtpx:bearing>114.12</gpxtpx:bearing><gpxtpx:speed>15.792707</gpxtpx:speed></gpxtpx:TrackPointExtension></extensions><geoidheight>-29.1</geoidheight><src>gps</src><sat>14</sat><hdop>0.76</hdop><vdop>1.06</vdop><pdop>1.30</pdop><dgpsid>0000</dgpsid></trkpt>
<trkpt lat="38.1345635" lon="-122.344343"><ele>2.6</ele><time>2026-09-24T22:57:27.000Z</time><extensions><gpxtpx:TrackPointExtension><gpxtpx:bearing>113.39</gpxtpx:bearing><gpxtpx:speed>15.029374</gpxtpx:speed></gpxtpx:TrackPointExtension></extensions><geoidheight>-29.1</geoidheight><src>gps</src><sat>15</sat><hdop>0.69</hdop><vdop>1.00</vdop><pdop>1.21</pdop><dgpsid>0000</dgpsid></trkpt>
<trkpt lat="38.13394816666666" lon="-122.34260350000001"><ele>3.5</ele><time>2026-09-24T22:57:38.000Z</time><extensions><gpxtpx:TrackPointExtension><gpxtpx:bearing>112.84</gpxtpx:bearing><gpxtpx:speed>13.576313</gpxtpx:speed></gpxtpx:TrackPointExtension></extensions><geoidheight>-29.1</geoidheight><src>gps</src><sat>15</sat><hdop>0.68</hdop><vdop>1.04</vdop><pdop>1.24</pdop><dgpsid>0000</dgpsid></trkpt>
<trkpt lat="38.133546333333335" lon="-122.34137033333333"><ele>4.5</ele><time>2026-09-24T22:57:49.000Z</time><extensions><gpxtpx:TrackPointExtension><gpxtpx:bearing>111.34</gpxtpx:bearing><gpxtpx:speed>9.302575</gpxtpx:speed></gpxtpx:TrackPointExtension></extensions><geoidheight>-29.1</geoidheight><src>gps</src><sat>14</sat><hdop>0.68</hdop><vdop>1.04</vdop><pdop>1.24</pdop><dgpsid>0000</dgpsid></trkpt>
<trkpt lat="38.133187166666666" lon="-122.34018866666665"><ele>4.7</ele><time>2026-09-24T22:58:00.000Z</time><extensions><gpxtpx:TrackPointExtension><gpxtpx:bearing>111.57</gpxtpx:bearing><gpxtpx:speed>11.066013</gpxtpx:speed></gpxtpx:TrackPointExtension></extensions><geoidheight>-29.1</geoidheight><src>gps</src><sat>13</sat><hdop>0.76</hdop><vdop>1.11</vdop><pdop>1.35</pdop><dgpsid>0000</dgpsid></trkpt>
<trkpt lat="38.13281083333333" lon="-122.33905033333333"><ele>4.8</ele><time>2026-09-24T22:58:11.000Z</time><extensions><gpxtpx:TrackPointExtension><gpxtpx:bearing>114.51</gpxtpx:bearing><gpxtpx:speed>9.249558</gpxtpx:speed></gpxtpx:TrackPointExtension></extensions><geoidheight>-29.1</geoidheight><src>gps</src><sat>14</sat><hdop>0.68</hdop><vdop>1.04</vdop><pdop>1.24</pdop><dgpsid>0000</dgpsid></trkpt>
<trkpt lat="38.13239316666667" lon="-122.33797799999999"><ele>5.2</ele><time>2026-09-24T22:58:22.000Z</time><extensions><gpxtpx:TrackPointExtension><gpxtpx:bearing>118.28</gpxtpx:bearing><gpxtpx:speed>10.539453</gpxtpx:speed></gpxtpx:TrackPointExtension></extensions><geoidheight>-29.1</geoidheight><src>gps</src><sat>15</sat><hdop>0.63</hdop><vdop>0.94</vdop><pdop>1.13</pdop><dgpsid>0000</dgpsid></trkpt>
<trkpt lat="38.131829833333335" lon="-122.33665266666667"><ele>5.6</ele><time>2026-09-24T22:58:33.000Z</time><extensions><gpxtpx:TrackPointExtension><gpxtpx:bearing>118.29</gpxtpx:bearing><gpxtpx:speed>13.076518</gpxtpx:speed></gpxtpx:TrackPointExtension></extensions><geoidheight>-29.1</geoidheight><src>gps</src><sat>16</sat><hdop>0.67</hdop><vdop>0.99</vdop><pdop>1.19</pdop><dgpsid>0000</dgpsid></trkpt>
<trkpt lat="38.13116866666667" lon="-122.33509016666667"><ele>5.4</ele><time>2026-09-24T22:58:44.000Z</time><extensions><gpxtpx:TrackPointExtension><gpxtpx:bearing>118.29</gpxtpx:bearing><gpxtpx:speed>14.890399</gpxtpx:speed></gpxtpx:TrackPointExtension></extensions><geoidheight>-29.1</geoidheight><src>gps</src><sat>15</sat><hdop>0.65</hdop><vdop>0.92</vdop><pdop>1.13</pdop><dgpsid>0000</dgpsid></trkpt>
<trkpt lat="38.130398166666666" lon="-122.33328066666667"><ele>4.9</ele><time>2026-09-24T22:58:55.000Z</time><extensions><gpxtpx:TrackPointExtension><gpxtpx:bearing>117.84</gpxtpx:bearing><gpxtpx:speed>16.8623</gpxtpx:speed></gpxtpx:TrackPointExtension></extensions><geoidheight>-29.1</geoidheight><src>gps</src><sat>16</sat><hdop>0.62</hdop><vdop>0.91</vdop><pdop>1.10</pdop><dgpsid>0000</dgpsid></trkpt>
<trkpt lat="38.12961083333333" lon="-122.33130316666666"><ele>4.6</ele><time>2026-09-24T22:59:06.000Z</time><extensions><gpxtpx:TrackPointExtension><gpxtpx:bearing>115.64</gpxtpx:bearing><gpxtpx:speed>18.718903</gpxtpx:speed></gpxtpx:TrackPointExtension></extensions><geoidheight>-29.1</geoidheight><src>gps</src><sat>15</sat><hdop>0.65</hdop><vdop>0.92</vdop><pdop>1.13</pdop><dgpsid>0000</dgpsid></trkpt>
<trkpt lat="38.12878883333334" lon="-122.32915016666666"><ele>5.1</ele><time>2026-09-24T22:59:17.000Z</time><extensions><gpxtpx:TrackPointExtension><gpxtpx:bearing>115.44</gpxtpx:bearing><gpxtpx:speed>19.102371</gpxtpx:speed></gpxtpx:TrackPointExtension></extensions><geoidheight>-29.1</geoidheight><src>gps</src><sat>15</sat><hdop>0.65</hdop><vdop>0.92</vdop><pdop>1.13</pdop><dgpsid>0000</dgpsid></trkpt>
<trkpt lat="38.12798816666667" lon="-122.32704916666668"><ele>4.5</ele><time>2026-09-24T22:59:28.000Z</time><extensions><gpxtpx:TrackPointExtension><gpxtpx:bearing>116.33</gpxtpx:bearing><gpxtpx:speed>17.407906</gpxtpx:speed></gpxtpx:TrackPointExtension></extensions><geoidheight>-29.1</geoidheight><src>gps</src><sat>15</sat><hdop>0.74</hdop><vdop>1.05</vdop><pdop>1.28</pdop><dgpsid>0000</dgpsid></trkpt>
<trkpt lat="38.127246166666666" lon="-122.32525283333334"><ele>4.6</ele><time>2026-09-24T22:59:39.000Z</time><extensions><gpxtpx:TrackPointExtension><gpxtpx:bearing>118.64</gpxtpx:bearing><gpxtpx:speed>16.469051</gpxtpx:speed></gpxtpx:TrackPointExtension></extensions><geoidheight>-29.1</geoidheight><src>gps</src><sat>15</sat><hdop>0.74</hdop><vdop>1.04</vdop><pdop>1.28</pdop><dgpsid>0000</dgpsid></trkpt>
<trkpt lat="38.12647883333333" lon="-122.32345433333333"><ele>4.7</ele><time>2026-09-24T22:59:50.000Z</time><extensions><gpxtpx:TrackPointExtension><gpxtpx:bearing>118.08</gpxtpx:bearing><gpxtpx:speed>17.443935</gpxtpx:speed></gpxtpx:TrackPointExtension></extensions><geoidheight>-29.1</geoidheight><src>gps</src><sat>16</sat><hdop>0.67</hdop><vdop>0.99</vdop><pdop>1.19</pdop><dgpsid>0000</dgpsid></trkpt>
<trkpt lat="38.12564716666667" lon="-122.32150266666667"><ele>4.0</ele><time>2026-09-24T23:00:01.000Z</time><extensions><gpxtpx:TrackPointExtension><gpxtpx:bearing>118.15</gpxtpx:bearing><gpxtpx:speed>17.904612</gpxtpx:speed></gpxtpx:TrackPointExtension></extensions><geoidheight>-29.1</geoidheight><src>gps</src><sat>16</sat><hdop>0.62</hdop><vdop>0.91</vdop><pdop>1.10</pdop><dgpsid>0000</dgpsid></trkpt>
<trkpt lat="38.1248055" lon="-122.31953216666668"><ele>4.2</ele><time>2026-09-24T23:00:12.000Z</time><extensions><gpxtpx:TrackPointExtension><gpxtpx:bearing>118.9</gpxtpx:bearing><gpxtpx:speed>18.266462</gpxtpx:speed></gpxtpx:TrackPointExtension></extensions><geoidheight>-29.1</geoidheight><src>gps</src><sat>16</sat><hdop>0.62</hdop><vdop>0.91</vdop><pdop>1.10</pdop><dgpsid>0000</dgpsid></trkpt>
<trkpt lat="38.123875" lon="-122.31739799999998"><ele>4.6</ele><time>2026-09-24T23:00:23.000Z</time><extensions><gpxtpx:TrackPointExtension><gpxtpx:bearing>119.17</gpxtpx:bearing><gpxtpx:speed>20.667128</gpxtpx:speed></gpxtpx:TrackPointExtension></extensions><geoidheight>-29.1</geoidheight><src>gps</src><sat>16</sat><hdop>0.62</hdop><vdop>0.91</vdop><pdop>1.10</pdop><dgpsid>0000</dgpsid></trkpt>
<trkpt lat="38.122823000000004" lon="-122.31498683333332"><ele>5.3</ele><time>2026-09-24T23:00:34.000Z</time><extensions><gpxtpx:TrackPointExtension><gpxtpx:bearing>118.91</gpxtpx:bearing><gpxtpx:speed>22.872711</gpxtpx:speed></gpxtpx:TrackPointExtension></extensions><geoidheight>-29.1</geoidheight><src>gps</src><sat>16</sat><hdop>0.62</hdop><vdop>0.91</vdop><pdop>1.10</pdop><dgpsid>0000</dgpsid></trkpt>
<trkpt lat="38.12171933333333" lon="-122.31248416666668"><ele>5.2</ele><time>2026-09-24T23:00:45.000Z</time><extensions><gpxtpx:TrackPointExtension><gpxtpx:bearing>120.25</gpxtpx:bearing><gpxtpx:speed>22.658587</gpxtpx:speed></gpxtpx:TrackPointExtension></extensions><geoidheight>-29.1</geoidheight><src>gps</src><sat>16</sat><hdop>0.62</hdop><vdop>0.91</vdop><pdop>1.10</pdop><dgpsid>0000</dgpsid></trkpt>
<trkpt lat="38.1205165" lon="-122.31002683333332"><ele>4.8</ele><time>2026-09-24T23:00:56.000Z</time><extensions><gpxtpx:TrackPointExtension><gpxtpx:bearing>122.88</gpxtpx:bearing><gpxtpx:speed>23.805387</gpxtpx:speed></gpxtpx:TrackPointExtension></extensions><geoidheight>-29.1</geoidheight><src>gps</src><sat>15</sat><hdop>0.67</hdop><vdop>0.99</vdop><pdop>1.19</pdop><dgpsid>0000</dgpsid></trkpt>
<trkpt lat="38.119261333333334" lon="-122.30745016666667"><ele>4.8</ele><time>2026-09-24T23:01:07.000Z</time><extensions><gpxtpx:TrackPointExtension><gpxtpx:bearing>120.44</gpxtpx:bearing><gpxtpx:speed>24.67424</gpxtpx:speed></gpxtpx:TrackPointExtension></extensions><geoidheight>-29.1</geoidheight><src>gps</src><sat>15</sat><hdop>0.67</hdop><vdop>0.99</vdop><pdop>1.19</pdop><dgpsid>0000</dgpsid></trkpt>
<trkpt lat="38.11819383333333" lon="-122.30460383333333"><ele>5.2</ele><time>2026-09-24T23:01:18.000Z</time><extensions><gpxtpx:TrackPointExtension><gpxtpx:bearing>109.55</gpxtpx:bearing><gpxtpx:speed>25.731993</gpxtpx:speed></gpxtpx:TrackPointExtension></extensions><geoidheight>-29.1</geoidheight><src>gps</src><sat>16</sat><hdop>0.64</hdop><vdop>0.92</vdop><pdop>1.12</pdop><dgpsid>0000</dgpsid></trkpt>
<trkpt lat="38.117552833333335" lon="-122.30138533333333"><ele>4.7</ele><time>2026-09-24T23:01:29.000Z</time><extensions><gpxtpx:TrackPointExtension><gpxtpx:bearing>98.87</gpxtpx:bearing><gpxtpx:speed>27.096006</gpxtpx:speed></gpxtpx:TrackPointExtension></extensions><geoidheight>-29.1</geoidheight><src>gps</src><sat>15</sat><hdop>0.64</hdop><vdop>0.92</vdop><pdop>1.11</pdop><dgpsid>0000</dgpsid></trkpt>
<trkpt lat="38.1173985" lon="-122.29799849999999"><ele>4.2</ele><time>2026-09-24T23:01:40.000Z</time><extensions><gpxtpx:TrackPointExtension><gpxtpx:bearing>89.9</gpxtpx:bearing><gpxtpx:speed>26.85203</gpxtpx:speed></gpxtpx:TrackPointExtension></extensions><geoidheight>-29.1</geoidheight><src>gps</src><sat>16</sat><hdop>0.64</hdop><vdop>0.92</vdop><pdop>1.12</pdop><dgpsid>0000</dgpsid></trkpt>
<trkpt lat="38.117362666666665" lon="-122.29472050000001"><ele>3.2</ele><time>2026-09-24T23:01:51.000Z</time><extensions><gpxtpx:TrackPointExtension><gpxtpx:bearing>91.93</gpxtpx:bearing><gpxtpx:speed>25.328451</gpxtpx:speed></gpxtpx:TrackPointExtension></extensions><geoidheight>-29.1</geoidheight><src>gps</src><sat>16</sat><hdop>0.66</hdop><vdop>0.92</vdop><pdop>1.13</pdop><dgpsid>0000</dgpsid></trkpt>
<trkpt lat="38.117264" lon="-122.29182116666668"><ele>3.7</ele><time>2026-09-24T23:02:02.000Z</time><extensions><gpxtpx:TrackPointExtension><gpxtpx:bearing>95.01</gpxtpx:bearing><gpxtpx:speed>21.369207</gpxtpx:speed></gpxtpx:TrackPointExtension></extensions><geoidheight>-29.1</geoidheight><src>gps</src><sat>16</sat><hdop>0.67</hdop><vdop>0.97</vdop><pdop>1.18</pdop><dgpsid>0000</dgpsid></trkpt>
<trkpt lat="38.117157" lon="-122.28951733333334"><ele>3.6</ele><time>2026-09-24T23:02:13.000Z</time><extensions><gpxtpx:TrackPointExtension><gpxtpx:bearing>102.06</gpxtpx:bearing><gpxtpx:speed>14.171332</gpxtpx:speed></gpxtpx:TrackPointExtension></extensions><geoidheight>-29.1</geoidheight><src>gps</src><sat>16</sat><hdop>0.65</hdop><vdop>0.95</vdop><pdop>1.15</pdop><dgpsid>0000</dgpsid></trkpt>
<trkpt lat="38.11673866666667" lon="-122.28807649999999"><ele>2.4</ele><time>2026-09-24T23:02:24.000Z</time><extensions><gpxtpx:TrackPointExtension><gpxtpx:bearing>108.72</gpxtpx:bearing><gpxtpx:speed>8.603582</gpxtpx:speed></gpxtpx:TrackPointExtension></extensions><geoidheight>-29.1</geoidheight><src>gps</src><sat>15</sat><hdop>0.73</hdop><vdop>1.07</vdop><pdop>1.30</pdop><dgpsid>0000</dgpsid></trkpt>
<trkpt lat="38.11617283333333" lon="-122.287632"><ele>2.4</ele><time>2026-09-24T23:02:35.000Z</time><extensions><gpxtpx:TrackPointExtension><gpxtpx:bearing>165.94</gpxtpx:bearing><gpxtpx:speed>9.751927</gpxtpx:speed></gpxtpx:TrackPointExtension></extensions><geoidheight>-29.1</geoidheight><src>gps</src><sat>15</sat><hdop>0.71</hdop><vdop>1.05</vdop><pdop>1.27</pdop><dgpsid>0000</dgpsid></trkpt>
<trkpt lat="38.114887833333334" lon="-122.28731666666665"><ele>1.8</ele><time>2026-09-24T23:02:46.000Z</time><extensions><gpxtpx:TrackPointExtension><gpxtpx:bearing>161.8</gpxtpx:bearing><gpxtpx:speed>15.976977</gpxtpx:speed></gpxtpx:TrackPointExtension></extensions><geoidheight>-29.1</geoidheight><src>gps</src><sat>15</sat><hdop>0.71</hdop><vdop>1.05</vdop><pdop>1.27</pdop><dgpsid>0000</dgpsid></trkpt>
<trkpt lat="38.113409499999996" lon="-122.286091"><ele>1.8</ele><time>2026-09-24T23:02:57.000Z</time><extensions><gpxtpx:TrackPointExtension><gpxtpx:bearing>143.87</gpxtpx:bearing><gpxtpx:speed>20.05049</gpxtpx:speed></gpxtpx:TrackPointExtension></extensions><geoidheight>-29.1</geoidheight><src>gps</src><sat>14</sat><hdop>0.76</hdop><vdop>1.13</vdop><pdop>1.36</pdop><dgpsid>0000</dgpsid></trkpt>
<trkpt lat="38.11174783333333" lon="-122.28456616666666"><ele>2.3</ele><time>2026-09-24T23:03:08.000Z</time><extensions><gpxtpx:TrackPointExtension><gpxtpx:bearing>143.89</gpxtpx:bearing><gpxtpx:speed>20.857574</gpxtpx:speed></gpxtpx:TrackPointExtension></extensions><geoidheight>-29.1</geoidheight><src>gps</src><sat>14</sat><hdop>0.81</hdop><vdop>1.17</vdop><pdop>1.42</pdop><dgpsid>0000</dgpsid></trkpt>
<trkpt lat="38.110156833333335" lon="-122.28311033333333"><ele>3.2</ele><time>2026-09-24T23:03:19.000Z</time><extensions><gpxtpx:TrackPointExtension><gpxtpx:bearing>144.06</gpxtpx:bearing><gpxtpx:speed>19.400394</gpxtpx:speed></gpxtpx:TrackPointExtension></extensions><geoidheight>-29.1</geoidheight><src>gps</src><sat>14</sat><hdop>0.76</hdop><vdop>1.13</vdop><pdop>1.36</pdop><dgpsid>0000</dgpsid></trkpt>
<trkpt lat="38.10872533333334" lon="-122.28181833333335"><ele>1.4</ele><time>2026-09-24T23:03:30.000Z</time><extensions><gpxtpx:TrackPointExtension><gpxtpx:bearing>143.84</gpxtpx:bearing><gpxtpx:speed>15.301662</gpxtpx:speed></gpxtpx:TrackPointExtension></extensions><geoidheight>-29.1</geoidheight><src>gps</src><sat>14</sat><hdop>0.76</hdop><vdop>1.13</vdop><pdop>1.36</pdop><dgpsid>0000</dgpsid></trkpt>
<trkpt lat="38.108053166666664" lon="-122.28117083333333"><ele>2.3</ele><time>2026-09-24T23:03:41.000Z</time><extensions><gpxtpx:TrackPointExtension><gpxtpx:bearing>134.81</gpxtpx:bearing><gpxtpx:speed>2.851561</gpxtpx:speed></gpxtpx:TrackPointExtension></extensions><geoidheight>-29.1</geoidheight><src>gps</src><sat>14</sat><hdop>0.79</hdop><vdop>1.14</vdop><pdop>1.39</pdop><dgpsid>0000</dgpsid></trkpt>
<trkpt lat="38.10831866666667" lon="-122.28047466666666"><ele>1.3</ele><time>2026-09-24T23:03:52.000Z</time><extensions><gpxtpx:TrackPointExtension><gpxtpx:bearing>56.58</gpxtpx:bearing><gpxtpx:speed>8.678217</gpxtpx:speed></gpxtpx:TrackPointExtension></extensions><geoidheight>-29.1</geoidheight><src>gps</src><sat>15</sat><hdop>0.81</hdop><vdop>1.18</vdop><pdop>1.43</pdop><dgpsid>0000</dgpsid></trkpt>
<trkpt lat="38.10856866666666" lon="-122.279841"><ele>1.9</ele><time>2026-09-24T23:04:03.000Z</time><extensions><gpxtpx:TrackPointExtension><gpxtpx:bearing>114.21</gpxtpx:bearing><gpxtpx:speed>4.447715</gpxtpx:speed></gpxtpx:TrackPointExtension></extensions><geoidheight>-29.1</geoidheight><src>gps</src><sat>14</sat><hdop>0.76</hdop><vdop>1.09</vdop><pdop>1.33</pdop><dgpsid>0000</dgpsid></trkpt>
<trkpt lat="38.107913833333335" lon="-122.27920383333334"><ele>3.0</ele><time>2026-09-24T23:04:14.000Z</time><extensions><gpxtpx:TrackPointExtension><gpxtpx:bearing>146.39</gpxtpx:bearing><gpxtpx:speed>11.2194</gpxtpx:speed></gpxtpx:TrackPointExtension></extensions><geoidheight>-29.1</geoidheight><src>gps</src><sat>14</sat><hdop>0.76</hdop><vdop>1.14</vdop><pdop>1.36</pdop><dgpsid>0000</dgpsid></trkpt>
<trkpt lat="38.106891499999996" lon="-122.27823683333332"><ele>4.5</ele><time>2026-09-24T23:04:25.000Z</time><extensions><gpxtpx:TrackPointExtension><gpxtpx:bearing>140.99</gpxtpx:bearing><gpxtpx:speed>13.463075</gpxtpx:speed></gpxtpx:TrackPointExtension></extensions><geoidheight>-29.1</geoidheight><src>gps</src><sat>13</sat><hdop>0.82</hdop><vdop>1.29</vdop><pdop>1.53</pdop><dgpsid>0000</dgpsid></trkpt>
<trkpt lat="38.10587116666667" lon="-122.27725000000001"><ele>6.4</ele><time>2026-09-24T23:04:36.000Z</time><extensions><gpxtpx:TrackPointExtension><gpxtpx:bearing>140.15</gpxtpx:bearing><gpxtpx:speed>12.455248</gpxtpx:speed></gpxtpx:TrackPointExtension></extensions><geoidheight>-29.1</geoidheight><src>gps</src><sat>13</sat><hdop>0.76</hdop><vdop>1.14</vdop><pdop>1.37</pdop><dgpsid>0000</dgpsid></trkpt>
<trkpt lat="38.10489833333334" lon="-122.27634866666668"><ele>6.1</ele><time>2026-09-24T23:04:47.000Z</time><extensions><gpxtpx:TrackPointExtension><gpxtpx:bearing>145.29</gpxtpx:bearing><gpxtpx:speed>11.826258</gpxtpx:speed></gpxtpx:TrackPointExtension></extensions><geoidheight>-29.1</geoidheight><src>gps</src><sat>14</sat><hdop>0.76</hdop><vdop>1.14</vdop><pdop>1.37</pdop><dgpsid>0000</dgpsid></trkpt>
<trkpt lat="38.103873666666665" lon="-122.27543016666665"><ele>5.9</ele><time>2026-09-24T23:04:58.000Z</time><extensions><gpxtpx:TrackPointExtension><gpxtpx:bearing>144.89</gpxtpx:bearing><gpxtpx:speed>13.190786</gpxtpx:speed></gpxtpx:TrackPointExtension></extensions><geoidheight>-29.1</geoidheight><src>gps</src><sat>13</sat><hdop>0.80</hdop><vdop>1.14</vdop><pdop>1.39</pdop><dgpsid>0000</dgpsid></trkpt>
<trkpt lat="38.1028095" lon="-122.27446316666668"><ele>7.0</ele><time>2026-09-24T23:05:09.000Z</time><extensions><gpxtpx:TrackPointExtension><gpxtpx:bearing>143.98</gpxtpx:bearing><gpxtpx:speed>12.259654</gpxtpx:speed></gpxtpx:TrackPointExtension></extensions><geoidheight>-29.1</geoidheight><src>gps</src><sat>13</sat><hdop>0.80</hdop><vdop>1.14</vdop><pdop>1.39</pdop><dgpsid>0000</dgpsid></trkpt>
<trkpt lat="38.10205800000001" lon="-122.273767"><ele>9.2</ele><time>2026-09-24T23:05:20.000Z</time><extensions><gpxtpx:TrackPointExtension><gpxtpx:bearing>145.43</gpxtpx:bearing><gpxtpx:speed>7.9694443</gpxtpx:speed></gpxtpx:TrackPointExtension></extensions><geoidheight>-29.1</geoidheight><src>gps</src><sat>14</sat><hdop>0.80</hdop><vdop>1.14</vdop><pdop>1.39</pdop><dgpsid>0000</dgpsid></trkpt>
<trkpt lat="38.10144116666667" lon="-122.27320216666666"><ele>8.7</ele><time>2026-09-24T23:05:31.000Z</time><extensions><gpxtpx:TrackPointExtension><gpxtpx:bearing>144.85</gpxtpx:bearing><gpxtpx:speed>8.465121</gpxtpx:speed></gpxtpx:TrackPointExtension></extensions><geoidheight>-29.1</geoidheight><src>gps</src><sat>14</sat><hdop>0.84</hdop><vdop>1.19</vdop><pdop>1.45</pdop><dgpsid>0000</dgpsid></trkpt>
<trkpt lat="38.10076566666667" lon="-122.27257999999999"><ele>7.8</ele><time>2026-09-24T23:05:42.000Z</time><extensions><gpxtpx:TrackPointExtension><gpxtpx:bearing>146.41</gpxtpx:bearing><gpxtpx:speed>6.494765</gpxtpx:speed></gpxtpx:TrackPointExtension></extensions><geoidheight>-29.1</geoidheight><src>gps</src><sat>12</sat><hdop>1.19</hdop><vdop>1.74</vdop><pdop>2.11</pdop><dgpsid>0000</dgpsid></trkpt>
<trkpt lat="38.10080833333333" lon="-122.2720345"><ele>4.5</ele><time>2026-09-24T23:05:53.000Z</time><extensions><gpxtpx:TrackPointExtension><gpxtpx:bearing>52.89</gpxtpx:bearing><gpxtpx:speed>5.6511354</gpxtpx:speed></gpxtpx:TrackPointExtension></extensions><geoidheight>-29.1</geoidheight><src>gps</src><sat>15</sat><hdop>0.79</hdop><vdop>1.18</vdop><pdop>1.42</pdop><dgpsid>0000</dgpsid></trkpt>
<trkpt lat="38.10104233333333" lon="-122.27167933333334"><ele>0.9</ele><time>2026-09-24T23:06:04.000Z</time><extensions><gpxtpx:TrackPointExtension><gpxtpx:bearing>46.67</gpxtpx:bearing><gpxtpx:speed>0.47200027</gpxtpx:speed></gpxtpx:TrackPointExtension></extensions><geoidheight>-29.1</geoidheight><src>gps</src><sat>14</sat><hdop>0.77</hdop><vdop>1.10</vdop><pdop>1.34</pdop><dgpsid>0000</dgpsid></trkpt>
<trkpt lat="38.1010985" lon="-122.27159716666665"><ele>0.5</ele><time>2026-09-24T23:06:26.000Z</time><extensions><gpxtpx:TrackPointExtension><gpxtpx:bearing>58.14</gpxtpx:bearing><gpxtpx:speed>3.1763508</gpxtpx:speed></gpxtpx:TrackPointExtension></extensions><geoidheight>-29.1</geoidheight><src>gps</src><sat>15</sat><hdop>0.85</hdop><vdop>1.20</vdop><pdop>1.47</pdop><dgpsid>0000</dgpsid></trkpt>
<trkpt lat="38.10100916666667" lon="-122.27126183333333"><ele>3.2</ele><time>2026-09-24T23:06:37.000Z</time><extensions><gpxtpx:TrackPointExtension><gpxtpx:bearing>149.32</gpxtpx:bearing><gpxtpx:speed>2.0372705</gpxtpx:speed></gpxtpx:TrackPointExtension></extensions><geoidheight>-29.1</geoidheight><src>gps</src><sat>15</sat><hdop>0.71</hdop><vdop>1.08</vdop><pdop>1.29</pdop><dgpsid>0000</dgpsid></trkpt>
<trkpt lat="38.100984833333335" lon="-122.27119050000002"><ele>4.6</ele><time>2026-09-24T23:06:59.000Z</time><extensions><gpxtpx:TrackPointExtension><gpxtpx:speed>0.12816583</gpxtpx:speed></gpxtpx:TrackPointExtension></extensions><geoidheight>-29.1</geoidheight><src>gps</src><sat>14</sat><hdop>0.78</hdop><vdop>1.18</vdop><pdop>1.42</pdop><dgpsid>0000</dgpsid></trkpt>
<trkpt lat="38.100951" lon="-122.271235"><ele>7.3</ele><time>2026-09-24T23:16:42.000Z</time><extensions><gpxtpx:TrackPointExtension><gpxtpx:speed>0.019044721</gpxtpx:speed></gpxtpx:TrackPointExtension></extensions><geoidheight>-29.1</geoidheight><src>gps</src><sat>15</sat><hdop>0.69</hdop><vdop>1.13</vdop><pdop>1.33</pdop><dgpsid>0000</dgpsid></trkpt>
</trkseg></trk></gpx>