<?xml version="1.0" encoding="UTF-8"?><kml xmlns="http://www.opengis.net/kml/2.2" xmlns:gx="http://www.google.com/kml/ext/2.2" xmlns:kml="http://www.opengis.net/kml/2.2" xmlns:atom="http://www.w3.org/2005/Atom"><Document><name>2026-09-23T16:07:32.000Z</name>
<Placemark>
<gx:Track>

<when>2026-09-23T16:07:32.000Z</when>
<gx:coord>-123.06162449999998 44.236945500000004 129.0</gx:coord>

<when>2026-09-23T16:07:43.000Z</when>
<gx:coord>-123.06158099999999 44.237014833333326 118.0</gx:coord>

<when>2026-09-23T16:16:53.000Z</when>
<gx:coord>-123.061647 44.236913 110.8</gx:coord>

<when>2026-09-23T16:17:04.000Z</when>
<gx:coord>-123.0616505 44.236754999999995 108.8</gx:coord>

<when>2026-09-23T16:17:15.000Z</when>
<gx:coord>-123.06162216666668 44.2365345 107.6</gx:coord>

<when>2026-09-23T16:17:26.000Z</when>
<gx:coord>-123.06160649999998 44.23627966666666 104.7</gx:coord>

<when>2026-09-23T16:17:37.000Z</when>
<gx:coord>-123.06150583333334 44.235998 107.5</gx:coord>

<when>2026-09-23T16:17:48.000Z</when>
<gx:coord>-123.06126983333334 44.23555866666667 108.2</gx:coord>

<when>2026-09-23T16:17:59.000Z</when>
<gx:coord>-123.061103 44.234466833333336 109.3</gx:coord>

<when>2026-09-23T16:18:10.000Z</when>
<gx:coord>-123.0610635 44.23279316666667 110.3</gx:coord>

<when>2026-09-23T16:18:21.000Z</when>
<gx:coord>-123.06101333333332 44.230764833333325 110.5</gx:coord>

<when>2026-09-23T16:18:32.000Z</when>
<gx:coord>-123.0610035 44.22851083333333 109.9</gx:coord>

<when>2026-09-23T16:18:43.000Z</when>
<gx:coord>-123.06098500000002 44.226101500000006 110.4</gx:coord>

<when>2026-09-23T16:18:54.000Z</when>
<gx:coord>-123.06097766666666 44.223597166666664 110.4</gx:coord>

<when>2026-09-23T16:19:05.000Z</when>
<gx:coord>-123.0609675 44.22104583333333 110.9</gx:coord>

<when>2026-09-23T16:19:16.000Z</when>
<gx:coord>-123.06095683333334 44.21852083333333 112.1</gx:coord>

<when>2026-09-23T16:19:27.000Z</when>
<gx:coord>-123.06095099999999 44.215957333333336 112.1</gx:coord>

<when>2026-09-23T16:19:38.000Z</when>
<gx:coord>-123.06094183333335 44.21334166666667 112.9</gx:coord>

<when>2026-09-23T16:19:49.000Z</when>
<gx:coord>-123.06092583333333 44.210705999999995 113.8</gx:coord>

<when>2026-09-23T16:20:00.000Z</when>
<gx:coord>-123.06092466666665 44.208048833333336 114.2</gx:coord>

<when>2026-09-23T16:20:11.000Z</when>
<gx:coord>-123.06091333333333 44.205392333333336 114.9</gx:coord>

<when>2026-09-23T16:20:22.000Z</when>
<gx:coord>-123.06090999999999 44.202724999999994 115.8</gx:coord>

<when>2026-09-23T16:20:33.000Z</when>
<gx:coord>-123.06090233333335 44.2000125 116.3</gx:coord>

<when>2026-09-23T16:20:44.000Z</when>
<gx:coord>-123.06088633333333 44.19729616666667 116.9</gx:coord>

<when>2026-09-23T16:20:55.000Z</when>
<gx:coord>-123.06087633333333 44.19457933333333 116.6</gx:coord>

<when>2026-09-23T16:21:06.000Z</when>
<gx:coord>-123.06087416666666 44.19185716666666 115.7</gx:coord>

<when>2026-09-23T16:21:17.000Z</when>
<gx:coord>-123.06086733333335 44.18908583333334 116.0</gx:coord>

<when>2026-09-23T16:21:28.000Z</when>
<gx:coord>-123.06085983333332 44.18628333333333 116.5</gx:coord>

<when>2026-09-23T16:21:39.000Z</when>
<gx:coord>-123.06084416666666 44.183454166666664 117.5</gx:coord>

<when>2026-09-23T16:21:50.000Z</when>
<gx:coord>-123.06083666666667 44.180606000000004 118.0</gx:coord>

<when>2026-09-23T16:22:01.000Z</when>
<gx:coord>-123.06082433333334 44.17776966666667 118.5</gx:coord>

<when>2026-09-23T16:22:12.000Z</when>
<gx:coord>-123.06080449999999 44.174936499999994 119.8</gx:coord>

<when>2026-09-23T16:22:23.000Z</when>
<gx:coord>-123.06074316666667 44.17213533333334 120.5</gx:coord>

<when>2026-09-23T16:22:34.000Z</when>
<gx:coord>-123.060365 44.16932983333333 119.8</gx:coord>

<when>2026-09-23T16:22:45.000Z</when>
<gx:coord>-123.05969733333335 44.166540166666664 120.7</gx:coord>

<when>2026-09-23T16:22:56.000Z</when>
<gx:coord>-123.05898200000001 44.16378683333334 121.4</gx:coord>

<when>2026-09-23T16:23:07.000Z</when>
<gx:coord>-123.05827300000001 44.161043333333325 122.1</gx:coord>

<when>2026-09-23T16:23:18.000Z</when>
<gx:coord>-123.05757049999998 44.158316666666664 122.6</gx:coord>

<when>2026-09-23T16:23:29.000Z</when>
<gx:coord>-123.05685966666667 44.15557083333333 123.1</gx:coord>

<when>2026-09-23T16:23:40.000Z</when>
<gx:coord>-123.05615100000001 44.15277733333334 123.3</gx:coord>

<when>2026-09-23T16:23:51.000Z</when>
<gx:coord>-123.05541749999999 44.14989966666667 124.0</gx:coord>

<when>2026-09-23T16:24:02.000Z</when>
<gx:coord>-123.05466716666666 44.146984 124.0</gx:coord>

<when>2026-09-23T16:24:13.000Z</when>
<gx:coord>-123.05392116666665 44.14407783333333 124.9</gx:coord>

<when>2026-09-23T16:24:24.000Z</when>
<gx:coord>-123.05318216666667 44.141174 125.3</gx:coord>

<when>2026-09-23T16:24:35.000Z</when>
<gx:coord>-123.05243183333332 44.13824266666667 125.5</gx:coord>

<when>2026-09-23T16:24:46.000Z</when>
<gx:coord>-123.05169066666667 44.13534483333333 126.4</gx:coord>

<when>2026-09-23T16:24:57.000Z</when>
<gx:coord>-123.05096800000001 44.13253516666667 127.1</gx:coord>

<when>2026-09-23T16:25:08.000Z</when>
<gx:coord>-123.05024966666666 44.12969833333333 127.9</gx:coord>

<when>2026-09-23T16:25:19.000Z</when>
<gx:coord>-123.0495285 44.126869500000005 128.5</gx:coord>

<when>2026-09-23T16:25:30.000Z</when>
<gx:coord>-123.0488075 44.124039833333335 128.6</gx:coord>

<when>2026-09-23T16:25:41.000Z</when>
<gx:coord>-123.04807333333335 44.12117383333332 128.7</gx:coord>

<when>2026-09-23T16:25:52.000Z</when>
<gx:coord>-123.04733616666665 44.1182885 131.4</gx:coord>

<when>2026-09-23T16:26:03.000Z</when>
<gx:coord>-123.04660533333332 44.115456333333334 137.6</gx:coord>

<when>2026-09-23T16:26:14.000Z</when>
<gx:coord>-123.04588816666667 44.1126285 137.2</gx:coord>

<when>2026-09-23T16:26:25.000Z</when>
<gx:coord>-123.04513550000001 44.10975883333334 133.0</gx:coord>

<when>2026-09-23T16:26:36.000Z</when>
<gx:coord>-123.04452033333334 44.106854999999996 131.6</gx:coord>

<when>2026-09-23T16:26:47.000Z</when>
<gx:coord>-123.044564 44.10391916666667 131.7</gx:coord>

<when>2026-09-23T16:26:58.000Z</when>
<gx:coord>-123.04490050000001 44.101107 131.0</gx:coord>

<when>2026-09-23T16:27:09.000Z</when>
<gx:coord>-123.04523233333333 44.09843333333333 130.6</gx:coord>

<when>2026-09-23T16:27:20.000Z</when>
<gx:coord>-123.04555683333335 44.09575499999999 131.0</gx:coord>

<when>2026-09-23T16:27:31.000Z</when>
<gx:coord>-123.04588216666667 44.093078 133.0</gx:coord>

<when>2026-09-23T16:27:42.000Z</when>
<gx:coord>-123.0462065 44.0903975 138.8</gx:coord>

<when>2026-09-23T16:27:53.000Z</when>
<gx:coord>-123.0465195 44.08770833333333 139.8</gx:coord>

<when>2026-09-23T16:28:04.000Z</when>
<gx:coord>-123.04681933333335 44.08490233333334 135.5</gx:coord>

<when>2026-09-23T16:28:15.000Z</when>
<gx:coord>-123.04712783333335 44.08201183333334 134.0</gx:coord>

<when>2026-09-23T16:28:26.000Z</when>
<gx:coord>-123.04746816666666 44.079215000000005 134.8</gx:coord>

<when>2026-09-23T16:28:37.000Z</when>
<gx:coord>-123.04780299999999 44.07643516666667 136.4</gx:coord>

<when>2026-09-23T16:28:48.000Z</when>
<gx:coord>-123.0481515 44.0735725 137.5</gx:coord>

<when>2026-09-23T16:28:59.000Z</when>
<gx:coord>-123.04847883333332 44.07083033333333 138.6</gx:coord>

<when>2026-09-23T16:29:10.000Z</when>
<gx:coord>-123.04878266666668 44.068270166666665 139.4</gx:coord>

<when>2026-09-23T16:29:21.000Z</when>
<gx:coord>-123.04913649999999 44.065701499999996 139.5</gx:coord>

<when>2026-09-23T16:29:32.000Z</when>
<gx:coord>-123.04947316666667 44.063109000000004 139.6</gx:coord>

<when>2026-09-23T16:29:43.000Z</when>
<gx:coord>-123.049772 44.060535333333334 138.6</gx:coord>

<when>2026-09-23T16:29:54.000Z</when>
<gx:coord>-123.05005416666667 44.057989 138.1</gx:coord>

<when>2026-09-23T16:30:05.000Z</when>
<gx:coord>-123.05017166666667 44.0554045 138.0</gx:coord>

<when>2026-09-23T16:30:16.000Z</when>
<gx:coord>-123.05017950000001 44.05285333333333 137.8</gx:coord>

<when>2026-09-23T16:30:27.000Z</when>
<gx:coord>-123.05019933333332 44.05019066666667 140.8</gx:coord>

<when>2026-09-23T16:30:38.000Z</when>
<gx:coord>-123.05022116666666 44.047646500000006 145.0</gx:coord>

<when>2026-09-23T16:30:49.000Z</when>
<gx:coord>-123.0501955 44.04512783333333 147.3</gx:coord>

<when>2026-09-23T16:31:00.000Z</when>
<gx:coord>-123.05002716666668 44.04250333333333 147.1</gx:coord>

<when>2026-09-23T16:31:11.000Z</when>
<gx:coord>-123.04917449999999 44.039912666666666 143.6</gx:coord>

<when>2026-09-23T16:31:22.000Z</when>
<gx:coord>-123.04767883333334 44.03766983333333 151.6</gx:coord>

<when>2026-09-23T16:31:33.000Z</when>
<gx:coord>-123.04544383333332 44.03595433333333 161.7</gx:coord>

<when>2026-09-23T16:31:44.000Z</when>
<gx:coord>-123.04246283333332 44.034939 166.4</gx:coord>

<when>2026-09-23T16:31:55.000Z</when>
<gx:coord>-123.03898633333334 44.034704833333336 168.5</gx:coord>

<when>2026-09-23T16:32:06.000Z</when>
<gx:coord>-123.03536199999999 44.03468733333334 170.4</gx:coord>

<when>2026-09-23T16:32:17.000Z</when>
<gx:coord>-123.03195383333332 44.033716000000005 171.1</gx:coord>

<when>2026-09-23T16:32:28.000Z</when>
<gx:coord>-123.03018766666668 44.03128433333333 169.0</gx:coord>

<when>2026-09-23T16:32:39.000Z</when>
<gx:coord>-123.02966450000001 44.028419666666665 163.3</gx:coord>

<when>2026-09-23T16:32:50.000Z</when>
<gx:coord>-123.02878133333334 44.025539333333334 160.8</gx:coord>

<when>2026-09-23T16:33:01.000Z</when>
<gx:coord>-123.02752749999999 44.022674333333335 159.3</gx:coord>

<when>2026-09-23T16:33:12.000Z</when>
<gx:coord>-123.026218 44.01973216666667 155.4</gx:coord>

<when>2026-09-23T16:33:23.000Z</when>
<gx:coord>-123.02490366666667 44.016775833333334 151.9</gx:coord>

<when>2026-09-23T16:33:34.000Z</when>
<gx:coord>-123.02362049999998 44.01387266666667 150.3</gx:coord>

<when>2026-09-23T16:33:45.000Z</when>
<gx:coord>-123.02236450000001 44.0110275 150.8</gx:coord>

<when>2026-09-23T16:33:56.000Z</when>
<gx:coord>-123.02112416666665 44.0082105 153.6</gx:coord>

<when>2026-09-23T16:34:07.000Z</when>
<gx:coord>-123.01990083333334 44.00544849999999 157.4</gx:coord>

<when>2026-09-23T16:34:18.000Z</when>
<gx:coord>-123.01845166666665 44.00281666666667 164.5</gx:coord>

<when>2026-09-23T16:34:29.000Z</when>
<gx:coord>-123.01555566666666 44.0009955 165.3</gx:coord>

<when>2026-09-23T16:34:40.000Z</when>
<gx:coord>-123.0118865 43.999678333333335 158.0</gx:coord>

<when>2026-09-23T16:34:51.000Z</when>
<gx:coord>-123.00824050000001 43.998211000000005 152.9</gx:coord>

<when>2026-09-23T16:35:02.000Z</when>
<gx:coord>-123.00599916666667 43.995850999999995 154.4</gx:coord>

<when>2026-09-23T16:35:13.000Z</when>
<gx:coord>-123.005902 43.99292033333333 150.5</gx:coord>

<when>2026-09-23T16:35:24.000Z</when>
<gx:coord>-123.00664383333333 43.990036333333336 150.5</gx:coord>

<when>2026-09-23T16:35:35.000Z</when>
<gx:coord>-123.00739216666668 43.98716550000001 151.3</gx:coord>

<when>2026-09-23T16:35:46.000Z</when>
<gx:coord>-123.00812916666668 43.984329333333335 152.7</gx:coord>

<when>2026-09-23T16:35:57.000Z</when>
<gx:coord>-123.00887933333334 43.981461833333334 154.3</gx:coord>

<when>2026-09-23T16:36:08.000Z</when>
<gx:coord>-123.00962566666666 43.97859216666667 155.6</gx:coord>

<when>2026-09-23T16:36:19.000Z</when>
<gx:coord>-123.0103845 43.97570316666667 156.6</gx:coord>

<when>2026-09-23T16:36:30.000Z</when>
<gx:coord>-123.01114366666667 43.97280683333334 159.9</gx:coord>

<when>2026-09-23T16:36:41.000Z</when>
<gx:coord>-123.01188083333334 43.96991766666667 163.0</gx:coord>

<when>2026-09-23T16:36:52.000Z</when>
<gx:coord>-123.01215283333335 43.96692633333334 162.6</gx:coord>

<when>2026-09-23T16:37:03.000Z</when>
<gx:coord>-123.01177533333333 43.963853333333326 161.6</gx:coord>

<when>2026-09-23T16:37:14.000Z</when>
<gx:coord>-123.01131616666667 43.96080833333334 160.0</gx:coord>

<when>2026-09-23T16:37:25.000Z</when>
<gx:coord>-123.01085883333332 43.95779900000001 159.4</gx:coord>

<when>2026-09-23T16:37:36.000Z</when>
<gx:coord>-123.01040050000002 43.95481333333334 159.3</gx:coord>

<when>2026-09-23T16:37:47.000Z</when>
<gx:coord>-123.00995433333334 43.95188499999999 158.5</gx:coord>

<when>2026-09-23T16:37:58.000Z</when>
<gx:coord>-123.00951233333332 43.94896383333333 159.7</gx:coord>

<when>2026-09-23T16:38:09.000Z</when>
<gx:coord>-123.00907549999998 43.9460475 161.5</gx:coord>

<when>2026-09-23T16:38:20.000Z</when>
<gx:coord>-123.00905116666667 43.9430935 163.7</gx:coord>

<when>2026-09-23T16:38:31.000Z</when>
<gx:coord>-123.00945333333333 43.94012766666666 164.7</gx:coord>

<when>2026-09-23T16:38:42.000Z</when>
<gx:coord>-123.00986416666667 43.937172333333336 164.5</gx:coord>

<when>2026-09-23T16:38:53.000Z</when>
<gx:coord>-123.01027966666668 43.93421716666667 164.4</gx:coord>

<when>2026-09-23T16:39:04.000Z</when>
<gx:coord>-123.01069416666665 43.93122816666667 164.3</gx:coord>

<when>2026-09-23T16:39:15.000Z</when>
<gx:coord>-123.01111033333333 43.92822566666667 164.4</gx:coord>

<when>2026-09-23T16:39:26.000Z</when>
<gx:coord>-123.0115315 43.92520816666667 164.7</gx:coord>

<when>2026-09-23T16:39:37.000Z</when>
<gx:coord>-123.01195266666667 43.922194499999996 164.3</gx:coord>

<when>2026-09-23T16:39:48.000Z</when>
<gx:coord>-123.01235733333333 43.919216000000006 164.7</gx:coord>

<when>2026-09-23T16:39:59.000Z</when>
<gx:coord>-123.01277216666668 43.91624566666666 164.6</gx:coord>

<when>2026-09-23T16:40:10.000Z</when>
<gx:coord>-123.01317883333334 43.9132535 165.4</gx:coord>

<when>2026-09-23T16:40:21.000Z</when>
<gx:coord>-123.013586 43.91024783333334 165.1</gx:coord>

<when>2026-09-23T16:40:32.000Z</when>
<gx:coord>-123.01400066666665 43.907243 166.0</gx:coord>

<when>2026-09-23T16:40:43.000Z</when>
<gx:coord>-123.01441116666668 43.904233000000005 167.8</gx:coord>

<when>2026-09-23T16:40:54.000Z</when>
<gx:coord>-123.01482966666666 43.90121216666667 168.7</gx:coord>

<when>2026-09-23T16:41:05.000Z</when>
<gx:coord>-123.01505566666668 43.898176666666664 169.3</gx:coord>

<when>2026-09-23T16:41:16.000Z</when>
<gx:coord>-123.0149215 43.895197833333334 170.2</gx:coord>

<when>2026-09-23T16:41:27.000Z</when>
<gx:coord>-123.01468116666668 43.892309499999996 171.6</gx:coord>

<when>2026-09-23T16:41:38.000Z</when>
<gx:coord>-123.01444183333334 43.889388333333336 173.4</gx:coord>

<when>2026-09-23T16:41:49.000Z</when>
<gx:coord>-123.01419666666668 43.886406 175.1</gx:coord>

<when>2026-09-23T16:42:00.000Z</when>
<gx:coord>-123.01395516666668 43.8833945 175.9</gx:coord>

<when>2026-09-23T16:42:11.000Z</when>
<gx:coord>-123.01371133333332 43.880385 176.9</gx:coord>

<when>2026-09-23T16:42:22.000Z</when>
<gx:coord>-123.01346783333332 43.87734950000001 179.6</gx:coord>

<when>2026-09-23T16:42:33.000Z</when>
<gx:coord>-123.01321766666666 43.874302166666666 179.5</gx:coord>

<when>2026-09-23T16:42:44.000Z</when>
<gx:coord>-123.01298183333334 43.871352166666675 180.2</gx:coord>

<when>2026-09-23T16:42:55.000Z</when>
<gx:coord>-123.01300033333334 43.86853033333333 181.7</gx:coord>

<when>2026-09-23T16:43:06.000Z</when>
<gx:coord>-123.01408799999999 43.865817166666666 181.7</gx:coord>

<when>2026-09-23T16:43:17.000Z</when>
<gx:coord>-123.01535383333334 43.86314649999999 180.9</gx:coord>

<when>2026-09-23T16:43:28.000Z</when>
<gx:coord>-123.01660216666666 43.8605105 181.8</gx:coord>

<when>2026-09-23T16:43:39.000Z</when>
<gx:coord>-123.01787366666667 43.85782716666666 181.6</gx:coord>

<when>2026-09-23T16:43:50.000Z</when>
<gx:coord>-123.01916033333333 43.85509633333333 182.5</gx:coord>

<when>2026-09-23T16:44:01.000Z</when>
<gx:coord>-123.02045600000001 43.85236566666667 183.0</gx:coord>

<when>2026-09-23T16:44:12.000Z</when>
<gx:coord>-123.02175600000001 43.849627666666656 182.8</gx:coord>

<when>2026-09-23T16:44:23.000Z</when>
<gx:coord>-123.02304233333334 43.84692166666667 183.2</gx:coord>

<when>2026-09-23T16:44:34.000Z</when>
<gx:coord>-123.02432633333335 43.84421033333333 184.0</gx:coord>

<when>2026-09-23T16:44:45.000Z</when>
<gx:coord>-123.02562016666667 43.841463499999996 185.1</gx:coord>

<when>2026-09-23T16:44:56.000Z</when>
<gx:coord>-123.02692549999999 43.83870166666667 184.9</gx:coord>

<when>2026-09-23T16:45:07.000Z</when>
<gx:coord>-123.02820183333333 43.83600683333334 186.4</gx:coord>

<when>2026-09-23T16:45:18.000Z</when>
<gx:coord>-123.029485 43.83329416666667 186.9</gx:coord>

<when>2026-09-23T16:45:29.000Z</when>
<gx:coord>-123.0307725 43.83058266666667 188.8</gx:coord>

<when>2026-09-23T16:45:40.000Z</when>
<gx:coord>-123.03205033333333 43.827894666666666 189.2</gx:coord>

<when>2026-09-23T16:45:51.000Z</when>
<gx:coord>-123.033288 43.8252825 189.9</gx:coord>

<when>2026-09-23T16:46:02.000Z</when>
<gx:coord>-123.03452433333332 43.822673 190.1</gx:coord>

<when>2026-09-23T16:46:13.000Z</when>
<gx:coord>-123.03574633333334 43.820092333333335 190.8</gx:coord>

<when>2026-09-23T16:46:24.000Z</when>
<gx:coord>-123.0369085 43.81763466666666 191.1</gx:coord>

<when>2026-09-23T16:46:35.000Z</when>
<gx:coord>-123.03805716666666 43.81520833333334 192.8</gx:coord>

<when>2026-09-23T16:46:46.000Z</when>
<gx:coord>-123.039204 43.812773666666665 194.1</gx:coord>

<when>2026-09-23T16:46:57.000Z</when>
<gx:coord>-123.04034516666667 43.810356 193.1</gx:coord>

<when>2026-09-23T16:47:08.000Z</when>
<gx:coord>-123.04147800000001 43.80797583333333 193.2</gx:coord>

<when>2026-09-23T16:47:19.000Z</when>
<gx:coord>-123.04261733333333 43.805565166666675 196.1</gx:coord>

<when>2026-09-23T16:47:30.000Z</when>
<gx:coord>-123.04380016666667 43.803054 199.5</gx:coord>

<when>2026-09-23T16:47:41.000Z</when>
<gx:coord>-123.04502099999999 43.800457666666674 201.8</gx:coord>

<when>2026-09-23T16:47:52.000Z</when>
<gx:coord>-123.04632050000001 43.7978175 204.1</gx:coord>

<when>2026-09-23T16:48:03.000Z</when>
<gx:coord>-123.04811683333334 43.79528666666667 207.2</gx:coord>

<when>2026-09-23T16:48:14.000Z</when>
<gx:coord>-123.050574 43.793004999999994 210.6</gx:coord>

<when>2026-09-23T16:48:25.000Z</when>
<gx:coord>-123.05292683333333 43.79068399999999 217.7</gx:coord>

<when>2026-09-23T16:48:36.000Z</when>
<gx:coord>-123.05350283333334 43.78794516666667 224.0</gx:coord>

<when>2026-09-23T16:48:47.000Z</when>
<gx:coord>-123.05442149999999 43.78525866666667 229.1</gx:coord>

<when>2026-09-23T16:48:58.000Z</when>
<gx:coord>-123.05572599999999 43.78260650000001 232.1</gx:coord>

<when>2026-09-23T16:49:09.000Z</when>
<gx:coord>-123.05709066666668 43.779833499999995 231.3</gx:coord>

<when>2026-09-23T16:49:20.000Z</when>
<gx:coord>-123.05847800000001 43.777006 227.3</gx:coord>

<when>2026-09-23T16:49:31.000Z</when>
<gx:coord>-123.05981183333333 43.77429866666667 224.4</gx:coord>

<when>2026-09-23T16:49:42.000Z</when>
<gx:coord>-123.06155633333334 43.771746666666665 217.9</gx:coord>

<when>2026-09-23T16:49:53.000Z</when>
<gx:coord>-123.06411183333333 43.76952616666667 213.4</gx:coord>

<when>2026-09-23T16:50:04.000Z</when>
<gx:coord>-123.06723349999999 43.76781316666667 212.0</gx:coord>

<when>2026-09-23T16:50:15.000Z</when>
<gx:coord>-123.07064333333334 43.766463333333334 215.3</gx:coord>

<when>2026-09-23T16:50:26.000Z</when>
<gx:coord>-123.07411750000001 43.7651185 217.6</gx:coord>

<when>2026-09-23T16:50:37.000Z</when>
<gx:coord>-123.07781866666667 43.76368666666667 212.5</gx:coord>

<when>2026-09-23T16:50:48.000Z</when>
<gx:coord>-123.08163250000001 43.76220883333334 212.5</gx:coord>

<when>2026-09-23T16:50:59.000Z</when>
<gx:coord>-123.08521450000002 43.760821666666665 214.5</gx:coord>

<when>2026-09-23T16:51:10.000Z</when>
<gx:coord>-123.08869716666668 43.759475 216.0</gx:coord>

<when>2026-09-23T16:51:21.000Z</when>
<gx:coord>-123.09220783333333 43.75810966666666 218.2</gx:coord>

<when>2026-09-23T16:51:32.000Z</when>
<gx:coord>-123.09580916666667 43.756715 221.2</gx:coord>

<when>2026-09-23T16:51:43.000Z</when>
<gx:coord>-123.09940516666666 43.75532799999999 222.5</gx:coord>

<when>2026-09-23T16:51:54.000Z</when>
<gx:coord>-123.10298783333334 43.753942499999994 225.1</gx:coord>

<when>2026-09-23T16:52:05.000Z</when>
<gx:coord>-123.10641833333332 43.7526175 227.2</gx:coord>

<when>2026-09-23T16:52:16.000Z</when>
<gx:coord>-123.10975783333333 43.75131833333333 229.4</gx:coord>

<when>2026-09-23T16:52:27.000Z</when>
<gx:coord>-123.11332933333333 43.750460499999996 230.7</gx:coord>

<when>2026-09-23T16:52:38.000Z</when>
<gx:coord>-123.11708483333332 43.75015799999999 233.1</gx:coord>

<when>2026-09-23T16:52:49.000Z</when>
<gx:coord>-123.12096233333332 43.74999266666667 233.9</gx:coord>

<when>2026-09-23T16:53:00.000Z</when>
<gx:coord>-123.12485900000001 43.750363666666665 234.6</gx:coord>

<when>2026-09-23T16:53:11.000Z</when>
<gx:coord>-123.12854933333334 43.751395833333326 237.3</gx:coord>

<when>2026-09-23T16:53:22.000Z</when>
<gx:coord>-123.13239 43.75243016666666 230.8</gx:coord>

<when>2026-09-23T16:53:33.000Z</when>
<gx:coord>-123.1363375 43.75345333333333 215.6</gx:coord>

<when>2026-09-23T16:53:44.000Z</when>
<gx:coord>-123.14034466666665 43.75364583333333 203.6</gx:coord>

<when>2026-09-23T16:53:55.000Z</when>
<gx:coord>-123.14366016666666 43.7522645 194.7</gx:coord>

<when>2026-09-23T16:54:06.000Z</when>
<gx:coord>-123.14731883333334 43.751629 186.5</gx:coord>

<when>2026-09-23T16:54:17.000Z</when>
<gx:coord>-123.15109016666665 43.752436833333334 180.8</gx:coord>

<when>2026-09-23T16:54:28.000Z</when>
<gx:coord>-123.1549885 43.75294416666667 176.1</gx:coord>

<when>2026-09-23T16:54:39.000Z</when>
<gx:coord>-123.15892666666666 43.752865166666666 173.0</gx:coord>

<when>2026-09-23T16:54:50.000Z</when>
<gx:coord>-123.16270783333333 43.752425666666674 169.4</gx:coord>

<when>2026-09-23T16:55:01.000Z</when>
<gx:coord>-123.16611333333334 43.751096833333335 163.7</gx:coord>

<when>2026-09-23T16:55:12.000Z</when>
<gx:coord>-123.16995 43.75078283333334 159.8</gx:coord>

<when>2026-09-23T16:55:23.000Z</when>
<gx:coord>-123.173893 43.750279666666664 158.2</gx:coord>

<when>2026-09-23T16:55:34.000Z</when>
<gx:coord>-123.17704733333333 43.74847283333334 156.0</gx:coord>

<when>2026-09-23T16:55:45.000Z</when>
<gx:coord>-123.17992716666667 43.746489833333335 157.5</gx:coord>

<when>2026-09-23T16:55:56.000Z</when>
<gx:coord>-123.18181950000002 43.74414650000001 159.7</gx:coord>

<when>2026-09-23T16:56:07.000Z</when>
<gx:coord>-123.18343716666668 43.741544833333336 154.7</gx:coord>

<when>2026-09-23T16:56:18.000Z</when>
<gx:coord>-123.18592166666667 43.739207 147.2</gx:coord>

<when>2026-09-23T16:56:29.000Z</when>
<gx:coord>-123.18909149999999 43.737350666666664 143.5</gx:coord>

<when>2026-09-23T16:56:40.000Z</when>
<gx:coord>-123.19269666666666 43.73598283333334 139.7</gx:coord>

<when>2026-09-23T16:56:51.000Z</when>
<gx:coord>-123.196124 43.73438216666667 136.0</gx:coord>

<when>2026-09-23T16:57:02.000Z</when>
<gx:coord>-123.19880383333333 43.732183166666665 133.5</gx:coord>

<when>2026-09-23T16:57:13.000Z</when>
<gx:coord>-123.2010935 43.72970516666666 130.3</gx:coord>

<when>2026-09-23T16:57:24.000Z</when>
<gx:coord>-123.20341366666668 43.727206333333335 127.9</gx:coord>

<when>2026-09-23T16:57:35.000Z</when>
<gx:coord>-123.20577466666667 43.72466333333333 124.8</gx:coord>

<when>2026-09-23T16:57:46.000Z</when>
<gx:coord>-123.20812583333333 43.7221695 128.4</gx:coord>

<when>2026-09-23T16:57:57.000Z</when>
<gx:coord>-123.21057 43.71978783333334 129.3</gx:coord>

<when>2026-09-23T16:58:08.000Z</when>
<gx:coord>-123.21304033333332 43.71737983333334 129.6</gx:coord>

<when>2026-09-23T16:58:19.000Z</when>
<gx:coord>-123.21548650000001 43.714993166666666 129.5</gx:coord>

<when>2026-09-23T16:58:30.000Z</when>
<gx:coord>-123.217832 43.71265133333333 125.3</gx:coord>

<when>2026-09-23T16:58:41.000Z</when>
<gx:coord>-123.21836366666666 43.70988933333333 123.4</gx:coord>

<when>2026-09-23T16:58:52.000Z</when>
<gx:coord>-123.21622533333333 43.70766416666667 127.5</gx:coord>

<when>2026-09-23T16:59:03.000Z</when>
<gx:coord>-123.21272433333334 43.70676183333333 133.1</gx:coord>

<when>2026-09-23T16:59:14.000Z</when>
<gx:coord>-123.20929233333332 43.70596783333334 145.6</gx:coord>

<when>2026-09-23T16:59:25.000Z</when>
<gx:coord>-123.20648433333332 43.70456583333333 159.1</gx:coord>

<when>2026-09-23T16:59:36.000Z</when>
<gx:coord>-123.20462583333334 43.70261383333333 165.3</gx:coord>

<when>2026-09-23T16:59:47.000Z</when>
<gx:coord>-123.20359250000001 43.700384500000006 168.6</gx:coord>

<when>2026-09-23T16:59:58.000Z</when>
<gx:coord>-123.20259816666666 43.6981655 175.0</gx:coord>

<when>2026-09-23T17:00:09.000Z</when>
<gx:coord>-123.20161616666668 43.69596216666667 182.4</gx:coord>

<when>2026-09-23T17:00:20.000Z</when>
<gx:coord>-123.20063216666668 43.693769999999994 190.9</gx:coord>

<when>2026-09-23T17:00:31.000Z</when>
<gx:coord>-123.19971416666667 43.69153733333333 199.1</gx:coord>

<when>2026-09-23T17:00:42.000Z</when>
<gx:coord>-123.19969449999999 43.68907066666667 194.1</gx:coord>

<when>2026-09-23T17:00:53.000Z</when>
<gx:coord>-123.20022733333332 43.686581666666676 186.7</gx:coord>

<when>2026-09-23T17:01:04.000Z</when>
<gx:coord>-123.19959216666666 43.68406216666667 173.4</gx:coord>

<when>2026-09-23T17:01:15.000Z</when>
<gx:coord>-123.19791949999998 43.68181433333333 168.8</gx:coord>

<when>2026-09-23T17:01:27.000Z</when>
<gx:coord>-123.19795783333332 43.6792465 167.1</gx:coord>

<when>2026-09-23T17:01:40.000Z</when>
<gx:coord>-123.19928983333332 43.6766045 165.0</gx:coord>

<when>2026-09-23T17:01:51.000Z</when>
<gx:coord>-123.200437 43.67436566666667 159.7</gx:coord>

<when>2026-09-23T17:02:03.000Z</when>
<gx:coord>-123.20168383333333 43.67189166666667 160.2</gx:coord>

<when>2026-09-23T17:02:14.000Z</when>
<gx:coord>-123.20271683333334 43.66956449999999 161.6</gx:coord>

<when>2026-09-23T17:02:25.000Z</when>
<gx:coord>-123.20308116666665 43.666951166666664 162.0</gx:coord>

<when>2026-09-23T17:02:36.000Z</when>
<gx:coord>-123.2027085 43.6642575 160.6</gx:coord>

<when>2026-09-23T17:02:47.000Z</when>
<gx:coord>-123.20311699999999 43.661539833333336 156.8</gx:coord>

<when>2026-09-23T17:02:58.000Z</when>
<gx:coord>-123.20473150000001 43.6589645 154.2</gx:coord>

<when>2026-09-23T17:03:09.000Z</when>
<gx:coord>-123.20653116666666 43.65638233333334 153.6</gx:coord>

<when>2026-09-23T17:03:20.000Z</when>
<gx:coord>-123.20836200000001 43.653754 151.2</gx:coord>

<when>2026-09-23T17:03:31.000Z</when>
<gx:coord>-123.210234 43.65107416666667 147.8</gx:coord>

<when>2026-09-23T17:03:42.000Z</when>
<gx:coord>-123.21187900000001 43.64830416666667 144.8</gx:coord>

<when>2026-09-23T17:03:53.000Z</when>
<gx:coord>-123.21319183333331 43.645443166666674 140.9</gx:coord>

<when>2026-09-23T17:04:04.000Z</when>
<gx:coord>-123.21447116666668 43.64263283333333 137.7</gx:coord>

<when>2026-09-23T17:04:15.000Z</when>
<gx:coord>-123.21573850000001 43.639841666666676 136.0</gx:coord>

<when>2026-09-23T17:04:26.000Z</when>
<gx:coord>-123.216958 43.63705466666667 132.7</gx:coord>

<when>2026-09-23T17:04:37.000Z</when>
<gx:coord>-123.21820449999998 43.63427433333333 129.8</gx:coord>

<when>2026-09-23T17:04:48.000Z</when>
<gx:coord>-123.21944166666665 43.63155133333333 127.5</gx:coord>

<when>2026-09-23T17:04:59.000Z</when>
<gx:coord>-123.21973666666666 43.62874083333333 125.1</gx:coord>

<when>2026-09-23T17:05:10.000Z</when>
<gx:coord>-123.21847116666667 43.626004333333334 127.5</gx:coord>

<when>2026-09-23T17:05:21.000Z</when>
<gx:coord>-123.21674033333332 43.62338583333334 130.2</gx:coord>

<when>2026-09-23T17:05:32.000Z</when>
<gx:coord>-123.21516566666666 43.62072450000001 132.1</gx:coord>

<when>2026-09-23T17:05:43.000Z</when>
<gx:coord>-123.21467083333333 43.617880833333324 139.7</gx:coord>

<when>2026-09-23T17:05:54.000Z</when>
<gx:coord>-123.21542683333334 43.61514950000001 143.4</gx:coord>

<when>2026-09-23T17:06:05.000Z</when>
<gx:coord>-123.2172105 43.61272133333333 147.7</gx:coord>

<when>2026-09-23T17:06:16.000Z</when>
<gx:coord>-123.21935733333333 43.61045166666666 149.2</gx:coord>

<when>2026-09-23T17:06:27.000Z</when>
<gx:coord>-123.22153283333334 43.608187666666666 150.1</gx:coord>

<when>2026-09-23T17:06:38.000Z</when>
<gx:coord>-123.22409416666666 43.60616933333334 152.9</gx:coord>

<when>2026-09-23T17:06:49.000Z</when>
<gx:coord>-123.226962 43.604465 157.8</gx:coord>

<when>2026-09-23T17:07:00.000Z</when>
<gx:coord>-123.22979616666667 43.602826500000006 165.1</gx:coord>

<when>2026-09-23T17:07:11.000Z</when>
<gx:coord>-123.2326455 43.60117833333334 167.4</gx:coord>

<when>2026-09-23T17:07:22.000Z</when>
<gx:coord>-123.23567166666665 43.599474166666674 165.8</gx:coord>

<when>2026-09-23T17:07:33.000Z</when>
<gx:coord>-123.23871400000002 43.59775849999999 159.8</gx:coord>

<when>2026-09-23T17:07:44.000Z</when>
<gx:coord>-123.24171233333333 43.59606966666667 154.6</gx:coord>

<when>2026-09-23T17:07:55.000Z</when>
<gx:coord>-123.24479716666669 43.59433966666667 148.3</gx:coord>

<when>2026-09-23T17:08:06.000Z</when>
<gx:coord>-123.24783716666667 43.592474499999994 142.4</gx:coord>

<when>2026-09-23T17:08:17.000Z</when>
<gx:coord>-123.25067083333333 43.59038866666666 138.4</gx:coord>

<when>2026-09-23T17:08:28.000Z</when>
<gx:coord>-123.253281 43.58810333333333 136.0</gx:coord>

<when>2026-09-23T17:08:39.000Z</when>
<gx:coord>-123.2558285 43.585783000000006 133.8</gx:coord>

<when>2026-09-23T17:08:50.000Z</when>
<gx:coord>-123.25840216666666 43.58345066666667 131.3</gx:coord>

<when>2026-09-23T17:09:01.000Z</when>
<gx:coord>-123.2610045 43.58108300000001 128.4</gx:coord>

<when>2026-09-23T17:09:12.000Z</when>
<gx:coord>-123.26356833333332 43.5787575 125.8</gx:coord>

<when>2026-09-23T17:09:23.000Z</when>
<gx:coord>-123.26612266666667 43.57643783333333 123.7</gx:coord>

<when>2026-09-23T17:09:34.000Z</when>
<gx:coord>-123.2687015 43.57410033333334 124.0</gx:coord>

<when>2026-09-23T17:09:45.000Z</when>
<gx:coord>-123.27126316666666 43.571774000000005 125.3</gx:coord>

<when>2026-09-23T17:09:56.000Z</when>
<gx:coord>-123.27379833333335 43.56947633333333 129.4</gx:coord>

<when>2026-09-23T17:10:07.000Z</when>
<gx:coord>-123.27633066666667 43.56715466666666 127.4</gx:coord>

<when>2026-09-23T17:10:18.000Z</when>
<gx:coord>-123.27877866666668 43.564778 121.2</gx:coord>

<when>2026-09-23T17:10:29.000Z</when>
<gx:coord>-123.280914 43.562419 123.6</gx:coord>

<when>2026-09-23T17:10:40.000Z</when>
<gx:coord>-123.28219466666665 43.5597445 124.5</gx:coord>

<when>2026-09-23T17:10:51.000Z</when>
<gx:coord>-123.28340000000001 43.556974833333335 127.3</gx:coord>

<when>2026-09-23T17:11:02.000Z</when>
<gx:coord>-123.28460916666667 43.5542085 128.8</gx:coord>

<when>2026-09-23T17:11:13.000Z</when>
<gx:coord>-123.2858245 43.55144716666667 130.4</gx:coord>

<when>2026-09-23T17:11:24.000Z</when>
<gx:coord>-123.2870415 43.5486665 131.7</gx:coord>

<when>2026-09-23T17:11:35.000Z</when>
<gx:coord>-123.28825483333334 43.54590783333333 133.4</gx:coord>

<when>2026-09-23T17:11:46.000Z</when>
<gx:coord>-123.2894715 43.543133000000005 134.2</gx:coord>

<when>2026-09-23T17:11:57.000Z</when>
<gx:coord>-123.29069566666666 43.540350999999994 135.3</gx:coord>

<when>2026-09-23T17:12:08.000Z</when>
<gx:coord>-123.2919235 43.537688499999994 139.3</gx:coord>

<when>2026-09-23T17:12:19.000Z</when>
<gx:coord>-123.29390183333335 43.53533666666667 144.5</gx:coord>

<when>2026-09-23T17:12:30.000Z</when>
<gx:coord>-123.296478 43.53357266666667 159.7</gx:coord>

<when>2026-09-23T17:12:41.000Z</when>
<gx:coord>-123.29878566666666 43.532073833333335 175.2</gx:coord>

<when>2026-09-23T17:12:52.000Z</when>
<gx:coord>-123.30063883333332 43.530593333333336 188.4</gx:coord>

<when>2026-09-23T17:13:03.000Z</when>
<gx:coord>-123.30197600000001 43.529017 199.4</gx:coord>

<when>2026-09-23T17:13:14.000Z</when>
<gx:coord>-123.30367266666666 43.52784566666666 210.3</gx:coord>

<when>2026-09-23T17:13:25.000Z</when>
<gx:coord>-123.30576783333332 43.527172666666665 220.9</gx:coord>

<when>2026-09-23T17:13:36.000Z</when>
<gx:coord>-123.308164 43.52676916666666 226.2</gx:coord>

<when>2026-09-23T17:13:47.000Z</when>
<gx:coord>-123.31045816666668 43.52579766666666 222.4</gx:coord>

<when>2026-09-23T17:13:58.000Z</when>
<gx:coord>-123.31205100000001 43.523827 211.1</gx:coord>

<when>2026-09-23T17:14:09.000Z</when>
<gx:coord>-123.31300166666666 43.52138516666667 198.0</gx:coord>

<when>2026-09-23T17:14:20.000Z</when>
<gx:coord>-123.31379366666667 43.518860333333336 191.0</gx:coord>

<when>2026-09-23T17:14:31.000Z</when>
<gx:coord>-123.31456150000001 43.516325333333334 189.6</gx:coord>

<when>2026-09-23T17:14:42.000Z</when>
<gx:coord>-123.31533833333333 43.513761666666674 188.0</gx:coord>

<when>2026-09-23T17:14:53.000Z</when>
<gx:coord>-123.31618250000001 43.51118983333334 187.4</gx:coord>

<when>2026-09-23T17:15:04.000Z</when>
<gx:coord>-123.31727466666668 43.508634 185.4</gx:coord>

<when>2026-09-23T17:15:15.000Z</when>
<gx:coord>-123.31864249999998 43.50605733333334 184.0</gx:coord>

<when>2026-09-23T17:15:26.000Z</when>
<gx:coord>-123.32026266666665 43.50355066666666 182.4</gx:coord>

<when>2026-09-23T17:15:37.000Z</when>
<gx:coord>-123.3221185 43.501147666666675 179.8</gx:coord>

<when>2026-09-23T17:15:48.000Z</when>
<gx:coord>-123.32417283333334 43.498856499999995 178.6</gx:coord>

<when>2026-09-23T17:15:59.000Z</when>
<gx:coord>-123.32640583333333 43.4967 182.1</gx:coord>

<when>2026-09-23T17:16:10.000Z</when>
<gx:coord>-123.32860133333334 43.49461466666666 187.9</gx:coord>

<when>2026-09-23T17:16:21.000Z</when>
<gx:coord>-123.33047649999999 43.49244016666667 192.5</gx:coord>

<when>2026-09-23T17:16:32.000Z</when>
<gx:coord>-123.33043233333335 43.4898665 189.1</gx:coord>

<when>2026-09-23T17:16:43.000Z</when>
<gx:coord>-123.32841099999999 43.48752133333334 177.8</gx:coord>

<when>2026-09-23T17:16:54.000Z</when>
<gx:coord>-123.32616216666665 43.485162666666675 169.4</gx:coord>

<when>2026-09-23T17:17:05.000Z</when>
<gx:coord>-123.32442366666668 43.482690000000005 165.3</gx:coord>

<when>2026-09-23T17:17:16.000Z</when>
<gx:coord>-123.322907 43.4801515 161.8</gx:coord>

<when>2026-09-23T17:17:27.000Z</when>
<gx:coord>-123.32091083333334 43.47776133333333 155.7</gx:coord>

<when>2026-09-23T17:17:38.000Z</when>
<gx:coord>-123.31872433333335 43.47550583333334 152.9</gx:coord>

<when>2026-09-23T17:17:49.000Z</when>
<gx:coord>-123.31686316666668 43.47316216666666 151.2</gx:coord>

<when>2026-09-23T17:18:00.000Z</when>
<gx:coord>-123.31610333333334 43.47048083333334 150.9</gx:coord>

<when>2026-09-23T17:18:11.000Z</when>
<gx:coord>-123.31668466666666 43.467776 150.0</gx:coord>

<when>2026-09-23T17:18:22.000Z</when>
<gx:coord>-123.31835000000001 43.465354833333336 147.2</gx:coord>

<when>2026-09-23T17:18:33.000Z</when>
<gx:coord>-123.320177 43.462951999999994 145.3</gx:coord>

<when>2026-09-23T17:18:44.000Z</when>
<gx:coord>-123.32202233333334 43.4605415 144.3</gx:coord>

<when>2026-09-23T17:18:55.000Z</when>
<gx:coord>-123.32385566666666 43.45812733333334 143.8</gx:coord>

<when>2026-09-23T17:19:06.000Z</when>
<gx:coord>-123.32570216666666 43.455683833333325 143.3</gx:coord>

<when>2026-09-23T17:19:17.000Z</when>
<gx:coord>-123.326708 43.453048833333334 142.5</gx:coord>

<when>2026-09-23T17:19:28.000Z</when>
<gx:coord>-123.3260875 43.450391 143.0</gx:coord>

<when>2026-09-23T17:19:39.000Z</when>
<gx:coord>-123.32413166666666 43.44804016666667 144.2</gx:coord>

<when>2026-09-23T17:19:50.000Z</when>
<gx:coord>-123.32190966666667 43.445767833333335 145.2</gx:coord>

<when>2026-09-23T17:20:01.000Z</when>
<gx:coord>-123.31974450000001 43.4435585 145.7</gx:coord>

<when>2026-09-23T17:20:12.000Z</when>
<gx:coord>-123.31758016666666 43.441353666666664 146.2</gx:coord>

<when>2026-09-23T17:20:23.000Z</when>
<gx:coord>-123.31540683333333 43.43912633333333 146.4</gx:coord>

<when>2026-09-23T17:20:34.000Z</when>
<gx:coord>-123.31383633333334 43.43675633333334 141.2</gx:coord>

<when>2026-09-23T17:20:45.000Z</when>
<gx:coord>-123.31439649999999 43.434306166666666 148.9</gx:coord>

<when>2026-09-23T17:20:56.000Z</when>
<gx:coord>-123.31626800000001 43.43243016666667 158.8</gx:coord>

<when>2026-09-23T17:21:07.000Z</when>
<gx:coord>-123.31806766666665 43.43066066666667 167.4</gx:coord>

<when>2026-09-23T17:21:18.000Z</when>
<gx:coord>-123.31885150000001 43.428497666666665 170.3</gx:coord>

<when>2026-09-23T17:21:29.000Z</when>
<gx:coord>-123.319032 43.4260115 169.6</gx:coord>

<when>2026-09-23T17:21:40.000Z</when>
<gx:coord>-123.3197865 43.423498 162.6</gx:coord>

<when>2026-09-23T17:21:51.000Z</when>
<gx:coord>-123.32149749999999 43.421145499999994 152.0</gx:coord>

<when>2026-09-23T17:22:02.000Z</when>
<gx:coord>-123.32333533333333 43.418814999999995 142.5</gx:coord>

<when>2026-09-23T17:22:13.000Z</when>
<gx:coord>-123.32515366666667 43.416489166666665 133.1</gx:coord>

<when>2026-09-23T17:22:24.000Z</when>
<gx:coord>-123.32697666666667 43.41415933333333 135.6</gx:coord>

<when>2026-09-23T17:22:35.000Z</when>
<gx:coord>-123.32866733333334 43.41199116666667 152.3</gx:coord>

<when>2026-09-23T17:22:46.000Z</when>
<gx:coord>-123.330187 43.41011383333333 166.7</gx:coord>

<when>2026-09-23T17:22:57.000Z</when>
<gx:coord>-123.33151933333332 43.408409666666664 179.8</gx:coord>

<when>2026-09-23T17:23:08.000Z</when>
<gx:coord>-123.33275 43.40683383333333 191.3</gx:coord>

<when>2026-09-23T17:23:19.000Z</when>
<gx:coord>-123.33391216666665 43.405346666666674 202.7</gx:coord>

<when>2026-09-23T17:23:30.000Z</when>
<gx:coord>-123.33502266666667 43.40391216666667 210.4</gx:coord>

<when>2026-09-23T17:23:41.000Z</when>
<gx:coord>-123.3358765 43.402208 212.3</gx:coord>

<when>2026-09-23T17:23:52.000Z</when>
<gx:coord>-123.33620233333335 43.40005599999999 202.5</gx:coord>

<when>2026-09-23T17:24:03.000Z</when>
<gx:coord>-123.33648416666668 43.39769666666666 187.2</gx:coord>

<when>2026-09-23T17:24:14.000Z</when>
<gx:coord>-123.33680199999999 43.3951505 173.3</gx:coord>

<when>2026-09-23T17:24:25.000Z</when>
<gx:coord>-123.33711550000001 43.39258333333334 164.8</gx:coord>

<when>2026-09-23T17:24:36.000Z</when>
<gx:coord>-123.33744083333335 43.38995966666666 156.2</gx:coord>

<when>2026-09-23T17:24:47.000Z</when>
<gx:coord>-123.33776449999999 43.38731566666667 152.8</gx:coord>

<when>2026-09-23T17:24:58.000Z</when>
<gx:coord>-123.3380845 43.38474833333333 154.0</gx:coord>

<when>2026-09-23T17:25:09.000Z</when>
<gx:coord>-123.338352 43.382188 155.8</gx:coord>

<when>2026-09-23T17:25:20.000Z</when>
<gx:coord>-123.33823716666666 43.379556 158.4</gx:coord>

<when>2026-09-23T17:25:31.000Z</when>
<gx:coord>-123.33727750000001 43.37689350000001 160.9</gx:coord>

<when>2026-09-23T17:25:42.000Z</when>
<gx:coord>-123.33550233333332 43.37449766666667 162.2</gx:coord>

<when>2026-09-23T17:25:53.000Z</when>
<gx:coord>-123.33347416666666 43.372196 162.3</gx:coord>

<when>2026-09-23T17:26:04.000Z</when>
<gx:coord>-123.33167316666668 43.369749666666664 162.0</gx:coord>

<when>2026-09-23T17:26:15.000Z</when>
<gx:coord>-123.33019866666667 43.36714383333333 160.3</gx:coord>

<when>2026-09-23T17:26:26.000Z</when>
<gx:coord>-123.32910566666666 43.36452633333333 157.6</gx:coord>

<when>2026-09-23T17:26:37.000Z</when>
<gx:coord>-123.3283985 43.36195716666666 157.1</gx:coord>

<when>2026-09-23T17:26:48.000Z</when>
<gx:coord>-123.32795033333332 43.35930216666667 158.1</gx:coord>

<when>2026-09-23T17:26:59.000Z</when>
<gx:coord>-123.32753849999999 43.356621833333335 158.5</gx:coord>

<when>2026-09-23T17:27:10.000Z</when>
<gx:coord>-123.32771783333334 43.35392166666667 159.3</gx:coord>

<when>2026-09-23T17:27:21.000Z</when>
<gx:coord>-123.32848133333333 43.35122283333333 158.2</gx:coord>

<when>2026-09-23T17:27:32.000Z</when>
<gx:coord>-123.32870366666666 43.348532999999996 156.6</gx:coord>

<when>2026-09-23T17:27:43.000Z</when>
<gx:coord>-123.32879066666668 43.345853166666664 157.4</gx:coord>

<when>2026-09-23T17:27:54.000Z</when>
<gx:coord>-123.33016516666666 43.343422833333335 157.8</gx:coord>

<when>2026-09-23T17:28:05.000Z</when>
<gx:coord>-123.33199316666666 43.341153333333324 157.3</gx:coord>

<when>2026-09-23T17:28:16.000Z</when>
<gx:coord>-123.33380416666665 43.33874949999999 152.9</gx:coord>

<when>2026-09-23T17:28:27.000Z</when>
<gx:coord>-123.33562250000001 43.336283 148.7</gx:coord>

<when>2026-09-23T17:28:38.000Z</when>
<gx:coord>-123.33743133333334 43.33381916666667 148.5</gx:coord>

<when>2026-09-23T17:28:49.000Z</when>
<gx:coord>-123.33921383333333 43.33138900000001 148.5</gx:coord>

<when>2026-09-23T17:29:00.000Z</when>
<gx:coord>-123.34102866666666 43.328854 148.1</gx:coord>

<when>2026-09-23T17:29:11.000Z</when>
<gx:coord>-123.34282883333331 43.3262715 149.5</gx:coord>

<when>2026-09-23T17:29:22.000Z</when>
<gx:coord>-123.34439400000001 43.3236355 156.6</gx:coord>

<when>2026-09-23T17:29:33.000Z</when>
<gx:coord>-123.34572266666667 43.32093983333333 157.0</gx:coord>

<when>2026-09-23T17:29:44.000Z</when>
<gx:coord>-123.34679916666667 43.31805633333333 151.0</gx:coord>

<when>2026-09-23T17:29:55.000Z</when>
<gx:coord>-123.34753866666667 43.31518916666667 150.3</gx:coord>

<when>2026-09-23T17:30:06.000Z</when>
<gx:coord>-123.34803766666667 43.31235933333334 156.5</gx:coord>

<when>2026-09-23T17:30:17.000Z</when>
<gx:coord>-123.34845933333332 43.309566499999995 162.2</gx:coord>

<when>2026-09-23T17:30:28.000Z</when>
<gx:coord>-123.34889233333334 43.3068105 167.3</gx:coord>

<when>2026-09-23T17:30:39.000Z</when>
<gx:coord>-123.34931383333333 43.30399216666667 168.6</gx:coord>

<when>2026-09-23T17:30:50.000Z</when>
<gx:coord>-123.34977150000002 43.301128166666665 164.3</gx:coord>

<when>2026-09-23T17:31:01.000Z</when>
<gx:coord>-123.35054166666666 43.29830816666666 160.6</gx:coord>

<when>2026-09-23T17:31:12.000Z</when>
<gx:coord>-123.35162683333334 43.29559716666666 161.4</gx:coord>

<when>2026-09-23T17:31:23.000Z</when>
<gx:coord>-123.35303616666667 43.292951666666674 162.7</gx:coord>

<when>2026-09-23T17:31:34.000Z</when>
<gx:coord>-123.35451533333335 43.29037866666666 166.3</gx:coord>

<when>2026-09-23T17:31:45.000Z</when>
<gx:coord>-123.35586450000001 43.28779133333334 165.5</gx:coord>

<when>2026-09-23T17:31:56.000Z</when>
<gx:coord>-123.35621583333335 43.28497016666667 158.6</gx:coord>

<when>2026-09-23T17:32:07.000Z</when>
<gx:coord>-123.35595933333335 43.28222483333334 156.7</gx:coord>

<when>2026-09-23T17:32:18.000Z</when>
<gx:coord>-123.35570083333332 43.27953949999999 156.2</gx:coord>

<when>2026-09-23T17:32:29.000Z</when>
<gx:coord>-123.35544783333334 43.27683183333333 156.9</gx:coord>

<when>2026-09-23T17:32:40.000Z</when>
<gx:coord>-123.355296 43.27416316666666 160.0</gx:coord>

<when>2026-09-23T17:32:51.000Z</when>
<gx:coord>-123.35589566666667 43.271521 162.3</gx:coord>

<when>2026-09-23T17:33:02.000Z</when>
<gx:coord>-123.35663350000002 43.26880616666667 163.5</gx:coord>

<when>2026-09-23T17:33:13.000Z</when>
<gx:coord>-123.35739866666667 43.26600966666667 165.6</gx:coord>

<when>2026-09-23T17:33:24.000Z</when>
<gx:coord>-123.35815550000001 43.263248499999996 171.7</gx:coord>

<when>2026-09-23T17:33:35.000Z</when>
<gx:coord>-123.35887816666667 43.260626833333326 180.8</gx:coord>

<when>2026-09-23T17:33:46.000Z</when>
<gx:coord>-123.35946516666667 43.25808083333333 187.4</gx:coord>

<when>2026-09-23T17:33:57.000Z</when>
<gx:coord>-123.35980866666665 43.25536416666667 185.8</gx:coord>

<when>2026-09-23T17:34:08.000Z</when>
<gx:coord>-123.35995316666667 43.2525005 178.3</gx:coord>

<when>2026-09-23T17:34:19.000Z</when>
<gx:coord>-123.36009199999998 43.24960550000001 169.5</gx:coord>

<when>2026-09-23T17:34:30.000Z</when>
<gx:coord>-123.3602355 43.24668450000001 161.4</gx:coord>

<when>2026-09-23T17:34:41.000Z</when>
<gx:coord>-123.36038383333334 43.243827833333334 157.4</gx:coord>

<when>2026-09-23T17:34:52.000Z</when>
<gx:coord>-123.3605235 43.241078 156.1</gx:coord>

<when>2026-09-23T17:35:03.000Z</when>
<gx:coord>-123.36066266666667 43.238398000000004 154.9</gx:coord>

<when>2026-09-23T17:35:14.000Z</when>
<gx:coord>-123.36082666666668 43.23568983333333 155.3</gx:coord>

<when>2026-09-23T17:35:25.000Z</when>
<gx:coord>-123.36125683333333 43.23292816666667 152.8</gx:coord>

<when>2026-09-23T17:35:36.000Z</when>
<gx:coord>-123.36170533333333 43.2302225 151.9</gx:coord>

<when>2026-09-23T17:35:47.000Z</when>
<gx:coord>-123.36136416666668 43.22756716666666 151.5</gx:coord>

<when>2026-09-23T17:35:58.000Z</when>
<gx:coord>-123.36049183333334 43.22516816666666 150.0</gx:coord>

<when>2026-09-23T17:36:09.000Z</when>
<gx:coord>-123.35958950000001 43.22279283333334 150.0</gx:coord>

<when>2026-09-23T17:36:20.000Z</when>
<gx:coord>-123.35851983333332 43.220206499999996 150.3</gx:coord>

<when>2026-09-23T17:36:31.000Z</when>
<gx:coord>-123.3571705 43.21748316666667 150.4</gx:coord>

<when>2026-09-23T17:36:42.000Z</when>
<gx:coord>-123.35581883333334 43.21469816666666 152.7</gx:coord>

<when>2026-09-23T17:36:53.000Z</when>
<gx:coord>-123.35488333333333 43.212163 154.9</gx:coord>

<when>2026-09-23T17:37:04.000Z</when>
<gx:coord>-123.35636683333333 43.20986500000001 152.5</gx:coord>

<when>2026-09-23T17:37:15.000Z</when>
<gx:coord>-123.358505 43.20761833333333 151.7</gx:coord>

<when>2026-09-23T17:37:26.000Z</when>
<gx:coord>-123.35915183333333 43.20488933333333 154.3</gx:coord>

<when>2026-09-23T17:37:37.000Z</when>
<gx:coord>-123.359314 43.20215266666667 156.0</gx:coord>

<when>2026-09-23T17:37:48.000Z</when>
<gx:coord>-123.35955516666667 43.199439166666664 158.9</gx:coord>

<when>2026-09-23T17:37:59.000Z</when>
<gx:coord>-123.360447 43.196725833333325 158.3</gx:coord>

<when>2026-09-23T17:38:10.000Z</when>
<gx:coord>-123.36205700000001 43.194219000000004 153.7</gx:coord>

<when>2026-09-23T17:38:21.000Z</when>
<gx:coord>-123.36434433333334 43.19199233333334 147.8</gx:coord>

<when>2026-09-23T17:38:32.000Z</when>
<gx:coord>-123.36729116666666 43.19020666666667 144.6</gx:coord>

<when>2026-09-23T17:38:43.000Z</when>
<gx:coord>-123.37010433333334 43.188411333333335 145.8</gx:coord>

<when>2026-09-23T17:38:54.000Z</when>
<gx:coord>-123.37231116666665 43.186361166666664 147.4</gx:coord>

<when>2026-09-23T17:39:05.000Z</when>
<gx:coord>-123.37387133333335 43.184039166666665 150.4</gx:coord>

<when>2026-09-23T17:39:16.000Z</when>
<gx:coord>-123.37408766666667 43.18156333333333 158.0</gx:coord>

<when>2026-09-23T17:39:27.000Z</when>
<gx:coord>-123.37309150000002 43.179280166666665 167.2</gx:coord>

<when>2026-09-23T17:39:38.000Z</when>
<gx:coord>-123.37192783333333 43.177173333333336 170.9</gx:coord>

<when>2026-09-23T17:39:49.000Z</when>
<gx:coord>-123.37078933333332 43.17514549999999 169.7</gx:coord>

<when>2026-09-23T17:40:00.000Z</when>
<gx:coord>-123.36958350000002 43.17296366666666 164.8</gx:coord>

<when>2026-09-23T17:40:11.000Z</when>
<gx:coord>-123.36817783333332 43.17064033333333 161.4</gx:coord>

<when>2026-09-23T17:40:22.000Z</when>
<gx:coord>-123.36671999999999 43.168352166666665 168.8</gx:coord>

<when>2026-09-23T17:40:33.000Z</when>
<gx:coord>-123.36577600000001 43.165933333333335 174.2</gx:coord>

<when>2026-09-23T17:40:44.000Z</when>
<gx:coord>-123.36550833333334 43.16330516666667 172.6</gx:coord>

<when>2026-09-23T17:40:55.000Z</when>
<gx:coord>-123.3654005 43.16053033333333 167.1</gx:coord>

<when>2026-09-23T17:41:06.000Z</when>
<gx:coord>-123.36528816666666 43.1576475 162.0</gx:coord>

<when>2026-09-23T17:41:17.000Z</when>
<gx:coord>-123.36519283333334 43.15479416666667 163.5</gx:coord>

<when>2026-09-23T17:41:28.000Z</when>
<gx:coord>-123.3650765 43.151911999999996 166.0</gx:coord>

<when>2026-09-23T17:41:39.000Z</when>
<gx:coord>-123.36497666666668 43.14904750000001 170.7</gx:coord>

<when>2026-09-23T17:41:50.000Z</when>
<gx:coord>-123.36495266666667 43.14618699999999 174.9</gx:coord>

<when>2026-09-23T17:42:01.000Z</when>
<gx:coord>-123.3649695 43.14336133333333 180.0</gx:coord>

<when>2026-09-23T17:42:12.000Z</when>
<gx:coord>-123.36488966666666 43.14060016666667 183.5</gx:coord>

<when>2026-09-23T17:42:23.000Z</when>
<gx:coord>-123.36478783333332 43.137840999999995 185.5</gx:coord>

<when>2026-09-23T17:42:34.000Z</when>
<gx:coord>-123.36468416666666 43.13503949999999 186.1</gx:coord>

<when>2026-09-23T17:42:45.000Z</when>
<gx:coord>-123.36457616666667 43.132174333333325 183.4</gx:coord>

<when>2026-09-23T17:42:56.000Z</when>
<gx:coord>-123.36446966666666 43.129312666666664 181.0</gx:coord>

<when>2026-09-23T17:43:07.000Z</when>
<gx:coord>-123.36424466666668 43.12648383333333 185.4</gx:coord>

<when>2026-09-23T17:43:18.000Z</when>
<gx:coord>-123.36345183333333 43.123954000000005 199.9</gx:coord>

<when>2026-09-23T17:43:29.000Z</when>
<gx:coord>-123.36214566666668 43.12190166666666 215.5</gx:coord>

<when>2026-09-23T17:43:40.000Z</when>
<gx:coord>-123.360935 43.120115166666665 230.8</gx:coord>

<when>2026-09-23T17:43:51.000Z</when>
<gx:coord>-123.35985083333335 43.118511000000005 242.3</gx:coord>

<when>2026-09-23T17:44:02.000Z</when>
<gx:coord>-123.35900133333334 43.117019666666664 253.4</gx:coord>

<when>2026-09-23T17:44:13.000Z</when>
<gx:coord>-123.35844466666667 43.115535666666666 264.7</gx:coord>

<when>2026-09-23T17:44:24.000Z</when>
<gx:coord>-123.357616 43.114157999999996 274.7</gx:coord>

<when>2026-09-23T17:44:35.000Z</when>
<gx:coord>-123.35630983333334 43.11292033333334 283.5</gx:coord>

<when>2026-09-23T17:44:46.000Z</when>
<gx:coord>-123.355139 43.11159416666666 291.7</gx:coord>

<when>2026-09-23T17:44:57.000Z</when>
<gx:coord>-123.35493166666666 43.10989216666667 298.5</gx:coord>

<when>2026-09-23T17:45:08.000Z</when>
<gx:coord>-123.3562545 43.10801 292.6</gx:coord>

<when>2026-09-23T17:45:19.000Z</when>
<gx:coord>-123.35818316666668 43.106090333333334 274.9</gx:coord>

<when>2026-09-23T17:45:30.000Z</when>
<gx:coord>-123.36150733333334 43.105314 257.0</gx:coord>

<when>2026-09-23T17:45:41.000Z</when>
<gx:coord>-123.36506633333332 43.10479683333333 242.4</gx:coord>

<when>2026-09-23T17:45:52.000Z</when>
<gx:coord>-123.3670625 43.102569333333335 225.3</gx:coord>

<when>2026-09-23T17:46:03.000Z</when>
<gx:coord>-123.367407 43.099698833333335 206.7</gx:coord>

<when>2026-09-23T17:46:14.000Z</when>
<gx:coord>-123.36775733333334 43.096863500000005 200.7</gx:coord>

<when>2026-09-23T17:46:25.000Z</when>
<gx:coord>-123.36811516666667 43.09418016666667 201.8</gx:coord>

<when>2026-09-23T17:46:36.000Z</when>
<gx:coord>-123.36846616666665 43.09150283333334 203.0</gx:coord>

<when>2026-09-23T17:46:47.000Z</when>
<gx:coord>-123.36818833333334 43.088808500000006 200.9</gx:coord>

<when>2026-09-23T17:46:58.000Z</when>
<gx:coord>-123.36714699999999 43.08614366666667 196.8</gx:coord>

<when>2026-09-23T17:47:09.000Z</when>
<gx:coord>-123.36608849999999 43.08345083333334 193.5</gx:coord>

<when>2026-09-23T17:47:20.000Z</when>
<gx:coord>-123.3650335 43.08078083333333 190.3</gx:coord>

<when>2026-09-23T17:47:31.000Z</when>
<gx:coord>-123.36350866666668 43.078388833333335 191.2</gx:coord>

<when>2026-09-23T17:47:42.000Z</when>
<gx:coord>-123.3612375 43.076425500000006 193.7</gx:coord>

<when>2026-09-23T17:47:53.000Z</when>
<gx:coord>-123.35890416666668 43.074469666666666 196.8</gx:coord>

<when>2026-09-23T17:48:04.000Z</when>
<gx:coord>-123.35652183333335 43.072456333333335 199.8</gx:coord>

<when>2026-09-23T17:48:15.000Z</when>
<gx:coord>-123.35422683333333 43.070439666666665 202.7</gx:coord>

<when>2026-09-23T17:48:26.000Z</when>
<gx:coord>-123.35225466666667 43.06829616666667 205.1</gx:coord>

<when>2026-09-23T17:48:37.000Z</when>
<gx:coord>-123.35029283333333 43.0661135 202.3</gx:coord>

<when>2026-09-23T17:48:48.000Z</when>
<gx:coord>-123.34831433333332 43.06391983333333 196.6</gx:coord>

<when>2026-09-23T17:48:59.000Z</when>
<gx:coord>-123.34624533333333 43.061861 193.1</gx:coord>

<when>2026-09-23T17:49:10.000Z</when>
<gx:coord>-123.34348849999999 43.060309833333335 190.4</gx:coord>

<when>2026-09-23T17:49:21.000Z</when>
<gx:coord>-123.34051283333335 43.059149 186.4</gx:coord>

<when>2026-09-23T17:49:32.000Z</when>
<gx:coord>-123.337568 43.057921666666665 183.2</gx:coord>

<when>2026-09-23T17:49:43.000Z</when>
<gx:coord>-123.33492166666669 43.056265 181.2</gx:coord>

<when>2026-09-23T17:49:54.000Z</when>
<gx:coord>-123.3328535 43.05408049999999 181.5</gx:coord>

<when>2026-09-23T17:50:05.000Z</when>
<gx:coord>-123.3316225 43.05147683333333 182.9</gx:coord>

<when>2026-09-23T17:50:16.000Z</when>
<gx:coord>-123.33138883333335 43.048705000000005 183.6</gx:coord>

<when>2026-09-23T17:50:27.000Z</when>
<gx:coord>-123.33211333333333 43.04590799999999 185.7</gx:coord>

<when>2026-09-23T17:50:38.000Z</when>
<gx:coord>-123.3330225 43.04308233333333 188.8</gx:coord>

<when>2026-09-23T17:50:49.000Z</when>
<gx:coord>-123.33353200000002 43.04018550000001 189.8</gx:coord>

<when>2026-09-23T17:51:00.000Z</when>
<gx:coord>-123.33253866666668 43.037332500000005 192.2</gx:coord>

<when>2026-09-23T17:51:11.000Z</when>
<gx:coord>-123.33006633333335 43.035036999999996 193.2</gx:coord>

<when>2026-09-23T17:51:22.000Z</when>
<gx:coord>-123.32659783333332 43.0335655 191.3</gx:coord>

<when>2026-09-23T17:51:33.000Z</when>
<gx:coord>-123.32309500000001 43.032267000000004 187.1</gx:coord>

<when>2026-09-23T17:51:44.000Z</when>
<gx:coord>-123.3196595 43.03100533333333 184.7</gx:coord>

<when>2026-09-23T17:51:55.000Z</when>
<gx:coord>-123.3160935 43.0299275 186.9</gx:coord>

<when>2026-09-23T17:52:06.000Z</when>
<gx:coord>-123.31232883333332 43.029605833333335 191.2</gx:coord>

<when>2026-09-23T17:52:17.000Z</when>
<gx:coord>-123.30856999999999 43.03002616666666 192.9</gx:coord>

<when>2026-09-23T17:52:28.000Z</when>
<gx:coord>-123.30509366666665 43.030348999999994 196.2</gx:coord>

<when>2026-09-23T17:52:39.000Z</when>
<gx:coord>-123.30209516666667 43.02925483333333 196.5</gx:coord>

<when>2026-09-23T17:52:50.000Z</when>
<gx:coord>-123.300694 43.02695833333334 197.2</gx:coord>

<when>2026-09-23T17:53:01.000Z</when>
<gx:coord>-123.29846183333332 43.025209333333336 201.8</gx:coord>

<when>2026-09-23T17:53:12.000Z</when>
<gx:coord>-123.29811183333335 43.023173 203.5</gx:coord>

<when>2026-09-23T17:53:23.000Z</when>
<gx:coord>-123.30033233333333 43.02161133333334 206.1</gx:coord>

<when>2026-09-23T17:53:34.000Z</when>
<gx:coord>-123.30184033333335 43.019470166666665 204.9</gx:coord>

<when>2026-09-23T17:53:45.000Z</when>
<gx:coord>-123.30147566666668 43.01689133333333 204.5</gx:coord>

<when>2026-09-23T17:53:56.000Z</when>
<gx:coord>-123.30058483333332 43.01427916666667 199.5</gx:coord>

<when>2026-09-23T17:54:07.000Z</when>
<gx:coord>-123.30127083333333 43.01169316666666 195.5</gx:coord>

<when>2026-09-23T17:54:18.000Z</when>
<gx:coord>-123.30348583333334 43.00966583333334 192.4</gx:coord>

<when>2026-09-23T17:54:29.000Z</when>
<gx:coord>-123.30603383333333 43.00787433333333 190.8</gx:coord>

<when>2026-09-23T17:54:40.000Z</when>
<gx:coord>-123.30858549999999 43.006075833333334 190.4</gx:coord>

<when>2026-09-23T17:54:51.000Z</when>
<gx:coord>-123.31110833333332 43.00429583333333 190.7</gx:coord>

<when>2026-09-23T17:55:02.000Z</when>
<gx:coord>-123.313569 43.00257283333334 191.8</gx:coord>

<when>2026-09-23T17:55:13.000Z</when>
<gx:coord>-123.31600783333333 43.000868499999996 192.6</gx:coord>

<when>2026-09-23T17:55:24.000Z</when>
<gx:coord>-123.31844716666667 42.99915383333334 193.7</gx:coord>

<when>2026-09-23T17:55:35.000Z</when>
<gx:coord>-123.32091133333333 42.99742016666667 193.8</gx:coord>

<when>2026-09-23T17:55:46.000Z</when>
<gx:coord>-123.32337116666667 42.995669666666664 196.7</gx:coord>

<when>2026-09-23T17:55:57.000Z</when>
<gx:coord>-123.32533899999999 42.99363083333333 197.5</gx:coord>

<when>2026-09-23T17:56:08.000Z</when>
<gx:coord>-123.32696183333334 42.99140916666667 197.5</gx:coord>

<when>2026-09-23T17:56:19.000Z</when>
<gx:coord>-123.32859533333334 42.98916116666666 197.8</gx:coord>

<when>2026-09-23T17:56:30.000Z</when>
<gx:coord>-123.33027633333334 42.986791833333335 198.1</gx:coord>

<when>2026-09-23T17:56:41.000Z</when>
<gx:coord>-123.33177033333335 42.98429666666666 198.6</gx:coord>

<when>2026-09-23T17:56:52.000Z</when>
<gx:coord>-123.33296216666668 42.98162116666667 199.7</gx:coord>

<when>2026-09-23T17:57:03.000Z</when>
<gx:coord>-123.33407783333332 42.978936000000004 200.0</gx:coord>

<when>2026-09-23T17:57:14.000Z</when>
<gx:coord>-123.33520266666667 42.97621916666667 200.3</gx:coord>

<when>2026-09-23T17:57:25.000Z</when>
<gx:coord>-123.33634066666667 42.97347366666666 200.2</gx:coord>

<when>2026-09-23T17:57:36.000Z</when>
<gx:coord>-123.33730483333332 42.97068266666667 201.5</gx:coord>

<when>2026-09-23T17:57:47.000Z</when>
<gx:coord>-123.33697349999998 42.96783516666666 200.2</gx:coord>

<when>2026-09-23T17:57:58.000Z</when>
<gx:coord>-123.33517633333334 42.96530816666667 201.2</gx:coord>

<when>2026-09-23T17:58:09.000Z</when>
<gx:coord>-123.33217066666666 42.9635525 201.4</gx:coord>

<when>2026-09-23T17:58:20.000Z</when>
<gx:coord>-123.32862733333334 42.962576166666665 202.8</gx:coord>

<when>2026-09-23T17:58:31.000Z</when>
<gx:coord>-123.32562216666665 42.961133000000004 204.3</gx:coord>

<when>2026-09-23T17:58:42.000Z</when>
<gx:coord>-123.32505433333333 42.958601833333326 205.5</gx:coord>

<when>2026-09-23T17:58:53.000Z</when>
<gx:coord>-123.32687349999999 42.95632049999999 204.9</gx:coord>

<when>2026-09-23T17:59:04.000Z</when>
<gx:coord>-123.32893799999998 42.95413466666667 204.6</gx:coord>

<when>2026-09-23T17:59:15.000Z</when>
<gx:coord>-123.33061033333334 42.95191766666667 208.6</gx:coord>

<when>2026-09-23T17:59:26.000Z</when>
<gx:coord>-123.33016333333335 42.9494995 212.3</gx:coord>

<when>2026-09-23T17:59:37.000Z</when>
<gx:coord>-123.32752183333332 42.947934000000004 216.4</gx:coord>

<when>2026-09-23T17:59:48.000Z</when>
<gx:coord>-123.32385649999999 42.94775016666667 216.7</gx:coord>

<when>2026-09-23T17:59:59.000Z</when>
<gx:coord>-123.32005583333333 42.947807499999996 219.0</gx:coord>

<when>2026-09-23T18:00:10.000Z</when>
<gx:coord>-123.31621599999998 42.94786183333334 220.6</gx:coord>

<when>2026-09-23T18:00:21.000Z</when>
<gx:coord>-123.3123295 42.94790783333333 223.1</gx:coord>

<when>2026-09-23T18:00:32.000Z</when>
<gx:coord>-123.30840699999999 42.947839666666674 224.9</gx:coord>

<when>2026-09-23T18:00:43.000Z</when>
<gx:coord>-123.30455250000001 42.947754 228.8</gx:coord>

<when>2026-09-23T18:00:54.000Z</when>
<gx:coord>-123.30079283333335 42.94775 233.8</gx:coord>

<when>2026-09-23T18:01:05.000Z</when>
<gx:coord>-123.29724416666667 42.94763866666667 235.8</gx:coord>

<when>2026-09-23T18:01:16.000Z</when>
<gx:coord>-123.294548 42.94627716666667 229.2</gx:coord>

<when>2026-09-23T18:01:27.000Z</when>
<gx:coord>-123.29219316666668 42.944228 225.6</gx:coord>

<when>2026-09-23T18:01:38.000Z</when>
<gx:coord>-123.28976066666668 42.94210016666666 227.0</gx:coord>

<when>2026-09-23T18:01:49.000Z</when>
<gx:coord>-123.28736583333333 42.93999966666667 232.2</gx:coord>

<when>2026-09-23T18:02:00.000Z</when>
<gx:coord>-123.28545866666667 42.93765933333334 236.5</gx:coord>

<when>2026-09-23T18:02:11.000Z</when>
<gx:coord>-123.28450550000001 42.93504883333333 242.0</gx:coord>

<when>2026-09-23T18:02:22.000Z</when>
<gx:coord>-123.2836755 42.932484666666674 245.8</gx:coord>

<when>2026-09-23T18:02:33.000Z</when>
<gx:coord>-123.28281666666665 42.92995366666667 247.2</gx:coord>

<when>2026-09-23T18:02:44.000Z</when>
<gx:coord>-123.28150616666666 42.92745883333334 247.1</gx:coord>

<when>2026-09-23T18:02:55.000Z</when>
<gx:coord>-123.27962133333334 42.925080333333334 245.4</gx:coord>

<when>2026-09-23T18:03:06.000Z</when>
<gx:coord>-123.277621 42.922556500000006 242.4</gx:coord>

<when>2026-09-23T18:03:17.000Z</when>
<gx:coord>-123.27559233333335 42.919990999999996 244.4</gx:coord>

<when>2026-09-23T18:03:28.000Z</when>
<gx:coord>-123.27338133333333 42.9176345 252.1</gx:coord>

<when>2026-09-23T18:03:39.000Z</when>
<gx:coord>-123.270425 42.91585266666666 258.8</gx:coord>

<when>2026-09-23T18:03:50.000Z</when>
<gx:coord>-123.26748616666667 42.91412983333333 263.8</gx:coord>

<when>2026-09-23T18:04:01.000Z</when>
<gx:coord>-123.26525783333334 42.911988 267.2</gx:coord>

<when>2026-09-23T18:04:12.000Z</when>
<gx:coord>-123.26337233333334 42.90959683333334 270.2</gx:coord>

<when>2026-09-23T18:04:23.000Z</when>
<gx:coord>-123.26111999999999 42.907477166666666 270.6</gx:coord>

<when>2026-09-23T18:04:34.000Z</when>
<gx:coord>-123.257936 42.906418 272.1</gx:coord>

<when>2026-09-23T18:04:45.000Z</when>
<gx:coord>-123.25505016666666 42.90518416666667 278.6</gx:coord>

<when>2026-09-23T18:04:56.000Z</when>
<gx:coord>-123.2526785 42.903590666666666 284.2</gx:coord>

<when>2026-09-23T18:05:07.000Z</when>
<gx:coord>-123.25106433333333 42.90158566666667 288.0</gx:coord>

<when>2026-09-23T18:05:18.000Z</when>
<gx:coord>-123.25015499999999 42.89912866666667 290.4</gx:coord>

<when>2026-09-23T18:05:29.000Z</when>
<gx:coord>-123.24742300000001 42.89749233333334 291.9</gx:coord>

<when>2026-09-23T18:05:40.000Z</when>
<gx:coord>-123.24417533333332 42.8967705 294.8</gx:coord>

<when>2026-09-23T18:05:51.000Z</when>
<gx:coord>-123.24128983333334 42.8961525 298.5</gx:coord>

<when>2026-09-23T18:06:02.000Z</when>
<gx:coord>-123.23879116666667 42.89507316666666 302.7</gx:coord>

<when>2026-09-23T18:06:13.000Z</when>
<gx:coord>-123.238034 42.89291616666666 306.2</gx:coord>

<when>2026-09-23T18:06:24.000Z</when>
<gx:coord>-123.23870433333335 42.89055150000001 308.6</gx:coord>

<when>2026-09-23T18:06:35.000Z</when>
<gx:coord>-123.23945 42.888122 312.3</gx:coord>

<when>2026-09-23T18:06:46.000Z</when>
<gx:coord>-123.24022766666667 42.885657333333334 316.3</gx:coord>

<when>2026-09-23T18:06:57.000Z</when>
<gx:coord>-123.24100116666665 42.88316183333333 320.7</gx:coord>

<when>2026-09-23T18:07:08.000Z</when>
<gx:coord>-123.24175266666667 42.88063866666666 327.0</gx:coord>

<when>2026-09-23T18:07:19.000Z</when>
<gx:coord>-123.24250666666667 42.878092833333326 334.6</gx:coord>

<when>2026-09-23T18:07:30.000Z</when>
<gx:coord>-123.2432615 42.87558083333333 336.1</gx:coord>

<when>2026-09-23T18:07:41.000Z</when>
<gx:coord>-123.24421116666666 42.873079999999995 338.8</gx:coord>

<when>2026-09-23T18:07:52.000Z</when>
<gx:coord>-123.24578600000001 42.87072150000001 348.1</gx:coord>

<when>2026-09-23T18:08:03.000Z</when>
<gx:coord>-123.24676916666667 42.868221999999996 356.1</gx:coord>

<when>2026-09-23T18:08:14.000Z</when>
<gx:coord>-123.24690549999998 42.865674166666665 367.5</gx:coord>

<when>2026-09-23T18:08:25.000Z</when>
<gx:coord>-123.24653850000001 42.86318016666667 379.3</gx:coord>

<when>2026-09-23T18:08:36.000Z</when>
<gx:coord>-123.24652983333333 42.860833166666666 393.7</gx:coord>

<when>2026-09-23T18:08:47.000Z</when>
<gx:coord>-123.24698816666665 42.858719 405.8</gx:coord>

<when>2026-09-23T18:08:58.000Z</when>
<gx:coord>-123.24745633333332 42.856775 418.7</gx:coord>

<when>2026-09-23T18:09:09.000Z</when>
<gx:coord>-123.24846449999998 42.85514150000001 427.5</gx:coord>

<when>2026-09-23T18:09:20.000Z</when>
<gx:coord>-123.25022249999999 42.8539825 441.4</gx:coord>

<when>2026-09-23T18:09:31.000Z</when>
<gx:coord>-123.25200533333333 42.85293633333334 452.8</gx:coord>

<when>2026-09-23T18:09:42.000Z</when>
<gx:coord>-123.25370050000001 42.85184533333333 463.6</gx:coord>

<when>2026-09-23T18:09:53.000Z</when>
<gx:coord>-123.254977 42.850481666666674 474.9</gx:coord>

<when>2026-09-23T18:10:04.000Z</when>
<gx:coord>-123.25542483333332 42.84887083333333 485.9</gx:coord>

<when>2026-09-23T18:10:15.000Z</when>
<gx:coord>-123.254937 42.847269499999996 494.8</gx:coord>

<when>2026-09-23T18:10:26.000Z</when>
<gx:coord>-123.25376983333332 42.84592366666667 506.5</gx:coord>

<when>2026-09-23T18:10:37.000Z</when>
<gx:coord>-123.25254016666668 42.844664333333334 516.3</gx:coord>

<when>2026-09-23T18:10:48.000Z</when>
<gx:coord>-123.25224349999999 42.843170166666674 525.7</gx:coord>

<when>2026-09-23T18:10:59.000Z</when>
<gx:coord>-123.25273633333333 42.841679000000006 532.5</gx:coord>

<when>2026-09-23T18:11:10.000Z</when>
<gx:coord>-123.25330833333334 42.84018066666666 539.5</gx:coord>

<when>2026-09-23T18:11:21.000Z</when>
<gx:coord>-123.25386633333333 42.83870166666667 546.2</gx:coord>

<when>2026-09-23T18:11:32.000Z</when>
<gx:coord>-123.25436233333333 42.8371975 551.9</gx:coord>

<when>2026-09-23T18:11:43.000Z</when>
<gx:coord>-123.25496866666666 42.83562816666666 560.6</gx:coord>

<when>2026-09-23T18:11:54.000Z</when>
<gx:coord>-123.25597733333333 42.8340635 570.5</gx:coord>

<when>2026-09-23T18:12:05.000Z</when>
<gx:coord>-123.2571295 42.83247800000001 581.6</gx:coord>

<when>2026-09-23T18:12:16.000Z</when>
<gx:coord>-123.25828666666666 42.830867166666664 590.4</gx:coord>

<when>2026-09-23T18:12:27.000Z</when>
<gx:coord>-123.2593305 42.82925016666666 601.2</gx:coord>

<when>2026-09-23T18:12:38.000Z</when>
<gx:coord>-123.26012383333334 42.82749233333334 605.8</gx:coord>

<when>2026-09-23T18:12:49.000Z</when>
<gx:coord>-123.26082816666667 42.8254345 606.1</gx:coord>

<when>2026-09-23T18:13:00.000Z</when>
<gx:coord>-123.26161033333334 42.823010833333335 599.1</gx:coord>

<when>2026-09-23T18:13:11.000Z</when>
<gx:coord>-123.26242666666667 42.82056583333333 589.6</gx:coord>

<when>2026-09-23T18:13:22.000Z</when>
<gx:coord>-123.26295483333334 42.81815100000001 586.3</gx:coord>

<when>2026-09-23T18:13:33.000Z</when>
<gx:coord>-123.26222783333333 42.815665499999994 578.3</gx:coord>

<when>2026-09-23T18:13:44.000Z</when>
<gx:coord>-123.26020516666668 42.81344133333334 568.3</gx:coord>

<when>2026-09-23T18:13:55.000Z</when>
<gx:coord>-123.25781383333333 42.811268999999996 558.9</gx:coord>

<when>2026-09-23T18:14:06.000Z</when>
<gx:coord>-123.25546766666666 42.80914033333333 548.5</gx:coord>

<when>2026-09-23T18:14:17.000Z</when>
<gx:coord>-123.25360733333333 42.807025833333334 540.1</gx:coord>

<when>2026-09-23T18:14:28.000Z</when>
<gx:coord>-123.25274300000001 42.80460716666666 529.7</gx:coord>

<when>2026-09-23T18:14:39.000Z</when>
<gx:coord>-123.25295650000001 42.802083333333336 519.9</gx:coord>

<when>2026-09-23T18:14:50.000Z</when>
<gx:coord>-123.25433466666667 42.79959116666667 511.4</gx:coord>

<when>2026-09-23T18:15:01.000Z</when>
<gx:coord>-123.256178 42.79715666666666 505.5</gx:coord>

<when>2026-09-23T18:15:12.000Z</when>
<gx:coord>-123.25793666666665 42.79483033333333 503.0</gx:coord>

<when>2026-09-23T18:15:23.000Z</when>
<gx:coord>-123.25974416666668 42.792437666666665 497.0</gx:coord>

<when>2026-09-23T18:15:34.000Z</when>
<gx:coord>-123.26152366666665 42.79002783333333 491.4</gx:coord>

<when>2026-09-23T18:15:45.000Z</when>
<gx:coord>-123.26342833333335 42.787513833333335 486.2</gx:coord>

<when>2026-09-23T18:15:56.000Z</when>
<gx:coord>-123.26569050000002 42.785084499999996 484.3</gx:coord>

<when>2026-09-23T18:16:07.000Z</when>
<gx:coord>-123.26859783333333 42.782974333333335 482.8</gx:coord>

<when>2026-09-23T18:16:18.000Z</when>
<gx:coord>-123.2721365 42.78123983333333 481.6</gx:coord>

<when>2026-09-23T18:16:29.000Z</when>
<gx:coord>-123.27598416666666 42.78000383333333 476.4</gx:coord>

<when>2026-09-23T18:16:40.000Z</when>
<gx:coord>-123.27983266666666 42.778816166666665 475.3</gx:coord>

<when>2026-09-23T18:16:51.000Z</when>
<gx:coord>-123.2836945 42.777635499999995 475.2</gx:coord>

<when>2026-09-23T18:17:02.000Z</when>
<gx:coord>-123.28756033333333 42.77644866666666 473.1</gx:coord>

<when>2026-09-23T18:17:13.000Z</when>
<gx:coord>-123.29146666666665 42.77524783333333 470.7</gx:coord>

<when>2026-09-23T18:17:24.000Z</when>
<gx:coord>-123.29536416666666 42.774047833333334 468.2</gx:coord>

<when>2026-09-23T18:17:35.000Z</when>
<gx:coord>-123.29929083333333 42.77284566666667 465.0</gx:coord>

<when>2026-09-23T18:17:46.000Z</when>
<gx:coord>-123.30329266666668 42.77162233333333 464.2</gx:coord>

<when>2026-09-23T18:17:57.000Z</when>
<gx:coord>-123.30726783333333 42.7704305 464.1</gx:coord>

<when>2026-09-23T18:18:08.000Z</when>
<gx:coord>-123.31107233333333 42.76925916666667 464.1</gx:coord>

<when>2026-09-23T18:18:19.000Z</when>
<gx:coord>-123.31483166666666 42.768130500000005 464.1</gx:coord>

<when>2026-09-23T18:18:30.000Z</when>
<gx:coord>-123.31876866666668 42.76733599999999 463.9</gx:coord>

<when>2026-09-23T18:18:41.000Z</when>
<gx:coord>-123.32280183333333 42.76699983333333 462.8</gx:coord>

<when>2026-09-23T18:18:52.000Z</when>
<gx:coord>-123.326751 42.766898499999996 461.0</gx:coord>

<when>2026-09-23T18:19:03.000Z</when>
<gx:coord>-123.33061983333333 42.76680083333334 459.2</gx:coord>

<when>2026-09-23T18:19:14.000Z</when>
<gx:coord>-123.334446 42.766693000000004 459.8</gx:coord>

<when>2026-09-23T18:19:25.000Z</when>
<gx:coord>-123.33816299999998 42.76592083333333 459.5</gx:coord>

<when>2026-09-23T18:19:36.000Z</when>
<gx:coord>-123.3413825 42.764246 454.3</gx:coord>

<when>2026-09-23T18:19:47.000Z</when>
<gx:coord>-123.34438083333335 42.7623745 454.1</gx:coord>

<when>2026-09-23T18:19:58.000Z</when>
<gx:coord>-123.34738549999999 42.760501000000005 452.6</gx:coord>

<when>2026-09-23T18:20:09.000Z</when>
<gx:coord>-123.35035866666666 42.75865716666667 449.2</gx:coord>

<when>2026-09-23T18:20:20.000Z</when>
<gx:coord>-123.35330049999999 42.756814333333324 447.7</gx:coord>

<when>2026-09-23T18:20:31.000Z</when>
<gx:coord>-123.35626750000002 42.75496983333334 445.7</gx:coord>

<when>2026-09-23T18:20:42.000Z</when>
<gx:coord>-123.35916916666665 42.75317233333333 444.6</gx:coord>

<when>2026-09-23T18:20:53.000Z</when>
<gx:coord>-123.36201966666667 42.751413666666664 445.2</gx:coord>

<when>2026-09-23T18:21:04.000Z</when>
<gx:coord>-123.36485316666668 42.74965633333333 449.6</gx:coord>

<when>2026-09-23T18:21:15.000Z</when>
<gx:coord>-123.36764583333334 42.74792283333333 456.2</gx:coord>

<when>2026-09-23T18:21:26.000Z</when>
<gx:coord>-123.37023966666666 42.74631833333333 469.3</gx:coord>

<when>2026-09-23T18:21:37.000Z</when>
<gx:coord>-123.37232399999999 42.74474466666667 483.9</gx:coord>

<when>2026-09-23T18:21:48.000Z</when>
<gx:coord>-123.37315166666667 42.74289466666667 496.9</gx:coord>

<when>2026-09-23T18:21:59.000Z</when>
<gx:coord>-123.37274033333333 42.741141166666665 506.2</gx:coord>

<when>2026-09-23T18:22:10.000Z</when>
<gx:coord>-123.37144233333332 42.739723500000004 516.4</gx:coord>

<when>2026-09-23T18:22:21.000Z</when>
<gx:coord>-123.36993366666665 42.73847466666666 526.2</gx:coord>

<when>2026-09-23T18:22:32.000Z</when>
<gx:coord>-123.36935983333333 42.73695166666666 538.0</gx:coord>

<when>2026-09-23T18:22:43.000Z</when>
<gx:coord>-123.37034033333333 42.735553333333336 549.5</gx:coord>

<when>2026-09-23T18:22:54.000Z</when>
<gx:coord>-123.37117966666668 42.73407466666666 558.2</gx:coord>

<when>2026-09-23T18:23:05.000Z</when>
<gx:coord>-123.37055583333334 42.73230483333334 564.5</gx:coord>

<when>2026-09-23T18:23:16.000Z</when>
<gx:coord>-123.36952533333333 42.730230666666664 561.6</gx:coord>

<when>2026-09-23T18:23:27.000Z</when>
<gx:coord>-123.37003116666668 42.72788766666666 548.2</gx:coord>

<when>2026-09-23T18:23:38.000Z</when>
<gx:coord>-123.37196016666667 42.725587833333336 534.4</gx:coord>

<when>2026-09-23T18:23:49.000Z</when>
<gx:coord>-123.3724315 42.72277333333333 520.6</gx:coord>

<when>2026-09-23T18:24:00.000Z</when>
<gx:coord>-123.37273466666666 42.719935166666666 505.8</gx:coord>

<when>2026-09-23T18:24:11.000Z</when>
<gx:coord>-123.37178549999999 42.71721083333333 492.1</gx:coord>

<when>2026-09-23T18:24:22.000Z</when>
<gx:coord>-123.36900050000001 42.715064500000004 475.3</gx:coord>

<when>2026-09-23T18:24:33.000Z</when>
<gx:coord>-123.36628016666667 42.712842 458.2</gx:coord>

<when>2026-09-23T18:24:44.000Z</when>
<gx:coord>-123.36566566666667 42.710026500000005 441.9</gx:coord>

<when>2026-09-23T18:24:55.000Z</when>
<gx:coord>-123.36762066666667 42.70759116666667 432.0</gx:coord>

<when>2026-09-23T18:25:06.000Z</when>
<gx:coord>-123.37089866666665 42.70583733333333 424.6</gx:coord>

<when>2026-09-23T18:25:17.000Z</when>
<gx:coord>-123.37434816666668 42.70402883333333 419.9</gx:coord>

<when>2026-09-23T18:25:28.000Z</when>
<gx:coord>-123.37758066666666 42.702163500000005 413.8</gx:coord>

<when>2026-09-23T18:25:39.000Z</when>
<gx:coord>-123.38067966666668 42.70030633333334 408.7</gx:coord>

<when>2026-09-23T18:25:50.000Z</when>
<gx:coord>-123.38372266666666 42.69847633333334 402.2</gx:coord>

<when>2026-09-23T18:26:01.000Z</when>
<gx:coord>-123.38678800000001 42.6966435 404.5</gx:coord>

<when>2026-09-23T18:26:12.000Z</when>
<gx:coord>-123.38982316666667 42.694821166666664 408.4</gx:coord>

<when>2026-09-23T18:26:23.000Z</when>
<gx:coord>-123.39255133333333 42.69302133333334 410.2</gx:coord>

<when>2026-09-23T18:26:34.000Z</when>
<gx:coord>-123.393769 42.69074083333333 407.8</gx:coord>

<when>2026-09-23T18:26:45.000Z</when>
<gx:coord>-123.39278333333331 42.688184666666665 401.3</gx:coord>

<when>2026-09-23T18:26:56.000Z</when>
<gx:coord>-123.39023666666665 42.68601 400.4</gx:coord>

<when>2026-09-23T18:27:07.000Z</when>
<gx:coord>-123.38768566666667 42.683908 414.2</gx:coord>

<when>2026-09-23T18:27:18.000Z</when>
<gx:coord>-123.38551033333333 42.682022499999995 430.2</gx:coord>

<when>2026-09-23T18:27:29.000Z</when>
<gx:coord>-123.38453816666667 42.67999450000001 444.0</gx:coord>

<when>2026-09-23T18:27:40.000Z</when>
<gx:coord>-123.38457199999999 42.678057833333334 457.7</gx:coord>

<when>2026-09-23T18:27:51.000Z</when>
<gx:coord>-123.38430333333332 42.676298333333335 468.9</gx:coord>

<when>2026-09-23T18:28:02.000Z</when>
<gx:coord>-123.38323299999999 42.674795833333334 480.3</gx:coord>

<when>2026-09-23T18:28:13.000Z</when>
<gx:coord>-123.38198183333334 42.67343883333333 494.5</gx:coord>

<when>2026-09-23T18:28:24.000Z</when>
<gx:coord>-123.38101983333333 42.67202616666667 505.6</gx:coord>

<when>2026-09-23T18:28:35.000Z</when>
<gx:coord>-123.3809245 42.670457500000005 515.4</gx:coord>

<when>2026-09-23T18:28:46.000Z</when>
<gx:coord>-123.38132383333335 42.66879300000001 520.8</gx:coord>

<when>2026-09-23T18:28:57.000Z</when>
<gx:coord>-123.38028950000002 42.66712433333334 524.0</gx:coord>

<when>2026-09-23T18:29:08.000Z</when>
<gx:coord>-123.37797816666668 42.66590983333334 527.9</gx:coord>

<when>2026-09-23T18:29:19.000Z</when>
<gx:coord>-123.37644933333334 42.66386766666666 530.7</gx:coord>

<when>2026-09-23T18:29:30.000Z</when>
<gx:coord>-123.37684133333332 42.66134266666666 529.8</gx:coord>

<when>2026-09-23T18:29:41.000Z</when>
<gx:coord>-123.37735283333335 42.65886999999999 525.8</gx:coord>

<when>2026-09-23T18:29:52.000Z</when>
<gx:coord>-123.37610366666668 42.65668616666667 511.8</gx:coord>

<when>2026-09-23T18:30:03.000Z</when>
<gx:coord>-123.37726883333335 42.65459766666666 497.4</gx:coord>

<when>2026-09-23T18:30:14.000Z</when>
<gx:coord>-123.37950466666668 42.65264333333333 482.0</gx:coord>

<when>2026-09-23T18:30:25.000Z</when>
<gx:coord>-123.38174133333332 42.65035483333333 463.2</gx:coord>

<when>2026-09-23T18:30:36.000Z</when>
<gx:coord>-123.38351499999999 42.6476635 442.1</gx:coord>

<when>2026-09-23T18:30:47.000Z</when>
<gx:coord>-123.38603966666666 42.645143999999995 419.4</gx:coord>

<when>2026-09-23T18:30:58.000Z</when>
<gx:coord>-123.3879345 42.642347 398.7</gx:coord>

<when>2026-09-23T18:31:09.000Z</when>
<gx:coord>-123.3873275 42.639278166666664 377.7</gx:coord>

<when>2026-09-23T18:31:20.000Z</when>
<gx:coord>-123.38541816666665 42.63643533333334 365.7</gx:coord>

<when>2026-09-23T18:31:31.000Z</when>
<gx:coord>-123.38355666666666 42.6336665 369.7</gx:coord>

<when>2026-09-23T18:31:42.000Z</when>
<gx:coord>-123.3820985 42.63149583333334 384.6</gx:coord>

<when>2026-09-23T18:31:53.000Z</when>
<gx:coord>-123.38109233333334 42.629733 399.5</gx:coord>

<when>2026-09-23T18:32:04.000Z</when>
<gx:coord>-123.38138816666667 42.62807783333333 407.5</gx:coord>

<when>2026-09-23T18:32:15.000Z</when>
<gx:coord>-123.38262600000002 42.62696833333333 416.4</gx:coord>

<when>2026-09-23T18:32:26.000Z</when>
<gx:coord>-123.38392516666666 42.62605433333333 425.2</gx:coord>

<when>2026-09-23T18:32:37.000Z</when>
<gx:coord>-123.38461950000001 42.624827833333335 434.3</gx:coord>

<when>2026-09-23T18:32:48.000Z</when>
<gx:coord>-123.38438533333334 42.62361216666667 443.1</gx:coord>

<when>2026-09-23T18:32:59.000Z</when>
<gx:coord>-123.38373083333333 42.62256333333333 452.2</gx:coord>

<when>2026-09-23T18:33:10.000Z</when>
<gx:coord>-123.38303666666667 42.6215055 462.0</gx:coord>

<when>2026-09-23T18:33:21.000Z</when>
<gx:coord>-123.38232483333334 42.620419999999996 470.7</gx:coord>

<when>2026-09-23T18:33:32.000Z</when>
<gx:coord>-123.38158716666666 42.61931533333333 479.4</gx:coord>

<when>2026-09-23T18:33:43.000Z</when>
<gx:coord>-123.38063400000001 42.61834933333333 486.9</gx:coord>

<when>2026-09-23T18:33:54.000Z</when>
<gx:coord>-123.37953766666666 42.617512000000005 498.0</gx:coord>

<when>2026-09-23T18:34:05.000Z</when>
<gx:coord>-123.37876516666665 42.616521666666664 504.5</gx:coord>

<when>2026-09-23T18:34:16.000Z</when>
<gx:coord>-123.37878333333335 42.61537283333334 512.2</gx:coord>

<when>2026-09-23T18:34:27.000Z</when>
<gx:coord>-123.37954683333334 42.614369999999994 520.3</gx:coord>

<when>2026-09-23T18:34:38.000Z</when>
<gx:coord>-123.38047416666669 42.613387166666676 527.6</gx:coord>

<when>2026-09-23T18:34:49.000Z</when>
<gx:coord>-123.38096566666667 42.612339500000004 535.0</gx:coord>

<when>2026-09-23T18:35:00.000Z</when>
<gx:coord>-123.38138283333335 42.61118566666667 543.3</gx:coord>

<when>2026-09-23T18:35:11.000Z</when>
<gx:coord>-123.38185916666667 42.6098845 554.7</gx:coord>

<when>2026-09-23T18:35:22.000Z</when>
<gx:coord>-123.38237766666667 42.60857233333333 564.6</gx:coord>

<when>2026-09-23T18:35:33.000Z</when>
<gx:coord>-123.38281916666668 42.607212499999996 574.2</gx:coord>

<when>2026-09-23T18:35:44.000Z</when>
<gx:coord>-123.383307 42.60583883333334 583.8</gx:coord>

<when>2026-09-23T18:35:55.000Z</when>
<gx:coord>-123.38366016666666 42.604397 591.4</gx:coord>

<when>2026-09-23T18:36:06.000Z</when>
<gx:coord>-123.383615 42.602793500000004 599.1</gx:coord>

<when>2026-09-23T18:36:17.000Z</when>
<gx:coord>-123.38330400000001 42.600876333333325 602.0</gx:coord>

<when>2026-09-23T18:36:28.000Z</when>
<gx:coord>-123.384208 42.59868199999999 598.7</gx:coord>

<when>2026-09-23T18:36:39.000Z</when>
<gx:coord>-123.38599833333335 42.596404833333324 584.4</gx:coord>

<when>2026-09-23T18:36:50.000Z</when>
<gx:coord>-123.38735550000001 42.59382333333333 564.8</gx:coord>

<when>2026-09-23T18:37:01.000Z</when>
<gx:coord>-123.38909366666667 42.59131683333333 546.6</gx:coord>

<when>2026-09-23T18:37:12.000Z</when>
<gx:coord>-123.38932683333333 42.58875416666667 527.4</gx:coord>

<when>2026-09-23T18:37:23.000Z</when>
<gx:coord>-123.38702433333334 42.5865835 506.8</gx:coord>

<when>2026-09-23T18:37:34.000Z</when>
<gx:coord>-123.38435983333332 42.584421999999996 485.3</gx:coord>

<when>2026-09-23T18:37:45.000Z</when>
<gx:coord>-123.3814515 42.58226766666667 464.8</gx:coord>

<when>2026-09-23T18:37:56.000Z</when>
<gx:coord>-123.37813866666666 42.580326 443.6</gx:coord>

<when>2026-09-23T18:38:07.000Z</when>
<gx:coord>-123.37504750000001 42.57812350000001 424.7</gx:coord>

<when>2026-09-23T18:38:18.000Z</when>
<gx:coord>-123.37330783333333 42.575258166666664 405.0</gx:coord>

<when>2026-09-23T18:38:29.000Z</when>
<gx:coord>-123.37289716666668 42.57207100000001 385.5</gx:coord>

<when>2026-09-23T18:38:40.000Z</when>
<gx:coord>-123.372656 42.568903166666665 370.4</gx:coord>

<when>2026-09-23T18:38:51.000Z</when>
<gx:coord>-123.3724225 42.565896499999994 362.4</gx:coord>

<when>2026-09-23T18:39:02.000Z</when>
<gx:coord>-123.37217016666666 42.562831499999994 353.7</gx:coord>

<when>2026-09-23T18:39:13.000Z</when>
<gx:coord>-123.37191966666666 42.559669666666665 345.9</gx:coord>

<when>2026-09-23T18:39:24.000Z</when>
<gx:coord>-123.37167166666669 42.5565315 344.2</gx:coord>

<when>2026-09-23T18:39:35.000Z</when>
<gx:coord>-123.37142316666664 42.55358233333333 353.5</gx:coord>

<when>2026-09-23T18:39:46.000Z</when>
<gx:coord>-123.37120283333334 42.55079616666667 362.6</gx:coord>

<when>2026-09-23T18:39:57.000Z</when>
<gx:coord>-123.37099016666667 42.54813266666667 371.9</gx:coord>

<when>2026-09-23T18:40:08.000Z</when>
<gx:coord>-123.3707815 42.54557466666667 379.9</gx:coord>

<when>2026-09-23T18:40:19.000Z</when>
<gx:coord>-123.37058683333335 42.543085999999995 388.0</gx:coord>

<when>2026-09-23T18:40:30.000Z</when>
<gx:coord>-123.370387 42.540516333333336 390.4</gx:coord>

<when>2026-09-23T18:40:41.000Z</when>
<gx:coord>-123.37017583333333 42.53777766666667 386.7</gx:coord>

<when>2026-09-23T18:40:52.000Z</when>
<gx:coord>-123.36995200000001 42.534881666666664 387.6</gx:coord>

<when>2026-09-23T18:41:03.000Z</when>
<gx:coord>-123.36973099999999 42.53209449999999 396.5</gx:coord>

<when>2026-09-23T18:41:14.000Z</when>
<gx:coord>-123.36935399999999 42.52944466666666 401.3</gx:coord>

<when>2026-09-23T18:41:25.000Z</when>
<gx:coord>-123.36842033333332 42.52677066666667 399.4</gx:coord>

<when>2026-09-23T18:41:36.000Z</when>
<gx:coord>-123.367299 42.5239745 393.4</gx:coord>

<when>2026-09-23T18:41:47.000Z</when>
<gx:coord>-123.36613466666668 42.52109733333334 390.1</gx:coord>

<when>2026-09-23T18:41:58.000Z</when>
<gx:coord>-123.36497933333334 42.51824033333334 394.6</gx:coord>

<when>2026-09-23T18:42:09.000Z</when>
<gx:coord>-123.3638705 42.51544350000001 399.6</gx:coord>

<when>2026-09-23T18:42:20.000Z</when>
<gx:coord>-123.36341750000001 42.51281616666667 396.3</gx:coord>

<when>2026-09-23T18:42:31.000Z</when>
<gx:coord>-123.36338433333334 42.51026783333334 388.9</gx:coord>

<when>2026-09-23T18:42:42.000Z</when>
<gx:coord>-123.36340899999999 42.507628000000004 380.0</gx:coord>

<when>2026-09-23T18:42:53.000Z</when>
<gx:coord>-123.36337533333332 42.50482283333334 374.2</gx:coord>

<when>2026-09-23T18:43:04.000Z</when>
<gx:coord>-123.36334299999999 42.501963333333336 370.1</gx:coord>

<when>2026-09-23T18:43:15.000Z</when>
<gx:coord>-123.36331833333334 42.499134166666664 365.1</gx:coord>

<when>2026-09-23T18:43:26.000Z</when>
<gx:coord>-123.3632995 42.49636716666667 362.4</gx:coord>

<when>2026-09-23T18:43:37.000Z</when>
<gx:coord>-123.36324066666666 42.49363466666667 367.4</gx:coord>

<when>2026-09-23T18:43:48.000Z</when>
<gx:coord>-123.36285533333333 42.49094333333334 375.2</gx:coord>

<when>2026-09-23T18:43:59.000Z</when>
<gx:coord>-123.36203716666665 42.48833266666667 381.8</gx:coord>

<when>2026-09-23T18:44:10.000Z</when>
<gx:coord>-123.36081733333334 42.48588500000001 388.7</gx:coord>

<when>2026-09-23T18:44:21.000Z</when>
<gx:coord>-123.35930983333334 42.483696666666674 398.0</gx:coord>

<when>2026-09-23T18:44:32.000Z</when>
<gx:coord>-123.35756350000001 42.48176483333334 407.9</gx:coord>

<when>2026-09-23T18:44:43.000Z</when>
<gx:coord>-123.35564766666667 42.48006066666667 417.7</gx:coord>

<when>2026-09-23T18:44:54.000Z</when>
<gx:coord>-123.35355516666665 42.478581500000004 424.9</gx:coord>

<when>2026-09-23T18:45:05.000Z</when>
<gx:coord>-123.35114283333333 42.477205166666664 427.6</gx:coord>

<when>2026-09-23T18:45:16.000Z</when>
<gx:coord>-123.34825916666665 42.475857833333336 423.3</gx:coord>

<when>2026-09-23T18:45:27.000Z</when>
<gx:coord>-123.345132 42.474465333333335 411.3</gx:coord>

<when>2026-09-23T18:45:38.000Z</when>
<gx:coord>-123.34193633333334 42.47304116666666 395.7</gx:coord>

<when>2026-09-23T18:45:49.000Z</when>
<gx:coord>-123.33871900000001 42.47160433333333 382.8</gx:coord>

<when>2026-09-23T18:46:00.000Z</when>
<gx:coord>-123.335443 42.47015116666667 370.6</gx:coord>

<when>2026-09-23T18:46:11.000Z</when>
<gx:coord>-123.3321345 42.46867816666666 359.4</gx:coord>

<when>2026-09-23T18:46:22.000Z</when>
<gx:coord>-123.32905566666668 42.46730266666667 356.1</gx:coord>

<when>2026-09-23T18:46:33.000Z</when>
<gx:coord>-123.326316 42.46608366666666 358.0</gx:coord>

<when>2026-09-23T18:46:44.000Z</when>
<gx:coord>-123.32412649999999 42.46498616666666 359.9</gx:coord>

<when>2026-09-23T18:46:55.000Z</when>
<gx:coord>-123.3229805 42.463759333333336 354.0</gx:coord>

<when>2026-09-23T18:47:06.000Z</when>
<gx:coord>-123.322753 42.46249133333334 347.0</gx:coord>

<when>2026-09-23T18:47:17.000Z</when>
<gx:coord>-123.32275066666668 42.46240566666667 345.8</gx:coord>

<when>2026-09-23T18:48:01.000Z</when>
<gx:coord>-123.32271016666667 42.46236466666666 351.2</gx:coord>

<when>2026-09-23T18:48:34.000Z</when>
<gx:coord>-123.32269566666668 42.462307499999994 353.8</gx:coord>

<when>2026-09-23T18:48:45.000Z</when>
<gx:coord>-123.32266966666666 42.461625999999995 351.1</gx:coord>

<when>2026-09-23T18:48:56.000Z</when>
<gx:coord>-123.322657 42.46049716666666 346.3</gx:coord>

<when>2026-09-23T18:49:07.000Z</when>
<gx:coord>-123.322657 42.45926866666667 340.1</gx:coord>

<when>2026-09-23T18:49:18.000Z</when>
<gx:coord>-123.32265716666667 42.45819183333333 334.8</gx:coord>

<when>2026-09-23T18:49:29.000Z</when>
<gx:coord>-123.32265583333334 42.456942833333336 330.5</gx:coord>

<when>2026-09-23T18:49:40.000Z</when>
<gx:coord>-123.3226575 42.45557283333333 324.5</gx:coord>

<when>2026-09-23T18:49:51.000Z</when>
<gx:coord>-123.3226405 42.45415 320.2</gx:coord>

<when>2026-09-23T18:50:02.000Z</when>
<gx:coord>-123.32262633333333 42.45277966666666 316.4</gx:coord>

<when>2026-09-23T18:50:13.000Z</when>
<gx:coord>-123.32260916666668 42.45145616666667 312.4</gx:coord>

<when>2026-09-23T18:50:24.000Z</when>
<gx:coord>-123.3225915 42.45009966666667 310.2</gx:coord>

<when>2026-09-23T18:50:35.000Z</when>
<gx:coord>-123.32257233333333 42.44884116666667 308.6</gx:coord>

<when>2026-09-23T18:50:46.000Z</when>
<gx:coord>-123.32255216666665 42.4474865 303.3</gx:coord>

<when>2026-09-23T18:50:57.000Z</when>
<gx:coord>-123.32294166666667 42.44620666666666 299.6</gx:coord>

<when>2026-09-23T18:51:08.000Z</when>
<gx:coord>-123.32358483333334 42.445116999999996 297.5</gx:coord>

<when>2026-09-23T18:51:19.000Z</when>
<gx:coord>-123.32404399999999 42.444350166666666 294.9</gx:coord>

<when>2026-09-23T18:51:30.000Z</when>
<gx:coord>-123.32432433333334 42.44386366666666 294.5</gx:coord>

<when>2026-09-23T18:51:41.000Z</when>
<gx:coord>-123.3247575 42.4431525 292.7</gx:coord>

<when>2026-09-23T18:51:52.000Z</when>
<gx:coord>-123.325146 42.44250383333333 290.8</gx:coord>

<when>2026-09-23T18:52:03.000Z</when>
<gx:coord>-123.32552499999998 42.441849500000004 290.5</gx:coord>

<when>2026-09-23T18:52:14.000Z</when>
<gx:coord>-123.3258915 42.441235166666665 286.6</gx:coord>

<when>2026-09-23T18:52:25.000Z</when>
<gx:coord>-123.32620566666668 42.440693833333334 285.8</gx:coord>

<when>2026-09-23T18:52:36.000Z</when>
<gx:coord>-123.32656616666667 42.44007966666666 286.0</gx:coord>

<when>2026-09-23T18:52:47.000Z</when>
<gx:coord>-123.32699933333333 42.439332666666665 284.8</gx:coord>

<when>2026-09-23T18:52:58.000Z</when>
<gx:coord>-123.32749183333333 42.43850883333333 280.7</gx:coord>

<when>2026-09-23T18:53:09.000Z</when>
<gx:coord>-123.327573 42.43838133333334 281.4</gx:coord>

<when>2026-09-23T18:53:31.000Z</when>
<gx:coord>-123.32756766666668 42.43833583333333 287.9</gx:coord>

<when>2026-09-23T18:53:42.000Z</when>
<gx:coord>-123.32777200000001 42.437974333333344 287.2</gx:coord>

<when>2026-09-23T18:53:53.000Z</when>
<gx:coord>-123.32808033333335 42.43745616666667 284.9</gx:coord>

<when>2026-09-23T18:54:04.000Z</when>
<gx:coord>-123.32848016666667 42.43677883333333 282.8</gx:coord>

<when>2026-09-23T18:54:15.000Z</when>
<gx:coord>-123.32891583333334 42.43605683333333 281.6</gx:coord>

<when>2026-09-23T18:54:26.000Z</when>
<gx:coord>-123.32936450000001 42.43528333333334 282.4</gx:coord>

<when>2026-09-23T18:54:37.000Z</when>
<gx:coord>-123.32983683333332 42.43443916666667 282.3</gx:coord>

<when>2026-09-23T18:54:48.000Z</when>
<gx:coord>-123.33025266666667 42.433735999999996 281.3</gx:coord>

<when>2026-09-23T18:54:59.000Z</when>
<gx:coord>-123.33080366666667 42.43276183333334 282.1</gx:coord>

<when>2026-09-23T18:55:10.000Z</when>
<gx:coord>-123.33145516666667 42.431617499999994 281.2</gx:coord>

<when>2026-09-23T18:55:21.000Z</when>
<gx:coord>-123.33163916666666 42.43050133333333 283.9</gx:coord>

<when>2026-09-23T18:55:32.000Z</when>
<gx:coord>-123.331712 42.42953250000001 282.4</gx:coord>

<when>2026-09-23T18:55:43.000Z</when>
<gx:coord>-123.33176516666666 42.42857733333334 280.4</gx:coord>

<when>2026-09-23T18:55:54.000Z</when>
<gx:coord>-123.33179583333335 42.42812666666667 279.8</gx:coord>

<when>2026-09-23T18:56:38.000Z</when>
<gx:coord>-123.33185716666667 42.427416166666674 281.8</gx:coord>

<when>2026-09-23T18:56:49.000Z</when>
<gx:coord>-123.33196500000001 42.42629083333333 283.2</gx:coord>

<when>2026-09-23T18:57:00.000Z</when>
<gx:coord>-123.332048 42.425303500000005 287.8</gx:coord>

<when>2026-09-23T18:57:11.000Z</when>
<gx:coord>-123.33309416666667 42.42490566666667 289.6</gx:coord>

<when>2026-09-23T18:57:22.000Z</when>
<gx:coord>-123.33484750000001 42.424578999999994 289.1</gx:coord>

<when>2026-09-23T18:57:33.000Z</when>
<gx:coord>-123.33679849999999 42.424202833333325 289.5</gx:coord>

<when>2026-09-23T18:57:44.000Z</when>
<gx:coord>-123.33855433333335 42.42387383333333 289.8</gx:coord>

<when>2026-09-23T18:57:55.000Z</when>
<gx:coord>-123.33941333333333 42.42372366666667 288.5</gx:coord>

<when>2026-09-23T18:58:06.000Z</when>
<gx:coord>-123.33948166666666 42.42371783333333 286.3</gx:coord>

<when>2026-09-23T18:58:28.000Z</when>
<gx:coord>-123.33990883333333 42.42364333333333 286.7</gx:coord>

<when>2026-09-23T18:58:39.000Z</when>
<gx:coord>-123.34148183333333 42.42335383333334 286.1</gx:coord>

<when>2026-09-23T18:58:50.000Z</when>
<gx:coord>-123.34360266666665 42.42296216666667 285.8</gx:coord>

<when>2026-09-23T18:59:01.000Z</when>
<gx:coord>-123.34592233333333 42.422457666666666 285.8</gx:coord>

<when>2026-09-23T18:59:12.000Z</when>
<gx:coord>-123.34843950000001 42.4219765 286.5</gx:coord>

<when>2026-09-23T18:59:23.000Z</when>
<gx:coord>-123.35104816666666 42.42150483333333 287.7</gx:coord>

<when>2026-09-23T18:59:34.000Z</when>
<gx:coord>-123.35374466666666 42.421018999999994 286.1</gx:coord>

<when>2026-09-23T18:59:45.000Z</when>
<gx:coord>-123.35666533333332 42.420488999999996 285.1</gx:coord>

<when>2026-09-23T18:59:56.000Z</when>
<gx:coord>-123.35970016666667 42.41994033333334 284.7</gx:coord>

<when>2026-09-23T19:00:07.000Z</when>
<gx:coord>-123.36252483333334 42.41942783333334 284.2</gx:coord>

<when>2026-09-23T19:00:18.000Z</when>
<gx:coord>-123.36504783333334 42.41898133333334 285.4</gx:coord>

<when>2026-09-23T19:00:29.000Z</when>
<gx:coord>-123.36759033333334 42.41852216666666 286.8</gx:coord>

<when>2026-09-23T19:00:40.000Z</when>
<gx:coord>-123.37029333333334 42.41802466666666 288.8</gx:coord>

<when>2026-09-23T19:00:51.000Z</when>
<gx:coord>-123.37321150000001 42.41758 290.0</gx:coord>

<when>2026-09-23T19:01:02.000Z</when>
<gx:coord>-123.37615583333333 42.417204999999996 291.8</gx:coord>

<when>2026-09-23T19:01:13.000Z</when>
<gx:coord>-123.37906583333333 42.41680666666666 294.0</gx:coord>

<when>2026-09-23T19:01:24.000Z</when>
<gx:coord>-123.38192533333334 42.41643966666667 294.8</gx:coord>

<when>2026-09-23T19:01:35.000Z</when>
<gx:coord>-123.38477083333333 42.416073000000004 295.5</gx:coord>

<when>2026-09-23T19:01:46.000Z</when>
<gx:coord>-123.38760750000002 42.41570633333334 296.1</gx:coord>

<when>2026-09-23T19:01:57.000Z</when>
<gx:coord>-123.39055233333332 42.41533583333333 302.8</gx:coord>

<when>2026-09-23T19:02:08.000Z</when>
<gx:coord>-123.39339816666667 42.414967499999996 312.6</gx:coord>

<when>2026-09-23T19:02:19.000Z</when>
<gx:coord>-123.396223 42.41459483333333 318.2</gx:coord>

<when>2026-09-23T19:02:30.000Z</when>
<gx:coord>-123.39920400000001 42.414205666666675 319.2</gx:coord>

<when>2026-09-23T19:02:41.000Z</when>
<gx:coord>-123.40221316666666 42.4138195 316.6</gx:coord>

<when>2026-09-23T19:02:52.000Z</when>
<gx:coord>-123.40529749999999 42.413418666666665 314.5</gx:coord>

<when>2026-09-23T19:03:03.000Z</when>
<gx:coord>-123.40847183333332 42.413012333333334 311.9</gx:coord>

<when>2026-09-23T19:03:14.000Z</when>
<gx:coord>-123.411829 42.41259916666666 309.9</gx:coord>

<when>2026-09-23T19:03:25.000Z</when>
<gx:coord>-123.41523899999999 42.412155 310.9</gx:coord>

<when>2026-09-23T19:03:36.000Z</when>
<gx:coord>-123.41866483333334 42.411705 317.6</gx:coord>

<when>2026-09-23T19:03:47.000Z</when>
<gx:coord>-123.42215383333333 42.41125533333334 319.2</gx:coord>

<when>2026-09-23T19:03:58.000Z</when>
<gx:coord>-123.42571383333333 42.41081416666666 319.2</gx:coord>

<when>2026-09-23T19:04:09.000Z</when>
<gx:coord>-123.42918216666666 42.4103515 321.4</gx:coord>

<when>2026-09-23T19:04:20.000Z</when>
<gx:coord>-123.43256566666666 42.409637833333335 320.3</gx:coord>

<when>2026-09-23T19:04:31.000Z</when>
<gx:coord>-123.43589516666667 42.40845383333333 317.6</gx:coord>

<when>2026-09-23T19:04:42.000Z</when>
<gx:coord>-123.43896366666668 42.40686683333333 315.8</gx:coord>

<when>2026-09-23T19:04:53.000Z</when>
<gx:coord>-123.44177683333334 42.405286833333335 310.3</gx:coord>

<when>2026-09-23T19:05:04.000Z</when>
<gx:coord>-123.44432083333335 42.403854 307.1</gx:coord>

<when>2026-09-23T19:05:15.000Z</when>
<gx:coord>-123.44687700000001 42.402408666666666 297.7</gx:coord>

<when>2026-09-23T19:05:26.000Z</when>
<gx:coord>-123.44951166666667 42.4009265 280.3</gx:coord>

<when>2026-09-23T19:05:37.000Z</when>
<gx:coord>-123.45211066666667 42.3995915 276.9</gx:coord>

<when>2026-09-23T19:05:48.000Z</when>
<gx:coord>-123.45455799999999 42.39840966666667 276.9</gx:coord>

<when>2026-09-23T19:05:59.000Z</when>
<gx:coord>-123.45700083333334 42.397211166666665 276.4</gx:coord>

<when>2026-09-23T19:06:10.000Z</when>
<gx:coord>-123.45953983333332 42.396007833333336 278.0</gx:coord>

<when>2026-09-23T19:06:21.000Z</when>
<gx:coord>-123.46221599999998 42.39457300000001 280.4</gx:coord>

<when>2026-09-23T19:06:32.000Z</when>
<gx:coord>-123.46419916666667 42.392494166666665 284.0</gx:coord>

<when>2026-09-23T19:06:43.000Z</when>
<gx:coord>-123.464882 42.38993416666667 284.6</gx:coord>

<when>2026-09-23T19:06:54.000Z</when>
<gx:coord>-123.46510549999999 42.38737966666666 288.5</gx:coord>

<when>2026-09-23T19:07:05.000Z</when>
<gx:coord>-123.46579599999998 42.3850385 289.8</gx:coord>

<when>2026-09-23T19:07:16.000Z</when>
<gx:coord>-123.4683795 42.38374316666667 290.4</gx:coord>

<when>2026-09-23T19:07:27.000Z</when>
<gx:coord>-123.47183633333334 42.383569666666666 291.2</gx:coord>

<when>2026-09-23T19:07:38.000Z</when>
<gx:coord>-123.47537816666666 42.3834515 292.2</gx:coord>

<when>2026-09-23T19:07:49.000Z</when>
<gx:coord>-123.47890583333334 42.38334266666667 292.7</gx:coord>

<when>2026-09-23T19:08:00.000Z</when>
<gx:coord>-123.48243900000001 42.38319216666667 294.0</gx:coord>

<when>2026-09-23T19:08:11.000Z</when>
<gx:coord>-123.48577900000001 42.382396 295.1</gx:coord>

<when>2026-09-23T19:08:22.000Z</when>
<gx:coord>-123.48894016666667 42.38137400000001 297.0</gx:coord>

<when>2026-09-23T19:08:33.000Z</when>
<gx:coord>-123.49178983333334 42.38009116666667 300.4</gx:coord>

<when>2026-09-23T19:08:44.000Z</when>
<gx:coord>-123.49391949999999 42.37835383333333 304.0</gx:coord>

<when>2026-09-23T19:08:55.000Z</when>
<gx:coord>-123.49651999999999 42.37712816666667 304.0</gx:coord>

<when>2026-09-23T19:09:06.000Z</when>
<gx:coord>-123.49901300000002 42.3756925 303.7</gx:coord>

<when>2026-09-23T19:09:17.000Z</when>
<gx:coord>-123.50030516666666 42.37341616666666 305.7</gx:coord>

<when>2026-09-23T19:09:28.000Z</when>
<gx:coord>-123.50238866666665 42.371570166666665 308.2</gx:coord>

<when>2026-09-23T19:09:39.000Z</when>
<gx:coord>-123.50509133333335 42.37017383333333 309.8</gx:coord>

<when>2026-09-23T19:09:50.000Z</when>
<gx:coord>-123.50711299999999 42.368247833333335 311.4</gx:coord>

<when>2026-09-23T19:10:01.000Z</when>
<gx:coord>-123.50879333333333 42.3661825 311.9</gx:coord>

<when>2026-09-23T19:10:12.000Z</when>
<gx:coord>-123.51098283333334 42.364612333333326 311.7</gx:coord>

<when>2026-09-23T19:10:23.000Z</when>
<gx:coord>-123.51379983333332 42.363642 316.3</gx:coord>

<when>2026-09-23T19:10:34.000Z</when>
<gx:coord>-123.51649199999999 42.362762999999994 321.0</gx:coord>

<when>2026-09-23T19:10:45.000Z</when>
<gx:coord>-123.51939033333335 42.36240166666666 324.7</gx:coord>

<when>2026-09-23T19:10:56.000Z</when>
<gx:coord>-123.522246 42.36256733333333 326.5</gx:coord>

<when>2026-09-23T19:11:07.000Z</when>
<gx:coord>-123.52507383333335 42.362927166666665 327.7</gx:coord>

<when>2026-09-23T19:11:18.000Z</when>
<gx:coord>-123.52789499999999 42.363306166666675 336.0</gx:coord>

<when>2026-09-23T19:11:29.000Z</when>
<gx:coord>-123.53056516666666 42.36365083333333 337.9</gx:coord>

<when>2026-09-23T19:11:40.000Z</when>
<gx:coord>-123.53326816666667 42.36400116666667 339.0</gx:coord>

<when>2026-09-23T19:11:51.000Z</when>
<gx:coord>-123.5358945 42.36429799999999 343.2</gx:coord>

<when>2026-09-23T19:12:02.000Z</when>
<gx:coord>-123.53859166666668 42.363937500000006 343.4</gx:coord>

<when>2026-09-23T19:12:13.000Z</when>
<gx:coord>-123.54114200000001 42.363155166666665 341.3</gx:coord>

<when>2026-09-23T19:12:24.000Z</when>
<gx:coord>-123.54333733333333 42.36168683333334 335.8</gx:coord>

<when>2026-09-23T19:12:35.000Z</when>
<gx:coord>-123.54526183333334 42.359912833333325 335.7</gx:coord>

<when>2026-09-23T19:12:46.000Z</when>
<gx:coord>-123.54719116666665 42.358101166666664 339.2</gx:coord>

<when>2026-09-23T19:12:57.000Z</when>
<gx:coord>-123.54934316666667 42.35643149999999 343.5</gx:coord>

<when>2026-09-23T19:13:08.000Z</when>
<gx:coord>-123.551504 42.3547945 344.3</gx:coord>

<when>2026-09-23T19:13:19.000Z</when>
<gx:coord>-123.55295149999999 42.35288950000001 346.7</gx:coord>

<when>2026-09-23T19:13:30.000Z</when>
<gx:coord>-123.55461866666668 42.35121116666666 351.9</gx:coord>

<when>2026-09-23T19:13:41.000Z</when>
<gx:coord>-123.5560615 42.349498 349.4</gx:coord>

<when>2026-09-23T19:13:52.000Z</when>
<gx:coord>-123.55849549999999 42.3483175 357.2</gx:coord>

<when>2026-09-23T19:14:03.000Z</when>
<gx:coord>-123.56102233333334 42.34710266666666 358.8</gx:coord>

<when>2026-09-23T19:14:14.000Z</when>
<gx:coord>-123.56333933333332 42.345687 355.0</gx:coord>

<when>2026-09-23T19:14:25.000Z</when>
<gx:coord>-123.56587083333334 42.344452000000004 364.9</gx:coord>

<when>2026-09-23T19:14:36.000Z</when>
<gx:coord>-123.56861150000002 42.34360616666666 381.2</gx:coord>

<when>2026-09-23T19:14:47.000Z</when>
<gx:coord>-123.57099783333334 42.34290850000001 394.2</gx:coord>

<when>2026-09-23T19:14:58.000Z</when>
<gx:coord>-123.57269166666669 42.342189499999996 406.7</gx:coord>

<when>2026-09-23T19:27:44.000Z</when>
<gx:coord>-123.57993649999999 42.33854916666666 452.5</gx:coord>

<when>2026-09-23T19:27:55.000Z</when>
<gx:coord>-123.58163266666666 42.33815533333333 467.5</gx:coord>

<when>2026-09-23T19:28:06.000Z</when>
<gx:coord>-123.58254066666665 42.33700950000001 479.1</gx:coord>

<when>2026-09-23T19:28:19.000Z</when>
<gx:coord>-123.58345016666665 42.335572166666665 495.1</gx:coord>

<when>2026-09-23T19:28:30.000Z</when>
<gx:coord>-123.58478866666668 42.33478366666667 490.6</gx:coord>

<when>2026-09-23T19:28:41.000Z</when>
<gx:coord>-123.586604 42.33430083333333 497.5</gx:coord>

<when>2026-09-23T19:28:52.000Z</when>
<gx:coord>-123.58847050000001 42.333324499999996 502.0</gx:coord>

<when>2026-09-23T19:29:03.000Z</when>
<gx:coord>-123.59015016666666 42.33162933333333 498.1</gx:coord>

<when>2026-09-23T19:29:14.000Z</when>
<gx:coord>-123.59203450000001 42.32959816666666 487.9</gx:coord>

<when>2026-09-23T19:29:25.000Z</when>
<gx:coord>-123.59377116666668 42.32731583333332 479.6</gx:coord>

<when>2026-09-23T19:29:36.000Z</when>
<gx:coord>-123.59545866666667 42.3250395 472.9</gx:coord>

<when>2026-09-23T19:29:47.000Z</when>
<gx:coord>-123.59711183333333 42.32276316666666 466.8</gx:coord>

<when>2026-09-23T19:29:58.000Z</when>
<gx:coord>-123.598824 42.320548333333335 456.9</gx:coord>

<when>2026-09-23T19:30:09.000Z</when>
<gx:coord>-123.60106616666666 42.3184685 452.2</gx:coord>

<when>2026-09-23T19:30:20.000Z</when>
<gx:coord>-123.60336966666667 42.31653733333333 447.5</gx:coord>

<when>2026-09-23T19:30:31.000Z</when>
<gx:coord>-123.60534116666668 42.31458216666667 443.2</gx:coord>

<when>2026-09-23T19:30:42.000Z</when>
<gx:coord>-123.60701183333335 42.31240616666667 438.7</gx:coord>

<when>2026-09-23T19:30:53.000Z</when>
<gx:coord>-123.6086405 42.31023366666667 436.8</gx:coord>

<when>2026-09-23T19:31:04.000Z</when>
<gx:coord>-123.60965283333334 42.307784833333336 433.0</gx:coord>

<when>2026-09-23T19:31:15.000Z</when>
<gx:coord>-123.61052016666666 42.30534516666667 431.0</gx:coord>

<when>2026-09-23T19:31:26.000Z</when>
<gx:coord>-123.61124883333332 42.30293466666667 430.0</gx:coord>

<when>2026-09-23T19:31:37.000Z</when>
<gx:coord>-123.6117775 42.30037683333333 426.8</gx:coord>

<when>2026-09-23T19:31:48.000Z</when>
<gx:coord>-123.61222066666666 42.297681833333336 422.0</gx:coord>

<when>2026-09-23T19:31:59.000Z</when>
<gx:coord>-123.61229133333333 42.294866500000005 418.4</gx:coord>

<when>2026-09-23T19:32:10.000Z</when>
<gx:coord>-123.61234533333332 42.292109333333336 413.5</gx:coord>

<when>2026-09-23T19:32:21.000Z</when>
<gx:coord>-123.61242566666667 42.289581500000004 410.1</gx:coord>

<when>2026-09-23T19:32:32.000Z</when>
<gx:coord>-123.61315033333334 42.28713866666667 403.7</gx:coord>

<when>2026-09-23T19:32:43.000Z</when>
<gx:coord>-123.61409800000001 42.28456200000001 399.7</gx:coord>

<when>2026-09-23T19:32:54.000Z</when>
<gx:coord>-123.61501000000001 42.282122333333334 399.3</gx:coord>

<when>2026-09-23T19:33:05.000Z</when>
<gx:coord>-123.61592666666665 42.27981366666666 403.2</gx:coord>

<when>2026-09-23T19:33:16.000Z</when>
<gx:coord>-123.61672083333333 42.27755633333333 403.7</gx:coord>

<when>2026-09-23T19:33:27.000Z</when>
<gx:coord>-123.617593 42.27517516666667 405.1</gx:coord>

<when>2026-09-23T19:33:38.000Z</when>
<gx:coord>-123.61848183333335 42.27276416666667 406.9</gx:coord>

<when>2026-09-23T19:33:49.000Z</when>
<gx:coord>-123.61938333333335 42.27036483333333 409.1</gx:coord>

<when>2026-09-23T19:34:00.000Z</when>
<gx:coord>-123.619744 42.2680245 417.0</gx:coord>

<when>2026-09-23T19:34:11.000Z</when>
<gx:coord>-123.61914916666667 42.26577616666667 427.1</gx:coord>

<when>2026-09-23T19:34:22.000Z</when>
<gx:coord>-123.61852366666666 42.26350283333333 432.5</gx:coord>

<when>2026-09-23T19:34:33.000Z</when>
<gx:coord>-123.6185755 42.261063 431.2</gx:coord>

<when>2026-09-23T19:34:44.000Z</when>
<gx:coord>-123.61878066666668 42.258682 435.0</gx:coord>

<when>2026-09-23T19:34:55.000Z</when>
<gx:coord>-123.61947749999999 42.256609 440.0</gx:coord>

<when>2026-09-23T19:35:06.000Z</when>
<gx:coord>-123.62158433333335 42.25510883333333 440.7</gx:coord>

<when>2026-09-23T19:35:17.000Z</when>
<gx:coord>-123.62387233333332 42.25361899999999 444.4</gx:coord>

<when>2026-09-23T19:35:28.000Z</when>
<gx:coord>-123.62605899999998 42.252109000000004 444.7</gx:coord>

<when>2026-09-23T19:35:39.000Z</when>
<gx:coord>-123.62782800000001 42.250229499999996 433.3</gx:coord>

<when>2026-09-23T19:35:50.000Z</when>
<gx:coord>-123.62992700000001 42.24838166666667 424.3</gx:coord>

<when>2026-09-23T19:36:01.000Z</when>
<gx:coord>-123.63200800000001 42.246627833333335 419.0</gx:coord>

<when>2026-09-23T19:36:12.000Z</when>
<gx:coord>-123.63352400000001 42.24451616666667 412.2</gx:coord>

<when>2026-09-23T19:36:23.000Z</when>
<gx:coord>-123.63513216666666 42.24231516666667 408.8</gx:coord>

<when>2026-09-23T19:36:34.000Z</when>
<gx:coord>-123.63650750000001 42.2399985 402.8</gx:coord>

<when>2026-09-23T19:36:45.000Z</when>
<gx:coord>-123.63794733333334 42.237714000000004 399.6</gx:coord>

<when>2026-09-23T19:36:56.000Z</when>
<gx:coord>-123.63951549999999 42.23547866666666 394.2</gx:coord>

<when>2026-09-23T19:37:07.000Z</when>
<gx:coord>-123.64135766666668 42.233466833333324 389.4</gx:coord>

<when>2026-09-23T19:37:18.000Z</when>
<gx:coord>-123.64264366666666 42.231356000000005 395.1</gx:coord>

<when>2026-09-23T19:37:29.000Z</when>
<gx:coord>-123.64448833333333 42.22942666666666 393.9</gx:coord>

<when>2026-09-23T19:37:40.000Z</when>
<gx:coord>-123.6465235 42.227663 380.9</gx:coord>

<when>2026-09-23T19:37:51.000Z</when>
<gx:coord>-123.64708583333335 42.225202499999995 375.3</gx:coord>

<when>2026-09-23T19:38:02.000Z</when>
<gx:coord>-123.6474825 42.222595 376.9</gx:coord>

<when>2026-09-23T19:38:13.000Z</when>
<gx:coord>-123.64783199999998 42.22011033333333 378.9</gx:coord>

<when>2026-09-23T19:38:24.000Z</when>
<gx:coord>-123.64818433333333 42.217608166666665 381.1</gx:coord>

<when>2026-09-23T19:38:35.000Z</when>
<gx:coord>-123.648536 42.215086500000005 382.4</gx:coord>

<when>2026-09-23T19:38:46.000Z</when>
<gx:coord>-123.64889766666666 42.212489000000005 382.2</gx:coord>

<when>2026-09-23T19:38:57.000Z</when>
<gx:coord>-123.64923883333334 42.209935166666675 384.7</gx:coord>

<when>2026-09-23T19:39:08.000Z</when>
<gx:coord>-123.649562 42.20745283333334 388.7</gx:coord>

<when>2026-09-23T19:39:19.000Z</when>
<gx:coord>-123.64985583333333 42.20507550000001 389.8</gx:coord>

<when>2026-09-23T19:39:30.000Z</when>
<gx:coord>-123.6503215 42.20279166666666 386.8</gx:coord>

<when>2026-09-23T19:39:41.000Z</when>
<gx:coord>-123.65088333333333 42.20056516666667 388.9</gx:coord>

<when>2026-09-23T19:39:52.000Z</when>
<gx:coord>-123.65121866666665 42.19851233333334 389.7</gx:coord>

<when>2026-09-23T19:40:03.000Z</when>
<gx:coord>-123.65067283333335 42.196647166666665 390.0</gx:coord>

<when>2026-09-23T19:40:14.000Z</when>
<gx:coord>-123.65030883333333 42.194852999999995 392.3</gx:coord>

<when>2026-09-23T19:40:25.000Z</when>
<gx:coord>-123.64988666666667 42.193108 392.8</gx:coord>

<when>2026-09-23T19:40:36.000Z</when>
<gx:coord>-123.64893500000001 42.191240500000006 392.8</gx:coord>

<when>2026-09-23T19:40:47.000Z</when>
<gx:coord>-123.64799283333332 42.189375000000005 398.1</gx:coord>

<when>2026-09-23T19:40:58.000Z</when>
<gx:coord>-123.64701250000002 42.18766933333333 404.3</gx:coord>

<when>2026-09-23T19:41:09.000Z</when>
<gx:coord>-123.64559683333333 42.186003666666664 401.4</gx:coord>

<when>2026-09-23T19:41:20.000Z</when>
<gx:coord>-123.64506350000002 42.18400983333333 398.5</gx:coord>

<when>2026-09-23T19:41:31.000Z</when>
<gx:coord>-123.64453216666668 42.181742166666666 398.5</gx:coord>

<when>2026-09-23T19:41:42.000Z</when>
<gx:coord>-123.64456983333334 42.17942766666667 400.4</gx:coord>

<when>2026-09-23T19:41:53.000Z</when>
<gx:coord>-123.64500566666666 42.177325 407.3</gx:coord>

<when>2026-09-23T19:42:04.000Z</when>
<gx:coord>-123.64531749999999 42.175239499999996 414.0</gx:coord>

<when>2026-09-23T19:42:15.000Z</when>
<gx:coord>-123.64557383333334 42.1733835 415.2</gx:coord>

<when>2026-09-23T19:42:26.000Z</when>
<gx:coord>-123.64579450000001 42.17172333333333 413.7</gx:coord>

<when>2026-09-23T19:42:37.000Z</when>
<gx:coord>-123.64594266666667 42.17066116666667 412.1</gx:coord>

<when>2026-09-23T19:42:48.000Z</when>
<gx:coord>-123.64604283333334 42.16988666666666 410.2</gx:coord>

<when>2026-09-23T19:42:59.000Z</when>
<gx:coord>-123.64614433333332 42.169041 410.0</gx:coord>

<when>2026-09-23T19:43:10.000Z</when>
<gx:coord>-123.64624566666667 42.16820599999999 410.1</gx:coord>

<when>2026-09-23T19:43:21.000Z</when>
<gx:coord>-123.64627216666668 42.16791416666667 409.5</gx:coord>

<when>2026-09-23T19:43:43.000Z</when>
<gx:coord>-123.64633833333333 42.16745916666667 410.6</gx:coord>

<when>2026-09-23T19:43:54.000Z</when>
<gx:coord>-123.64647066666666 42.167045333333334 409.4</gx:coord>

<when>2026-09-23T19:44:05.000Z</when>
<gx:coord>-123.64654316666665 42.166945000000005 409.4</gx:coord>

<when>2026-09-23T19:44:16.000Z</when>
<gx:coord>-123.64656366666668 42.166884333333336 407.9</gx:coord>

<when>2026-09-23T19:44:49.000Z</when>
<gx:coord>-123.64652716666666 42.16682383333333 410.7</gx:coord>

<when>2026-09-23T20:00:50.000Z</when>
<gx:coord>-123.64663483333334 42.165429499999995 410.2</gx:coord>

<when>2026-09-23T20:01:01.000Z</when>
<gx:coord>-123.64672433333332 42.16469016666667 412.5</gx:coord>

<when>2026-09-23T20:01:14.000Z</when>
<gx:coord>-123.64683783333334 42.16372450000001 412.2</gx:coord>

<when>2026-09-23T20:01:25.000Z</when>
<gx:coord>-123.64690549999999 42.16300783333333 412.4</gx:coord>

<when>2026-09-23T20:01:36.000Z</when>
<gx:coord>-123.64688999999998 42.16288899999999 411.8</gx:coord>

<when>2026-09-23T20:01:58.000Z</when>
<gx:coord>-123.64686150000001 42.16277 409.4</gx:coord>

<when>2026-09-23T20:02:09.000Z</when>
<gx:coord>-123.64643416666668 42.162635833333326 409.9</gx:coord>

<when>2026-09-23T20:02:20.000Z</when>
<gx:coord>-123.64645083333335 42.16250783333333 408.6</gx:coord>

<when>2026-09-23T20:02:31.000Z</when>
<gx:coord>-123.64660950000001 42.162403499999996 406.9</gx:coord>

<when>2026-09-23T20:02:42.000Z</when>
<gx:coord>-123.64667566666667 42.16225266666667 405.2</gx:coord>

<when>2026-09-23T20:42:56.000Z</when>
<gx:coord>-123.64686400000001 42.16341166666666 422.8</gx:coord>

<when>2026-09-23T20:43:07.000Z</when>
<gx:coord>-123.64680416666667 42.16345716666667 415.4</gx:coord>

<when>2026-09-23T20:43:19.000Z</when>
<gx:coord>-123.64704666666667 42.163525666666665 414.9</gx:coord>

<when>2026-09-23T20:43:30.000Z</when>
<gx:coord>-123.64729299999999 42.163557000000004 414.5</gx:coord>

<when>2026-09-23T20:43:41.000Z</when>
<gx:coord>-123.647501 42.16357483333333 407.8</gx:coord>

<when>2026-09-23T20:43:53.000Z</when>
<gx:coord>-123.64770666666666 42.163538 404.0</gx:coord>

<when>2026-09-23T20:44:04.000Z</when>
<gx:coord>-123.64777516666666 42.163408 407.8</gx:coord>

<when>2026-09-23T20:44:15.000Z</when>
<gx:coord>-123.64780516666666 42.163285333333334 410.3</gx:coord>

<when>2026-09-23T20:44:26.000Z</when>
<gx:coord>-123.64777666666666 42.1631695 416.8</gx:coord>

<when>2026-09-23T20:44:37.000Z</when>
<gx:coord>-123.64767716666665 42.16314466666666 414.1</gx:coord>

<when>2026-09-23T20:44:59.000Z</when>
<gx:coord>-123.64763316666668 42.163183 414.7</gx:coord>

<when>2026-09-23T20:45:43.000Z</when>
<gx:coord>-123.64756333333335 42.163199333333324 421.8</gx:coord>

<when>2026-09-23T20:56:34.000Z</when>
<gx:coord>-123.64715516666665 42.16316133333333 419.6</gx:coord>

<when>2026-09-23T20:56:45.000Z</when>
<gx:coord>-123.64710983333335 42.16295183333333 417.9</gx:coord>

<when>2026-09-23T20:56:56.000Z</when>
<gx:coord>-123.64715783333334 42.162636166666665 408.7</gx:coord>

<when>2026-09-23T20:57:08.000Z</when>
<gx:coord>-123.64706466666667 42.16244966666667 404.6</gx:coord>

<when>2026-09-23T20:57:19.000Z</when>
<gx:coord>-123.64721016666665 42.16170816666666 401.6</gx:coord>

<when>2026-09-23T20:57:34.000Z</when>
<gx:coord>-123.6479755 42.1595425 393.8</gx:coord>

<when>2026-09-23T20:57:45.000Z</when>
<gx:coord>-123.64865833333333 42.157515333333336 389.7</gx:coord>

<when>2026-09-23T20:57:58.000Z</when>
<gx:coord>-123.64967200000001 42.1548645 387.0</gx:coord>

<when>2026-09-23T20:58:09.000Z</when>
<gx:coord>-123.65069883333332 42.152682500000004 395.1</gx:coord>

<when>2026-09-23T20:58:20.000Z</when>
<gx:coord>-123.65202016666666 42.150678 399.6</gx:coord>

<when>2026-09-23T20:58:39.000Z</when>
<gx:coord>-123.654355 42.147434499999996 403.5</gx:coord>

<when>2026-09-23T20:58:52.000Z</when>
<gx:coord>-123.65602783333334 42.14510883333334 394.4</gx:coord>

<when>2026-09-23T20:59:03.000Z</when>
<gx:coord>-123.65755300000001 42.143098666666674 393.3</gx:coord>

<when>2026-09-23T20:59:14.000Z</when>
<gx:coord>-123.65913516666666 42.14105233333333 398.8</gx:coord>

<when>2026-09-23T20:59:25.000Z</when>
<gx:coord>-123.66078833333334 42.13890683333334 393.0</gx:coord>

<when>2026-09-23T20:59:36.000Z</when>
<gx:coord>-123.66248216666666 42.136688166666666 391.0</gx:coord>

<when>2026-09-23T20:59:47.000Z</when>
<gx:coord>-123.66417666666666 42.13449166666666 391.8</gx:coord>

<when>2026-09-23T20:59:58.000Z</when>
<gx:coord>-123.66585933333333 42.132269166666674 391.3</gx:coord>

<when>2026-09-23T21:00:09.000Z</when>
<gx:coord>-123.66731499999999 42.12996916666666 390.4</gx:coord>

<when>2026-09-23T21:00:20.000Z</when>
<gx:coord>-123.66870533333334 42.127654833333324 393.2</gx:coord>

<when>2026-09-23T21:00:31.000Z</when>
<gx:coord>-123.67008866666666 42.12533700000001 393.5</gx:coord>

<when>2026-09-23T21:00:42.000Z</when>
<gx:coord>-123.67147316666666 42.12305933333334 391.1</gx:coord>

<when>2026-09-23T21:00:53.000Z</when>
<gx:coord>-123.672834 42.120797499999995 390.2</gx:coord>

<when>2026-09-23T21:01:04.000Z</when>
<gx:coord>-123.67422966666666 42.118413333333336 390.5</gx:coord>

<when>2026-09-23T21:01:15.000Z</when>
<gx:coord>-123.67528949999999 42.11591683333333 392.5</gx:coord>

<when>2026-09-23T21:01:26.000Z</when>
<gx:coord>-123.67619483333334 42.11336383333334 393.9</gx:coord>

<when>2026-09-23T21:01:37.000Z</when>
<gx:coord>-123.67709633333334 42.110840499999995 394.9</gx:coord>

<when>2026-09-23T21:01:48.000Z</when>
<gx:coord>-123.67798233333333 42.10832583333334 396.0</gx:coord>

<when>2026-09-23T21:01:59.000Z</when>
<gx:coord>-123.67887416666666 42.105807500000004 400.8</gx:coord>

<when>2026-09-23T21:02:10.000Z</when>
<gx:coord>-123.67977049999999 42.10330066666667 402.4</gx:coord>

<when>2026-09-23T21:02:21.000Z</when>
<gx:coord>-123.68069566666667 42.100806666666664 404.8</gx:coord>

<when>2026-09-23T21:02:32.000Z</when>
<gx:coord>-123.68158116666667 42.0983055 405.6</gx:coord>

<when>2026-09-23T21:02:43.000Z</when>
<gx:coord>-123.68243016666665 42.09579083333333 406.6</gx:coord>

<when>2026-09-23T21:02:54.000Z</when>
<gx:coord>-123.68323633333333 42.09327266666666 408.2</gx:coord>

<when>2026-09-23T21:03:05.000Z</when>
<gx:coord>-123.68470883333333 42.090924333333334 407.2</gx:coord>

<when>2026-09-23T21:03:16.000Z</when>
<gx:coord>-123.68648766666665 42.08863566666667 410.4</gx:coord>

<when>2026-09-23T21:03:27.000Z</when>
<gx:coord>-123.68826683333333 42.08635983333333 413.2</gx:coord>

<when>2026-09-23T21:03:38.000Z</when>
<gx:coord>-123.69005216666667 42.08409333333334 414.5</gx:coord>

<when>2026-09-23T21:03:49.000Z</when>
<gx:coord>-123.69179316666666 42.081873333333334 416.0</gx:coord>

<when>2026-09-23T21:04:00.000Z</when>
<gx:coord>-123.693493 42.0796845 416.5</gx:coord>

<when>2026-09-23T21:04:11.000Z</when>
<gx:coord>-123.69518083333332 42.077524666666676 416.6</gx:coord>

<when>2026-09-23T21:04:22.000Z</when>
<gx:coord>-123.69694499999999 42.075292833333336 416.8</gx:coord>

<when>2026-09-23T21:04:33.000Z</when>
<gx:coord>-123.69867033333334 42.073109666666674 417.6</gx:coord>

<when>2026-09-23T21:04:44.000Z</when>
<gx:coord>-123.70042916666668 42.070834 406.4</gx:coord>

<when>2026-09-23T21:04:55.000Z</when>
<gx:coord>-123.70214166666668 42.068623499999994 408.2</gx:coord>

<when>2026-09-23T21:05:06.000Z</when>
<gx:coord>-123.70379166666667 42.0664945 410.4</gx:coord>

<when>2026-09-23T21:05:17.000Z</when>
<gx:coord>-123.70538200000001 42.06444516666667 413.1</gx:coord>

<when>2026-09-23T21:05:28.000Z</when>
<gx:coord>-123.70692866666668 42.06248600000001 413.7</gx:coord>

<when>2026-09-23T21:05:39.000Z</when>
<gx:coord>-123.70825850000001 42.06038716666667 414.6</gx:coord>

<when>2026-09-23T21:05:50.000Z</when>
<gx:coord>-123.7094015 42.058224 414.8</gx:coord>

<when>2026-09-23T21:06:01.000Z</when>
<gx:coord>-123.71058749999999 42.05600066666666 417.0</gx:coord>

<when>2026-09-23T21:06:12.000Z</when>
<gx:coord>-123.71242666666667 42.053971000000004 422.0</gx:coord>

<when>2026-09-23T21:06:23.000Z</when>
<gx:coord>-123.71472733333333 42.05206566666667 425.4</gx:coord>

<when>2026-09-23T21:06:34.000Z</when>
<gx:coord>-123.71676166666666 42.05009866666666 432.0</gx:coord>

<when>2026-09-23T21:06:45.000Z</when>
<gx:coord>-123.71799100000001 42.04777616666667 441.1</gx:coord>

<when>2026-09-23T21:06:56.000Z</when>
<gx:coord>-123.71912900000001 42.0454045 445.8</gx:coord>

<when>2026-09-23T21:07:07.000Z</when>
<gx:coord>-123.720222 42.04306516666667 454.2</gx:coord>

<when>2026-09-23T21:07:18.000Z</when>
<gx:coord>-123.7208935 42.04072466666666 462.5</gx:coord>

<when>2026-09-23T21:07:29.000Z</when>
<gx:coord>-123.72089749999999 42.03830566666667 464.7</gx:coord>

<when>2026-09-23T21:07:40.000Z</when>
<gx:coord>-123.720904 42.03587300000001 476.7</gx:coord>

<when>2026-09-23T21:07:51.000Z</when>
<gx:coord>-123.72215 42.03369250000001 483.7</gx:coord>

<when>2026-09-23T21:08:02.000Z</when>
<gx:coord>-123.72432083333334 42.032390500000005 480.9</gx:coord>

<when>2026-09-23T21:08:13.000Z</when>
<gx:coord>-123.7266095 42.030982166666675 472.7</gx:coord>

<when>2026-09-23T21:08:24.000Z</when>
<gx:coord>-123.72846583333333 42.029104000000004 465.0</gx:coord>

<when>2026-09-23T21:08:35.000Z</when>
<gx:coord>-123.72989600000001 42.02734266666666 475.6</gx:coord>

<when>2026-09-23T21:08:46.000Z</when>
<gx:coord>-123.72980066666666 42.025386499999996 478.9</gx:coord>

<when>2026-09-23T21:08:57.000Z</when>
<gx:coord>-123.72944683333331 42.02315716666667 480.3</gx:coord>

<when>2026-09-23T21:09:08.000Z</when>
<gx:coord>-123.72907216666665 42.021078 476.8</gx:coord>

<when>2026-09-23T21:09:19.000Z</when>
<gx:coord>-123.72868883333334 42.01916316666667 462.1</gx:coord>

<when>2026-09-23T21:09:30.000Z</when>
<gx:coord>-123.72903216666667 42.017032333333326 466.8</gx:coord>

<when>2026-09-23T21:09:41.000Z</when>
<gx:coord>-123.72906016666666 42.0148935 469.6</gx:coord>

<when>2026-09-23T21:09:52.000Z</when>
<gx:coord>-123.72885399999998 42.01283433333333 474.3</gx:coord>

<when>2026-09-23T21:10:03.000Z</when>
<gx:coord>-123.72801766666667 42.010834333333335 470.7</gx:coord>

<when>2026-09-23T21:10:14.000Z</when>
<gx:coord>-123.72741066666667 42.008842666666666 471.5</gx:coord>

<when>2026-09-23T21:10:25.000Z</when>
<gx:coord>-123.7261655 42.006994166666665 481.5</gx:coord>

<when>2026-09-23T21:10:36.000Z</when>
<gx:coord>-123.72494283333332 42.00523916666666 485.5</gx:coord>

<when>2026-09-23T21:10:47.000Z</when>
<gx:coord>-123.72362933333334 42.00332 478.6</gx:coord>

<when>2026-09-23T21:10:58.000Z</when>
<gx:coord>-123.72244616666667 42.001476000000004 466.9</gx:coord>

<when>2026-09-23T21:11:09.000Z</when>
<gx:coord>-123.72175933333334 41.99946883333334 459.8</gx:coord>

<when>2026-09-23T21:11:20.000Z</when>
<gx:coord>-123.721528 41.997435333333335 456.1</gx:coord>

<when>2026-09-23T21:11:31.000Z</when>
<gx:coord>-123.72081916666666 41.99543366666667 453.3</gx:coord>

<when>2026-09-23T21:11:42.000Z</when>
<gx:coord>-123.71980466666668 41.993455 459.4</gx:coord>

<when>2026-09-23T21:11:53.000Z</when>
<gx:coord>-123.71843683333333 41.99156633333334 464.1</gx:coord>

<when>2026-09-23T21:12:04.000Z</when>
<gx:coord>-123.71793016666668 41.989821666666664 470.1</gx:coord>

<when>2026-09-23T21:12:15.000Z</when>
<gx:coord>-123.71803533333332 41.98872816666667 486.1</gx:coord>

<when>2026-09-23T21:12:26.000Z</when>
<gx:coord>-123.71806149999999 41.98823883333333 492.3</gx:coord>

<when>2026-09-23T21:12:37.000Z</when>
<gx:coord>-123.71805233333335 41.988179499999994 501.5</gx:coord>

<when>2026-09-23T21:12:48.000Z</when>
<gx:coord>-123.71801766666667 41.9881335 505.5</gx:coord>

<when>2026-09-23T21:12:59.000Z</when>
<gx:coord>-123.71802083333333 41.987970499999996 507.8</gx:coord>

<when>2026-09-23T21:13:10.000Z</when>
<gx:coord>-123.71797300000001 41.987672999999994 507.9</gx:coord>

<when>2026-09-23T21:13:21.000Z</when>
<gx:coord>-123.7179845 41.986850000000004 506.3</gx:coord>

<when>2026-09-23T21:13:32.000Z</when>
<gx:coord>-123.71805466666667 41.985476500000004 506.5</gx:coord>

<when>2026-09-23T21:13:43.000Z</when>
<gx:coord>-123.71846983333334 41.98380683333333 509.1</gx:coord>

<when>2026-09-23T21:13:54.000Z</when>
<gx:coord>-123.71932633333333 41.9820375 511.1</gx:coord>

<when>2026-09-23T21:14:05.000Z</when>
<gx:coord>-123.72025899999998 41.98022433333334 514.2</gx:coord>

<when>2026-09-23T21:14:16.000Z</when>
<gx:coord>-123.7221225 41.97884783333334 524.9</gx:coord>

<when>2026-09-23T21:14:27.000Z</when>
<gx:coord>-123.72454116666668 41.97799733333333 528.6</gx:coord>

<when>2026-09-23T21:14:38.000Z</when>
<gx:coord>-123.72703566666665 41.97711283333333 537.7</gx:coord>

<when>2026-09-23T21:14:49.000Z</when>
<gx:coord>-123.7293505 41.976316166666656 552.0</gx:coord>

<when>2026-09-23T21:15:00.000Z</when>
<gx:coord>-123.73145716666667 41.975594833333325 563.7</gx:coord>

<when>2026-09-23T21:15:11.000Z</when>
<gx:coord>-123.73365066666665 41.97534649999999 577.8</gx:coord>

<when>2026-09-23T21:15:22.000Z</when>
<gx:coord>-123.73601566666666 41.975276833333325 583.6</gx:coord>

<when>2026-09-23T21:15:33.000Z</when>
<gx:coord>-123.73846883333333 41.975156500000004 586.0</gx:coord>

<when>2026-09-23T21:15:44.000Z</when>
<gx:coord>-123.74083566666668 41.97429733333333 590.1</gx:coord>

<when>2026-09-23T21:15:55.000Z</when>
<gx:coord>-123.74236483333334 41.972821499999995 598.1</gx:coord>

<when>2026-09-23T21:16:29.000Z</when>
<gx:coord>-123.74698383333335 41.96779466666667 601.7</gx:coord>

<when>2026-09-23T21:16:40.000Z</when>
<gx:coord>-123.74738616666667 41.966064833333334 625.6</gx:coord>

<when>2026-09-23T21:16:51.000Z</when>
<gx:coord>-123.74682416666668 41.96416516666667 612.7</gx:coord>

<when>2026-09-23T21:17:02.000Z</when>
<gx:coord>-123.74625650000002 41.96214616666666 595.3</gx:coord>

<when>2026-09-23T21:17:13.000Z</when>
<gx:coord>-123.74561566666668 41.959984333333324 579.9</gx:coord>

<when>2026-09-23T21:17:24.000Z</when>
<gx:coord>-123.74458583333332 41.957793833333334 563.1</gx:coord>

<when>2026-09-23T21:17:35.000Z</when>
<gx:coord>-123.743394 41.955599 547.5</gx:coord>

<when>2026-09-23T21:17:46.000Z</when>
<gx:coord>-123.743203 41.953250499999996 532.5</gx:coord>

<when>2026-09-23T21:17:57.000Z</when>
<gx:coord>-123.74373716666666 41.95083216666667 516.6</gx:coord>

<when>2026-09-23T21:18:08.000Z</when>
<gx:coord>-123.74533216666666 41.94852716666666 504.1</gx:coord>

<when>2026-09-23T21:18:19.000Z</when>
<gx:coord>-123.74675383333333 41.946130833333335 494.7</gx:coord>

<when>2026-09-23T21:18:30.000Z</when>
<gx:coord>-123.7484915 41.94387616666666 482.4</gx:coord>

<when>2026-09-23T21:18:41.000Z</when>
<gx:coord>-123.74983566666667 41.94148083333333 472.0</gx:coord>

<when>2026-09-23T21:18:52.000Z</when>
<gx:coord>-123.75220366666666 41.93967166666666 459.1</gx:coord>

<when>2026-09-23T21:19:03.000Z</when>
<gx:coord>-123.75469233333334 41.93801583333334 455.0</gx:coord>

<when>2026-09-23T21:19:14.000Z</when>
<gx:coord>-123.75570966666668 41.93589016666667 443.6</gx:coord>

<when>2026-09-23T21:19:25.000Z</when>
<gx:coord>-123.75681583333332 41.93420066666666 432.2</gx:coord>

<when>2026-09-23T21:19:36.000Z</when>
<gx:coord>-123.75631633333333 41.93262083333334 425.4</gx:coord>

<when>2026-09-23T21:19:47.000Z</when>
<gx:coord>-123.75644216666666 41.93109 413.8</gx:coord>

<when>2026-09-23T21:19:58.000Z</when>
<gx:coord>-123.75690983333334 41.929691999999996 401.1</gx:coord>

<when>2026-09-23T21:20:09.000Z</when>
<gx:coord>-123.75772966666666 41.92833483333334 399.1</gx:coord>

<when>2026-09-23T21:20:20.000Z</when>
<gx:coord>-123.75931783333333 41.927236166666674 401.1</gx:coord>

<when>2026-09-23T21:20:31.000Z</when>
<gx:coord>-123.76081216666668 41.92601616666668 402.2</gx:coord>

<when>2026-09-23T21:20:42.000Z</when>
<gx:coord>-123.76180483333334 41.924348499999994 401.2</gx:coord>

<when>2026-09-23T21:20:53.000Z</when>
<gx:coord>-123.76278699999999 41.92276016666666 397.6</gx:coord>

<when>2026-09-23T21:21:04.000Z</when>
<gx:coord>-123.76419616666665 41.921469333333334 401.2</gx:coord>

<when>2026-09-23T21:21:15.000Z</when>
<gx:coord>-123.76530383333332 41.920011499999994 400.5</gx:coord>

<when>2026-09-23T21:21:26.000Z</when>
<gx:coord>-123.76722383333332 41.918786 399.4</gx:coord>

<when>2026-09-23T21:21:37.000Z</when>
<gx:coord>-123.768563 41.91698183333333 395.4</gx:coord>

<when>2026-09-23T21:21:48.000Z</when>
<gx:coord>-123.768764 41.91477266666667 389.6</gx:coord>

<when>2026-09-23T21:21:59.000Z</when>
<gx:coord>-123.77005516666668 41.91277516666667 389.5</gx:coord>

<when>2026-09-23T21:22:10.000Z</when>
<gx:coord>-123.76961899999999 41.910619166666656 384.9</gx:coord>

<when>2026-09-23T21:22:21.000Z</when>
<gx:coord>-123.7684365 41.908563 378.1</gx:coord>

<when>2026-09-23T21:22:32.000Z</when>
<gx:coord>-123.76830999999999 41.906288499999995 371.1</gx:coord>

<when>2026-09-23T21:22:43.000Z</when>
<gx:coord>-123.76869316666668 41.90384983333333 360.6</gx:coord>

<when>2026-09-23T21:22:54.000Z</when>
<gx:coord>-123.76848433333335 41.90147133333333 355.3</gx:coord>

<when>2026-09-23T21:23:05.000Z</when>
<gx:coord>-123.76964116666667 41.89959716666667 353.1</gx:coord>

<when>2026-09-23T21:23:16.000Z</when>
<gx:coord>-123.77163166666666 41.898085666666674 352.5</gx:coord>

<when>2026-09-23T21:23:27.000Z</when>
<gx:coord>-123.77405083333333 41.89744266666666 352.6</gx:coord>

<when>2026-09-23T21:23:38.000Z</when>
<gx:coord>-123.77632399999999 41.89674166666667 344.5</gx:coord>

<when>2026-09-23T21:23:49.000Z</when>
<gx:coord>-123.77787783333333 41.895469000000006 344.3</gx:coord>

<when>2026-09-23T21:24:00.000Z</when>
<gx:coord>-123.77987866666666 41.89507966666667 348.8</gx:coord>

<when>2026-09-23T21:24:11.000Z</when>
<gx:coord>-123.7818895 41.89490816666667 341.6</gx:coord>

<when>2026-09-23T21:24:22.000Z</when>
<gx:coord>-123.78325600000001 41.89445883333333 334.6</gx:coord>

<when>2026-09-23T21:24:33.000Z</when>
<gx:coord>-123.78496349999999 41.89470466666667 331.0</gx:coord>

<when>2026-09-23T21:24:44.000Z</when>
<gx:coord>-123.7855235 41.895874000000006 297.3</gx:coord>

<when>2026-09-23T21:24:55.000Z</when>
<gx:coord>-123.78723983333333 41.895425666666675 307.8</gx:coord>

<when>2026-09-23T21:25:06.000Z</when>
<gx:coord>-123.78909 41.89480083333333 320.0</gx:coord>

<when>2026-09-23T21:25:17.000Z</when>
<gx:coord>-123.79028616666668 41.89398116666666 320.2</gx:coord>

<when>2026-09-23T21:25:28.000Z</when>
<gx:coord>-123.79126816666667 41.89328866666666 318.2</gx:coord>

<when>2026-09-23T21:25:39.000Z</when>
<gx:coord>-123.79271500000002 41.892299 318.5</gx:coord>

<when>2026-09-23T21:25:50.000Z</when>
<gx:coord>-123.79251783333332 41.891027833333325 331.2</gx:coord>

<when>2026-09-23T21:26:01.000Z</when>
<gx:coord>-123.79225900000002 41.889794833333326 339.9</gx:coord>

<when>2026-09-23T21:26:12.000Z</when>
<gx:coord>-123.79392983333334 41.889693 350.8</gx:coord>

<when>2026-09-23T21:26:23.000Z</when>
<gx:coord>-123.79587500000001 41.889804166666664 362.0</gx:coord>

<when>2026-09-23T21:26:34.000Z</when>
<gx:coord>-123.79785666666666 41.88959716666667 362.3</gx:coord>

<when>2026-09-23T21:26:45.000Z</when>
<gx:coord>-123.79989016666666 41.88964883333333 352.1</gx:coord>

<when>2026-09-23T21:26:56.000Z</when>
<gx:coord>-123.80202200000001 41.889365 339.7</gx:coord>

<when>2026-09-23T21:27:07.000Z</when>
<gx:coord>-123.804097 41.88850633333333 323.1</gx:coord>

<when>2026-09-23T21:27:18.000Z</when>
<gx:coord>-123.80569183333334 41.88745083333333 310.0</gx:coord>

<when>2026-09-23T21:27:29.000Z</when>
<gx:coord>-123.80721100000001 41.8866095 305.6</gx:coord>

<when>2026-09-23T21:27:40.000Z</when>
<gx:coord>-123.80804683333332 41.88530349999999 294.5</gx:coord>

<when>2026-09-23T21:27:51.000Z</when>
<gx:coord>-123.80997700000002 41.884553833333335 283.2</gx:coord>

<when>2026-09-23T21:28:02.000Z</when>
<gx:coord>-123.81248016666665 41.883965 280.2</gx:coord>

<when>2026-09-23T21:28:13.000Z</when>
<gx:coord>-123.81487833333334 41.8834725 294.9</gx:coord>

<when>2026-09-23T21:28:24.000Z</when>
<gx:coord>-123.817329 41.883525999999996 296.9</gx:coord>

<when>2026-09-23T21:28:35.000Z</when>
<gx:coord>-123.81922933333333 41.88254366666667 295.2</gx:coord>

<when>2026-09-23T21:28:46.000Z</when>
<gx:coord>-123.8214885 41.88223783333333 295.2</gx:coord>

<when>2026-09-23T21:28:57.000Z</when>
<gx:coord>-123.82396883333334 41.882351 293.4</gx:coord>

<when>2026-09-23T21:29:08.000Z</when>
<gx:coord>-123.82506166666666 41.883533166666666 293.3</gx:coord>

<when>2026-09-23T21:29:19.000Z</when>
<gx:coord>-123.82656716666666 41.88362116666667 292.6</gx:coord>

<when>2026-09-23T21:29:30.000Z</when>
<gx:coord>-123.82742933333333 41.882272166666674 287.5</gx:coord>

<when>2026-09-23T21:29:41.000Z</when>
<gx:coord>-123.82736016666668 41.88192166666666 285.2</gx:coord>

<when>2026-09-23T21:31:42.000Z</when>
<gx:coord>-123.82727616666668 41.88170066666667 280.3</gx:coord>

<when>2026-09-23T21:31:53.000Z</when>
<gx:coord>-123.82703016666667 41.88095450000001 277.6</gx:coord>

<when>2026-09-23T21:32:04.000Z</when>
<gx:coord>-123.82710383333333 41.88001283333333 272.3</gx:coord>

<when>2026-09-23T21:32:15.000Z</when>
<gx:coord>-123.82724949999998 41.879077666666674 272.0</gx:coord>

<when>2026-09-23T21:32:26.000Z</when>
<gx:coord>-123.82782316666665 41.87834983333334 266.9</gx:coord>

<when>2026-09-23T21:32:37.000Z</when>
<gx:coord>-123.829264 41.87872733333334 247.6</gx:coord>

<when>2026-09-23T21:32:48.000Z</when>
<gx:coord>-123.83109933333331 41.87846066666666 250.9</gx:coord>

<when>2026-09-23T21:32:59.000Z</when>
<gx:coord>-123.83162983333335 41.87691383333334 254.2</gx:coord>

<when>2026-09-23T21:33:10.000Z</when>
<gx:coord>-123.83145066666665 41.874854500000005 254.1</gx:coord>

<when>2026-09-23T21:33:21.000Z</when>
<gx:coord>-123.83146816666667 41.872870666666664 251.6</gx:coord>

<when>2026-09-23T21:33:32.000Z</when>
<gx:coord>-123.832373 41.871246166666666 252.0</gx:coord>

<when>2026-09-23T21:33:43.000Z</when>
<gx:coord>-123.83162616666665 41.86965266666666 255.8</gx:coord>

<when>2026-09-23T21:33:54.000Z</when>
<gx:coord>-123.83265000000002 41.86842750000001 250.0</gx:coord>

<when>2026-09-23T21:34:05.000Z</when>
<gx:coord>-123.834302 41.867632666666665 246.7</gx:coord>

<when>2026-09-23T21:34:16.000Z</when>
<gx:coord>-123.83619416666667 41.86770533333333 243.0</gx:coord>

<when>2026-09-23T21:34:27.000Z</when>
<gx:coord>-123.83785433333333 41.868593499999996 239.7</gx:coord>

<when>2026-09-23T21:34:38.000Z</when>
<gx:coord>-123.838993 41.86985633333334 243.5</gx:coord>

<when>2026-09-23T21:34:49.000Z</when>
<gx:coord>-123.83927966666667 41.87153716666667 244.8</gx:coord>

<when>2026-09-23T21:35:00.000Z</when>
<gx:coord>-123.83987016666667 41.87314816666667 230.3</gx:coord>

<when>2026-09-23T21:35:11.000Z</when>
<gx:coord>-123.84098883333333 41.87456766666666 246.6</gx:coord>

<when>2026-09-23T21:35:22.000Z</when>
<gx:coord>-123.84306399999998 41.875041333333336 249.6</gx:coord>

<when>2026-09-23T21:35:33.000Z</when>
<gx:coord>-123.84469349999999 41.87373233333333 247.4</gx:coord>

<when>2026-09-23T21:35:44.000Z</when>
<gx:coord>-123.84623266666668 41.872507 244.2</gx:coord>

<when>2026-09-23T21:35:55.000Z</when>
<gx:coord>-123.84849266666667 41.871989500000005 235.7</gx:coord>

<when>2026-09-23T21:36:06.000Z</when>
<gx:coord>-123.85083083333332 41.871793 232.6</gx:coord>

<when>2026-09-23T21:36:17.000Z</when>
<gx:coord>-123.85301116666666 41.87145633333333 229.3</gx:coord>

<when>2026-09-23T21:36:28.000Z</when>
<gx:coord>-123.85410866666668 41.869870000000006 227.2</gx:coord>

<when>2026-09-23T21:36:39.000Z</when>
<gx:coord>-123.85419316666666 41.86813133333333 224.5</gx:coord>

<when>2026-09-23T21:36:50.000Z</when>
<gx:coord>-123.85514649999999 41.86639183333333 217.0</gx:coord>

<when>2026-09-23T21:37:01.000Z</when>
<gx:coord>-123.856231 41.864763333333336 214.4</gx:coord>

<when>2026-09-23T21:37:12.000Z</when>
<gx:coord>-123.85746083333333 41.86359000000001 212.8</gx:coord>

<when>2026-09-23T21:37:23.000Z</when>
<gx:coord>-123.85931983333333 41.86408733333333 216.4</gx:coord>

<when>2026-09-23T21:37:34.000Z</when>
<gx:coord>-123.8609535 41.86479299999999 219.6</gx:coord>

<when>2026-09-23T21:37:45.000Z</when>
<gx:coord>-123.86163733333333 41.86500433333334 210.6</gx:coord>

<when>2026-09-23T21:38:51.000Z</when>
<gx:coord>-123.86171016666667 41.8650015 212.8</gx:coord>

<when>2026-09-23T21:39:02.000Z</when>
<gx:coord>-123.86196 41.865038166666665 218.0</gx:coord>

<when>2026-09-23T21:39:13.000Z</when>
<gx:coord>-123.86309750000001 41.865095833333335 214.5</gx:coord>

<when>2026-09-23T21:39:24.000Z</when>
<gx:coord>-123.86435366666667 41.86465233333333 214.0</gx:coord>

<when>2026-09-23T21:39:35.000Z</when>
<gx:coord>-123.86526450000001 41.86364383333333 208.6</gx:coord>

<when>2026-09-23T21:39:46.000Z</when>
<gx:coord>-123.8671205 41.8628205 204.9</gx:coord>

<when>2026-09-23T21:39:57.000Z</when>
<gx:coord>-123.86931233333334 41.86187466666667 210.8</gx:coord>

<when>2026-09-23T21:40:08.000Z</when>
<gx:coord>-123.87178800000001 41.861124000000004 212.4</gx:coord>

<when>2026-09-23T21:40:19.000Z</when>
<gx:coord>-123.87395 41.85978333333334 210.5</gx:coord>

<when>2026-09-23T21:40:30.000Z</when>
<gx:coord>-123.87650516666666 41.858906499999996 200.6</gx:coord>

<when>2026-09-23T21:40:41.000Z</when>
<gx:coord>-123.87967466666666 41.85888866666666 197.6</gx:coord>

<when>2026-09-23T21:40:52.000Z</when>
<gx:coord>-123.88267833333333 41.85839583333333 200.1</gx:coord>

<when>2026-09-23T21:41:03.000Z</when>
<gx:coord>-123.88566083333332 41.85773716666666 198.2</gx:coord>

<when>2026-09-23T21:41:14.000Z</when>
<gx:coord>-123.88855 41.857075833333326 200.2</gx:coord>

<when>2026-09-23T21:41:25.000Z</when>
<gx:coord>-123.89095933333334 41.85574616666666 197.3</gx:coord>

<when>2026-09-23T21:41:36.000Z</when>
<gx:coord>-123.89297450000001 41.853958666666664 188.3</gx:coord>

<when>2026-09-23T21:41:47.000Z</when>
<gx:coord>-123.8957575 41.852977833333334 180.9</gx:coord>

<when>2026-09-23T21:41:58.000Z</when>
<gx:coord>-123.89895083333334 41.85264833333334 178.0</gx:coord>

<when>2026-09-23T21:42:09.000Z</when>
<gx:coord>-123.90199 41.85203750000001 178.5</gx:coord>

<when>2026-09-23T21:42:20.000Z</when>
<gx:coord>-123.90467116666666 41.85106633333333 182.2</gx:coord>

<when>2026-09-23T21:42:31.000Z</when>
<gx:coord>-123.90718533333332 41.84970866666666 177.1</gx:coord>

<when>2026-09-23T21:42:42.000Z</when>
<gx:coord>-123.90992633333332 41.84895383333334 172.2</gx:coord>

<when>2026-09-23T21:42:53.000Z</when>
<gx:coord>-123.91288600000001 41.848607333333334 166.7</gx:coord>

<when>2026-09-23T21:43:04.000Z</when>
<gx:coord>-123.915182 41.847159833333336 162.8</gx:coord>

<when>2026-09-23T21:43:15.000Z</when>
<gx:coord>-123.91744566666667 41.845844166666666 164.6</gx:coord>

<when>2026-09-23T21:43:26.000Z</when>
<gx:coord>-123.92036283333333 41.84532816666667 162.0</gx:coord>

<when>2026-09-23T21:43:37.000Z</when>
<gx:coord>-123.92354033333335 41.84478716666668 159.0</gx:coord>

<when>2026-09-23T21:43:48.000Z</when>
<gx:coord>-123.92657749999998 41.843976833333336 165.6</gx:coord>

<when>2026-09-23T21:43:59.000Z</when>
<gx:coord>-123.92898050000001 41.842694 168.9</gx:coord>

<when>2026-09-23T21:44:10.000Z</when>
<gx:coord>-123.93111249999998 41.84107733333334 171.6</gx:coord>

<when>2026-09-23T21:44:21.000Z</when>
<gx:coord>-123.9334195 41.83939650000001 164.8</gx:coord>

<when>2026-09-23T21:44:32.000Z</when>
<gx:coord>-123.93611566666665 41.837989 151.5</gx:coord>

<when>2026-09-23T21:44:43.000Z</when>
<gx:coord>-123.939005 41.836668833333334 143.5</gx:coord>

<when>2026-09-23T21:44:54.000Z</when>
<gx:coord>-123.94231983333333 41.83631416666667 144.7</gx:coord>

<when>2026-09-23T21:45:05.000Z</when>
<gx:coord>-123.94551150000001 41.836945 146.8</gx:coord>

<when>2026-09-23T21:45:16.000Z</when>
<gx:coord>-123.94847916666667 41.837682166666674 144.0</gx:coord>

<when>2026-09-23T21:45:27.000Z</when>
<gx:coord>-123.95094150000001 41.839264 123.9</gx:coord>

<when>2026-09-23T21:45:38.000Z</when>
<gx:coord>-123.95354316666665 41.84084166666666 125.1</gx:coord>

<when>2026-09-23T21:45:49.000Z</when>
<gx:coord>-123.956581 41.84173216666667 127.6</gx:coord>

<when>2026-09-23T21:46:00.000Z</when>
<gx:coord>-123.959579 41.84255983333334 129.1</gx:coord>

<when>2026-09-23T21:46:11.000Z</when>
<gx:coord>-123.96258766666666 41.843535833333334 123.8</gx:coord>

<when>2026-09-23T21:46:22.000Z</when>
<gx:coord>-123.96557499999999 41.84445083333333 115.7</gx:coord>

<when>2026-09-23T21:46:33.000Z</when>
<gx:coord>-123.96838616666668 41.8452685 109.5</gx:coord>

<when>2026-09-23T21:46:44.000Z</when>
<gx:coord>-123.9712375 41.84537933333333 108.6</gx:coord>

<when>2026-09-23T21:46:55.000Z</when>
<gx:coord>-123.97420933333333 41.84539983333334 107.3</gx:coord>

<when>2026-09-23T21:47:06.000Z</when>
<gx:coord>-123.97717200000001 41.845392499999996 105.5</gx:coord>

<when>2026-09-23T21:47:17.000Z</when>
<gx:coord>-123.98024683333333 41.84527083333334 103.6</gx:coord>

<when>2026-09-23T21:47:28.000Z</when>
<gx:coord>-123.98327300000001 41.84466916666667 106.4</gx:coord>

<when>2026-09-23T21:47:39.000Z</when>
<gx:coord>-123.98623549999999 41.84373866666667 102.8</gx:coord>

<when>2026-09-23T21:47:50.000Z</when>
<gx:coord>-123.98915183333332 41.842814 100.3</gx:coord>

<when>2026-09-23T21:48:01.000Z</when>
<gx:coord>-123.9921985 41.84230816666666 95.6</gx:coord>

<when>2026-09-23T21:48:12.000Z</when>
<gx:coord>-123.99543466666667 41.8422255 91.2</gx:coord>

<when>2026-09-23T21:48:23.000Z</when>
<gx:coord>-123.99848266666667 41.842519333333335 90.0</gx:coord>

<when>2026-09-23T21:48:34.000Z</when>
<gx:coord>-124.00134083333333 41.84317599999999 86.6</gx:coord>

<when>2026-09-23T21:48:45.000Z</when>
<gx:coord>-124.00412399999999 41.84346666666667 88.2</gx:coord>

<when>2026-09-23T21:48:56.000Z</when>
<gx:coord>-124.00659616666665 41.843395166666674 96.9</gx:coord>

<when>2026-09-23T21:49:07.000Z</when>
<gx:coord>-124.00862183333332 41.84249166666667 97.6</gx:coord>

<when>2026-09-23T21:49:18.000Z</when>
<gx:coord>-124.01104633333334 41.842246333333335 93.8</gx:coord>

<when>2026-09-23T21:49:29.000Z</when>
<gx:coord>-124.01349183333332 41.84259999999999 98.3</gx:coord>

<when>2026-09-23T21:49:40.000Z</when>
<gx:coord>-124.01548966666665 41.84309116666667 103.0</gx:coord>

<when>2026-09-23T21:49:51.000Z</when>
<gx:coord>-124.01750750000001 41.84376583333333 108.0</gx:coord>

<when>2026-09-23T21:50:02.000Z</when>
<gx:coord>-124.0197415 41.843754999999994 109.8</gx:coord>

<when>2026-09-23T21:50:13.000Z</when>
<gx:coord>-124.02177433333333 41.8434055 111.1</gx:coord>

<when>2026-09-23T21:50:24.000Z</when>
<gx:coord>-124.0225285 41.842199666666666 101.0</gx:coord>

<when>2026-09-23T21:50:35.000Z</when>
<gx:coord>-124.02285733333335 41.84072866666667 92.2</gx:coord>

<when>2026-09-23T21:50:46.000Z</when>
<gx:coord>-124.02410300000001 41.83948383333333 70.3</gx:coord>

<when>2026-09-23T21:50:57.000Z</when>
<gx:coord>-124.02603133333332 41.83920383333334 78.0</gx:coord>

<when>2026-09-23T21:51:08.000Z</when>
<gx:coord>-124.02788933333335 41.83934899999999 84.5</gx:coord>

<when>2026-09-23T21:51:19.000Z</when>
<gx:coord>-124.02981416666668 41.83910133333334 84.4</gx:coord>

<when>2026-09-23T21:51:39.000Z</when>
<gx:coord>-124.03316416666667 41.839482333333336 66.2</gx:coord>

<when>2026-09-23T21:51:50.000Z</when>
<gx:coord>-124.03518183333333 41.83920499999999 64.7</gx:coord>

<when>2026-09-23T21:52:01.000Z</when>
<gx:coord>-124.03623666666665 41.837805499999995 76.6</gx:coord>

<when>2026-09-23T21:52:13.000Z</when>
<gx:coord>-124.03643466666666 41.83590933333333 75.0</gx:coord>

<when>2026-09-23T21:52:24.000Z</when>
<gx:coord>-124.03617916666666 41.83423833333333 84.8</gx:coord>

<when>2026-09-23T21:52:35.000Z</when>
<gx:coord>-124.03560549999999 41.83268816666667 85.3</gx:coord>

<when>2026-09-23T21:52:46.000Z</when>
<gx:coord>-124.0348235 41.831059 84.4</gx:coord>

<when>2026-09-23T21:52:57.000Z</when>
<gx:coord>-124.03305283333333 41.83016183333334 80.8</gx:coord>

<when>2026-09-23T21:53:08.000Z</when>
<gx:coord>-124.03186116666666 41.82934483333334 63.1</gx:coord>

<when>2026-09-23T21:53:20.000Z</when>
<gx:coord>-124.03222666666667 41.827294 52.5</gx:coord>

<when>2026-09-23T21:53:31.000Z</when>
<gx:coord>-124.03223600000001 41.82556666666666 47.3</gx:coord>

<when>2026-09-23T21:53:42.000Z</when>
<gx:coord>-124.03166016666667 41.824203000000004 39.8</gx:coord>

<when>2026-09-23T21:53:53.000Z</when>
<gx:coord>-124.03168333333333 41.82383633333334 40.6</gx:coord>

<when>2026-09-23T21:54:04.000Z</when>
<gx:coord>-124.03162599999999 41.82368983333334 70.8</gx:coord>

<when>2026-09-23T21:54:15.000Z</when>
<gx:coord>-124.03160266666667 41.82336166666667 71.7</gx:coord>

<when>2026-09-23T21:54:26.000Z</when>
<gx:coord>-124.03212116666667 41.82267266666666 61.0</gx:coord>

<when>2026-09-23T21:54:45.000Z</when>
<gx:coord>-124.03468149999999 41.8221665 40.1</gx:coord>

<when>2026-09-23T22:28:38.000Z</when>
<gx:coord>-124.05691066666668 41.800136499999994 0.0</gx:coord>

<when>2026-09-23T22:39:10.000Z</when>
<gx:coord>-124.15086816666665 41.80155633333334 18.9</gx:coord>

<when>2026-09-23T22:39:21.000Z</when>
<gx:coord>-124.15239633333334 41.79934 20.6</gx:coord>

<when>2026-09-23T22:39:32.000Z</when>
<gx:coord>-124.15427033333332 41.79728333333334 18.0</gx:coord>

<when>2026-09-23T22:39:43.000Z</when>
<gx:coord>-124.15676266666667 41.79551283333333 15.1</gx:coord>

<when>2026-09-23T22:39:54.000Z</when>
<gx:coord>-124.15944966666666 41.793708833333326 13.9</gx:coord>

<when>2026-09-23T22:40:05.000Z</when>
<gx:coord>-124.16218616666666 41.791866666666664 15.2</gx:coord>

<when>2026-09-23T22:40:16.000Z</when>
<gx:coord>-124.16493716666668 41.79001 16.3</gx:coord>

<when>2026-09-23T22:40:27.000Z</when>
<gx:coord>-124.167628 41.78818566666667 16.9</gx:coord>

<when>2026-09-23T22:40:38.000Z</when>
<gx:coord>-124.17031283333333 41.786367999999996 17.9</gx:coord>

<when>2026-09-23T22:40:49.000Z</when>
<gx:coord>-124.17304583333335 41.78452366666667 18.8</gx:coord>

<when>2026-09-23T22:41:00.000Z</when>
<gx:coord>-124.17580666666666 41.78265916666666 17.6</gx:coord>

<when>2026-09-23T22:41:11.000Z</when>
<gx:coord>-124.17860450000002 41.78076666666666 16.8</gx:coord>

<when>2026-09-23T22:41:22.000Z</when>
<gx:coord>-124.18143916666668 41.778843666666674 15.4</gx:coord>

<when>2026-09-23T22:41:33.000Z</when>
<gx:coord>-124.1842325 41.776944 15.3</gx:coord>

<when>2026-09-23T22:41:44.000Z</when>
<gx:coord>-124.18661583333332 41.77473133333333 14.1</gx:coord>

<when>2026-09-23T22:41:55.000Z</when>
<gx:coord>-124.18800966666667 41.772035499999994 10.8</gx:coord>

<when>2026-09-23T22:42:06.000Z</when>
<gx:coord>-124.18975333333334 41.769535 10.4</gx:coord>

<when>2026-09-23T22:42:17.000Z</when>
<gx:coord>-124.19193449999999 41.76785466666667 12.1</gx:coord>

<when>2026-09-23T22:42:28.000Z</when>
<gx:coord>-124.19368000000001 41.766678333333324 13.9</gx:coord>

<when>2026-09-23T22:42:39.000Z</when>
<gx:coord>-124.19529616666665 41.76541816666666 14.3</gx:coord>

<when>2026-09-23T22:42:50.000Z</when>
<gx:coord>-124.19642350000001 41.764165999999996 13.2</gx:coord>

<when>2026-09-23T22:43:01.000Z</when>
<gx:coord>-124.19721333333334 41.76294333333333 12.4</gx:coord>

<when>2026-09-23T22:43:12.000Z</when>
<gx:coord>-124.19756299999999 41.76204316666667 9.8</gx:coord>

<when>2026-09-23T22:43:23.000Z</when>
<gx:coord>-124.19783149999999 41.76091666666666 6.6</gx:coord>

<when>2026-09-23T22:43:34.000Z</when>
<gx:coord>-124.19800666666667 41.75966816666667 5.4</gx:coord>

<when>2026-09-23T22:43:45.000Z</when>
<gx:coord>-124.19812433333333 41.75870799999999 8.2</gx:coord>

<when>2026-09-23T22:43:56.000Z</when>
<gx:coord>-124.19788949999999 41.75789199999999 9.9</gx:coord>

<when>2026-09-23T22:44:07.000Z</when>
<gx:coord>-124.19711333333335 41.757067000000006 10.2</gx:coord>

<when>2026-09-23T22:44:18.000Z</when>
<gx:coord>-124.19633133333333 41.75623833333334 8.4</gx:coord>

<when>2026-09-23T22:44:29.000Z</when>
<gx:coord>-124.19592733333333 41.75583199999999 6.4</gx:coord>

<when>2026-09-23T22:44:40.000Z</when>
<gx:coord>-124.19578633333334 41.75568366666666 7.8</gx:coord>

<when>2026-09-23T22:44:51.000Z</when>
<gx:coord>-124.19515799999999 41.755016999999995 6.8</gx:coord>

<when>2026-09-23T22:45:02.000Z</when>
<gx:coord>-124.19437366666668 41.75419283333334 4.9</gx:coord>

<when>2026-09-23T22:45:13.000Z</when>
<gx:coord>-124.19358616666665 41.75336566666667 3.9</gx:coord>

<when>2026-09-23T22:45:24.000Z</when>
<gx:coord>-124.1927515 41.75257866666667 2.2</gx:coord>

<when>2026-09-23T22:45:35.000Z</when>
<gx:coord>-124.19146266666667 41.752879666666665 2.4</gx:coord>

<when>2026-09-23T22:45:46.000Z</when>
<gx:coord>-124.18982616666666 41.7530775 2.7</gx:coord>

<when>2026-09-23T22:45:57.000Z</when>
<gx:coord>-124.1878155 41.752643500000005 2.9</gx:coord>

<when>2026-09-23T22:46:08.000Z</when>
<gx:coord>-124.18637516666668 41.752343833333335 0.0</gx:coord>

<when>2026-09-23T22:46:19.000Z</when>
<gx:coord>-124.18612083333333 41.75228416666667 -0.2</gx:coord>

<when>2026-09-23T22:46:41.000Z</when>
<gx:coord>-124.18577400000001 41.75221216666667 2.4</gx:coord>

<when>2026-09-23T22:46:52.000Z</when>
<gx:coord>-124.184488 41.75184116666666 3.2</gx:coord>

<when>2026-09-23T22:47:03.000Z</when>
<gx:coord>-124.18318316666667 41.750915333333324 1.7</gx:coord>

<when>2026-09-23T22:47:14.000Z</when>
<gx:coord>-124.1817375 41.74986366666667 0.2</gx:coord>

<when>2026-09-23T22:47:25.000Z</when>
<gx:coord>-124.18012166666668 41.748664833333336 -0.5</gx:coord>

<when>2026-09-23T22:47:36.000Z</when>
<gx:coord>-124.17829233333332 41.74731166666667 -0.7</gx:coord>

<when>2026-09-23T22:47:47.000Z</when>
<gx:coord>-124.17638550000001 41.745940000000004 0.0</gx:coord>

<when>2026-09-23T22:47:58.000Z</when>
<gx:coord>-124.17401783333335 41.74496366666667 1.1</gx:coord>

<when>2026-09-23T22:48:09.000Z</when>
<gx:coord>-124.17156716666665 41.74419366666666 0.8</gx:coord>

<when>2026-09-23T22:48:20.000Z</when>
<gx:coord>-124.16918166666667 41.743297500000004 2.0</gx:coord>

<when>2026-09-23T22:48:31.000Z</when>
<gx:coord>-124.16682466666667 41.74217883333334 1.5</gx:coord>

<when>2026-09-23T22:48:42.000Z</when>
<gx:coord>-124.16432033333334 41.740979 1.9</gx:coord>

<when>2026-09-23T22:48:53.000Z</when>
<gx:coord>-124.1618065 41.73974333333334 1.4</gx:coord>

<when>2026-09-23T22:49:04.000Z</when>
<gx:coord>-124.15924183333333 41.738546 1.9</gx:coord>

<when>2026-09-23T22:49:15.000Z</when>
<gx:coord>-124.15667066666668 41.7373165 3.1</gx:coord>

<when>2026-09-23T22:49:26.000Z</when>
<gx:coord>-124.15412466666666 41.736101999999995 5.0</gx:coord>

<when>2026-09-23T22:49:37.000Z</when>
<gx:coord>-124.1516525 41.7349205 12.2</gx:coord>

<when>2026-09-23T22:49:48.000Z</when>
<gx:coord>-124.14923583333332 41.733763333333336 21.8</gx:coord>

<when>2026-09-23T22:49:59.000Z</when>
<gx:coord>-124.14720933333335 41.73251416666667 36.2</gx:coord>

<when>2026-09-23T22:50:10.000Z</when>
<gx:coord>-124.14582666666665 41.73125216666667 34.1</gx:coord>

<when>2026-09-23T22:50:21.000Z</when>
<gx:coord>-124.14458 41.730172666666675 38.1</gx:coord>

<when>2026-09-23T22:50:32.000Z</when>
<gx:coord>-124.143581 41.729077499999995 35.9</gx:coord>

<when>2026-09-23T22:50:43.000Z</when>
<gx:coord>-124.14277750000001 41.72786366666666 51.5</gx:coord>

<when>2026-09-23T22:50:54.000Z</when>
<gx:coord>-124.14223816666666 41.726650166666666 59.2</gx:coord>

<when>2026-09-23T22:51:05.000Z</when>
<gx:coord>-124.14159316666668 41.725421833333336 72.6</gx:coord>

<when>2026-09-23T22:51:16.000Z</when>
<gx:coord>-124.14046549999999 41.72439133333334 89.1</gx:coord>

<when>2026-09-23T22:51:27.000Z</when>
<gx:coord>-124.13939416666666 41.723354500000006 104.8</gx:coord>

<when>2026-09-23T22:51:38.000Z</when>
<gx:coord>-124.13879399999999 41.722132166666675 121.4</gx:coord>

<when>2026-09-23T22:51:49.000Z</when>
<gx:coord>-124.138299 41.720860666666674 132.6</gx:coord>

<when>2026-09-23T22:52:00.000Z</when>
<gx:coord>-124.13777083333335 41.719599833333326 144.5</gx:coord>

<when>2026-09-23T22:52:11.000Z</when>
<gx:coord>-124.13729116666667 41.71827783333333 153.3</gx:coord>

<when>2026-09-23T22:52:22.000Z</when>
<gx:coord>-124.13671066666666 41.71706900000001 163.7</gx:coord>

<when>2026-09-23T22:52:33.000Z</when>
<gx:coord>-124.13593083333332 41.71589533333334 168.9</gx:coord>

<when>2026-09-23T22:52:44.000Z</when>
<gx:coord>-124.13567266666665 41.71475133333333 177.3</gx:coord>

<when>2026-09-23T22:52:55.000Z</when>
<gx:coord>-124.13466199999999 41.71384033333334 175.4</gx:coord>

<when>2026-09-23T22:53:06.000Z</when>
<gx:coord>-124.13310083333333 41.713395999999996 183.1</gx:coord>

<when>2026-09-23T22:53:17.000Z</when>
<gx:coord>-124.13132599999999 41.71314616666667 194.6</gx:coord>

<when>2026-09-23T22:53:28.000Z</when>
<gx:coord>-124.13002399999999 41.71239516666666 202.8</gx:coord>

<when>2026-09-23T22:53:39.000Z</when>
<gx:coord>-124.12907716666665 41.71137066666667 212.3</gx:coord>

<when>2026-09-23T22:53:53.000Z</when>
<gx:coord>-124.12745183333332 41.71052266666667 216.8</gx:coord>

<when>2026-09-23T22:54:04.000Z</when>
<gx:coord>-124.127974 41.70957416666667 223.3</gx:coord>

<when>2026-09-23T22:54:15.000Z</when>
<gx:coord>-124.12947216666667 41.70950533333333 245.6</gx:coord>

<when>2026-09-23T22:54:26.000Z</when>
<gx:coord>-124.13103299999999 41.708930499999994 267.4</gx:coord>

<when>2026-09-23T22:54:37.000Z</when>
<gx:coord>-124.1314245 41.708475 283.3</gx:coord>

<when>2026-09-23T22:54:59.000Z</when>
<gx:coord>-124.131383 41.708418 306.0</gx:coord>

<when>2026-09-23T22:55:10.000Z</when>
<gx:coord>-124.13134366666667 41.708372666666676 317.0</gx:coord>

<when>2026-09-23T23:21:16.000Z</when>
<gx:coord>-124.09734783333333 41.59290416666666 -4.2</gx:coord>

<when>2026-09-23T23:22:26.000Z</when>
<gx:coord>-124.08657816666667 41.58379433333333 -50.6</gx:coord>

<when>2026-09-23T23:22:37.000Z</when>
<gx:coord>-124.084063 41.58326616666667 -40.8</gx:coord>

<when>2026-09-23T23:22:48.000Z</when>
<gx:coord>-124.08168133333332 41.58235733333333 -22.4</gx:coord>

<when>2026-09-23T23:22:59.000Z</when>
<gx:coord>-124.07935666666665 41.58107383333333 -10.8</gx:coord>

<when>2026-09-23T23:23:10.000Z</when>
<gx:coord>-124.077344 41.5795725 -0.3</gx:coord>

<when>2026-09-23T23:23:21.000Z</when>
<gx:coord>-124.07524033333333 41.57806283333333 -3.9</gx:coord>

<when>2026-09-23T23:23:32.000Z</when>
<gx:coord>-124.07365166666665 41.57609416666666 1.6</gx:coord>

<when>2026-09-23T23:23:43.000Z</when>
<gx:coord>-124.07237116666666 41.57394466666666 10.1</gx:coord>

<when>2026-09-23T23:23:54.000Z</when>
<gx:coord>-124.07118216666667 41.571792 10.0</gx:coord>

<when>2026-09-23T23:24:05.000Z</when>
<gx:coord>-124.069865 41.56954533333332 8.5</gx:coord>

<when>2026-09-23T23:24:16.000Z</when>
<gx:coord>-124.06863633333333 41.5674005 10.0</gx:coord>

<when>2026-09-23T23:24:27.000Z</when>
<gx:coord>-124.06750383333335 41.5653095 8.0</gx:coord>

<when>2026-09-23T23:24:39.000Z</when>
<gx:coord>-124.065462 41.563427000000004 7.5</gx:coord>

<when>2026-09-23T23:24:50.000Z</when>
<gx:coord>-124.063274 41.56197099999999 5.9</gx:coord>

<when>2026-09-23T23:25:01.000Z</when>
<gx:coord>-124.06137333333332 41.56022166666666 3.4</gx:coord>

<when>2026-09-23T23:25:12.000Z</when>
<gx:coord>-124.05943316666665 41.558428500000005 3.4</gx:coord>

<when>2026-09-23T23:25:23.000Z</when>
<gx:coord>-124.05751083333334 41.55662099999999 0.2</gx:coord>

<when>2026-09-23T23:25:34.000Z</when>
<gx:coord>-124.05563150000002 41.554717333333336 -0.8</gx:coord>

<when>2026-09-23T23:25:45.000Z</when>
<gx:coord>-124.05452983333335 41.552400500000005 2.5</gx:coord>

<when>2026-09-23T23:25:56.000Z</when>
<gx:coord>-124.05328066666668 41.550191833333336 7.4</gx:coord>

<when>2026-09-23T23:26:07.000Z</when>
<gx:coord>-124.052517 41.547958666666666 6.1</gx:coord>

<when>2026-09-23T23:26:18.000Z</when>
<gx:coord>-124.0518395 41.545637000000006 2.6</gx:coord>

<when>2026-09-23T23:26:29.000Z</when>
<gx:coord>-124.05112466666667 41.543317166666675 4.5</gx:coord>

<when>2026-09-23T23:26:40.000Z</when>
<gx:coord>-124.0501285 41.541033166666665 6.1</gx:coord>

<when>2026-09-23T23:26:51.000Z</when>
<gx:coord>-124.04904583333334 41.53870816666666 8.6</gx:coord>

<when>2026-09-23T23:27:02.000Z</when>
<gx:coord>-124.04731799999999 41.536732 13.9</gx:coord>

<when>2026-09-23T23:27:13.000Z</when>
<gx:coord>-124.04530950000002 41.5347505 12.6</gx:coord>

<when>2026-09-23T23:27:24.000Z</when>
<gx:coord>-124.04327683333334 41.53270083333334 13.4</gx:coord>

<when>2026-09-23T23:27:35.000Z</when>
<gx:coord>-124.04131716666667 41.53077233333333 12.4</gx:coord>

<when>2026-09-23T23:27:46.000Z</when>
<gx:coord>-124.0393005 41.52880149999999 13.1</gx:coord>

<when>2026-09-23T23:27:57.000Z</when>
<gx:coord>-124.037226 41.52678666666667 13.1</gx:coord>

<when>2026-09-23T23:28:08.000Z</when>
<gx:coord>-124.03522149999999 41.52471533333334 12.5</gx:coord>

<when>2026-09-23T23:28:19.000Z</when>
<gx:coord>-124.03378749999999 41.522428000000005 14.3</gx:coord>

<when>2026-09-23T23:28:30.000Z</when>
<gx:coord>-124.03239550000002 41.520133666666666 15.9</gx:coord>

<when>2026-09-23T23:28:41.000Z</when>
<gx:coord>-124.03103183333333 41.517854333333325 17.4</gx:coord>

<when>2026-09-23T23:28:52.000Z</when>
<gx:coord>-124.0297105 41.51564583333334 18.2</gx:coord>

<when>2026-09-23T23:29:03.000Z</when>
<gx:coord>-124.02859616666667 41.51358066666667 19.2</gx:coord>

<when>2026-09-23T23:29:14.000Z</when>
<gx:coord>-124.0286905 41.511435666666664 15.7</gx:coord>

<when>2026-09-23T23:29:25.000Z</when>
<gx:coord>-124.03025116666667 41.50951983333333 13.0</gx:coord>

<when>2026-09-23T23:29:36.000Z</when>
<gx:coord>-124.031826 41.50758316666667 13.8</gx:coord>

<when>2026-09-23T23:29:47.000Z</when>
<gx:coord>-124.03249650000001 41.50544316666666 11.7</gx:coord>

<when>2026-09-23T23:29:59.000Z</when>
<gx:coord>-124.03306066666667 41.50311750000001 14.8</gx:coord>

<when>2026-09-23T23:30:10.000Z</when>
<gx:coord>-124.03454866666668 41.50139416666666 22.5</gx:coord>

<when>2026-09-23T23:30:21.000Z</when>
<gx:coord>-124.036755 41.500150500000004 25.5</gx:coord>

<when>2026-09-23T23:30:32.000Z</when>
<gx:coord>-124.03901900000001 41.49888516666667 29.9</gx:coord>

<when>2026-09-23T23:30:43.000Z</when>
<gx:coord>-124.04129283333332 41.497539499999995 46.4</gx:coord>

<when>2026-09-23T23:30:54.000Z</when>
<gx:coord>-124.04334050000001 41.4960295 49.6</gx:coord>

<when>2026-09-23T23:31:07.000Z</when>
<gx:coord>-124.04447816666668 41.493609166666666 56.0</gx:coord>

<when>2026-09-23T23:31:39.000Z</when>
<gx:coord>-124.04880783333334 41.48941583333333 89.5</gx:coord>

<when>2026-09-23T23:31:50.000Z</when>
<gx:coord>-124.04994616666666 41.48798033333334 96.1</gx:coord>

<when>2026-09-23T23:32:01.000Z</when>
<gx:coord>-124.05085366666665 41.48654883333334 106.3</gx:coord>

<when>2026-09-23T23:32:12.000Z</when>
<gx:coord>-124.05100883333334 41.484975 126.3</gx:coord>

<when>2026-09-23T23:32:23.000Z</when>
<gx:coord>-124.050804 41.483508833333325 126.7</gx:coord>

<when>2026-09-23T23:32:34.000Z</when>
<gx:coord>-124.05000899999999 41.482077499999995 134.9</gx:coord>

<when>2026-09-23T23:32:45.000Z</when>
<gx:coord>-124.049009 41.48041583333334 142.1</gx:coord>

<when>2026-09-23T23:32:56.000Z</when>
<gx:coord>-124.047984 41.47864566666667 134.1</gx:coord>

<when>2026-09-23T23:33:07.000Z</when>
<gx:coord>-124.04663183333332 41.47671933333333 126.1</gx:coord>

<when>2026-09-23T23:33:19.000Z</when>
<gx:coord>-124.04466033333334 41.47477966666667 121.4</gx:coord>

<when>2026-09-23T23:33:30.000Z</when>
<gx:coord>-124.04335100000002 41.47281066666666 115.9</gx:coord>

<when>2026-09-23T23:33:41.000Z</when>
<gx:coord>-124.04204800000001 41.470781833333334 104.0</gx:coord>

<when>2026-09-23T23:34:01.000Z</when>
<gx:coord>-124.0400825 41.4672985 115.7</gx:coord>

<when>2026-09-23T23:34:12.000Z</when>
<gx:coord>-124.03983083333333 41.46644183333333 123.3</gx:coord>

<when>2026-09-23T23:34:23.000Z</when>
<gx:coord>-124.04029833333334 41.46598883333333 125.9</gx:coord>

<when>2026-09-23T23:34:34.000Z</when>
<gx:coord>-124.04127650000001 41.46530883333333 126.2</gx:coord>

<when>2026-09-23T23:35:04.000Z</when>
<gx:coord>-124.04443250000001 41.46311866666667 131.9</gx:coord>

<when>2026-09-23T23:35:36.000Z</when>
<gx:coord>-124.04732166666666 41.46009583333333 143.3</gx:coord>

<when>2026-09-23T23:35:47.000Z</when>
<gx:coord>-124.04730116666666 41.45867383333333 159.5</gx:coord>

<when>2026-09-23T23:35:58.000Z</when>
<gx:coord>-124.04603333333334 41.45756216666667 164.3</gx:coord>

<when>2026-09-23T23:36:20.000Z</when>
<gx:coord>-124.044074 41.45516666666667 193.0</gx:coord>

<when>2026-09-23T23:36:31.000Z</when>
<gx:coord>-124.04334866666667 41.45390933333333 211.0</gx:coord>

<when>2026-09-23T23:36:42.000Z</when>
<gx:coord>-124.04255183333335 41.452702 225.1</gx:coord>

<when>2026-09-23T23:36:53.000Z</when>
<gx:coord>-124.04150200000001 41.45181133333334 230.1</gx:coord>

<when>2026-09-23T23:37:04.000Z</when>
<gx:coord>-124.039697 41.4516875 233.9</gx:coord>

<when>2026-09-23T23:37:15.000Z</when>
<gx:coord>-124.03904033333335 41.45069783333334 243.3</gx:coord>

<when>2026-09-23T23:37:26.000Z</when>
<gx:coord>-124.03881000000001 41.44944366666667 265.5</gx:coord>

<when>2026-09-23T23:37:37.000Z</when>
<gx:coord>-124.03900616666667 41.44824933333333 270.3</gx:coord>

<when>2026-09-23T23:37:50.000Z</when>
<gx:coord>-124.03985816666666 41.447053000000004 265.3</gx:coord>

<when>2026-09-23T23:38:13.000Z</when>
<gx:coord>-124.04124683333333 41.444627833333335 255.0</gx:coord>

<when>2026-09-23T23:38:24.000Z</when>
<gx:coord>-124.04124150000001 41.44320433333334 248.3</gx:coord>

<when>2026-09-23T23:38:44.000Z</when>
<gx:coord>-124.04166716666666 41.44032116666667 216.5</gx:coord>

<when>2026-09-23T23:38:55.000Z</when>
<gx:coord>-124.04117066666667 41.43885466666667 199.7</gx:coord>

<when>2026-09-23T23:39:08.000Z</when>
<gx:coord>-124.0408015 41.4372095 178.3</gx:coord>

<when>2026-09-23T23:39:19.000Z</when>
<gx:coord>-124.040656 41.435653 170.1</gx:coord>

<when>2026-09-23T23:39:30.000Z</when>
<gx:coord>-124.0401365 41.4343845 150.2</gx:coord>

<when>2026-09-23T23:39:46.000Z</when>
<gx:coord>-124.039273 41.432279 142.2</gx:coord>

<when>2026-09-23T23:40:11.000Z</when>
<gx:coord>-124.03784683333333 41.42864933333333 141.1</gx:coord>

<when>2026-09-23T23:40:22.000Z</when>
<gx:coord>-124.03721616666665 41.427015 145.2</gx:coord>

<when>2026-09-23T23:40:34.000Z</when>
<gx:coord>-124.03670133333331 41.42512883333334 142.9</gx:coord>

<when>2026-09-23T23:40:59.000Z</when>
<gx:coord>-124.03505116666665 41.421645166666664 121.4</gx:coord>

<when>2026-09-23T23:41:14.000Z</when>
<gx:coord>-124.03427850000001 41.41945783333334 120.2</gx:coord>

<when>2026-09-23T23:41:37.000Z</when>
<gx:coord>-124.03241000000001 41.416267 107.2</gx:coord>

<when>2026-09-23T23:41:48.000Z</when>
<gx:coord>-124.03200883333332 41.41452416666666 120.3</gx:coord>

<when>2026-09-23T23:42:23.000Z</when>
<gx:coord>-124.0308575 41.40921483333333 135.9</gx:coord>

<when>2026-09-23T23:42:34.000Z</when>
<gx:coord>-124.030504 41.407545666666664 130.0</gx:coord>

<when>2026-09-23T23:42:45.000Z</when>
<gx:coord>-124.02986366666667 41.40590616666667 126.6</gx:coord>

<when>2026-09-23T23:42:56.000Z</when>
<gx:coord>-124.02940316666667 41.4044655 105.7</gx:coord>

<when>2026-09-23T23:43:07.000Z</when>
<gx:coord>-124.028833 41.402972166666665 87.6</gx:coord>

<when>2026-09-23T23:43:18.000Z</when>
<gx:coord>-124.02810816666667 41.401128666666665 84.4</gx:coord>

<when>2026-09-23T23:43:29.000Z</when>
<gx:coord>-124.02687149999998 41.39947683333333 89.1</gx:coord>

<when>2026-09-23T23:43:40.000Z</when>
<gx:coord>-124.02564050000001 41.397755499999995 82.1</gx:coord>

<when>2026-09-23T23:44:03.000Z</when>
<gx:coord>-124.02283633333333 41.394090999999996 86.5</gx:coord>

<when>2026-09-23T23:44:20.000Z</when>
<gx:coord>-124.02064216666668 41.39169733333333 77.1</gx:coord>

<when>2026-09-23T23:44:37.000Z</when>
<gx:coord>-124.01881266666666 41.389385999999995 74.0</gx:coord>

<when>2026-09-23T23:44:48.000Z</when>
<gx:coord>-124.01787549999999 41.387885499999996 76.4</gx:coord>

<when>2026-09-23T23:44:59.000Z</when>
<gx:coord>-124.01707916666668 41.386465833333325 84.6</gx:coord>

<when>2026-09-23T23:45:10.000Z</when>
<gx:coord>-124.0161315 41.38496433333333 84.3</gx:coord>

<when>2026-09-23T23:45:25.000Z</when>
<gx:coord>-124.015294 41.38292083333334 81.8</gx:coord>

<when>2026-09-23T23:45:36.000Z</when>
<gx:coord>-124.01486166666668 41.38143033333334 71.3</gx:coord>

<when>2026-09-23T23:45:47.000Z</when>
<gx:coord>-124.01449816666667 41.3798375 71.0</gx:coord>

<when>2026-09-23T23:45:58.000Z</when>
<gx:coord>-124.01448066666666 41.378431 70.6</gx:coord>

<when>2026-09-23T23:46:09.000Z</when>
<gx:coord>-124.01456016666667 41.37726416666666 71.0</gx:coord>

<when>2026-09-23T23:46:20.000Z</when>
<gx:coord>-124.01462099999999 41.37653083333333 63.8</gx:coord>

<when>2026-09-23T23:46:31.000Z</when>
<gx:coord>-124.01465283333333 41.37611416666667 60.2</gx:coord>

<when>2026-09-23T23:46:42.000Z</when>
<gx:coord>-124.01464166666668 41.37559183333333 66.9</gx:coord>

<when>2026-09-23T23:46:53.000Z</when>
<gx:coord>-124.01465316666666 41.37490616666667 68.2</gx:coord>

<when>2026-09-23T23:47:04.000Z</when>
<gx:coord>-124.01467149999999 41.37437966666666 75.6</gx:coord>

<when>2026-09-23T23:47:15.000Z</when>
<gx:coord>-124.01472733333334 41.373665333333335 68.7</gx:coord>

<when>2026-09-23T23:47:26.000Z</when>
<gx:coord>-124.01444533333333 41.373355999999994 65.6</gx:coord>

<when>2026-09-23T23:47:37.000Z</when>
<gx:coord>-124.01423600000001 41.3732485 63.5</gx:coord>

<when>2026-09-23T23:47:48.000Z</when>
<gx:coord>-124.01416983333333 41.3730605 66.0</gx:coord>

<when>2026-09-23T23:47:59.000Z</when>
<gx:coord>-124.014168 41.372854999999994 62.7</gx:coord>

<when>2026-09-23T23:48:10.000Z</when>
<gx:coord>-124.01394366666666 41.37274516666666 58.3</gx:coord>

<when>2026-09-23T23:48:21.000Z</when>
<gx:coord>-124.01388649999998 41.37287249999999 54.8</gx:coord>

<when>2026-09-23T23:48:32.000Z</when>
<gx:coord>-124.01387616666668 41.372953499999994 51.5</gx:coord>

<when>2026-09-23T23:48:54.000Z</when>
<gx:coord>-124.01392033333335 41.372988500000005 53.1</gx:coord>

<when>2026-09-23T23:49:05.000Z</when>
<gx:coord>-124.01399350000001 41.373037999999994 53.2</gx:coord>

<when>2026-09-23T23:49:16.000Z</when>
<gx:coord>-124.01406666666665 41.37307666666667 56.2</gx:coord>

<when>2026-09-24T00:55:13.000Z</when>
<gx:coord>-124.02392116666667 41.35962883333333 49.8</gx:coord>

<when>2026-09-24T00:55:24.000Z</when>
<gx:coord>-124.02508633333333 41.357909166666666 45.3</gx:coord>

<when>2026-09-24T00:55:35.000Z</when>
<gx:coord>-124.02632866666666 41.356122166666665 43.3</gx:coord>

<when>2026-09-24T00:55:46.000Z</when>
<gx:coord>-124.02717349999999 41.35418183333333 38.3</gx:coord>

<when>2026-09-24T00:55:57.000Z</when>
<gx:coord>-124.02746883333333 41.352276333333336 36.1</gx:coord>

<when>2026-09-24T00:56:45.000Z</when>
<gx:coord>-124.02897316666667 41.34728283333334 21.7</gx:coord>

<when>2026-09-24T00:56:56.000Z</when>
<gx:coord>-124.03004833333334 41.345625000000005 26.3</gx:coord>

<when>2026-09-24T00:57:07.000Z</when>
<gx:coord>-124.03073950000001 41.34434533333333 25.0</gx:coord>

<when>2026-09-24T00:57:18.000Z</when>
<gx:coord>-124.0309905 41.343897 20.9</gx:coord>

<when>2026-09-24T00:57:31.000Z</when>
<gx:coord>-124.03112683333332 41.34365866666667 24.1</gx:coord>

<when>2026-09-24T01:02:40.000Z</when>
<gx:coord>-124.03035116666666 41.32810066666666 29.1</gx:coord>

<when>2026-09-24T01:03:37.000Z</when>
<gx:coord>-124.03717416666665 41.32371183333333 23.2</gx:coord>

<when>2026-09-24T01:03:54.000Z</when>
<gx:coord>-124.03897266666667 41.32216516666667 15.8</gx:coord>

<when>2026-09-24T01:04:05.000Z</when>
<gx:coord>-124.039538 41.320587666666675 7.1</gx:coord>

<when>2026-09-24T01:04:16.000Z</when>
<gx:coord>-124.04033316666667 41.31870933333333 -0.6</gx:coord>

<when>2026-09-24T01:04:27.000Z</when>
<gx:coord>-124.04117483333333 41.316706499999995 -9.1</gx:coord>

<when>2026-09-24T01:04:38.000Z</when>
<gx:coord>-124.04223216666666 41.31483733333333 -3.6</gx:coord>

<when>2026-09-24T01:04:57.000Z</when>
<gx:coord>-124.0449455 41.31234283333333 13.3</gx:coord>

<when>2026-09-24T01:05:08.000Z</when>
<gx:coord>-124.04559883333334 41.3106345 -1.4</gx:coord>

<when>2026-09-24T01:05:19.000Z</when>
<gx:coord>-124.04559050000002 41.30870183333333 -11.2</gx:coord>

<when>2026-09-24T01:05:30.000Z</when>
<gx:coord>-124.04548483333335 41.306640833333326 -12.5</gx:coord>

<when>2026-09-24T01:05:45.000Z</when>
<gx:coord>-124.04450133333333 41.3043565 -21.3</gx:coord>

<when>2026-09-24T01:05:58.000Z</when>
<gx:coord>-124.04556616666666 41.30294466666666 -20.3</gx:coord>

<when>2026-09-24T01:06:09.000Z</when>
<gx:coord>-124.04755333333333 41.302179666666675 -10.7</gx:coord>

<when>2026-09-24T01:06:20.000Z</when>
<gx:coord>-124.04961033333332 41.301125333333324 -10.1</gx:coord>

<when>2026-09-24T01:06:33.000Z</when>
<gx:coord>-124.05151733333332 41.299312166666674 -12.9</gx:coord>

<when>2026-09-24T01:06:45.000Z</when>
<gx:coord>-124.05342566666668 41.297622000000004 -16.4</gx:coord>

<when>2026-09-24T01:06:56.000Z</when>
<gx:coord>-124.05487383333333 41.29572499999999 -17.8</gx:coord>

<when>2026-09-24T01:07:07.000Z</when>
<gx:coord>-124.05615916666666 41.2936865 -7.9</gx:coord>

<when>2026-09-24T01:07:18.000Z</when>
<gx:coord>-124.05745166666665 41.291715 -0.4</gx:coord>

<when>2026-09-24T01:07:29.000Z</when>
<gx:coord>-124.05850416666665 41.29003683333334 -3.6</gx:coord>

<when>2026-09-24T01:07:40.000Z</when>
<gx:coord>-124.05881216666667 41.28827566666667 0.7</gx:coord>

<when>2026-09-24T01:07:51.000Z</when>
<gx:coord>-124.05976833333334 41.286634500000005 -5.5</gx:coord>

<when>2026-09-24T01:08:02.000Z</when>
<gx:coord>-124.06110500000001 41.285495499999996 -6.5</gx:coord>

<when>2026-09-24T01:08:13.000Z</when>
<gx:coord>-124.06244933333333 41.284778833333334 -6.8</gx:coord>

<when>2026-09-24T01:08:24.000Z</when>
<gx:coord>-124.06434633333335 41.284743666666664 -4.4</gx:coord>

<when>2026-09-24T01:08:35.000Z</when>
<gx:coord>-124.06671833333333 41.284707499999996 2.1</gx:coord>

<when>2026-09-24T01:08:46.000Z</when>
<gx:coord>-124.06924499999998 41.284711 9.7</gx:coord>

<when>2026-09-24T01:08:57.000Z</when>
<gx:coord>-124.07170983333332 41.28474483333333 9.8</gx:coord>

<when>2026-09-24T01:09:08.000Z</when>
<gx:coord>-124.07419733333333 41.284776166666674 10.3</gx:coord>

<when>2026-09-24T01:09:19.000Z</when>
<gx:coord>-124.07677716666667 41.2849785 11.5</gx:coord>

<when>2026-09-24T01:09:30.000Z</when>
<gx:coord>-124.07928500000001 41.28588566666667 15.6</gx:coord>

<when>2026-09-24T01:09:41.000Z</when>
<gx:coord>-124.08179333333334 41.28708466666667 19.1</gx:coord>

<when>2026-09-24T01:09:52.000Z</when>
<gx:coord>-124.08457349999999 41.287079666666656 17.4</gx:coord>

<when>2026-09-24T01:10:03.000Z</when>
<gx:coord>-124.08700066666667 41.28587983333333 13.1</gx:coord>

<when>2026-09-24T01:10:14.000Z</when>
<gx:coord>-124.08940433333333 41.28460216666667 9.3</gx:coord>

<when>2026-09-24T01:10:25.000Z</when>
<gx:coord>-124.09163266666668 41.283228333333334 5.2</gx:coord>

<when>2026-09-24T01:10:36.000Z</when>
<gx:coord>-124.09300416666669 41.281443 3.7</gx:coord>

<when>2026-09-24T01:10:47.000Z</when>
<gx:coord>-124.09373616666666 41.279415500000006 5.4</gx:coord>

<when>2026-09-24T01:10:58.000Z</when>
<gx:coord>-124.09424566666667 41.2771955 4.3</gx:coord>

<when>2026-09-24T01:11:09.000Z</when>
<gx:coord>-124.09468716666667 41.274895 4.7</gx:coord>

<when>2026-09-24T01:11:20.000Z</when>
<gx:coord>-124.095255 41.27241566666667 4.4</gx:coord>

<when>2026-09-24T01:11:31.000Z</when>
<gx:coord>-124.096102 41.26987283333333 4.2</gx:coord>

<when>2026-09-24T01:11:42.000Z</when>
<gx:coord>-124.09720899999999 41.267367666666665 4.5</gx:coord>

<when>2026-09-24T01:11:53.000Z</when>
<gx:coord>-124.09783549999999 41.2651355 16.5</gx:coord>

<when>2026-09-24T01:12:04.000Z</when>
<gx:coord>-124.09740533333334 41.2631335 21.2</gx:coord>

<when>2026-09-24T01:12:15.000Z</when>
<gx:coord>-124.096947 41.2612185 19.0</gx:coord>

<when>2026-09-24T01:12:28.000Z</when>
<gx:coord>-124.09593883333334 41.25897833333333 27.6</gx:coord>

<when>2026-09-24T01:12:39.000Z</when>
<gx:coord>-124.09448249999998 41.257220000000004 28.5</gx:coord>

<when>2026-09-24T01:12:50.000Z</when>
<gx:coord>-124.09303900000002 41.2555965 46.2</gx:coord>

<when>2026-09-24T01:13:01.000Z</when>
<gx:coord>-124.09147650000001 41.25440783333333 59.3</gx:coord>

<when>2026-09-24T01:13:12.000Z</when>
<gx:coord>-124.09002100000001 41.25329033333334 73.0</gx:coord>

<when>2026-09-24T01:13:23.000Z</when>
<gx:coord>-124.08892483333332 41.25184933333333 78.8</gx:coord>

<when>2026-09-24T01:13:34.000Z</when>
<gx:coord>-124.08781066666667 41.25035533333333 71.9</gx:coord>

<when>2026-09-24T01:13:45.000Z</when>
<gx:coord>-124.08725983333333 41.248721333333336 65.2</gx:coord>

<when>2026-09-24T01:13:56.000Z</when>
<gx:coord>-124.08795216666667 41.24693416666667 56.0</gx:coord>

<when>2026-09-24T01:14:07.000Z</when>
<gx:coord>-124.0877795 41.24523933333333 44.2</gx:coord>

<when>2026-09-24T01:14:18.000Z</when>
<gx:coord>-124.08604966666665 41.2439985 32.4</gx:coord>

<when>2026-09-24T01:14:29.000Z</when>
<gx:coord>-124.08473333333335 41.242301 18.0</gx:coord>

<when>2026-09-24T01:14:40.000Z</when>
<gx:coord>-124.08441333333333 41.240180499999994 8.2</gx:coord>

<when>2026-09-24T01:14:51.000Z</when>
<gx:coord>-124.08366400000001 41.23826483333334 6.4</gx:coord>

<when>2026-09-24T01:15:02.000Z</when>
<gx:coord>-124.08381266666666 41.23650599999999 9.5</gx:coord>

<when>2026-09-24T01:15:13.000Z</when>
<gx:coord>-124.08348533333334 41.234879 5.2</gx:coord>

<when>2026-09-24T01:15:24.000Z</when>
<gx:coord>-124.08335000000001 41.23286516666667 3.5</gx:coord>

<when>2026-09-24T01:15:35.000Z</when>
<gx:coord>-124.08376666666666 41.23082766666666 3.5</gx:coord>

<when>2026-09-24T01:15:46.000Z</when>
<gx:coord>-124.08443766666666 41.22886066666667 1.7</gx:coord>

<when>2026-09-24T01:15:57.000Z</when>
<gx:coord>-124.08555916666667 41.22724183333333 1.6</gx:coord>

<when>2026-09-24T01:16:08.000Z</when>
<gx:coord>-124.0864105 41.226650500000005 7.7</gx:coord>

<when>2026-09-24T01:16:19.000Z</when>
<gx:coord>-124.08690583333333 41.226422166666666 11.8</gx:coord>

<when>2026-09-24T01:16:30.000Z</when>
<gx:coord>-124.08733766666667 41.2262215 14.7</gx:coord>

<when>2026-09-24T01:16:41.000Z</when>
<gx:coord>-124.08762649999998 41.226073666666665 15.5</gx:coord>

<when>2026-09-24T01:16:52.000Z</when>
<gx:coord>-124.0880305 41.225863 14.2</gx:coord>

<when>2026-09-24T01:17:03.000Z</when>
<gx:coord>-124.08836483333334 41.22571766666667 14.7</gx:coord>

<when>2026-09-24T01:17:14.000Z</when>
<gx:coord>-124.0885275 41.225638 15.8</gx:coord>

<when>2026-09-24T01:17:25.000Z</when>
<gx:coord>-124.08911066666666 41.22535516666667 15.4</gx:coord>

<when>2026-09-24T01:17:36.000Z</when>
<gx:coord>-124.0902095 41.224856 12.9</gx:coord>

<when>2026-09-24T01:17:47.000Z</when>
<gx:coord>-124.09169866666667 41.224129833333336 13.6</gx:coord>

<when>2026-09-24T01:17:58.000Z</when>
<gx:coord>-124.09355566666666 41.2232045 14.0</gx:coord>

<when>2026-09-24T01:18:09.000Z</when>
<gx:coord>-124.09536483333335 41.22194249999999 13.7</gx:coord>

<when>2026-09-24T01:18:20.000Z</when>
<gx:coord>-124.097043 41.220765 26.1</gx:coord>

<when>2026-09-24T01:18:31.000Z</when>
<gx:coord>-124.09883866666665 41.21991866666667 39.6</gx:coord>

<when>2026-09-24T01:18:42.000Z</when>
<gx:coord>-124.10074366666667 41.219432000000005 56.0</gx:coord>

<when>2026-09-24T01:18:53.000Z</when>
<gx:coord>-124.10271533333335 41.21915533333334 66.5</gx:coord>

<when>2026-09-24T01:19:04.000Z</when>
<gx:coord>-124.10464166666667 41.218802000000004 78.3</gx:coord>

<when>2026-09-24T01:19:15.000Z</when>
<gx:coord>-124.106358 41.2179605 86.2</gx:coord>

<when>2026-09-24T01:19:26.000Z</when>
<gx:coord>-124.10771916666666 41.21653800000001 86.3</gx:coord>

<when>2026-09-24T01:19:37.000Z</when>
<gx:coord>-124.10846233333332 41.214488333333335 84.6</gx:coord>

<when>2026-09-24T01:19:48.000Z</when>
<gx:coord>-124.10900483333334 41.212149 70.6</gx:coord>

<when>2026-09-24T01:19:59.000Z</when>
<gx:coord>-124.10961433333333 41.209659333333335 50.8</gx:coord>

<when>2026-09-24T01:20:10.000Z</when>
<gx:coord>-124.11014633333335 41.20699816666667 28.8</gx:coord>

<when>2026-09-24T01:20:21.000Z</when>
<gx:coord>-124.11032766666668 41.204181333333324 15.9</gx:coord>

<when>2026-09-24T01:20:32.000Z</when>
<gx:coord>-124.11068083333333 41.201893999999996 19.7</gx:coord>

<when>2026-09-24T01:20:43.000Z</when>
<gx:coord>-124.11079066666667 41.20008500000001 26.2</gx:coord>

<when>2026-09-24T01:20:54.000Z</when>
<gx:coord>-124.11090799999998 41.19835283333334 24.7</gx:coord>

<when>2026-09-24T01:21:05.000Z</when>
<gx:coord>-124.10999799999999 41.196921499999995 14.0</gx:coord>

<when>2026-09-24T01:21:16.000Z</when>
<gx:coord>-124.110785 41.19570433333333 11.0</gx:coord>

<when>2026-09-24T01:21:27.000Z</when>
<gx:coord>-124.11072766666666 41.19451233333333 7.6</gx:coord>

<when>2026-09-24T01:21:38.000Z</when>
<gx:coord>-124.11038850000001 41.19310483333334 5.4</gx:coord>

<when>2026-09-24T01:21:49.000Z</when>
<gx:coord>-124.110341 41.191745000000004 16.5</gx:coord>

<when>2026-09-24T01:22:00.000Z</when>
<gx:coord>-124.10987616666668 41.19047883333333 26.3</gx:coord>

<when>2026-09-24T01:22:11.000Z</when>
<gx:coord>-124.1088315 41.1892425 27.9</gx:coord>

<when>2026-09-24T01:22:22.000Z</when>
<gx:coord>-124.10785316666667 41.18812333333334 26.2</gx:coord>

<when>2026-09-24T01:22:33.000Z</when>
<gx:coord>-124.10811283333332 41.18693683333333 39.2</gx:coord>

<when>2026-09-24T01:22:44.000Z</when>
<gx:coord>-124.10799666666665 41.185635166666664 45.2</gx:coord>

<when>2026-09-24T01:22:55.000Z</when>
<gx:coord>-124.10739366666667 41.18414883333333 29.4</gx:coord>

<when>2026-09-24T01:23:06.000Z</when>
<gx:coord>-124.10686216666666 41.182146166666676 27.0</gx:coord>

<when>2026-09-24T01:23:17.000Z</when>
<gx:coord>-124.10625383333333 41.180151499999994 17.7</gx:coord>

<when>2026-09-24T01:23:28.000Z</when>
<gx:coord>-124.10542249999999 41.17830083333333 7.7</gx:coord>

<when>2026-09-24T01:23:39.000Z</when>
<gx:coord>-124.10370066666668 41.17673383333334 0.0</gx:coord>

<when>2026-09-24T01:23:50.000Z</when>
<gx:coord>-124.10252833333334 41.175040833333334 -1.5</gx:coord>

<when>2026-09-24T01:24:01.000Z</when>
<gx:coord>-124.10225133333333 41.173189666666666 -1.4</gx:coord>

<when>2026-09-24T01:24:17.000Z</when>
<gx:coord>-124.10201683333335 41.17030216666667 -4.2</gx:coord>

<when>2026-09-24T01:24:28.000Z</when>
<gx:coord>-124.10241599999999 41.16840466666666 5.2</gx:coord>

<when>2026-09-24T01:24:39.000Z</when>
<gx:coord>-124.10394583333333 41.166881 10.7</gx:coord>

<when>2026-09-24T01:24:50.000Z</when>
<gx:coord>-124.10601816666667 41.16544699999999 7.6</gx:coord>

<when>2026-09-24T01:25:01.000Z</when>
<gx:coord>-124.10828116666669 41.164044 8.3</gx:coord>

<when>2026-09-24T01:25:12.000Z</when>
<gx:coord>-124.11086116666665 41.162824833333325 8.8</gx:coord>

<when>2026-09-24T01:25:22.000Z</when>
<gx:coord>-124.11330116666667 41.16167866666667 8.8</gx:coord>

<when>2026-09-24T01:25:33.000Z</when>
<gx:coord>-124.11603099999999 41.16041166666667 8.7</gx:coord>

<when>2026-09-24T01:25:44.000Z</when>
<gx:coord>-124.1190465 41.15961516666666 13.3</gx:coord>

<when>2026-09-24T01:25:55.000Z</when>
<gx:coord>-124.1218165 41.15899433333334 25.8</gx:coord>

<when>2026-09-24T01:26:06.000Z</when>
<gx:coord>-124.12391950000001 41.157899666666665 36.1</gx:coord>

<when>2026-09-24T01:26:17.000Z</when>
<gx:coord>-124.12607966666668 41.15668466666666 34.4</gx:coord>

<when>2026-09-24T01:26:28.000Z</when>
<gx:coord>-124.12848583333334 41.155329 30.9</gx:coord>

<when>2026-09-24T01:26:39.000Z</when>
<gx:coord>-124.13088666666665 41.15388616666667 27.0</gx:coord>

<when>2026-09-24T01:26:50.000Z</when>
<gx:coord>-124.133391 41.15252016666667 31.6</gx:coord>

<when>2026-09-24T01:27:01.000Z</when>
<gx:coord>-124.13517233333332 41.150965 35.1</gx:coord>

<when>2026-09-24T01:27:12.000Z</when>
<gx:coord>-124.13601883333334 41.14914283333333 56.7</gx:coord>

<when>2026-09-24T01:27:29.000Z</when>
<gx:coord>-124.13632216666669 41.14657533333334 49.7</gx:coord>

<when>2026-09-24T01:27:40.000Z</when>
<gx:coord>-124.13629616666667 41.14493833333333 66.0</gx:coord>

<when>2026-09-24T01:27:51.000Z</when>
<gx:coord>-124.1365125 41.14335883333333 81.6</gx:coord>

<when>2026-09-24T01:28:02.000Z</when>
<gx:coord>-124.13729766666665 41.14180516666667 87.1</gx:coord>

<when>2026-09-24T01:28:13.000Z</when>
<gx:coord>-124.13847316666667 41.14028433333333 84.7</gx:coord>

<when>2026-09-24T01:28:24.000Z</when>
<gx:coord>-124.14022233333331 41.13885783333333 97.9</gx:coord>

<when>2026-09-24T01:28:35.000Z</when>
<gx:coord>-124.14303316666668 41.137741999999996 86.3</gx:coord>

<when>2026-09-24T01:28:46.000Z</when>
<gx:coord>-124.14632766666666 41.136517000000005 90.9</gx:coord>

<when>2026-09-24T01:28:57.000Z</when>
<gx:coord>-124.14887233333333 41.134631166666665 98.7</gx:coord>

<when>2026-09-24T01:29:08.000Z</when>
<gx:coord>-124.15035233333334 41.13215400000001 95.1</gx:coord>

<when>2026-09-24T01:29:19.000Z</when>
<gx:coord>-124.15069899999999 41.129238 92.7</gx:coord>

<when>2026-09-24T01:29:30.000Z</when>
<gx:coord>-124.15086266666667 41.12634800000001 99.8</gx:coord>

<when>2026-09-24T01:29:41.000Z</when>
<gx:coord>-124.15100216666666 41.1235575 105.4</gx:coord>

<when>2026-09-24T01:29:52.000Z</when>
<gx:coord>-124.151157 41.12078266666667 103.8</gx:coord>

<when>2026-09-24T01:30:03.000Z</when>
<gx:coord>-124.15188683333332 41.1180095 103.7</gx:coord>

<when>2026-09-24T01:30:14.000Z</when>
<gx:coord>-124.15285399999999 41.11523566666666 105.6</gx:coord>

<when>2026-09-24T01:30:25.000Z</when>
<gx:coord>-124.15384450000002 41.112449 106.8</gx:coord>

<when>2026-09-24T01:30:36.000Z</when>
<gx:coord>-124.15480733333334 41.10954916666666 104.5</gx:coord>

<when>2026-09-24T01:30:47.000Z</when>
<gx:coord>-124.1549645 41.10649716666667 103.3</gx:coord>

<when>2026-09-24T01:30:58.000Z</when>
<gx:coord>-124.15460883333331 41.103488666666664 100.6</gx:coord>

<when>2026-09-24T01:31:09.000Z</when>
<gx:coord>-124.15420283333333 41.100536 102.6</gx:coord>

<when>2026-09-24T01:31:20.000Z</when>
<gx:coord>-124.15312516666667 41.09775916666668 106.3</gx:coord>

<when>2026-09-24T01:31:31.000Z</when>
<gx:coord>-124.15181933333334 41.09509283333333 112.2</gx:coord>

<when>2026-09-24T01:31:42.000Z</when>
<gx:coord>-124.1505015 41.09242533333333 107.0</gx:coord>

<when>2026-09-24T01:31:53.000Z</when>
<gx:coord>-124.14918366666667 41.089745166666674 96.6</gx:coord>

<when>2026-09-24T01:32:04.000Z</when>
<gx:coord>-124.14784283333331 41.087021166666666 86.7</gx:coord>

<when>2026-09-24T01:32:15.000Z</when>
<gx:coord>-124.14651083333335 41.08430716666667 85.2</gx:coord>

<when>2026-09-24T01:32:26.000Z</when>
<gx:coord>-124.14521233333335 41.08168366666667 83.6</gx:coord>

<when>2026-09-24T01:32:37.000Z</when>
<gx:coord>-124.14392066666666 41.079037666666665 81.0</gx:coord>

<when>2026-09-24T01:32:48.000Z</when>
<gx:coord>-124.14261116666667 41.07635916666666 74.7</gx:coord>

<when>2026-09-24T01:32:59.000Z</when>
<gx:coord>-124.14166566666667 41.073566666666665 68.6</gx:coord>

<when>2026-09-24T01:33:10.000Z</when>
<gx:coord>-124.14167 41.0706575 66.2</gx:coord>

<when>2026-09-24T01:33:21.000Z</when>
<gx:coord>-124.14196416666667 41.067715 58.2</gx:coord>

<when>2026-09-24T01:33:32.000Z</when>
<gx:coord>-124.14180499999999 41.064842 52.9</gx:coord>

<when>2026-09-24T01:33:43.000Z</when>
<gx:coord>-124.13989633333334 41.06250983333333 53.1</gx:coord>

<when>2026-09-24T01:33:54.000Z</when>
<gx:coord>-124.13705933333334 41.060903833333334 59.9</gx:coord>

<when>2026-09-24T01:34:05.000Z</when>
<gx:coord>-124.134199 41.05945166666667 66.5</gx:coord>

<when>2026-09-24T01:34:16.000Z</when>
<gx:coord>-124.13144366666666 41.0580045 63.0</gx:coord>

<when>2026-09-24T01:34:27.000Z</when>
<gx:coord>-124.12871933333332 41.056565666666664 66.1</gx:coord>

<when>2026-09-24T01:34:38.000Z</when>
<gx:coord>-124.12656533333332 41.054907333333325 71.8</gx:coord>

<when>2026-09-24T01:34:49.000Z</when>
<gx:coord>-124.12482483333334 41.05301216666667 78.8</gx:coord>

<when>2026-09-24T01:35:00.000Z</when>
<gx:coord>-124.12298383333334 41.05090366666666 62.1</gx:coord>

<when>2026-09-24T01:35:11.000Z</when>
<gx:coord>-124.12099183333333 41.04858599999999 35.2</gx:coord>

<when>2026-09-24T01:35:22.000Z</when>
<gx:coord>-124.11888233333333 41.046285999999995 19.9</gx:coord>

<when>2026-09-24T01:35:33.000Z</when>
<gx:coord>-124.11669333333333 41.043997499999996 24.2</gx:coord>

<when>2026-09-24T01:35:44.000Z</when>
<gx:coord>-124.115199 41.041577499999995 53.9</gx:coord>

<when>2026-09-24T01:35:55.000Z</when>
<gx:coord>-124.11408666666667 41.03924416666667 68.6</gx:coord>

<when>2026-09-24T01:36:06.000Z</when>
<gx:coord>-124.11296666666667 41.036919999999995 75.9</gx:coord>

<when>2026-09-24T01:36:17.000Z</when>
<gx:coord>-124.11170266666667 41.03452416666667 73.6</gx:coord>

<when>2026-09-24T01:36:28.000Z</when>
<gx:coord>-124.11017466666665 41.03206416666667 61.9</gx:coord>

<when>2026-09-24T01:36:39.000Z</when>
<gx:coord>-124.10862016666667 41.029601666666665 51.7</gx:coord>

<when>2026-09-24T01:36:50.000Z</when>
<gx:coord>-124.10718433333335 41.026999333333336 35.6</gx:coord>

<when>2026-09-24T01:37:01.000Z</when>
<gx:coord>-124.10732266666668 41.02404799999999 18.2</gx:coord>

<when>2026-09-24T01:37:12.000Z</when>
<gx:coord>-124.10717600000001 41.021183666666666 8.6</gx:coord>

<when>2026-09-24T01:37:23.000Z</when>
<gx:coord>-124.10688633333332 41.018406999999996 6.4</gx:coord>

<when>2026-09-24T01:37:34.000Z</when>
<gx:coord>-124.1073925 41.015527166666665 4.9</gx:coord>

<when>2026-09-24T01:37:45.000Z</when>
<gx:coord>-124.10849316666666 41.01268433333333 4.5</gx:coord>

<when>2026-09-24T01:37:56.000Z</when>
<gx:coord>-124.11021016666668 41.01005966666666 8.7</gx:coord>

<when>2026-09-24T01:38:07.000Z</when>
<gx:coord>-124.11118883333332 41.007202166666666 10.3</gx:coord>

<when>2026-09-24T01:38:18.000Z</when>
<gx:coord>-124.11206050000001 41.004253500000004 9.3</gx:coord>

<when>2026-09-24T01:38:29.000Z</when>
<gx:coord>-124.11259416666665 41.001273833333336 8.7</gx:coord>

<when>2026-09-24T01:38:40.000Z</when>
<gx:coord>-124.11300750000001 40.998299833333334 10.6</gx:coord>

<when>2026-09-24T01:38:51.000Z</when>
<gx:coord>-124.11325566666667 40.99531433333333 13.6</gx:coord>

<when>2026-09-24T01:39:02.000Z</when>
<gx:coord>-124.11427033333332 40.992441500000005 14.0</gx:coord>

<when>2026-09-24T01:39:13.000Z</when>
<gx:coord>-124.11547816666668 40.989519666666666 12.4</gx:coord>

<when>2026-09-24T01:39:24.000Z</when>
<gx:coord>-124.11616799999999 40.986498 13.2</gx:coord>

<when>2026-09-24T01:39:35.000Z</when>
<gx:coord>-124.11685383333334 40.9835015 14.5</gx:coord>

<when>2026-09-24T01:39:46.000Z</when>
<gx:coord>-124.11752049999998 40.980558333333335 15.9</gx:coord>

<when>2026-09-24T01:39:57.000Z</when>
<gx:coord>-124.117532 40.97782566666667 27.1</gx:coord>

<when>2026-09-24T01:40:08.000Z</when>
<gx:coord>-124.1170805 40.975382833333335 38.0</gx:coord>

<when>2026-09-24T01:40:19.000Z</when>
<gx:coord>-124.11665816666667 40.9730205 45.0</gx:coord>

<when>2026-09-24T01:40:30.000Z</when>
<gx:coord>-124.1162095 40.970497 43.9</gx:coord>

<when>2026-09-24T01:40:41.000Z</when>
<gx:coord>-124.11616299999999 40.96776583333334 36.9</gx:coord>

<when>2026-09-24T01:40:52.000Z</when>
<gx:coord>-124.11619433333333 40.96488816666667 28.2</gx:coord>

<when>2026-09-24T01:41:03.000Z</when>
<gx:coord>-124.11621349999999 40.96200833333333 24.0</gx:coord>

<when>2026-09-24T01:41:14.000Z</when>
<gx:coord>-124.116231 40.95918466666667 22.5</gx:coord>

<when>2026-09-24T01:41:25.000Z</when>
<gx:coord>-124.11625000000001 40.95641716666667 23.7</gx:coord>

<when>2026-09-24T01:41:36.000Z</when>
<gx:coord>-124.1162755 40.953653 29.6</gx:coord>

<when>2026-09-24T01:41:47.000Z</when>
<gx:coord>-124.11630816666666 40.950886833333335 32.6</gx:coord>

<when>2026-09-24T01:41:58.000Z</when>
<gx:coord>-124.11632516666666 40.9480935 31.8</gx:coord>

<when>2026-09-24T01:42:09.000Z</when>
<gx:coord>-124.11632233333333 40.94520316666667 29.2</gx:coord>

<when>2026-09-24T01:42:20.000Z</when>
<gx:coord>-124.11635650000001 40.942210833333334 27.9</gx:coord>

<when>2026-09-24T01:42:31.000Z</when>
<gx:coord>-124.11638966666666 40.939235833333335 27.1</gx:coord>

<when>2026-09-24T01:42:42.000Z</when>
<gx:coord>-124.11587166666668 40.936260833333336 20.3</gx:coord>

<when>2026-09-24T01:42:53.000Z</when>
<gx:coord>-124.11482533333334 40.93333283333333 18.1</gx:coord>

<when>2026-09-24T01:43:04.000Z</when>
<gx:coord>-124.11378250000001 40.93045016666667 18.1</gx:coord>

<when>2026-09-24T01:43:15.000Z</when>
<gx:coord>-124.11245849999999 40.92779183333334 17.4</gx:coord>

<when>2026-09-24T01:43:26.000Z</when>
<gx:coord>-124.10973983333334 40.92588283333334 8.6</gx:coord>

<when>2026-09-24T01:43:37.000Z</when>
<gx:coord>-124.10643383333333 40.924423000000004 6.5</gx:coord>

<when>2026-09-24T01:43:48.000Z</when>
<gx:coord>-124.10321683333335 40.922989 4.8</gx:coord>

<when>2026-09-24T01:43:59.000Z</when>
<gx:coord>-124.10009433333335 40.92160716666667 3.3</gx:coord>

<when>2026-09-24T01:44:10.000Z</when>
<gx:coord>-124.09697616666666 40.92022166666666 4.3</gx:coord>

<when>2026-09-24T01:44:21.000Z</when>
<gx:coord>-124.09448533333334 40.91829533333334 10.2</gx:coord>

<when>2026-09-24T01:44:32.000Z</when>
<gx:coord>-124.09300016666666 40.915988500000005 13.4</gx:coord>

<when>2026-09-24T01:44:43.000Z</when>
<gx:coord>-124.09160983333335 40.913683 9.6</gx:coord>

<when>2026-09-24T01:44:54.000Z</when>
<gx:coord>-124.09043716666665 40.91134016666667 9.0</gx:coord>

<when>2026-09-24T01:45:05.000Z</when>
<gx:coord>-124.08923099999998 40.90892983333333 9.0</gx:coord>

<when>2026-09-24T01:45:16.000Z</when>
<gx:coord>-124.088012 40.90649916666667 11.1</gx:coord>

<when>2026-09-24T01:45:27.000Z</when>
<gx:coord>-124.08678133333333 40.90403683333333 11.8</gx:coord>

<when>2026-09-24T01:45:38.000Z</when>
<gx:coord>-124.0855725 40.901615666666665 12.4</gx:coord>

<when>2026-09-24T01:45:49.000Z</when>
<gx:coord>-124.0843405 40.899122000000006 12.7</gx:coord>

<when>2026-09-24T01:46:00.000Z</when>
<gx:coord>-124.083186 40.896809999999995 11.2</gx:coord>

<when>2026-09-24T01:46:11.000Z</when>
<gx:coord>-124.08208033333334 40.89464316666667 11.8</gx:coord>

<when>2026-09-24T01:46:22.000Z</when>
<gx:coord>-124.08097483333334 40.8924095 17.3</gx:coord>

<when>2026-09-24T01:46:33.000Z</when>
<gx:coord>-124.08015016666668 40.89017 21.1</gx:coord>

<when>2026-09-24T01:46:44.000Z</when>
<gx:coord>-124.07989 40.88770716666667 16.4</gx:coord>

<when>2026-09-24T01:46:55.000Z</when>
<gx:coord>-124.08033849999998 40.88513666666667 18.5</gx:coord>

<when>2026-09-24T01:47:06.000Z</when>
<gx:coord>-124.08119066666669 40.882630999999996 20.2</gx:coord>

<when>2026-09-24T01:47:17.000Z</when>
<gx:coord>-124.08204683333334 40.880083 19.5</gx:coord>

<when>2026-09-24T01:47:28.000Z</when>
<gx:coord>-124.08283066666667 40.877416833333335 16.7</gx:coord>

<when>2026-09-24T01:47:39.000Z</when>
<gx:coord>-124.08264750000002 40.874721 15.0</gx:coord>

<when>2026-09-24T01:47:50.000Z</when>
<gx:coord>-124.08264216666666 40.872116 13.6</gx:coord>

<when>2026-09-24T01:48:01.000Z</when>
<gx:coord>-124.08325 40.86945516666666 15.1</gx:coord>

<when>2026-09-24T01:48:12.000Z</when>
<gx:coord>-124.083187 40.86673866666667 9.9</gx:coord>

<when>2026-09-24T01:48:23.000Z</when>
<gx:coord>-124.08295516666666 40.863828166666664 9.2</gx:coord>

<when>2026-09-24T01:48:34.000Z</when>
<gx:coord>-124.08273666666668 40.8608595 9.4</gx:coord>

<when>2026-09-24T01:48:45.000Z</when>
<gx:coord>-124.08251866666666 40.857944833333335 9.0</gx:coord>

<when>2026-09-24T01:48:56.000Z</when>
<gx:coord>-124.08230200000001 40.85503416666666 9.2</gx:coord>

<when>2026-09-24T01:49:07.000Z</when>
<gx:coord>-124.08209000000001 40.85216033333334 8.2</gx:coord>

<when>2026-09-24T01:49:18.000Z</when>
<gx:coord>-124.08208250000001 40.8493035 7.4</gx:coord>

<when>2026-09-24T01:49:29.000Z</when>
<gx:coord>-124.08211216666665 40.84647183333333 7.3</gx:coord>

<when>2026-09-24T01:49:40.000Z</when>
<gx:coord>-124.08214383333333 40.84370466666667 7.4</gx:coord>

<when>2026-09-24T01:49:51.000Z</when>
<gx:coord>-124.08216316666667 40.84091333333333 6.2</gx:coord>

<when>2026-09-24T01:50:02.000Z</when>
<gx:coord>-124.08219166666667 40.838142999999995 7.0</gx:coord>

<when>2026-09-24T01:50:13.000Z</when>
<gx:coord>-124.08223083333333 40.83553266666667 7.0</gx:coord>

<when>2026-09-24T01:50:24.000Z</when>
<gx:coord>-124.08226433333333 40.8332345 7.9</gx:coord>

<when>2026-09-24T01:50:35.000Z</when>
<gx:coord>-124.08264766666667 40.83090266666667 9.3</gx:coord>

<when>2026-09-24T01:50:46.000Z</when>
<gx:coord>-124.0835385 40.8286445 9.6</gx:coord>

<when>2026-09-24T01:50:57.000Z</when>
<gx:coord>-124.08483366666665 40.826633333333334 9.0</gx:coord>

<when>2026-09-24T01:51:08.000Z</when>
<gx:coord>-124.08662616666668 40.824724999999994 8.0</gx:coord>

<when>2026-09-24T01:51:19.000Z</when>
<gx:coord>-124.08880566666667 40.822979000000004 7.8</gx:coord>

<when>2026-09-24T01:51:30.000Z</when>
<gx:coord>-124.0913825 40.821419 11.9</gx:coord>

<when>2026-09-24T01:51:41.000Z</when>
<gx:coord>-124.09412266666668 40.820003166666666 16.3</gx:coord>

<when>2026-09-24T01:51:52.000Z</when>
<gx:coord>-124.09698750000001 40.81856366666667 13.2</gx:coord>

<when>2026-09-24T01:52:03.000Z</when>
<gx:coord>-124.09998116666665 40.81721 12.1</gx:coord>

<when>2026-09-24T01:52:14.000Z</when>
<gx:coord>-124.102766 40.815765166666665 12.2</gx:coord>

<when>2026-09-24T01:52:25.000Z</when>
<gx:coord>-124.10547049999998 40.814363166666666 12.6</gx:coord>

<when>2026-09-24T01:52:36.000Z</when>
<gx:coord>-124.10812083333333 40.81301933333334 12.2</gx:coord>

<when>2026-09-24T01:52:47.000Z</when>
<gx:coord>-124.11070733333332 40.81169616666667 11.7</gx:coord>

<when>2026-09-24T01:52:58.000Z</when>
<gx:coord>-124.11327333333332 40.8104085 11.7</gx:coord>

<when>2026-09-24T01:53:09.000Z</when>
<gx:coord>-124.11579833333332 40.809137166666666 8.0</gx:coord>

<when>2026-09-24T01:53:20.000Z</when>
<gx:coord>-124.118186 40.807902 8.1</gx:coord>

<when>2026-09-24T01:53:31.000Z</when>
<gx:coord>-124.12040016666667 40.806734666666664 10.1</gx:coord>

<when>2026-09-24T01:53:42.000Z</when>
<gx:coord>-124.12273466666666 40.805739499999994 10.3</gx:coord>

<when>2026-09-24T01:53:53.000Z</when>
<gx:coord>-124.12538316666665 40.80508 9.2</gx:coord>

<when>2026-09-24T01:54:04.000Z</when>
<gx:coord>-124.12817316666666 40.804844499999994 6.9</gx:coord>

<when>2026-09-24T01:54:15.000Z</when>
<gx:coord>-124.13097333333332 40.80502083333333 6.3</gx:coord>

<when>2026-09-24T01:54:26.000Z</when>
<gx:coord>-124.13372433333333 40.80547266666667 7.7</gx:coord>

<when>2026-09-24T01:54:37.000Z</when>
<gx:coord>-124.13629250000001 40.805870166666665 9.8</gx:coord>

<when>2026-09-24T01:54:48.000Z</when>
<gx:coord>-124.13859599999999 40.80585633333333 9.9</gx:coord>

<when>2026-09-24T01:54:59.000Z</when>
<gx:coord>-124.14081683333333 40.8054275 12.3</gx:coord>

<when>2026-09-24T01:55:10.000Z</when>
<gx:coord>-124.143084 40.80492583333333 9.5</gx:coord>

<when>2026-09-24T01:55:21.000Z</when>
<gx:coord>-124.14535833333333 40.80468616666667 9.0</gx:coord>

<when>2026-09-24T01:55:32.000Z</when>
<gx:coord>-124.14705933333335 40.80469066666667 10.1</gx:coord>

<when>2026-09-24T01:55:43.000Z</when>
<gx:coord>-124.14838033333332 40.804706333333336 12.3</gx:coord>

<when>2026-09-24T01:55:54.000Z</when>
<gx:coord>-124.14909883333333 40.804709499999994 12.6</gx:coord>

<when>2026-09-24T01:56:05.000Z</when>
<gx:coord>-124.14919499999999 40.80470883333333 13.6</gx:coord>

<when>2026-09-24T01:56:27.000Z</when>
<gx:coord>-124.14954633333333 40.80470866666667 13.6</gx:coord>

<when>2026-09-24T01:56:38.000Z</when>
<gx:coord>-124.15085333333333 40.804717 13.7</gx:coord>

<when>2026-09-24T01:56:49.000Z</when>
<gx:coord>-124.152452 40.80473133333333 15.1</gx:coord>

<when>2026-09-24T01:57:00.000Z</when>
<gx:coord>-124.154103 40.80474166666667 17.1</gx:coord>

<when>2026-09-24T01:57:11.000Z</when>
<gx:coord>-124.15555466666667 40.80450233333333 18.7</gx:coord>

<when>2026-09-24T01:57:22.000Z</when>
<gx:coord>-124.1569595 40.804106000000004 20.2</gx:coord>

<when>2026-09-24T01:57:33.000Z</when>
<gx:coord>-124.158385 40.803906833333336 19.5</gx:coord>

<when>2026-09-24T01:57:44.000Z</when>
<gx:coord>-124.15947416666668 40.80375183333333 17.3</gx:coord>

<when>2026-09-24T01:57:55.000Z</when>
<gx:coord>-124.16056533333334 40.80359516666667 21.1</gx:coord>

<when>2026-09-24T01:58:06.000Z</when>
<gx:coord>-124.1615305 40.803458166666665 23.8</gx:coord>

<when>2026-09-24T01:58:17.000Z</when>
<gx:coord>-124.16247216666667 40.803317666666665 23.2</gx:coord>

<when>2026-09-24T01:58:28.000Z</when>
<gx:coord>-124.162981 40.80324616666667 23.1</gx:coord>

<when>2026-09-24T01:58:39.000Z</when>
<gx:coord>-124.16394700000001 40.8031145 23.2</gx:coord>

<when>2026-09-24T01:58:50.000Z</when>
<gx:coord>-124.16505133333334 40.80296383333334 21.7</gx:coord>

<when>2026-09-24T01:59:01.000Z</when>
<gx:coord>-124.16637616666667 40.80277866666667 18.4</gx:coord>

<when>2026-09-24T01:59:12.000Z</when>
<gx:coord>-124.16776016666667 40.802589499999996 17.2</gx:coord>

<when>2026-09-24T01:59:23.000Z</when>
<gx:coord>-124.16914883333332 40.802401499999995 15.9</gx:coord>

<when>2026-09-24T01:59:34.000Z</when>
<gx:coord>-124.17050133333332 40.80220683333334 15.5</gx:coord>

<when>2026-09-24T01:59:45.000Z</when>
<gx:coord>-124.17198616666668 40.802006166666665 14.6</gx:coord>

<when>2026-09-24T01:59:56.000Z</when>
<gx:coord>-124.1736305 40.801783 13.7</gx:coord>

<when>2026-09-24T02:00:07.000Z</when>
<gx:coord>-124.1750995 40.801551 14.1</gx:coord>

<when>2026-09-24T02:00:18.000Z</when>
<gx:coord>-124.17524200000001 40.800796 8.3</gx:coord>

<when>2026-09-24T02:00:29.000Z</when>
<gx:coord>-124.17524350000001 40.79988933333333 5.8</gx:coord>

<when>2026-09-24T02:00:40.000Z</when>
<gx:coord>-124.17524649999999 40.798882166666665 4.6</gx:coord>

<when>2026-09-24T02:00:51.000Z</when>
<gx:coord>-124.17524866666666 40.797740999999995 4.1</gx:coord>

<when>2026-09-24T02:01:02.000Z</when>
<gx:coord>-124.17559616666668 40.79657816666667 4.3</gx:coord>

<when>2026-09-24T02:01:13.000Z</when>
<gx:coord>-124.17628216666665 40.79537416666667 4.5</gx:coord>

<when>2026-09-24T02:01:24.000Z</when>
<gx:coord>-124.17697683333333 40.79415466666667 4.1</gx:coord>

<when>2026-09-24T02:01:35.000Z</when>
<gx:coord>-124.1776525 40.79298366666667 4.4</gx:coord>

<when>2026-09-24T02:01:46.000Z</when>
<gx:coord>-124.17804333333333 40.7922845 3.8</gx:coord>

<when>2026-09-24T02:01:57.000Z</when>
<gx:coord>-124.17811383333334 40.79216066666667 4.3</gx:coord>

<when>2026-09-24T02:02:19.000Z</when>
<gx:coord>-124.17827616666666 40.791888666666665 5.6</gx:coord>

<when>2026-09-24T02:02:30.000Z</when>
<gx:coord>-124.17879183333335 40.791017333333336 5.6</gx:coord>

<when>2026-09-24T02:02:41.000Z</when>
<gx:coord>-124.17933883333332 40.790102499999996 6.7</gx:coord>

<when>2026-09-24T02:02:52.000Z</when>
<gx:coord>-124.17983516666666 40.789252166666664 4.8</gx:coord>

<when>2026-09-24T02:03:03.000Z</when>
<gx:coord>-124.18051966666665 40.7880125 3.4</gx:coord>

<when>2026-09-24T02:03:14.000Z</when>
<gx:coord>-124.18130766666667 40.78665816666667 3.8</gx:coord>

<when>2026-09-24T02:03:25.000Z</when>
<gx:coord>-124.18200833333334 40.78546066666667 3.9</gx:coord>

<when>2026-09-24T02:03:36.000Z</when>
<gx:coord>-124.18222566666667 40.78511566666667 3.0</gx:coord>

<when>2026-09-24T02:03:47.000Z</when>
<gx:coord>-124.18228933333333 40.7850085 4.7</gx:coord>

<when>2026-09-24T02:03:58.000Z</when>
<gx:coord>-124.18256266666667 40.784615333333335 2.5</gx:coord>

<when>2026-09-24T02:04:09.000Z</when>
<gx:coord>-124.18322400000001 40.78368866666666 2.9</gx:coord>

<when>2026-09-24T02:04:20.000Z</when>
<gx:coord>-124.1840315 40.7825635 5.1</gx:coord>

<when>2026-09-24T02:04:31.000Z</when>
<gx:coord>-124.18485816666667 40.781433666666665 6.1</gx:coord>

<when>2026-09-24T02:04:42.000Z</when>
<gx:coord>-124.18590383333334 40.780168333333336 8.4</gx:coord>

<when>2026-09-24T02:04:53.000Z</when>
<gx:coord>-124.18753116666667 40.77907166666667 11.9</gx:coord>

<when>2026-09-24T02:05:04.000Z</when>
<gx:coord>-124.18929083333333 40.77810416666667 11.8</gx:coord>

<when>2026-09-24T02:05:15.000Z</when>
<gx:coord>-124.19012633333332 40.776873333333334 12.4</gx:coord>

<when>2026-09-24T02:05:26.000Z</when>
<gx:coord>-124.19017283333332 40.77670666666667 13.0</gx:coord>

<when>2026-09-24T02:06:10.000Z</when>
<gx:coord>-124.19029783333332 40.776241 15.7</gx:coord>

<when>2026-09-24T02:06:21.000Z</when>
<gx:coord>-124.19048833333333 40.775270500000005 12.3</gx:coord>

<when>2026-09-24T02:06:32.000Z</when>
<gx:coord>-124.190665 40.774412999999996 11.9</gx:coord>

<when>2026-09-24T02:06:43.000Z</when>
<gx:coord>-124.19092983333333 40.77309266666667 10.9</gx:coord>

<when>2026-09-24T02:06:54.000Z</when>
<gx:coord>-124.1912475 40.771488999999995 8.3</gx:coord>

<when>2026-09-24T02:07:05.000Z</when>
<gx:coord>-124.19157799999999 40.76983633333334 6.8</gx:coord>

<when>2026-09-24T02:07:16.000Z</when>
<gx:coord>-124.19175933333332 40.768055499999996 3.4</gx:coord>

<when>2026-09-24T02:07:27.000Z</when>
<gx:coord>-124.19166383333335 40.76614133333333 2.1</gx:coord>

<when>2026-09-24T02:07:38.000Z</when>
<gx:coord>-124.19125916666665 40.764160999999994 0.8</gx:coord>

<when>2026-09-24T02:07:49.000Z</when>
<gx:coord>-124.19059216666668 40.76212983333333 0.9</gx:coord>

<when>2026-09-24T02:08:00.000Z</when>
<gx:coord>-124.18976149999999 40.75989066666667 1.5</gx:coord>

<when>2026-09-24T02:08:11.000Z</when>
<gx:coord>-124.18978566666668 40.75747483333334 2.5</gx:coord>

<when>2026-09-24T02:08:22.000Z</when>
<gx:coord>-124.19097416666666 40.75515133333333 5.4</gx:coord>

<when>2026-09-24T02:08:33.000Z</when>
<gx:coord>-124.19229449999999 40.752779833333335 5.3</gx:coord>

<when>2026-09-24T02:08:44.000Z</when>
<gx:coord>-124.19385633333334 40.75045316666667 5.2</gx:coord>

<when>2026-09-24T02:08:55.000Z</when>
<gx:coord>-124.19614633333335 40.74842816666667 5.2</gx:coord>

<when>2026-09-24T02:09:06.000Z</when>
<gx:coord>-124.19847916666667 40.74636316666667 7.3</gx:coord>

<when>2026-09-24T02:09:17.000Z</when>
<gx:coord>-124.20080983333334 40.744336833333335 10.7</gx:coord>

<when>2026-09-24T02:09:28.000Z</when>
<gx:coord>-124.20323833333332 40.74243616666667 10.2</gx:coord>

<when>2026-09-24T02:09:39.000Z</when>
<gx:coord>-124.20567166666666 40.740527166666666 9.5</gx:coord>

<when>2026-09-24T02:09:50.000Z</when>
<gx:coord>-124.20809983333332 40.738620999999995 10.1</gx:coord>

<when>2026-09-24T02:10:01.000Z</when>
<gx:coord>-124.2102355 40.736586833333334 14.2</gx:coord>

<when>2026-09-24T02:10:12.000Z</when>
<gx:coord>-124.21230949999999 40.73448866666667 13.4</gx:coord>

<when>2026-09-24T02:10:23.000Z</when>
<gx:coord>-124.21408966666668 40.732297499999994 14.0</gx:coord>

<when>2026-09-24T02:10:34.000Z</when>
<gx:coord>-124.21462500000001 40.729806833333335 10.7</gx:coord>

<when>2026-09-24T02:10:45.000Z</when>
<gx:coord>-124.21489533333333 40.727291 9.7</gx:coord>

<when>2026-09-24T02:10:56.000Z</when>
<gx:coord>-124.21516150000001 40.72480616666667 8.6</gx:coord>

<when>2026-09-24T02:11:07.000Z</when>
<gx:coord>-124.2154475 40.7223015 7.1</gx:coord>

<when>2026-09-24T02:11:18.000Z</when>
<gx:coord>-124.21570500000001 40.71974566666667 3.5</gx:coord>

<when>2026-09-24T02:11:29.000Z</when>
<gx:coord>-124.2157785 40.71730433333333 5.4</gx:coord>

<when>2026-09-24T02:11:40.000Z</when>
<gx:coord>-124.21535733333333 40.71501249999999 6.7</gx:coord>

<when>2026-09-24T02:11:51.000Z</when>
<gx:coord>-124.21386833333332 40.71287333333333 4.7</gx:coord>

<when>2026-09-24T02:12:02.000Z</when>
<gx:coord>-124.21224916666667 40.710735666666665 5.6</gx:coord>

<when>2026-09-24T02:12:13.000Z</when>
<gx:coord>-124.21058283333332 40.708537500000006 6.7</gx:coord>

<when>2026-09-24T02:12:24.000Z</when>
<gx:coord>-124.20992933333333 40.70604433333333 10.0</gx:coord>

<when>2026-09-24T02:12:35.000Z</when>
<gx:coord>-124.2095525 40.70357616666667 5.9</gx:coord>

<when>2026-09-24T02:12:46.000Z</when>
<gx:coord>-124.207557 40.701536499999996 1.6</gx:coord>

<when>2026-09-24T02:12:57.000Z</when>
<gx:coord>-124.20524016666668 40.699651333333335 0.8</gx:coord>

<when>2026-09-24T02:13:08.000Z</when>
<gx:coord>-124.20393366666667 40.69723716666667 0.1</gx:coord>

<when>2026-09-24T02:13:19.000Z</when>
<gx:coord>-124.20338033333334 40.69461516666667 -0.2</gx:coord>

<when>2026-09-24T02:13:30.000Z</when>
<gx:coord>-124.20285200000002 40.69204916666667 1.4</gx:coord>

<when>2026-09-24T02:13:41.000Z</when>
<gx:coord>-124.202326 40.68949216666667 1.5</gx:coord>

<when>2026-09-24T02:13:52.000Z</when>
<gx:coord>-124.20178466666667 40.686875 1.5</gx:coord>

<when>2026-09-24T02:14:03.000Z</when>
<gx:coord>-124.20124133333333 40.68424066666667 2.2</gx:coord>

<when>2026-09-24T02:14:14.000Z</when>
<gx:coord>-124.20087183333332 40.681555 2.2</gx:coord>

<when>2026-09-24T02:14:25.000Z</when>
<gx:coord>-124.20110683333333 40.67880666666667 3.0</gx:coord>

<when>2026-09-24T02:14:36.000Z</when>
<gx:coord>-124.201421 40.676099 4.4</gx:coord>

<when>2026-09-24T02:14:47.000Z</when>
<gx:coord>-124.20172933333333 40.673407833333336 4.5</gx:coord>

<when>2026-09-24T02:14:58.000Z</when>
<gx:coord>-124.20206933333333 40.670671166666665 4.5</gx:coord>

<when>2026-09-24T02:15:09.000Z</when>
<gx:coord>-124.20273316666665 40.667888 7.5</gx:coord>

<when>2026-09-24T02:15:20.000Z</when>
<gx:coord>-124.203438 40.66538366666667 22.8</gx:coord>

<when>2026-09-24T02:15:31.000Z</when>
<gx:coord>-124.20405899999999 40.663206833333334 36.1</gx:coord>

<when>2026-09-24T02:15:42.000Z</when>
<gx:coord>-124.20458166666667 40.6612785 48.7</gx:coord>

<when>2026-09-24T02:15:53.000Z</when>
<gx:coord>-124.20533966666666 40.6595685 62.5</gx:coord>

<when>2026-09-24T02:16:04.000Z</when>
<gx:coord>-124.20655133333334 40.658068166666666 72.6</gx:coord>

<when>2026-09-24T02:16:15.000Z</when>
<gx:coord>-124.20821833333333 40.656743666666664 77.6</gx:coord>

<when>2026-09-24T02:16:26.000Z</when>
<gx:coord>-124.20993566666667 40.655370500000004 86.0</gx:coord>

<when>2026-09-24T02:16:37.000Z</when>
<gx:coord>-124.211395 40.653740666666664 89.9</gx:coord>

<when>2026-09-24T02:16:48.000Z</when>
<gx:coord>-124.21178 40.6515685 83.5</gx:coord>

<when>2026-09-24T02:16:59.000Z</when>
<gx:coord>-124.21075216666668 40.6493235 77.8</gx:coord>

<when>2026-09-24T02:17:10.000Z</when>
<gx:coord>-124.20940616666667 40.6470475 74.2</gx:coord>

<when>2026-09-24T02:17:21.000Z</when>
<gx:coord>-124.20849533333333 40.6447125 70.1</gx:coord>

<when>2026-09-24T02:17:32.000Z</when>
<gx:coord>-124.20927283333334 40.64225933333333 71.9</gx:coord>

<when>2026-09-24T02:17:43.000Z</when>
<gx:coord>-124.21046550000001 40.63987516666667 68.6</gx:coord>

<when>2026-09-24T02:17:54.000Z</when>
<gx:coord>-124.21166666666667 40.637451166666665 61.9</gx:coord>

<when>2026-09-24T02:18:05.000Z</when>
<gx:coord>-124.21284466666665 40.6350135 56.2</gx:coord>

<when>2026-09-24T02:18:16.000Z</when>
<gx:coord>-124.21403966666666 40.6325965 54.2</gx:coord>

<when>2026-09-24T02:18:27.000Z</when>
<gx:coord>-124.21523983333333 40.630225833333334 56.9</gx:coord>

<when>2026-09-24T02:18:38.000Z</when>
<gx:coord>-124.216369 40.62790766666667 58.2</gx:coord>

<when>2026-09-24T02:18:49.000Z</when>
<gx:coord>-124.21635300000001 40.62550433333333 51.3</gx:coord>

<when>2026-09-24T02:19:00.000Z</when>
<gx:coord>-124.21449166666667 40.62336783333333 31.9</gx:coord>

<when>2026-09-24T02:19:11.000Z</when>
<gx:coord>-124.2117715 40.62156933333333 22.0</gx:coord>

<when>2026-09-24T02:19:22.000Z</when>
<gx:coord>-124.20852216666665 40.620769833333334 22.6</gx:coord>

<when>2026-09-24T02:19:33.000Z</when>
<gx:coord>-124.20540700000001 40.6199495 25.1</gx:coord>

<when>2026-09-24T02:19:44.000Z</when>
<gx:coord>-124.202945 40.618317833333336 32.9</gx:coord>

<when>2026-09-24T02:19:55.000Z</when>
<gx:coord>-124.20019033333334 40.617028166666664 38.3</gx:coord>

<when>2026-09-24T02:20:06.000Z</when>
<gx:coord>-124.19730816666667 40.615953833333336 37.8</gx:coord>

<when>2026-09-24T02:20:17.000Z</when>
<gx:coord>-124.19465733333332 40.614546499999996 33.3</gx:coord>

<when>2026-09-24T02:20:28.000Z</when>
<gx:coord>-124.19207783333334 40.612962833333334 22.8</gx:coord>

<when>2026-09-24T02:20:39.000Z</when>
<gx:coord>-124.18985283333335 40.61107266666667 16.9</gx:coord>

<when>2026-09-24T02:20:50.000Z</when>
<gx:coord>-124.18769466666666 40.6093005 19.9</gx:coord>

<when>2026-09-24T02:21:01.000Z</when>
<gx:coord>-124.18538833333332 40.607656166666665 18.5</gx:coord>

<when>2026-09-24T02:21:12.000Z</when>
<gx:coord>-124.18280416666667 40.60632666666667 22.2</gx:coord>

<when>2026-09-24T02:21:23.000Z</when>
<gx:coord>-124.17982683333334 40.605382166666665 19.0</gx:coord>

<when>2026-09-24T02:21:34.000Z</when>
<gx:coord>-124.17697966666668 40.604249833333334 20.6</gx:coord>

<when>2026-09-24T02:21:45.000Z</when>
<gx:coord>-124.17427966666668 40.60284733333334 22.2</gx:coord>

<when>2026-09-24T02:21:56.000Z</when>
<gx:coord>-124.17137883333335 40.60158966666667 19.9</gx:coord>

<when>2026-09-24T02:22:07.000Z</when>
<gx:coord>-124.16866933333334 40.60003533333334 18.9</gx:coord>

<when>2026-09-24T02:22:18.000Z</when>
<gx:coord>-124.16670500000001 40.59805933333334 18.7</gx:coord>

<when>2026-09-24T02:22:29.000Z</when>
<gx:coord>-124.163893 40.596690833333334 12.9</gx:coord>

<when>2026-09-24T02:22:40.000Z</when>
<gx:coord>-124.16091916666667 40.59547833333333 11.8</gx:coord>

<when>2026-09-24T02:22:51.000Z</when>
<gx:coord>-124.15855416666666 40.59373866666667 11.7</gx:coord>

<when>2026-09-24T02:23:02.000Z</when>
<gx:coord>-124.15729099999999 40.5914285 11.7</gx:coord>

<when>2026-09-24T02:23:13.000Z</when>
<gx:coord>-124.15634666666668 40.58901016666667 11.8</gx:coord>

<when>2026-09-24T02:23:24.000Z</when>
<gx:coord>-124.15446250000001 40.58681716666667 14.4</gx:coord>

<when>2026-09-24T02:23:35.000Z</when>
<gx:coord>-124.15260016666667 40.58461533333333 14.5</gx:coord>

<when>2026-09-24T02:23:46.000Z</when>
<gx:coord>-124.15149616666667 40.582165333333336 15.1</gx:coord>

<when>2026-09-24T02:23:57.000Z</when>
<gx:coord>-124.15046933333333 40.57970833333333 15.5</gx:coord>

<when>2026-09-24T02:24:08.000Z</when>
<gx:coord>-124.1496185 40.5772135 15.0</gx:coord>

<when>2026-09-24T02:24:19.000Z</when>
<gx:coord>-124.14917066666666 40.57477733333334 20.8</gx:coord>

<when>2026-09-24T02:24:30.000Z</when>
<gx:coord>-124.14899383333335 40.57236616666667 15.9</gx:coord>

<when>2026-09-24T02:24:41.000Z</when>
<gx:coord>-124.14881733333335 40.56991466666667 17.6</gx:coord>

<when>2026-09-24T02:24:52.000Z</when>
<gx:coord>-124.14864166666666 40.56748483333333 17.8</gx:coord>

<when>2026-09-24T02:25:03.000Z</when>
<gx:coord>-124.148355 40.56508899999999 18.1</gx:coord>

<when>2026-09-24T02:25:14.000Z</when>
<gx:coord>-124.14794583333332 40.56268733333333 18.6</gx:coord>

<when>2026-09-24T02:25:25.000Z</when>
<gx:coord>-124.14753366666667 40.560279666666666 18.4</gx:coord>

<when>2026-09-24T02:25:36.000Z</when>
<gx:coord>-124.14711466666668 40.55783983333333 19.2</gx:coord>

<when>2026-09-24T02:25:47.000Z</when>
<gx:coord>-124.14669566666667 40.55537616666666 19.2</gx:coord>

<when>2026-09-24T02:25:58.000Z</when>
<gx:coord>-124.14624983333333 40.55283 19.7</gx:coord>

<when>2026-09-24T02:26:09.000Z</when>
<gx:coord>-124.14581199999999 40.55026333333333 21.9</gx:coord>

<when>2026-09-24T02:26:20.000Z</when>
<gx:coord>-124.14536083333333 40.54771733333334 23.2</gx:coord>

<when>2026-09-24T02:26:31.000Z</when>
<gx:coord>-124.14493083333333 40.545204166666664 23.7</gx:coord>

<when>2026-09-24T02:26:42.000Z</when>
<gx:coord>-124.14469916666667 40.54266416666667 23.9</gx:coord>

<when>2026-09-24T02:26:53.000Z</when>
<gx:coord>-124.14560699999998 40.54020833333333 23.7</gx:coord>

<when>2026-09-24T02:27:04.000Z</when>
<gx:coord>-124.14716233333333 40.537970333333334 26.8</gx:coord>

<when>2026-09-24T02:27:15.000Z</when>
<gx:coord>-124.14876166666666 40.5356875 22.9</gx:coord>

<when>2026-09-24T02:27:26.000Z</when>
<gx:coord>-124.15025083333333 40.533492833333334 19.4</gx:coord>

<when>2026-09-24T02:27:37.000Z</when>
<gx:coord>-124.15094466666666 40.53122366666666 18.8</gx:coord>

<when>2026-09-24T02:27:48.000Z</when>
<gx:coord>-124.15147416666666 40.528966999999994 21.6</gx:coord>

<when>2026-09-24T02:27:59.000Z</when>
<gx:coord>-124.15133966666666 40.52672966666667 24.5</gx:coord>

<when>2026-09-24T02:28:10.000Z</when>
<gx:coord>-124.15004383333334 40.524668 23.9</gx:coord>

<when>2026-09-24T02:28:21.000Z</when>
<gx:coord>-124.14824449999999 40.522738499999996 25.1</gx:coord>

<when>2026-09-24T02:28:32.000Z</when>
<gx:coord>-124.14630600000001 40.52090933333333 26.4</gx:coord>

<when>2026-09-24T02:28:43.000Z</when>
<gx:coord>-124.143572 40.519671833333334 25.5</gx:coord>

<when>2026-09-24T02:28:54.000Z</when>
<gx:coord>-124.14063816666666 40.51855583333334 22.5</gx:coord>

<when>2026-09-24T02:29:05.000Z</when>
<gx:coord>-124.13767133333334 40.51743516666667 22.6</gx:coord>

<when>2026-09-24T02:29:16.000Z</when>
<gx:coord>-124.13467983333334 40.51629333333334 23.0</gx:coord>

<when>2026-09-24T02:29:27.000Z</when>
<gx:coord>-124.13167316666667 40.5151485 22.9</gx:coord>

<when>2026-09-24T02:29:38.000Z</when>
<gx:coord>-124.12867066666668 40.51400116666667 22.7</gx:coord>

<when>2026-09-24T02:29:49.000Z</when>
<gx:coord>-124.12600483333333 40.51268583333333 25.7</gx:coord>

<when>2026-09-24T02:30:00.000Z</when>
<gx:coord>-124.12393583333332 40.510933 32.9</gx:coord>

<when>2026-09-24T02:30:11.000Z</when>
<gx:coord>-124.12187633333333 40.50918916666667 35.7</gx:coord>

<when>2026-09-24T02:30:22.000Z</when>
<gx:coord>-124.11935133333333 40.507927 35.5</gx:coord>

<when>2026-09-24T02:30:33.000Z</when>
<gx:coord>-124.11635249999999 40.507172 34.6</gx:coord>

<when>2026-09-24T02:30:44.000Z</when>
<gx:coord>-124.11333666666665 40.50643733333333 37.8</gx:coord>

<when>2026-09-24T02:30:55.000Z</when>
<gx:coord>-124.11032150000001 40.50569533333333 40.6</gx:coord>

<when>2026-09-24T02:31:06.000Z</when>
<gx:coord>-124.10713666666668 40.5050575 38.7</gx:coord>

<when>2026-09-24T02:31:17.000Z</when>
<gx:coord>-124.1039325 40.50459033333333 33.8</gx:coord>

<when>2026-09-24T02:31:28.000Z</when>
<gx:coord>-124.10129833333333 40.50325566666667 31.9</gx:coord>

<when>2026-09-24T02:31:39.000Z</when>
<gx:coord>-124.09979983333332 40.50113833333333 32.2</gx:coord>

<when>2026-09-24T02:31:50.000Z</when>
<gx:coord>-124.09912000000001 40.4987145 34.3</gx:coord>

<when>2026-09-24T02:32:01.000Z</when>
<gx:coord>-124.09845216666666 40.49627266666666 37.4</gx:coord>

<when>2026-09-24T02:32:12.000Z</when>
<gx:coord>-124.09798700000002 40.4938575 41.9</gx:coord>

<when>2026-09-24T02:32:23.000Z</when>
<gx:coord>-124.09793983333333 40.49150066666667 46.5</gx:coord>

<when>2026-09-24T02:32:34.000Z</when>
<gx:coord>-124.09828416666666 40.48913883333333 50.7</gx:coord>

<when>2026-09-24T02:32:45.000Z</when>
<gx:coord>-124.09899583333332 40.486830499999996 51.9</gx:coord>

<when>2026-09-24T02:32:56.000Z</when>
<gx:coord>-124.099485 40.484495 58.8</gx:coord>

<when>2026-09-24T02:33:07.000Z</when>
<gx:coord>-124.09941766666667 40.482276 71.7</gx:coord>

<when>2026-09-24T02:33:18.000Z</when>
<gx:coord>-124.10016216666666 40.48016483333333 73.1</gx:coord>

<when>2026-09-24T02:33:29.000Z</when>
<gx:coord>-124.100391 40.477805833333335 66.6</gx:coord>

<when>2026-09-24T02:33:40.000Z</when>
<gx:coord>-124.10016449999999 40.47537783333333 53.9</gx:coord>

<when>2026-09-24T02:33:51.000Z</when>
<gx:coord>-124.09946483333333 40.473018 46.1</gx:coord>

<when>2026-09-24T02:34:02.000Z</when>
<gx:coord>-124.09800366666666 40.47089733333333 46.6</gx:coord>

<when>2026-09-24T02:34:13.000Z</when>
<gx:coord>-124.09625849999999 40.468891666666664 44.7</gx:coord>

<when>2026-09-24T02:34:24.000Z</when>
<gx:coord>-124.09434350000001 40.46682033333333 38.2</gx:coord>

<when>2026-09-24T02:34:35.000Z</when>
<gx:coord>-124.09255616666665 40.4647825 37.2</gx:coord>

<when>2026-09-24T02:34:46.000Z</when>
<gx:coord>-124.09047883333332 40.463034 36.7</gx:coord>

<when>2026-09-24T02:34:57.000Z</when>
<gx:coord>-124.08750866666666 40.46206333333334 35.5</gx:coord>

<when>2026-09-24T02:35:08.000Z</when>
<gx:coord>-124.08434899999999 40.461347333333336 34.7</gx:coord>

<when>2026-09-24T02:35:20.000Z</when>
<gx:coord>-124.08094150000001 40.46058816666667 36.7</gx:coord>

<when>2026-09-24T02:35:31.000Z</when>
<gx:coord>-124.07789016666666 40.45990966666667 41.0</gx:coord>

<when>2026-09-24T02:35:42.000Z</when>
<gx:coord>-124.0748765 40.459230000000005 44.2</gx:coord>

<when>2026-09-24T02:35:53.000Z</when>
<gx:coord>-124.07183683333332 40.45871016666667 47.5</gx:coord>

<when>2026-09-24T02:36:04.000Z</when>
<gx:coord>-124.06901033333334 40.45818733333333 48.2</gx:coord>

<when>2026-09-24T02:36:15.000Z</when>
<gx:coord>-124.06707 40.45664033333333 48.3</gx:coord>

<when>2026-09-24T02:36:26.000Z</when>
<gx:coord>-124.06533066666667 40.45499033333333 47.0</gx:coord>

<when>2026-09-24T02:36:37.000Z</when>
<gx:coord>-124.06272849999999 40.45411616666667 43.3</gx:coord>

<when>2026-09-24T02:36:48.000Z</when>
<gx:coord>-124.05972949999999 40.454061333333335 41.2</gx:coord>

<when>2026-09-24T02:36:59.000Z</when>
<gx:coord>-124.05658783333335 40.454028 40.4</gx:coord>

<when>2026-09-24T02:37:10.000Z</when>
<gx:coord>-124.0533685 40.453976 41.7</gx:coord>

<when>2026-09-24T02:37:21.000Z</when>
<gx:coord>-124.05021649999999 40.4538685 43.1</gx:coord>

<when>2026-09-24T02:37:32.000Z</when>
<gx:coord>-124.04748733333332 40.4529345 49.4</gx:coord>

<when>2026-09-24T02:37:43.000Z</when>
<gx:coord>-124.04525 40.45161733333334 57.4</gx:coord>

<when>2026-09-24T02:37:54.000Z</when>
<gx:coord>-124.04315216666667 40.45030766666666 68.0</gx:coord>

<when>2026-09-24T02:38:05.000Z</when>
<gx:coord>-124.04124850000001 40.44880083333333 73.8</gx:coord>

<when>2026-09-24T02:38:16.000Z</when>
<gx:coord>-124.03977233333332 40.44712683333333 73.6</gx:coord>

<when>2026-09-24T02:38:27.000Z</when>
<gx:coord>-124.03961233333332 40.44511216666667 64.6</gx:coord>

<when>2026-09-24T02:38:38.000Z</when>
<gx:coord>-124.039511 40.442813 47.5</gx:coord>

<when>2026-09-24T02:38:49.000Z</when>
<gx:coord>-124.03789766666665 40.44083316666667 43.2</gx:coord>

<when>2026-09-24T02:39:00.000Z</when>
<gx:coord>-124.03528983333332 40.439841333333334 41.8</gx:coord>

<when>2026-09-24T02:39:11.000Z</when>
<gx:coord>-124.03225733333332 40.43981 40.7</gx:coord>

<when>2026-09-24T02:39:22.000Z</when>
<gx:coord>-124.02915083333333 40.43990733333333 44.0</gx:coord>

<when>2026-09-24T02:39:33.000Z</when>
<gx:coord>-124.0261305 40.44025966666666 47.2</gx:coord>

<when>2026-09-24T02:39:44.000Z</when>
<gx:coord>-124.02315833333333 40.44103233333333 44.5</gx:coord>

<when>2026-09-24T02:39:55.000Z</when>
<gx:coord>-124.02016316666668 40.44219233333333 43.8</gx:coord>

<when>2026-09-24T02:40:06.000Z</when>
<gx:coord>-124.01726 40.44323716666667 42.4</gx:coord>

<when>2026-09-24T02:40:17.000Z</when>
<gx:coord>-124.01417716666668 40.44382033333333 43.5</gx:coord>

<when>2026-09-24T02:40:28.000Z</when>
<gx:coord>-124.01102033333333 40.44389066666667 49.3</gx:coord>

<when>2026-09-24T02:40:39.000Z</when>
<gx:coord>-124.0079575 40.4438595 45.3</gx:coord>

<when>2026-09-24T02:40:50.000Z</when>
<gx:coord>-124.00513783333332 40.442825666666664 37.9</gx:coord>

<when>2026-09-24T02:41:01.000Z</when>
<gx:coord>-124.003 40.44103433333333 41.2</gx:coord>

<when>2026-09-24T02:41:12.000Z</when>
<gx:coord>-124.00089366666667 40.439218833333335 42.1</gx:coord>

<when>2026-09-24T02:41:23.000Z</when>
<gx:coord>-123.998766 40.437456833333336 42.8</gx:coord>

<when>2026-09-24T02:41:34.000Z</when>
<gx:coord>-123.99602283333334 40.436340666666666 43.2</gx:coord>

<when>2026-09-24T02:41:45.000Z</when>
<gx:coord>-123.99292783333334 40.4358485 44.2</gx:coord>

<when>2026-09-24T02:41:56.000Z</when>
<gx:coord>-123.98976183333335 40.43534916666667 45.2</gx:coord>

<when>2026-09-24T02:42:07.000Z</when>
<gx:coord>-123.98697983333335 40.43423716666667 43.5</gx:coord>

<when>2026-09-24T02:42:18.000Z</when>
<gx:coord>-123.985557 40.43208683333333 44.4</gx:coord>

<when>2026-09-24T02:42:29.000Z</when>
<gx:coord>-123.98438833333333 40.429826000000006 46.6</gx:coord>

<when>2026-09-24T02:42:40.000Z</when>
<gx:coord>-123.983243 40.427789 59.3</gx:coord>

<when>2026-09-24T02:42:51.000Z</when>
<gx:coord>-123.98281183333332 40.425953166666666 76.5</gx:coord>

<when>2026-09-24T02:43:02.000Z</when>
<gx:coord>-123.98253150000001 40.4242835 92.6</gx:coord>

<when>2026-09-24T02:43:13.000Z</when>
<gx:coord>-123.98229216666665 40.42272666666667 103.2</gx:coord>

<when>2026-09-24T02:43:24.000Z</when>
<gx:coord>-123.98197733333333 40.421199 108.2</gx:coord>

<when>2026-09-24T02:43:35.000Z</when>
<gx:coord>-123.98117033333334 40.41954933333333 114.1</gx:coord>

<when>2026-09-24T02:43:46.000Z</when>
<gx:coord>-123.98002566666668 40.4177185 116.1</gx:coord>

<when>2026-09-24T02:43:57.000Z</when>
<gx:coord>-123.97853400000001 40.415880333333334 111.4</gx:coord>

<when>2026-09-24T02:44:08.000Z</when>
<gx:coord>-123.9760835 40.4147445 103.6</gx:coord>

<when>2026-09-24T02:44:19.000Z</when>
<gx:coord>-123.97334566666665 40.41394883333333 99.5</gx:coord>

<when>2026-09-24T02:44:30.000Z</when>
<gx:coord>-123.97044633333334 40.413753 98.2</gx:coord>

<when>2026-09-24T02:44:41.000Z</when>
<gx:coord>-123.96753849999999 40.41398516666666 102.0</gx:coord>

<when>2026-09-24T02:44:52.000Z</when>
<gx:coord>-123.96466916666668 40.413661166666664 105.9</gx:coord>

<when>2026-09-24T02:45:03.000Z</when>
<gx:coord>-123.96220399999999 40.41234233333333 101.2</gx:coord>

<when>2026-09-24T02:45:14.000Z</when>
<gx:coord>-123.960382 40.410358333333335 91.9</gx:coord>

<when>2026-09-24T02:45:25.000Z</when>
<gx:coord>-123.9585925 40.40832516666667 91.5</gx:coord>

<when>2026-09-24T02:45:36.000Z</when>
<gx:coord>-123.95686849999998 40.40636466666667 93.1</gx:coord>

<when>2026-09-24T02:45:47.000Z</when>
<gx:coord>-123.95513066666666 40.40441283333334 94.4</gx:coord>

<when>2026-09-24T02:45:58.000Z</when>
<gx:coord>-123.95336199999998 40.40244533333334 96.3</gx:coord>

<when>2026-09-24T02:46:09.000Z</when>
<gx:coord>-123.95167699999999 40.40050816666667 104.3</gx:coord>

<when>2026-09-24T02:46:20.000Z</when>
<gx:coord>-123.94986133333332 40.398697 113.5</gx:coord>

<when>2026-09-24T02:46:31.000Z</when>
<gx:coord>-123.947509 40.39732866666667 120.9</gx:coord>

<when>2026-09-24T02:46:42.000Z</when>
<gx:coord>-123.94471800000001 40.39647016666667 121.5</gx:coord>

<when>2026-09-24T02:46:53.000Z</when>
<gx:coord>-123.94172233333332 40.39611166666667 116.2</gx:coord>

<when>2026-09-24T02:47:04.000Z</when>
<gx:coord>-123.93865750000002 40.39577833333333 114.4</gx:coord>

<when>2026-09-24T02:47:15.000Z</when>
<gx:coord>-123.935848 40.39522483333334 117.0</gx:coord>

<when>2026-09-24T02:47:26.000Z</when>
<gx:coord>-123.93392416666666 40.39366 116.4</gx:coord>

<when>2026-09-24T02:47:37.000Z</when>
<gx:coord>-123.9327635 40.3916305 111.2</gx:coord>

<when>2026-09-24T02:47:48.000Z</when>
<gx:coord>-123.93219333333333 40.38944016666667 103.1</gx:coord>

<when>2026-09-24T02:47:59.000Z</when>
<gx:coord>-123.93085950000001 40.387375166666665 96.5</gx:coord>

<when>2026-09-24T02:48:10.000Z</when>
<gx:coord>-123.92972333333334 40.38516383333333 93.4</gx:coord>

<when>2026-09-24T02:48:21.000Z</when>
<gx:coord>-123.92891033333332 40.3827685 95.4</gx:coord>

<when>2026-09-24T02:48:32.000Z</when>
<gx:coord>-123.928216 40.3803415 98.8</gx:coord>

<when>2026-09-24T02:48:43.000Z</when>
<gx:coord>-123.92777083333334 40.377993 107.0</gx:coord>

<when>2026-09-24T02:48:54.000Z</when>
<gx:coord>-123.92677616666667 40.37595966666667 101.6</gx:coord>

<when>2026-09-24T02:49:05.000Z</when>
<gx:coord>-123.926284 40.37388466666666 86.4</gx:coord>

<when>2026-09-24T02:49:16.000Z</when>
<gx:coord>-123.92695499999999 40.37175183333333 75.3</gx:coord>

<when>2026-09-24T02:49:27.000Z</when>
<gx:coord>-123.92644583333335 40.36967983333333 73.5</gx:coord>

<when>2026-09-24T02:49:38.000Z</when>
<gx:coord>-123.92451783333333 40.368071 78.5</gx:coord>

<when>2026-09-24T02:49:49.000Z</when>
<gx:coord>-123.92272133333333 40.36641483333334 73.0</gx:coord>

<when>2026-09-24T02:50:00.000Z</when>
<gx:coord>-123.92117566666666 40.364334666666664 59.5</gx:coord>

<when>2026-09-24T02:50:11.000Z</when>
<gx:coord>-123.91992766666665 40.36212783333334 54.5</gx:coord>

<when>2026-09-24T02:50:22.000Z</when>
<gx:coord>-123.92056583333333 40.35982483333333 52.3</gx:coord>

<when>2026-09-24T02:50:33.000Z</when>
<gx:coord>-123.92222733333334 40.35784566666667 46.9</gx:coord>

<when>2026-09-24T02:50:44.000Z</when>
<gx:coord>-123.92444099999999 40.35611466666667 45.7</gx:coord>

<when>2026-09-24T02:50:55.000Z</when>
<gx:coord>-123.9266335 40.35425766666666 41.3</gx:coord>

<when>2026-09-24T02:51:06.000Z</when>
<gx:coord>-123.92866816666668 40.352495833333336 38.2</gx:coord>

<when>2026-09-24T02:51:17.000Z</when>
<gx:coord>-123.92968733333333 40.350354 37.2</gx:coord>

<when>2026-09-24T02:51:28.000Z</when>
<gx:coord>-123.93028683333333 40.34798166666667 33.0</gx:coord>

<when>2026-09-24T02:51:39.000Z</when>
<gx:coord>-123.931359 40.34566683333333 39.3</gx:coord>

<when>2026-09-24T02:51:50.000Z</when>
<gx:coord>-123.9320105 40.3432785 31.4</gx:coord>

<when>2026-09-24T02:52:01.000Z</when>
<gx:coord>-123.93338666666665 40.341347166666665 39.2</gx:coord>

<when>2026-09-24T02:52:12.000Z</when>
<gx:coord>-123.93427500000001 40.339527 54.6</gx:coord>

<when>2026-09-24T02:52:23.000Z</when>
<gx:coord>-123.93374716666668 40.337671500000006 69.0</gx:coord>

<when>2026-09-24T02:52:34.000Z</when>
<gx:coord>-123.93211516666666 40.33613783333333 74.4</gx:coord>

<when>2026-09-24T02:52:45.000Z</when>
<gx:coord>-123.93008816666666 40.334506000000005 77.2</gx:coord>

<when>2026-09-24T02:52:56.000Z</when>
<gx:coord>-123.92817633333334 40.33257066666667 81.0</gx:coord>

<when>2026-09-24T02:53:07.000Z</when>
<gx:coord>-123.92645433333334 40.33053099999999 90.7</gx:coord>

<when>2026-09-24T02:53:18.000Z</when>
<gx:coord>-123.92432616666669 40.32875883333334 90.5</gx:coord>

<when>2026-09-24T02:53:29.000Z</when>
<gx:coord>-123.92240466666665 40.326927 90.5</gx:coord>

<when>2026-09-24T02:53:40.000Z</when>
<gx:coord>-123.92166049999999 40.32462783333334 87.4</gx:coord>

<when>2026-09-24T02:53:51.000Z</when>
<gx:coord>-123.92140183333335 40.32205866666666 92.9</gx:coord>

<when>2026-09-24T02:54:02.000Z</when>
<gx:coord>-123.92115583333334 40.319498833333334 97.4</gx:coord>

<when>2026-09-24T02:54:13.000Z</when>
<gx:coord>-123.92028866666666 40.317332 97.2</gx:coord>

<when>2026-09-24T02:54:24.000Z</when>
<gx:coord>-123.91800816666667 40.315789 95.8</gx:coord>

<when>2026-09-24T02:54:35.000Z</when>
<gx:coord>-123.91543766666668 40.314444333333334 94.9</gx:coord>

<when>2026-09-24T02:54:46.000Z</when>
<gx:coord>-123.91248016666665 40.313452 95.5</gx:coord>

<when>2026-09-24T02:54:57.000Z</when>
<gx:coord>-123.909575 40.31238133333333 88.3</gx:coord>

<when>2026-09-24T02:55:08.000Z</when>
<gx:coord>-123.90753099999999 40.310613333333336 90.6</gx:coord>

<when>2026-09-24T02:55:19.000Z</when>
<gx:coord>-123.90577749999999 40.308789499999996 93.1</gx:coord>

<when>2026-09-24T02:55:30.000Z</when>
<gx:coord>-123.90372466666668 40.3071435 98.3</gx:coord>

<when>2026-09-24T02:55:41.000Z</when>
<gx:coord>-123.90153033333333 40.305622166666666 99.0</gx:coord>

<when>2026-09-24T02:55:52.000Z</when>
<gx:coord>-123.89846933333335 40.30499283333334 94.0</gx:coord>

<when>2026-09-24T02:56:03.000Z</when>
<gx:coord>-123.89542600000001 40.30444216666667 85.9</gx:coord>

<when>2026-09-24T02:56:14.000Z</when>
<gx:coord>-123.8932315 40.302874833333334 91.4</gx:coord>

<when>2026-09-24T02:56:25.000Z</when>
<gx:coord>-123.89250599999998 40.300675166666664 95.4</gx:coord>

<when>2026-09-24T02:56:36.000Z</when>
<gx:coord>-123.89220816666666 40.298502666666664 97.7</gx:coord>

<when>2026-09-24T02:56:47.000Z</when>
<gx:coord>-123.89294450000001 40.296324166666665 98.5</gx:coord>

<when>2026-09-24T02:56:58.000Z</when>
<gx:coord>-123.89383216666666 40.294066666666666 95.0</gx:coord>

<when>2026-09-24T02:57:09.000Z</when>
<gx:coord>-123.89528416666666 40.29188083333334 90.7</gx:coord>

<when>2026-09-24T02:57:20.000Z</when>
<gx:coord>-123.89634583333333 40.2897205 85.9</gx:coord>

<when>2026-09-24T02:57:31.000Z</when>
<gx:coord>-123.89557850000001 40.287512666666665 90.3</gx:coord>

<when>2026-09-24T02:57:42.000Z</when>
<gx:coord>-123.893245 40.285926499999995 100.8</gx:coord>

<when>2026-09-24T02:57:53.000Z</when>
<gx:coord>-123.89041350000001 40.285056166666664 103.2</gx:coord>

<when>2026-09-24T02:58:04.000Z</when>
<gx:coord>-123.88811116666666 40.283607833333335 101.3</gx:coord>

<when>2026-09-24T02:58:15.000Z</when>
<gx:coord>-123.88733183333333 40.28136266666667 103.5</gx:coord>

<when>2026-09-24T02:58:26.000Z</when>
<gx:coord>-123.88622016666667 40.2791285 98.6</gx:coord>

<when>2026-09-24T02:58:37.000Z</when>
<gx:coord>-123.88429816666667 40.27709216666666 96.9</gx:coord>

<when>2026-09-24T02:58:48.000Z</when>
<gx:coord>-123.882353 40.275259166666665 96.3</gx:coord>

<when>2026-09-24T02:58:59.000Z</when>
<gx:coord>-123.87999566666667 40.27368116666666 93.6</gx:coord>

<when>2026-09-24T02:59:10.000Z</when>
<gx:coord>-123.87734366666668 40.27232183333333 82.4</gx:coord>

<when>2026-09-24T02:59:21.000Z</when>
<gx:coord>-123.87502799999999 40.2706765 69.4</gx:coord>

<when>2026-09-24T02:59:32.000Z</when>
<gx:coord>-123.87386 40.268474 60.3</gx:coord>

<when>2026-09-24T02:59:43.000Z</when>
<gx:coord>-123.87160816666668 40.266853833333336 61.2</gx:coord>

<when>2026-09-24T02:59:54.000Z</when>
<gx:coord>-123.86866116666667 40.266124500000004 63.7</gx:coord>

<when>2026-09-24T03:00:05.000Z</when>
<gx:coord>-123.86581399999999 40.2668215 66.9</gx:coord>

<when>2026-09-24T03:00:16.000Z</when>
<gx:coord>-123.86382066666665 40.26848616666667 75.9</gx:coord>

<when>2026-09-24T03:00:27.000Z</when>
<gx:coord>-123.86177083333332 40.26977733333333 89.9</gx:coord>

<when>2026-09-24T03:00:38.000Z</when>
<gx:coord>-123.85968083333334 40.27081916666667 98.2</gx:coord>

<when>2026-09-24T03:00:49.000Z</when>
<gx:coord>-123.857331 40.271801833333335 105.1</gx:coord>

<when>2026-09-24T03:01:00.000Z</when>
<gx:coord>-123.85479283333333 40.271934 108.8</gx:coord>

<when>2026-09-24T03:01:11.000Z</when>
<gx:coord>-123.85288833333334 40.27047166666667 96.3</gx:coord>

<when>2026-09-24T03:01:22.000Z</when>
<gx:coord>-123.8520915 40.26818133333334 82.2</gx:coord>

<when>2026-09-24T03:01:33.000Z</when>
<gx:coord>-123.85013516666667 40.26632683333333 79.1</gx:coord>

<when>2026-09-24T03:01:44.000Z</when>
<gx:coord>-123.84797150000001 40.26469083333333 73.4</gx:coord>

<when>2026-09-24T03:01:55.000Z</when>
<gx:coord>-123.84714433333332 40.26250983333333 65.4</gx:coord>

<when>2026-09-24T03:02:06.000Z</when>
<gx:coord>-123.8455525 40.26051333333333 58.3</gx:coord>

<when>2026-09-24T03:02:17.000Z</when>
<gx:coord>-123.84323383333334 40.258881333333335 55.6</gx:coord>

<when>2026-09-24T03:02:28.000Z</when>
<gx:coord>-123.8403285 40.257660333333334 55.1</gx:coord>

<when>2026-09-24T03:02:39.000Z</when>
<gx:coord>-123.83749416666666 40.25623433333333 62.9</gx:coord>

<when>2026-09-24T03:02:50.000Z</when>
<gx:coord>-123.83480666666668 40.254725666666666 73.9</gx:coord>

<when>2026-09-24T03:03:01.000Z</when>
<gx:coord>-123.83280799999999 40.252728000000005 79.4</gx:coord>

<when>2026-09-24T03:03:12.000Z</when>
<gx:coord>-123.83179083333334 40.25035616666666 79.8</gx:coord>

<when>2026-09-24T03:03:23.000Z</when>
<gx:coord>-123.83167966666666 40.24784116666667 72.0</gx:coord>

<when>2026-09-24T03:03:34.000Z</when>
<gx:coord>-123.83168400000001 40.24512133333334 66.0</gx:coord>

<when>2026-09-24T03:03:45.000Z</when>
<gx:coord>-123.83168516666667 40.242282 69.4</gx:coord>

<when>2026-09-24T03:03:56.000Z</when>
<gx:coord>-123.83199366666668 40.23948016666667 67.3</gx:coord>

<when>2026-09-24T03:04:07.000Z</when>
<gx:coord>-123.83294433333334 40.23681916666667 67.4</gx:coord>

<when>2026-09-24T03:04:18.000Z</when>
<gx:coord>-123.83330683333334 40.234369 68.2</gx:coord>

<when>2026-09-24T03:04:29.000Z</when>
<gx:coord>-123.83212116666667 40.2320435 66.3</gx:coord>

<when>2026-09-24T03:04:40.000Z</when>
<gx:coord>-123.83056 40.22975233333333 61.5</gx:coord>

<when>2026-09-24T03:04:51.000Z</when>
<gx:coord>-123.82948916666668 40.227403333333335 60.5</gx:coord>

<when>2026-09-24T03:05:02.000Z</when>
<gx:coord>-123.82818383333333 40.225123 60.7</gx:coord>

<when>2026-09-24T03:05:13.000Z</when>
<gx:coord>-123.82617266666666 40.22302766666667 68.7</gx:coord>

<when>2026-09-24T03:05:24.000Z</when>
<gx:coord>-123.82413866666666 40.22100833333333 74.0</gx:coord>

<when>2026-09-24T03:05:35.000Z</when>
<gx:coord>-123.82173133333332 40.2194905 73.2</gx:coord>

<when>2026-09-24T03:05:46.000Z</when>
<gx:coord>-123.81914816666668 40.21799383333334 74.6</gx:coord>

<when>2026-09-24T03:05:57.000Z</when>
<gx:coord>-123.81658266666666 40.21660733333333 79.9</gx:coord>

<when>2026-09-24T03:06:08.000Z</when>
<gx:coord>-123.81344783333334 40.216399833333334 80.1</gx:coord>

<when>2026-09-24T03:06:19.000Z</when>
<gx:coord>-123.81044766666668 40.21738933333334 75.7</gx:coord>

<when>2026-09-24T03:06:30.000Z</when>
<gx:coord>-123.80763233333333 40.2186465 72.4</gx:coord>

<when>2026-09-24T03:06:41.000Z</when>
<gx:coord>-123.80499766666665 40.220097 70.1</gx:coord>

<when>2026-09-24T03:06:52.000Z</when>
<gx:coord>-123.80188633333334 40.22053116666667 68.1</gx:coord>

<when>2026-09-24T03:07:03.000Z</when>
<gx:coord>-123.79883616666666 40.21983866666667 69.5</gx:coord>

<when>2026-09-24T03:07:14.000Z</when>
<gx:coord>-123.79584966666668 40.218780833333334 71.6</gx:coord>

<when>2026-09-24T03:07:25.000Z</when>
<gx:coord>-123.793565 40.21704366666667 73.8</gx:coord>

<when>2026-09-24T03:07:36.000Z</when>
<gx:coord>-123.79276916666667 40.21464683333333 72.5</gx:coord>

<when>2026-09-24T03:07:47.000Z</when>
<gx:coord>-123.7925175 40.21211183333333 72.7</gx:coord>

<when>2026-09-24T03:07:58.000Z</when>
<gx:coord>-123.792269 40.20955716666666 72.9</gx:coord>

<when>2026-09-24T03:08:09.000Z</when>
<gx:coord>-123.79130766666667 40.207086 71.4</gx:coord>

<when>2026-09-24T03:08:20.000Z</when>
<gx:coord>-123.78936516666666 40.20494383333333 67.5</gx:coord>

<when>2026-09-24T03:08:31.000Z</when>
<gx:coord>-123.7868495 40.20322866666667 70.2</gx:coord>

<when>2026-09-24T03:08:42.000Z</when>
<gx:coord>-123.78421600000001 40.201830666666666 77.5</gx:coord>

<when>2026-09-24T03:08:53.000Z</when>
<gx:coord>-123.78103083333332 40.200921666666666 75.7</gx:coord>

<when>2026-09-24T03:09:04.000Z</when>
<gx:coord>-123.777899 40.199828333333336 73.8</gx:coord>

<when>2026-09-24T03:09:15.000Z</when>
<gx:coord>-123.7761785 40.19778483333334 71.6</gx:coord>

<when>2026-09-24T03:09:26.000Z</when>
<gx:coord>-123.77444566666667 40.195737 67.4</gx:coord>

<when>2026-09-24T03:09:37.000Z</when>
<gx:coord>-123.77201183333334 40.194092999999995 84.8</gx:coord>

<when>2026-09-24T03:09:48.000Z</when>
<gx:coord>-123.77097583333334 40.191931999999994 91.9</gx:coord>

<when>2026-09-24T03:09:59.000Z</when>
<gx:coord>-123.77163166666666 40.189649833333334 93.6</gx:coord>

<when>2026-09-24T03:10:10.000Z</when>
<gx:coord>-123.77302416666667 40.18731416666667 90.0</gx:coord>

<when>2026-09-24T03:10:21.000Z</when>
<gx:coord>-123.77451100000002 40.18485116666667 85.6</gx:coord>

<when>2026-09-24T03:10:32.000Z</when>
<gx:coord>-123.77598866666668 40.182398166666665 80.8</gx:coord>

<when>2026-09-24T03:10:43.000Z</when>
<gx:coord>-123.77778000000002 40.18035883333334 85.0</gx:coord>

<when>2026-09-24T03:10:54.000Z</when>
<gx:coord>-123.78012366666665 40.17888083333333 91.2</gx:coord>

<when>2026-09-24T03:11:05.000Z</when>
<gx:coord>-123.78133366666667 40.17660266666667 87.6</gx:coord>

<when>2026-09-24T03:11:16.000Z</when>
<gx:coord>-123.78151866666667 40.17392566666667 88.1</gx:coord>

<when>2026-09-24T03:11:27.000Z</when>
<gx:coord>-123.781418 40.17136883333333 94.9</gx:coord>

<when>2026-09-24T03:11:38.000Z</when>
<gx:coord>-123.78143 40.1687405 85.3</gx:coord>

<when>2026-09-24T03:11:49.000Z</when>
<gx:coord>-123.78324283333335 40.166558499999994 82.0</gx:coord>

<when>2026-09-24T03:12:00.000Z</when>
<gx:coord>-123.78542549999999 40.16493766666667 84.6</gx:coord>

<when>2026-09-24T03:12:11.000Z</when>
<gx:coord>-123.78703650000001 40.16302183333333 83.0</gx:coord>

<when>2026-09-24T03:12:22.000Z</when>
<gx:coord>-123.78953750000001 40.161556499999996 86.3</gx:coord>

<when>2026-09-24T03:12:33.000Z</when>
<gx:coord>-123.79163783333334 40.1598315 90.8</gx:coord>

<when>2026-09-24T03:12:44.000Z</when>
<gx:coord>-123.79353333333331 40.15791483333333 93.9</gx:coord>

<when>2026-09-24T03:12:55.000Z</when>
<gx:coord>-123.79535400000002 40.15603983333333 92.3</gx:coord>

<when>2026-09-24T03:13:06.000Z</when>
<gx:coord>-123.79539533333333 40.153564833333334 90.3</gx:coord>

<when>2026-09-24T03:13:17.000Z</when>
<gx:coord>-123.79589716666666 40.1511875 88.2</gx:coord>

<when>2026-09-24T03:13:28.000Z</when>
<gx:coord>-123.79828833333335 40.14946583333334 87.9</gx:coord>

<when>2026-09-24T03:13:39.000Z</when>
<gx:coord>-123.80085716666666 40.147886166666666 91.6</gx:coord>

<when>2026-09-24T03:13:50.000Z</when>
<gx:coord>-123.80308616666667 40.14602683333333 97.4</gx:coord>

<when>2026-09-24T03:14:01.000Z</when>
<gx:coord>-123.80529 40.144094833333334 98.9</gx:coord>

<when>2026-09-24T03:14:12.000Z</when>
<gx:coord>-123.80750966666668 40.14214266666667 102.7</gx:coord>

<when>2026-09-24T03:14:23.000Z</when>
<gx:coord>-123.80899583333333 40.13996933333333 107.3</gx:coord>

<when>2026-09-24T03:14:34.000Z</when>
<gx:coord>-123.8089 40.1377355 125.4</gx:coord>

<when>2026-09-24T03:14:45.000Z</when>
<gx:coord>-123.80796783333332 40.13590833333333 140.0</gx:coord>

<when>2026-09-24T03:14:56.000Z</when>
<gx:coord>-123.8070145 40.13430883333333 152.2</gx:coord>

<when>2026-09-24T03:15:07.000Z</when>
<gx:coord>-123.80571116666667 40.13302416666667 161.7</gx:coord>

<when>2026-09-24T03:15:18.000Z</when>
<gx:coord>-123.80421566666668 40.1319255 171.6</gx:coord>

<when>2026-09-24T03:15:29.000Z</when>
<gx:coord>-123.80284033333334 40.13090066666667 176.3</gx:coord>

<when>2026-09-24T03:15:40.000Z</when>
<gx:coord>-123.80148200000001 40.129873833333335 186.6</gx:coord>

<when>2026-09-24T03:15:51.000Z</when>
<gx:coord>-123.80011333333331 40.12884116666667 198.8</gx:coord>

<when>2026-09-24T03:16:02.000Z</when>
<gx:coord>-123.79896483333332 40.12753333333333 204.6</gx:coord>

<when>2026-09-24T03:16:13.000Z</when>
<gx:coord>-123.79813583333335 40.125795000000004 205.5</gx:coord>

<when>2026-09-24T03:16:24.000Z</when>
<gx:coord>-123.79724483333332 40.12377483333333 197.7</gx:coord>

<when>2026-09-24T03:16:35.000Z</when>
<gx:coord>-123.79624200000002 40.12149466666666 187.6</gx:coord>

<when>2026-09-24T03:16:46.000Z</when>
<gx:coord>-123.79520550000001 40.11912216666666 178.3</gx:coord>

<when>2026-09-24T03:16:57.000Z</when>
<gx:coord>-123.79414866666666 40.116744499999996 170.4</gx:coord>

<when>2026-09-24T03:17:08.000Z</when>
<gx:coord>-123.793096 40.1143085 156.6</gx:coord>

<when>2026-09-24T03:17:19.000Z</when>
<gx:coord>-123.79281983333334 40.1116035 138.3</gx:coord>

<when>2026-09-24T03:17:30.000Z</when>
<gx:coord>-123.79374383333334 40.10900316666667 131.0</gx:coord>

<when>2026-09-24T03:17:41.000Z</when>
<gx:coord>-123.79476916666665 40.10648466666667 134.0</gx:coord>

<when>2026-09-24T03:17:52.000Z</when>
<gx:coord>-123.79578583333333 40.10400166666667 140.1</gx:coord>

<when>2026-09-24T03:18:03.000Z</when>
<gx:coord>-123.79676400000001 40.10149966666667 145.4</gx:coord>

<when>2026-09-24T03:18:14.000Z</when>
<gx:coord>-123.79690983333333 40.09891483333333 152.9</gx:coord>

<when>2026-09-24T03:18:25.000Z</when>
<gx:coord>-123.79593766666667 40.096631499999994 169.7</gx:coord>

<when>2026-09-24T03:18:36.000Z</when>
<gx:coord>-123.79470316666666 40.094788666666666 184.4</gx:coord>

<when>2026-09-24T03:18:47.000Z</when>
<gx:coord>-123.7931485 40.09339166666667 196.3</gx:coord>

<when>2026-09-24T03:18:58.000Z</when>
<gx:coord>-123.79158666666666 40.09209883333333 207.8</gx:coord>

<when>2026-09-24T03:19:09.000Z</when>
<gx:coord>-123.79069016666666 40.0903895 212.8</gx:coord>

<when>2026-09-24T03:19:20.000Z</when>
<gx:coord>-123.79014350000001 40.088392 213.9</gx:coord>

<when>2026-09-24T03:19:31.000Z</when>
<gx:coord>-123.78992283333334 40.086230500000006 217.5</gx:coord>

<when>2026-09-24T03:19:42.000Z</when>
<gx:coord>-123.79036650000002 40.08410066666667 225.8</gx:coord>

<when>2026-09-24T03:19:53.000Z</when>
<gx:coord>-123.79072083333334 40.08191733333333 228.0</gx:coord>

<when>2026-09-24T03:20:04.000Z</when>
<gx:coord>-123.78999083333335 40.07974516666666 218.3</gx:coord>

<when>2026-09-24T03:20:15.000Z</when>
<gx:coord>-123.78968183333333 40.0773795 197.0</gx:coord>

<when>2026-09-24T03:20:26.000Z</when>
<gx:coord>-123.790859 40.074920166666665 177.5</gx:coord>

<when>2026-09-24T03:20:37.000Z</when>
<gx:coord>-123.79087033333332 40.072199 156.1</gx:coord>

<when>2026-09-24T03:20:48.000Z</when>
<gx:coord>-123.7896975 40.069430000000004 132.8</gx:coord>

<when>2026-09-24T03:20:59.000Z</when>
<gx:coord>-123.78808383333332 40.066758 119.5</gx:coord>

<when>2026-09-24T03:21:10.000Z</when>
<gx:coord>-123.78558516666665 40.064914333333334 120.9</gx:coord>

<when>2026-09-24T03:21:21.000Z</when>
<gx:coord>-123.78371200000001 40.063193999999996 120.0</gx:coord>

<when>2026-09-24T03:21:32.000Z</when>
<gx:coord>-123.78338583333334 40.06185366666667 126.7</gx:coord>

<when>2026-09-24T03:21:43.000Z</when>
<gx:coord>-123.78377083333335 40.060680000000005 130.1</gx:coord>

<when>2026-09-24T03:21:54.000Z</when>
<gx:coord>-123.78485766666667 40.05960616666667 139.5</gx:coord>

<when>2026-09-24T03:22:05.000Z</when>
<gx:coord>-123.78640949999999 40.058764 141.6</gx:coord>

<when>2026-09-24T03:22:16.000Z</when>
<gx:coord>-123.78819833333334 40.057808 142.9</gx:coord>

<when>2026-09-24T03:22:27.000Z</when>
<gx:coord>-123.79005133333334 40.05681366666667 144.8</gx:coord>

<when>2026-09-24T03:22:38.000Z</when>
<gx:coord>-123.79160850000001 40.05574516666666 151.7</gx:coord>

<when>2026-09-24T03:22:49.000Z</when>
<gx:coord>-123.79261533333334 40.054356 156.1</gx:coord>

<when>2026-09-24T03:23:00.000Z</when>
<gx:coord>-123.792825 40.05392166666666 154.9</gx:coord>

<when>2026-09-24T03:24:28.000Z</when>
<gx:coord>-123.79289816666666 40.053796166666665 161.3</gx:coord>

<when>2026-09-24T03:24:39.000Z</when>
<gx:coord>-123.79296466666668 40.05364483333334 159.4</gx:coord>

<when>2026-09-24T03:24:50.000Z</when>
<gx:coord>-123.79302700000001 40.0535045 157.3</gx:coord>

<when>2026-09-24T03:25:01.000Z</when>
<gx:coord>-123.79308066666665 40.05335583333333 154.8</gx:coord>

<when>2026-09-24T03:26:40.000Z</when>
<gx:coord>-123.7931125 40.0532055 153.2</gx:coord>

<when>2026-09-24T03:26:51.000Z</when>
<gx:coord>-123.79308950000001 40.05289833333333 153.6</gx:coord>

<when>2026-09-24T03:27:02.000Z</when>
<gx:coord>-123.79308850000001 40.05258466666667 153.6</gx:coord>

<when>2026-09-24T03:27:13.000Z</when>
<gx:coord>-123.79307216666666 40.052249833333335 153.9</gx:coord>

<when>2026-09-24T03:27:24.000Z</when>
<gx:coord>-123.79299566666666 40.051878333333335 153.7</gx:coord>

<when>2026-09-24T03:27:35.000Z</when>
<gx:coord>-123.79287449999998 40.051491166666665 152.6</gx:coord>

<when>2026-09-24T03:40:02.000Z</when>
<gx:coord>-123.78965866666667 40.04853633333333 158.9</gx:coord>

<when>2026-09-24T03:40:13.000Z</when>
<gx:coord>-123.7895645 40.04849866666667 162.6</gx:coord>

<when>2026-09-24T03:42:47.000Z</when>
<gx:coord>-123.78908099999998 40.04838933333333 159.0</gx:coord>

<when>2026-09-24T03:42:58.000Z</when>
<gx:coord>-123.7876335 40.04795766666667 160.1</gx:coord>

<when>2026-09-24T03:43:09.000Z</when>
<gx:coord>-123.7857225 40.047336 162.4</gx:coord>

<when>2026-09-24T03:43:20.000Z</when>
<gx:coord>-123.78383116666667 40.0462685 165.7</gx:coord>

<when>2026-09-24T03:43:31.000Z</when>
<gx:coord>-123.78228116666666 40.0447325 167.2</gx:coord>

<when>2026-09-24T03:43:42.000Z</when>
<gx:coord>-123.780736 40.04281433333333 161.4</gx:coord>

<when>2026-09-24T03:43:53.000Z</when>
<gx:coord>-123.77907216666667 40.040745 153.2</gx:coord>

<when>2026-09-24T03:44:04.000Z</when>
<gx:coord>-123.77741883333334 40.03871316666667 150.4</gx:coord>

<when>2026-09-24T03:44:15.000Z</when>
<gx:coord>-123.7759725 40.036794 146.7</gx:coord>

<when>2026-09-24T03:44:26.000Z</when>
<gx:coord>-123.77581800000002 40.03471583333333 144.7</gx:coord>

<when>2026-09-24T03:44:37.000Z</when>
<gx:coord>-123.77710133333333 40.03294316666667 146.7</gx:coord>

<when>2026-09-24T03:44:48.000Z</when>
<gx:coord>-123.77930816666667 40.0319775 152.6</gx:coord>

<when>2026-09-24T03:44:59.000Z</when>
<gx:coord>-123.78190566666666 40.03211483333334 156.1</gx:coord>

<when>2026-09-24T03:45:10.000Z</when>
<gx:coord>-123.78416800000001 40.033258833333335 158.4</gx:coord>

<when>2026-09-24T03:45:21.000Z</when>
<gx:coord>-123.78601249999998 40.034546666666664 157.5</gx:coord>

<when>2026-09-24T03:45:32.000Z</when>
<gx:coord>-123.78817433333333 40.03537566666667 158.4</gx:coord>

<when>2026-09-24T03:45:43.000Z</when>
<gx:coord>-123.79045849999999 40.035448833333334 154.5</gx:coord>

<when>2026-09-24T03:45:54.000Z</when>
<gx:coord>-123.79225266666666 40.034732500000004 153.8</gx:coord>

<when>2026-09-24T03:46:05.000Z</when>
<gx:coord>-123.79318616666666 40.03370666666667 149.6</gx:coord>

<when>2026-09-24T03:46:16.000Z</when>
<gx:coord>-123.79355166666667 40.03224 147.8</gx:coord>

<when>2026-09-24T03:46:27.000Z</when>
<gx:coord>-123.79381066666669 40.031061333333334 148.8</gx:coord>

<when>2026-09-24T03:46:38.000Z</when>
<gx:coord>-123.79389233333335 40.03036383333333 150.9</gx:coord>

<when>2026-09-24T03:46:49.000Z</when>
<gx:coord>-123.79389699999999 40.03026416666667 154.2</gx:coord>

<when>2026-09-24T03:47:00.000Z</when>
<gx:coord>-123.79388666666667 40.030205333333335 157.7</gx:coord>

<when>2026-09-24T03:47:11.000Z</when>
<gx:coord>-123.79391733333333 40.029856833333334 157.6</gx:coord>

<when>2026-09-24T03:47:22.000Z</when>
<gx:coord>-123.79395333333332 40.028977166666664 152.6</gx:coord>

<when>2026-09-24T03:47:33.000Z</when>
<gx:coord>-123.79380533333332 40.02808883333333 140.0</gx:coord>

<when>2026-09-24T03:47:44.000Z</when>
<gx:coord>-123.79383133333334 40.027239 124.2</gx:coord>

<when>2026-09-24T03:47:55.000Z</when>
<gx:coord>-123.79393233333333 40.026072 103.6</gx:coord>

<when>2026-09-24T03:48:06.000Z</when>
<gx:coord>-123.79420950000001 40.024622666666666 99.0</gx:coord>

<when>2026-09-24T03:48:17.000Z</when>
<gx:coord>-123.79412283333335 40.023224 99.1</gx:coord>

<when>2026-09-24T03:48:28.000Z</when>
<gx:coord>-123.79368333333332 40.022149666666664 102.9</gx:coord>

<when>2026-09-24T03:48:39.000Z</when>
<gx:coord>-123.79322666666667 40.021210833333335 69.2</gx:coord>

<when>2026-09-24T03:48:50.000Z</when>
<gx:coord>-123.7923125 40.02024566666667 63.5</gx:coord>

<when>2026-09-24T03:49:01.000Z</when>
<gx:coord>-123.79171116666666 40.019271333333336 48.0</gx:coord>

<when>2026-09-24T03:49:12.000Z</when>
<gx:coord>-123.791783 40.01819716666667 41.8</gx:coord>

<when>2026-09-24T03:49:23.000Z</when>
<gx:coord>-123.79174733333333 40.01676166666667 59.5</gx:coord>

<when>2026-09-24T03:49:34.000Z</when>
<gx:coord>-123.791945 40.01531966666666 70.8</gx:coord>

<when>2026-09-24T03:49:47.000Z</when>
<gx:coord>-123.79131583333334 40.0134915 89.3</gx:coord>

<when>2026-09-24T03:49:58.000Z</when>
<gx:coord>-123.79121816666665 40.011915 102.1</gx:coord>

<when>2026-09-24T03:50:09.000Z</when>
<gx:coord>-123.79060499999999 40.010365666666665 110.8</gx:coord>

<when>2026-09-24T03:50:20.000Z</when>
<gx:coord>-123.78989166666666 40.00868983333333 129.0</gx:coord>

<when>2026-09-24T03:50:31.000Z</when>
<gx:coord>-123.788686 40.00727866666667 139.7</gx:coord>

<when>2026-09-24T03:50:42.000Z</when>
<gx:coord>-123.78768550000001 40.006036333333334 145.6</gx:coord>

<when>2026-09-24T03:50:53.000Z</when>
<gx:coord>-123.78632683333332 40.00522383333334 152.6</gx:coord>

<when>2026-09-24T03:51:04.000Z</when>
<gx:coord>-123.7843375 40.004727499999994 150.2</gx:coord>

<when>2026-09-24T03:51:15.000Z</when>
<gx:coord>-123.78335433333332 40.00345566666667 148.3</gx:coord>

<when>2026-09-24T03:51:26.000Z</when>
<gx:coord>-123.78334600000001 40.0019975 146.8</gx:coord>

<when>2026-09-24T03:51:37.000Z</when>
<gx:coord>-123.78436549999999 40.00065466666667 146.9</gx:coord>

<when>2026-09-24T03:51:48.000Z</when>
<gx:coord>-123.78578866666666 39.99944333333334 148.6</gx:coord>

<when>2026-09-24T03:51:59.000Z</when>
<gx:coord>-123.78671483333333 39.998714166666666 151.4</gx:coord>

<when>2026-09-24T03:52:10.000Z</when>
<gx:coord>-123.786845 39.99864316666667 152.6</gx:coord>

<when>2026-09-24T03:52:32.000Z</when>
<gx:coord>-123.78704033333334 39.998514666666665 155.5</gx:coord>

<when>2026-09-24T03:52:43.000Z</when>
<gx:coord>-123.78737766666667 39.998279000000004 155.7</gx:coord>

<when>2026-09-24T03:52:54.000Z</when>
<gx:coord>-123.78755600000001 39.99814516666667 155.9</gx:coord>

<when>2026-09-24T03:53:05.000Z</when>
<gx:coord>-123.787704 39.998219666666664 155.4</gx:coord>

<when>2026-09-24T03:53:16.000Z</when>
<gx:coord>-123.78781666666667 39.998403 155.8</gx:coord>

<when>2026-09-24T03:53:27.000Z</when>
<gx:coord>-123.78791833333335 39.99858716666667 156.5</gx:coord>

<when>2026-09-24T03:53:38.000Z</when>
<gx:coord>-123.7880605 39.9987175 157.9</gx:coord>

<when>2026-09-24T03:53:49.000Z</when>
<gx:coord>-123.788166 39.99872666666667 157.6</gx:coord>

<when>2026-09-24T03:54:00.000Z</when>
<gx:coord>-123.78817483333333 39.998814333333335 158.6</gx:coord>

<when>2026-09-24T03:54:11.000Z</when>
<gx:coord>-123.78810916666667 39.998869166666665 159.5</gx:coord>

<when>2026-09-24T03:54:22.000Z</when>
<gx